ts,realized_points,open_units,close_equity_points,intrabar_stress_points,peak_close_points,close_dd_usd,intrabar_dd_usd
2010-06-06,0.000000,0,0.000000,0.000000,0.000000,0.00,0.00
2010-06-07,0.000000,0,0.000000,0.000000,0.000000,0.00,0.00
2010-06-08,0.000000,0,0.000000,0.000000,0.000000,0.00,0.00
2010-06-09,0.000000,0,0.000000,0.000000,0.000000,0.00,0.00
2010-06-10,0.000000,0,0.000000,0.000000,0.000000,0.00,0.00
2010-06-11,0.000000,0,0.000000,0.000000,0.000000,0.00,0.00
2010-06-13,0.000000,0,0.000000,0.000000,0.000000,0.00,0.00
2010-06-14,0.000000,0,0.000000,0.000000,0.000000,0.00,0.00
2010-06-15,0.000000,0,0.000000,0.000000,0.000000,0.00,0.00
2010-06-16,0.000000,0,0.000000,0.000000,0.000000,0.00,0.00
2010-06-17,0.000000,0,0.000000,0.000000,0.000000,0.00,0.00
2010-06-18,0.000000,0,0.000000,0.000000,0.000000,0.00,0.00
2010-06-20,0.000000,0,0.000000,0.000000,0.000000,0.00,0.00
2010-06-21,0.000000,0,0.000000,0.000000,0.000000,0.00,0.00
2010-06-22,0.000000,0,0.000000,0.000000,0.000000,0.00,0.00
2010-06-23,0.000000,0,0.000000,0.000000,0.000000,0.00,0.00
2010-06-24,0.000000,0,0.000000,0.000000,0.000000,0.00,0.00
2010-06-25,0.000000,0,0.000000,0.000000,0.000000,0.00,0.00
2010-06-27,0.000000,0,0.000000,0.000000,0.000000,0.00,0.00
2010-06-28,0.000000,0,0.000000,0.000000,0.000000,0.00,0.00
2010-06-29,0.000000,0,0.000000,0.000000,0.000000,0.00,0.00
2010-06-30,0.000000,0,0.000000,0.000000,0.000000,0.00,0.00
2010-07-01,0.000000,0,0.000000,0.000000,0.000000,0.00,0.00
2010-07-02,0.000000,0,0.000000,0.000000,0.000000,0.00,0.00
2010-07-04,0.000000,0,0.000000,0.000000,0.000000,0.00,0.00
2010-07-05,0.000000,0,0.000000,0.000000,0.000000,0.00,0.00
2010-07-06,0.000000,0,0.000000,0.000000,0.000000,0.00,0.00
2010-07-07,0.000000,0,0.000000,0.000000,0.000000,0.00,0.00
2010-07-08,0.000000,0,0.000000,0.000000,0.000000,0.00,0.00
2010-07-09,0.000000,3,162.000000,-72.000000,162.000000,0.00,-1170.00
2010-07-11,0.000000,3,126.000000,111.000000,162.000000,-180.00,-255.00
2010-07-12,0.000000,3,393.000000,6.000000,393.000000,0.00,-1935.00
2010-07-13,0.000000,3,831.000000,228.000000,831.000000,0.00,-3015.00
2010-07-14,0.000000,3,687.000000,519.000000,831.000000,-720.00,-1560.00
2010-07-15,0.000000,3,702.000000,324.000000,831.000000,-645.00,-2535.00
2010-07-16,0.000000,3,-39.000000,-147.000000,831.000000,-4350.00,-4890.00
2010-07-18,0.000000,3,-87.000000,-141.000000,831.000000,-4590.00,-4860.00
2010-07-19,-90.900000,0,-90.900000,-90.900000,831.000000,-4609.50,-4609.50
2010-07-20,-90.900000,0,-90.900000,-90.900000,831.000000,-4609.50,-4609.50
2010-07-21,-90.900000,3,-447.900000,-606.900000,831.000000,-6394.50,-7189.50
2010-07-22,-90.900000,3,239.100000,-540.900000,831.000000,-2959.50,-6859.50
2010-07-23,-451.800000,3,-178.800000,-631.800000,831.000000,-5049.00,-7314.00
2010-07-25,-451.800000,3,-202.800000,-223.800000,831.000000,-5169.00,-5274.00
2010-07-26,-451.800000,3,13.200000,-268.800000,831.000000,-4089.00,-5499.00
2010-07-27,-451.800000,3,121.200000,-31.800000,831.000000,-3549.00,-4314.00
2010-07-28,-451.800000,3,31.200000,-100.800000,831.000000,-3999.00,-4659.00
2010-07-29,-451.800000,3,-127.800000,-328.800000,831.000000,-4794.00,-5799.00
2010-07-30,-451.800000,3,-43.800000,-478.800000,831.000000,-4374.00,-6549.00
2010-08-01,-451.800000,4,51.200000,-4.800000,831.000000,-3899.00,-4179.00
2010-08-02,-451.800000,4,663.200000,43.200000,831.000000,-839.00,-3939.00
2010-08-03,-451.800000,4,579.200000,403.200000,831.000000,-1259.00,-2139.00
2010-08-04,-451.800000,4,759.200000,407.200000,831.000000,-359.00,-2119.00
2010-08-05,-451.800000,4,735.200000,479.200000,831.000000,-479.00,-1759.00
2010-08-06,-451.800000,4,675.200000,95.200000,831.000000,-779.00,-3679.00
2010-08-08,-451.800000,4,571.200000,563.200000,831.000000,-1299.00,-1339.00
2010-08-09,-451.800000,4,835.200000,567.200000,835.200000,0.00,-1340.00
2010-08-10,-451.800000,4,591.200000,247.200000,835.200000,-1220.00,-2940.00
2010-08-11,-451.800000,4,-644.800000,-796.800000,835.200000,-7400.00,-8160.00
2010-08-12,-451.800000,4,-648.800000,-904.800000,835.200000,-7420.00,-8700.00
2010-08-13,-451.800000,4,-744.800000,-908.800000,835.200000,-7900.00,-8720.00
2010-08-15,-451.800000,5,-783.800000,-833.800000,835.200000,-8095.00,-8345.00
2010-08-16,-451.800000,5,-758.800000,-1158.800000,835.200000,-7970.00,-9970.00
2010-08-17,-451.800000,5,-198.800000,-793.800000,835.200000,-5170.00,-8145.00
2010-08-18,-451.800000,5,-328.800000,-518.800000,835.200000,-5820.00,-6770.00
2010-08-19,-451.800000,5,-833.800000,-1083.800000,835.200000,-8345.00,-9595.00
2010-08-20,-451.800000,5,-1053.800000,-1428.800000,835.200000,-9445.00,-11320.00
2010-08-22,-451.800000,5,-983.800000,-1108.800000,835.200000,-9095.00,-9720.00
2010-08-23,-1060.300000,0,-1060.300000,-1060.300000,835.200000,-9477.50,-9477.50
2010-08-24,-1060.300000,0,-1060.300000,-1060.300000,835.200000,-9477.50,-9477.50
2010-08-25,-1060.300000,0,-1060.300000,-1060.300000,835.200000,-9477.50,-9477.50
2010-08-26,-1060.300000,0,-1060.300000,-1060.300000,835.200000,-9477.50,-9477.50
2010-08-27,-1060.300000,0,-1060.300000,-1060.300000,835.200000,-9477.50,-9477.50
2010-08-29,-1060.300000,0,-1060.300000,-1060.300000,835.200000,-9477.50,-9477.50
2010-08-30,-1060.300000,0,-1060.300000,-1060.300000,835.200000,-9477.50,-9477.50
2010-08-31,-1060.300000,0,-1060.300000,-1060.300000,835.200000,-9477.50,-9477.50
2010-09-01,-1060.300000,0,-1060.300000,-1060.300000,835.200000,-9477.50,-9477.50
2010-09-02,-1060.300000,0,-1060.300000,-1060.300000,835.200000,-9477.50,-9477.50
2010-09-03,-1060.300000,0,-1060.300000,-1060.300000,835.200000,-9477.50,-9477.50
2010-09-05,-1060.300000,0,-1060.300000,-1060.300000,835.200000,-9477.50,-9477.50
2010-09-06,-1060.300000,0,-1060.300000,-1060.300000,835.200000,-9477.50,-9477.50
2010-09-07,-1060.300000,0,-1060.300000,-1060.300000,835.200000,-9477.50,-9477.50
2010-09-08,-1060.300000,0,-1060.300000,-1060.300000,835.200000,-9477.50,-9477.50
2010-09-09,-1060.300000,0,-1060.300000,-1060.300000,835.200000,-9477.50,-9477.50
2010-09-10,-1060.300000,0,-1060.300000,-1060.300000,835.200000,-9477.50,-9477.50
2010-09-12,-1060.300000,0,-1060.300000,-1060.300000,835.200000,-9477.50,-9477.50
2010-09-13,-1060.300000,0,-1060.300000,-1060.300000,835.200000,-9477.50,-9477.50
2010-09-14,-1060.300000,3,-1168.300000,-1210.300000,835.200000,-10017.50,-10227.50
2010-09-15,-1060.300000,3,-982.300000,-1276.300000,835.200000,-9087.50,-10557.50
2010-09-16,-1060.300000,3,-802.300000,-1135.300000,835.200000,-8187.50,-9852.50
2010-09-17,-1060.300000,3,-883.300000,-1000.300000,835.200000,-8592.50,-9177.50
2010-09-19,-1060.300000,3,-934.300000,-952.300000,835.200000,-8847.50,-8937.50
2010-09-20,-1060.300000,3,-469.300000,-934.300000,835.200000,-6522.50,-8847.50
2010-09-21,-1060.300000,3,-412.300000,-580.300000,835.200000,-6237.50,-7077.50
2010-09-22,-1060.300000,3,-445.300000,-571.300000,835.200000,-6402.50,-7032.50
2010-09-23,-1060.300000,3,-718.300000,-772.300000,835.200000,-7767.50,-8037.50
2010-09-24,-1060.300000,3,-148.300000,-715.300000,835.200000,-4917.50,-7752.50
2010-09-26,-1060.300000,4,47.700000,-124.300000,835.200000,-3937.50,-4797.50
2010-09-27,-1060.300000,4,-280.300000,-324.300000,835.200000,-5577.50,-5797.50
2010-09-28,-1060.300000,4,-116.300000,-632.300000,835.200000,-4757.50,-7337.50
2010-09-29,-1060.300000,4,-212.300000,-348.300000,835.200000,-5237.50,-5917.50
2010-09-30,-1060.300000,4,-352.300000,-568.300000,835.200000,-5937.50,-7017.50
2010-10-01,-1060.300000,4,-224.300000,-416.300000,835.200000,-5297.50,-6257.50
2010-10-03,-1060.300000,4,-296.300000,-340.300000,835.200000,-5657.50,-5877.50
2010-10-04,-1060.300000,4,-476.300000,-736.300000,835.200000,-6557.50,-7857.50
2010-10-05,-1060.300000,4,219.700000,-528.300000,835.200000,-3077.50,-6817.50
2010-10-06,-1060.300000,4,295.700000,143.700000,835.200000,-2697.50,-3457.50
2010-10-07,-1060.300000,4,375.700000,51.700000,835.200000,-2297.50,-3917.50
2010-10-08,-1060.300000,4,483.700000,-48.300000,835.200000,-1757.50,-4417.50
2010-10-10,-1060.300000,5,644.700000,514.700000,835.200000,-952.50,-1602.50
2010-10-11,-1060.300000,5,569.700000,364.700000,835.200000,-1327.50,-2352.50
2010-10-12,-1060.300000,5,579.700000,24.700000,835.200000,-1277.50,-4052.50
2010-10-13,-1060.300000,5,984.700000,519.700000,984.700000,0.00,-2325.00
2010-10-14,-1060.300000,5,959.700000,584.700000,984.700000,-125.00,-2000.00
2010-10-15,-1060.300000,5,889.700000,524.700000,984.700000,-475.00,-2300.00
2010-10-17,-1060.300000,5,759.700000,739.700000,984.700000,-1125.00,-1225.00
2010-10-18,-1060.300000,5,869.700000,449.700000,984.700000,-575.00,-2675.00
2010-10-19,-1060.300000,5,309.700000,64.700000,984.700000,-3375.00,-4600.00
2010-10-20,-1060.300000,5,1159.700000,274.700000,1159.700000,0.00,-4425.00
2010-10-21,-1060.300000,5,1174.700000,829.700000,1174.700000,0.00,-1725.00
2010-10-22,-1060.300000,5,1219.700000,1059.700000,1219.700000,0.00,-800.00
2010-10-24,-1060.300000,6,1289.700000,1181.700000,1289.700000,0.00,-540.00
2010-10-25,-1060.300000,6,1331.700000,1283.700000,1331.700000,0.00,-240.00
2010-10-26,-1060.300000,6,1451.700000,887.700000,1451.700000,0.00,-2820.00
2010-10-27,-1060.300000,6,1115.700000,485.700000,1451.700000,-1680.00,-4830.00
2010-10-28,-1060.300000,6,971.700000,677.700000,1451.700000,-2400.00,-3870.00
2010-10-29,-1060.300000,6,1121.700000,641.700000,1451.700000,-1650.00,-4050.00
2010-10-31,-1060.300000,6,1409.700000,1073.700000,1451.700000,-210.00,-1890.00
2010-11-01,-1060.300000,6,1175.700000,719.700000,1451.700000,-1380.00,-3660.00
2010-11-02,-1060.300000,6,1721.700000,1139.700000,1721.700000,0.00,-2910.00
2010-11-03,-1060.300000,6,1727.700000,947.700000,1727.700000,0.00,-3900.00
2010-11-04,-1060.300000,6,2975.700000,1649.700000,2975.700000,0.00,-6630.00
2010-11-05,-1060.300000,6,2927.700000,2741.700000,2975.700000,-240.00,-1170.00
2010-11-07,-1060.300000,7,2940.700000,2814.700000,2975.700000,-175.00,-805.00
2010-11-08,-1060.300000,7,2674.700000,2541.700000,2975.700000,-1505.00,-2170.00
2010-11-09,-1060.300000,7,2478.700000,2163.700000,2975.700000,-2485.00,-4060.00
2010-11-10,-1060.300000,7,2163.700000,1841.700000,2975.700000,-4060.00,-5670.00
2010-11-11,-1060.300000,7,1883.700000,1666.700000,2975.700000,-5460.00,-6545.00
2010-11-12,-1060.300000,7,1316.700000,1036.700000,2975.700000,-8295.00,-9695.00
2010-11-14,-1060.300000,7,1435.700000,1344.700000,2975.700000,-7700.00,-8155.00
2010-11-15,-1060.300000,7,1386.700000,1155.700000,2975.700000,-7945.00,-9100.00
2010-11-16,-1060.300000,7,322.700000,-76.300000,2975.700000,-13265.00,-15260.00
2010-11-17,-1060.300000,7,371.700000,63.700000,2975.700000,-13020.00,-14560.00
2010-11-18,327.600000,0,327.600000,327.600000,2975.700000,-13240.50,-13240.50
2010-11-19,327.600000,0,327.600000,327.600000,2975.700000,-13240.50,-13240.50
2010-11-21,327.600000,0,327.600000,327.600000,2975.700000,-13240.50,-13240.50
2010-11-22,327.600000,0,327.600000,327.600000,2975.700000,-13240.50,-13240.50
2010-11-23,327.600000,0,327.600000,327.600000,2975.700000,-13240.50,-13240.50
2010-11-24,327.600000,0,327.600000,327.600000,2975.700000,-13240.50,-13240.50
2010-11-25,327.600000,0,327.600000,327.600000,2975.700000,-13240.50,-13240.50
2010-11-26,327.600000,0,327.600000,327.600000,2975.700000,-13240.50,-13240.50
2010-11-28,327.600000,0,327.600000,327.600000,2975.700000,-13240.50,-13240.50
2010-11-29,327.600000,0,327.600000,327.600000,2975.700000,-13240.50,-13240.50
2010-11-30,327.600000,0,327.600000,327.600000,2975.700000,-13240.50,-13240.50
2010-12-01,327.600000,0,327.600000,327.600000,2975.700000,-13240.50,-13240.50
2010-12-02,327.600000,0,327.600000,327.600000,2975.700000,-13240.50,-13240.50
2010-12-03,327.600000,3,330.600000,108.600000,2975.700000,-13225.50,-14335.50
2010-12-05,327.600000,3,411.600000,339.600000,2975.700000,-12820.50,-13180.50
2010-12-06,327.600000,3,321.600000,195.600000,2975.700000,-13270.50,-13900.50
2010-12-07,327.600000,3,285.600000,222.600000,2975.700000,-13450.50,-13765.50
2010-12-08,308.700000,0,308.700000,308.700000,2975.700000,-13335.00,-13335.00
2010-12-09,308.700000,3,242.700000,89.700000,2975.700000,-13665.00,-14430.00
2010-12-10,308.700000,3,140.700000,-30.300000,2975.700000,-14175.00,-15030.00
2010-12-12,308.700000,3,74.700000,53.700000,2975.700000,-14505.00,-14610.00
2010-12-13,169.800000,0,169.800000,169.800000,2975.700000,-14029.50,-14029.50
2010-12-14,169.800000,0,169.800000,169.800000,2975.700000,-14029.50,-14029.50
2010-12-15,169.800000,3,142.800000,37.800000,2975.700000,-14164.50,-14689.50
2010-12-16,169.800000,3,235.800000,-10.200000,2975.700000,-13699.50,-14929.50
2010-12-17,169.800000,3,226.800000,100.800000,2975.700000,-13744.50,-14374.50
2010-12-19,169.800000,3,259.800000,247.800000,2975.700000,-13579.50,-13639.50
2010-12-20,169.800000,3,154.800000,70.800000,2975.700000,-14104.50,-14524.50
2010-12-21,169.800000,3,319.800000,148.800000,2975.700000,-13279.50,-14134.50
2010-12-22,169.800000,3,427.800000,310.800000,2975.700000,-12739.50,-13324.50
2010-12-23,169.800000,3,490.800000,373.800000,2975.700000,-12424.50,-13009.50
2010-12-26,169.800000,3,358.800000,301.800000,2975.700000,-13084.50,-13369.50
2010-12-27,169.800000,3,451.800000,295.800000,2975.700000,-12619.50,-13399.50
2010-12-28,169.800000,3,451.800000,346.800000,2975.700000,-12619.50,-13144.50
2010-12-29,169.800000,3,544.800000,448.800000,2975.700000,-12154.50,-12634.50
2010-12-30,169.800000,3,499.800000,409.800000,2975.700000,-12379.50,-12829.50
2010-12-31,169.800000,3,601.800000,337.800000,2975.700000,-11869.50,-13189.50
2011-01-02,169.800000,4,596.800000,560.800000,2975.700000,-11894.50,-12074.50
2011-01-03,169.800000,4,780.800000,564.800000,2975.700000,-10974.50,-12054.50
2011-01-04,169.800000,4,848.800000,692.800000,2975.700000,-10634.50,-11414.50
2011-01-05,169.800000,4,1048.800000,560.800000,2975.700000,-9634.50,-12074.50
2011-01-06,169.800000,4,956.800000,844.800000,2975.700000,-10094.50,-10654.50
2011-01-07,169.800000,4,848.800000,568.800000,2975.700000,-10634.50,-12034.50
2011-01-09,169.800000,4,804.800000,772.800000,2975.700000,-10854.50,-11014.50
2011-01-10,169.800000,4,748.800000,468.800000,2975.700000,-11134.50,-12534.50
2011-01-11,169.800000,4,848.800000,688.800000,2975.700000,-10634.50,-11434.50
2011-01-12,169.800000,4,1200.800000,844.800000,2975.700000,-8874.50,-10654.50
2011-01-13,169.800000,4,1176.800000,972.800000,2975.700000,-8994.50,-10014.50
2011-01-14,169.800000,4,1308.800000,896.800000,2975.700000,-8334.50,-10394.50
2011-01-16,169.800000,5,1273.800000,1273.800000,2975.700000,-8509.50,-8509.50
2011-01-17,169.800000,5,1203.800000,1098.800000,2975.700000,-8859.50,-9384.50
2011-01-18,169.800000,5,1698.800000,1158.800000,2975.700000,-6384.50,-9084.50
2011-01-19,169.800000,5,1543.800000,1403.800000,2975.700000,-7159.50,-7859.50
2011-01-20,169.800000,5,1503.800000,1128.800000,2975.700000,-7359.50,-9234.50
2011-01-21,169.800000,5,1788.800000,1383.800000,2975.700000,-5934.50,-7959.50
2011-01-23,169.800000,5,1733.800000,1688.800000,2975.700000,-6209.50,-6434.50
2011-01-24,169.800000,5,2278.800000,1698.800000,2975.700000,-3484.50,-6384.50
2011-01-25,169.800000,5,2223.800000,1913.800000,2975.700000,-3759.50,-5309.50
2011-01-26,169.800000,5,2338.800000,2213.800000,2975.700000,-3184.50,-3809.50
2011-01-27,169.800000,5,2318.800000,2218.800000,2975.700000,-3284.50,-3784.50
2011-01-28,169.800000,5,1468.800000,1423.800000,2975.700000,-7534.50,-7759.50
2011-01-30,169.800000,6,1202.800000,1046.800000,2975.700000,-8864.50,-9644.50
2011-01-31,169.800000,6,1952.800000,1178.800000,2975.700000,-5114.50,-8984.50
2011-02-01,169.800000,6,2744.800000,1934.800000,2975.700000,-1154.50,-5204.50
2011-02-02,169.800000,6,2834.800000,2582.800000,2975.700000,-704.50,-1964.50
2011-02-03,169.800000,6,3020.800000,2504.800000,3020.800000,0.00,-2580.00
2011-02-04,169.800000,6,3194.800000,2786.800000,3194.800000,0.00,-2040.00
2011-02-06,169.800000,6,3134.800000,3116.800000,3194.800000,-300.00,-390.00
2011-02-07,169.800000,6,3578.800000,3116.800000,3578.800000,0.00,-2310.00
2011-02-08,169.800000,6,4094.800000,3518.800000,4094.800000,0.00,-2880.00
2011-02-09,169.800000,6,4094.800000,3824.800000,4094.800000,0.00,-1350.00
2011-02-10,169.800000,6,3896.800000,3632.800000,4094.800000,-990.00,-2310.00
2011-02-11,169.800000,6,4364.800000,3686.800000,4364.800000,0.00,-3390.00
2011-02-13,169.800000,7,4400.800000,4288.800000,4400.800000,0.00,-560.00
2011-02-14,169.800000,7,4155.800000,4085.800000,4400.800000,-1225.00,-1575.00
2011-02-15,169.800000,7,4106.800000,3833.800000,4400.800000,-1470.00,-2835.00
2011-02-16,169.800000,7,4414.800000,4085.800000,4414.800000,0.00,-1645.00
2011-02-17,169.800000,7,4673.800000,4232.800000,4673.800000,0.00,-2205.00
2011-02-18,169.800000,7,5317.800000,4568.800000,5317.800000,0.00,-3745.00
2011-02-20,169.800000,7,5212.800000,5205.800000,5317.800000,-525.00,-560.00
2011-02-21,169.800000,7,4631.800000,4610.800000,5317.800000,-3430.00,-3535.00
2011-02-22,169.800000,7,3994.800000,3763.800000,5317.800000,-6615.00,-7770.00
2011-02-23,169.800000,7,3462.800000,2979.800000,5317.800000,-9275.00,-11690.00
2011-02-24,169.800000,7,3126.800000,2412.800000,5317.800000,-10955.00,-14525.00
2011-02-25,3460.700000,0,3460.700000,3460.700000,5317.800000,-9285.50,-9285.50
2011-02-27,3460.700000,0,3460.700000,3460.700000,5317.800000,-9285.50,-9285.50
2011-02-28,3460.700000,0,3460.700000,3460.700000,5317.800000,-9285.50,-9285.50
2011-03-01,3460.700000,0,3460.700000,3460.700000,5317.800000,-9285.50,-9285.50
2011-03-02,3460.700000,0,3460.700000,3460.700000,5317.800000,-9285.50,-9285.50
2011-03-03,3460.700000,0,3460.700000,3460.700000,5317.800000,-9285.50,-9285.50
2011-03-04,3460.700000,0,3460.700000,3460.700000,5317.800000,-9285.50,-9285.50
2011-03-06,3460.700000,0,3460.700000,3460.700000,5317.800000,-9285.50,-9285.50
2011-03-07,3460.700000,0,3460.700000,3460.700000,5317.800000,-9285.50,-9285.50
2011-03-08,3460.700000,0,3460.700000,3460.700000,5317.800000,-9285.50,-9285.50
2011-03-09,3460.700000,0,3460.700000,3460.700000,5317.800000,-9285.50,-9285.50
2011-03-10,3460.700000,0,3460.700000,3460.700000,5317.800000,-9285.50,-9285.50
2011-03-11,3460.700000,0,3460.700000,3460.700000,5317.800000,-9285.50,-9285.50
2011-03-13,3460.700000,0,3460.700000,3460.700000,5317.800000,-9285.50,-9285.50
2011-03-14,3460.700000,0,3460.700000,3460.700000,5317.800000,-9285.50,-9285.50
2011-03-15,3460.700000,0,3460.700000,3460.700000,5317.800000,-9285.50,-9285.50
2011-03-16,3460.700000,0,3460.700000,3460.700000,5317.800000,-9285.50,-9285.50
2011-03-17,3460.700000,0,3460.700000,3460.700000,5317.800000,-9285.50,-9285.50
2011-03-18,3460.700000,0,3460.700000,3460.700000,5317.800000,-9285.50,-9285.50
2011-03-20,3460.700000,0,3460.700000,3460.700000,5317.800000,-9285.50,-9285.50
2011-03-21,3460.700000,0,3460.700000,3460.700000,5317.800000,-9285.50,-9285.50
2011-03-22,3460.700000,0,3460.700000,3460.700000,5317.800000,-9285.50,-9285.50
2011-03-23,3460.700000,0,3460.700000,3460.700000,5317.800000,-9285.50,-9285.50
2011-03-24,3460.700000,0,3460.700000,3460.700000,5317.800000,-9285.50,-9285.50
2011-03-25,3460.700000,0,3460.700000,3460.700000,5317.800000,-9285.50,-9285.50
2011-03-27,3460.700000,3,3484.700000,3397.700000,5317.800000,-9165.50,-9600.50
2011-03-28,3460.700000,3,3283.700000,3271.700000,5317.800000,-10170.50,-10230.50
2011-03-29,3460.700000,3,3604.700000,3280.700000,5317.800000,-8565.50,-10185.50
2011-03-30,3279.800000,3,3459.800000,3258.800000,5317.800000,-9290.00,-10295.00
2011-03-31,3279.800000,3,3447.800000,3390.800000,5317.800000,-9350.00,-9635.00
2011-04-01,3279.800000,3,3558.800000,3405.800000,5317.800000,-8795.00,-9560.00
2011-04-03,3279.800000,3,3552.800000,3528.800000,5317.800000,-8825.00,-8945.00
2011-04-04,3279.800000,3,3639.800000,3474.800000,5317.800000,-8390.00,-9215.00
2011-04-05,3279.800000,3,3621.800000,3480.800000,5317.800000,-8480.00,-9185.00
2011-04-06,3279.800000,3,3687.800000,3600.800000,5317.800000,-8150.00,-8585.00
2011-04-07,3279.800000,3,3678.800000,3435.800000,5317.800000,-8195.00,-9410.00
2011-04-08,3279.800000,3,3600.800000,3414.800000,5317.800000,-8585.00,-9515.00
2011-04-10,3279.800000,4,3744.800000,3632.800000,5317.800000,-7865.00,-8425.00
2011-04-11,3279.800000,4,3492.800000,3464.800000,5317.800000,-9125.00,-9265.00
2011-04-12,3279.800000,4,3172.800000,2984.800000,5317.800000,-10725.00,-11665.00
2011-04-13,3279.800000,4,3048.800000,2948.800000,5317.800000,-11345.00,-11845.00
2011-04-14,3279.800000,4,3268.800000,2708.800000,5317.800000,-10245.00,-13045.00
2011-04-15,3279.800000,4,3492.800000,3020.800000,5317.800000,-9125.00,-11485.00
2011-04-17,3279.800000,4,3432.800000,3412.800000,5317.800000,-9425.00,-9525.00
2011-04-18,3279.800000,4,2764.800000,2420.800000,5317.800000,-12765.00,-14485.00
2011-04-19,3279.800000,4,3256.800000,2636.800000,5317.800000,-10305.00,-13405.00
2011-04-20,2751.600000,3,3351.600000,2718.600000,5317.800000,-9831.00,-12996.00
2011-04-21,2751.600000,3,3321.600000,3183.600000,5317.800000,-9981.00,-10671.00
2011-04-24,2751.600000,3,3360.600000,3288.600000,5317.800000,-9786.00,-10146.00
2011-04-25,2751.600000,3,3342.600000,3186.600000,5317.800000,-9876.00,-10656.00
2011-04-26,2751.600000,3,3645.600000,3207.600000,5317.800000,-8361.00,-10551.00
2011-04-27,2751.600000,3,3936.600000,3597.600000,5317.800000,-6906.00,-8601.00
2011-04-28,2751.600000,3,4143.600000,3843.600000,5317.800000,-5871.00,-7371.00
2011-04-29,2751.600000,3,4398.600000,4080.600000,5317.800000,-4596.00,-6186.00
2011-05-01,2751.600000,3,4380.600000,4341.600000,5317.800000,-4686.00,-4881.00
2011-05-02,2751.600000,3,4278.600000,4212.600000,5317.800000,-5196.00,-5526.00
2011-05-03,2751.600000,3,4251.600000,4107.600000,5317.800000,-5331.00,-6051.00
2011-05-04,2751.600000,3,4074.600000,3879.600000,5317.800000,-6216.00,-7191.00
2011-05-05,2751.600000,3,3681.600000,3417.600000,5317.800000,-8181.00,-9501.00
2011-05-06,2751.600000,3,3726.600000,3663.600000,5317.800000,-7956.00,-8271.00
2011-05-08,2751.600000,4,3953.600000,3773.600000,5317.800000,-6821.00,-7721.00
2011-05-09,2751.600000,4,3997.600000,3717.600000,5317.800000,-6601.00,-8001.00
2011-05-10,2751.600000,4,4305.600000,3833.600000,5317.800000,-5061.00,-7421.00
2011-05-11,2751.600000,4,3725.600000,3597.600000,5317.800000,-7961.00,-8601.00
2011-05-12,2751.600000,4,4121.600000,3445.600000,5317.800000,-5981.00,-9361.00
2011-05-13,2751.600000,4,3661.600000,3457.600000,5317.800000,-8281.00,-9301.00
2011-05-15,2751.600000,4,3457.600000,3385.600000,5317.800000,-9301.00,-9661.00
2011-05-16,2751.600000,4,3341.600000,3309.600000,5317.800000,-9881.00,-10041.00
2011-05-17,2751.600000,4,3253.600000,2829.600000,5317.800000,-10321.00,-12441.00
2011-05-18,2751.600000,4,3597.600000,3117.600000,5317.800000,-8601.00,-11001.00
2011-05-19,3248.400000,0,3248.400000,3248.400000,5317.800000,-10347.00,-10347.00
2011-05-20,3248.400000,0,3248.400000,3248.400000,5317.800000,-10347.00,-10347.00
2011-05-22,3248.400000,0,3248.400000,3248.400000,5317.800000,-10347.00,-10347.00
2011-05-23,3248.400000,0,3248.400000,3248.400000,5317.800000,-10347.00,-10347.00
2011-05-24,3248.400000,0,3248.400000,3248.400000,5317.800000,-10347.00,-10347.00
2011-05-25,3248.400000,0,3248.400000,3248.400000,5317.800000,-10347.00,-10347.00
2011-05-26,3248.400000,0,3248.400000,3248.400000,5317.800000,-10347.00,-10347.00
2011-05-27,3248.400000,0,3248.400000,3248.400000,5317.800000,-10347.00,-10347.00
2011-05-29,3248.400000,0,3248.400000,3248.400000,5317.800000,-10347.00,-10347.00
2011-05-30,3248.400000,0,3248.400000,3248.400000,5317.800000,-10347.00,-10347.00
2011-05-31,3248.400000,0,3248.400000,3248.400000,5317.800000,-10347.00,-10347.00
2011-06-01,3248.400000,0,3248.400000,3248.400000,5317.800000,-10347.00,-10347.00
2011-06-02,3248.400000,0,3248.400000,3248.400000,5317.800000,-10347.00,-10347.00
2011-06-03,3248.400000,0,3248.400000,3248.400000,5317.800000,-10347.00,-10347.00
2011-06-05,3248.400000,0,3248.400000,3248.400000,5317.800000,-10347.00,-10347.00
2011-06-06,3248.400000,0,3248.400000,3248.400000,5317.800000,-10347.00,-10347.00
2011-06-07,3248.400000,0,3248.400000,3248.400000,5317.800000,-10347.00,-10347.00
2011-06-08,3248.400000,0,3248.400000,3248.400000,5317.800000,-10347.00,-10347.00
2011-06-09,3248.400000,0,3248.400000,3248.400000,5317.800000,-10347.00,-10347.00
2011-06-10,3248.400000,0,3248.400000,3248.400000,5317.800000,-10347.00,-10347.00
2011-06-12,3248.400000,0,3248.400000,3248.400000,5317.800000,-10347.00,-10347.00
2011-06-13,3248.400000,0,3248.400000,3248.400000,5317.800000,-10347.00,-10347.00
2011-06-14,3248.400000,0,3248.400000,3248.400000,5317.800000,-10347.00,-10347.00
2011-06-15,3248.400000,0,3248.400000,3248.400000,5317.800000,-10347.00,-10347.00
2011-06-16,3248.400000,0,3248.400000,3248.400000,5317.800000,-10347.00,-10347.00
2011-06-17,3248.400000,0,3248.400000,3248.400000,5317.800000,-10347.00,-10347.00
2011-06-19,3248.400000,0,3248.400000,3248.400000,5317.800000,-10347.00,-10347.00
2011-06-20,3248.400000,0,3248.400000,3248.400000,5317.800000,-10347.00,-10347.00
2011-06-21,3248.400000,0,3248.400000,3248.400000,5317.800000,-10347.00,-10347.00
2011-06-22,3248.400000,0,3248.400000,3248.400000,5317.800000,-10347.00,-10347.00
2011-06-23,3248.400000,0,3248.400000,3248.400000,5317.800000,-10347.00,-10347.00
2011-06-24,3248.400000,0,3248.400000,3248.400000,5317.800000,-10347.00,-10347.00
2011-06-26,3248.400000,0,3248.400000,3248.400000,5317.800000,-10347.00,-10347.00
2011-06-27,3248.400000,0,3248.400000,3248.400000,5317.800000,-10347.00,-10347.00
2011-06-28,3248.400000,0,3248.400000,3248.400000,5317.800000,-10347.00,-10347.00
2011-06-29,3248.400000,0,3248.400000,3248.400000,5317.800000,-10347.00,-10347.00
2011-06-30,3248.400000,0,3248.400000,3248.400000,5317.800000,-10347.00,-10347.00
2011-07-01,3248.400000,3,3773.400000,3215.400000,5317.800000,-7722.00,-10512.00
2011-07-03,3248.400000,3,3773.400000,3728.400000,5317.800000,-7722.00,-7947.00
2011-07-04,3248.400000,3,3860.400000,3671.400000,5317.800000,-7287.00,-8232.00
2011-07-05,3248.400000,3,3791.400000,3653.400000,5317.800000,-7632.00,-8322.00
2011-07-06,3248.400000,3,4007.400000,3659.400000,5317.800000,-6552.00,-8292.00
2011-07-07,3248.400000,3,4250.400000,3971.400000,5317.800000,-5337.00,-6732.00
2011-07-08,3248.400000,3,4073.400000,3755.400000,5317.800000,-6222.00,-7812.00
2011-07-10,3248.400000,4,3870.400000,3790.400000,5317.800000,-7237.00,-7637.00
2011-07-11,3248.400000,4,3518.400000,3282.400000,5317.800000,-8997.00,-10177.00
2011-07-12,3248.400000,4,3262.400000,2902.400000,5317.800000,-10277.00,-12077.00
2011-07-13,3248.400000,4,3210.400000,2970.400000,5317.800000,-10537.00,-11737.00
2011-07-14,3248.400000,4,3078.400000,2942.400000,5317.800000,-11197.00,-11877.00
2011-07-15,3248.400000,4,3434.400000,3022.400000,5317.800000,-9417.00,-11477.00
2011-07-17,3248.400000,4,3318.400000,3294.400000,5317.800000,-9997.00,-10117.00
2011-07-18,3248.400000,4,3030.400000,2582.400000,5317.800000,-11437.00,-13677.00
2011-07-19,3248.400000,4,3754.400000,3010.400000,5317.800000,-7817.00,-11537.00
2011-07-20,3248.400000,4,3770.400000,3490.400000,5317.800000,-7737.00,-9137.00
2011-07-21,3248.400000,4,4418.400000,3482.400000,5317.800000,-4497.00,-9177.00
2011-07-22,3248.400000,4,4106.400000,3994.400000,5317.800000,-6057.00,-6617.00
2011-07-24,3248.400000,5,3689.400000,3254.400000,5317.800000,-8142.00,-10317.00
2011-07-25,3248.400000,5,3769.400000,3489.400000,5317.800000,-7742.00,-9142.00
2011-07-26,3248.400000,5,3284.400000,3204.400000,5317.800000,-10167.00,-10567.00
2011-07-27,3248.400000,5,2294.400000,2249.400000,5317.800000,-15117.00,-15342.00
2011-07-28,3248.400000,5,2039.400000,1864.400000,5317.800000,-16392.00,-17267.00
2011-07-29,2287.900000,0,2287.900000,2287.900000,5317.800000,-15149.50,-15149.50
2011-07-31,2287.900000,0,2287.900000,2287.900000,5317.800000,-15149.50,-15149.50
2011-08-01,2287.900000,0,2287.900000,2287.900000,5317.800000,-15149.50,-15149.50
2011-08-02,2287.900000,0,2287.900000,2287.900000,5317.800000,-15149.50,-15149.50
2011-08-03,2287.900000,0,2287.900000,2287.900000,5317.800000,-15149.50,-15149.50
2011-08-04,2287.900000,0,2287.900000,2287.900000,5317.800000,-15149.50,-15149.50
2011-08-05,2287.900000,0,2287.900000,2287.900000,5317.800000,-15149.50,-15149.50
2011-08-07,2287.900000,0,2287.900000,2287.900000,5317.800000,-15149.50,-15149.50
2011-08-08,2287.900000,0,2287.900000,2287.900000,5317.800000,-15149.50,-15149.50
2011-08-09,2287.900000,0,2287.900000,2287.900000,5317.800000,-15149.50,-15149.50
2011-08-10,2287.900000,0,2287.900000,2287.900000,5317.800000,-15149.50,-15149.50
2011-08-11,2287.900000,0,2287.900000,2287.900000,5317.800000,-15149.50,-15149.50
2011-08-12,2287.900000,0,2287.900000,2287.900000,5317.800000,-15149.50,-15149.50
2011-08-14,2287.900000,0,2287.900000,2287.900000,5317.800000,-15149.50,-15149.50
2011-08-15,2287.900000,0,2287.900000,2287.900000,5317.800000,-15149.50,-15149.50
2011-08-16,2287.900000,0,2287.900000,2287.900000,5317.800000,-15149.50,-15149.50
2011-08-17,2287.900000,0,2287.900000,2287.900000,5317.800000,-15149.50,-15149.50
2011-08-18,2287.900000,0,2287.900000,2287.900000,5317.800000,-15149.50,-15149.50
2011-08-19,2287.900000,0,2287.900000,2287.900000,5317.800000,-15149.50,-15149.50
2011-08-21,2287.900000,0,2287.900000,2287.900000,5317.800000,-15149.50,-15149.50
2011-08-22,2287.900000,0,2287.900000,2287.900000,5317.800000,-15149.50,-15149.50
2011-08-23,2287.900000,0,2287.900000,2287.900000,5317.800000,-15149.50,-15149.50
2011-08-24,2287.900000,0,2287.900000,2287.900000,5317.800000,-15149.50,-15149.50
2011-08-25,2287.900000,0,2287.900000,2287.900000,5317.800000,-15149.50,-15149.50
2011-08-26,2287.900000,0,2287.900000,2287.900000,5317.800000,-15149.50,-15149.50
2011-08-28,2287.900000,0,2287.900000,2287.900000,5317.800000,-15149.50,-15149.50
2011-08-29,2287.900000,0,2287.900000,2287.900000,5317.800000,-15149.50,-15149.50
2011-08-30,2287.900000,0,2287.900000,2287.900000,5317.800000,-15149.50,-15149.50
2011-08-31,2287.900000,0,2287.900000,2287.900000,5317.800000,-15149.50,-15149.50
2011-09-01,2287.900000,0,2287.900000,2287.900000,5317.800000,-15149.50,-15149.50
2011-09-02,2287.900000,0,2287.900000,2287.900000,5317.800000,-15149.50,-15149.50
2011-09-04,2287.900000,0,2287.900000,2287.900000,5317.800000,-15149.50,-15149.50
2011-09-05,2287.900000,0,2287.900000,2287.900000,5317.800000,-15149.50,-15149.50
2011-09-06,2287.900000,0,2287.900000,2287.900000,5317.800000,-15149.50,-15149.50
2011-09-07,2287.900000,0,2287.900000,2287.900000,5317.800000,-15149.50,-15149.50
2011-09-08,2287.900000,0,2287.900000,2287.900000,5317.800000,-15149.50,-15149.50
2011-09-09,2287.900000,0,2287.900000,2287.900000,5317.800000,-15149.50,-15149.50
2011-09-11,2287.900000,0,2287.900000,2287.900000,5317.800000,-15149.50,-15149.50
2011-09-12,2287.900000,0,2287.900000,2287.900000,5317.800000,-15149.50,-15149.50
2011-09-13,2287.900000,0,2287.900000,2287.900000,5317.800000,-15149.50,-15149.50
2011-09-14,2287.900000,0,2287.900000,2287.900000,5317.800000,-15149.50,-15149.50
2011-09-15,2287.900000,0,2287.900000,2287.900000,5317.800000,-15149.50,-15149.50
2011-09-16,2287.900000,0,2287.900000,2287.900000,5317.800000,-15149.50,-15149.50
2011-09-18,2287.900000,0,2287.900000,2287.900000,5317.800000,-15149.50,-15149.50
2011-09-19,2287.900000,0,2287.900000,2287.900000,5317.800000,-15149.50,-15149.50
2011-09-20,2287.900000,0,2287.900000,2287.900000,5317.800000,-15149.50,-15149.50
2011-09-21,2287.900000,0,2287.900000,2287.900000,5317.800000,-15149.50,-15149.50
2011-09-22,2287.900000,0,2287.900000,2287.900000,5317.800000,-15149.50,-15149.50
2011-09-23,2287.900000,0,2287.900000,2287.900000,5317.800000,-15149.50,-15149.50
2011-09-25,2287.900000,0,2287.900000,2287.900000,5317.800000,-15149.50,-15149.50
2011-09-26,2287.900000,0,2287.900000,2287.900000,5317.800000,-15149.50,-15149.50
2011-09-27,2287.900000,0,2287.900000,2287.900000,5317.800000,-15149.50,-15149.50
2011-09-28,2287.900000,0,2287.900000,2287.900000,5317.800000,-15149.50,-15149.50
2011-09-29,2287.900000,0,2287.900000,2287.900000,5317.800000,-15149.50,-15149.50
2011-09-30,2287.900000,0,2287.900000,2287.900000,5317.800000,-15149.50,-15149.50
2011-10-02,2287.900000,0,2287.900000,2287.900000,5317.800000,-15149.50,-15149.50
2011-10-03,2287.900000,0,2287.900000,2287.900000,5317.800000,-15149.50,-15149.50
2011-10-04,2287.900000,0,2287.900000,2287.900000,5317.800000,-15149.50,-15149.50
2011-10-05,2287.900000,0,2287.900000,2287.900000,5317.800000,-15149.50,-15149.50
2011-10-06,2287.900000,0,2287.900000,2287.900000,5317.800000,-15149.50,-15149.50
2011-10-07,2287.900000,0,2287.900000,2287.900000,5317.800000,-15149.50,-15149.50
2011-10-09,2287.900000,0,2287.900000,2287.900000,5317.800000,-15149.50,-15149.50
2011-10-10,2287.900000,0,2287.900000,2287.900000,5317.800000,-15149.50,-15149.50
2011-10-11,2287.900000,0,2287.900000,2287.900000,5317.800000,-15149.50,-15149.50
2011-10-12,2287.900000,0,2287.900000,2287.900000,5317.800000,-15149.50,-15149.50
2011-10-13,2287.900000,0,2287.900000,2287.900000,5317.800000,-15149.50,-15149.50
2011-10-14,2287.900000,0,2287.900000,2287.900000,5317.800000,-15149.50,-15149.50
2011-10-16,2287.900000,3,2368.900000,2284.900000,5317.800000,-14744.50,-15164.50
2011-10-17,2287.900000,3,1417.900000,1321.900000,5317.800000,-19499.50,-19979.50
2011-10-18,2287.900000,3,2068.900000,1264.900000,5317.800000,-16244.50,-20264.50
2011-10-19,1414.000000,0,1414.000000,1414.000000,5317.800000,-19519.00,-19519.00
2011-10-20,1414.000000,0,1414.000000,1414.000000,5317.800000,-19519.00,-19519.00
2011-10-21,1414.000000,0,1414.000000,1414.000000,5317.800000,-19519.00,-19519.00
2011-10-23,1414.000000,3,1519.000000,1321.000000,5317.800000,-18994.00,-19984.00
2011-10-24,1414.000000,3,1714.000000,1405.000000,5317.800000,-18019.00,-19564.00
2011-10-25,1414.000000,3,1237.000000,1129.000000,5317.800000,-20404.00,-20944.00
2011-10-26,1414.000000,3,1729.000000,1156.000000,5317.800000,-17944.00,-20809.00
2011-10-27,1414.000000,3,2785.000000,1678.000000,5317.800000,-12664.00,-18199.00
2011-10-28,1414.000000,3,2785.000000,2536.000000,5317.800000,-12664.00,-13909.00
2011-10-30,1414.000000,3,2596.000000,2584.000000,5317.800000,-13609.00,-13669.00
2011-10-31,1414.000000,3,1906.000000,1840.000000,5317.800000,-17059.00,-17389.00
2011-11-01,1414.000000,3,1180.000000,970.000000,5317.800000,-20689.00,-21739.00
2011-11-02,1414.000000,3,1363.000000,1150.000000,5317.800000,-19774.00,-20839.00
2011-11-03,1414.000000,3,2194.000000,1036.000000,5317.800000,-15619.00,-21409.00
2011-11-04,1414.000000,3,2095.000000,1630.000000,5317.800000,-16114.00,-18439.00
2011-11-06,1414.000000,4,2173.000000,2109.000000,5317.800000,-15724.00,-16044.00
2011-11-07,1414.000000,4,2349.000000,1445.000000,5317.800000,-14844.00,-19364.00
2011-11-08,1414.000000,4,2769.000000,2061.000000,5317.800000,-12744.00,-16284.00
2011-11-09,1414.000000,4,1133.000000,1053.000000,5317.800000,-20924.00,-21324.00
2011-11-10,1414.000000,4,1717.000000,945.000000,5317.800000,-18004.00,-21864.00
2011-11-11,1414.000000,4,2761.000000,1593.000000,5317.800000,-12784.00,-18624.00
2011-11-13,1414.000000,4,3041.000000,2817.000000,5317.800000,-11384.00,-12504.00
2011-11-14,1414.000000,4,2525.000000,2241.000000,5317.800000,-13964.00,-15384.00
2011-11-15,1414.000000,4,2413.000000,1965.000000,5317.800000,-14524.00,-16764.00
2011-11-16,1414.000000,4,1665.000000,1581.000000,5317.800000,-18264.00,-18684.00
2011-11-17,1414.000000,4,1145.000000,873.000000,5317.800000,-20864.00,-22224.00
2011-11-18,1414.000000,4,1369.000000,1085.000000,5317.800000,-19744.00,-21164.00
2011-11-20,1414.000000,5,1129.000000,669.000000,5317.800000,-20944.00,-23244.00
2011-11-21,1414.000000,5,84.000000,-321.000000,5317.800000,-26169.00,-28194.00
2011-11-22,1414.000000,5,-116.000000,-396.000000,5317.800000,-27169.00,-28569.00
2011-11-23,82.500000,0,82.500000,82.500000,5317.800000,-26176.50,-26176.50
2011-11-24,82.500000,0,82.500000,82.500000,5317.800000,-26176.50,-26176.50
2011-11-25,82.500000,0,82.500000,82.500000,5317.800000,-26176.50,-26176.50
2011-11-27,82.500000,0,82.500000,82.500000,5317.800000,-26176.50,-26176.50
2011-11-28,82.500000,0,82.500000,82.500000,5317.800000,-26176.50,-26176.50
2011-11-29,82.500000,0,82.500000,82.500000,5317.800000,-26176.50,-26176.50
2011-11-30,82.500000,0,82.500000,82.500000,5317.800000,-26176.50,-26176.50
2011-12-01,82.500000,3,70.500000,-58.500000,5317.800000,-26236.50,-26881.50
2011-12-02,82.500000,3,61.500000,43.500000,5317.800000,-26281.50,-26371.50
2011-12-04,82.500000,3,280.500000,163.500000,5317.800000,-25186.50,-25771.50
2011-12-05,159.600000,3,105.600000,-17.400000,5317.800000,-26061.00,-26676.00
2011-12-06,159.600000,3,351.600000,-71.400000,5317.800000,-24831.00,-26946.00
2011-12-07,159.600000,3,576.600000,93.600000,5317.800000,-23706.00,-26121.00
2011-12-08,159.600000,3,-32.400000,-197.400000,5317.800000,-26751.00,-27576.00
2011-12-09,159.600000,3,372.600000,-398.400000,5317.800000,-24726.00,-28581.00
2011-12-11,159.600000,3,315.600000,261.600000,5317.800000,-25011.00,-25281.00
2011-12-12,159.600000,3,-221.400000,-476.400000,5317.800000,-27696.00,-28971.00
2011-12-13,159.600000,3,-386.400000,-581.400000,5317.800000,-28521.00,-29496.00
2011-12-14,-222.300000,0,-222.300000,-222.300000,5317.800000,-27700.50,-27700.50
2011-12-15,-222.300000,0,-222.300000,-222.300000,5317.800000,-27700.50,-27700.50
2011-12-16,-222.300000,0,-222.300000,-222.300000,5317.800000,-27700.50,-27700.50
2011-12-18,-222.300000,0,-222.300000,-222.300000,5317.800000,-27700.50,-27700.50
2011-12-19,-222.300000,0,-222.300000,-222.300000,5317.800000,-27700.50,-27700.50
2011-12-20,-222.300000,0,-222.300000,-222.300000,5317.800000,-27700.50,-27700.50
2011-12-21,-222.300000,3,-237.300000,-546.300000,5317.800000,-27775.50,-29320.50
2011-12-22,-222.300000,3,104.700000,-348.300000,5317.800000,-26065.50,-28330.50
2011-12-23,-222.300000,3,326.700000,-9.300000,5317.800000,-24955.50,-26635.50
2011-12-27,-222.300000,3,278.700000,230.700000,5317.800000,-25195.50,-25435.50
2011-12-28,-222.300000,3,-18.300000,-126.300000,5317.800000,-26680.50,-27220.50
2011-12-29,-222.300000,3,323.700000,-90.300000,5317.800000,-24970.50,-27040.50
2011-12-30,-222.300000,3,119.700000,71.700000,5317.800000,-25990.50,-26230.50
2012-01-03,-222.300000,4,684.700000,604.700000,5317.800000,-23165.50,-23565.50
2012-01-04,-222.300000,4,712.700000,408.700000,5317.800000,-23025.50,-24545.50
2012-01-05,-222.300000,4,672.700000,192.700000,5317.800000,-23225.50,-25625.50
2012-01-06,-222.300000,4,560.700000,404.700000,5317.800000,-23785.50,-24565.50
2012-01-08,-222.300000,4,392.700000,332.700000,5317.800000,-24625.50,-24925.50
2012-01-09,-222.300000,4,708.700000,324.700000,5317.800000,-23045.50,-24965.50
2012-01-10,-222.300000,4,824.700000,696.700000,5317.800000,-22465.50,-23105.50
2012-01-11,-222.300000,4,860.700000,668.700000,5317.800000,-22285.50,-23245.50
2012-01-12,-222.300000,4,976.700000,608.700000,5317.800000,-21705.50,-23545.50
2012-01-13,-222.300000,4,880.700000,308.700000,5317.800000,-22185.50,-25045.50
2012-01-15,-222.300000,5,810.700000,715.700000,5317.800000,-22535.50,-23010.50
2012-01-16,-222.300000,5,1015.700000,600.700000,5317.800000,-21510.50,-23585.50
2012-01-17,-222.300000,5,1140.700000,975.700000,5317.800000,-20885.50,-21710.50
2012-01-18,-222.300000,5,1520.700000,950.700000,5317.800000,-18985.50,-21835.50
2012-01-19,-222.300000,5,1890.700000,1395.700000,5317.800000,-17135.50,-19610.50
2012-01-20,-222.300000,5,2260.700000,1730.700000,5317.800000,-15285.50,-17935.50
2012-01-22,-222.300000,5,2095.700000,2065.700000,5317.800000,-16110.50,-16260.50
2012-01-23,-222.300000,5,2210.700000,2020.700000,5317.800000,-15535.50,-16485.50
2012-01-24,-222.300000,5,2185.700000,1770.700000,5317.800000,-15660.50,-17735.50
2012-01-25,-222.300000,5,2350.700000,1575.700000,5317.800000,-14835.50,-18710.50
2012-01-26,-222.300000,5,2345.700000,2160.700000,5317.800000,-14860.50,-15785.50
2012-01-27,-222.300000,5,2020.700000,1845.700000,5317.800000,-16485.50,-17360.50
2012-01-29,-222.300000,6,1969.700000,1963.700000,5317.800000,-16740.50,-16770.50
2012-01-30,-222.300000,6,1987.700000,1195.700000,5317.800000,-16650.50,-20610.50
2012-01-31,-222.300000,6,1747.700000,1405.700000,5317.800000,-17850.50,-19560.50
2012-02-01,-222.300000,6,2329.700000,1639.700000,5317.800000,-14940.50,-18390.50
2012-02-02,-222.300000,6,2329.700000,2071.700000,5317.800000,-14940.50,-16230.50
2012-02-03,-222.300000,6,3121.700000,2209.700000,5317.800000,-10980.50,-15540.50
2012-02-05,-222.300000,6,2989.700000,2899.700000,5317.800000,-11640.50,-12090.50
2012-02-06,-222.300000,6,3061.700000,2671.700000,5317.800000,-11280.50,-13230.50
2012-02-07,-222.300000,6,3247.700000,2713.700000,5317.800000,-10350.50,-13020.50
2012-02-08,-222.300000,6,3259.700000,2995.700000,5317.800000,-10290.50,-11610.50
2012-02-09,-222.300000,6,3313.700000,3073.700000,5317.800000,-10020.50,-11220.50
2012-02-10,-222.300000,6,2935.700000,2563.700000,5317.800000,-11910.50,-13770.50
2012-02-12,-222.300000,7,3243.700000,3117.700000,5317.800000,-10370.50,-11000.50
2012-02-13,-222.300000,7,3166.700000,2998.700000,5317.800000,-10755.50,-11595.50
2012-02-14,-222.300000,7,3376.700000,2774.700000,5317.800000,-9705.50,-12715.50
2012-02-15,-222.300000,7,2683.700000,2620.700000,5317.800000,-13170.50,-13485.50
2012-02-16,-222.300000,7,3600.700000,2417.700000,5317.800000,-8585.50,-14500.50
2012-02-17,-222.300000,7,4034.700000,3537.700000,5317.800000,-6415.50,-8900.50
2012-02-19,-222.300000,7,4566.700000,4454.700000,5317.800000,-3755.50,-4315.50
2012-02-20,-222.300000,7,4265.700000,4202.700000,5317.800000,-5260.50,-5575.50
2012-02-21,-222.300000,7,4090.700000,3824.700000,5317.800000,-6135.50,-7465.50
2012-02-22,-222.300000,7,3922.700000,3754.700000,5317.800000,-6975.50,-7815.50
2012-02-23,-222.300000,7,4433.700000,3530.700000,5317.800000,-4420.50,-8935.50
2012-02-24,-222.300000,7,4230.700000,4013.700000,5317.800000,-5435.50,-6520.50
2012-02-26,-222.300000,8,4277.700000,4205.700000,5317.800000,-5200.50,-5560.50
2012-02-27,-222.300000,8,4333.700000,3445.700000,5317.800000,-4920.50,-9360.50
2012-02-28,-222.300000,8,4517.700000,4061.700000,5317.800000,-4000.50,-6280.50
2012-02-29,-222.300000,8,3933.700000,3677.700000,5317.800000,-6920.50,-8200.50
2012-03-01,-222.300000,8,4493.700000,3733.700000,5317.800000,-4120.50,-7920.50
2012-03-02,-222.300000,8,4301.700000,3853.700000,5317.800000,-5080.50,-7320.50
2012-03-04,-222.300000,8,4237.700000,4205.700000,5317.800000,-5400.50,-5560.50
2012-03-05,-222.300000,8,4253.700000,3493.700000,5317.800000,-5320.50,-9120.50
2012-03-06,-222.300000,8,2677.700000,2325.700000,5317.800000,-13200.50,-14960.50
2012-03-07,-222.300000,8,3189.700000,2541.700000,5317.800000,-10640.50,-13880.50
2012-03-08,-222.300000,8,3805.700000,3141.700000,5317.800000,-7560.50,-10880.50
2012-03-09,-222.300000,8,3405.700000,2917.700000,5317.800000,-9560.50,-12000.50
2012-03-11,-222.300000,9,3428.700000,3320.700000,5317.800000,-9445.50,-9985.50
2012-03-12,-222.300000,9,3833.700000,3014.700000,5317.800000,-7420.50,-11515.50
2012-03-13,-222.300000,9,5669.700000,3851.700000,5669.700000,0.00,-9090.00
2012-03-14,-222.300000,9,5714.700000,5480.700000,5714.700000,0.00,-1170.00
2012-03-15,-222.300000,9,6227.700000,5660.700000,6227.700000,0.00,-2835.00
2012-03-16,-222.300000,9,6155.700000,6110.700000,6227.700000,-360.00,-585.00
2012-03-18,-222.300000,9,6245.700000,6074.700000,6245.700000,0.00,-855.00
2012-03-19,-222.300000,9,6182.700000,5804.700000,6245.700000,-315.00,-2205.00
2012-03-20,-222.300000,9,5678.700000,5165.700000,6245.700000,-2835.00,-5400.00
2012-03-21,-222.300000,9,5363.700000,5075.700000,6245.700000,-4410.00,-5850.00
2012-03-22,-222.300000,9,4742.700000,4229.700000,6245.700000,-7515.00,-10080.00
2012-03-23,-222.300000,9,4985.700000,4085.700000,6245.700000,-6300.00,-10800.00
2012-03-25,-222.300000,10,5296.700000,4966.700000,6245.700000,-4745.00,-6395.00
2012-03-26,-222.300000,10,6746.700000,4876.700000,6746.700000,0.00,-9350.00
2012-03-27,-222.300000,10,5996.700000,5796.700000,6746.700000,-3750.00,-4750.00
2012-03-28,-222.300000,10,5286.700000,4696.700000,6746.700000,-7300.00,-10250.00
2012-03-29,-222.300000,10,5366.700000,4316.700000,6746.700000,-6900.00,-12150.00
2012-03-30,-222.300000,10,6126.700000,5366.700000,6746.700000,-3100.00,-6900.00
2012-04-01,-222.300000,10,6496.700000,6376.700000,6746.700000,-1250.00,-1850.00
2012-04-02,-222.300000,10,6506.700000,5486.700000,6746.700000,-1200.00,-6300.00
2012-04-03,-222.300000,10,5836.700000,5296.700000,6746.700000,-4550.00,-7250.00
2012-04-04,-222.300000,10,4726.700000,4176.700000,6746.700000,-10100.00,-12850.00
2012-04-05,-222.300000,10,4496.700000,3956.700000,6746.700000,-11250.00,-13950.00
2012-04-06,-222.300000,10,3246.700000,2976.700000,6746.700000,-17500.00,-18850.00
2012-04-08,-222.300000,10,3176.700000,2966.700000,6746.700000,-17850.00,-18900.00
2012-04-09,3253.700000,0,3253.700000,3253.700000,6746.700000,-17465.00,-17465.00
2012-04-10,3253.700000,0,3253.700000,3253.700000,6746.700000,-17465.00,-17465.00
2012-04-11,3253.700000,0,3253.700000,3253.700000,6746.700000,-17465.00,-17465.00
2012-04-12,3253.700000,0,3253.700000,3253.700000,6746.700000,-17465.00,-17465.00
2012-04-13,3253.700000,0,3253.700000,3253.700000,6746.700000,-17465.00,-17465.00
2012-04-15,3253.700000,0,3253.700000,3253.700000,6746.700000,-17465.00,-17465.00
2012-04-16,3253.700000,0,3253.700000,3253.700000,6746.700000,-17465.00,-17465.00
2012-04-17,3253.700000,0,3253.700000,3253.700000,6746.700000,-17465.00,-17465.00
2012-04-18,3253.700000,0,3253.700000,3253.700000,6746.700000,-17465.00,-17465.00
2012-04-19,3253.700000,0,3253.700000,3253.700000,6746.700000,-17465.00,-17465.00
2012-04-20,3253.700000,0,3253.700000,3253.700000,6746.700000,-17465.00,-17465.00
2012-04-22,3253.700000,0,3253.700000,3253.700000,6746.700000,-17465.00,-17465.00
2012-04-23,3253.700000,0,3253.700000,3253.700000,6746.700000,-17465.00,-17465.00
2012-04-24,3253.700000,0,3253.700000,3253.700000,6746.700000,-17465.00,-17465.00
2012-04-25,3253.700000,0,3253.700000,3253.700000,6746.700000,-17465.00,-17465.00
2012-04-26,3253.700000,0,3253.700000,3253.700000,6746.700000,-17465.00,-17465.00
2012-04-27,3253.700000,3,3418.700000,3184.700000,6746.700000,-16640.00,-17810.00
2012-04-29,3253.700000,3,3457.700000,3442.700000,6746.700000,-16445.00,-16520.00
2012-04-30,3253.700000,3,3433.700000,3277.700000,6746.700000,-16565.00,-17345.00
2012-05-01,3253.700000,3,3604.700000,3235.700000,6746.700000,-15710.00,-17555.00
2012-05-02,3253.700000,3,3532.700000,3325.700000,6746.700000,-16070.00,-17105.00
2012-05-03,3253.700000,3,3358.700000,3274.700000,6746.700000,-16940.00,-17360.00
2012-05-04,3253.700000,3,2776.700000,2776.700000,6746.700000,-19850.00,-19850.00
2012-05-06,3253.700000,3,2419.700000,2257.700000,6746.700000,-21635.00,-22445.00
2012-05-07,2526.800000,0,2526.800000,2526.800000,6746.700000,-21099.50,-21099.50
2012-05-08,2526.800000,0,2526.800000,2526.800000,6746.700000,-21099.50,-21099.50
2012-05-09,2526.800000,0,2526.800000,2526.800000,6746.700000,-21099.50,-21099.50
2012-05-10,2526.800000,0,2526.800000,2526.800000,6746.700000,-21099.50,-21099.50
2012-05-11,2526.800000,0,2526.800000,2526.800000,6746.700000,-21099.50,-21099.50
2012-05-13,2526.800000,0,2526.800000,2526.800000,6746.700000,-21099.50,-21099.50
2012-05-14,2526.800000,0,2526.800000,2526.800000,6746.700000,-21099.50,-21099.50
2012-05-15,2526.800000,0,2526.800000,2526.800000,6746.700000,-21099.50,-21099.50
2012-05-16,2526.800000,0,2526.800000,2526.800000,6746.700000,-21099.50,-21099.50
2012-05-17,2526.800000,0,2526.800000,2526.800000,6746.700000,-21099.50,-21099.50
2012-05-18,2526.800000,0,2526.800000,2526.800000,6746.700000,-21099.50,-21099.50
2012-05-20,2526.800000,0,2526.800000,2526.800000,6746.700000,-21099.50,-21099.50
2012-05-21,2526.800000,0,2526.800000,2526.800000,6746.700000,-21099.50,-21099.50
2012-05-22,2526.800000,0,2526.800000,2526.800000,6746.700000,-21099.50,-21099.50
2012-05-23,2526.800000,0,2526.800000,2526.800000,6746.700000,-21099.50,-21099.50
2012-05-24,2526.800000,0,2526.800000,2526.800000,6746.700000,-21099.50,-21099.50
2012-05-25,2526.800000,0,2526.800000,2526.800000,6746.700000,-21099.50,-21099.50
2012-05-27,2526.800000,0,2526.800000,2526.800000,6746.700000,-21099.50,-21099.50
2012-05-28,2526.800000,0,2526.800000,2526.800000,6746.700000,-21099.50,-21099.50
2012-05-29,2526.800000,0,2526.800000,2526.800000,6746.700000,-21099.50,-21099.50
2012-05-30,2526.800000,0,2526.800000,2526.800000,6746.700000,-21099.50,-21099.50
2012-05-31,2526.800000,0,2526.800000,2526.800000,6746.700000,-21099.50,-21099.50
2012-06-01,2526.800000,0,2526.800000,2526.800000,6746.700000,-21099.50,-21099.50
2012-06-03,2526.800000,0,2526.800000,2526.800000,6746.700000,-21099.50,-21099.50
2012-06-04,2526.800000,0,2526.800000,2526.800000,6746.700000,-21099.50,-21099.50
2012-06-05,2526.800000,0,2526.800000,2526.800000,6746.700000,-21099.50,-21099.50
2012-06-06,2526.800000,0,2526.800000,2526.800000,6746.700000,-21099.50,-21099.50
2012-06-07,2526.800000,0,2526.800000,2526.800000,6746.700000,-21099.50,-21099.50
2012-06-08,2526.800000,0,2526.800000,2526.800000,6746.700000,-21099.50,-21099.50
2012-06-10,2526.800000,0,2526.800000,2526.800000,6746.700000,-21099.50,-21099.50
2012-06-11,2526.800000,3,1527.800000,1446.800000,6746.700000,-26094.50,-26499.50
2012-06-12,2526.800000,3,2073.800000,1503.800000,6746.700000,-23364.50,-26214.50
2012-06-13,2526.800000,3,1887.800000,1725.800000,6746.700000,-24294.50,-25104.50
2012-06-14,2069.900000,0,2069.900000,2069.900000,6746.700000,-23384.00,-23384.00
2012-06-15,2069.900000,0,2069.900000,2069.900000,6746.700000,-23384.00,-23384.00
2012-06-17,2069.900000,3,2054.900000,1961.900000,6746.700000,-23459.00,-23924.00
2012-06-18,2069.900000,3,1820.900000,1595.900000,6746.700000,-24629.00,-25754.00
2012-06-19,2069.900000,3,1988.900000,1703.900000,6746.700000,-23789.00,-25214.00
2012-06-20,2069.900000,3,1991.900000,1745.900000,6746.700000,-23774.00,-25004.00
2012-06-21,2069.900000,3,1292.900000,1208.900000,6746.700000,-27269.00,-27689.00
2012-06-22,2069.900000,3,1418.900000,1244.900000,6746.700000,-26639.00,-27509.00
2012-06-24,1292.000000,0,1292.000000,1292.000000,6746.700000,-27273.50,-27273.50
2012-06-25,1292.000000,0,1292.000000,1292.000000,6746.700000,-27273.50,-27273.50
2012-06-26,1292.000000,0,1292.000000,1292.000000,6746.700000,-27273.50,-27273.50
2012-06-27,1292.000000,0,1292.000000,1292.000000,6746.700000,-27273.50,-27273.50
2012-06-28,1292.000000,0,1292.000000,1292.000000,6746.700000,-27273.50,-27273.50
2012-06-29,1292.000000,0,1292.000000,1292.000000,6746.700000,-27273.50,-27273.50
2012-07-01,1292.000000,3,1253.000000,1247.000000,6746.700000,-27468.50,-27498.50
2012-07-02,1292.000000,3,1127.000000,980.000000,6746.700000,-28098.50,-28833.50
2012-07-03,1292.000000,3,1397.000000,1058.000000,6746.700000,-26748.50,-28443.50
2012-07-04,1292.000000,3,1337.000000,1313.000000,6746.700000,-27048.50,-27168.50
2012-07-05,1292.000000,3,1319.000000,1157.000000,6746.700000,-27138.50,-27948.50
2012-07-06,1292.000000,3,992.000000,728.000000,6746.700000,-28773.50,-30093.50
2012-07-08,1292.000000,3,902.000000,887.000000,6746.700000,-29223.50,-29298.50
2012-07-09,1292.000000,3,857.000000,674.000000,6746.700000,-29448.50,-30363.50
2012-07-10,1292.000000,3,542.000000,437.000000,6746.700000,-31023.50,-31548.50
2012-07-11,1292.000000,3,467.000000,215.000000,6746.700000,-31398.50,-32658.50
2012-07-12,538.100000,0,538.100000,538.100000,6746.700000,-31043.00,-31043.00
2012-07-13,538.100000,0,538.100000,538.100000,6746.700000,-31043.00,-31043.00
2012-07-15,538.100000,3,520.100000,475.100000,6746.700000,-31133.00,-31358.00
2012-07-16,538.100000,3,337.100000,265.100000,6746.700000,-32048.00,-32408.00
2012-07-17,538.100000,3,583.100000,127.100000,6746.700000,-30818.00,-33098.00
2012-07-18,538.100000,3,1033.100000,451.100000,6746.700000,-28568.00,-31478.00
2012-07-19,538.100000,3,1006.100000,898.100000,6746.700000,-28703.00,-29243.00
2012-07-20,538.100000,3,703.100000,646.100000,6746.700000,-30218.00,-30503.00
2012-07-22,538.100000,3,556.100000,547.100000,6746.700000,-30953.00,-30998.00
2012-07-23,538.100000,3,277.100000,-43.900000,6746.700000,-32348.00,-33953.00
2012-07-24,538.100000,3,-148.900000,-220.900000,6746.700000,-34478.00,-34838.00
2012-07-25,273.200000,0,273.200000,273.200000,6746.700000,-32367.50,-32367.50
2012-07-26,273.200000,0,273.200000,273.200000,6746.700000,-32367.50,-32367.50
2012-07-27,273.200000,3,885.200000,231.200000,6746.700000,-29307.50,-32577.50
2012-07-29,273.200000,3,810.200000,810.200000,6746.700000,-29682.50,-29682.50
2012-07-30,273.200000,3,795.200000,747.200000,6746.700000,-29757.50,-29997.50
2012-07-31,273.200000,3,633.200000,597.200000,6746.700000,-30567.50,-30747.50
2012-08-01,273.200000,3,630.200000,483.200000,6746.700000,-30582.50,-31317.50
2012-08-02,273.200000,3,264.200000,-38.800000,6746.700000,-32412.50,-33927.50
2012-08-03,273.200000,3,987.200000,237.200000,6746.700000,-28797.50,-32547.50
2012-08-05,273.200000,4,989.200000,901.200000,6746.700000,-28787.50,-29227.50
2012-08-06,273.200000,4,957.200000,869.200000,6746.700000,-28947.50,-29387.50
2012-08-07,273.200000,4,1169.200000,925.200000,6746.700000,-27887.50,-29107.50
2012-08-08,273.200000,4,1189.200000,917.200000,6746.700000,-27787.50,-29147.50
2012-08-09,273.200000,4,1221.200000,1061.200000,6746.700000,-27627.50,-28427.50
2012-08-10,273.200000,4,1421.200000,937.200000,6746.700000,-26627.50,-29047.50
2012-08-12,273.200000,4,1341.200000,1337.200000,6746.700000,-27027.50,-27047.50
2012-08-13,273.200000,4,1249.200000,1025.200000,6746.700000,-27487.50,-28607.50
2012-08-14,273.200000,4,1225.200000,1149.200000,6746.700000,-27607.50,-27987.50
2012-08-15,273.200000,4,1297.200000,1129.200000,6746.700000,-27247.50,-28087.50
2012-08-16,273.200000,4,1633.200000,1213.200000,6746.700000,-25567.50,-27667.50
2012-08-17,273.200000,4,1729.200000,1585.200000,6746.700000,-25087.50,-25807.50
2012-08-19,273.200000,5,1738.200000,1708.200000,6746.700000,-25042.50,-25192.50
2012-08-20,273.200000,5,1658.200000,1503.200000,6746.700000,-25442.50,-26217.50
2012-08-21,273.200000,5,1403.200000,1293.200000,6746.700000,-26717.50,-27267.50
2012-08-22,273.200000,5,1298.200000,978.200000,6746.700000,-27242.50,-28842.50
2012-08-23,273.200000,5,743.200000,603.200000,6746.700000,-30017.50,-30717.50
2012-08-24,273.200000,5,1278.200000,538.200000,6746.700000,-27342.50,-31042.50
2012-08-26,273.200000,5,1273.200000,1263.200000,6746.700000,-27367.50,-27417.50
2012-08-27,273.200000,5,1063.200000,988.200000,6746.700000,-28417.50,-28792.50
2012-08-28,273.200000,5,968.200000,798.200000,6746.700000,-28892.50,-29742.50
2012-08-29,273.200000,5,908.200000,808.200000,6746.700000,-29192.50,-29692.50
2012-08-30,273.200000,5,378.200000,313.200000,6746.700000,-31842.50,-32167.50
2012-08-31,273.200000,5,893.200000,373.200000,6746.700000,-29267.50,-31867.50
2012-09-02,273.200000,6,714.200000,714.200000,6746.700000,-30162.50,-30162.50
2012-09-03,273.200000,6,942.200000,516.200000,6746.700000,-29022.50,-31152.50
2012-09-04,273.200000,6,576.200000,210.200000,6746.700000,-30852.50,-32682.50
2012-09-05,273.200000,6,720.200000,312.200000,6746.700000,-30132.50,-32172.50
2012-09-06,273.200000,6,2106.200000,684.200000,6746.700000,-23202.50,-30312.50
2012-09-07,273.200000,6,2190.200000,1998.200000,6746.700000,-22782.50,-23742.50
2012-09-09,273.200000,6,2112.200000,2088.200000,6746.700000,-23172.50,-23292.50
2012-09-10,273.200000,6,1788.200000,1734.200000,6746.700000,-24792.50,-25062.50
2012-09-11,273.200000,6,2202.200000,1590.200000,6746.700000,-22722.50,-25782.50
2012-09-12,273.200000,6,2520.200000,2166.200000,6746.700000,-21132.50,-22902.50
2012-09-13,273.200000,6,3660.200000,2364.200000,6746.700000,-15432.50,-21912.50
2012-09-14,273.200000,6,3546.200000,3192.200000,6746.700000,-16002.50,-17772.50
2012-09-16,273.200000,7,3332.200000,3290.200000,6746.700000,-17072.50,-17282.50
2012-09-17,273.200000,7,3241.200000,3094.200000,6746.700000,-17527.50,-18262.50
2012-09-18,273.200000,7,3465.200000,2905.200000,6746.700000,-16407.50,-19207.50
2012-09-19,273.200000,7,3388.200000,3290.200000,6746.700000,-16792.50,-17282.50
2012-09-20,273.200000,7,3612.200000,2891.200000,6746.700000,-15672.50,-19277.50
2012-09-21,273.200000,7,3402.200000,3332.200000,6746.700000,-16722.50,-17072.50
2012-09-23,273.200000,7,3444.200000,3269.200000,6746.700000,-16512.50,-17387.50
2012-09-24,273.200000,7,3374.200000,2975.200000,6746.700000,-16862.50,-18857.50
2012-09-25,273.200000,7,2772.200000,2611.200000,6746.700000,-19872.50,-20677.50
2012-09-26,273.200000,7,2485.200000,2233.200000,6746.700000,-21307.50,-22567.50
2012-09-27,273.200000,7,2877.200000,2310.200000,6746.700000,-19347.50,-22182.50
2012-09-28,273.200000,7,2485.200000,1960.200000,6746.700000,-21307.50,-23932.50
2012-09-30,273.200000,8,2231.200000,2143.200000,6746.700000,-22577.50,-23017.50
2012-10-01,273.200000,8,3047.200000,2063.200000,6746.700000,-18497.50,-23417.50
2012-10-02,273.200000,8,2783.200000,2335.200000,6746.700000,-19817.50,-22057.50
2012-10-03,273.200000,8,3159.200000,2439.200000,6746.700000,-17937.50,-21537.50
2012-10-04,273.200000,8,3591.200000,2983.200000,6746.700000,-15777.50,-18817.50
2012-10-05,273.200000,8,3863.200000,3471.200000,6746.700000,-14417.50,-16377.50
2012-10-07,273.200000,8,3775.200000,3655.200000,6746.700000,-14857.50,-15457.50
2012-10-08,273.200000,8,3679.200000,3359.200000,6746.700000,-15337.50,-16937.50
2012-10-09,273.200000,8,2527.200000,2479.200000,6746.700000,-21097.50,-21337.50
2012-10-10,273.200000,8,1479.200000,1375.200000,6746.700000,-26337.50,-26857.50
2012-10-11,273.200000,8,1815.200000,1479.200000,6746.700000,-24657.50,-26337.50
2012-10-12,273.200000,8,1559.200000,1375.200000,6746.700000,-25937.50,-26857.50
2012-10-14,273.200000,9,1445.200000,1436.200000,6746.700000,-26507.50,-26552.50
2012-10-15,273.200000,9,2642.200000,1175.200000,6746.700000,-20522.50,-27857.50
2012-10-16,273.200000,9,3425.200000,2426.200000,6746.700000,-16607.50,-21602.50
2012-10-17,273.200000,9,3686.200000,3191.200000,6746.700000,-15302.50,-17777.50
2012-10-18,273.200000,9,3713.200000,3362.200000,6746.700000,-15167.50,-16922.50
2012-10-19,273.200000,9,1544.200000,1517.200000,6746.700000,-26012.50,-26147.50
2012-10-21,273.200000,9,1526.200000,1391.200000,6746.700000,-26102.50,-26777.50
2012-10-22,273.200000,9,2120.200000,869.200000,6746.700000,-23132.50,-29387.50
2012-10-23,273.200000,9,-165.800000,-507.800000,6746.700000,-34562.50,-36272.50
2012-10-24,273.200000,9,-543.800000,-705.800000,6746.700000,-36452.50,-37262.50
2012-10-25,-168.500000,0,-168.500000,-168.500000,6746.700000,-34576.00,-34576.00
2012-10-26,-168.500000,0,-168.500000,-168.500000,6746.700000,-34576.00,-34576.00
2012-10-28,-168.500000,0,-168.500000,-168.500000,6746.700000,-34576.00,-34576.00
2012-10-29,-168.500000,0,-168.500000,-168.500000,6746.700000,-34576.00,-34576.00
2012-10-30,-168.500000,0,-168.500000,-168.500000,6746.700000,-34576.00,-34576.00
2012-10-31,-168.500000,0,-168.500000,-168.500000,6746.700000,-34576.00,-34576.00
2012-11-01,-168.500000,0,-168.500000,-168.500000,6746.700000,-34576.00,-34576.00
2012-11-02,-168.500000,0,-168.500000,-168.500000,6746.700000,-34576.00,-34576.00
2012-11-04,-168.500000,0,-168.500000,-168.500000,6746.700000,-34576.00,-34576.00
2012-11-05,-168.500000,0,-168.500000,-168.500000,6746.700000,-34576.00,-34576.00
2012-11-06,-168.500000,0,-168.500000,-168.500000,6746.700000,-34576.00,-34576.00
2012-11-07,-168.500000,0,-168.500000,-168.500000,6746.700000,-34576.00,-34576.00
2012-11-08,-168.500000,0,-168.500000,-168.500000,6746.700000,-34576.00,-34576.00
2012-11-09,-168.500000,0,-168.500000,-168.500000,6746.700000,-34576.00,-34576.00
2012-11-11,-168.500000,0,-168.500000,-168.500000,6746.700000,-34576.00,-34576.00
2012-11-12,-168.500000,0,-168.500000,-168.500000,6746.700000,-34576.00,-34576.00
2012-11-13,-168.500000,0,-168.500000,-168.500000,6746.700000,-34576.00,-34576.00
2012-11-14,-168.500000,0,-168.500000,-168.500000,6746.700000,-34576.00,-34576.00
2012-11-15,-168.500000,0,-168.500000,-168.500000,6746.700000,-34576.00,-34576.00
2012-11-16,-168.500000,0,-168.500000,-168.500000,6746.700000,-34576.00,-34576.00
2012-11-18,-168.500000,0,-168.500000,-168.500000,6746.700000,-34576.00,-34576.00
2012-11-19,-168.500000,0,-168.500000,-168.500000,6746.700000,-34576.00,-34576.00
2012-11-20,-168.500000,0,-168.500000,-168.500000,6746.700000,-34576.00,-34576.00
2012-11-21,-168.500000,0,-168.500000,-168.500000,6746.700000,-34576.00,-34576.00
2012-11-22,-168.500000,0,-168.500000,-168.500000,6746.700000,-34576.00,-34576.00
2012-11-23,-168.500000,0,-168.500000,-168.500000,6746.700000,-34576.00,-34576.00
2012-11-25,-168.500000,0,-168.500000,-168.500000,6746.700000,-34576.00,-34576.00
2012-11-26,-168.500000,0,-168.500000,-168.500000,6746.700000,-34576.00,-34576.00
2012-11-27,-168.500000,0,-168.500000,-168.500000,6746.700000,-34576.00,-34576.00
2012-11-28,-168.500000,0,-168.500000,-168.500000,6746.700000,-34576.00,-34576.00
2012-11-29,-168.500000,0,-168.500000,-168.500000,6746.700000,-34576.00,-34576.00
2012-11-30,-168.500000,3,-69.500000,-225.500000,6746.700000,-34081.00,-34861.00
2012-12-02,-168.500000,3,-123.500000,-150.500000,6746.700000,-34351.00,-34486.00
2012-12-03,-168.500000,3,-333.500000,-354.500000,6746.700000,-35401.00,-35506.00
2012-12-04,-168.500000,3,-381.500000,-429.500000,6746.700000,-35641.00,-35881.00
2012-12-05,-337.400000,0,-337.400000,-337.400000,6746.700000,-35420.50,-35420.50
2012-12-06,-337.400000,3,-238.400000,-448.400000,6746.700000,-34925.50,-35975.50
2012-12-07,-337.400000,3,22.600000,-328.400000,6746.700000,-33620.50,-35375.50
2012-12-09,-337.400000,3,7.600000,-10.400000,6746.700000,-33695.50,-33785.50
2012-12-10,-337.400000,3,46.600000,-130.400000,6746.700000,-33500.50,-34385.50
2012-12-11,-337.400000,3,382.600000,16.600000,6746.700000,-31820.50,-33650.50
2012-12-12,-337.400000,3,277.600000,223.600000,6746.700000,-32345.50,-32615.50
2012-12-13,-337.400000,3,118.600000,-4.400000,6746.700000,-33140.50,-33755.50
2012-12-14,-337.400000,3,-157.400000,-277.400000,6746.700000,-34520.50,-35120.50
2012-12-16,-337.400000,4,-36.400000,-92.400000,6746.700000,-33915.50,-34195.50
2012-12-17,-337.400000,4,171.600000,-256.400000,6746.700000,-32875.50,-35015.50
2012-12-18,-337.400000,4,535.600000,107.600000,6746.700000,-31055.50,-33195.50
2012-12-19,-337.400000,4,155.600000,115.600000,6746.700000,-32955.50,-33155.50
2012-12-20,-337.400000,4,455.600000,67.600000,6746.700000,-31455.50,-33395.50
2012-12-21,-337.400000,4,59.600000,-720.400000,6746.700000,-33435.50,-37335.50
2012-12-23,-337.400000,4,-140.400000,-156.400000,6746.700000,-34435.50,-34515.50
2012-12-24,-337.400000,4,-328.400000,-332.400000,6746.700000,-35375.50,-35395.50
2012-12-26,-337.400000,4,-388.400000,-528.400000,6746.700000,-35675.50,-36375.50
2012-12-27,-337.400000,4,-428.400000,-996.400000,6746.700000,-35875.50,-38715.50
2012-12-28,-337.400000,4,-1368.400000,-1508.400000,6746.700000,-40575.50,-41275.50
2012-12-30,-337.400000,4,-1356.400000,-1604.400000,6746.700000,-40515.50,-41755.50
2012-12-31,-1373.600000,0,-1373.600000,-1373.600000,6746.700000,-40601.50,-40601.50
2013-01-02,-1373.600000,0,-1373.600000,-1373.600000,6746.700000,-40601.50,-40601.50
2013-01-03,-1373.600000,3,-1358.600000,-1445.600000,6746.700000,-40526.50,-40961.50
2013-01-04,-1373.600000,3,-1232.600000,-1418.600000,6746.700000,-39896.50,-40826.50
2013-01-06,-1373.600000,3,-1244.600000,-1259.600000,6746.700000,-39956.50,-40031.50
2013-01-07,-1373.600000,3,-1382.600000,-1490.600000,6746.700000,-40646.50,-41186.50
2013-01-08,-1373.600000,3,-1490.600000,-1610.600000,6746.700000,-41186.50,-41786.50
2013-01-09,-1386.500000,0,-1386.500000,-1386.500000,6746.700000,-40666.00,-40666.00
2013-01-10,-1386.500000,3,-1062.500000,-1398.500000,6746.700000,-39046.00,-40726.00
2013-01-11,-1386.500000,3,-1044.500000,-1215.500000,6746.700000,-38956.00,-39811.00
2013-01-13,-1386.500000,3,-1065.500000,-1092.500000,6746.700000,-39061.00,-39196.00
2013-01-14,-1386.500000,3,-1044.500000,-1158.500000,6746.700000,-38956.00,-39526.00
2013-01-15,-1386.500000,3,-909.500000,-1212.500000,6746.700000,-38281.00,-39796.00
2013-01-16,-1386.500000,3,-1092.500000,-1182.500000,6746.700000,-39196.00,-39646.00
2013-01-17,-1386.500000,3,-750.500000,-1164.500000,6746.700000,-37486.00,-39556.00
2013-01-18,-1386.500000,3,-615.500000,-804.500000,6746.700000,-36811.00,-37756.00
2013-01-21,-1386.500000,4,-542.500000,-546.500000,6746.700000,-36446.00,-36466.00
2013-01-22,-1386.500000,4,-154.500000,-826.500000,6746.700000,-34506.00,-37866.00
2013-01-23,-1386.500000,4,-122.500000,-258.500000,6746.700000,-34346.00,-35026.00
2013-01-24,-1386.500000,4,73.500000,-146.500000,6746.700000,-33366.00,-34466.00
2013-01-25,-1386.500000,4,313.500000,25.500000,6746.700000,-32166.00,-33606.00
2013-01-27,-1386.500000,4,317.500000,261.500000,6746.700000,-32146.00,-32426.00
2013-01-28,-1386.500000,4,333.500000,261.500000,6746.700000,-32066.00,-32426.00
2013-01-29,-1386.500000,4,653.500000,245.500000,6746.700000,-30466.00,-32506.00
2013-01-30,-1386.500000,4,377.500000,337.500000,6746.700000,-31846.00,-32046.00
2013-01-31,-1386.500000,4,429.500000,269.500000,6746.700000,-31586.00,-32386.00
2013-02-01,-1386.500000,4,821.500000,361.500000,6746.700000,-29626.00,-31926.00
2013-02-03,-1386.500000,5,772.500000,762.500000,6746.700000,-29871.00,-29921.00
2013-02-04,-1386.500000,5,327.500000,137.500000,6746.700000,-32096.00,-33046.00
2013-02-05,-1386.500000,5,757.500000,327.500000,6746.700000,-29946.00,-32096.00
2013-02-06,-1386.500000,5,737.500000,367.500000,6746.700000,-30046.00,-31896.00
2013-02-07,-1386.500000,5,567.500000,117.500000,6746.700000,-30896.00,-33146.00
2013-02-08,-1386.500000,5,787.500000,522.500000,6746.700000,-29796.00,-31121.00
2013-02-10,-1386.500000,5,822.500000,732.500000,6746.700000,-29621.00,-30071.00
2013-02-11,-1386.500000,5,712.500000,562.500000,6746.700000,-30171.00,-30921.00
2013-02-12,-1386.500000,5,1022.500000,547.500000,6746.700000,-28621.00,-30996.00
2013-02-13,-1386.500000,5,857.500000,697.500000,6746.700000,-29446.00,-30246.00
2013-02-14,-1386.500000,5,842.500000,517.500000,6746.700000,-29521.00,-31146.00
2013-02-15,-1386.500000,5,867.500000,502.500000,6746.700000,-29396.00,-31221.00
2013-02-18,-1386.500000,6,828.500000,822.500000,6746.700000,-29591.00,-29621.00
2013-02-19,-1386.500000,6,1218.500000,750.500000,6746.700000,-27641.00,-29981.00
2013-02-20,-1386.500000,6,564.500000,450.500000,6746.700000,-30911.00,-31481.00
2013-02-21,-1386.500000,6,444.500000,18.500000,6746.700000,-31511.00,-33641.00
2013-02-22,-1386.500000,6,1008.500000,432.500000,6746.700000,-28691.00,-31571.00
2013-02-24,-1386.500000,6,1098.500000,1038.500000,6746.700000,-28241.00,-28541.00
2013-02-25,-1386.500000,6,-89.500000,-371.500000,6746.700000,-34181.00,-35591.00
2013-02-26,-1386.500000,6,366.500000,-227.500000,6746.700000,-31901.00,-34871.00
2013-02-27,-1386.500000,6,1524.500000,228.500000,6746.700000,-26111.00,-32591.00
2013-02-28,-1386.500000,6,1218.500000,1170.500000,6746.700000,-27641.00,-27881.00
2013-03-01,-1386.500000,6,1596.500000,666.500000,6746.700000,-25751.00,-30401.00
2013-03-03,-1386.500000,7,1506.500000,1457.500000,6746.700000,-26201.00,-26446.00
2013-03-04,-1386.500000,7,1961.500000,1114.500000,6746.700000,-23926.00,-28161.00
2013-03-05,-1386.500000,7,2822.500000,1884.500000,6746.700000,-19621.00,-24311.00
2013-03-06,-1386.500000,7,3011.500000,2731.500000,6746.700000,-18676.00,-20076.00
2013-03-07,-1386.500000,7,3263.500000,2913.500000,6746.700000,-17416.00,-19166.00
2013-03-08,-1386.500000,7,3347.500000,2752.500000,6746.700000,-16996.00,-19971.00
2013-03-10,-1386.500000,7,3235.500000,3144.500000,6746.700000,-17556.00,-18011.00
2013-03-11,-1386.500000,7,3732.500000,3137.500000,6746.700000,-15071.00,-18046.00
2013-03-12,-1386.500000,7,3795.500000,3480.500000,6746.700000,-14756.00,-16331.00
2013-03-13,-1386.500000,7,3844.500000,3522.500000,6746.700000,-14511.00,-16121.00
2013-03-14,-1386.500000,7,4264.500000,3809.500000,6746.700000,-12411.00,-14686.00
2013-03-15,-1386.500000,7,4138.500000,3872.500000,6746.700000,-13041.00,-14371.00
2013-03-17,-1386.500000,8,3220.500000,3156.500000,6746.700000,-17631.00,-17951.00
2013-03-18,-1386.500000,8,3868.500000,2876.500000,6746.700000,-14391.00,-19351.00
2013-03-19,-1386.500000,8,3620.500000,3188.500000,6746.700000,-15631.00,-17791.00
2013-03-20,-1386.500000,8,4044.500000,3508.500000,6746.700000,-13511.00,-16191.00
2013-03-21,-1386.500000,8,3532.500000,3196.500000,6746.700000,-16071.00,-17751.00
2013-03-22,-1386.500000,8,4492.500000,3324.500000,6746.700000,-11271.00,-17111.00
2013-03-24,-1386.500000,8,4636.500000,4164.500000,6746.700000,-10551.00,-12911.00
2013-03-25,-1386.500000,8,3900.500000,3284.500000,6746.700000,-14231.00,-17311.00
2013-03-26,-1386.500000,8,4564.500000,3876.500000,6746.700000,-10911.00,-14351.00
2013-03-27,-1386.500000,8,4204.500000,3636.500000,6746.700000,-12711.00,-15551.00
2013-03-28,-1386.500000,8,4804.500000,3892.500000,6746.700000,-9711.00,-14271.00
2013-03-31,-1386.500000,8,4748.500000,4660.500000,6746.700000,-9991.00,-10431.00
2013-04-01,-1386.500000,8,4748.500000,4348.500000,6746.700000,-9991.00,-11991.00
2013-04-02,-1386.500000,8,5428.500000,4620.500000,6746.700000,-6591.00,-10631.00
2013-04-03,-1386.500000,8,4660.500000,4356.500000,6746.700000,-10431.00,-11951.00
2013-04-04,-1386.500000,8,4932.500000,4452.500000,6746.700000,-9071.00,-11471.00
2013-04-05,-1386.500000,8,4668.500000,3612.500000,6746.700000,-10391.00,-15671.00
2013-04-07,-1386.500000,9,4735.500000,4429.500000,6746.700000,-10056.00,-11586.00
2013-04-08,-1386.500000,9,5320.500000,4132.500000,6746.700000,-7131.00,-13071.00
2013-04-09,-1386.500000,9,5680.500000,5032.500000,6746.700000,-5331.00,-8571.00
2013-04-10,-1386.500000,9,6832.500000,5581.500000,6832.500000,0.00,-6255.00
2013-04-11,-1386.500000,9,7435.500000,6733.500000,7435.500000,0.00,-3510.00
2013-04-12,-1386.500000,9,7345.500000,6778.500000,7435.500000,-450.00,-3285.00
2013-04-14,-1386.500000,9,7246.500000,7111.500000,7435.500000,-945.00,-1620.00
2013-04-15,-1386.500000,9,5185.500000,4456.500000,7435.500000,-11250.00,-14895.00
2013-04-16,-1386.500000,9,6274.500000,5059.500000,7435.500000,-5805.00,-11880.00
2013-04-17,-1386.500000,9,5338.500000,4690.500000,7435.500000,-10485.00,-13725.00
2013-04-18,-1386.500000,9,4267.500000,3871.500000,7435.500000,-15840.00,-17820.00
2013-04-19,-1386.500000,9,4573.500000,3907.500000,7435.500000,-14310.00,-17640.00
2013-04-21,4255.800000,0,4255.800000,4255.800000,7435.500000,-15898.50,-15898.50
2013-04-22,4255.800000,0,4255.800000,4255.800000,7435.500000,-15898.50,-15898.50
2013-04-23,4255.800000,0,4255.800000,4255.800000,7435.500000,-15898.50,-15898.50
2013-04-24,4255.800000,0,4255.800000,4255.800000,7435.500000,-15898.50,-15898.50
2013-04-25,4255.800000,0,4255.800000,4255.800000,7435.500000,-15898.50,-15898.50
2013-04-26,4255.800000,0,4255.800000,4255.800000,7435.500000,-15898.50,-15898.50
2013-04-28,4255.800000,0,4255.800000,4255.800000,7435.500000,-15898.50,-15898.50
2013-04-29,4255.800000,0,4255.800000,4255.800000,7435.500000,-15898.50,-15898.50
2013-04-30,4255.800000,0,4255.800000,4255.800000,7435.500000,-15898.50,-15898.50
2013-05-01,4255.800000,0,4255.800000,4255.800000,7435.500000,-15898.50,-15898.50
2013-05-02,4255.800000,0,4255.800000,4255.800000,7435.500000,-15898.50,-15898.50
2013-05-03,4255.800000,0,4255.800000,4255.800000,7435.500000,-15898.50,-15898.50
2013-05-05,4255.800000,3,4282.800000,4240.800000,7435.500000,-15763.50,-15973.50
2013-05-06,4255.800000,3,4210.800000,4192.800000,7435.500000,-16123.50,-16213.50
2013-05-07,4255.800000,3,4471.800000,4177.800000,7435.500000,-14818.50,-16288.50
2013-05-08,4209.900000,3,4458.900000,4164.900000,7435.500000,-14883.00,-16353.00
2013-05-09,4209.900000,3,4461.900000,4311.900000,7435.500000,-14868.00,-15618.00
2013-05-10,4209.900000,3,4497.900000,4278.900000,7435.500000,-14688.00,-15783.00
2013-05-12,4209.900000,3,4353.900000,4320.900000,7435.500000,-15408.00,-15573.00
2013-05-13,4209.900000,3,4491.900000,4326.900000,7435.500000,-14718.00,-15543.00
2013-05-14,4209.900000,3,4809.900000,4323.900000,7435.500000,-13128.00,-15558.00
2013-05-15,4209.900000,3,5004.900000,4716.900000,7435.500000,-12153.00,-13593.00
2013-05-16,4209.900000,3,4959.900000,4860.900000,7435.500000,-12378.00,-12873.00
2013-05-17,4209.900000,3,5259.900000,4947.900000,7435.500000,-10878.00,-12438.00
2013-05-19,4209.900000,4,5230.900000,5150.900000,7435.500000,-11023.00,-11423.00
2013-05-20,4209.900000,4,5238.900000,5142.900000,7435.500000,-10983.00,-11463.00
2013-05-21,4209.900000,4,5426.900000,5174.900000,7435.500000,-10043.00,-11303.00
2013-05-22,4209.900000,4,5302.900000,4946.900000,7435.500000,-10663.00,-12443.00
2013-05-23,4209.900000,4,5254.900000,4554.900000,7435.500000,-10903.00,-14403.00
2013-05-24,4209.900000,4,5198.900000,4706.900000,7435.500000,-11183.00,-13643.00
2013-05-27,4209.900000,4,5270.900000,5234.900000,7435.500000,-10823.00,-11003.00
2013-05-28,4209.900000,4,5498.900000,5266.900000,7435.500000,-9683.00,-10843.00
2013-05-29,4209.900000,4,5118.900000,4818.900000,7435.500000,-11583.00,-13083.00
2013-05-30,4209.900000,4,5266.900000,4938.900000,7435.500000,-10843.00,-12483.00
2013-05-31,4209.900000,4,4398.900000,4374.900000,7435.500000,-15183.00,-15303.00
2013-06-02,4209.900000,5,4503.900000,4358.900000,7435.500000,-14658.00,-15383.00
2013-06-03,4209.900000,5,4888.900000,4388.900000,7435.500000,-12733.00,-15233.00
2013-06-04,4209.900000,5,4723.900000,4303.900000,7435.500000,-13558.00,-15658.00
2013-06-05,4209.900000,5,3738.900000,3528.900000,7435.500000,-18483.00,-19533.00
2013-06-06,4209.900000,5,3993.900000,3038.900000,7435.500000,-17208.00,-21983.00
2013-06-07,3732.400000,0,3732.400000,3732.400000,7435.500000,-18515.50,-18515.50
2013-06-09,3732.400000,0,3732.400000,3732.400000,7435.500000,-18515.50,-18515.50
2013-06-10,3732.400000,0,3732.400000,3732.400000,7435.500000,-18515.50,-18515.50
2013-06-11,3732.400000,0,3732.400000,3732.400000,7435.500000,-18515.50,-18515.50
2013-06-12,3732.400000,0,3732.400000,3732.400000,7435.500000,-18515.50,-18515.50
2013-06-13,3732.400000,0,3732.400000,3732.400000,7435.500000,-18515.50,-18515.50
2013-06-14,3732.400000,0,3732.400000,3732.400000,7435.500000,-18515.50,-18515.50
2013-06-16,3732.400000,0,3732.400000,3732.400000,7435.500000,-18515.50,-18515.50
2013-06-17,3732.400000,0,3732.400000,3732.400000,7435.500000,-18515.50,-18515.50
2013-06-18,3732.400000,0,3732.400000,3732.400000,7435.500000,-18515.50,-18515.50
2013-06-19,3732.400000,0,3732.400000,3732.400000,7435.500000,-18515.50,-18515.50
2013-06-20,3732.400000,0,3732.400000,3732.400000,7435.500000,-18515.50,-18515.50
2013-06-21,3732.400000,0,3732.400000,3732.400000,7435.500000,-18515.50,-18515.50
2013-06-23,3732.400000,0,3732.400000,3732.400000,7435.500000,-18515.50,-18515.50
2013-06-24,3732.400000,0,3732.400000,3732.400000,7435.500000,-18515.50,-18515.50
2013-06-25,3732.400000,0,3732.400000,3732.400000,7435.500000,-18515.50,-18515.50
2013-06-26,3732.400000,0,3732.400000,3732.400000,7435.500000,-18515.50,-18515.50
2013-06-27,3732.400000,0,3732.400000,3732.400000,7435.500000,-18515.50,-18515.50
2013-06-28,3732.400000,0,3732.400000,3732.400000,7435.500000,-18515.50,-18515.50
2013-06-30,3732.400000,0,3732.400000,3732.400000,7435.500000,-18515.50,-18515.50
2013-07-01,3732.400000,0,3732.400000,3732.400000,7435.500000,-18515.50,-18515.50
2013-07-02,3732.400000,0,3732.400000,3732.400000,7435.500000,-18515.50,-18515.50
2013-07-03,3732.400000,0,3732.400000,3732.400000,7435.500000,-18515.50,-18515.50
2013-07-04,3732.400000,0,3732.400000,3732.400000,7435.500000,-18515.50,-18515.50
2013-07-05,3732.400000,0,3732.400000,3732.400000,7435.500000,-18515.50,-18515.50
2013-07-07,3732.400000,0,3732.400000,3732.400000,7435.500000,-18515.50,-18515.50
2013-07-08,3732.400000,0,3732.400000,3732.400000,7435.500000,-18515.50,-18515.50
2013-07-09,3732.400000,3,3894.400000,3687.400000,7435.500000,-17705.50,-18740.50
2013-07-10,3732.400000,3,4242.400000,3771.400000,7435.500000,-15965.50,-18320.50
2013-07-11,3732.400000,3,4317.400000,4185.400000,7435.500000,-15590.50,-16250.50
2013-07-12,3732.400000,3,4308.400000,4236.400000,7435.500000,-15635.50,-15995.50
2013-07-14,3732.400000,3,4344.400000,4278.400000,7435.500000,-15455.50,-15785.50
2013-07-15,3732.400000,3,4434.400000,4317.400000,7435.500000,-15005.50,-15590.50
2013-07-16,3732.400000,3,4368.400000,4251.400000,7435.500000,-15335.50,-15920.50
2013-07-17,3732.400000,3,4446.400000,4230.400000,7435.500000,-14945.50,-16025.50
2013-07-18,3732.400000,3,4599.400000,4395.400000,7435.500000,-14180.50,-15200.50
2013-07-19,3732.400000,3,4701.400000,4482.400000,7435.500000,-13670.50,-14765.50
2013-07-21,3732.400000,4,4767.400000,4715.400000,7435.500000,-13340.50,-13600.50
2013-07-22,3732.400000,4,4679.400000,4519.400000,7435.500000,-13780.50,-14580.50
2013-07-23,3732.400000,4,4767.400000,4631.400000,7435.500000,-13340.50,-14020.50
2013-07-24,3732.400000,4,4655.400000,4439.400000,7435.500000,-13900.50,-14980.50
2013-07-25,3732.400000,4,4671.400000,4279.400000,7435.500000,-13820.50,-15780.50
2013-07-26,3732.400000,4,4711.400000,4059.400000,7435.500000,-13620.50,-16880.50
2013-07-28,3732.400000,4,4659.400000,4647.400000,7435.500000,-13880.50,-13940.50
2013-07-29,3732.400000,4,4619.400000,4375.400000,7435.500000,-14080.50,-15300.50
2013-07-30,3732.400000,4,4623.400000,4363.400000,7435.500000,-14060.50,-15360.50
2013-07-31,3732.400000,4,4595.400000,4411.400000,7435.500000,-14200.50,-15120.50
2013-08-01,3732.400000,4,4947.400000,4583.400000,7435.500000,-12440.50,-14260.50
2013-08-02,3732.400000,4,5055.400000,4671.400000,7435.500000,-11900.50,-13820.50
2013-08-04,3732.400000,5,5026.400000,4966.400000,7435.500000,-12045.50,-12345.50
2013-08-05,3732.400000,5,4791.400000,4721.400000,7435.500000,-13220.50,-13570.50
2013-08-06,3732.400000,5,4366.400000,4171.400000,7435.500000,-15345.50,-16320.50
2013-08-07,3732.400000,5,4351.400000,3976.400000,7435.500000,-15420.50,-17295.50
2013-08-08,3732.400000,5,4316.400000,3956.400000,7435.500000,-15595.50,-17395.50
2013-08-09,3732.400000,5,3946.400000,3626.400000,7435.500000,-17445.50,-19045.50
2013-08-11,3732.400000,5,3861.400000,3846.400000,7435.500000,-17870.50,-17945.50
2013-08-12,3732.400000,5,4041.400000,3551.400000,7435.500000,-16970.50,-19420.50
2013-08-13,3732.400000,5,4171.400000,3631.400000,7435.500000,-16320.50,-19020.50
2013-08-14,3732.400000,5,3431.400000,3396.400000,7435.500000,-20020.50,-20195.50
2013-08-15,3732.400000,5,2511.400000,2381.400000,7435.500000,-24620.50,-25270.50
2013-08-16,3732.400000,5,2276.400000,2241.400000,7435.500000,-25795.50,-25970.50
2013-08-18,2509.900000,0,2509.900000,2509.900000,7435.500000,-24628.00,-24628.00
2013-08-19,2509.900000,0,2509.900000,2509.900000,7435.500000,-24628.00,-24628.00
2013-08-20,2509.900000,0,2509.900000,2509.900000,7435.500000,-24628.00,-24628.00
2013-08-21,2509.900000,0,2509.900000,2509.900000,7435.500000,-24628.00,-24628.00
2013-08-22,2509.900000,0,2509.900000,2509.900000,7435.500000,-24628.00,-24628.00
2013-08-23,2509.900000,0,2509.900000,2509.900000,7435.500000,-24628.00,-24628.00
2013-08-25,2509.900000,0,2509.900000,2509.900000,7435.500000,-24628.00,-24628.00
2013-08-26,2509.900000,0,2509.900000,2509.900000,7435.500000,-24628.00,-24628.00
2013-08-27,2509.900000,0,2509.900000,2509.900000,7435.500000,-24628.00,-24628.00
2013-08-28,2509.900000,0,2509.900000,2509.900000,7435.500000,-24628.00,-24628.00
2013-08-29,2509.900000,0,2509.900000,2509.900000,7435.500000,-24628.00,-24628.00
2013-08-30,2509.900000,0,2509.900000,2509.900000,7435.500000,-24628.00,-24628.00
2013-09-02,2509.900000,0,2509.900000,2509.900000,7435.500000,-24628.00,-24628.00
2013-09-03,2509.900000,0,2509.900000,2509.900000,7435.500000,-24628.00,-24628.00
2013-09-04,2509.900000,0,2509.900000,2509.900000,7435.500000,-24628.00,-24628.00
2013-09-05,2509.900000,0,2509.900000,2509.900000,7435.500000,-24628.00,-24628.00
2013-09-06,2509.900000,0,2509.900000,2509.900000,7435.500000,-24628.00,-24628.00
2013-09-08,2509.900000,0,2509.900000,2509.900000,7435.500000,-24628.00,-24628.00
2013-09-09,2509.900000,0,2509.900000,2509.900000,7435.500000,-24628.00,-24628.00
2013-09-10,2509.900000,0,2509.900000,2509.900000,7435.500000,-24628.00,-24628.00
2013-09-11,2509.900000,3,2989.900000,2476.900000,7435.500000,-22228.00,-24793.00
2013-09-12,2509.900000,3,2938.900000,2842.900000,7435.500000,-22483.00,-22963.00
2013-09-13,2509.900000,3,2944.900000,2626.900000,7435.500000,-22453.00,-24043.00
2013-09-15,2509.900000,3,3433.900000,3100.900000,7435.500000,-20008.00,-21673.00
2013-09-16,2509.900000,3,3217.900000,3193.900000,7435.500000,-21088.00,-21208.00
2013-09-17,2509.900000,3,3394.900000,3208.900000,7435.500000,-20203.00,-21133.00
2013-09-18,2509.900000,3,3814.900000,3202.900000,7435.500000,-18103.00,-21163.00
2013-09-19,2509.900000,3,3670.900000,3661.900000,7435.500000,-18823.00,-18868.00
2013-09-20,2509.900000,3,3241.900000,3178.900000,7435.500000,-20968.00,-21283.00
2013-09-22,2509.900000,4,3179.900000,3167.900000,7435.500000,-21278.00,-21338.00
2013-09-23,2509.900000,4,2867.900000,2779.900000,7435.500000,-22838.00,-23278.00
2013-09-24,2509.900000,4,2663.900000,2603.900000,7435.500000,-23858.00,-24158.00
2013-09-25,2509.900000,4,2447.900000,2291.900000,7435.500000,-24938.00,-25718.00
2013-09-26,2509.900000,4,2715.900000,2391.900000,7435.500000,-23598.00,-25218.00
2013-09-27,2509.900000,4,2335.900000,2095.900000,7435.500000,-25498.00,-26698.00
2013-09-29,2509.900000,4,1923.900000,1867.900000,7435.500000,-27558.00,-27838.00
2013-09-30,2022.700000,0,2022.700000,2022.700000,7435.500000,-27064.00,-27064.00
2013-10-01,2022.700000,0,2022.700000,2022.700000,7435.500000,-27064.00,-27064.00
2013-10-02,2022.700000,0,2022.700000,2022.700000,7435.500000,-27064.00,-27064.00
2013-10-03,2022.700000,0,2022.700000,2022.700000,7435.500000,-27064.00,-27064.00
2013-10-04,2022.700000,0,2022.700000,2022.700000,7435.500000,-27064.00,-27064.00
2013-10-06,2022.700000,0,2022.700000,2022.700000,7435.500000,-27064.00,-27064.00
2013-10-07,2022.700000,0,2022.700000,2022.700000,7435.500000,-27064.00,-27064.00
2013-10-08,2022.700000,0,2022.700000,2022.700000,7435.500000,-27064.00,-27064.00
2013-10-09,2022.700000,0,2022.700000,2022.700000,7435.500000,-27064.00,-27064.00
2013-10-10,2022.700000,0,2022.700000,2022.700000,7435.500000,-27064.00,-27064.00
2013-10-11,2022.700000,0,2022.700000,2022.700000,7435.500000,-27064.00,-27064.00
2013-10-13,2022.700000,3,2061.700000,1896.700000,7435.500000,-26869.00,-27694.00
2013-10-14,2022.700000,3,2580.700000,1944.700000,7435.500000,-24274.00,-27454.00
2013-10-15,2022.700000,3,2340.700000,2031.700000,7435.500000,-25474.00,-27019.00
2013-10-16,2022.700000,3,2565.700000,2178.700000,7435.500000,-24349.00,-26284.00
2013-10-17,2022.700000,3,2784.700000,2196.700000,7435.500000,-23254.00,-26194.00
2013-10-18,2022.700000,3,2745.700000,2565.700000,7435.500000,-23449.00,-24349.00
2013-10-20,2022.700000,3,2805.700000,2739.700000,7435.500000,-23149.00,-23479.00
2013-10-21,2022.700000,3,2748.700000,2676.700000,7435.500000,-23434.00,-23794.00
2013-10-22,2022.700000,3,2967.700000,2697.700000,7435.500000,-22339.00,-23689.00
2013-10-23,2022.700000,3,2874.700000,2694.700000,7435.500000,-22804.00,-23704.00
2013-10-24,2022.700000,3,3174.700000,2871.700000,7435.500000,-21304.00,-22819.00
2013-10-25,2022.700000,3,3285.700000,3033.700000,7435.500000,-20749.00,-22009.00
2013-10-27,2022.700000,4,3487.700000,3251.700000,7435.500000,-19739.00,-20919.00
2013-10-28,2022.700000,4,3279.700000,3163.700000,7435.500000,-20779.00,-21359.00
2013-10-29,2022.700000,4,3719.700000,3223.700000,7435.500000,-18579.00,-21059.00
2013-10-30,2022.700000,4,3291.700000,3223.700000,7435.500000,-20719.00,-21059.00
2013-10-31,2022.700000,4,3347.700000,3223.700000,7435.500000,-20439.00,-21059.00
2013-11-01,2022.700000,4,3455.700000,3215.700000,7435.500000,-19899.00,-21099.00
2013-11-03,2022.700000,4,3487.700000,3427.700000,7435.500000,-19739.00,-20039.00
2013-11-04,2022.700000,4,3591.700000,3383.700000,7435.500000,-19219.00,-20259.00
2013-11-05,2022.700000,4,3503.700000,3115.700000,7435.500000,-19659.00,-21599.00
2013-11-06,2022.700000,4,3963.700000,3507.700000,7435.500000,-17359.00,-19639.00
2013-11-07,2022.700000,4,3515.700000,3411.700000,7435.500000,-19599.00,-20119.00
2013-11-08,2022.700000,4,4111.700000,3271.700000,7435.500000,-16619.00,-20819.00
2013-11-10,2022.700000,5,4087.700000,4007.700000,7435.500000,-16739.00,-17139.00
2013-11-11,2022.700000,5,4227.700000,3967.700000,7435.500000,-16039.00,-17339.00
2013-11-12,2022.700000,5,4087.700000,3867.700000,7435.500000,-16739.00,-17839.00
2013-11-13,2022.700000,5,4607.700000,3647.700000,7435.500000,-14139.00,-18939.00
2013-11-14,2022.700000,5,4742.700000,4397.700000,7435.500000,-13464.00,-15189.00
2013-11-15,2022.700000,5,5187.700000,4717.700000,7435.500000,-11239.00,-13589.00
2013-11-17,2022.700000,5,5142.700000,5142.700000,7435.500000,-11464.00,-11464.00
2013-11-18,2022.700000,5,5262.700000,5057.700000,7435.500000,-10864.00,-11889.00
2013-11-19,2022.700000,5,5362.700000,5127.700000,7435.500000,-10364.00,-11539.00
2013-11-20,2022.700000,5,4992.700000,4752.700000,7435.500000,-12214.00,-13414.00
2013-11-21,2022.700000,5,5522.700000,4822.700000,7435.500000,-9564.00,-13064.00
2013-11-22,2022.700000,5,5737.700000,5322.700000,7435.500000,-8489.00,-10564.00
2013-11-24,2022.700000,6,6023.700000,5711.700000,7435.500000,-7059.00,-8619.00
2013-11-25,2022.700000,6,5891.700000,5729.700000,7435.500000,-7719.00,-8529.00
2013-11-26,2022.700000,6,5885.700000,5813.700000,7435.500000,-7749.00,-8109.00
2013-11-27,2022.700000,6,6005.700000,5801.700000,7435.500000,-7149.00,-8169.00
2013-11-28,2022.700000,6,6203.700000,6203.700000,7435.500000,-6159.00,-6159.00
2013-11-29,2022.700000,6,6053.700000,5909.700000,7435.500000,-6909.00,-7629.00
2013-12-01,2022.700000,6,6095.700000,6083.700000,7435.500000,-6699.00,-6759.00
2013-12-02,2022.700000,6,5483.700000,5375.700000,7435.500000,-9759.00,-10299.00
2013-12-03,2022.700000,6,4913.700000,4625.700000,7435.500000,-12609.00,-14049.00
2013-12-04,2022.700000,6,4895.700000,4253.700000,7435.500000,-12699.00,-15909.00
2013-12-05,2022.700000,6,4481.700000,4355.700000,7435.500000,-14769.00,-15399.00
2013-12-06,2022.700000,6,5681.700000,4481.700000,7435.500000,-8769.00,-14769.00
2013-12-08,4479.900000,0,4479.900000,4479.900000,7435.500000,-14778.00,-14778.00
2013-12-09,4479.900000,0,4479.900000,4479.900000,7435.500000,-14778.00,-14778.00
2013-12-10,4479.900000,0,4479.900000,4479.900000,7435.500000,-14778.00,-14778.00
2013-12-11,4479.900000,0,4479.900000,4479.900000,7435.500000,-14778.00,-14778.00
2013-12-12,4479.900000,0,4479.900000,4479.900000,7435.500000,-14778.00,-14778.00
2013-12-13,4479.900000,0,4479.900000,4479.900000,7435.500000,-14778.00,-14778.00
2013-12-15,4479.900000,0,4479.900000,4479.900000,7435.500000,-14778.00,-14778.00
2013-12-16,4479.900000,0,4479.900000,4479.900000,7435.500000,-14778.00,-14778.00
2013-12-17,4479.900000,0,4479.900000,4479.900000,7435.500000,-14778.00,-14778.00
2013-12-18,4479.900000,0,4479.900000,4479.900000,7435.500000,-14778.00,-14778.00
2013-12-19,4479.900000,3,4488.900000,4254.900000,7435.500000,-14733.00,-15903.00
2013-12-20,4479.900000,3,4779.900000,4485.900000,7435.500000,-13278.00,-14748.00
2013-12-22,4479.900000,3,4797.900000,4767.900000,7435.500000,-13188.00,-13338.00
2013-12-23,4479.900000,3,4863.900000,4758.900000,7435.500000,-12858.00,-13383.00
2013-12-24,4479.900000,3,5055.900000,4812.900000,7435.500000,-11898.00,-13113.00
2013-12-26,4479.900000,3,5379.900000,5061.900000,7435.500000,-10278.00,-11868.00
2013-12-27,4479.900000,3,5397.900000,5313.900000,7435.500000,-10188.00,-10608.00
2013-12-29,4479.900000,4,5401.900000,5349.900000,7435.500000,-10168.00,-10428.00
2013-12-30,4479.900000,4,5497.900000,5373.900000,7435.500000,-9688.00,-10308.00
2013-12-31,4479.900000,4,5881.900000,5469.900000,7435.500000,-7768.00,-9828.00
2014-01-02,4479.900000,4,5313.900000,5137.900000,7435.500000,-10608.00,-11488.00
2014-01-03,4479.900000,4,5293.900000,5069.900000,7435.500000,-10708.00,-11828.00
2014-01-05,4479.900000,4,5405.900000,5293.900000,7435.500000,-10148.00,-10708.00
2014-01-06,4479.900000,4,5181.900000,5069.900000,7435.500000,-11268.00,-11828.00
2014-01-07,4479.900000,4,5553.900000,5173.900000,7435.500000,-9408.00,-11308.00
2014-01-08,4479.900000,4,5293.900000,5149.900000,7435.500000,-10708.00,-11428.00
2014-01-09,4479.900000,4,5289.900000,4977.900000,7435.500000,-10728.00,-12288.00
2014-01-10,4479.900000,4,5269.900000,4993.900000,7435.500000,-10828.00,-12208.00
2014-01-12,4479.900000,5,5242.900000,5207.900000,7435.500000,-10963.00,-11138.00
2014-01-13,4479.900000,5,4427.900000,4232.900000,7435.500000,-15038.00,-16013.00
2014-01-14,4479.900000,5,4862.900000,4247.900000,7435.500000,-12863.00,-15938.00
2014-01-15,4479.900000,5,5412.900000,4787.900000,7435.500000,-10113.00,-13238.00
2014-01-16,4479.900000,5,4977.900000,4897.900000,7435.500000,-12288.00,-12688.00
2014-01-17,4479.900000,5,5312.900000,4957.900000,7435.500000,-10613.00,-12388.00
2014-01-20,4479.900000,5,5342.900000,5312.900000,7435.500000,-10463.00,-10613.00
2014-01-21,4479.900000,5,4937.900000,4602.900000,7435.500000,-12488.00,-14163.00
2014-01-22,4479.900000,5,5082.900000,4707.900000,7435.500000,-11763.00,-13638.00
2014-01-23,4479.900000,5,4067.900000,3727.900000,7435.500000,-16838.00,-18538.00
2014-01-24,4479.900000,5,2322.900000,2312.900000,7435.500000,-25563.00,-25613.00
2014-01-26,4061.400000,0,4061.400000,4061.400000,7435.500000,-16870.50,-16870.50
2014-01-27,4061.400000,0,4061.400000,4061.400000,7435.500000,-16870.50,-16870.50
2014-01-28,4061.400000,0,4061.400000,4061.400000,7435.500000,-16870.50,-16870.50
2014-01-29,4061.400000,0,4061.400000,4061.400000,7435.500000,-16870.50,-16870.50
2014-01-30,4061.400000,0,4061.400000,4061.400000,7435.500000,-16870.50,-16870.50
2014-01-31,4061.400000,0,4061.400000,4061.400000,7435.500000,-16870.50,-16870.50
2014-02-02,4061.400000,0,4061.400000,4061.400000,7435.500000,-16870.50,-16870.50
2014-02-03,4061.400000,0,4061.400000,4061.400000,7435.500000,-16870.50,-16870.50
2014-02-04,4061.400000,0,4061.400000,4061.400000,7435.500000,-16870.50,-16870.50
2014-02-05,4061.400000,0,4061.400000,4061.400000,7435.500000,-16870.50,-16870.50
2014-02-06,4061.400000,0,4061.400000,4061.400000,7435.500000,-16870.50,-16870.50
2014-02-07,4061.400000,0,4061.400000,4061.400000,7435.500000,-16870.50,-16870.50
2014-02-09,4061.400000,0,4061.400000,4061.400000,7435.500000,-16870.50,-16870.50
2014-02-10,4061.400000,0,4061.400000,4061.400000,7435.500000,-16870.50,-16870.50
2014-02-11,4061.400000,0,4061.400000,4061.400000,7435.500000,-16870.50,-16870.50
2014-02-12,4061.400000,3,4082.400000,3974.400000,7435.500000,-16765.50,-17305.50
2014-02-13,4061.400000,3,4211.400000,3749.400000,7435.500000,-16120.50,-18430.50
2014-02-14,4061.400000,3,4637.400000,4016.400000,7435.500000,-13990.50,-17095.50
2014-02-17,4061.400000,3,4733.400000,4706.400000,7435.500000,-13510.50,-13645.50
2014-02-18,4061.400000,3,4535.400000,4514.400000,7435.500000,-14500.50,-14605.50
2014-02-19,4061.400000,3,4364.400000,4295.400000,7435.500000,-15355.50,-15700.50
2014-02-20,4061.400000,3,4595.400000,4124.400000,7435.500000,-14200.50,-16555.50
2014-02-21,4061.400000,3,4535.400000,4499.400000,7435.500000,-14500.50,-14680.50
2014-02-23,4061.400000,4,4555.400000,4543.400000,7435.500000,-14400.50,-14460.50
2014-02-24,4061.400000,4,4931.400000,4339.400000,7435.500000,-12520.50,-15480.50
2014-02-25,4061.400000,4,4963.400000,4671.400000,7435.500000,-12360.50,-13820.50
2014-02-26,4061.400000,4,4943.400000,4723.400000,7435.500000,-12460.50,-13560.50
2014-02-27,4061.400000,4,5239.400000,4591.400000,7435.500000,-10980.50,-14220.50
2014-02-28,4061.400000,4,5511.400000,5023.400000,7435.500000,-9620.50,-12060.50
2014-03-02,4061.400000,4,4931.400000,4847.400000,7435.500000,-12520.50,-12940.50
2014-03-03,4061.400000,4,4827.400000,4415.400000,7435.500000,-13040.50,-15100.50
2014-03-04,4061.400000,4,5659.400000,4803.400000,7435.500000,-8880.50,-13160.50
2014-03-05,4061.400000,4,5595.400000,5503.400000,7435.500000,-9200.50,-9660.50
2014-03-06,4061.400000,4,5883.400000,5571.400000,7435.500000,-7760.50,-9320.50
2014-03-07,4061.400000,4,5931.400000,5739.400000,7435.500000,-7520.50,-8480.50
2014-03-09,4061.400000,5,5825.400000,5795.400000,7435.500000,-8050.50,-8200.50
2014-03-10,4061.400000,5,5770.400000,5375.400000,7435.500000,-8325.50,-10300.50
2014-03-11,4061.400000,5,5370.400000,5305.400000,7435.500000,-10325.50,-10650.50
2014-03-12,4061.400000,5,5540.400000,5025.400000,7435.500000,-9475.50,-12050.50
2014-03-13,4061.400000,5,4375.400000,4165.400000,7435.500000,-15300.50,-16350.50
2014-03-14,4061.400000,5,3700.400000,3630.400000,7435.500000,-18675.50,-19025.50
2014-03-16,4061.400000,5,3565.400000,3300.400000,7435.500000,-19350.50,-20675.50
2014-03-17,3693.900000,0,3693.900000,3693.900000,7435.500000,-18708.00,-18708.00
2014-03-18,3693.900000,0,3693.900000,3693.900000,7435.500000,-18708.00,-18708.00
2014-03-19,3693.900000,0,3693.900000,3693.900000,7435.500000,-18708.00,-18708.00
2014-03-20,3693.900000,0,3693.900000,3693.900000,7435.500000,-18708.00,-18708.00
2014-03-21,3693.900000,0,3693.900000,3693.900000,7435.500000,-18708.00,-18708.00
2014-03-23,3693.900000,0,3693.900000,3693.900000,7435.500000,-18708.00,-18708.00
2014-03-24,3693.900000,0,3693.900000,3693.900000,7435.500000,-18708.00,-18708.00
2014-03-25,3693.900000,0,3693.900000,3693.900000,7435.500000,-18708.00,-18708.00
2014-03-26,3693.900000,0,3693.900000,3693.900000,7435.500000,-18708.00,-18708.00
2014-03-27,3693.900000,0,3693.900000,3693.900000,7435.500000,-18708.00,-18708.00
2014-03-28,3693.900000,0,3693.900000,3693.900000,7435.500000,-18708.00,-18708.00
2014-03-30,3693.900000,0,3693.900000,3693.900000,7435.500000,-18708.00,-18708.00
2014-03-31,3693.900000,0,3693.900000,3693.900000,7435.500000,-18708.00,-18708.00
2014-04-01,3693.900000,0,3693.900000,3693.900000,7435.500000,-18708.00,-18708.00
2014-04-02,3693.900000,3,3777.900000,3633.900000,7435.500000,-18288.00,-19008.00
2014-04-03,3693.900000,3,3876.900000,3693.900000,7435.500000,-17793.00,-18708.00
2014-04-04,3693.900000,3,3447.900000,3276.900000,7435.500000,-19938.00,-20793.00
2014-04-06,3693.900000,3,3357.900000,3324.900000,7435.500000,-20388.00,-20553.00
2014-04-07,3399.000000,0,3399.000000,3399.000000,7435.500000,-20182.50,-20182.50
2014-04-08,3399.000000,0,3399.000000,3399.000000,7435.500000,-20182.50,-20182.50
2014-04-09,3399.000000,0,3399.000000,3399.000000,7435.500000,-20182.50,-20182.50
2014-04-10,3399.000000,0,3399.000000,3399.000000,7435.500000,-20182.50,-20182.50
2014-04-11,3399.000000,0,3399.000000,3399.000000,7435.500000,-20182.50,-20182.50
2014-04-13,3399.000000,0,3399.000000,3399.000000,7435.500000,-20182.50,-20182.50
2014-04-14,3399.000000,0,3399.000000,3399.000000,7435.500000,-20182.50,-20182.50
2014-04-15,3399.000000,0,3399.000000,3399.000000,7435.500000,-20182.50,-20182.50
2014-04-16,3399.000000,0,3399.000000,3399.000000,7435.500000,-20182.50,-20182.50
2014-04-17,3399.000000,0,3399.000000,3399.000000,7435.500000,-20182.50,-20182.50
2014-04-20,3399.000000,0,3399.000000,3399.000000,7435.500000,-20182.50,-20182.50
2014-04-21,3399.000000,0,3399.000000,3399.000000,7435.500000,-20182.50,-20182.50
2014-04-22,3399.000000,0,3399.000000,3399.000000,7435.500000,-20182.50,-20182.50
2014-04-23,3399.000000,3,3480.000000,3243.000000,7435.500000,-19777.50,-20962.50
2014-04-24,3399.000000,3,3213.000000,3162.000000,7435.500000,-21112.50,-21367.50
2014-04-25,3399.000000,3,2979.000000,2802.000000,7435.500000,-22282.50,-23167.50
2014-04-27,3209.100000,0,3209.100000,3209.100000,7435.500000,-21132.00,-21132.00
2014-04-28,3209.100000,0,3209.100000,3209.100000,7435.500000,-21132.00,-21132.00
2014-04-29,3209.100000,0,3209.100000,3209.100000,7435.500000,-21132.00,-21132.00
2014-04-30,3209.100000,0,3209.100000,3209.100000,7435.500000,-21132.00,-21132.00
2014-05-01,3209.100000,3,3128.100000,3020.100000,7435.500000,-21537.00,-22077.00
2014-05-02,3209.100000,3,2942.100000,2906.100000,7435.500000,-22467.00,-22647.00
2014-05-04,3209.100000,3,2987.100000,2951.100000,7435.500000,-22242.00,-22422.00
2014-05-05,2995.200000,0,2995.200000,2995.200000,7435.500000,-22201.50,-22201.50
2014-05-06,2995.200000,0,2995.200000,2995.200000,7435.500000,-22201.50,-22201.50
2014-05-07,2995.200000,0,2995.200000,2995.200000,7435.500000,-22201.50,-22201.50
2014-05-08,2995.200000,0,2995.200000,2995.200000,7435.500000,-22201.50,-22201.50
2014-05-09,2995.200000,3,3121.200000,2878.200000,7435.500000,-21571.50,-22786.50
2014-05-11,2995.200000,3,3166.200000,3115.200000,7435.500000,-21346.50,-21601.50
2014-05-12,2995.200000,3,3529.200000,3151.200000,7435.500000,-19531.50,-21421.50
2014-05-13,2995.200000,3,3550.200000,3505.200000,7435.500000,-19426.50,-19651.50
2014-05-14,2995.200000,3,3271.200000,3196.200000,7435.500000,-20821.50,-21196.50
2014-05-15,2995.200000,3,2794.200000,2623.200000,7435.500000,-23206.50,-24061.50
2014-05-16,2995.200000,3,2902.200000,2656.200000,7435.500000,-22666.50,-23896.50
2014-05-18,2784.300000,0,2784.300000,2784.300000,7435.500000,-23256.00,-23256.00
2014-05-19,2784.300000,3,2790.300000,2532.300000,7435.500000,-23226.00,-24516.00
2014-05-20,2784.300000,3,2364.300000,2301.300000,7435.500000,-25356.00,-25671.00
2014-05-21,2784.300000,3,2877.300000,2355.300000,7435.500000,-22791.00,-25401.00
2014-05-22,2360.400000,0,2360.400000,2360.400000,7435.500000,-25375.50,-25375.50
2014-05-23,2360.400000,0,2360.400000,2360.400000,7435.500000,-25375.50,-25375.50
2014-05-25,2360.400000,0,2360.400000,2360.400000,7435.500000,-25375.50,-25375.50
2014-05-26,2360.400000,0,2360.400000,2360.400000,7435.500000,-25375.50,-25375.50
2014-05-27,2360.400000,0,2360.400000,2360.400000,7435.500000,-25375.50,-25375.50
2014-05-28,2360.400000,0,2360.400000,2360.400000,7435.500000,-25375.50,-25375.50
2014-05-29,2360.400000,0,2360.400000,2360.400000,7435.500000,-25375.50,-25375.50
2014-05-30,2360.400000,0,2360.400000,2360.400000,7435.500000,-25375.50,-25375.50
2014-06-01,2360.400000,0,2360.400000,2360.400000,7435.500000,-25375.50,-25375.50
2014-06-02,2360.400000,0,2360.400000,2360.400000,7435.500000,-25375.50,-25375.50
2014-06-03,2360.400000,0,2360.400000,2360.400000,7435.500000,-25375.50,-25375.50
2014-06-04,2360.400000,0,2360.400000,2360.400000,7435.500000,-25375.50,-25375.50
2014-06-05,2360.400000,0,2360.400000,2360.400000,7435.500000,-25375.50,-25375.50
2014-06-06,2360.400000,3,2702.400000,2345.400000,7435.500000,-23665.50,-25450.50
2014-06-08,2360.400000,3,2669.400000,2663.400000,7435.500000,-23830.50,-23860.50
2014-06-09,2360.400000,3,2669.400000,2606.400000,7435.500000,-23830.50,-24145.50
2014-06-10,2360.400000,3,2672.400000,2549.400000,7435.500000,-23815.50,-24430.50
2014-06-11,2360.400000,3,2447.400000,2327.400000,7435.500000,-24940.50,-25540.50
2014-06-12,2360.400000,3,2069.400000,1994.400000,7435.500000,-26830.50,-27205.50
2014-06-13,2360.400000,3,1964.400000,1802.400000,7435.500000,-27355.50,-28165.50
2014-06-15,1852.500000,0,1852.500000,1852.500000,7435.500000,-27915.00,-27915.00
2014-06-16,1852.500000,0,1852.500000,1852.500000,7435.500000,-27915.00,-27915.00
2014-06-17,1852.500000,0,1852.500000,1852.500000,7435.500000,-27915.00,-27915.00
2014-06-18,1852.500000,0,1852.500000,1852.500000,7435.500000,-27915.00,-27915.00
2014-06-19,1852.500000,0,1852.500000,1852.500000,7435.500000,-27915.00,-27915.00
2014-06-20,1852.500000,0,1852.500000,1852.500000,7435.500000,-27915.00,-27915.00
2014-06-22,1852.500000,0,1852.500000,1852.500000,7435.500000,-27915.00,-27915.00
2014-06-23,1852.500000,0,1852.500000,1852.500000,7435.500000,-27915.00,-27915.00
2014-06-24,1852.500000,0,1852.500000,1852.500000,7435.500000,-27915.00,-27915.00
2014-06-25,1852.500000,0,1852.500000,1852.500000,7435.500000,-27915.00,-27915.00
2014-06-26,1852.500000,0,1852.500000,1852.500000,7435.500000,-27915.00,-27915.00
2014-06-27,1852.500000,0,1852.500000,1852.500000,7435.500000,-27915.00,-27915.00
2014-06-29,1852.500000,0,1852.500000,1852.500000,7435.500000,-27915.00,-27915.00
2014-06-30,1852.500000,0,1852.500000,1852.500000,7435.500000,-27915.00,-27915.00
2014-07-01,1852.500000,0,1852.500000,1852.500000,7435.500000,-27915.00,-27915.00
2014-07-02,1852.500000,0,1852.500000,1852.500000,7435.500000,-27915.00,-27915.00
2014-07-03,1852.500000,0,1852.500000,1852.500000,7435.500000,-27915.00,-27915.00
2014-07-04,1852.500000,3,1831.500000,1804.500000,7435.500000,-28020.00,-28155.00
2014-07-06,1852.500000,3,1840.500000,1813.500000,7435.500000,-27975.00,-28110.00
2014-07-07,1852.500000,3,1729.500000,1636.500000,7435.500000,-28530.00,-28995.00
2014-07-08,1836.600000,0,1836.600000,1836.600000,7435.500000,-27994.50,-27994.50
2014-07-09,1836.600000,0,1836.600000,1836.600000,7435.500000,-27994.50,-27994.50
2014-07-10,1836.600000,0,1836.600000,1836.600000,7435.500000,-27994.50,-27994.50
2014-07-11,1836.600000,0,1836.600000,1836.600000,7435.500000,-27994.50,-27994.50
2014-07-13,1836.600000,0,1836.600000,1836.600000,7435.500000,-27994.50,-27994.50
2014-07-14,1836.600000,0,1836.600000,1836.600000,7435.500000,-27994.50,-27994.50
2014-07-15,1836.600000,3,1887.600000,1680.600000,7435.500000,-27739.50,-28774.50
2014-07-16,1836.600000,3,2031.600000,1857.600000,7435.500000,-27019.50,-27889.50
2014-07-17,1836.600000,3,1554.600000,1389.600000,7435.500000,-29404.50,-30229.50
2014-07-18,1836.600000,3,1962.600000,1539.600000,7435.500000,-27364.50,-29479.50
2014-07-20,1544.700000,3,1562.700000,1535.700000,7435.500000,-29364.00,-29499.00
2014-07-21,1544.700000,3,1424.700000,1202.700000,7435.500000,-30054.00,-31164.00
2014-07-22,1544.700000,3,1562.700000,1415.700000,7435.500000,-29364.00,-30099.00
2014-07-23,1544.700000,3,1556.700000,1454.700000,7435.500000,-29394.00,-29904.00
2014-07-24,1544.700000,3,1445.700000,1373.700000,7435.500000,-29949.00,-30309.00
2014-07-25,1544.700000,3,1136.700000,1016.700000,7435.500000,-31494.00,-32094.00
2014-07-27,1544.700000,3,1073.700000,1034.700000,7435.500000,-31809.00,-32004.00
2014-07-28,1153.800000,0,1153.800000,1153.800000,7435.500000,-31408.50,-31408.50
2014-07-29,1153.800000,0,1153.800000,1153.800000,7435.500000,-31408.50,-31408.50
2014-07-30,1153.800000,0,1153.800000,1153.800000,7435.500000,-31408.50,-31408.50
2014-07-31,1153.800000,0,1153.800000,1153.800000,7435.500000,-31408.50,-31408.50
2014-08-01,1153.800000,0,1153.800000,1153.800000,7435.500000,-31408.50,-31408.50
2014-08-03,1153.800000,0,1153.800000,1153.800000,7435.500000,-31408.50,-31408.50
2014-08-04,1153.800000,0,1153.800000,1153.800000,7435.500000,-31408.50,-31408.50
2014-08-05,1153.800000,0,1153.800000,1153.800000,7435.500000,-31408.50,-31408.50
2014-08-06,1153.800000,0,1153.800000,1153.800000,7435.500000,-31408.50,-31408.50
2014-08-07,1153.800000,0,1153.800000,1153.800000,7435.500000,-31408.50,-31408.50
2014-08-08,1153.800000,0,1153.800000,1153.800000,7435.500000,-31408.50,-31408.50
2014-08-10,1153.800000,0,1153.800000,1153.800000,7435.500000,-31408.50,-31408.50
2014-08-11,1153.800000,0,1153.800000,1153.800000,7435.500000,-31408.50,-31408.50
2014-08-12,1153.800000,0,1153.800000,1153.800000,7435.500000,-31408.50,-31408.50
2014-08-13,1153.800000,0,1153.800000,1153.800000,7435.500000,-31408.50,-31408.50
2014-08-14,1153.800000,0,1153.800000,1153.800000,7435.500000,-31408.50,-31408.50
2014-08-15,1153.800000,0,1153.800000,1153.800000,7435.500000,-31408.50,-31408.50
2014-08-17,1153.800000,0,1153.800000,1153.800000,7435.500000,-31408.50,-31408.50
2014-08-18,1153.800000,0,1153.800000,1153.800000,7435.500000,-31408.50,-31408.50
2014-08-19,1153.800000,3,1339.800000,1144.800000,7435.500000,-30478.50,-31453.50
2014-08-20,1153.800000,3,1597.800000,1273.800000,7435.500000,-29188.50,-30808.50
2014-08-21,1153.800000,3,1771.800000,1525.800000,7435.500000,-28318.50,-29548.50
2014-08-22,1153.800000,3,1705.800000,1594.800000,7435.500000,-28648.50,-29203.50
2014-08-25,1153.800000,3,1876.800000,1708.800000,7435.500000,-27793.50,-28633.50
2014-08-26,1153.800000,3,2005.800000,1819.800000,7435.500000,-27148.50,-28078.50
2014-08-27,1153.800000,3,1990.800000,1924.800000,7435.500000,-27223.50,-27553.50
2014-08-28,1153.800000,3,1984.800000,1729.800000,7435.500000,-27253.50,-28528.50
2014-08-29,1153.800000,3,1930.800000,1774.800000,7435.500000,-27523.50,-28303.50
2014-08-31,1153.800000,4,1997.800000,1673.800000,7435.500000,-27188.50,-28808.50
2014-09-01,1153.800000,4,2009.800000,1881.800000,7435.500000,-27128.50,-27768.50
2014-09-02,1153.800000,4,1881.800000,1669.800000,7435.500000,-27768.50,-28828.50
2014-09-03,1153.800000,4,1921.800000,1861.800000,7435.500000,-27568.50,-27868.50
2014-09-04,1153.800000,4,2013.800000,1733.800000,7435.500000,-27108.50,-28508.50
2014-09-05,1153.800000,4,2193.800000,1653.800000,7435.500000,-26208.50,-28908.50
2014-09-07,1153.800000,4,2141.800000,2085.800000,7435.500000,-26468.50,-26748.50
2014-09-08,1153.800000,4,2057.800000,1945.800000,7435.500000,-26888.50,-27448.50
2014-09-09,1153.800000,4,1713.800000,1605.800000,7435.500000,-28608.50,-29148.50
2014-09-10,1153.800000,4,1889.800000,1533.800000,7435.500000,-27728.50,-29508.50
2014-09-11,1153.800000,4,1845.800000,1557.800000,7435.500000,-27948.50,-29388.50
2014-09-12,1153.800000,4,1253.800000,1069.800000,7435.500000,-30908.50,-31828.50
2014-09-14,1153.800000,5,1023.800000,983.800000,7435.500000,-32058.50,-32258.50
2014-09-15,1153.800000,5,1543.800000,1013.800000,7435.500000,-29458.50,-32108.50
2014-09-16,1153.800000,5,2063.800000,1238.800000,7435.500000,-26858.50,-30983.50
2014-09-17,1153.800000,5,2168.800000,1813.800000,7435.500000,-26333.50,-28108.50
2014-09-18,1153.800000,5,2858.800000,2138.800000,7435.500000,-22883.50,-26483.50
2014-09-19,1153.800000,5,2733.800000,2638.800000,7435.500000,-23508.50,-23983.50
2014-09-21,1153.800000,5,2828.800000,2728.800000,7435.500000,-23033.50,-23533.50
2014-09-22,1153.800000,5,2138.800000,2133.800000,7435.500000,-26483.50,-26508.50
2014-09-23,1153.800000,5,1613.800000,1428.800000,7435.500000,-29108.50,-30033.50
2014-09-24,1153.800000,5,2473.800000,1553.800000,7435.500000,-24808.50,-29408.50
2014-09-25,1153.800000,5,1423.800000,1103.800000,7435.500000,-30058.50,-31658.50
2014-09-26,1153.800000,5,1903.800000,1188.800000,7435.500000,-27658.50,-31233.50
2014-09-28,1153.800000,6,1772.800000,1772.800000,7435.500000,-28313.50,-28313.50
2014-09-29,1153.800000,6,1628.800000,836.800000,7435.500000,-29033.50,-32993.50
2014-09-30,1153.800000,6,1382.800000,1310.800000,7435.500000,-30263.50,-30623.50
2014-10-01,1153.800000,6,182.800000,-111.200000,7435.500000,-36263.50,-37733.50
2014-10-02,1153.800000,6,98.800000,-717.200000,7435.500000,-36683.50,-40763.50
2014-10-05,187.000000,0,187.000000,187.000000,7435.500000,-36242.50,-36242.50
2014-10-06,187.000000,0,187.000000,187.000000,7435.500000,-36242.50,-36242.50
2014-10-07,187.000000,0,187.000000,187.000000,7435.500000,-36242.50,-36242.50
2014-10-08,187.000000,0,187.000000,187.000000,7435.500000,-36242.50,-36242.50
2014-10-09,187.000000,0,187.000000,187.000000,7435.500000,-36242.50,-36242.50
2014-10-10,187.000000,0,187.000000,187.000000,7435.500000,-36242.50,-36242.50
2014-10-12,187.000000,0,187.000000,187.000000,7435.500000,-36242.50,-36242.50
2014-10-13,187.000000,0,187.000000,187.000000,7435.500000,-36242.50,-36242.50
2014-10-14,187.000000,0,187.000000,187.000000,7435.500000,-36242.50,-36242.50
2014-10-15,187.000000,0,187.000000,187.000000,7435.500000,-36242.50,-36242.50
2014-10-16,187.000000,0,187.000000,187.000000,7435.500000,-36242.50,-36242.50
2014-10-17,187.000000,0,187.000000,187.000000,7435.500000,-36242.50,-36242.50
2014-10-19,187.000000,0,187.000000,187.000000,7435.500000,-36242.50,-36242.50
2014-10-20,187.000000,0,187.000000,187.000000,7435.500000,-36242.50,-36242.50
2014-10-21,187.000000,0,187.000000,187.000000,7435.500000,-36242.50,-36242.50
2014-10-22,187.000000,0,187.000000,187.000000,7435.500000,-36242.50,-36242.50
2014-10-23,187.000000,0,187.000000,187.000000,7435.500000,-36242.50,-36242.50
2014-10-24,187.000000,0,187.000000,187.000000,7435.500000,-36242.50,-36242.50
2014-10-26,187.000000,3,241.000000,151.000000,7435.500000,-35972.50,-36422.50
2014-10-27,187.000000,3,232.000000,-98.000000,7435.500000,-36017.50,-37667.50
2014-10-28,187.000000,3,685.000000,208.000000,7435.500000,-33752.50,-36137.50
2014-10-29,187.000000,3,664.000000,406.000000,7435.500000,-33857.50,-35147.50
2014-10-30,187.000000,3,1309.000000,439.000000,7435.500000,-30632.50,-34982.50
2014-10-31,187.000000,3,1816.000000,1261.000000,7435.500000,-28097.50,-30872.50
2014-11-02,187.000000,3,1864.000000,1822.000000,7435.500000,-27857.50,-28067.50
2014-11-03,187.000000,3,1762.000000,1747.000000,7435.500000,-28367.50,-28442.50
2014-11-04,187.000000,3,1825.000000,1570.000000,7435.500000,-28052.50,-29327.50
2014-11-05,187.000000,3,2167.000000,1819.000000,7435.500000,-26342.50,-28082.50
2014-11-06,187.000000,3,2461.000000,2047.000000,7435.500000,-24872.50,-26942.50
2014-11-07,187.000000,3,2473.000000,2257.000000,7435.500000,-24812.50,-25892.50
2014-11-09,187.000000,4,2486.000000,2406.000000,7435.500000,-24747.50,-25147.50
2014-11-10,187.000000,4,2598.000000,2334.000000,7435.500000,-24187.50,-25507.50
2014-11-11,187.000000,4,2666.000000,2570.000000,7435.500000,-23847.50,-24327.50
2014-11-12,187.000000,4,2686.000000,2378.000000,7435.500000,-23747.50,-25287.50
2014-11-13,187.000000,4,2870.000000,2618.000000,7435.500000,-22827.50,-24087.50
2014-11-14,187.000000,4,2914.000000,2754.000000,7435.500000,-22607.50,-23407.50
2014-11-16,187.000000,4,2790.000000,2766.000000,7435.500000,-23227.50,-23347.50
2014-11-17,187.000000,4,2898.000000,2490.000000,7435.500000,-22687.50,-24727.50
2014-11-18,187.000000,4,3018.000000,2846.000000,7435.500000,-22087.50,-22947.50
2014-11-19,187.000000,4,3074.000000,2810.000000,7435.500000,-21807.50,-23127.50
2014-11-20,187.000000,4,3182.000000,2678.000000,7435.500000,-21267.50,-23787.50
2014-11-21,187.000000,4,3562.000000,3158.000000,7435.500000,-19367.50,-21387.50
2014-11-23,187.000000,5,3590.000000,3535.000000,7435.500000,-19227.50,-19502.50
2014-11-24,187.000000,5,3640.000000,3490.000000,7435.500000,-18977.50,-19727.50
2014-11-25,187.000000,5,3725.000000,3480.000000,7435.500000,-18552.50,-19777.50
2014-11-26,187.000000,5,3735.000000,3530.000000,7435.500000,-18502.50,-19527.50
2014-11-27,187.000000,5,3735.000000,3595.000000,7435.500000,-18502.50,-19202.50
2014-11-28,187.000000,5,3705.000000,3460.000000,7435.500000,-18652.50,-19877.50
2014-11-30,187.000000,5,3415.000000,3185.000000,7435.500000,-20102.50,-21252.50
2014-12-01,187.000000,5,3470.000000,3170.000000,7435.500000,-19827.50,-21327.50
2014-12-02,187.000000,5,4010.000000,3445.000000,7435.500000,-17127.50,-19952.50
2014-12-03,187.000000,5,4150.000000,3865.000000,7435.500000,-16427.50,-17852.50
2014-12-04,187.000000,5,4115.000000,3670.000000,7435.500000,-16602.50,-18827.50
2014-12-05,187.000000,5,4465.000000,4075.000000,7435.500000,-14852.50,-16802.50
2014-12-07,187.000000,6,4429.000000,4387.000000,7435.500000,-15032.50,-15242.50
2014-12-08,187.000000,6,3907.000000,3469.000000,7435.500000,-17642.50,-19832.50
2014-12-09,187.000000,6,3421.000000,2449.000000,7435.500000,-20072.50,-24932.50
2014-12-10,187.000000,6,1945.000000,1711.000000,7435.500000,-27452.50,-28622.50
2014-12-11,187.000000,6,2059.000000,1807.000000,7435.500000,-26882.50,-28142.50
2014-12-12,1943.200000,0,1943.200000,1943.200000,7435.500000,-27461.50,-27461.50
2014-12-14,1943.200000,0,1943.200000,1943.200000,7435.500000,-27461.50,-27461.50
2014-12-15,1943.200000,0,1943.200000,1943.200000,7435.500000,-27461.50,-27461.50
2014-12-16,1943.200000,0,1943.200000,1943.200000,7435.500000,-27461.50,-27461.50
2014-12-17,1943.200000,0,1943.200000,1943.200000,7435.500000,-27461.50,-27461.50
2014-12-18,1943.200000,0,1943.200000,1943.200000,7435.500000,-27461.50,-27461.50
2014-12-19,1943.200000,3,2000.200000,1850.200000,7435.500000,-27176.50,-27926.50
2014-12-21,1943.200000,3,2099.200000,2015.200000,7435.500000,-26681.50,-27101.50
2014-12-22,1943.200000,3,2501.200000,2036.200000,7435.500000,-24671.50,-26996.50
2014-12-23,1943.200000,3,2723.200000,2483.200000,7435.500000,-23561.50,-24761.50
2014-12-24,1943.200000,3,2750.200000,2705.200000,7435.500000,-23426.50,-23651.50
2014-12-25,1943.200000,3,2852.200000,2756.200000,7435.500000,-22916.50,-23396.50
2014-12-26,1943.200000,3,2870.200000,2777.200000,7435.500000,-22826.50,-23291.50
2014-12-28,1943.200000,4,2831.200000,2799.200000,7435.500000,-23021.50,-23181.50
2014-12-29,1943.200000,4,2767.200000,2531.200000,7435.500000,-23341.50,-24521.50
2014-12-30,1943.200000,4,2567.200000,2323.200000,7435.500000,-24341.50,-25561.50
2014-12-31,1943.200000,4,1859.200000,1723.200000,7435.500000,-27881.50,-28561.50
2015-01-01,1943.200000,4,2055.200000,1875.200000,7435.500000,-26901.50,-27801.50
2015-01-02,1943.200000,4,1683.200000,1387.200000,7435.500000,-28761.50,-30241.50
2015-01-04,1943.200000,4,1491.200000,1459.200000,7435.500000,-29721.50,-29881.50
2015-01-05,1943.200000,4,719.200000,335.200000,7435.500000,-33581.50,-35501.50
2015-01-06,1486.000000,0,1486.000000,1486.000000,7435.500000,-29747.50,-29747.50
2015-01-07,1486.000000,0,1486.000000,1486.000000,7435.500000,-29747.50,-29747.50
2015-01-08,1486.000000,0,1486.000000,1486.000000,7435.500000,-29747.50,-29747.50
2015-01-09,1486.000000,0,1486.000000,1486.000000,7435.500000,-29747.50,-29747.50
2015-01-11,1486.000000,0,1486.000000,1486.000000,7435.500000,-29747.50,-29747.50
2015-01-12,1486.000000,0,1486.000000,1486.000000,7435.500000,-29747.50,-29747.50
2015-01-13,1486.000000,0,1486.000000,1486.000000,7435.500000,-29747.50,-29747.50
2015-01-14,1486.000000,0,1486.000000,1486.000000,7435.500000,-29747.50,-29747.50
2015-01-15,1486.000000,0,1486.000000,1486.000000,7435.500000,-29747.50,-29747.50
2015-01-16,1486.000000,0,1486.000000,1486.000000,7435.500000,-29747.50,-29747.50
2015-01-18,1486.000000,0,1486.000000,1486.000000,7435.500000,-29747.50,-29747.50
2015-01-19,1486.000000,0,1486.000000,1486.000000,7435.500000,-29747.50,-29747.50
2015-01-20,1486.000000,0,1486.000000,1486.000000,7435.500000,-29747.50,-29747.50
2015-01-21,1486.000000,0,1486.000000,1486.000000,7435.500000,-29747.50,-29747.50
2015-01-22,1486.000000,0,1486.000000,1486.000000,7435.500000,-29747.50,-29747.50
2015-01-23,1486.000000,0,1486.000000,1486.000000,7435.500000,-29747.50,-29747.50
2015-01-25,1486.000000,0,1486.000000,1486.000000,7435.500000,-29747.50,-29747.50
2015-01-26,1486.000000,0,1486.000000,1486.000000,7435.500000,-29747.50,-29747.50
2015-01-27,1486.000000,0,1486.000000,1486.000000,7435.500000,-29747.50,-29747.50
2015-01-28,1486.000000,0,1486.000000,1486.000000,7435.500000,-29747.50,-29747.50
2015-01-29,1486.000000,0,1486.000000,1486.000000,7435.500000,-29747.50,-29747.50
2015-01-30,1486.000000,0,1486.000000,1486.000000,7435.500000,-29747.50,-29747.50
2015-02-01,1486.000000,0,1486.000000,1486.000000,7435.500000,-29747.50,-29747.50
2015-02-02,1486.000000,0,1486.000000,1486.000000,7435.500000,-29747.50,-29747.50
2015-02-03,1486.000000,0,1486.000000,1486.000000,7435.500000,-29747.50,-29747.50
2015-02-04,1486.000000,0,1486.000000,1486.000000,7435.500000,-29747.50,-29747.50
2015-02-05,1486.000000,0,1486.000000,1486.000000,7435.500000,-29747.50,-29747.50
2015-02-06,1486.000000,0,1486.000000,1486.000000,7435.500000,-29747.50,-29747.50
2015-02-08,1486.000000,0,1486.000000,1486.000000,7435.500000,-29747.50,-29747.50
2015-02-09,1486.000000,0,1486.000000,1486.000000,7435.500000,-29747.50,-29747.50
2015-02-10,1486.000000,0,1486.000000,1486.000000,7435.500000,-29747.50,-29747.50
2015-02-11,1486.000000,0,1486.000000,1486.000000,7435.500000,-29747.50,-29747.50
2015-02-12,1486.000000,0,1486.000000,1486.000000,7435.500000,-29747.50,-29747.50
2015-02-13,1486.000000,3,1699.000000,1468.000000,7435.500000,-28682.50,-29837.50
2015-02-15,1486.000000,3,1603.000000,1603.000000,7435.500000,-29162.50,-29162.50
2015-02-16,1486.000000,3,1495.000000,1402.000000,7435.500000,-29702.50,-30167.50
2015-02-17,1486.000000,3,1762.000000,1408.000000,7435.500000,-28367.50,-30137.50
2015-02-18,1486.000000,3,1678.000000,1588.000000,7435.500000,-28787.50,-29237.50
2015-02-19,1486.000000,3,1594.000000,1417.000000,7435.500000,-29207.50,-30092.50
2015-02-20,1486.000000,3,2062.000000,1288.000000,7435.500000,-26867.50,-30737.50
2015-02-22,1486.000000,4,2044.000000,2008.000000,7435.500000,-26957.50,-27137.50
2015-02-23,1486.000000,4,1924.000000,1752.000000,7435.500000,-27557.50,-28417.50
2015-02-24,1486.000000,4,2360.000000,1920.000000,7435.500000,-25377.50,-27577.50
2015-02-25,1486.000000,4,2376.000000,2252.000000,7435.500000,-25297.50,-25917.50
2015-02-26,1486.000000,4,2360.000000,2188.000000,7435.500000,-25377.50,-26237.50
2015-02-27,1486.000000,4,2208.000000,2084.000000,7435.500000,-26137.50,-26757.50
2015-03-01,1486.000000,4,2272.000000,2156.000000,7435.500000,-25817.50,-26397.50
2015-03-02,1486.000000,4,2616.000000,2108.000000,7435.500000,-24097.50,-26637.50
2015-03-03,1486.000000,4,2304.000000,2096.000000,7435.500000,-25657.50,-26697.50
2015-03-04,1486.000000,4,1932.000000,1668.000000,7435.500000,-27517.50,-28837.50
2015-03-05,1486.000000,4,2088.000000,1900.000000,7435.500000,-26737.50,-27677.50
2015-03-06,1486.000000,4,1104.000000,860.000000,7435.500000,-31657.50,-32877.50
2015-03-08,1486.000000,4,1024.000000,988.000000,7435.500000,-32057.50,-32237.50
2015-03-09,1110.800000,0,1110.800000,1110.800000,7435.500000,-31623.50,-31623.50
2015-03-10,1110.800000,3,333.800000,198.800000,7435.500000,-35508.50,-36183.50
2015-03-11,1110.800000,3,177.800000,84.800000,7435.500000,-36288.50,-36753.50
2015-03-12,332.900000,0,332.900000,332.900000,7435.500000,-35513.00,-35513.00
2015-03-13,332.900000,0,332.900000,332.900000,7435.500000,-35513.00,-35513.00
2015-03-15,332.900000,0,332.900000,332.900000,7435.500000,-35513.00,-35513.00
2015-03-16,332.900000,0,332.900000,332.900000,7435.500000,-35513.00,-35513.00
2015-03-17,332.900000,0,332.900000,332.900000,7435.500000,-35513.00,-35513.00
2015-03-18,332.900000,0,332.900000,332.900000,7435.500000,-35513.00,-35513.00
2015-03-19,332.900000,0,332.900000,332.900000,7435.500000,-35513.00,-35513.00
2015-03-20,332.900000,0,332.900000,332.900000,7435.500000,-35513.00,-35513.00
2015-03-22,332.900000,0,332.900000,332.900000,7435.500000,-35513.00,-35513.00
2015-03-23,332.900000,0,332.900000,332.900000,7435.500000,-35513.00,-35513.00
2015-03-24,332.900000,0,332.900000,332.900000,7435.500000,-35513.00,-35513.00
2015-03-25,332.900000,0,332.900000,332.900000,7435.500000,-35513.00,-35513.00
2015-03-26,332.900000,0,332.900000,332.900000,7435.500000,-35513.00,-35513.00
2015-03-27,332.900000,0,332.900000,332.900000,7435.500000,-35513.00,-35513.00
2015-03-29,332.900000,0,332.900000,332.900000,7435.500000,-35513.00,-35513.00
2015-03-30,332.900000,0,332.900000,332.900000,7435.500000,-35513.00,-35513.00
2015-03-31,332.900000,0,332.900000,332.900000,7435.500000,-35513.00,-35513.00
2015-04-01,332.900000,0,332.900000,332.900000,7435.500000,-35513.00,-35513.00
2015-04-02,332.900000,0,332.900000,332.900000,7435.500000,-35513.00,-35513.00
2015-04-03,332.900000,0,332.900000,332.900000,7435.500000,-35513.00,-35513.00
2015-04-05,332.900000,0,332.900000,332.900000,7435.500000,-35513.00,-35513.00
2015-04-06,332.900000,0,332.900000,332.900000,7435.500000,-35513.00,-35513.00
2015-04-07,332.900000,0,332.900000,332.900000,7435.500000,-35513.00,-35513.00
2015-04-08,332.900000,0,332.900000,332.900000,7435.500000,-35513.00,-35513.00
2015-04-09,332.900000,0,332.900000,332.900000,7435.500000,-35513.00,-35513.00
2015-04-10,332.900000,0,332.900000,332.900000,7435.500000,-35513.00,-35513.00
2015-04-12,332.900000,0,332.900000,332.900000,7435.500000,-35513.00,-35513.00
2015-04-13,332.900000,0,332.900000,332.900000,7435.500000,-35513.00,-35513.00
2015-04-14,332.900000,0,332.900000,332.900000,7435.500000,-35513.00,-35513.00
2015-04-15,332.900000,0,332.900000,332.900000,7435.500000,-35513.00,-35513.00
2015-04-16,332.900000,0,332.900000,332.900000,7435.500000,-35513.00,-35513.00
2015-04-17,332.900000,0,332.900000,332.900000,7435.500000,-35513.00,-35513.00
2015-04-19,332.900000,0,332.900000,332.900000,7435.500000,-35513.00,-35513.00
2015-04-20,332.900000,0,332.900000,332.900000,7435.500000,-35513.00,-35513.00
2015-04-21,332.900000,0,332.900000,332.900000,7435.500000,-35513.00,-35513.00
2015-04-22,332.900000,0,332.900000,332.900000,7435.500000,-35513.00,-35513.00
2015-04-23,332.900000,0,332.900000,332.900000,7435.500000,-35513.00,-35513.00
2015-04-24,332.900000,0,332.900000,332.900000,7435.500000,-35513.00,-35513.00
2015-04-26,332.900000,0,332.900000,332.900000,7435.500000,-35513.00,-35513.00
2015-04-27,332.900000,0,332.900000,332.900000,7435.500000,-35513.00,-35513.00
2015-04-28,332.900000,0,332.900000,332.900000,7435.500000,-35513.00,-35513.00
2015-04-29,332.900000,0,332.900000,332.900000,7435.500000,-35513.00,-35513.00
2015-04-30,332.900000,0,332.900000,332.900000,7435.500000,-35513.00,-35513.00
2015-05-01,332.900000,0,332.900000,332.900000,7435.500000,-35513.00,-35513.00
2015-05-03,332.900000,0,332.900000,332.900000,7435.500000,-35513.00,-35513.00
2015-05-04,332.900000,0,332.900000,332.900000,7435.500000,-35513.00,-35513.00
2015-05-05,332.900000,0,332.900000,332.900000,7435.500000,-35513.00,-35513.00
2015-05-06,332.900000,0,332.900000,332.900000,7435.500000,-35513.00,-35513.00
2015-05-07,332.900000,0,332.900000,332.900000,7435.500000,-35513.00,-35513.00
2015-05-08,332.900000,0,332.900000,332.900000,7435.500000,-35513.00,-35513.00
2015-05-10,332.900000,3,332.900000,302.900000,7435.500000,-35513.00,-35663.00
2015-05-11,332.900000,3,50.900000,17.900000,7435.500000,-36923.00,-37088.00
2015-05-12,332.900000,3,107.900000,-444.100000,7435.500000,-36638.00,-39398.00
2015-05-13,47.000000,0,47.000000,47.000000,7435.500000,-36942.50,-36942.50
2015-05-14,47.000000,0,47.000000,47.000000,7435.500000,-36942.50,-36942.50
2015-05-15,47.000000,3,173.000000,-25.000000,7435.500000,-36312.50,-37302.50
2015-05-17,47.000000,3,107.000000,95.000000,7435.500000,-36642.50,-36702.50
2015-05-18,47.000000,3,242.000000,2.000000,7435.500000,-35967.50,-37167.50
2015-05-19,47.000000,3,281.000000,125.000000,7435.500000,-35772.50,-36552.50
2015-05-20,47.000000,3,92.000000,35.000000,7435.500000,-36717.50,-37002.50
2015-05-21,47.000000,3,224.000000,83.000000,7435.500000,-36057.50,-36762.50
2015-05-22,47.000000,3,131.000000,17.000000,7435.500000,-36522.50,-37092.50
2015-05-24,47.000000,4,137.000000,77.000000,7435.500000,-36492.50,-36792.50
2015-05-25,47.000000,4,69.000000,-63.000000,7435.500000,-36832.50,-37492.50
2015-05-26,47.000000,4,-631.000000,-931.000000,7435.500000,-40332.50,-41832.50
2015-05-27,47.000000,4,-231.000000,-683.000000,7435.500000,-38332.50,-40592.50
2015-05-28,-636.200000,3,-660.200000,-897.200000,7435.500000,-40478.50,-41663.50
2015-05-29,-636.200000,3,-1023.200000,-1200.200000,7435.500000,-42293.50,-43178.50
2015-05-31,-636.200000,3,-981.200000,-1023.200000,7435.500000,-42083.50,-42293.50
2015-06-01,-997.100000,0,-997.100000,-997.100000,7435.500000,-42163.00,-42163.00
2015-06-02,-997.100000,0,-997.100000,-997.100000,7435.500000,-42163.00,-42163.00
2015-06-03,-997.100000,0,-997.100000,-997.100000,7435.500000,-42163.00,-42163.00
2015-06-04,-997.100000,0,-997.100000,-997.100000,7435.500000,-42163.00,-42163.00
2015-06-05,-997.100000,0,-997.100000,-997.100000,7435.500000,-42163.00,-42163.00
2015-06-07,-997.100000,0,-997.100000,-997.100000,7435.500000,-42163.00,-42163.00
2015-06-08,-997.100000,0,-997.100000,-997.100000,7435.500000,-42163.00,-42163.00
2015-06-09,-997.100000,0,-997.100000,-997.100000,7435.500000,-42163.00,-42163.00
2015-06-10,-997.100000,0,-997.100000,-997.100000,7435.500000,-42163.00,-42163.00
2015-06-11,-997.100000,0,-997.100000,-997.100000,7435.500000,-42163.00,-42163.00
2015-06-12,-997.100000,0,-997.100000,-997.100000,7435.500000,-42163.00,-42163.00
2015-06-14,-997.100000,0,-997.100000,-997.100000,7435.500000,-42163.00,-42163.00
2015-06-15,-997.100000,0,-997.100000,-997.100000,7435.500000,-42163.00,-42163.00
2015-06-16,-997.100000,0,-997.100000,-997.100000,7435.500000,-42163.00,-42163.00
2015-06-17,-997.100000,0,-997.100000,-997.100000,7435.500000,-42163.00,-42163.00
2015-06-18,-997.100000,0,-997.100000,-997.100000,7435.500000,-42163.00,-42163.00
2015-06-19,-997.100000,0,-997.100000,-997.100000,7435.500000,-42163.00,-42163.00
2015-06-21,-997.100000,0,-997.100000,-997.100000,7435.500000,-42163.00,-42163.00
2015-06-22,-997.100000,0,-997.100000,-997.100000,7435.500000,-42163.00,-42163.00
2015-06-23,-997.100000,0,-997.100000,-997.100000,7435.500000,-42163.00,-42163.00
2015-06-24,-997.100000,0,-997.100000,-997.100000,7435.500000,-42163.00,-42163.00
2015-06-25,-997.100000,0,-997.100000,-997.100000,7435.500000,-42163.00,-42163.00
2015-06-26,-997.100000,0,-997.100000,-997.100000,7435.500000,-42163.00,-42163.00
2015-06-28,-997.100000,0,-997.100000,-997.100000,7435.500000,-42163.00,-42163.00
2015-06-29,-997.100000,0,-997.100000,-997.100000,7435.500000,-42163.00,-42163.00
2015-06-30,-997.100000,0,-997.100000,-997.100000,7435.500000,-42163.00,-42163.00
2015-07-01,-997.100000,0,-997.100000,-997.100000,7435.500000,-42163.00,-42163.00
2015-07-02,-997.100000,0,-997.100000,-997.100000,7435.500000,-42163.00,-42163.00
2015-07-03,-997.100000,0,-997.100000,-997.100000,7435.500000,-42163.00,-42163.00
2015-07-05,-997.100000,0,-997.100000,-997.100000,7435.500000,-42163.00,-42163.00
2015-07-06,-997.100000,0,-997.100000,-997.100000,7435.500000,-42163.00,-42163.00
2015-07-07,-997.100000,0,-997.100000,-997.100000,7435.500000,-42163.00,-42163.00
2015-07-08,-997.100000,0,-997.100000,-997.100000,7435.500000,-42163.00,-42163.00
2015-07-09,-997.100000,0,-997.100000,-997.100000,7435.500000,-42163.00,-42163.00
2015-07-10,-997.100000,0,-997.100000,-997.100000,7435.500000,-42163.00,-42163.00
2015-07-12,-997.100000,0,-997.100000,-997.100000,7435.500000,-42163.00,-42163.00
2015-07-13,-997.100000,0,-997.100000,-997.100000,7435.500000,-42163.00,-42163.00
2015-07-14,-997.100000,0,-997.100000,-997.100000,7435.500000,-42163.00,-42163.00
2015-07-15,-997.100000,3,-802.100000,-1063.100000,7435.500000,-41188.00,-42493.00
2015-07-16,-997.100000,3,-808.100000,-883.100000,7435.500000,-41218.00,-41593.00
2015-07-17,-997.100000,3,-832.100000,-976.100000,7435.500000,-41338.00,-42058.00
2015-07-19,-997.100000,3,-829.100000,-871.100000,7435.500000,-41323.00,-41533.00
2015-07-20,-997.100000,3,-883.100000,-919.100000,7435.500000,-41593.00,-41773.00
2015-07-21,-997.100000,3,-1426.100000,-1474.100000,7435.500000,-44308.00,-44548.00
2015-07-22,-997.100000,3,-1429.100000,-1648.100000,7435.500000,-44323.00,-45418.00
2015-07-23,-1424.000000,0,-1424.000000,-1424.000000,7435.500000,-44297.50,-44297.50
2015-07-24,-1424.000000,0,-1424.000000,-1424.000000,7435.500000,-44297.50,-44297.50
2015-07-26,-1424.000000,0,-1424.000000,-1424.000000,7435.500000,-44297.50,-44297.50
2015-07-27,-1424.000000,0,-1424.000000,-1424.000000,7435.500000,-44297.50,-44297.50
2015-07-28,-1424.000000,0,-1424.000000,-1424.000000,7435.500000,-44297.50,-44297.50
2015-07-29,-1424.000000,0,-1424.000000,-1424.000000,7435.500000,-44297.50,-44297.50
2015-07-30,-1424.000000,0,-1424.000000,-1424.000000,7435.500000,-44297.50,-44297.50
2015-07-31,-1424.000000,0,-1424.000000,-1424.000000,7435.500000,-44297.50,-44297.50
2015-08-02,-1424.000000,0,-1424.000000,-1424.000000,7435.500000,-44297.50,-44297.50
2015-08-03,-1424.000000,0,-1424.000000,-1424.000000,7435.500000,-44297.50,-44297.50
2015-08-04,-1424.000000,0,-1424.000000,-1424.000000,7435.500000,-44297.50,-44297.50
2015-08-05,-1424.000000,0,-1424.000000,-1424.000000,7435.500000,-44297.50,-44297.50
2015-08-06,-1424.000000,0,-1424.000000,-1424.000000,7435.500000,-44297.50,-44297.50
2015-08-07,-1424.000000,0,-1424.000000,-1424.000000,7435.500000,-44297.50,-44297.50
2015-08-09,-1424.000000,0,-1424.000000,-1424.000000,7435.500000,-44297.50,-44297.50
2015-08-10,-1424.000000,0,-1424.000000,-1424.000000,7435.500000,-44297.50,-44297.50
2015-08-11,-1424.000000,0,-1424.000000,-1424.000000,7435.500000,-44297.50,-44297.50
2015-08-12,-1424.000000,0,-1424.000000,-1424.000000,7435.500000,-44297.50,-44297.50
2015-08-13,-1424.000000,0,-1424.000000,-1424.000000,7435.500000,-44297.50,-44297.50
2015-08-14,-1424.000000,0,-1424.000000,-1424.000000,7435.500000,-44297.50,-44297.50
2015-08-16,-1424.000000,0,-1424.000000,-1424.000000,7435.500000,-44297.50,-44297.50
2015-08-17,-1424.000000,0,-1424.000000,-1424.000000,7435.500000,-44297.50,-44297.50
2015-08-18,-1424.000000,0,-1424.000000,-1424.000000,7435.500000,-44297.50,-44297.50
2015-08-19,-1424.000000,0,-1424.000000,-1424.000000,7435.500000,-44297.50,-44297.50
2015-08-20,-1424.000000,0,-1424.000000,-1424.000000,7435.500000,-44297.50,-44297.50
2015-08-21,-1424.000000,0,-1424.000000,-1424.000000,7435.500000,-44297.50,-44297.50
2015-08-23,-1424.000000,0,-1424.000000,-1424.000000,7435.500000,-44297.50,-44297.50
2015-08-24,-1424.000000,0,-1424.000000,-1424.000000,7435.500000,-44297.50,-44297.50
2015-08-25,-1424.000000,0,-1424.000000,-1424.000000,7435.500000,-44297.50,-44297.50
2015-08-26,-1424.000000,0,-1424.000000,-1424.000000,7435.500000,-44297.50,-44297.50
2015-08-27,-1424.000000,0,-1424.000000,-1424.000000,7435.500000,-44297.50,-44297.50
2015-08-28,-1424.000000,3,-1457.000000,-1958.000000,7435.500000,-44462.50,-46967.50
2015-08-30,-1424.000000,3,-1916.000000,-2078.000000,7435.500000,-46757.50,-47567.50
2015-08-31,-1424.000000,3,-2150.000000,-2174.000000,7435.500000,-47927.50,-48047.50
2015-09-01,-1916.900000,0,-1916.900000,-1916.900000,7435.500000,-46762.00,-46762.00
2015-09-02,-1916.900000,0,-1916.900000,-1916.900000,7435.500000,-46762.00,-46762.00
2015-09-03,-1916.900000,0,-1916.900000,-1916.900000,7435.500000,-46762.00,-46762.00
2015-09-04,-1916.900000,0,-1916.900000,-1916.900000,7435.500000,-46762.00,-46762.00
2015-09-06,-1916.900000,0,-1916.900000,-1916.900000,7435.500000,-46762.00,-46762.00
2015-09-07,-1916.900000,0,-1916.900000,-1916.900000,7435.500000,-46762.00,-46762.00
2015-09-08,-1916.900000,0,-1916.900000,-1916.900000,7435.500000,-46762.00,-46762.00
2015-09-09,-1916.900000,0,-1916.900000,-1916.900000,7435.500000,-46762.00,-46762.00
2015-09-10,-1916.900000,0,-1916.900000,-1916.900000,7435.500000,-46762.00,-46762.00
2015-09-11,-1916.900000,0,-1916.900000,-1916.900000,7435.500000,-46762.00,-46762.00
2015-09-13,-1916.900000,0,-1916.900000,-1916.900000,7435.500000,-46762.00,-46762.00
2015-09-14,-1916.900000,0,-1916.900000,-1916.900000,7435.500000,-46762.00,-46762.00
2015-09-15,-1916.900000,0,-1916.900000,-1916.900000,7435.500000,-46762.00,-46762.00
2015-09-16,-1916.900000,0,-1916.900000,-1916.900000,7435.500000,-46762.00,-46762.00
2015-09-17,-1916.900000,3,-2183.900000,-2297.900000,7435.500000,-48097.00,-48667.00
2015-09-18,-1916.900000,3,-2903.900000,-3143.900000,7435.500000,-51697.00,-52897.00
2015-09-20,-2184.800000,0,-2184.800000,-2184.800000,7435.500000,-48101.50,-48101.50
2015-09-21,-2184.800000,0,-2184.800000,-2184.800000,7435.500000,-48101.50,-48101.50
2015-09-22,-2184.800000,0,-2184.800000,-2184.800000,7435.500000,-48101.50,-48101.50
2015-09-23,-2184.800000,0,-2184.800000,-2184.800000,7435.500000,-48101.50,-48101.50
2015-09-24,-2184.800000,0,-2184.800000,-2184.800000,7435.500000,-48101.50,-48101.50
2015-09-25,-2184.800000,0,-2184.800000,-2184.800000,7435.500000,-48101.50,-48101.50
2015-09-27,-2184.800000,0,-2184.800000,-2184.800000,7435.500000,-48101.50,-48101.50
2015-09-28,-2184.800000,0,-2184.800000,-2184.800000,7435.500000,-48101.50,-48101.50
2015-09-29,-2184.800000,0,-2184.800000,-2184.800000,7435.500000,-48101.50,-48101.50
2015-09-30,-2184.800000,0,-2184.800000,-2184.800000,7435.500000,-48101.50,-48101.50
2015-10-01,-2184.800000,0,-2184.800000,-2184.800000,7435.500000,-48101.50,-48101.50
2015-10-02,-2184.800000,0,-2184.800000,-2184.800000,7435.500000,-48101.50,-48101.50
2015-10-04,-2184.800000,0,-2184.800000,-2184.800000,7435.500000,-48101.50,-48101.50
2015-10-05,-2184.800000,0,-2184.800000,-2184.800000,7435.500000,-48101.50,-48101.50
2015-10-06,-2184.800000,3,-2229.800000,-2430.800000,7435.500000,-48326.50,-49331.50
2015-10-07,-2184.800000,3,-1758.800000,-2280.800000,7435.500000,-45971.50,-48581.50
2015-10-08,-2184.800000,3,-1290.800000,-2118.800000,7435.500000,-43631.50,-47771.50
2015-10-09,-2184.800000,3,-1221.800000,-1428.800000,7435.500000,-43286.50,-44321.50
2015-10-11,-2184.800000,3,-1308.800000,-1320.800000,7435.500000,-43721.50,-43781.50
2015-10-12,-2184.800000,3,-1032.800000,-1329.800000,7435.500000,-42341.50,-43826.50
2015-10-13,-2184.800000,3,-1272.800000,-1398.800000,7435.500000,-43541.50,-44171.50
2015-10-14,-2184.800000,3,-1602.800000,-1779.800000,7435.500000,-45191.50,-46076.50
2015-10-15,-2184.800000,3,-873.800000,-1635.800000,7435.500000,-41546.50,-45356.50
2015-10-16,-2184.800000,3,-807.800000,-1122.800000,7435.500000,-41216.50,-42791.50
2015-10-18,-2184.800000,4,-881.800000,-889.800000,7435.500000,-41586.50,-41626.50
2015-10-19,-2184.800000,4,-889.800000,-1137.800000,7435.500000,-41626.50,-42866.50
2015-10-20,-2184.800000,4,-913.800000,-1081.800000,7435.500000,-41746.50,-42586.50
2015-10-21,-2184.800000,4,-1033.800000,-1101.800000,7435.500000,-42346.50,-42686.50
2015-10-22,-2184.800000,4,614.200000,-1041.800000,7435.500000,-34106.50,-42386.50
2015-10-23,-2184.800000,4,910.200000,422.200000,7435.500000,-32626.50,-35066.50
2015-10-25,-2184.800000,4,834.200000,818.200000,7435.500000,-33006.50,-33086.50
2015-10-26,-2184.800000,4,886.200000,674.200000,7435.500000,-32746.50,-33806.50
2015-10-27,-2184.800000,4,758.200000,570.200000,7435.500000,-33386.50,-34326.50
2015-10-28,-2184.800000,4,1422.200000,618.200000,7435.500000,-30066.50,-34086.50
2015-10-29,-2184.800000,4,1498.200000,1146.200000,7435.500000,-29686.50,-31446.50
2015-10-30,-2184.800000,4,1138.200000,982.200000,7435.500000,-31486.50,-32266.50
2015-11-01,-2184.800000,5,905.200000,835.200000,7435.500000,-32651.50,-33001.50
2015-11-02,-2184.800000,5,1790.200000,770.200000,7435.500000,-28226.50,-33326.50
2015-11-03,-2184.800000,5,2305.200000,1580.200000,7435.500000,-25651.50,-29276.50
2015-11-04,-2184.800000,5,2035.200000,1915.200000,7435.500000,-27001.50,-27601.50
2015-11-05,-2184.800000,5,2065.200000,1685.200000,7435.500000,-26851.50,-28751.50
2015-11-06,-2184.800000,5,2340.200000,1655.200000,7435.500000,-25476.50,-28901.50
2015-11-08,-2184.800000,5,2310.200000,2250.200000,7435.500000,-25626.50,-25926.50
2015-11-09,-2184.800000,5,1520.200000,1185.200000,7435.500000,-29576.50,-31251.50
2015-11-10,-2184.800000,5,1625.200000,1175.200000,7435.500000,-29051.50,-31301.50
2015-11-11,-2184.800000,5,1395.200000,1350.200000,7435.500000,-30201.50,-30426.50
2015-11-12,-2184.800000,5,230.200000,65.200000,7435.500000,-36026.50,-36851.50
2015-11-13,-2184.800000,5,-1064.800000,-1099.800000,7435.500000,-42501.50,-42676.50
2015-11-15,-2184.800000,5,-1359.800000,-1604.800000,7435.500000,-43976.50,-45201.50
2015-11-16,-1331.300000,0,-1331.300000,-1331.300000,7435.500000,-43834.00,-43834.00
2015-11-17,-1331.300000,0,-1331.300000,-1331.300000,7435.500000,-43834.00,-43834.00
2015-11-18,-1331.300000,0,-1331.300000,-1331.300000,7435.500000,-43834.00,-43834.00
2015-11-19,-1331.300000,3,-1337.300000,-1520.300000,7435.500000,-43864.00,-44779.00
2015-11-20,-1331.300000,3,-1040.300000,-1358.300000,7435.500000,-42379.00,-43969.00
2015-11-22,-1331.300000,3,-977.300000,-1052.300000,7435.500000,-42064.00,-42439.00
2015-11-23,-1331.300000,3,-1130.300000,-1307.300000,7435.500000,-42829.00,-43714.00
2015-11-24,-1331.300000,3,-1130.300000,-1586.300000,7435.500000,-42829.00,-45109.00
2015-11-25,-1331.300000,3,-1019.300000,-1226.300000,7435.500000,-42274.00,-43309.00
2015-11-26,-1331.300000,3,-908.300000,-1052.300000,7435.500000,-41719.00,-42439.00
2015-11-27,-1331.300000,3,-1040.300000,-1289.300000,7435.500000,-42379.00,-43624.00
2015-11-29,-1331.300000,4,-1169.300000,-1201.300000,7435.500000,-43024.00,-43184.00
2015-11-30,-1331.300000,4,-1153.300000,-1457.300000,7435.500000,-42944.00,-44464.00
2015-12-01,-1331.300000,4,-861.300000,-1249.300000,7435.500000,-41484.00,-43424.00
2015-12-02,-1331.300000,4,-1225.300000,-1477.300000,7435.500000,-43304.00,-44564.00
2015-12-03,-1331.300000,4,-2233.300000,-2621.300000,7435.500000,-48344.00,-50284.00
2015-12-04,-1331.300000,4,-957.300000,-2477.300000,7435.500000,-41964.00,-49564.00
2015-12-06,-2238.500000,3,-2331.500000,-2388.500000,7435.500000,-48835.00,-49120.00
2015-12-07,-2238.500000,3,-2574.500000,-2910.500000,7435.500000,-50050.00,-51730.00
2015-12-08,-2238.500000,3,-3069.500000,-3363.500000,7435.500000,-52525.00,-53995.00
2015-12-09,-2238.500000,3,-3291.500000,-3615.500000,7435.500000,-53635.00,-55255.00
2015-12-10,-3079.400000,0,-3079.400000,-3079.400000,7435.500000,-52574.50,-52574.50
2015-12-11,-3079.400000,0,-3079.400000,-3079.400000,7435.500000,-52574.50,-52574.50
2015-12-13,-3079.400000,0,-3079.400000,-3079.400000,7435.500000,-52574.50,-52574.50
2015-12-14,-3079.400000,0,-3079.400000,-3079.400000,7435.500000,-52574.50,-52574.50
2015-12-15,-3079.400000,0,-3079.400000,-3079.400000,7435.500000,-52574.50,-52574.50
2015-12-16,-3079.400000,0,-3079.400000,-3079.400000,7435.500000,-52574.50,-52574.50
2015-12-17,-3079.400000,0,-3079.400000,-3079.400000,7435.500000,-52574.50,-52574.50
2015-12-18,-3079.400000,0,-3079.400000,-3079.400000,7435.500000,-52574.50,-52574.50
2015-12-20,-3079.400000,0,-3079.400000,-3079.400000,7435.500000,-52574.50,-52574.50
2015-12-21,-3079.400000,0,-3079.400000,-3079.400000,7435.500000,-52574.50,-52574.50
2015-12-22,-3079.400000,0,-3079.400000,-3079.400000,7435.500000,-52574.50,-52574.50
2015-12-23,-3079.400000,0,-3079.400000,-3079.400000,7435.500000,-52574.50,-52574.50
2015-12-24,-3079.400000,0,-3079.400000,-3079.400000,7435.500000,-52574.50,-52574.50
2015-12-27,-3079.400000,0,-3079.400000,-3079.400000,7435.500000,-52574.50,-52574.50
2015-12-28,-3079.400000,0,-3079.400000,-3079.400000,7435.500000,-52574.50,-52574.50
2015-12-29,-3079.400000,0,-3079.400000,-3079.400000,7435.500000,-52574.50,-52574.50
2015-12-30,-3079.400000,0,-3079.400000,-3079.400000,7435.500000,-52574.50,-52574.50
2015-12-31,-3079.400000,0,-3079.400000,-3079.400000,7435.500000,-52574.50,-52574.50
2016-01-03,-3079.400000,0,-3079.400000,-3079.400000,7435.500000,-52574.50,-52574.50
2016-01-04,-3079.400000,0,-3079.400000,-3079.400000,7435.500000,-52574.50,-52574.50
2016-01-05,-3079.400000,0,-3079.400000,-3079.400000,7435.500000,-52574.50,-52574.50
2016-01-06,-3079.400000,0,-3079.400000,-3079.400000,7435.500000,-52574.50,-52574.50
2016-01-07,-3079.400000,0,-3079.400000,-3079.400000,7435.500000,-52574.50,-52574.50
2016-01-08,-3079.400000,0,-3079.400000,-3079.400000,7435.500000,-52574.50,-52574.50
2016-01-10,-3079.400000,0,-3079.400000,-3079.400000,7435.500000,-52574.50,-52574.50
2016-01-11,-3079.400000,0,-3079.400000,-3079.400000,7435.500000,-52574.50,-52574.50
2016-01-12,-3079.400000,0,-3079.400000,-3079.400000,7435.500000,-52574.50,-52574.50
2016-01-13,-3079.400000,0,-3079.400000,-3079.400000,7435.500000,-52574.50,-52574.50
2016-01-14,-3079.400000,0,-3079.400000,-3079.400000,7435.500000,-52574.50,-52574.50
2016-01-15,-3079.400000,0,-3079.400000,-3079.400000,7435.500000,-52574.50,-52574.50
2016-01-17,-3079.400000,0,-3079.400000,-3079.400000,7435.500000,-52574.50,-52574.50
2016-01-18,-3079.400000,0,-3079.400000,-3079.400000,7435.500000,-52574.50,-52574.50
2016-01-19,-3079.400000,0,-3079.400000,-3079.400000,7435.500000,-52574.50,-52574.50
2016-01-20,-3079.400000,0,-3079.400000,-3079.400000,7435.500000,-52574.50,-52574.50
2016-01-21,-3079.400000,0,-3079.400000,-3079.400000,7435.500000,-52574.50,-52574.50
2016-01-22,-3079.400000,0,-3079.400000,-3079.400000,7435.500000,-52574.50,-52574.50
2016-01-24,-3079.400000,0,-3079.400000,-3079.400000,7435.500000,-52574.50,-52574.50
2016-01-25,-3079.400000,0,-3079.400000,-3079.400000,7435.500000,-52574.50,-52574.50
2016-01-26,-3079.400000,0,-3079.400000,-3079.400000,7435.500000,-52574.50,-52574.50
2016-01-27,-3079.400000,0,-3079.400000,-3079.400000,7435.500000,-52574.50,-52574.50
2016-01-28,-3079.400000,0,-3079.400000,-3079.400000,7435.500000,-52574.50,-52574.50
2016-01-29,-3079.400000,0,-3079.400000,-3079.400000,7435.500000,-52574.50,-52574.50
2016-01-31,-3079.400000,0,-3079.400000,-3079.400000,7435.500000,-52574.50,-52574.50
2016-02-01,-3079.400000,0,-3079.400000,-3079.400000,7435.500000,-52574.50,-52574.50
2016-02-02,-3079.400000,0,-3079.400000,-3079.400000,7435.500000,-52574.50,-52574.50
2016-02-03,-3079.400000,0,-3079.400000,-3079.400000,7435.500000,-52574.50,-52574.50
2016-02-04,-3079.400000,0,-3079.400000,-3079.400000,7435.500000,-52574.50,-52574.50
2016-02-05,-3079.400000,0,-3079.400000,-3079.400000,7435.500000,-52574.50,-52574.50
2016-02-07,-3079.400000,0,-3079.400000,-3079.400000,7435.500000,-52574.50,-52574.50
2016-02-08,-3079.400000,0,-3079.400000,-3079.400000,7435.500000,-52574.50,-52574.50
2016-02-09,-3079.400000,0,-3079.400000,-3079.400000,7435.500000,-52574.50,-52574.50
2016-02-10,-3079.400000,0,-3079.400000,-3079.400000,7435.500000,-52574.50,-52574.50
2016-02-11,-3079.400000,0,-3079.400000,-3079.400000,7435.500000,-52574.50,-52574.50
2016-02-12,-3079.400000,0,-3079.400000,-3079.400000,7435.500000,-52574.50,-52574.50
2016-02-14,-3079.400000,0,-3079.400000,-3079.400000,7435.500000,-52574.50,-52574.50
2016-02-15,-3079.400000,0,-3079.400000,-3079.400000,7435.500000,-52574.50,-52574.50
2016-02-16,-3079.400000,0,-3079.400000,-3079.400000,7435.500000,-52574.50,-52574.50
2016-02-17,-3079.400000,0,-3079.400000,-3079.400000,7435.500000,-52574.50,-52574.50
2016-02-18,-3079.400000,0,-3079.400000,-3079.400000,7435.500000,-52574.50,-52574.50
2016-02-19,-3079.400000,0,-3079.400000,-3079.400000,7435.500000,-52574.50,-52574.50
2016-02-21,-3079.400000,0,-3079.400000,-3079.400000,7435.500000,-52574.50,-52574.50
2016-02-22,-3079.400000,0,-3079.400000,-3079.400000,7435.500000,-52574.50,-52574.50
2016-02-23,-3079.400000,0,-3079.400000,-3079.400000,7435.500000,-52574.50,-52574.50
2016-02-24,-3079.400000,0,-3079.400000,-3079.400000,7435.500000,-52574.50,-52574.50
2016-02-25,-3079.400000,0,-3079.400000,-3079.400000,7435.500000,-52574.50,-52574.50
2016-02-26,-3079.400000,3,-3322.400000,-3322.400000,7435.500000,-53789.50,-53789.50
2016-02-28,-3079.400000,3,-3370.400000,-3430.400000,7435.500000,-54029.50,-54329.50
2016-02-29,-3079.400000,3,-3523.400000,-3655.400000,7435.500000,-54794.50,-55454.50
2016-03-01,-3368.300000,0,-3368.300000,-3368.300000,7435.500000,-54019.00,-54019.00
2016-03-02,-3368.300000,3,-3335.300000,-3632.300000,7435.500000,-53854.00,-55339.00
2016-03-03,-3368.300000,3,-3116.300000,-3470.300000,7435.500000,-52759.00,-54529.00
2016-03-04,-3368.300000,3,-2930.300000,-3230.300000,7435.500000,-51829.00,-53329.00
2016-03-06,-3368.300000,3,-2987.300000,-3014.300000,7435.500000,-52114.00,-52249.00
2016-03-07,-3368.300000,3,-2702.300000,-3170.300000,7435.500000,-50689.00,-53029.00
2016-03-08,-3368.300000,3,-2936.300000,-3143.300000,7435.500000,-51859.00,-52894.00
2016-03-09,-3368.300000,3,-2843.300000,-3044.300000,7435.500000,-51394.00,-52399.00
2016-03-10,-3368.300000,3,-2900.300000,-3416.300000,7435.500000,-51679.00,-54259.00
2016-03-11,-3368.300000,3,-2558.300000,-3194.300000,7435.500000,-49969.00,-53149.00
2016-03-13,-3368.300000,4,-2613.300000,-2661.300000,7435.500000,-50244.00,-50484.00
2016-03-14,-3368.300000,4,-2441.300000,-2733.300000,7435.500000,-49384.00,-50844.00
2016-03-15,-3368.300000,4,-2281.300000,-2865.300000,7435.500000,-48584.00,-51504.00
2016-03-16,-3368.300000,4,-1937.300000,-2581.300000,7435.500000,-46864.00,-50084.00
2016-03-17,-3368.300000,4,-1317.300000,-2369.300000,7435.500000,-43764.00,-49024.00
2016-03-18,-3368.300000,4,-957.300000,-1513.300000,7435.500000,-41964.00,-44744.00
2016-03-20,-3368.300000,4,-1025.300000,-1077.300000,7435.500000,-42304.00,-42564.00
2016-03-21,-3368.300000,4,-857.300000,-1193.300000,7435.500000,-41464.00,-43144.00
2016-03-22,-3368.300000,4,-1001.300000,-1233.300000,7435.500000,-42184.00,-43344.00
2016-03-23,-3368.300000,4,-1265.300000,-1409.300000,7435.500000,-43504.00,-44224.00
2016-03-24,-3368.300000,4,-1105.300000,-1761.300000,7435.500000,-42704.00,-45984.00
2016-03-27,-3368.300000,4,-1045.300000,-1141.300000,7435.500000,-42404.00,-42884.00
2016-03-28,-3368.300000,4,-1201.300000,-1389.300000,7435.500000,-43184.00,-44124.00
2016-03-29,-3368.300000,4,-689.300000,-1625.300000,7435.500000,-40624.00,-45304.00
2016-03-30,-3368.300000,4,-485.300000,-785.300000,7435.500000,-39604.00,-41104.00
2016-03-31,-3368.300000,4,-509.300000,-701.300000,7435.500000,-39724.00,-40684.00
2016-04-01,-3368.300000,4,-137.300000,-1085.300000,7435.500000,-37864.00,-42604.00
2016-04-03,-3368.300000,5,-260.300000,-280.300000,7435.500000,-38479.00,-38579.00
2016-04-04,-3368.300000,5,-595.300000,-610.300000,7435.500000,-40154.00,-40229.00
2016-04-05,-3368.300000,5,-875.300000,-1220.300000,7435.500000,-41554.00,-43279.00
2016-04-06,-3368.300000,5,-585.300000,-1400.300000,7435.500000,-40104.00,-44179.00
2016-04-07,-3368.300000,5,-1540.300000,-1680.300000,7435.500000,-44879.00,-45579.00
2016-04-08,-3368.300000,5,-1195.300000,-1540.300000,7435.500000,-43154.00,-44879.00
2016-04-10,-3368.300000,5,-1195.300000,-1310.300000,7435.500000,-43154.00,-43729.00
2016-04-11,-3368.300000,5,-1380.300000,-1600.300000,7435.500000,-44079.00,-45179.00
2016-04-12,-3368.300000,5,-450.300000,-1430.300000,7435.500000,-39429.00,-44329.00
2016-04-13,-3368.300000,5,474.700000,-505.300000,7435.500000,-34804.00,-39704.00
2016-04-14,-3368.300000,5,539.700000,209.700000,7435.500000,-34479.00,-36129.00
2016-04-15,-3368.300000,5,394.700000,239.700000,7435.500000,-35204.00,-35979.00
2016-04-17,-3368.300000,6,-81.300000,-165.300000,7435.500000,-37584.00,-38004.00
2016-04-18,-3368.300000,6,1040.700000,-243.300000,7435.500000,-31974.00,-38394.00
2016-04-19,-3368.300000,6,1244.700000,890.700000,7435.500000,-30954.00,-32724.00
2016-04-20,-3368.300000,6,1856.700000,956.700000,7435.500000,-27894.00,-32394.00
2016-04-21,-3368.300000,6,890.700000,776.700000,7435.500000,-32724.00,-33294.00
2016-04-22,-3368.300000,6,1100.700000,566.700000,7435.500000,-31674.00,-34344.00
2016-04-24,-3368.300000,6,1172.700000,1166.700000,7435.500000,-31314.00,-31344.00
2016-04-25,-3368.300000,6,992.700000,242.700000,7435.500000,-32214.00,-35964.00
2016-04-26,-3368.300000,6,902.700000,716.700000,7435.500000,-32664.00,-33594.00
2016-04-27,-3368.300000,6,1436.700000,638.700000,7435.500000,-29994.00,-33984.00
2016-04-28,-3368.300000,6,236.700000,-99.300000,7435.500000,-35994.00,-37674.00
2016-04-29,-3368.300000,6,-123.300000,-987.300000,7435.500000,-37794.00,-42114.00
2016-05-01,-3368.300000,7,-331.300000,-394.300000,7435.500000,-38834.00,-39149.00
2016-05-02,-3368.300000,7,487.700000,-464.300000,7435.500000,-34739.00,-39499.00
2016-05-03,-3368.300000,7,-275.300000,-1038.300000,7435.500000,-38554.00,-42369.00
2016-05-04,-3368.300000,7,-1010.300000,-1451.300000,7435.500000,-42229.00,-44434.00
2016-05-05,-3368.300000,7,-1101.300000,-1381.300000,7435.500000,-42684.00,-44084.00
2016-05-06,-3368.300000,7,-373.300000,-1808.300000,7435.500000,-39044.00,-46219.00
2016-05-08,-3368.300000,7,-184.300000,-450.300000,7435.500000,-38099.00,-39429.00
2016-05-09,-3368.300000,7,-737.300000,-968.300000,7435.500000,-40864.00,-42019.00
2016-05-10,-3368.300000,7,704.700000,-779.300000,7435.500000,-33654.00,-41074.00
2016-05-11,-3368.300000,7,-429.300000,-541.300000,7435.500000,-39324.00,-39884.00
2016-05-12,-3368.300000,7,-394.300000,-1122.300000,7435.500000,-39149.00,-42789.00
2016-05-13,-3368.300000,7,-1752.300000,-1920.300000,7435.500000,-45939.00,-46779.00
2016-05-15,-3368.300000,7,-1871.300000,-2186.300000,7435.500000,-46534.00,-48109.00
2016-05-16,-1866.400000,0,-1866.400000,-1866.400000,7435.500000,-46509.50,-46509.50
2016-05-17,-1866.400000,0,-1866.400000,-1866.400000,7435.500000,-46509.50,-46509.50
2016-05-18,-1866.400000,0,-1866.400000,-1866.400000,7435.500000,-46509.50,-46509.50
2016-05-19,-1866.400000,0,-1866.400000,-1866.400000,7435.500000,-46509.50,-46509.50
2016-05-20,-1866.400000,0,-1866.400000,-1866.400000,7435.500000,-46509.50,-46509.50
2016-05-22,-1866.400000,0,-1866.400000,-1866.400000,7435.500000,-46509.50,-46509.50
2016-05-23,-1866.400000,0,-1866.400000,-1866.400000,7435.500000,-46509.50,-46509.50
2016-05-24,-1866.400000,0,-1866.400000,-1866.400000,7435.500000,-46509.50,-46509.50
2016-05-25,-1866.400000,0,-1866.400000,-1866.400000,7435.500000,-46509.50,-46509.50
2016-05-26,-1866.400000,0,-1866.400000,-1866.400000,7435.500000,-46509.50,-46509.50
2016-05-27,-1866.400000,0,-1866.400000,-1866.400000,7435.500000,-46509.50,-46509.50
2016-05-29,-1866.400000,0,-1866.400000,-1866.400000,7435.500000,-46509.50,-46509.50
2016-05-30,-1866.400000,0,-1866.400000,-1866.400000,7435.500000,-46509.50,-46509.50
2016-05-31,-1866.400000,0,-1866.400000,-1866.400000,7435.500000,-46509.50,-46509.50
2016-06-01,-1866.400000,0,-1866.400000,-1866.400000,7435.500000,-46509.50,-46509.50
2016-06-02,-1866.400000,0,-1866.400000,-1866.400000,7435.500000,-46509.50,-46509.50
2016-06-03,-1866.400000,0,-1866.400000,-1866.400000,7435.500000,-46509.50,-46509.50
2016-06-05,-1866.400000,0,-1866.400000,-1866.400000,7435.500000,-46509.50,-46509.50
2016-06-06,-1866.400000,0,-1866.400000,-1866.400000,7435.500000,-46509.50,-46509.50
2016-06-07,-1866.400000,0,-1866.400000,-1866.400000,7435.500000,-46509.50,-46509.50
2016-06-08,-1866.400000,0,-1866.400000,-1866.400000,7435.500000,-46509.50,-46509.50
2016-06-09,-1866.400000,3,-1923.400000,-2121.400000,7435.500000,-46794.50,-47784.50
2016-06-10,-1866.400000,3,-2517.400000,-2700.400000,7435.500000,-49764.50,-50679.50
2016-06-12,-1866.400000,3,-2634.400000,-2673.400000,7435.500000,-50349.50,-50544.50
2016-06-13,-2674.300000,0,-2674.300000,-2674.300000,7435.500000,-50549.00,-50549.00
2016-06-14,-2674.300000,0,-2674.300000,-2674.300000,7435.500000,-50549.00,-50549.00
2016-06-15,-2674.300000,0,-2674.300000,-2674.300000,7435.500000,-50549.00,-50549.00
2016-06-16,-2674.300000,0,-2674.300000,-2674.300000,7435.500000,-50549.00,-50549.00
2016-06-17,-2674.300000,0,-2674.300000,-2674.300000,7435.500000,-50549.00,-50549.00
2016-06-19,-2674.300000,0,-2674.300000,-2674.300000,7435.500000,-50549.00,-50549.00
2016-06-20,-2674.300000,0,-2674.300000,-2674.300000,7435.500000,-50549.00,-50549.00
2016-06-21,-2674.300000,0,-2674.300000,-2674.300000,7435.500000,-50549.00,-50549.00
2016-06-22,-2674.300000,0,-2674.300000,-2674.300000,7435.500000,-50549.00,-50549.00
2016-06-23,-2674.300000,0,-2674.300000,-2674.300000,7435.500000,-50549.00,-50549.00
2016-06-24,-2674.300000,0,-2674.300000,-2674.300000,7435.500000,-50549.00,-50549.00
2016-06-26,-2674.300000,0,-2674.300000,-2674.300000,7435.500000,-50549.00,-50549.00
2016-06-27,-2674.300000,0,-2674.300000,-2674.300000,7435.500000,-50549.00,-50549.00
2016-06-28,-2674.300000,0,-2674.300000,-2674.300000,7435.500000,-50549.00,-50549.00
2016-06-29,-2674.300000,0,-2674.300000,-2674.300000,7435.500000,-50549.00,-50549.00
2016-06-30,-2674.300000,0,-2674.300000,-2674.300000,7435.500000,-50549.00,-50549.00
2016-07-01,-2674.300000,3,-2431.300000,-2746.300000,7435.500000,-49334.00,-50909.00
2016-07-03,-2674.300000,3,-2509.300000,-2509.300000,7435.500000,-49724.00,-49724.00
2016-07-04,-2674.300000,3,-2452.300000,-2509.300000,7435.500000,-49439.00,-49724.00
2016-07-05,-2674.300000,3,-2812.300000,-2965.300000,7435.500000,-51239.00,-52004.00
2016-07-06,-2674.300000,3,-2575.300000,-3178.300000,7435.500000,-50054.00,-53069.00
2016-07-07,-2822.200000,3,-2846.200000,-3101.200000,7435.500000,-51408.50,-52683.50
2016-07-08,-2822.200000,3,-2174.200000,-2933.200000,7435.500000,-48048.50,-51843.50
2016-07-10,-2822.200000,3,-2132.200000,-2180.200000,7435.500000,-47838.50,-48078.50
2016-07-11,-2822.200000,3,-1859.200000,-2135.200000,7435.500000,-46473.50,-47853.50
2016-07-12,-2822.200000,3,-1496.200000,-1877.200000,7435.500000,-44658.50,-46563.50
2016-07-13,-2822.200000,3,-1463.200000,-1613.200000,7435.500000,-44493.50,-45243.50
2016-07-14,-2822.200000,3,-1076.200000,-1481.200000,7435.500000,-42558.50,-44583.50
2016-07-15,-2822.200000,3,-1187.200000,-1244.200000,7435.500000,-43113.50,-43398.50
2016-07-17,-2822.200000,4,-937.200000,-1021.200000,7435.500000,-41863.50,-42283.50
2016-07-18,-2822.200000,4,-853.200000,-1065.200000,7435.500000,-41443.50,-42503.50
2016-07-19,-2822.200000,4,-809.200000,-1101.200000,7435.500000,-41223.50,-42683.50
2016-07-20,-2822.200000,4,-621.200000,-881.200000,7435.500000,-40283.50,-41583.50
2016-07-21,-2822.200000,4,-937.200000,-1129.200000,7435.500000,-41863.50,-42823.50
2016-07-22,-2822.200000,4,-789.200000,-1037.200000,7435.500000,-41123.50,-42363.50
2016-07-24,-2822.200000,4,-769.200000,-801.200000,7435.500000,-41023.50,-41183.50
2016-07-25,-2822.200000,4,-1045.200000,-1193.200000,7435.500000,-42403.50,-43143.50
2016-07-26,-2822.200000,4,-997.200000,-1461.200000,7435.500000,-42163.50,-44483.50
2016-07-27,-2822.200000,4,-1117.200000,-1293.200000,7435.500000,-42763.50,-43643.50
2016-07-28,-2822.200000,4,-1161.200000,-1533.200000,7435.500000,-42983.50,-44843.50
2016-07-29,-2822.200000,4,-1193.200000,-1521.200000,7435.500000,-43143.50,-44783.50
2016-07-31,-2822.200000,5,-1165.200000,-1170.200000,7435.500000,-43003.50,-43028.50
2016-08-01,-2822.200000,5,-1440.200000,-1720.200000,7435.500000,-44378.50,-45778.50
2016-08-02,-2822.200000,5,-1920.200000,-2265.200000,7435.500000,-46778.50,-48503.50
2016-08-03,-2822.200000,5,-1710.200000,-2175.200000,7435.500000,-45728.50,-48053.50
2016-08-04,-2822.200000,5,-1685.200000,-1860.200000,7435.500000,-45603.50,-46478.50
2016-08-05,-2822.200000,5,-775.200000,-1705.200000,7435.500000,-41053.50,-45703.50
2016-08-07,-2822.200000,5,-755.200000,-845.200000,7435.500000,-40953.50,-41403.50
2016-08-08,-2822.200000,5,-830.200000,-935.200000,7435.500000,-41328.50,-41853.50
2016-08-09,-2822.200000,5,-835.200000,-905.200000,7435.500000,-41353.50,-41703.50
2016-08-10,-2822.200000,5,-915.200000,-1030.200000,7435.500000,-41753.50,-42328.50
2016-08-11,-2822.200000,5,-240.200000,-930.200000,7435.500000,-38378.50,-41828.50
2016-08-12,-2822.200000,5,-490.200000,-685.200000,7435.500000,-39628.50,-40603.50
2016-08-14,-2822.200000,6,-427.200000,-499.200000,7435.500000,-39313.50,-39673.50
2016-08-15,-2822.200000,6,-157.200000,-457.200000,7435.500000,-37963.50,-39463.50
2016-08-16,-2822.200000,6,-427.200000,-607.200000,7435.500000,-39313.50,-40213.50
2016-08-17,-2822.200000,6,-385.200000,-991.200000,7435.500000,-39103.50,-42133.50
2016-08-18,-2822.200000,6,-229.200000,-619.200000,7435.500000,-38323.50,-40273.50
2016-08-19,-2822.200000,6,-379.200000,-835.200000,7435.500000,-39073.50,-41353.50
2016-08-21,-2822.200000,6,-415.200000,-427.200000,7435.500000,-39253.50,-39313.50
2016-08-22,-2822.200000,6,-583.200000,-997.200000,7435.500000,-40093.50,-42163.50
2016-08-23,-2822.200000,6,-421.200000,-613.200000,7435.500000,-39283.50,-40243.50
2016-08-24,-2822.200000,6,-865.200000,-1087.200000,7435.500000,-41503.50,-42613.50
2016-08-25,-2822.200000,6,-943.200000,-1213.200000,7435.500000,-41893.50,-43243.50
2016-08-26,-2822.200000,6,-1435.200000,-1783.200000,7435.500000,-44353.50,-46093.50
2016-08-28,-2822.200000,7,-1391.200000,-1524.200000,7435.500000,-44133.50,-44798.50
2016-08-29,-2822.200000,7,-572.200000,-1566.200000,7435.500000,-40038.50,-45008.50
2016-08-30,-2822.200000,7,-943.200000,-1223.200000,7435.500000,-41893.50,-43293.50
2016-08-31,-2822.200000,7,-1258.200000,-1762.200000,7435.500000,-43468.50,-45988.50
2016-09-01,-2822.200000,7,-1244.200000,-2028.200000,7435.500000,-43398.50,-47318.50
2016-09-02,-2822.200000,7,-649.200000,-1384.200000,7435.500000,-40423.50,-44098.50
2016-09-04,-2822.200000,7,-502.200000,-656.200000,7435.500000,-39688.50,-40458.50
2016-09-05,-2822.200000,7,-677.200000,-789.200000,7435.500000,-40563.50,-41123.50
2016-09-06,-2822.200000,7,-362.200000,-971.200000,7435.500000,-38988.50,-42033.50
2016-09-07,-2822.200000,7,-425.200000,-747.200000,7435.500000,-39303.50,-40913.50
2016-09-08,-2822.200000,7,-810.200000,-964.200000,7435.500000,-41228.50,-41998.50
2016-09-09,-2822.200000,7,-4359.200000,-4429.200000,7435.500000,-58973.50,-59323.50
2016-09-11,-2822.200000,7,-4443.200000,-4709.200000,7435.500000,-59393.50,-60723.50
2016-09-12,-4417.300000,0,-4417.300000,-4417.300000,7435.500000,-59264.00,-59264.00
2016-09-13,-4417.300000,0,-4417.300000,-4417.300000,7435.500000,-59264.00,-59264.00
2016-09-14,-4417.300000,0,-4417.300000,-4417.300000,7435.500000,-59264.00,-59264.00
2016-09-15,-4417.300000,0,-4417.300000,-4417.300000,7435.500000,-59264.00,-59264.00
2016-09-16,-4417.300000,0,-4417.300000,-4417.300000,7435.500000,-59264.00,-59264.00
2016-09-18,-4417.300000,0,-4417.300000,-4417.300000,7435.500000,-59264.00,-59264.00
2016-09-19,-4417.300000,0,-4417.300000,-4417.300000,7435.500000,-59264.00,-59264.00
2016-09-20,-4417.300000,0,-4417.300000,-4417.300000,7435.500000,-59264.00,-59264.00
2016-09-21,-4417.300000,0,-4417.300000,-4417.300000,7435.500000,-59264.00,-59264.00
2016-09-22,-4417.300000,0,-4417.300000,-4417.300000,7435.500000,-59264.00,-59264.00
2016-09-23,-4417.300000,0,-4417.300000,-4417.300000,7435.500000,-59264.00,-59264.00
2016-09-25,-4417.300000,0,-4417.300000,-4417.300000,7435.500000,-59264.00,-59264.00
2016-09-26,-4417.300000,0,-4417.300000,-4417.300000,7435.500000,-59264.00,-59264.00
2016-09-27,-4417.300000,0,-4417.300000,-4417.300000,7435.500000,-59264.00,-59264.00
2016-09-28,-4417.300000,0,-4417.300000,-4417.300000,7435.500000,-59264.00,-59264.00
2016-09-29,-4417.300000,0,-4417.300000,-4417.300000,7435.500000,-59264.00,-59264.00
2016-09-30,-4417.300000,0,-4417.300000,-4417.300000,7435.500000,-59264.00,-59264.00
2016-10-02,-4417.300000,0,-4417.300000,-4417.300000,7435.500000,-59264.00,-59264.00
2016-10-03,-4417.300000,0,-4417.300000,-4417.300000,7435.500000,-59264.00,-59264.00
2016-10-04,-4417.300000,0,-4417.300000,-4417.300000,7435.500000,-59264.00,-59264.00
2016-10-05,-4417.300000,0,-4417.300000,-4417.300000,7435.500000,-59264.00,-59264.00
2016-10-06,-4417.300000,0,-4417.300000,-4417.300000,7435.500000,-59264.00,-59264.00
2016-10-07,-4417.300000,0,-4417.300000,-4417.300000,7435.500000,-59264.00,-59264.00
2016-10-09,-4417.300000,0,-4417.300000,-4417.300000,7435.500000,-59264.00,-59264.00
2016-10-10,-4417.300000,0,-4417.300000,-4417.300000,7435.500000,-59264.00,-59264.00
2016-10-11,-4417.300000,0,-4417.300000,-4417.300000,7435.500000,-59264.00,-59264.00
2016-10-12,-4417.300000,0,-4417.300000,-4417.300000,7435.500000,-59264.00,-59264.00
2016-10-13,-4417.300000,0,-4417.300000,-4417.300000,7435.500000,-59264.00,-59264.00
2016-10-14,-4417.300000,0,-4417.300000,-4417.300000,7435.500000,-59264.00,-59264.00
2016-10-16,-4417.300000,0,-4417.300000,-4417.300000,7435.500000,-59264.00,-59264.00
2016-10-17,-4417.300000,0,-4417.300000,-4417.300000,7435.500000,-59264.00,-59264.00
2016-10-18,-4417.300000,0,-4417.300000,-4417.300000,7435.500000,-59264.00,-59264.00
2016-10-19,-4417.300000,0,-4417.300000,-4417.300000,7435.500000,-59264.00,-59264.00
2016-10-20,-4417.300000,0,-4417.300000,-4417.300000,7435.500000,-59264.00,-59264.00
2016-10-21,-4417.300000,0,-4417.300000,-4417.300000,7435.500000,-59264.00,-59264.00
2016-10-23,-4417.300000,0,-4417.300000,-4417.300000,7435.500000,-59264.00,-59264.00
2016-10-24,-4417.300000,0,-4417.300000,-4417.300000,7435.500000,-59264.00,-59264.00
2016-10-25,-4417.300000,0,-4417.300000,-4417.300000,7435.500000,-59264.00,-59264.00
2016-10-26,-4417.300000,0,-4417.300000,-4417.300000,7435.500000,-59264.00,-59264.00
2016-10-27,-4417.300000,0,-4417.300000,-4417.300000,7435.500000,-59264.00,-59264.00
2016-10-28,-4417.300000,0,-4417.300000,-4417.300000,7435.500000,-59264.00,-59264.00
2016-10-30,-4417.300000,0,-4417.300000,-4417.300000,7435.500000,-59264.00,-59264.00
2016-10-31,-4417.300000,0,-4417.300000,-4417.300000,7435.500000,-59264.00,-59264.00
2016-11-01,-4417.300000,0,-4417.300000,-4417.300000,7435.500000,-59264.00,-59264.00
2016-11-02,-4417.300000,0,-4417.300000,-4417.300000,7435.500000,-59264.00,-59264.00
2016-11-03,-4417.300000,0,-4417.300000,-4417.300000,7435.500000,-59264.00,-59264.00
2016-11-04,-4417.300000,0,-4417.300000,-4417.300000,7435.500000,-59264.00,-59264.00
2016-11-06,-4417.300000,0,-4417.300000,-4417.300000,7435.500000,-59264.00,-59264.00
2016-11-07,-4417.300000,0,-4417.300000,-4417.300000,7435.500000,-59264.00,-59264.00
2016-11-08,-4417.300000,0,-4417.300000,-4417.300000,7435.500000,-59264.00,-59264.00
2016-11-09,-4417.300000,3,-3883.300000,-7150.300000,7435.500000,-56594.00,-72929.00
2016-11-10,-4417.300000,3,-3067.300000,-3928.300000,7435.500000,-52514.00,-56819.00
2016-11-11,-4417.300000,3,-3052.300000,-3358.300000,7435.500000,-52439.00,-53969.00
2016-11-13,-4417.300000,3,-2878.300000,-3010.300000,7435.500000,-51569.00,-52229.00
2016-11-14,-4417.300000,3,-2941.300000,-3118.300000,7435.500000,-51884.00,-52769.00
2016-11-15,-4417.300000,3,-2797.300000,-3136.300000,7435.500000,-51164.00,-52859.00
2016-11-16,-4417.300000,3,-2902.300000,-3025.300000,7435.500000,-51689.00,-52304.00
2016-11-17,-4417.300000,3,-2839.300000,-2968.300000,7435.500000,-51374.00,-52019.00
2016-11-18,-4417.300000,3,-2863.300000,-2935.300000,7435.500000,-51494.00,-51854.00
2016-11-20,-4417.300000,4,-2829.300000,-2881.300000,7435.500000,-51324.00,-51584.00
2016-11-21,-4417.300000,4,-2569.300000,-2921.300000,7435.500000,-50024.00,-51784.00
2016-11-22,-4417.300000,4,-2289.300000,-2569.300000,7435.500000,-48624.00,-50024.00
2016-11-23,-4417.300000,4,-2069.300000,-2357.300000,7435.500000,-47524.00,-48964.00
2016-11-24,-4417.300000,4,-1853.300000,-2129.300000,7435.500000,-46444.00,-47824.00
2016-11-25,-4417.300000,4,-1669.300000,-1897.300000,7435.500000,-45524.00,-46664.00
2016-11-27,-4417.300000,4,-1833.300000,-1845.300000,7435.500000,-46344.00,-46404.00
2016-11-28,-4417.300000,4,-1969.300000,-2089.300000,7435.500000,-47024.00,-47624.00
2016-11-29,-4417.300000,4,-1797.300000,-2021.300000,7435.500000,-46164.00,-47284.00
2016-11-30,-4417.300000,4,-1677.300000,-1857.300000,7435.500000,-45564.00,-46464.00
2016-12-01,-4417.300000,4,-1533.300000,-1805.300000,7435.500000,-44844.00,-46204.00
2016-12-02,-4417.300000,4,-1657.300000,-1725.300000,7435.500000,-45464.00,-45804.00
2016-12-04,-4417.300000,5,-1773.300000,-1953.300000,7435.500000,-46044.00,-46944.00
2016-12-05,-4417.300000,5,-1323.300000,-1813.300000,7435.500000,-43794.00,-46244.00
2016-12-06,-4417.300000,5,-1188.300000,-1488.300000,7435.500000,-43119.00,-44619.00
2016-12-07,-4417.300000,5,211.700000,-1278.300000,7435.500000,-36119.00,-43569.00
2016-12-08,-4417.300000,5,711.700000,101.700000,7435.500000,-33619.00,-36669.00
2016-12-09,-4417.300000,5,1241.700000,411.700000,7435.500000,-30969.00,-35119.00
2016-12-11,-4417.300000,5,1491.700000,1166.700000,7435.500000,-29719.00,-31344.00
2016-12-12,-4417.300000,5,1246.700000,1061.700000,7435.500000,-30944.00,-31869.00
2016-12-13,-4417.300000,5,1906.700000,1236.700000,7435.500000,-27644.00,-30994.00
2016-12-14,-4417.300000,5,1516.700000,1081.700000,7435.500000,-29594.00,-31769.00
2016-12-15,-4417.300000,5,1751.700000,1386.700000,7435.500000,-28419.00,-30244.00
2016-12-16,-4417.300000,5,1606.700000,1446.700000,7435.500000,-29144.00,-29944.00
2016-12-18,-4417.300000,6,1756.700000,1606.700000,7435.500000,-28394.00,-29144.00
2016-12-19,-4417.300000,6,1864.700000,1582.700000,7435.500000,-27854.00,-29264.00
2016-12-20,-4417.300000,6,2290.700000,1828.700000,7435.500000,-25724.00,-28034.00
2016-12-21,-4417.300000,6,2098.700000,2056.700000,7435.500000,-26684.00,-26894.00
2016-12-22,-4417.300000,6,2068.700000,1810.700000,7435.500000,-26834.00,-28124.00
2016-12-23,-4417.300000,6,1978.700000,1900.700000,7435.500000,-27284.00,-27674.00
2016-12-26,-4417.300000,6,2044.700000,1990.700000,7435.500000,-26954.00,-27224.00
2016-12-27,-4417.300000,6,2134.700000,1996.700000,7435.500000,-26504.00,-27194.00
2016-12-28,-4417.300000,6,1564.700000,1444.700000,7435.500000,-29354.00,-29954.00
2016-12-29,-4417.300000,6,1420.700000,1204.700000,7435.500000,-30074.00,-31154.00
2016-12-30,-4417.300000,6,1042.700000,796.700000,7435.500000,-31964.00,-33194.00
2017-01-02,-4417.300000,7,1525.700000,1371.700000,7435.500000,-29549.00,-30319.00
2017-01-03,-4417.300000,7,1630.700000,993.700000,7435.500000,-29024.00,-32209.00
2017-01-04,-4417.300000,7,2064.700000,1595.700000,7435.500000,-26854.00,-29199.00
2017-01-05,-4417.300000,7,1777.700000,1203.700000,7435.500000,-28289.00,-31159.00
2017-01-06,-4417.300000,7,2274.700000,1392.700000,7435.500000,-25804.00,-30214.00
2017-01-08,-4417.300000,7,2414.700000,2246.700000,7435.500000,-25104.00,-25944.00
2017-01-09,-4417.300000,7,1742.700000,1707.700000,7435.500000,-28464.00,-28639.00
2017-01-10,-4417.300000,7,1679.700000,1427.700000,7435.500000,-28779.00,-30039.00
2017-01-11,-4417.300000,7,2162.700000,1371.700000,7435.500000,-26364.00,-30319.00
2017-01-12,-4417.300000,7,1777.700000,916.700000,7435.500000,-28289.00,-32594.00
2017-01-13,-4417.300000,7,1798.700000,1476.700000,7435.500000,-28184.00,-29794.00
2017-01-15,-4417.300000,8,1667.700000,1635.700000,7435.500000,-28839.00,-28999.00
2017-01-16,-4417.300000,8,1515.700000,1403.700000,7435.500000,-29599.00,-30159.00
2017-01-17,-4417.300000,8,1219.700000,827.700000,7435.500000,-31079.00,-33039.00
2017-01-18,-4417.300000,8,1115.700000,595.700000,7435.500000,-31599.00,-34199.00
2017-01-19,-4417.300000,8,619.700000,99.700000,7435.500000,-34079.00,-36679.00
2017-01-20,-4417.300000,8,1259.700000,507.700000,7435.500000,-30879.00,-34639.00
2017-01-22,-4417.300000,8,899.700000,891.700000,7435.500000,-32679.00,-32719.00
2017-01-23,-4417.300000,8,1107.700000,571.700000,7435.500000,-31639.00,-34319.00
2017-01-24,-4417.300000,8,2115.700000,987.700000,7435.500000,-26599.00,-32239.00
2017-01-25,-4417.300000,8,3243.700000,2019.700000,7435.500000,-20959.00,-27079.00
2017-01-26,-4417.300000,8,3579.700000,3171.700000,7435.500000,-19279.00,-21319.00
2017-01-27,-4417.300000,8,3363.700000,3283.700000,7435.500000,-20359.00,-20759.00
2017-01-29,-4417.300000,9,2967.700000,2697.700000,7435.500000,-22339.00,-23689.00
2017-01-30,-4417.300000,9,2229.700000,1473.700000,7435.500000,-26029.00,-29809.00
2017-01-31,-4417.300000,9,1500.700000,690.700000,7435.500000,-29674.00,-33724.00
2017-02-01,-4417.300000,9,1509.700000,1239.700000,7435.500000,-29629.00,-30979.00
2017-02-02,-4417.300000,9,1608.700000,888.700000,7435.500000,-29134.00,-32734.00
2017-02-03,-4417.300000,9,3219.700000,1320.700000,7435.500000,-21079.00,-30574.00
2017-02-05,-4417.300000,9,3111.700000,3066.700000,7435.500000,-21619.00,-21844.00
2017-02-06,-4417.300000,9,3066.700000,2661.700000,7435.500000,-21844.00,-23869.00
2017-02-07,-4417.300000,9,3336.700000,2886.700000,7435.500000,-20494.00,-22744.00
2017-02-08,-4417.300000,9,3309.700000,2967.700000,7435.500000,-20629.00,-22339.00
2017-02-09,-4417.300000,9,4488.700000,3111.700000,7435.500000,-14734.00,-21619.00
2017-02-10,-4417.300000,9,5271.700000,4434.700000,7435.500000,-10819.00,-15004.00
2017-02-12,-4417.300000,10,5519.700000,5299.700000,7435.500000,-9579.00,-10679.00
2017-02-13,-4417.300000,10,6859.700000,5389.700000,7435.500000,-2879.00,-10229.00
2017-02-14,-4417.300000,10,7759.700000,6499.700000,7759.700000,0.00,-6300.00
2017-02-15,-4417.300000,10,9209.700000,7719.700000,9209.700000,0.00,-7450.00
2017-02-16,-4417.300000,10,8829.700000,8399.700000,9209.700000,-1900.00,-4050.00
2017-02-17,-4417.300000,10,8979.700000,8099.700000,9209.700000,-1150.00,-5550.00
2017-02-19,-4417.300000,10,8839.700000,8759.700000,9209.700000,-1850.00,-2250.00
2017-02-20,-4417.300000,10,9359.700000,8719.700000,9359.700000,0.00,-3200.00
2017-02-21,-4417.300000,10,9989.700000,9059.700000,9989.700000,0.00,-4650.00
2017-02-22,-4417.300000,10,10599.700000,9709.700000,10599.700000,0.00,-4450.00
2017-02-23,-4417.300000,10,10789.700000,10279.700000,10789.700000,0.00,-2550.00
2017-02-24,-4417.300000,10,10809.700000,9989.700000,10809.700000,0.00,-4100.00
2017-02-26,-4417.300000,10,11079.700000,10519.700000,11079.700000,0.00,-2800.00
2017-02-27,-4417.300000,10,11089.700000,10619.700000,11089.700000,0.00,-2350.00
2017-02-28,-4417.300000,10,11189.700000,10729.700000,11189.700000,0.00,-2300.00
2017-03-01,-4417.300000,10,14029.700000,11139.700000,14029.700000,0.00,-14450.00
2017-03-02,-4417.300000,10,12999.700000,12759.700000,14029.700000,-5150.00,-6350.00
2017-03-03,-4417.300000,10,12879.700000,12299.700000,14029.700000,-5750.00,-8650.00
2017-03-05,-4417.300000,10,12059.700000,12039.700000,14029.700000,-9850.00,-9950.00
2017-03-06,-4417.300000,10,12409.700000,11979.700000,14029.700000,-8100.00,-10250.00
2017-03-07,-4417.300000,10,12019.700000,11969.700000,14029.700000,-10050.00,-10300.00
2017-03-08,-4417.300000,10,11759.700000,11409.700000,14029.700000,-11350.00,-13100.00
2017-03-09,-4417.300000,10,11989.700000,10849.700000,14029.700000,-10200.00,-15900.00
2017-03-10,-4417.300000,10,11479.700000,10899.700000,14029.700000,-12750.00,-15650.00
2017-03-12,-4417.300000,10,11389.700000,11309.700000,14029.700000,-13200.00,-13600.00
2017-03-13,-4417.300000,10,11339.700000,11099.700000,14029.700000,-13450.00,-14650.00
2017-03-14,-4417.300000,10,11169.700000,10489.700000,14029.700000,-14300.00,-17700.00
2017-03-15,-4417.300000,10,12119.700000,11119.700000,14029.700000,-9550.00,-14550.00
2017-03-16,-4417.300000,10,11839.700000,11469.700000,14029.700000,-10950.00,-12800.00
2017-03-17,-4417.300000,10,11729.700000,11609.700000,14029.700000,-11500.00,-12100.00
2017-03-19,-4417.300000,10,11579.700000,11469.700000,14029.700000,-12250.00,-12800.00
2017-03-20,-4417.300000,10,11679.700000,11279.700000,14029.700000,-11750.00,-13750.00
2017-03-21,-4417.300000,10,8949.700000,8879.700000,14029.700000,-25400.00,-25750.00
2017-03-22,-4417.300000,10,9339.700000,8289.700000,14029.700000,-23450.00,-28700.00
2017-03-23,8936.700000,0,8936.700000,8936.700000,14029.700000,-25465.00,-25465.00
2017-03-24,8936.700000,0,8936.700000,8936.700000,14029.700000,-25465.00,-25465.00
2017-03-26,8936.700000,0,8936.700000,8936.700000,14029.700000,-25465.00,-25465.00
2017-03-27,8936.700000,0,8936.700000,8936.700000,14029.700000,-25465.00,-25465.00
2017-03-28,8936.700000,0,8936.700000,8936.700000,14029.700000,-25465.00,-25465.00
2017-03-29,8936.700000,0,8936.700000,8936.700000,14029.700000,-25465.00,-25465.00
2017-03-30,8936.700000,0,8936.700000,8936.700000,14029.700000,-25465.00,-25465.00
2017-03-31,8936.700000,0,8936.700000,8936.700000,14029.700000,-25465.00,-25465.00
2017-04-02,8936.700000,0,8936.700000,8936.700000,14029.700000,-25465.00,-25465.00
2017-04-03,8936.700000,0,8936.700000,8936.700000,14029.700000,-25465.00,-25465.00
2017-04-04,8936.700000,0,8936.700000,8936.700000,14029.700000,-25465.00,-25465.00
2017-04-05,8936.700000,0,8936.700000,8936.700000,14029.700000,-25465.00,-25465.00
2017-04-06,8936.700000,0,8936.700000,8936.700000,14029.700000,-25465.00,-25465.00
2017-04-07,8936.700000,0,8936.700000,8936.700000,14029.700000,-25465.00,-25465.00
2017-04-09,8936.700000,0,8936.700000,8936.700000,14029.700000,-25465.00,-25465.00
2017-04-10,8936.700000,0,8936.700000,8936.700000,14029.700000,-25465.00,-25465.00
2017-04-11,8936.700000,0,8936.700000,8936.700000,14029.700000,-25465.00,-25465.00
2017-04-12,8936.700000,0,8936.700000,8936.700000,14029.700000,-25465.00,-25465.00
2017-04-13,8936.700000,0,8936.700000,8936.700000,14029.700000,-25465.00,-25465.00
2017-04-16,8936.700000,0,8936.700000,8936.700000,14029.700000,-25465.00,-25465.00
2017-04-17,8936.700000,0,8936.700000,8936.700000,14029.700000,-25465.00,-25465.00
2017-04-18,8936.700000,0,8936.700000,8936.700000,14029.700000,-25465.00,-25465.00
2017-04-19,8936.700000,0,8936.700000,8936.700000,14029.700000,-25465.00,-25465.00
2017-04-20,8936.700000,0,8936.700000,8936.700000,14029.700000,-25465.00,-25465.00
2017-04-21,8936.700000,0,8936.700000,8936.700000,14029.700000,-25465.00,-25465.00
2017-04-23,8936.700000,0,8936.700000,8936.700000,14029.700000,-25465.00,-25465.00
2017-04-24,8936.700000,0,8936.700000,8936.700000,14029.700000,-25465.00,-25465.00
2017-04-25,8936.700000,0,8936.700000,8936.700000,14029.700000,-25465.00,-25465.00
2017-04-26,8936.700000,3,8885.700000,8798.700000,14029.700000,-25720.00,-26155.00
2017-04-27,8936.700000,3,8798.700000,8735.700000,14029.700000,-26155.00,-26470.00
2017-04-28,8936.700000,3,8783.700000,8699.700000,14029.700000,-26230.00,-26650.00
2017-04-30,8797.800000,0,8797.800000,8797.800000,14029.700000,-26159.50,-26159.50
2017-05-01,8797.800000,0,8797.800000,8797.800000,14029.700000,-26159.50,-26159.50
2017-05-02,8797.800000,0,8797.800000,8797.800000,14029.700000,-26159.50,-26159.50
2017-05-03,8797.800000,0,8797.800000,8797.800000,14029.700000,-26159.50,-26159.50
2017-05-04,8797.800000,0,8797.800000,8797.800000,14029.700000,-26159.50,-26159.50
2017-05-05,8797.800000,0,8797.800000,8797.800000,14029.700000,-26159.50,-26159.50
2017-05-07,8797.800000,3,8644.800000,8617.800000,14029.700000,-26924.50,-27059.50
2017-05-08,8797.800000,3,8617.800000,8497.800000,14029.700000,-27059.50,-27659.50
2017-05-09,8797.800000,3,8353.800000,8350.800000,14029.700000,-28379.50,-28394.50
2017-05-10,8797.800000,3,8473.800000,8314.800000,14029.700000,-27779.50,-28574.50
2017-05-11,8352.900000,0,8352.900000,8352.900000,14029.700000,-28384.00,-28384.00
2017-05-12,8352.900000,0,8352.900000,8352.900000,14029.700000,-28384.00,-28384.00
2017-05-14,8352.900000,0,8352.900000,8352.900000,14029.700000,-28384.00,-28384.00
2017-05-15,8352.900000,0,8352.900000,8352.900000,14029.700000,-28384.00,-28384.00
2017-05-16,8352.900000,0,8352.900000,8352.900000,14029.700000,-28384.00,-28384.00
2017-05-17,8352.900000,0,8352.900000,8352.900000,14029.700000,-28384.00,-28384.00
2017-05-18,8352.900000,0,8352.900000,8352.900000,14029.700000,-28384.00,-28384.00
2017-05-19,8352.900000,0,8352.900000,8352.900000,14029.700000,-28384.00,-28384.00
2017-05-21,8352.900000,0,8352.900000,8352.900000,14029.700000,-28384.00,-28384.00
2017-05-22,8352.900000,0,8352.900000,8352.900000,14029.700000,-28384.00,-28384.00
2017-05-23,8352.900000,0,8352.900000,8352.900000,14029.700000,-28384.00,-28384.00
2017-05-24,8352.900000,0,8352.900000,8352.900000,14029.700000,-28384.00,-28384.00
2017-05-25,8352.900000,3,8535.900000,8337.900000,14029.700000,-27469.00,-28459.00
2017-05-26,8352.900000,3,8568.900000,8421.900000,14029.700000,-27304.00,-28039.00
2017-05-28,8352.900000,3,8589.900000,8559.900000,14029.700000,-27199.00,-27349.00
2017-05-29,8352.900000,3,8565.900000,8553.900000,14029.700000,-27319.00,-27379.00
2017-05-30,8352.900000,3,8430.900000,8355.900000,14029.700000,-27994.00,-28369.00
2017-05-31,8352.900000,3,8415.900000,8148.900000,14029.700000,-28069.00,-29404.00
2017-06-01,8352.900000,3,8778.900000,8319.900000,14029.700000,-26254.00,-28549.00
2017-06-02,8352.900000,3,8964.900000,8736.900000,14029.700000,-25324.00,-26464.00
2017-06-04,8352.900000,4,8903.900000,8871.900000,14029.700000,-25629.00,-25789.00
2017-06-05,8352.900000,4,8907.900000,8831.900000,14029.700000,-25609.00,-25989.00
2017-06-06,8352.900000,4,8799.900000,8631.900000,14029.700000,-26149.00,-26989.00
2017-06-07,8352.900000,4,8851.900000,8607.900000,14029.700000,-25889.00,-27109.00
2017-06-08,8352.900000,4,8763.900000,8683.900000,14029.700000,-26329.00,-26729.00
2017-06-09,8352.900000,4,8979.900000,8563.900000,14029.700000,-25249.00,-27329.00
2017-06-11,8352.900000,4,8935.900000,8883.900000,14029.700000,-25469.00,-25729.00
2017-06-12,8352.900000,4,8943.900000,8731.900000,14029.700000,-25429.00,-26489.00
2017-06-13,8352.900000,4,9291.900000,8943.900000,14029.700000,-23689.00,-25429.00
2017-06-14,8352.900000,4,9351.900000,9159.900000,14029.700000,-23389.00,-24349.00
2017-06-15,8352.900000,4,9479.900000,9047.900000,14029.700000,-22749.00,-24909.00
2017-06-16,8352.900000,4,9611.900000,9231.900000,14029.700000,-22089.00,-23989.00
2017-06-18,8352.900000,5,9572.900000,9562.900000,14029.700000,-22284.00,-22334.00
2017-06-19,8352.900000,5,10202.900000,9552.900000,14029.700000,-19134.00,-22384.00
2017-06-20,8352.900000,5,9962.900000,9887.900000,14029.700000,-20334.00,-20709.00
2017-06-21,8352.900000,5,9577.900000,9512.900000,14029.700000,-22259.00,-22584.00
2017-06-22,8352.900000,5,9617.900000,9522.900000,14029.700000,-22059.00,-22534.00
2017-06-23,8352.900000,5,9382.900000,9217.900000,14029.700000,-23234.00,-24059.00
2017-06-25,8352.900000,5,9452.900000,9347.900000,14029.700000,-22884.00,-23409.00
2017-06-26,8352.900000,5,9657.900000,9432.900000,14029.700000,-21859.00,-22984.00
2017-06-27,8352.900000,5,9182.900000,9132.900000,14029.700000,-24234.00,-24484.00
2017-06-28,8352.900000,5,9972.900000,9072.900000,14029.700000,-20284.00,-24784.00
2017-06-29,8352.900000,5,9157.900000,8497.900000,14029.700000,-24359.00,-27659.00
2017-06-30,8352.900000,5,9417.900000,8967.900000,14029.700000,-23059.00,-25309.00
2017-07-02,8352.900000,6,9498.900000,9336.900000,14029.700000,-22654.00,-23464.00
2017-07-03,8352.900000,6,10266.900000,9444.900000,14029.700000,-18814.00,-22924.00
2017-07-04,8352.900000,6,10026.900000,9924.900000,14029.700000,-20014.00,-20524.00
2017-07-05,8352.900000,6,10110.900000,9588.900000,14029.700000,-19594.00,-22204.00
2017-07-06,8352.900000,6,9210.900000,9042.900000,14029.700000,-24094.00,-24934.00
2017-07-07,8352.900000,6,9726.900000,9084.900000,14029.700000,-21514.00,-24724.00
2017-07-09,8352.900000,6,9744.900000,9654.900000,14029.700000,-21424.00,-21874.00
2017-07-10,8352.900000,6,9678.900000,9390.900000,14029.700000,-21754.00,-23194.00
2017-07-11,8352.900000,6,9750.900000,8856.900000,14029.700000,-21394.00,-25864.00
2017-07-12,8352.900000,6,10452.900000,9654.900000,14029.700000,-17884.00,-21874.00
2017-07-13,8352.900000,6,10566.900000,10254.900000,14029.700000,-17314.00,-18874.00
2017-07-14,8352.900000,6,11124.900000,10320.900000,14029.700000,-14524.00,-18544.00
2017-07-16,8352.900000,7,11117.900000,11068.900000,14029.700000,-14559.00,-14804.00
2017-07-17,8352.900000,7,11005.900000,10830.900000,14029.700000,-15119.00,-15994.00
2017-07-18,8352.900000,7,10459.900000,9815.900000,14029.700000,-17849.00,-21069.00
2017-07-19,8352.900000,7,10998.900000,10438.900000,14029.700000,-15154.00,-17954.00
2017-07-20,8352.900000,7,10956.900000,10578.900000,14029.700000,-15364.00,-17254.00
2017-07-21,8352.900000,7,10536.900000,10060.900000,14029.700000,-17464.00,-19844.00
2017-07-23,8352.900000,7,10508.900000,10487.900000,14029.700000,-17604.00,-17709.00
2017-07-24,8352.900000,7,10347.900000,10011.900000,14029.700000,-18409.00,-20089.00
2017-07-25,8352.900000,7,10900.900000,10305.900000,14029.700000,-15644.00,-18619.00
2017-07-26,8352.900000,7,11460.900000,10732.900000,14029.700000,-12844.00,-16484.00
2017-07-27,8352.900000,7,11922.900000,11327.900000,14029.700000,-10534.00,-13509.00
2017-07-28,8352.900000,7,12356.900000,11691.900000,14029.700000,-8364.00,-11689.00
2017-07-30,8352.900000,8,12199.900000,12191.900000,14029.700000,-9149.00,-9189.00
2017-07-31,8352.900000,8,12983.900000,12119.900000,14029.700000,-5229.00,-9549.00
2017-08-01,8352.900000,8,13687.900000,12975.900000,14029.700000,-1709.00,-5269.00
2017-08-02,8352.900000,8,13711.900000,13423.900000,14029.700000,-1589.00,-3029.00
2017-08-03,8352.900000,8,13847.900000,13551.900000,14029.700000,-909.00,-2389.00
2017-08-04,8352.900000,8,14271.900000,13775.900000,14271.900000,0.00,-2480.00
2017-08-06,8352.900000,8,14343.900000,14279.900000,14343.900000,0.00,-320.00
2017-08-07,8352.900000,8,14647.900000,14327.900000,14647.900000,0.00,-1600.00
2017-08-08,8352.900000,8,14215.900000,14175.900000,14647.900000,-2160.00,-2360.00
2017-08-09,8352.900000,8,14231.900000,13815.900000,14647.900000,-2080.00,-4160.00
2017-08-10,8352.900000,8,12807.900000,12519.900000,14647.900000,-9200.00,-10640.00
2017-08-11,8352.900000,8,12935.900000,12447.900000,14647.900000,-8560.00,-11000.00
2017-08-13,8352.900000,9,13348.900000,12934.900000,14647.900000,-6495.00,-8565.00
2017-08-14,8352.900000,9,14113.900000,13330.900000,14647.900000,-2670.00,-6585.00
2017-08-15,8352.900000,9,14068.900000,13753.900000,14647.900000,-2895.00,-4470.00
2017-08-16,8352.900000,9,14221.900000,13996.900000,14647.900000,-2130.00,-3255.00
2017-08-17,8352.900000,9,11710.900000,11485.900000,14647.900000,-14685.00,-15810.00
2017-08-18,8352.900000,9,11278.900000,10873.900000,14647.900000,-16845.00,-18870.00
2017-08-20,11699.200000,0,11699.200000,11699.200000,14647.900000,-14743.50,-14743.50
2017-08-21,11699.200000,0,11699.200000,11699.200000,14647.900000,-14743.50,-14743.50
2017-08-22,11699.200000,0,11699.200000,11699.200000,14647.900000,-14743.50,-14743.50
2017-08-23,11699.200000,0,11699.200000,11699.200000,14647.900000,-14743.50,-14743.50
2017-08-24,11699.200000,0,11699.200000,11699.200000,14647.900000,-14743.50,-14743.50
2017-08-25,11699.200000,0,11699.200000,11699.200000,14647.900000,-14743.50,-14743.50
2017-08-27,11699.200000,0,11699.200000,11699.200000,14647.900000,-14743.50,-14743.50
2017-08-28,11699.200000,0,11699.200000,11699.200000,14647.900000,-14743.50,-14743.50
2017-08-29,11699.200000,0,11699.200000,11699.200000,14647.900000,-14743.50,-14743.50
2017-08-30,11699.200000,0,11699.200000,11699.200000,14647.900000,-14743.50,-14743.50
2017-08-31,11699.200000,0,11699.200000,11699.200000,14647.900000,-14743.50,-14743.50
2017-09-01,11699.200000,0,11699.200000,11699.200000,14647.900000,-14743.50,-14743.50
2017-09-03,11699.200000,0,11699.200000,11699.200000,14647.900000,-14743.50,-14743.50
2017-09-04,11699.200000,0,11699.200000,11699.200000,14647.900000,-14743.50,-14743.50
2017-09-05,11699.200000,0,11699.200000,11699.200000,14647.900000,-14743.50,-14743.50
2017-09-06,11699.200000,0,11699.200000,11699.200000,14647.900000,-14743.50,-14743.50
2017-09-07,11699.200000,0,11699.200000,11699.200000,14647.900000,-14743.50,-14743.50
2017-09-08,11699.200000,0,11699.200000,11699.200000,14647.900000,-14743.50,-14743.50
2017-09-10,11699.200000,0,11699.200000,11699.200000,14647.900000,-14743.50,-14743.50
2017-09-11,11699.200000,0,11699.200000,11699.200000,14647.900000,-14743.50,-14743.50
2017-09-12,11699.200000,3,11867.200000,11675.200000,14647.900000,-13903.50,-14863.50
2017-09-13,11699.200000,3,11891.200000,11759.200000,14647.900000,-13783.50,-14443.50
2017-09-14,11699.200000,3,11999.200000,11822.200000,14647.900000,-13243.50,-14128.50
2017-09-15,11699.200000,3,12296.200000,11993.200000,14647.900000,-11758.50,-13273.50
2017-09-17,11699.200000,3,12293.200000,12266.200000,14647.900000,-11773.50,-11908.50
2017-09-18,11699.200000,3,12515.200000,12287.200000,14647.900000,-10663.50,-11803.50
2017-09-19,11699.200000,3,12581.200000,12485.200000,14647.900000,-10333.50,-10813.50
2017-09-20,11699.200000,3,12743.200000,12419.200000,14647.900000,-9523.50,-11143.50
2017-09-21,11699.200000,3,12569.200000,12548.200000,14647.900000,-10393.50,-10498.50
2017-09-22,11699.200000,3,12515.200000,12371.200000,14647.900000,-10663.50,-11383.50
2017-09-24,11699.200000,4,12628.200000,12444.200000,14647.900000,-10098.50,-11018.50
2017-09-25,11699.200000,4,12380.200000,11992.200000,14647.900000,-11338.50,-13278.50
2017-09-26,11699.200000,4,12292.200000,12236.200000,14647.900000,-11778.50,-12058.50
2017-09-27,11699.200000,4,12452.200000,12128.200000,14647.900000,-10978.50,-12598.50
2017-09-28,11699.200000,4,12552.200000,12244.200000,14647.900000,-10478.50,-12018.50
2017-09-29,11699.200000,4,12680.200000,12420.200000,14647.900000,-9838.50,-11138.50
2017-10-01,11699.200000,4,12816.200000,12684.200000,14647.900000,-9158.50,-9818.50
2017-10-02,11699.200000,4,13312.200000,12728.200000,14647.900000,-6678.50,-9598.50
2017-10-03,11699.200000,4,13688.200000,13300.200000,14647.900000,-4798.50,-6738.50
2017-10-04,11699.200000,4,13712.200000,13616.200000,14647.900000,-4678.50,-5158.50
2017-10-05,11699.200000,4,14208.200000,13684.200000,14647.900000,-2198.50,-4818.50
2017-10-06,11699.200000,4,14056.200000,14016.200000,14647.900000,-2958.50,-3158.50
2017-10-08,11699.200000,5,14159.200000,13999.200000,14647.900000,-2443.50,-3243.50
2017-10-09,11699.200000,5,14204.200000,14059.200000,14647.900000,-2218.50,-2943.50
2017-10-10,11699.200000,5,14544.200000,14179.200000,14647.900000,-518.50,-2343.50
2017-10-11,11699.200000,5,14694.200000,14409.200000,14694.200000,0.00,-1425.00
2017-10-12,11699.200000,5,14534.200000,14469.200000,14694.200000,-800.00,-1125.00
2017-10-13,11699.200000,5,14749.200000,14514.200000,14749.200000,0.00,-1175.00
2017-10-15,11699.200000,5,14824.200000,14724.200000,14824.200000,0.00,-500.00
2017-10-16,11699.200000,5,15129.200000,14784.200000,15129.200000,0.00,-1725.00
2017-10-17,11699.200000,5,15539.200000,15049.200000,15539.200000,0.00,-2450.00
2017-10-18,11699.200000,5,16189.200000,15479.200000,16189.200000,0.00,-3550.00
2017-10-19,11699.200000,5,16219.200000,15374.200000,16219.200000,0.00,-4225.00
2017-10-20,11699.200000,5,16999.200000,16179.200000,16999.200000,0.00,-4100.00
2017-10-22,11699.200000,6,17164.200000,16936.200000,17164.200000,0.00,-1140.00
2017-10-23,11699.200000,6,16822.200000,16630.200000,17164.200000,-1710.00,-2670.00
2017-10-24,11699.200000,6,17722.200000,16804.200000,17722.200000,0.00,-4590.00
2017-10-25,11699.200000,6,17122.200000,16564.200000,17722.200000,-3000.00,-5790.00
2017-10-26,11699.200000,6,17446.200000,17086.200000,17722.200000,-1380.00,-3180.00
2017-10-27,11699.200000,6,17518.200000,17128.200000,17722.200000,-1020.00,-2970.00
2017-10-29,11699.200000,6,17482.200000,17446.200000,17722.200000,-1200.00,-1380.00
2017-10-30,11699.200000,6,16996.200000,16990.200000,17722.200000,-3630.00,-3660.00
2017-10-31,11699.200000,6,17380.200000,16960.200000,17722.200000,-1710.00,-3810.00
2017-11-01,11699.200000,6,17602.200000,17326.200000,17722.200000,-600.00,-1980.00
2017-11-02,11699.200000,6,18142.200000,17080.200000,18142.200000,0.00,-5310.00
2017-11-03,11699.200000,6,18046.200000,17842.200000,18142.200000,-480.00,-1500.00
2017-11-05,11699.200000,7,18177.200000,17967.200000,18177.200000,0.00,-1050.00
2017-11-06,11699.200000,7,18338.200000,17750.200000,18338.200000,0.00,-2940.00
2017-11-07,11699.200000,7,18009.200000,17799.200000,18338.200000,-1645.00,-2695.00
2017-11-08,11699.200000,7,18380.200000,17981.200000,18380.200000,0.00,-1995.00
2017-11-09,11699.200000,7,17771.200000,16721.200000,18380.200000,-3045.00,-8295.00
2017-11-10,11699.200000,7,17589.200000,17267.200000,18380.200000,-3955.00,-5565.00
2017-11-12,11699.200000,7,17862.200000,17666.200000,18380.200000,-2590.00,-3570.00
2017-11-13,11699.200000,7,17617.200000,16917.200000,18380.200000,-3815.00,-7315.00
2017-11-14,11699.200000,7,17344.200000,16518.200000,18380.200000,-5180.00,-9310.00
2017-11-15,11699.200000,7,16665.200000,16336.200000,18380.200000,-8575.00,-10220.00
2017-11-16,11699.200000,7,17932.200000,16630.200000,18380.200000,-2240.00,-8750.00
2017-11-17,11699.200000,7,17057.200000,17036.200000,18380.200000,-6615.00,-6720.00
2017-11-19,11699.200000,8,17046.200000,16846.200000,18380.200000,-6670.00,-7670.00
2017-11-20,11699.200000,8,17710.200000,16510.200000,18380.200000,-3350.00,-9350.00
2017-11-21,11699.200000,8,19014.200000,17582.200000,19014.200000,0.00,-7160.00
2017-11-22,11699.200000,8,18502.200000,18358.200000,19014.200000,-2560.00,-3280.00
2017-11-23,11699.200000,8,18462.200000,18038.200000,19014.200000,-2760.00,-4880.00
2017-11-24,11699.200000,8,18734.200000,18438.200000,19014.200000,-1400.00,-2880.00
2017-11-26,11699.200000,8,18830.200000,18686.200000,19014.200000,-920.00,-1640.00
2017-11-27,11699.200000,8,18934.200000,18382.200000,19014.200000,-400.00,-3160.00
2017-11-28,11699.200000,8,21006.200000,18758.200000,21006.200000,0.00,-11240.00
2017-11-29,11699.200000,8,21846.200000,20902.200000,21846.200000,0.00,-4720.00
2017-11-30,11699.200000,8,24566.200000,21718.200000,24566.200000,0.00,-14240.00
2017-12-01,11699.200000,8,24414.200000,21974.200000,24566.200000,-760.00,-12960.00
2017-12-03,11699.200000,9,26042.200000,25331.200000,26042.200000,0.00,-3555.00
2017-12-04,11699.200000,9,25088.200000,24620.200000,26042.200000,-4770.00,-7110.00
2017-12-05,11699.200000,9,23918.200000,23621.200000,26042.200000,-10620.00,-12105.00
2017-12-06,11699.200000,9,23774.200000,22982.200000,26042.200000,-11340.00,-15300.00
2017-12-07,11699.200000,9,24458.200000,22892.200000,26042.200000,-7920.00,-15750.00
2017-12-08,11699.200000,9,25376.200000,24323.200000,26042.200000,-3330.00,-8595.00
2017-12-10,11699.200000,9,25484.200000,25304.200000,26042.200000,-2790.00,-3690.00
2017-12-11,11699.200000,9,26159.200000,25268.200000,26159.200000,0.00,-4455.00
2017-12-12,11699.200000,9,26978.200000,25979.200000,26978.200000,0.00,-4995.00
2017-12-13,11699.200000,9,28076.200000,26600.200000,28076.200000,0.00,-7380.00
2017-12-14,11699.200000,9,27248.200000,27023.200000,28076.200000,-4140.00,-5265.00
2017-12-15,11699.200000,9,28427.200000,27140.200000,28427.200000,0.00,-6435.00
2017-12-17,11699.200000,10,28981.200000,28461.200000,28981.200000,0.00,-2600.00
2017-12-18,11699.200000,10,29841.200000,28901.200000,29841.200000,0.00,-4700.00
2017-12-19,11699.200000,10,29521.200000,28831.200000,29841.200000,-1600.00,-5050.00
2017-12-20,11699.200000,10,29061.200000,28591.200000,29841.200000,-3900.00,-6250.00
2017-12-21,11699.200000,10,29601.200000,28671.200000,29841.200000,-1200.00,-5850.00
2017-12-22,11699.200000,10,29201.200000,28821.200000,29841.200000,-3200.00,-5100.00
2017-12-25,11699.200000,10,29401.200000,29161.200000,29841.200000,-2200.00,-3400.00
2017-12-26,11699.200000,10,29461.200000,28601.200000,29841.200000,-1900.00,-6200.00
2017-12-27,11699.200000,10,29471.200000,29151.200000,29841.200000,-1850.00,-3450.00
2017-12-28,11699.200000,10,29711.200000,29371.200000,29841.200000,-650.00,-2350.00
2017-12-29,11699.200000,10,28321.200000,28201.200000,29841.200000,-7600.00,-8200.00
2018-01-01,11699.200000,10,29261.200000,28791.200000,29841.200000,-2900.00,-5250.00
2018-01-02,11699.200000,10,29391.200000,28691.200000,29841.200000,-2250.00,-5750.00
2018-01-03,11699.200000,10,30431.200000,29341.200000,30431.200000,0.00,-5450.00
2018-01-04,11699.200000,10,32281.200000,30311.200000,32281.200000,0.00,-9850.00
2018-01-05,11699.200000,10,34311.200000,32171.200000,34311.200000,0.00,-10700.00
2018-01-07,11699.200000,10,34941.200000,34231.200000,34941.200000,0.00,-3550.00
2018-01-08,11699.200000,10,34281.200000,33631.200000,34941.200000,-3300.00,-6550.00
2018-01-09,11699.200000,10,35251.200000,33911.200000,35251.200000,0.00,-6700.00
2018-01-10,11699.200000,10,35021.200000,33751.200000,35251.200000,-1150.00,-7500.00
2018-01-11,11699.200000,10,36951.200000,34831.200000,36951.200000,0.00,-10600.00
2018-01-12,11699.200000,10,39501.200000,36841.200000,39501.200000,0.00,-13300.00
2018-01-14,11699.200000,10,40501.200000,39611.200000,40501.200000,0.00,-4450.00
2018-01-15,11699.200000,10,41011.200000,40211.200000,41011.200000,0.00,-4000.00
2018-01-16,11699.200000,10,39691.200000,38351.200000,41011.200000,-6600.00,-13300.00
2018-01-17,11699.200000,10,42881.200000,39661.200000,42881.200000,0.00,-16100.00
2018-01-18,11699.200000,10,41211.200000,40651.200000,42881.200000,-8350.00,-11150.00
2018-01-19,11699.200000,10,42101.200000,40291.200000,42881.200000,-3900.00,-12950.00
2018-01-21,11699.200000,10,41551.200000,40971.200000,42881.200000,-6650.00,-9550.00
2018-01-22,11699.200000,10,43381.200000,41181.200000,43381.200000,0.00,-11000.00
2018-01-23,11699.200000,10,43621.200000,42881.200000,43621.200000,0.00,-3700.00
2018-01-24,11699.200000,10,43881.200000,42401.200000,43881.200000,0.00,-7400.00
2018-01-25,11699.200000,10,45521.200000,43761.200000,45521.200000,0.00,-8800.00
2018-01-26,11699.200000,10,47421.200000,45341.200000,47421.200000,0.00,-10400.00
2018-01-28,11699.200000,10,48051.200000,47341.200000,48051.200000,0.00,-3550.00
2018-01-29,11699.200000,10,46251.200000,45691.200000,48051.200000,-9000.00,-11800.00
2018-01-30,11699.200000,10,41961.200000,41581.200000,48051.200000,-30450.00,-32350.00
2018-01-31,11699.200000,10,43311.200000,41791.200000,48051.200000,-23700.00,-31300.00
2018-02-01,41948.200000,0,41948.200000,41948.200000,48051.200000,-30515.00,-30515.00
2018-02-02,41948.200000,0,41948.200000,41948.200000,48051.200000,-30515.00,-30515.00
2018-02-04,41948.200000,0,41948.200000,41948.200000,48051.200000,-30515.00,-30515.00
2018-02-05,41948.200000,0,41948.200000,41948.200000,48051.200000,-30515.00,-30515.00
2018-02-06,41948.200000,0,41948.200000,41948.200000,48051.200000,-30515.00,-30515.00
2018-02-07,41948.200000,0,41948.200000,41948.200000,48051.200000,-30515.00,-30515.00
2018-02-08,41948.200000,0,41948.200000,41948.200000,48051.200000,-30515.00,-30515.00
2018-02-09,41948.200000,0,41948.200000,41948.200000,48051.200000,-30515.00,-30515.00
2018-02-11,41948.200000,0,41948.200000,41948.200000,48051.200000,-30515.00,-30515.00
2018-02-12,41948.200000,0,41948.200000,41948.200000,48051.200000,-30515.00,-30515.00
2018-02-13,41948.200000,0,41948.200000,41948.200000,48051.200000,-30515.00,-30515.00
2018-02-14,41948.200000,0,41948.200000,41948.200000,48051.200000,-30515.00,-30515.00
2018-02-15,41948.200000,0,41948.200000,41948.200000,48051.200000,-30515.00,-30515.00
2018-02-16,41948.200000,0,41948.200000,41948.200000,48051.200000,-30515.00,-30515.00
2018-02-18,41948.200000,0,41948.200000,41948.200000,48051.200000,-30515.00,-30515.00
2018-02-19,41948.200000,0,41948.200000,41948.200000,48051.200000,-30515.00,-30515.00
2018-02-20,41948.200000,0,41948.200000,41948.200000,48051.200000,-30515.00,-30515.00
2018-02-21,41948.200000,0,41948.200000,41948.200000,48051.200000,-30515.00,-30515.00
2018-02-22,41948.200000,0,41948.200000,41948.200000,48051.200000,-30515.00,-30515.00
2018-02-23,41948.200000,0,41948.200000,41948.200000,48051.200000,-30515.00,-30515.00
2018-02-25,41948.200000,0,41948.200000,41948.200000,48051.200000,-30515.00,-30515.00
2018-02-26,41948.200000,0,41948.200000,41948.200000,48051.200000,-30515.00,-30515.00
2018-02-27,41948.200000,3,41081.200000,40802.200000,48051.200000,-34850.00,-36245.00
2018-02-28,41948.200000,3,39884.200000,39692.200000,48051.200000,-40835.00,-41795.00
2018-03-01,41948.200000,3,38561.200000,37931.200000,48051.200000,-47450.00,-50600.00
2018-03-02,39880.300000,0,39880.300000,39880.300000,48051.200000,-40854.50,-40854.50
2018-03-04,39880.300000,0,39880.300000,39880.300000,48051.200000,-40854.50,-40854.50
2018-03-05,39880.300000,0,39880.300000,39880.300000,48051.200000,-40854.50,-40854.50
2018-03-06,39880.300000,0,39880.300000,39880.300000,48051.200000,-40854.50,-40854.50
2018-03-07,39880.300000,0,39880.300000,39880.300000,48051.200000,-40854.50,-40854.50
2018-03-08,39880.300000,0,39880.300000,39880.300000,48051.200000,-40854.50,-40854.50
2018-03-09,39880.300000,0,39880.300000,39880.300000,48051.200000,-40854.50,-40854.50
2018-03-11,39880.300000,0,39880.300000,39880.300000,48051.200000,-40854.50,-40854.50
2018-03-12,39880.300000,0,39880.300000,39880.300000,48051.200000,-40854.50,-40854.50
2018-03-13,39880.300000,0,39880.300000,39880.300000,48051.200000,-40854.50,-40854.50
2018-03-14,39880.300000,0,39880.300000,39880.300000,48051.200000,-40854.50,-40854.50
2018-03-15,39880.300000,0,39880.300000,39880.300000,48051.200000,-40854.50,-40854.50
2018-03-16,39880.300000,0,39880.300000,39880.300000,48051.200000,-40854.50,-40854.50
2018-03-18,39880.300000,0,39880.300000,39880.300000,48051.200000,-40854.50,-40854.50
2018-03-19,39880.300000,0,39880.300000,39880.300000,48051.200000,-40854.50,-40854.50
2018-03-20,39880.300000,0,39880.300000,39880.300000,48051.200000,-40854.50,-40854.50
2018-03-21,39880.300000,0,39880.300000,39880.300000,48051.200000,-40854.50,-40854.50
2018-03-22,39880.300000,0,39880.300000,39880.300000,48051.200000,-40854.50,-40854.50
2018-03-23,39880.300000,0,39880.300000,39880.300000,48051.200000,-40854.50,-40854.50
2018-03-25,39880.300000,0,39880.300000,39880.300000,48051.200000,-40854.50,-40854.50
2018-03-26,39880.300000,0,39880.300000,39880.300000,48051.200000,-40854.50,-40854.50
2018-03-27,39880.300000,0,39880.300000,39880.300000,48051.200000,-40854.50,-40854.50
2018-03-28,39880.300000,0,39880.300000,39880.300000,48051.200000,-40854.50,-40854.50
2018-03-29,39880.300000,0,39880.300000,39880.300000,48051.200000,-40854.50,-40854.50
2018-04-01,39880.300000,0,39880.300000,39880.300000,48051.200000,-40854.50,-40854.50
2018-04-02,39880.300000,0,39880.300000,39880.300000,48051.200000,-40854.50,-40854.50
2018-04-03,39880.300000,0,39880.300000,39880.300000,48051.200000,-40854.50,-40854.50
2018-04-04,39880.300000,0,39880.300000,39880.300000,48051.200000,-40854.50,-40854.50
2018-04-05,39880.300000,0,39880.300000,39880.300000,48051.200000,-40854.50,-40854.50
2018-04-06,39880.300000,0,39880.300000,39880.300000,48051.200000,-40854.50,-40854.50
2018-04-08,39880.300000,0,39880.300000,39880.300000,48051.200000,-40854.50,-40854.50
2018-04-09,39880.300000,0,39880.300000,39880.300000,48051.200000,-40854.50,-40854.50
2018-04-10,39880.300000,0,39880.300000,39880.300000,48051.200000,-40854.50,-40854.50
2018-04-11,39880.300000,0,39880.300000,39880.300000,48051.200000,-40854.50,-40854.50
2018-04-12,39880.300000,0,39880.300000,39880.300000,48051.200000,-40854.50,-40854.50
2018-04-13,39880.300000,0,39880.300000,39880.300000,48051.200000,-40854.50,-40854.50
2018-04-15,39880.300000,0,39880.300000,39880.300000,48051.200000,-40854.50,-40854.50
2018-04-16,39880.300000,0,39880.300000,39880.300000,48051.200000,-40854.50,-40854.50
2018-04-17,39880.300000,0,39880.300000,39880.300000,48051.200000,-40854.50,-40854.50
2018-04-18,39880.300000,0,39880.300000,39880.300000,48051.200000,-40854.50,-40854.50
2018-04-19,39880.300000,0,39880.300000,39880.300000,48051.200000,-40854.50,-40854.50
2018-04-20,39880.300000,0,39880.300000,39880.300000,48051.200000,-40854.50,-40854.50
2018-04-22,39880.300000,0,39880.300000,39880.300000,48051.200000,-40854.50,-40854.50
2018-04-23,39880.300000,0,39880.300000,39880.300000,48051.200000,-40854.50,-40854.50
2018-04-24,39880.300000,0,39880.300000,39880.300000,48051.200000,-40854.50,-40854.50
2018-04-25,39880.300000,0,39880.300000,39880.300000,48051.200000,-40854.50,-40854.50
2018-04-26,39880.300000,0,39880.300000,39880.300000,48051.200000,-40854.50,-40854.50
2018-04-27,39880.300000,0,39880.300000,39880.300000,48051.200000,-40854.50,-40854.50
2018-04-29,39880.300000,0,39880.300000,39880.300000,48051.200000,-40854.50,-40854.50
2018-04-30,39880.300000,0,39880.300000,39880.300000,48051.200000,-40854.50,-40854.50
2018-05-01,39880.300000,0,39880.300000,39880.300000,48051.200000,-40854.50,-40854.50
2018-05-02,39880.300000,0,39880.300000,39880.300000,48051.200000,-40854.50,-40854.50
2018-05-03,39880.300000,0,39880.300000,39880.300000,48051.200000,-40854.50,-40854.50
2018-05-04,39880.300000,0,39880.300000,39880.300000,48051.200000,-40854.50,-40854.50
2018-05-06,39880.300000,0,39880.300000,39880.300000,48051.200000,-40854.50,-40854.50
2018-05-07,39880.300000,0,39880.300000,39880.300000,48051.200000,-40854.50,-40854.50
2018-05-08,39880.300000,0,39880.300000,39880.300000,48051.200000,-40854.50,-40854.50
2018-05-09,39880.300000,0,39880.300000,39880.300000,48051.200000,-40854.50,-40854.50
2018-05-10,39880.300000,0,39880.300000,39880.300000,48051.200000,-40854.50,-40854.50
2018-05-11,39880.300000,0,39880.300000,39880.300000,48051.200000,-40854.50,-40854.50
2018-05-13,39880.300000,3,40120.300000,39877.300000,48051.200000,-39654.50,-40869.50
2018-05-14,39880.300000,3,40090.300000,39946.300000,48051.200000,-39804.50,-40524.50
2018-05-15,39880.300000,3,39367.300000,39253.300000,48051.200000,-43419.50,-43989.50
2018-05-16,39880.300000,3,39739.300000,39307.300000,48051.200000,-41559.50,-43719.50
2018-05-17,39363.400000,0,39363.400000,39363.400000,48051.200000,-43439.00,-43439.00
2018-05-18,39363.400000,0,39363.400000,39363.400000,48051.200000,-43439.00,-43439.00
2018-05-20,39363.400000,0,39363.400000,39363.400000,48051.200000,-43439.00,-43439.00
2018-05-21,39363.400000,3,39642.400000,39336.400000,48051.200000,-42044.00,-43574.00
2018-05-22,39363.400000,3,39114.400000,39048.400000,48051.200000,-44684.00,-45014.00
2018-05-23,39363.400000,3,39147.400000,38514.400000,48051.200000,-44519.00,-47684.00
2018-05-24,39363.400000,3,39087.400000,38385.400000,48051.200000,-44819.00,-48329.00
2018-05-25,39363.400000,3,38883.400000,38655.400000,48051.200000,-45839.00,-46979.00
2018-05-27,39363.400000,3,39117.400000,39036.400000,48051.200000,-44669.00,-45074.00
2018-05-28,39104.500000,3,38924.500000,38735.500000,48051.200000,-45633.50,-46578.50
2018-05-29,39104.500000,3,37628.500000,37301.500000,48051.200000,-52113.50,-53748.50
2018-05-30,38914.600000,0,38914.600000,38914.600000,48051.200000,-45683.00,-45683.00
2018-05-31,38914.600000,0,38914.600000,38914.600000,48051.200000,-45683.00,-45683.00
2018-06-01,38914.600000,0,38914.600000,38914.600000,48051.200000,-45683.00,-45683.00
2018-06-03,38914.600000,0,38914.600000,38914.600000,48051.200000,-45683.00,-45683.00
2018-06-04,38914.600000,0,38914.600000,38914.600000,48051.200000,-45683.00,-45683.00
2018-06-05,38914.600000,0,38914.600000,38914.600000,48051.200000,-45683.00,-45683.00
2018-06-06,38914.600000,3,39832.600000,38890.600000,48051.200000,-41093.00,-45803.00
2018-06-07,38914.600000,3,40249.600000,39808.600000,48051.200000,-39008.00,-41213.00
2018-06-08,38914.600000,3,40438.600000,39712.600000,48051.200000,-38063.00,-41693.00
2018-06-10,38914.600000,3,40321.600000,40204.600000,48051.200000,-38648.00,-39233.00
2018-06-11,38914.600000,3,40534.600000,40318.600000,48051.200000,-37583.00,-38663.00
2018-06-12,38914.600000,3,40474.600000,40207.600000,48051.200000,-37883.00,-39218.00
2018-06-13,38914.600000,3,40108.600000,40033.600000,48051.200000,-39713.00,-40088.00
2018-06-14,38914.600000,3,40042.600000,39880.600000,48051.200000,-40043.00,-40853.00
2018-06-15,38914.600000,3,39709.600000,39157.600000,48051.200000,-41708.00,-44468.00
2018-06-17,38914.600000,4,39786.600000,39594.600000,48051.200000,-41323.00,-42283.00
2018-06-18,38914.600000,4,38842.600000,38714.600000,48051.200000,-46043.00,-46683.00
2018-06-19,38914.600000,4,38338.600000,37634.600000,48051.200000,-48563.00,-52083.00
2018-06-20,38914.600000,4,38142.600000,37886.600000,48051.200000,-49543.00,-50823.00
2018-06-21,38333.400000,0,38333.400000,38333.400000,48051.200000,-48589.00,-48589.00
2018-06-22,38333.400000,0,38333.400000,38333.400000,48051.200000,-48589.00,-48589.00
2018-06-24,38333.400000,0,38333.400000,38333.400000,48051.200000,-48589.00,-48589.00
2018-06-25,38333.400000,0,38333.400000,38333.400000,48051.200000,-48589.00,-48589.00
2018-06-26,38333.400000,0,38333.400000,38333.400000,48051.200000,-48589.00,-48589.00
2018-06-27,38333.400000,0,38333.400000,38333.400000,48051.200000,-48589.00,-48589.00
2018-06-28,38333.400000,0,38333.400000,38333.400000,48051.200000,-48589.00,-48589.00
2018-06-29,38333.400000,0,38333.400000,38333.400000,48051.200000,-48589.00,-48589.00
2018-07-01,38333.400000,0,38333.400000,38333.400000,48051.200000,-48589.00,-48589.00
2018-07-02,38333.400000,0,38333.400000,38333.400000,48051.200000,-48589.00,-48589.00
2018-07-03,38333.400000,0,38333.400000,38333.400000,48051.200000,-48589.00,-48589.00
2018-07-04,38333.400000,0,38333.400000,38333.400000,48051.200000,-48589.00,-48589.00
2018-07-05,38333.400000,0,38333.400000,38333.400000,48051.200000,-48589.00,-48589.00
2018-07-06,38333.400000,0,38333.400000,38333.400000,48051.200000,-48589.00,-48589.00
2018-07-08,38333.400000,0,38333.400000,38333.400000,48051.200000,-48589.00,-48589.00
2018-07-09,38333.400000,0,38333.400000,38333.400000,48051.200000,-48589.00,-48589.00
2018-07-10,38333.400000,0,38333.400000,38333.400000,48051.200000,-48589.00,-48589.00
2018-07-11,38333.400000,0,38333.400000,38333.400000,48051.200000,-48589.00,-48589.00
2018-07-12,38333.400000,0,38333.400000,38333.400000,48051.200000,-48589.00,-48589.00
2018-07-13,38333.400000,3,38567.400000,38117.400000,48051.200000,-47419.00,-49669.00
2018-07-15,38333.400000,3,38690.400000,38585.400000,48051.200000,-46804.00,-47329.00
2018-07-16,38333.400000,3,38678.400000,38396.400000,48051.200000,-46864.00,-48274.00
2018-07-17,38333.400000,3,38912.400000,38423.400000,48051.200000,-45694.00,-48139.00
2018-07-18,38333.400000,3,39050.400000,38753.400000,48051.200000,-45004.00,-46489.00
2018-07-19,38333.400000,3,38696.400000,38612.400000,48051.200000,-46774.00,-47194.00
2018-07-20,38333.400000,3,38699.400000,38246.400000,48051.200000,-46759.00,-49024.00
2018-07-22,38333.400000,4,38621.400000,38621.400000,48051.200000,-47149.00,-47149.00
2018-07-23,38333.400000,4,38753.400000,38229.400000,48051.200000,-46489.00,-49109.00
2018-07-24,38333.400000,4,39269.400000,38577.400000,48051.200000,-43909.00,-47369.00
2018-07-25,38333.400000,4,40121.400000,38773.400000,48051.200000,-39649.00,-46389.00
2018-07-26,38333.400000,4,40529.400000,39993.400000,48051.200000,-37609.00,-40289.00
2018-07-27,38333.400000,4,40125.400000,39813.400000,48051.200000,-39629.00,-41189.00
2018-07-29,38333.400000,4,40041.400000,39997.400000,48051.200000,-40049.00,-40269.00
2018-07-30,38333.400000,4,39653.400000,39477.400000,48051.200000,-41989.00,-42869.00
2018-07-31,38333.400000,4,39973.400000,39509.400000,48051.200000,-40389.00,-42709.00
2018-08-01,38333.400000,4,39693.400000,39409.400000,48051.200000,-41789.00,-43209.00
2018-08-02,38333.400000,4,39685.400000,38769.400000,48051.200000,-41829.00,-46409.00
2018-08-03,38333.400000,4,40113.400000,39461.400000,48051.200000,-39689.00,-42949.00
2018-08-05,38333.400000,5,40111.400000,40081.400000,48051.200000,-39699.00,-39849.00
2018-08-06,38333.400000,5,40356.400000,39726.400000,48051.200000,-38474.00,-41624.00
2018-08-07,38333.400000,5,41016.400000,40321.400000,48051.200000,-35174.00,-38649.00
2018-08-08,38333.400000,5,40636.400000,40501.400000,48051.200000,-37074.00,-37749.00
2018-08-09,38333.400000,5,40426.400000,40291.400000,48051.200000,-38124.00,-38799.00
2018-08-10,38333.400000,5,39751.400000,39071.400000,48051.200000,-41499.00,-44899.00
2018-08-12,38333.400000,5,39381.400000,39181.400000,48051.200000,-43349.00,-44349.00
2018-08-13,38333.400000,5,39126.400000,38701.400000,48051.200000,-44624.00,-46749.00
2018-08-14,38333.400000,5,39531.400000,38956.400000,48051.200000,-42599.00,-45474.00
2018-08-15,38333.400000,5,38866.400000,37771.400000,48051.200000,-45924.00,-51399.00
2018-08-16,38333.400000,5,40931.400000,38731.400000,48051.200000,-35599.00,-46599.00
2018-08-17,38333.400000,5,41506.400000,40526.400000,48051.200000,-32724.00,-37624.00
2018-08-19,38333.400000,6,41420.400000,41372.400000,48051.200000,-33154.00,-33394.00
2018-08-20,38333.400000,6,41738.400000,41270.400000,48051.200000,-31564.00,-33904.00
2018-08-21,38333.400000,6,41396.400000,41360.400000,48051.200000,-33274.00,-33454.00
2018-08-22,38333.400000,6,41684.400000,41354.400000,48051.200000,-31834.00,-33484.00
2018-08-23,38333.400000,6,41264.400000,40934.400000,48051.200000,-33934.00,-35584.00
2018-08-24,38333.400000,6,42134.400000,41210.400000,48051.200000,-29584.00,-34204.00
2018-08-26,38333.400000,6,42488.400000,42122.400000,48051.200000,-27814.00,-29644.00
2018-08-27,38333.400000,6,43922.400000,42410.400000,48051.200000,-20644.00,-28204.00
2018-08-28,38333.400000,6,43958.400000,43556.400000,48051.200000,-20464.00,-22474.00
2018-08-29,38333.400000,6,44162.400000,43592.400000,48051.200000,-19444.00,-22294.00
2018-08-30,38333.400000,6,43112.400000,42968.400000,48051.200000,-24694.00,-25414.00
2018-08-31,38333.400000,6,43520.400000,42668.400000,48051.200000,-22654.00,-26914.00
2018-09-02,38333.400000,7,43361.400000,43228.400000,48051.200000,-23449.00,-24114.00
2018-09-03,38333.400000,7,43368.400000,42990.400000,48051.200000,-23414.00,-25304.00
2018-09-04,38333.400000,7,43109.400000,41989.400000,48051.200000,-24709.00,-30309.00
2018-09-05,38333.400000,7,42976.400000,42157.400000,48051.200000,-25374.00,-29469.00
2018-09-06,38333.400000,7,43284.400000,42528.400000,48051.200000,-23834.00,-27614.00
2018-09-07,38333.400000,7,42885.400000,42101.400000,48051.200000,-25829.00,-29749.00
2018-09-09,38333.400000,7,43032.400000,42850.400000,48051.200000,-25094.00,-26004.00
2018-09-10,38333.400000,7,42584.400000,42388.400000,48051.200000,-27334.00,-28314.00
2018-09-11,38333.400000,7,43368.400000,41618.400000,48051.200000,-23414.00,-32164.00
2018-09-12,38333.400000,7,43319.400000,42850.400000,48051.200000,-23659.00,-26004.00
2018-09-13,38333.400000,7,44404.400000,43130.400000,48051.200000,-18234.00,-24604.00
2018-09-14,38333.400000,7,44565.400000,43998.400000,48051.200000,-17429.00,-20264.00
2018-09-16,38333.400000,8,44216.400000,44088.400000,48051.200000,-19174.00,-19814.00
2018-09-17,38333.400000,8,43040.400000,43024.400000,48051.200000,-25054.00,-25134.00
2018-09-18,38333.400000,8,45584.400000,43008.400000,48051.200000,-12334.00,-25214.00
2018-09-19,38333.400000,8,47008.400000,45200.400000,48051.200000,-5214.00,-14254.00
2018-09-20,38333.400000,8,49056.400000,46736.400000,49056.400000,0.00,-11600.00
2018-09-21,38333.400000,8,49048.400000,48776.400000,49056.400000,-40.00,-1400.00
2018-09-23,38333.400000,8,48656.400000,48352.400000,49056.400000,-2000.00,-3520.00
2018-09-24,38333.400000,8,47984.400000,47696.400000,49056.400000,-5360.00,-6800.00
2018-09-25,38333.400000,8,47424.400000,47088.400000,49056.400000,-8160.00,-9840.00
2018-09-26,38333.400000,8,46592.400000,46032.400000,49056.400000,-12320.00,-15120.00
2018-09-27,38333.400000,8,47024.400000,45936.400000,49056.400000,-10160.00,-15600.00
2018-09-28,38333.400000,8,47104.400000,45856.400000,49056.400000,-9760.00,-16000.00
2018-09-30,38333.400000,9,47910.400000,47199.400000,49056.400000,-5730.00,-9285.00
2018-10-01,38333.400000,9,48612.400000,47784.400000,49056.400000,-2220.00,-6360.00
2018-10-02,38333.400000,9,49719.400000,47523.400000,49719.400000,0.00,-10980.00
2018-10-03,38333.400000,9,49890.400000,49539.400000,49890.400000,0.00,-1755.00
2018-10-04,38333.400000,9,48567.400000,46902.400000,49890.400000,-6615.00,-14940.00
2018-10-05,38333.400000,9,47055.400000,45354.400000,49890.400000,-14175.00,-22680.00
2018-10-07,38333.400000,9,46785.400000,46524.400000,49890.400000,-15525.00,-16830.00
2018-10-08,38333.400000,9,47163.400000,44589.400000,49890.400000,-13635.00,-26505.00
2018-10-09,38333.400000,9,47010.400000,45588.400000,49890.400000,-14400.00,-21510.00
2018-10-10,38333.400000,9,37677.400000,37344.400000,49890.400000,-61065.00,-62730.00
2018-10-11,38333.400000,9,36147.400000,32592.400000,49890.400000,-68715.00,-86490.00
2018-10-12,37656.700000,0,37656.700000,37656.700000,49890.400000,-61168.50,-61168.50
2018-10-14,37656.700000,0,37656.700000,37656.700000,49890.400000,-61168.50,-61168.50
2018-10-15,37656.700000,0,37656.700000,37656.700000,49890.400000,-61168.50,-61168.50
2018-10-16,37656.700000,0,37656.700000,37656.700000,49890.400000,-61168.50,-61168.50
2018-10-17,37656.700000,0,37656.700000,37656.700000,49890.400000,-61168.50,-61168.50
2018-10-18,37656.700000,0,37656.700000,37656.700000,49890.400000,-61168.50,-61168.50
2018-10-19,37656.700000,0,37656.700000,37656.700000,49890.400000,-61168.50,-61168.50
2018-10-21,37656.700000,0,37656.700000,37656.700000,49890.400000,-61168.50,-61168.50
2018-10-22,37656.700000,0,37656.700000,37656.700000,49890.400000,-61168.50,-61168.50
2018-10-23,37656.700000,0,37656.700000,37656.700000,49890.400000,-61168.50,-61168.50
2018-10-24,37656.700000,0,37656.700000,37656.700000,49890.400000,-61168.50,-61168.50
2018-10-25,37656.700000,0,37656.700000,37656.700000,49890.400000,-61168.50,-61168.50
2018-10-26,37656.700000,0,37656.700000,37656.700000,49890.400000,-61168.50,-61168.50
2018-10-28,37656.700000,0,37656.700000,37656.700000,49890.400000,-61168.50,-61168.50
2018-10-29,37656.700000,0,37656.700000,37656.700000,49890.400000,-61168.50,-61168.50
2018-10-30,37656.700000,0,37656.700000,37656.700000,49890.400000,-61168.50,-61168.50
2018-10-31,37656.700000,0,37656.700000,37656.700000,49890.400000,-61168.50,-61168.50
2018-11-01,37656.700000,0,37656.700000,37656.700000,49890.400000,-61168.50,-61168.50
2018-11-02,37656.700000,0,37656.700000,37656.700000,49890.400000,-61168.50,-61168.50
2018-11-04,37656.700000,0,37656.700000,37656.700000,49890.400000,-61168.50,-61168.50
2018-11-05,37656.700000,0,37656.700000,37656.700000,49890.400000,-61168.50,-61168.50
2018-11-06,37656.700000,0,37656.700000,37656.700000,49890.400000,-61168.50,-61168.50
2018-11-07,37656.700000,0,37656.700000,37656.700000,49890.400000,-61168.50,-61168.50
2018-11-08,37656.700000,3,37722.700000,37371.700000,49890.400000,-60838.50,-62593.50
2018-11-09,37656.700000,3,37071.700000,36786.700000,49890.400000,-64093.50,-65518.50
2018-11-11,37656.700000,3,37053.700000,36924.700000,49890.400000,-64183.50,-64828.50
2018-11-12,37085.800000,0,37085.800000,37085.800000,49890.400000,-64023.00,-64023.00
2018-11-13,37085.800000,0,37085.800000,37085.800000,49890.400000,-64023.00,-64023.00
2018-11-14,37085.800000,0,37085.800000,37085.800000,49890.400000,-64023.00,-64023.00
2018-11-15,37085.800000,0,37085.800000,37085.800000,49890.400000,-64023.00,-64023.00
2018-11-16,37085.800000,0,37085.800000,37085.800000,49890.400000,-64023.00,-64023.00
2018-11-18,37085.800000,0,37085.800000,37085.800000,49890.400000,-64023.00,-64023.00
2018-11-19,37085.800000,0,37085.800000,37085.800000,49890.400000,-64023.00,-64023.00
2018-11-20,37085.800000,0,37085.800000,37085.800000,49890.400000,-64023.00,-64023.00
2018-11-21,37085.800000,0,37085.800000,37085.800000,49890.400000,-64023.00,-64023.00
2018-11-22,37085.800000,0,37085.800000,37085.800000,49890.400000,-64023.00,-64023.00
2018-11-23,37085.800000,0,37085.800000,37085.800000,49890.400000,-64023.00,-64023.00
2018-11-25,37085.800000,0,37085.800000,37085.800000,49890.400000,-64023.00,-64023.00
2018-11-26,37085.800000,0,37085.800000,37085.800000,49890.400000,-64023.00,-64023.00
2018-11-27,37085.800000,0,37085.800000,37085.800000,49890.400000,-64023.00,-64023.00
2018-11-28,37085.800000,0,37085.800000,37085.800000,49890.400000,-64023.00,-64023.00
2018-11-29,37085.800000,0,37085.800000,37085.800000,49890.400000,-64023.00,-64023.00
2018-11-30,37085.800000,0,37085.800000,37085.800000,49890.400000,-64023.00,-64023.00
2018-12-02,37085.800000,3,37616.800000,37073.800000,49890.400000,-61368.00,-64083.00
2018-12-03,37085.800000,3,37031.800000,36698.800000,49890.400000,-64293.00,-65958.00
2018-12-04,37085.800000,3,34940.800000,34640.800000,49890.400000,-74748.00,-76248.00
2018-12-05,37030.900000,0,37030.900000,37030.900000,49890.400000,-64297.50,-64297.50
2018-12-06,37030.900000,0,37030.900000,37030.900000,49890.400000,-64297.50,-64297.50
2018-12-07,37030.900000,0,37030.900000,37030.900000,49890.400000,-64297.50,-64297.50
2018-12-09,37030.900000,0,37030.900000,37030.900000,49890.400000,-64297.50,-64297.50
2018-12-10,37030.900000,0,37030.900000,37030.900000,49890.400000,-64297.50,-64297.50
2018-12-11,37030.900000,0,37030.900000,37030.900000,49890.400000,-64297.50,-64297.50
2018-12-12,37030.900000,0,37030.900000,37030.900000,49890.400000,-64297.50,-64297.50
2018-12-13,37030.900000,0,37030.900000,37030.900000,49890.400000,-64297.50,-64297.50
2018-12-14,37030.900000,0,37030.900000,37030.900000,49890.400000,-64297.50,-64297.50
2018-12-16,37030.900000,0,37030.900000,37030.900000,49890.400000,-64297.50,-64297.50
2018-12-17,37030.900000,0,37030.900000,37030.900000,49890.400000,-64297.50,-64297.50
2018-12-18,37030.900000,0,37030.900000,37030.900000,49890.400000,-64297.50,-64297.50
2018-12-19,37030.900000,0,37030.900000,37030.900000,49890.400000,-64297.50,-64297.50
2018-12-20,37030.900000,0,37030.900000,37030.900000,49890.400000,-64297.50,-64297.50
2018-12-21,37030.900000,0,37030.900000,37030.900000,49890.400000,-64297.50,-64297.50
2018-12-23,37030.900000,0,37030.900000,37030.900000,49890.400000,-64297.50,-64297.50
2018-12-24,37030.900000,0,37030.900000,37030.900000,49890.400000,-64297.50,-64297.50
2018-12-25,37030.900000,0,37030.900000,37030.900000,49890.400000,-64297.50,-64297.50
2018-12-26,37030.900000,0,37030.900000,37030.900000,49890.400000,-64297.50,-64297.50
2018-12-27,37030.900000,0,37030.900000,37030.900000,49890.400000,-64297.50,-64297.50
2018-12-28,37030.900000,0,37030.900000,37030.900000,49890.400000,-64297.50,-64297.50
2018-12-30,37030.900000,0,37030.900000,37030.900000,49890.400000,-64297.50,-64297.50
2018-12-31,37030.900000,0,37030.900000,37030.900000,49890.400000,-64297.50,-64297.50
2019-01-01,37030.900000,3,37189.900000,36934.900000,49890.400000,-63502.50,-64777.50
2019-01-02,37030.900000,3,35956.900000,35425.900000,49890.400000,-69667.50,-72322.50
2019-01-03,37030.900000,3,35089.900000,34912.900000,49890.400000,-74002.50,-74887.50
2019-01-04,35962.000000,0,35962.000000,35962.000000,49890.400000,-69642.00,-69642.00
2019-01-06,35962.000000,3,35998.000000,35794.000000,49890.400000,-69462.00,-70482.00
2019-01-07,35962.000000,3,36118.000000,35386.000000,49890.400000,-68862.00,-72522.00
2019-01-08,35962.000000,3,36934.000000,36118.000000,49890.400000,-64782.00,-68862.00
2019-01-09,35962.000000,3,36967.000000,36808.000000,49890.400000,-64617.00,-65412.00
2019-01-10,35962.000000,3,37342.000000,36469.000000,49890.400000,-62742.00,-67107.00
2019-01-11,35962.000000,3,37426.000000,36844.000000,49890.400000,-62322.00,-65232.00
2019-01-13,35962.000000,3,37099.000000,37093.000000,49890.400000,-63957.00,-63987.00
2019-01-14,35962.000000,3,37204.000000,36637.000000,49890.400000,-63432.00,-66267.00
2019-01-15,35962.000000,3,37666.000000,37024.000000,49890.400000,-61122.00,-64332.00
2019-01-16,35962.000000,3,37960.000000,37426.000000,49890.400000,-59652.00,-62322.00
2019-01-17,35962.000000,3,38482.000000,37579.000000,49890.400000,-57042.00,-61557.00
2019-01-18,35962.000000,3,39760.000000,38458.000000,49890.400000,-50652.00,-57162.00
2019-01-20,35962.000000,4,39474.000000,39426.000000,49890.400000,-52082.00,-52322.00
2019-01-21,35962.000000,4,39298.000000,38970.000000,49890.400000,-52962.00,-54602.00
2019-01-22,35962.000000,4,38398.000000,37722.000000,49890.400000,-57462.00,-60842.00
2019-01-23,35962.000000,4,38882.000000,37962.000000,49890.400000,-55042.00,-59642.00
2019-01-24,35962.000000,4,38838.000000,38402.000000,49890.400000,-55262.00,-57442.00
2019-01-25,35962.000000,4,39766.000000,38758.000000,49890.400000,-50622.00,-55662.00
2019-01-27,35962.000000,4,39506.000000,39470.000000,49890.400000,-51922.00,-52102.00
2019-01-28,35962.000000,4,38510.000000,37994.000000,49890.400000,-56902.00,-59482.00
2019-01-29,35962.000000,4,39290.000000,38258.000000,49890.400000,-53002.00,-58162.00
2019-01-30,35962.000000,4,40790.000000,39018.000000,49890.400000,-45502.00,-54362.00
2019-01-31,35962.000000,4,40838.000000,40042.000000,49890.400000,-45262.00,-49242.00
2019-02-01,35962.000000,4,40862.000000,40590.000000,49890.400000,-45142.00,-46502.00
2019-02-03,35962.000000,5,40838.000000,40613.000000,49890.400000,-45262.00,-46387.00
2019-02-04,35962.000000,5,41748.000000,40538.000000,49890.400000,-40712.00,-46762.00
2019-02-05,35962.000000,5,42538.000000,41623.000000,49890.400000,-36762.00,-41337.00
2019-02-06,35962.000000,5,42533.000000,42203.000000,49890.400000,-36787.00,-38437.00
2019-02-07,35962.000000,5,41253.000000,40743.000000,49890.400000,-43187.00,-45737.00
2019-02-08,35962.000000,5,41423.000000,40228.000000,49890.400000,-42337.00,-48312.00
2019-02-10,35962.000000,5,41278.000000,41268.000000,49890.400000,-43062.00,-43112.00
2019-02-11,35962.000000,5,41063.000000,40823.000000,49890.400000,-44137.00,-45337.00
2019-02-12,35962.000000,5,43068.000000,41038.000000,49890.400000,-34112.00,-44262.00
2019-02-13,35962.000000,5,43423.000000,43033.000000,49890.400000,-32337.00,-34287.00
2019-02-14,35962.000000,5,43008.000000,42438.000000,49890.400000,-34412.00,-37262.00
2019-02-15,35962.000000,5,45423.000000,42293.000000,49890.400000,-22337.00,-37987.00
2019-02-17,35962.000000,6,45545.000000,45335.000000,49890.400000,-21727.00,-22777.00
2019-02-18,35962.000000,6,45323.000000,45113.000000,49890.400000,-22837.00,-23887.00
2019-02-19,35962.000000,6,45311.000000,44765.000000,49890.400000,-22897.00,-25627.00
2019-02-20,35962.000000,6,45749.000000,44981.000000,49890.400000,-20707.00,-24547.00
2019-02-21,35962.000000,6,45065.000000,44549.000000,49890.400000,-24127.00,-26707.00
2019-02-22,35962.000000,6,46283.000000,44861.000000,49890.400000,-18037.00,-25147.00
2019-02-24,35962.000000,6,46619.000000,46427.000000,49890.400000,-16357.00,-17317.00
2019-02-25,35962.000000,6,46511.000000,46271.000000,49890.400000,-16897.00,-18097.00
2019-02-26,35962.000000,6,46139.000000,45755.000000,49890.400000,-18757.00,-20677.00
2019-02-27,35962.000000,6,46133.000000,45263.000000,49890.400000,-18787.00,-23137.00
2019-02-28,35962.000000,6,45509.000000,45299.000000,49890.400000,-21907.00,-22957.00
2019-03-01,35962.000000,6,46319.000000,45485.000000,49890.400000,-17857.00,-22027.00
2019-03-03,35962.000000,7,46973.000000,46574.000000,49890.400000,-14587.00,-16582.00
2019-03-04,35962.000000,7,44537.000000,43158.000000,49890.400000,-26767.00,-33662.00
2019-03-05,35962.000000,7,44390.000000,43970.000000,49890.400000,-27502.00,-29602.00
2019-03-06,35962.000000,7,43389.000000,43270.000000,49890.400000,-32507.00,-33102.00
2019-03-07,35962.000000,7,42297.000000,41289.000000,49890.400000,-37967.00,-43007.00
2019-03-08,35962.000000,7,42808.000000,40645.000000,49890.400000,-35412.00,-46227.00
2019-03-10,35962.000000,7,42115.000000,42101.000000,49890.400000,-38877.00,-38947.00
2019-03-11,35962.000000,7,44292.000000,40680.000000,49890.400000,-27992.00,-46052.00
2019-03-12,42112.900000,0,42112.900000,42112.900000,49890.400000,-38887.50,-38887.50
2019-03-13,42112.900000,0,42112.900000,42112.900000,49890.400000,-38887.50,-38887.50
2019-03-14,42112.900000,0,42112.900000,42112.900000,49890.400000,-38887.50,-38887.50
2019-03-15,42112.900000,0,42112.900000,42112.900000,49890.400000,-38887.50,-38887.50
2019-03-17,42112.900000,0,42112.900000,42112.900000,49890.400000,-38887.50,-38887.50
2019-03-18,42112.900000,0,42112.900000,42112.900000,49890.400000,-38887.50,-38887.50
2019-03-19,42112.900000,0,42112.900000,42112.900000,49890.400000,-38887.50,-38887.50
2019-03-20,42112.900000,0,42112.900000,42112.900000,49890.400000,-38887.50,-38887.50
2019-03-21,42112.900000,0,42112.900000,42112.900000,49890.400000,-38887.50,-38887.50
2019-03-22,42112.900000,0,42112.900000,42112.900000,49890.400000,-38887.50,-38887.50
2019-03-24,42112.900000,0,42112.900000,42112.900000,49890.400000,-38887.50,-38887.50
2019-03-25,42112.900000,0,42112.900000,42112.900000,49890.400000,-38887.50,-38887.50
2019-03-26,42112.900000,0,42112.900000,42112.900000,49890.400000,-38887.50,-38887.50
2019-03-27,42112.900000,0,42112.900000,42112.900000,49890.400000,-38887.50,-38887.50
2019-03-28,42112.900000,0,42112.900000,42112.900000,49890.400000,-38887.50,-38887.50
2019-03-29,42112.900000,0,42112.900000,42112.900000,49890.400000,-38887.50,-38887.50
2019-03-31,42112.900000,0,42112.900000,42112.900000,49890.400000,-38887.50,-38887.50
2019-04-01,42112.900000,0,42112.900000,42112.900000,49890.400000,-38887.50,-38887.50
2019-04-02,42112.900000,3,41743.900000,41662.900000,49890.400000,-40732.50,-41137.50
2019-04-03,42112.900000,3,42073.900000,41683.900000,49890.400000,-39082.50,-41032.50
2019-04-04,42112.900000,3,42394.900000,41872.900000,49890.400000,-37477.50,-40087.50
2019-04-05,42073.000000,3,42103.000000,42061.000000,49890.400000,-38937.00,-39147.00
2019-04-07,42073.000000,3,42154.000000,42028.000000,49890.400000,-38682.00,-39312.00
2019-04-08,42073.000000,3,41941.000000,41710.000000,49890.400000,-39747.00,-40902.00
2019-04-09,42073.000000,3,41401.000000,41278.000000,49890.400000,-42447.00,-43062.00
2019-04-10,42073.000000,3,41530.000000,41287.000000,49890.400000,-41802.00,-43017.00
2019-04-11,41397.100000,0,41397.100000,41397.100000,49890.400000,-42466.50,-42466.50
2019-04-12,41397.100000,0,41397.100000,41397.100000,49890.400000,-42466.50,-42466.50
2019-04-14,41397.100000,3,41427.100000,41376.100000,49890.400000,-42316.50,-42571.50
2019-04-15,41397.100000,3,41319.100000,41127.100000,49890.400000,-42856.50,-43816.50
2019-04-16,41397.100000,3,41457.100000,41307.100000,49890.400000,-42166.50,-42916.50
2019-04-17,41397.100000,3,41535.100000,41325.100000,49890.400000,-41776.50,-42826.50
2019-04-18,41397.100000,3,41877.100000,41109.100000,49890.400000,-40066.50,-43906.50
2019-04-21,41397.100000,3,41979.100000,41808.100000,49890.400000,-39556.50,-40411.50
2019-04-22,41397.100000,3,41700.100000,41520.100000,49890.400000,-40951.50,-41851.50
2019-04-23,41397.100000,3,42159.100000,41562.100000,49890.400000,-38656.50,-41641.50
2019-04-24,41397.100000,3,41838.100000,41730.100000,49890.400000,-40261.50,-40801.50
2019-04-25,41397.100000,3,41418.100000,41052.100000,49890.400000,-42361.50,-44191.50
2019-04-26,41397.100000,3,41652.100000,41214.100000,49890.400000,-41191.50,-43381.50
2019-04-28,41397.100000,3,41706.100000,41673.100000,49890.400000,-40921.50,-41086.50
2019-04-29,41397.100000,3,41808.100000,41628.100000,49890.400000,-40411.50,-41311.50
2019-04-30,41397.100000,3,42120.100000,41370.100000,49890.400000,-38851.50,-42601.50
2019-05-01,41397.100000,3,41277.100000,41154.100000,49890.400000,-43066.50,-43681.50
2019-05-02,41397.100000,3,41001.100000,40620.100000,49890.400000,-44446.50,-46351.50
2019-05-03,41397.100000,3,41727.100000,40911.100000,49890.400000,-40816.50,-44896.50
2019-05-05,40997.200000,3,40241.200000,40151.200000,49890.400000,-48246.00,-48696.00
2019-05-06,40997.200000,3,40985.200000,39938.200000,49890.400000,-44526.00,-49761.00
2019-05-07,40240.300000,3,39157.300000,38644.300000,49890.400000,-53665.50,-56230.50
2019-05-08,40240.300000,3,39286.300000,38788.300000,49890.400000,-53020.50,-55510.50
2019-05-09,39153.400000,0,39153.400000,39153.400000,49890.400000,-53685.00,-53685.00
2019-05-10,39153.400000,0,39153.400000,39153.400000,49890.400000,-53685.00,-53685.00
2019-05-12,39153.400000,0,39153.400000,39153.400000,49890.400000,-53685.00,-53685.00
2019-05-13,39153.400000,0,39153.400000,39153.400000,49890.400000,-53685.00,-53685.00
2019-05-14,39153.400000,0,39153.400000,39153.400000,49890.400000,-53685.00,-53685.00
2019-05-15,39153.400000,0,39153.400000,39153.400000,49890.400000,-53685.00,-53685.00
2019-05-16,39153.400000,0,39153.400000,39153.400000,49890.400000,-53685.00,-53685.00
2019-05-17,39153.400000,0,39153.400000,39153.400000,49890.400000,-53685.00,-53685.00
2019-05-19,39153.400000,0,39153.400000,39153.400000,49890.400000,-53685.00,-53685.00
2019-05-20,39153.400000,0,39153.400000,39153.400000,49890.400000,-53685.00,-53685.00
2019-05-21,39153.400000,0,39153.400000,39153.400000,49890.400000,-53685.00,-53685.00
2019-05-22,39153.400000,0,39153.400000,39153.400000,49890.400000,-53685.00,-53685.00
2019-05-23,39153.400000,0,39153.400000,39153.400000,49890.400000,-53685.00,-53685.00
2019-05-24,39153.400000,0,39153.400000,39153.400000,49890.400000,-53685.00,-53685.00
2019-05-26,39153.400000,0,39153.400000,39153.400000,49890.400000,-53685.00,-53685.00
2019-05-27,39153.400000,0,39153.400000,39153.400000,49890.400000,-53685.00,-53685.00
2019-05-28,39153.400000,0,39153.400000,39153.400000,49890.400000,-53685.00,-53685.00
2019-05-29,39153.400000,0,39153.400000,39153.400000,49890.400000,-53685.00,-53685.00
2019-05-30,39153.400000,0,39153.400000,39153.400000,49890.400000,-53685.00,-53685.00
2019-05-31,39153.400000,0,39153.400000,39153.400000,49890.400000,-53685.00,-53685.00
2019-06-02,39153.400000,0,39153.400000,39153.400000,49890.400000,-53685.00,-53685.00
2019-06-03,39153.400000,0,39153.400000,39153.400000,49890.400000,-53685.00,-53685.00
2019-06-04,39153.400000,0,39153.400000,39153.400000,49890.400000,-53685.00,-53685.00
2019-06-05,39153.400000,0,39153.400000,39153.400000,49890.400000,-53685.00,-53685.00
2019-06-06,39153.400000,0,39153.400000,39153.400000,49890.400000,-53685.00,-53685.00
2019-06-07,39153.400000,3,40032.400000,39075.400000,49890.400000,-49290.00,-54075.00
2019-06-09,39153.400000,3,40272.400000,40269.400000,49890.400000,-48090.00,-48105.00
2019-06-10,39153.400000,3,40158.400000,40089.400000,49890.400000,-48660.00,-49005.00
2019-06-11,39153.400000,3,40095.400000,39972.400000,49890.400000,-48975.00,-49590.00
2019-06-12,39153.400000,3,40086.400000,39828.400000,49890.400000,-49020.00,-50310.00
2019-06-13,39153.400000,3,40263.400000,39618.400000,49890.400000,-48135.00,-51360.00
2019-06-14,39153.400000,3,40362.400000,39969.400000,49890.400000,-47640.00,-49605.00
2019-06-16,39153.400000,4,40507.400000,40283.400000,49890.400000,-46915.00,-48035.00
2019-06-17,39153.400000,4,40347.400000,40071.400000,49890.400000,-47715.00,-49095.00
2019-06-18,39153.400000,4,41911.400000,40111.400000,49890.400000,-39895.00,-48895.00
2019-06-19,39153.400000,4,42207.400000,41539.400000,49890.400000,-38415.00,-41755.00
2019-06-20,39153.400000,4,42875.400000,42007.400000,49890.400000,-35075.00,-39415.00
2019-06-21,39153.400000,4,42503.400000,42499.400000,49890.400000,-36935.00,-36955.00
2019-06-23,39153.400000,4,42739.400000,42463.400000,49890.400000,-35755.00,-37135.00
2019-06-24,39153.400000,4,42887.400000,42703.400000,49890.400000,-35015.00,-35935.00
2019-06-25,39153.400000,4,41967.400000,41851.400000,49890.400000,-39615.00,-40195.00
2019-06-26,39153.400000,4,41967.400000,41843.400000,49890.400000,-39615.00,-40235.00
2019-06-27,39153.400000,4,42243.400000,41595.400000,49890.400000,-38235.00,-41475.00
2019-06-28,39153.400000,4,42419.400000,41899.400000,49890.400000,-37355.00,-39955.00
2019-06-30,39153.400000,5,43058.400000,42953.400000,49890.400000,-34160.00,-34685.00
2019-07-01,39153.400000,5,42348.400000,42043.400000,49890.400000,-37710.00,-39235.00
2019-07-02,39153.400000,5,42938.400000,42103.400000,49890.400000,-34760.00,-38935.00
2019-07-03,39153.400000,5,43808.400000,42748.400000,49890.400000,-30410.00,-35710.00
2019-07-04,39153.400000,5,43948.400000,43693.400000,49890.400000,-29710.00,-30985.00
2019-07-05,39153.400000,5,43503.400000,42638.400000,49890.400000,-31935.00,-36260.00
2019-07-07,39153.400000,5,43323.400000,43313.400000,49890.400000,-32835.00,-32885.00
2019-07-08,39153.400000,5,42843.400000,42708.400000,49890.400000,-35235.00,-35910.00
2019-07-09,39153.400000,5,42878.400000,42283.400000,49890.400000,-35060.00,-38035.00
2019-07-10,39153.400000,5,43348.400000,42438.400000,49890.400000,-32710.00,-37260.00
2019-07-11,39153.400000,5,44488.400000,43303.400000,49890.400000,-27010.00,-32935.00
2019-07-12,39153.400000,5,45553.400000,44473.400000,49890.400000,-21685.00,-27085.00
2019-07-14,39153.400000,6,45446.400000,45410.400000,49890.400000,-22220.00,-22400.00
2019-07-15,39153.400000,6,45872.400000,45272.400000,49890.400000,-20090.00,-23090.00
2019-07-16,39153.400000,6,45656.400000,45374.400000,49890.400000,-21170.00,-22580.00
2019-07-17,39153.400000,6,44738.400000,44624.400000,49890.400000,-25760.00,-26330.00
2019-07-18,39153.400000,6,45278.400000,44036.400000,49890.400000,-23060.00,-29270.00
2019-07-19,39153.400000,6,44174.400000,44120.400000,49890.400000,-28580.00,-28850.00
2019-07-21,39153.400000,6,44606.400000,44252.400000,49890.400000,-26420.00,-28190.00
2019-07-22,39153.400000,6,44768.400000,44162.400000,49890.400000,-25610.00,-28640.00
2019-07-23,39153.400000,6,45662.400000,44648.400000,49890.400000,-21140.00,-26210.00
2019-07-24,39153.400000,6,45260.400000,44744.400000,49890.400000,-23150.00,-25730.00
2019-07-25,39153.400000,6,44396.400000,43934.400000,49890.400000,-27470.00,-29780.00
2019-07-26,39153.400000,6,44540.400000,44306.400000,49890.400000,-26750.00,-27920.00
2019-07-28,39153.400000,7,44586.400000,44530.400000,49890.400000,-26520.00,-26800.00
2019-07-29,39153.400000,7,45146.400000,44334.400000,49890.400000,-23720.00,-27780.00
2019-07-30,39153.400000,7,45020.400000,43844.400000,49890.400000,-24350.00,-30230.00
2019-07-31,39153.400000,7,42031.400000,41401.400000,49890.400000,-39295.00,-42445.00
2019-08-01,39153.400000,7,40071.400000,39728.400000,49890.400000,-49095.00,-50810.00
2019-08-02,39153.400000,7,39721.400000,38041.400000,49890.400000,-50845.00,-59245.00
2019-08-04,40076.300000,0,40076.300000,40076.300000,49890.400000,-49070.50,-49070.50
2019-08-05,40076.300000,0,40076.300000,40076.300000,49890.400000,-49070.50,-49070.50
2019-08-06,40076.300000,0,40076.300000,40076.300000,49890.400000,-49070.50,-49070.50
2019-08-07,40076.300000,0,40076.300000,40076.300000,49890.400000,-49070.50,-49070.50
2019-08-08,40076.300000,0,40076.300000,40076.300000,49890.400000,-49070.50,-49070.50
2019-08-09,40076.300000,0,40076.300000,40076.300000,49890.400000,-49070.50,-49070.50
2019-08-11,40076.300000,0,40076.300000,40076.300000,49890.400000,-49070.50,-49070.50
2019-08-12,40076.300000,0,40076.300000,40076.300000,49890.400000,-49070.50,-49070.50
2019-08-13,40076.300000,0,40076.300000,40076.300000,49890.400000,-49070.50,-49070.50
2019-08-14,40076.300000,0,40076.300000,40076.300000,49890.400000,-49070.50,-49070.50
2019-08-15,40076.300000,0,40076.300000,40076.300000,49890.400000,-49070.50,-49070.50
2019-08-16,40076.300000,0,40076.300000,40076.300000,49890.400000,-49070.50,-49070.50
2019-08-18,40076.300000,0,40076.300000,40076.300000,49890.400000,-49070.50,-49070.50
2019-08-19,40076.300000,0,40076.300000,40076.300000,49890.400000,-49070.50,-49070.50
2019-08-20,40076.300000,0,40076.300000,40076.300000,49890.400000,-49070.50,-49070.50
2019-08-21,40076.300000,0,40076.300000,40076.300000,49890.400000,-49070.50,-49070.50
2019-08-22,40076.300000,0,40076.300000,40076.300000,49890.400000,-49070.50,-49070.50
2019-08-23,40076.300000,0,40076.300000,40076.300000,49890.400000,-49070.50,-49070.50
2019-08-25,40076.300000,0,40076.300000,40076.300000,49890.400000,-49070.50,-49070.50
2019-08-26,40076.300000,0,40076.300000,40076.300000,49890.400000,-49070.50,-49070.50
2019-08-27,40076.300000,0,40076.300000,40076.300000,49890.400000,-49070.50,-49070.50
2019-08-28,40076.300000,0,40076.300000,40076.300000,49890.400000,-49070.50,-49070.50
2019-08-29,40076.300000,0,40076.300000,40076.300000,49890.400000,-49070.50,-49070.50
2019-08-30,40076.300000,0,40076.300000,40076.300000,49890.400000,-49070.50,-49070.50
2019-09-01,40076.300000,0,40076.300000,40076.300000,49890.400000,-49070.50,-49070.50
2019-09-02,40076.300000,0,40076.300000,40076.300000,49890.400000,-49070.50,-49070.50
2019-09-03,40076.300000,0,40076.300000,40076.300000,49890.400000,-49070.50,-49070.50
2019-09-04,40076.300000,0,40076.300000,40076.300000,49890.400000,-49070.50,-49070.50
2019-09-05,40076.300000,0,40076.300000,40076.300000,49890.400000,-49070.50,-49070.50
2019-09-06,40076.300000,3,40304.300000,39929.300000,49890.400000,-47930.50,-49805.50
2019-09-08,40076.300000,3,40232.300000,40199.300000,49890.400000,-48290.50,-48455.50
2019-09-09,40076.300000,3,40433.300000,40103.300000,49890.400000,-47285.50,-48935.50
2019-09-10,40076.300000,3,40457.300000,39941.300000,49890.400000,-47165.50,-49745.50
2019-09-11,40076.300000,3,41726.300000,40337.300000,49890.400000,-40820.50,-47765.50
2019-09-12,40076.300000,3,41474.300000,41120.300000,49890.400000,-42080.50,-43850.50
2019-09-13,40076.300000,3,41480.300000,41369.300000,49890.400000,-42050.50,-42605.50
2019-09-15,40076.300000,4,40985.300000,40789.300000,49890.400000,-44525.50,-45505.50
2019-09-16,40076.300000,4,41069.300000,40705.300000,49890.400000,-44105.50,-45925.50
2019-09-17,40076.300000,4,41065.300000,40597.300000,49890.400000,-44125.50,-46465.50
2019-09-18,40076.300000,4,41181.300000,40269.300000,49890.400000,-43545.50,-48105.50
2019-09-19,40076.300000,4,41081.300000,40633.300000,49890.400000,-44045.50,-46285.50
2019-09-20,40076.300000,4,40245.300000,40169.300000,49890.400000,-48225.50,-48605.50
2019-09-22,40076.300000,4,40685.300000,40361.300000,49890.400000,-46025.50,-47645.50
2019-09-23,40076.300000,4,40909.300000,39881.300000,49890.400000,-44905.50,-50045.50
2019-09-24,40076.300000,4,40173.300000,39413.300000,49890.400000,-48585.50,-52385.50
2019-09-25,40076.300000,4,40509.300000,39529.300000,49890.400000,-46905.50,-51805.50
2019-09-26,40076.300000,4,40153.300000,39797.300000,49890.400000,-48685.50,-50465.50
2019-09-27,40076.300000,4,40041.300000,39425.300000,49890.400000,-49245.50,-52325.50
2019-09-29,40076.300000,5,40070.300000,39875.300000,49890.400000,-49100.50,-50075.50
2019-09-30,40076.300000,5,40475.300000,39790.300000,49890.400000,-47075.50,-50500.50
2019-10-01,40076.300000,5,38700.300000,38345.300000,49890.400000,-55950.50,-57725.50
2019-10-02,40076.300000,5,35950.300000,35425.300000,49890.400000,-69700.50,-72325.50
2019-10-03,38688.800000,0,38688.800000,38688.800000,49890.400000,-56008.00,-56008.00
2019-10-04,38688.800000,0,38688.800000,38688.800000,49890.400000,-56008.00,-56008.00
2019-10-06,38688.800000,0,38688.800000,38688.800000,49890.400000,-56008.00,-56008.00
2019-10-07,38688.800000,0,38688.800000,38688.800000,49890.400000,-56008.00,-56008.00
2019-10-08,38688.800000,0,38688.800000,38688.800000,49890.400000,-56008.00,-56008.00
2019-10-09,38688.800000,0,38688.800000,38688.800000,49890.400000,-56008.00,-56008.00
2019-10-10,38688.800000,0,38688.800000,38688.800000,49890.400000,-56008.00,-56008.00
2019-10-11,38688.800000,0,38688.800000,38688.800000,49890.400000,-56008.00,-56008.00
2019-10-13,38688.800000,0,38688.800000,38688.800000,49890.400000,-56008.00,-56008.00
2019-10-14,38688.800000,0,38688.800000,38688.800000,49890.400000,-56008.00,-56008.00
2019-10-15,38688.800000,0,38688.800000,38688.800000,49890.400000,-56008.00,-56008.00
2019-10-16,38688.800000,3,38439.800000,38412.800000,49890.400000,-57253.00,-57388.00
2019-10-17,38688.800000,3,38700.800000,38379.800000,49890.400000,-55948.00,-57553.00
2019-10-18,38688.800000,3,38058.800000,37929.800000,49890.400000,-59158.00,-59803.00
2019-10-20,38688.800000,3,38103.800000,37896.800000,49890.400000,-58933.00,-59968.00
2019-10-21,37922.900000,0,37922.900000,37922.900000,49890.400000,-59837.50,-59837.50
2019-10-22,37922.900000,0,37922.900000,37922.900000,49890.400000,-59837.50,-59837.50
2019-10-23,37922.900000,0,37922.900000,37922.900000,49890.400000,-59837.50,-59837.50
2019-10-24,37922.900000,0,37922.900000,37922.900000,49890.400000,-59837.50,-59837.50
2019-10-25,37922.900000,0,37922.900000,37922.900000,49890.400000,-59837.50,-59837.50
2019-10-27,37922.900000,0,37922.900000,37922.900000,49890.400000,-59837.50,-59837.50
2019-10-28,37922.900000,0,37922.900000,37922.900000,49890.400000,-59837.50,-59837.50
2019-10-29,37922.900000,3,37874.900000,37646.900000,49890.400000,-60077.50,-61217.50
2019-10-30,37922.900000,3,38204.900000,37565.900000,49890.400000,-58427.50,-61622.50
2019-10-31,37922.900000,3,37661.900000,37286.900000,49890.400000,-61142.50,-63017.50
2019-11-01,37922.900000,3,38537.900000,37655.900000,49890.400000,-56762.50,-61172.50
2019-11-03,37661.000000,3,37733.000000,37646.000000,49890.400000,-60787.00,-61222.00
2019-11-04,37661.000000,3,38156.000000,37694.000000,49890.400000,-58672.00,-60982.00
2019-11-05,37661.000000,3,38105.000000,37976.000000,49890.400000,-58927.00,-59572.00
2019-11-06,37661.000000,3,38078.000000,37835.000000,49890.400000,-59062.00,-60277.00
2019-11-07,37661.000000,3,38870.000000,37994.000000,49890.400000,-55102.00,-59482.00
2019-11-08,37661.000000,3,38750.000000,38447.000000,49890.400000,-55702.00,-57217.00
2019-11-10,37661.000000,3,38696.000000,38693.000000,49890.400000,-55972.00,-55987.00
2019-11-11,37661.000000,3,38729.000000,38234.000000,49890.400000,-55807.00,-58282.00
2019-11-12,37661.000000,3,38729.000000,38615.000000,49890.400000,-55807.00,-56377.00
2019-11-13,37661.000000,3,39077.000000,38396.000000,49890.400000,-54067.00,-57472.00
2019-11-14,37661.000000,3,39107.000000,38723.000000,49890.400000,-53917.00,-55837.00
2019-11-15,37661.000000,3,39704.000000,39071.000000,49890.400000,-50932.00,-54097.00
2019-11-17,37661.000000,4,39603.000000,39571.000000,49890.400000,-51437.00,-51597.00
2019-11-18,37661.000000,4,39835.000000,39567.000000,49890.400000,-50277.00,-51617.00
2019-11-19,37661.000000,4,39223.000000,39191.000000,49890.400000,-53337.00,-53497.00
2019-11-20,37661.000000,4,38839.000000,38435.000000,49890.400000,-55257.00,-57277.00
2019-11-21,37661.000000,4,38783.000000,38479.000000,49890.400000,-55537.00,-57057.00
2019-11-22,37661.000000,4,39299.000000,38751.000000,49890.400000,-52957.00,-55697.00
2019-11-24,37661.000000,4,39571.000000,39479.000000,49890.400000,-51597.00,-52057.00
2019-11-25,37661.000000,4,40035.000000,39535.000000,49890.400000,-49277.00,-51777.00
2019-11-26,37661.000000,4,40335.000000,39859.000000,49890.400000,-47777.00,-50157.00
2019-11-27,37661.000000,4,40163.000000,40095.000000,49890.400000,-48637.00,-48977.00
2019-11-28,37661.000000,4,40327.000000,40039.000000,49890.400000,-47817.00,-49257.00
2019-11-29,37661.000000,4,40123.000000,40031.000000,49890.400000,-48837.00,-49297.00
2019-12-01,37661.000000,5,40320.000000,40175.000000,49890.400000,-47852.00,-48577.00
2019-12-02,37661.000000,5,38615.000000,38480.000000,49890.400000,-56377.00,-57052.00
2019-12-03,37661.000000,5,37330.000000,36340.000000,49890.400000,-62802.00,-67752.00
2019-12-04,37661.000000,5,37945.000000,36765.000000,49890.400000,-59727.00,-65627.00
2019-12-05,37323.500000,0,37323.500000,37323.500000,49890.400000,-62834.50,-62834.50
2019-12-06,37323.500000,0,37323.500000,37323.500000,49890.400000,-62834.50,-62834.50
2019-12-08,37323.500000,0,37323.500000,37323.500000,49890.400000,-62834.50,-62834.50
2019-12-09,37323.500000,0,37323.500000,37323.500000,49890.400000,-62834.50,-62834.50
2019-12-10,37323.500000,0,37323.500000,37323.500000,49890.400000,-62834.50,-62834.50
2019-12-11,37323.500000,0,37323.500000,37323.500000,49890.400000,-62834.50,-62834.50
2019-12-12,37323.500000,0,37323.500000,37323.500000,49890.400000,-62834.50,-62834.50
2019-12-13,37323.500000,3,37083.500000,36693.500000,49890.400000,-64034.50,-65984.50
2019-12-15,37323.500000,3,37089.500000,37062.500000,49890.400000,-64004.50,-64139.50
2019-12-16,37323.500000,3,37230.500000,37032.500000,49890.400000,-63299.50,-64289.50
2019-12-17,37085.600000,0,37085.600000,37085.600000,49890.400000,-64024.00,-64024.00
2019-12-18,37085.600000,3,37091.600000,36986.600000,49890.400000,-63994.00,-64519.00
2019-12-19,37085.600000,3,37478.600000,37013.600000,49890.400000,-62059.00,-64384.00
2019-12-20,37085.600000,3,37670.600000,37382.600000,49890.400000,-61099.00,-62539.00
2019-12-22,37085.600000,3,37757.600000,37676.600000,49890.400000,-60664.00,-61069.00
2019-12-23,37085.600000,3,37943.600000,37676.600000,49890.400000,-59734.00,-61069.00
2019-12-24,37085.600000,3,37775.600000,37748.600000,49890.400000,-60574.00,-60709.00
2019-12-25,37085.600000,3,37802.600000,37781.600000,49890.400000,-60439.00,-60544.00
2019-12-26,37085.600000,3,38099.600000,37787.600000,49890.400000,-58954.00,-60514.00
2019-12-27,37085.600000,3,38072.600000,38039.600000,49890.400000,-59089.00,-59254.00
2019-12-29,37085.600000,4,38200.600000,38104.600000,49890.400000,-58449.00,-58929.00
2019-12-30,37085.600000,4,37476.600000,37244.600000,49890.400000,-62069.00,-63229.00
2019-12-31,37085.600000,4,37824.600000,36996.600000,49890.400000,-60329.00,-64469.00
2020-01-01,37085.600000,4,37908.600000,37784.600000,49890.400000,-59909.00,-60529.00
2020-01-02,37085.600000,4,39104.600000,37868.600000,49890.400000,-53929.00,-60109.00
2020-01-03,37085.600000,4,38044.600000,37356.600000,49890.400000,-59229.00,-62669.00
2020-01-05,37085.600000,4,37628.600000,37416.600000,49890.400000,-61309.00,-62369.00
2020-01-06,37085.600000,4,38124.600000,37036.600000,49890.400000,-58829.00,-64269.00
2020-01-07,37085.600000,4,36688.600000,36456.600000,49890.400000,-66009.00,-67169.00
2020-01-08,37085.600000,4,38748.600000,35968.600000,49890.400000,-55709.00,-69609.00
2020-01-09,37085.600000,4,39416.600000,38612.600000,49890.400000,-52369.00,-56389.00
2020-01-10,37085.600000,4,38720.600000,38636.600000,49890.400000,-55849.00,-56269.00
2020-01-12,37085.600000,5,38901.600000,38731.600000,49890.400000,-54944.00,-55794.00
2020-01-13,37085.600000,5,39406.600000,38746.600000,49890.400000,-52419.00,-55719.00
2020-01-14,37085.600000,5,39116.600000,38541.600000,49890.400000,-53869.00,-56744.00
2020-01-15,37085.600000,5,40126.600000,39046.600000,49890.400000,-48819.00,-54219.00
2020-01-16,37085.600000,5,41291.600000,40016.600000,49890.400000,-42994.00,-49369.00
2020-01-17,37085.600000,5,41216.600000,41121.600000,49890.400000,-43369.00,-43844.00
2020-01-19,37085.600000,5,41386.600000,41171.600000,49890.400000,-42519.00,-43594.00
2020-01-20,37085.600000,5,41251.600000,41001.600000,49890.400000,-43194.00,-44444.00
2020-01-21,37085.600000,5,40716.600000,40396.600000,49890.400000,-45869.00,-47469.00
2020-01-22,37085.600000,5,40261.600000,40221.600000,49890.400000,-48144.00,-48344.00
2020-01-23,37085.600000,5,40676.600000,39476.600000,49890.400000,-46069.00,-52069.00
2020-01-24,37085.600000,5,39386.600000,38836.600000,49890.400000,-52519.00,-55269.00
2020-01-26,37085.600000,6,38041.600000,37765.600000,49890.400000,-59244.00,-60624.00
2020-01-27,37085.600000,6,37417.600000,36565.600000,49890.400000,-62364.00,-66624.00
2020-01-28,37085.600000,6,38257.600000,37171.600000,49890.400000,-58164.00,-63594.00
2020-01-29,37409.800000,0,37409.800000,37409.800000,49890.400000,-62403.00,-62403.00
2020-01-30,37409.800000,0,37409.800000,37409.800000,49890.400000,-62403.00,-62403.00
2020-01-31,37409.800000,0,37409.800000,37409.800000,49890.400000,-62403.00,-62403.00
2020-02-02,37409.800000,0,37409.800000,37409.800000,49890.400000,-62403.00,-62403.00
2020-02-03,37409.800000,0,37409.800000,37409.800000,49890.400000,-62403.00,-62403.00
2020-02-04,37409.800000,0,37409.800000,37409.800000,49890.400000,-62403.00,-62403.00
2020-02-05,37409.800000,0,37409.800000,37409.800000,49890.400000,-62403.00,-62403.00
2020-02-06,37409.800000,3,37772.800000,37271.800000,49890.400000,-60588.00,-63093.00
2020-02-07,37409.800000,3,36815.800000,36731.800000,49890.400000,-65373.00,-65793.00
2020-02-09,37409.800000,3,36458.800000,36263.800000,49890.400000,-67158.00,-68133.00
2020-02-10,36772.900000,0,36772.900000,36772.900000,49890.400000,-65587.50,-65587.50
2020-02-11,36772.900000,0,36772.900000,36772.900000,49890.400000,-65587.50,-65587.50
2020-02-12,36772.900000,3,37255.900000,36622.900000,49890.400000,-63172.50,-66337.50
2020-02-13,36772.900000,3,37189.900000,36730.900000,49890.400000,-63502.50,-65797.50
2020-02-14,36772.900000,3,37156.900000,36796.900000,49890.400000,-63667.50,-65467.50
2020-02-16,36772.900000,3,37330.900000,37147.900000,49890.400000,-62797.50,-63712.50
2020-02-17,36772.900000,3,37057.900000,36973.900000,49890.400000,-64162.50,-64582.50
2020-02-18,36772.900000,3,36856.900000,36295.900000,49890.400000,-65167.50,-67972.50
2020-02-19,36772.900000,3,37138.900000,36706.900000,49890.400000,-63757.50,-65917.50
2020-02-20,36772.900000,3,36184.900000,35788.900000,49890.400000,-68527.50,-70507.50
2020-02-21,36772.900000,3,35947.900000,35608.900000,49890.400000,-69712.50,-71407.50
2020-02-23,36184.000000,0,36184.000000,36184.000000,49890.400000,-68532.00,-68532.00
2020-02-24,36184.000000,0,36184.000000,36184.000000,49890.400000,-68532.00,-68532.00
2020-02-25,36184.000000,0,36184.000000,36184.000000,49890.400000,-68532.00,-68532.00
2020-02-26,36184.000000,0,36184.000000,36184.000000,49890.400000,-68532.00,-68532.00
2020-02-27,36184.000000,0,36184.000000,36184.000000,49890.400000,-68532.00,-68532.00
2020-03-01,36184.000000,0,36184.000000,36184.000000,49890.400000,-68532.00,-68532.00
2020-03-02,36184.000000,0,36184.000000,36184.000000,49890.400000,-68532.00,-68532.00
2020-03-03,36184.000000,3,33694.000000,33265.000000,49890.400000,-80982.00,-83127.00
2020-03-04,36184.000000,3,36946.000000,33652.000000,49890.400000,-64722.00,-81192.00
2020-03-05,36184.000000,3,34780.000000,33973.000000,49890.400000,-75552.00,-79587.00
2020-03-06,36184.000000,3,33565.000000,31807.000000,49890.400000,-81627.00,-90417.00
2020-03-08,34773.100000,0,34773.100000,34773.100000,49890.400000,-75586.50,-75586.50
2020-03-09,34773.100000,0,34773.100000,34773.100000,49890.400000,-75586.50,-75586.50
2020-03-10,34773.100000,0,34773.100000,34773.100000,49890.400000,-75586.50,-75586.50
2020-03-11,34773.100000,0,34773.100000,34773.100000,49890.400000,-75586.50,-75586.50
2020-03-12,34773.100000,0,34773.100000,34773.100000,49890.400000,-75586.50,-75586.50
2020-03-13,34773.100000,0,34773.100000,34773.100000,49890.400000,-75586.50,-75586.50
2020-03-15,34773.100000,0,34773.100000,34773.100000,49890.400000,-75586.50,-75586.50
2020-03-16,34773.100000,0,34773.100000,34773.100000,49890.400000,-75586.50,-75586.50
2020-03-17,34773.100000,0,34773.100000,34773.100000,49890.400000,-75586.50,-75586.50
2020-03-18,34773.100000,0,34773.100000,34773.100000,49890.400000,-75586.50,-75586.50
2020-03-19,34773.100000,0,34773.100000,34773.100000,49890.400000,-75586.50,-75586.50
2020-03-20,34773.100000,0,34773.100000,34773.100000,49890.400000,-75586.50,-75586.50
2020-03-22,34773.100000,0,34773.100000,34773.100000,49890.400000,-75586.50,-75586.50
2020-03-23,34773.100000,0,34773.100000,34773.100000,49890.400000,-75586.50,-75586.50
2020-03-24,34773.100000,0,34773.100000,34773.100000,49890.400000,-75586.50,-75586.50
2020-03-25,34773.100000,0,34773.100000,34773.100000,49890.400000,-75586.50,-75586.50
2020-03-26,34773.100000,0,34773.100000,34773.100000,49890.400000,-75586.50,-75586.50
2020-03-27,34773.100000,3,31521.100000,31239.100000,49890.400000,-91846.50,-93256.50
2020-03-29,34773.100000,3,30672.100000,29625.100000,49890.400000,-96091.50,-101326.50
2020-03-30,34773.100000,3,33915.100000,30498.100000,49890.400000,-79876.50,-96961.50
2020-03-31,30698.200000,0,30698.200000,30698.200000,49890.400000,-95961.00,-95961.00
2020-04-01,30698.200000,0,30698.200000,30698.200000,49890.400000,-95961.00,-95961.00
2020-04-02,30698.200000,0,30698.200000,30698.200000,49890.400000,-95961.00,-95961.00
2020-04-03,30698.200000,0,30698.200000,30698.200000,49890.400000,-95961.00,-95961.00
2020-04-05,30698.200000,0,30698.200000,30698.200000,49890.400000,-95961.00,-95961.00
2020-04-06,30698.200000,0,30698.200000,30698.200000,49890.400000,-95961.00,-95961.00
2020-04-07,30698.200000,3,30398.200000,29702.200000,49890.400000,-97461.00,-100941.00
2020-04-08,30698.200000,3,32993.200000,29534.200000,49890.400000,-84486.00,-101781.00
2020-04-09,30698.200000,3,33830.200000,31862.200000,49890.400000,-80301.00,-90141.00
2020-04-12,30698.200000,3,32786.200000,32126.200000,49890.400000,-85521.00,-88821.00
2020-04-13,30698.200000,3,32939.200000,31706.200000,49890.400000,-84756.00,-90921.00
2020-04-14,30698.200000,3,34313.200000,32552.200000,49890.400000,-77886.00,-86691.00
2020-04-15,30698.200000,3,32426.200000,32111.200000,49890.400000,-87321.00,-88896.00
2020-04-16,30698.200000,3,35294.200000,32039.200000,49890.400000,-72981.00,-89256.00
2020-04-17,30698.200000,3,35255.200000,33905.200000,49890.400000,-73176.00,-79926.00
2020-04-19,30698.200000,3,34745.200000,34505.200000,49890.400000,-75726.00,-76926.00
2020-04-20,30698.200000,3,33479.200000,33125.200000,49890.400000,-82056.00,-83826.00
2020-04-21,30698.200000,3,31853.200000,31244.200000,49890.400000,-90186.00,-93231.00
2020-04-22,30698.200000,3,32657.200000,31247.200000,49890.400000,-86166.00,-93216.00
2020-04-23,30698.200000,3,32645.200000,32495.200000,49890.400000,-86226.00,-86976.00
2020-04-24,30698.200000,3,33719.200000,32267.200000,49890.400000,-80856.00,-88116.00
2020-04-26,30698.200000,4,33566.200000,33294.200000,49890.400000,-81621.00,-82981.00
2020-04-27,30698.200000,4,35182.200000,33398.200000,49890.400000,-73541.00,-82461.00
2020-04-28,30698.200000,4,35354.200000,34666.200000,49890.400000,-72681.00,-76121.00
2020-04-29,30698.200000,4,37498.200000,35334.200000,49890.400000,-61961.00,-72781.00
2020-04-30,30698.200000,4,35286.200000,34602.200000,49890.400000,-73021.00,-76441.00
2020-05-01,30698.200000,4,33490.200000,33274.200000,49890.400000,-82001.00,-83081.00
2020-05-03,30698.200000,4,32210.200000,32022.200000,49890.400000,-88401.00,-89341.00
2020-05-04,30698.200000,4,33722.200000,31986.200000,49890.400000,-80841.00,-89521.00
2020-05-05,30698.200000,4,34434.200000,33722.200000,49890.400000,-77281.00,-80841.00
2020-05-06,30698.200000,4,33158.200000,32866.200000,49890.400000,-83661.00,-85121.00
2020-05-07,30698.200000,4,34942.200000,33158.200000,49890.400000,-74741.00,-83661.00
2020-05-08,30698.200000,4,36362.200000,34930.200000,49890.400000,-67641.00,-74801.00
2020-05-10,30698.200000,5,36845.200000,35790.200000,49890.400000,-65226.00,-70501.00
2020-05-11,30698.200000,5,35345.200000,34790.200000,49890.400000,-72726.00,-75501.00
2020-05-12,30698.200000,5,31995.200000,31875.200000,49890.400000,-89476.00,-90076.00
2020-05-13,30698.200000,5,31020.200000,29825.200000,49890.400000,-94351.00,-100326.00
2020-05-14,30698.200000,5,32995.200000,28445.200000,49890.400000,-84476.00,-107226.00
2020-05-15,30698.200000,5,32795.200000,31130.200000,49890.400000,-85476.00,-93801.00
2020-05-17,30698.200000,5,33475.200000,32615.200000,49890.400000,-82076.00,-86376.00
2020-05-18,30698.200000,5,37700.200000,33325.200000,49890.400000,-60951.00,-82826.00
2020-05-19,30698.200000,5,35955.200000,35305.200000,49890.400000,-69676.00,-72926.00
2020-05-20,30698.200000,5,37360.200000,35955.200000,49890.400000,-62651.00,-69676.00
2020-05-21,30698.200000,5,37335.200000,36425.200000,49890.400000,-62776.00,-67326.00
2020-05-22,30698.200000,5,37225.200000,35430.200000,49890.400000,-63326.00,-72301.00
2020-05-24,30698.200000,6,37765.200000,36769.200000,49890.400000,-60626.00,-65606.00
2020-05-25,30698.200000,6,38377.200000,37099.200000,49890.400000,-57566.00,-63956.00
2020-05-26,30698.200000,6,40351.200000,38251.200000,49890.400000,-47696.00,-58196.00
2020-05-27,30698.200000,6,44413.200000,39991.200000,49890.400000,-27386.00,-49496.00
2020-05-28,30698.200000,6,42547.200000,42379.200000,49890.400000,-36716.00,-37556.00
2020-05-29,30698.200000,6,43435.200000,40459.200000,49890.400000,-32276.00,-47156.00
2020-05-31,30698.200000,6,41965.200000,41047.200000,49890.400000,-39626.00,-44216.00
2020-06-01,30698.200000,6,42463.200000,41659.200000,49890.400000,-37136.00,-41156.00
2020-06-02,30698.200000,6,45361.200000,42355.200000,49890.400000,-22646.00,-37676.00
2020-06-03,30698.200000,6,48409.200000,45085.200000,49890.400000,-7406.00,-24026.00
2020-06-04,30698.200000,6,47917.200000,46849.200000,49890.400000,-9866.00,-15206.00
2020-06-05,30698.200000,6,52873.200000,47785.200000,52873.200000,0.00,-25440.00
2020-06-07,30698.200000,7,54229.200000,52878.200000,54229.200000,0.00,-6755.00
2020-06-08,30698.200000,7,56147.200000,52605.200000,56147.200000,0.00,-17710.00
2020-06-09,30698.200000,7,54845.200000,53270.200000,56147.200000,-6510.00,-14385.00
2020-06-10,30698.200000,7,50596.200000,50421.200000,56147.200000,-27755.00,-28630.00
2020-06-11,30698.200000,7,40880.200000,38808.200000,56147.200000,-76335.00,-86695.00
2020-06-12,30698.200000,7,42168.200000,38836.200000,56147.200000,-69895.00,-86555.00
2020-06-14,40899.100000,0,40899.100000,40899.100000,56147.200000,-76240.50,-76240.50
2020-06-15,40899.100000,0,40899.100000,40899.100000,56147.200000,-76240.50,-76240.50
2020-06-16,40899.100000,0,40899.100000,40899.100000,56147.200000,-76240.50,-76240.50
2020-06-17,40899.100000,0,40899.100000,40899.100000,56147.200000,-76240.50,-76240.50
2020-06-18,40899.100000,0,40899.100000,40899.100000,56147.200000,-76240.50,-76240.50
2020-06-19,40899.100000,0,40899.100000,40899.100000,56147.200000,-76240.50,-76240.50
2020-06-21,40899.100000,0,40899.100000,40899.100000,56147.200000,-76240.50,-76240.50
2020-06-22,40899.100000,0,40899.100000,40899.100000,56147.200000,-76240.50,-76240.50
2020-06-23,40899.100000,0,40899.100000,40899.100000,56147.200000,-76240.50,-76240.50
2020-06-24,40899.100000,0,40899.100000,40899.100000,56147.200000,-76240.50,-76240.50
2020-06-25,40899.100000,0,40899.100000,40899.100000,56147.200000,-76240.50,-76240.50
2020-06-26,40899.100000,0,40899.100000,40899.100000,56147.200000,-76240.50,-76240.50
2020-06-28,40899.100000,0,40899.100000,40899.100000,56147.200000,-76240.50,-76240.50
2020-06-29,40899.100000,0,40899.100000,40899.100000,56147.200000,-76240.50,-76240.50
2020-06-30,40899.100000,0,40899.100000,40899.100000,56147.200000,-76240.50,-76240.50
2020-07-01,40899.100000,0,40899.100000,40899.100000,56147.200000,-76240.50,-76240.50
2020-07-02,40899.100000,0,40899.100000,40899.100000,56147.200000,-76240.50,-76240.50
2020-07-03,40899.100000,0,40899.100000,40899.100000,56147.200000,-76240.50,-76240.50
2020-07-05,40899.100000,0,40899.100000,40899.100000,56147.200000,-76240.50,-76240.50
2020-07-06,40899.100000,0,40899.100000,40899.100000,56147.200000,-76240.50,-76240.50
2020-07-07,40899.100000,0,40899.100000,40899.100000,56147.200000,-76240.50,-76240.50
2020-07-08,40899.100000,0,40899.100000,40899.100000,56147.200000,-76240.50,-76240.50
2020-07-09,40899.100000,0,40899.100000,40899.100000,56147.200000,-76240.50,-76240.50
2020-07-10,40899.100000,0,40899.100000,40899.100000,56147.200000,-76240.50,-76240.50
2020-07-12,40899.100000,0,40899.100000,40899.100000,56147.200000,-76240.50,-76240.50
2020-07-13,40899.100000,0,40899.100000,40899.100000,56147.200000,-76240.50,-76240.50
2020-07-14,40899.100000,0,40899.100000,40899.100000,56147.200000,-76240.50,-76240.50
2020-07-15,40899.100000,0,40899.100000,40899.100000,56147.200000,-76240.50,-76240.50
2020-07-16,40899.100000,0,40899.100000,40899.100000,56147.200000,-76240.50,-76240.50
2020-07-17,40899.100000,0,40899.100000,40899.100000,56147.200000,-76240.50,-76240.50
2020-07-19,40899.100000,0,40899.100000,40899.100000,56147.200000,-76240.50,-76240.50
2020-07-20,40899.100000,0,40899.100000,40899.100000,56147.200000,-76240.50,-76240.50
2020-07-21,40899.100000,0,40899.100000,40899.100000,56147.200000,-76240.50,-76240.50
2020-07-22,40899.100000,0,40899.100000,40899.100000,56147.200000,-76240.50,-76240.50
2020-07-23,40899.100000,0,40899.100000,40899.100000,56147.200000,-76240.50,-76240.50
2020-07-24,40899.100000,0,40899.100000,40899.100000,56147.200000,-76240.50,-76240.50
2020-07-26,40899.100000,0,40899.100000,40899.100000,56147.200000,-76240.50,-76240.50
2020-07-27,40899.100000,0,40899.100000,40899.100000,56147.200000,-76240.50,-76240.50
2020-07-28,40899.100000,0,40899.100000,40899.100000,56147.200000,-76240.50,-76240.50
2020-07-29,40899.100000,0,40899.100000,40899.100000,56147.200000,-76240.50,-76240.50
2020-07-30,40899.100000,0,40899.100000,40899.100000,56147.200000,-76240.50,-76240.50
2020-07-31,40899.100000,0,40899.100000,40899.100000,56147.200000,-76240.50,-76240.50
2020-08-02,40899.100000,0,40899.100000,40899.100000,56147.200000,-76240.50,-76240.50
2020-08-03,40899.100000,0,40899.100000,40899.100000,56147.200000,-76240.50,-76240.50
2020-08-04,40899.100000,0,40899.100000,40899.100000,56147.200000,-76240.50,-76240.50
2020-08-05,40899.100000,0,40899.100000,40899.100000,56147.200000,-76240.50,-76240.50
2020-08-06,40899.100000,3,41403.100000,40404.100000,56147.200000,-73720.50,-78715.50
2020-08-07,40899.100000,3,41703.100000,40947.100000,56147.200000,-72220.50,-76000.50
2020-08-09,40899.100000,3,41574.100000,41412.100000,56147.200000,-72865.50,-73675.50
2020-08-10,40899.100000,3,42693.100000,41511.100000,56147.200000,-67270.50,-73180.50
2020-08-11,40899.100000,3,42621.100000,42228.100000,56147.200000,-67630.50,-69595.50
2020-08-12,40899.100000,3,43284.100000,42468.100000,56147.200000,-64315.50,-68395.50
2020-08-13,40899.100000,3,43299.100000,42756.100000,56147.200000,-64240.50,-66955.50
2020-08-14,40899.100000,3,43059.100000,42408.100000,56147.200000,-65440.50,-68695.50
2020-08-16,40899.100000,4,43299.100000,43047.100000,56147.200000,-64240.50,-65500.50
2020-08-17,40899.100000,4,43103.100000,42735.100000,56147.200000,-65220.50,-67060.50
2020-08-18,40899.100000,4,42719.100000,42175.100000,56147.200000,-67140.50,-69860.50
2020-08-19,40899.100000,4,42059.100000,42031.100000,56147.200000,-70440.50,-70580.50
2020-08-20,40899.100000,4,42767.100000,41359.100000,56147.200000,-66900.50,-73940.50
2020-08-21,40899.100000,4,43219.100000,41683.100000,56147.200000,-64640.50,-72320.50
2020-08-23,40899.100000,4,43407.100000,43347.100000,56147.200000,-63700.50,-64000.50
2020-08-24,40899.100000,4,44959.100000,43299.100000,56147.200000,-55940.50,-64240.50
2020-08-25,40899.100000,4,44555.100000,43959.100000,56147.200000,-57960.50,-60940.50
2020-08-26,40899.100000,4,44991.100000,44171.100000,56147.200000,-55780.50,-59880.50
2020-08-27,40899.100000,4,45923.100000,44515.100000,56147.200000,-51120.50,-58160.50
2020-08-28,40899.100000,4,46299.100000,45559.100000,56147.200000,-49240.50,-52940.50
2020-08-30,40899.100000,5,46846.100000,46386.100000,56147.200000,-46505.50,-48805.50
2020-08-31,40899.100000,5,45191.100000,44651.100000,56147.200000,-54780.50,-57480.50
2020-09-01,40899.100000,5,46546.100000,44396.100000,56147.200000,-48005.50,-58755.50
2020-09-02,40899.100000,5,48726.100000,46316.100000,56147.200000,-37105.50,-49155.50
2020-09-03,40899.100000,5,43856.100000,43371.100000,56147.200000,-61455.50,-63880.50
2020-09-04,40899.100000,5,43416.100000,41326.100000,56147.200000,-63655.50,-74105.50
2020-09-06,40899.100000,5,43416.100000,42541.100000,56147.200000,-63655.50,-68030.50
2020-09-07,40899.100000,5,44736.100000,42946.100000,56147.200000,-57055.50,-66005.50
2020-09-08,40899.100000,5,40171.100000,39036.100000,56147.200000,-79880.50,-85555.50
2020-09-09,40899.100000,5,43306.100000,39916.100000,56147.200000,-64205.50,-81155.50
2020-09-10,40159.600000,0,40159.600000,40159.600000,56147.200000,-79938.00,-79938.00
2020-09-11,40159.600000,0,40159.600000,40159.600000,56147.200000,-79938.00,-79938.00
2020-09-13,40159.600000,0,40159.600000,40159.600000,56147.200000,-79938.00,-79938.00
2020-09-14,40159.600000,0,40159.600000,40159.600000,56147.200000,-79938.00,-79938.00
2020-09-15,40159.600000,0,40159.600000,40159.600000,56147.200000,-79938.00,-79938.00
2020-09-16,40159.600000,0,40159.600000,40159.600000,56147.200000,-79938.00,-79938.00
2020-09-17,40159.600000,0,40159.600000,40159.600000,56147.200000,-79938.00,-79938.00
2020-09-18,40159.600000,0,40159.600000,40159.600000,56147.200000,-79938.00,-79938.00
2020-09-20,40159.600000,0,40159.600000,40159.600000,56147.200000,-79938.00,-79938.00
2020-09-21,40159.600000,0,40159.600000,40159.600000,56147.200000,-79938.00,-79938.00
2020-09-22,40159.600000,0,40159.600000,40159.600000,56147.200000,-79938.00,-79938.00
2020-09-23,40159.600000,0,40159.600000,40159.600000,56147.200000,-79938.00,-79938.00
2020-09-24,40159.600000,0,40159.600000,40159.600000,56147.200000,-79938.00,-79938.00
2020-09-25,40159.600000,0,40159.600000,40159.600000,56147.200000,-79938.00,-79938.00
2020-09-27,40159.600000,0,40159.600000,40159.600000,56147.200000,-79938.00,-79938.00
2020-09-28,40159.600000,0,40159.600000,40159.600000,56147.200000,-79938.00,-79938.00
2020-09-29,40159.600000,0,40159.600000,40159.600000,56147.200000,-79938.00,-79938.00
2020-09-30,40159.600000,0,40159.600000,40159.600000,56147.200000,-79938.00,-79938.00
2020-10-01,40159.600000,0,40159.600000,40159.600000,56147.200000,-79938.00,-79938.00
2020-10-02,40159.600000,0,40159.600000,40159.600000,56147.200000,-79938.00,-79938.00
2020-10-04,40159.600000,0,40159.600000,40159.600000,56147.200000,-79938.00,-79938.00
2020-10-05,40159.600000,0,40159.600000,40159.600000,56147.200000,-79938.00,-79938.00
2020-10-06,40159.600000,0,40159.600000,40159.600000,56147.200000,-79938.00,-79938.00
2020-10-07,40159.600000,0,40159.600000,40159.600000,56147.200000,-79938.00,-79938.00
2020-10-08,40159.600000,0,40159.600000,40159.600000,56147.200000,-79938.00,-79938.00
2020-10-09,40159.600000,3,40447.600000,39790.600000,56147.200000,-78498.00,-81783.00
2020-10-11,40159.600000,3,40264.600000,40159.600000,56147.200000,-79413.00,-79938.00
2020-10-12,40159.600000,3,41173.600000,40117.600000,56147.200000,-74868.00,-80148.00
2020-10-13,40159.600000,3,40681.600000,40273.600000,56147.200000,-77328.00,-79368.00
2020-10-14,40159.600000,3,40129.600000,39847.600000,56147.200000,-80088.00,-81498.00
2020-10-15,40159.600000,3,40114.600000,38893.600000,56147.200000,-80163.00,-86268.00
2020-10-16,40116.700000,0,40116.700000,40116.700000,56147.200000,-80152.50,-80152.50
2020-10-18,40116.700000,0,40116.700000,40116.700000,56147.200000,-80152.50,-80152.50
2020-10-19,40116.700000,3,39270.700000,38658.700000,56147.200000,-84382.50,-87442.50
2020-10-20,40116.700000,3,39402.700000,38727.700000,56147.200000,-83722.50,-87097.50
2020-10-21,39263.800000,0,39263.800000,39263.800000,56147.200000,-84417.00,-84417.00
2020-10-22,39263.800000,0,39263.800000,39263.800000,56147.200000,-84417.00,-84417.00
2020-10-23,39263.800000,0,39263.800000,39263.800000,56147.200000,-84417.00,-84417.00
2020-10-25,39263.800000,0,39263.800000,39263.800000,56147.200000,-84417.00,-84417.00
2020-10-26,39263.800000,0,39263.800000,39263.800000,56147.200000,-84417.00,-84417.00
2020-10-27,39263.800000,0,39263.800000,39263.800000,56147.200000,-84417.00,-84417.00
2020-10-28,39263.800000,0,39263.800000,39263.800000,56147.200000,-84417.00,-84417.00
2020-10-29,39263.800000,0,39263.800000,39263.800000,56147.200000,-84417.00,-84417.00
2020-10-30,39263.800000,0,39263.800000,39263.800000,56147.200000,-84417.00,-84417.00
2020-11-01,39263.800000,0,39263.800000,39263.800000,56147.200000,-84417.00,-84417.00
2020-11-02,39263.800000,0,39263.800000,39263.800000,56147.200000,-84417.00,-84417.00
2020-11-03,39263.800000,0,39263.800000,39263.800000,56147.200000,-84417.00,-84417.00
2020-11-04,39263.800000,0,39263.800000,39263.800000,56147.200000,-84417.00,-84417.00
2020-11-05,39263.800000,0,39263.800000,39263.800000,56147.200000,-84417.00,-84417.00
2020-11-06,39263.800000,3,39383.800000,38438.800000,56147.200000,-83817.00,-88542.00
2020-11-08,39263.800000,3,40043.800000,39524.800000,56147.200000,-80517.00,-83112.00
2020-11-09,39263.800000,3,41798.800000,39932.800000,56147.200000,-71742.00,-81072.00
2020-11-10,39263.800000,3,42443.800000,40883.800000,56147.200000,-68517.00,-76317.00
2020-11-11,39263.800000,3,42428.800000,42092.800000,56147.200000,-68592.00,-70272.00
2020-11-12,39263.800000,3,41606.800000,40985.800000,56147.200000,-72702.00,-75807.00
2020-11-13,39263.800000,3,42779.800000,41114.800000,56147.200000,-66837.00,-75162.00
2020-11-15,39263.800000,4,43532.800000,42844.800000,56147.200000,-63072.00,-66512.00
2020-11-16,39263.800000,4,44588.800000,43328.800000,56147.200000,-57792.00,-64092.00
2020-11-17,39263.800000,4,44104.800000,42900.800000,56147.200000,-60212.00,-66232.00
2020-11-18,39263.800000,4,42640.800000,42428.800000,56147.200000,-67532.00,-68592.00
2020-11-19,39263.800000,4,41796.800000,41680.800000,56147.200000,-71752.00,-72332.00
2020-11-20,39263.800000,4,41816.800000,41596.800000,56147.200000,-71652.00,-72752.00
2020-11-22,39263.800000,4,42028.800000,41568.800000,56147.200000,-70592.00,-72892.00
2020-11-23,39263.800000,4,43892.800000,41976.800000,56147.200000,-61272.00,-70852.00
2020-11-24,39263.800000,4,45320.800000,43804.800000,56147.200000,-54132.00,-61712.00
2020-11-25,39263.800000,4,44508.800000,44132.800000,56147.200000,-58192.00,-60072.00
2020-11-26,39263.800000,4,44144.800000,43988.800000,56147.200000,-60012.00,-60792.00
2020-11-27,39263.800000,4,44668.800000,43888.800000,56147.200000,-57392.00,-61292.00
2020-11-29,39263.800000,5,44654.800000,44554.800000,56147.200000,-57462.00,-57962.00
2020-11-30,39263.800000,5,43854.800000,42329.800000,56147.200000,-61462.00,-69087.00
2020-12-01,39263.800000,5,43949.800000,43684.800000,56147.200000,-60987.00,-62312.00
2020-12-02,39263.800000,5,44479.800000,43134.800000,56147.200000,-58337.00,-65062.00
2020-12-03,39263.800000,5,45064.800000,43964.800000,56147.200000,-55412.00,-60912.00
2020-12-04,39263.800000,5,45914.800000,44964.800000,56147.200000,-51162.00,-55912.00
2020-12-06,39263.800000,5,46314.800000,46044.800000,56147.200000,-49162.00,-50512.00
2020-12-07,39263.800000,5,45164.800000,44959.800000,56147.200000,-54912.00,-55937.00
2020-12-08,39263.800000,5,46194.800000,44449.800000,56147.200000,-49762.00,-58487.00
2020-12-09,39263.800000,5,45649.800000,44919.800000,56147.200000,-52487.00,-56137.00
2020-12-10,39263.800000,5,45504.800000,44529.800000,56147.200000,-53212.00,-58087.00
2020-12-11,39263.800000,5,44939.800000,43309.800000,56147.200000,-56037.00,-64187.00
2020-12-13,39263.800000,6,45688.800000,45412.800000,56147.200000,-52292.00,-53672.00
2020-12-14,39263.800000,6,44266.800000,43714.800000,56147.200000,-59402.00,-62162.00
2020-12-15,39263.800000,6,45826.800000,43642.800000,56147.200000,-51602.00,-62522.00
2020-12-16,39263.800000,6,45694.800000,45094.800000,56147.200000,-52262.00,-55262.00
2020-12-17,39263.800000,6,46318.800000,45508.800000,56147.200000,-49142.00,-53192.00
2020-12-18,39263.800000,6,46792.800000,44698.800000,56147.200000,-46772.00,-57242.00
2020-12-20,39263.800000,6,46114.800000,45856.800000,56147.200000,-50162.00,-51452.00
2020-12-21,39263.800000,6,45658.800000,41044.800000,56147.200000,-52442.00,-75512.00
2020-12-22,39263.800000,6,44980.800000,44410.800000,56147.200000,-55832.00,-58682.00
2020-12-23,39263.800000,6,45580.800000,43546.800000,56147.200000,-52832.00,-63002.00
2020-12-24,39263.800000,6,45748.800000,45118.800000,56147.200000,-51992.00,-55142.00
2020-12-27,39263.800000,6,46048.800000,44872.800000,56147.200000,-50492.00,-56372.00
2020-12-28,39263.800000,6,47320.800000,45832.800000,56147.200000,-44132.00,-51572.00
2020-12-29,39263.800000,6,46672.800000,46132.800000,56147.200000,-47372.00,-50072.00
2020-12-30,39263.800000,6,47194.800000,46402.800000,56147.200000,-44762.00,-48722.00
2020-12-31,39263.800000,6,48028.800000,46516.800000,56147.200000,-40592.00,-48152.00
2021-01-03,39263.800000,6,48166.800000,47734.800000,56147.200000,-39902.00,-42062.00
2021-01-04,39263.800000,6,45796.800000,43696.800000,56147.200000,-51752.00,-62252.00
2021-01-05,39263.800000,6,46648.800000,44980.800000,56147.200000,-47492.00,-55832.00
2021-01-06,39263.800000,6,49738.800000,46060.800000,56147.200000,-32042.00,-50432.00
2021-01-07,39263.800000,6,50902.800000,49312.800000,56147.200000,-26222.00,-34172.00
2021-01-08,39263.800000,6,51262.800000,49258.800000,56147.200000,-24422.00,-34442.00
2021-01-10,39263.800000,7,50612.800000,50514.800000,56147.200000,-27672.00,-28162.00
2021-01-11,39263.800000,7,50675.800000,48631.800000,56147.200000,-27357.00,-37577.00
2021-01-12,39263.800000,7,51088.800000,49604.800000,56147.200000,-25292.00,-32712.00
2021-01-13,39263.800000,7,51025.800000,50248.800000,56147.200000,-25607.00,-29492.00
2021-01-14,39263.800000,7,50710.800000,50339.800000,56147.200000,-27182.00,-29037.00
2021-01-15,39263.800000,7,48526.800000,47707.800000,56147.200000,-38102.00,-42197.00
2021-01-17,39263.800000,7,48778.800000,48540.800000,56147.200000,-36842.00,-38032.00
2021-01-18,39263.800000,7,49611.800000,48400.800000,56147.200000,-32677.00,-38732.00
2021-01-19,39263.800000,7,50542.800000,49471.800000,56147.200000,-28022.00,-33377.00
2021-01-20,39263.800000,7,51928.800000,49569.800000,56147.200000,-21092.00,-32887.00
2021-01-21,39263.800000,7,51459.800000,51277.800000,56147.200000,-23437.00,-24347.00
2021-01-22,39263.800000,7,50402.800000,49702.800000,56147.200000,-28722.00,-32222.00
2021-01-24,39263.800000,8,50932.800000,50548.800000,56147.200000,-26072.00,-27992.00
2021-01-25,39263.800000,8,49932.800000,46900.800000,56147.200000,-31072.00,-46232.00
2021-01-26,39263.800000,8,50012.800000,48572.800000,56147.200000,-30672.00,-37872.00
2021-01-27,39263.800000,8,43164.800000,42844.800000,56147.200000,-64912.00,-66512.00
2021-01-28,39263.800000,8,46772.800000,42964.800000,56147.200000,-46872.00,-65912.00
2021-01-29,43146.400000,0,43146.400000,43146.400000,56147.200000,-65004.00,-65004.00
2021-01-31,43146.400000,0,43146.400000,43146.400000,56147.200000,-65004.00,-65004.00
2021-02-01,43146.400000,0,43146.400000,43146.400000,56147.200000,-65004.00,-65004.00
2021-02-02,43146.400000,0,43146.400000,43146.400000,56147.200000,-65004.00,-65004.00
2021-02-03,43146.400000,0,43146.400000,43146.400000,56147.200000,-65004.00,-65004.00
2021-02-04,43146.400000,0,43146.400000,43146.400000,56147.200000,-65004.00,-65004.00
2021-02-05,43146.400000,3,43455.400000,42999.400000,56147.200000,-63459.00,-65739.00
2021-02-07,43146.400000,3,43470.400000,43416.400000,56147.200000,-63384.00,-63654.00
2021-02-08,43146.400000,3,44055.400000,43377.400000,56147.200000,-60459.00,-63849.00
2021-02-09,43146.400000,3,44127.400000,43659.400000,56147.200000,-60099.00,-62439.00
2021-02-10,43146.400000,3,44313.400000,43584.400000,56147.200000,-59169.00,-62814.00
2021-02-11,43146.400000,3,44358.400000,43731.400000,56147.200000,-58944.00,-62079.00
2021-02-12,43146.400000,3,44487.400000,43875.400000,56147.200000,-58299.00,-61359.00
2021-02-14,43146.400000,4,44537.400000,44489.400000,56147.200000,-58049.00,-58289.00
2021-02-15,43146.400000,4,45053.400000,44525.400000,56147.200000,-55469.00,-58109.00
2021-02-16,43146.400000,4,44509.400000,44293.400000,56147.200000,-58189.00,-59269.00
2021-02-17,43146.400000,4,45149.400000,43877.400000,56147.200000,-54989.00,-61349.00
2021-02-18,43146.400000,4,44461.400000,43713.400000,56147.200000,-58429.00,-62169.00
2021-02-19,43146.400000,4,44505.400000,44009.400000,56147.200000,-58209.00,-60689.00
2021-02-21,43146.400000,4,44625.400000,44373.400000,56147.200000,-57609.00,-58869.00
2021-02-22,43146.400000,4,44841.400000,43561.400000,56147.200000,-56529.00,-62929.00
2021-02-23,43146.400000,4,44697.400000,43213.400000,56147.200000,-57249.00,-64669.00
2021-02-24,43146.400000,4,46865.400000,44089.400000,56147.200000,-46409.00,-60289.00
2021-02-25,43146.400000,4,44037.400000,43789.400000,56147.200000,-60549.00,-61789.00
2021-02-26,43146.400000,4,42461.400000,42013.400000,56147.200000,-68429.00,-70669.00
2021-02-28,43146.400000,4,43173.400000,42537.400000,56147.200000,-64869.00,-68049.00
2021-03-01,42720.200000,3,44070.200000,42672.200000,56147.200000,-60385.00,-67375.00
2021-03-02,42720.200000,3,43707.200000,43266.200000,56147.200000,-62200.00,-64405.00
2021-03-03,42720.200000,3,42777.200000,42768.200000,56147.200000,-66850.00,-66895.00
2021-03-04,42720.200000,3,41913.200000,40959.200000,56147.200000,-71170.00,-75940.00
2021-03-05,42720.200000,3,43929.200000,41346.200000,56147.200000,-61090.00,-74005.00
2021-03-07,41903.300000,3,42104.300000,41900.300000,56147.200000,-70214.50,-71234.50
2021-03-08,41903.300000,3,43004.300000,41075.300000,56147.200000,-65714.50,-75359.50
2021-03-09,41903.300000,3,42731.300000,42590.300000,56147.200000,-67079.50,-67784.50
2021-03-10,41903.300000,3,44093.300000,42395.300000,56147.200000,-60269.50,-68759.50
2021-03-11,41903.300000,3,44786.300000,43976.300000,56147.200000,-56804.50,-60854.50
2021-03-12,41903.300000,3,45275.300000,44051.300000,56147.200000,-54359.50,-60479.50
2021-03-14,41903.300000,3,45554.300000,45323.300000,56147.200000,-52964.50,-54119.50
2021-03-15,41903.300000,3,45557.300000,44765.300000,56147.200000,-52949.50,-56909.50
2021-03-16,41903.300000,3,45371.300000,45209.300000,56147.200000,-53879.50,-54689.50
2021-03-17,41903.300000,3,46175.300000,45224.300000,56147.200000,-49859.50,-54614.50
2021-03-18,41903.300000,3,45557.300000,45380.300000,56147.200000,-52949.50,-53834.50
2021-03-19,41903.300000,3,44735.300000,44417.300000,56147.200000,-57059.50,-58649.50
2021-03-21,41903.300000,4,44614.300000,44426.300000,56147.200000,-57664.50,-58604.50
2021-03-22,41903.300000,4,45450.300000,44002.300000,56147.200000,-53484.50,-60724.50
2021-03-23,41903.300000,4,43958.300000,43686.300000,56147.200000,-60944.50,-62304.50
2021-03-24,41903.300000,4,44238.300000,43674.300000,56147.200000,-59544.50,-62364.50
2021-03-25,41903.300000,4,44910.300000,42550.300000,56147.200000,-56184.50,-67984.50
2021-03-26,41903.300000,4,46578.300000,44730.300000,56147.200000,-47844.50,-57084.50
2021-03-28,41903.300000,4,46266.300000,46262.300000,56147.200000,-49404.50,-49424.50
2021-03-29,41903.300000,4,47042.300000,45730.300000,56147.200000,-45524.50,-52084.50
2021-03-30,41903.300000,4,46522.300000,46182.300000,56147.200000,-48124.50,-49824.50
2021-03-31,41903.300000,4,46418.300000,46210.300000,56147.200000,-48644.50,-49684.50
2021-04-01,41903.300000,4,46914.300000,46114.300000,56147.200000,-46164.50,-50164.50
2021-04-02,41903.300000,4,47506.300000,46814.300000,56147.200000,-43204.50,-46664.50
2021-04-04,41903.300000,5,47699.300000,47294.300000,56147.200000,-42239.50,-44264.50
2021-04-05,41903.300000,5,48664.300000,47469.300000,56147.200000,-37414.50,-43389.50
2021-04-06,41903.300000,5,48379.300000,47839.300000,56147.200000,-38839.50,-41539.50
2021-04-07,41903.300000,5,48399.300000,47674.300000,56147.200000,-38739.50,-42364.50
2021-04-08,41903.300000,5,48819.300000,47644.300000,56147.200000,-36639.50,-42514.50
2021-04-09,41903.300000,5,49714.300000,48364.300000,56147.200000,-32164.50,-38914.50
2021-04-11,41903.300000,5,49729.300000,49704.300000,56147.200000,-32089.50,-32214.50
2021-04-12,41903.300000,5,49724.300000,49259.300000,56147.200000,-32114.50,-34439.50
2021-04-13,41903.300000,5,49184.300000,48664.300000,56147.200000,-34814.50,-37414.50
2021-04-14,41903.300000,5,49854.300000,49104.300000,56147.200000,-31464.50,-35214.50
2021-04-15,41903.300000,5,51174.300000,49824.300000,56147.200000,-24864.50,-31614.50
2021-04-16,41903.300000,5,51764.300000,50909.300000,56147.200000,-21914.50,-26189.50
2021-04-18,41903.300000,6,51415.300000,51403.300000,56147.200000,-23659.50,-23719.50
2021-04-19,41903.300000,6,51661.300000,50653.300000,56147.200000,-22429.50,-27469.50
2021-04-20,41903.300000,6,49705.300000,48925.300000,56147.200000,-32209.50,-36109.50
2021-04-21,41903.300000,6,51289.300000,49243.300000,56147.200000,-24289.50,-34519.50
2021-04-22,41903.300000,6,49795.300000,49123.300000,56147.200000,-31759.50,-35119.50
2021-04-23,41903.300000,6,50977.300000,49141.300000,56147.200000,-25849.50,-35029.50
2021-04-25,41903.300000,6,50929.300000,50917.300000,56147.200000,-26089.50,-26149.50
2021-04-26,41903.300000,6,50911.300000,50485.300000,56147.200000,-26179.50,-28309.50
2021-04-27,41903.300000,6,50335.300000,50077.300000,56147.200000,-29059.50,-30349.50
2021-04-28,41903.300000,6,49993.300000,49633.300000,56147.200000,-30769.50,-32569.50
2021-04-29,41903.300000,6,51031.300000,49261.300000,56147.200000,-25579.50,-34429.50
2021-04-30,41903.300000,6,50335.300000,49561.300000,56147.200000,-29059.50,-32929.50
2021-05-02,41903.300000,7,50782.300000,50425.300000,56147.200000,-26824.50,-28609.50
2021-05-03,41903.300000,7,51552.300000,50628.300000,56147.200000,-22974.50,-27594.50
2021-05-04,41903.300000,7,51888.300000,49242.300000,56147.200000,-21294.50,-34524.50
2021-05-05,41903.300000,7,52567.300000,51146.300000,56147.200000,-17899.50,-25004.50
2021-05-06,41903.300000,7,54625.300000,52182.300000,56147.200000,-7609.50,-19824.50
2021-05-07,41903.300000,7,56655.300000,54226.300000,56655.300000,0.00,-12145.00
2021-05-09,41903.300000,7,56802.300000,56480.300000,56802.300000,0.00,-1610.00
2021-05-10,41903.300000,7,56655.300000,55941.300000,56802.300000,-735.00,-4305.00
2021-05-11,41903.300000,7,53043.300000,51545.300000,56802.300000,-18795.00,-26285.00
2021-05-12,41903.300000,7,48773.300000,47891.300000,56802.300000,-40145.00,-44555.00
2021-05-13,41903.300000,7,51559.300000,46064.300000,56802.300000,-26215.00,-53690.00
2021-05-14,48778.200000,0,48778.200000,48778.200000,56802.300000,-40120.50,-40120.50
2021-05-16,48778.200000,0,48778.200000,48778.200000,56802.300000,-40120.50,-40120.50
2021-05-17,48778.200000,0,48778.200000,48778.200000,56802.300000,-40120.50,-40120.50
2021-05-18,48778.200000,0,48778.200000,48778.200000,56802.300000,-40120.50,-40120.50
2021-05-19,48778.200000,0,48778.200000,48778.200000,56802.300000,-40120.50,-40120.50
2021-05-20,48778.200000,0,48778.200000,48778.200000,56802.300000,-40120.50,-40120.50
2021-05-21,48778.200000,0,48778.200000,48778.200000,56802.300000,-40120.50,-40120.50
2021-05-23,48778.200000,0,48778.200000,48778.200000,56802.300000,-40120.50,-40120.50
2021-05-24,48778.200000,0,48778.200000,48778.200000,56802.300000,-40120.50,-40120.50
2021-05-25,48778.200000,0,48778.200000,48778.200000,56802.300000,-40120.50,-40120.50
2021-05-26,48778.200000,0,48778.200000,48778.200000,56802.300000,-40120.50,-40120.50
2021-05-27,48778.200000,0,48778.200000,48778.200000,56802.300000,-40120.50,-40120.50
2021-05-28,48778.200000,0,48778.200000,48778.200000,56802.300000,-40120.50,-40120.50
2021-05-30,48778.200000,0,48778.200000,48778.200000,56802.300000,-40120.50,-40120.50
2021-05-31,48778.200000,0,48778.200000,48778.200000,56802.300000,-40120.50,-40120.50
2021-06-01,48778.200000,0,48778.200000,48778.200000,56802.300000,-40120.50,-40120.50
2021-06-02,48778.200000,0,48778.200000,48778.200000,56802.300000,-40120.50,-40120.50
2021-06-03,48778.200000,0,48778.200000,48778.200000,56802.300000,-40120.50,-40120.50
2021-06-04,48778.200000,0,48778.200000,48778.200000,56802.300000,-40120.50,-40120.50
2021-06-06,48778.200000,0,48778.200000,48778.200000,56802.300000,-40120.50,-40120.50
2021-06-07,48778.200000,0,48778.200000,48778.200000,56802.300000,-40120.50,-40120.50
2021-06-08,48778.200000,0,48778.200000,48778.200000,56802.300000,-40120.50,-40120.50
2021-06-09,48778.200000,0,48778.200000,48778.200000,56802.300000,-40120.50,-40120.50
2021-06-10,48778.200000,0,48778.200000,48778.200000,56802.300000,-40120.50,-40120.50
2021-06-11,48778.200000,0,48778.200000,48778.200000,56802.300000,-40120.50,-40120.50
2021-06-13,48778.200000,0,48778.200000,48778.200000,56802.300000,-40120.50,-40120.50
2021-06-14,48778.200000,0,48778.200000,48778.200000,56802.300000,-40120.50,-40120.50
2021-06-15,48778.200000,0,48778.200000,48778.200000,56802.300000,-40120.50,-40120.50
2021-06-16,48778.200000,0,48778.200000,48778.200000,56802.300000,-40120.50,-40120.50
2021-06-17,48778.200000,0,48778.200000,48778.200000,56802.300000,-40120.50,-40120.50
2021-06-18,48778.200000,0,48778.200000,48778.200000,56802.300000,-40120.50,-40120.50
2021-06-20,48778.200000,0,48778.200000,48778.200000,56802.300000,-40120.50,-40120.50
2021-06-21,48778.200000,0,48778.200000,48778.200000,56802.300000,-40120.50,-40120.50
2021-06-22,48778.200000,0,48778.200000,48778.200000,56802.300000,-40120.50,-40120.50
2021-06-23,48778.200000,0,48778.200000,48778.200000,56802.300000,-40120.50,-40120.50
2021-06-24,48778.200000,0,48778.200000,48778.200000,56802.300000,-40120.50,-40120.50
2021-06-25,48778.200000,3,49309.200000,48568.200000,56802.300000,-37465.50,-41170.50
2021-06-27,48778.200000,3,49360.200000,49279.200000,56802.300000,-37210.50,-37615.50
2021-06-28,48778.200000,3,48661.200000,48370.200000,56802.300000,-40705.50,-42160.50
2021-06-29,48778.200000,3,48811.200000,48505.200000,56802.300000,-39955.50,-41485.50
2021-06-30,48654.300000,3,49383.300000,48024.300000,56802.300000,-37095.00,-43890.00
2021-07-01,48654.300000,3,49518.300000,49137.300000,56802.300000,-36420.00,-38325.00
2021-07-02,48654.300000,3,49941.300000,49479.300000,56802.300000,-34305.00,-36615.00
2021-07-04,48654.300000,3,49935.300000,49914.300000,56802.300000,-34335.00,-34440.00
2021-07-05,48654.300000,3,50187.300000,49767.300000,56802.300000,-33075.00,-35175.00
2021-07-06,48654.300000,3,49155.300000,48729.300000,56802.300000,-38235.00,-40365.00
2021-07-07,48654.300000,3,49719.300000,48969.300000,56802.300000,-35415.00,-39165.00
2021-07-08,48654.300000,3,48855.300000,48018.300000,56802.300000,-39735.00,-43920.00
2021-07-09,48654.300000,3,50286.300000,48426.300000,56802.300000,-32580.00,-41880.00
2021-07-11,48654.300000,4,50372.300000,50216.300000,56802.300000,-32150.00,-32930.00
2021-07-12,48654.300000,4,50804.300000,49432.300000,56802.300000,-29990.00,-36850.00
2021-07-13,48654.300000,4,50224.300000,50196.300000,56802.300000,-32890.00,-33030.00
2021-07-14,48654.300000,4,50448.300000,49908.300000,56802.300000,-31770.00,-34470.00
2021-07-15,48654.300000,4,50444.300000,49612.300000,56802.300000,-31790.00,-35950.00
2021-07-16,48654.300000,4,49460.300000,49336.300000,56802.300000,-36710.00,-37330.00
2021-07-18,48654.300000,4,49044.300000,48952.300000,56802.300000,-38790.00,-39250.00
2021-07-19,48654.300000,4,46968.300000,45732.300000,56802.300000,-49170.00,-55350.00
2021-07-20,48654.300000,4,49148.300000,46612.300000,56802.300000,-38270.00,-50950.00
2021-07-21,46959.100000,3,47706.100000,46611.100000,56802.300000,-45481.00,-50956.00
2021-07-22,46959.100000,3,47796.100000,47199.100000,56802.300000,-45031.00,-48016.00
2021-07-23,46959.100000,3,48285.100000,47745.100000,56802.300000,-42586.00,-45286.00
2021-07-25,46959.100000,3,48309.100000,48282.100000,56802.300000,-42466.00,-42601.00
2021-07-26,46959.100000,3,48522.100000,47484.100000,56802.300000,-41401.00,-46591.00
2021-07-27,46959.100000,3,48333.100000,47814.100000,56802.300000,-42346.00,-44941.00
2021-07-28,46959.100000,3,48180.100000,47820.100000,56802.300000,-43111.00,-44911.00
2021-07-29,46959.100000,3,48270.100000,47850.100000,56802.300000,-42661.00,-44761.00
2021-07-30,46959.100000,3,48129.100000,47796.100000,56802.300000,-43366.00,-45031.00
2021-08-01,46959.100000,4,48487.100000,48143.100000,56802.300000,-41576.00,-43296.00
2021-08-02,46959.100000,4,47831.100000,47431.100000,56802.300000,-44856.00,-46856.00
2021-08-03,46959.100000,4,48463.100000,47063.100000,56802.300000,-41696.00,-48696.00
2021-08-04,46959.100000,4,47523.100000,47351.100000,56802.300000,-46396.00,-47256.00
2021-08-05,46959.100000,4,48231.100000,47323.100000,56802.300000,-42856.00,-47396.00
2021-08-06,46959.100000,4,49051.100000,48187.100000,56802.300000,-38756.00,-43076.00
2021-08-08,46959.100000,4,48667.100000,48595.100000,56802.300000,-40676.00,-41036.00
2021-08-09,46959.100000,4,48623.100000,48415.100000,56802.300000,-40896.00,-41936.00
2021-08-10,46959.100000,4,49251.100000,48351.100000,56802.300000,-37756.00,-42256.00
2021-08-11,46959.100000,4,50171.100000,49079.100000,56802.300000,-33156.00,-38616.00
2021-08-12,46959.100000,4,50271.100000,49675.100000,56802.300000,-32656.00,-35636.00
2021-08-13,46959.100000,4,50255.100000,50179.100000,56802.300000,-32736.00,-33116.00
2021-08-15,46959.100000,5,50151.100000,50061.100000,56802.300000,-33256.00,-33706.00
2021-08-16,46959.100000,5,50786.100000,49001.100000,56802.300000,-30081.00,-39006.00
2021-08-17,46959.100000,5,49186.100000,48441.100000,56802.300000,-38081.00,-41806.00
2021-08-18,46959.100000,5,47621.100000,47221.100000,56802.300000,-45906.00,-47906.00
2021-08-19,46959.100000,5,47121.100000,45741.100000,56802.300000,-48406.00,-55306.00
2021-08-20,46959.100000,5,48596.100000,46116.100000,56802.300000,-41031.00,-53431.00
2021-08-22,46959.100000,5,48606.100000,48351.100000,56802.300000,-40981.00,-42256.00
2021-08-23,46959.100000,5,50011.100000,48601.100000,56802.300000,-33956.00,-41006.00
2021-08-24,46959.100000,5,49856.100000,49736.100000,56802.300000,-34731.00,-35331.00
2021-08-25,46959.100000,5,50141.100000,49416.100000,56802.300000,-33306.00,-36931.00
2021-08-26,46959.100000,5,49041.100000,48981.100000,56802.300000,-38806.00,-39106.00
2021-08-27,46959.100000,5,50321.100000,48841.100000,56802.300000,-32406.00,-39806.00
2021-08-29,46959.100000,6,50492.100000,50252.100000,56802.300000,-31551.00,-32751.00
2021-08-30,46959.100000,6,50072.100000,49826.100000,56802.300000,-33651.00,-34881.00
2021-08-31,46959.100000,6,50240.100000,49400.100000,56802.300000,-32811.00,-37011.00
2021-09-01,46959.100000,6,49586.100000,49466.100000,56802.300000,-36081.00,-36681.00
2021-09-02,46959.100000,6,50336.100000,49166.100000,56802.300000,-32331.00,-38181.00
2021-09-03,46959.100000,6,49898.100000,49340.100000,56802.300000,-34521.00,-37311.00
2021-09-05,46959.100000,6,49658.100000,49616.100000,56802.300000,-35721.00,-35931.00
2021-09-06,46959.100000,6,50162.100000,49430.100000,56802.300000,-33201.00,-36861.00
2021-09-07,46959.100000,6,48104.100000,48050.100000,56802.300000,-43491.00,-43761.00
2021-09-08,46959.100000,6,47744.100000,47162.100000,56802.300000,-45291.00,-48201.00
2021-09-09,46959.100000,6,47036.100000,46508.100000,56802.300000,-48831.00,-51471.00
2021-09-10,46959.100000,6,45008.100000,44738.100000,56802.300000,-58971.00,-60321.00
2021-09-12,46959.100000,6,45620.100000,44924.100000,56802.300000,-55911.00,-59391.00
2021-09-13,45024.300000,0,45024.300000,45024.300000,56802.300000,-58890.00,-58890.00
2021-09-14,45024.300000,0,45024.300000,45024.300000,56802.300000,-58890.00,-58890.00
2021-09-15,45024.300000,0,45024.300000,45024.300000,56802.300000,-58890.00,-58890.00
2021-09-16,45024.300000,0,45024.300000,45024.300000,56802.300000,-58890.00,-58890.00
2021-09-17,45024.300000,0,45024.300000,45024.300000,56802.300000,-58890.00,-58890.00
2021-09-19,45024.300000,0,45024.300000,45024.300000,56802.300000,-58890.00,-58890.00
2021-09-20,45024.300000,0,45024.300000,45024.300000,56802.300000,-58890.00,-58890.00
2021-09-21,45024.300000,0,45024.300000,45024.300000,56802.300000,-58890.00,-58890.00
2021-09-22,45024.300000,0,45024.300000,45024.300000,56802.300000,-58890.00,-58890.00
2021-09-23,45024.300000,0,45024.300000,45024.300000,56802.300000,-58890.00,-58890.00
2021-09-24,45024.300000,0,45024.300000,45024.300000,56802.300000,-58890.00,-58890.00
2021-09-26,45024.300000,0,45024.300000,45024.300000,56802.300000,-58890.00,-58890.00
2021-09-27,45024.300000,0,45024.300000,45024.300000,56802.300000,-58890.00,-58890.00
2021-09-28,45024.300000,0,45024.300000,45024.300000,56802.300000,-58890.00,-58890.00
2021-09-29,45024.300000,0,45024.300000,45024.300000,56802.300000,-58890.00,-58890.00
2021-09-30,45024.300000,0,45024.300000,45024.300000,56802.300000,-58890.00,-58890.00
2021-10-01,45024.300000,0,45024.300000,45024.300000,56802.300000,-58890.00,-58890.00
2021-10-03,45024.300000,0,45024.300000,45024.300000,56802.300000,-58890.00,-58890.00
2021-10-04,45024.300000,0,45024.300000,45024.300000,56802.300000,-58890.00,-58890.00
2021-10-05,45024.300000,0,45024.300000,45024.300000,56802.300000,-58890.00,-58890.00
2021-10-06,45024.300000,0,45024.300000,45024.300000,56802.300000,-58890.00,-58890.00
2021-10-07,45024.300000,0,45024.300000,45024.300000,56802.300000,-58890.00,-58890.00
2021-10-08,45024.300000,0,45024.300000,45024.300000,56802.300000,-58890.00,-58890.00
2021-10-10,45024.300000,0,45024.300000,45024.300000,56802.300000,-58890.00,-58890.00
2021-10-11,45024.300000,0,45024.300000,45024.300000,56802.300000,-58890.00,-58890.00
2021-10-12,45024.300000,0,45024.300000,45024.300000,56802.300000,-58890.00,-58890.00
2021-10-13,45024.300000,0,45024.300000,45024.300000,56802.300000,-58890.00,-58890.00
2021-10-14,45024.300000,0,45024.300000,45024.300000,56802.300000,-58890.00,-58890.00
2021-10-15,45024.300000,0,45024.300000,45024.300000,56802.300000,-58890.00,-58890.00
2021-10-17,45024.300000,3,44781.300000,44775.300000,56802.300000,-60105.00,-60135.00
2021-10-18,45024.300000,3,44763.300000,44109.300000,56802.300000,-60195.00,-63465.00
2021-10-19,45024.300000,3,45468.300000,44592.300000,56802.300000,-56670.00,-61050.00
2021-10-20,44759.400000,3,44936.400000,44489.400000,56802.300000,-59329.50,-61564.50
2021-10-21,44759.400000,3,45011.400000,44597.400000,56802.300000,-58954.50,-61024.50
2021-10-22,44759.400000,3,45152.400000,44909.400000,56802.300000,-58249.50,-59464.50
2021-10-24,44759.400000,3,45107.400000,45026.400000,56802.300000,-58474.50,-58879.50
2021-10-25,44759.400000,3,45653.400000,45104.400000,56802.300000,-55744.50,-58489.50
2021-10-26,44759.400000,3,45686.400000,45527.400000,56802.300000,-55579.50,-56374.50
2021-10-27,44759.400000,3,45017.400000,44822.400000,56802.300000,-58924.50,-59899.50
2021-10-28,44759.400000,3,45491.400000,44837.400000,56802.300000,-56554.50,-59824.50
2021-10-29,44759.400000,3,45893.400000,45131.400000,56802.300000,-54544.50,-58354.50
2021-10-31,44759.400000,4,46096.400000,45872.400000,56802.300000,-53529.50,-54649.50
2021-11-01,44759.400000,4,46004.400000,45608.400000,56802.300000,-53989.50,-55969.50
2021-11-02,44759.400000,4,46516.400000,45656.400000,56802.300000,-51429.50,-55729.50
2021-11-03,44759.400000,4,47132.400000,45960.400000,56802.300000,-48349.50,-54209.50
2021-11-04,44759.400000,4,46984.400000,46336.400000,56802.300000,-49089.50,-52329.50
2021-11-05,44759.400000,4,47568.400000,46672.400000,56802.300000,-46169.50,-50649.50
2021-11-07,44759.400000,4,47664.400000,47368.400000,56802.300000,-45689.50,-47169.50
2021-11-08,44759.400000,4,47972.400000,47492.400000,56802.300000,-44149.50,-46549.50
2021-11-09,44759.400000,4,47516.400000,47140.400000,56802.300000,-46429.50,-48309.50
2021-11-10,44759.400000,4,46668.400000,46520.400000,56802.300000,-50669.50,-51409.50
2021-11-11,44759.400000,4,46416.400000,46168.400000,56802.300000,-51929.50,-53169.50
2021-11-12,44759.400000,4,46988.400000,46232.400000,56802.300000,-49069.50,-52849.50
2021-11-14,44759.400000,5,47061.400000,47016.400000,56802.300000,-48704.50,-48929.50
2021-11-15,44759.400000,5,46896.400000,46566.400000,56802.300000,-49529.50,-51179.50
2021-11-16,44759.400000,5,47336.400000,46546.400000,56802.300000,-47329.50,-51279.50
2021-11-17,44759.400000,5,46091.400000,45911.400000,56802.300000,-53554.50,-54454.50
2021-11-18,44759.400000,5,45991.400000,44781.400000,56802.300000,-54054.50,-60104.50
2021-11-19,44759.400000,5,44721.400000,44246.400000,56802.300000,-60404.50,-62779.50
2021-11-21,44759.400000,5,44711.400000,44661.400000,56802.300000,-60454.50,-60704.50
2021-11-22,44759.400000,5,44886.400000,44466.400000,56802.300000,-59579.50,-61679.50
2021-11-23,44759.400000,5,45451.400000,43666.400000,56802.300000,-56754.50,-65679.50
2021-11-24,44759.400000,5,45781.400000,44476.400000,56802.300000,-55104.50,-61629.50
2021-11-25,44759.400000,5,44936.400000,44861.400000,56802.300000,-59329.50,-59704.50
2021-11-26,44759.400000,5,39966.400000,39946.400000,56802.300000,-84179.50,-84279.50
2021-11-28,44759.400000,5,41921.400000,40516.400000,56802.300000,-74404.50,-81429.50
2021-11-29,40514.900000,0,40514.900000,40514.900000,56802.300000,-81437.00,-81437.00
2021-11-30,40514.900000,0,40514.900000,40514.900000,56802.300000,-81437.00,-81437.00
2021-12-01,40514.900000,0,40514.900000,40514.900000,56802.300000,-81437.00,-81437.00
2021-12-02,40514.900000,0,40514.900000,40514.900000,56802.300000,-81437.00,-81437.00
2021-12-03,40514.900000,0,40514.900000,40514.900000,56802.300000,-81437.00,-81437.00
2021-12-05,40514.900000,0,40514.900000,40514.900000,56802.300000,-81437.00,-81437.00
2021-12-06,40514.900000,0,40514.900000,40514.900000,56802.300000,-81437.00,-81437.00
2021-12-07,40514.900000,0,40514.900000,40514.900000,56802.300000,-81437.00,-81437.00
2021-12-08,40514.900000,0,40514.900000,40514.900000,56802.300000,-81437.00,-81437.00
2021-12-09,40514.900000,0,40514.900000,40514.900000,56802.300000,-81437.00,-81437.00
2021-12-10,40514.900000,3,41168.900000,40340.900000,56802.300000,-78167.00,-82307.00
2021-12-12,40514.900000,3,41066.900000,40871.900000,56802.300000,-78677.00,-79652.00
2021-12-13,40514.900000,3,40019.900000,39740.900000,56802.300000,-83912.00,-85307.00
2021-12-14,40514.900000,3,39599.900000,39224.900000,56802.300000,-86012.00,-87887.00
2021-12-15,40019.000000,0,40019.000000,40019.000000,56802.300000,-83916.50,-83916.50
2021-12-16,40019.000000,3,39857.000000,39425.000000,56802.300000,-84726.50,-86886.50
2021-12-17,40019.000000,3,38468.000000,37928.000000,56802.300000,-91671.50,-94371.50
2021-12-19,40019.000000,3,37634.000000,37580.000000,56802.300000,-95841.50,-96111.50
2021-12-20,38191.100000,0,38191.100000,38191.100000,56802.300000,-93056.00,-93056.00
2021-12-21,38191.100000,0,38191.100000,38191.100000,56802.300000,-93056.00,-93056.00
2021-12-22,38191.100000,0,38191.100000,38191.100000,56802.300000,-93056.00,-93056.00
2021-12-23,38191.100000,0,38191.100000,38191.100000,56802.300000,-93056.00,-93056.00
2021-12-26,38191.100000,3,38269.100000,38182.100000,56802.300000,-92666.00,-93101.00
2021-12-27,38191.100000,3,39130.100000,37972.100000,56802.300000,-88361.00,-94151.00
2021-12-28,38191.100000,3,39655.100000,39034.100000,56802.300000,-85736.00,-88841.00
2021-12-29,38191.100000,3,39769.100000,39445.100000,56802.300000,-85166.00,-86786.00
2021-12-30,38191.100000,3,39538.100000,39460.100000,56802.300000,-86321.00,-86711.00
2021-12-31,38191.100000,3,39469.100000,39058.100000,56802.300000,-86666.00,-88721.00
2022-01-02,38191.100000,3,39685.100000,39595.100000,56802.300000,-85586.00,-86036.00
2022-01-03,38191.100000,3,39958.100000,39055.100000,56802.300000,-84221.00,-88736.00
2022-01-04,38191.100000,3,40597.100000,39922.100000,56802.300000,-81026.00,-84401.00
2022-01-05,38191.100000,3,39766.100000,39433.100000,56802.300000,-85181.00,-86846.00
2022-01-06,38191.100000,3,39250.100000,38917.100000,56802.300000,-87761.00,-89426.00
2022-01-07,38191.100000,3,39040.100000,38659.100000,56802.300000,-88811.00,-90716.00
2022-01-09,38191.100000,4,38653.100000,38413.100000,56802.300000,-90746.00,-91946.00
2022-01-10,38191.100000,4,38389.100000,36657.100000,56802.300000,-92066.00,-100726.00
2022-01-11,38191.100000,4,39081.100000,37137.100000,56802.300000,-88606.00,-98326.00
2022-01-12,38191.100000,4,39281.100000,38733.100000,56802.300000,-87606.00,-90346.00
2022-01-13,38191.100000,4,38689.100000,38257.100000,56802.300000,-90566.00,-92726.00
2022-01-14,38191.100000,4,37969.100000,36633.100000,56802.300000,-94166.00,-100846.00
2022-01-16,38191.100000,4,37817.100000,37709.100000,56802.300000,-94926.00,-95466.00
2022-01-17,38191.100000,4,37869.100000,37397.100000,56802.300000,-94666.00,-97026.00
2022-01-18,38191.100000,4,35541.100000,35113.100000,56802.300000,-106306.00,-108446.00
2022-01-19,38191.100000,4,34065.100000,34037.100000,56802.300000,-113686.00,-113826.00
2022-01-20,35535.900000,0,35535.900000,35535.900000,56802.300000,-106332.00,-106332.00
2022-01-21,35535.900000,0,35535.900000,35535.900000,56802.300000,-106332.00,-106332.00
2022-01-23,35535.900000,0,35535.900000,35535.900000,56802.300000,-106332.00,-106332.00
2022-01-24,35535.900000,0,35535.900000,35535.900000,56802.300000,-106332.00,-106332.00
2022-01-25,35535.900000,0,35535.900000,35535.900000,56802.300000,-106332.00,-106332.00
2022-01-26,35535.900000,0,35535.900000,35535.900000,56802.300000,-106332.00,-106332.00
2022-01-27,35535.900000,0,35535.900000,35535.900000,56802.300000,-106332.00,-106332.00
2022-01-28,35535.900000,0,35535.900000,35535.900000,56802.300000,-106332.00,-106332.00
2022-01-30,35535.900000,0,35535.900000,35535.900000,56802.300000,-106332.00,-106332.00
2022-01-31,35535.900000,0,35535.900000,35535.900000,56802.300000,-106332.00,-106332.00
2022-02-01,35535.900000,0,35535.900000,35535.900000,56802.300000,-106332.00,-106332.00
2022-02-02,35535.900000,0,35535.900000,35535.900000,56802.300000,-106332.00,-106332.00
2022-02-03,35535.900000,3,34653.900000,33981.900000,56802.300000,-110742.00,-114102.00
2022-02-04,35535.900000,3,33948.900000,33162.900000,56802.300000,-114267.00,-118197.00
2022-02-06,35535.900000,3,34200.900000,34056.900000,56802.300000,-113007.00,-113727.00
2022-02-07,34161.000000,0,34161.000000,34161.000000,56802.300000,-113206.50,-113206.50
2022-02-08,34161.000000,0,34161.000000,34161.000000,56802.300000,-113206.50,-113206.50
2022-02-09,34161.000000,0,34161.000000,34161.000000,56802.300000,-113206.50,-113206.50
2022-02-10,34161.000000,3,32214.000000,32025.000000,56802.300000,-122941.50,-123886.50
2022-02-11,34161.000000,3,31122.000000,30588.000000,56802.300000,-128401.50,-131071.50
2022-02-13,32216.100000,0,32216.100000,32216.100000,56802.300000,-122931.00,-122931.00
2022-02-14,32216.100000,0,32216.100000,32216.100000,56802.300000,-122931.00,-122931.00
2022-02-15,32216.100000,0,32216.100000,32216.100000,56802.300000,-122931.00,-122931.00
2022-02-16,32216.100000,0,32216.100000,32216.100000,56802.300000,-122931.00,-122931.00
2022-02-17,32216.100000,0,32216.100000,32216.100000,56802.300000,-122931.00,-122931.00
2022-02-18,32216.100000,0,32216.100000,32216.100000,56802.300000,-122931.00,-122931.00
2022-02-20,32216.100000,0,32216.100000,32216.100000,56802.300000,-122931.00,-122931.00
2022-02-21,32216.100000,0,32216.100000,32216.100000,56802.300000,-122931.00,-122931.00
2022-02-22,32216.100000,0,32216.100000,32216.100000,56802.300000,-122931.00,-122931.00
2022-02-23,32216.100000,0,32216.100000,32216.100000,56802.300000,-122931.00,-122931.00
2022-02-24,32216.100000,0,32216.100000,32216.100000,56802.300000,-122931.00,-122931.00
2022-02-25,32216.100000,0,32216.100000,32216.100000,56802.300000,-122931.00,-122931.00
2022-02-27,32216.100000,0,32216.100000,32216.100000,56802.300000,-122931.00,-122931.00
2022-02-28,32216.100000,0,32216.100000,32216.100000,56802.300000,-122931.00,-122931.00
2022-03-01,32216.100000,0,32216.100000,32216.100000,56802.300000,-122931.00,-122931.00
2022-03-02,32216.100000,0,32216.100000,32216.100000,56802.300000,-122931.00,-122931.00
2022-03-03,32216.100000,0,32216.100000,32216.100000,56802.300000,-122931.00,-122931.00
2022-03-04,32216.100000,0,32216.100000,32216.100000,56802.300000,-122931.00,-122931.00
2022-03-06,32216.100000,0,32216.100000,32216.100000,56802.300000,-122931.00,-122931.00
2022-03-07,32216.100000,0,32216.100000,32216.100000,56802.300000,-122931.00,-122931.00
2022-03-08,32216.100000,0,32216.100000,32216.100000,56802.300000,-122931.00,-122931.00
2022-03-09,32216.100000,0,32216.100000,32216.100000,56802.300000,-122931.00,-122931.00
2022-03-10,32216.100000,0,32216.100000,32216.100000,56802.300000,-122931.00,-122931.00
2022-03-11,32216.100000,0,32216.100000,32216.100000,56802.300000,-122931.00,-122931.00
2022-03-13,32216.100000,0,32216.100000,32216.100000,56802.300000,-122931.00,-122931.00
2022-03-14,32216.100000,0,32216.100000,32216.100000,56802.300000,-122931.00,-122931.00
2022-03-15,32216.100000,0,32216.100000,32216.100000,56802.300000,-122931.00,-122931.00
2022-03-16,32216.100000,0,32216.100000,32216.100000,56802.300000,-122931.00,-122931.00
2022-03-17,32216.100000,0,32216.100000,32216.100000,56802.300000,-122931.00,-122931.00
2022-03-18,32216.100000,0,32216.100000,32216.100000,56802.300000,-122931.00,-122931.00
2022-03-20,32216.100000,3,32003.100000,31979.100000,56802.300000,-123996.00,-124116.00
2022-03-21,32216.100000,3,31421.100000,30887.100000,56802.300000,-126906.00,-129576.00
2022-03-22,32216.100000,3,32432.100000,31157.100000,56802.300000,-121851.00,-128226.00
2022-03-23,31417.200000,3,30001.200000,29848.200000,56802.300000,-134005.50,-134770.50
2022-03-24,31417.200000,3,31000.200000,29839.200000,56802.300000,-129010.50,-134815.50
2022-03-25,29997.300000,0,29997.300000,29997.300000,56802.300000,-134025.00,-134025.00
2022-03-27,29997.300000,3,29775.300000,29775.300000,56802.300000,-135135.00,-135135.00
2022-03-28,29997.300000,3,30225.300000,29043.300000,56802.300000,-132885.00,-138795.00
2022-03-29,29997.300000,3,31242.300000,30189.300000,56802.300000,-127800.00,-133065.00
2022-03-30,29997.300000,3,31044.300000,30573.300000,56802.300000,-128790.00,-131145.00
2022-03-31,29997.300000,3,29853.300000,29484.300000,56802.300000,-134745.00,-136590.00
2022-04-01,29997.300000,3,29772.300000,29019.300000,56802.300000,-135150.00,-138915.00
2022-04-03,29997.300000,3,29679.300000,29640.300000,56802.300000,-135615.00,-135810.00
2022-04-04,29997.300000,3,30093.300000,29250.300000,56802.300000,-133545.00,-137760.00
2022-04-05,29684.400000,3,29027.400000,28706.400000,56802.300000,-138874.50,-140479.50
2022-04-06,29684.400000,3,28202.400000,27833.400000,56802.300000,-142999.50,-144844.50
2022-04-07,29026.500000,0,29026.500000,29026.500000,56802.300000,-138879.00,-138879.00
2022-04-08,29026.500000,0,29026.500000,29026.500000,56802.300000,-138879.00,-138879.00
2022-04-10,29026.500000,0,29026.500000,29026.500000,56802.300000,-138879.00,-138879.00
2022-04-11,29026.500000,0,29026.500000,29026.500000,56802.300000,-138879.00,-138879.00
2022-04-12,29026.500000,0,29026.500000,29026.500000,56802.300000,-138879.00,-138879.00
2022-04-13,29026.500000,0,29026.500000,29026.500000,56802.300000,-138879.00,-138879.00
2022-04-14,29026.500000,0,29026.500000,29026.500000,56802.300000,-138879.00,-138879.00
2022-04-17,29026.500000,0,29026.500000,29026.500000,56802.300000,-138879.00,-138879.00
2022-04-18,29026.500000,0,29026.500000,29026.500000,56802.300000,-138879.00,-138879.00
2022-04-19,29026.500000,0,29026.500000,29026.500000,56802.300000,-138879.00,-138879.00
2022-04-20,29026.500000,3,30034.500000,28726.500000,56802.300000,-133839.00,-140379.00
2022-04-21,29026.500000,3,28423.500000,28369.500000,56802.300000,-141894.00,-142164.00
2022-04-22,29026.500000,3,25375.500000,25324.500000,56802.300000,-157134.00,-157389.00
2022-04-24,28419.600000,0,28419.600000,28419.600000,56802.300000,-141913.50,-141913.50
2022-04-25,28419.600000,0,28419.600000,28419.600000,56802.300000,-141913.50,-141913.50
2022-04-26,28419.600000,0,28419.600000,28419.600000,56802.300000,-141913.50,-141913.50
2022-04-27,28419.600000,0,28419.600000,28419.600000,56802.300000,-141913.50,-141913.50
2022-04-28,28419.600000,0,28419.600000,28419.600000,56802.300000,-141913.50,-141913.50
2022-04-29,28419.600000,0,28419.600000,28419.600000,56802.300000,-141913.50,-141913.50
2022-05-01,28419.600000,0,28419.600000,28419.600000,56802.300000,-141913.50,-141913.50
2022-05-02,28419.600000,0,28419.600000,28419.600000,56802.300000,-141913.50,-141913.50
2022-05-03,28419.600000,0,28419.600000,28419.600000,56802.300000,-141913.50,-141913.50
2022-05-04,28419.600000,0,28419.600000,28419.600000,56802.300000,-141913.50,-141913.50
2022-05-05,28419.600000,0,28419.600000,28419.600000,56802.300000,-141913.50,-141913.50
2022-05-06,28419.600000,0,28419.600000,28419.600000,56802.300000,-141913.50,-141913.50
2022-05-08,28419.600000,0,28419.600000,28419.600000,56802.300000,-141913.50,-141913.50
2022-05-09,28419.600000,0,28419.600000,28419.600000,56802.300000,-141913.50,-141913.50
2022-05-10,28419.600000,0,28419.600000,28419.600000,56802.300000,-141913.50,-141913.50
2022-05-11,28419.600000,0,28419.600000,28419.600000,56802.300000,-141913.50,-141913.50
2022-05-12,28419.600000,0,28419.600000,28419.600000,56802.300000,-141913.50,-141913.50
2022-05-13,28419.600000,0,28419.600000,28419.600000,56802.300000,-141913.50,-141913.50
2022-05-15,28419.600000,0,28419.600000,28419.600000,56802.300000,-141913.50,-141913.50
2022-05-16,28419.600000,0,28419.600000,28419.600000,56802.300000,-141913.50,-141913.50
2022-05-17,28419.600000,0,28419.600000,28419.600000,56802.300000,-141913.50,-141913.50
2022-05-18,28419.600000,0,28419.600000,28419.600000,56802.300000,-141913.50,-141913.50
2022-05-19,28419.600000,0,28419.600000,28419.600000,56802.300000,-141913.50,-141913.50
2022-05-20,28419.600000,0,28419.600000,28419.600000,56802.300000,-141913.50,-141913.50
2022-05-22,28419.600000,0,28419.600000,28419.600000,56802.300000,-141913.50,-141913.50
2022-05-23,28419.600000,0,28419.600000,28419.600000,56802.300000,-141913.50,-141913.50
2022-05-24,28419.600000,0,28419.600000,28419.600000,56802.300000,-141913.50,-141913.50
2022-05-25,28419.600000,0,28419.600000,28419.600000,56802.300000,-141913.50,-141913.50
2022-05-26,28419.600000,0,28419.600000,28419.600000,56802.300000,-141913.50,-141913.50
2022-05-27,28419.600000,0,28419.600000,28419.600000,56802.300000,-141913.50,-141913.50
2022-05-29,28419.600000,3,28449.600000,28317.600000,56802.300000,-141763.50,-142423.50
2022-05-30,28419.600000,3,28548.600000,28272.600000,56802.300000,-141268.50,-142648.50
2022-05-31,28419.600000,3,28236.600000,26979.600000,56802.300000,-142828.50,-149113.50
2022-06-01,28419.600000,3,26955.600000,26502.600000,56802.300000,-149233.50,-151498.50
2022-06-02,28241.700000,0,28241.700000,28241.700000,56802.300000,-142803.00,-142803.00
2022-06-03,28241.700000,3,27161.700000,26903.700000,56802.300000,-148203.00,-149493.00
2022-06-05,28241.700000,3,27152.700000,27089.700000,56802.300000,-148248.00,-148563.00
2022-06-06,27328.800000,0,27328.800000,27328.800000,56802.300000,-147367.50,-147367.50
2022-06-07,27328.800000,0,27328.800000,27328.800000,56802.300000,-147367.50,-147367.50
2022-06-08,27328.800000,0,27328.800000,27328.800000,56802.300000,-147367.50,-147367.50
2022-06-09,27328.800000,0,27328.800000,27328.800000,56802.300000,-147367.50,-147367.50
2022-06-10,27328.800000,0,27328.800000,27328.800000,56802.300000,-147367.50,-147367.50
2022-06-12,27328.800000,0,27328.800000,27328.800000,56802.300000,-147367.50,-147367.50
2022-06-13,27328.800000,0,27328.800000,27328.800000,56802.300000,-147367.50,-147367.50
2022-06-14,27328.800000,0,27328.800000,27328.800000,56802.300000,-147367.50,-147367.50
2022-06-15,27328.800000,0,27328.800000,27328.800000,56802.300000,-147367.50,-147367.50
2022-06-16,27328.800000,0,27328.800000,27328.800000,56802.300000,-147367.50,-147367.50
2022-06-17,27328.800000,0,27328.800000,27328.800000,56802.300000,-147367.50,-147367.50
2022-06-19,27328.800000,0,27328.800000,27328.800000,56802.300000,-147367.50,-147367.50
2022-06-20,27328.800000,0,27328.800000,27328.800000,56802.300000,-147367.50,-147367.50
2022-06-21,27328.800000,0,27328.800000,27328.800000,56802.300000,-147367.50,-147367.50
2022-06-22,27328.800000,0,27328.800000,27328.800000,56802.300000,-147367.50,-147367.50
2022-06-23,27328.800000,0,27328.800000,27328.800000,56802.300000,-147367.50,-147367.50
2022-06-24,27328.800000,0,27328.800000,27328.800000,56802.300000,-147367.50,-147367.50
2022-06-26,27328.800000,0,27328.800000,27328.800000,56802.300000,-147367.50,-147367.50
2022-06-27,27328.800000,0,27328.800000,27328.800000,56802.300000,-147367.50,-147367.50
2022-06-28,27328.800000,0,27328.800000,27328.800000,56802.300000,-147367.50,-147367.50
2022-06-29,27328.800000,0,27328.800000,27328.800000,56802.300000,-147367.50,-147367.50
2022-06-30,27328.800000,0,27328.800000,27328.800000,56802.300000,-147367.50,-147367.50
2022-07-01,27328.800000,0,27328.800000,27328.800000,56802.300000,-147367.50,-147367.50
2022-07-03,27328.800000,0,27328.800000,27328.800000,56802.300000,-147367.50,-147367.50
2022-07-04,27328.800000,0,27328.800000,27328.800000,56802.300000,-147367.50,-147367.50
2022-07-05,27328.800000,0,27328.800000,27328.800000,56802.300000,-147367.50,-147367.50
2022-07-06,27328.800000,0,27328.800000,27328.800000,56802.300000,-147367.50,-147367.50
2022-07-07,27328.800000,0,27328.800000,27328.800000,56802.300000,-147367.50,-147367.50
2022-07-08,27328.800000,0,27328.800000,27328.800000,56802.300000,-147367.50,-147367.50
2022-07-10,27328.800000,0,27328.800000,27328.800000,56802.300000,-147367.50,-147367.50
2022-07-11,27328.800000,0,27328.800000,27328.800000,56802.300000,-147367.50,-147367.50
2022-07-12,27328.800000,0,27328.800000,27328.800000,56802.300000,-147367.50,-147367.50
2022-07-13,27328.800000,0,27328.800000,27328.800000,56802.300000,-147367.50,-147367.50
2022-07-14,27328.800000,0,27328.800000,27328.800000,56802.300000,-147367.50,-147367.50
2022-07-15,27328.800000,0,27328.800000,27328.800000,56802.300000,-147367.50,-147367.50
2022-07-17,27328.800000,0,27328.800000,27328.800000,56802.300000,-147367.50,-147367.50
2022-07-18,27328.800000,0,27328.800000,27328.800000,56802.300000,-147367.50,-147367.50
2022-07-19,27328.800000,0,27328.800000,27328.800000,56802.300000,-147367.50,-147367.50
2022-07-20,27328.800000,3,27331.800000,26755.800000,56802.300000,-147352.50,-150232.50
2022-07-21,27328.800000,3,27712.800000,26404.800000,56802.300000,-145447.50,-151987.50
2022-07-22,27328.800000,3,27469.800000,27004.800000,56802.300000,-146662.50,-148987.50
2022-07-24,27328.800000,3,27340.800000,27307.800000,56802.300000,-147307.50,-147472.50
2022-07-25,27328.800000,3,27367.800000,27211.800000,56802.300000,-147172.50,-147952.50
2022-07-26,27328.800000,3,27400.800000,26887.800000,56802.300000,-147007.50,-149572.50
2022-07-27,27328.800000,3,28312.800000,27205.800000,56802.300000,-142447.50,-147982.50
2022-07-28,27328.800000,3,29371.800000,27724.800000,56802.300000,-137152.50,-145387.50
2022-07-29,27328.800000,3,30316.800000,29266.800000,56802.300000,-132427.50,-137677.50
2022-07-31,27328.800000,4,29836.800000,29736.800000,56802.300000,-134827.50,-135327.50
2022-08-01,27328.800000,4,29944.800000,29472.800000,56802.300000,-134287.50,-136647.50
2022-08-02,27328.800000,4,28696.800000,28464.800000,56802.300000,-140527.50,-141687.50
2022-08-03,27328.800000,4,30040.800000,28432.800000,56802.300000,-133807.50,-141847.50
2022-08-04,27328.800000,4,29840.800000,29468.800000,56802.300000,-134807.50,-136667.50
2022-08-05,27328.800000,4,29904.800000,28788.800000,56802.300000,-134487.50,-140067.50
2022-08-07,27328.800000,4,29752.800000,29724.800000,56802.300000,-135247.50,-135387.50
2022-08-08,27328.800000,4,30516.800000,29732.800000,56802.300000,-131427.50,-135347.50
2022-08-09,27328.800000,4,30152.800000,29712.800000,56802.300000,-133247.50,-135447.50
2022-08-10,27328.800000,4,32260.800000,29776.800000,56802.300000,-122707.50,-135127.50
2022-08-11,27328.800000,4,32404.800000,32084.800000,56802.300000,-121987.50,-123587.50
2022-08-12,27328.800000,4,33936.800000,32244.800000,56802.300000,-114327.50,-122787.50
2022-08-14,27328.800000,5,33495.800000,33490.800000,56802.300000,-116532.50,-116557.50
2022-08-15,27328.800000,5,34585.800000,32780.800000,56802.300000,-111082.50,-120107.50
2022-08-16,27328.800000,5,35930.800000,34285.800000,56802.300000,-104357.50,-112582.50
2022-08-17,27328.800000,5,35015.800000,34375.800000,56802.300000,-108932.50,-112132.50
2022-08-18,27328.800000,5,35290.800000,34470.800000,56802.300000,-107557.50,-111657.50
2022-08-19,27328.800000,5,33825.800000,33435.800000,56802.300000,-114882.50,-116832.50
2022-08-21,27328.800000,5,33060.800000,32990.800000,56802.300000,-118707.50,-119057.50
2022-08-22,27328.800000,5,31000.800000,30360.800000,56802.300000,-129007.50,-132207.50
2022-08-23,27328.800000,5,29790.800000,29575.800000,56802.300000,-135057.50,-136132.50
2022-08-24,27328.800000,5,30045.800000,29120.800000,56802.300000,-133782.50,-138407.50
2022-08-25,27328.800000,5,31540.800000,29715.800000,56802.300000,-126307.50,-135432.50
2022-08-26,27328.800000,5,26180.800000,26135.800000,56802.300000,-153107.50,-153332.50
2022-08-28,27328.800000,5,25230.800000,25070.800000,56802.300000,-157857.50,-158657.50
2022-08-29,25549.300000,0,25549.300000,25549.300000,56802.300000,-156265.00,-156265.00
2022-08-30,25549.300000,0,25549.300000,25549.300000,56802.300000,-156265.00,-156265.00
2022-08-31,25549.300000,0,25549.300000,25549.300000,56802.300000,-156265.00,-156265.00
2022-09-01,25549.300000,0,25549.300000,25549.300000,56802.300000,-156265.00,-156265.00
2022-09-02,25549.300000,0,25549.300000,25549.300000,56802.300000,-156265.00,-156265.00
2022-09-04,25549.300000,0,25549.300000,25549.300000,56802.300000,-156265.00,-156265.00
2022-09-05,25549.300000,0,25549.300000,25549.300000,56802.300000,-156265.00,-156265.00
2022-09-06,25549.300000,0,25549.300000,25549.300000,56802.300000,-156265.00,-156265.00
2022-09-07,25549.300000,0,25549.300000,25549.300000,56802.300000,-156265.00,-156265.00
2022-09-08,25549.300000,0,25549.300000,25549.300000,56802.300000,-156265.00,-156265.00
2022-09-09,25549.300000,0,25549.300000,25549.300000,56802.300000,-156265.00,-156265.00
2022-09-11,25549.300000,0,25549.300000,25549.300000,56802.300000,-156265.00,-156265.00
2022-09-12,25549.300000,0,25549.300000,25549.300000,56802.300000,-156265.00,-156265.00
2022-09-13,25549.300000,0,25549.300000,25549.300000,56802.300000,-156265.00,-156265.00
2022-09-14,25549.300000,0,25549.300000,25549.300000,56802.300000,-156265.00,-156265.00
2022-09-15,25549.300000,0,25549.300000,25549.300000,56802.300000,-156265.00,-156265.00
2022-09-16,25549.300000,0,25549.300000,25549.300000,56802.300000,-156265.00,-156265.00
2022-09-18,25549.300000,0,25549.300000,25549.300000,56802.300000,-156265.00,-156265.00
2022-09-19,25549.300000,0,25549.300000,25549.300000,56802.300000,-156265.00,-156265.00
2022-09-20,25549.300000,0,25549.300000,25549.300000,56802.300000,-156265.00,-156265.00
2022-09-21,25549.300000,0,25549.300000,25549.300000,56802.300000,-156265.00,-156265.00
2022-09-22,25549.300000,0,25549.300000,25549.300000,56802.300000,-156265.00,-156265.00
2022-09-23,25549.300000,0,25549.300000,25549.300000,56802.300000,-156265.00,-156265.00
2022-09-25,25549.300000,0,25549.300000,25549.300000,56802.300000,-156265.00,-156265.00
2022-09-26,25549.300000,0,25549.300000,25549.300000,56802.300000,-156265.00,-156265.00
2022-09-27,25549.300000,0,25549.300000,25549.300000,56802.300000,-156265.00,-156265.00
2022-09-28,25549.300000,0,25549.300000,25549.300000,56802.300000,-156265.00,-156265.00
2022-09-29,25549.300000,0,25549.300000,25549.300000,56802.300000,-156265.00,-156265.00
2022-09-30,25549.300000,0,25549.300000,25549.300000,56802.300000,-156265.00,-156265.00
2022-10-02,25549.300000,0,25549.300000,25549.300000,56802.300000,-156265.00,-156265.00
2022-10-03,25549.300000,0,25549.300000,25549.300000,56802.300000,-156265.00,-156265.00
2022-10-04,25549.300000,0,25549.300000,25549.300000,56802.300000,-156265.00,-156265.00
2022-10-05,25549.300000,0,25549.300000,25549.300000,56802.300000,-156265.00,-156265.00
2022-10-06,25549.300000,0,25549.300000,25549.300000,56802.300000,-156265.00,-156265.00
2022-10-07,25549.300000,0,25549.300000,25549.300000,56802.300000,-156265.00,-156265.00
2022-10-09,25549.300000,0,25549.300000,25549.300000,56802.300000,-156265.00,-156265.00
2022-10-10,25549.300000,0,25549.300000,25549.300000,56802.300000,-156265.00,-156265.00
2022-10-11,25549.300000,0,25549.300000,25549.300000,56802.300000,-156265.00,-156265.00
2022-10-12,25549.300000,0,25549.300000,25549.300000,56802.300000,-156265.00,-156265.00
2022-10-13,25549.300000,0,25549.300000,25549.300000,56802.300000,-156265.00,-156265.00
2022-10-14,25549.300000,0,25549.300000,25549.300000,56802.300000,-156265.00,-156265.00
2022-10-16,25549.300000,0,25549.300000,25549.300000,56802.300000,-156265.00,-156265.00
2022-10-17,25549.300000,0,25549.300000,25549.300000,56802.300000,-156265.00,-156265.00
2022-10-18,25549.300000,0,25549.300000,25549.300000,56802.300000,-156265.00,-156265.00
2022-10-19,25549.300000,3,24697.300000,24118.300000,56802.300000,-160525.00,-163420.00
2022-10-20,25549.300000,3,24250.300000,24133.300000,56802.300000,-162760.00,-163345.00
2022-10-21,25549.300000,3,26923.300000,23662.300000,56802.300000,-149395.00,-165700.00
2022-10-23,24258.400000,3,24504.400000,24213.400000,56802.300000,-161489.50,-162944.50
2022-10-24,24258.400000,3,25332.400000,23451.400000,56802.300000,-157349.50,-166754.50
2022-10-25,24258.400000,3,26085.400000,24723.400000,56802.300000,-153584.50,-160394.50
2022-10-26,24258.400000,3,26802.400000,25917.400000,56802.300000,-149999.50,-154424.50
2022-10-27,24258.400000,3,26754.400000,26298.400000,56802.300000,-150239.50,-152519.50
2022-10-28,24258.400000,3,29655.400000,26337.400000,56802.300000,-135734.50,-152324.50
2022-10-30,24258.400000,3,29334.400000,29199.400000,56802.300000,-137339.50,-138014.50
2022-10-31,24258.400000,3,29091.400000,28536.400000,56802.300000,-138554.50,-141329.50
2022-11-01,24258.400000,3,28704.400000,28215.400000,56802.300000,-140489.50,-142934.50
2022-11-02,24258.400000,3,27000.400000,26931.400000,56802.300000,-149009.50,-149354.50
2022-11-03,24258.400000,3,26568.400000,25899.400000,56802.300000,-151169.50,-154514.50
2022-11-04,24258.400000,3,27813.400000,26295.400000,56802.300000,-144944.50,-152534.50
2022-11-06,24258.400000,4,27328.400000,26864.400000,56802.300000,-147369.50,-149689.50
2022-11-07,24258.400000,4,29832.400000,27328.400000,56802.300000,-134849.50,-147369.50
2022-11-08,24258.400000,4,31228.400000,29476.400000,56802.300000,-127869.50,-136629.50
2022-11-09,24258.400000,4,28592.400000,28360.400000,56802.300000,-141049.50,-142209.50
2022-11-10,24258.400000,4,33572.400000,28212.400000,56802.300000,-116149.50,-142949.50
2022-11-11,24258.400000,4,33472.400000,32048.400000,56802.300000,-116649.50,-123769.50
2022-11-13,24258.400000,4,33248.400000,32964.400000,56802.300000,-117769.50,-119189.50
2022-11-14,24258.400000,4,32860.400000,32612.400000,56802.300000,-119709.50,-120949.50
2022-11-15,24258.400000,4,32728.400000,31708.400000,56802.300000,-120369.50,-125469.50
2022-11-16,24258.400000,4,32988.400000,32296.400000,56802.300000,-119069.50,-122529.50
2022-11-17,24258.400000,4,32536.400000,31168.400000,56802.300000,-121329.50,-128169.50
2022-11-18,24258.400000,4,33476.400000,32288.400000,56802.300000,-116629.50,-122569.50
2022-11-20,24258.400000,5,33329.400000,33209.400000,56802.300000,-117364.50,-117964.50
2022-11-21,24258.400000,5,33339.400000,32574.400000,56802.300000,-117314.50,-121139.50
2022-11-22,24258.400000,5,35349.400000,32939.400000,56802.300000,-107264.50,-119314.50
2022-11-23,24258.400000,5,35944.400000,34724.400000,56802.300000,-104289.50,-110389.50
2022-11-24,24258.400000,5,35969.400000,35774.400000,56802.300000,-104164.50,-105139.50
2022-11-25,24258.400000,5,36539.400000,35679.400000,56802.300000,-101314.50,-105614.50
2022-11-27,24258.400000,5,35934.400000,35924.400000,56802.300000,-104339.50,-104389.50
2022-11-28,24258.400000,5,33949.400000,33674.400000,56802.300000,-114264.50,-115639.50
2022-11-29,24258.400000,5,33829.400000,32989.400000,56802.300000,-114864.50,-119064.50
2022-11-30,24258.400000,5,37699.400000,32764.400000,56802.300000,-95514.50,-120189.50
2022-12-01,24258.400000,5,36614.400000,35434.400000,56802.300000,-100939.50,-106839.50
2022-12-02,24258.400000,5,36594.400000,34324.400000,56802.300000,-101039.50,-112389.50
2022-12-04,24258.400000,6,36806.400000,36530.400000,56802.300000,-99979.50,-101359.50
2022-12-05,24258.400000,6,34328.400000,33506.400000,56802.300000,-112369.50,-116479.50
2022-12-06,24258.400000,6,32144.400000,30920.400000,56802.300000,-123289.50,-129409.50
2022-12-07,24258.400000,6,32024.400000,30980.400000,56802.300000,-123889.50,-129109.50
2022-12-08,24258.400000,6,32858.400000,31100.400000,56802.300000,-119719.50,-128509.50
2022-12-09,24258.400000,6,31130.400000,31076.400000,56802.300000,-128359.50,-128629.50
2022-12-11,24258.400000,6,32342.400000,32258.400000,56802.300000,-122299.50,-122719.50
2022-12-12,24258.400000,6,35708.400000,32246.400000,56802.300000,-105469.50,-122779.50
2022-12-13,24258.400000,6,36542.400000,35168.400000,56802.300000,-101299.50,-108169.50
2022-12-14,24258.400000,6,36014.400000,33980.400000,56802.300000,-103939.50,-114109.50
2022-12-15,24258.400000,6,30782.400000,29660.400000,56802.300000,-130099.50,-135709.50
2022-12-16,24258.400000,6,28658.400000,27422.400000,56802.300000,-140719.50,-146899.50
2022-12-18,24258.400000,6,28958.400000,28742.400000,56802.300000,-139219.50,-140299.50
2022-12-19,28830.600000,0,28830.600000,28830.600000,56802.300000,-139858.50,-139858.50
2022-12-20,28830.600000,0,28830.600000,28830.600000,56802.300000,-139858.50,-139858.50
2022-12-21,28830.600000,0,28830.600000,28830.600000,56802.300000,-139858.50,-139858.50
2022-12-22,28830.600000,0,28830.600000,28830.600000,56802.300000,-139858.50,-139858.50
2022-12-23,28830.600000,0,28830.600000,28830.600000,56802.300000,-139858.50,-139858.50
2022-12-26,28830.600000,0,28830.600000,28830.600000,56802.300000,-139858.50,-139858.50
2022-12-27,28830.600000,0,28830.600000,28830.600000,56802.300000,-139858.50,-139858.50
2022-12-28,28830.600000,0,28830.600000,28830.600000,56802.300000,-139858.50,-139858.50
2022-12-29,28830.600000,0,28830.600000,28830.600000,56802.300000,-139858.50,-139858.50
2022-12-30,28830.600000,0,28830.600000,28830.600000,56802.300000,-139858.50,-139858.50
2023-01-02,28830.600000,0,28830.600000,28830.600000,56802.300000,-139858.50,-139858.50
2023-01-03,28830.600000,0,28830.600000,28830.600000,56802.300000,-139858.50,-139858.50
2023-01-04,28830.600000,0,28830.600000,28830.600000,56802.300000,-139858.50,-139858.50
2023-01-05,28830.600000,0,28830.600000,28830.600000,56802.300000,-139858.50,-139858.50
2023-01-06,28830.600000,0,28830.600000,28830.600000,56802.300000,-139858.50,-139858.50
2023-01-08,28830.600000,0,28830.600000,28830.600000,56802.300000,-139858.50,-139858.50
2023-01-09,28830.600000,0,28830.600000,28830.600000,56802.300000,-139858.50,-139858.50
2023-01-10,28830.600000,0,28830.600000,28830.600000,56802.300000,-139858.50,-139858.50
2023-01-11,28830.600000,0,28830.600000,28830.600000,56802.300000,-139858.50,-139858.50
2023-01-12,28830.600000,0,28830.600000,28830.600000,56802.300000,-139858.50,-139858.50
2023-01-13,28830.600000,0,28830.600000,28830.600000,56802.300000,-139858.50,-139858.50
2023-01-15,28830.600000,0,28830.600000,28830.600000,56802.300000,-139858.50,-139858.50
2023-01-16,28830.600000,0,28830.600000,28830.600000,56802.300000,-139858.50,-139858.50
2023-01-17,28830.600000,0,28830.600000,28830.600000,56802.300000,-139858.50,-139858.50
2023-01-18,28830.600000,0,28830.600000,28830.600000,56802.300000,-139858.50,-139858.50
2023-01-19,28830.600000,0,28830.600000,28830.600000,56802.300000,-139858.50,-139858.50
2023-01-20,28830.600000,0,28830.600000,28830.600000,56802.300000,-139858.50,-139858.50
2023-01-22,28830.600000,0,28830.600000,28830.600000,56802.300000,-139858.50,-139858.50
2023-01-23,28830.600000,0,28830.600000,28830.600000,56802.300000,-139858.50,-139858.50
2023-01-24,28830.600000,0,28830.600000,28830.600000,56802.300000,-139858.50,-139858.50
2023-01-25,28830.600000,0,28830.600000,28830.600000,56802.300000,-139858.50,-139858.50
2023-01-26,28830.600000,0,28830.600000,28830.600000,56802.300000,-139858.50,-139858.50
2023-01-27,28830.600000,0,28830.600000,28830.600000,56802.300000,-139858.50,-139858.50
2023-01-29,28830.600000,0,28830.600000,28830.600000,56802.300000,-139858.50,-139858.50
2023-01-30,28830.600000,0,28830.600000,28830.600000,56802.300000,-139858.50,-139858.50
2023-01-31,28830.600000,0,28830.600000,28830.600000,56802.300000,-139858.50,-139858.50
2023-02-01,28830.600000,0,28830.600000,28830.600000,56802.300000,-139858.50,-139858.50
2023-02-02,28830.600000,0,28830.600000,28830.600000,56802.300000,-139858.50,-139858.50
2023-02-03,28830.600000,0,28830.600000,28830.600000,56802.300000,-139858.50,-139858.50
2023-02-05,28830.600000,0,28830.600000,28830.600000,56802.300000,-139858.50,-139858.50
2023-02-06,28830.600000,0,28830.600000,28830.600000,56802.300000,-139858.50,-139858.50
2023-02-07,28830.600000,0,28830.600000,28830.600000,56802.300000,-139858.50,-139858.50
2023-02-08,28830.600000,0,28830.600000,28830.600000,56802.300000,-139858.50,-139858.50
2023-02-09,28830.600000,0,28830.600000,28830.600000,56802.300000,-139858.50,-139858.50
2023-02-10,28830.600000,0,28830.600000,28830.600000,56802.300000,-139858.50,-139858.50
2023-02-12,28830.600000,0,28830.600000,28830.600000,56802.300000,-139858.50,-139858.50
2023-02-13,28830.600000,0,28830.600000,28830.600000,56802.300000,-139858.50,-139858.50
2023-02-14,28830.600000,0,28830.600000,28830.600000,56802.300000,-139858.50,-139858.50
2023-02-15,28830.600000,0,28830.600000,28830.600000,56802.300000,-139858.50,-139858.50
2023-02-16,28830.600000,0,28830.600000,28830.600000,56802.300000,-139858.50,-139858.50
2023-02-17,28830.600000,0,28830.600000,28830.600000,56802.300000,-139858.50,-139858.50
2023-02-19,28830.600000,0,28830.600000,28830.600000,56802.300000,-139858.50,-139858.50
2023-02-20,28830.600000,0,28830.600000,28830.600000,56802.300000,-139858.50,-139858.50
2023-02-21,28830.600000,0,28830.600000,28830.600000,56802.300000,-139858.50,-139858.50
2023-02-22,28830.600000,0,28830.600000,28830.600000,56802.300000,-139858.50,-139858.50
2023-02-23,28830.600000,0,28830.600000,28830.600000,56802.300000,-139858.50,-139858.50
2023-02-24,28830.600000,0,28830.600000,28830.600000,56802.300000,-139858.50,-139858.50
2023-02-26,28830.600000,0,28830.600000,28830.600000,56802.300000,-139858.50,-139858.50
2023-02-27,28830.600000,0,28830.600000,28830.600000,56802.300000,-139858.50,-139858.50
2023-02-28,28830.600000,0,28830.600000,28830.600000,56802.300000,-139858.50,-139858.50
2023-03-01,28830.600000,0,28830.600000,28830.600000,56802.300000,-139858.50,-139858.50
2023-03-02,28830.600000,0,28830.600000,28830.600000,56802.300000,-139858.50,-139858.50
2023-03-03,28830.600000,0,28830.600000,28830.600000,56802.300000,-139858.50,-139858.50
2023-03-05,28830.600000,0,28830.600000,28830.600000,56802.300000,-139858.50,-139858.50
2023-03-06,28830.600000,0,28830.600000,28830.600000,56802.300000,-139858.50,-139858.50
2023-03-07,28830.600000,0,28830.600000,28830.600000,56802.300000,-139858.50,-139858.50
2023-03-08,28830.600000,0,28830.600000,28830.600000,56802.300000,-139858.50,-139858.50
2023-03-09,28830.600000,0,28830.600000,28830.600000,56802.300000,-139858.50,-139858.50
2023-03-10,28830.600000,0,28830.600000,28830.600000,56802.300000,-139858.50,-139858.50
2023-03-12,28830.600000,0,28830.600000,28830.600000,56802.300000,-139858.50,-139858.50
2023-03-13,28830.600000,0,28830.600000,28830.600000,56802.300000,-139858.50,-139858.50
2023-03-14,28830.600000,0,28830.600000,28830.600000,56802.300000,-139858.50,-139858.50
2023-03-15,28830.600000,0,28830.600000,28830.600000,56802.300000,-139858.50,-139858.50
2023-03-16,28830.600000,0,28830.600000,28830.600000,56802.300000,-139858.50,-139858.50
2023-03-17,28830.600000,0,28830.600000,28830.600000,56802.300000,-139858.50,-139858.50
2023-03-19,28830.600000,0,28830.600000,28830.600000,56802.300000,-139858.50,-139858.50
2023-03-20,28830.600000,0,28830.600000,28830.600000,56802.300000,-139858.50,-139858.50
2023-03-21,28830.600000,0,28830.600000,28830.600000,56802.300000,-139858.50,-139858.50
2023-03-22,28830.600000,0,28830.600000,28830.600000,56802.300000,-139858.50,-139858.50
2023-03-23,28830.600000,0,28830.600000,28830.600000,56802.300000,-139858.50,-139858.50
2023-03-24,28830.600000,0,28830.600000,28830.600000,56802.300000,-139858.50,-139858.50
2023-03-26,28830.600000,0,28830.600000,28830.600000,56802.300000,-139858.50,-139858.50
2023-03-27,28830.600000,0,28830.600000,28830.600000,56802.300000,-139858.50,-139858.50
2023-03-28,28830.600000,0,28830.600000,28830.600000,56802.300000,-139858.50,-139858.50
2023-03-29,28830.600000,0,28830.600000,28830.600000,56802.300000,-139858.50,-139858.50
2023-03-30,28830.600000,0,28830.600000,28830.600000,56802.300000,-139858.50,-139858.50
2023-03-31,28830.600000,0,28830.600000,28830.600000,56802.300000,-139858.50,-139858.50
2023-04-02,28830.600000,3,28980.600000,28812.600000,56802.300000,-139108.50,-139948.50
2023-04-03,28830.600000,3,29811.600000,28830.600000,56802.300000,-134953.50,-139858.50
2023-04-04,28830.600000,3,29349.600000,28869.600000,56802.300000,-137263.50,-139663.50
2023-04-05,28830.600000,3,29424.600000,29013.600000,56802.300000,-136888.50,-138943.50
2023-04-06,28830.600000,3,29340.600000,28962.600000,56802.300000,-137308.50,-139198.50
2023-04-07,28830.600000,3,29673.600000,29235.600000,56802.300000,-135643.50,-137833.50
2023-04-09,28830.600000,3,29613.600000,29583.600000,56802.300000,-135943.50,-136093.50
2023-04-10,28830.600000,3,29874.600000,29028.600000,56802.300000,-134638.50,-138868.50
2023-04-11,28830.600000,3,30123.600000,29694.600000,56802.300000,-133393.50,-135538.50
2023-04-12,28830.600000,3,29757.600000,29745.600000,56802.300000,-135223.50,-135283.50
2023-04-13,28830.600000,3,30918.600000,29754.600000,56802.300000,-129418.50,-135238.50
2023-04-14,28830.600000,3,30792.600000,30135.600000,56802.300000,-130048.50,-133333.50
2023-04-16,28830.600000,4,30806.600000,30690.600000,56802.300000,-129978.50,-130558.50
2023-04-17,28830.600000,4,30894.600000,30130.600000,56802.300000,-129538.50,-133358.50
2023-04-18,28830.600000,4,30674.600000,30090.600000,56802.300000,-130638.50,-133558.50
2023-04-19,28830.600000,4,30302.600000,30146.600000,56802.300000,-132498.50,-133278.50
2023-04-20,28830.600000,4,29890.600000,29586.600000,56802.300000,-134558.50,-136078.50
2023-04-21,28830.600000,4,30094.600000,29614.600000,56802.300000,-133538.50,-135938.50
2023-04-23,28830.600000,4,29994.600000,29962.600000,56802.300000,-134038.50,-134198.50
2023-04-24,28830.600000,4,30322.600000,29478.600000,56802.300000,-132398.50,-136618.50
2023-04-25,28830.600000,4,29222.600000,28950.600000,56802.300000,-137898.50,-139258.50
2023-04-26,28830.600000,4,28198.600000,27766.600000,56802.300000,-143018.50,-145178.50
2023-04-27,28830.600000,4,29910.600000,28086.600000,56802.300000,-134458.50,-143578.50
2023-04-28,28830.600000,4,31214.600000,29386.600000,56802.300000,-127938.50,-137078.50
2023-04-30,28830.600000,5,30946.600000,30901.600000,56802.300000,-129278.50,-129503.50
2023-05-01,28830.600000,5,30711.600000,30641.600000,56802.300000,-130453.50,-130803.50
2023-05-02,28830.600000,5,29091.600000,27761.600000,56802.300000,-138553.50,-145203.50
2023-05-03,28830.600000,5,26986.600000,26386.600000,56802.300000,-149078.50,-152078.50
2023-05-04,28830.600000,5,26391.600000,25181.600000,56802.300000,-152053.50,-158103.50
2023-05-05,26985.100000,0,26985.100000,26985.100000,56802.300000,-149086.00,-149086.00
2023-05-07,26985.100000,0,26985.100000,26985.100000,56802.300000,-149086.00,-149086.00
2023-05-08,26985.100000,0,26985.100000,26985.100000,56802.300000,-149086.00,-149086.00
2023-05-09,26985.100000,0,26985.100000,26985.100000,56802.300000,-149086.00,-149086.00
2023-05-10,26985.100000,0,26985.100000,26985.100000,56802.300000,-149086.00,-149086.00
2023-05-11,26985.100000,0,26985.100000,26985.100000,56802.300000,-149086.00,-149086.00
2023-05-12,26985.100000,0,26985.100000,26985.100000,56802.300000,-149086.00,-149086.00
2023-05-14,26985.100000,0,26985.100000,26985.100000,56802.300000,-149086.00,-149086.00
2023-05-15,26985.100000,0,26985.100000,26985.100000,56802.300000,-149086.00,-149086.00
2023-05-16,26985.100000,0,26985.100000,26985.100000,56802.300000,-149086.00,-149086.00
2023-05-17,26985.100000,0,26985.100000,26985.100000,56802.300000,-149086.00,-149086.00
2023-05-18,26985.100000,0,26985.100000,26985.100000,56802.300000,-149086.00,-149086.00
2023-05-19,26985.100000,0,26985.100000,26985.100000,56802.300000,-149086.00,-149086.00
2023-05-21,26985.100000,0,26985.100000,26985.100000,56802.300000,-149086.00,-149086.00
2023-05-22,26985.100000,0,26985.100000,26985.100000,56802.300000,-149086.00,-149086.00
2023-05-23,26985.100000,0,26985.100000,26985.100000,56802.300000,-149086.00,-149086.00
2023-05-24,26985.100000,0,26985.100000,26985.100000,56802.300000,-149086.00,-149086.00
2023-05-25,26985.100000,0,26985.100000,26985.100000,56802.300000,-149086.00,-149086.00
2023-05-26,26985.100000,0,26985.100000,26985.100000,56802.300000,-149086.00,-149086.00
2023-05-28,26985.100000,0,26985.100000,26985.100000,56802.300000,-149086.00,-149086.00
2023-05-29,26985.100000,0,26985.100000,26985.100000,56802.300000,-149086.00,-149086.00
2023-05-30,26985.100000,0,26985.100000,26985.100000,56802.300000,-149086.00,-149086.00
2023-05-31,26985.100000,0,26985.100000,26985.100000,56802.300000,-149086.00,-149086.00
2023-06-01,26985.100000,0,26985.100000,26985.100000,56802.300000,-149086.00,-149086.00
2023-06-02,26985.100000,0,26985.100000,26985.100000,56802.300000,-149086.00,-149086.00
2023-06-04,26985.100000,3,27033.100000,26955.100000,56802.300000,-148846.00,-149236.00
2023-06-05,26985.100000,3,26280.100000,26235.100000,56802.300000,-152611.00,-152836.00
2023-06-06,26985.100000,3,26406.100000,25875.100000,56802.300000,-151981.00,-154636.00
2023-06-07,26288.200000,0,26288.200000,26288.200000,56802.300000,-152570.50,-152570.50
2023-06-08,26288.200000,0,26288.200000,26288.200000,56802.300000,-152570.50,-152570.50
2023-06-09,26288.200000,3,26486.200000,26045.200000,56802.300000,-151580.50,-153785.50
2023-06-11,26288.200000,3,27485.200000,27377.200000,56802.300000,-146585.50,-147125.50
2023-06-12,26288.200000,3,27944.200000,27386.200000,56802.300000,-144290.50,-147080.50
2023-06-13,26288.200000,3,28166.200000,27797.200000,56802.300000,-143180.50,-145025.50
2023-06-14,26288.200000,3,27653.200000,27080.200000,56802.300000,-145745.50,-148610.50
2023-06-15,26288.200000,3,28871.200000,27329.200000,56802.300000,-139655.50,-147365.50
2023-06-16,26288.200000,3,28658.200000,28577.200000,56802.300000,-140720.50,-141125.50
2023-06-18,26288.200000,4,28564.200000,28520.200000,56802.300000,-141190.50,-141410.50
2023-06-19,26288.200000,4,28228.200000,28092.200000,56802.300000,-142870.50,-143550.50
2023-06-20,26288.200000,4,27640.200000,26988.200000,56802.300000,-145810.50,-149070.50
2023-06-21,26288.200000,4,27204.200000,26840.200000,56802.300000,-147990.50,-149810.50
2023-06-22,26288.200000,4,27092.200000,26584.200000,56802.300000,-148550.50,-151090.50
2023-06-23,26288.200000,4,26092.200000,25752.200000,56802.300000,-153550.50,-155250.50
2023-06-25,26288.200000,4,26344.200000,26020.200000,56802.300000,-152290.50,-153910.50
2023-06-26,26288.200000,4,26280.200000,25620.200000,56802.300000,-152610.50,-155910.50
2023-06-27,26288.200000,4,26872.200000,25804.200000,56802.300000,-149650.50,-154990.50
2023-06-28,26288.200000,4,26864.200000,26172.200000,56802.300000,-149690.50,-153150.50
2023-06-29,26288.200000,4,27556.200000,26404.200000,56802.300000,-146230.50,-151990.50
2023-06-30,26288.200000,4,28648.200000,27452.200000,56802.300000,-140770.50,-146750.50
2023-07-02,26288.200000,5,28760.200000,28650.200000,56802.300000,-140210.50,-140760.50
2023-07-03,26288.200000,5,28710.200000,28130.200000,56802.300000,-140460.50,-143360.50
2023-07-04,26288.200000,5,28600.200000,28495.200000,56802.300000,-141010.50,-141535.50
2023-07-05,26288.200000,5,27915.200000,27755.200000,56802.300000,-144435.50,-145235.50
2023-07-06,26288.200000,5,26225.200000,25415.200000,56802.300000,-152885.50,-156935.50
2023-07-07,26288.200000,5,25415.200000,25170.200000,56802.300000,-156935.50,-158160.50
2023-07-09,26288.200000,5,25460.200000,25150.200000,56802.300000,-156710.50,-158260.50
2023-07-10,26288.200000,5,26340.200000,24595.200000,56802.300000,-152310.50,-161035.50
2023-07-11,26288.200000,5,27740.200000,25880.200000,56802.300000,-145310.50,-154610.50
2023-07-12,26288.200000,5,28460.200000,27630.200000,56802.300000,-141710.50,-145860.50
2023-07-13,26288.200000,5,28300.200000,28165.200000,56802.300000,-142510.50,-143185.50
2023-07-14,26288.200000,5,28890.200000,28055.200000,56802.300000,-139560.50,-143735.50
2023-07-16,26288.200000,6,28658.200000,28568.200000,56802.300000,-140720.50,-141170.50
2023-07-17,26288.200000,6,29354.200000,28412.200000,56802.300000,-137240.50,-141950.50
2023-07-18,26288.200000,6,31790.200000,29078.200000,56802.300000,-125060.50,-138620.50
2023-07-19,26288.200000,6,32300.200000,31592.200000,56802.300000,-122510.50,-126050.50
2023-07-20,26288.200000,6,33440.200000,32192.200000,56802.300000,-116810.50,-123050.50
2023-07-21,26288.200000,6,33242.200000,33020.200000,56802.300000,-117800.50,-118910.50
2023-07-23,26288.200000,6,33068.200000,33038.200000,56802.300000,-118670.50,-118820.50
2023-07-24,26288.200000,6,34418.200000,33038.200000,56802.300000,-111920.50,-118820.50
2023-07-25,26288.200000,6,34400.200000,34094.200000,56802.300000,-112010.50,-113540.50
2023-07-26,26288.200000,6,34718.200000,33752.200000,56802.300000,-110420.50,-115250.50
2023-07-27,26288.200000,6,33506.200000,33008.200000,56802.300000,-116480.50,-118970.50
2023-07-28,26288.200000,6,34382.200000,33188.200000,56802.300000,-112100.50,-118070.50
2023-07-30,26288.200000,7,34547.200000,34519.200000,56802.300000,-111275.50,-111415.50
2023-07-31,26288.200000,7,35135.200000,33910.200000,56802.300000,-108335.50,-114460.50
2023-08-01,26288.200000,7,35156.200000,34330.200000,56802.300000,-108230.50,-112360.50
2023-08-02,26288.200000,7,33560.200000,32664.200000,56802.300000,-116210.50,-120690.50
2023-08-03,26288.200000,7,32769.200000,31845.200000,56802.300000,-120165.50,-124785.50
2023-08-04,26288.200000,7,31348.200000,31152.200000,56802.300000,-127270.50,-128250.50
2023-08-06,26288.200000,7,31677.200000,31313.200000,56802.300000,-125625.50,-127445.50
2023-08-07,26288.200000,7,34267.200000,31523.200000,56802.300000,-112675.50,-126395.50
2023-08-08,26288.200000,7,32881.200000,30865.200000,56802.300000,-119605.50,-129685.50
2023-08-09,26288.200000,7,32335.200000,31250.200000,56802.300000,-122335.50,-127760.50
2023-08-10,26288.200000,7,32342.200000,31586.200000,56802.300000,-122300.50,-126080.50
2023-08-11,26288.200000,7,32916.200000,31138.200000,56802.300000,-119430.50,-128320.50
2023-08-13,26288.200000,8,33053.200000,32901.200000,56802.300000,-118745.50,-119505.50
2023-08-14,26288.200000,8,32869.200000,31749.200000,56802.300000,-119665.50,-125265.50
2023-08-15,26288.200000,8,30117.200000,29597.200000,56802.300000,-133425.50,-136025.50
2023-08-16,26288.200000,8,28677.200000,28365.200000,56802.300000,-140625.50,-142185.50
2023-08-17,26288.200000,8,26221.200000,25845.200000,56802.300000,-152905.50,-154785.50
2023-08-18,28666.800000,0,28666.800000,28666.800000,56802.300000,-140677.50,-140677.50
2023-08-20,28666.800000,0,28666.800000,28666.800000,56802.300000,-140677.50,-140677.50
2023-08-21,28666.800000,0,28666.800000,28666.800000,56802.300000,-140677.50,-140677.50
2023-08-22,28666.800000,0,28666.800000,28666.800000,56802.300000,-140677.50,-140677.50
2023-08-23,28666.800000,0,28666.800000,28666.800000,56802.300000,-140677.50,-140677.50
2023-08-24,28666.800000,0,28666.800000,28666.800000,56802.300000,-140677.50,-140677.50
2023-08-25,28666.800000,0,28666.800000,28666.800000,56802.300000,-140677.50,-140677.50
2023-08-27,28666.800000,0,28666.800000,28666.800000,56802.300000,-140677.50,-140677.50
2023-08-28,28666.800000,0,28666.800000,28666.800000,56802.300000,-140677.50,-140677.50
2023-08-29,28666.800000,0,28666.800000,28666.800000,56802.300000,-140677.50,-140677.50
2023-08-30,28666.800000,0,28666.800000,28666.800000,56802.300000,-140677.50,-140677.50
2023-08-31,28666.800000,0,28666.800000,28666.800000,56802.300000,-140677.50,-140677.50
2023-09-01,28666.800000,0,28666.800000,28666.800000,56802.300000,-140677.50,-140677.50
2023-09-03,28666.800000,0,28666.800000,28666.800000,56802.300000,-140677.50,-140677.50
2023-09-04,28666.800000,0,28666.800000,28666.800000,56802.300000,-140677.50,-140677.50
2023-09-05,28666.800000,0,28666.800000,28666.800000,56802.300000,-140677.50,-140677.50
2023-09-06,28666.800000,0,28666.800000,28666.800000,56802.300000,-140677.50,-140677.50
2023-09-07,28666.800000,0,28666.800000,28666.800000,56802.300000,-140677.50,-140677.50
2023-09-08,28666.800000,0,28666.800000,28666.800000,56802.300000,-140677.50,-140677.50
2023-09-10,28666.800000,0,28666.800000,28666.800000,56802.300000,-140677.50,-140677.50
2023-09-11,28666.800000,0,28666.800000,28666.800000,56802.300000,-140677.50,-140677.50
2023-09-12,28666.800000,0,28666.800000,28666.800000,56802.300000,-140677.50,-140677.50
2023-09-13,28666.800000,0,28666.800000,28666.800000,56802.300000,-140677.50,-140677.50
2023-09-14,28666.800000,0,28666.800000,28666.800000,56802.300000,-140677.50,-140677.50
2023-09-15,28666.800000,3,27640.800000,27478.800000,56802.300000,-145807.50,-146617.50
2023-09-17,28666.800000,3,27745.800000,27607.800000,56802.300000,-145282.50,-145972.50
2023-09-18,28666.800000,3,27664.800000,27361.800000,56802.300000,-145687.50,-147202.50
2023-09-19,27741.900000,0,27741.900000,27741.900000,56802.300000,-145302.00,-145302.00
2023-09-20,27741.900000,0,27741.900000,27741.900000,56802.300000,-145302.00,-145302.00
2023-09-21,27741.900000,0,27741.900000,27741.900000,56802.300000,-145302.00,-145302.00
2023-09-22,27741.900000,0,27741.900000,27741.900000,56802.300000,-145302.00,-145302.00
2023-09-24,27741.900000,0,27741.900000,27741.900000,56802.300000,-145302.00,-145302.00
2023-09-25,27741.900000,0,27741.900000,27741.900000,56802.300000,-145302.00,-145302.00
2023-09-26,27741.900000,0,27741.900000,27741.900000,56802.300000,-145302.00,-145302.00
2023-09-27,27741.900000,0,27741.900000,27741.900000,56802.300000,-145302.00,-145302.00
2023-09-28,27741.900000,0,27741.900000,27741.900000,56802.300000,-145302.00,-145302.00
2023-09-29,27741.900000,0,27741.900000,27741.900000,56802.300000,-145302.00,-145302.00
2023-10-01,27741.900000,0,27741.900000,27741.900000,56802.300000,-145302.00,-145302.00
2023-10-02,27741.900000,0,27741.900000,27741.900000,56802.300000,-145302.00,-145302.00
2023-10-03,27741.900000,0,27741.900000,27741.900000,56802.300000,-145302.00,-145302.00
2023-10-04,27741.900000,0,27741.900000,27741.900000,56802.300000,-145302.00,-145302.00
2023-10-05,27741.900000,0,27741.900000,27741.900000,56802.300000,-145302.00,-145302.00
2023-10-06,27741.900000,0,27741.900000,27741.900000,56802.300000,-145302.00,-145302.00
2023-10-08,27741.900000,0,27741.900000,27741.900000,56802.300000,-145302.00,-145302.00
2023-10-09,27741.900000,0,27741.900000,27741.900000,56802.300000,-145302.00,-145302.00
2023-10-10,27741.900000,0,27741.900000,27741.900000,56802.300000,-145302.00,-145302.00
2023-10-11,27741.900000,0,27741.900000,27741.900000,56802.300000,-145302.00,-145302.00
2023-10-12,27741.900000,0,27741.900000,27741.900000,56802.300000,-145302.00,-145302.00
2023-10-13,27741.900000,0,27741.900000,27741.900000,56802.300000,-145302.00,-145302.00
2023-10-15,27741.900000,0,27741.900000,27741.900000,56802.300000,-145302.00,-145302.00
2023-10-16,27741.900000,0,27741.900000,27741.900000,56802.300000,-145302.00,-145302.00
2023-10-17,27741.900000,0,27741.900000,27741.900000,56802.300000,-145302.00,-145302.00
2023-10-18,27741.900000,0,27741.900000,27741.900000,56802.300000,-145302.00,-145302.00
2023-10-19,27741.900000,0,27741.900000,27741.900000,56802.300000,-145302.00,-145302.00
2023-10-20,27741.900000,0,27741.900000,27741.900000,56802.300000,-145302.00,-145302.00
2023-10-22,27741.900000,0,27741.900000,27741.900000,56802.300000,-145302.00,-145302.00
2023-10-23,27741.900000,0,27741.900000,27741.900000,56802.300000,-145302.00,-145302.00
2023-10-24,27741.900000,0,27741.900000,27741.900000,56802.300000,-145302.00,-145302.00
2023-10-25,27741.900000,0,27741.900000,27741.900000,56802.300000,-145302.00,-145302.00
2023-10-26,27741.900000,0,27741.900000,27741.900000,56802.300000,-145302.00,-145302.00
2023-10-27,27741.900000,0,27741.900000,27741.900000,56802.300000,-145302.00,-145302.00
2023-10-29,27741.900000,0,27741.900000,27741.900000,56802.300000,-145302.00,-145302.00
2023-10-30,27741.900000,0,27741.900000,27741.900000,56802.300000,-145302.00,-145302.00
2023-10-31,27741.900000,0,27741.900000,27741.900000,56802.300000,-145302.00,-145302.00
2023-11-01,27741.900000,0,27741.900000,27741.900000,56802.300000,-145302.00,-145302.00
2023-11-02,27741.900000,0,27741.900000,27741.900000,56802.300000,-145302.00,-145302.00
2023-11-03,27741.900000,3,28551.900000,27732.900000,56802.300000,-141252.00,-145347.00
2023-11-05,27741.900000,3,28512.900000,28473.900000,56802.300000,-141447.00,-141642.00
2023-11-06,27741.900000,3,28398.900000,28209.900000,56802.300000,-142017.00,-142962.00
2023-11-07,27741.900000,3,28692.900000,28149.900000,56802.300000,-140547.00,-143262.00
2023-11-08,27741.900000,3,28509.900000,28212.900000,56802.300000,-141462.00,-142947.00
2023-11-09,27741.900000,3,27909.900000,27801.900000,56802.300000,-144462.00,-145002.00
2023-11-10,27741.900000,3,28908.900000,27795.900000,56802.300000,-139467.00,-145032.00
2023-11-12,27741.900000,4,28876.900000,28864.900000,56802.300000,-139627.00,-139687.00
2023-11-13,27741.900000,4,29324.900000,28568.900000,56802.300000,-137387.00,-141167.00
2023-11-14,27741.900000,4,31444.900000,29092.900000,56802.300000,-126787.00,-138547.00
2023-11-15,27741.900000,4,31892.900000,31348.900000,56802.300000,-124547.00,-127267.00
2023-11-16,27741.900000,4,31864.900000,31272.900000,56802.300000,-124687.00,-127647.00
2023-11-17,27741.900000,4,31704.900000,31532.900000,56802.300000,-125487.00,-126347.00
2023-11-19,27741.900000,4,31792.900000,31660.900000,56802.300000,-125047.00,-125707.00
2023-11-20,27741.900000,4,32696.900000,31604.900000,56802.300000,-120527.00,-125987.00
2023-11-21,27741.900000,4,32276.900000,32140.900000,56802.300000,-122627.00,-123307.00
2023-11-22,27741.900000,4,32912.900000,32272.900000,56802.300000,-119447.00,-122647.00
2023-11-23,27741.900000,4,33160.900000,32880.900000,56802.300000,-118207.00,-119607.00
2023-11-24,27741.900000,4,33488.900000,33064.900000,56802.300000,-116567.00,-118687.00
2023-11-26,27741.900000,5,33287.900000,33267.900000,56802.300000,-117572.00,-117672.00
2023-11-27,27741.900000,5,33322.900000,32902.900000,56802.300000,-117397.00,-119497.00
2023-11-28,27741.900000,5,33642.900000,32922.900000,56802.300000,-115797.00,-119397.00
2023-11-29,27741.900000,5,34267.900000,33607.900000,56802.300000,-112672.00,-115972.00
2023-11-30,27741.900000,5,36282.900000,34142.900000,56802.300000,-102597.00,-113297.00
2023-12-01,27741.900000,5,37962.900000,36142.900000,56802.300000,-94197.00,-103297.00
2023-12-03,27741.900000,5,37762.900000,37747.900000,56802.300000,-95197.00,-95272.00
2023-12-04,27741.900000,5,37442.900000,36792.900000,56802.300000,-96797.00,-100047.00
2023-12-05,27741.900000,5,37307.900000,36657.900000,56802.300000,-97472.00,-100722.00
2023-12-06,27741.900000,5,36792.900000,36707.900000,56802.300000,-100047.00,-100472.00
2023-12-07,27741.900000,5,37022.900000,36432.900000,56802.300000,-98897.00,-101847.00
2023-12-08,27741.900000,5,37747.900000,36357.900000,56802.300000,-95272.00,-102222.00
2023-12-10,27741.900000,6,39670.900000,39556.900000,56802.300000,-85657.00,-86227.00
2023-12-11,27741.900000,6,40570.900000,39292.900000,56802.300000,-81157.00,-87547.00
2023-12-12,27741.900000,6,41770.900000,40228.900000,56802.300000,-75157.00,-82867.00
2023-12-13,27741.900000,6,44896.900000,41182.900000,56802.300000,-59527.00,-78097.00
2023-12-14,27741.900000,6,45472.900000,44218.900000,56802.300000,-56647.00,-62917.00
2023-12-15,27741.900000,6,45676.900000,44824.900000,56802.300000,-55627.00,-59887.00
2023-12-17,27741.900000,6,45850.900000,45640.900000,56802.300000,-54757.00,-55807.00
2023-12-18,27741.900000,6,45598.900000,45502.900000,56802.300000,-56017.00,-56497.00
2023-12-19,27741.900000,6,47092.900000,45508.900000,56802.300000,-48547.00,-56467.00
2023-12-20,27741.900000,6,44842.900000,44020.900000,56802.300000,-59797.00,-63907.00
2023-12-21,27741.900000,6,45640.900000,44452.900000,56802.300000,-55807.00,-61747.00
2023-12-22,27741.900000,6,45892.900000,45190.900000,56802.300000,-54547.00,-58057.00
2023-12-25,27741.900000,7,46522.900000,45836.900000,56802.300000,-51397.00,-54827.00
2023-12-26,27741.900000,7,47271.900000,45899.900000,56802.300000,-47652.00,-54512.00
2023-12-27,27741.900000,7,47901.900000,46711.900000,56802.300000,-44502.00,-50452.00
2023-12-28,27741.900000,7,48314.900000,47460.900000,56802.300000,-42437.00,-46707.00
2023-12-29,27741.900000,7,47761.900000,46872.900000,56802.300000,-45202.00,-49647.00
2024-01-01,27741.900000,7,48160.900000,47831.900000,56802.300000,-43207.00,-44852.00
2024-01-02,27741.900000,7,48048.900000,46291.900000,56802.300000,-43767.00,-52552.00
2024-01-03,27741.900000,7,46067.900000,45633.900000,56802.300000,-53672.00,-55842.00
2024-01-04,27741.900000,7,46298.900000,45878.900000,56802.300000,-52517.00,-54617.00
2024-01-05,27741.900000,7,45955.900000,44513.900000,56802.300000,-54232.00,-61442.00
2024-01-07,27741.900000,8,45686.900000,45534.900000,56802.300000,-55577.00,-56337.00
2024-01-08,27741.900000,8,47494.900000,44070.900000,56802.300000,-46537.00,-63657.00
2024-01-09,27741.900000,8,46262.900000,45166.900000,56802.300000,-52697.00,-58177.00
2024-01-10,27741.900000,8,47798.900000,45894.900000,56802.300000,-45017.00,-54537.00
2024-01-11,27741.900000,8,47622.900000,45326.900000,56802.300000,-45897.00,-57377.00
2024-01-12,27741.900000,8,46294.900000,45518.900000,56802.300000,-52537.00,-56417.00
2024-01-14,27741.900000,8,46438.900000,46086.900000,56802.300000,-51817.00,-53577.00
2024-01-15,27741.900000,8,46198.900000,45870.900000,56802.300000,-53017.00,-54657.00
2024-01-16,27741.900000,8,44710.900000,43414.900000,56802.300000,-60457.00,-66937.00
2024-01-17,27741.900000,8,43974.900000,42830.900000,56802.300000,-64137.00,-69857.00
2024-01-18,27741.900000,8,45606.900000,42734.900000,56802.300000,-55977.00,-70337.00
2024-01-19,27741.900000,8,48710.900000,45086.900000,56802.300000,-40457.00,-58577.00
2024-01-21,27741.900000,9,49017.900000,48693.900000,56802.300000,-38922.00,-40542.00
2024-01-22,27741.900000,9,49854.900000,48810.900000,56802.300000,-34737.00,-39957.00
2024-01-23,27741.900000,9,49269.900000,48045.900000,56802.300000,-37662.00,-43782.00
2024-01-24,27741.900000,9,48450.900000,47811.900000,56802.300000,-41757.00,-44952.00
2024-01-25,27741.900000,9,49431.900000,47460.900000,56802.300000,-36852.00,-46707.00
2024-01-26,27741.900000,9,50466.900000,48711.900000,56802.300000,-31677.00,-40452.00
2024-01-28,27741.900000,9,49800.900000,49674.900000,56802.300000,-35007.00,-35637.00
2024-01-29,27741.900000,9,52221.900000,49737.900000,56802.300000,-22902.00,-35322.00
2024-01-30,27741.900000,9,53670.900000,51735.900000,56802.300000,-15657.00,-25332.00
2024-01-31,27741.900000,9,50961.900000,50484.900000,56802.300000,-29202.00,-31587.00
2024-02-01,27741.900000,9,53994.900000,50169.900000,56802.300000,-14037.00,-33162.00
2024-02-02,27741.900000,9,54903.900000,52158.900000,56802.300000,-9492.00,-23217.00
2024-02-04,27741.900000,10,55137.900000,54617.900000,56802.300000,-8322.00,-10922.00
2024-02-05,27741.900000,10,51657.900000,50607.900000,56802.300000,-25722.00,-30972.00
2024-02-06,27741.900000,10,53497.900000,51177.900000,56802.300000,-16522.00,-28122.00
2024-02-07,27741.900000,10,55317.900000,52967.900000,56802.300000,-7422.00,-19172.00
2024-02-08,27741.900000,10,55467.900000,53777.900000,56802.300000,-6672.00,-15122.00
2024-02-09,27741.900000,10,54657.900000,53957.900000,56802.300000,-10722.00,-14222.00
2024-02-11,27741.900000,10,54967.900000,54597.900000,56802.300000,-9172.00,-11022.00
2024-02-12,27741.900000,10,56047.900000,54297.900000,56802.300000,-3772.00,-12522.00
2024-02-13,27741.900000,10,50747.900000,48457.900000,56802.300000,-30272.00,-41722.00
2024-02-14,27741.900000,10,52487.900000,50057.900000,56802.300000,-21572.00,-33722.00
2024-02-15,27741.900000,10,55887.900000,52057.900000,56802.300000,-4572.00,-23722.00
2024-02-16,27741.900000,10,54077.900000,54037.900000,56802.300000,-13622.00,-13822.00
2024-02-18,27741.900000,10,54637.900000,54087.900000,56802.300000,-10822.00,-13572.00
2024-02-19,27741.900000,10,53917.900000,53817.900000,56802.300000,-14422.00,-14922.00
2024-02-20,27741.900000,10,53857.900000,52737.900000,56802.300000,-14722.00,-20322.00
2024-02-21,27741.900000,10,54277.900000,51507.900000,56802.300000,-12622.00,-26472.00
2024-02-22,27741.900000,10,58857.900000,54247.900000,58857.900000,0.00,-23050.00
2024-02-23,27741.900000,10,59027.900000,58377.900000,59027.900000,0.00,-3250.00
2024-02-25,27741.900000,10,59217.900000,59007.900000,59217.900000,0.00,-1050.00
2024-02-26,27741.900000,10,58557.900000,58207.900000,59217.900000,-3300.00,-5050.00
2024-02-27,27741.900000,10,57237.900000,56617.900000,59217.900000,-9900.00,-13000.00
2024-02-28,27741.900000,10,56577.900000,55397.900000,59217.900000,-13200.00,-19100.00
2024-02-29,27741.900000,10,57567.900000,55877.900000,59217.900000,-8250.00,-16700.00
2024-03-01,27741.900000,10,58277.900000,56427.900000,59217.900000,-4700.00,-13950.00
2024-03-03,27741.900000,10,58497.900000,58417.900000,59217.900000,-3600.00,-4000.00
2024-03-04,27741.900000,10,57147.900000,56567.900000,59217.900000,-10350.00,-13250.00
2024-03-05,27741.900000,10,53687.900000,52287.900000,59217.900000,-27650.00,-34650.00
2024-03-06,27741.900000,10,54297.900000,53347.900000,59217.900000,-24600.00,-29350.00
2024-03-07,27741.900000,10,55567.900000,52987.900000,59217.900000,-18250.00,-31150.00
2024-03-08,27741.900000,10,55287.900000,53807.900000,59217.900000,-19650.00,-27050.00
2024-03-10,27741.900000,10,59537.900000,59027.900000,59537.900000,0.00,-2550.00
2024-03-11,27741.900000,10,60177.900000,56797.900000,60177.900000,0.00,-16900.00
2024-03-12,27741.900000,10,62247.900000,58437.900000,62247.900000,0.00,-19050.00
2024-03-13,27741.900000,10,63037.900000,61547.900000,63037.900000,0.00,-7450.00
2024-03-14,27741.900000,10,60637.900000,58867.900000,63037.900000,-12000.00,-20850.00
2024-03-15,27741.900000,10,58917.900000,57987.900000,63037.900000,-20600.00,-25250.00
2024-03-17,27741.900000,10,58767.900000,58647.900000,63037.900000,-21350.00,-21950.00
2024-03-18,27741.900000,10,59767.900000,58397.900000,63037.900000,-16350.00,-23200.00
2024-03-19,27741.900000,10,62857.900000,58657.900000,63037.900000,-900.00,-21900.00
2024-03-20,27741.900000,10,67677.900000,61757.900000,67677.900000,0.00,-29600.00
2024-03-21,27741.900000,10,69957.900000,67517.900000,69957.900000,0.00,-12200.00
2024-03-22,27741.900000,10,65777.900000,65707.900000,69957.900000,-20900.00,-21250.00
2024-03-24,27741.900000,10,65907.900000,65567.900000,69957.900000,-20250.00,-21950.00
2024-03-25,27741.900000,10,64717.900000,64317.900000,69957.900000,-26200.00,-28200.00
2024-03-26,27741.900000,10,65157.900000,64077.900000,69957.900000,-24000.00,-29400.00
2024-03-27,27741.900000,10,68567.900000,65117.900000,69957.900000,-6950.00,-24200.00
2024-03-28,27741.900000,10,68907.900000,68437.900000,69957.900000,-5250.00,-7600.00
2024-03-31,27741.900000,10,70967.900000,69087.900000,70967.900000,0.00,-9400.00
2024-04-01,27741.900000,10,65177.900000,64597.900000,70967.900000,-28950.00,-31850.00
2024-04-02,27741.900000,10,62347.900000,61187.900000,70967.900000,-43100.00,-48900.00
2024-04-03,27741.900000,10,62767.900000,60957.900000,70967.900000,-41000.00,-50050.00
2024-04-04,27741.900000,10,56797.900000,56267.900000,70967.900000,-70850.00,-73500.00
2024-04-05,27741.900000,10,59967.900000,56147.900000,70967.900000,-55000.00,-74100.00
2024-04-07,56774.900000,0,56774.900000,56774.900000,70967.900000,-70965.00,-70965.00
2024-04-08,56774.900000,0,56774.900000,56774.900000,70967.900000,-70965.00,-70965.00
2024-04-09,56774.900000,0,56774.900000,56774.900000,70967.900000,-70965.00,-70965.00
2024-04-10,56774.900000,0,56774.900000,56774.900000,70967.900000,-70965.00,-70965.00
2024-04-11,56774.900000,0,56774.900000,56774.900000,70967.900000,-70965.00,-70965.00
2024-04-12,56774.900000,0,56774.900000,56774.900000,70967.900000,-70965.00,-70965.00
2024-04-14,56774.900000,0,56774.900000,56774.900000,70967.900000,-70965.00,-70965.00
2024-04-15,56774.900000,0,56774.900000,56774.900000,70967.900000,-70965.00,-70965.00
2024-04-16,56774.900000,0,56774.900000,56774.900000,70967.900000,-70965.00,-70965.00
2024-04-17,56774.900000,0,56774.900000,56774.900000,70967.900000,-70965.00,-70965.00
2024-04-18,56774.900000,0,56774.900000,56774.900000,70967.900000,-70965.00,-70965.00
2024-04-19,56774.900000,0,56774.900000,56774.900000,70967.900000,-70965.00,-70965.00
2024-04-21,56774.900000,0,56774.900000,56774.900000,70967.900000,-70965.00,-70965.00
2024-04-22,56774.900000,0,56774.900000,56774.900000,70967.900000,-70965.00,-70965.00
2024-04-23,56774.900000,0,56774.900000,56774.900000,70967.900000,-70965.00,-70965.00
2024-04-24,56774.900000,0,56774.900000,56774.900000,70967.900000,-70965.00,-70965.00
2024-04-25,56774.900000,0,56774.900000,56774.900000,70967.900000,-70965.00,-70965.00
2024-04-26,56774.900000,0,56774.900000,56774.900000,70967.900000,-70965.00,-70965.00
2024-04-28,56774.900000,0,56774.900000,56774.900000,70967.900000,-70965.00,-70965.00
2024-04-29,56774.900000,0,56774.900000,56774.900000,70967.900000,-70965.00,-70965.00
2024-04-30,56774.900000,0,56774.900000,56774.900000,70967.900000,-70965.00,-70965.00
2024-05-01,56774.900000,0,56774.900000,56774.900000,70967.900000,-70965.00,-70965.00
2024-05-02,56774.900000,0,56774.900000,56774.900000,70967.900000,-70965.00,-70965.00
2024-05-03,56774.900000,0,56774.900000,56774.900000,70967.900000,-70965.00,-70965.00
2024-05-05,56774.900000,0,56774.900000,56774.900000,70967.900000,-70965.00,-70965.00
2024-05-06,56774.900000,0,56774.900000,56774.900000,70967.900000,-70965.00,-70965.00
2024-05-07,56774.900000,0,56774.900000,56774.900000,70967.900000,-70965.00,-70965.00
2024-05-08,56774.900000,0,56774.900000,56774.900000,70967.900000,-70965.00,-70965.00
2024-05-09,56774.900000,0,56774.900000,56774.900000,70967.900000,-70965.00,-70965.00
2024-05-10,56774.900000,3,56876.900000,56615.900000,70967.900000,-70455.00,-71760.00
2024-05-12,56774.900000,3,56915.900000,56750.900000,70967.900000,-70260.00,-71085.00
2024-05-13,56774.900000,3,56720.900000,56579.900000,70967.900000,-71235.00,-71940.00
2024-05-14,56774.900000,3,57092.900000,56237.900000,70967.900000,-69375.00,-73650.00
2024-05-15,56720.000000,3,57896.000000,56603.000000,70967.900000,-65359.50,-71824.50
2024-05-16,56720.000000,3,57698.000000,57584.000000,70967.900000,-66349.50,-66919.50
2024-05-17,56720.000000,3,58049.000000,57512.000000,70967.900000,-64594.50,-67279.50
2024-05-19,56720.000000,3,58187.000000,58046.000000,70967.900000,-63904.50,-64609.50
2024-05-20,56720.000000,3,57422.000000,57392.000000,70967.900000,-67729.50,-67879.50
2024-05-21,56720.000000,3,57698.000000,57368.000000,70967.900000,-66349.50,-67999.50
2024-05-22,56720.000000,3,56861.000000,56651.000000,70967.900000,-70534.50,-71584.50
2024-05-23,56720.000000,3,55073.000000,54989.000000,70967.900000,-79474.50,-79894.50
2024-05-24,56720.000000,3,55094.000000,54962.000000,70967.900000,-79369.50,-80029.50
2024-05-26,55066.100000,0,55066.100000,55066.100000,70967.900000,-79509.00,-79509.00
2024-05-27,55066.100000,0,55066.100000,55066.100000,70967.900000,-79509.00,-79509.00
2024-05-28,55066.100000,0,55066.100000,55066.100000,70967.900000,-79509.00,-79509.00
2024-05-29,55066.100000,0,55066.100000,55066.100000,70967.900000,-79509.00,-79509.00
2024-05-30,55066.100000,0,55066.100000,55066.100000,70967.900000,-79509.00,-79509.00
2024-05-31,55066.100000,0,55066.100000,55066.100000,70967.900000,-79509.00,-79509.00
2024-06-02,55066.100000,0,55066.100000,55066.100000,70967.900000,-79509.00,-79509.00
2024-06-03,55066.100000,0,55066.100000,55066.100000,70967.900000,-79509.00,-79509.00
2024-06-04,55066.100000,0,55066.100000,55066.100000,70967.900000,-79509.00,-79509.00
2024-06-05,55066.100000,0,55066.100000,55066.100000,70967.900000,-79509.00,-79509.00
2024-06-06,55066.100000,0,55066.100000,55066.100000,70967.900000,-79509.00,-79509.00
2024-06-07,55066.100000,0,55066.100000,55066.100000,70967.900000,-79509.00,-79509.00
2024-06-09,55066.100000,0,55066.100000,55066.100000,70967.900000,-79509.00,-79509.00
2024-06-10,55066.100000,0,55066.100000,55066.100000,70967.900000,-79509.00,-79509.00
2024-06-11,55066.100000,0,55066.100000,55066.100000,70967.900000,-79509.00,-79509.00
2024-06-12,55066.100000,0,55066.100000,55066.100000,70967.900000,-79509.00,-79509.00
2024-06-13,55066.100000,0,55066.100000,55066.100000,70967.900000,-79509.00,-79509.00
2024-06-14,55066.100000,0,55066.100000,55066.100000,70967.900000,-79509.00,-79509.00
2024-06-16,55066.100000,0,55066.100000,55066.100000,70967.900000,-79509.00,-79509.00
2024-06-17,55066.100000,0,55066.100000,55066.100000,70967.900000,-79509.00,-79509.00
2024-06-18,55066.100000,3,55060.100000,54715.100000,70967.900000,-79539.00,-81264.00
2024-06-19,55066.100000,3,54862.100000,54781.100000,70967.900000,-80529.00,-80934.00
2024-06-20,55066.100000,3,55939.100000,54808.100000,70967.900000,-75144.00,-80799.00
2024-06-21,54858.200000,3,54873.200000,54543.200000,70967.900000,-80473.50,-82123.50
2024-06-23,54858.200000,3,54840.200000,54834.200000,70967.900000,-80638.50,-80668.50
2024-06-24,54858.200000,3,55752.200000,54504.200000,70967.900000,-76078.50,-82318.50
2024-06-25,54858.200000,3,54552.200000,54294.200000,70967.900000,-82078.50,-83368.50
2024-06-26,54858.200000,3,54447.200000,54033.200000,70967.900000,-82603.50,-84673.50
2024-06-27,54858.200000,3,54678.200000,54282.200000,70967.900000,-81448.50,-83428.50
2024-06-28,54858.200000,3,54687.200000,53967.200000,70967.900000,-81403.50,-85003.50
2024-06-30,54858.200000,4,54522.200000,54498.200000,70967.900000,-82228.50,-82348.50
2024-07-01,54858.200000,4,54470.200000,54094.200000,70967.900000,-82488.50,-84368.50
2024-07-02,54858.200000,4,55150.200000,53906.200000,70967.900000,-79088.50,-85308.50
2024-07-03,54858.200000,4,55194.200000,54826.200000,70967.900000,-78868.50,-80708.50
2024-07-04,54858.200000,4,55154.200000,55042.200000,70967.900000,-79068.50,-79628.50
2024-07-05,54858.200000,4,55198.200000,54506.200000,70967.900000,-78848.50,-82308.50
2024-07-07,54858.200000,4,55090.200000,55078.200000,70967.900000,-79388.50,-79448.50
2024-07-08,54858.200000,4,55398.200000,54934.200000,70967.900000,-77848.50,-80168.50
2024-07-09,54858.200000,4,54906.200000,54354.200000,70967.900000,-80308.50,-83068.50
2024-07-10,54858.200000,4,56638.200000,54786.200000,70967.900000,-71648.50,-80908.50
2024-07-11,54858.200000,4,57014.200000,56302.200000,70967.900000,-69768.50,-73328.50
2024-07-12,54858.200000,4,57854.200000,56638.200000,70967.900000,-65568.50,-71648.50
2024-07-14,54858.200000,5,57978.200000,57853.200000,70967.900000,-64948.50,-65573.50
2024-07-15,54858.200000,5,59048.200000,57858.200000,70967.900000,-59598.50,-65548.50
2024-07-16,54858.200000,5,62493.200000,58448.200000,70967.900000,-42373.50,-62598.50
2024-07-17,54858.200000,5,63943.200000,61638.200000,70967.900000,-35123.50,-46648.50
2024-07-18,54858.200000,5,61118.200000,60593.200000,70967.900000,-49248.50,-51873.50
2024-07-19,54858.200000,5,58913.200000,58493.200000,70967.900000,-60273.50,-62373.50
2024-07-21,54858.200000,5,59443.200000,58983.200000,70967.900000,-57623.50,-59923.50
2024-07-22,54858.200000,5,59558.200000,58603.200000,70967.900000,-57048.50,-61823.50
2024-07-23,54858.200000,5,58783.200000,58738.200000,70967.900000,-60923.50,-61148.50
2024-07-24,54858.200000,5,57138.200000,56428.200000,70967.900000,-69148.50,-72698.50
2024-07-25,54858.200000,5,57533.200000,56438.200000,70967.900000,-67173.50,-72648.50
2024-07-26,57116.700000,0,57116.700000,57116.700000,70967.900000,-69256.00,-69256.00
2024-07-28,57116.700000,0,57116.700000,57116.700000,70967.900000,-69256.00,-69256.00
2024-07-29,57116.700000,0,57116.700000,57116.700000,70967.900000,-69256.00,-69256.00
2024-07-30,57116.700000,0,57116.700000,57116.700000,70967.900000,-69256.00,-69256.00
2024-07-31,57116.700000,0,57116.700000,57116.700000,70967.900000,-69256.00,-69256.00
2024-08-01,57116.700000,0,57116.700000,57116.700000,70967.900000,-69256.00,-69256.00
2024-08-02,57116.700000,0,57116.700000,57116.700000,70967.900000,-69256.00,-69256.00
2024-08-04,57116.700000,0,57116.700000,57116.700000,70967.900000,-69256.00,-69256.00
2024-08-05,57116.700000,0,57116.700000,57116.700000,70967.900000,-69256.00,-69256.00
2024-08-06,57116.700000,0,57116.700000,57116.700000,70967.900000,-69256.00,-69256.00
2024-08-07,57116.700000,0,57116.700000,57116.700000,70967.900000,-69256.00,-69256.00
2024-08-08,57116.700000,0,57116.700000,57116.700000,70967.900000,-69256.00,-69256.00
2024-08-09,57116.700000,0,57116.700000,57116.700000,70967.900000,-69256.00,-69256.00
2024-08-11,57116.700000,0,57116.700000,57116.700000,70967.900000,-69256.00,-69256.00
2024-08-12,57116.700000,0,57116.700000,57116.700000,70967.900000,-69256.00,-69256.00
2024-08-13,57116.700000,0,57116.700000,57116.700000,70967.900000,-69256.00,-69256.00
2024-08-14,57116.700000,0,57116.700000,57116.700000,70967.900000,-69256.00,-69256.00
2024-08-15,57116.700000,0,57116.700000,57116.700000,70967.900000,-69256.00,-69256.00
2024-08-16,57116.700000,3,57314.700000,56534.700000,70967.900000,-68266.00,-72166.00
2024-08-18,57116.700000,3,57428.700000,57326.700000,70967.900000,-67696.00,-68206.00
2024-08-19,57116.700000,3,57917.700000,57119.700000,70967.900000,-65251.00,-69241.00
2024-08-20,57116.700000,3,57833.700000,57521.700000,70967.900000,-65671.00,-67231.00
2024-08-21,57116.700000,3,57995.700000,57446.700000,70967.900000,-64861.00,-67606.00
2024-08-22,57116.700000,3,57551.700000,56948.700000,70967.900000,-67081.00,-70096.00
2024-08-23,57116.700000,3,58715.700000,57497.700000,70967.900000,-61261.00,-67351.00
2024-08-25,57116.700000,4,58617.700000,58545.700000,70967.900000,-61751.00,-62111.00
2024-08-26,57116.700000,4,58877.700000,58537.700000,70967.900000,-60451.00,-62151.00
2024-08-27,57116.700000,4,58925.700000,58345.700000,70967.900000,-60211.00,-63111.00
2024-08-28,57116.700000,4,58337.700000,57301.700000,70967.900000,-63151.00,-68331.00
2024-08-29,57116.700000,4,59365.700000,58309.700000,70967.900000,-58011.00,-63291.00
2024-08-30,57116.700000,4,60181.700000,58545.700000,70967.900000,-53931.00,-62111.00
2024-09-01,57116.700000,4,60121.700000,60069.700000,70967.900000,-54231.00,-54491.00
2024-09-02,57116.700000,4,59969.700000,59653.700000,70967.900000,-54991.00,-56571.00
2024-09-03,57116.700000,4,57613.700000,57085.700000,70967.900000,-66771.00,-69411.00
2024-09-04,57116.700000,4,57657.700000,57017.700000,70967.900000,-66551.00,-69751.00
2024-09-05,57116.700000,4,57113.700000,55993.700000,70967.900000,-69271.00,-74871.00
2024-09-06,57116.700000,4,54905.700000,54677.700000,70967.900000,-80311.00,-81451.00
2024-09-08,57116.700000,4,55209.700000,54945.700000,70967.900000,-78791.00,-80111.00
2024-09-09,54972.500000,0,54972.500000,54972.500000,70967.900000,-79977.00,-79977.00
2024-09-10,54972.500000,0,54972.500000,54972.500000,70967.900000,-79977.00,-79977.00
2024-09-11,54972.500000,0,54972.500000,54972.500000,70967.900000,-79977.00,-79977.00
2024-09-12,54972.500000,0,54972.500000,54972.500000,70967.900000,-79977.00,-79977.00
2024-09-13,54972.500000,0,54972.500000,54972.500000,70967.900000,-79977.00,-79977.00
2024-09-15,54972.500000,0,54972.500000,54972.500000,70967.900000,-79977.00,-79977.00
2024-09-16,54972.500000,0,54972.500000,54972.500000,70967.900000,-79977.00,-79977.00
2024-09-17,54972.500000,3,55083.500000,54531.500000,70967.900000,-79422.00,-82182.00
2024-09-18,54972.500000,3,55164.500000,54402.500000,70967.900000,-79017.00,-82827.00
2024-09-19,54972.500000,3,56175.500000,54774.500000,70967.900000,-73962.00,-80967.00
2024-09-20,54972.500000,3,56160.500000,55599.500000,70967.900000,-74037.00,-76842.00
2024-09-22,54972.500000,3,56238.500000,56043.500000,70967.900000,-73647.00,-74622.00
2024-09-23,54972.500000,3,56226.500000,55815.500000,70967.900000,-73707.00,-75762.00
2024-09-24,54972.500000,3,56478.500000,56079.500000,70967.900000,-72447.00,-74442.00
2024-09-25,54972.500000,3,55710.500000,55470.500000,70967.900000,-76287.00,-77487.00
2024-09-26,54972.500000,3,56499.500000,55701.500000,70967.900000,-72342.00,-76332.00
2024-09-27,54972.500000,3,56724.500000,56319.500000,70967.900000,-71217.00,-73242.00
2024-09-29,54972.500000,4,56963.500000,56543.500000,70967.900000,-70022.00,-72122.00
2024-09-30,54972.500000,4,56595.500000,55183.500000,70967.900000,-71862.00,-78922.00
2024-10-01,54972.500000,4,55735.500000,55207.500000,70967.900000,-76162.00,-78802.00
2024-10-02,54972.500000,4,56371.500000,55343.500000,70967.900000,-72982.00,-78122.00
2024-10-03,54972.500000,4,55395.500000,54771.500000,70967.900000,-77862.00,-80982.00
2024-10-04,54972.500000,4,56735.500000,55211.500000,70967.900000,-71162.00,-78782.00
2024-10-06,54972.500000,4,56891.500000,56763.500000,70967.900000,-70382.00,-71022.00
2024-10-07,54972.500000,4,55099.500000,54567.500000,70967.900000,-79342.00,-82002.00
2024-10-08,54972.500000,4,55643.500000,54851.500000,70967.900000,-76622.00,-80582.00
2024-10-09,54972.500000,4,57495.500000,55219.500000,70967.900000,-67362.00,-78742.00
2024-10-10,54972.500000,4,57371.500000,56551.500000,70967.900000,-67982.00,-72082.00
2024-10-11,54972.500000,4,58619.500000,56867.500000,70967.900000,-61742.00,-70502.00
2024-10-13,54972.500000,5,58707.500000,58547.500000,70967.900000,-61302.00,-62102.00
2024-10-14,54972.500000,5,60172.500000,58022.500000,70967.900000,-53977.00,-64727.00
2024-10-15,54972.500000,5,58122.500000,57912.500000,70967.900000,-64227.00,-65277.00
2024-10-16,54972.500000,5,59602.500000,57777.500000,70967.900000,-56827.00,-65952.00
2024-10-17,54972.500000,5,60677.500000,59362.500000,70967.900000,-51452.00,-58027.00
2024-10-18,54972.500000,5,60752.500000,59522.500000,70967.900000,-51077.00,-57227.00
2024-10-20,54972.500000,5,60927.500000,60752.500000,70967.900000,-50202.00,-51077.00
2024-10-21,54972.500000,5,58852.500000,58647.500000,70967.900000,-60577.00,-61602.00
2024-10-22,54972.500000,5,58377.500000,57822.500000,70967.900000,-62952.00,-65727.00
2024-10-23,54972.500000,5,56447.500000,55652.500000,70967.900000,-72602.00,-76577.00
2024-10-24,54972.500000,5,56172.500000,55142.500000,70967.900000,-73977.00,-79127.00
2024-10-25,54972.500000,5,54517.500000,54317.500000,70967.900000,-82252.00,-83252.00
2024-10-27,54972.500000,5,55332.500000,54892.500000,70967.900000,-78177.00,-80377.00
2024-10-28,54886.000000,0,54886.000000,54886.000000,70967.900000,-80409.50,-80409.50
2024-10-29,54886.000000,0,54886.000000,54886.000000,70967.900000,-80409.50,-80409.50
2024-10-30,54886.000000,0,54886.000000,54886.000000,70967.900000,-80409.50,-80409.50
2024-10-31,54886.000000,0,54886.000000,54886.000000,70967.900000,-80409.50,-80409.50
2024-11-01,54886.000000,0,54886.000000,54886.000000,70967.900000,-80409.50,-80409.50
2024-11-03,54886.000000,0,54886.000000,54886.000000,70967.900000,-80409.50,-80409.50
2024-11-04,54886.000000,0,54886.000000,54886.000000,70967.900000,-80409.50,-80409.50
2024-11-05,54886.000000,0,54886.000000,54886.000000,70967.900000,-80409.50,-80409.50
2024-11-06,54886.000000,0,54886.000000,54886.000000,70967.900000,-80409.50,-80409.50
2024-11-07,54886.000000,3,55000.000000,54583.000000,70967.900000,-79839.50,-81924.50
2024-11-08,54886.000000,3,55561.000000,54727.000000,70967.900000,-77034.50,-81204.50
2024-11-10,54886.000000,3,55744.000000,55591.000000,70967.900000,-76119.50,-76884.50
2024-11-11,54886.000000,3,56389.000000,55615.000000,70967.900000,-72894.50,-76764.50
2024-11-12,54886.000000,3,55333.000000,55207.000000,70967.900000,-78174.50,-78804.50
2024-11-13,54886.000000,3,55597.000000,54856.000000,70967.900000,-76854.50,-80559.50
2024-11-14,54886.000000,3,54736.000000,54613.000000,70967.900000,-81159.50,-81774.50
2024-11-15,54886.000000,3,53923.000000,53599.000000,70967.900000,-85224.50,-86844.50
2024-11-17,54729.100000,0,54729.100000,54729.100000,70967.900000,-81194.00,-81194.00
2024-11-18,54729.100000,0,54729.100000,54729.100000,70967.900000,-81194.00,-81194.00
2024-11-19,54729.100000,0,54729.100000,54729.100000,70967.900000,-81194.00,-81194.00
2024-11-20,54729.100000,0,54729.100000,54729.100000,70967.900000,-81194.00,-81194.00
2024-11-21,54729.100000,0,54729.100000,54729.100000,70967.900000,-81194.00,-81194.00
2024-11-22,54729.100000,3,56175.100000,54288.100000,70967.900000,-73964.00,-83399.00
2024-11-24,54729.100000,3,56643.100000,56304.100000,70967.900000,-71624.00,-73319.00
2024-11-25,54729.100000,3,57033.100000,56631.100000,70967.900000,-69674.00,-71684.00
2024-11-26,54729.100000,3,57783.100000,56430.100000,70967.900000,-65924.00,-72689.00
2024-11-27,54729.100000,3,57459.100000,57204.100000,70967.900000,-67544.00,-68819.00
2024-11-28,54729.100000,3,57684.100000,57294.100000,70967.900000,-66419.00,-68369.00
2024-11-29,54729.100000,3,57984.100000,57393.100000,70967.900000,-64919.00,-67874.00
2024-12-01,54729.100000,4,57829.100000,57785.100000,70967.900000,-65694.00,-65914.00
2024-12-02,54729.100000,4,57321.100000,57065.100000,70967.900000,-68234.00,-69514.00
2024-12-03,54729.100000,4,57469.100000,56505.100000,70967.900000,-67494.00,-72314.00
2024-12-04,54729.100000,4,58153.100000,57277.100000,70967.900000,-64074.00,-68454.00
2024-12-05,54729.100000,4,57189.100000,57033.100000,70967.900000,-68894.00,-69674.00
2024-12-06,54729.100000,4,56561.100000,56425.100000,70967.900000,-72034.00,-72714.00
2024-12-08,54729.100000,4,56721.100000,56517.100000,70967.900000,-71234.00,-72254.00
2024-12-09,54729.100000,4,55649.100000,55577.100000,70967.900000,-76594.00,-76954.00
2024-12-10,54729.100000,4,55197.100000,54829.100000,70967.900000,-78854.00,-80694.00
2024-12-11,54729.100000,4,54449.100000,54421.100000,70967.900000,-82594.00,-82734.00
2024-12-12,54729.100000,4,53553.100000,53465.100000,70967.900000,-87074.00,-87514.00
2024-12-13,54729.100000,4,53161.100000,53029.100000,70967.900000,-89034.00,-89694.00
2024-12-15,53551.900000,0,53551.900000,53551.900000,70967.900000,-87080.00,-87080.00
2024-12-16,53551.900000,0,53551.900000,53551.900000,70967.900000,-87080.00,-87080.00
2024-12-17,53551.900000,0,53551.900000,53551.900000,70967.900000,-87080.00,-87080.00
2024-12-18,53551.900000,0,53551.900000,53551.900000,70967.900000,-87080.00,-87080.00
2024-12-19,53551.900000,0,53551.900000,53551.900000,70967.900000,-87080.00,-87080.00
2024-12-20,53551.900000,0,53551.900000,53551.900000,70967.900000,-87080.00,-87080.00
2024-12-22,53551.900000,0,53551.900000,53551.900000,70967.900000,-87080.00,-87080.00
2024-12-23,53551.900000,0,53551.900000,53551.900000,70967.900000,-87080.00,-87080.00
2024-12-24,53551.900000,0,53551.900000,53551.900000,70967.900000,-87080.00,-87080.00
2024-12-25,53551.900000,0,53551.900000,53551.900000,70967.900000,-87080.00,-87080.00
2024-12-26,53551.900000,0,53551.900000,53551.900000,70967.900000,-87080.00,-87080.00
2024-12-27,53551.900000,0,53551.900000,53551.900000,70967.900000,-87080.00,-87080.00
2024-12-29,53551.900000,0,53551.900000,53551.900000,70967.900000,-87080.00,-87080.00
2024-12-30,53551.900000,0,53551.900000,53551.900000,70967.900000,-87080.00,-87080.00
2024-12-31,53551.900000,0,53551.900000,53551.900000,70967.900000,-87080.00,-87080.00
2025-01-01,53551.900000,0,53551.900000,53551.900000,70967.900000,-87080.00,-87080.00
2025-01-02,53551.900000,0,53551.900000,53551.900000,70967.900000,-87080.00,-87080.00
2025-01-03,53551.900000,0,53551.900000,53551.900000,70967.900000,-87080.00,-87080.00
2025-01-05,53551.900000,0,53551.900000,53551.900000,70967.900000,-87080.00,-87080.00
2025-01-06,53551.900000,0,53551.900000,53551.900000,70967.900000,-87080.00,-87080.00
2025-01-07,53551.900000,0,53551.900000,53551.900000,70967.900000,-87080.00,-87080.00
2025-01-08,53551.900000,0,53551.900000,53551.900000,70967.900000,-87080.00,-87080.00
2025-01-09,53551.900000,0,53551.900000,53551.900000,70967.900000,-87080.00,-87080.00
2025-01-10,53551.900000,0,53551.900000,53551.900000,70967.900000,-87080.00,-87080.00
2025-01-12,53551.900000,0,53551.900000,53551.900000,70967.900000,-87080.00,-87080.00
2025-01-13,53551.900000,0,53551.900000,53551.900000,70967.900000,-87080.00,-87080.00
2025-01-14,53551.900000,0,53551.900000,53551.900000,70967.900000,-87080.00,-87080.00
2025-01-15,53551.900000,0,53551.900000,53551.900000,70967.900000,-87080.00,-87080.00
2025-01-16,53551.900000,3,53125.900000,52882.900000,70967.900000,-89210.00,-90425.00
2025-01-17,53551.900000,3,54070.900000,53074.900000,70967.900000,-84485.00,-89465.00
2025-01-19,53551.900000,3,53977.900000,53902.900000,70967.900000,-84950.00,-85325.00
2025-01-20,53551.900000,3,54886.900000,53917.900000,70967.900000,-80405.00,-85250.00
2025-01-21,53551.900000,3,55777.900000,53518.900000,70967.900000,-75950.00,-87245.00
2025-01-22,53551.900000,3,56047.900000,55690.900000,70967.900000,-74600.00,-76385.00
2025-01-23,53551.900000,3,57229.900000,55957.900000,70967.900000,-68690.00,-75050.00
2025-01-24,53551.900000,3,56794.900000,56596.900000,70967.900000,-70865.00,-71855.00
2025-01-26,53551.900000,4,56611.900000,56255.900000,70967.900000,-71780.00,-73560.00
2025-01-27,53551.900000,4,58031.900000,54587.900000,70967.900000,-64680.00,-81900.00
2025-01-28,53551.900000,4,58507.900000,57523.900000,70967.900000,-62300.00,-67220.00
2025-01-29,53551.900000,4,58267.900000,57543.900000,70967.900000,-63500.00,-67120.00
2025-01-30,53551.900000,4,58963.900000,57667.900000,70967.900000,-60020.00,-66500.00
2025-01-31,53551.900000,4,57351.900000,57175.900000,70967.900000,-68080.00,-68960.00
2025-02-02,53551.900000,4,55283.900000,54763.900000,70967.900000,-78420.00,-81020.00
2025-02-03,53551.900000,4,57523.900000,54411.900000,70967.900000,-67220.00,-82780.00
2025-02-04,53551.900000,4,57135.900000,55947.900000,70967.900000,-69160.00,-75100.00
2025-02-05,53551.900000,4,58719.900000,56419.900000,70967.900000,-61240.00,-72740.00
2025-02-06,53551.900000,4,57923.900000,57187.900000,70967.900000,-65220.00,-68900.00
2025-02-07,53551.900000,4,56211.900000,56087.900000,70967.900000,-73780.00,-74400.00
2025-02-09,53551.900000,5,56698.900000,54873.900000,70967.900000,-71345.00,-80470.00
2025-02-10,53551.900000,5,56968.900000,56408.900000,70967.900000,-69995.00,-72795.00
2025-02-11,53551.900000,5,57913.900000,56348.900000,70967.900000,-65270.00,-73095.00
2025-02-12,53551.900000,5,57043.900000,55313.900000,70967.900000,-69620.00,-78270.00
2025-02-13,53551.900000,5,58523.900000,56163.900000,70967.900000,-62220.00,-74020.00
2025-02-14,53551.900000,5,57558.900000,57323.900000,70967.900000,-67045.00,-68220.00
2025-02-16,53551.900000,5,57583.900000,57398.900000,70967.900000,-66920.00,-67845.00
2025-02-17,53551.900000,5,57953.900000,57478.900000,70967.900000,-65070.00,-67445.00
2025-02-18,53551.900000,5,57643.900000,56418.900000,70967.900000,-66620.00,-72745.00
2025-02-19,53551.900000,5,57703.900000,56353.900000,70967.900000,-66320.00,-73070.00
2025-02-20,53551.900000,5,55803.900000,54543.900000,70967.900000,-75820.00,-82120.00
2025-02-21,53551.900000,5,51783.900000,51468.900000,70967.900000,-95920.00,-97495.00
2025-02-23,53551.900000,5,52433.900000,51923.900000,70967.900000,-92670.00,-95220.00
2025-02-24,52002.400000,0,52002.400000,52002.400000,70967.900000,-94827.50,-94827.50
2025-02-25,52002.400000,0,52002.400000,52002.400000,70967.900000,-94827.50,-94827.50
2025-02-26,52002.400000,0,52002.400000,52002.400000,70967.900000,-94827.50,-94827.50
2025-02-27,52002.400000,0,52002.400000,52002.400000,70967.900000,-94827.50,-94827.50
2025-02-28,52002.400000,0,52002.400000,52002.400000,70967.900000,-94827.50,-94827.50
2025-03-02,52002.400000,0,52002.400000,52002.400000,70967.900000,-94827.50,-94827.50
2025-03-03,52002.400000,0,52002.400000,52002.400000,70967.900000,-94827.50,-94827.50
2025-03-04,52002.400000,0,52002.400000,52002.400000,70967.900000,-94827.50,-94827.50
2025-03-05,52002.400000,0,52002.400000,52002.400000,70967.900000,-94827.50,-94827.50
2025-03-06,52002.400000,0,52002.400000,52002.400000,70967.900000,-94827.50,-94827.50
2025-03-07,52002.400000,0,52002.400000,52002.400000,70967.900000,-94827.50,-94827.50
2025-03-09,52002.400000,0,52002.400000,52002.400000,70967.900000,-94827.50,-94827.50
2025-03-10,52002.400000,0,52002.400000,52002.400000,70967.900000,-94827.50,-94827.50
2025-03-11,52002.400000,0,52002.400000,52002.400000,70967.900000,-94827.50,-94827.50
2025-03-12,52002.400000,0,52002.400000,52002.400000,70967.900000,-94827.50,-94827.50
2025-03-13,52002.400000,0,52002.400000,52002.400000,70967.900000,-94827.50,-94827.50
2025-03-14,52002.400000,0,52002.400000,52002.400000,70967.900000,-94827.50,-94827.50
2025-03-16,52002.400000,0,52002.400000,52002.400000,70967.900000,-94827.50,-94827.50
2025-03-17,52002.400000,0,52002.400000,52002.400000,70967.900000,-94827.50,-94827.50
2025-03-18,52002.400000,0,52002.400000,52002.400000,70967.900000,-94827.50,-94827.50
2025-03-19,52002.400000,0,52002.400000,52002.400000,70967.900000,-94827.50,-94827.50
2025-03-20,52002.400000,0,52002.400000,52002.400000,70967.900000,-94827.50,-94827.50
2025-03-21,52002.400000,0,52002.400000,52002.400000,70967.900000,-94827.50,-94827.50
2025-03-23,52002.400000,0,52002.400000,52002.400000,70967.900000,-94827.50,-94827.50
2025-03-24,52002.400000,0,52002.400000,52002.400000,70967.900000,-94827.50,-94827.50
2025-03-25,52002.400000,0,52002.400000,52002.400000,70967.900000,-94827.50,-94827.50
2025-03-26,52002.400000,0,52002.400000,52002.400000,70967.900000,-94827.50,-94827.50
2025-03-27,52002.400000,0,52002.400000,52002.400000,70967.900000,-94827.50,-94827.50
2025-03-28,52002.400000,0,52002.400000,52002.400000,70967.900000,-94827.50,-94827.50
2025-03-30,52002.400000,0,52002.400000,52002.400000,70967.900000,-94827.50,-94827.50
2025-03-31,52002.400000,0,52002.400000,52002.400000,70967.900000,-94827.50,-94827.50
2025-04-01,52002.400000,0,52002.400000,52002.400000,70967.900000,-94827.50,-94827.50
2025-04-02,52002.400000,0,52002.400000,52002.400000,70967.900000,-94827.50,-94827.50
2025-04-03,52002.400000,0,52002.400000,52002.400000,70967.900000,-94827.50,-94827.50
2025-04-04,52002.400000,0,52002.400000,52002.400000,70967.900000,-94827.50,-94827.50
2025-04-06,52002.400000,0,52002.400000,52002.400000,70967.900000,-94827.50,-94827.50
2025-04-07,52002.400000,0,52002.400000,52002.400000,70967.900000,-94827.50,-94827.50
2025-04-08,52002.400000,0,52002.400000,52002.400000,70967.900000,-94827.50,-94827.50
2025-04-09,52002.400000,0,52002.400000,52002.400000,70967.900000,-94827.50,-94827.50
2025-04-10,52002.400000,3,47601.400000,44604.400000,70967.900000,-116832.50,-131817.50
2025-04-11,52002.400000,3,50040.400000,46344.400000,70967.900000,-104637.50,-123117.50
2025-04-13,52002.400000,3,50406.400000,50064.400000,70967.900000,-102807.50,-104517.50
2025-04-14,50816.500000,0,50816.500000,50816.500000,70967.900000,-100757.00,-100757.00
2025-04-15,50816.500000,0,50816.500000,50816.500000,70967.900000,-100757.00,-100757.00
2025-04-16,50816.500000,0,50816.500000,50816.500000,70967.900000,-100757.00,-100757.00
2025-04-17,50816.500000,0,50816.500000,50816.500000,70967.900000,-100757.00,-100757.00
2025-04-20,50816.500000,0,50816.500000,50816.500000,70967.900000,-100757.00,-100757.00
2025-04-21,50816.500000,0,50816.500000,50816.500000,70967.900000,-100757.00,-100757.00
2025-04-22,50816.500000,0,50816.500000,50816.500000,70967.900000,-100757.00,-100757.00
2025-04-23,50816.500000,0,50816.500000,50816.500000,70967.900000,-100757.00,-100757.00
2025-04-24,50816.500000,0,50816.500000,50816.500000,70967.900000,-100757.00,-100757.00
2025-04-25,50816.500000,0,50816.500000,50816.500000,70967.900000,-100757.00,-100757.00
2025-04-27,50816.500000,0,50816.500000,50816.500000,70967.900000,-100757.00,-100757.00
2025-04-28,50816.500000,0,50816.500000,50816.500000,70967.900000,-100757.00,-100757.00
2025-04-29,50816.500000,0,50816.500000,50816.500000,70967.900000,-100757.00,-100757.00
2025-04-30,50816.500000,0,50816.500000,50816.500000,70967.900000,-100757.00,-100757.00
2025-05-01,50816.500000,0,50816.500000,50816.500000,70967.900000,-100757.00,-100757.00
2025-05-02,50816.500000,0,50816.500000,50816.500000,70967.900000,-100757.00,-100757.00
2025-05-04,50816.500000,3,50294.500000,50153.500000,70967.900000,-103367.00,-104072.00
2025-05-05,50816.500000,3,50528.500000,49904.500000,70967.900000,-102197.00,-105317.00
2025-05-06,50816.500000,3,50180.500000,48887.500000,70967.900000,-103937.00,-110402.00
2025-05-07,50816.500000,3,50096.500000,49325.500000,70967.900000,-104357.00,-108212.00
2025-05-08,50816.500000,3,50831.500000,49997.500000,70967.900000,-100682.00,-104852.00
2025-05-09,50816.500000,3,50726.500000,50273.500000,70967.900000,-101207.00,-103472.00
2025-05-11,50816.500000,3,51779.500000,51623.500000,70967.900000,-95942.00,-96722.00
2025-05-12,50816.500000,3,53939.500000,51746.500000,70967.900000,-85142.00,-96107.00
2025-05-13,50816.500000,3,53375.500000,53192.500000,70967.900000,-87962.00,-88877.00
2025-05-14,50816.500000,3,52382.500000,52295.500000,70967.900000,-92927.00,-93362.00
2025-05-15,50816.500000,3,53858.500000,52121.500000,70967.900000,-85547.00,-94232.00
2025-05-16,50816.500000,3,54203.500000,53591.500000,70967.900000,-83822.00,-86882.00
2025-05-18,50816.500000,4,54041.500000,53565.500000,70967.900000,-84632.00,-87012.00
2025-05-19,50816.500000,4,55877.500000,53473.500000,70967.900000,-75452.00,-87472.00
2025-05-20,50816.500000,4,55025.500000,54405.500000,70967.900000,-79712.00,-82812.00
2025-05-21,50816.500000,4,51781.500000,51465.500000,70967.900000,-95932.00,-97512.00
2025-05-22,50816.500000,4,51909.500000,50901.500000,70967.900000,-95292.00,-100332.00
2025-05-23,50816.500000,4,50777.500000,49069.500000,70967.900000,-100952.00,-109492.00
2025-05-25,50816.500000,4,51961.500000,50729.500000,70967.900000,-95032.00,-101192.00
2025-05-26,50816.500000,4,52373.500000,51865.500000,70967.900000,-92972.00,-95512.00
2025-05-27,50816.500000,4,53901.500000,51913.500000,70967.900000,-85332.00,-95272.00
2025-05-28,50816.500000,4,54753.500000,52541.500000,70967.900000,-81072.00,-92132.00
2025-05-29,50816.500000,4,52889.500000,51621.500000,70967.900000,-90392.00,-96732.00
2025-05-30,50816.500000,4,53237.500000,51949.500000,70967.900000,-88652.00,-95092.00
2025-06-01,50816.500000,5,52830.500000,52650.500000,70967.900000,-90687.00,-91587.00
2025-06-02,50816.500000,5,53340.500000,51425.500000,70967.900000,-88137.00,-97712.00
2025-06-03,50816.500000,5,55000.500000,52475.500000,70967.900000,-79837.00,-92462.00
2025-06-04,50816.500000,5,54225.500000,54180.500000,70967.900000,-83712.00,-83937.00
2025-06-05,50816.500000,5,54050.500000,53235.500000,70967.900000,-84587.00,-88662.00
2025-06-06,50816.500000,5,56080.500000,54050.500000,70967.900000,-74437.00,-84587.00
2025-06-08,50816.500000,5,55885.500000,55665.500000,70967.900000,-75412.00,-76512.00
2025-06-09,50816.500000,5,55965.500000,54910.500000,70967.900000,-75012.00,-80287.00
2025-06-10,50816.500000,5,56350.500000,55270.500000,70967.900000,-73087.00,-78487.00
2025-06-11,50816.500000,5,56120.500000,55680.500000,70967.900000,-74237.00,-76437.00
2025-06-12,50816.500000,5,55780.500000,54840.500000,70967.900000,-75937.00,-80637.00
2025-06-13,50816.500000,5,52785.500000,52360.500000,70967.900000,-90912.00,-93037.00
2025-06-15,50816.500000,6,54826.500000,52894.500000,70967.900000,-80707.00,-90367.00
2025-06-16,50816.500000,6,55306.500000,54706.500000,70967.900000,-78307.00,-81307.00
2025-06-17,50816.500000,6,54298.500000,54088.500000,70967.900000,-83347.00,-84397.00
2025-06-18,50816.500000,6,54556.500000,54244.500000,70967.900000,-82057.00,-83617.00
2025-06-19,50816.500000,6,53674.500000,52084.500000,70967.900000,-86467.00,-94417.00
2025-06-20,50816.500000,6,54988.500000,53332.500000,70967.900000,-79897.00,-88177.00
2025-06-22,50816.500000,6,53890.500000,52132.500000,70967.900000,-85387.00,-94177.00
2025-06-23,50816.500000,6,58078.500000,53254.500000,70967.900000,-64447.00,-88567.00
2025-06-24,50816.500000,6,60052.500000,57778.500000,70967.900000,-54577.00,-65947.00
2025-06-25,50816.500000,6,59428.500000,58600.500000,70967.900000,-57697.00,-61837.00
2025-06-26,50816.500000,6,62158.500000,59272.500000,70967.900000,-44047.00,-58477.00
2025-06-27,50816.500000,6,65002.500000,62044.500000,70967.900000,-29827.00,-44617.00
2025-06-29,50816.500000,7,65531.500000,64761.500000,70967.900000,-27182.00,-31032.00
2025-06-30,50816.500000,7,66000.500000,64649.500000,70967.900000,-24837.00,-31592.00
2025-07-01,50816.500000,7,69115.500000,65349.500000,70967.900000,-9262.00,-28092.00
2025-07-02,50816.500000,7,69038.500000,67841.500000,70967.900000,-9647.00,-15632.00
2025-07-03,50816.500000,7,70613.500000,68611.500000,70967.900000,-1772.00,-11782.00
2025-07-04,50816.500000,7,69283.500000,68849.500000,70967.900000,-8422.00,-10592.00
2025-07-06,50816.500000,7,70095.500000,69759.500000,70967.900000,-4362.00,-6042.00
2025-07-07,50816.500000,7,67547.500000,66350.500000,70967.900000,-17102.00,-23087.00
2025-07-08,50816.500000,7,66728.500000,66651.500000,70967.900000,-21197.00,-21582.00
2025-07-09,50816.500000,7,68268.500000,66308.500000,70967.900000,-13497.00,-23297.00
2025-07-10,50816.500000,7,69934.500000,67309.500000,70967.900000,-5167.00,-18292.00
2025-07-11,50816.500000,7,67253.500000,66910.500000,70967.900000,-18572.00,-20287.00
2025-07-13,50816.500000,8,66373.500000,65549.500000,70967.900000,-22972.00,-27092.00
2025-07-14,50816.500000,8,68093.500000,65493.500000,70967.900000,-14372.00,-27372.00
2025-07-15,50816.500000,8,64269.500000,63845.500000,70967.900000,-33492.00,-35612.00
2025-07-16,50816.500000,8,66005.500000,62685.500000,70967.900000,-24812.00,-41412.00
2025-07-17,50816.500000,8,69341.500000,65733.500000,70967.900000,-8132.00,-26172.00
2025-07-18,50816.500000,8,67141.500000,66285.500000,70967.900000,-19132.00,-23412.00
2025-07-20,50816.500000,8,67717.500000,66829.500000,70967.900000,-16252.00,-20692.00
2025-07-21,50816.500000,8,67629.500000,67085.500000,70967.900000,-16692.00,-19412.00
2025-07-22,50816.500000,8,69533.500000,66285.500000,70967.900000,-7172.00,-23412.00
2025-07-23,50816.500000,8,71765.500000,68869.500000,71765.500000,0.00,-14480.00
2025-07-24,50816.500000,8,70717.500000,69821.500000,71765.500000,-5240.00,-9720.00
2025-07-25,50816.500000,8,71541.500000,69445.500000,71765.500000,-1120.00,-11600.00
2025-07-27,50816.500000,9,72707.500000,72572.500000,72707.500000,0.00,-675.00
2025-07-28,50816.500000,9,70871.500000,69854.500000,72707.500000,-9180.00,-14265.00
2025-07-29,50816.500000,9,68828.500000,68270.500000,72707.500000,-19395.00,-22185.00
2025-07-30,50816.500000,9,67946.500000,65417.500000,72707.500000,-23805.00,-36450.00
2025-07-31,50816.500000,9,63986.500000,63455.500000,72707.500000,-43605.00,-46260.00
2025-08-01,50816.500000,9,59000.500000,56831.500000,72707.500000,-68535.00,-79380.00
2025-08-03,50816.500000,9,59252.500000,58352.500000,72707.500000,-67275.00,-71775.00
2025-08-04,58718.800000,0,58718.800000,58718.800000,72707.500000,-69943.50,-69943.50
2025-08-05,58718.800000,0,58718.800000,58718.800000,72707.500000,-69943.50,-69943.50
2025-08-06,58718.800000,0,58718.800000,58718.800000,72707.500000,-69943.50,-69943.50
2025-08-07,58718.800000,0,58718.800000,58718.800000,72707.500000,-69943.50,-69943.50
2025-08-08,58718.800000,0,58718.800000,58718.800000,72707.500000,-69943.50,-69943.50
2025-08-10,58718.800000,0,58718.800000,58718.800000,72707.500000,-69943.50,-69943.50
2025-08-11,58718.800000,0,58718.800000,58718.800000,72707.500000,-69943.50,-69943.50
2025-08-12,58718.800000,0,58718.800000,58718.800000,72707.500000,-69943.50,-69943.50
2025-08-13,58718.800000,0,58718.800000,58718.800000,72707.500000,-69943.50,-69943.50
2025-08-14,58718.800000,3,59084.800000,57935.800000,72707.500000,-68113.50,-73858.50
2025-08-15,58718.800000,3,58655.800000,58568.800000,72707.500000,-70258.50,-70693.50
2025-08-17,58718.800000,3,58904.800000,58676.800000,72707.500000,-69013.50,-70153.50
2025-08-18,58708.900000,3,58447.900000,58117.900000,72707.500000,-71298.00,-72948.00
2025-08-19,58708.900000,3,58447.900000,57928.900000,72707.500000,-71298.00,-73893.00
2025-08-20,58435.000000,0,58435.000000,58435.000000,72707.500000,-71362.50,-71362.50
2025-08-21,58435.000000,0,58435.000000,58435.000000,72707.500000,-71362.50,-71362.50
2025-08-22,58435.000000,0,58435.000000,58435.000000,72707.500000,-71362.50,-71362.50
2025-08-24,58435.000000,3,58411.000000,58363.000000,72707.500000,-71482.50,-71722.50
2025-08-25,58435.000000,3,57475.000000,57274.000000,72707.500000,-76162.50,-77167.50
2025-08-26,58435.000000,3,57787.000000,56818.000000,72707.500000,-74602.50,-79447.50
2025-08-27,58435.000000,3,58120.000000,57607.000000,72707.500000,-72937.50,-75502.50
2025-08-28,58435.000000,3,58231.000000,57772.000000,72707.500000,-72382.50,-74677.50
2025-08-29,58435.000000,3,58168.000000,57541.000000,72707.500000,-72697.50,-75832.50
2025-08-31,58435.000000,3,58393.000000,58159.000000,72707.500000,-71572.50,-72742.50
2025-09-01,58435.000000,3,57997.000000,57853.000000,72707.500000,-73552.50,-74272.50
2025-09-02,58435.000000,3,57067.000000,56269.000000,72707.500000,-78202.50,-82192.50
2025-09-03,58435.000000,3,56971.000000,56374.000000,72707.500000,-78682.50,-81667.50
2025-09-04,58435.000000,3,58336.000000,56950.000000,72707.500000,-71857.50,-78787.50
2025-09-05,58435.000000,3,57667.000000,57043.000000,72707.500000,-75202.50,-78322.50
2025-09-07,58435.000000,4,57973.000000,57417.000000,72707.500000,-73672.50,-76452.50
2025-09-08,58435.000000,4,58237.000000,57077.000000,72707.500000,-72352.50,-78152.50
2025-09-09,58435.000000,4,58401.000000,57677.000000,72707.500000,-71532.50,-75152.50
2025-09-10,58435.000000,4,58053.000000,57449.000000,72707.500000,-73272.50,-76292.50
2025-09-11,58435.000000,4,60373.000000,57865.000000,72707.500000,-61672.50,-74212.50
2025-09-12,58435.000000,4,59201.000000,59117.000000,72707.500000,-67532.50,-67952.50
2025-09-14,58435.000000,4,60569.000000,60497.000000,72707.500000,-60692.50,-61052.50
2025-09-15,58435.000000,4,60777.000000,60329.000000,72707.500000,-59652.50,-61892.50
2025-09-16,58435.000000,4,60429.000000,59873.000000,72707.500000,-61392.50,-64172.50
2025-09-17,58435.000000,4,61789.000000,59941.000000,72707.500000,-54592.50,-63832.50
2025-09-18,58435.000000,4,62137.000000,60981.000000,72707.500000,-52852.50,-58632.50
2025-09-19,58435.000000,4,62265.000000,61385.000000,72707.500000,-52212.50,-56612.50
2025-09-21,58435.000000,5,62077.000000,62057.000000,72707.500000,-53152.50,-53252.50
2025-09-22,58435.000000,5,62787.000000,60997.000000,72707.500000,-49602.50,-58552.50
2025-09-23,58435.000000,5,62467.000000,61912.000000,72707.500000,-51202.50,-53977.50
2025-09-24,58435.000000,5,61617.000000,61262.000000,72707.500000,-55452.50,-57227.50
2025-09-25,58435.000000,5,60512.000000,59677.000000,72707.500000,-60977.50,-65152.50
2025-09-26,58435.000000,5,61962.000000,60357.000000,72707.500000,-53727.50,-61752.50
2025-09-28,58435.000000,5,62232.000000,61992.000000,72707.500000,-52377.50,-53577.50
2025-09-29,58435.000000,5,62207.000000,61397.000000,72707.500000,-52502.50,-56552.50
2025-09-30,58435.000000,5,62322.000000,61117.000000,72707.500000,-51927.50,-57952.50
2025-10-01,58435.000000,5,62732.000000,60862.000000,72707.500000,-49877.50,-59227.50
2025-10-02,58435.000000,5,63232.000000,61902.000000,72707.500000,-47377.50,-54027.50
2025-10-03,58435.000000,5,64392.000000,63117.000000,72707.500000,-41577.50,-47952.50
2025-10-05,58435.000000,6,64852.000000,64426.000000,72707.500000,-39277.50,-41407.50
2025-10-06,58435.000000,6,63448.000000,62296.000000,72707.500000,-46297.50,-52057.50
2025-10-07,58435.000000,6,63160.000000,62338.000000,72707.500000,-47737.50,-51847.50
2025-10-08,58435.000000,6,63532.000000,62650.000000,72707.500000,-45877.50,-50287.50
2025-10-09,58435.000000,6,62068.000000,61180.000000,72707.500000,-53197.50,-57637.50
2025-10-10,58435.000000,6,54988.000000,54460.000000,72707.500000,-88597.50,-91237.50
2025-10-12,58435.000000,6,58504.000000,57160.000000,72707.500000,-71017.50,-77737.50
2025-10-13,57152.200000,0,57152.200000,57152.200000,72707.500000,-77776.50,-77776.50
2025-10-14,57152.200000,0,57152.200000,57152.200000,72707.500000,-77776.50,-77776.50
2025-10-15,57152.200000,0,57152.200000,57152.200000,72707.500000,-77776.50,-77776.50
2025-10-16,57152.200000,0,57152.200000,57152.200000,72707.500000,-77776.50,-77776.50
2025-10-17,57152.200000,0,57152.200000,57152.200000,72707.500000,-77776.50,-77776.50
2025-10-19,57152.200000,0,57152.200000,57152.200000,72707.500000,-77776.50,-77776.50
2025-10-20,57152.200000,0,57152.200000,57152.200000,72707.500000,-77776.50,-77776.50
2025-10-21,57152.200000,0,57152.200000,57152.200000,72707.500000,-77776.50,-77776.50
2025-10-22,57152.200000,0,57152.200000,57152.200000,72707.500000,-77776.50,-77776.50
2025-10-23,57152.200000,0,57152.200000,57152.200000,72707.500000,-77776.50,-77776.50
2025-10-24,57152.200000,0,57152.200000,57152.200000,72707.500000,-77776.50,-77776.50
2025-10-26,57152.200000,3,57002.200000,56939.200000,72707.500000,-78526.50,-78841.50
2025-10-27,57152.200000,3,57182.200000,56657.200000,72707.500000,-77626.50,-80251.50
2025-10-28,57152.200000,3,57587.200000,57071.200000,72707.500000,-75601.50,-78181.50
2025-10-29,57152.200000,3,57302.200000,56864.200000,72707.500000,-77026.50,-79216.50
2025-10-30,57152.200000,3,57224.200000,56666.200000,72707.500000,-77416.50,-80206.50
2025-10-31,57152.200000,3,57221.200000,56480.200000,72707.500000,-77431.50,-81136.50
2025-11-02,57152.200000,3,57488.200000,57203.200000,72707.500000,-76096.50,-77521.50
2025-11-03,57152.200000,3,56270.200000,55811.200000,72707.500000,-82186.50,-84481.50
2025-11-04,57152.200000,3,55826.200000,54944.200000,72707.500000,-84406.50,-88816.50
2025-11-05,56266.300000,0,56266.300000,56266.300000,72707.500000,-82206.00,-82206.00
2025-11-06,56266.300000,0,56266.300000,56266.300000,72707.500000,-82206.00,-82206.00
2025-11-07,56266.300000,0,56266.300000,56266.300000,72707.500000,-82206.00,-82206.00
2025-11-09,56266.300000,0,56266.300000,56266.300000,72707.500000,-82206.00,-82206.00
2025-11-10,56266.300000,0,56266.300000,56266.300000,72707.500000,-82206.00,-82206.00
2025-11-11,56266.300000,0,56266.300000,56266.300000,72707.500000,-82206.00,-82206.00
2025-11-12,56266.300000,3,57157.300000,56245.300000,72707.500000,-77751.00,-82311.00
2025-11-13,56266.300000,3,54985.300000,54667.300000,72707.500000,-88611.00,-90201.00
2025-11-14,56266.300000,3,53980.300000,52984.300000,72707.500000,-93636.00,-98616.00
2025-11-16,54984.400000,0,54984.400000,54984.400000,72707.500000,-88615.50,-88615.50
2025-11-17,54984.400000,0,54984.400000,54984.400000,72707.500000,-88615.50,-88615.50
2025-11-18,54984.400000,0,54984.400000,54984.400000,72707.500000,-88615.50,-88615.50
2025-11-19,54984.400000,0,54984.400000,54984.400000,72707.500000,-88615.50,-88615.50
2025-11-20,54984.400000,0,54984.400000,54984.400000,72707.500000,-88615.50,-88615.50
2025-11-21,54984.400000,0,54984.400000,54984.400000,72707.500000,-88615.50,-88615.50
2025-11-23,54984.400000,0,54984.400000,54984.400000,72707.500000,-88615.50,-88615.50
2025-11-24,54984.400000,0,54984.400000,54984.400000,72707.500000,-88615.50,-88615.50
2025-11-25,54984.400000,0,54984.400000,54984.400000,72707.500000,-88615.50,-88615.50
2025-11-26,54984.400000,0,54984.400000,54984.400000,72707.500000,-88615.50,-88615.50
2025-11-27,54984.400000,0,54984.400000,54984.400000,72707.500000,-88615.50,-88615.50
2025-11-28,54984.400000,0,54984.400000,54984.400000,72707.500000,-88615.50,-88615.50
2025-11-30,54984.400000,0,54984.400000,54984.400000,72707.500000,-88615.50,-88615.50
2025-12-01,54984.400000,0,54984.400000,54984.400000,72707.500000,-88615.50,-88615.50
2025-12-02,54984.400000,0,54984.400000,54984.400000,72707.500000,-88615.50,-88615.50
2025-12-03,54984.400000,0,54984.400000,54984.400000,72707.500000,-88615.50,-88615.50
2025-12-04,54984.400000,3,54639.400000,54228.400000,72707.500000,-90340.50,-92395.50
2025-12-05,54984.400000,3,54975.400000,54414.400000,72707.500000,-88660.50,-91465.50
2025-12-07,54984.400000,3,54960.400000,54918.400000,72707.500000,-88735.50,-88945.50
2025-12-08,55001.500000,0,55001.500000,55001.500000,72707.500000,-88530.00,-88530.00
2025-12-09,55001.500000,0,55001.500000,55001.500000,72707.500000,-88530.00,-88530.00
2025-12-10,55001.500000,0,55001.500000,55001.500000,72707.500000,-88530.00,-88530.00
2025-12-11,55001.500000,3,56951.500000,54128.500000,72707.500000,-78780.00,-92895.00
2025-12-12,55001.500000,3,56102.500000,55616.500000,72707.500000,-83025.00,-85455.00
2025-12-14,55001.500000,3,57317.500000,57059.500000,72707.500000,-76950.00,-78240.00
2025-12-15,55001.500000,3,57008.500000,56576.500000,72707.500000,-78495.00,-80655.00
2025-12-16,55001.500000,3,55832.500000,55490.500000,72707.500000,-84375.00,-86085.00
2025-12-17,55001.500000,3,55238.500000,55172.500000,72707.500000,-87345.00,-87675.00
2025-12-18,55001.500000,3,55322.500000,54989.500000,72707.500000,-86925.00,-88590.00
2025-12-19,55001.500000,3,56021.500000,54932.500000,72707.500000,-83430.00,-88875.00
2025-12-21,55001.500000,4,56182.500000,56090.500000,72707.500000,-82625.00,-83085.00
2025-12-22,55001.500000,4,56686.500000,55782.500000,72707.500000,-80105.00,-84625.00
2025-12-23,55001.500000,4,56882.500000,56078.500000,72707.500000,-79125.00,-83145.00
2025-12-24,55001.500000,4,58050.500000,56674.500000,72707.500000,-73285.00,-80165.00
2025-12-25,55001.500000,4,58142.500000,58078.500000,72707.500000,-72825.00,-73145.00
2025-12-26,55001.500000,4,57958.500000,57438.500000,72707.500000,-73745.00,-76345.00
2025-12-28,55001.500000,4,58034.500000,57914.500000,72707.500000,-73365.00,-73965.00
2025-12-29,55001.500000,4,56926.500000,56610.500000,72707.500000,-78905.00,-80485.00
2025-12-30,55001.500000,4,56606.500000,56242.500000,72707.500000,-80505.00,-82325.00
2025-12-31,55001.500000,4,55354.500000,55210.500000,72707.500000,-86765.00,-87485.00
2026-01-01,55001.500000,4,55566.500000,55370.500000,72707.500000,-85705.00,-86685.00
2026-01-02,55001.500000,4,56342.500000,54318.500000,72707.500000,-81825.00,-91945.00
2026-01-04,55001.500000,5,56366.500000,56201.500000,72707.500000,-81705.00,-82530.00
2026-01-05,55001.500000,5,59366.500000,56076.500000,72707.500000,-66705.00,-83155.00
2026-01-06,55001.500000,5,61956.500000,58776.500000,72707.500000,-53755.00,-69655.00
2026-01-07,55001.500000,5,59591.500000,59206.500000,72707.500000,-65580.00,-67505.00
2026-01-08,55001.500000,5,60951.500000,58301.500000,72707.500000,-58780.00,-72030.00
2026-01-09,55001.500000,5,61961.500000,60336.500000,72707.500000,-53730.00,-61855.00
2026-01-11,55001.500000,5,61586.500000,61461.500000,72707.500000,-55605.00,-56230.00
2026-01-12,55001.500000,5,62056.500000,59356.500000,72707.500000,-53255.00,-66755.00
2026-01-13,55001.500000,5,60101.500000,59666.500000,72707.500000,-63030.00,-65205.00
2026-01-14,55001.500000,5,59751.500000,58581.500000,72707.500000,-64780.00,-70630.00
2026-01-15,55001.500000,5,61671.500000,59646.500000,72707.500000,-55180.00,-65305.00
2026-01-16,55001.500000,5,61066.500000,60416.500000,72707.500000,-58205.00,-61455.00
2026-01-18,55001.500000,6,59713.500000,58945.500000,72707.500000,-64970.00,-68810.00
2026-01-19,55001.500000,6,58747.500000,58297.500000,72707.500000,-69800.00,-72050.00
2026-01-20,55001.500000,6,56113.500000,55651.500000,72707.500000,-82970.00,-85280.00
2026-01-21,55001.500000,6,59899.500000,54913.500000,72707.500000,-64040.00,-88970.00
2026-01-22,55001.500000,6,61147.500000,59527.500000,72707.500000,-57800.00,-65900.00
2026-01-23,55001.500000,6,59065.500000,58699.500000,72707.500000,-68210.00,-70040.00
2026-01-25,55001.500000,6,58555.500000,57085.500000,72707.500000,-70760.00,-78110.00
2026-01-26,55001.500000,6,60403.500000,58543.500000,72707.500000,-61520.00,-70820.00
2026-01-27,55001.500000,6,58783.500000,58027.500000,72707.500000,-69620.00,-73400.00
2026-01-28,55001.500000,6,58105.500000,57925.500000,72707.500000,-73010.00,-73910.00
2026-01-29,55001.500000,6,58555.500000,56329.500000,72707.500000,-70760.00,-81890.00
2026-01-30,55001.500000,6,57865.500000,55411.500000,72707.500000,-74210.00,-86480.00
2026-02-01,55001.500000,7,57924.500000,56433.500000,72707.500000,-73915.00,-81370.00
2026-02-02,55001.500000,7,61837.500000,54662.500000,72707.500000,-54350.00,-90225.00
2026-02-03,55001.500000,7,60885.500000,57658.500000,72707.500000,-59110.00,-75245.00
2026-02-04,55001.500000,7,62061.500000,59625.500000,72707.500000,-53230.00,-65410.00
2026-02-05,55001.500000,7,56741.500000,56517.500000,72707.500000,-79830.00,-80950.00
2026-02-06,55001.500000,7,66527.500000,56041.500000,72707.500000,-30900.00,-83330.00
2026-02-08,55001.500000,7,67248.500000,66800.500000,72707.500000,-27295.00,-29535.00
2026-02-09,55001.500000,7,66359.500000,64476.500000,72707.500000,-31740.00,-41155.00
2026-02-10,55001.500000,7,67605.500000,65869.500000,72707.500000,-25510.00,-34190.00
2026-02-11,55001.500000,7,66429.500000,64959.500000,72707.500000,-31390.00,-38740.00
2026-02-12,55001.500000,7,61942.500000,61571.500000,72707.500000,-53825.00,-55680.00
2026-02-13,55001.500000,7,61802.500000,59205.500000,72707.500000,-54525.00,-67510.00
2026-02-15,55001.500000,8,62322.500000,61618.500000,72707.500000,-51925.00,-55445.00
2026-02-16,55001.500000,8,62858.500000,62018.500000,72707.500000,-49245.00,-53445.00
2026-02-17,55001.500000,8,61914.500000,59490.500000,72707.500000,-53965.00,-66085.00
2026-02-18,55001.500000,8,63290.500000,61482.500000,72707.500000,-47085.00,-56125.00
2026-02-19,55001.500000,8,61298.500000,59634.500000,72707.500000,-57045.00,-65365.00
2026-02-20,55001.500000,8,63010.500000,59202.500000,72707.500000,-48485.00,-67525.00
2026-02-22,55001.500000,8,62202.500000,61874.500000,72707.500000,-52525.00,-54165.00
2026-02-23,55001.500000,8,56682.500000,55770.500000,72707.500000,-80125.00,-84685.00
2026-02-24,55001.500000,8,59370.500000,55978.500000,72707.500000,-66685.00,-83645.00
2026-02-25,55001.500000,8,61010.500000,58562.500000,72707.500000,-58485.00,-70725.00
2026-02-26,55001.500000,8,59642.500000,59298.500000,72707.500000,-65325.00,-67045.00
2026-02-27,55001.500000,8,56842.500000,55162.500000,72707.500000,-79325.00,-87725.00
2026-03-01,55001.500000,9,52952.500000,52844.500000,72707.500000,-98775.00,-99315.00
2026-03-02,55001.500000,9,57065.500000,50612.500000,72707.500000,-78210.00,-110475.00
2026-03-03,52985.800000,0,52985.800000,52985.800000,72707.500000,-98608.50,-98608.50
2026-03-04,52985.800000,0,52985.800000,52985.800000,72707.500000,-98608.50,-98608.50
2026-03-05,52985.800000,0,52985.800000,52985.800000,72707.500000,-98608.50,-98608.50
2026-03-06,52985.800000,0,52985.800000,52985.800000,72707.500000,-98608.50,-98608.50
2026-03-08,52985.800000,0,52985.800000,52985.800000,72707.500000,-98608.50,-98608.50
2026-03-09,52985.800000,0,52985.800000,52985.800000,72707.500000,-98608.50,-98608.50
2026-03-10,52985.800000,0,52985.800000,52985.800000,72707.500000,-98608.50,-98608.50
2026-03-11,52985.800000,0,52985.800000,52985.800000,72707.500000,-98608.50,-98608.50
2026-03-12,52985.800000,0,52985.800000,52985.800000,72707.500000,-98608.50,-98608.50
2026-03-13,52985.800000,0,52985.800000,52985.800000,72707.500000,-98608.50,-98608.50
2026-03-15,52985.800000,0,52985.800000,52985.800000,72707.500000,-98608.50,-98608.50
2026-03-16,52985.800000,0,52985.800000,52985.800000,72707.500000,-98608.50,-98608.50
2026-03-17,52985.800000,0,52985.800000,52985.800000,72707.500000,-98608.50,-98608.50
2026-03-18,52985.800000,0,52985.800000,52985.800000,72707.500000,-98608.50,-98608.50
2026-03-19,52985.800000,0,52985.800000,52985.800000,72707.500000,-98608.50,-98608.50
2026-03-20,52985.800000,0,52985.800000,52985.800000,72707.500000,-98608.50,-98608.50
2026-03-22,52985.800000,0,52985.800000,52985.800000,72707.500000,-98608.50,-98608.50
2026-03-23,52985.800000,0,52985.800000,52985.800000,72707.500000,-98608.50,-98608.50
2026-03-24,52985.800000,0,52985.800000,52985.800000,72707.500000,-98608.50,-98608.50
2026-03-25,52985.800000,0,52985.800000,52985.800000,72707.500000,-98608.50,-98608.50
2026-03-26,52985.800000,0,52985.800000,52985.800000,72707.500000,-98608.50,-98608.50
2026-03-27,52985.800000,0,52985.800000,52985.800000,72707.500000,-98608.50,-98608.50
2026-03-29,52985.800000,0,52985.800000,52985.800000,72707.500000,-98608.50,-98608.50
2026-03-30,52985.800000,0,52985.800000,52985.800000,72707.500000,-98608.50,-98608.50
2026-03-31,52985.800000,0,52985.800000,52985.800000,72707.500000,-98608.50,-98608.50
2026-04-01,52985.800000,0,52985.800000,52985.800000,72707.500000,-98608.50,-98608.50
2026-04-02,52985.800000,0,52985.800000,52985.800000,72707.500000,-98608.50,-98608.50
2026-04-03,52985.800000,0,52985.800000,52985.800000,72707.500000,-98608.50,-98608.50
2026-04-05,52985.800000,0,52985.800000,52985.800000,72707.500000,-98608.50,-98608.50
2026-04-06,52985.800000,0,52985.800000,52985.800000,72707.500000,-98608.50,-98608.50
2026-04-07,52985.800000,0,52985.800000,52985.800000,72707.500000,-98608.50,-98608.50
2026-04-08,52985.800000,3,54041.800000,52691.800000,72707.500000,-93328.50,-100078.50
2026-04-09,52985.800000,3,54887.800000,53474.800000,72707.500000,-89098.50,-96163.50
2026-04-10,52985.800000,3,54302.800000,53987.800000,72707.500000,-92023.50,-93598.50
2026-04-12,52985.800000,3,52670.800000,52370.800000,72707.500000,-100183.50,-101683.50
2026-04-13,52985.800000,3,55028.800000,52568.800000,72707.500000,-88393.50,-100693.50
2026-04-14,52669.900000,3,53674.900000,52435.900000,72707.500000,-95163.00,-101358.00
2026-04-15,52669.900000,3,53611.900000,52849.900000,72707.500000,-95478.00,-99288.00
2026-04-16,52669.900000,3,53962.900000,52990.900000,72707.500000,-93723.00,-98583.00
2026-04-17,52669.900000,3,56392.900000,53854.900000,72707.500000,-81573.00,-94263.00
2026-04-19,52669.900000,3,54907.900000,54673.900000,72707.500000,-88998.00,-90168.00
2026-04-20,52669.900000,3,56524.900000,54826.900000,72707.500000,-80913.00,-89403.00
2026-04-21,52669.900000,3,56029.900000,55090.900000,72707.500000,-83388.00,-88083.00
2026-04-22,52669.900000,3,55882.900000,55663.900000,72707.500000,-84123.00,-85218.00
2026-04-23,52669.900000,3,55795.900000,54511.900000,72707.500000,-84558.00,-90978.00
2026-04-24,52669.900000,3,55675.900000,55132.900000,72707.500000,-85158.00,-87873.00
2026-04-26,52669.900000,4,55140.900000,54936.900000,72707.500000,-87833.00,-88853.00
2026-04-27,52669.900000,4,55608.900000,54780.900000,72707.500000,-85493.00,-89633.00
2026-04-28,52669.900000,4,55540.900000,54944.900000,72707.500000,-85833.00,-88813.00
2026-04-29,52669.900000,4,53424.900000,53124.900000,72707.500000,-96413.00,-97913.00
2026-04-30,52669.900000,4,57640.900000,52452.900000,72707.500000,-75333.00,-101273.00
2026-05-01,52669.900000,4,56400.900000,56264.900000,72707.500000,-81533.00,-82213.00
2026-05-03,52669.900000,4,56828.900000,56728.900000,72707.500000,-79393.00,-79893.00
2026-05-04,52669.900000,4,54392.900000,54084.900000,72707.500000,-91573.00,-93113.00
2026-05-05,52669.900000,4,55992.900000,54260.900000,72707.500000,-83573.00,-92233.00
2026-05-06,52669.900000,4,58000.900000,55860.900000,72707.500000,-73533.00,-84233.00
