intent_id,strategy_id,trade_id,instrument,account_mode,side,order_type,quantity,limit_price,stop_price,reason,status,requires_verification,verification_id,parent_intent_id,reduce_only,bracket_role,bracket_stop_price,bracket_target_price,oco_group,tif,live_after_ts,expires_after_ts,created_at,updated_at
intent_46beb3a75c57,eurusd_monthly_orb_fbo_tp25_1_0_0,eurusd_monthly_orb_fbo_tp25_1_0_0_200305_01,EURUSD,paper,sell,stop,1,,1.12723,short_boundary_stop_entry,submitted,true,verify_caf1610181b0,,false,entry,,,,GTC,2003-05-09,2003-06-01T00:00:00,2026-07-19T02:41:10Z,2026-07-19T02:41:10Z
intent_1baff4824b0a,eurusd_monthly_orb_fbo_tp25_1_0_0,eurusd_monthly_orb_fbo_tp25_1_0_0_200306_01,EURUSD,paper,buy,stop,1,,1.17773,long_boundary_stop_entry,submitted,true,verify_69cc35fc2565,,false,entry,,,,GTC,2003-06-04,2003-07-01T00:00:00,2026-07-19T02:41:10Z,2026-07-19T02:41:10Z
intent_696c899ae8eb,eurusd_monthly_orb_fbo_tp25_1_0_0,eurusd_monthly_orb_fbo_tp25_1_0_0_200306_01,EURUSD,paper,sell,limit,1,1.1809125,,v2b_tp1,submitted,false,,,true,tp1,,,,GTC,2003-06-05,2003-07-01T00:00:00,2026-07-19T02:41:10Z,2026-07-19T02:41:10Z
intent_5c8fcbddbd3b,eurusd_monthly_orb_fbo_tp25_1_0_0,eurusd_monthly_orb_fbo_tp25_1_0_0_200307_01,EURUSD,paper,buy,stop,1,,1.16069,long_boundary_stop_entry,submitted,true,verify_faf3f16acc88,,false,entry,,,,GTC,2003-07-07,2003-08-01T00:00:00,2026-07-19T02:41:10Z,2026-07-19T02:41:10Z
intent_57ac47de6787,eurusd_monthly_orb_fbo_tp25_1_0_0,eurusd_monthly_orb_fbo_tp25_1_0_0_200308_01,EURUSD,paper,sell,stop,1,,1.11338,short_boundary_stop_entry,submitted,true,verify_75215be1638f,,false,entry,,,,GTC,2003-08-05,2003-09-01T00:00:00,2026-07-19T02:41:10Z,2026-07-19T02:41:10Z
intent_de0d2f33c8f9,eurusd_monthly_orb_fbo_tp25_1_0_0,eurusd_monthly_orb_fbo_tp25_1_0_0_200308_01,EURUSD,paper,buy,limit,1,1.10738,,v2b_tp1,submitted,false,,,true,tp1,,,,GTC,2003-08-18,2003-09-01T00:00:00,2026-07-19T02:41:11Z,2026-07-19T02:41:11Z
intent_01d433949f76,eurusd_monthly_orb_fbo_tp25_1_0_0,eurusd_monthly_orb_fbo_tp25_1_0_0_200309_01,EURUSD,paper,sell,stop,1,,1.07606,short_boundary_stop_entry,submitted,true,verify_5d053088fdba,,false,entry,,,,GTC,2003-09-05,2003-10-01T00:00:00,2026-07-19T02:41:11Z,2026-07-19T02:41:11Z
intent_d619c655e89b,eurusd_monthly_orb_fbo_tp25_1_0_0,eurusd_monthly_orb_fbo_tp25_1_0_0_200310_01,EURUSD,paper,buy,stop,1,,1.17668,long_boundary_stop_entry,submitted,true,verify_96bf35aabe0a,,false,entry,,,,GTC,2003-10-06,2003-11-01T00:00:00,2026-07-19T02:41:11Z,2026-07-19T02:41:11Z
intent_b1e1005fa685,eurusd_monthly_orb_fbo_tp25_1_0_0,eurusd_monthly_orb_fbo_tp25_1_0_0_200310_01,EURUSD,paper,sell,limit,1,1.1821424999999999,,v2b_tp1,submitted,false,,,true,tp1,,,,GTC,2003-10-07,2003-11-01T00:00:00,2026-07-19T02:41:11Z,2026-07-19T02:41:11Z
intent_8be5049a8f9d,eurusd_monthly_orb_fbo_tp25_1_0_0,eurusd_monthly_orb_fbo_tp25_1_0_0_200311_01,EURUSD,paper,buy,stop,1,,1.16177,long_boundary_stop_entry,submitted,true,verify_44c577a31c11,,false,entry,,,,GTC,2003-11-05,2003-12-01T00:00:00,2026-07-19T02:41:11Z,2026-07-19T02:41:11Z
intent_3dc30f8bd43a,eurusd_monthly_orb_fbo_tp25_1_0_0,eurusd_monthly_orb_fbo_tp25_1_0_0_200311_01,EURUSD,paper,sell,limit,1,1.1666125,,v2b_tp1,submitted,false,,,true,tp1,,,,GTC,2003-11-12,2003-12-01T00:00:00,2026-07-19T02:41:11Z,2026-07-19T02:41:11Z
intent_cdc68b7900e6,eurusd_monthly_orb_fbo_tp25_1_0_0,eurusd_monthly_orb_fbo_tp25_1_0_0_200312_01,EURUSD,paper,sell,stop,1,,1.19354,short_boundary_stop_entry,submitted,true,verify_241c95ed31a0,,false,entry,,,,GTC,2003-12-04,2003-12-31T23:59:59,2026-07-19T02:41:11Z,2026-07-19T02:41:11Z
intent_a6b53ff53519,eurusd_monthly_orb_fbo_tp25_1_0_0,eurusd_monthly_orb_fbo_tp25_1_0_0_200401_01,EURUSD,paper,sell,stop,1,,1.24679,short_boundary_stop_entry,submitted,true,verify_3bf46e3ad60d,,false,entry,,,,GTC,2004-01-05,2004-02-01T00:00:00,2026-07-19T02:41:11Z,2026-07-19T02:41:11Z
intent_a28d710fac93,eurusd_monthly_orb_fbo_tp25_1_0_0,eurusd_monthly_orb_fbo_tp25_1_0_0_200401_01,EURUSD,paper,buy,limit,1,1.242285,,v2b_tp1,submitted,false,,,true,tp1,,,,GTC,2004-01-16,2004-02-01T00:00:00,2026-07-19T02:41:11Z,2026-07-19T02:41:11Z
intent_f8517740771a,eurusd_monthly_orb_fbo_tp25_1_0_0,eurusd_monthly_orb_fbo_tp25_1_0_0_200402_01,EURUSD,paper,sell,stop,1,,1.23882,short_boundary_stop_entry,submitted,true,verify_82bf9b9a2273,,false,entry,,,,GTC,2004-02-05,2004-03-01T00:00:00,2026-07-19T02:41:11Z,2026-07-19T02:41:11Z
intent_dab7c60479d7,eurusd_monthly_orb_fbo_tp25_1_0_0,eurusd_monthly_orb_fbo_tp25_1_0_0_200402_01,EURUSD,paper,buy,limit,1,1.2335975,,v2b_tp1,submitted,false,,,true,tp1,,,,GTC,2004-02-26,2004-03-01T00:00:00,2026-07-19T02:41:11Z,2026-07-19T02:41:11Z
intent_bcda3439c3cf,eurusd_monthly_orb_fbo_tp25_1_0_0,eurusd_monthly_orb_fbo_tp25_1_0_0_200402_01,EURUSD,paper,buy,market_close,1,,,month_end_flatten,submitted,false,,,true,close,,,,GTC,2004-02-29,,2026-07-19T02:41:11Z,2026-07-19T02:41:11Z
intent_a6167b604fa6,eurusd_monthly_orb_fbo_tp25_1_0_0,eurusd_monthly_orb_fbo_tp25_1_0_0_200404_01,EURUSD,paper,buy,stop,1,,1.23862,long_boundary_stop_entry,submitted,true,verify_e015f4ff574b,,false,entry,,,,GTC,2004-04-05,2004-05-01T00:00:00,2026-07-19T02:41:11Z,2026-07-19T02:41:11Z
intent_f124c1357399,eurusd_monthly_orb_fbo_tp25_1_0_0,eurusd_monthly_orb_fbo_tp25_1_0_0_200405_01,EURUSD,paper,sell,stop,1,,1.19189,short_boundary_stop_entry,submitted,true,verify_e0ffac8d8fe2,,false,entry,,,,GTC,2004-05-05,2004-06-01T00:00:00,2026-07-19T02:41:11Z,2026-07-19T02:41:11Z
intent_033d95bcaea7,eurusd_monthly_orb_fbo_tp25_1_0_0,eurusd_monthly_orb_fbo_tp25_1_0_0_200405_01,EURUSD,paper,buy,limit,1,1.1869199999999998,,v2b_tp1,submitted,false,,,true,tp1,,,,GTC,2004-05-07,2004-06-01T00:00:00,2026-07-19T02:41:11Z,2026-07-19T02:41:11Z
intent_a26e4c40c022,eurusd_monthly_orb_fbo_tp25_1_0_0,eurusd_monthly_orb_fbo_tp25_1_0_0_200406_01,EURUSD,paper,buy,stop,1,,1.2303,long_boundary_stop_entry,submitted,true,verify_7e1acffd0395,,false,entry,,,,GTC,2004-06-04,2004-07-01T00:00:00,2026-07-19T02:41:11Z,2026-07-19T02:41:11Z
intent_86d18e085c36,eurusd_monthly_orb_fbo_tp25_1_0_0,eurusd_monthly_orb_fbo_tp25_1_0_0_200406_01,EURUSD,paper,sell,limit,1,1.2340275,,v2b_tp1,submitted,false,,,true,tp1,,,,GTC,2004-06-06,2004-07-01T00:00:00,2026-07-19T02:41:11Z,2026-07-19T02:41:11Z
intent_76a87eb51bef,eurusd_monthly_orb_fbo_tp25_1_0_0,eurusd_monthly_orb_fbo_tp25_1_0_0_200407_01,EURUSD,paper,sell,stop,1,,1.21319,short_boundary_stop_entry,submitted,true,verify_e1b21e37cd5f,,false,entry,,,,GTC,2004-07-07,2004-08-01T00:00:00,2026-07-19T02:41:11Z,2026-07-19T02:41:11Z
intent_a9962606e1c4,eurusd_monthly_orb_fbo_tp25_1_0_0,eurusd_monthly_orb_fbo_tp25_1_0_0_200407_01,EURUSD,paper,buy,limit,1,1.2081024999999999,,v2b_tp1,submitted,false,,,true,tp1,,,,GTC,2004-07-23,2004-08-01T00:00:00,2026-07-19T02:41:11Z,2026-07-19T02:41:11Z
intent_cf074bc9729b,eurusd_monthly_orb_fbo_tp25_1_0_0,eurusd_monthly_orb_fbo_tp25_1_0_0_200408_01,EURUSD,paper,buy,stop,1,,1.20928,long_boundary_stop_entry,submitted,true,verify_4029c66d9c3d,,false,entry,,,,GTC,2004-08-04,2004-09-01T00:00:00,2026-07-19T02:41:11Z,2026-07-19T02:41:11Z
intent_cb40388c954d,eurusd_monthly_orb_fbo_tp25_1_0_0,eurusd_monthly_orb_fbo_tp25_1_0_0_200408_01,EURUSD,paper,sell,limit,1,1.2117575,,v2b_tp1,submitted,false,,,true,tp1,,,,GTC,2004-08-06,2004-09-01T00:00:00,2026-07-19T02:41:11Z,2026-07-19T02:41:11Z
intent_d89248ef9d7c,eurusd_monthly_orb_fbo_tp25_1_0_0,eurusd_monthly_orb_fbo_tp25_1_0_0_200409_01,EURUSD,paper,buy,stop,1,,1.22198,long_boundary_stop_entry,submitted,true,verify_2946ada2461b,,false,entry,,,,GTC,2004-09-08,2004-10-01T00:00:00,2026-07-19T02:41:11Z,2026-07-19T02:41:11Z
intent_73f86c056ada,eurusd_monthly_orb_fbo_tp25_1_0_0,eurusd_monthly_orb_fbo_tp25_1_0_0_200409_01,EURUSD,paper,sell,limit,1,1.2264875000000002,,v2b_tp1,submitted,false,,,true,tp1,,,,GTC,2004-09-09,2004-10-01T00:00:00,2026-07-19T02:41:11Z,2026-07-19T02:41:11Z
intent_72b2db508d23,eurusd_monthly_orb_fbo_tp25_1_0_0,eurusd_monthly_orb_fbo_tp25_1_0_0_200410_01,EURUSD,paper,buy,stop,1,,1.24328,long_boundary_stop_entry,submitted,true,verify_5feaf49785f4,,false,entry,,,,GTC,2004-10-06,2004-11-01T00:00:00,2026-07-19T02:41:11Z,2026-07-19T02:41:11Z
intent_328073b51e5b,eurusd_monthly_orb_fbo_tp25_1_0_0,eurusd_monthly_orb_fbo_tp25_1_0_0_200410_01,EURUSD,paper,sell,limit,1,1.2477075,,v2b_tp1,submitted,false,,,true,tp1,,,,GTC,2004-10-15,2004-11-01T00:00:00,2026-07-19T02:41:11Z,2026-07-19T02:41:11Z
intent_23b6651ccd6d,eurusd_monthly_orb_fbo_tp25_1_0_0,eurusd_monthly_orb_fbo_tp25_1_0_0_200411_01,EURUSD,paper,sell,stop,1,,1.26575,short_boundary_stop_entry,submitted,true,verify_e07adf13677f,,false,entry,,,,GTC,2004-11-04,2004-12-01T00:00:00,2026-07-19T02:41:11Z,2026-07-19T02:41:11Z
intent_b1ecdaabbc5b,eurusd_monthly_orb_fbo_tp25_1_0_0,eurusd_monthly_orb_fbo_tp25_1_0_0_200412_01,EURUSD,paper,sell,stop,1,,1.32359,short_boundary_stop_entry,submitted,true,verify_c42ac0d2464b,,false,entry,,,,GTC,2004-12-07,2004-12-31T23:59:59,2026-07-19T02:41:11Z,2026-07-19T02:41:11Z
intent_8b309e49ff2a,eurusd_monthly_orb_fbo_tp25_1_0_0,eurusd_monthly_orb_fbo_tp25_1_0_0_200412_01,EURUSD,paper,buy,limit,1,1.3179975,,v2b_tp1,submitted,false,,,true,tp1,,,,GTC,2004-12-08,2004-12-31T23:59:59,2026-07-19T02:41:11Z,2026-07-19T02:41:11Z
intent_e436aa1d4014,eurusd_monthly_orb_fbo_tp25_1_0_0,eurusd_monthly_orb_fbo_tp25_1_0_0_200501_01,EURUSD,paper,buy,stop,1,,1.35777,long_boundary_stop_entry,submitted,true,verify_dd69e5e6bf70,,false,entry,,,,GTC,2005-01-05,2005-02-01T00:00:00,2026-07-19T02:41:11Z,2026-07-19T02:41:11Z
intent_d0ada811bb8c,eurusd_monthly_orb_fbo_tp25_1_0_0,eurusd_monthly_orb_fbo_tp25_1_0_0_200502_01,EURUSD,paper,buy,stop,1,,1.30912,long_boundary_stop_entry,submitted,true,verify_6dda0cd0b01a,,false,entry,,,,GTC,2005-02-04,2005-03-01T00:00:00,2026-07-19T02:41:11Z,2026-07-19T02:41:11Z
intent_fe5184785e79,eurusd_monthly_orb_fbo_tp25_1_0_0,eurusd_monthly_orb_fbo_tp25_1_0_0_200502_01,EURUSD,paper,sell,limit,1,1.31291,,v2b_tp1,submitted,false,,,true,tp1,,,,GTC,2005-02-22,2005-03-01T00:00:00,2026-07-19T02:41:11Z,2026-07-19T02:41:11Z
intent_f4748e70c85d,eurusd_monthly_orb_fbo_tp25_1_0_0,eurusd_monthly_orb_fbo_tp25_1_0_0_200503_01,EURUSD,paper,sell,stop,1,,1.30869,short_boundary_stop_entry,submitted,true,verify_f94b83caf5a9,,false,entry,,,,GTC,2005-03-04,2005-04-01T00:00:00,2026-07-19T02:41:11Z,2026-07-19T02:41:11Z
intent_cff03ad4ab14,eurusd_monthly_orb_fbo_tp25_1_0_0,eurusd_monthly_orb_fbo_tp25_1_0_0_200503_01,EURUSD,paper,buy,limit,1,1.3052525,,v2b_tp1,submitted,false,,,true,tp1,,,,GTC,2005-03-22,2005-04-01T00:00:00,2026-07-19T02:41:11Z,2026-07-19T02:41:11Z
intent_f399585ec337,eurusd_monthly_orb_fbo_tp25_1_0_0,eurusd_monthly_orb_fbo_tp25_1_0_0_200504_01,EURUSD,paper,buy,stop,1,,1.30445,long_boundary_stop_entry,submitted,true,verify_c3ee23c8fe24,,false,entry,,,,GTC,2005-04-05,2005-05-01T00:00:00,2026-07-19T02:41:11Z,2026-07-19T02:41:11Z
intent_39e437337f52,eurusd_monthly_orb_fbo_tp25_1_0_0,eurusd_monthly_orb_fbo_tp25_1_0_0_200504_01,EURUSD,paper,sell,limit,1,1.3101475000000002,,v2b_tp1,submitted,false,,,true,tp1,,,,GTC,2005-04-19,2005-05-01T00:00:00,2026-07-19T02:41:11Z,2026-07-19T02:41:11Z
intent_0e6f1f703637,eurusd_monthly_orb_fbo_tp25_1_0_0,eurusd_monthly_orb_fbo_tp25_1_0_0_200505_01,EURUSD,paper,sell,stop,1,,1.28264,short_boundary_stop_entry,submitted,true,verify_abc0a9d9fcc5,,false,entry,,,,GTC,2005-05-04,2005-06-01T00:00:00,2026-07-19T02:41:11Z,2026-07-19T02:41:11Z
intent_fb57602a6498,eurusd_monthly_orb_fbo_tp25_1_0_0,eurusd_monthly_orb_fbo_tp25_1_0_0_200505_01,EURUSD,paper,buy,limit,1,1.2805125,,v2b_tp1,submitted,false,,,true,tp1,,,,GTC,2005-05-06,2005-06-01T00:00:00,2026-07-19T02:41:11Z,2026-07-19T02:41:11Z
intent_830082c5eea7,eurusd_monthly_orb_fbo_tp25_1_0_0,eurusd_monthly_orb_fbo_tp25_1_0_0_200506_01,EURUSD,paper,sell,stop,1,,1.21581,short_boundary_stop_entry,submitted,true,verify_921a1c2df96d,,false,entry,,,,GTC,2005-06-08,2005-07-01T00:00:00,2026-07-19T02:41:11Z,2026-07-19T02:41:11Z
intent_ac92cdedd93e,eurusd_monthly_orb_fbo_tp25_1_0_0,eurusd_monthly_orb_fbo_tp25_1_0_0_200506_01,EURUSD,paper,buy,limit,1,1.2112875,,v2b_tp1,submitted,false,,,true,tp1,,,,GTC,2005-06-10,2005-07-01T00:00:00,2026-07-19T02:41:11Z,2026-07-19T02:41:11Z
intent_0ea0ba107445,eurusd_monthly_orb_fbo_tp25_1_0_0,eurusd_monthly_orb_fbo_tp25_1_0_0_200507_01,EURUSD,paper,buy,stop,1,,1.21028,long_boundary_stop_entry,submitted,true,verify_219f41ddaf7a,,false,entry,,,,GTC,2005-07-05,2005-08-01T00:00:00,2026-07-19T02:41:11Z,2026-07-19T02:41:11Z
intent_6dd3bb502a4c,eurusd_monthly_orb_fbo_tp25_1_0_0,eurusd_monthly_orb_fbo_tp25_1_0_0_200507_01,EURUSD,paper,sell,limit,1,1.215775,,v2b_tp1,submitted,false,,,true,tp1,,,,GTC,2005-07-12,2005-08-01T00:00:00,2026-07-19T02:41:11Z,2026-07-19T02:41:11Z
intent_77fc5cc1621e,eurusd_monthly_orb_fbo_tp25_1_0_0,eurusd_monthly_orb_fbo_tp25_1_0_0_200508_01,EURUSD,paper,sell,stop,1,,1.21193,short_boundary_stop_entry,submitted,true,verify_04ed705b373a,,false,entry,,,,GTC,2005-08-04,2005-09-01T00:00:00,2026-07-19T02:41:11Z,2026-07-19T02:41:11Z
intent_820eb052b0db,eurusd_monthly_orb_fbo_tp25_1_0_0,eurusd_monthly_orb_fbo_tp25_1_0_0_200509_01,EURUSD,paper,buy,stop,1,,1.25875,long_boundary_stop_entry,submitted,true,verify_a2b9a1816a31,,false,entry,,,,GTC,2005-09-12,2005-10-01T00:00:00,2026-07-19T02:41:11Z,2026-07-19T02:41:11Z
intent_b0140579b016,eurusd_monthly_orb_fbo_tp25_1_0_0,eurusd_monthly_orb_fbo_tp25_1_0_0_200510_01,EURUSD,paper,sell,stop,1,,1.18985,short_boundary_stop_entry,submitted,true,verify_89e7cee076c9,,false,entry,,,,GTC,2005-10-06,2005-11-01T00:00:00,2026-07-19T02:41:11Z,2026-07-19T02:41:11Z
intent_dcffd0aa805e,eurusd_monthly_orb_fbo_tp25_1_0_0,eurusd_monthly_orb_fbo_tp25_1_0_0_200510_01,EURUSD,paper,buy,limit,1,1.1857825,,v2b_tp1,submitted,false,,,true,tp1,,,,GTC,2005-10-19,2005-11-01T00:00:00,2026-07-19T02:41:11Z,2026-07-19T02:41:11Z
intent_4b7a38b0666b,eurusd_monthly_orb_fbo_tp25_1_0_0,eurusd_monthly_orb_fbo_tp25_1_0_0_200510_01,EURUSD,paper,buy,market_close,1,,,stop_close,submitted,false,,,true,close,,,,GTC,2005-10-25,,2026-07-19T02:41:11Z,2026-07-19T02:41:11Z
intent_15de616a4c05,eurusd_monthly_orb_fbo_tp25_1_0_0,eurusd_monthly_orb_fbo_tp25_1_0_0_200510_02,EURUSD,paper,sell,stop,1,,1.18985,short_boundary_stop_entry,submitted,true,verify_09665009ed1b,,false,entry,,,,GTC,2005-10-26,2005-11-01T00:00:00,2026-07-19T02:41:11Z,2026-07-19T02:41:11Z
intent_57e75f3ea8a4,eurusd_monthly_orb_fbo_tp25_1_0_0,eurusd_monthly_orb_fbo_tp25_1_0_0_200511_01,EURUSD,paper,buy,stop,1,,1.20825,long_boundary_stop_entry,submitted,true,verify_eb253da80cb8,,false,entry,,,,GTC,2005-11-04,2005-12-01T00:00:00,2026-07-19T02:41:11Z,2026-07-19T02:41:11Z
intent_355923af3699,eurusd_monthly_orb_fbo_tp25_1_0_0,eurusd_monthly_orb_fbo_tp25_1_0_0_200512_01,EURUSD,paper,sell,stop,1,,1.1662,short_boundary_stop_entry,submitted,true,verify_f655d858588c,,false,entry,,,,GTC,2005-12-05,2005-12-31T23:59:59,2026-07-19T02:41:11Z,2026-07-19T02:41:11Z
intent_9a2ae6ec045c,eurusd_monthly_orb_fbo_tp25_1_0_0,eurusd_monthly_orb_fbo_tp25_1_0_0_200601_01,EURUSD,paper,sell,stop,1,,1.18088,short_boundary_stop_entry,submitted,true,verify_8d49b0e7fd8c,,false,entry,,,,GTC,2006-01-04,2006-02-01T00:00:00,2026-07-19T02:41:11Z,2026-07-19T02:41:11Z
intent_4b31abc2df84,eurusd_monthly_orb_fbo_tp25_1_0_0,eurusd_monthly_orb_fbo_tp25_1_0_0_200602_01,EURUSD,paper,buy,stop,1,,1.2162,long_boundary_stop_entry,submitted,true,verify_e065ab660bee,,false,entry,,,,GTC,2006-02-06,2006-03-01T00:00:00,2026-07-19T02:41:11Z,2026-07-19T02:41:11Z
intent_2ed24aeee2c9,eurusd_monthly_orb_fbo_tp25_1_0_0,eurusd_monthly_orb_fbo_tp25_1_0_0_200603_01,EURUSD,paper,sell,stop,1,,1.18903,short_boundary_stop_entry,submitted,true,verify_71dbaec55bff,,false,entry,,,,GTC,2006-03-05,2006-04-01T00:00:00,2026-07-19T02:41:11Z,2026-07-19T02:41:11Z
intent_781d753807f0,eurusd_monthly_orb_fbo_tp25_1_0_0,eurusd_monthly_orb_fbo_tp25_1_0_0_200603_01,EURUSD,paper,buy,limit,1,1.18501,,v2b_tp1,submitted,false,,,true,tp1,,,,GTC,2006-03-07,2006-04-01T00:00:00,2026-07-19T02:41:11Z,2026-07-19T02:41:11Z
intent_d9bedc9f1ed1,eurusd_monthly_orb_fbo_tp25_1_0_0,eurusd_monthly_orb_fbo_tp25_1_0_0_200603_01,EURUSD,paper,buy,market_close,1,,,stop_close,submitted,false,,,true,close,,,,GTC,2006-03-15,,2026-07-19T02:41:11Z,2026-07-19T02:41:11Z
intent_fc2c5c8c6b61,eurusd_monthly_orb_fbo_tp25_1_0_0,eurusd_monthly_orb_fbo_tp25_1_0_0_200603_02,EURUSD,paper,sell,stop,1,,1.18903,short_boundary_stop_entry,submitted,true,verify_463040660c1e,,false,entry,,,,GTC,2006-03-16,2006-04-01T00:00:00,2026-07-19T02:41:11Z,2026-07-19T02:41:11Z
intent_520c6d1e4582,eurusd_monthly_orb_fbo_tp25_1_0_0,eurusd_monthly_orb_fbo_tp25_1_0_0_200604_01,EURUSD,paper,sell,stop,1,,1.2033,short_boundary_stop_entry,submitted,true,verify_b3e71d948834,,false,entry,,,,GTC,2006-04-05,2006-05-01T00:00:00,2026-07-19T02:41:11Z,2026-07-19T02:41:11Z
intent_557efb9d51f8,eurusd_monthly_orb_fbo_tp25_1_0_0,eurusd_monthly_orb_fbo_tp25_1_0_0_200605_01,EURUSD,paper,sell,stop,1,,1.25545,short_boundary_stop_entry,submitted,true,verify_22960d4bb7f1,,false,entry,,,,GTC,2006-05-04,2006-06-01T00:00:00,2026-07-19T02:41:11Z,2026-07-19T02:41:11Z
intent_f6ad512c30f3,eurusd_monthly_orb_fbo_tp25_1_0_0,eurusd_monthly_orb_fbo_tp25_1_0_0_200606_01,EURUSD,paper,sell,stop,1,,1.2722,short_boundary_stop_entry,submitted,true,verify_4b2fd0799d65,,false,entry,,,,GTC,2006-06-05,2006-07-01T00:00:00,2026-07-19T02:41:11Z,2026-07-19T02:41:11Z
intent_7df9c4fac929,eurusd_monthly_orb_fbo_tp25_1_0_0,eurusd_monthly_orb_fbo_tp25_1_0_0_200606_01,EURUSD,paper,buy,limit,1,1.2668225,,v2b_tp1,submitted,false,,,true,tp1,,,,GTC,2006-06-08,2006-07-01T00:00:00,2026-07-19T02:41:11Z,2026-07-19T02:41:11Z
intent_583897c4d351,eurusd_monthly_orb_fbo_tp25_1_0_0,eurusd_monthly_orb_fbo_tp25_1_0_0_200607_01,EURUSD,paper,buy,stop,1,,1.28196,long_boundary_stop_entry,submitted,true,verify_57404a838b34,,false,entry,,,,GTC,2006-07-06,2006-08-01T00:00:00,2026-07-19T02:41:11Z,2026-07-19T02:41:11Z
intent_8f7f71c4fae8,eurusd_monthly_orb_fbo_tp25_1_0_0,eurusd_monthly_orb_fbo_tp25_1_0_0_200607_01,EURUSD,paper,sell,limit,1,1.2834375,,v2b_tp1,submitted,false,,,true,tp1,,,,GTC,2006-07-07,2006-08-01T00:00:00,2026-07-19T02:41:11Z,2026-07-19T02:41:11Z
intent_88adfcf4e2c7,eurusd_monthly_orb_fbo_tp25_1_0_0,eurusd_monthly_orb_fbo_tp25_1_0_0_200607_01,EURUSD,paper,sell,market_close,1,,,stop_close,submitted,false,,,true,close,,,,GTC,2006-07-10,,2026-07-19T02:41:11Z,2026-07-19T02:41:11Z
intent_9a4e2e50db91,eurusd_monthly_orb_fbo_tp25_1_0_0,eurusd_monthly_orb_fbo_tp25_1_0_0_200607_02,EURUSD,paper,buy,stop,1,,1.28196,long_boundary_stop_entry,submitted,true,verify_f83053084a60,,false,entry,,,,GTC,2006-07-11,2006-08-01T00:00:00,2026-07-19T02:41:11Z,2026-07-19T02:41:11Z
intent_9a289fd1b054,eurusd_monthly_orb_fbo_tp25_1_0_0,eurusd_monthly_orb_fbo_tp25_1_0_0_200608_01,EURUSD,paper,sell,stop,1,,1.27182,short_boundary_stop_entry,submitted,true,verify_05308ed77566,,false,entry,,,,GTC,2006-08-04,2006-09-01T00:00:00,2026-07-19T02:41:11Z,2026-07-19T02:41:11Z
intent_728a189b9664,eurusd_monthly_orb_fbo_tp25_1_0_0,eurusd_monthly_orb_fbo_tp25_1_0_0_200608_01,EURUSD,paper,buy,limit,1,1.2689399999999997,,v2b_tp1,submitted,false,,,true,tp1,,,,GTC,2006-08-11,2006-09-01T00:00:00,2026-07-19T02:41:11Z,2026-07-19T02:41:11Z
intent_f499c7e81150,eurusd_monthly_orb_fbo_tp25_1_0_0,eurusd_monthly_orb_fbo_tp25_1_0_0_200609_01,EURUSD,paper,buy,stop,1,,1.28737,long_boundary_stop_entry,submitted,true,verify_dae072d461e9,,false,entry,,,,GTC,2006-09-07,2006-10-01T00:00:00,2026-07-19T02:41:11Z,2026-07-19T02:41:11Z
intent_49827d05cd49,eurusd_monthly_orb_fbo_tp25_1_0_0,eurusd_monthly_orb_fbo_tp25_1_0_0_200610_01,EURUSD,paper,buy,stop,1,,1.27637,long_boundary_stop_entry,submitted,true,verify_698a9d260ce5,,false,entry,,,,GTC,2006-10-06,2006-11-01T00:00:00,2026-07-19T02:41:12Z,2026-07-19T02:41:12Z
intent_5d203ec37d93,eurusd_monthly_orb_fbo_tp25_1_0_0,eurusd_monthly_orb_fbo_tp25_1_0_0_200610_01,EURUSD,paper,sell,limit,1,1.2789625,,v2b_tp1,submitted,false,,,true,tp1,,,,GTC,2006-10-31,2006-11-01T00:00:00,2026-07-19T02:41:12Z,2026-07-19T02:41:12Z
intent_c8aeb25e0ced,eurusd_monthly_orb_fbo_tp25_1_0_0,eurusd_monthly_orb_fbo_tp25_1_0_0_200610_01,EURUSD,paper,sell,market_close,1,,,month_end_flatten,submitted,false,,,true,close,,,,GTC,2006-10-31,,2026-07-19T02:41:12Z,2026-07-19T02:41:12Z
intent_19582fd820ad,eurusd_monthly_orb_fbo_tp25_1_0_0,eurusd_monthly_orb_fbo_tp25_1_0_0_200611_01,EURUSD,paper,sell,stop,1,,1.26825,short_boundary_stop_entry,submitted,true,verify_ccdf8273c316,,false,entry,,,,GTC,2006-11-07,2006-12-01T00:00:00,2026-07-19T02:41:12Z,2026-07-19T02:41:12Z
intent_c9bb10fb4ca0,eurusd_monthly_orb_fbo_tp25_1_0_0,eurusd_monthly_orb_fbo_tp25_1_0_0_200612_01,EURUSD,paper,buy,stop,1,,1.33653,long_boundary_stop_entry,submitted,true,verify_5ac390969979,,false,entry,,,,GTC,2006-12-08,2006-12-31T23:59:59,2026-07-19T02:41:12Z,2026-07-19T02:41:12Z
intent_16d86d91be71,eurusd_monthly_orb_fbo_tp25_1_0_0,eurusd_monthly_orb_fbo_tp25_1_0_0_200701_01,EURUSD,paper,buy,stop,1,,1.32951,long_boundary_stop_entry,submitted,true,verify_2adcf1f7c0de,,false,entry,,,,GTC,2007-01-04,2007-02-01T00:00:00,2026-07-19T02:41:12Z,2026-07-19T02:41:12Z
intent_9d8324fc83bd,eurusd_monthly_orb_fbo_tp25_1_0_0,eurusd_monthly_orb_fbo_tp25_1_0_0_200702_01,EURUSD,paper,buy,stop,1,,1.30615,long_boundary_stop_entry,submitted,true,verify_c5ae93cc3fc2,,false,entry,,,,GTC,2007-02-05,2007-03-01T00:00:00,2026-07-19T02:41:12Z,2026-07-19T02:41:12Z
intent_db6c4ba92858,eurusd_monthly_orb_fbo_tp25_1_0_0,eurusd_monthly_orb_fbo_tp25_1_0_0_200702_01,EURUSD,paper,sell,limit,1,1.3090125,,v2b_tp1,submitted,false,,,true,tp1,,,,GTC,2007-02-14,2007-03-01T00:00:00,2026-07-19T02:41:12Z,2026-07-19T02:41:12Z
intent_23986bd518e1,eurusd_monthly_orb_fbo_tp25_1_0_0,eurusd_monthly_orb_fbo_tp25_1_0_0_200703_01,EURUSD,paper,buy,stop,1,,1.32389,long_boundary_stop_entry,submitted,true,verify_cb32287805e8,,false,entry,,,,GTC,2007-03-05,2007-04-01T00:00:00,2026-07-19T02:41:12Z,2026-07-19T02:41:12Z
intent_0a82d858b1fe,eurusd_monthly_orb_fbo_tp25_1_0_0,eurusd_monthly_orb_fbo_tp25_1_0_0_200703_01,EURUSD,paper,sell,limit,1,1.3263525,,v2b_tp1,submitted,false,,,true,tp1,,,,GTC,2007-03-14,2007-04-01T00:00:00,2026-07-19T02:41:12Z,2026-07-19T02:41:12Z
intent_b00bd4a7ecf7,eurusd_monthly_orb_fbo_tp25_1_0_0,eurusd_monthly_orb_fbo_tp25_1_0_0_200704_01,EURUSD,paper,sell,stop,1,,1.33179,short_boundary_stop_entry,submitted,true,verify_4a11c2c9026d,,false,entry,,,,GTC,2007-04-04,2007-05-01T00:00:00,2026-07-19T02:41:12Z,2026-07-19T02:41:12Z
intent_1a71c4869a1a,eurusd_monthly_orb_fbo_tp25_1_0_0,eurusd_monthly_orb_fbo_tp25_1_0_0_200705_01,EURUSD,paper,buy,stop,1,,1.36711,long_boundary_stop_entry,submitted,true,verify_91651d906052,,false,entry,,,,GTC,2007-05-04,2007-06-01T00:00:00,2026-07-19T02:41:12Z,2026-07-19T02:41:12Z
intent_0edf6bb31e69,eurusd_monthly_orb_fbo_tp25_1_0_0,eurusd_monthly_orb_fbo_tp25_1_0_0_200706_01,EURUSD,paper,sell,stop,1,,1.33915,short_boundary_stop_entry,submitted,true,verify_28843e561d1f,,false,entry,,,,GTC,2007-06-05,2007-07-01T00:00:00,2026-07-19T02:41:12Z,2026-07-19T02:41:12Z
intent_ef36db79d08f,eurusd_monthly_orb_fbo_tp25_1_0_0,eurusd_monthly_orb_fbo_tp25_1_0_0_200706_01,EURUSD,paper,buy,limit,1,1.3364825,,v2b_tp1,submitted,false,,,true,tp1,,,,GTC,2007-06-08,2007-07-01T00:00:00,2026-07-19T02:41:12Z,2026-07-19T02:41:12Z
intent_61b494449a01,eurusd_monthly_orb_fbo_tp25_1_0_0,eurusd_monthly_orb_fbo_tp25_1_0_0_200707_01,EURUSD,paper,sell,stop,1,,1.35258,short_boundary_stop_entry,submitted,true,verify_2392986a7591,,false,entry,,,,GTC,2007-07-05,2007-08-01T00:00:00,2026-07-19T02:41:12Z,2026-07-19T02:41:12Z
intent_fec52364115e,eurusd_monthly_orb_fbo_tp25_1_0_0,eurusd_monthly_orb_fbo_tp25_1_0_0_200708_01,EURUSD,paper,sell,stop,1,,1.36363,short_boundary_stop_entry,submitted,true,verify_5d53a4c68c3c,,false,entry,,,,GTC,2007-08-05,2007-09-01T00:00:00,2026-07-19T02:41:12Z,2026-07-19T02:41:12Z
intent_97077fad3bdd,eurusd_monthly_orb_fbo_tp25_1_0_0,eurusd_monthly_orb_fbo_tp25_1_0_0_200708_01,EURUSD,paper,buy,limit,1,1.3590824999999997,,v2b_tp1,submitted,false,,,true,tp1,,,,GTC,2007-08-13,2007-09-01T00:00:00,2026-07-19T02:41:12Z,2026-07-19T02:41:12Z
intent_9decfa6063bb,eurusd_monthly_orb_fbo_tp25_1_0_0,eurusd_monthly_orb_fbo_tp25_1_0_0_200709_01,EURUSD,paper,sell,stop,1,,1.3548,short_boundary_stop_entry,submitted,true,verify_baf5edb55a29,,false,entry,,,,GTC,2007-09-05,2007-10-01T00:00:00,2026-07-19T02:41:12Z,2026-07-19T02:41:12Z
intent_7807dbf4767e,eurusd_monthly_orb_fbo_tp25_1_0_0,eurusd_monthly_orb_fbo_tp25_1_0_0_200710_01,EURUSD,paper,buy,stop,1,,1.42751,long_boundary_stop_entry,submitted,true,verify_9149138595ca,,false,entry,,,,GTC,2007-10-04,2007-11-01T00:00:00,2026-07-19T02:41:12Z,2026-07-19T02:41:12Z
intent_3aaaabc88f62,eurusd_monthly_orb_fbo_tp25_1_0_0,eurusd_monthly_orb_fbo_tp25_1_0_0_200710_01,EURUSD,paper,sell,limit,1,1.43242,,v2b_tp1,submitted,false,,,true,tp1,,,,GTC,2007-10-18,2007-11-01T00:00:00,2026-07-19T02:41:12Z,2026-07-19T02:41:12Z
intent_ee0d411a09ca,eurusd_monthly_orb_fbo_tp25_1_0_0,eurusd_monthly_orb_fbo_tp25_1_0_0_200711_01,EURUSD,paper,sell,stop,1,,1.43995,short_boundary_stop_entry,submitted,true,verify_f42c6837245a,,false,entry,,,,GTC,2007-11-06,2007-12-01T00:00:00,2026-07-19T02:41:12Z,2026-07-19T02:41:12Z
intent_f17a01ece262,eurusd_monthly_orb_fbo_tp25_1_0_0,eurusd_monthly_orb_fbo_tp25_1_0_0_200712_01,EURUSD,paper,buy,stop,1,,1.47688,long_boundary_stop_entry,submitted,true,verify_2a2488a0890b,,false,entry,,,,GTC,2007-12-06,2007-12-31T23:59:59,2026-07-19T02:41:12Z,2026-07-19T02:41:12Z
intent_8a3191ddd982,eurusd_monthly_orb_fbo_tp25_1_0_0,eurusd_monthly_orb_fbo_tp25_1_0_0_200801_01,EURUSD,paper,sell,stop,1,,1.45718,short_boundary_stop_entry,submitted,true,verify_e7c7c7e96295,,false,entry,,,,GTC,2008-01-04,2008-02-01T00:00:00,2026-07-19T02:41:12Z,2026-07-19T02:41:12Z
intent_4ff2cbad1207,eurusd_monthly_orb_fbo_tp25_1_0_0,eurusd_monthly_orb_fbo_tp25_1_0_0_200801_01,EURUSD,paper,buy,limit,1,1.4519474999999997,,v2b_tp1,submitted,false,,,true,tp1,,,,GTC,2008-01-21,2008-02-01T00:00:00,2026-07-19T02:41:12Z,2026-07-19T02:41:12Z
intent_60c84e758efa,eurusd_monthly_orb_fbo_tp25_1_0_0,eurusd_monthly_orb_fbo_tp25_1_0_0_200802_01,EURUSD,paper,buy,stop,1,,1.49468,long_boundary_stop_entry,submitted,true,verify_0168711462e4,,false,entry,,,,GTC,2008-02-05,2008-03-01T00:00:00,2026-07-19T02:41:12Z,2026-07-19T02:41:12Z
intent_6530a233e1bf,eurusd_monthly_orb_fbo_tp25_1_0_0,eurusd_monthly_orb_fbo_tp25_1_0_0_200802_01,EURUSD,paper,sell,limit,1,1.4987625,,v2b_tp1,submitted,false,,,true,tp1,,,,GTC,2008-02-26,2008-03-01T00:00:00,2026-07-19T02:41:12Z,2026-07-19T02:41:12Z
intent_aa4ae77b0e9c,eurusd_monthly_orb_fbo_tp25_1_0_0,eurusd_monthly_orb_fbo_tp25_1_0_0_200803_01,EURUSD,paper,sell,stop,1,,1.51554,short_boundary_stop_entry,submitted,true,verify_0566530b8342,,false,entry,,,,GTC,2008-03-06,2008-04-01T00:00:00,2026-07-19T02:41:12Z,2026-07-19T02:41:12Z
intent_d35a05bf1e31,eurusd_monthly_orb_fbo_tp25_1_0_0,eurusd_monthly_orb_fbo_tp25_1_0_0_200804_01,EURUSD,paper,sell,stop,1,,1.55073,short_boundary_stop_entry,submitted,true,verify_2ae63fcbdd00,,false,entry,,,,GTC,2008-04-08,2008-05-01T00:00:00,2026-07-19T02:41:12Z,2026-07-19T02:41:12Z
intent_70b579051a20,eurusd_monthly_orb_fbo_tp25_1_0_0,eurusd_monthly_orb_fbo_tp25_1_0_0_200805_01,EURUSD,paper,buy,stop,1,,1.56425,long_boundary_stop_entry,submitted,true,verify_a8466fb5c892,,false,entry,,,,GTC,2008-05-07,2008-06-01T00:00:00,2026-07-19T02:41:12Z,2026-07-19T02:41:12Z
intent_2b40af0ae70b,eurusd_monthly_orb_fbo_tp25_1_0_0,eurusd_monthly_orb_fbo_tp25_1_0_0_200805_01,EURUSD,paper,sell,limit,1,1.5713249999999999,,v2b_tp1,submitted,false,,,true,tp1,,,,GTC,2008-05-20,2008-06-01T00:00:00,2026-07-19T02:41:12Z,2026-07-19T02:41:12Z
intent_d3d9541601d2,eurusd_monthly_orb_fbo_tp25_1_0_0,eurusd_monthly_orb_fbo_tp25_1_0_0_200806_01,EURUSD,paper,buy,stop,1,,1.56275,long_boundary_stop_entry,submitted,true,verify_68ab8a090b38,,false,entry,,,,GTC,2008-06-05,2008-07-01T00:00:00,2026-07-19T02:41:12Z,2026-07-19T02:41:12Z
intent_4571deece9b2,eurusd_monthly_orb_fbo_tp25_1_0_0,eurusd_monthly_orb_fbo_tp25_1_0_0_200806_01,EURUSD,paper,sell,limit,1,1.568235,,v2b_tp1,submitted,false,,,true,tp1,,,,GTC,2008-06-06,2008-07-01T00:00:00,2026-07-19T02:41:12Z,2026-07-19T02:41:12Z
intent_c74d5ecbe010,eurusd_monthly_orb_fbo_tp25_1_0_0,eurusd_monthly_orb_fbo_tp25_1_0_0_200807_01,EURUSD,paper,buy,stop,1,,1.59117,long_boundary_stop_entry,submitted,true,verify_d122561298cd,,false,entry,,,,GTC,2008-07-04,2008-08-01T00:00:00,2026-07-19T02:41:12Z,2026-07-19T02:41:12Z
intent_a0d119fcc134,eurusd_monthly_orb_fbo_tp25_1_0_0,eurusd_monthly_orb_fbo_tp25_1_0_0_200807_01,EURUSD,paper,sell,limit,1,1.5972025,,v2b_tp1,submitted,false,,,true,tp1,,,,GTC,2008-07-11,2008-08-01T00:00:00,2026-07-19T02:41:12Z,2026-07-19T02:41:12Z
intent_0af390467da1,eurusd_monthly_orb_fbo_tp25_1_0_0,eurusd_monthly_orb_fbo_tp25_1_0_0_200808_01,EURUSD,paper,buy,stop,1,,1.56306,long_boundary_stop_entry,submitted,true,verify_f2f1613e8923,,false,entry,,,,GTC,2008-08-05,2008-09-01T00:00:00,2026-07-19T02:41:12Z,2026-07-19T02:41:12Z
intent_047401e9195d,eurusd_monthly_orb_fbo_tp25_1_0_0,eurusd_monthly_orb_fbo_tp25_1_0_0_200809_01,EURUSD,paper,buy,stop,1,,1.47029,long_boundary_stop_entry,submitted,true,verify_0430b9beef32,,false,entry,,,,GTC,2008-09-04,2008-10-01T00:00:00,2026-07-19T02:41:12Z,2026-07-19T02:41:12Z
intent_a24f812126fe,eurusd_monthly_orb_fbo_tp25_1_0_0,eurusd_monthly_orb_fbo_tp25_1_0_0_200809_01,EURUSD,paper,sell,limit,1,1.4783450000000002,,v2b_tp1,submitted,false,,,true,tp1,,,,GTC,2008-09-22,2008-10-01T00:00:00,2026-07-19T02:41:12Z,2026-07-19T02:41:12Z
intent_e55ea39998dd,eurusd_monthly_orb_fbo_tp25_1_0_0,eurusd_monthly_orb_fbo_tp25_1_0_0_200810_01,EURUSD,paper,buy,stop,1,,1.4174,long_boundary_stop_entry,submitted,true,verify_87585c2eb7c9,,false,entry,,,,GTC,2008-10-05,2008-11-01T00:00:00,2026-07-19T02:41:12Z,2026-07-19T02:41:12Z
intent_63e495c12313,eurusd_monthly_orb_fbo_tp25_1_0_0,eurusd_monthly_orb_fbo_tp25_1_0_0_200811_01,EURUSD,paper,sell,stop,1,,1.2525,short_boundary_stop_entry,submitted,true,verify_a1c931d42f17,,false,entry,,,,GTC,2008-11-05,2008-12-01T00:00:00,2026-07-19T02:41:13Z,2026-07-19T02:41:13Z
intent_c5a8308c5fc7,eurusd_monthly_orb_fbo_tp25_1_0_0,eurusd_monthly_orb_fbo_tp25_1_0_0_200811_01,EURUSD,paper,buy,limit,1,1.239415,,v2b_tp1,submitted,false,,,true,tp1,,,,GTC,2008-11-11,2008-12-01T00:00:00,2026-07-19T02:41:13Z,2026-07-19T02:41:13Z
intent_1d94311aee4a,eurusd_monthly_orb_fbo_tp25_1_0_0,eurusd_monthly_orb_fbo_tp25_1_0_0_200812_01,EURUSD,paper,sell,stop,1,,1.2562,short_boundary_stop_entry,submitted,true,verify_9f05a4a1e55d,,false,entry,,,,GTC,2008-12-05,2008-12-31T23:59:59,2026-07-19T02:41:13Z,2026-07-19T02:41:13Z
intent_85b6df6b7a71,eurusd_monthly_orb_fbo_tp25_1_0_0,eurusd_monthly_orb_fbo_tp25_1_0_0_200901_01,EURUSD,paper,buy,stop,1,,1.40707,long_boundary_stop_entry,submitted,true,verify_4f9d86643625,,false,entry,,,,GTC,2009-01-05,2009-02-01T00:00:00,2026-07-19T02:41:13Z,2026-07-19T02:41:13Z
intent_34b626f0d2b5,eurusd_monthly_orb_fbo_tp25_1_0_0,eurusd_monthly_orb_fbo_tp25_1_0_0_200902_01,EURUSD,paper,sell,stop,1,,1.27055,short_boundary_stop_entry,submitted,true,verify_21b4c23c0472,,false,entry,,,,GTC,2009-02-04,2009-03-01T00:00:00,2026-07-19T02:41:13Z,2026-07-19T02:41:13Z
intent_2242718ce990,eurusd_monthly_orb_fbo_tp25_1_0_0,eurusd_monthly_orb_fbo_tp25_1_0_0_200902_01,EURUSD,paper,buy,limit,1,1.261765,,v2b_tp1,submitted,false,,,true,tp1,,,,GTC,2009-02-17,2009-03-01T00:00:00,2026-07-19T02:41:13Z,2026-07-19T02:41:13Z
intent_ea82dd7fc2a2,eurusd_monthly_orb_fbo_tp25_1_0_0,eurusd_monthly_orb_fbo_tp25_1_0_0_200903_01,EURUSD,paper,buy,stop,1,,1.26775,long_boundary_stop_entry,submitted,true,verify_ed7cdc20961b,,false,entry,,,,GTC,2009-03-04,2009-04-01T00:00:00,2026-07-19T02:41:13Z,2026-07-19T02:41:13Z
intent_fa4c13a36ff4,eurusd_monthly_orb_fbo_tp25_1_0_0,eurusd_monthly_orb_fbo_tp25_1_0_0_200903_01,EURUSD,paper,sell,limit,1,1.2716725,,v2b_tp1,submitted,false,,,true,tp1,,,,GTC,2009-03-06,2009-04-01T00:00:00,2026-07-19T02:41:13Z,2026-07-19T02:41:13Z
intent_bf60d72ad0d5,eurusd_monthly_orb_fbo_tp25_1_0_0,eurusd_monthly_orb_fbo_tp25_1_0_0_200904_01,EURUSD,paper,sell,stop,1,,1.31665,short_boundary_stop_entry,submitted,true,verify_bb516e356bc6,,false,entry,,,,GTC,2009-04-05,2009-05-01T00:00:00,2026-07-19T02:41:13Z,2026-07-19T02:41:13Z
intent_4ebfb4d548fc,eurusd_monthly_orb_fbo_tp25_1_0_0,eurusd_monthly_orb_fbo_tp25_1_0_0_200904_01,EURUSD,paper,buy,limit,1,1.3078775,,v2b_tp1,submitted,false,,,true,tp1,,,,GTC,2009-04-08,2009-05-01T00:00:00,2026-07-19T02:41:13Z,2026-07-19T02:41:13Z
intent_6e0d5c6b371d,eurusd_monthly_orb_fbo_tp25_1_0_0,eurusd_monthly_orb_fbo_tp25_1_0_0_200905_01,EURUSD,paper,sell,stop,1,,1.3212,short_boundary_stop_entry,submitted,true,verify_57c1212aae92,,false,entry,,,,GTC,2009-05-07,2009-06-01T00:00:00,2026-07-19T02:41:13Z,2026-07-19T02:41:13Z
intent_fce33c68e974,eurusd_monthly_orb_fbo_tp25_1_0_0,eurusd_monthly_orb_fbo_tp25_1_0_0_200906_01,EURUSD,paper,buy,stop,1,,1.4337,long_boundary_stop_entry,submitted,true,verify_07e391cc71cc,,false,entry,,,,GTC,2009-06-04,2009-07-01T00:00:00,2026-07-19T02:41:13Z,2026-07-19T02:41:13Z
intent_07ffd97d36e3,eurusd_monthly_orb_fbo_tp25_1_0_0,eurusd_monthly_orb_fbo_tp25_1_0_0_200907_01,EURUSD,paper,buy,stop,1,,1.41993,long_boundary_stop_entry,submitted,true,verify_78bb351b1a9a,,false,entry,,,,GTC,2009-07-06,2009-08-01T00:00:00,2026-07-19T02:41:13Z,2026-07-19T02:41:13Z
intent_ab830047ca39,eurusd_monthly_orb_fbo_tp25_1_0_0,eurusd_monthly_orb_fbo_tp25_1_0_0_200907_01,EURUSD,paper,sell,limit,1,1.4267824999999998,,v2b_tp1,submitted,false,,,true,tp1,,,,GTC,2009-07-20,2009-08-01T00:00:00,2026-07-19T02:41:13Z,2026-07-19T02:41:13Z
intent_1fec0d07fc2b,eurusd_monthly_orb_fbo_tp25_1_0_0,eurusd_monthly_orb_fbo_tp25_1_0_0_200908_01,EURUSD,paper,sell,stop,1,,1.42025,short_boundary_stop_entry,submitted,true,verify_d53e90c9e512,,false,entry,,,,GTC,2009-08-05,2009-09-01T00:00:00,2026-07-19T02:41:13Z,2026-07-19T02:41:13Z
intent_a93c581973e7,eurusd_monthly_orb_fbo_tp25_1_0_0,eurusd_monthly_orb_fbo_tp25_1_0_0_200908_01,EURUSD,paper,buy,limit,1,1.4141925,,v2b_tp1,submitted,false,,,true,tp1,,,,GTC,2009-08-07,2009-09-01T00:00:00,2026-07-19T02:41:13Z,2026-07-19T02:41:13Z
intent_2ea4b95640eb,eurusd_monthly_orb_fbo_tp25_1_0_0,eurusd_monthly_orb_fbo_tp25_1_0_0_200909_01,EURUSD,paper,sell,stop,1,,1.41741,short_boundary_stop_entry,submitted,true,verify_a347f5ceec43,,false,entry,,,,GTC,2009-09-08,2009-10-01T00:00:00,2026-07-19T02:41:13Z,2026-07-19T02:41:13Z
intent_4a39d65c9f20,eurusd_monthly_orb_fbo_tp25_1_0_0,eurusd_monthly_orb_fbo_tp25_1_0_0_200910_01,EURUSD,paper,sell,stop,1,,1.44792,short_boundary_stop_entry,submitted,true,verify_634ad7cdc41d,,false,entry,,,,GTC,2009-10-05,2009-11-01T00:00:00,2026-07-19T02:41:13Z,2026-07-19T02:41:13Z
intent_835bedd24f58,eurusd_monthly_orb_fbo_tp25_1_0_0,eurusd_monthly_orb_fbo_tp25_1_0_0_200911_01,EURUSD,paper,sell,stop,1,,1.46235,short_boundary_stop_entry,submitted,true,verify_08cab4347365,,false,entry,,,,GTC,2009-11-04,2009-12-01T00:00:00,2026-07-19T02:41:13Z,2026-07-19T02:41:13Z
intent_2591279740ef,eurusd_monthly_orb_fbo_tp25_1_0_0,eurusd_monthly_orb_fbo_tp25_1_0_0_200912_01,EURUSD,paper,buy,stop,1,,1.51398,long_boundary_stop_entry,submitted,true,verify_86fb85ccf13d,,false,entry,,,,GTC,2009-12-04,2009-12-31T23:59:59,2026-07-19T02:41:13Z,2026-07-19T02:41:13Z
intent_f87fb1327dd8,eurusd_monthly_orb_fbo_tp25_1_0_0,eurusd_monthly_orb_fbo_tp25_1_0_0_201001_01,EURUSD,paper,sell,stop,1,,1.42559,short_boundary_stop_entry,submitted,true,verify_7bef408e0eb2,,false,entry,,,,GTC,2010-01-05,2010-02-01T00:00:00,2026-07-19T02:41:13Z,2026-07-19T02:41:13Z
intent_5523e2971715,eurusd_monthly_orb_fbo_tp25_1_0_0,eurusd_monthly_orb_fbo_tp25_1_0_0_201001_01,EURUSD,paper,buy,limit,1,1.4205875,,v2b_tp1,submitted,false,,,true,tp1,,,,GTC,2010-01-19,2010-02-01T00:00:00,2026-07-19T02:41:13Z,2026-07-19T02:41:13Z
intent_bb2d25d25197,eurusd_monthly_orb_fbo_tp25_1_0_0,eurusd_monthly_orb_fbo_tp25_1_0_0_201002_01,EURUSD,paper,buy,stop,1,,1.40247,long_boundary_stop_entry,submitted,true,verify_1e537b11ba7d,,false,entry,,,,GTC,2010-02-04,2010-03-01T00:00:00,2026-07-19T02:41:13Z,2026-07-19T02:41:13Z
intent_f09e2fdabcb0,eurusd_monthly_orb_fbo_tp25_1_0_0,eurusd_monthly_orb_fbo_tp25_1_0_0_201003_01,EURUSD,paper,sell,stop,1,,1.34345,short_boundary_stop_entry,submitted,true,verify_1c16b3123874,,false,entry,,,,GTC,2010-03-12,2010-04-01T00:00:00,2026-07-19T02:41:13Z,2026-07-19T02:41:13Z
intent_e475b9e52c78,eurusd_monthly_orb_fbo_tp25_1_0_0,eurusd_monthly_orb_fbo_tp25_1_0_0_201003_01,EURUSD,paper,buy,limit,1,1.3359125,,v2b_tp1,submitted,false,,,true,tp1,,,,GTC,2010-03-24,2010-04-01T00:00:00,2026-07-19T02:41:13Z,2026-07-19T02:41:13Z
intent_cbc0a243f125,eurusd_monthly_orb_fbo_tp25_1_0_0,eurusd_monthly_orb_fbo_tp25_1_0_0_201004_01,EURUSD,paper,buy,stop,1,,1.35904,long_boundary_stop_entry,submitted,true,verify_eb7ac892c429,,false,entry,,,,GTC,2010-04-05,2010-05-01T00:00:00,2026-07-19T02:41:13Z,2026-07-19T02:41:13Z
intent_84e04905836a,eurusd_monthly_orb_fbo_tp25_1_0_0,eurusd_monthly_orb_fbo_tp25_1_0_0_201004_01,EURUSD,paper,sell,limit,1,1.3623725000000002,,v2b_tp1,submitted,false,,,true,tp1,,,,GTC,2010-04-11,2010-05-01T00:00:00,2026-07-19T02:41:13Z,2026-07-19T02:41:13Z
intent_f3f14a2df867,eurusd_monthly_orb_fbo_tp25_1_0_0,eurusd_monthly_orb_fbo_tp25_1_0_0_201005_01,EURUSD,paper,buy,stop,1,,1.33586,long_boundary_stop_entry,submitted,true,verify_403cef580ce2,,false,entry,,,,GTC,2010-05-05,2010-06-01T00:00:00,2026-07-19T02:41:13Z,2026-07-19T02:41:13Z
intent_4f4ea041f7bd,eurusd_monthly_orb_fbo_tp25_1_0_0,eurusd_monthly_orb_fbo_tp25_1_0_0_201006_01,EURUSD,paper,buy,stop,1,,1.23521,long_boundary_stop_entry,submitted,true,verify_56906d1a00cf,,false,entry,,,,GTC,2010-06-04,2010-07-01T00:00:00,2026-07-19T02:41:13Z,2026-07-19T02:41:13Z
intent_d675453f88d7,eurusd_monthly_orb_fbo_tp25_1_0_0,eurusd_monthly_orb_fbo_tp25_1_0_0_201006_01,EURUSD,paper,sell,limit,1,1.2413224999999999,,v2b_tp1,submitted,false,,,true,tp1,,,,GTC,2010-06-17,2010-07-01T00:00:00,2026-07-19T02:41:13Z,2026-07-19T02:41:13Z
intent_77d4f6ba957e,eurusd_monthly_orb_fbo_tp25_1_0_0,eurusd_monthly_orb_fbo_tp25_1_0_0_201007_01,EURUSD,paper,sell,stop,1,,1.21914,short_boundary_stop_entry,submitted,true,verify_c0d0fe262248,,false,entry,,,,GTC,2010-07-06,2010-08-01T00:00:00,2026-07-19T02:41:13Z,2026-07-19T02:41:13Z
intent_831a513f272a,eurusd_monthly_orb_fbo_tp25_1_0_0,eurusd_monthly_orb_fbo_tp25_1_0_0_201008_01,EURUSD,paper,sell,stop,1,,1.30498,short_boundary_stop_entry,submitted,true,verify_c800066106d0,,false,entry,,,,GTC,2010-08-06,2010-09-01T00:00:00,2026-07-19T02:41:13Z,2026-07-19T02:41:13Z
intent_d18c0763a6e8,eurusd_monthly_orb_fbo_tp25_1_0_0,eurusd_monthly_orb_fbo_tp25_1_0_0_201008_01,EURUSD,paper,buy,limit,1,1.2996775,,v2b_tp1,submitted,false,,,true,tp1,,,,GTC,2010-08-11,2010-09-01T00:00:00,2026-07-19T02:41:13Z,2026-07-19T02:41:13Z
intent_9b7f9126eae1,eurusd_monthly_orb_fbo_tp25_1_0_0,eurusd_monthly_orb_fbo_tp25_1_0_0_201009_01,EURUSD,paper,sell,stop,1,,1.2661,short_boundary_stop_entry,submitted,true,verify_f49bab844cd4,,false,entry,,,,GTC,2010-09-06,2010-10-01T00:00:00,2026-07-19T02:41:14Z,2026-07-19T02:41:14Z
intent_4d960f6a69b4,eurusd_monthly_orb_fbo_tp25_1_0_0,eurusd_monthly_orb_fbo_tp25_1_0_0_201009_01,EURUSD,paper,buy,limit,1,1.2601875,,v2b_tp1,submitted,false,,,true,tp1,,,,GTC,2010-09-08,2010-10-01T00:00:00,2026-07-19T02:41:14Z,2026-07-19T02:41:14Z
intent_f4d84825e41c,eurusd_monthly_orb_fbo_tp25_1_0_0,eurusd_monthly_orb_fbo_tp25_1_0_0_201009_01,EURUSD,paper,buy,market_close,1,,,stop_close,submitted,false,,,true,close,,,,GTC,2010-09-14,,2026-07-19T02:41:14Z,2026-07-19T02:41:14Z
intent_e717fa7a5376,eurusd_monthly_orb_fbo_tp25_1_0_0,eurusd_monthly_orb_fbo_tp25_1_0_0_201009_02,EURUSD,paper,sell,stop,1,,1.2661,short_boundary_stop_entry,submitted,true,verify_7832d9fb4756,,false,entry,,,,GTC,2010-09-15,2010-10-01T00:00:00,2026-07-19T02:41:14Z,2026-07-19T02:41:14Z
intent_4b6d54e75730,eurusd_monthly_orb_fbo_tp25_1_0_0,eurusd_monthly_orb_fbo_tp25_1_0_0_201010_01,EURUSD,paper,sell,stop,1,,1.36273,short_boundary_stop_entry,submitted,true,verify_7c7c40a4a72d,,false,entry,,,,GTC,2010-10-05,2010-11-01T00:00:00,2026-07-19T02:41:14Z,2026-07-19T02:41:14Z
intent_4679affeec02,eurusd_monthly_orb_fbo_tp25_1_0_0,eurusd_monthly_orb_fbo_tp25_1_0_0_201011_01,EURUSD,paper,sell,stop,1,,1.3862,short_boundary_stop_entry,submitted,true,verify_d8956754fa41,,false,entry,,,,GTC,2010-11-04,2010-12-01T00:00:00,2026-07-19T02:41:14Z,2026-07-19T02:41:14Z
intent_83f173ae1ff7,eurusd_monthly_orb_fbo_tp25_1_0_0,eurusd_monthly_orb_fbo_tp25_1_0_0_201011_01,EURUSD,paper,buy,limit,1,1.3790775000000002,,v2b_tp1,submitted,false,,,true,tp1,,,,GTC,2010-11-08,2010-12-01T00:00:00,2026-07-19T02:41:14Z,2026-07-19T02:41:14Z
intent_999e9fe769b7,eurusd_monthly_orb_fbo_tp25_1_0_0,eurusd_monthly_orb_fbo_tp25_1_0_0_201012_01,EURUSD,paper,sell,stop,1,,1.29707,short_boundary_stop_entry,submitted,true,verify_e1280cc1bb90,,false,entry,,,,GTC,2010-12-14,2010-12-31T23:59:59,2026-07-19T02:41:14Z,2026-07-19T02:41:14Z
intent_ec8a306d7af0,eurusd_monthly_orb_fbo_tp25_1_0_0,eurusd_monthly_orb_fbo_tp25_1_0_0_201101_01,EURUSD,paper,buy,stop,1,,1.34298,long_boundary_stop_entry,submitted,true,verify_11b690fad10e,,false,entry,,,,GTC,2011-01-05,2011-02-01T00:00:00,2026-07-19T02:41:14Z,2026-07-19T02:41:14Z
intent_f480730ef0d6,eurusd_monthly_orb_fbo_tp25_1_0_0,eurusd_monthly_orb_fbo_tp25_1_0_0_201101_01,EURUSD,paper,sell,limit,1,1.3474850000000003,,v2b_tp1,submitted,false,,,true,tp1,,,,GTC,2011-01-14,2011-02-01T00:00:00,2026-07-19T02:41:14Z,2026-07-19T02:41:14Z
intent_4e54a13fce62,eurusd_monthly_orb_fbo_tp25_1_0_0,eurusd_monthly_orb_fbo_tp25_1_0_0_201102_01,EURUSD,paper,buy,stop,1,,1.38612,long_boundary_stop_entry,submitted,true,verify_88116b537ac0,,false,entry,,,,GTC,2011-02-04,2011-03-01T00:00:00,2026-07-19T02:41:14Z,2026-07-19T02:41:14Z
intent_817d7f751e9a,eurusd_monthly_orb_fbo_tp25_1_0_0,eurusd_monthly_orb_fbo_tp25_1_0_0_201103_01,EURUSD,paper,sell,stop,1,,1.3743,short_boundary_stop_entry,submitted,true,verify_773812009263,,false,entry,,,,GTC,2011-03-04,2011-04-01T00:00:00,2026-07-19T02:41:14Z,2026-07-19T02:41:14Z
intent_25e4d8432a1f,eurusd_monthly_orb_fbo_tp25_1_0_0,eurusd_monthly_orb_fbo_tp25_1_0_0_201104_01,EURUSD,paper,sell,stop,1,,1.40618,short_boundary_stop_entry,submitted,true,verify_89b5f32f21af,,false,entry,,,,GTC,2011-04-06,2011-05-01T00:00:00,2026-07-19T02:41:14Z,2026-07-19T02:41:14Z
intent_d705637c4695,eurusd_monthly_orb_fbo_tp25_1_0_0,eurusd_monthly_orb_fbo_tp25_1_0_0_201105_01,EURUSD,paper,sell,stop,1,,1.4754,short_boundary_stop_entry,submitted,true,verify_f4a825b2aa87,,false,entry,,,,GTC,2011-05-04,2011-06-01T00:00:00,2026-07-19T02:41:14Z,2026-07-19T02:41:14Z
intent_d8f882a11f89,eurusd_monthly_orb_fbo_tp25_1_0_0,eurusd_monthly_orb_fbo_tp25_1_0_0_201105_01,EURUSD,paper,buy,limit,1,1.4717025,,v2b_tp1,submitted,false,,,true,tp1,,,,GTC,2011-05-05,2011-06-01T00:00:00,2026-07-19T02:41:14Z,2026-07-19T02:41:14Z
intent_8b2ef5aab43d,eurusd_monthly_orb_fbo_tp25_1_0_0,eurusd_monthly_orb_fbo_tp25_1_0_0_201106_01,EURUSD,paper,sell,stop,1,,1.43077,short_boundary_stop_entry,submitted,true,verify_ca8ac8a11c95,,false,entry,,,,GTC,2011-06-05,2011-07-01T00:00:00,2026-07-19T02:41:14Z,2026-07-19T02:41:14Z
intent_1d95b051299e,eurusd_monthly_orb_fbo_tp25_1_0_0,eurusd_monthly_orb_fbo_tp25_1_0_0_201106_01,EURUSD,paper,buy,limit,1,1.422395,,v2b_tp1,submitted,false,,,true,tp1,,,,GTC,2011-06-15,2011-07-01T00:00:00,2026-07-19T02:41:14Z,2026-07-19T02:41:14Z
intent_3de3a3a7ca81,eurusd_monthly_orb_fbo_tp25_1_0_0,eurusd_monthly_orb_fbo_tp25_1_0_0_201107_01,EURUSD,paper,buy,stop,1,,1.45774,long_boundary_stop_entry,submitted,true,verify_02834e9b69e9,,false,entry,,,,GTC,2011-07-05,2011-08-01T00:00:00,2026-07-19T02:41:14Z,2026-07-19T02:41:14Z
intent_dfea1ec5b4ae,eurusd_monthly_orb_fbo_tp25_1_0_0,eurusd_monthly_orb_fbo_tp25_1_0_0_201108_01,EURUSD,paper,buy,stop,1,,1.44526,long_boundary_stop_entry,submitted,true,verify_ec3d3b77545b,,false,entry,,,,GTC,2011-08-04,2011-09-01T00:00:00,2026-07-19T02:41:14Z,2026-07-19T02:41:14Z
intent_9c23d8aff574,eurusd_monthly_orb_fbo_tp25_1_0_0,eurusd_monthly_orb_fbo_tp25_1_0_0_201108_01,EURUSD,paper,sell,limit,1,1.4529525,,v2b_tp1,submitted,false,,,true,tp1,,,,GTC,2011-08-15,2011-09-01T00:00:00,2026-07-19T02:41:14Z,2026-07-19T02:41:14Z
intent_9879cd584259,eurusd_monthly_orb_fbo_tp25_1_0_0,eurusd_monthly_orb_fbo_tp25_1_0_0_201109_01,EURUSD,paper,buy,stop,1,,1.43771,long_boundary_stop_entry,submitted,true,verify_462feacf4116,,false,entry,,,,GTC,2011-09-05,2011-10-01T00:00:00,2026-07-19T02:41:14Z,2026-07-19T02:41:14Z
intent_54e59fa8d17e,eurusd_monthly_orb_fbo_tp25_1_0_0,eurusd_monthly_orb_fbo_tp25_1_0_0_201110_01,EURUSD,paper,sell,stop,1,,1.31481,short_boundary_stop_entry,submitted,true,verify_d8f9382bd7d7,,false,entry,,,,GTC,2011-10-05,2011-11-01T00:00:00,2026-07-19T02:41:14Z,2026-07-19T02:41:14Z
intent_da1b0f226869,eurusd_monthly_orb_fbo_tp25_1_0_0,eurusd_monthly_orb_fbo_tp25_1_0_0_201111_01,EURUSD,paper,buy,stop,1,,1.38705,long_boundary_stop_entry,submitted,true,verify_815ee7033189,,false,entry,,,,GTC,2011-11-09,2011-12-01T00:00:00,2026-07-19T02:41:14Z,2026-07-19T02:41:14Z
intent_8e62dc110847,eurusd_monthly_orb_fbo_tp25_1_0_0,eurusd_monthly_orb_fbo_tp25_1_0_0_201112_01,EURUSD,paper,buy,stop,1,,1.35357,long_boundary_stop_entry,submitted,true,verify_a03f3eb04292,,false,entry,,,,GTC,2011-12-06,2011-12-31T23:59:59,2026-07-19T02:41:14Z,2026-07-19T02:41:14Z
intent_522041877aa6,eurusd_monthly_orb_fbo_tp25_1_0_0,eurusd_monthly_orb_fbo_tp25_1_0_0_201201_01,EURUSD,paper,buy,stop,1,,1.30758,long_boundary_stop_entry,submitted,true,verify_c5c1e5d74044,,false,entry,,,,GTC,2012-01-04,2012-02-01T00:00:00,2026-07-19T02:41:14Z,2026-07-19T02:41:14Z
intent_66731fbea53a,eurusd_monthly_orb_fbo_tp25_1_0_0,eurusd_monthly_orb_fbo_tp25_1_0_0_201201_01,EURUSD,paper,sell,limit,1,1.3115525,,v2b_tp1,submitted,false,,,true,tp1,,,,GTC,2012-01-25,2012-02-01T00:00:00,2026-07-19T02:41:14Z,2026-07-19T02:41:14Z
intent_8aa60e17bb37,eurusd_monthly_orb_fbo_tp25_1_0_0,eurusd_monthly_orb_fbo_tp25_1_0_0_201202_01,EURUSD,paper,sell,stop,1,,1.3026,short_boundary_stop_entry,submitted,true,verify_80a53effaeba,,false,entry,,,,GTC,2012-02-07,2012-03-01T00:00:00,2026-07-19T02:41:14Z,2026-07-19T02:41:14Z
intent_d7c3cfdf3102,eurusd_monthly_orb_fbo_tp25_1_0_0,eurusd_monthly_orb_fbo_tp25_1_0_0_201202_01,EURUSD,paper,buy,limit,1,1.2978049999999999,,v2b_tp1,submitted,false,,,true,tp1,,,,GTC,2012-02-16,2012-03-01T00:00:00,2026-07-19T02:41:15Z,2026-07-19T02:41:15Z
intent_81f13a62aedd,eurusd_monthly_orb_fbo_tp25_1_0_0,eurusd_monthly_orb_fbo_tp25_1_0_0_201202_01,EURUSD,paper,buy,market_close,1,,,stop_close,submitted,false,,,true,close,,,,GTC,2012-02-19,,2026-07-19T02:41:15Z,2026-07-19T02:41:15Z
intent_5e1c024a9f0d,eurusd_monthly_orb_fbo_tp25_1_0_0,eurusd_monthly_orb_fbo_tp25_1_0_0_201202_02,EURUSD,paper,sell,stop,1,,1.3026,short_boundary_stop_entry,submitted,true,verify_7b8726cca61d,,false,entry,,,,GTC,2012-02-20,2012-03-01T00:00:00,2026-07-19T02:41:15Z,2026-07-19T02:41:15Z
intent_52bd54216453,eurusd_monthly_orb_fbo_tp25_1_0_0,eurusd_monthly_orb_fbo_tp25_1_0_0_201203_01,EURUSD,paper,buy,stop,1,,1.33556,long_boundary_stop_entry,submitted,true,verify_d661c8bd2681,,false,entry,,,,GTC,2012-03-05,2012-04-01T00:00:00,2026-07-19T02:41:15Z,2026-07-19T02:41:15Z
intent_1524307efa83,eurusd_monthly_orb_fbo_tp25_1_0_0,eurusd_monthly_orb_fbo_tp25_1_0_0_201203_01,EURUSD,paper,sell,limit,1,1.3399100000000002,,v2b_tp1,submitted,false,,,true,tp1,,,,GTC,2012-03-26,2012-04-01T00:00:00,2026-07-19T02:41:15Z,2026-07-19T02:41:15Z
intent_8a4d36d71ff7,eurusd_monthly_orb_fbo_tp25_1_0_0,eurusd_monthly_orb_fbo_tp25_1_0_0_201203_01,EURUSD,paper,sell,market_close,1,,,month_end_flatten,submitted,false,,,true,close,,,,GTC,2012-03-30,,2026-07-19T02:41:15Z,2026-07-19T02:41:15Z
intent_3c2bde1ce669,eurusd_monthly_orb_fbo_tp25_1_0_0,eurusd_monthly_orb_fbo_tp25_1_0_0_201204_01,EURUSD,paper,buy,stop,1,,1.33803,long_boundary_stop_entry,submitted,true,verify_23682c351e55,,false,entry,,,,GTC,2012-04-04,2012-05-01T00:00:00,2026-07-19T02:41:15Z,2026-07-19T02:41:15Z
intent_b0d6d772eff8,eurusd_monthly_orb_fbo_tp25_1_0_0,eurusd_monthly_orb_fbo_tp25_1_0_0_201205_01,EURUSD,paper,buy,stop,1,,1.32828,long_boundary_stop_entry,submitted,true,verify_c5c81698c297,,false,entry,,,,GTC,2012-05-04,2012-06-01T00:00:00,2026-07-19T02:41:15Z,2026-07-19T02:41:15Z
intent_68c0d96dccbc,eurusd_monthly_orb_fbo_tp25_1_0_0,eurusd_monthly_orb_fbo_tp25_1_0_0_201206_01,EURUSD,paper,sell,stop,1,,1.22913,short_boundary_stop_entry,submitted,true,verify_2fcc2d6b6880,,false,entry,,,,GTC,2012-06-05,2012-07-01T00:00:00,2026-07-19T02:41:15Z,2026-07-19T02:41:15Z
intent_570b1f05ca36,eurusd_monthly_orb_fbo_tp25_1_0_0,eurusd_monthly_orb_fbo_tp25_1_0_0_201207_01,EURUSD,paper,buy,stop,1,,1.26777,long_boundary_stop_entry,submitted,true,verify_cbd721cb860b,,false,entry,,,,GTC,2012-07-04,2012-08-01T00:00:00,2026-07-19T02:41:15Z,2026-07-19T02:41:15Z
intent_02b3cc0267fd,eurusd_monthly_orb_fbo_tp25_1_0_0,eurusd_monthly_orb_fbo_tp25_1_0_0_201208_01,EURUSD,paper,sell,stop,1,,1.21339,short_boundary_stop_entry,submitted,true,verify_34b9f4b3edb4,,false,entry,,,,GTC,2012-08-05,2012-09-01T00:00:00,2026-07-19T02:41:15Z,2026-07-19T02:41:15Z
intent_5b0c018c2693,eurusd_monthly_orb_fbo_tp25_1_0_0,eurusd_monthly_orb_fbo_tp25_1_0_0_201209_01,EURUSD,paper,buy,stop,1,,1.26275,long_boundary_stop_entry,submitted,true,verify_a6c412ee201b,,false,entry,,,,GTC,2012-09-05,2012-10-01T00:00:00,2026-07-19T02:41:15Z,2026-07-19T02:41:15Z
intent_b11fb4debc90,eurusd_monthly_orb_fbo_tp25_1_0_0,eurusd_monthly_orb_fbo_tp25_1_0_0_201209_01,EURUSD,paper,sell,limit,1,1.2653,,v2b_tp1,submitted,false,,,true,tp1,,,,GTC,2012-09-06,2012-10-01T00:00:00,2026-07-19T02:41:15Z,2026-07-19T02:41:15Z
intent_874f1e9a0d3b,eurusd_monthly_orb_fbo_tp25_1_0_0,eurusd_monthly_orb_fbo_tp25_1_0_0_201210_01,EURUSD,paper,sell,stop,1,,1.28049,short_boundary_stop_entry,submitted,true,verify_4b0e1b94a31f,,false,entry,,,,GTC,2012-10-04,2012-11-01T00:00:00,2026-07-19T02:41:15Z,2026-07-19T02:41:15Z
intent_bd746c454f7e,eurusd_monthly_orb_fbo_tp25_1_0_0,eurusd_monthly_orb_fbo_tp25_1_0_0_201211_01,EURUSD,paper,buy,stop,1,,1.29823,long_boundary_stop_entry,submitted,true,verify_9e343397ed79,,false,entry,,,,GTC,2012-11-05,2012-12-01T00:00:00,2026-07-19T02:41:15Z,2026-07-19T02:41:15Z
intent_c09622e62f46,eurusd_monthly_orb_fbo_tp25_1_0_0,eurusd_monthly_orb_fbo_tp25_1_0_0_201211_01,EURUSD,paper,sell,limit,1,1.30239,,v2b_tp1,submitted,false,,,true,tp1,,,,GTC,2012-11-23,2012-12-01T00:00:00,2026-07-19T02:41:15Z,2026-07-19T02:41:15Z
intent_420302762c88,eurusd_monthly_orb_fbo_tp25_1_0_0,eurusd_monthly_orb_fbo_tp25_1_0_0_201212_01,EURUSD,paper,sell,stop,1,,1.29819,short_boundary_stop_entry,submitted,true,verify_01e29952e2fb,,false,entry,,,,GTC,2012-12-05,2012-12-31T23:59:59,2026-07-19T02:41:15Z,2026-07-19T02:41:15Z
intent_4271d8310a6c,eurusd_monthly_orb_fbo_tp25_1_0_0,eurusd_monthly_orb_fbo_tp25_1_0_0_201212_01,EURUSD,paper,buy,limit,1,1.29503,,v2b_tp1,submitted,false,,,true,tp1,,,,GTC,2012-12-06,2012-12-31T23:59:59,2026-07-19T02:41:15Z,2026-07-19T02:41:15Z
intent_bb1071793025,eurusd_monthly_orb_fbo_tp25_1_0_0,eurusd_monthly_orb_fbo_tp25_1_0_0_201301_01,EURUSD,paper,buy,stop,1,,1.32991,long_boundary_stop_entry,submitted,true,verify_2ed4d25911d1,,false,entry,,,,GTC,2013-01-04,2013-02-01T00:00:00,2026-07-19T02:41:15Z,2026-07-19T02:41:15Z
intent_697b265d6253,eurusd_monthly_orb_fbo_tp25_1_0_0,eurusd_monthly_orb_fbo_tp25_1_0_0_201301_01,EURUSD,paper,sell,limit,1,1.3368425,,v2b_tp1,submitted,false,,,true,tp1,,,,GTC,2013-01-11,2013-02-01T00:00:00,2026-07-19T02:41:15Z,2026-07-19T02:41:15Z
intent_0d537ad522f9,eurusd_monthly_orb_fbo_tp25_1_0_0,eurusd_monthly_orb_fbo_tp25_1_0_0_201302_01,EURUSD,paper,buy,stop,1,,1.37108,long_boundary_stop_entry,submitted,true,verify_04274e258887,,false,entry,,,,GTC,2013-02-05,2013-03-01T00:00:00,2026-07-19T02:41:15Z,2026-07-19T02:41:15Z
intent_547272a4561a,eurusd_monthly_orb_fbo_tp25_1_0_0,eurusd_monthly_orb_fbo_tp25_1_0_0_201303_01,EURUSD,paper,buy,stop,1,,1.3101,long_boundary_stop_entry,submitted,true,verify_ecb43567e791,,false,entry,,,,GTC,2013-03-06,2013-04-01T00:00:00,2026-07-19T02:41:15Z,2026-07-19T02:41:15Z
intent_9cb9227025f4,eurusd_monthly_orb_fbo_tp25_1_0_0,eurusd_monthly_orb_fbo_tp25_1_0_0_201303_01,EURUSD,paper,sell,limit,1,1.3134750000000002,,v2b_tp1,submitted,false,,,true,tp1,,,,GTC,2013-03-07,2013-04-01T00:00:00,2026-07-19T02:41:15Z,2026-07-19T02:41:15Z
intent_2c22a2912fbf,eurusd_monthly_orb_fbo_tp25_1_0_0,eurusd_monthly_orb_fbo_tp25_1_0_0_201303_01,EURUSD,paper,sell,market_close,1,,,stop_close,submitted,false,,,true,close,,,,GTC,2013-03-13,,2026-07-19T02:41:15Z,2026-07-19T02:41:15Z
intent_d8db260cf86a,eurusd_monthly_orb_fbo_tp25_1_0_0,eurusd_monthly_orb_fbo_tp25_1_0_0_201303_02,EURUSD,paper,buy,stop,1,,1.3101,long_boundary_stop_entry,submitted,true,verify_9dcf4a7450ae,,false,entry,,,,GTC,2013-03-14,2013-04-01T00:00:00,2026-07-19T02:41:15Z,2026-07-19T02:41:15Z
intent_7c4e64e16f51,eurusd_monthly_orb_fbo_tp25_1_0_0,eurusd_monthly_orb_fbo_tp25_1_0_0_201303_02,EURUSD,paper,sell,limit,1,1.3134750000000002,,v2b_tp1,submitted,false,,,true,tp1,,,,GTC,2013-03-15,2013-04-01T00:00:00,2026-07-19T02:41:15Z,2026-07-19T02:41:15Z
intent_cc8087f0dbdd,eurusd_monthly_orb_fbo_tp25_1_0_0,eurusd_monthly_orb_fbo_tp25_1_0_0_201303_02,EURUSD,paper,sell,market_close,1,,,stop_close,submitted,false,,,true,close,,,,GTC,2013-03-17,,2026-07-19T02:41:15Z,2026-07-19T02:41:15Z
intent_b31daf087643,eurusd_monthly_orb_fbo_tp25_1_0_0,eurusd_monthly_orb_fbo_tp25_1_0_0_201304_01,EURUSD,paper,sell,stop,1,,1.27713,short_boundary_stop_entry,submitted,true,verify_29f201686cce,,false,entry,,,,GTC,2013-04-05,2013-05-01T00:00:00,2026-07-19T02:41:15Z,2026-07-19T02:41:15Z
intent_202c09b0c156,eurusd_monthly_orb_fbo_tp25_1_0_0,eurusd_monthly_orb_fbo_tp25_1_0_0_201305_01,EURUSD,paper,buy,stop,1,,1.32427,long_boundary_stop_entry,submitted,true,verify_30bcf10eaabd,,false,entry,,,,GTC,2013-05-09,2013-06-01T00:00:00,2026-07-19T02:41:15Z,2026-07-19T02:41:15Z
intent_839e25d682c1,eurusd_monthly_orb_fbo_tp25_1_0_0,eurusd_monthly_orb_fbo_tp25_1_0_0_201306_01,EURUSD,paper,sell,stop,1,,1.29556,short_boundary_stop_entry,submitted,true,verify_bebbd80ca3c5,,false,entry,,,,GTC,2013-06-05,2013-07-01T00:00:00,2026-07-19T02:41:15Z,2026-07-19T02:41:15Z
intent_7a0dde86d202,eurusd_monthly_orb_fbo_tp25_1_0_0,eurusd_monthly_orb_fbo_tp25_1_0_0_201307_01,EURUSD,paper,buy,stop,1,,1.30779,long_boundary_stop_entry,submitted,true,verify_b688b19b6292,,false,entry,,,,GTC,2013-07-04,2013-08-01T00:00:00,2026-07-19T02:41:16Z,2026-07-19T02:41:16Z
intent_4a18c44988b4,eurusd_monthly_orb_fbo_tp25_1_0_0,eurusd_monthly_orb_fbo_tp25_1_0_0_201307_01,EURUSD,paper,sell,limit,1,1.3116750000000001,,v2b_tp1,submitted,false,,,true,tp1,,,,GTC,2013-07-10,2013-08-01T00:00:00,2026-07-19T02:41:16Z,2026-07-19T02:41:16Z
intent_f65a8dd07e3f,eurusd_monthly_orb_fbo_tp25_1_0_0,eurusd_monthly_orb_fbo_tp25_1_0_0_201308_01,EURUSD,paper,sell,stop,1,,1.31892,short_boundary_stop_entry,submitted,true,verify_aecf54b6df0c,,false,entry,,,,GTC,2013-08-06,2013-09-01T00:00:00,2026-07-19T02:41:16Z,2026-07-19T02:41:16Z
intent_3f7a247a7195,eurusd_monthly_orb_fbo_tp25_1_0_0,eurusd_monthly_orb_fbo_tp25_1_0_0_201308_01,EURUSD,paper,buy,limit,1,1.3158725,,v2b_tp1,submitted,false,,,true,tp1,,,,GTC,2013-08-30,2013-09-01T00:00:00,2026-07-19T02:41:16Z,2026-07-19T02:41:16Z
intent_b65da75b0af9,eurusd_monthly_orb_fbo_tp25_1_0_0,eurusd_monthly_orb_fbo_tp25_1_0_0_201308_01,EURUSD,paper,buy,market_close,1,,,month_end_flatten,submitted,false,,,true,close,,,,GTC,2013-08-30,,2026-07-19T02:41:16Z,2026-07-19T02:41:16Z
intent_82570c2b1716,eurusd_monthly_orb_fbo_tp25_1_0_0,eurusd_monthly_orb_fbo_tp25_1_0_0_201309_01,EURUSD,paper,buy,stop,1,,1.3227,long_boundary_stop_entry,submitted,true,verify_759e347fc9e1,,false,entry,,,,GTC,2013-09-05,2013-10-01T00:00:00,2026-07-19T02:41:16Z,2026-07-19T02:41:16Z
intent_6bbd90d89443,eurusd_monthly_orb_fbo_tp25_1_0_0,eurusd_monthly_orb_fbo_tp25_1_0_0_201309_01,EURUSD,paper,sell,limit,1,1.3249225,,v2b_tp1,submitted,false,,,true,tp1,,,,GTC,2013-09-09,2013-10-01T00:00:00,2026-07-19T02:41:16Z,2026-07-19T02:41:16Z
intent_572859a12e2b,eurusd_monthly_orb_fbo_tp25_1_0_0,eurusd_monthly_orb_fbo_tp25_1_0_0_201310_01,EURUSD,paper,buy,stop,1,,1.36459,long_boundary_stop_entry,submitted,true,verify_34dca380d734,,false,entry,,,,GTC,2013-10-09,2013-11-01T00:00:00,2026-07-19T02:41:16Z,2026-07-19T02:41:16Z
intent_80a1af5a1c4d,eurusd_monthly_orb_fbo_tp25_1_0_0,eurusd_monthly_orb_fbo_tp25_1_0_0_201310_01,EURUSD,paper,sell,limit,1,1.36814,,v2b_tp1,submitted,false,,,true,tp1,,,,GTC,2013-10-17,2013-11-01T00:00:00,2026-07-19T02:41:16Z,2026-07-19T02:41:16Z
intent_9c6542adf186,eurusd_monthly_orb_fbo_tp25_1_0_0,eurusd_monthly_orb_fbo_tp25_1_0_0_201311_01,EURUSD,paper,buy,stop,1,,1.35815,long_boundary_stop_entry,submitted,true,verify_49df4590d283,,false,entry,,,,GTC,2013-11-07,2013-12-01T00:00:00,2026-07-19T02:41:16Z,2026-07-19T02:41:16Z
intent_df7082935ad1,eurusd_monthly_orb_fbo_tp25_1_0_0,eurusd_monthly_orb_fbo_tp25_1_0_0_201311_01,EURUSD,paper,sell,limit,1,1.3616475000000001,,v2b_tp1,submitted,false,,,true,tp1,,,,GTC,2013-11-27,2013-12-01T00:00:00,2026-07-19T02:41:16Z,2026-07-19T02:41:16Z
intent_efa0f72c2205,eurusd_monthly_orb_fbo_tp25_1_0_0,eurusd_monthly_orb_fbo_tp25_1_0_0_201312_01,EURUSD,paper,sell,stop,1,,1.3524,short_boundary_stop_entry,submitted,true,verify_8ddf34d2909f,,false,entry,,,,GTC,2013-12-05,2013-12-31T23:59:59,2026-07-19T02:41:16Z,2026-07-19T02:41:16Z
intent_c9cbbc956bc3,eurusd_monthly_orb_fbo_tp25_1_0_0,eurusd_monthly_orb_fbo_tp25_1_0_0_201401_01,EURUSD,paper,buy,stop,1,,1.37746,long_boundary_stop_entry,submitted,true,verify_a0a5bd5865a9,,false,entry,,,,GTC,2014-01-06,2014-02-01T00:00:00,2026-07-19T02:41:16Z,2026-07-19T02:41:16Z
intent_47244848bbb9,eurusd_monthly_orb_fbo_tp25_1_0_0,eurusd_monthly_orb_fbo_tp25_1_0_0_201402_01,EURUSD,paper,sell,stop,1,,1.34772,short_boundary_stop_entry,submitted,true,verify_abdfbb0cf89d,,false,entry,,,,GTC,2014-02-05,2014-03-01T00:00:00,2026-07-19T02:41:16Z,2026-07-19T02:41:16Z
intent_8b3d9addf8a2,eurusd_monthly_orb_fbo_tp25_1_0_0,eurusd_monthly_orb_fbo_tp25_1_0_0_201403_01,EURUSD,paper,buy,stop,1,,1.37926,long_boundary_stop_entry,submitted,true,verify_b26797b05f37,,false,entry,,,,GTC,2014-03-05,2014-04-01T00:00:00,2026-07-19T02:41:16Z,2026-07-19T02:41:16Z
intent_15b68318ee7b,eurusd_monthly_orb_fbo_tp25_1_0_0,eurusd_monthly_orb_fbo_tp25_1_0_0_201403_01,EURUSD,paper,sell,limit,1,1.381065,,v2b_tp1,submitted,false,,,true,tp1,,,,GTC,2014-03-06,2014-04-01T00:00:00,2026-07-19T02:41:16Z,2026-07-19T02:41:16Z
intent_8c31e191954c,eurusd_monthly_orb_fbo_tp25_1_0_0,eurusd_monthly_orb_fbo_tp25_1_0_0_201404_01,EURUSD,paper,buy,stop,1,,1.38202,long_boundary_stop_entry,submitted,true,verify_a4cdc793c1c4,,false,entry,,,,GTC,2014-04-04,2014-05-01T00:00:00,2026-07-19T02:41:16Z,2026-07-19T02:41:16Z
intent_5d5d99605724,eurusd_monthly_orb_fbo_tp25_1_0_0,eurusd_monthly_orb_fbo_tp25_1_0_0_201404_01,EURUSD,paper,sell,limit,1,1.38508,,v2b_tp1,submitted,false,,,true,tp1,,,,GTC,2014-04-09,2014-05-01T00:00:00,2026-07-19T02:41:16Z,2026-07-19T02:41:16Z
intent_5158af8e1efd,eurusd_monthly_orb_fbo_tp25_1_0_0,eurusd_monthly_orb_fbo_tp25_1_0_0_201405_01,EURUSD,paper,sell,stop,1,,1.38122,short_boundary_stop_entry,submitted,true,verify_f1b5f7292c94,,false,entry,,,,GTC,2014-05-06,2014-06-01T00:00:00,2026-07-19T02:41:16Z,2026-07-19T02:41:16Z
intent_0f173f28ebbc,eurusd_monthly_orb_fbo_tp25_1_0_0,eurusd_monthly_orb_fbo_tp25_1_0_0_201405_01,EURUSD,paper,buy,limit,1,1.3792849999999999,,v2b_tp1,submitted,false,,,true,tp1,,,,GTC,2014-05-09,2014-06-01T00:00:00,2026-07-19T02:41:16Z,2026-07-19T02:41:16Z
intent_042f90865341,eurusd_monthly_orb_fbo_tp25_1_0_0,eurusd_monthly_orb_fbo_tp25_1_0_0_201406_01,EURUSD,paper,sell,stop,1,,1.35875,short_boundary_stop_entry,submitted,true,verify_fa657884708c,,false,entry,,,,GTC,2014-06-06,2014-07-01T00:00:00,2026-07-19T02:41:16Z,2026-07-19T02:41:16Z
intent_1407ff0e2d90,eurusd_monthly_orb_fbo_tp25_1_0_0,eurusd_monthly_orb_fbo_tp25_1_0_0_201406_01,EURUSD,paper,buy,limit,1,1.3572324999999998,,v2b_tp1,submitted,false,,,true,tp1,,,,GTC,2014-06-09,2014-07-01T00:00:00,2026-07-19T02:41:16Z,2026-07-19T02:41:16Z
intent_95ecfb4411b6,eurusd_monthly_orb_fbo_tp25_1_0_0,eurusd_monthly_orb_fbo_tp25_1_0_0_201407_01,EURUSD,paper,buy,stop,1,,1.37004,long_boundary_stop_entry,submitted,true,verify_e73f08389337,,false,entry,,,,GTC,2014-07-04,2014-08-01T00:00:00,2026-07-19T02:41:16Z,2026-07-19T02:41:16Z
intent_d8e7e74f939c,eurusd_monthly_orb_fbo_tp25_1_0_0,eurusd_monthly_orb_fbo_tp25_1_0_0_201408_01,EURUSD,paper,buy,stop,1,,1.34447,long_boundary_stop_entry,submitted,true,verify_35cb2ab224fe,,false,entry,,,,GTC,2014-08-05,2014-09-01T00:00:00,2026-07-19T02:41:16Z,2026-07-19T02:41:16Z
intent_404228f43bfd,eurusd_monthly_orb_fbo_tp25_1_0_0,eurusd_monthly_orb_fbo_tp25_1_0_0_201409_01,EURUSD,paper,buy,stop,1,,1.31599,long_boundary_stop_entry,submitted,true,verify_344ff8cdb0cb,,false,entry,,,,GTC,2014-09-04,2014-10-01T00:00:00,2026-07-19T02:41:16Z,2026-07-19T02:41:16Z
intent_d66bd01a2a21,eurusd_monthly_orb_fbo_tp25_1_0_0,eurusd_monthly_orb_fbo_tp25_1_0_0_201410_01,EURUSD,paper,sell,stop,1,,1.25005,short_boundary_stop_entry,submitted,true,verify_37a8856a96c9,,false,entry,,,,GTC,2014-10-08,2014-11-01T00:00:00,2026-07-19T02:41:17Z,2026-07-19T02:41:17Z
intent_b81666e36313,eurusd_monthly_orb_fbo_tp25_1_0_0,eurusd_monthly_orb_fbo_tp25_1_0_0_201410_01,EURUSD,paper,buy,limit,1,1.245085,,v2b_tp1,submitted,false,,,true,tp1,,,,GTC,2014-10-31,2014-11-01T00:00:00,2026-07-19T02:41:17Z,2026-07-19T02:41:17Z
intent_f923bf1ecc0a,eurusd_monthly_orb_fbo_tp25_1_0_0,eurusd_monthly_orb_fbo_tp25_1_0_0_201410_01,EURUSD,paper,buy,market_close,1,,,month_end_flatten,submitted,false,,,true,close,,,,GTC,2014-10-31,,2026-07-19T02:41:17Z,2026-07-19T02:41:17Z
intent_e00222edb564,eurusd_monthly_orb_fbo_tp25_1_0_0,eurusd_monthly_orb_fbo_tp25_1_0_0_201411_01,EURUSD,paper,buy,stop,1,,1.25773,long_boundary_stop_entry,submitted,true,verify_7263feac59ac,,false,entry,,,,GTC,2014-11-06,2014-12-01T00:00:00,2026-07-19T02:41:17Z,2026-07-19T02:41:17Z
intent_c59b865441dd,eurusd_monthly_orb_fbo_tp25_1_0_0,eurusd_monthly_orb_fbo_tp25_1_0_0_201411_01,EURUSD,paper,sell,limit,1,1.2611825,,v2b_tp1,submitted,false,,,true,tp1,,,,GTC,2014-11-17,2014-12-01T00:00:00,2026-07-19T02:41:17Z,2026-07-19T02:41:17Z
intent_f9c752bc1b98,eurusd_monthly_orb_fbo_tp25_1_0_0,eurusd_monthly_orb_fbo_tp25_1_0_0_201411_01,EURUSD,paper,sell,market_close,1,,,stop_close,submitted,false,,,true,close,,,,GTC,2014-11-21,,2026-07-19T02:41:17Z,2026-07-19T02:41:17Z
intent_3a0853d3a3cd,eurusd_monthly_orb_fbo_tp25_1_0_0,eurusd_monthly_orb_fbo_tp25_1_0_0_201411_02,EURUSD,paper,buy,stop,1,,1.25773,long_boundary_stop_entry,submitted,true,verify_8e2050d09803,,false,entry,,,,GTC,2014-11-23,2014-12-01T00:00:00,2026-07-19T02:41:17Z,2026-07-19T02:41:17Z
intent_432e57b01dad,eurusd_monthly_orb_fbo_tp25_1_0_0,eurusd_monthly_orb_fbo_tp25_1_0_0_201412_01,EURUSD,paper,buy,stop,1,,1.25067,long_boundary_stop_entry,submitted,true,verify_5793468d7710,,false,entry,,,,GTC,2014-12-04,2014-12-31T23:59:59,2026-07-19T02:41:17Z,2026-07-19T02:41:17Z
intent_3e799af72dcf,eurusd_monthly_orb_fbo_tp25_1_0_0,eurusd_monthly_orb_fbo_tp25_1_0_0_201412_01,EURUSD,paper,sell,limit,1,1.2558175,,v2b_tp1,submitted,false,,,true,tp1,,,,GTC,2014-12-16,2014-12-31T23:59:59,2026-07-19T02:41:17Z,2026-07-19T02:41:17Z
intent_fd564b232728,eurusd_monthly_orb_fbo_tp25_1_0_0,eurusd_monthly_orb_fbo_tp25_1_0_0_201412_01,EURUSD,paper,sell,market_close,1,,,stop_close,submitted,false,,,true,close,,,,GTC,2014-12-18,,2026-07-19T02:41:17Z,2026-07-19T02:41:17Z
intent_9a79b9cfa5e3,eurusd_monthly_orb_fbo_tp25_1_0_0,eurusd_monthly_orb_fbo_tp25_1_0_0_201412_02,EURUSD,paper,buy,stop,1,,1.25067,long_boundary_stop_entry,submitted,true,verify_1c08edd72953,,false,entry,,,,GTC,2014-12-19,2014-12-31T23:59:59,2026-07-19T02:41:17Z,2026-07-19T02:41:17Z
intent_da6118113100,eurusd_monthly_orb_fbo_tp25_1_0_0,eurusd_monthly_orb_fbo_tp25_1_0_0_201501_01,EURUSD,paper,buy,stop,1,,1.21073,long_boundary_stop_entry,submitted,true,verify_43f3960480ed,,false,entry,,,,GTC,2015-01-06,2015-02-01T00:00:00,2026-07-19T02:41:17Z,2026-07-19T02:41:17Z
intent_8abb2b3eca04,eurusd_monthly_orb_fbo_tp25_1_0_0,eurusd_monthly_orb_fbo_tp25_1_0_0_201502_01,EURUSD,paper,buy,stop,1,,1.15338,long_boundary_stop_entry,submitted,true,verify_e4ca94d1521f,,false,entry,,,,GTC,2015-02-09,2015-03-01T00:00:00,2026-07-19T02:41:17Z,2026-07-19T02:41:17Z
intent_4a7eace8ec92,eurusd_monthly_orb_fbo_tp25_1_0_0,eurusd_monthly_orb_fbo_tp25_1_0_0_201503_01,EURUSD,paper,buy,stop,1,,1.12405,long_boundary_stop_entry,submitted,true,verify_464c044683b5,,false,entry,,,,GTC,2015-03-04,2015-04-01T00:00:00,2026-07-19T02:41:17Z,2026-07-19T02:41:17Z
intent_8aaae14d232a,eurusd_monthly_orb_fbo_tp25_1_0_0,eurusd_monthly_orb_fbo_tp25_1_0_0_201504_01,EURUSD,paper,sell,stop,1,,1.07184,short_boundary_stop_entry,submitted,true,verify_e264172062b1,,false,entry,,,,GTC,2015-04-06,2015-05-01T00:00:00,2026-07-19T02:41:17Z,2026-07-19T02:41:17Z
intent_95f6e027471c,eurusd_monthly_orb_fbo_tp25_1_0_0,eurusd_monthly_orb_fbo_tp25_1_0_0_201504_01,EURUSD,paper,buy,limit,1,1.0641149999999997,,v2b_tp1,submitted,false,,,true,tp1,,,,GTC,2015-04-09,2015-05-01T00:00:00,2026-07-19T02:41:17Z,2026-07-19T02:41:17Z
intent_eaa006322b25,eurusd_monthly_orb_fbo_tp25_1_0_0,eurusd_monthly_orb_fbo_tp25_1_0_0_201505_01,EURUSD,paper,buy,stop,1,,1.129,long_boundary_stop_entry,submitted,true,verify_3eac5d2f107d,,false,entry,,,,GTC,2015-05-05,2015-06-01T00:00:00,2026-07-19T02:41:17Z,2026-07-19T02:41:17Z
intent_6471774f3ecd,eurusd_monthly_orb_fbo_tp25_1_0_0,eurusd_monthly_orb_fbo_tp25_1_0_0_201505_01,EURUSD,paper,sell,limit,1,1.1331900000000001,,v2b_tp1,submitted,false,,,true,tp1,,,,GTC,2015-05-06,2015-06-01T00:00:00,2026-07-19T02:41:17Z,2026-07-19T02:41:17Z
intent_cec04fcdc036,eurusd_monthly_orb_fbo_tp25_1_0_0,eurusd_monthly_orb_fbo_tp25_1_0_0_201506_01,EURUSD,paper,sell,stop,1,,1.08873,short_boundary_stop_entry,submitted,true,verify_c39309152e3e,,false,entry,,,,GTC,2015-06-04,2015-07-01T00:00:00,2026-07-19T02:41:17Z,2026-07-19T02:41:17Z
intent_f53c8c65ca6e,eurusd_monthly_orb_fbo_tp25_1_0_0,eurusd_monthly_orb_fbo_tp25_1_0_0_201507_01,EURUSD,paper,buy,stop,1,,1.11713,long_boundary_stop_entry,submitted,true,verify_1d072428a83b,,false,entry,,,,GTC,2015-07-05,2015-08-01T00:00:00,2026-07-19T02:41:17Z,2026-07-19T02:41:17Z
intent_36249dbf3715,eurusd_monthly_orb_fbo_tp25_1_0_0,eurusd_monthly_orb_fbo_tp25_1_0_0_201507_01,EURUSD,paper,sell,limit,1,1.12062,,v2b_tp1,submitted,false,,,true,tp1,,,,GTC,2015-07-10,2015-08-01T00:00:00,2026-07-19T02:41:17Z,2026-07-19T02:41:17Z
intent_b49a558a43ab,eurusd_monthly_orb_fbo_tp25_1_0_0,eurusd_monthly_orb_fbo_tp25_1_0_0_201507_01,EURUSD,paper,sell,market_close,1,,,stop_close,submitted,false,,,true,close,,,,GTC,2015-07-13,,2026-07-19T02:41:17Z,2026-07-19T02:41:17Z
intent_3425c5b5780e,eurusd_monthly_orb_fbo_tp25_1_0_0,eurusd_monthly_orb_fbo_tp25_1_0_0_201507_02,EURUSD,paper,buy,stop,1,,1.11713,long_boundary_stop_entry,submitted,true,verify_0c09a921569c,,false,entry,,,,GTC,2015-07-14,2015-08-01T00:00:00,2026-07-19T02:41:17Z,2026-07-19T02:41:17Z
intent_025841fe4a00,eurusd_monthly_orb_fbo_tp25_1_0_0,eurusd_monthly_orb_fbo_tp25_1_0_0_201508_01,EURUSD,paper,buy,stop,1,,1.09957,long_boundary_stop_entry,submitted,true,verify_06884d51cffd,,false,entry,,,,GTC,2015-08-05,2015-09-01T00:00:00,2026-07-19T02:41:17Z,2026-07-19T02:41:17Z
intent_98f48c9ed613,eurusd_monthly_orb_fbo_tp25_1_0_0,eurusd_monthly_orb_fbo_tp25_1_0_0_201508_01,EURUSD,paper,sell,limit,1,1.1025,,v2b_tp1,submitted,false,,,true,tp1,,,,GTC,2015-08-10,2015-09-01T00:00:00,2026-07-19T02:41:17Z,2026-07-19T02:41:17Z
intent_db41b591dbf1,eurusd_monthly_orb_fbo_tp25_1_0_0,eurusd_monthly_orb_fbo_tp25_1_0_0_201509_01,EURUSD,paper,sell,stop,1,,1.10873,short_boundary_stop_entry,submitted,true,verify_985502ff3107,,false,entry,,,,GTC,2015-09-11,2015-10-01T00:00:00,2026-07-19T02:41:17Z,2026-07-19T02:41:17Z
intent_a4fbfe2381de,eurusd_monthly_orb_fbo_tp25_1_0_0,eurusd_monthly_orb_fbo_tp25_1_0_0_201510_01,EURUSD,paper,sell,stop,1,,1.11351,short_boundary_stop_entry,submitted,true,verify_35641342855e,,false,entry,,,,GTC,2015-10-08,2015-11-01T00:00:00,2026-07-19T02:41:17Z,2026-07-19T02:41:17Z
intent_f78ce93ab287,eurusd_monthly_orb_fbo_tp25_1_0_0,eurusd_monthly_orb_fbo_tp25_1_0_0_201510_01,EURUSD,paper,buy,limit,1,1.10892,,v2b_tp1,submitted,false,,,true,tp1,,,,GTC,2015-10-22,2015-11-01T00:00:00,2026-07-19T02:41:17Z,2026-07-19T02:41:17Z
intent_5b106f0c00b3,eurusd_monthly_orb_fbo_tp25_1_0_0,eurusd_monthly_orb_fbo_tp25_1_0_0_201511_01,EURUSD,paper,buy,stop,1,,1.10525,long_boundary_stop_entry,submitted,true,verify_bae38a224b4d,,false,entry,,,,GTC,2015-11-04,2015-12-01T00:00:00,2026-07-19T02:41:17Z,2026-07-19T02:41:17Z
intent_bd23f8d19fbe,eurusd_monthly_orb_fbo_tp25_1_0_0,eurusd_monthly_orb_fbo_tp25_1_0_0_201512_01,EURUSD,paper,sell,stop,1,,1.0522,short_boundary_stop_entry,submitted,true,verify_e843f743d941,,false,entry,,,,GTC,2015-12-09,2015-12-31T23:59:59,2026-07-19T02:41:18Z,2026-07-19T02:41:18Z
intent_59aa83705461,eurusd_monthly_orb_fbo_tp25_1_0_0,eurusd_monthly_orb_fbo_tp25_1_0_0_201601_01,EURUSD,paper,sell,stop,1,,1.07107,short_boundary_stop_entry,submitted,true,verify_12694ecb4bf8,,false,entry,,,,GTC,2016-01-10,2016-02-01T00:00:00,2026-07-19T02:41:18Z,2026-07-19T02:41:18Z
intent_d824f82e0ed8,eurusd_monthly_orb_fbo_tp25_1_0_0,eurusd_monthly_orb_fbo_tp25_1_0_0_201602_01,EURUSD,paper,sell,stop,1,,1.08242,short_boundary_stop_entry,submitted,true,verify_20215ace5f84,,false,entry,,,,GTC,2016-02-04,2016-03-01T00:00:00,2026-07-19T02:41:18Z,2026-07-19T02:41:18Z
intent_d5cecd1fad82,eurusd_monthly_orb_fbo_tp25_1_0_0,eurusd_monthly_orb_fbo_tp25_1_0_0_201603_01,EURUSD,paper,sell,stop,1,,1.08255,short_boundary_stop_entry,submitted,true,verify_e21a375ba6ef,,false,entry,,,,GTC,2016-03-04,2016-04-01T00:00:00,2026-07-19T02:41:18Z,2026-07-19T02:41:18Z
intent_4598bc3cfcaa,eurusd_monthly_orb_fbo_tp25_1_0_0,eurusd_monthly_orb_fbo_tp25_1_0_0_201603_01,EURUSD,paper,buy,limit,1,1.0788599999999997,,v2b_tp1,submitted,false,,,true,tp1,,,,GTC,2016-03-10,2016-04-01T00:00:00,2026-07-19T02:41:18Z,2026-07-19T02:41:18Z
intent_3e64d37540aa,eurusd_monthly_orb_fbo_tp25_1_0_0,eurusd_monthly_orb_fbo_tp25_1_0_0_201603_01,EURUSD,paper,buy,market_close,1,,,stop_close,submitted,false,,,true,close,,,,GTC,2016-03-10,,2026-07-19T02:41:18Z,2026-07-19T02:41:18Z
intent_6978ce2a2a35,eurusd_monthly_orb_fbo_tp25_1_0_0,eurusd_monthly_orb_fbo_tp25_1_0_0_201603_02,EURUSD,paper,sell,stop,1,,1.08255,short_boundary_stop_entry,submitted,true,verify_e6eaf8e6cadd,,false,entry,,,,GTC,2016-03-11,2016-04-01T00:00:00,2026-07-19T02:41:18Z,2026-07-19T02:41:18Z
intent_d854f415f11f,eurusd_monthly_orb_fbo_tp25_1_0_0,eurusd_monthly_orb_fbo_tp25_1_0_0_201604_01,EURUSD,paper,buy,stop,1,,1.14379,long_boundary_stop_entry,submitted,true,verify_06074120ee84,,false,entry,,,,GTC,2016-04-06,2016-05-01T00:00:00,2026-07-19T02:41:18Z,2026-07-19T02:41:18Z
intent_17831fa2143e,eurusd_monthly_orb_fbo_tp25_1_0_0,eurusd_monthly_orb_fbo_tp25_1_0_0_201604_01,EURUSD,paper,sell,limit,1,1.1463800000000002,,v2b_tp1,submitted,false,,,true,tp1,,,,GTC,2016-04-07,2016-05-01T00:00:00,2026-07-19T02:41:18Z,2026-07-19T02:41:18Z
intent_b4e08c3bd9d8,eurusd_monthly_orb_fbo_tp25_1_0_0,eurusd_monthly_orb_fbo_tp25_1_0_0_201605_01,EURUSD,paper,buy,stop,1,,1.16162,long_boundary_stop_entry,submitted,true,verify_4264acfe4d31,,false,entry,,,,GTC,2016-05-05,2016-06-01T00:00:00,2026-07-19T02:41:18Z,2026-07-19T02:41:18Z
intent_7350802ec530,eurusd_monthly_orb_fbo_tp25_1_0_0,eurusd_monthly_orb_fbo_tp25_1_0_0_201606_01,EURUSD,paper,sell,stop,1,,1.11141,short_boundary_stop_entry,submitted,true,verify_b3f948574a0c,,false,entry,,,,GTC,2016-06-06,2016-07-01T00:00:00,2026-07-19T02:41:18Z,2026-07-19T02:41:18Z
intent_e7bff7fef8e3,eurusd_monthly_orb_fbo_tp25_1_0_0,eurusd_monthly_orb_fbo_tp25_1_0_0_201606_01,EURUSD,paper,buy,limit,1,1.1049125,,v2b_tp1,submitted,false,,,true,tp1,,,,GTC,2016-06-24,2016-07-01T00:00:00,2026-07-19T02:41:18Z,2026-07-19T02:41:18Z
intent_6bb3666a8042,eurusd_monthly_orb_fbo_tp25_1_0_0,eurusd_monthly_orb_fbo_tp25_1_0_0_201607_01,EURUSD,paper,buy,stop,1,,1.11693,long_boundary_stop_entry,submitted,true,verify_3f79ad7a9cef,,false,entry,,,,GTC,2016-07-06,2016-08-01T00:00:00,2026-07-19T02:41:18Z,2026-07-19T02:41:18Z
intent_f573c019bb8e,eurusd_monthly_orb_fbo_tp25_1_0_0,eurusd_monthly_orb_fbo_tp25_1_0_0_201607_01,EURUSD,paper,sell,limit,1,1.1193725,,v2b_tp1,submitted,false,,,true,tp1,,,,GTC,2016-07-29,2016-08-01T00:00:00,2026-07-19T02:41:18Z,2026-07-19T02:41:18Z
intent_464b113a0d5b,eurusd_monthly_orb_fbo_tp25_1_0_0,eurusd_monthly_orb_fbo_tp25_1_0_0_201607_01,EURUSD,paper,sell,market_close,1,,,month_end_flatten,submitted,false,,,true,close,,,,GTC,2016-07-31,,2026-07-19T02:41:18Z,2026-07-19T02:41:18Z
intent_5ce1b63c9ad2,eurusd_monthly_orb_fbo_tp25_1_0_0,eurusd_monthly_orb_fbo_tp25_1_0_0_201608_01,EURUSD,paper,buy,stop,1,,1.12336,long_boundary_stop_entry,submitted,true,verify_a14e3661fbcf,,false,entry,,,,GTC,2016-08-04,2016-09-01T00:00:00,2026-07-19T02:41:18Z,2026-07-19T02:41:18Z
intent_e6fe85c3c35a,eurusd_monthly_orb_fbo_tp25_1_0_0,eurusd_monthly_orb_fbo_tp25_1_0_0_201608_01,EURUSD,paper,sell,limit,1,1.125695,,v2b_tp1,submitted,false,,,true,tp1,,,,GTC,2016-08-16,2016-09-01T00:00:00,2026-07-19T02:41:18Z,2026-07-19T02:41:18Z
intent_0fd2bd220788,eurusd_monthly_orb_fbo_tp25_1_0_0,eurusd_monthly_orb_fbo_tp25_1_0_0_201609_01,EURUSD,paper,sell,stop,1,,1.11276,short_boundary_stop_entry,submitted,true,verify_389b1ba0a728,,false,entry,,,,GTC,2016-09-06,2016-10-01T00:00:00,2026-07-19T02:41:18Z,2026-07-19T02:41:18Z
intent_2ca91767f9fa,eurusd_monthly_orb_fbo_tp25_1_0_0,eurusd_monthly_orb_fbo_tp25_1_0_0_201609_01,EURUSD,paper,buy,limit,1,1.1096374999999998,,v2b_tp1,submitted,false,,,true,tp1,,,,GTC,2016-09-21,2016-10-01T00:00:00,2026-07-19T02:41:18Z,2026-07-19T02:41:18Z
intent_5ef17649cad0,eurusd_monthly_orb_fbo_tp25_1_0_0,eurusd_monthly_orb_fbo_tp25_1_0_0_201609_01,EURUSD,paper,buy,market_close,1,,,month_end_flatten,submitted,false,,,true,close,,,,GTC,2016-09-30,,2026-07-19T02:41:18Z,2026-07-19T02:41:18Z
intent_088c73b69303,eurusd_monthly_orb_fbo_tp25_1_0_0,eurusd_monthly_orb_fbo_tp25_1_0_0_201610_01,EURUSD,paper,buy,stop,1,,1.12442,long_boundary_stop_entry,submitted,true,verify_3c0971dbd3b5,,false,entry,,,,GTC,2016-10-06,2016-11-01T00:00:00,2026-07-19T02:41:18Z,2026-07-19T02:41:18Z
intent_75e2b50a85fb,eurusd_monthly_orb_fbo_tp25_1_0_0,eurusd_monthly_orb_fbo_tp25_1_0_0_201611_01,EURUSD,paper,sell,stop,1,,1.09599,short_boundary_stop_entry,submitted,true,verify_1f0d7243ef70,,false,entry,,,,GTC,2016-11-04,2016-12-01T00:00:00,2026-07-19T02:41:18Z,2026-07-19T02:41:18Z
intent_a3fecbb0478f,eurusd_monthly_orb_fbo_tp25_1_0_0,eurusd_monthly_orb_fbo_tp25_1_0_0_201611_01,EURUSD,paper,buy,limit,1,1.0918299999999999,,v2b_tp1,submitted,false,,,true,tp1,,,,GTC,2016-11-09,2016-12-01T00:00:00,2026-07-19T02:41:18Z,2026-07-19T02:41:18Z
intent_4189be330590,eurusd_monthly_orb_fbo_tp25_1_0_0,eurusd_monthly_orb_fbo_tp25_1_0_0_201612_01,EURUSD,paper,sell,stop,1,,1.05055,short_boundary_stop_entry,submitted,true,verify_d72ae7d59dbd,,false,entry,,,,GTC,2016-12-05,2016-12-31T23:59:59,2026-07-19T02:41:19Z,2026-07-19T02:41:19Z
intent_64e360740285,eurusd_monthly_orb_fbo_tp25_1_0_0,eurusd_monthly_orb_fbo_tp25_1_0_0_201612_01,EURUSD,paper,buy,limit,1,1.0459325000000002,,v2b_tp1,submitted,false,,,true,tp1,,,,GTC,2016-12-14,2016-12-31T23:59:59,2026-07-19T02:41:19Z,2026-07-19T02:41:19Z
intent_b70a7b038d38,eurusd_monthly_orb_fbo_tp25_1_0_0,eurusd_monthly_orb_fbo_tp25_1_0_0_201701_01,EURUSD,paper,sell,stop,1,,1.03403,short_boundary_stop_entry,submitted,true,verify_d27b6e8bb9f5,,false,entry,,,,GTC,2017-01-05,2017-02-01T00:00:00,2026-07-19T02:41:19Z,2026-07-19T02:41:19Z
intent_03b3cd7bf46e,eurusd_monthly_orb_fbo_tp25_1_0_0,eurusd_monthly_orb_fbo_tp25_1_0_0_201702_01,EURUSD,paper,buy,stop,1,,1.08288,long_boundary_stop_entry,submitted,true,verify_f8f177ea75ab,,false,entry,,,,GTC,2017-02-06,2017-03-01T00:00:00,2026-07-19T02:41:19Z,2026-07-19T02:41:19Z
intent_51dae369adae,eurusd_monthly_orb_fbo_tp25_1_0_0,eurusd_monthly_orb_fbo_tp25_1_0_0_201703_01,EURUSD,paper,sell,stop,1,,1.04948,short_boundary_stop_entry,submitted,true,verify_7fcdda8fb2fc,,false,entry,,,,GTC,2017-03-06,2017-04-01T00:00:00,2026-07-19T02:41:19Z,2026-07-19T02:41:19Z
intent_d7be1690cf16,eurusd_monthly_orb_fbo_tp25_1_0_0,eurusd_monthly_orb_fbo_tp25_1_0_0_201704_01,EURUSD,paper,buy,stop,1,,1.06851,long_boundary_stop_entry,submitted,true,verify_270e82f87d9c,,false,entry,,,,GTC,2017-04-06,2017-05-01T00:00:00,2026-07-19T02:41:19Z,2026-07-19T02:41:19Z
intent_94e3c950146e,eurusd_monthly_orb_fbo_tp25_1_0_0,eurusd_monthly_orb_fbo_tp25_1_0_0_201704_01,EURUSD,paper,sell,limit,1,1.06976,,v2b_tp1,submitted,false,,,true,tp1,,,,GTC,2017-04-18,2017-05-01T00:00:00,2026-07-19T02:41:19Z,2026-07-19T02:41:19Z
intent_6a3a676ddd37,eurusd_monthly_orb_fbo_tp25_1_0_0,eurusd_monthly_orb_fbo_tp25_1_0_0_201705_01,EURUSD,paper,sell,stop,1,,1.08813,short_boundary_stop_entry,submitted,true,verify_1412f37d85e8,,false,entry,,,,GTC,2017-05-05,2017-06-01T00:00:00,2026-07-19T02:41:19Z,2026-07-19T02:41:19Z
intent_677ef76e84b9,eurusd_monthly_orb_fbo_tp25_1_0_0,eurusd_monthly_orb_fbo_tp25_1_0_0_201705_01,EURUSD,paper,buy,limit,1,1.086735,,v2b_tp1,submitted,false,,,true,tp1,,,,GTC,2017-05-09,2017-06-01T00:00:00,2026-07-19T02:41:19Z,2026-07-19T02:41:19Z
intent_ac2bccc1e4b7,eurusd_monthly_orb_fbo_tp25_1_0_0,eurusd_monthly_orb_fbo_tp25_1_0_0_201706_01,EURUSD,paper,buy,stop,1,,1.1285,long_boundary_stop_entry,submitted,true,verify_b9c7437b3d95,,false,entry,,,,GTC,2017-06-08,2017-07-01T00:00:00,2026-07-19T02:41:19Z,2026-07-19T02:41:19Z
intent_da006393deb0,eurusd_monthly_orb_fbo_tp25_1_0_0,eurusd_monthly_orb_fbo_tp25_1_0_0_201706_01,EURUSD,paper,sell,limit,1,1.1305825,,v2b_tp1,submitted,false,,,true,tp1,,,,GTC,2017-06-14,2017-07-01T00:00:00,2026-07-19T02:41:19Z,2026-07-19T02:41:19Z
intent_0632e87eb180,eurusd_monthly_orb_fbo_tp25_1_0_0,eurusd_monthly_orb_fbo_tp25_1_0_0_201706_01,EURUSD,paper,sell,market_close,1,,,stop_close,submitted,false,,,true,close,,,,GTC,2017-06-15,,2026-07-19T02:41:19Z,2026-07-19T02:41:19Z
intent_6346aeeff830,eurusd_monthly_orb_fbo_tp25_1_0_0,eurusd_monthly_orb_fbo_tp25_1_0_0_201706_02,EURUSD,paper,buy,stop,1,,1.1285,long_boundary_stop_entry,submitted,true,verify_7ccb5fb2ba41,,false,entry,,,,GTC,2017-06-16,2017-07-01T00:00:00,2026-07-19T02:41:19Z,2026-07-19T02:41:19Z
intent_b2c4f29363c7,eurusd_monthly_orb_fbo_tp25_1_0_0,eurusd_monthly_orb_fbo_tp25_1_0_0_201706_02,EURUSD,paper,sell,limit,1,1.1305825,,v2b_tp1,submitted,false,,,true,tp1,,,,GTC,2017-06-27,2017-07-01T00:00:00,2026-07-19T02:41:19Z,2026-07-19T02:41:19Z
intent_ae03b69644fe,eurusd_monthly_orb_fbo_tp25_1_0_0,eurusd_monthly_orb_fbo_tp25_1_0_0_201707_01,EURUSD,paper,buy,stop,1,,1.14266,long_boundary_stop_entry,submitted,true,verify_64e80ca075c5,,false,entry,,,,GTC,2017-07-05,2017-08-01T00:00:00,2026-07-19T02:41:19Z,2026-07-19T02:41:19Z
intent_ca0b1a54859e,eurusd_monthly_orb_fbo_tp25_1_0_0,eurusd_monthly_orb_fbo_tp25_1_0_0_201707_01,EURUSD,paper,sell,limit,1,1.1449375000000002,,v2b_tp1,submitted,false,,,true,tp1,,,,GTC,2017-07-07,2017-08-01T00:00:00,2026-07-19T02:41:19Z,2026-07-19T02:41:19Z
intent_162ced18136e,eurusd_monthly_orb_fbo_tp25_1_0_0,eurusd_monthly_orb_fbo_tp25_1_0_0_201708_01,EURUSD,paper,buy,stop,1,,1.191,long_boundary_stop_entry,submitted,true,verify_4285885a7e58,,false,entry,,,,GTC,2017-08-04,2017-09-01T00:00:00,2026-07-19T02:41:19Z,2026-07-19T02:41:19Z
intent_8777a19ec4c2,eurusd_monthly_orb_fbo_tp25_1_0_0,eurusd_monthly_orb_fbo_tp25_1_0_0_201708_01,EURUSD,paper,sell,limit,1,1.1941300000000001,,v2b_tp1,submitted,false,,,true,tp1,,,,GTC,2017-08-25,2017-09-01T00:00:00,2026-07-19T02:41:19Z,2026-07-19T02:41:19Z
intent_3735f17b097a,eurusd_monthly_orb_fbo_tp25_1_0_0,eurusd_monthly_orb_fbo_tp25_1_0_0_201709_01,EURUSD,paper,sell,stop,1,,1.18499,short_boundary_stop_entry,submitted,true,verify_05aa46b88a3d,,false,entry,,,,GTC,2017-09-07,2017-10-01T00:00:00,2026-07-19T02:41:19Z,2026-07-19T02:41:19Z
intent_8209c501e105,eurusd_monthly_orb_fbo_tp25_1_0_0,eurusd_monthly_orb_fbo_tp25_1_0_0_201709_01,EURUSD,paper,buy,limit,1,1.1817324999999999,,v2b_tp1,submitted,false,,,true,tp1,,,,GTC,2017-09-14,2017-10-01T00:00:00,2026-07-19T02:41:19Z,2026-07-19T02:41:19Z
intent_6a3cfa65a27f,eurusd_monthly_orb_fbo_tp25_1_0_0,eurusd_monthly_orb_fbo_tp25_1_0_0_201709_01,EURUSD,paper,buy,market_close,1,,,stop_close,submitted,false,,,true,close,,,,GTC,2017-09-19,,2026-07-19T02:41:19Z,2026-07-19T02:41:19Z
intent_290190ce03f9,eurusd_monthly_orb_fbo_tp25_1_0_0,eurusd_monthly_orb_fbo_tp25_1_0_0_201709_02,EURUSD,paper,sell,stop,1,,1.18499,short_boundary_stop_entry,submitted,true,verify_f1a25f591c4a,,false,entry,,,,GTC,2017-09-20,2017-10-01T00:00:00,2026-07-19T02:41:19Z,2026-07-19T02:41:19Z
intent_eee09fc92842,eurusd_monthly_orb_fbo_tp25_1_0_0,eurusd_monthly_orb_fbo_tp25_1_0_0_201709_02,EURUSD,paper,buy,limit,1,1.1817324999999999,,v2b_tp1,submitted,false,,,true,tp1,,,,GTC,2017-09-25,2017-10-01T00:00:00,2026-07-19T02:41:19Z,2026-07-19T02:41:19Z
intent_319a04646c6e,eurusd_monthly_orb_fbo_tp25_1_0_0,eurusd_monthly_orb_fbo_tp25_1_0_0_201710_01,EURUSD,paper,buy,stop,1,,1.18151,long_boundary_stop_entry,submitted,true,verify_362b300ddd78,,false,entry,,,,GTC,2017-10-06,2017-11-01T00:00:00,2026-07-19T02:41:19Z,2026-07-19T02:41:19Z
intent_638e52392caf,eurusd_monthly_orb_fbo_tp25_1_0_0,eurusd_monthly_orb_fbo_tp25_1_0_0_201710_01,EURUSD,paper,sell,limit,1,1.184495,,v2b_tp1,submitted,false,,,true,tp1,,,,GTC,2017-10-10,2017-11-01T00:00:00,2026-07-19T02:41:19Z,2026-07-19T02:41:19Z
intent_7d49d20ebff8,eurusd_monthly_orb_fbo_tp25_1_0_0,eurusd_monthly_orb_fbo_tp25_1_0_0_201711_01,EURUSD,paper,buy,stop,1,,1.16904,long_boundary_stop_entry,submitted,true,verify_72d18813a621,,false,entry,,,,GTC,2017-11-06,2017-12-01T00:00:00,2026-07-19T02:41:19Z,2026-07-19T02:41:19Z
intent_a8e4c4a74cb5,eurusd_monthly_orb_fbo_tp25_1_0_0,eurusd_monthly_orb_fbo_tp25_1_0_0_201711_01,EURUSD,paper,sell,limit,1,1.1713325,,v2b_tp1,submitted,false,,,true,tp1,,,,GTC,2017-11-14,2017-12-01T00:00:00,2026-07-19T02:41:19Z,2026-07-19T02:41:19Z
intent_8a3f56904f0b,eurusd_monthly_orb_fbo_tp25_1_0_0,eurusd_monthly_orb_fbo_tp25_1_0_0_201712_01,EURUSD,paper,buy,stop,1,,1.19403,long_boundary_stop_entry,submitted,true,verify_93de1cd2b88c,,false,entry,,,,GTC,2017-12-05,2017-12-31T23:59:59,2026-07-19T02:41:20Z,2026-07-19T02:41:20Z
intent_bda73e286419,eurusd_monthly_orb_fbo_tp25_1_0_0,eurusd_monthly_orb_fbo_tp25_1_0_0_201712_01,EURUSD,paper,sell,limit,1,1.19682,,v2b_tp1,submitted,false,,,true,tp1,,,,GTC,2017-12-28,2017-12-31T23:59:59,2026-07-19T02:41:20Z,2026-07-19T02:41:20Z
intent_61adce774ad3,eurusd_monthly_orb_fbo_tp25_1_0_0,eurusd_monthly_orb_fbo_tp25_1_0_0_201801_01,EURUSD,paper,sell,stop,1,,1.20007,short_boundary_stop_entry,submitted,true,verify_a63e81b0cf1e,,false,entry,,,,GTC,2018-01-04,2018-02-01T00:00:00,2026-07-19T02:41:20Z,2026-07-19T02:41:20Z
intent_4d2a7494224e,eurusd_monthly_orb_fbo_tp25_1_0_0,eurusd_monthly_orb_fbo_tp25_1_0_0_201801_01,EURUSD,paper,buy,limit,1,1.1980499999999998,,v2b_tp1,submitted,false,,,true,tp1,,,,GTC,2018-01-08,2018-02-01T00:00:00,2026-07-19T02:41:20Z,2026-07-19T02:41:20Z
intent_04362300d05d,eurusd_monthly_orb_fbo_tp25_1_0_0,eurusd_monthly_orb_fbo_tp25_1_0_0_201802_01,EURUSD,paper,buy,stop,1,,1.25229,long_boundary_stop_entry,submitted,true,verify_56316e39f3ba,,false,entry,,,,GTC,2018-02-05,2018-03-01T00:00:00,2026-07-19T02:41:20Z,2026-07-19T02:41:20Z
intent_b4b404c4b066,eurusd_monthly_orb_fbo_tp25_1_0_0,eurusd_monthly_orb_fbo_tp25_1_0_0_201802_01,EURUSD,paper,sell,limit,1,1.2557375,,v2b_tp1,submitted,false,,,true,tp1,,,,GTC,2018-02-16,2018-03-01T00:00:00,2026-07-19T02:41:20Z,2026-07-19T02:41:20Z
intent_bf5f44936a8e,eurusd_monthly_orb_fbo_tp25_1_0_0,eurusd_monthly_orb_fbo_tp25_1_0_0_201802_01,EURUSD,paper,sell,market_close,1,,,stop_close,submitted,false,,,true,close,,,,GTC,2018-02-20,,2026-07-19T02:41:20Z,2026-07-19T02:41:20Z
intent_d6cf7271e641,eurusd_monthly_orb_fbo_tp25_1_0_0,eurusd_monthly_orb_fbo_tp25_1_0_0_201802_02,EURUSD,paper,buy,stop,1,,1.25229,long_boundary_stop_entry,submitted,true,verify_d977a7dfd895,,false,entry,,,,GTC,2018-02-21,2018-03-01T00:00:00,2026-07-19T02:41:20Z,2026-07-19T02:41:20Z
intent_6038393f9638,eurusd_monthly_orb_fbo_tp25_1_0_0,eurusd_monthly_orb_fbo_tp25_1_0_0_201803_01,EURUSD,paper,sell,stop,1,,1.21546,short_boundary_stop_entry,submitted,true,verify_04d863faa282,,false,entry,,,,GTC,2018-03-06,2018-04-01T00:00:00,2026-07-19T02:41:20Z,2026-07-19T02:41:20Z
intent_9fb6a2732f24,eurusd_monthly_orb_fbo_tp25_1_0_0,eurusd_monthly_orb_fbo_tp25_1_0_0_201804_01,EURUSD,paper,buy,stop,1,,1.23449,long_boundary_stop_entry,submitted,true,verify_ef1b2616ca43,,false,entry,,,,GTC,2018-04-05,2018-05-01T00:00:00,2026-07-19T02:41:20Z,2026-07-19T02:41:20Z
intent_92b478a15366,eurusd_monthly_orb_fbo_tp25_1_0_0,eurusd_monthly_orb_fbo_tp25_1_0_0_201804_01,EURUSD,paper,sell,limit,1,1.2367800000000002,,v2b_tp1,submitted,false,,,true,tp1,,,,GTC,2018-04-10,2018-05-01T00:00:00,2026-07-19T02:41:20Z,2026-07-19T02:41:20Z
intent_1af6a16f19e7,eurusd_monthly_orb_fbo_tp25_1_0_0,eurusd_monthly_orb_fbo_tp25_1_0_0_201805_01,EURUSD,paper,buy,stop,1,,1.20828,long_boundary_stop_entry,submitted,true,verify_efde5648e26f,,false,entry,,,,GTC,2018-05-04,2018-06-01T00:00:00,2026-07-19T02:41:20Z,2026-07-19T02:41:20Z
intent_06918212fd17,eurusd_monthly_orb_fbo_tp25_1_0_0,eurusd_monthly_orb_fbo_tp25_1_0_0_201806_01,EURUSD,paper,sell,stop,1,,1.1617,short_boundary_stop_entry,submitted,true,verify_d2e1d10f0d2a,,false,entry,,,,GTC,2018-06-06,2018-07-01T00:00:00,2026-07-19T02:41:20Z,2026-07-19T02:41:20Z
intent_9f84742c6bb5,eurusd_monthly_orb_fbo_tp25_1_0_0,eurusd_monthly_orb_fbo_tp25_1_0_0_201806_01,EURUSD,paper,buy,limit,1,1.158505,,v2b_tp1,submitted,false,,,true,tp1,,,,GTC,2018-06-14,2018-07-01T00:00:00,2026-07-19T02:41:20Z,2026-07-19T02:41:20Z
intent_e07e1aaf6524,eurusd_monthly_orb_fbo_tp25_1_0_0,eurusd_monthly_orb_fbo_tp25_1_0_0_201807_01,EURUSD,paper,sell,stop,1,,1.15911,short_boundary_stop_entry,submitted,true,verify_d6325b171f82,,false,entry,,,,GTC,2018-07-05,2018-08-01T00:00:00,2026-07-19T02:41:20Z,2026-07-19T02:41:20Z
intent_1cc4eb84aa37,eurusd_monthly_orb_fbo_tp25_1_0_0,eurusd_monthly_orb_fbo_tp25_1_0_0_201807_01,EURUSD,paper,buy,limit,1,1.1566275,,v2b_tp1,submitted,false,,,true,tp1,,,,GTC,2018-07-19,2018-08-01T00:00:00,2026-07-19T02:41:20Z,2026-07-19T02:41:20Z
intent_a18dd03aad7f,eurusd_monthly_orb_fbo_tp25_1_0_0,eurusd_monthly_orb_fbo_tp25_1_0_0_201807_01,EURUSD,paper,buy,market_close,1,,,stop_close,submitted,false,,,true,close,,,,GTC,2018-07-20,,2026-07-19T02:41:20Z,2026-07-19T02:41:20Z
intent_1cb1a0c30e79,eurusd_monthly_orb_fbo_tp25_1_0_0,eurusd_monthly_orb_fbo_tp25_1_0_0_201807_02,EURUSD,paper,sell,stop,1,,1.15911,short_boundary_stop_entry,submitted,true,verify_dd4f8e1373db,,false,entry,,,,GTC,2018-07-22,2018-08-01T00:00:00,2026-07-19T02:41:20Z,2026-07-19T02:41:20Z
intent_e2666a8b4aae,eurusd_monthly_orb_fbo_tp25_1_0_0,eurusd_monthly_orb_fbo_tp25_1_0_0_201808_01,EURUSD,paper,buy,stop,1,,1.16994,long_boundary_stop_entry,submitted,true,verify_ac672422869e,,false,entry,,,,GTC,2018-08-05,2018-09-01T00:00:00,2026-07-19T02:41:20Z,2026-07-19T02:41:20Z
intent_bc3e2847eae7,eurusd_monthly_orb_fbo_tp25_1_0_0,eurusd_monthly_orb_fbo_tp25_1_0_0_201808_01,EURUSD,paper,sell,limit,1,1.1734275,,v2b_tp1,submitted,false,,,true,tp1,,,,GTC,2018-08-28,2018-09-01T00:00:00,2026-07-19T02:41:20Z,2026-07-19T02:41:20Z
intent_9be2ac8cd55b,eurusd_monthly_orb_fbo_tp25_1_0_0,eurusd_monthly_orb_fbo_tp25_1_0_0_201808_01,EURUSD,paper,sell,market_close,1,,,month_end_flatten,submitted,false,,,true,close,,,,GTC,2018-08-31,,2026-07-19T02:41:20Z,2026-07-19T02:41:20Z
intent_84ee423bbef8,eurusd_monthly_orb_fbo_tp25_1_0_0,eurusd_monthly_orb_fbo_tp25_1_0_0_201809_01,EURUSD,paper,sell,stop,1,,1.15301,short_boundary_stop_entry,submitted,true,verify_c903606f5417,,false,entry,,,,GTC,2018-09-05,2018-10-01T00:00:00,2026-07-19T02:41:20Z,2026-07-19T02:41:20Z
intent_73743c4b94a0,eurusd_monthly_orb_fbo_tp25_1_0_0,eurusd_monthly_orb_fbo_tp25_1_0_0_201809_01,EURUSD,paper,buy,limit,1,1.1505575000000001,,v2b_tp1,submitted,false,,,true,tp1,,,,GTC,2018-09-10,2018-10-01T00:00:00,2026-07-19T02:41:20Z,2026-07-19T02:41:20Z
intent_fd6bf5781997,eurusd_monthly_orb_fbo_tp25_1_0_0,eurusd_monthly_orb_fbo_tp25_1_0_0_201809_01,EURUSD,paper,buy,market_close,1,,,stop_close,submitted,false,,,true,close,,,,GTC,2018-09-13,,2026-07-19T02:41:20Z,2026-07-19T02:41:20Z
intent_fd0c9761d22a,eurusd_monthly_orb_fbo_tp25_1_0_0,eurusd_monthly_orb_fbo_tp25_1_0_0_201809_02,EURUSD,paper,sell,stop,1,,1.15301,short_boundary_stop_entry,submitted,true,verify_9da416655a5a,,false,entry,,,,GTC,2018-09-14,2018-10-01T00:00:00,2026-07-19T02:41:20Z,2026-07-19T02:41:20Z
intent_d285538366f6,eurusd_monthly_orb_fbo_tp25_1_0_0,eurusd_monthly_orb_fbo_tp25_1_0_0_201810_01,EURUSD,paper,buy,stop,1,,1.16246,long_boundary_stop_entry,submitted,true,verify_1a8ac51d4500,,false,entry,,,,GTC,2018-10-04,2018-11-01T00:00:00,2026-07-19T02:41:20Z,2026-07-19T02:41:20Z
intent_3e6bb281c82a,eurusd_monthly_orb_fbo_tp25_1_0_0,eurusd_monthly_orb_fbo_tp25_1_0_0_201811_01,EURUSD,paper,sell,stop,1,,1.13126,short_boundary_stop_entry,submitted,true,verify_f83cf575821b,,false,entry,,,,GTC,2018-11-07,2018-12-01T00:00:00,2026-07-19T02:41:20Z,2026-07-19T02:41:20Z
intent_998a8885228d,eurusd_monthly_orb_fbo_tp25_1_0_0,eurusd_monthly_orb_fbo_tp25_1_0_0_201811_01,EURUSD,paper,buy,limit,1,1.1276724999999999,,v2b_tp1,submitted,false,,,true,tp1,,,,GTC,2018-11-12,2018-12-01T00:00:00,2026-07-19T02:41:20Z,2026-07-19T02:41:20Z
intent_6d31e28a072b,eurusd_monthly_orb_fbo_tp25_1_0_0,eurusd_monthly_orb_fbo_tp25_1_0_0_201812_01,EURUSD,paper,buy,stop,1,,1.14187,long_boundary_stop_entry,submitted,true,verify_64c96b652eaf,,false,entry,,,,GTC,2018-12-05,2018-12-31T23:59:59,2026-07-19T02:41:21Z,2026-07-19T02:41:21Z
intent_c387b8e59218,eurusd_monthly_orb_fbo_tp25_1_0_0,eurusd_monthly_orb_fbo_tp25_1_0_0_201812_01,EURUSD,paper,sell,limit,1,1.144385,,v2b_tp1,submitted,false,,,true,tp1,,,,GTC,2018-12-07,2018-12-31T23:59:59,2026-07-19T02:41:21Z,2026-07-19T02:41:21Z
intent_2ea4f596b1cb,eurusd_monthly_orb_fbo_tp25_1_0_0,eurusd_monthly_orb_fbo_tp25_1_0_0_201812_01,EURUSD,paper,sell,market_close,1,,,stop_close,submitted,false,,,true,close,,,,GTC,2018-12-14,,2026-07-19T02:41:21Z,2026-07-19T02:41:21Z
intent_ec4daaaae4a1,eurusd_monthly_orb_fbo_tp25_1_0_0,eurusd_monthly_orb_fbo_tp25_1_0_0_201812_02,EURUSD,paper,buy,stop,1,,1.14187,long_boundary_stop_entry,submitted,true,verify_4dd9e7484abf,,false,entry,,,,GTC,2018-12-16,2018-12-31T23:59:59,2026-07-19T02:41:21Z,2026-07-19T02:41:21Z
intent_d6afe3463338,eurusd_monthly_orb_fbo_tp25_1_0_0,eurusd_monthly_orb_fbo_tp25_1_0_0_201812_02,EURUSD,paper,sell,limit,1,1.144385,,v2b_tp1,submitted,false,,,true,tp1,,,,GTC,2018-12-19,2018-12-31T23:59:59,2026-07-19T02:41:21Z,2026-07-19T02:41:21Z
intent_f3229d9409eb,eurusd_monthly_orb_fbo_tp25_1_0_0,eurusd_monthly_orb_fbo_tp25_1_0_0_201901_01,EURUSD,paper,sell,stop,1,,1.13092,short_boundary_stop_entry,submitted,true,verify_ca547b4abb59,,false,entry,,,,GTC,2019-01-09,2019-02-01T00:00:00,2026-07-19T02:41:21Z,2026-07-19T02:41:21Z
intent_e502292fd9c4,eurusd_monthly_orb_fbo_tp25_1_0_0,eurusd_monthly_orb_fbo_tp25_1_0_0_201901_01,EURUSD,paper,buy,limit,1,1.1262225,,v2b_tp1,submitted,false,,,true,tp1,,,,GTC,2019-01-24,2019-02-01T00:00:00,2026-07-19T02:41:21Z,2026-07-19T02:41:21Z
intent_fee25c13c301,eurusd_monthly_orb_fbo_tp25_1_0_0,eurusd_monthly_orb_fbo_tp25_1_0_0_201901_01,EURUSD,paper,buy,market_close,1,,,month_end_flatten,submitted,false,,,true,close,,,,GTC,2019-01-31,,2026-07-19T02:41:21Z,2026-07-19T02:41:21Z
intent_d5278e54dbc8,eurusd_monthly_orb_fbo_tp25_1_0_0,eurusd_monthly_orb_fbo_tp25_1_0_0_201902_01,EURUSD,paper,buy,stop,1,,1.14884,long_boundary_stop_entry,submitted,true,verify_56ef9453bf24,,false,entry,,,,GTC,2019-02-05,2019-03-01T00:00:00,2026-07-19T02:41:21Z,2026-07-19T02:41:21Z
intent_a5bd44a5bc71,eurusd_monthly_orb_fbo_tp25_1_0_0,eurusd_monthly_orb_fbo_tp25_1_0_0_201903_01,EURUSD,paper,buy,stop,1,,1.14085,long_boundary_stop_entry,submitted,true,verify_3885093e98bc,,false,entry,,,,GTC,2019-03-05,2019-04-01T00:00:00,2026-07-19T02:41:21Z,2026-07-19T02:41:21Z
intent_92d509c2ff1a,eurusd_monthly_orb_fbo_tp25_1_0_0,eurusd_monthly_orb_fbo_tp25_1_0_0_201903_01,EURUSD,paper,sell,limit,1,1.1433475,,v2b_tp1,submitted,false,,,true,tp1,,,,GTC,2019-03-20,2019-04-01T00:00:00,2026-07-19T02:41:21Z,2026-07-19T02:41:21Z
intent_e75f6ea44be5,eurusd_monthly_orb_fbo_tp25_1_0_0,eurusd_monthly_orb_fbo_tp25_1_0_0_201904_01,EURUSD,paper,sell,stop,1,,1.11836,short_boundary_stop_entry,submitted,true,verify_f747fde3b99d,,false,entry,,,,GTC,2019-04-08,2019-05-01T00:00:00,2026-07-19T02:41:21Z,2026-07-19T02:41:21Z
intent_5ea2e96d5fee,eurusd_monthly_orb_fbo_tp25_1_0_0,eurusd_monthly_orb_fbo_tp25_1_0_0_201904_01,EURUSD,paper,buy,limit,1,1.1165725,,v2b_tp1,submitted,false,,,true,tp1,,,,GTC,2019-04-24,2019-05-01T00:00:00,2026-07-19T02:41:21Z,2026-07-19T02:41:21Z
intent_7f85b5b7e8e8,eurusd_monthly_orb_fbo_tp25_1_0_0,eurusd_monthly_orb_fbo_tp25_1_0_0_201905_01,EURUSD,paper,buy,stop,1,,1.12647,long_boundary_stop_entry,submitted,true,verify_635a51c26e2d,,false,entry,,,,GTC,2019-05-23,2019-06-01T00:00:00,2026-07-19T02:41:21Z,2026-07-19T02:41:21Z
intent_b60868dafc27,eurusd_monthly_orb_fbo_tp25_1_0_0,eurusd_monthly_orb_fbo_tp25_1_0_0_201906_01,EURUSD,paper,sell,stop,1,,1.11601,short_boundary_stop_entry,submitted,true,verify_e4a8537d3b58,,false,entry,,,,GTC,2019-06-05,2019-07-01T00:00:00,2026-07-19T02:41:21Z,2026-07-19T02:41:21Z
intent_e1da5bdc4376,eurusd_monthly_orb_fbo_tp25_1_0_0,eurusd_monthly_orb_fbo_tp25_1_0_0_201907_01,EURUSD,paper,buy,stop,1,,1.1364,long_boundary_stop_entry,submitted,true,verify_7abea8341d81,,false,entry,,,,GTC,2019-07-05,2019-08-01T00:00:00,2026-07-19T02:41:21Z,2026-07-19T02:41:21Z
intent_7a91a3356aa7,eurusd_monthly_orb_fbo_tp25_1_0_0,eurusd_monthly_orb_fbo_tp25_1_0_0_201908_01,EURUSD,paper,sell,stop,1,,1.10268,short_boundary_stop_entry,submitted,true,verify_f61eadff9d28,,false,entry,,,,GTC,2019-08-05,2019-09-01T00:00:00,2026-07-19T02:41:21Z,2026-07-19T02:41:21Z
intent_fe0d148c79fc,eurusd_monthly_orb_fbo_tp25_1_0_0,eurusd_monthly_orb_fbo_tp25_1_0_0_201908_01,EURUSD,paper,buy,limit,1,1.10043,,v2b_tp1,submitted,false,,,true,tp1,,,,GTC,2019-08-30,2019-09-01T00:00:00,2026-07-19T02:41:21Z,2026-07-19T02:41:21Z
intent_37934737f45f,eurusd_monthly_orb_fbo_tp25_1_0_0,eurusd_monthly_orb_fbo_tp25_1_0_0_201908_01,EURUSD,paper,buy,market_close,1,,,month_end_flatten,submitted,false,,,true,close,,,,GTC,2019-08-30,,2026-07-19T02:41:21Z,2026-07-19T02:41:21Z
intent_85f2d95448e5,eurusd_monthly_orb_fbo_tp25_1_0_0,eurusd_monthly_orb_fbo_tp25_1_0_0_201909_01,EURUSD,paper,sell,stop,1,,1.0926,short_boundary_stop_entry,submitted,true,verify_3e950fecc51e,,false,entry,,,,GTC,2019-09-04,2019-10-01T00:00:00,2026-07-19T02:41:21Z,2026-07-19T02:41:21Z
intent_a447f1a966d5,eurusd_monthly_orb_fbo_tp25_1_0_0,eurusd_monthly_orb_fbo_tp25_1_0_0_201909_01,EURUSD,paper,buy,limit,1,1.090835,,v2b_tp1,submitted,false,,,true,tp1,,,,GTC,2019-09-26,2019-10-01T00:00:00,2026-07-19T02:41:21Z,2026-07-19T02:41:21Z
intent_fdb980043bcc,eurusd_monthly_orb_fbo_tp25_1_0_0,eurusd_monthly_orb_fbo_tp25_1_0_0_201910_01,EURUSD,paper,sell,stop,1,,1.0879,short_boundary_stop_entry,submitted,true,verify_300f55fc8829,,false,entry,,,,GTC,2019-10-07,2019-11-01T00:00:00,2026-07-19T02:41:21Z,2026-07-19T02:41:21Z
intent_ed443d05e4ef,eurusd_monthly_orb_fbo_tp25_1_0_0,eurusd_monthly_orb_fbo_tp25_1_0_0_201911_01,EURUSD,paper,buy,stop,1,,1.11753,long_boundary_stop_entry,submitted,true,verify_5b90220a9524,,false,entry,,,,GTC,2019-11-05,2019-12-01T00:00:00,2026-07-19T02:41:22Z,2026-07-19T02:41:22Z
intent_5c47ebef9924,eurusd_monthly_orb_fbo_tp25_1_0_0,eurusd_monthly_orb_fbo_tp25_1_0_0_201912_01,EURUSD,paper,sell,stop,1,,1.10029,short_boundary_stop_entry,submitted,true,verify_701d61b37ec7,,false,entry,,,,GTC,2019-12-04,2019-12-31T23:59:59,2026-07-19T02:41:22Z,2026-07-19T02:41:22Z
intent_ca52590f3034,eurusd_monthly_orb_fbo_tp25_1_0_0,eurusd_monthly_orb_fbo_tp25_1_0_0_202001_01,EURUSD,paper,buy,stop,1,,1.12245,long_boundary_stop_entry,submitted,true,verify_d7f6932bca04,,false,entry,,,,GTC,2020-01-08,2020-02-01T00:00:00,2026-07-19T02:41:22Z,2026-07-19T02:41:22Z
intent_710cf2a2f043,eurusd_monthly_orb_fbo_tp25_1_0_0,eurusd_monthly_orb_fbo_tp25_1_0_0_202002_01,EURUSD,paper,buy,stop,1,,1.10939,long_boundary_stop_entry,submitted,true,verify_4a67a74af477,,false,entry,,,,GTC,2020-02-05,2020-03-01T00:00:00,2026-07-19T02:41:22Z,2026-07-19T02:41:22Z
intent_ec7c4a7e05e6,eurusd_monthly_orb_fbo_tp25_1_0_0,eurusd_monthly_orb_fbo_tp25_1_0_0_202003_01,EURUSD,paper,sell,stop,1,,1.10362,short_boundary_stop_entry,submitted,true,verify_e7bb9d4edf72,,false,entry,,,,GTC,2020-03-05,2020-04-01T00:00:00,2026-07-19T02:41:22Z,2026-07-19T02:41:22Z
intent_f3ccdd5c8685,eurusd_monthly_orb_fbo_tp25_1_0_0,eurusd_monthly_orb_fbo_tp25_1_0_0_202003_01,EURUSD,paper,buy,limit,1,1.09918,,v2b_tp1,submitted,false,,,true,tp1,,,,GTC,2020-03-17,2020-04-01T00:00:00,2026-07-19T02:41:22Z,2026-07-19T02:41:22Z
intent_b03c26110542,eurusd_monthly_orb_fbo_tp25_1_0_0,eurusd_monthly_orb_fbo_tp25_1_0_0_202004_01,EURUSD,paper,buy,stop,1,,1.10361,long_boundary_stop_entry,submitted,true,verify_07b7efff05a0,,false,entry,,,,GTC,2020-04-06,2020-05-01T00:00:00,2026-07-19T02:41:22Z,2026-07-19T02:41:22Z
intent_f0f0fb0d42c2,eurusd_monthly_orb_fbo_tp25_1_0_0,eurusd_monthly_orb_fbo_tp25_1_0_0_202005_01,EURUSD,paper,buy,stop,1,,1.10187,long_boundary_stop_entry,submitted,true,verify_eb5632c276b2,,false,entry,,,,GTC,2020-05-05,2020-06-01T00:00:00,2026-07-19T02:41:22Z,2026-07-19T02:41:22Z
intent_86cdcf7a379f,eurusd_monthly_orb_fbo_tp25_1_0_0,eurusd_monthly_orb_fbo_tp25_1_0_0_202005_01,EURUSD,paper,sell,limit,1,1.1049574999999998,,v2b_tp1,submitted,false,,,true,tp1,,,,GTC,2020-05-27,2020-06-01T00:00:00,2026-07-19T02:41:22Z,2026-07-19T02:41:22Z
intent_97502305ed1c,eurusd_monthly_orb_fbo_tp25_1_0_0,eurusd_monthly_orb_fbo_tp25_1_0_0_202006_01,EURUSD,paper,sell,stop,1,,1.11004,short_boundary_stop_entry,submitted,true,verify_5398d2d913e7,,false,entry,,,,GTC,2020-06-04,2020-07-01T00:00:00,2026-07-19T02:41:22Z,2026-07-19T02:41:22Z
intent_b075cd32641a,eurusd_monthly_orb_fbo_tp25_1_0_0,eurusd_monthly_orb_fbo_tp25_1_0_0_202007_01,EURUSD,paper,sell,stop,1,,1.11848,short_boundary_stop_entry,submitted,true,verify_a874fc0cc2b1,,false,entry,,,,GTC,2020-07-06,2020-08-01T00:00:00,2026-07-19T02:41:22Z,2026-07-19T02:41:22Z
intent_fdaafeb7e4f9,eurusd_monthly_orb_fbo_tp25_1_0_0,eurusd_monthly_orb_fbo_tp25_1_0_0_202008_01,EURUSD,paper,sell,stop,1,,1.16959,short_boundary_stop_entry,submitted,true,verify_c92f23cda8be,,false,entry,,,,GTC,2020-08-05,2020-09-01T00:00:00,2026-07-19T02:41:22Z,2026-07-19T02:41:22Z
intent_afcc3bfe4080,eurusd_monthly_orb_fbo_tp25_1_0_0,eurusd_monthly_orb_fbo_tp25_1_0_0_202009_01,EURUSD,paper,buy,stop,1,,1.20113,long_boundary_stop_entry,submitted,true,verify_1c5c7073ae1a,,false,entry,,,,GTC,2020-09-04,2020-10-01T00:00:00,2026-07-19T02:41:22Z,2026-07-19T02:41:22Z
intent_254f24c448c5,eurusd_monthly_orb_fbo_tp25_1_0_0,eurusd_monthly_orb_fbo_tp25_1_0_0_202010_01,EURUSD,paper,sell,stop,1,,1.16956,short_boundary_stop_entry,submitted,true,verify_9d3dd11bddcb,,false,entry,,,,GTC,2020-10-05,2020-11-01T00:00:00,2026-07-19T02:41:23Z,2026-07-19T02:41:23Z
intent_a70b0fb1f57b,eurusd_monthly_orb_fbo_tp25_1_0_0,eurusd_monthly_orb_fbo_tp25_1_0_0_202010_01,EURUSD,paper,buy,limit,1,1.1677,,v2b_tp1,submitted,false,,,true,tp1,,,,GTC,2020-10-15,2020-11-01T00:00:00,2026-07-19T02:41:23Z,2026-07-19T02:41:23Z
intent_a07ebe207501,eurusd_monthly_orb_fbo_tp25_1_0_0,eurusd_monthly_orb_fbo_tp25_1_0_0_202010_01,EURUSD,paper,buy,market_close,1,,,stop_close,submitted,false,,,true,close,,,,GTC,2020-10-20,,2026-07-19T02:41:23Z,2026-07-19T02:41:23Z
intent_259b2c9d8f48,eurusd_monthly_orb_fbo_tp25_1_0_0,eurusd_monthly_orb_fbo_tp25_1_0_0_202010_02,EURUSD,paper,sell,stop,1,,1.16956,short_boundary_stop_entry,submitted,true,verify_470968c73571,,false,entry,,,,GTC,2020-10-21,2020-11-01T00:00:00,2026-07-19T02:41:23Z,2026-07-19T02:41:23Z
intent_e339c6cb14ca,eurusd_monthly_orb_fbo_tp25_1_0_0,eurusd_monthly_orb_fbo_tp25_1_0_0_202010_02,EURUSD,paper,buy,limit,1,1.1677,,v2b_tp1,submitted,false,,,true,tp1,,,,GTC,2020-10-29,2020-11-01T00:00:00,2026-07-19T02:41:23Z,2026-07-19T02:41:23Z
intent_0cf420ae2f6c,eurusd_monthly_orb_fbo_tp25_1_0_0,eurusd_monthly_orb_fbo_tp25_1_0_0_202011_01,EURUSD,paper,sell,stop,1,,1.16221,short_boundary_stop_entry,submitted,true,verify_2bd2aaa019aa,,false,entry,,,,GTC,2020-11-05,2020-12-01T00:00:00,2026-07-19T02:41:23Z,2026-07-19T02:41:23Z
intent_d414ead18b1c,eurusd_monthly_orb_fbo_tp25_1_0_0,eurusd_monthly_orb_fbo_tp25_1_0_0_202012_01,EURUSD,paper,sell,stop,1,,1.19353,short_boundary_stop_entry,submitted,true,verify_27a2e6aa1054,,false,entry,,,,GTC,2020-12-04,2020-12-31T23:59:59,2026-07-19T02:41:23Z,2026-07-19T02:41:23Z
intent_5c2523157d10,eurusd_monthly_orb_fbo_tp25_1_0_0,eurusd_monthly_orb_fbo_tp25_1_0_0_202101_01,EURUSD,paper,sell,stop,1,,1.22296,short_boundary_stop_entry,submitted,true,verify_1916a23e7324,,false,entry,,,,GTC,2021-01-06,2021-02-01T00:00:00,2026-07-19T02:41:23Z,2026-07-19T02:41:23Z
intent_bcc62832ea1a,eurusd_monthly_orb_fbo_tp25_1_0_0,eurusd_monthly_orb_fbo_tp25_1_0_0_202101_01,EURUSD,paper,buy,limit,1,1.22095,,v2b_tp1,submitted,false,,,true,tp1,,,,GTC,2021-01-08,2021-02-01T00:00:00,2026-07-19T02:41:23Z,2026-07-19T02:41:23Z
intent_c05554bfb2e4,eurusd_monthly_orb_fbo_tp25_1_0_0,eurusd_monthly_orb_fbo_tp25_1_0_0_202102_01,EURUSD,paper,buy,stop,1,,1.21363,long_boundary_stop_entry,submitted,true,verify_b530dc2cdf06,,false,entry,,,,GTC,2021-02-04,2021-03-01T00:00:00,2026-07-19T02:41:23Z,2026-07-19T02:41:23Z
intent_5af3cb7f356c,eurusd_monthly_orb_fbo_tp25_1_0_0,eurusd_monthly_orb_fbo_tp25_1_0_0_202102_01,EURUSD,paper,sell,limit,1,1.2169475,,v2b_tp1,submitted,false,,,true,tp1,,,,GTC,2021-02-10,2021-03-01T00:00:00,2026-07-19T02:41:23Z,2026-07-19T02:41:23Z
intent_e9db550bfddf,eurusd_monthly_orb_fbo_tp25_1_0_0,eurusd_monthly_orb_fbo_tp25_1_0_0_202103_01,EURUSD,paper,buy,stop,1,,1.21132,long_boundary_stop_entry,submitted,true,verify_3b0a22171c4c,,false,entry,,,,GTC,2021-03-04,2021-04-01T00:00:00,2026-07-19T02:41:23Z,2026-07-19T02:41:23Z
intent_f3c8679be57a,eurusd_monthly_orb_fbo_tp25_1_0_0,eurusd_monthly_orb_fbo_tp25_1_0_0_202104_01,EURUSD,paper,sell,stop,1,,1.17125,short_boundary_stop_entry,submitted,true,verify_ef5781cc7d24,,false,entry,,,,GTC,2021-04-05,2021-05-01T00:00:00,2026-07-19T02:41:23Z,2026-07-19T02:41:23Z
intent_f45fb2425bd4,eurusd_monthly_orb_fbo_tp25_1_0_0,eurusd_monthly_orb_fbo_tp25_1_0_0_202105_01,EURUSD,paper,buy,stop,1,,1.2076,long_boundary_stop_entry,submitted,true,verify_80f207018831,,false,entry,,,,GTC,2021-05-05,2021-06-01T00:00:00,2026-07-19T02:41:23Z,2026-07-19T02:41:23Z
intent_21962109ea7b,eurusd_monthly_orb_fbo_tp25_1_0_0,eurusd_monthly_orb_fbo_tp25_1_0_0_202105_01,EURUSD,paper,sell,limit,1,1.2095375000000002,,v2b_tp1,submitted,false,,,true,tp1,,,,GTC,2021-05-07,2021-06-01T00:00:00,2026-07-19T02:41:23Z,2026-07-19T02:41:23Z
intent_8aee22d5ae11,eurusd_monthly_orb_fbo_tp25_1_0_0,eurusd_monthly_orb_fbo_tp25_1_0_0_202106_01,EURUSD,paper,buy,stop,1,,1.22542,long_boundary_stop_entry,submitted,true,verify_111397b63fc9,,false,entry,,,,GTC,2021-06-04,2021-07-01T00:00:00,2026-07-19T02:41:23Z,2026-07-19T02:41:23Z
intent_a03aa09a43c2,eurusd_monthly_orb_fbo_tp25_1_0_0,eurusd_monthly_orb_fbo_tp25_1_0_0_202107_01,EURUSD,paper,buy,stop,1,,1.18842,long_boundary_stop_entry,submitted,true,verify_1a408f1d198a,,false,entry,,,,GTC,2021-07-07,2021-08-01T00:00:00,2026-07-19T02:41:23Z,2026-07-19T02:41:23Z
intent_bb1206c871fd,eurusd_monthly_orb_fbo_tp25_1_0_0,eurusd_monthly_orb_fbo_tp25_1_0_0_202107_01,EURUSD,paper,sell,limit,1,1.19036,,v2b_tp1,submitted,false,,,true,tp1,,,,GTC,2021-07-29,2021-08-01T00:00:00,2026-07-19T02:41:24Z,2026-07-19T02:41:24Z
intent_50f979516561,eurusd_monthly_orb_fbo_tp25_1_0_0,eurusd_monthly_orb_fbo_tp25_1_0_0_202108_01,EURUSD,paper,buy,stop,1,,1.18968,long_boundary_stop_entry,submitted,true,verify_a76f149b90cd,,false,entry,,,,GTC,2021-08-05,2021-09-01T00:00:00,2026-07-19T02:41:24Z,2026-07-19T02:41:24Z
intent_2a3af6260b91,eurusd_monthly_orb_fbo_tp25_1_0_0,eurusd_monthly_orb_fbo_tp25_1_0_0_202109_01,EURUSD,paper,buy,stop,1,,1.1909,long_boundary_stop_entry,submitted,true,verify_118f538862b0,,false,entry,,,,GTC,2021-09-13,2021-10-01T00:00:00,2026-07-19T02:41:24Z,2026-07-19T02:41:24Z
intent_ba79bcfbf344,eurusd_monthly_orb_fbo_tp25_1_0_0,eurusd_monthly_orb_fbo_tp25_1_0_0_202110_01,EURUSD,paper,buy,stop,1,,1.164,long_boundary_stop_entry,submitted,true,verify_148e9100fbbc,,false,entry,,,,GTC,2021-10-06,2021-11-01T00:00:00,2026-07-19T02:41:24Z,2026-07-19T02:41:24Z
intent_f9a2602512ea,eurusd_monthly_orb_fbo_tp25_1_0_0,eurusd_monthly_orb_fbo_tp25_1_0_0_202110_01,EURUSD,paper,sell,limit,1,1.16594,,v2b_tp1,submitted,false,,,true,tp1,,,,GTC,2021-10-19,2021-11-01T00:00:00,2026-07-19T02:41:24Z,2026-07-19T02:41:24Z
intent_bc7ed033be26,eurusd_monthly_orb_fbo_tp25_1_0_0,eurusd_monthly_orb_fbo_tp25_1_0_0_202111_01,EURUSD,paper,buy,stop,1,,1.16164,long_boundary_stop_entry,submitted,true,verify_8f957aa6077f,,false,entry,,,,GTC,2021-11-04,2021-12-01T00:00:00,2026-07-19T02:41:24Z,2026-07-19T02:41:24Z
intent_5af8bb5fc99f,eurusd_monthly_orb_fbo_tp25_1_0_0,eurusd_monthly_orb_fbo_tp25_1_0_0_202112_01,EURUSD,paper,buy,stop,1,,1.13596,long_boundary_stop_entry,submitted,true,verify_76a4c4d4ebce,,false,entry,,,,GTC,2021-12-06,2021-12-31T23:59:59,2026-07-19T02:41:24Z,2026-07-19T02:41:24Z
intent_f9a90f6c0428,eurusd_monthly_orb_fbo_tp25_1_0_0,eurusd_monthly_orb_fbo_tp25_1_0_0_202112_01,EURUSD,paper,sell,limit,1,1.1382975000000002,,v2b_tp1,submitted,false,,,true,tp1,,,,GTC,2021-12-16,2021-12-31T23:59:59,2026-07-19T02:41:24Z,2026-07-19T02:41:24Z
intent_2b7867652940,eurusd_monthly_orb_fbo_tp25_1_0_0,eurusd_monthly_orb_fbo_tp25_1_0_0_202112_01,EURUSD,paper,sell,market_close,1,,,stop_close,submitted,false,,,true,close,,,,GTC,2021-12-17,,2026-07-19T02:41:24Z,2026-07-19T02:41:24Z
intent_322f185edb7b,eurusd_monthly_orb_fbo_tp25_1_0_0,eurusd_monthly_orb_fbo_tp25_1_0_0_202112_02,EURUSD,paper,buy,stop,1,,1.13596,long_boundary_stop_entry,submitted,true,verify_0473368cf917,,false,entry,,,,GTC,2021-12-19,2021-12-31T23:59:59,2026-07-19T02:41:24Z,2026-07-19T02:41:24Z
intent_7fad6b769785,eurusd_monthly_orb_fbo_tp25_1_0_0,eurusd_monthly_orb_fbo_tp25_1_0_0_202112_02,EURUSD,paper,sell,limit,1,1.1382975000000002,,v2b_tp1,submitted,false,,,true,tp1,,,,GTC,2021-12-29,2021-12-31T23:59:59,2026-07-19T02:41:24Z,2026-07-19T02:41:24Z
intent_e02420625cab,eurusd_monthly_orb_fbo_tp25_1_0_0,eurusd_monthly_orb_fbo_tp25_1_0_0_202201_01,EURUSD,paper,sell,stop,1,,1.12721,short_boundary_stop_entry,submitted,true,verify_7d24ffeaf1ef,,false,entry,,,,GTC,2022-01-12,2022-02-01T00:00:00,2026-07-19T02:41:24Z,2026-07-19T02:41:24Z
intent_7f0f04a7e3aa,eurusd_monthly_orb_fbo_tp25_1_0_0,eurusd_monthly_orb_fbo_tp25_1_0_0_202201_01,EURUSD,paper,buy,limit,1,1.1245475,,v2b_tp1,submitted,false,,,true,tp1,,,,GTC,2022-01-25,2022-02-01T00:00:00,2026-07-19T02:41:24Z,2026-07-19T02:41:24Z
intent_e66169077993,eurusd_monthly_orb_fbo_tp25_1_0_0,eurusd_monthly_orb_fbo_tp25_1_0_0_202202_01,EURUSD,paper,sell,stop,1,,1.12209,short_boundary_stop_entry,submitted,true,verify_c17fabae88ed,,false,entry,,,,GTC,2022-02-04,2022-03-01T00:00:00,2026-07-19T02:41:24Z,2026-07-19T02:41:24Z
intent_52fa2b8def5a,eurusd_monthly_orb_fbo_tp25_1_0_0,eurusd_monthly_orb_fbo_tp25_1_0_0_202202_01,EURUSD,paper,buy,limit,1,1.1163175,,v2b_tp1,submitted,false,,,true,tp1,,,,GTC,2022-02-24,2022-03-01T00:00:00,2026-07-19T02:41:24Z,2026-07-19T02:41:24Z
intent_bc74599c0144,eurusd_monthly_orb_fbo_tp25_1_0_0,eurusd_monthly_orb_fbo_tp25_1_0_0_202203_01,EURUSD,paper,buy,stop,1,,1.12329,long_boundary_stop_entry,submitted,true,verify_4b52efa0e2cc,,false,entry,,,,GTC,2022-03-04,2022-04-01T00:00:00,2026-07-19T02:41:24Z,2026-07-19T02:41:24Z
intent_0318bc88abec,eurusd_monthly_orb_fbo_tp25_1_0_0,eurusd_monthly_orb_fbo_tp25_1_0_0_202204_01,EURUSD,paper,buy,stop,1,,1.10757,long_boundary_stop_entry,submitted,true,verify_4399d511dbf1,,false,entry,,,,GTC,2022-04-05,2022-05-01T00:00:00,2026-07-19T02:41:24Z,2026-07-19T02:41:24Z
intent_4b15b3d2afea,eurusd_monthly_orb_fbo_tp25_1_0_0,eurusd_monthly_orb_fbo_tp25_1_0_0_202205_01,EURUSD,paper,sell,stop,1,,1.04901,short_boundary_stop_entry,submitted,true,verify_10652a701f72,,false,entry,,,,GTC,2022-05-04,2022-06-01T00:00:00,2026-07-19T02:41:24Z,2026-07-19T02:41:24Z
intent_4dd59803ca47,eurusd_monthly_orb_fbo_tp25_1_0_0,eurusd_monthly_orb_fbo_tp25_1_0_0_202205_01,EURUSD,paper,buy,limit,1,1.0468125,,v2b_tp1,submitted,false,,,true,tp1,,,,GTC,2022-05-06,2022-06-01T00:00:00,2026-07-19T02:41:24Z,2026-07-19T02:41:24Z
intent_ec581c6c212a,eurusd_monthly_orb_fbo_tp25_1_0_0,eurusd_monthly_orb_fbo_tp25_1_0_0_202206_01,EURUSD,paper,buy,stop,1,,1.07643,long_boundary_stop_entry,submitted,true,verify_e03c6be6677c,,false,entry,,,,GTC,2022-06-10,2022-07-01T00:00:00,2026-07-19T02:41:25Z,2026-07-19T02:41:25Z
intent_b7436a3f3ee6,eurusd_monthly_orb_fbo_tp25_1_0_0,eurusd_monthly_orb_fbo_tp25_1_0_0_202207_01,EURUSD,paper,buy,stop,1,,1.04783,long_boundary_stop_entry,submitted,true,verify_d146568816bc,,false,entry,,,,GTC,2022-07-05,2022-08-01T00:00:00,2026-07-19T02:41:25Z,2026-07-19T02:41:25Z
intent_ef4c1d158c05,eurusd_monthly_orb_fbo_tp25_1_0_0,eurusd_monthly_orb_fbo_tp25_1_0_0_202208_01,EURUSD,paper,sell,stop,1,,1.01226,short_boundary_stop_entry,submitted,true,verify_5f4add721fdd,,false,entry,,,,GTC,2022-08-10,2022-09-01T00:00:00,2026-07-19T02:41:25Z,2026-07-19T02:41:25Z
intent_0f55623b5be5,eurusd_monthly_orb_fbo_tp25_1_0_0,eurusd_monthly_orb_fbo_tp25_1_0_0_202208_01,EURUSD,paper,buy,limit,1,1.0079675,,v2b_tp1,submitted,false,,,true,tp1,,,,GTC,2022-08-16,2022-09-01T00:00:00,2026-07-19T02:41:25Z,2026-07-19T02:41:25Z
intent_9c8bfb1b98e5,eurusd_monthly_orb_fbo_tp25_1_0_0,eurusd_monthly_orb_fbo_tp25_1_0_0_202209_01,EURUSD,paper,buy,stop,1,,1.00485,long_boundary_stop_entry,submitted,true,verify_6676be300b4b,,false,entry,,,,GTC,2022-09-05,2022-10-01T00:00:00,2026-07-19T02:41:25Z,2026-07-19T02:41:25Z
intent_d8968eccb4de,eurusd_monthly_orb_fbo_tp25_1_0_0,eurusd_monthly_orb_fbo_tp25_1_0_0_202209_01,EURUSD,paper,sell,limit,1,1.0084975,,v2b_tp1,submitted,false,,,true,tp1,,,,GTC,2022-09-09,2022-10-01T00:00:00,2026-07-19T02:41:25Z,2026-07-19T02:41:25Z
intent_e26514a33b24,eurusd_monthly_orb_fbo_tp25_1_0_0,eurusd_monthly_orb_fbo_tp25_1_0_0_202210_01,EURUSD,paper,buy,stop,1,,0.99995,long_boundary_stop_entry,submitted,true,verify_b6a66d65262d,,false,entry,,,,GTC,2022-10-07,2022-11-01T00:00:00,2026-07-19T02:41:25Z,2026-07-19T02:41:25Z
intent_64571c86f332,eurusd_monthly_orb_fbo_tp25_1_0_0,eurusd_monthly_orb_fbo_tp25_1_0_0_202210_01,EURUSD,paper,sell,limit,1,1.006135,,v2b_tp1,submitted,false,,,true,tp1,,,,GTC,2022-10-26,2022-11-01T00:00:00,2026-07-19T02:41:25Z,2026-07-19T02:41:25Z
intent_97f39402f97a,eurusd_monthly_orb_fbo_tp25_1_0_0,eurusd_monthly_orb_fbo_tp25_1_0_0_202211_01,EURUSD,paper,sell,stop,1,,0.97299,short_boundary_stop_entry,submitted,true,verify_ce3b21d1a054,,false,entry,,,,GTC,2022-11-07,2022-12-01T00:00:00,2026-07-19T02:41:25Z,2026-07-19T02:41:25Z
intent_e71b080923f9,eurusd_monthly_orb_fbo_tp25_1_0_0,eurusd_monthly_orb_fbo_tp25_1_0_0_202212_01,EURUSD,paper,sell,stop,1,,1.03929,short_boundary_stop_entry,submitted,true,verify_a56b52924fb5,,false,entry,,,,GTC,2022-12-05,2022-12-31T23:59:59,2026-07-19T02:41:25Z,2026-07-19T02:41:25Z
intent_23a8c595ce9d,eurusd_monthly_orb_fbo_tp25_1_0_0,eurusd_monthly_orb_fbo_tp25_1_0_0_202301_01,EURUSD,paper,buy,stop,1,,1.07087,long_boundary_stop_entry,submitted,true,verify_9695720c62d3,,false,entry,,,,GTC,2023-01-05,2023-02-01T00:00:00,2026-07-19T02:41:25Z,2026-07-19T02:41:25Z
intent_5dd15a7a4f2b,eurusd_monthly_orb_fbo_tp25_1_0_0,eurusd_monthly_orb_fbo_tp25_1_0_0_202301_01,EURUSD,paper,sell,limit,1,1.0756125,,v2b_tp1,submitted,false,,,true,tp1,,,,GTC,2023-01-09,2023-02-01T00:00:00,2026-07-19T02:41:25Z,2026-07-19T02:41:25Z
intent_63939ea9cffc,eurusd_monthly_orb_fbo_tp25_1_0_0,eurusd_monthly_orb_fbo_tp25_1_0_0_202302_01,EURUSD,paper,buy,stop,1,,1.10327,long_boundary_stop_entry,submitted,true,verify_33a7eef9ccff,,false,entry,,,,GTC,2023-02-05,2023-03-01T00:00:00,2026-07-19T02:41:25Z,2026-07-19T02:41:25Z
intent_02d7ace5c736,eurusd_monthly_orb_fbo_tp25_1_0_0,eurusd_monthly_orb_fbo_tp25_1_0_0_202303_01,EURUSD,paper,sell,stop,1,,1.05651,short_boundary_stop_entry,submitted,true,verify_21ef6ac203ba,,false,entry,,,,GTC,2023-03-06,2023-04-01T00:00:00,2026-07-19T02:41:25Z,2026-07-19T02:41:25Z
intent_2be38d2c6dfe,eurusd_monthly_orb_fbo_tp25_1_0_0,eurusd_monthly_orb_fbo_tp25_1_0_0_202303_01,EURUSD,paper,buy,limit,1,1.053345,,v2b_tp1,submitted,false,,,true,tp1,,,,GTC,2023-03-07,2023-04-01T00:00:00,2026-07-19T02:41:25Z,2026-07-19T02:41:25Z
intent_4e3a3050ec64,eurusd_monthly_orb_fbo_tp25_1_0_0,eurusd_monthly_orb_fbo_tp25_1_0_0_202304_01,EURUSD,paper,sell,stop,1,,1.07882,short_boundary_stop_entry,submitted,true,verify_146c88c5d1dc,,false,entry,,,,GTC,2023-04-12,2023-05-01T00:00:00,2026-07-19T02:41:26Z,2026-07-19T02:41:26Z
intent_b051eaf7e0e4,eurusd_monthly_orb_fbo_tp25_1_0_0,eurusd_monthly_orb_fbo_tp25_1_0_0_202305_01,EURUSD,paper,sell,stop,1,,1.09422,short_boundary_stop_entry,submitted,true,verify_a95e3322aeb8,,false,entry,,,,GTC,2023-05-04,2023-06-01T00:00:00,2026-07-19T02:41:26Z,2026-07-19T02:41:26Z
intent_9a54c63606ab,eurusd_monthly_orb_fbo_tp25_1_0_0,eurusd_monthly_orb_fbo_tp25_1_0_0_202305_01,EURUSD,paper,buy,limit,1,1.0904749999999999,,v2b_tp1,submitted,false,,,true,tp1,,,,GTC,2023-05-09,2023-06-01T00:00:00,2026-07-19T02:41:26Z,2026-07-19T02:41:26Z
intent_d035d83a89d3,eurusd_monthly_orb_fbo_tp25_1_0_0,eurusd_monthly_orb_fbo_tp25_1_0_0_202306_01,EURUSD,paper,sell,stop,1,,1.06617,short_boundary_stop_entry,submitted,true,verify_69a1dc55e73d,,false,entry,,,,GTC,2023-06-08,2023-07-01T00:00:00,2026-07-19T02:41:26Z,2026-07-19T02:41:26Z
intent_2f728ea66fc2,eurusd_monthly_orb_fbo_tp25_1_0_0,eurusd_monthly_orb_fbo_tp25_1_0_0_202307_01,EURUSD,paper,buy,stop,1,,1.09339,long_boundary_stop_entry,submitted,true,verify_e89555e07fac,,false,entry,,,,GTC,2023-07-05,2023-08-01T00:00:00,2026-07-19T02:41:26Z,2026-07-19T02:41:26Z
intent_7fa82a7dc326,eurusd_monthly_orb_fbo_tp25_1_0_0,eurusd_monthly_orb_fbo_tp25_1_0_0_202307_01,EURUSD,paper,sell,limit,1,1.0949925,,v2b_tp1,submitted,false,,,true,tp1,,,,GTC,2023-07-07,2023-08-01T00:00:00,2026-07-19T02:41:26Z,2026-07-19T02:41:26Z
intent_f560662eea40,eurusd_monthly_orb_fbo_tp25_1_0_0,eurusd_monthly_orb_fbo_tp25_1_0_0_202308_01,EURUSD,paper,sell,stop,1,,1.09122,short_boundary_stop_entry,submitted,true,verify_75f912e2d02f,,false,entry,,,,GTC,2023-08-04,2023-09-01T00:00:00,2026-07-19T02:41:26Z,2026-07-19T02:41:26Z
intent_5c62b3211f0b,eurusd_monthly_orb_fbo_tp25_1_0_0,eurusd_monthly_orb_fbo_tp25_1_0_0_202308_01,EURUSD,paper,buy,limit,1,1.088535,,v2b_tp1,submitted,false,,,true,tp1,,,,GTC,2023-08-14,2023-09-01T00:00:00,2026-07-19T02:41:26Z,2026-07-19T02:41:26Z
intent_c4b3edcd011d,eurusd_monthly_orb_fbo_tp25_1_0_0,eurusd_monthly_orb_fbo_tp25_1_0_0_202309_01,EURUSD,paper,buy,stop,1,,1.08819,long_boundary_stop_entry,submitted,true,verify_a09829d289a5,,false,entry,,,,GTC,2023-09-05,2023-10-01T00:00:00,2026-07-19T02:41:26Z,2026-07-19T02:41:26Z
intent_9e541d0c96de,eurusd_monthly_orb_fbo_tp25_1_0_0,eurusd_monthly_orb_fbo_tp25_1_0_0_202310_01,EURUSD,paper,sell,stop,1,,1.04483,short_boundary_stop_entry,submitted,true,verify_9106cf332e40,,false,entry,,,,GTC,2023-10-06,2023-11-01T00:00:00,2026-07-19T02:41:26Z,2026-07-19T02:41:26Z
intent_7b40f66b85b8,eurusd_monthly_orb_fbo_tp25_1_0_0,eurusd_monthly_orb_fbo_tp25_1_0_0_202311_01,EURUSD,paper,sell,stop,1,,1.05167,short_boundary_stop_entry,submitted,true,verify_7afecc261085,,false,entry,,,,GTC,2023-11-06,2023-12-01T00:00:00,2026-07-19T02:41:26Z,2026-07-19T02:41:26Z
intent_86c0d4e13e01,eurusd_monthly_orb_fbo_tp25_1_0_0,eurusd_monthly_orb_fbo_tp25_1_0_0_202312_01,EURUSD,paper,buy,stop,1,,1.09127,long_boundary_stop_entry,submitted,true,verify_240dfd7bc2d1,,false,entry,,,,GTC,2023-12-05,2023-12-31T23:59:59,2026-07-19T02:41:26Z,2026-07-19T02:41:26Z
intent_b521f5c70167,eurusd_monthly_orb_fbo_tp25_1_0_0,eurusd_monthly_orb_fbo_tp25_1_0_0_202312_01,EURUSD,paper,sell,limit,1,1.0939975,,v2b_tp1,submitted,false,,,true,tp1,,,,GTC,2023-12-14,2023-12-31T23:59:59,2026-07-19T02:41:26Z,2026-07-19T02:41:26Z
intent_f5be49d2722b,eurusd_monthly_orb_fbo_tp25_1_0_0,eurusd_monthly_orb_fbo_tp25_1_0_0_202401_01,EURUSD,paper,buy,stop,1,,1.10447,long_boundary_stop_entry,submitted,true,verify_4b77ebb3fc91,,false,entry,,,,GTC,2024-01-05,2024-02-01T00:00:00,2026-07-19T02:41:27Z,2026-07-19T02:41:27Z
intent_e3dbf1b4084d,eurusd_monthly_orb_fbo_tp25_1_0_0,eurusd_monthly_orb_fbo_tp25_1_0_0_202402_01,EURUSD,paper,buy,stop,1,,1.08974,long_boundary_stop_entry,submitted,true,verify_d96e8ca0fb75,,false,entry,,,,GTC,2024-02-05,2024-03-01T00:00:00,2026-07-19T02:41:27Z,2026-07-19T02:41:27Z
intent_5e68c536a8d7,eurusd_monthly_orb_fbo_tp25_1_0_0,eurusd_monthly_orb_fbo_tp25_1_0_0_202403_01,EURUSD,paper,sell,stop,1,,1.07981,short_boundary_stop_entry,submitted,true,verify_d0e0560df728,,false,entry,,,,GTC,2024-03-05,2024-04-01T00:00:00,2026-07-19T02:41:27Z,2026-07-19T02:41:27Z
intent_72db60c1d4ab,eurusd_monthly_orb_fbo_tp25_1_0_0,eurusd_monthly_orb_fbo_tp25_1_0_0_202403_01,EURUSD,paper,buy,limit,1,1.0780849999999997,,v2b_tp1,submitted,false,,,true,tp1,,,,GTC,2024-03-28,2024-04-01T00:00:00,2026-07-19T02:41:27Z,2026-07-19T02:41:27Z
intent_591b90c90436,eurusd_monthly_orb_fbo_tp25_1_0_0,eurusd_monthly_orb_fbo_tp25_1_0_0_202404_01,EURUSD,paper,sell,stop,1,,1.07246,short_boundary_stop_entry,submitted,true,verify_7f4f155301df,,false,entry,,,,GTC,2024-04-04,2024-05-01T00:00:00,2026-07-19T02:41:27Z,2026-07-19T02:41:27Z
intent_2ba58ac2db57,eurusd_monthly_orb_fbo_tp25_1_0_0,eurusd_monthly_orb_fbo_tp25_1_0_0_202404_01,EURUSD,paper,buy,limit,1,1.0695474999999999,,v2b_tp1,submitted,false,,,true,tp1,,,,GTC,2024-04-11,2024-05-01T00:00:00,2026-07-19T02:41:27Z,2026-07-19T02:41:27Z
intent_bec278615ae0,eurusd_monthly_orb_fbo_tp25_1_0_0,eurusd_monthly_orb_fbo_tp25_1_0_0_202405_01,EURUSD,paper,sell,stop,1,,1.06494,short_boundary_stop_entry,submitted,true,verify_95fd7ffcc89e,,false,entry,,,,GTC,2024-05-14,2024-06-01T00:00:00,2026-07-19T02:41:27Z,2026-07-19T02:41:27Z
intent_75f369ddb571,eurusd_monthly_orb_fbo_tp25_1_0_0,eurusd_monthly_orb_fbo_tp25_1_0_0_202406_01,EURUSD,paper,buy,stop,1,,1.0916,long_boundary_stop_entry,submitted,true,verify_8c0e304e8c61,,false,entry,,,,GTC,2024-06-07,2024-07-01T00:00:00,2026-07-19T02:41:27Z,2026-07-19T02:41:27Z
intent_bb75ff10b2f7,eurusd_monthly_orb_fbo_tp25_1_0_0,eurusd_monthly_orb_fbo_tp25_1_0_0_202407_01,EURUSD,paper,sell,stop,1,,1.071,short_boundary_stop_entry,submitted,true,verify_811ced8f4101,,false,entry,,,,GTC,2024-07-05,2024-08-01T00:00:00,2026-07-19T02:41:27Z,2026-07-19T02:41:27Z
intent_77f3e18587f3,eurusd_monthly_orb_fbo_tp25_1_0_0,eurusd_monthly_orb_fbo_tp25_1_0_0_202408_01,EURUSD,paper,sell,stop,1,,1.07774,short_boundary_stop_entry,submitted,true,verify_40822bc30738,,false,entry,,,,GTC,2024-08-05,2024-09-01T00:00:00,2026-07-19T02:41:27Z,2026-07-19T02:41:27Z
intent_679d50d63d69,eurusd_monthly_orb_fbo_tp25_1_0_0,eurusd_monthly_orb_fbo_tp25_1_0_0_202409_01,EURUSD,paper,sell,stop,1,,1.10263,short_boundary_stop_entry,submitted,true,verify_90fb3c03f503,,false,entry,,,,GTC,2024-09-04,2024-10-01T00:00:00,2026-07-19T02:41:27Z,2026-07-19T02:41:27Z
intent_69574d0d69d7,eurusd_monthly_orb_fbo_tp25_1_0_0,eurusd_monthly_orb_fbo_tp25_1_0_0_202409_01,EURUSD,paper,buy,limit,1,1.1013449999999998,,v2b_tp1,submitted,false,,,true,tp1,,,,GTC,2024-09-10,2024-10-01T00:00:00,2026-07-19T02:41:27Z,2026-07-19T02:41:27Z
intent_a8bef2833b91,eurusd_monthly_orb_fbo_tp25_1_0_0,eurusd_monthly_orb_fbo_tp25_1_0_0_202410_01,EURUSD,paper,buy,stop,1,,1.11439,long_boundary_stop_entry,submitted,true,verify_0a8e9878fbc4,,false,entry,,,,GTC,2024-10-04,2024-11-01T00:00:00,2026-07-19T02:41:27Z,2026-07-19T02:41:27Z
intent_f0f31e9f667a,eurusd_monthly_orb_fbo_tp25_1_0_0,eurusd_monthly_orb_fbo_tp25_1_0_0_202411_01,EURUSD,paper,sell,stop,1,,1.08317,short_boundary_stop_entry,submitted,true,verify_94b1d4e69fd5,,false,entry,,,,GTC,2024-11-05,2024-12-01T00:00:00,2026-07-19T02:41:28Z,2026-07-19T02:41:28Z
intent_9aeb33934e43,eurusd_monthly_orb_fbo_tp25_1_0_0,eurusd_monthly_orb_fbo_tp25_1_0_0_202411_01,EURUSD,paper,buy,limit,1,1.0810849999999999,,v2b_tp1,submitted,false,,,true,tp1,,,,GTC,2024-11-06,2024-12-01T00:00:00,2026-07-19T02:41:28Z,2026-07-19T02:41:28Z
intent_ffb501729021,eurusd_monthly_orb_fbo_tp25_1_0_0,eurusd_monthly_orb_fbo_tp25_1_0_0_202412_01,EURUSD,paper,sell,stop,1,,1.04607,short_boundary_stop_entry,submitted,true,verify_968384fd5480,,false,entry,,,,GTC,2024-12-05,2024-12-31T23:59:59,2026-07-19T02:41:28Z,2026-07-19T02:41:28Z
intent_b160753add57,eurusd_monthly_orb_fbo_tp25_1_0_0,eurusd_monthly_orb_fbo_tp25_1_0_0_202412_01,EURUSD,paper,buy,limit,1,1.043245,,v2b_tp1,submitted,false,,,true,tp1,,,,GTC,2024-12-13,2024-12-31T23:59:59,2026-07-19T02:41:28Z,2026-07-19T02:41:28Z
intent_eea2e88cb051,eurusd_monthly_orb_fbo_tp25_1_0_0,eurusd_monthly_orb_fbo_tp25_1_0_0_202501_01,EURUSD,paper,sell,stop,1,,1.02237,short_boundary_stop_entry,submitted,true,verify_a434f5ca9be9,,false,entry,,,,GTC,2025-01-06,2025-02-01T00:00:00,2026-07-19T02:41:28Z,2026-07-19T02:41:28Z
intent_97055ef15141,eurusd_monthly_orb_fbo_tp25_1_0_0,eurusd_monthly_orb_fbo_tp25_1_0_0_202501_01,EURUSD,paper,buy,limit,1,1.0185624999999998,,v2b_tp1,submitted,false,,,true,tp1,,,,GTC,2025-01-10,2025-02-01T00:00:00,2026-07-19T02:41:28Z,2026-07-19T02:41:28Z
intent_77bd344e800d,eurusd_monthly_orb_fbo_tp25_1_0_0,eurusd_monthly_orb_fbo_tp25_1_0_0_202502_01,EURUSD,paper,sell,stop,1,,1.02103,short_boundary_stop_entry,submitted,true,verify_170f62edf086,,false,entry,,,,GTC,2025-02-05,2025-03-01T00:00:00,2026-07-19T02:41:28Z,2026-07-19T02:41:28Z
intent_929d2669e699,eurusd_monthly_orb_fbo_tp25_1_0_0,eurusd_monthly_orb_fbo_tp25_1_0_0_202503_01,EURUSD,paper,sell,stop,1,,1.03883,short_boundary_stop_entry,submitted,true,verify_a001ef2b03ea,,false,entry,,,,GTC,2025-03-05,2025-04-01T00:00:00,2026-07-19T02:41:28Z,2026-07-19T02:41:28Z
intent_5a88bf795dad,eurusd_monthly_orb_fbo_tp25_1_0_0,eurusd_monthly_orb_fbo_tp25_1_0_0_202504_01,EURUSD,paper,sell,stop,1,,1.07782,short_boundary_stop_entry,submitted,true,verify_8be26eab1f63,,false,entry,,,,GTC,2025-04-10,2025-05-01T00:00:00,2026-07-19T02:41:28Z,2026-07-19T02:41:28Z
intent_b35732ccba5a,eurusd_monthly_orb_fbo_tp25_1_0_0,eurusd_monthly_orb_fbo_tp25_1_0_0_202505_01,EURUSD,paper,sell,stop,1,,1.12657,short_boundary_stop_entry,submitted,true,verify_5b493f4be29f,,false,entry,,,,GTC,2025-05-06,2025-06-01T00:00:00,2026-07-19T02:41:28Z,2026-07-19T02:41:28Z
intent_10888cc408cb,eurusd_monthly_orb_fbo_tp25_1_0_0,eurusd_monthly_orb_fbo_tp25_1_0_0_202505_01,EURUSD,paper,buy,limit,1,1.1236825000000001,,v2b_tp1,submitted,false,,,true,tp1,,,,GTC,2025-05-08,2025-06-01T00:00:00,2026-07-19T02:41:28Z,2026-07-19T02:41:28Z
intent_5153892fbdcf,eurusd_monthly_orb_fbo_tp25_1_0_0,eurusd_monthly_orb_fbo_tp25_1_0_0_202506_01,EURUSD,paper,sell,stop,1,,1.13435,short_boundary_stop_entry,submitted,true,verify_08a3237c80e3,,false,entry,,,,GTC,2025-06-05,2025-07-01T00:00:00,2026-07-19T02:41:28Z,2026-07-19T02:41:28Z
intent_005eae9ea902,eurusd_monthly_orb_fbo_tp25_1_0_0,eurusd_monthly_orb_fbo_tp25_1_0_0_202507_01,EURUSD,paper,buy,stop,1,,1.18298,long_boundary_stop_entry,submitted,true,verify_00382e231acc,,false,entry,,,,GTC,2025-07-07,2025-08-01T00:00:00,2026-07-19T02:41:29Z,2026-07-19T02:41:29Z
intent_af4ec7ec8783,eurusd_monthly_orb_fbo_tp25_1_0_0,eurusd_monthly_orb_fbo_tp25_1_0_0_202508_01,EURUSD,paper,sell,stop,1,,1.13915,short_boundary_stop_entry,submitted,true,verify_3f5d268a0d96,,false,entry,,,,GTC,2025-08-06,2025-09-01T00:00:00,2026-07-19T02:41:29Z,2026-07-19T02:41:29Z
intent_59c6fe108a96,eurusd_monthly_orb_fbo_tp25_1_0_0,eurusd_monthly_orb_fbo_tp25_1_0_0_202509_01,EURUSD,paper,sell,stop,1,,1.16081,short_boundary_stop_entry,submitted,true,verify_271cf26f7e04,,false,entry,,,,GTC,2025-09-05,2025-10-01T00:00:00,2026-07-19T02:41:29Z,2026-07-19T02:41:29Z
intent_c768d62ab618,eurusd_monthly_orb_fbo_tp25_1_0_0,eurusd_monthly_orb_fbo_tp25_1_0_0_202510_01,EURUSD,paper,buy,stop,1,,1.17785,long_boundary_stop_entry,submitted,true,verify_3af9e1003dc9,,false,entry,,,,GTC,2025-10-06,2025-11-01T00:00:00,2026-07-19T02:41:29Z,2026-07-19T02:41:29Z
intent_b718d62844e1,eurusd_monthly_orb_fbo_tp25_1_0_0,eurusd_monthly_orb_fbo_tp25_1_0_0_202511_01,EURUSD,paper,sell,stop,1,,1.14687,short_boundary_stop_entry,submitted,true,verify_3fcc9ad89234,,false,entry,,,,GTC,2025-11-06,2025-12-01T00:00:00,2026-07-19T02:41:29Z,2026-07-19T02:41:29Z
intent_72b8db099c1b,eurusd_monthly_orb_fbo_tp25_1_0_0,eurusd_monthly_orb_fbo_tp25_1_0_0_202512_01,EURUSD,paper,sell,stop,1,,1.15893,short_boundary_stop_entry,submitted,true,verify_1f23689f6018,,false,entry,,,,GTC,2025-12-04,2025-12-31T23:59:59,2026-07-19T02:41:29Z,2026-07-19T02:41:29Z
intent_7dadc01c1f4e,eurusd_monthly_orb_fbo_tp25_1_0_0,eurusd_monthly_orb_fbo_tp25_1_0_0_202601_01,EURUSD,paper,buy,stop,1,,1.17649,long_boundary_stop_entry,submitted,true,verify_fe9f6ed1fece,,false,entry,,,,GTC,2026-01-05,2026-02-01T00:00:00,2026-07-19T02:41:29Z,2026-07-19T02:41:29Z
intent_e18145bead60,eurusd_monthly_orb_fbo_tp25_1_0_0,eurusd_monthly_orb_fbo_tp25_1_0_0_202601_01,EURUSD,paper,sell,limit,1,1.178125,,v2b_tp1,submitted,false,,,true,tp1,,,,GTC,2026-01-20,2026-02-01T00:00:00,2026-07-19T02:41:29Z,2026-07-19T02:41:29Z
intent_f972abba2599,eurusd_monthly_orb_fbo_tp25_1_0_0,eurusd_monthly_orb_fbo_tp25_1_0_0_202601_01,EURUSD,paper,sell,market_close,1,,,stop_close,submitted,false,,,true,close,,,,GTC,2026-01-21,,2026-07-19T02:41:29Z,2026-07-19T02:41:29Z
intent_953c2521dda5,eurusd_monthly_orb_fbo_tp25_1_0_0,eurusd_monthly_orb_fbo_tp25_1_0_0_202601_02,EURUSD,paper,buy,stop,1,,1.17649,long_boundary_stop_entry,submitted,true,verify_2a429f9886e4,,false,entry,,,,GTC,2026-01-22,2026-02-01T00:00:00,2026-07-19T02:41:29Z,2026-07-19T02:41:29Z
intent_287ef87f312a,eurusd_monthly_orb_fbo_tp25_1_0_0,eurusd_monthly_orb_fbo_tp25_1_0_0_202601_02,EURUSD,paper,sell,limit,1,1.178125,,v2b_tp1,submitted,false,,,true,tp1,,,,GTC,2026-01-23,2026-02-01T00:00:00,2026-07-19T02:41:29Z,2026-07-19T02:41:29Z
intent_4e1bf296586f,eurusd_monthly_orb_fbo_tp25_1_0_0,eurusd_monthly_orb_fbo_tp25_1_0_0_202602_01,EURUSD,paper,buy,stop,1,,1.18747,long_boundary_stop_entry,submitted,true,verify_2eaf8b64c6d2,,false,entry,,,,GTC,2026-02-05,2026-03-01T00:00:00,2026-07-19T02:41:29Z,2026-07-19T02:41:29Z
intent_f8ff80176ffc,eurusd_monthly_orb_fbo_tp25_1_0_0,eurusd_monthly_orb_fbo_tp25_1_0_0_202602_01,EURUSD,paper,sell,limit,1,1.1899525,,v2b_tp1,submitted,false,,,true,tp1,,,,GTC,2026-02-09,2026-03-01T00:00:00,2026-07-19T02:41:29Z,2026-07-19T02:41:29Z
intent_9d7daea6d10a,eurusd_monthly_orb_fbo_tp25_1_0_0,eurusd_monthly_orb_fbo_tp25_1_0_0_202603_01,EURUSD,paper,buy,stop,1,,1.17958,long_boundary_stop_entry,submitted,true,verify_8358fd69805d,,false,entry,,,,GTC,2026-03-08,2026-04-01T00:00:00,2026-07-19T02:41:29Z,2026-07-19T02:41:29Z
