candidate,trade_id,unit_id,direction,entry_ts,entry_price,exit_ts,exit_price,exit_reason,points,usd
audjpy_hourly_st_pmc_sl25_tp75_3r,audjpy_hourly_st_pmc_sl25_tp75_3r_t9,1,Long,2004-01-05T13:00:00-05:00,81.181586,2004-01-06T08:00:00-05:00,81.931586,target,0.750000,75000.00
audjpy_hourly_st_pmc_sl25_tp75_3r,audjpy_hourly_st_pmc_sl25_tp75_3r_t10,2,Long,2004-01-07T01:00:00-05:00,81.338209,2004-01-08T14:00:00-05:00,82.088209,target,0.750000,75000.00
audjpy_hourly_st_pmc_sl25_tp75_3r,audjpy_hourly_st_pmc_sl25_tp75_3r_t11,3,Long,2004-01-14T02:00:00-05:00,82.359345,2004-01-14T20:00:00-05:00,82.108345,stop,-0.251000,-25100.00
audjpy_hourly_st_pmc_sl25_tp75_3r,audjpy_hourly_st_pmc_sl25_tp75_3r_t14,4,Long,2004-01-23T12:00:00-05:00,82.120396,2004-01-23T16:00:00-05:00,81.869396,stop,-0.251000,-25100.00
audjpy_hourly_st_pmc_sl25_tp75_3r,audjpy_hourly_st_pmc_sl25_tp75_3r_t15,5,Long,2004-01-28T14:00:00-05:00,81.805214,2004-01-28T22:00:00-05:00,81.554214,stop,-0.251000,-25100.00
audjpy_hourly_st_pmc_sl25_tp75_3r,audjpy_hourly_st_pmc_sl25_tp75_3r_t20,6,Short,2004-02-02T00:00:00-05:00,80.796407,2004-02-02T13:00:00-05:00,80.046407,target,0.750000,75000.00
audjpy_hourly_st_pmc_sl25_tp75_3r,audjpy_hourly_st_pmc_sl25_tp75_3r_t21,7,Short,2004-02-03T10:00:00-05:00,80.631241,2004-02-03T11:00:00-05:00,80.882241,stop,-0.251000,-25100.00
audjpy_hourly_st_pmc_sl25_tp75_3r,audjpy_hourly_st_pmc_sl25_tp75_3r_t27,8,Long,2004-02-11T08:00:00-05:00,81.912276,2004-02-11T16:00:00-05:00,82.662276,target,0.750000,75000.00
audjpy_hourly_st_pmc_sl25_tp75_3r,audjpy_hourly_st_pmc_sl25_tp75_3r_t28,9,Long,2004-02-13T16:00:00-05:00,83.003548,2004-02-17T03:00:00-05:00,83.753548,target,0.750000,75000.00
audjpy_hourly_st_pmc_sl25_tp75_3r,audjpy_hourly_st_pmc_sl25_tp75_3r_t29,10,Long,2004-02-20T15:00:00-05:00,84.265299,2004-02-20T17:00:00-05:00,84.014299,stop,-0.251000,-25100.00
audjpy_hourly_st_pmc_sl25_tp75_3r,audjpy_hourly_st_pmc_sl25_tp75_3r_t30,11,Long,2004-02-27T08:00:00-05:00,83.877270,2004-02-27T10:00:00-05:00,83.626270,stop,-0.251000,-25100.00
audjpy_hourly_st_pmc_sl25_tp75_3r,audjpy_hourly_st_pmc_sl25_tp75_3r_t34,12,Short,2004-03-04T06:00:00-05:00,82.955319,2004-03-04T10:00:00-05:00,83.206319,stop,-0.251000,-25100.00
audjpy_hourly_st_pmc_sl25_tp75_3r,audjpy_hourly_st_pmc_sl25_tp75_3r_t35,13,Long,2004-03-08T18:00:00-05:00,84.164798,2004-03-09T04:00:00-05:00,84.914798,target,0.750000,75000.00
audjpy_hourly_st_pmc_sl25_tp75_3r,audjpy_hourly_st_pmc_sl25_tp75_3r_t36,14,Long,2004-03-09T17:00:00-05:00,84.350179,2004-03-10T02:00:00-05:00,84.099179,stop,-0.251000,-25100.00
audjpy_hourly_st_pmc_sl25_tp75_3r,audjpy_hourly_st_pmc_sl25_tp75_3r_t37,15,Short,2004-03-18T16:00:00-05:00,80.121985,2004-03-18T20:00:00-05:00,80.372985,stop,-0.251000,-25100.00
audjpy_hourly_st_pmc_sl25_tp75_3r,audjpy_hourly_st_pmc_sl25_tp75_3r_t38,16,Short,2004-03-26T10:00:00-05:00,78.903814,2004-03-26T19:00:00-05:00,79.154814,stop,-0.251000,-25100.00
audjpy_hourly_st_pmc_sl25_tp75_3r,audjpy_hourly_st_pmc_sl25_tp75_3r_t39,17,Short,2004-03-31T18:00:00-05:00,79.700975,2004-03-31T20:00:00-05:00,79.951975,stop,-0.251000,-25100.00
audjpy_hourly_st_pmc_sl25_tp75_3r,audjpy_hourly_st_pmc_sl25_tp75_3r_t42,18,Short,2004-04-05T06:00:00-04:00,79.492179,2004-04-05T12:00:00-04:00,78.742179,target,0.750000,75000.00
audjpy_hourly_st_pmc_sl25_tp75_3r,audjpy_hourly_st_pmc_sl25_tp75_3r_t43,19,Short,2004-04-06T00:00:00-04:00,79.492179,2004-04-06T00:00:00-04:00,79.743179,stop,-0.251000,-25100.00
audjpy_hourly_st_pmc_sl25_tp75_3r,audjpy_hourly_st_pmc_sl25_tp75_3r_t45,20,Long,2004-04-07T03:00:00-04:00,79.877863,2004-04-07T09:00:00-04:00,80.627863,target,0.750000,75000.00
audjpy_hourly_st_pmc_sl25_tp75_3r,audjpy_hourly_st_pmc_sl25_tp75_3r_t46,21,Long,2004-04-12T17:00:00-04:00,80.734710,2004-04-13T03:00:00-04:00,80.483710,stop,-0.251000,-25100.00
audjpy_hourly_st_pmc_sl25_tp75_3r,audjpy_hourly_st_pmc_sl25_tp75_3r_t50,22,Long,2004-04-20T04:00:00-04:00,80.294635,2004-04-20T06:00:00-04:00,80.043635,stop,-0.251000,-25100.00
audjpy_hourly_st_pmc_sl25_tp75_3r,audjpy_hourly_st_pmc_sl25_tp75_3r_t54,23,Long,2004-04-22T08:00:00-04:00,79.322016,2004-04-22T12:00:00-04:00,80.072016,target,0.750000,75000.00
audjpy_hourly_st_pmc_sl25_tp75_3r,audjpy_hourly_st_pmc_sl25_tp75_3r_t55,24,Long,2004-04-23T13:00:00-04:00,79.549536,2004-04-23T14:00:00-04:00,79.298536,stop,-0.251000,-25100.00
audjpy_hourly_st_pmc_sl25_tp75_3r,audjpy_hourly_st_pmc_sl25_tp75_3r_t61,25,Long,2004-04-28T02:00:00-04:00,79.840970,2004-04-28T12:00:00-04:00,79.589970,stop,-0.251000,-25100.00
audjpy_hourly_st_pmc_sl25_tp75_3r,audjpy_hourly_st_pmc_sl25_tp75_3r_t68,26,Long,2004-05-05T11:00:00-04:00,79.404888,2004-05-05T12:00:00-04:00,79.153888,stop,-0.251000,-25100.00
audjpy_hourly_st_pmc_sl25_tp75_3r,audjpy_hourly_st_pmc_sl25_tp75_3r_t74,27,Short,2004-05-13T01:00:00-04:00,79.428565,2004-05-13T05:00:00-04:00,78.678565,target,0.750000,75000.00
audjpy_hourly_st_pmc_sl25_tp75_3r,audjpy_hourly_st_pmc_sl25_tp75_3r_t75,28,Short,2004-05-19T01:00:00-04:00,78.716333,2004-05-19T06:00:00-04:00,78.967333,stop,-0.251000,-25100.00
audjpy_hourly_st_pmc_sl25_tp75_3r,audjpy_hourly_st_pmc_sl25_tp75_3r_t81,29,Short,2004-06-03T08:00:00-04:00,77.147751,2004-06-03T11:00:00-04:00,77.398751,stop,-0.251000,-25100.00
audjpy_hourly_st_pmc_sl25_tp75_3r,audjpy_hourly_st_pmc_sl25_tp75_3r_t82,30,Short,2004-06-04T17:00:00-04:00,77.303072,2004-06-07T18:00:00-04:00,77.554072,stop,-0.251000,-25100.00
audjpy_hourly_st_pmc_sl25_tp75_3r,audjpy_hourly_st_pmc_sl25_tp75_3r_t83,31,Short,2004-06-10T15:00:00-04:00,76.391805,2004-06-14T00:00:00-04:00,75.641805,target,0.750000,75000.00
audjpy_hourly_st_pmc_sl25_tp75_3r,audjpy_hourly_st_pmc_sl25_tp75_3r_t84,32,Short,2004-06-14T04:00:00-04:00,76.391805,2004-06-14T09:00:00-04:00,75.641805,target,0.750000,75000.00
audjpy_hourly_st_pmc_sl25_tp75_3r,audjpy_hourly_st_pmc_sl25_tp75_3r_t85,33,Short,2004-06-14T10:00:00-04:00,76.391805,2004-06-14T11:00:00-04:00,76.642805,stop,-0.251000,-25100.00
audjpy_hourly_st_pmc_sl25_tp75_3r,audjpy_hourly_st_pmc_sl25_tp75_3r_t86,34,Short,2004-06-15T18:00:00-04:00,76.377284,2004-06-16T11:00:00-04:00,75.627284,target,0.750000,75000.00
audjpy_hourly_st_pmc_sl25_tp75_3r,audjpy_hourly_st_pmc_sl25_tp75_3r_t87,35,Short,2004-06-21T20:00:00-04:00,75.172348,2004-06-22T06:00:00-04:00,74.422348,target,0.750000,75000.00
audjpy_hourly_st_pmc_sl25_tp75_3r,audjpy_hourly_st_pmc_sl25_tp75_3r_t88,36,Short,2004-06-22T19:00:00-04:00,75.062841,2004-06-23T14:00:00-04:00,74.312841,target,0.750000,75000.00
audjpy_hourly_st_pmc_sl25_tp75_3r,audjpy_hourly_st_pmc_sl25_tp75_3r_t89,37,Short,2004-06-24T18:00:00-04:00,75.039206,2004-06-25T00:00:00-04:00,75.290206,stop,-0.251000,-25100.00
audjpy_hourly_st_pmc_sl25_tp75_3r,audjpy_hourly_st_pmc_sl25_tp75_3r_t90,38,Short,2004-06-30T09:00:00-04:00,75.347538,2004-06-30T13:00:00-04:00,75.598538,stop,-0.251000,-25100.00
audjpy_hourly_st_pmc_sl25_tp75_3r,audjpy_hourly_st_pmc_sl25_tp75_3r_t91,39,Long,2004-07-07T01:00:00-04:00,77.822352,2004-07-07T21:00:00-04:00,78.572352,target,0.750000,75000.00
audjpy_hourly_st_pmc_sl25_tp75_3r,audjpy_hourly_st_pmc_sl25_tp75_3r_t92,40,Long,2004-07-09T12:00:00-04:00,77.920386,2004-07-12T13:00:00-04:00,78.670386,target,0.750000,75000.00
audjpy_hourly_st_pmc_sl25_tp75_3r,audjpy_hourly_st_pmc_sl25_tp75_3r_t93,41,Long,2004-07-15T07:00:00-04:00,78.710542,2004-07-16T12:00:00-04:00,79.460542,target,0.750000,75000.00
audjpy_hourly_st_pmc_sl25_tp75_3r,audjpy_hourly_st_pmc_sl25_tp75_3r_t94,42,Long,2004-07-19T12:00:00-04:00,79.136923,2004-07-20T13:00:00-04:00,78.885923,stop,-0.251000,-25100.00
audjpy_hourly_st_pmc_sl25_tp75_3r,audjpy_hourly_st_pmc_sl25_tp75_3r_t99,43,Short,2004-08-03T20:00:00-04:00,78.182280,2004-08-04T13:00:00-04:00,78.433280,stop,-0.251000,-25100.00
audjpy_hourly_st_pmc_sl25_tp75_3r,audjpy_hourly_st_pmc_sl25_tp75_3r_t100,44,Long,2004-08-06T12:00:00-04:00,78.053633,2004-08-06T17:00:00-04:00,78.803633,target,0.750000,75000.00
audjpy_hourly_st_pmc_sl25_tp75_3r,audjpy_hourly_st_pmc_sl25_tp75_3r_t101,45,Long,2004-08-11T15:00:00-04:00,78.800164,2004-08-13T00:00:00-04:00,79.550164,target,0.750000,75000.00
audjpy_hourly_st_pmc_sl25_tp75_3r,audjpy_hourly_st_pmc_sl25_tp75_3r_t102,46,Long,2004-08-15T21:00:00-04:00,78.866260,2004-08-16T13:00:00-04:00,79.616260,target,0.750000,75000.00
audjpy_hourly_st_pmc_sl25_tp75_3r,audjpy_hourly_st_pmc_sl25_tp75_3r_t103,47,Long,2004-08-17T13:00:00-04:00,78.943693,2004-08-17T14:00:00-04:00,78.692693,stop,-0.251000,-25100.00
audjpy_hourly_st_pmc_sl25_tp75_3r,audjpy_hourly_st_pmc_sl25_tp75_3r_t104,48,Long,2004-08-23T15:00:00-04:00,78.646489,2004-08-23T16:00:00-04:00,78.395489,stop,-0.251000,-25100.00
audjpy_hourly_st_pmc_sl25_tp75_3r,audjpy_hourly_st_pmc_sl25_tp75_3r_t106,49,Short,2004-08-25T09:00:00-04:00,77.821715,2004-08-26T14:00:00-04:00,77.071715,target,0.750000,75000.00
audjpy_hourly_st_pmc_sl25_tp75_3r,audjpy_hourly_st_pmc_sl25_tp75_3r_t107,50,Short,2004-08-31T14:00:00-04:00,77.445418,2004-09-01T21:00:00-04:00,76.695418,target,0.750000,75000.00
audjpy_hourly_st_pmc_sl25_tp75_3r,audjpy_hourly_st_pmc_sl25_tp75_3r_t108,51,Short,2004-09-08T15:00:00-04:00,76.051999,2004-09-09T15:00:00-04:00,75.301999,target,0.750000,75000.00
audjpy_hourly_st_pmc_sl25_tp75_3r,audjpy_hourly_st_pmc_sl25_tp75_3r_t109,52,Short,2004-09-10T09:00:00-04:00,76.104498,2004-09-10T13:00:00-04:00,76.355498,stop,-0.251000,-25100.00
audjpy_hourly_st_pmc_sl25_tp75_3r,audjpy_hourly_st_pmc_sl25_tp75_3r_t113,53,Short,2004-09-16T14:00:00-04:00,76.721364,2004-09-17T10:00:00-04:00,76.972364,stop,-0.251000,-25100.00
audjpy_hourly_st_pmc_sl25_tp75_3r,audjpy_hourly_st_pmc_sl25_tp75_3r_t119,54,Long,2004-09-29T10:00:00-04:00,79.404198,2004-09-29T14:00:00-04:00,79.153198,stop,-0.251000,-25100.00
audjpy_hourly_st_pmc_sl25_tp75_3r,audjpy_hourly_st_pmc_sl25_tp75_3r_t124,55,Long,2004-10-08T05:00:00-04:00,80.335569,2004-10-11T12:00:00-04:00,80.084569,stop,-0.251000,-25100.00
audjpy_hourly_st_pmc_sl25_tp75_3r,audjpy_hourly_st_pmc_sl25_tp75_3r_t125,56,Short,2004-10-14T12:00:00-04:00,79.971038,2004-10-14T15:00:00-04:00,80.222038,stop,-0.251000,-25100.00
audjpy_hourly_st_pmc_sl25_tp75_3r,audjpy_hourly_st_pmc_sl25_tp75_3r_t132,57,Short,2004-10-20T09:00:00-04:00,79.269868,2004-10-20T09:00:00-04:00,79.520868,stop,-0.251000,-25100.00
audjpy_hourly_st_pmc_sl25_tp75_3r,audjpy_hourly_st_pmc_sl25_tp75_3r_t141,58,Long,2004-11-08T14:00:00-05:00,79.917960,2004-11-10T10:00:00-05:00,80.667960,target,0.750000,75000.00
audjpy_hourly_st_pmc_sl25_tp75_3r,audjpy_hourly_st_pmc_sl25_tp75_3r_t142,59,Long,2004-11-12T02:00:00-05:00,80.976491,2004-11-19T04:00:00-05:00,80.725491,stop,-0.251000,-25100.00
audjpy_hourly_st_pmc_sl25_tp75_3r,audjpy_hourly_st_pmc_sl25_tp75_3r_t143,60,Long,2004-11-19T15:00:00-05:00,80.635279,2004-11-23T02:00:00-05:00,80.384279,stop,-0.251000,-25100.00
audjpy_hourly_st_pmc_sl25_tp75_3r,audjpy_hourly_st_pmc_sl25_tp75_3r_t144,61,Long,2004-11-25T01:00:00-05:00,80.769882,2004-11-29T14:00:00-05:00,80.518882,stop,-0.251000,-25100.00
audjpy_hourly_st_pmc_sl25_tp75_3r,audjpy_hourly_st_pmc_sl25_tp75_3r_t150,62,Short,2004-12-10T06:00:00-05:00,79.403489,2004-12-13T23:00:00-05:00,79.654489,stop,-0.251000,-25100.00
audjpy_hourly_st_pmc_sl25_tp75_3r,audjpy_hourly_st_pmc_sl25_tp75_3r_t157,63,Short,2004-12-17T03:00:00-05:00,79.472222,2004-12-17T20:00:00-05:00,79.723222,stop,-0.251000,-25100.00
audjpy_hourly_st_pmc_sl25_tp75_3r,audjpy_hourly_st_pmc_sl25_tp75_3r_t164,64,Long,2004-12-31T01:00:00-05:00,79.988003,2005-01-03T03:00:00-05:00,79.737003,stop,-0.251000,-25100.00
audjpy_hourly_st_pmc_sl25_tp75_3r,audjpy_hourly_st_pmc_sl25_tp75_3r_t171,65,Short,2005-01-12T15:00:00-05:00,78.717982,2005-01-14T05:00:00-05:00,77.967982,target,0.750000,75000.00
audjpy_hourly_st_pmc_sl25_tp75_3r,audjpy_hourly_st_pmc_sl25_tp75_3r_t172,66,Short,2005-01-18T11:00:00-05:00,77.600109,2005-01-19T07:00:00-05:00,77.851109,stop,-0.251000,-25100.00
audjpy_hourly_st_pmc_sl25_tp75_3r,audjpy_hourly_st_pmc_sl25_tp75_3r_t182,67,Long,2005-02-04T00:00:00-05:00,80.252738,2005-02-04T10:00:00-05:00,80.001738,stop,-0.251000,-25100.00
audjpy_hourly_st_pmc_sl25_tp75_3r,audjpy_hourly_st_pmc_sl25_tp75_3r_t184,68,Long,2005-02-14T02:00:00-05:00,82.490320,2005-02-14T04:00:00-05:00,82.239320,stop,-0.251000,-25100.00
audjpy_hourly_st_pmc_sl25_tp75_3r,audjpy_hourly_st_pmc_sl25_tp75_3r_t185,69,Long,2005-02-18T01:00:00-05:00,82.607506,2005-02-18T18:00:00-05:00,83.357506,target,0.750000,75000.00
audjpy_hourly_st_pmc_sl25_tp75_3r,audjpy_hourly_st_pmc_sl25_tp75_3r_t186,70,Long,2005-02-22T01:00:00-05:00,82.811044,2005-02-22T09:00:00-05:00,82.560044,stop,-0.251000,-25100.00
audjpy_hourly_st_pmc_sl25_tp75_3r,audjpy_hourly_st_pmc_sl25_tp75_3r_t187,71,Short,2005-03-03T16:00:00-05:00,82.296111,2005-03-04T06:00:00-05:00,82.547111,stop,-0.251000,-25100.00
audjpy_hourly_st_pmc_sl25_tp75_3r,audjpy_hourly_st_pmc_sl25_tp75_3r_t190,72,Long,2005-03-09T09:00:00-05:00,82.984858,2005-03-09T10:00:00-05:00,82.733858,stop,-0.251000,-25100.00
audjpy_hourly_st_pmc_sl25_tp75_3r,audjpy_hourly_st_pmc_sl25_tp75_3r_t193,73,Short,2005-03-14T03:00:00-05:00,82.696270,2005-03-17T14:00:00-05:00,82.947270,stop,-0.251000,-25100.00
audjpy_hourly_st_pmc_sl25_tp75_3r,audjpy_hourly_st_pmc_sl25_tp75_3r_t194,74,Long,2005-03-21T11:00:00-05:00,82.667653,2005-03-21T17:00:00-05:00,82.416653,stop,-0.251000,-25100.00
audjpy_hourly_st_pmc_sl25_tp75_3r,audjpy_hourly_st_pmc_sl25_tp75_3r_t197,75,Long,2005-03-22T20:00:00-05:00,82.594716,2005-03-22T22:00:00-05:00,82.343716,stop,-0.251000,-25100.00
audjpy_hourly_st_pmc_sl25_tp75_3r,audjpy_hourly_st_pmc_sl25_tp75_3r_t198,76,Short,2005-03-28T05:00:00-05:00,82.356756,2005-03-29T00:00:00-05:00,82.607756,stop,-0.251000,-25100.00
audjpy_hourly_st_pmc_sl25_tp75_3r,audjpy_hourly_st_pmc_sl25_tp75_3r_t209,77,Long,2005-04-13T02:00:00-04:00,83.275642,2005-04-15T01:00:00-04:00,83.024642,stop,-0.251000,-25100.00
audjpy_hourly_st_pmc_sl25_tp75_3r,audjpy_hourly_st_pmc_sl25_tp75_3r_t210,78,Short,2005-04-20T10:00:00-04:00,82.721855,2005-04-21T09:00:00-04:00,82.972855,stop,-0.251000,-25100.00
audjpy_hourly_st_pmc_sl25_tp75_3r,audjpy_hourly_st_pmc_sl25_tp75_3r_t215,79,Short,2005-04-28T12:00:00-04:00,82.579298,2005-04-29T15:00:00-04:00,81.829298,target,0.750000,75000.00
audjpy_hourly_st_pmc_sl25_tp75_3r,audjpy_hourly_st_pmc_sl25_tp75_3r_t219,80,Short,2005-05-04T18:00:00-04:00,81.675898,2005-05-10T11:00:00-04:00,81.926898,stop,-0.251000,-25100.00
audjpy_hourly_st_pmc_sl25_tp75_3r,audjpy_hourly_st_pmc_sl25_tp75_3r_t222,81,Long,2005-05-11T08:00:00-04:00,81.632755,2005-05-16T05:00:00-04:00,81.381755,stop,-0.251000,-25100.00
audjpy_hourly_st_pmc_sl25_tp75_3r,audjpy_hourly_st_pmc_sl25_tp75_3r_t223,82,Short,2005-05-18T01:00:00-04:00,81.300682,2005-05-19T15:00:00-04:00,81.551682,stop,-0.251000,-25100.00
audjpy_hourly_st_pmc_sl25_tp75_3r,audjpy_hourly_st_pmc_sl25_tp75_3r_t225,83,Long,2005-05-24T23:00:00-04:00,81.553067,2005-05-26T00:00:00-04:00,82.303067,target,0.750000,75000.00
audjpy_hourly_st_pmc_sl25_tp75_3r,audjpy_hourly_st_pmc_sl25_tp75_3r_t226,84,Long,2005-05-26T19:00:00-04:00,81.814685,2005-05-31T13:00:00-04:00,81.563685,stop,-0.251000,-25100.00
audjpy_hourly_st_pmc_sl25_tp75_3r,audjpy_hourly_st_pmc_sl25_tp75_3r_t231,85,Short,2005-06-06T16:00:00-04:00,81.883635,2005-06-08T00:00:00-04:00,82.134635,stop,-0.251000,-25100.00
audjpy_hourly_st_pmc_sl25_tp75_3r,audjpy_hourly_st_pmc_sl25_tp75_3r_t233,86,Long,2005-06-21T13:00:00-04:00,84.397113,2005-06-23T07:00:00-04:00,84.146113,stop,-0.251000,-25100.00
audjpy_hourly_st_pmc_sl25_tp75_3r,audjpy_hourly_st_pmc_sl25_tp75_3r_t234,87,Long,2005-06-28T18:00:00-04:00,83.805315,2005-06-30T15:00:00-04:00,84.555315,target,0.750000,75000.00
audjpy_hourly_st_pmc_sl25_tp75_3r,audjpy_hourly_st_pmc_sl25_tp75_3r_t236,88,Short,2005-07-07T09:00:00-04:00,83.366714,2005-07-11T16:00:00-04:00,83.617714,stop,-0.251000,-25100.00
audjpy_hourly_st_pmc_sl25_tp75_3r,audjpy_hourly_st_pmc_sl25_tp75_3r_t242,89,Long,2005-07-21T11:00:00-04:00,84.925687,2005-07-21T11:00:00-04:00,84.674687,stop,-0.251000,-25100.00
audjpy_hourly_st_pmc_sl25_tp75_3r,audjpy_hourly_st_pmc_sl25_tp75_3r_t245,90,Long,2005-07-27T09:00:00-04:00,84.730040,2005-07-29T12:00:00-04:00,85.480040,target,0.750000,75000.00
audjpy_hourly_st_pmc_sl25_tp75_3r,audjpy_hourly_st_pmc_sl25_tp75_3r_t251,91,Long,2005-08-08T07:00:00-04:00,85.700058,2005-08-08T12:00:00-04:00,85.449058,stop,-0.251000,-25100.00
audjpy_hourly_st_pmc_sl25_tp75_3r,audjpy_hourly_st_pmc_sl25_tp75_3r_t254,92,Short,2005-08-11T06:00:00-04:00,84.967196,2005-08-15T13:00:00-04:00,84.217196,target,0.750000,75000.00
audjpy_hourly_st_pmc_sl25_tp75_3r,audjpy_hourly_st_pmc_sl25_tp75_3r_t255,93,Short,2005-08-16T21:00:00-04:00,84.297006,2005-08-17T14:00:00-04:00,83.547006,target,0.750000,75000.00
audjpy_hourly_st_pmc_sl25_tp75_3r,audjpy_hourly_st_pmc_sl25_tp75_3r_t256,94,Short,2005-08-24T01:00:00-04:00,83.284676,2005-08-25T06:00:00-04:00,83.535676,stop,-0.251000,-25100.00
audjpy_hourly_st_pmc_sl25_tp75_3r,audjpy_hourly_st_pmc_sl25_tp75_3r_t258,95,Long,2005-09-09T14:00:00-04:00,84.810738,2005-09-11T21:00:00-04:00,84.498000,stop,-0.312738,-31273.78
audjpy_hourly_st_pmc_sl25_tp75_3r,audjpy_hourly_st_pmc_sl25_tp75_3r_t259,96,Long,2005-09-15T14:00:00-04:00,84.650265,2005-09-16T18:00:00-04:00,85.400265,target,0.750000,75000.00
audjpy_hourly_st_pmc_sl25_tp75_3r,audjpy_hourly_st_pmc_sl25_tp75_3r_t260,97,Long,2005-09-22T08:00:00-04:00,85.395549,2005-09-22T15:00:00-04:00,85.144549,stop,-0.251000,-25100.00
audjpy_hourly_st_pmc_sl25_tp75_3r,audjpy_hourly_st_pmc_sl25_tp75_3r_t261,98,Long,2005-10-05T01:00:00-04:00,86.705096,2005-10-05T04:00:00-04:00,86.454096,stop,-0.251000,-25100.00
audjpy_hourly_st_pmc_sl25_tp75_3r,audjpy_hourly_st_pmc_sl25_tp75_3r_t265,99,Short,2005-10-10T08:00:00-04:00,86.389011,2005-10-10T13:00:00-04:00,86.640011,stop,-0.251000,-25100.00
audjpy_hourly_st_pmc_sl25_tp75_3r,audjpy_hourly_st_pmc_sl25_tp75_3r_t266,100,Long,2005-10-11T08:00:00-04:00,86.173797,2005-10-11T12:00:00-04:00,85.922797,stop,-0.251000,-25100.00
audjpy_hourly_st_pmc_sl25_tp75_3r,audjpy_hourly_st_pmc_sl25_tp75_3r_t267,101,Short,2005-10-12T12:00:00-04:00,86.378391,2005-10-14T18:00:00-04:00,85.628391,target,0.750000,75000.00
audjpy_hourly_st_pmc_sl25_tp75_3r,audjpy_hourly_st_pmc_sl25_tp75_3r_t268,102,Short,2005-10-17T13:00:00-04:00,86.235045,2005-10-18T08:00:00-04:00,86.486045,stop,-0.251000,-25100.00
audjpy_hourly_st_pmc_sl25_tp75_3r,audjpy_hourly_st_pmc_sl25_tp75_3r_t271,103,Long,2005-10-20T23:00:00-04:00,86.529929,2005-10-24T13:00:00-04:00,86.278929,stop,-0.251000,-25100.00
audjpy_hourly_st_pmc_sl25_tp75_3r,audjpy_hourly_st_pmc_sl25_tp75_3r_t273,104,Long,2005-10-28T07:00:00-04:00,86.958215,2005-10-28T14:00:00-04:00,86.707215,stop,-0.251000,-25100.00
audjpy_hourly_st_pmc_sl25_tp75_3r,audjpy_hourly_st_pmc_sl25_tp75_3r_t274,105,Short,2005-11-09T18:00:00-05:00,86.425685,2005-11-09T19:00:00-05:00,86.676685,stop,-0.251000,-25100.00
audjpy_hourly_st_pmc_sl25_tp75_3r,audjpy_hourly_st_pmc_sl25_tp75_3r_t283,106,Long,2005-12-07T00:00:00-05:00,90.734516,2005-12-07T00:00:00-05:00,90.483516,stop,-0.251000,-25100.00
audjpy_hourly_st_pmc_sl25_tp75_3r,audjpy_hourly_st_pmc_sl25_tp75_3r_t284,107,Long,2005-12-12T13:00:00-05:00,90.393610,2005-12-14T00:00:00-05:00,90.142610,stop,-0.251000,-25100.00
audjpy_hourly_st_pmc_sl25_tp75_3r,audjpy_hourly_st_pmc_sl25_tp75_3r_t287,108,Short,2005-12-19T03:00:00-05:00,86.660537,2005-12-19T07:00:00-05:00,86.911537,stop,-0.251000,-25100.00
audjpy_hourly_st_pmc_sl25_tp75_3r,audjpy_hourly_st_pmc_sl25_tp75_3r_t288,109,Short,2005-12-26T06:00:00-05:00,85.112015,2005-12-27T00:00:00-05:00,85.363015,stop,-0.251000,-25100.00
audjpy_hourly_st_pmc_sl25_tp75_3r,audjpy_hourly_st_pmc_sl25_tp75_3r_t290,110,Long,2006-01-03T14:00:00-05:00,86.002791,2006-01-03T16:00:00-05:00,85.751791,stop,-0.251000,-25100.00
audjpy_hourly_st_pmc_sl25_tp75_3r,audjpy_hourly_st_pmc_sl25_tp75_3r_t291,111,Short,2006-01-04T13:00:00-05:00,86.392056,2006-01-04T16:00:00-05:00,86.643056,stop,-0.251000,-25100.00
audjpy_hourly_st_pmc_sl25_tp75_3r,audjpy_hourly_st_pmc_sl25_tp75_3r_t292,112,Long,2006-01-06T13:00:00-05:00,86.312655,2006-01-06T13:00:00-05:00,86.061655,stop,-0.251000,-25100.00
audjpy_hourly_st_pmc_sl25_tp75_3r,audjpy_hourly_st_pmc_sl25_tp75_3r_t293,113,Short,2006-01-09T22:00:00-05:00,86.341158,2006-01-10T08:00:00-05:00,85.591158,target,0.750000,75000.00
audjpy_hourly_st_pmc_sl25_tp75_3r,audjpy_hourly_st_pmc_sl25_tp75_3r_t294,114,Short,2006-01-11T15:00:00-05:00,86.177759,2006-01-16T08:00:00-05:00,86.428759,stop,-0.251000,-25100.00
audjpy_hourly_st_pmc_sl25_tp75_3r,audjpy_hourly_st_pmc_sl25_tp75_3r_t295,115,Long,2006-01-18T02:00:00-05:00,86.537658,2006-01-18T07:00:00-05:00,86.286658,stop,-0.251000,-25100.00
audjpy_hourly_st_pmc_sl25_tp75_3r,audjpy_hourly_st_pmc_sl25_tp75_3r_t296,116,Short,2006-01-19T18:00:00-05:00,86.280940,2006-01-20T03:00:00-05:00,86.531940,stop,-0.251000,-25100.00
audjpy_hourly_st_pmc_sl25_tp75_3r,audjpy_hourly_st_pmc_sl25_tp75_3r_t301,117,Short,2006-01-24T23:00:00-05:00,86.265018,2006-01-25T00:00:00-05:00,86.516018,stop,-0.251000,-25100.00
audjpy_hourly_st_pmc_sl25_tp75_3r,audjpy_hourly_st_pmc_sl25_tp75_3r_t307,118,Long,2006-02-06T00:00:00-05:00,88.802061,2006-02-06T02:00:00-05:00,88.551061,stop,-0.251000,-25100.00
audjpy_hourly_st_pmc_sl25_tp75_3r,audjpy_hourly_st_pmc_sl25_tp75_3r_t308,119,Short,2006-02-08T15:00:00-05:00,87.553837,2006-02-08T17:00:00-05:00,87.804837,stop,-0.251000,-25100.00
audjpy_hourly_st_pmc_sl25_tp75_3r,audjpy_hourly_st_pmc_sl25_tp75_3r_t309,120,Short,2006-02-14T19:00:00-05:00,86.920151,2006-02-14T23:00:00-05:00,87.171151,stop,-0.251000,-25100.00
audjpy_hourly_st_pmc_sl25_tp75_3r,audjpy_hourly_st_pmc_sl25_tp75_3r_t310,121,Short,2006-02-28T11:00:00-05:00,86.150775,2006-03-01T13:00:00-05:00,86.401775,stop,-0.251000,-25100.00
audjpy_hourly_st_pmc_sl25_tp75_3r,audjpy_hourly_st_pmc_sl25_tp75_3r_t311,122,Long,2006-03-07T04:00:00-05:00,86.723382,2006-03-07T14:00:00-05:00,86.472382,stop,-0.251000,-25100.00
audjpy_hourly_st_pmc_sl25_tp75_3r,audjpy_hourly_st_pmc_sl25_tp75_3r_t312,123,Long,2006-03-14T03:00:00-05:00,86.836376,2006-03-14T13:00:00-05:00,86.585376,stop,-0.251000,-25100.00
audjpy_hourly_st_pmc_sl25_tp75_3r,audjpy_hourly_st_pmc_sl25_tp75_3r_t313,124,Long,2006-03-16T13:00:00-05:00,86.389886,2006-03-16T14:00:00-05:00,86.138886,stop,-0.251000,-25100.00
audjpy_hourly_st_pmc_sl25_tp75_3r,audjpy_hourly_st_pmc_sl25_tp75_3r_t315,125,Short,2006-03-21T23:00:00-05:00,84.132755,2006-03-24T15:00:00-05:00,83.382755,target,0.750000,75000.00
audjpy_hourly_st_pmc_sl25_tp75_3r,audjpy_hourly_st_pmc_sl25_tp75_3r_t316,126,Short,2006-03-28T03:00:00-05:00,82.882543,2006-03-28T04:00:00-05:00,83.133543,stop,-0.251000,-25100.00
audjpy_hourly_st_pmc_sl25_tp75_3r,audjpy_hourly_st_pmc_sl25_tp75_3r_t317,127,Long,2006-04-03T06:00:00-04:00,83.966030,2006-04-03T06:00:00-04:00,84.716030,target,0.750000,75000.00
audjpy_hourly_st_pmc_sl25_tp75_3r,audjpy_hourly_st_pmc_sl25_tp75_3r_t320,128,Long,2006-04-12T09:00:00-04:00,86.322307,2006-04-13T11:00:00-04:00,86.071307,stop,-0.251000,-25100.00
audjpy_hourly_st_pmc_sl25_tp75_3r,audjpy_hourly_st_pmc_sl25_tp75_3r_t321,129,Long,2006-04-20T13:00:00-04:00,87.136347,2006-04-20T14:00:00-04:00,86.885347,stop,-0.251000,-25100.00
audjpy_hourly_st_pmc_sl25_tp75_3r,audjpy_hourly_st_pmc_sl25_tp75_3r_t322,130,Long,2006-04-27T10:00:00-04:00,85.876221,2006-05-02T23:00:00-04:00,86.626221,target,0.750000,75000.00
audjpy_hourly_st_pmc_sl25_tp75_3r,audjpy_hourly_st_pmc_sl25_tp75_3r_t323,131,Long,2006-05-05T13:00:00-04:00,87.066676,2006-05-05T14:00:00-04:00,86.815676,stop,-0.251000,-25100.00
audjpy_hourly_st_pmc_sl25_tp75_3r,audjpy_hourly_st_pmc_sl25_tp75_3r_t324,132,Short,2006-05-09T13:00:00-04:00,85.834271,2006-05-11T13:00:00-04:00,86.085271,stop,-0.251000,-25100.00
audjpy_hourly_st_pmc_sl25_tp75_3r,audjpy_hourly_st_pmc_sl25_tp75_3r_t325,133,Short,2006-05-12T14:00:00-04:00,85.532977,2006-05-12T14:00:00-04:00,85.783977,stop,-0.251000,-25100.00
audjpy_hourly_st_pmc_sl25_tp75_3r,audjpy_hourly_st_pmc_sl25_tp75_3r_t326,134,Short,2006-05-12T15:00:00-04:00,85.532977,2006-05-14T22:00:00-04:00,84.782977,target,0.750000,75000.00
audjpy_hourly_st_pmc_sl25_tp75_3r,audjpy_hourly_st_pmc_sl25_tp75_3r_t327,135,Short,2006-05-18T08:00:00-04:00,84.449959,2006-05-18T11:00:00-04:00,84.700959,stop,-0.251000,-25100.00
audjpy_hourly_st_pmc_sl25_tp75_3r,audjpy_hourly_st_pmc_sl25_tp75_3r_t328,136,Short,2006-05-23T17:00:00-04:00,84.359037,2006-05-24T06:00:00-04:00,84.610037,stop,-0.251000,-25100.00
audjpy_hourly_st_pmc_sl25_tp75_3r,audjpy_hourly_st_pmc_sl25_tp75_3r_t330,137,Short,2006-06-06T13:00:00-04:00,84.180147,2006-06-08T01:00:00-04:00,84.431147,stop,-0.251000,-25100.00
audjpy_hourly_st_pmc_sl25_tp75_3r,audjpy_hourly_st_pmc_sl25_tp75_3r_t332,138,Long,2006-06-12T23:00:00-04:00,84.977026,2006-06-13T06:00:00-04:00,84.726026,stop,-0.251000,-25100.00
audjpy_hourly_st_pmc_sl25_tp75_3r,audjpy_hourly_st_pmc_sl25_tp75_3r_t333,139,Long,2006-06-14T12:00:00-04:00,84.716621,2006-06-21T12:00:00-04:00,84.465621,stop,-0.251000,-25100.00
audjpy_hourly_st_pmc_sl25_tp75_3r,audjpy_hourly_st_pmc_sl25_tp75_3r_t335,140,Long,2006-06-28T06:00:00-04:00,84.825658,2006-06-28T14:00:00-04:00,84.574658,stop,-0.251000,-25100.00
audjpy_hourly_st_pmc_sl25_tp75_3r,audjpy_hourly_st_pmc_sl25_tp75_3r_t336,141,Short,2006-07-03T03:00:00-04:00,85.206885,2006-07-03T10:00:00-04:00,85.457885,stop,-0.251000,-25100.00
audjpy_hourly_st_pmc_sl25_tp75_3r,audjpy_hourly_st_pmc_sl25_tp75_3r_t337,142,Long,2006-07-06T01:00:00-04:00,85.298563,2006-07-06T04:00:00-04:00,85.047563,stop,-0.251000,-25100.00
audjpy_hourly_st_pmc_sl25_tp75_3r,audjpy_hourly_st_pmc_sl25_tp75_3r_t338,143,Long,2006-07-06T06:00:00-04:00,85.298563,2006-07-07T06:00:00-04:00,86.048563,target,0.750000,75000.00
audjpy_hourly_st_pmc_sl25_tp75_3r,audjpy_hourly_st_pmc_sl25_tp75_3r_t339,144,Long,2006-07-07T16:00:00-04:00,85.488995,2006-07-10T08:00:00-04:00,85.237995,stop,-0.251000,-25100.00
audjpy_hourly_st_pmc_sl25_tp75_3r,audjpy_hourly_st_pmc_sl25_tp75_3r_t340,145,Long,2006-07-11T22:00:00-04:00,85.448481,2006-07-12T05:00:00-04:00,86.198481,target,0.750000,75000.00
audjpy_hourly_st_pmc_sl25_tp75_3r,audjpy_hourly_st_pmc_sl25_tp75_3r_t341,146,Long,2006-07-19T01:00:00-04:00,87.334332,2006-07-24T18:00:00-04:00,88.084332,target,0.750000,75000.00
audjpy_hourly_st_pmc_sl25_tp75_3r,audjpy_hourly_st_pmc_sl25_tp75_3r_t342,147,Long,2006-07-24T21:00:00-04:00,87.641361,2006-07-26T01:00:00-04:00,88.391361,target,0.750000,75000.00
audjpy_hourly_st_pmc_sl25_tp75_3r,audjpy_hourly_st_pmc_sl25_tp75_3r_t343,148,Long,2006-07-27T10:00:00-04:00,88.208758,2006-07-28T05:00:00-04:00,87.957758,stop,-0.251000,-25100.00
audjpy_hourly_st_pmc_sl25_tp75_3r,audjpy_hourly_st_pmc_sl25_tp75_3r_t353,149,Long,2006-08-08T07:00:00-04:00,87.357349,2006-08-09T14:00:00-04:00,88.107349,target,0.750000,75000.00
audjpy_hourly_st_pmc_sl25_tp75_3r,audjpy_hourly_st_pmc_sl25_tp75_3r_t354,150,Long,2006-08-14T12:00:00-04:00,88.797094,2006-08-14T13:00:00-04:00,88.546094,stop,-0.251000,-25100.00
audjpy_hourly_st_pmc_sl25_tp75_3r,audjpy_hourly_st_pmc_sl25_tp75_3r_t355,151,Long,2006-08-17T13:00:00-04:00,88.541176,2006-08-17T13:00:00-04:00,88.290176,stop,-0.251000,-25100.00
audjpy_hourly_st_pmc_sl25_tp75_3r,audjpy_hourly_st_pmc_sl25_tp75_3r_t356,152,Long,2006-08-23T21:00:00-04:00,88.665215,2006-08-30T11:00:00-04:00,89.415215,target,0.750000,75000.00
audjpy_hourly_st_pmc_sl25_tp75_3r,audjpy_hourly_st_pmc_sl25_tp75_3r_t361,153,Short,2006-09-05T16:00:00-04:00,89.434930,2006-09-07T09:00:00-04:00,88.684930,target,0.750000,75000.00
audjpy_hourly_st_pmc_sl25_tp75_3r,audjpy_hourly_st_pmc_sl25_tp75_3r_t362,154,Short,2006-09-11T09:00:00-04:00,88.393289,2006-09-12T14:00:00-04:00,88.644289,stop,-0.251000,-25100.00
audjpy_hourly_st_pmc_sl25_tp75_3r,audjpy_hourly_st_pmc_sl25_tp75_3r_t363,155,Short,2006-09-18T11:00:00-04:00,88.911657,2006-09-19T02:00:00-04:00,89.162657,stop,-0.251000,-25100.00
audjpy_hourly_st_pmc_sl25_tp75_3r,audjpy_hourly_st_pmc_sl25_tp75_3r_t364,156,Short,2006-09-21T00:00:00-04:00,88.587392,2006-09-22T08:00:00-04:00,87.837392,target,0.750000,75000.00
audjpy_hourly_st_pmc_sl25_tp75_3r,audjpy_hourly_st_pmc_sl25_tp75_3r_t365,157,Short,2006-09-26T03:00:00-04:00,87.880487,2006-09-26T16:00:00-04:00,88.131487,stop,-0.251000,-25100.00
audjpy_hourly_st_pmc_sl25_tp75_3r,audjpy_hourly_st_pmc_sl25_tp75_3r_t369,158,Short,2006-10-06T03:00:00-04:00,88.040320,2006-10-06T14:00:00-04:00,88.291320,stop,-0.251000,-25100.00
audjpy_hourly_st_pmc_sl25_tp75_3r,audjpy_hourly_st_pmc_sl25_tp75_3r_t370,159,Long,2006-10-17T11:00:00-04:00,89.392623,2006-10-17T21:00:00-04:00,89.141623,stop,-0.251000,-25100.00
audjpy_hourly_st_pmc_sl25_tp75_3r,audjpy_hourly_st_pmc_sl25_tp75_3r_t371,160,Long,2006-10-27T13:00:00-04:00,90.286387,2006-11-06T10:00:00-05:00,91.036387,target,0.750000,75000.00
audjpy_hourly_st_pmc_sl25_tp75_3r,audjpy_hourly_st_pmc_sl25_tp75_3r_t372,161,Long,2006-11-08T02:00:00-05:00,90.765961,2006-11-08T05:00:00-05:00,90.514961,stop,-0.251000,-25100.00
audjpy_hourly_st_pmc_sl25_tp75_3r,audjpy_hourly_st_pmc_sl25_tp75_3r_t374,162,Short,2006-11-15T15:00:00-05:00,90.324590,2006-11-16T12:00:00-05:00,90.575590,stop,-0.251000,-25100.00
audjpy_hourly_st_pmc_sl25_tp75_3r,audjpy_hourly_st_pmc_sl25_tp75_3r_t378,163,Long,2006-11-22T12:00:00-05:00,90.417495,2006-11-22T13:00:00-05:00,90.166495,stop,-0.251000,-25100.00
audjpy_hourly_st_pmc_sl25_tp75_3r,audjpy_hourly_st_pmc_sl25_tp75_3r_t382,164,Short,2006-11-27T05:00:00-05:00,90.360623,2006-11-28T09:00:00-05:00,90.611623,stop,-0.251000,-25100.00
audjpy_hourly_st_pmc_sl25_tp75_3r,audjpy_hourly_st_pmc_sl25_tp75_3r_t383,165,Long,2006-11-29T02:00:00-05:00,90.454883,2006-11-29T13:00:00-05:00,91.204883,target,0.750000,75000.00
audjpy_hourly_st_pmc_sl25_tp75_3r,audjpy_hourly_st_pmc_sl25_tp75_3r_t385,166,Long,2006-12-01T15:00:00-05:00,91.057958,2006-12-01T19:00:00-05:00,90.806958,stop,-0.251000,-25100.00
audjpy_hourly_st_pmc_sl25_tp75_3r,audjpy_hourly_st_pmc_sl25_tp75_3r_t386,167,Short,2006-12-07T04:00:00-05:00,90.694462,2006-12-07T12:00:00-05:00,90.945462,stop,-0.251000,-25100.00
audjpy_hourly_st_pmc_sl25_tp75_3r,audjpy_hourly_st_pmc_sl25_tp75_3r_t389,168,Long,2006-12-14T11:00:00-05:00,91.895787,2006-12-19T23:00:00-05:00,92.645787,target,0.750000,75000.00
audjpy_hourly_st_pmc_sl25_tp75_3r,audjpy_hourly_st_pmc_sl25_tp75_3r_t390,169,Long,2006-12-25T17:00:00-05:00,94.612620,2006-12-25T17:00:00-05:00,94.361620,stop,-0.251000,-25100.00
audjpy_hourly_st_pmc_sl25_tp75_3r,audjpy_hourly_st_pmc_sl25_tp75_3r_t391,170,Long,2006-12-29T15:00:00-05:00,93.551471,2007-01-01T17:00:00-05:00,94.301471,target,0.750000,75000.00
audjpy_hourly_st_pmc_sl25_tp75_3r,audjpy_hourly_st_pmc_sl25_tp75_3r_t393,171,Long,2007-01-04T00:00:00-05:00,94.332416,2007-01-04T06:00:00-05:00,94.081416,stop,-0.251000,-25100.00
audjpy_hourly_st_pmc_sl25_tp75_3r,audjpy_hourly_st_pmc_sl25_tp75_3r_t394,172,Short,2007-01-08T23:00:00-05:00,92.739311,2007-01-09T01:00:00-05:00,92.990311,stop,-0.251000,-25100.00
audjpy_hourly_st_pmc_sl25_tp75_3r,audjpy_hourly_st_pmc_sl25_tp75_3r_t396,173,Long,2007-01-24T00:00:00-05:00,95.830910,2007-01-24T00:00:00-05:00,95.579910,stop,-0.251000,-25100.00
audjpy_hourly_st_pmc_sl25_tp75_3r,audjpy_hourly_st_pmc_sl25_tp75_3r_t402,174,Short,2007-02-02T15:00:00-05:00,93.746683,2007-02-07T17:00:00-05:00,93.997683,stop,-0.251000,-25100.00
audjpy_hourly_st_pmc_sl25_tp75_3r,audjpy_hourly_st_pmc_sl25_tp75_3r_t403,175,Long,2007-02-09T12:00:00-05:00,94.194788,2007-02-12T14:00:00-05:00,93.943788,stop,-0.251000,-25100.00
audjpy_hourly_st_pmc_sl25_tp75_3r,audjpy_hourly_st_pmc_sl25_tp75_3r_t404,176,Long,2007-02-14T23:00:00-05:00,94.171195,2007-02-15T01:00:00-05:00,93.920195,stop,-0.251000,-25100.00
audjpy_hourly_st_pmc_sl25_tp75_3r,audjpy_hourly_st_pmc_sl25_tp75_3r_t409,177,Long,2007-02-27T06:00:00-05:00,95.320683,2007-02-27T07:00:00-05:00,95.069683,stop,-0.251000,-25100.00
audjpy_hourly_st_pmc_sl25_tp75_3r,audjpy_hourly_st_pmc_sl25_tp75_3r_t410,178,Short,2007-03-06T01:00:00-05:00,89.702318,2007-03-06T02:00:00-05:00,89.953318,stop,-0.251000,-25100.00
audjpy_hourly_st_pmc_sl25_tp75_3r,audjpy_hourly_st_pmc_sl25_tp75_3r_t411,179,Short,2007-03-08T04:00:00-05:00,90.547382,2007-03-08T08:00:00-05:00,90.798382,stop,-0.251000,-25100.00
audjpy_hourly_st_pmc_sl25_tp75_3r,audjpy_hourly_st_pmc_sl25_tp75_3r_t412,180,Short,2007-03-12T19:00:00-04:00,92.491739,2007-03-13T11:00:00-04:00,91.741739,target,0.750000,75000.00
audjpy_hourly_st_pmc_sl25_tp75_3r,audjpy_hourly_st_pmc_sl25_tp75_3r_t413,181,Short,2007-03-14T13:00:00-04:00,91.414003,2007-03-14T14:00:00-04:00,91.665003,stop,-0.251000,-25100.00
audjpy_hourly_st_pmc_sl25_tp75_3r,audjpy_hourly_st_pmc_sl25_tp75_3r_t414,182,Long,2007-03-27T09:00:00-04:00,95.090127,2007-03-28T01:00:00-04:00,94.839127,stop,-0.251000,-25100.00
audjpy_hourly_st_pmc_sl25_tp75_3r,audjpy_hourly_st_pmc_sl25_tp75_3r_t416,183,Long,2007-04-03T23:00:00-04:00,96.177686,2007-04-03T23:00:00-04:00,95.926686,stop,-0.251000,-25100.00
audjpy_hourly_st_pmc_sl25_tp75_3r,audjpy_hourly_st_pmc_sl25_tp75_3r_t417,184,Long,2007-04-13T08:00:00-04:00,98.410717,2007-04-13T14:00:00-04:00,99.160717,target,0.750000,75000.00
audjpy_hourly_st_pmc_sl25_tp75_3r,audjpy_hourly_st_pmc_sl25_tp75_3r_t418,185,Long,2007-04-17T07:00:00-04:00,99.182898,2007-04-17T12:00:00-04:00,99.932898,target,0.750000,75000.00
audjpy_hourly_st_pmc_sl25_tp75_3r,audjpy_hourly_st_pmc_sl25_tp75_3r_t419,186,Long,2007-04-18T00:00:00-04:00,99.220941,2007-04-18T11:00:00-04:00,98.969941,stop,-0.251000,-25100.00
audjpy_hourly_st_pmc_sl25_tp75_3r,audjpy_hourly_st_pmc_sl25_tp75_3r_t420,187,Long,2007-04-19T00:00:00-04:00,98.723262,2007-04-19T02:00:00-04:00,98.472262,stop,-0.251000,-25100.00
audjpy_hourly_st_pmc_sl25_tp75_3r,audjpy_hourly_st_pmc_sl25_tp75_3r_t421,188,Long,2007-04-23T04:00:00-04:00,98.849425,2007-04-23T08:00:00-04:00,98.598425,stop,-0.251000,-25100.00
audjpy_hourly_st_pmc_sl25_tp75_3r,audjpy_hourly_st_pmc_sl25_tp75_3r_t422,189,Long,2007-04-27T07:00:00-04:00,98.475043,2007-04-27T13:00:00-04:00,99.225043,target,0.750000,75000.00
audjpy_hourly_st_pmc_sl25_tp75_3r,audjpy_hourly_st_pmc_sl25_tp75_3r_t423,190,Long,2007-04-29T21:00:00-04:00,98.728345,2007-04-30T15:00:00-04:00,99.478345,target,0.750000,75000.00
audjpy_hourly_st_pmc_sl25_tp75_3r,audjpy_hourly_st_pmc_sl25_tp75_3r_t429,191,Short,2007-05-02T11:00:00-04:00,99.235337,2007-05-04T02:00:00-04:00,98.485337,target,0.750000,75000.00
audjpy_hourly_st_pmc_sl25_tp75_3r,audjpy_hourly_st_pmc_sl25_tp75_3r_t430,192,Short,2007-05-07T02:00:00-04:00,98.941912,2007-05-08T01:00:00-04:00,99.192912,stop,-0.251000,-25100.00
audjpy_hourly_st_pmc_sl25_tp75_3r,audjpy_hourly_st_pmc_sl25_tp75_3r_t431,193,Long,2007-05-08T12:00:00-04:00,99.028087,2007-05-10T01:00:00-04:00,99.778087,target,0.750000,75000.00
audjpy_hourly_st_pmc_sl25_tp75_3r,audjpy_hourly_st_pmc_sl25_tp75_3r_t432,194,Long,2007-05-10T16:00:00-04:00,99.681851,2007-05-10T17:00:00-04:00,99.430851,stop,-0.251000,-25100.00
audjpy_hourly_st_pmc_sl25_tp75_3r,audjpy_hourly_st_pmc_sl25_tp75_3r_t434,195,Long,2007-05-16T13:00:00-04:00,99.810978,2007-05-16T15:00:00-04:00,99.559978,stop,-0.251000,-25100.00
audjpy_hourly_st_pmc_sl25_tp75_3r,audjpy_hourly_st_pmc_sl25_tp75_3r_t435,196,Long,2007-05-24T08:00:00-04:00,99.822615,2007-05-24T15:00:00-04:00,99.571615,stop,-0.251000,-25100.00
audjpy_hourly_st_pmc_sl25_tp75_3r,audjpy_hourly_st_pmc_sl25_tp75_3r_t436,197,Long,2007-05-29T01:00:00-04:00,99.374646,2007-05-29T02:00:00-04:00,99.123646,stop,-0.251000,-25100.00
audjpy_hourly_st_pmc_sl25_tp75_3r,audjpy_hourly_st_pmc_sl25_tp75_3r_t437,198,Long,2007-05-29T17:00:00-04:00,99.343072,2007-05-30T20:00:00-04:00,100.093072,target,0.750000,75000.00
audjpy_hourly_st_pmc_sl25_tp75_3r,audjpy_hourly_st_pmc_sl25_tp75_3r_t439,199,Long,2007-06-05T12:00:00-04:00,101.574723,2007-06-05T16:00:00-04:00,101.323723,stop,-0.251000,-25100.00
audjpy_hourly_st_pmc_sl25_tp75_3r,audjpy_hourly_st_pmc_sl25_tp75_3r_t440,200,Long,2007-06-06T10:00:00-04:00,101.841469,2007-06-07T04:00:00-04:00,102.591469,target,0.750000,75000.00
audjpy_hourly_st_pmc_sl25_tp75_3r,audjpy_hourly_st_pmc_sl25_tp75_3r_t441,201,Long,2007-06-07T16:00:00-04:00,101.998392,2007-06-07T17:00:00-04:00,101.747392,stop,-0.251000,-25100.00
audjpy_hourly_st_pmc_sl25_tp75_3r,audjpy_hourly_st_pmc_sl25_tp75_3r_t442,202,Long,2007-06-12T21:00:00-04:00,102.145949,2007-06-13T16:00:00-04:00,102.895949,target,0.750000,75000.00
audjpy_hourly_st_pmc_sl25_tp75_3r,audjpy_hourly_st_pmc_sl25_tp75_3r_t443,203,Long,2007-06-18T10:00:00-04:00,103.743856,2007-06-20T01:00:00-04:00,104.493856,target,0.750000,75000.00
audjpy_hourly_st_pmc_sl25_tp75_3r,audjpy_hourly_st_pmc_sl25_tp75_3r_t444,204,Long,2007-06-20T21:00:00-04:00,104.171838,2007-06-22T00:00:00-04:00,104.921838,target,0.750000,75000.00
audjpy_hourly_st_pmc_sl25_tp75_3r,audjpy_hourly_st_pmc_sl25_tp75_3r_t445,205,Long,2007-06-22T19:00:00-04:00,104.790516,2007-06-25T10:00:00-04:00,104.539516,stop,-0.251000,-25100.00
audjpy_hourly_st_pmc_sl25_tp75_3r,audjpy_hourly_st_pmc_sl25_tp75_3r_t446,206,Long,2007-06-29T19:00:00-04:00,104.329731,2007-07-02T11:00:00-04:00,105.079731,target,0.750000,75000.00
audjpy_hourly_st_pmc_sl25_tp75_3r,audjpy_hourly_st_pmc_sl25_tp75_3r_t447,207,Long,2007-07-03T13:00:00-04:00,104.468665,2007-07-04T14:00:00-04:00,105.218665,target,0.750000,75000.00
audjpy_hourly_st_pmc_sl25_tp75_3r,audjpy_hourly_st_pmc_sl25_tp75_3r_t448,208,Long,2007-07-10T04:00:00-04:00,105.772299,2007-07-10T12:00:00-04:00,105.521299,stop,-0.251000,-25100.00
audjpy_hourly_st_pmc_sl25_tp75_3r,audjpy_hourly_st_pmc_sl25_tp75_3r_t451,209,Long,2007-07-17T22:00:00-04:00,106.355389,2007-07-18T12:00:00-04:00,107.105389,target,0.750000,75000.00
audjpy_hourly_st_pmc_sl25_tp75_3r,audjpy_hourly_st_pmc_sl25_tp75_3r_t452,210,Long,2007-07-20T14:00:00-04:00,107.162008,2007-07-20T14:00:00-04:00,106.911008,stop,-0.251000,-25100.00
audjpy_hourly_st_pmc_sl25_tp75_3r,audjpy_hourly_st_pmc_sl25_tp75_3r_t453,211,Long,2007-07-24T00:00:00-04:00,106.510218,2007-07-24T19:00:00-04:00,106.259218,stop,-0.251000,-25100.00
audjpy_hourly_st_pmc_sl25_tp75_3r,audjpy_hourly_st_pmc_sl25_tp75_3r_t454,212,Long,2007-07-26T11:00:00-04:00,105.955041,2007-07-26T11:00:00-04:00,105.704041,stop,-0.251000,-25100.00
audjpy_hourly_st_pmc_sl25_tp75_3r,audjpy_hourly_st_pmc_sl25_tp75_3r_t455,213,Short,2007-07-27T01:00:00-04:00,104.298255,2007-07-27T02:00:00-04:00,104.549255,stop,-0.251000,-25100.00
audjpy_hourly_st_pmc_sl25_tp75_3r,audjpy_hourly_st_pmc_sl25_tp75_3r_t456,214,Short,2007-07-30T20:00:00-04:00,101.935535,2007-07-30T21:00:00-04:00,102.186535,stop,-0.251000,-25100.00
audjpy_hourly_st_pmc_sl25_tp75_3r,audjpy_hourly_st_pmc_sl25_tp75_3r_t458,215,Short,2007-08-01T12:00:00-04:00,101.124687,2007-08-01T12:00:00-04:00,101.375687,stop,-0.251000,-25100.00
audjpy_hourly_st_pmc_sl25_tp75_3r,audjpy_hourly_st_pmc_sl25_tp75_3r_t459,216,Short,2007-08-01T13:00:00-04:00,101.124687,2007-08-01T13:00:00-04:00,101.375687,stop,-0.251000,-25100.00
audjpy_hourly_st_pmc_sl25_tp75_3r,audjpy_hourly_st_pmc_sl25_tp75_3r_t460,217,Short,2007-08-01T14:00:00-04:00,101.124687,2007-08-01T19:00:00-04:00,100.374687,target,0.750000,75000.00
audjpy_hourly_st_pmc_sl25_tp75_3r,audjpy_hourly_st_pmc_sl25_tp75_3r_t462,218,Long,2007-08-03T14:00:00-04:00,101.318356,2007-08-03T19:00:00-04:00,101.067356,stop,-0.251000,-25100.00
audjpy_hourly_st_pmc_sl25_tp75_3r,audjpy_hourly_st_pmc_sl25_tp75_3r_t464,219,Long,2007-08-07T12:00:00-04:00,101.169189,2007-08-07T18:00:00-04:00,100.918189,stop,-0.251000,-25100.00
audjpy_hourly_st_pmc_sl25_tp75_3r,audjpy_hourly_st_pmc_sl25_tp75_3r_t465,220,Long,2007-08-09T06:00:00-04:00,102.835020,2007-08-09T06:00:00-04:00,103.585020,target,0.750000,75000.00
audjpy_hourly_st_pmc_sl25_tp75_3r,audjpy_hourly_st_pmc_sl25_tp75_3r_t466,221,Long,2007-08-09T07:00:00-04:00,102.835020,2007-08-09T07:00:00-04:00,102.584020,stop,-0.251000,-25100.00
audjpy_hourly_st_pmc_sl25_tp75_3r,audjpy_hourly_st_pmc_sl25_tp75_3r_t468,222,Short,2007-08-10T16:00:00-04:00,100.394378,2007-08-10T16:00:00-04:00,99.644378,target,0.750000,75000.00
audjpy_hourly_st_pmc_sl25_tp75_3r,audjpy_hourly_st_pmc_sl25_tp75_3r_t469,223,Short,2007-08-13T01:00:00-04:00,100.394378,2007-08-13T07:00:00-04:00,99.644378,target,0.750000,75000.00
audjpy_hourly_st_pmc_sl25_tp75_3r,audjpy_hourly_st_pmc_sl25_tp75_3r_t470,224,Short,2007-08-16T21:00:00-04:00,91.137400,2007-08-16T21:00:00-04:00,91.388400,stop,-0.251000,-25100.00
audjpy_hourly_st_pmc_sl25_tp75_3r,audjpy_hourly_st_pmc_sl25_tp75_3r_t471,225,Short,2007-08-16T22:00:00-04:00,91.137400,2007-08-16T22:00:00-04:00,91.388400,stop,-0.251000,-25100.00
audjpy_hourly_st_pmc_sl25_tp75_3r,audjpy_hourly_st_pmc_sl25_tp75_3r_t472,226,Short,2007-08-17T12:00:00-04:00,89.808872,2007-08-17T12:00:00-04:00,90.059872,stop,-0.251000,-25100.00
audjpy_hourly_st_pmc_sl25_tp75_3r,audjpy_hourly_st_pmc_sl25_tp75_3r_t473,227,Short,2007-08-24T01:00:00-04:00,95.901462,2007-08-24T04:00:00-04:00,95.151462,target,0.750000,75000.00
audjpy_hourly_st_pmc_sl25_tp75_3r,audjpy_hourly_st_pmc_sl25_tp75_3r_t474,228,Short,2007-08-24T18:00:00-04:00,95.901462,2007-08-24T19:00:00-04:00,96.152462,stop,-0.251000,-25100.00
audjpy_hourly_st_pmc_sl25_tp75_3r,audjpy_hourly_st_pmc_sl25_tp75_3r_t475,229,Short,2007-08-29T09:00:00-04:00,93.530661,2007-08-29T09:00:00-04:00,93.781661,stop,-0.251000,-25100.00
audjpy_hourly_st_pmc_sl25_tp75_3r,audjpy_hourly_st_pmc_sl25_tp75_3r_t477,230,Long,2007-09-04T08:00:00-04:00,94.908534,2007-09-04T13:00:00-04:00,95.658534,target,0.750000,75000.00
audjpy_hourly_st_pmc_sl25_tp75_3r,audjpy_hourly_st_pmc_sl25_tp75_3r_t478,231,Long,2007-09-05T06:00:00-04:00,95.089792,2007-09-05T07:00:00-04:00,94.838792,stop,-0.251000,-25100.00
audjpy_hourly_st_pmc_sl25_tp75_3r,audjpy_hourly_st_pmc_sl25_tp75_3r_t482,232,Long,2007-09-07T12:00:00-04:00,94.788097,2007-09-07T12:00:00-04:00,94.537097,stop,-0.251000,-25100.00
audjpy_hourly_st_pmc_sl25_tp75_3r,audjpy_hourly_st_pmc_sl25_tp75_3r_t483,233,Short,2007-09-10T12:00:00-04:00,93.745235,2007-09-10T13:00:00-04:00,93.996235,stop,-0.251000,-25100.00
audjpy_hourly_st_pmc_sl25_tp75_3r,audjpy_hourly_st_pmc_sl25_tp75_3r_t484,234,Long,2007-09-13T21:00:00-04:00,96.203040,2007-09-13T21:00:00-04:00,95.952040,stop,-0.251000,-25100.00
audjpy_hourly_st_pmc_sl25_tp75_3r,audjpy_hourly_st_pmc_sl25_tp75_3r_t485,235,Long,2007-09-17T08:00:00-04:00,96.493947,2007-09-17T10:00:00-04:00,96.242947,stop,-0.251000,-25100.00
audjpy_hourly_st_pmc_sl25_tp75_3r,audjpy_hourly_st_pmc_sl25_tp75_3r_t486,236,Long,2007-09-20T15:00:00-04:00,98.847329,2007-09-20T15:00:00-04:00,98.596329,stop,-0.251000,-25100.00
audjpy_hourly_st_pmc_sl25_tp75_3r,audjpy_hourly_st_pmc_sl25_tp75_3r_t487,237,Long,2007-09-25T00:00:00-04:00,99.187799,2007-09-25T07:00:00-04:00,98.936799,stop,-0.251000,-25100.00
audjpy_hourly_st_pmc_sl25_tp75_3r,audjpy_hourly_st_pmc_sl25_tp75_3r_t489,238,Long,2007-10-01T11:00:00-04:00,102.312394,2007-10-01T11:00:00-04:00,103.062394,target,0.750000,75000.00
audjpy_hourly_st_pmc_sl25_tp75_3r,audjpy_hourly_st_pmc_sl25_tp75_3r_t490,239,Long,2007-10-02T02:00:00-04:00,102.585733,2007-10-02T03:00:00-04:00,102.334733,stop,-0.251000,-25100.00
audjpy_hourly_st_pmc_sl25_tp75_3r,audjpy_hourly_st_pmc_sl25_tp75_3r_t493,240,Long,2007-10-03T22:00:00-04:00,102.759822,2007-10-04T04:00:00-04:00,102.508822,stop,-0.251000,-25100.00
audjpy_hourly_st_pmc_sl25_tp75_3r,audjpy_hourly_st_pmc_sl25_tp75_3r_t494,241,Long,2007-10-08T16:00:00-04:00,104.871396,2007-10-09T01:00:00-04:00,104.620396,stop,-0.251000,-25100.00
audjpy_hourly_st_pmc_sl25_tp75_3r,audjpy_hourly_st_pmc_sl25_tp75_3r_t495,242,Long,2007-10-10T17:00:00-04:00,104.893187,2007-10-11T06:00:00-04:00,105.643187,target,0.750000,75000.00
audjpy_hourly_st_pmc_sl25_tp75_3r,audjpy_hourly_st_pmc_sl25_tp75_3r_t496,243,Long,2007-10-11T19:00:00-04:00,105.811537,2007-10-11T19:00:00-04:00,105.560537,stop,-0.251000,-25100.00
audjpy_hourly_st_pmc_sl25_tp75_3r,audjpy_hourly_st_pmc_sl25_tp75_3r_t497,244,Long,2007-10-15T15:00:00-04:00,106.027033,2007-10-15T15:00:00-04:00,105.776033,stop,-0.251000,-25100.00
audjpy_hourly_st_pmc_sl25_tp75_3r,audjpy_hourly_st_pmc_sl25_tp75_3r_t498,245,Long,2007-10-17T17:00:00-04:00,103.194395,2007-10-17T17:00:00-04:00,102.943395,stop,-0.251000,-25100.00
audjpy_hourly_st_pmc_sl25_tp75_3r,audjpy_hourly_st_pmc_sl25_tp75_3r_t499,246,Short,2007-10-22T20:00:00-04:00,101.483526,2007-10-22T22:00:00-04:00,101.734526,stop,-0.251000,-25100.00
audjpy_hourly_st_pmc_sl25_tp75_3r,audjpy_hourly_st_pmc_sl25_tp75_3r_t500,247,Long,2007-10-24T07:00:00-04:00,102.300008,2007-10-24T13:00:00-04:00,103.050008,target,0.750000,75000.00
audjpy_hourly_st_pmc_sl25_tp75_3r,audjpy_hourly_st_pmc_sl25_tp75_3r_t501,248,Long,2007-10-24T15:00:00-04:00,102.300008,2007-10-24T15:00:00-04:00,102.049008,stop,-0.251000,-25100.00
audjpy_hourly_st_pmc_sl25_tp75_3r,audjpy_hourly_st_pmc_sl25_tp75_3r_t502,249,Long,2007-10-24T17:00:00-04:00,102.300008,2007-10-24T18:00:00-04:00,102.049008,stop,-0.251000,-25100.00
audjpy_hourly_st_pmc_sl25_tp75_3r,audjpy_hourly_st_pmc_sl25_tp75_3r_t503,250,Long,2007-10-30T01:00:00-04:00,105.175136,2007-10-30T04:00:00-04:00,104.924136,stop,-0.251000,-25100.00
audjpy_hourly_st_pmc_sl25_tp75_3r,audjpy_hourly_st_pmc_sl25_tp75_3r_t506,251,Long,2007-11-01T12:00:00-04:00,106.663285,2007-11-01T12:00:00-04:00,106.412285,stop,-0.251000,-25100.00
audjpy_hourly_st_pmc_sl25_tp75_3r,audjpy_hourly_st_pmc_sl25_tp75_3r_t507,252,Short,2007-11-02T12:00:00-04:00,106.245275,2007-11-02T12:00:00-04:00,106.496275,stop,-0.251000,-25100.00
audjpy_hourly_st_pmc_sl25_tp75_3r,audjpy_hourly_st_pmc_sl25_tp75_3r_t508,253,Short,2007-11-02T13:00:00-04:00,106.245275,2007-11-02T13:00:00-04:00,105.495275,target,0.750000,75000.00
audjpy_hourly_st_pmc_sl25_tp75_3r,audjpy_hourly_st_pmc_sl25_tp75_3r_t509,254,Short,2007-11-06T07:00:00-05:00,106.037173,2007-11-06T12:00:00-05:00,106.288173,stop,-0.251000,-25100.00
audjpy_hourly_st_pmc_sl25_tp75_3r,audjpy_hourly_st_pmc_sl25_tp75_3r_t510,255,Short,2007-11-08T11:00:00-05:00,105.365227,2007-11-08T14:00:00-05:00,104.615227,target,0.750000,75000.00
audjpy_hourly_st_pmc_sl25_tp75_3r,audjpy_hourly_st_pmc_sl25_tp75_3r_t511,256,Short,2007-11-13T07:00:00-05:00,98.405335,2007-11-13T08:00:00-05:00,97.655335,target,0.750000,75000.00
audjpy_hourly_st_pmc_sl25_tp75_3r,audjpy_hourly_st_pmc_sl25_tp75_3r_t512,257,Short,2007-11-13T11:00:00-05:00,98.405335,2007-11-13T12:00:00-05:00,98.656335,stop,-0.251000,-25100.00
audjpy_hourly_st_pmc_sl25_tp75_3r,audjpy_hourly_st_pmc_sl25_tp75_3r_t513,258,Short,2007-11-16T13:00:00-05:00,98.876942,2007-11-16T15:00:00-05:00,98.126942,target,0.750000,75000.00
audjpy_hourly_st_pmc_sl25_tp75_3r,audjpy_hourly_st_pmc_sl25_tp75_3r_t514,259,Short,2007-11-20T06:00:00-05:00,97.783634,2007-11-20T06:00:00-05:00,98.034634,stop,-0.251000,-25100.00
audjpy_hourly_st_pmc_sl25_tp75_3r,audjpy_hourly_st_pmc_sl25_tp75_3r_t515,260,Short,2007-11-20T07:00:00-05:00,97.783634,2007-11-20T07:00:00-05:00,98.034634,stop,-0.251000,-25100.00
audjpy_hourly_st_pmc_sl25_tp75_3r,audjpy_hourly_st_pmc_sl25_tp75_3r_t516,261,Short,2007-11-23T17:00:00-05:00,94.857102,2007-11-25T22:00:00-05:00,95.398000,stop,-0.540898,-54089.85
audjpy_hourly_st_pmc_sl25_tp75_3r,audjpy_hourly_st_pmc_sl25_tp75_3r_t517,262,Short,2007-11-27T03:00:00-05:00,94.790115,2007-11-27T03:00:00-05:00,95.041115,stop,-0.251000,-25100.00
audjpy_hourly_st_pmc_sl25_tp75_3r,audjpy_hourly_st_pmc_sl25_tp75_3r_t518,263,Short,2007-11-30T01:00:00-05:00,97.739097,2007-11-30T03:00:00-05:00,97.990097,stop,-0.251000,-25100.00
audjpy_hourly_st_pmc_sl25_tp75_3r,audjpy_hourly_st_pmc_sl25_tp75_3r_t519,264,Short,2007-12-05T15:00:00-05:00,96.476588,2007-12-05T16:00:00-05:00,96.727588,stop,-0.251000,-25100.00
audjpy_hourly_st_pmc_sl25_tp75_3r,audjpy_hourly_st_pmc_sl25_tp75_3r_t524,265,Long,2007-12-11T15:00:00-05:00,98.622156,2007-12-11T19:00:00-05:00,98.371156,stop,-0.251000,-25100.00
audjpy_hourly_st_pmc_sl25_tp75_3r,audjpy_hourly_st_pmc_sl25_tp75_3r_t525,266,Short,2007-12-12T07:00:00-05:00,97.924443,2007-12-12T10:00:00-05:00,98.175443,stop,-0.251000,-25100.00
audjpy_hourly_st_pmc_sl25_tp75_3r,audjpy_hourly_st_pmc_sl25_tp75_3r_t531,267,Short,2007-12-18T09:00:00-05:00,97.639387,2007-12-18T11:00:00-05:00,97.890387,stop,-0.251000,-25100.00
audjpy_hourly_st_pmc_sl25_tp75_3r,audjpy_hourly_st_pmc_sl25_tp75_3r_t532,268,Short,2007-12-21T02:00:00-05:00,97.563482,2007-12-21T07:00:00-05:00,97.814482,stop,-0.251000,-25100.00
audjpy_hourly_st_pmc_sl25_tp75_3r,audjpy_hourly_st_pmc_sl25_tp75_3r_t533,269,Long,2007-12-27T10:00:00-05:00,99.595363,2007-12-28T02:00:00-05:00,99.344363,stop,-0.251000,-25100.00
audjpy_hourly_st_pmc_sl25_tp75_3r,audjpy_hourly_st_pmc_sl25_tp75_3r_t539,270,Long,2008-01-02T15:00:00-05:00,97.764025,2008-01-02T15:00:00-05:00,97.513025,stop,-0.251000,-25100.00
audjpy_hourly_st_pmc_sl25_tp75_3r,audjpy_hourly_st_pmc_sl25_tp75_3r_t540,271,Short,2008-01-03T13:00:00-05:00,96.384680,2008-01-03T14:00:00-05:00,96.635680,stop,-0.251000,-25100.00
audjpy_hourly_st_pmc_sl25_tp75_3r,audjpy_hourly_st_pmc_sl25_tp75_3r_t541,272,Short,2008-01-07T10:00:00-05:00,95.759606,2008-01-07T15:00:00-05:00,95.009606,target,0.750000,75000.00
audjpy_hourly_st_pmc_sl25_tp75_3r,audjpy_hourly_st_pmc_sl25_tp75_3r_t542,273,Short,2008-01-08T02:00:00-05:00,95.759606,2008-01-08T03:00:00-05:00,96.010606,stop,-0.251000,-25100.00
audjpy_hourly_st_pmc_sl25_tp75_3r,audjpy_hourly_st_pmc_sl25_tp75_3r_t545,274,Short,2008-01-16T14:00:00-05:00,94.273496,2008-01-16T15:00:00-05:00,93.523496,target,0.750000,75000.00
audjpy_hourly_st_pmc_sl25_tp75_3r,audjpy_hourly_st_pmc_sl25_tp75_3r_t546,275,Short,2008-01-16T16:00:00-05:00,94.273496,2008-01-16T17:00:00-05:00,94.524496,stop,-0.251000,-25100.00
audjpy_hourly_st_pmc_sl25_tp75_3r,audjpy_hourly_st_pmc_sl25_tp75_3r_t547,276,Short,2008-01-16T19:00:00-05:00,94.273496,2008-01-16T19:00:00-05:00,94.524496,stop,-0.251000,-25100.00
audjpy_hourly_st_pmc_sl25_tp75_3r,audjpy_hourly_st_pmc_sl25_tp75_3r_t548,277,Short,2008-01-18T13:00:00-05:00,94.562270,2008-01-18T13:00:00-05:00,94.813270,stop,-0.251000,-25100.00
audjpy_hourly_st_pmc_sl25_tp75_3r,audjpy_hourly_st_pmc_sl25_tp75_3r_t549,278,Short,2008-01-22T13:00:00-05:00,92.025786,2008-01-22T13:00:00-05:00,92.276786,stop,-0.251000,-25100.00
audjpy_hourly_st_pmc_sl25_tp75_3r,audjpy_hourly_st_pmc_sl25_tp75_3r_t550,279,Short,2008-01-22T14:00:00-05:00,92.025786,2008-01-22T14:00:00-05:00,92.276786,stop,-0.251000,-25100.00
audjpy_hourly_st_pmc_sl25_tp75_3r,audjpy_hourly_st_pmc_sl25_tp75_3r_t551,280,Short,2008-01-23T20:00:00-05:00,92.822400,2008-01-23T20:00:00-05:00,93.073400,stop,-0.251000,-25100.00
audjpy_hourly_st_pmc_sl25_tp75_3r,audjpy_hourly_st_pmc_sl25_tp75_3r_t552,281,Short,2008-01-28T13:00:00-05:00,94.268963,2008-01-28T18:00:00-05:00,94.519963,stop,-0.251000,-25100.00
audjpy_hourly_st_pmc_sl25_tp75_3r,audjpy_hourly_st_pmc_sl25_tp75_3r_t553,282,Short,2008-01-31T16:00:00-05:00,95.525625,2008-01-31T17:00:00-05:00,95.776625,stop,-0.251000,-25100.00
audjpy_hourly_st_pmc_sl25_tp75_3r,audjpy_hourly_st_pmc_sl25_tp75_3r_t554,283,Long,2008-02-05T13:00:00-05:00,96.518091,2008-02-05T14:00:00-05:00,96.267091,stop,-0.251000,-25100.00
audjpy_hourly_st_pmc_sl25_tp75_3r,audjpy_hourly_st_pmc_sl25_tp75_3r_t558,284,Short,2008-02-07T15:00:00-05:00,95.519455,2008-02-07T17:00:00-05:00,95.770455,stop,-0.251000,-25100.00
audjpy_hourly_st_pmc_sl25_tp75_3r,audjpy_hourly_st_pmc_sl25_tp75_3r_t559,285,Long,2008-02-13T06:00:00-05:00,96.584414,2008-02-13T08:00:00-05:00,96.333414,stop,-0.251000,-25100.00
audjpy_hourly_st_pmc_sl25_tp75_3r,audjpy_hourly_st_pmc_sl25_tp75_3r_t560,286,Long,2008-02-14T19:00:00-05:00,97.206804,2008-02-15T07:00:00-05:00,97.956804,target,0.750000,75000.00
audjpy_hourly_st_pmc_sl25_tp75_3r,audjpy_hourly_st_pmc_sl25_tp75_3r_t561,287,Long,2008-02-15T13:00:00-05:00,97.379435,2008-02-15T13:00:00-05:00,97.128435,stop,-0.251000,-25100.00
audjpy_hourly_st_pmc_sl25_tp75_3r,audjpy_hourly_st_pmc_sl25_tp75_3r_t562,288,Long,2008-02-19T10:00:00-05:00,98.847287,2008-02-20T05:00:00-05:00,98.596287,stop,-0.251000,-25100.00
audjpy_hourly_st_pmc_sl25_tp75_3r,audjpy_hourly_st_pmc_sl25_tp75_3r_t563,289,Long,2008-02-21T15:00:00-05:00,98.678150,2008-02-21T18:00:00-05:00,98.427150,stop,-0.251000,-25100.00
audjpy_hourly_st_pmc_sl25_tp75_3r,audjpy_hourly_st_pmc_sl25_tp75_3r_t564,290,Long,2008-02-27T15:00:00-05:00,99.606036,2008-02-27T17:00:00-05:00,100.356036,target,0.750000,75000.00
audjpy_hourly_st_pmc_sl25_tp75_3r,audjpy_hourly_st_pmc_sl25_tp75_3r_t565,291,Long,2008-02-28T23:00:00-05:00,99.606036,2008-02-28T23:00:00-05:00,99.355036,stop,-0.251000,-25100.00
audjpy_hourly_st_pmc_sl25_tp75_3r,audjpy_hourly_st_pmc_sl25_tp75_3r_t566,292,Short,2008-03-03T15:00:00-05:00,96.949407,2008-03-03T15:00:00-05:00,97.200407,stop,-0.251000,-25100.00
audjpy_hourly_st_pmc_sl25_tp75_3r,audjpy_hourly_st_pmc_sl25_tp75_3r_t568,293,Short,2008-03-05T15:00:00-05:00,96.388351,2008-03-05T15:00:00-05:00,96.639351,stop,-0.251000,-25100.00
audjpy_hourly_st_pmc_sl25_tp75_3r,audjpy_hourly_st_pmc_sl25_tp75_3r_t570,294,Short,2008-03-07T15:00:00-05:00,96.016600,2008-03-07T16:00:00-05:00,95.266600,target,0.750000,75000.00
audjpy_hourly_st_pmc_sl25_tp75_3r,audjpy_hourly_st_pmc_sl25_tp75_3r_t571,295,Short,2008-03-11T09:00:00-04:00,94.312595,2008-03-11T11:00:00-04:00,94.563595,stop,-0.251000,-25100.00
audjpy_hourly_st_pmc_sl25_tp75_3r,audjpy_hourly_st_pmc_sl25_tp75_3r_t572,296,Short,2008-03-13T16:00:00-04:00,94.953918,2008-03-13T17:00:00-04:00,95.204918,stop,-0.251000,-25100.00
audjpy_hourly_st_pmc_sl25_tp75_3r,audjpy_hourly_st_pmc_sl25_tp75_3r_t573,297,Short,2008-03-18T12:00:00-04:00,90.876261,2008-03-18T13:00:00-04:00,91.127261,stop,-0.251000,-25100.00
audjpy_hourly_st_pmc_sl25_tp75_3r,audjpy_hourly_st_pmc_sl25_tp75_3r_t574,298,Short,2008-03-24T07:00:00-04:00,90.190051,2008-03-24T08:00:00-04:00,90.441051,stop,-0.251000,-25100.00
audjpy_hourly_st_pmc_sl25_tp75_3r,audjpy_hourly_st_pmc_sl25_tp75_3r_t575,299,Short,2008-03-27T10:00:00-04:00,91.829789,2008-03-27T12:00:00-04:00,92.080789,stop,-0.251000,-25100.00
audjpy_hourly_st_pmc_sl25_tp75_3r,audjpy_hourly_st_pmc_sl25_tp75_3r_t578,300,Long,2008-04-03T12:00:00-04:00,93.310827,2008-04-03T12:00:00-04:00,93.059827,stop,-0.251000,-25100.00
audjpy_hourly_st_pmc_sl25_tp75_3r,audjpy_hourly_st_pmc_sl25_tp75_3r_t579,301,Long,2008-04-08T07:00:00-04:00,94.341392,2008-04-08T14:00:00-04:00,95.091392,target,0.750000,75000.00
audjpy_hourly_st_pmc_sl25_tp75_3r,audjpy_hourly_st_pmc_sl25_tp75_3r_t580,302,Long,2008-04-09T08:00:00-04:00,94.799745,2008-04-09T11:00:00-04:00,95.549745,target,0.750000,75000.00
audjpy_hourly_st_pmc_sl25_tp75_3r,audjpy_hourly_st_pmc_sl25_tp75_3r_t581,303,Long,2008-04-09T15:00:00-04:00,94.799745,2008-04-09T15:00:00-04:00,94.548745,stop,-0.251000,-25100.00
audjpy_hourly_st_pmc_sl25_tp75_3r,audjpy_hourly_st_pmc_sl25_tp75_3r_t582,304,Long,2008-04-11T11:00:00-04:00,94.099565,2008-04-11T11:00:00-04:00,93.848565,stop,-0.251000,-25100.00
audjpy_hourly_st_pmc_sl25_tp75_3r,audjpy_hourly_st_pmc_sl25_tp75_3r_t583,305,Long,2008-04-21T11:00:00-04:00,96.955190,2008-04-22T14:00:00-04:00,97.705190,target,0.750000,75000.00
audjpy_hourly_st_pmc_sl25_tp75_3r,audjpy_hourly_st_pmc_sl25_tp75_3r_t584,306,Long,2008-04-24T12:00:00-04:00,97.551316,2008-04-24T13:00:00-04:00,98.301316,target,0.750000,75000.00
audjpy_hourly_st_pmc_sl25_tp75_3r,audjpy_hourly_st_pmc_sl25_tp75_3r_t585,307,Long,2008-04-25T07:00:00-04:00,97.551316,2008-04-25T09:00:00-04:00,97.300316,stop,-0.251000,-25100.00
audjpy_hourly_st_pmc_sl25_tp75_3r,audjpy_hourly_st_pmc_sl25_tp75_3r_t586,308,Long,2008-04-29T06:00:00-04:00,97.386280,2008-04-29T11:00:00-04:00,97.135280,stop,-0.251000,-25100.00
audjpy_hourly_st_pmc_sl25_tp75_3r,audjpy_hourly_st_pmc_sl25_tp75_3r_t587,309,Long,2008-05-01T01:00:00-04:00,97.678197,2008-05-01T03:00:00-04:00,97.427197,stop,-0.251000,-25100.00
audjpy_hourly_st_pmc_sl25_tp75_3r,audjpy_hourly_st_pmc_sl25_tp75_3r_t588,310,Short,2008-05-02T12:00:00-04:00,97.941293,2008-05-02T12:00:00-04:00,98.192293,stop,-0.251000,-25100.00
audjpy_hourly_st_pmc_sl25_tp75_3r,audjpy_hourly_st_pmc_sl25_tp75_3r_t589,311,Long,2008-05-06T11:00:00-04:00,98.685482,2008-05-06T16:00:00-04:00,99.435482,target,0.750000,75000.00
audjpy_hourly_st_pmc_sl25_tp75_3r,audjpy_hourly_st_pmc_sl25_tp75_3r_t590,312,Long,2008-05-07T18:00:00-04:00,99.044143,2008-05-07T19:00:00-04:00,98.793143,stop,-0.251000,-25100.00
audjpy_hourly_st_pmc_sl25_tp75_3r,audjpy_hourly_st_pmc_sl25_tp75_3r_t594,313,Short,2008-05-12T08:00:00-04:00,97.495402,2008-05-12T08:00:00-04:00,97.746402,stop,-0.251000,-25100.00
audjpy_hourly_st_pmc_sl25_tp75_3r,audjpy_hourly_st_pmc_sl25_tp75_3r_t597,314,Long,2008-05-14T10:00:00-04:00,97.854124,2008-05-15T01:00:00-04:00,97.603124,stop,-0.251000,-25100.00
audjpy_hourly_st_pmc_sl25_tp75_3r,audjpy_hourly_st_pmc_sl25_tp75_3r_t599,315,Long,2008-05-21T00:00:00-04:00,99.051550,2008-05-21T13:00:00-04:00,99.801550,target,0.750000,75000.00
audjpy_hourly_st_pmc_sl25_tp75_3r,audjpy_hourly_st_pmc_sl25_tp75_3r_t600,316,Long,2008-05-23T15:00:00-04:00,99.100313,2008-05-27T09:00:00-04:00,99.850313,target,0.750000,75000.00
audjpy_hourly_st_pmc_sl25_tp75_3r,audjpy_hourly_st_pmc_sl25_tp75_3r_t601,317,Long,2008-06-01T21:00:00-04:00,100.337896,2008-06-02T06:00:00-04:00,100.086896,stop,-0.251000,-25100.00
audjpy_hourly_st_pmc_sl25_tp75_3r,audjpy_hourly_st_pmc_sl25_tp75_3r_t602,318,Short,2008-06-03T11:00:00-04:00,100.278859,2008-06-04T02:00:00-04:00,100.529859,stop,-0.251000,-25100.00
audjpy_hourly_st_pmc_sl25_tp75_3r,audjpy_hourly_st_pmc_sl25_tp75_3r_t604,319,Long,2008-06-06T14:00:00-04:00,101.199043,2008-06-06T20:00:00-04:00,100.948043,stop,-0.251000,-25100.00
audjpy_hourly_st_pmc_sl25_tp75_3r,audjpy_hourly_st_pmc_sl25_tp75_3r_t606,320,Long,2008-06-09T16:00:00-04:00,100.905296,2008-06-09T18:00:00-04:00,100.654296,stop,-0.251000,-25100.00
audjpy_hourly_st_pmc_sl25_tp75_3r,audjpy_hourly_st_pmc_sl25_tp75_3r_t609,321,Long,2008-06-11T13:00:00-04:00,101.222072,2008-06-11T15:00:00-04:00,100.971072,stop,-0.251000,-25100.00
audjpy_hourly_st_pmc_sl25_tp75_3r,audjpy_hourly_st_pmc_sl25_tp75_3r_t614,322,Long,2008-06-17T07:00:00-04:00,101.370184,2008-06-18T18:00:00-04:00,102.120184,target,0.750000,75000.00
audjpy_hourly_st_pmc_sl25_tp75_3r,audjpy_hourly_st_pmc_sl25_tp75_3r_t615,323,Long,2008-06-20T18:00:00-04:00,102.230995,2008-06-24T06:00:00-04:00,102.980995,target,0.750000,75000.00
audjpy_hourly_st_pmc_sl25_tp75_3r,audjpy_hourly_st_pmc_sl25_tp75_3r_t616,324,Long,2008-06-26T12:00:00-04:00,103.128938,2008-06-26T14:00:00-04:00,102.877938,stop,-0.251000,-25100.00
audjpy_hourly_st_pmc_sl25_tp75_3r,audjpy_hourly_st_pmc_sl25_tp75_3r_t617,325,Long,2008-06-27T11:00:00-04:00,102.025469,2008-06-29T21:00:00-04:00,101.774469,stop,-0.251000,-25100.00
audjpy_hourly_st_pmc_sl25_tp75_3r,audjpy_hourly_st_pmc_sl25_tp75_3r_t618,326,Short,2008-07-01T20:00:00-04:00,101.375488,2008-07-02T02:00:00-04:00,101.626488,stop,-0.251000,-25100.00
audjpy_hourly_st_pmc_sl25_tp75_3r,audjpy_hourly_st_pmc_sl25_tp75_3r_t619,327,Long,2008-07-07T13:00:00-04:00,102.509031,2008-07-07T16:00:00-04:00,102.258031,stop,-0.251000,-25100.00
audjpy_hourly_st_pmc_sl25_tp75_3r,audjpy_hourly_st_pmc_sl25_tp75_3r_t621,328,Long,2008-07-09T03:00:00-04:00,101.863604,2008-07-09T14:00:00-04:00,102.613604,target,0.750000,75000.00
audjpy_hourly_st_pmc_sl25_tp75_3r,audjpy_hourly_st_pmc_sl25_tp75_3r_t622,329,Long,2008-07-10T01:00:00-04:00,101.946284,2008-07-10T01:00:00-04:00,102.696284,target,0.750000,75000.00
audjpy_hourly_st_pmc_sl25_tp75_3r,audjpy_hourly_st_pmc_sl25_tp75_3r_t623,330,Long,2008-07-11T12:00:00-04:00,102.559889,2008-07-14T10:00:00-04:00,103.309889,target,0.750000,75000.00
audjpy_hourly_st_pmc_sl25_tp75_3r,audjpy_hourly_st_pmc_sl25_tp75_3r_t624,331,Long,2008-07-15T12:00:00-04:00,102.750014,2008-07-15T14:00:00-04:00,102.499014,stop,-0.251000,-25100.00
audjpy_hourly_st_pmc_sl25_tp75_3r,audjpy_hourly_st_pmc_sl25_tp75_3r_t626,332,Long,2008-07-23T13:00:00-04:00,103.768595,2008-07-24T01:00:00-04:00,103.517595,stop,-0.251000,-25100.00
audjpy_hourly_st_pmc_sl25_tp75_3r,audjpy_hourly_st_pmc_sl25_tp75_3r_t627,333,Long,2008-07-30T00:00:00-04:00,102.597433,2008-07-30T05:00:00-04:00,102.346433,stop,-0.251000,-25100.00
audjpy_hourly_st_pmc_sl25_tp75_3r,audjpy_hourly_st_pmc_sl25_tp75_3r_t630,334,Short,2008-08-04T08:00:00-04:00,100.624619,2008-08-04T12:00:00-04:00,100.875619,stop,-0.251000,-25100.00
audjpy_hourly_st_pmc_sl25_tp75_3r,audjpy_hourly_st_pmc_sl25_tp75_3r_t631,335,Short,2008-08-06T06:00:00-04:00,99.587569,2008-08-06T20:00:00-04:00,99.838569,stop,-0.251000,-25100.00
audjpy_hourly_st_pmc_sl25_tp75_3r,audjpy_hourly_st_pmc_sl25_tp75_3r_t632,336,Short,2008-08-13T09:00:00-04:00,94.971891,2008-08-13T09:00:00-04:00,95.222891,stop,-0.251000,-25100.00
audjpy_hourly_st_pmc_sl25_tp75_3r,audjpy_hourly_st_pmc_sl25_tp75_3r_t633,337,Short,2008-08-13T10:00:00-04:00,94.971891,2008-08-13T13:00:00-04:00,94.221891,target,0.750000,75000.00
audjpy_hourly_st_pmc_sl25_tp75_3r,audjpy_hourly_st_pmc_sl25_tp75_3r_t634,338,Short,2008-08-13T16:00:00-04:00,94.971891,2008-08-13T17:00:00-04:00,95.222891,stop,-0.251000,-25100.00
audjpy_hourly_st_pmc_sl25_tp75_3r,audjpy_hourly_st_pmc_sl25_tp75_3r_t635,339,Short,2008-08-18T00:00:00-04:00,96.051351,2008-08-18T06:00:00-04:00,96.302351,stop,-0.251000,-25100.00
audjpy_hourly_st_pmc_sl25_tp75_3r,audjpy_hourly_st_pmc_sl25_tp75_3r_t636,340,Short,2008-08-20T00:00:00-04:00,95.908457,2008-08-21T05:00:00-04:00,95.158457,target,0.750000,75000.00
audjpy_hourly_st_pmc_sl25_tp75_3r,audjpy_hourly_st_pmc_sl25_tp75_3r_t637,341,Short,2008-08-21T13:00:00-04:00,95.102631,2008-08-21T13:00:00-04:00,94.352631,target,0.750000,75000.00
audjpy_hourly_st_pmc_sl25_tp75_3r,audjpy_hourly_st_pmc_sl25_tp75_3r_t638,342,Short,2008-08-21T14:00:00-04:00,95.102631,2008-08-21T17:00:00-04:00,95.353631,stop,-0.251000,-25100.00
audjpy_hourly_st_pmc_sl25_tp75_3r,audjpy_hourly_st_pmc_sl25_tp75_3r_t639,343,Short,2008-08-27T12:00:00-04:00,94.276249,2008-08-28T01:00:00-04:00,94.527249,stop,-0.251000,-25100.00
audjpy_hourly_st_pmc_sl25_tp75_3r,audjpy_hourly_st_pmc_sl25_tp75_3r_t640,344,Short,2008-09-03T13:00:00-04:00,91.058875,2008-09-03T14:00:00-04:00,90.308875,target,0.750000,75000.00
audjpy_hourly_st_pmc_sl25_tp75_3r,audjpy_hourly_st_pmc_sl25_tp75_3r_t641,345,Short,2008-09-05T20:00:00-04:00,87.603792,2008-09-05T20:00:00-04:00,87.854792,stop,-0.251000,-25100.00
audjpy_hourly_st_pmc_sl25_tp75_3r,audjpy_hourly_st_pmc_sl25_tp75_3r_t642,346,Short,2008-09-09T09:00:00-04:00,88.317656,2008-09-09T09:00:00-04:00,87.567656,target,0.750000,75000.00
audjpy_hourly_st_pmc_sl25_tp75_3r,audjpy_hourly_st_pmc_sl25_tp75_3r_t643,347,Short,2008-09-09T10:00:00-04:00,88.317656,2008-09-09T11:00:00-04:00,87.567656,target,0.750000,75000.00
audjpy_hourly_st_pmc_sl25_tp75_3r,audjpy_hourly_st_pmc_sl25_tp75_3r_t644,348,Short,2008-09-10T13:00:00-04:00,87.414300,2008-09-10T14:00:00-04:00,86.664300,target,0.750000,75000.00
audjpy_hourly_st_pmc_sl25_tp75_3r,audjpy_hourly_st_pmc_sl25_tp75_3r_t645,349,Short,2008-09-11T20:00:00-04:00,85.921630,2008-09-11T20:00:00-04:00,86.172630,stop,-0.251000,-25100.00
audjpy_hourly_st_pmc_sl25_tp75_3r,audjpy_hourly_st_pmc_sl25_tp75_3r_t646,350,Short,2008-09-16T16:00:00-04:00,83.547153,2008-09-16T18:00:00-04:00,83.798153,stop,-0.251000,-25100.00
audjpy_hourly_st_pmc_sl25_tp75_3r,audjpy_hourly_st_pmc_sl25_tp75_3r_t647,351,Short,2008-09-17T18:00:00-04:00,84.194326,2008-09-17T18:00:00-04:00,83.444326,target,0.750000,75000.00
audjpy_hourly_st_pmc_sl25_tp75_3r,audjpy_hourly_st_pmc_sl25_tp75_3r_t648,352,Short,2008-09-28T23:00:00-04:00,88.482163,2008-09-29T00:00:00-04:00,88.733163,stop,-0.251000,-25100.00
audjpy_hourly_st_pmc_sl25_tp75_3r,audjpy_hourly_st_pmc_sl25_tp75_3r_t649,353,Short,2008-09-30T08:00:00-04:00,84.619258,2008-09-30T08:00:00-04:00,84.870258,stop,-0.251000,-25100.00
audjpy_hourly_st_pmc_sl25_tp75_3r,audjpy_hourly_st_pmc_sl25_tp75_3r_t653,354,Short,2008-10-03T14:00:00-04:00,82.571483,2008-10-03T14:00:00-04:00,81.821483,target,0.750000,75000.00
audjpy_hourly_st_pmc_sl25_tp75_3r,audjpy_hourly_st_pmc_sl25_tp75_3r_t654,355,Short,2008-10-03T15:00:00-04:00,82.571483,2008-10-03T16:00:00-04:00,81.821483,target,0.750000,75000.00
audjpy_hourly_st_pmc_sl25_tp75_3r,audjpy_hourly_st_pmc_sl25_tp75_3r_t655,356,Short,2008-10-03T17:00:00-04:00,82.571483,2008-10-03T17:00:00-04:00,82.822483,stop,-0.251000,-25100.00
audjpy_hourly_st_pmc_sl25_tp75_3r,audjpy_hourly_st_pmc_sl25_tp75_3r_t656,357,Short,2008-10-06T20:00:00-04:00,73.860264,2008-10-06T20:00:00-04:00,74.111264,stop,-0.251000,-25100.00
audjpy_hourly_st_pmc_sl25_tp75_3r,audjpy_hourly_st_pmc_sl25_tp75_3r_t657,358,Short,2008-10-06T23:00:00-04:00,73.860264,2008-10-06T23:00:00-04:00,73.110264,target,0.750000,75000.00
audjpy_hourly_st_pmc_sl25_tp75_3r,audjpy_hourly_st_pmc_sl25_tp75_3r_t658,359,Short,2008-10-07T03:00:00-04:00,73.860264,2008-10-07T03:00:00-04:00,74.111264,stop,-0.251000,-25100.00
audjpy_hourly_st_pmc_sl25_tp75_3r,audjpy_hourly_st_pmc_sl25_tp75_3r_t659,360,Short,2008-10-09T04:00:00-04:00,69.969342,2008-10-09T05:00:00-04:00,69.219342,target,0.750000,75000.00
audjpy_hourly_st_pmc_sl25_tp75_3r,audjpy_hourly_st_pmc_sl25_tp75_3r_t660,361,Short,2008-10-09T06:00:00-04:00,69.969342,2008-10-09T06:00:00-04:00,70.220342,stop,-0.251000,-25100.00
audjpy_hourly_st_pmc_sl25_tp75_3r,audjpy_hourly_st_pmc_sl25_tp75_3r_t661,362,Short,2008-10-09T07:00:00-04:00,69.969342,2008-10-09T07:00:00-04:00,70.220342,stop,-0.251000,-25100.00
audjpy_hourly_st_pmc_sl25_tp75_3r,audjpy_hourly_st_pmc_sl25_tp75_3r_t662,363,Short,2008-10-12T21:00:00-04:00,67.615599,2008-10-12T21:00:00-04:00,67.866599,stop,-0.251000,-25100.00
audjpy_hourly_st_pmc_sl25_tp75_3r,audjpy_hourly_st_pmc_sl25_tp75_3r_t663,364,Short,2008-10-16T02:00:00-04:00,68.169772,2008-10-16T02:00:00-04:00,67.419772,target,0.750000,75000.00
audjpy_hourly_st_pmc_sl25_tp75_3r,audjpy_hourly_st_pmc_sl25_tp75_3r_t664,365,Short,2008-10-16T12:00:00-04:00,68.169772,2008-10-16T12:00:00-04:00,68.420772,stop,-0.251000,-25100.00
audjpy_hourly_st_pmc_sl25_tp75_3r,audjpy_hourly_st_pmc_sl25_tp75_3r_t665,366,Short,2008-10-23T21:00:00-04:00,66.068268,2008-10-23T21:00:00-04:00,65.318268,target,0.750000,75000.00
audjpy_hourly_st_pmc_sl25_tp75_3r,audjpy_hourly_st_pmc_sl25_tp75_3r_t666,367,Short,2008-10-28T05:00:00-04:00,58.592593,2008-10-28T05:00:00-04:00,58.843593,stop,-0.251000,-25100.00
audjpy_hourly_st_pmc_sl25_tp75_3r,audjpy_hourly_st_pmc_sl25_tp75_3r_t668,368,Long,2008-11-03T13:00:00-05:00,65.630492,2008-11-03T13:00:00-05:00,66.380492,target,0.750000,75000.00
audjpy_hourly_st_pmc_sl25_tp75_3r,audjpy_hourly_st_pmc_sl25_tp75_3r_t669,369,Long,2008-11-03T14:00:00-05:00,65.630492,2008-11-03T14:00:00-05:00,66.380492,target,0.750000,75000.00
audjpy_hourly_st_pmc_sl25_tp75_3r,audjpy_hourly_st_pmc_sl25_tp75_3r_t670,370,Long,2008-11-04T03:00:00-05:00,65.630492,2008-11-04T03:00:00-05:00,66.380492,target,0.750000,75000.00
audjpy_hourly_st_pmc_sl25_tp75_3r,audjpy_hourly_st_pmc_sl25_tp75_3r_t671,371,Long,2008-11-04T04:00:00-05:00,65.630492,2008-11-04T04:00:00-05:00,65.379492,stop,-0.251000,-25100.00
audjpy_hourly_st_pmc_sl25_tp75_3r,audjpy_hourly_st_pmc_sl25_tp75_3r_t673,372,Long,2008-11-05T08:00:00-05:00,67.778054,2008-11-05T09:00:00-05:00,67.527054,stop,-0.251000,-25100.00
audjpy_hourly_st_pmc_sl25_tp75_3r,audjpy_hourly_st_pmc_sl25_tp75_3r_t674,373,Short,2008-11-07T15:00:00-05:00,66.135097,2008-11-07T15:00:00-05:00,66.386097,stop,-0.251000,-25100.00
audjpy_hourly_st_pmc_sl25_tp75_3r,audjpy_hourly_st_pmc_sl25_tp75_3r_t675,374,Long,2008-11-10T16:00:00-05:00,67.106101,2008-11-10T16:00:00-05:00,66.855101,stop,-0.251000,-25100.00
audjpy_hourly_st_pmc_sl25_tp75_3r,audjpy_hourly_st_pmc_sl25_tp75_3r_t680,375,Short,2008-11-13T19:00:00-05:00,62.878146,2008-11-13T19:00:00-05:00,63.129146,stop,-0.251000,-25100.00
audjpy_hourly_st_pmc_sl25_tp75_3r,audjpy_hourly_st_pmc_sl25_tp75_3r_t681,376,Short,2008-11-13T20:00:00-05:00,62.878146,2008-11-13T20:00:00-05:00,63.129146,stop,-0.251000,-25100.00
audjpy_hourly_st_pmc_sl25_tp75_3r,audjpy_hourly_st_pmc_sl25_tp75_3r_t682,377,Short,2008-11-18T16:00:00-05:00,63.700971,2008-11-18T16:00:00-05:00,63.951971,stop,-0.251000,-25100.00
audjpy_hourly_st_pmc_sl25_tp75_3r,audjpy_hourly_st_pmc_sl25_tp75_3r_t683,378,Short,2008-11-20T17:00:00-05:00,60.301090,2008-11-20T17:00:00-05:00,59.551090,target,0.750000,75000.00
audjpy_hourly_st_pmc_sl25_tp75_3r,audjpy_hourly_st_pmc_sl25_tp75_3r_t684,379,Short,2008-11-21T08:00:00-05:00,59.445602,2008-11-21T09:00:00-05:00,59.696602,stop,-0.251000,-25100.00
audjpy_hourly_st_pmc_sl25_tp75_3r,audjpy_hourly_st_pmc_sl25_tp75_3r_t685,380,Short,2008-11-25T14:00:00-05:00,62.867105,2008-11-25T14:00:00-05:00,63.118105,stop,-0.251000,-25100.00
audjpy_hourly_st_pmc_sl25_tp75_3r,audjpy_hourly_st_pmc_sl25_tp75_3r_t686,381,Short,2008-11-27T15:00:00-05:00,62.867105,2008-11-28T12:00:00-05:00,62.117105,target,0.750000,75000.00
audjpy_hourly_st_pmc_sl25_tp75_3r,audjpy_hourly_st_pmc_sl25_tp75_3r_t687,382,Short,2008-12-02T12:00:00-05:00,60.586576,2008-12-02T19:00:00-05:00,59.836576,target,0.750000,75000.00
audjpy_hourly_st_pmc_sl25_tp75_3r,audjpy_hourly_st_pmc_sl25_tp75_3r_t688,383,Short,2008-12-03T22:00:00-05:00,60.586576,2008-12-04T05:00:00-05:00,59.836576,target,0.750000,75000.00
audjpy_hourly_st_pmc_sl25_tp75_3r,audjpy_hourly_st_pmc_sl25_tp75_3r_t689,384,Short,2008-12-05T19:00:00-05:00,59.548714,2008-12-05T19:00:00-05:00,59.799714,stop,-0.251000,-25100.00
audjpy_hourly_st_pmc_sl25_tp75_3r,audjpy_hourly_st_pmc_sl25_tp75_3r_t692,385,Short,2008-12-10T15:00:00-05:00,61.581805,2008-12-10T19:00:00-05:00,60.831805,target,0.750000,75000.00
audjpy_hourly_st_pmc_sl25_tp75_3r,audjpy_hourly_st_pmc_sl25_tp75_3r_t693,386,Short,2008-12-11T15:00:00-05:00,61.581805,2008-12-11T16:00:00-05:00,61.832805,stop,-0.251000,-25100.00
audjpy_hourly_st_pmc_sl25_tp75_3r,audjpy_hourly_st_pmc_sl25_tp75_3r_t695,387,Short,2008-12-12T15:00:00-05:00,60.383977,2008-12-12T15:00:00-05:00,60.634977,stop,-0.251000,-25100.00
audjpy_hourly_st_pmc_sl25_tp75_3r,audjpy_hourly_st_pmc_sl25_tp75_3r_t697,388,Short,2008-12-25T16:00:00-05:00,62.052455,2008-12-25T17:00:00-05:00,62.303455,stop,-0.251000,-25100.00
audjpy_hourly_st_pmc_sl25_tp75_3r,audjpy_hourly_st_pmc_sl25_tp75_3r_t701,389,Long,2008-12-29T20:00:00-05:00,62.058098,2008-12-31T15:00:00-05:00,62.808098,target,0.750000,75000.00
audjpy_hourly_st_pmc_sl25_tp75_3r,audjpy_hourly_st_pmc_sl25_tp75_3r_t704,390,Long,2009-01-01T18:00:00-05:00,63.875477,2009-01-01T18:00:00-05:00,63.624477,stop,-0.251000,-25100.00
audjpy_hourly_st_pmc_sl25_tp75_3r,audjpy_hourly_st_pmc_sl25_tp75_3r_t707,391,Long,2009-01-07T15:00:00-05:00,66.612801,2009-01-07T15:00:00-05:00,66.361801,stop,-0.251000,-25100.00
audjpy_hourly_st_pmc_sl25_tp75_3r,audjpy_hourly_st_pmc_sl25_tp75_3r_t709,392,Short,2009-01-14T01:00:00-05:00,60.357108,2009-01-14T03:00:00-05:00,60.608108,stop,-0.251000,-25100.00
audjpy_hourly_st_pmc_sl25_tp75_3r,audjpy_hourly_st_pmc_sl25_tp75_3r_t710,393,Short,2009-01-15T14:00:00-05:00,59.825527,2009-01-15T14:00:00-05:00,59.075527,target,0.750000,75000.00
audjpy_hourly_st_pmc_sl25_tp75_3r,audjpy_hourly_st_pmc_sl25_tp75_3r_t711,394,Short,2009-01-15T19:00:00-05:00,59.825527,2009-01-15T19:00:00-05:00,60.076527,stop,-0.251000,-25100.00
audjpy_hourly_st_pmc_sl25_tp75_3r,audjpy_hourly_st_pmc_sl25_tp75_3r_t712,395,Short,2009-01-15T20:00:00-05:00,59.825527,2009-01-15T22:00:00-05:00,60.076527,stop,-0.251000,-25100.00
audjpy_hourly_st_pmc_sl25_tp75_3r,audjpy_hourly_st_pmc_sl25_tp75_3r_t713,396,Short,2009-01-20T09:00:00-05:00,60.612432,2009-01-20T10:00:00-05:00,59.862432,target,0.750000,75000.00
audjpy_hourly_st_pmc_sl25_tp75_3r,audjpy_hourly_st_pmc_sl25_tp75_3r_t714,397,Short,2009-01-21T20:00:00-05:00,58.785256,2009-01-21T20:00:00-05:00,59.036256,stop,-0.251000,-25100.00
audjpy_hourly_st_pmc_sl25_tp75_3r,audjpy_hourly_st_pmc_sl25_tp75_3r_t715,398,Short,2009-01-23T15:00:00-05:00,58.097276,2009-01-23T16:00:00-05:00,58.348276,stop,-0.251000,-25100.00
audjpy_hourly_st_pmc_sl25_tp75_3r,audjpy_hourly_st_pmc_sl25_tp75_3r_t716,399,Short,2009-02-02T15:00:00-05:00,56.787352,2009-02-02T15:00:00-05:00,57.038352,stop,-0.251000,-25100.00
audjpy_hourly_st_pmc_sl25_tp75_3r,audjpy_hourly_st_pmc_sl25_tp75_3r_t717,400,Short,2009-02-02T16:00:00-05:00,56.787352,2009-02-02T17:00:00-05:00,57.038352,stop,-0.251000,-25100.00
audjpy_hourly_st_pmc_sl25_tp75_3r,audjpy_hourly_st_pmc_sl25_tp75_3r_t720,401,Long,2009-02-04T07:00:00-05:00,57.105709,2009-02-04T07:00:00-05:00,56.854709,stop,-0.251000,-25100.00
audjpy_hourly_st_pmc_sl25_tp75_3r,audjpy_hourly_st_pmc_sl25_tp75_3r_t724,402,Long,2009-02-09T02:00:00-05:00,60.882137,2009-02-09T06:00:00-05:00,60.631137,stop,-0.251000,-25100.00
audjpy_hourly_st_pmc_sl25_tp75_3r,audjpy_hourly_st_pmc_sl25_tp75_3r_t725,403,Long,2009-02-10T00:00:00-05:00,61.166522,2009-02-10T01:00:00-05:00,60.915522,stop,-0.251000,-25100.00
audjpy_hourly_st_pmc_sl25_tp75_3r,audjpy_hourly_st_pmc_sl25_tp75_3r_t726,404,Long,2009-02-17T01:00:00-05:00,59.328361,2009-02-17T07:00:00-05:00,59.077361,stop,-0.251000,-25100.00
audjpy_hourly_st_pmc_sl25_tp75_3r,audjpy_hourly_st_pmc_sl25_tp75_3r_t727,405,Long,2009-02-20T02:00:00-05:00,60.344954,2009-02-20T03:00:00-05:00,60.093954,stop,-0.251000,-25100.00
audjpy_hourly_st_pmc_sl25_tp75_3r,audjpy_hourly_st_pmc_sl25_tp75_3r_t728,406,Long,2009-02-24T00:00:00-05:00,60.369577,2009-02-24T03:00:00-05:00,61.119577,target,0.750000,75000.00
audjpy_hourly_st_pmc_sl25_tp75_3r,audjpy_hourly_st_pmc_sl25_tp75_3r_t729,407,Long,2009-02-27T00:00:00-05:00,63.302770,2009-02-27T00:00:00-05:00,63.051770,stop,-0.251000,-25100.00
audjpy_hourly_st_pmc_sl25_tp75_3r,audjpy_hourly_st_pmc_sl25_tp75_3r_t731,408,Short,2009-03-03T03:00:00-05:00,62.260847,2009-03-03T03:00:00-05:00,62.511847,stop,-0.251000,-25100.00
audjpy_hourly_st_pmc_sl25_tp75_3r,audjpy_hourly_st_pmc_sl25_tp75_3r_t732,409,Long,2009-03-04T00:00:00-05:00,62.105671,2009-03-04T00:00:00-05:00,61.854671,stop,-0.251000,-25100.00
audjpy_hourly_st_pmc_sl25_tp75_3r,audjpy_hourly_st_pmc_sl25_tp75_3r_t735,410,Long,2009-03-05T11:00:00-05:00,63.435828,2009-03-05T14:00:00-05:00,63.184828,stop,-0.251000,-25100.00
audjpy_hourly_st_pmc_sl25_tp75_3r,audjpy_hourly_st_pmc_sl25_tp75_3r_t736,411,Short,2009-03-06T13:00:00-05:00,62.887401,2009-03-06T13:00:00-05:00,62.137401,target,0.750000,75000.00
audjpy_hourly_st_pmc_sl25_tp75_3r,audjpy_hourly_st_pmc_sl25_tp75_3r_t737,412,Long,2009-03-11T04:00:00-04:00,63.129351,2009-03-11T11:00:00-04:00,63.879351,target,0.750000,75000.00
audjpy_hourly_st_pmc_sl25_tp75_3r,audjpy_hourly_st_pmc_sl25_tp75_3r_t739,413,Long,2009-03-18T14:00:00-04:00,64.795535,2009-03-18T14:00:00-04:00,64.544535,stop,-0.251000,-25100.00
audjpy_hourly_st_pmc_sl25_tp75_3r,audjpy_hourly_st_pmc_sl25_tp75_3r_t740,414,Long,2009-03-19T05:00:00-04:00,64.359839,2009-03-19T09:00:00-04:00,65.109839,target,0.750000,75000.00
audjpy_hourly_st_pmc_sl25_tp75_3r,audjpy_hourly_st_pmc_sl25_tp75_3r_t741,415,Long,2009-03-24T19:00:00-04:00,68.120259,2009-03-24T20:00:00-04:00,67.869259,stop,-0.251000,-25100.00
audjpy_hourly_st_pmc_sl25_tp75_3r,audjpy_hourly_st_pmc_sl25_tp75_3r_t742,416,Long,2009-03-27T06:00:00-04:00,68.375767,2009-03-27T10:00:00-04:00,68.124767,stop,-0.251000,-25100.00
audjpy_hourly_st_pmc_sl25_tp75_3r,audjpy_hourly_st_pmc_sl25_tp75_3r_t743,417,Long,2009-04-01T00:00:00-04:00,67.750506,2009-04-01T00:00:00-04:00,68.500506,target,0.750000,75000.00
audjpy_hourly_st_pmc_sl25_tp75_3r,audjpy_hourly_st_pmc_sl25_tp75_3r_t744,418,Long,2009-04-03T06:00:00-04:00,70.742980,2009-04-03T08:00:00-04:00,71.492980,target,0.750000,75000.00
audjpy_hourly_st_pmc_sl25_tp75_3r,audjpy_hourly_st_pmc_sl25_tp75_3r_t745,419,Long,2009-04-03T14:00:00-04:00,70.742980,2009-04-03T14:00:00-04:00,70.491980,stop,-0.251000,-25100.00
audjpy_hourly_st_pmc_sl25_tp75_3r,audjpy_hourly_st_pmc_sl25_tp75_3r_t746,420,Long,2009-04-06T12:00:00-04:00,71.500838,2009-04-06T13:00:00-04:00,71.249838,stop,-0.251000,-25100.00
audjpy_hourly_st_pmc_sl25_tp75_3r,audjpy_hourly_st_pmc_sl25_tp75_3r_t747,421,Long,2009-04-06T14:00:00-04:00,71.500838,2009-04-06T23:00:00-04:00,71.249838,stop,-0.251000,-25100.00
audjpy_hourly_st_pmc_sl25_tp75_3r,audjpy_hourly_st_pmc_sl25_tp75_3r_t748,422,Long,2009-04-14T06:00:00-04:00,72.426287,2009-04-14T07:00:00-04:00,72.175287,stop,-0.251000,-25100.00
audjpy_hourly_st_pmc_sl25_tp75_3r,audjpy_hourly_st_pmc_sl25_tp75_3r_t749,423,Long,2009-04-16T07:00:00-04:00,71.376763,2009-04-16T07:00:00-04:00,71.125763,stop,-0.251000,-25100.00
audjpy_hourly_st_pmc_sl25_tp75_3r,audjpy_hourly_st_pmc_sl25_tp75_3r_t753,424,Long,2009-04-22T07:00:00-04:00,68.947290,2009-04-22T10:00:00-04:00,68.696290,stop,-0.251000,-25100.00
audjpy_hourly_st_pmc_sl25_tp75_3r,audjpy_hourly_st_pmc_sl25_tp75_3r_t755,425,Long,2009-04-27T02:00:00-04:00,69.274772,2009-04-27T02:00:00-04:00,69.023772,stop,-0.251000,-25100.00
audjpy_hourly_st_pmc_sl25_tp75_3r,audjpy_hourly_st_pmc_sl25_tp75_3r_t759,426,Short,2009-04-28T14:00:00-04:00,68.161926,2009-04-28T18:00:00-04:00,68.412926,stop,-0.251000,-25100.00
audjpy_hourly_st_pmc_sl25_tp75_3r,audjpy_hourly_st_pmc_sl25_tp75_3r_t761,427,Long,2009-05-05T23:00:00-04:00,72.870857,2009-05-06T01:00:00-04:00,72.619857,stop,-0.251000,-25100.00
audjpy_hourly_st_pmc_sl25_tp75_3r,audjpy_hourly_st_pmc_sl25_tp75_3r_t762,428,Long,2009-05-08T03:00:00-04:00,74.330852,2009-05-08T06:00:00-04:00,75.080852,target,0.750000,75000.00
audjpy_hourly_st_pmc_sl25_tp75_3r,audjpy_hourly_st_pmc_sl25_tp75_3r_t763,429,Long,2009-05-11T08:00:00-04:00,74.866083,2009-05-11T09:00:00-04:00,74.615083,stop,-0.251000,-25100.00
audjpy_hourly_st_pmc_sl25_tp75_3r,audjpy_hourly_st_pmc_sl25_tp75_3r_t766,430,Long,2009-05-15T07:00:00-04:00,71.825524,2009-05-15T10:00:00-04:00,71.574524,stop,-0.251000,-25100.00
audjpy_hourly_st_pmc_sl25_tp75_3r,audjpy_hourly_st_pmc_sl25_tp75_3r_t768,431,Short,2009-05-18T07:00:00-04:00,71.917925,2009-05-18T08:00:00-04:00,72.168925,stop,-0.251000,-25100.00
audjpy_hourly_st_pmc_sl25_tp75_3r,audjpy_hourly_st_pmc_sl25_tp75_3r_t769,432,Long,2009-05-20T02:00:00-04:00,73.501586,2009-05-20T08:00:00-04:00,74.251586,target,0.750000,75000.00
audjpy_hourly_st_pmc_sl25_tp75_3r,audjpy_hourly_st_pmc_sl25_tp75_3r_t770,433,Long,2009-05-20T19:00:00-04:00,73.501586,2009-05-20T23:00:00-04:00,73.250586,stop,-0.251000,-25100.00
audjpy_hourly_st_pmc_sl25_tp75_3r,audjpy_hourly_st_pmc_sl25_tp75_3r_t771,434,Long,2009-05-26T01:00:00-04:00,73.472294,2009-05-26T10:00:00-04:00,73.221294,stop,-0.251000,-25100.00
audjpy_hourly_st_pmc_sl25_tp75_3r,audjpy_hourly_st_pmc_sl25_tp75_3r_t772,435,Long,2009-05-27T19:00:00-04:00,74.095960,2009-05-27T21:00:00-04:00,73.844960,stop,-0.251000,-25100.00
audjpy_hourly_st_pmc_sl25_tp75_3r,audjpy_hourly_st_pmc_sl25_tp75_3r_t774,436,Long,2009-06-03T11:00:00-04:00,78.282133,2009-06-03T11:00:00-04:00,78.031133,stop,-0.251000,-25100.00
audjpy_hourly_st_pmc_sl25_tp75_3r,audjpy_hourly_st_pmc_sl25_tp75_3r_t776,437,Long,2009-06-04T11:00:00-04:00,76.748894,2009-06-04T11:00:00-04:00,76.497894,stop,-0.251000,-25100.00
audjpy_hourly_st_pmc_sl25_tp75_3r,audjpy_hourly_st_pmc_sl25_tp75_3r_t777,438,Long,2009-06-08T07:00:00-04:00,77.472104,2009-06-08T07:00:00-04:00,78.222104,target,0.750000,75000.00
audjpy_hourly_st_pmc_sl25_tp75_3r,audjpy_hourly_st_pmc_sl25_tp75_3r_t778,439,Long,2009-06-08T08:00:00-04:00,77.472104,2009-06-08T08:00:00-04:00,77.221104,stop,-0.251000,-25100.00
audjpy_hourly_st_pmc_sl25_tp75_3r,audjpy_hourly_st_pmc_sl25_tp75_3r_t779,440,Long,2009-06-10T17:00:00-04:00,78.596959,2009-06-11T01:00:00-04:00,79.346959,target,0.750000,75000.00
audjpy_hourly_st_pmc_sl25_tp75_3r,audjpy_hourly_st_pmc_sl25_tp75_3r_t780,441,Long,2009-06-12T12:00:00-04:00,79.177823,2009-06-12T15:00:00-04:00,79.927823,target,0.750000,75000.00
audjpy_hourly_st_pmc_sl25_tp75_3r,audjpy_hourly_st_pmc_sl25_tp75_3r_t781,442,Long,2009-06-14T21:00:00-04:00,79.177823,2009-06-14T21:00:00-04:00,79.927823,target,0.750000,75000.00
audjpy_hourly_st_pmc_sl25_tp75_3r,audjpy_hourly_st_pmc_sl25_tp75_3r_t782,443,Long,2009-06-15T00:00:00-04:00,79.177823,2009-06-15T06:00:00-04:00,78.926823,stop,-0.251000,-25100.00
audjpy_hourly_st_pmc_sl25_tp75_3r,audjpy_hourly_st_pmc_sl25_tp75_3r_t785,444,Long,2009-06-16T16:00:00-04:00,76.701364,2009-06-16T20:00:00-04:00,76.450364,stop,-0.251000,-25100.00
audjpy_hourly_st_pmc_sl25_tp75_3r,audjpy_hourly_st_pmc_sl25_tp75_3r_t791,445,Long,2009-06-21T23:00:00-04:00,77.086839,2009-06-22T00:00:00-04:00,76.835839,stop,-0.251000,-25100.00
audjpy_hourly_st_pmc_sl25_tp75_3r,audjpy_hourly_st_pmc_sl25_tp75_3r_t793,446,Short,2009-06-23T12:00:00-04:00,75.470814,2009-06-23T12:00:00-04:00,75.721814,stop,-0.251000,-25100.00
audjpy_hourly_st_pmc_sl25_tp75_3r,audjpy_hourly_st_pmc_sl25_tp75_3r_t797,447,Long,2009-06-29T01:00:00-04:00,76.425600,2009-06-29T06:00:00-04:00,76.174600,stop,-0.251000,-25100.00
audjpy_hourly_st_pmc_sl25_tp75_3r,audjpy_hourly_st_pmc_sl25_tp75_3r_t800,448,Short,2009-07-03T06:00:00-04:00,76.813097,2009-07-05T22:00:00-04:00,76.063097,target,0.750000,75000.00
audjpy_hourly_st_pmc_sl25_tp75_3r,audjpy_hourly_st_pmc_sl25_tp75_3r_t801,449,Short,2009-07-06T19:00:00-04:00,76.004472,2009-07-07T11:00:00-04:00,76.255472,stop,-0.251000,-25100.00
audjpy_hourly_st_pmc_sl25_tp75_3r,audjpy_hourly_st_pmc_sl25_tp75_3r_t802,450,Short,2009-07-09T07:00:00-04:00,73.164573,2009-07-09T13:00:00-04:00,72.414573,target,0.750000,75000.00
audjpy_hourly_st_pmc_sl25_tp75_3r,audjpy_hourly_st_pmc_sl25_tp75_3r_t803,451,Short,2009-07-13T00:00:00-04:00,72.667569,2009-07-13T02:00:00-04:00,71.917569,target,0.750000,75000.00
audjpy_hourly_st_pmc_sl25_tp75_3r,audjpy_hourly_st_pmc_sl25_tp75_3r_t804,452,Short,2009-07-13T15:00:00-04:00,72.301867,2009-07-13T18:00:00-04:00,72.552867,stop,-0.251000,-25100.00
audjpy_hourly_st_pmc_sl25_tp75_3r,audjpy_hourly_st_pmc_sl25_tp75_3r_t805,453,Short,2009-07-16T12:00:00-04:00,75.625163,2009-07-16T13:00:00-04:00,74.875163,target,0.750000,75000.00
audjpy_hourly_st_pmc_sl25_tp75_3r,audjpy_hourly_st_pmc_sl25_tp75_3r_t806,454,Short,2009-07-16T20:00:00-04:00,75.625163,2009-07-17T01:00:00-04:00,74.875163,target,0.750000,75000.00
audjpy_hourly_st_pmc_sl25_tp75_3r,audjpy_hourly_st_pmc_sl25_tp75_3r_t807,455,Short,2009-07-22T16:00:00-04:00,76.801274,2009-07-23T02:00:00-04:00,77.052274,stop,-0.251000,-25100.00
audjpy_hourly_st_pmc_sl25_tp75_3r,audjpy_hourly_st_pmc_sl25_tp75_3r_t809,456,Long,2009-07-28T11:00:00-04:00,78.330538,2009-07-28T15:00:00-04:00,78.079538,stop,-0.251000,-25100.00
audjpy_hourly_st_pmc_sl25_tp75_3r,audjpy_hourly_st_pmc_sl25_tp75_3r_t816,457,Long,2009-07-31T13:00:00-04:00,78.558146,2009-08-02T23:00:00-04:00,79.308146,target,0.750000,75000.00
audjpy_hourly_st_pmc_sl25_tp75_3r,audjpy_hourly_st_pmc_sl25_tp75_3r_t817,458,Long,2009-08-04T07:00:00-04:00,79.881257,2009-08-04T08:00:00-04:00,79.630257,stop,-0.251000,-25100.00
audjpy_hourly_st_pmc_sl25_tp75_3r,audjpy_hourly_st_pmc_sl25_tp75_3r_t818,459,Long,2009-08-05T14:00:00-04:00,79.571855,2009-08-05T14:00:00-04:00,79.320855,stop,-0.251000,-25100.00
audjpy_hourly_st_pmc_sl25_tp75_3r,audjpy_hourly_st_pmc_sl25_tp75_3r_t819,460,Long,2009-08-05T15:00:00-04:00,79.571855,2009-08-06T01:00:00-04:00,80.321855,target,0.750000,75000.00
audjpy_hourly_st_pmc_sl25_tp75_3r,audjpy_hourly_st_pmc_sl25_tp75_3r_t820,461,Long,2009-08-07T08:00:00-04:00,79.624561,2009-08-07T12:00:00-04:00,80.374561,target,0.750000,75000.00
audjpy_hourly_st_pmc_sl25_tp75_3r,audjpy_hourly_st_pmc_sl25_tp75_3r_t821,462,Long,2009-08-10T16:00:00-04:00,81.020583,2009-08-11T02:00:00-04:00,80.769583,stop,-0.251000,-25100.00
audjpy_hourly_st_pmc_sl25_tp75_3r,audjpy_hourly_st_pmc_sl25_tp75_3r_t822,463,Short,2009-08-12T10:00:00-04:00,79.014875,2009-08-12T13:00:00-04:00,79.265875,stop,-0.251000,-25100.00
audjpy_hourly_st_pmc_sl25_tp75_3r,audjpy_hourly_st_pmc_sl25_tp75_3r_t823,464,Long,2009-08-13T13:00:00-04:00,80.179710,2009-08-13T13:00:00-04:00,79.928710,stop,-0.251000,-25100.00
audjpy_hourly_st_pmc_sl25_tp75_3r,audjpy_hourly_st_pmc_sl25_tp75_3r_t824,465,Short,2009-08-18T01:00:00-04:00,78.276665,2009-08-18T06:00:00-04:00,78.527665,stop,-0.251000,-25100.00
audjpy_hourly_st_pmc_sl25_tp75_3r,audjpy_hourly_st_pmc_sl25_tp75_3r_t825,466,Short,2009-08-18T23:00:00-04:00,78.792120,2009-08-19T05:00:00-04:00,78.042120,target,0.750000,75000.00
audjpy_hourly_st_pmc_sl25_tp75_3r,audjpy_hourly_st_pmc_sl25_tp75_3r_t826,467,Short,2009-08-19T17:00:00-04:00,77.972734,2009-08-20T00:00:00-04:00,78.223734,stop,-0.251000,-25100.00
audjpy_hourly_st_pmc_sl25_tp75_3r,audjpy_hourly_st_pmc_sl25_tp75_3r_t827,468,Short,2009-08-21T10:00:00-04:00,78.168921,2009-08-21T14:00:00-04:00,78.419921,stop,-0.251000,-25100.00
audjpy_hourly_st_pmc_sl25_tp75_3r,audjpy_hourly_st_pmc_sl25_tp75_3r_t831,469,Short,2009-08-27T12:00:00-04:00,78.363650,2009-08-27T14:00:00-04:00,77.613650,target,0.750000,75000.00
audjpy_hourly_st_pmc_sl25_tp75_3r,audjpy_hourly_st_pmc_sl25_tp75_3r_t832,470,Short,2009-08-27T16:00:00-04:00,78.363650,2009-08-27T18:00:00-04:00,78.614650,stop,-0.251000,-25100.00
audjpy_hourly_st_pmc_sl25_tp75_3r,audjpy_hourly_st_pmc_sl25_tp75_3r_t834,471,Short,2009-08-31T20:00:00-04:00,78.677654,2009-09-01T08:00:00-04:00,77.927654,target,0.750000,75000.00
audjpy_hourly_st_pmc_sl25_tp75_3r,audjpy_hourly_st_pmc_sl25_tp75_3r_t835,472,Short,2009-09-02T06:00:00-04:00,77.526195,2009-09-02T07:00:00-04:00,76.776195,target,0.750000,75000.00
audjpy_hourly_st_pmc_sl25_tp75_3r,audjpy_hourly_st_pmc_sl25_tp75_3r_t836,473,Short,2009-09-03T07:00:00-04:00,77.526195,2009-09-03T11:00:00-04:00,77.777195,stop,-0.251000,-25100.00
audjpy_hourly_st_pmc_sl25_tp75_3r,audjpy_hourly_st_pmc_sl25_tp75_3r_t838,474,Long,2009-09-10T01:00:00-04:00,79.111752,2009-09-10T09:00:00-04:00,78.860752,stop,-0.251000,-25100.00
audjpy_hourly_st_pmc_sl25_tp75_3r,audjpy_hourly_st_pmc_sl25_tp75_3r_t841,475,Short,2009-09-14T13:00:00-04:00,78.226105,2009-09-15T00:00:00-04:00,78.477105,stop,-0.251000,-25100.00
audjpy_hourly_st_pmc_sl25_tp75_3r,audjpy_hourly_st_pmc_sl25_tp75_3r_t844,476,Long,2009-09-18T06:00:00-04:00,79.082644,2009-09-22T06:00:00-04:00,79.832644,target,0.750000,75000.00
audjpy_hourly_st_pmc_sl25_tp75_3r,audjpy_hourly_st_pmc_sl25_tp75_3r_t845,477,Long,2009-09-23T06:00:00-04:00,79.364036,2009-09-24T04:00:00-04:00,79.113036,stop,-0.251000,-25100.00
audjpy_hourly_st_pmc_sl25_tp75_3r,audjpy_hourly_st_pmc_sl25_tp75_3r_t846,478,Short,2009-09-28T12:00:00-04:00,77.722302,2009-09-28T15:00:00-04:00,77.973302,stop,-0.251000,-25100.00
audjpy_hourly_st_pmc_sl25_tp75_3r,audjpy_hourly_st_pmc_sl25_tp75_3r_t848,479,Short,2009-10-02T15:00:00-04:00,77.622529,2009-10-02T15:00:00-04:00,77.873529,stop,-0.251000,-25100.00
audjpy_hourly_st_pmc_sl25_tp75_3r,audjpy_hourly_st_pmc_sl25_tp75_3r_t849,480,Short,2009-10-02T16:00:00-04:00,77.622529,2009-10-05T00:00:00-04:00,77.873529,stop,-0.251000,-25100.00
audjpy_hourly_st_pmc_sl25_tp75_3r,audjpy_hourly_st_pmc_sl25_tp75_3r_t850,481,Long,2009-10-13T14:00:00-04:00,81.108044,2009-10-14T11:00:00-04:00,81.858044,target,0.750000,75000.00
audjpy_hourly_st_pmc_sl25_tp75_3r,audjpy_hourly_st_pmc_sl25_tp75_3r_t851,482,Long,2009-10-16T12:00:00-04:00,83.259891,2009-10-16T15:00:00-04:00,83.008891,stop,-0.251000,-25100.00
audjpy_hourly_st_pmc_sl25_tp75_3r,audjpy_hourly_st_pmc_sl25_tp75_3r_t852,483,Long,2009-10-20T07:00:00-04:00,83.460824,2009-10-21T13:00:00-04:00,84.210824,target,0.750000,75000.00
audjpy_hourly_st_pmc_sl25_tp75_3r,audjpy_hourly_st_pmc_sl25_tp75_3r_t853,484,Long,2009-10-21T20:00:00-04:00,84.004768,2009-10-22T23:00:00-04:00,84.754768,target,0.750000,75000.00
audjpy_hourly_st_pmc_sl25_tp75_3r,audjpy_hourly_st_pmc_sl25_tp75_3r_t854,485,Long,2009-10-26T16:00:00-04:00,84.513035,2009-10-26T17:00:00-04:00,84.262035,stop,-0.251000,-25100.00
audjpy_hourly_st_pmc_sl25_tp75_3r,audjpy_hourly_st_pmc_sl25_tp75_3r_t855,486,Long,2009-10-30T12:00:00-04:00,82.818962,2009-10-30T13:00:00-04:00,82.567962,stop,-0.251000,-25100.00
audjpy_hourly_st_pmc_sl25_tp75_3r,audjpy_hourly_st_pmc_sl25_tp75_3r_t857,487,Short,2009-11-02T03:00:00-05:00,81.432399,2009-11-02T08:00:00-05:00,81.683399,stop,-0.251000,-25100.00
audjpy_hourly_st_pmc_sl25_tp75_3r,audjpy_hourly_st_pmc_sl25_tp75_3r_t858,488,Long,2009-11-03T07:00:00-05:00,80.905518,2009-11-03T08:00:00-05:00,80.654518,stop,-0.251000,-25100.00
audjpy_hourly_st_pmc_sl25_tp75_3r,audjpy_hourly_st_pmc_sl25_tp75_3r_t860,489,Long,2009-11-05T03:00:00-05:00,81.817920,2009-11-05T07:00:00-05:00,81.566920,stop,-0.251000,-25100.00
audjpy_hourly_st_pmc_sl25_tp75_3r,audjpy_hourly_st_pmc_sl25_tp75_3r_t861,490,Long,2009-11-06T13:00:00-05:00,82.248378,2009-11-06T13:00:00-05:00,82.998378,target,0.750000,75000.00
audjpy_hourly_st_pmc_sl25_tp75_3r,audjpy_hourly_st_pmc_sl25_tp75_3r_t862,491,Long,2009-11-06T14:00:00-05:00,82.248378,2009-11-08T22:00:00-05:00,82.998378,target,0.750000,75000.00
audjpy_hourly_st_pmc_sl25_tp75_3r,audjpy_hourly_st_pmc_sl25_tp75_3r_t863,492,Long,2009-11-10T05:00:00-05:00,83.073113,2009-11-10T10:00:00-05:00,83.823113,target,0.750000,75000.00
audjpy_hourly_st_pmc_sl25_tp75_3r,audjpy_hourly_st_pmc_sl25_tp75_3r_t864,493,Long,2009-11-11T04:00:00-05:00,83.073113,2009-11-11T08:00:00-05:00,83.823113,target,0.750000,75000.00
audjpy_hourly_st_pmc_sl25_tp75_3r,audjpy_hourly_st_pmc_sl25_tp75_3r_t865,494,Long,2009-11-12T20:00:00-05:00,83.281053,2009-11-13T14:00:00-05:00,83.030053,stop,-0.251000,-25100.00
audjpy_hourly_st_pmc_sl25_tp75_3r,audjpy_hourly_st_pmc_sl25_tp75_3r_t868,495,Long,2009-11-24T02:00:00-05:00,81.751478,2009-11-24T06:00:00-05:00,81.500478,stop,-0.251000,-25100.00
audjpy_hourly_st_pmc_sl25_tp75_3r,audjpy_hourly_st_pmc_sl25_tp75_3r_t869,496,Long,2009-11-25T13:00:00-05:00,81.177864,2009-11-26T02:00:00-05:00,80.926864,stop,-0.251000,-25100.00
audjpy_hourly_st_pmc_sl25_tp75_3r,audjpy_hourly_st_pmc_sl25_tp75_3r_t870,497,Short,2009-11-27T14:00:00-05:00,78.677006,2009-11-27T15:00:00-05:00,78.928006,stop,-0.251000,-25100.00
audjpy_hourly_st_pmc_sl25_tp75_3r,audjpy_hourly_st_pmc_sl25_tp75_3r_t871,498,Long,2009-12-04T00:00:00-05:00,81.183286,2009-12-04T12:00:00-05:00,81.933286,target,0.750000,75000.00
audjpy_hourly_st_pmc_sl25_tp75_3r,audjpy_hourly_st_pmc_sl25_tp75_3r_t872,499,Long,2009-12-07T08:00:00-05:00,81.823613,2009-12-07T08:00:00-05:00,81.572613,stop,-0.251000,-25100.00
audjpy_hourly_st_pmc_sl25_tp75_3r,audjpy_hourly_st_pmc_sl25_tp75_3r_t873,500,Long,2009-12-13T22:00:00-05:00,81.003859,2009-12-14T01:00:00-05:00,80.752859,stop,-0.251000,-25100.00
audjpy_hourly_st_pmc_sl25_tp75_3r,audjpy_hourly_st_pmc_sl25_tp75_3r_t874,501,Long,2009-12-16T01:00:00-05:00,80.732220,2009-12-16T03:00:00-05:00,80.481220,stop,-0.251000,-25100.00
audjpy_hourly_st_pmc_sl25_tp75_3r,audjpy_hourly_st_pmc_sl25_tp75_3r_t876,502,Long,2010-01-03T23:00:00-05:00,83.221923,2010-01-04T08:00:00-05:00,83.971923,target,0.750000,75000.00
audjpy_hourly_st_pmc_sl25_tp75_3r,audjpy_hourly_st_pmc_sl25_tp75_3r_t877,503,Long,2010-01-05T04:00:00-05:00,83.923967,2010-01-05T05:00:00-05:00,83.672967,stop,-0.251000,-25100.00
audjpy_hourly_st_pmc_sl25_tp75_3r,audjpy_hourly_st_pmc_sl25_tp75_3r_t881,504,Long,2010-01-08T09:00:00-05:00,85.059122,2010-01-08T13:00:00-05:00,84.808122,stop,-0.251000,-25100.00
audjpy_hourly_st_pmc_sl25_tp75_3r,audjpy_hourly_st_pmc_sl25_tp75_3r_t882,505,Long,2010-01-11T15:00:00-05:00,85.542829,2010-01-12T01:00:00-05:00,85.291829,stop,-0.251000,-25100.00
audjpy_hourly_st_pmc_sl25_tp75_3r,audjpy_hourly_st_pmc_sl25_tp75_3r_t883,506,Long,2010-01-14T16:00:00-05:00,84.675426,2010-01-15T01:00:00-05:00,84.424426,stop,-0.251000,-25100.00
audjpy_hourly_st_pmc_sl25_tp75_3r,audjpy_hourly_st_pmc_sl25_tp75_3r_t885,507,Long,2010-01-20T02:00:00-05:00,83.528561,2010-01-20T07:00:00-05:00,83.277561,stop,-0.251000,-25100.00
audjpy_hourly_st_pmc_sl25_tp75_3r,audjpy_hourly_st_pmc_sl25_tp75_3r_t889,508,Long,2010-01-21T15:00:00-05:00,82.920738,2010-01-21T15:00:00-05:00,82.669738,stop,-0.251000,-25100.00
audjpy_hourly_st_pmc_sl25_tp75_3r,audjpy_hourly_st_pmc_sl25_tp75_3r_t890,509,Short,2010-01-26T01:00:00-05:00,82.104259,2010-01-26T03:00:00-05:00,81.354259,target,0.750000,75000.00
audjpy_hourly_st_pmc_sl25_tp75_3r,audjpy_hourly_st_pmc_sl25_tp75_3r_t891,510,Short,2010-01-28T02:00:00-05:00,81.001737,2010-01-28T03:00:00-05:00,81.252737,stop,-0.251000,-25100.00
audjpy_hourly_st_pmc_sl25_tp75_3r,audjpy_hourly_st_pmc_sl25_tp75_3r_t892,511,Short,2010-01-29T13:00:00-05:00,81.018375,2010-01-29T16:00:00-05:00,80.268375,target,0.750000,75000.00
audjpy_hourly_st_pmc_sl25_tp75_3r,audjpy_hourly_st_pmc_sl25_tp75_3r_t895,512,Long,2010-02-02T03:00:00-05:00,80.058582,2010-02-02T03:00:00-05:00,79.807582,stop,-0.251000,-25100.00
audjpy_hourly_st_pmc_sl25_tp75_3r,audjpy_hourly_st_pmc_sl25_tp75_3r_t898,513,Short,2010-02-09T06:00:00-05:00,77.968497,2010-02-09T09:00:00-05:00,78.219497,stop,-0.251000,-25100.00
audjpy_hourly_st_pmc_sl25_tp75_3r,audjpy_hourly_st_pmc_sl25_tp75_3r_t906,514,Long,2010-02-18T02:00:00-05:00,81.410867,2010-02-18T13:00:00-05:00,81.159867,stop,-0.251000,-25100.00
audjpy_hourly_st_pmc_sl25_tp75_3r,audjpy_hourly_st_pmc_sl25_tp75_3r_t907,515,Long,2010-02-22T15:00:00-05:00,81.987520,2010-02-23T03:00:00-05:00,81.736520,stop,-0.251000,-25100.00
audjpy_hourly_st_pmc_sl25_tp75_3r,audjpy_hourly_st_pmc_sl25_tp75_3r_t908,516,Long,2010-02-23T11:00:00-05:00,81.778630,2010-02-23T15:00:00-05:00,81.527630,stop,-0.251000,-25100.00
audjpy_hourly_st_pmc_sl25_tp75_3r,audjpy_hourly_st_pmc_sl25_tp75_3r_t910,517,Long,2010-02-25T02:00:00-05:00,79.814929,2010-02-25T04:00:00-05:00,79.563929,stop,-0.251000,-25100.00
audjpy_hourly_st_pmc_sl25_tp75_3r,audjpy_hourly_st_pmc_sl25_tp75_3r_t911,518,Short,2010-02-26T00:00:00-05:00,79.418544,2010-02-26T15:00:00-05:00,79.669544,stop,-0.251000,-25100.00
audjpy_hourly_st_pmc_sl25_tp75_3r,audjpy_hourly_st_pmc_sl25_tp75_3r_t914,519,Long,2010-03-04T03:00:00-05:00,79.849163,2010-03-04T06:00:00-05:00,79.598163,stop,-0.251000,-25100.00
audjpy_hourly_st_pmc_sl25_tp75_3r,audjpy_hourly_st_pmc_sl25_tp75_3r_t915,520,Short,2010-03-04T13:00:00-05:00,79.991933,2010-03-04T13:00:00-05:00,80.242933,stop,-0.251000,-25100.00
audjpy_hourly_st_pmc_sl25_tp75_3r,audjpy_hourly_st_pmc_sl25_tp75_3r_t916,521,Long,2010-03-09T01:00:00-05:00,81.798521,2010-03-09T09:00:00-05:00,81.547521,stop,-0.251000,-25100.00
audjpy_hourly_st_pmc_sl25_tp75_3r,audjpy_hourly_st_pmc_sl25_tp75_3r_t917,522,Long,2010-03-11T00:00:00-05:00,82.529885,2010-03-11T03:00:00-05:00,82.278885,stop,-0.251000,-25100.00
audjpy_hourly_st_pmc_sl25_tp75_3r,audjpy_hourly_st_pmc_sl25_tp75_3r_t918,523,Long,2010-03-12T17:00:00-05:00,82.701949,2010-03-15T15:00:00-04:00,82.450949,stop,-0.251000,-25100.00
audjpy_hourly_st_pmc_sl25_tp75_3r,audjpy_hourly_st_pmc_sl25_tp75_3r_t919,524,Long,2010-03-18T05:00:00-04:00,82.904206,2010-03-18T09:00:00-04:00,82.653206,stop,-0.251000,-25100.00
audjpy_hourly_st_pmc_sl25_tp75_3r,audjpy_hourly_st_pmc_sl25_tp75_3r_t920,525,Long,2010-03-26T01:00:00-04:00,83.863991,2010-03-26T10:00:00-04:00,83.612991,stop,-0.251000,-25100.00
audjpy_hourly_st_pmc_sl25_tp75_3r,audjpy_hourly_st_pmc_sl25_tp75_3r_t921,526,Long,2010-03-31T12:00:00-04:00,84.903736,2010-03-31T14:00:00-04:00,85.653736,target,0.750000,75000.00
audjpy_hourly_st_pmc_sl25_tp75_3r,audjpy_hourly_st_pmc_sl25_tp75_3r_t924,527,Long,2010-04-06T00:00:00-04:00,86.554840,2010-04-06T01:00:00-04:00,86.303840,stop,-0.251000,-25100.00
audjpy_hourly_st_pmc_sl25_tp75_3r,audjpy_hourly_st_pmc_sl25_tp75_3r_t925,528,Long,2010-04-07T11:00:00-04:00,86.645195,2010-04-07T19:00:00-04:00,86.394195,stop,-0.251000,-25100.00
audjpy_hourly_st_pmc_sl25_tp75_3r,audjpy_hourly_st_pmc_sl25_tp75_3r_t926,529,Long,2010-04-12T11:00:00-04:00,86.640747,2010-04-12T21:00:00-04:00,86.389747,stop,-0.251000,-25100.00
audjpy_hourly_st_pmc_sl25_tp75_3r,audjpy_hourly_st_pmc_sl25_tp75_3r_t928,530,Long,2010-04-15T08:00:00-04:00,86.790107,2010-04-16T00:00:00-04:00,86.539107,stop,-0.251000,-25100.00
audjpy_hourly_st_pmc_sl25_tp75_3r,audjpy_hourly_st_pmc_sl25_tp75_3r_t929,531,Short,2010-04-19T19:00:00-04:00,85.221704,2010-04-19T21:00:00-04:00,85.472704,stop,-0.251000,-25100.00
audjpy_hourly_st_pmc_sl25_tp75_3r,audjpy_hourly_st_pmc_sl25_tp75_3r_t930,532,Long,2010-04-21T15:00:00-04:00,86.383139,2010-04-22T00:00:00-04:00,86.132139,stop,-0.251000,-25100.00
audjpy_hourly_st_pmc_sl25_tp75_3r,audjpy_hourly_st_pmc_sl25_tp75_3r_t931,533,Long,2010-04-22T13:00:00-04:00,85.864243,2010-04-22T17:00:00-04:00,86.614243,target,0.750000,75000.00
audjpy_hourly_st_pmc_sl25_tp75_3r,audjpy_hourly_st_pmc_sl25_tp75_3r_t932,534,Long,2010-04-23T06:00:00-04:00,85.817382,2010-04-23T12:00:00-04:00,86.567382,target,0.750000,75000.00
audjpy_hourly_st_pmc_sl25_tp75_3r,audjpy_hourly_st_pmc_sl25_tp75_3r_t933,535,Long,2010-04-27T01:00:00-04:00,86.933746,2010-04-27T02:00:00-04:00,86.682746,stop,-0.251000,-25100.00
audjpy_hourly_st_pmc_sl25_tp75_3r,audjpy_hourly_st_pmc_sl25_tp75_3r_t937,536,Long,2010-04-30T14:00:00-04:00,87.357847,2010-04-30T16:00:00-04:00,87.106847,stop,-0.251000,-25100.00
audjpy_hourly_st_pmc_sl25_tp75_3r,audjpy_hourly_st_pmc_sl25_tp75_3r_t939,537,Long,2010-05-04T06:00:00-04:00,87.137455,2010-05-04T09:00:00-04:00,86.886455,stop,-0.251000,-25100.00
audjpy_hourly_st_pmc_sl25_tp75_3r,audjpy_hourly_st_pmc_sl25_tp75_3r_t940,538,Short,2010-05-07T02:00:00-04:00,82.169221,2010-05-07T02:00:00-04:00,82.420221,stop,-0.251000,-25100.00
audjpy_hourly_st_pmc_sl25_tp75_3r,audjpy_hourly_st_pmc_sl25_tp75_3r_t941,539,Short,2010-05-11T16:00:00-04:00,83.920202,2010-05-11T19:00:00-04:00,83.170202,target,0.750000,75000.00
audjpy_hourly_st_pmc_sl25_tp75_3r,audjpy_hourly_st_pmc_sl25_tp75_3r_t942,540,Short,2010-05-13T01:00:00-04:00,83.692813,2010-05-13T04:00:00-04:00,83.943813,stop,-0.251000,-25100.00
audjpy_hourly_st_pmc_sl25_tp75_3r,audjpy_hourly_st_pmc_sl25_tp75_3r_t943,541,Short,2010-05-17T11:00:00-04:00,81.570294,2010-05-17T15:00:00-04:00,80.820294,target,0.750000,75000.00
audjpy_hourly_st_pmc_sl25_tp75_3r,audjpy_hourly_st_pmc_sl25_tp75_3r_t944,542,Short,2010-05-18T07:00:00-04:00,81.570294,2010-05-18T09:00:00-04:00,80.820294,target,0.750000,75000.00
audjpy_hourly_st_pmc_sl25_tp75_3r,audjpy_hourly_st_pmc_sl25_tp75_3r_t945,543,Short,2010-05-25T18:00:00-04:00,73.907439,2010-05-25T18:00:00-04:00,73.157439,target,0.750000,75000.00
audjpy_hourly_st_pmc_sl25_tp75_3r,audjpy_hourly_st_pmc_sl25_tp75_3r_t946,544,Short,2010-05-25T19:00:00-04:00,73.907439,2010-05-25T19:00:00-04:00,74.158439,stop,-0.251000,-25100.00
audjpy_hourly_st_pmc_sl25_tp75_3r,audjpy_hourly_st_pmc_sl25_tp75_3r_t947,545,Short,2010-05-27T06:00:00-04:00,75.385781,2010-05-27T07:00:00-04:00,75.636781,stop,-0.251000,-25100.00
audjpy_hourly_st_pmc_sl25_tp75_3r,audjpy_hourly_st_pmc_sl25_tp75_3r_t948,546,Short,2010-06-01T14:00:00-04:00,76.641542,2010-06-01T14:00:00-04:00,76.892542,stop,-0.251000,-25100.00
audjpy_hourly_st_pmc_sl25_tp75_3r,audjpy_hourly_st_pmc_sl25_tp75_3r_t950,547,Long,2010-06-03T14:00:00-04:00,77.768652,2010-06-03T16:00:00-04:00,77.517652,stop,-0.251000,-25100.00
audjpy_hourly_st_pmc_sl25_tp75_3r,audjpy_hourly_st_pmc_sl25_tp75_3r_t951,548,Short,2010-06-08T06:00:00-04:00,75.493066,2010-06-08T08:00:00-04:00,74.743066,target,0.750000,75000.00
audjpy_hourly_st_pmc_sl25_tp75_3r,audjpy_hourly_st_pmc_sl25_tp75_3r_t952,549,Short,2010-06-08T16:00:00-04:00,75.493066,2010-06-08T17:00:00-04:00,74.743066,target,0.750000,75000.00
audjpy_hourly_st_pmc_sl25_tp75_3r,audjpy_hourly_st_pmc_sl25_tp75_3r_t953,550,Short,2010-06-08T19:00:00-04:00,75.493066,2010-06-08T19:00:00-04:00,75.744066,stop,-0.251000,-25100.00
audjpy_hourly_st_pmc_sl25_tp75_3r,audjpy_hourly_st_pmc_sl25_tp75_3r_t955,551,Long,2010-06-14T19:00:00-04:00,78.507796,2010-06-15T01:00:00-04:00,78.256796,stop,-0.251000,-25100.00
audjpy_hourly_st_pmc_sl25_tp75_3r,audjpy_hourly_st_pmc_sl25_tp75_3r_t956,552,Long,2010-06-16T12:00:00-04:00,78.369867,2010-06-16T15:00:00-04:00,79.119867,target,0.750000,75000.00
audjpy_hourly_st_pmc_sl25_tp75_3r,audjpy_hourly_st_pmc_sl25_tp75_3r_t957,553,Long,2010-06-17T01:00:00-04:00,78.369867,2010-06-17T09:00:00-04:00,79.119867,target,0.750000,75000.00
audjpy_hourly_st_pmc_sl25_tp75_3r,audjpy_hourly_st_pmc_sl25_tp75_3r_t958,554,Long,2010-06-17T14:00:00-04:00,78.369867,2010-06-17T14:00:00-04:00,78.118867,stop,-0.251000,-25100.00
audjpy_hourly_st_pmc_sl25_tp75_3r,audjpy_hourly_st_pmc_sl25_tp75_3r_t959,555,Long,2010-06-21T17:00:00-04:00,79.857198,2010-06-21T19:00:00-04:00,79.606198,stop,-0.251000,-25100.00
audjpy_hourly_st_pmc_sl25_tp75_3r,audjpy_hourly_st_pmc_sl25_tp75_3r_t960,556,Long,2010-06-29T02:00:00-04:00,77.456374,2010-06-29T03:00:00-04:00,77.205374,stop,-0.251000,-25100.00
audjpy_hourly_st_pmc_sl25_tp75_3r,audjpy_hourly_st_pmc_sl25_tp75_3r_t961,557,Short,2010-07-02T00:00:00-04:00,74.444103,2010-07-02T01:00:00-04:00,74.695103,stop,-0.251000,-25100.00
audjpy_hourly_st_pmc_sl25_tp75_3r,audjpy_hourly_st_pmc_sl25_tp75_3r_t964,558,Short,2010-07-06T04:00:00-04:00,73.703681,2010-07-06T06:00:00-04:00,73.954681,stop,-0.251000,-25100.00
audjpy_hourly_st_pmc_sl25_tp75_3r,audjpy_hourly_st_pmc_sl25_tp75_3r_t968,559,Short,2010-07-07T14:00:00-04:00,74.618982,2010-07-07T14:00:00-04:00,74.869982,stop,-0.251000,-25100.00
audjpy_hourly_st_pmc_sl25_tp75_3r,audjpy_hourly_st_pmc_sl25_tp75_3r_t969,560,Long,2010-07-12T07:00:00-04:00,77.271937,2010-07-13T06:00:00-04:00,77.020937,stop,-0.251000,-25100.00
audjpy_hourly_st_pmc_sl25_tp75_3r,audjpy_hourly_st_pmc_sl25_tp75_3r_t970,561,Long,2010-07-14T13:00:00-04:00,77.813881,2010-07-14T14:00:00-04:00,77.562881,stop,-0.251000,-25100.00
audjpy_hourly_st_pmc_sl25_tp75_3r,audjpy_hourly_st_pmc_sl25_tp75_3r_t971,562,Long,2010-07-21T18:00:00-04:00,76.222566,2010-07-21T18:00:00-04:00,76.972566,target,0.750000,75000.00
audjpy_hourly_st_pmc_sl25_tp75_3r,audjpy_hourly_st_pmc_sl25_tp75_3r_t972,563,Long,2010-07-21T19:00:00-04:00,76.222566,2010-07-22T00:00:00-04:00,75.971566,stop,-0.251000,-25100.00
audjpy_hourly_st_pmc_sl25_tp75_3r,audjpy_hourly_st_pmc_sl25_tp75_3r_t973,564,Long,2010-07-28T01:00:00-04:00,78.600280,2010-07-28T01:00:00-04:00,78.349280,stop,-0.251000,-25100.00
audjpy_hourly_st_pmc_sl25_tp75_3r,audjpy_hourly_st_pmc_sl25_tp75_3r_t974,565,Long,2010-08-03T07:00:00-04:00,78.306827,2010-08-03T14:00:00-04:00,78.055827,stop,-0.251000,-25100.00
audjpy_hourly_st_pmc_sl25_tp75_3r,audjpy_hourly_st_pmc_sl25_tp75_3r_t976,566,Long,2010-08-05T13:00:00-04:00,78.436861,2010-08-06T12:00:00-04:00,78.185861,stop,-0.251000,-25100.00
audjpy_hourly_st_pmc_sl25_tp75_3r,audjpy_hourly_st_pmc_sl25_tp75_3r_t979,567,Short,2010-08-12T05:00:00-04:00,76.849659,2010-08-12T07:00:00-04:00,77.100659,stop,-0.251000,-25100.00
audjpy_hourly_st_pmc_sl25_tp75_3r,audjpy_hourly_st_pmc_sl25_tp75_3r_t980,568,Short,2010-08-17T08:00:00-04:00,77.017211,2010-08-17T13:00:00-04:00,77.268211,stop,-0.251000,-25100.00
audjpy_hourly_st_pmc_sl25_tp75_3r,audjpy_hourly_st_pmc_sl25_tp75_3r_t981,569,Short,2010-08-19T07:00:00-04:00,77.269956,2010-08-19T14:00:00-04:00,76.519956,target,0.750000,75000.00
audjpy_hourly_st_pmc_sl25_tp75_3r,audjpy_hourly_st_pmc_sl25_tp75_3r_t982,570,Short,2010-08-20T18:00:00-04:00,76.442527,2010-08-23T23:00:00-04:00,75.692527,target,0.750000,75000.00
audjpy_hourly_st_pmc_sl25_tp75_3r,audjpy_hourly_st_pmc_sl25_tp75_3r_t983,571,Short,2010-08-25T07:00:00-04:00,75.061335,2010-08-25T11:00:00-04:00,74.311335,target,0.750000,75000.00
audjpy_hourly_st_pmc_sl25_tp75_3r,audjpy_hourly_st_pmc_sl25_tp75_3r_t984,572,Short,2010-08-25T23:00:00-04:00,75.137713,2010-08-26T14:00:00-04:00,75.388713,stop,-0.251000,-25100.00
audjpy_hourly_st_pmc_sl25_tp75_3r,audjpy_hourly_st_pmc_sl25_tp75_3r_t986,573,Long,2010-09-03T14:00:00-04:00,77.069872,2010-09-07T05:00:00-04:00,76.818872,stop,-0.251000,-25100.00
audjpy_hourly_st_pmc_sl25_tp75_3r,audjpy_hourly_st_pmc_sl25_tp75_3r_t987,574,Long,2010-09-14T00:00:00-04:00,77.864106,2010-09-14T00:00:00-04:00,77.613106,stop,-0.251000,-25100.00
audjpy_hourly_st_pmc_sl25_tp75_3r,audjpy_hourly_st_pmc_sl25_tp75_3r_t988,575,Long,2010-09-17T13:00:00-04:00,80.496131,2010-09-17T14:00:00-04:00,80.245131,stop,-0.251000,-25100.00
audjpy_hourly_st_pmc_sl25_tp75_3r,audjpy_hourly_st_pmc_sl25_tp75_3r_t989,576,Long,2010-09-21T06:00:00-04:00,80.698508,2010-09-22T15:00:00-04:00,80.447508,stop,-0.251000,-25100.00
audjpy_hourly_st_pmc_sl25_tp75_3r,audjpy_hourly_st_pmc_sl25_tp75_3r_t990,577,Long,2010-09-28T06:00:00-04:00,80.644844,2010-10-04T08:00:00-04:00,80.393844,stop,-0.251000,-25100.00
audjpy_hourly_st_pmc_sl25_tp75_3r,audjpy_hourly_st_pmc_sl25_tp75_3r_t995,578,Long,2010-10-07T14:00:00-04:00,81.017895,2010-10-07T15:00:00-04:00,80.766895,stop,-0.251000,-25100.00
audjpy_hourly_st_pmc_sl25_tp75_3r,audjpy_hourly_st_pmc_sl25_tp75_3r_t998,579,Short,2010-10-12T18:00:00-04:00,80.704687,2010-10-13T01:00:00-04:00,80.955687,stop,-0.251000,-25100.00
audjpy_hourly_st_pmc_sl25_tp75_3r,audjpy_hourly_st_pmc_sl25_tp75_3r_t999,580,Long,2010-10-14T10:00:00-04:00,80.653833,2010-10-15T14:00:00-04:00,80.402833,stop,-0.251000,-25100.00
audjpy_hourly_st_pmc_sl25_tp75_3r,audjpy_hourly_st_pmc_sl25_tp75_3r_t1001,581,Short,2010-10-18T13:00:00-04:00,80.417021,2010-10-18T18:00:00-04:00,80.668021,stop,-0.251000,-25100.00
audjpy_hourly_st_pmc_sl25_tp75_3r,audjpy_hourly_st_pmc_sl25_tp75_3r_t1004,582,Short,2010-10-20T13:00:00-04:00,79.705367,2010-10-20T15:00:00-04:00,79.956367,stop,-0.251000,-25100.00
audjpy_hourly_st_pmc_sl25_tp75_3r,audjpy_hourly_st_pmc_sl25_tp75_3r_t1005,583,Short,2010-10-24T21:00:00-04:00,80.092175,2010-10-25T00:00:00-04:00,80.343175,stop,-0.251000,-25100.00
audjpy_hourly_st_pmc_sl25_tp75_3r,audjpy_hourly_st_pmc_sl25_tp75_3r_t1006,584,Short,2010-10-28T04:00:00-04:00,79.720159,2010-10-29T00:00:00-04:00,78.970159,target,0.750000,75000.00
audjpy_hourly_st_pmc_sl25_tp75_3r,audjpy_hourly_st_pmc_sl25_tp75_3r_t1007,585,Short,2010-10-29T18:00:00-04:00,79.043615,2010-10-31T23:00:00-04:00,79.294615,stop,-0.251000,-25100.00
audjpy_hourly_st_pmc_sl25_tp75_3r,audjpy_hourly_st_pmc_sl25_tp75_3r_t1008,586,Long,2010-11-03T18:00:00-04:00,80.587470,2010-11-03T18:00:00-04:00,81.337470,target,0.750000,75000.00
audjpy_hourly_st_pmc_sl25_tp75_3r,audjpy_hourly_st_pmc_sl25_tp75_3r_t1009,587,Long,2010-11-05T10:00:00-04:00,81.502044,2010-11-05T12:00:00-04:00,82.252044,target,0.750000,75000.00
audjpy_hourly_st_pmc_sl25_tp75_3r,audjpy_hourly_st_pmc_sl25_tp75_3r_t1010,588,Long,2010-11-08T09:00:00-05:00,81.845503,2010-11-09T07:00:00-05:00,81.594503,stop,-0.251000,-25100.00
audjpy_hourly_st_pmc_sl25_tp75_3r,audjpy_hourly_st_pmc_sl25_tp75_3r_t1011,589,Long,2010-11-12T02:00:00-05:00,81.964356,2010-11-12T05:00:00-05:00,81.713356,stop,-0.251000,-25100.00
audjpy_hourly_st_pmc_sl25_tp75_3r,audjpy_hourly_st_pmc_sl25_tp75_3r_t1012,590,Long,2010-11-16T16:00:00-05:00,81.265133,2010-11-18T06:00:00-05:00,82.015133,target,0.750000,75000.00
audjpy_hourly_st_pmc_sl25_tp75_3r,audjpy_hourly_st_pmc_sl25_tp75_3r_t1013,591,Long,2010-11-19T03:00:00-05:00,82.201179,2010-11-19T10:00:00-05:00,81.950179,stop,-0.251000,-25100.00
audjpy_hourly_st_pmc_sl25_tp75_3r,audjpy_hourly_st_pmc_sl25_tp75_3r_t1014,592,Long,2010-11-22T13:00:00-05:00,82.381210,2010-11-22T17:00:00-05:00,82.130210,stop,-0.251000,-25100.00
audjpy_hourly_st_pmc_sl25_tp75_3r,audjpy_hourly_st_pmc_sl25_tp75_3r_t1015,593,Long,2010-11-25T03:00:00-05:00,81.487670,2010-11-26T06:00:00-05:00,81.236670,stop,-0.251000,-25100.00
audjpy_hourly_st_pmc_sl25_tp75_3r,audjpy_hourly_st_pmc_sl25_tp75_3r_t1016,594,Long,2010-11-29T01:00:00-05:00,80.694231,2010-11-30T09:00:00-05:00,80.443231,stop,-0.251000,-25100.00
audjpy_hourly_st_pmc_sl25_tp75_3r,audjpy_hourly_st_pmc_sl25_tp75_3r_t1018,595,Long,2010-12-03T13:00:00-05:00,81.524230,2010-12-03T13:00:00-05:00,81.273230,stop,-0.251000,-25100.00
audjpy_hourly_st_pmc_sl25_tp75_3r,audjpy_hourly_st_pmc_sl25_tp75_3r_t1019,596,Long,2010-12-09T18:00:00-05:00,82.234255,2010-12-13T07:00:00-05:00,82.984255,target,0.750000,75000.00
audjpy_hourly_st_pmc_sl25_tp75_3r,audjpy_hourly_st_pmc_sl25_tp75_3r_t1020,597,Long,2010-12-15T06:00:00-05:00,83.079199,2010-12-17T10:00:00-05:00,82.828199,stop,-0.251000,-25100.00
audjpy_hourly_st_pmc_sl25_tp75_3r,audjpy_hourly_st_pmc_sl25_tp75_3r_t1021,598,Long,2010-12-23T03:00:00-05:00,83.184078,2010-12-26T22:00:00-05:00,82.805000,stop,-0.379078,-37907.76
audjpy_hourly_st_pmc_sl25_tp75_3r,audjpy_hourly_st_pmc_sl25_tp75_3r_t1024,599,Long,2011-01-04T04:00:00-05:00,82.812432,2011-01-04T15:00:00-05:00,82.561432,stop,-0.251000,-25100.00
audjpy_hourly_st_pmc_sl25_tp75_3r,audjpy_hourly_st_pmc_sl25_tp75_3r_t1025,600,Short,2011-01-05T13:00:00-05:00,82.681468,2011-01-05T14:00:00-05:00,82.932468,stop,-0.251000,-25100.00
audjpy_hourly_st_pmc_sl25_tp75_3r,audjpy_hourly_st_pmc_sl25_tp75_3r_t1030,601,Short,2011-01-11T16:00:00-05:00,82.274051,2011-01-12T13:00:00-05:00,82.525051,stop,-0.251000,-25100.00
audjpy_hourly_st_pmc_sl25_tp75_3r,audjpy_hourly_st_pmc_sl25_tp75_3r_t1031,602,Short,2011-01-18T07:00:00-05:00,82.277856,2011-01-18T15:00:00-05:00,82.528856,stop,-0.251000,-25100.00
audjpy_hourly_st_pmc_sl25_tp75_3r,audjpy_hourly_st_pmc_sl25_tp75_3r_t1032,603,Short,2011-01-24T12:00:00-05:00,82.166604,2011-01-24T16:00:00-05:00,82.417604,stop,-0.251000,-25100.00
audjpy_hourly_st_pmc_sl25_tp75_3r,audjpy_hourly_st_pmc_sl25_tp75_3r_t1033,604,Short,2011-01-26T19:00:00-05:00,82.176564,2011-01-27T15:00:00-05:00,82.427564,stop,-0.251000,-25100.00
audjpy_hourly_st_pmc_sl25_tp75_3r,audjpy_hourly_st_pmc_sl25_tp75_3r_t1034,605,Short,2011-01-31T17:00:00-05:00,81.844774,2011-02-01T03:00:00-05:00,82.095774,stop,-0.251000,-25100.00
audjpy_hourly_st_pmc_sl25_tp75_3r,audjpy_hourly_st_pmc_sl25_tp75_3r_t1035,606,Long,2011-02-02T14:00:00-05:00,82.051938,2011-02-03T09:00:00-05:00,82.801938,target,0.750000,75000.00
audjpy_hourly_st_pmc_sl25_tp75_3r,audjpy_hourly_st_pmc_sl25_tp75_3r_t1036,607,Long,2011-02-04T13:00:00-05:00,82.743767,2011-02-04T18:00:00-05:00,83.493767,target,0.750000,75000.00
audjpy_hourly_st_pmc_sl25_tp75_3r,audjpy_hourly_st_pmc_sl25_tp75_3r_t1037,608,Long,2011-02-08T10:00:00-05:00,83.264572,2011-02-10T08:00:00-05:00,83.013572,stop,-0.251000,-25100.00
audjpy_hourly_st_pmc_sl25_tp75_3r,audjpy_hourly_st_pmc_sl25_tp75_3r_t1038,609,Long,2011-02-15T20:00:00-05:00,83.415108,2011-02-17T16:00:00-05:00,84.165108,target,0.750000,75000.00
audjpy_hourly_st_pmc_sl25_tp75_3r,audjpy_hourly_st_pmc_sl25_tp75_3r_t1039,610,Long,2011-02-21T09:00:00-05:00,84.047371,2011-02-21T16:00:00-05:00,83.796371,stop,-0.251000,-25100.00
audjpy_hourly_st_pmc_sl25_tp75_3r,audjpy_hourly_st_pmc_sl25_tp75_3r_t1040,611,Long,2011-02-28T00:00:00-05:00,82.630494,2011-02-28T15:00:00-05:00,83.380494,target,0.750000,75000.00
audjpy_hourly_st_pmc_sl25_tp75_3r,audjpy_hourly_st_pmc_sl25_tp75_3r_t1041,612,Long,2011-03-01T16:00:00-05:00,83.256723,2011-03-01T19:00:00-05:00,83.005723,stop,-0.251000,-25100.00
audjpy_hourly_st_pmc_sl25_tp75_3r,audjpy_hourly_st_pmc_sl25_tp75_3r_t1042,613,Short,2011-03-02T13:00:00-05:00,83.195384,2011-03-03T13:00:00-05:00,83.446384,stop,-0.251000,-25100.00
audjpy_hourly_st_pmc_sl25_tp75_3r,audjpy_hourly_st_pmc_sl25_tp75_3r_t1044,614,Long,2011-03-04T14:00:00-05:00,83.314321,2011-03-07T16:00:00-05:00,83.063321,stop,-0.251000,-25100.00
audjpy_hourly_st_pmc_sl25_tp75_3r,audjpy_hourly_st_pmc_sl25_tp75_3r_t1049,615,Long,2011-03-10T03:00:00-05:00,83.282279,2011-03-10T08:00:00-05:00,83.031279,stop,-0.251000,-25100.00
audjpy_hourly_st_pmc_sl25_tp75_3r,audjpy_hourly_st_pmc_sl25_tp75_3r_t1050,616,Short,2011-03-11T17:00:00-05:00,82.905797,2011-03-11T20:00:00-05:00,83.156797,stop,-0.251000,-25100.00
audjpy_hourly_st_pmc_sl25_tp75_3r,audjpy_hourly_st_pmc_sl25_tp75_3r_t1051,617,Short,2011-03-14T01:00:00-04:00,83.128376,2011-03-14T08:00:00-04:00,82.378376,target,0.750000,75000.00
audjpy_hourly_st_pmc_sl25_tp75_3r,audjpy_hourly_st_pmc_sl25_tp75_3r_t1052,618,Short,2011-03-17T01:00:00-04:00,78.057453,2011-03-17T06:00:00-04:00,77.307453,target,0.750000,75000.00
audjpy_hourly_st_pmc_sl25_tp75_3r,audjpy_hourly_st_pmc_sl25_tp75_3r_t1053,619,Short,2011-03-17T23:00:00-04:00,78.057453,2011-03-18T00:00:00-04:00,78.308453,stop,-0.251000,-25100.00
audjpy_hourly_st_pmc_sl25_tp75_3r,audjpy_hourly_st_pmc_sl25_tp75_3r_t1056,620,Long,2011-03-29T00:00:00-04:00,83.561814,2011-03-29T14:00:00-04:00,84.311814,target,0.750000,75000.00
audjpy_hourly_st_pmc_sl25_tp75_3r,audjpy_hourly_st_pmc_sl25_tp75_3r_t1057,621,Long,2011-03-31T03:00:00-04:00,85.309020,2011-03-31T18:00:00-04:00,86.059020,target,0.750000,75000.00
audjpy_hourly_st_pmc_sl25_tp75_3r,audjpy_hourly_st_pmc_sl25_tp75_3r_t1058,622,Long,2011-04-04T13:00:00-04:00,86.820348,2011-04-05T15:00:00-04:00,87.570348,target,0.750000,75000.00
audjpy_hourly_st_pmc_sl25_tp75_3r,audjpy_hourly_st_pmc_sl25_tp75_3r_t1059,623,Long,2011-04-07T15:00:00-04:00,88.694873,2011-04-07T15:00:00-04:00,88.443873,stop,-0.251000,-25100.00
audjpy_hourly_st_pmc_sl25_tp75_3r,audjpy_hourly_st_pmc_sl25_tp75_3r_t1060,624,Long,2011-04-07T17:00:00-04:00,88.694873,2011-04-08T01:00:00-04:00,89.444873,target,0.750000,75000.00
audjpy_hourly_st_pmc_sl25_tp75_3r,audjpy_hourly_st_pmc_sl25_tp75_3r_t1061,625,Long,2011-04-11T12:00:00-04:00,89.176297,2011-04-11T17:00:00-04:00,88.925297,stop,-0.251000,-25100.00
audjpy_hourly_st_pmc_sl25_tp75_3r,audjpy_hourly_st_pmc_sl25_tp75_3r_t1062,626,Long,2011-04-12T15:00:00-04:00,87.383486,2011-04-12T20:00:00-04:00,87.132486,stop,-0.251000,-25100.00
audjpy_hourly_st_pmc_sl25_tp75_3r,audjpy_hourly_st_pmc_sl25_tp75_3r_t1063,627,Long,2011-04-15T07:00:00-04:00,87.414572,2011-04-18T08:00:00-04:00,87.163572,stop,-0.251000,-25100.00
audjpy_hourly_st_pmc_sl25_tp75_3r,audjpy_hourly_st_pmc_sl25_tp75_3r_t1065,628,Long,2011-04-21T14:00:00-04:00,87.669603,2011-04-25T00:00:00-04:00,88.419603,target,0.750000,75000.00
audjpy_hourly_st_pmc_sl25_tp75_3r,audjpy_hourly_st_pmc_sl25_tp75_3r_t1066,629,Long,2011-04-25T14:00:00-04:00,87.861216,2011-04-25T15:00:00-04:00,87.610216,stop,-0.251000,-25100.00
audjpy_hourly_st_pmc_sl25_tp75_3r,audjpy_hourly_st_pmc_sl25_tp75_3r_t1067,630,Long,2011-04-28T13:00:00-04:00,88.753218,2011-05-03T00:00:00-04:00,88.502218,stop,-0.251000,-25100.00
audjpy_hourly_st_pmc_sl25_tp75_3r,audjpy_hourly_st_pmc_sl25_tp75_3r_t1068,631,Short,2011-05-03T15:00:00-04:00,88.345732,2011-05-04T01:00:00-04:00,87.595732,target,0.750000,75000.00
audjpy_hourly_st_pmc_sl25_tp75_3r,audjpy_hourly_st_pmc_sl25_tp75_3r_t1069,632,Short,2011-05-06T01:00:00-04:00,85.936155,2011-05-06T01:00:00-04:00,86.187155,stop,-0.251000,-25100.00
audjpy_hourly_st_pmc_sl25_tp75_3r,audjpy_hourly_st_pmc_sl25_tp75_3r_t1070,633,Short,2011-05-16T15:00:00-04:00,86.002754,2011-05-16T20:00:00-04:00,85.252754,target,0.750000,75000.00
audjpy_hourly_st_pmc_sl25_tp75_3r,audjpy_hourly_st_pmc_sl25_tp75_3r_t1071,634,Short,2011-05-17T04:00:00-04:00,86.002754,2011-05-17T05:00:00-04:00,86.253754,stop,-0.251000,-25100.00
audjpy_hourly_st_pmc_sl25_tp75_3r,audjpy_hourly_st_pmc_sl25_tp75_3r_t1072,635,Short,2011-05-24T12:00:00-04:00,86.661768,2011-05-25T04:00:00-04:00,85.911768,target,0.750000,75000.00
audjpy_hourly_st_pmc_sl25_tp75_3r,audjpy_hourly_st_pmc_sl25_tp75_3r_t1073,636,Short,2011-05-25T14:00:00-04:00,86.365510,2011-05-26T00:00:00-04:00,86.616510,stop,-0.251000,-25100.00
audjpy_hourly_st_pmc_sl25_tp75_3r,audjpy_hourly_st_pmc_sl25_tp75_3r_t1074,637,Short,2011-05-27T13:00:00-04:00,86.948467,2011-05-31T02:00:00-04:00,87.199467,stop,-0.251000,-25100.00
audjpy_hourly_st_pmc_sl25_tp75_3r,audjpy_hourly_st_pmc_sl25_tp75_3r_t1075,638,Short,2011-06-01T01:00:00-04:00,87.268462,2011-06-01T07:00:00-04:00,87.519462,stop,-0.251000,-25100.00
audjpy_hourly_st_pmc_sl25_tp75_3r,audjpy_hourly_st_pmc_sl25_tp75_3r_t1076,639,Long,2011-06-01T12:00:00-04:00,86.779535,2011-06-01T14:00:00-04:00,86.528535,stop,-0.251000,-25100.00
audjpy_hourly_st_pmc_sl25_tp75_3r,audjpy_hourly_st_pmc_sl25_tp75_3r_t1077,640,Short,2011-06-02T01:00:00-04:00,86.567293,2011-06-02T13:00:00-04:00,85.817293,target,0.750000,75000.00
audjpy_hourly_st_pmc_sl25_tp75_3r,audjpy_hourly_st_pmc_sl25_tp75_3r_t1078,641,Short,2011-06-03T00:00:00-04:00,86.567293,2011-06-03T10:00:00-04:00,85.817293,target,0.750000,75000.00
audjpy_hourly_st_pmc_sl25_tp75_3r,audjpy_hourly_st_pmc_sl25_tp75_3r_t1079,642,Short,2011-06-03T14:00:00-04:00,86.201128,2011-06-03T14:00:00-04:00,85.451128,target,0.750000,75000.00
audjpy_hourly_st_pmc_sl25_tp75_3r,audjpy_hourly_st_pmc_sl25_tp75_3r_t1080,643,Short,2011-06-03T16:00:00-04:00,86.201128,2011-06-03T16:00:00-04:00,86.452128,stop,-0.251000,-25100.00
audjpy_hourly_st_pmc_sl25_tp75_3r,audjpy_hourly_st_pmc_sl25_tp75_3r_t1081,644,Short,2011-06-09T01:00:00-04:00,85.400636,2011-06-09T01:00:00-04:00,84.650636,target,0.750000,75000.00
audjpy_hourly_st_pmc_sl25_tp75_3r,audjpy_hourly_st_pmc_sl25_tp75_3r_t1082,645,Short,2011-06-09T17:00:00-04:00,85.400636,2011-06-10T13:00:00-04:00,84.650636,target,0.750000,75000.00
audjpy_hourly_st_pmc_sl25_tp75_3r,audjpy_hourly_st_pmc_sl25_tp75_3r_t1083,646,Short,2011-06-13T18:00:00-04:00,85.248022,2011-06-14T05:00:00-04:00,85.499022,stop,-0.251000,-25100.00
audjpy_hourly_st_pmc_sl25_tp75_3r,audjpy_hourly_st_pmc_sl25_tp75_3r_t1084,647,Short,2011-06-20T15:00:00-04:00,84.983157,2011-06-22T15:00:00-04:00,85.234157,stop,-0.251000,-25100.00
audjpy_hourly_st_pmc_sl25_tp75_3r,audjpy_hourly_st_pmc_sl25_tp75_3r_t1085,648,Short,2011-06-24T00:00:00-04:00,84.884471,2011-06-26T22:00:00-04:00,84.134471,target,0.750000,75000.00
audjpy_hourly_st_pmc_sl25_tp75_3r,audjpy_hourly_st_pmc_sl25_tp75_3r_t1086,649,Short,2011-06-28T12:00:00-04:00,84.694086,2011-06-28T14:00:00-04:00,84.945086,stop,-0.251000,-25100.00
audjpy_hourly_st_pmc_sl25_tp75_3r,audjpy_hourly_st_pmc_sl25_tp75_3r_t1087,650,Long,2011-07-04T01:00:00-04:00,86.647244,2011-07-06T11:00:00-04:00,86.396244,stop,-0.251000,-25100.00
audjpy_hourly_st_pmc_sl25_tp75_3r,audjpy_hourly_st_pmc_sl25_tp75_3r_t1088,651,Long,2011-07-08T12:00:00-04:00,87.294381,2011-07-08T12:00:00-04:00,87.043381,stop,-0.251000,-25100.00
audjpy_hourly_st_pmc_sl25_tp75_3r,audjpy_hourly_st_pmc_sl25_tp75_3r_t1090,652,Short,2011-07-13T06:00:00-04:00,84.689175,2011-07-13T14:00:00-04:00,84.940175,stop,-0.251000,-25100.00
audjpy_hourly_st_pmc_sl25_tp75_3r,audjpy_hourly_st_pmc_sl25_tp75_3r_t1091,653,Short,2011-07-19T01:00:00-04:00,84.214011,2011-07-19T12:00:00-04:00,84.465011,stop,-0.251000,-25100.00
audjpy_hourly_st_pmc_sl25_tp75_3r,audjpy_hourly_st_pmc_sl25_tp75_3r_t1092,654,Short,2011-07-21T14:00:00-04:00,84.866904,2011-07-21T14:00:00-04:00,85.117904,stop,-0.251000,-25100.00
audjpy_hourly_st_pmc_sl25_tp75_3r,audjpy_hourly_st_pmc_sl25_tp75_3r_t1093,655,Short,2011-07-25T15:00:00-04:00,85.127889,2011-07-26T02:00:00-04:00,85.378889,stop,-0.251000,-25100.00
audjpy_hourly_st_pmc_sl25_tp75_3r,audjpy_hourly_st_pmc_sl25_tp75_3r_t1094,656,Short,2011-07-31T21:00:00-04:00,85.047238,2011-07-31T21:00:00-04:00,85.298238,stop,-0.251000,-25100.00
audjpy_hourly_st_pmc_sl25_tp75_3r,audjpy_hourly_st_pmc_sl25_tp75_3r_t1095,657,Long,2011-08-01T11:00:00-04:00,84.992956,2011-08-01T13:00:00-04:00,84.741956,stop,-0.251000,-25100.00
audjpy_hourly_st_pmc_sl25_tp75_3r,audjpy_hourly_st_pmc_sl25_tp75_3r_t1096,658,Short,2011-08-01T23:00:00-04:00,85.115551,2011-08-02T01:00:00-04:00,85.366551,stop,-0.251000,-25100.00
audjpy_hourly_st_pmc_sl25_tp75_3r,audjpy_hourly_st_pmc_sl25_tp75_3r_t1097,659,Short,2011-08-04T01:00:00-04:00,83.422144,2011-08-04T01:00:00-04:00,83.673144,stop,-0.251000,-25100.00
audjpy_hourly_st_pmc_sl25_tp75_3r,audjpy_hourly_st_pmc_sl25_tp75_3r_t1098,660,Short,2011-08-09T06:00:00-04:00,79.034757,2011-08-09T07:00:00-04:00,79.285757,stop,-0.251000,-25100.00
audjpy_hourly_st_pmc_sl25_tp75_3r,audjpy_hourly_st_pmc_sl25_tp75_3r_t1099,661,Short,2011-08-11T07:00:00-04:00,79.207159,2011-08-11T07:00:00-04:00,78.457159,target,0.750000,75000.00
audjpy_hourly_st_pmc_sl25_tp75_3r,audjpy_hourly_st_pmc_sl25_tp75_3r_t1100,662,Short,2011-08-11T18:00:00-04:00,79.207159,2011-08-11T19:00:00-04:00,79.458159,stop,-0.251000,-25100.00
audjpy_hourly_st_pmc_sl25_tp75_3r,audjpy_hourly_st_pmc_sl25_tp75_3r_t1101,663,Short,2011-08-16T16:00:00-04:00,80.586367,2011-08-17T11:00:00-04:00,80.837367,stop,-0.251000,-25100.00
audjpy_hourly_st_pmc_sl25_tp75_3r,audjpy_hourly_st_pmc_sl25_tp75_3r_t1102,664,Short,2011-08-22T01:00:00-04:00,79.996891,2011-08-22T02:00:00-04:00,80.247891,stop,-0.251000,-25100.00
audjpy_hourly_st_pmc_sl25_tp75_3r,audjpy_hourly_st_pmc_sl25_tp75_3r_t1103,665,Short,2011-08-26T14:00:00-04:00,81.021342,2011-08-26T14:00:00-04:00,80.271342,target,0.750000,75000.00
audjpy_hourly_st_pmc_sl25_tp75_3r,audjpy_hourly_st_pmc_sl25_tp75_3r_t1104,666,Short,2011-08-26T15:00:00-04:00,81.021342,2011-08-29T01:00:00-04:00,81.272342,stop,-0.251000,-25100.00
audjpy_hourly_st_pmc_sl25_tp75_3r,audjpy_hourly_st_pmc_sl25_tp75_3r_t1105,667,Short,2011-08-30T18:00:00-04:00,82.137444,2011-09-01T01:00:00-04:00,82.388444,stop,-0.251000,-25100.00
audjpy_hourly_st_pmc_sl25_tp75_3r,audjpy_hourly_st_pmc_sl25_tp75_3r_t1106,668,Long,2011-09-02T12:00:00-04:00,81.961348,2011-09-02T13:00:00-04:00,81.710348,stop,-0.251000,-25100.00
audjpy_hourly_st_pmc_sl25_tp75_3r,audjpy_hourly_st_pmc_sl25_tp75_3r_t1107,669,Short,2011-09-06T08:00:00-04:00,81.282904,2011-09-06T08:00:00-04:00,81.533904,stop,-0.251000,-25100.00
audjpy_hourly_st_pmc_sl25_tp75_3r,audjpy_hourly_st_pmc_sl25_tp75_3r_t1109,670,Long,2011-09-08T01:00:00-04:00,81.827357,2011-09-09T13:00:00-04:00,81.576357,stop,-0.251000,-25100.00
audjpy_hourly_st_pmc_sl25_tp75_3r,audjpy_hourly_st_pmc_sl25_tp75_3r_t1110,671,Short,2011-09-15T13:00:00-04:00,79.042841,2011-09-15T13:00:00-04:00,79.293841,stop,-0.251000,-25100.00
audjpy_hourly_st_pmc_sl25_tp75_3r,audjpy_hourly_st_pmc_sl25_tp75_3r_t1111,672,Short,2011-09-20T09:00:00-04:00,78.611729,2011-09-21T12:00:00-04:00,77.861729,target,0.750000,75000.00
audjpy_hourly_st_pmc_sl25_tp75_3r,audjpy_hourly_st_pmc_sl25_tp75_3r_t1112,673,Short,2011-09-26T11:00:00-04:00,74.872100,2011-09-26T14:00:00-04:00,74.122100,target,0.750000,75000.00
audjpy_hourly_st_pmc_sl25_tp75_3r,audjpy_hourly_st_pmc_sl25_tp75_3r_t1113,674,Short,2011-09-29T07:00:00-04:00,75.268314,2011-09-29T08:00:00-04:00,75.519314,stop,-0.251000,-25100.00
audjpy_hourly_st_pmc_sl25_tp75_3r,audjpy_hourly_st_pmc_sl25_tp75_3r_t1115,675,Short,2011-10-04T20:00:00-04:00,73.385173,2011-10-04T20:00:00-04:00,73.636173,stop,-0.251000,-25100.00
audjpy_hourly_st_pmc_sl25_tp75_3r,audjpy_hourly_st_pmc_sl25_tp75_3r_t1117,676,Long,2011-10-07T17:00:00-04:00,74.770621,2011-10-10T00:00:00-04:00,75.520621,target,0.750000,75000.00
audjpy_hourly_st_pmc_sl25_tp75_3r,audjpy_hourly_st_pmc_sl25_tp75_3r_t1118,677,Long,2011-10-12T01:00:00-04:00,75.914607,2011-10-12T08:00:00-04:00,76.664607,target,0.750000,75000.00
audjpy_hourly_st_pmc_sl25_tp75_3r,audjpy_hourly_st_pmc_sl25_tp75_3r_t1119,678,Long,2011-10-13T09:00:00-04:00,77.921751,2011-10-13T13:00:00-04:00,77.670751,stop,-0.251000,-25100.00
audjpy_hourly_st_pmc_sl25_tp75_3r,audjpy_hourly_st_pmc_sl25_tp75_3r_t1120,679,Long,2011-10-17T11:00:00-04:00,79.234449,2011-10-17T13:00:00-04:00,78.983449,stop,-0.251000,-25100.00
audjpy_hourly_st_pmc_sl25_tp75_3r,audjpy_hourly_st_pmc_sl25_tp75_3r_t1121,680,Long,2011-10-19T18:00:00-04:00,78.538410,2011-10-20T02:00:00-04:00,78.287410,stop,-0.251000,-25100.00
audjpy_hourly_st_pmc_sl25_tp75_3r,audjpy_hourly_st_pmc_sl25_tp75_3r_t1122,681,Long,2011-10-25T13:00:00-04:00,79.151882,2011-10-26T00:00:00-04:00,78.900882,stop,-0.251000,-25100.00
audjpy_hourly_st_pmc_sl25_tp75_3r,audjpy_hourly_st_pmc_sl25_tp75_3r_t1123,682,Long,2011-10-31T10:00:00-04:00,82.173231,2011-10-31T12:00:00-04:00,82.923231,target,0.750000,75000.00
audjpy_hourly_st_pmc_sl25_tp75_3r,audjpy_hourly_st_pmc_sl25_tp75_3r_t1125,683,Short,2011-11-03T10:00:00-04:00,80.558486,2011-11-03T11:00:00-04:00,80.809486,stop,-0.251000,-25100.00
audjpy_hourly_st_pmc_sl25_tp75_3r,audjpy_hourly_st_pmc_sl25_tp75_3r_t1126,684,Short,2011-11-10T12:00:00-05:00,79.018811,2011-11-10T13:00:00-05:00,79.269811,stop,-0.251000,-25100.00
audjpy_hourly_st_pmc_sl25_tp75_3r,audjpy_hourly_st_pmc_sl25_tp75_3r_t1127,685,Short,2011-11-16T10:00:00-05:00,78.227964,2011-11-16T23:00:00-05:00,77.477964,target,0.750000,75000.00
audjpy_hourly_st_pmc_sl25_tp75_3r,audjpy_hourly_st_pmc_sl25_tp75_3r_t1128,686,Short,2011-11-18T12:00:00-05:00,77.398542,2011-11-20T23:00:00-05:00,76.648542,target,0.750000,75000.00
audjpy_hourly_st_pmc_sl25_tp75_3r,audjpy_hourly_st_pmc_sl25_tp75_3r_t1129,687,Short,2011-11-24T09:00:00-05:00,75.450196,2011-11-25T14:00:00-05:00,75.701196,stop,-0.251000,-25100.00
audjpy_hourly_st_pmc_sl25_tp75_3r,audjpy_hourly_st_pmc_sl25_tp75_3r_t1136,688,Long,2011-12-06T03:00:00-05:00,79.539572,2011-12-06T03:00:00-05:00,79.288572,stop,-0.251000,-25100.00
audjpy_hourly_st_pmc_sl25_tp75_3r,audjpy_hourly_st_pmc_sl25_tp75_3r_t1140,689,Long,2011-12-08T14:00:00-05:00,79.454433,2011-12-08T15:00:00-05:00,79.203433,stop,-0.251000,-25100.00
audjpy_hourly_st_pmc_sl25_tp75_3r,audjpy_hourly_st_pmc_sl25_tp75_3r_t1141,690,Short,2011-12-09T11:00:00-05:00,78.915564,2011-12-09T17:00:00-05:00,79.166564,stop,-0.251000,-25100.00
audjpy_hourly_st_pmc_sl25_tp75_3r,audjpy_hourly_st_pmc_sl25_tp75_3r_t1142,691,Short,2011-12-15T13:00:00-05:00,77.676283,2011-12-16T07:00:00-05:00,77.927283,stop,-0.251000,-25100.00
audjpy_hourly_st_pmc_sl25_tp75_3r,audjpy_hourly_st_pmc_sl25_tp75_3r_t1143,692,Short,2011-12-20T08:00:00-05:00,77.677523,2011-12-20T10:00:00-05:00,77.928523,stop,-0.251000,-25100.00
audjpy_hourly_st_pmc_sl25_tp75_3r,audjpy_hourly_st_pmc_sl25_tp75_3r_t1144,693,Short,2011-12-22T09:00:00-05:00,79.169180,2011-12-23T01:00:00-05:00,79.420180,stop,-0.251000,-25100.00
audjpy_hourly_st_pmc_sl25_tp75_3r,audjpy_hourly_st_pmc_sl25_tp75_3r_t1145,694,Short,2011-12-29T15:00:00-05:00,78.669126,2011-12-30T00:00:00-05:00,78.920126,stop,-0.251000,-25100.00
audjpy_hourly_st_pmc_sl25_tp75_3r,audjpy_hourly_st_pmc_sl25_tp75_3r_t1146,695,Long,2012-01-02T09:00:00-05:00,78.477892,2012-01-03T09:00:00-05:00,79.227892,target,0.750000,75000.00
audjpy_hourly_st_pmc_sl25_tp75_3r,audjpy_hourly_st_pmc_sl25_tp75_3r_t1147,696,Long,2012-01-04T11:00:00-05:00,79.107623,2012-01-05T09:00:00-05:00,78.856623,stop,-0.251000,-25100.00
audjpy_hourly_st_pmc_sl25_tp75_3r,audjpy_hourly_st_pmc_sl25_tp75_3r_t1151,697,Long,2012-01-12T14:00:00-05:00,79.277758,2012-01-12T15:00:00-05:00,79.026758,stop,-0.251000,-25100.00
audjpy_hourly_st_pmc_sl25_tp75_3r,audjpy_hourly_st_pmc_sl25_tp75_3r_t1152,698,Long,2012-01-17T20:00:00-05:00,79.588299,2012-01-19T16:00:00-05:00,80.338299,target,0.750000,75000.00
audjpy_hourly_st_pmc_sl25_tp75_3r,audjpy_hourly_st_pmc_sl25_tp75_3r_t1153,699,Long,2012-01-24T02:00:00-05:00,80.816719,2012-01-25T00:00:00-05:00,81.566719,target,0.750000,75000.00
audjpy_hourly_st_pmc_sl25_tp75_3r,audjpy_hourly_st_pmc_sl25_tp75_3r_t1154,700,Long,2012-01-26T18:00:00-05:00,82.269004,2012-01-27T00:00:00-05:00,82.018004,stop,-0.251000,-25100.00
audjpy_hourly_st_pmc_sl25_tp75_3r,audjpy_hourly_st_pmc_sl25_tp75_3r_t1155,701,Long,2012-01-31T15:00:00-05:00,80.962220,2012-02-01T06:00:00-05:00,80.711220,stop,-0.251000,-25100.00
audjpy_hourly_st_pmc_sl25_tp75_3r,audjpy_hourly_st_pmc_sl25_tp75_3r_t1157,702,Long,2012-02-06T09:00:00-05:00,82.004277,2012-02-07T03:00:00-05:00,82.754277,target,0.750000,75000.00
audjpy_hourly_st_pmc_sl25_tp75_3r,audjpy_hourly_st_pmc_sl25_tp75_3r_t1158,703,Long,2012-02-08T12:00:00-05:00,83.070735,2012-02-08T16:00:00-05:00,82.819735,stop,-0.251000,-25100.00
audjpy_hourly_st_pmc_sl25_tp75_3r,audjpy_hourly_st_pmc_sl25_tp75_3r_t1159,704,Long,2012-02-10T01:00:00-05:00,83.293231,2012-02-10T06:00:00-05:00,83.042231,stop,-0.251000,-25100.00
audjpy_hourly_st_pmc_sl25_tp75_3r,audjpy_hourly_st_pmc_sl25_tp75_3r_t1160,705,Long,2012-02-13T15:00:00-05:00,83.103162,2012-02-14T02:00:00-05:00,82.852162,stop,-0.251000,-25100.00
audjpy_hourly_st_pmc_sl25_tp75_3r,audjpy_hourly_st_pmc_sl25_tp75_3r_t1161,706,Long,2012-02-15T15:00:00-05:00,83.924729,2012-02-16T03:00:00-05:00,83.673729,stop,-0.251000,-25100.00
audjpy_hourly_st_pmc_sl25_tp75_3r,audjpy_hourly_st_pmc_sl25_tp75_3r_t1162,707,Long,2012-02-20T08:00:00-05:00,85.353847,2012-02-21T10:00:00-05:00,85.102847,stop,-0.251000,-25100.00
audjpy_hourly_st_pmc_sl25_tp75_3r,audjpy_hourly_st_pmc_sl25_tp75_3r_t1163,708,Long,2012-02-27T00:00:00-05:00,86.522273,2012-02-27T08:00:00-05:00,86.271273,stop,-0.251000,-25100.00
audjpy_hourly_st_pmc_sl25_tp75_3r,audjpy_hourly_st_pmc_sl25_tp75_3r_t1165,709,Long,2012-03-05T04:00:00-05:00,87.388856,2012-03-05T05:00:00-05:00,87.137856,stop,-0.251000,-25100.00
audjpy_hourly_st_pmc_sl25_tp75_3r,audjpy_hourly_st_pmc_sl25_tp75_3r_t1166,710,Short,2012-03-07T17:00:00-05:00,85.866766,2012-03-08T03:00:00-05:00,86.117766,stop,-0.251000,-25100.00
audjpy_hourly_st_pmc_sl25_tp75_3r,audjpy_hourly_st_pmc_sl25_tp75_3r_t1168,711,Short,2012-03-13T04:00:00-04:00,86.906364,2012-03-13T15:00:00-04:00,87.157364,stop,-0.251000,-25100.00
audjpy_hourly_st_pmc_sl25_tp75_3r,audjpy_hourly_st_pmc_sl25_tp75_3r_t1170,712,Long,2012-03-15T13:00:00-04:00,87.412700,2012-03-16T08:00:00-04:00,88.162700,target,0.750000,75000.00
audjpy_hourly_st_pmc_sl25_tp75_3r,audjpy_hourly_st_pmc_sl25_tp75_3r_t1171,713,Long,2012-03-19T08:00:00-04:00,87.953372,2012-03-20T11:00:00-04:00,87.702372,stop,-0.251000,-25100.00
audjpy_hourly_st_pmc_sl25_tp75_3r,audjpy_hourly_st_pmc_sl25_tp75_3r_t1173,714,Short,2012-03-23T20:00:00-04:00,86.422217,2012-03-26T00:00:00-04:00,86.673217,stop,-0.251000,-25100.00
audjpy_hourly_st_pmc_sl25_tp75_3r,audjpy_hourly_st_pmc_sl25_tp75_3r_t1177,715,Short,2012-03-29T20:00:00-04:00,85.604967,2012-03-30T17:00:00-04:00,85.855967,stop,-0.251000,-25100.00
audjpy_hourly_st_pmc_sl25_tp75_3r,audjpy_hourly_st_pmc_sl25_tp75_3r_t1178,716,Long,2012-04-02T11:00:00-04:00,85.715377,2012-04-02T13:00:00-04:00,85.464377,stop,-0.251000,-25100.00
audjpy_hourly_st_pmc_sl25_tp75_3r,audjpy_hourly_st_pmc_sl25_tp75_3r_t1180,717,Short,2012-04-05T13:00:00-04:00,84.847592,2012-04-06T08:00:00-04:00,85.098592,stop,-0.251000,-25100.00
audjpy_hourly_st_pmc_sl25_tp75_3r,audjpy_hourly_st_pmc_sl25_tp75_3r_t1181,718,Short,2012-04-09T17:00:00-04:00,84.197047,2012-04-10T01:00:00-04:00,84.448047,stop,-0.251000,-25100.00
audjpy_hourly_st_pmc_sl25_tp75_3r,audjpy_hourly_st_pmc_sl25_tp75_3r_t1182,719,Short,2012-04-11T10:00:00-04:00,83.369332,2012-04-11T14:00:00-04:00,83.620332,stop,-0.251000,-25100.00
audjpy_hourly_st_pmc_sl25_tp75_3r,audjpy_hourly_st_pmc_sl25_tp75_3r_t1183,720,Short,2012-04-16T12:00:00-04:00,83.795891,2012-04-16T14:00:00-04:00,83.045891,target,0.750000,75000.00
audjpy_hourly_st_pmc_sl25_tp75_3r,audjpy_hourly_st_pmc_sl25_tp75_3r_t1184,721,Short,2012-04-17T08:00:00-04:00,83.475546,2012-04-17T11:00:00-04:00,83.726546,stop,-0.251000,-25100.00
audjpy_hourly_st_pmc_sl25_tp75_3r,audjpy_hourly_st_pmc_sl25_tp75_3r_t1185,722,Short,2012-04-24T08:00:00-04:00,83.580027,2012-04-24T20:00:00-04:00,83.831027,stop,-0.251000,-25100.00
audjpy_hourly_st_pmc_sl25_tp75_3r,audjpy_hourly_st_pmc_sl25_tp75_3r_t1186,723,Short,2012-04-27T03:00:00-04:00,84.365818,2012-04-27T03:00:00-04:00,83.615818,target,0.750000,75000.00
audjpy_hourly_st_pmc_sl25_tp75_3r,audjpy_hourly_st_pmc_sl25_tp75_3r_t1187,724,Short,2012-05-01T14:00:00-04:00,82.753915,2012-05-02T04:00:00-04:00,83.004915,stop,-0.251000,-25100.00
audjpy_hourly_st_pmc_sl25_tp75_3r,audjpy_hourly_st_pmc_sl25_tp75_3r_t1188,725,Short,2012-05-07T10:00:00-04:00,81.358223,2012-05-07T16:00:00-04:00,81.609223,stop,-0.251000,-25100.00
audjpy_hourly_st_pmc_sl25_tp75_3r,audjpy_hourly_st_pmc_sl25_tp75_3r_t1189,726,Short,2012-05-10T01:00:00-04:00,80.444053,2012-05-10T02:00:00-04:00,80.695053,stop,-0.251000,-25100.00
audjpy_hourly_st_pmc_sl25_tp75_3r,audjpy_hourly_st_pmc_sl25_tp75_3r_t1190,727,Short,2012-05-15T07:00:00-04:00,80.012058,2012-05-17T14:00:00-04:00,79.262058,target,0.750000,75000.00
audjpy_hourly_st_pmc_sl25_tp75_3r,audjpy_hourly_st_pmc_sl25_tp75_3r_t1191,728,Short,2012-05-21T18:00:00-04:00,78.386949,2012-05-21T19:00:00-04:00,78.637949,stop,-0.251000,-25100.00
audjpy_hourly_st_pmc_sl25_tp75_3r,audjpy_hourly_st_pmc_sl25_tp75_3r_t1192,729,Short,2012-05-24T06:00:00-04:00,77.744260,2012-05-25T07:00:00-04:00,77.995260,stop,-0.251000,-25100.00
audjpy_hourly_st_pmc_sl25_tp75_3r,audjpy_hourly_st_pmc_sl25_tp75_3r_t1193,730,Short,2012-06-01T13:00:00-04:00,75.908679,2012-06-04T13:00:00-04:00,76.159679,stop,-0.251000,-25100.00
audjpy_hourly_st_pmc_sl25_tp75_3r,audjpy_hourly_st_pmc_sl25_tp75_3r_t1197,731,Long,2012-06-07T19:00:00-04:00,78.758479,2012-06-08T00:00:00-04:00,78.507479,stop,-0.251000,-25100.00
audjpy_hourly_st_pmc_sl25_tp75_3r,audjpy_hourly_st_pmc_sl25_tp75_3r_t1198,732,Long,2012-06-11T17:00:00-04:00,78.736421,2012-06-11T18:00:00-04:00,78.485421,stop,-0.251000,-25100.00
audjpy_hourly_st_pmc_sl25_tp75_3r,audjpy_hourly_st_pmc_sl25_tp75_3r_t1199,733,Long,2012-06-13T19:00:00-04:00,78.867135,2012-06-14T22:00:00-04:00,79.617135,target,0.750000,75000.00
audjpy_hourly_st_pmc_sl25_tp75_3r,audjpy_hourly_st_pmc_sl25_tp75_3r_t1200,734,Long,2012-06-15T04:00:00-04:00,79.042209,2012-06-17T21:00:00-04:00,79.792209,target,0.750000,75000.00
audjpy_hourly_st_pmc_sl25_tp75_3r,audjpy_hourly_st_pmc_sl25_tp75_3r_t1201,735,Long,2012-06-18T13:00:00-04:00,79.494996,2012-06-18T16:00:00-04:00,80.244996,target,0.750000,75000.00
audjpy_hourly_st_pmc_sl25_tp75_3r,audjpy_hourly_st_pmc_sl25_tp75_3r_t1202,736,Long,2012-06-21T16:00:00-04:00,80.788322,2012-06-21T17:00:00-04:00,80.537322,stop,-0.251000,-25100.00
audjpy_hourly_st_pmc_sl25_tp75_3r,audjpy_hourly_st_pmc_sl25_tp75_3r_t1203,737,Long,2012-06-28T08:00:00-04:00,79.913698,2012-06-28T13:00:00-04:00,79.662698,stop,-0.251000,-25100.00
audjpy_hourly_st_pmc_sl25_tp75_3r,audjpy_hourly_st_pmc_sl25_tp75_3r_t1206,738,Long,2012-07-02T14:00:00-04:00,81.228891,2012-07-03T04:00:00-04:00,81.978891,target,0.750000,75000.00
audjpy_hourly_st_pmc_sl25_tp75_3r,audjpy_hourly_st_pmc_sl25_tp75_3r_t1207,739,Long,2012-07-05T03:00:00-04:00,81.808447,2012-07-06T12:00:00-04:00,81.557447,stop,-0.251000,-25100.00
audjpy_hourly_st_pmc_sl25_tp75_3r,audjpy_hourly_st_pmc_sl25_tp75_3r_t1208,740,Short,2012-07-10T09:00:00-04:00,81.251000,2012-07-11T13:00:00-04:00,81.502000,stop,-0.251000,-25100.00
audjpy_hourly_st_pmc_sl25_tp75_3r,audjpy_hourly_st_pmc_sl25_tp75_3r_t1210,741,Short,2012-07-13T13:00:00-04:00,80.793104,2012-07-13T19:00:00-04:00,81.044104,stop,-0.251000,-25100.00
audjpy_hourly_st_pmc_sl25_tp75_3r,audjpy_hourly_st_pmc_sl25_tp75_3r_t1211,742,Short,2012-07-17T01:00:00-04:00,81.009177,2012-07-17T01:00:00-04:00,81.260177,stop,-0.251000,-25100.00
audjpy_hourly_st_pmc_sl25_tp75_3r,audjpy_hourly_st_pmc_sl25_tp75_3r_t1212,743,Long,2012-07-20T11:00:00-04:00,81.649678,2012-07-20T14:00:00-04:00,81.398678,stop,-0.251000,-25100.00
audjpy_hourly_st_pmc_sl25_tp75_3r,audjpy_hourly_st_pmc_sl25_tp75_3r_t1213,744,Short,2012-07-25T08:00:00-04:00,80.261464,2012-07-25T11:00:00-04:00,80.512464,stop,-0.251000,-25100.00
audjpy_hourly_st_pmc_sl25_tp75_3r,audjpy_hourly_st_pmc_sl25_tp75_3r_t1214,745,Long,2012-07-31T21:00:00-04:00,81.938341,2012-08-01T01:00:00-04:00,81.687341,stop,-0.251000,-25100.00
audjpy_hourly_st_pmc_sl25_tp75_3r,audjpy_hourly_st_pmc_sl25_tp75_3r_t1215,746,Short,2012-08-01T05:00:00-04:00,82.136172,2012-08-01T08:00:00-04:00,82.387172,stop,-0.251000,-25100.00
audjpy_hourly_st_pmc_sl25_tp75_3r,audjpy_hourly_st_pmc_sl25_tp75_3r_t1216,747,Long,2012-08-02T12:00:00-04:00,81.858399,2012-08-02T12:00:00-04:00,82.608399,target,0.750000,75000.00
audjpy_hourly_st_pmc_sl25_tp75_3r,audjpy_hourly_st_pmc_sl25_tp75_3r_t1219,748,Long,2012-08-06T08:00:00-04:00,82.591960,2012-08-09T14:00:00-04:00,83.341960,target,0.750000,75000.00
audjpy_hourly_st_pmc_sl25_tp75_3r,audjpy_hourly_st_pmc_sl25_tp75_3r_t1220,749,Long,2012-08-10T03:00:00-04:00,82.731391,2012-08-10T07:00:00-04:00,82.480391,stop,-0.251000,-25100.00
audjpy_hourly_st_pmc_sl25_tp75_3r,audjpy_hourly_st_pmc_sl25_tp75_3r_t1221,750,Long,2012-08-15T02:00:00-04:00,82.481906,2012-08-16T12:00:00-04:00,83.231906,target,0.750000,75000.00
audjpy_hourly_st_pmc_sl25_tp75_3r,audjpy_hourly_st_pmc_sl25_tp75_3r_t1222,751,Long,2012-08-17T04:00:00-04:00,83.055927,2012-08-17T11:00:00-04:00,82.804927,stop,-0.251000,-25100.00
audjpy_hourly_st_pmc_sl25_tp75_3r,audjpy_hourly_st_pmc_sl25_tp75_3r_t1223,752,Long,2012-08-21T18:00:00-04:00,83.107465,2012-08-22T00:00:00-04:00,82.856465,stop,-0.251000,-25100.00
audjpy_hourly_st_pmc_sl25_tp75_3r,audjpy_hourly_st_pmc_sl25_tp75_3r_t1227,753,Short,2012-08-28T10:00:00-04:00,81.665761,2012-08-30T14:00:00-04:00,80.915761,target,0.750000,75000.00
audjpy_hourly_st_pmc_sl25_tp75_3r,audjpy_hourly_st_pmc_sl25_tp75_3r_t1228,754,Short,2012-08-31T09:00:00-04:00,81.113288,2012-09-03T00:00:00-04:00,80.363288,target,0.750000,75000.00
audjpy_hourly_st_pmc_sl25_tp75_3r,audjpy_hourly_st_pmc_sl25_tp75_3r_t1229,755,Short,2012-09-04T05:00:00-04:00,80.502389,2012-09-05T07:00:00-04:00,79.752389,target,0.750000,75000.00
audjpy_hourly_st_pmc_sl25_tp75_3r,audjpy_hourly_st_pmc_sl25_tp75_3r_t1230,756,Short,2012-09-06T01:00:00-04:00,80.133311,2012-09-06T10:00:00-04:00,80.384311,stop,-0.251000,-25100.00
audjpy_hourly_st_pmc_sl25_tp75_3r,audjpy_hourly_st_pmc_sl25_tp75_3r_t1231,757,Long,2012-09-07T12:00:00-04:00,81.238868,2012-09-10T04:00:00-04:00,80.987868,stop,-0.251000,-25100.00
audjpy_hourly_st_pmc_sl25_tp75_3r,audjpy_hourly_st_pmc_sl25_tp75_3r_t1234,758,Long,2012-09-13T06:00:00-04:00,81.276835,2012-09-13T07:00:00-04:00,81.025835,stop,-0.251000,-25100.00
audjpy_hourly_st_pmc_sl25_tp75_3r,audjpy_hourly_st_pmc_sl25_tp75_3r_t1236,759,Short,2012-09-13T16:00:00-04:00,81.286780,2012-09-13T17:00:00-04:00,81.537780,stop,-0.251000,-25100.00
audjpy_hourly_st_pmc_sl25_tp75_3r,audjpy_hourly_st_pmc_sl25_tp75_3r_t1237,760,Long,2012-09-17T02:00:00-04:00,82.271001,2012-09-18T01:00:00-04:00,82.020001,stop,-0.251000,-25100.00
audjpy_hourly_st_pmc_sl25_tp75_3r,audjpy_hourly_st_pmc_sl25_tp75_3r_t1238,761,Long,2012-09-19T11:00:00-04:00,82.236139,2012-09-19T13:00:00-04:00,81.985139,stop,-0.251000,-25100.00
audjpy_hourly_st_pmc_sl25_tp75_3r,audjpy_hourly_st_pmc_sl25_tp75_3r_t1239,762,Long,2012-09-21T18:00:00-04:00,81.618730,2012-09-24T01:00:00-04:00,81.367730,stop,-0.251000,-25100.00
audjpy_hourly_st_pmc_sl25_tp75_3r,audjpy_hourly_st_pmc_sl25_tp75_3r_t1240,763,Short,2012-09-27T05:00:00-04:00,80.835047,2012-09-27T16:00:00-04:00,81.086047,stop,-0.251000,-25100.00
audjpy_hourly_st_pmc_sl25_tp75_3r,audjpy_hourly_st_pmc_sl25_tp75_3r_t1245,764,Long,2012-10-02T04:00:00-04:00,80.561732,2012-10-02T07:00:00-04:00,80.310732,stop,-0.251000,-25100.00
audjpy_hourly_st_pmc_sl25_tp75_3r,audjpy_hourly_st_pmc_sl25_tp75_3r_t1246,765,Short,2012-10-03T12:00:00-04:00,80.251853,2012-10-05T00:00:00-04:00,80.502853,stop,-0.251000,-25100.00
audjpy_hourly_st_pmc_sl25_tp75_3r,audjpy_hourly_st_pmc_sl25_tp75_3r_t1248,766,Short,2012-10-09T00:00:00-04:00,80.061509,2012-10-10T12:00:00-04:00,80.312509,stop,-0.251000,-25100.00
audjpy_hourly_st_pmc_sl25_tp75_3r,audjpy_hourly_st_pmc_sl25_tp75_3r_t1250,767,Short,2012-10-15T09:00:00-04:00,80.577424,2012-10-15T23:00:00-04:00,80.828424,stop,-0.251000,-25100.00
audjpy_hourly_st_pmc_sl25_tp75_3r,audjpy_hourly_st_pmc_sl25_tp75_3r_t1251,768,Long,2012-10-19T15:00:00-04:00,81.896029,2012-10-21T23:00:00-04:00,81.645029,stop,-0.251000,-25100.00
audjpy_hourly_st_pmc_sl25_tp75_3r,audjpy_hourly_st_pmc_sl25_tp75_3r_t1252,769,Long,2012-10-23T07:00:00-04:00,82.195277,2012-10-23T12:00:00-04:00,81.944277,stop,-0.251000,-25100.00
audjpy_hourly_st_pmc_sl25_tp75_3r,audjpy_hourly_st_pmc_sl25_tp75_3r_t1253,770,Long,2012-10-25T15:00:00-04:00,82.929161,2012-10-25T15:00:00-04:00,82.678161,stop,-0.251000,-25100.00
audjpy_hourly_st_pmc_sl25_tp75_3r,audjpy_hourly_st_pmc_sl25_tp75_3r_t1254,771,Long,2012-11-02T18:00:00-04:00,83.215414,2012-11-05T10:00:00-05:00,82.964414,stop,-0.251000,-25100.00
audjpy_hourly_st_pmc_sl25_tp75_3r,audjpy_hourly_st_pmc_sl25_tp75_3r_t1255,772,Long,2012-11-07T00:00:00-05:00,83.566122,2012-11-07T02:00:00-05:00,83.315122,stop,-0.251000,-25100.00
audjpy_hourly_st_pmc_sl25_tp75_3r,audjpy_hourly_st_pmc_sl25_tp75_3r_t1256,773,Long,2012-11-07T12:00:00-05:00,83.563940,2012-11-07T14:00:00-05:00,83.312940,stop,-0.251000,-25100.00
audjpy_hourly_st_pmc_sl25_tp75_3r,audjpy_hourly_st_pmc_sl25_tp75_3r_t1258,774,Short,2012-11-09T17:00:00-05:00,82.703833,2012-11-12T22:00:00-05:00,82.954833,stop,-0.251000,-25100.00
audjpy_hourly_st_pmc_sl25_tp75_3r,audjpy_hourly_st_pmc_sl25_tp75_3r_t1260,775,Short,2012-11-13T11:00:00-05:00,82.855568,2012-11-14T00:00:00-05:00,83.106568,stop,-0.251000,-25100.00
audjpy_hourly_st_pmc_sl25_tp75_3r,audjpy_hourly_st_pmc_sl25_tp75_3r_t1261,776,Long,2012-11-14T22:00:00-05:00,83.135743,2012-11-15T10:00:00-05:00,83.885743,target,0.750000,75000.00
audjpy_hourly_st_pmc_sl25_tp75_3r,audjpy_hourly_st_pmc_sl25_tp75_3r_t1262,777,Long,2012-11-21T04:00:00-05:00,84.579286,2012-11-21T09:00:00-05:00,85.329286,target,0.750000,75000.00
audjpy_hourly_st_pmc_sl25_tp75_3r,audjpy_hourly_st_pmc_sl25_tp75_3r_t1263,778,Long,2012-11-26T06:00:00-05:00,85.868657,2012-11-26T09:00:00-05:00,85.617657,stop,-0.251000,-25100.00
audjpy_hourly_st_pmc_sl25_tp75_3r,audjpy_hourly_st_pmc_sl25_tp75_3r_t1264,779,Long,2012-11-28T01:00:00-05:00,85.691013,2012-11-28T01:00:00-05:00,85.440013,stop,-0.251000,-25100.00
audjpy_hourly_st_pmc_sl25_tp75_3r,audjpy_hourly_st_pmc_sl25_tp75_3r_t1265,780,Long,2012-11-29T14:00:00-05:00,85.540197,2012-12-06T00:00:00-05:00,86.290197,target,0.750000,75000.00
audjpy_hourly_st_pmc_sl25_tp75_3r,audjpy_hourly_st_pmc_sl25_tp75_3r_t1266,781,Long,2012-12-10T10:00:00-05:00,86.142712,2012-12-11T18:00:00-05:00,86.892712,target,0.750000,75000.00
audjpy_hourly_st_pmc_sl25_tp75_3r,audjpy_hourly_st_pmc_sl25_tp75_3r_t1267,782,Long,2012-12-13T18:00:00-05:00,87.773891,2012-12-14T05:00:00-05:00,88.523891,target,0.750000,75000.00
audjpy_hourly_st_pmc_sl25_tp75_3r,audjpy_hourly_st_pmc_sl25_tp75_3r_t1268,783,Long,2012-12-14T13:00:00-05:00,87.992614,2012-12-16T22:00:00-05:00,88.742614,target,0.750000,75000.00
audjpy_hourly_st_pmc_sl25_tp75_3r,audjpy_hourly_st_pmc_sl25_tp75_3r_t1269,784,Long,2012-12-17T10:00:00-05:00,88.164405,2012-12-19T22:00:00-05:00,87.913405,stop,-0.251000,-25100.00
audjpy_hourly_st_pmc_sl25_tp75_3r,audjpy_hourly_st_pmc_sl25_tp75_3r_t1270,785,Long,2012-12-28T09:00:00-05:00,89.175155,2012-12-30T22:00:00-05:00,88.887000,stop,-0.288155,-28815.49
audjpy_hourly_st_pmc_sl25_tp75_3r,audjpy_hourly_st_pmc_sl25_tp75_3r_t1272,786,Long,2013-01-07T05:00:00-05:00,91.980333,2013-01-07T23:00:00-05:00,91.729333,stop,-0.251000,-25100.00
audjpy_hourly_st_pmc_sl25_tp75_3r,audjpy_hourly_st_pmc_sl25_tp75_3r_t1273,787,Long,2013-01-15T02:00:00-05:00,94.034210,2013-01-15T03:00:00-05:00,93.783210,stop,-0.251000,-25100.00
audjpy_hourly_st_pmc_sl25_tp75_3r,audjpy_hourly_st_pmc_sl25_tp75_3r_t1274,788,Long,2013-01-17T03:00:00-05:00,92.778771,2013-01-17T08:00:00-05:00,93.528771,target,0.750000,75000.00
audjpy_hourly_st_pmc_sl25_tp75_3r,audjpy_hourly_st_pmc_sl25_tp75_3r_t1275,789,Long,2013-01-21T01:00:00-05:00,94.039004,2013-01-22T03:00:00-05:00,94.789004,target,0.750000,75000.00
audjpy_hourly_st_pmc_sl25_tp75_3r,audjpy_hourly_st_pmc_sl25_tp75_3r_t1276,790,Long,2013-01-28T07:00:00-05:00,94.323038,2013-01-30T01:00:00-05:00,95.073038,target,0.750000,75000.00
audjpy_hourly_st_pmc_sl25_tp75_3r,audjpy_hourly_st_pmc_sl25_tp75_3r_t1277,791,Long,2013-01-30T13:00:00-05:00,94.804564,2013-01-31T03:00:00-05:00,94.553564,stop,-0.251000,-25100.00
audjpy_hourly_st_pmc_sl25_tp75_3r,audjpy_hourly_st_pmc_sl25_tp75_3r_t1280,792,Long,2013-02-04T18:00:00-05:00,96.255227,2013-02-04T22:00:00-05:00,96.004227,stop,-0.251000,-25100.00
audjpy_hourly_st_pmc_sl25_tp75_3r,audjpy_hourly_st_pmc_sl25_tp75_3r_t1281,793,Long,2013-02-06T10:00:00-05:00,96.537782,2013-02-06T13:00:00-05:00,96.286782,stop,-0.251000,-25100.00
audjpy_hourly_st_pmc_sl25_tp75_3r,audjpy_hourly_st_pmc_sl25_tp75_3r_t1282,794,Long,2013-02-07T15:00:00-05:00,96.306321,2013-02-07T15:00:00-05:00,96.055321,stop,-0.251000,-25100.00
audjpy_hourly_st_pmc_sl25_tp75_3r,audjpy_hourly_st_pmc_sl25_tp75_3r_t1287,795,Long,2013-02-12T13:00:00-05:00,96.087786,2013-02-12T15:00:00-05:00,95.836786,stop,-0.251000,-25100.00
audjpy_hourly_st_pmc_sl25_tp75_3r,audjpy_hourly_st_pmc_sl25_tp75_3r_t1288,796,Long,2013-02-14T17:00:00-05:00,96.238885,2013-02-14T20:00:00-05:00,95.987885,stop,-0.251000,-25100.00
audjpy_hourly_st_pmc_sl25_tp75_3r,audjpy_hourly_st_pmc_sl25_tp75_3r_t1291,797,Long,2013-02-20T10:00:00-05:00,96.488371,2013-02-20T16:00:00-05:00,96.237371,stop,-0.251000,-25100.00
audjpy_hourly_st_pmc_sl25_tp75_3r,audjpy_hourly_st_pmc_sl25_tp75_3r_t1295,798,Long,2013-02-25T16:00:00-05:00,96.285575,2013-02-25T16:00:00-05:00,96.034575,stop,-0.251000,-25100.00
audjpy_hourly_st_pmc_sl25_tp75_3r,audjpy_hourly_st_pmc_sl25_tp75_3r_t1296,799,Short,2013-02-27T19:00:00-05:00,94.139552,2013-02-27T19:00:00-05:00,94.390552,stop,-0.251000,-25100.00
audjpy_hourly_st_pmc_sl25_tp75_3r,audjpy_hourly_st_pmc_sl25_tp75_3r_t1297,800,Long,2013-03-04T04:00:00-05:00,94.725169,2013-03-04T04:00:00-05:00,94.474169,stop,-0.251000,-25100.00
audjpy_hourly_st_pmc_sl25_tp75_3r,audjpy_hourly_st_pmc_sl25_tp75_3r_t1300,801,Long,2013-03-08T17:00:00-05:00,97.994289,2013-03-08T17:00:00-05:00,97.743289,stop,-0.251000,-25100.00
audjpy_hourly_st_pmc_sl25_tp75_3r,audjpy_hourly_st_pmc_sl25_tp75_3r_t1301,802,Long,2013-03-12T08:00:00-04:00,98.939560,2013-03-12T09:00:00-04:00,98.688560,stop,-0.251000,-25100.00
audjpy_hourly_st_pmc_sl25_tp75_3r,audjpy_hourly_st_pmc_sl25_tp75_3r_t1302,803,Long,2013-03-15T13:00:00-04:00,99.294033,2013-03-15T14:00:00-04:00,99.043033,stop,-0.251000,-25100.00
audjpy_hourly_st_pmc_sl25_tp75_3r,audjpy_hourly_st_pmc_sl25_tp75_3r_t1303,804,Long,2013-03-19T14:00:00-04:00,98.602952,2013-03-19T15:00:00-04:00,98.351952,stop,-0.251000,-25100.00
audjpy_hourly_st_pmc_sl25_tp75_3r,audjpy_hourly_st_pmc_sl25_tp75_3r_t1304,805,Long,2013-03-21T09:00:00-04:00,99.044753,2013-03-21T18:00:00-04:00,98.793753,stop,-0.251000,-25100.00
audjpy_hourly_st_pmc_sl25_tp75_3r,audjpy_hourly_st_pmc_sl25_tp75_3r_t1305,806,Long,2013-03-21T19:00:00-04:00,99.044753,2013-03-22T05:00:00-04:00,98.793753,stop,-0.251000,-25100.00
audjpy_hourly_st_pmc_sl25_tp75_3r,audjpy_hourly_st_pmc_sl25_tp75_3r_t1306,807,Long,2013-03-25T15:00:00-04:00,98.621497,2013-03-25T16:00:00-04:00,98.370497,stop,-0.251000,-25100.00
audjpy_hourly_st_pmc_sl25_tp75_3r,audjpy_hourly_st_pmc_sl25_tp75_3r_t1307,808,Long,2013-03-27T10:00:00-04:00,98.698042,2013-03-27T10:00:00-04:00,98.447042,stop,-0.251000,-25100.00
audjpy_hourly_st_pmc_sl25_tp75_3r,audjpy_hourly_st_pmc_sl25_tp75_3r_t1308,809,Short,2013-04-02T09:00:00-04:00,97.614439,2013-04-03T00:00:00-04:00,97.865439,stop,-0.251000,-25100.00
audjpy_hourly_st_pmc_sl25_tp75_3r,audjpy_hourly_st_pmc_sl25_tp75_3r_t1309,810,Short,2013-04-04T04:00:00-04:00,97.715873,2013-04-04T04:00:00-04:00,97.966873,stop,-0.251000,-25100.00
audjpy_hourly_st_pmc_sl25_tp75_3r,audjpy_hourly_st_pmc_sl25_tp75_3r_t1310,811,Long,2013-04-05T06:00:00-04:00,100.065156,2013-04-05T12:00:00-04:00,99.814156,stop,-0.251000,-25100.00
audjpy_hourly_st_pmc_sl25_tp75_3r,audjpy_hourly_st_pmc_sl25_tp75_3r_t1311,812,Long,2013-04-09T07:00:00-04:00,102.834620,2013-04-09T09:00:00-04:00,103.584620,target,0.750000,75000.00
audjpy_hourly_st_pmc_sl25_tp75_3r,audjpy_hourly_st_pmc_sl25_tp75_3r_t1312,813,Long,2013-04-11T02:00:00-04:00,104.536115,2013-04-11T08:00:00-04:00,105.286115,target,0.750000,75000.00
audjpy_hourly_st_pmc_sl25_tp75_3r,audjpy_hourly_st_pmc_sl25_tp75_3r_t1313,814,Long,2013-04-12T07:00:00-04:00,104.558688,2013-04-12T09:00:00-04:00,104.307688,stop,-0.251000,-25100.00
audjpy_hourly_st_pmc_sl25_tp75_3r,audjpy_hourly_st_pmc_sl25_tp75_3r_t1314,815,Long,2013-04-17T14:00:00-04:00,100.673077,2013-04-17T15:00:00-04:00,100.422077,stop,-0.251000,-25100.00
audjpy_hourly_st_pmc_sl25_tp75_3r,audjpy_hourly_st_pmc_sl25_tp75_3r_t1315,816,Long,2013-04-22T13:00:00-04:00,101.951665,2013-04-22T14:00:00-04:00,101.700665,stop,-0.251000,-25100.00
audjpy_hourly_st_pmc_sl25_tp75_3r,audjpy_hourly_st_pmc_sl25_tp75_3r_t1316,817,Long,2013-04-23T17:00:00-04:00,100.952514,2013-04-23T17:00:00-04:00,101.702514,target,0.750000,75000.00
audjpy_hourly_st_pmc_sl25_tp75_3r,audjpy_hourly_st_pmc_sl25_tp75_3r_t1317,818,Long,2013-04-26T02:00:00-04:00,101.836801,2013-04-26T05:00:00-04:00,101.585801,stop,-0.251000,-25100.00
audjpy_hourly_st_pmc_sl25_tp75_3r,audjpy_hourly_st_pmc_sl25_tp75_3r_t1318,819,Long,2013-04-30T10:00:00-04:00,100.792324,2013-04-30T14:00:00-04:00,100.541324,stop,-0.251000,-25100.00
audjpy_hourly_st_pmc_sl25_tp75_3r,audjpy_hourly_st_pmc_sl25_tp75_3r_t1321,820,Short,2013-05-02T12:00:00-04:00,100.078332,2013-05-02T12:00:00-04:00,100.329332,stop,-0.251000,-25100.00
audjpy_hourly_st_pmc_sl25_tp75_3r,audjpy_hourly_st_pmc_sl25_tp75_3r_t1322,821,Long,2013-05-06T12:00:00-04:00,101.496893,2013-05-07T01:00:00-04:00,101.245893,stop,-0.251000,-25100.00
audjpy_hourly_st_pmc_sl25_tp75_3r,audjpy_hourly_st_pmc_sl25_tp75_3r_t1327,822,Short,2013-05-09T01:00:00-04:00,101.139682,2013-05-09T17:00:00-04:00,101.390682,stop,-0.251000,-25100.00
audjpy_hourly_st_pmc_sl25_tp75_3r,audjpy_hourly_st_pmc_sl25_tp75_3r_t1328,823,Long,2013-05-14T07:00:00-04:00,101.157617,2013-05-14T09:00:00-04:00,100.906617,stop,-0.251000,-25100.00
audjpy_hourly_st_pmc_sl25_tp75_3r,audjpy_hourly_st_pmc_sl25_tp75_3r_t1331,824,Short,2013-05-17T14:00:00-04:00,100.310424,2013-05-19T21:00:00-04:00,99.560424,target,0.750000,75000.00
audjpy_hourly_st_pmc_sl25_tp75_3r,audjpy_hourly_st_pmc_sl25_tp75_3r_t1332,825,Short,2013-05-22T14:00:00-04:00,100.773675,2013-05-22T18:00:00-04:00,100.023675,target,0.750000,75000.00
audjpy_hourly_st_pmc_sl25_tp75_3r,audjpy_hourly_st_pmc_sl25_tp75_3r_t1333,826,Short,2013-05-23T15:00:00-04:00,99.003174,2013-05-23T15:00:00-04:00,99.254174,stop,-0.251000,-25100.00
audjpy_hourly_st_pmc_sl25_tp75_3r,audjpy_hourly_st_pmc_sl25_tp75_3r_t1334,827,Short,2013-05-28T01:00:00-04:00,97.962794,2013-05-28T03:00:00-04:00,98.213794,stop,-0.251000,-25100.00
audjpy_hourly_st_pmc_sl25_tp75_3r,audjpy_hourly_st_pmc_sl25_tp75_3r_t1336,828,Long,2013-06-04T16:00:00-04:00,96.387719,2013-06-05T04:00:00-04:00,96.136719,stop,-0.251000,-25100.00
audjpy_hourly_st_pmc_sl25_tp75_3r,audjpy_hourly_st_pmc_sl25_tp75_3r_t1337,829,Short,2013-06-07T14:00:00-04:00,92.502745,2013-06-09T23:00:00-04:00,92.753745,stop,-0.251000,-25100.00
audjpy_hourly_st_pmc_sl25_tp75_3r,audjpy_hourly_st_pmc_sl25_tp75_3r_t1338,830,Short,2013-06-12T07:00:00-04:00,91.984408,2013-06-12T07:00:00-04:00,92.235408,stop,-0.251000,-25100.00
audjpy_hourly_st_pmc_sl25_tp75_3r,audjpy_hourly_st_pmc_sl25_tp75_3r_t1339,831,Short,2013-06-13T13:00:00-04:00,90.716751,2013-06-13T17:00:00-04:00,90.967751,stop,-0.251000,-25100.00
audjpy_hourly_st_pmc_sl25_tp75_3r,audjpy_hourly_st_pmc_sl25_tp75_3r_t1340,832,Short,2013-06-17T06:00:00-04:00,91.420351,2013-06-17T15:00:00-04:00,90.670351,target,0.750000,75000.00
audjpy_hourly_st_pmc_sl25_tp75_3r,audjpy_hourly_st_pmc_sl25_tp75_3r_t1341,833,Short,2013-06-19T17:00:00-04:00,90.928436,2013-06-19T18:00:00-04:00,90.178436,target,0.750000,75000.00
audjpy_hourly_st_pmc_sl25_tp75_3r,audjpy_hourly_st_pmc_sl25_tp75_3r_t1342,834,Short,2013-06-21T06:00:00-04:00,90.440069,2013-06-21T14:00:00-04:00,89.690069,target,0.750000,75000.00
audjpy_hourly_st_pmc_sl25_tp75_3r,audjpy_hourly_st_pmc_sl25_tp75_3r_t1343,835,Short,2013-06-21T16:00:00-04:00,90.440069,2013-06-21T16:00:00-04:00,89.690069,target,0.750000,75000.00
audjpy_hourly_st_pmc_sl25_tp75_3r,audjpy_hourly_st_pmc_sl25_tp75_3r_t1344,836,Short,2013-06-21T19:00:00-04:00,90.440069,2013-06-23T22:00:00-04:00,90.691069,stop,-0.251000,-25100.00
audjpy_hourly_st_pmc_sl25_tp75_3r,audjpy_hourly_st_pmc_sl25_tp75_3r_t1345,837,Short,2013-06-25T22:00:00-04:00,90.863682,2013-06-26T14:00:00-04:00,91.114682,stop,-0.251000,-25100.00
audjpy_hourly_st_pmc_sl25_tp75_3r,audjpy_hourly_st_pmc_sl25_tp75_3r_t1347,838,Long,2013-07-02T04:00:00-04:00,91.388864,2013-07-02T17:00:00-04:00,92.138864,target,0.750000,75000.00
audjpy_hourly_st_pmc_sl25_tp75_3r,audjpy_hourly_st_pmc_sl25_tp75_3r_t1348,839,Long,2013-07-03T05:00:00-04:00,91.509203,2013-07-03T06:00:00-04:00,91.258203,stop,-0.251000,-25100.00
audjpy_hourly_st_pmc_sl25_tp75_3r,audjpy_hourly_st_pmc_sl25_tp75_3r_t1353,840,Long,2013-07-10T08:00:00-04:00,92.214509,2013-07-10T13:00:00-04:00,91.963509,stop,-0.251000,-25100.00
audjpy_hourly_st_pmc_sl25_tp75_3r,audjpy_hourly_st_pmc_sl25_tp75_3r_t1354,841,Short,2013-07-15T07:00:00-04:00,90.655488,2013-07-15T12:00:00-04:00,90.906488,stop,-0.251000,-25100.00
audjpy_hourly_st_pmc_sl25_tp75_3r,audjpy_hourly_st_pmc_sl25_tp75_3r_t1356,842,Long,2013-07-19T03:00:00-04:00,91.791034,2013-07-19T11:00:00-04:00,92.541034,target,0.750000,75000.00
audjpy_hourly_st_pmc_sl25_tp75_3r,audjpy_hourly_st_pmc_sl25_tp75_3r_t1357,843,Long,2013-07-24T08:00:00-04:00,91.965583,2013-07-24T17:00:00-04:00,91.714583,stop,-0.251000,-25100.00
audjpy_hourly_st_pmc_sl25_tp75_3r,audjpy_hourly_st_pmc_sl25_tp75_3r_t1360,844,Long,2013-08-02T13:00:00-04:00,88.245804,2013-08-02T14:00:00-04:00,87.994804,stop,-0.251000,-25100.00
audjpy_hourly_st_pmc_sl25_tp75_3r,audjpy_hourly_st_pmc_sl25_tp75_3r_t1363,845,Long,2013-08-06T14:00:00-04:00,87.720006,2013-08-06T23:00:00-04:00,87.469006,stop,-0.251000,-25100.00
audjpy_hourly_st_pmc_sl25_tp75_3r,audjpy_hourly_st_pmc_sl25_tp75_3r_t1364,846,Short,2013-08-08T00:00:00-04:00,87.305579,2013-08-08T03:00:00-04:00,87.556579,stop,-0.251000,-25100.00
audjpy_hourly_st_pmc_sl25_tp75_3r,audjpy_hourly_st_pmc_sl25_tp75_3r_t1366,847,Long,2013-08-15T13:00:00-04:00,89.392492,2013-08-15T14:00:00-04:00,89.141492,stop,-0.251000,-25100.00
audjpy_hourly_st_pmc_sl25_tp75_3r,audjpy_hourly_st_pmc_sl25_tp75_3r_t1367,848,Long,2013-08-19T16:00:00-04:00,89.282389,2013-08-19T17:00:00-04:00,89.031389,stop,-0.251000,-25100.00
audjpy_hourly_st_pmc_sl25_tp75_3r,audjpy_hourly_st_pmc_sl25_tp75_3r_t1369,849,Long,2013-08-26T23:00:00-04:00,88.658902,2013-08-27T00:00:00-04:00,88.407902,stop,-0.251000,-25100.00
audjpy_hourly_st_pmc_sl25_tp75_3r,audjpy_hourly_st_pmc_sl25_tp75_3r_t1371,850,Short,2013-08-28T19:00:00-04:00,87.470870,2013-08-29T01:00:00-04:00,87.721870,stop,-0.251000,-25100.00
audjpy_hourly_st_pmc_sl25_tp75_3r,audjpy_hourly_st_pmc_sl25_tp75_3r_t1373,851,Long,2013-09-06T13:00:00-04:00,90.882667,2013-09-08T21:00:00-04:00,91.632667,target,0.750000,75000.00
audjpy_hourly_st_pmc_sl25_tp75_3r,audjpy_hourly_st_pmc_sl25_tp75_3r_t1374,852,Long,2013-09-11T14:00:00-04:00,92.943592,2013-09-12T01:00:00-04:00,92.692592,stop,-0.251000,-25100.00
audjpy_hourly_st_pmc_sl25_tp75_3r,audjpy_hourly_st_pmc_sl25_tp75_3r_t1375,853,Long,2013-09-17T01:00:00-04:00,92.211152,2013-09-17T14:00:00-04:00,92.961152,target,0.750000,75000.00
audjpy_hourly_st_pmc_sl25_tp75_3r,audjpy_hourly_st_pmc_sl25_tp75_3r_t1376,854,Long,2013-09-18T09:00:00-04:00,92.489556,2013-09-18T18:00:00-04:00,93.239556,target,0.750000,75000.00
audjpy_hourly_st_pmc_sl25_tp75_3r,audjpy_hourly_st_pmc_sl25_tp75_3r_t1377,855,Long,2013-09-19T18:00:00-04:00,93.598794,2013-09-20T20:00:00-04:00,93.347794,stop,-0.251000,-25100.00
audjpy_hourly_st_pmc_sl25_tp75_3r,audjpy_hourly_st_pmc_sl25_tp75_3r_t1378,856,Long,2013-09-27T02:00:00-04:00,92.304282,2013-09-27T07:00:00-04:00,92.053282,stop,-0.251000,-25100.00
audjpy_hourly_st_pmc_sl25_tp75_3r,audjpy_hourly_st_pmc_sl25_tp75_3r_t1382,857,Short,2013-10-03T01:00:00-04:00,91.718363,2013-10-03T16:00:00-04:00,90.968363,target,0.750000,75000.00
audjpy_hourly_st_pmc_sl25_tp75_3r,audjpy_hourly_st_pmc_sl25_tp75_3r_t1383,858,Short,2013-10-04T03:00:00-04:00,91.803423,2013-10-07T07:00:00-04:00,91.053423,target,0.750000,75000.00
audjpy_hourly_st_pmc_sl25_tp75_3r,audjpy_hourly_st_pmc_sl25_tp75_3r_t1384,859,Short,2013-10-07T15:00:00-04:00,91.602257,2013-10-08T10:00:00-04:00,91.853257,stop,-0.251000,-25100.00
audjpy_hourly_st_pmc_sl25_tp75_3r,audjpy_hourly_st_pmc_sl25_tp75_3r_t1388,860,Long,2013-10-13T21:00:00-04:00,92.719012,2013-10-14T18:00:00-04:00,93.469012,target,0.750000,75000.00
audjpy_hourly_st_pmc_sl25_tp75_3r,audjpy_hourly_st_pmc_sl25_tp75_3r_t1389,861,Long,2013-10-15T18:00:00-04:00,93.556963,2013-10-15T18:00:00-04:00,93.305963,stop,-0.251000,-25100.00
audjpy_hourly_st_pmc_sl25_tp75_3r,audjpy_hourly_st_pmc_sl25_tp75_3r_t1390,862,Long,2013-10-17T06:00:00-04:00,93.871438,2013-10-18T17:00:00-04:00,94.621438,target,0.750000,75000.00
audjpy_hourly_st_pmc_sl25_tp75_3r,audjpy_hourly_st_pmc_sl25_tp75_3r_t1391,863,Long,2013-10-22T12:00:00-04:00,94.811455,2013-10-22T13:00:00-04:00,95.561455,target,0.750000,75000.00
audjpy_hourly_st_pmc_sl25_tp75_3r,audjpy_hourly_st_pmc_sl25_tp75_3r_t1392,864,Long,2013-10-23T03:00:00-04:00,95.013636,2013-10-23T03:00:00-04:00,94.762636,stop,-0.251000,-25100.00
audjpy_hourly_st_pmc_sl25_tp75_3r,audjpy_hourly_st_pmc_sl25_tp75_3r_t1393,865,Long,2013-10-28T13:00:00-04:00,93.429019,2013-10-28T22:00:00-04:00,93.178019,stop,-0.251000,-25100.00
audjpy_hourly_st_pmc_sl25_tp75_3r,audjpy_hourly_st_pmc_sl25_tp75_3r_t1394,866,Long,2013-10-31T15:00:00-04:00,92.982164,2013-11-01T04:00:00-04:00,92.731164,stop,-0.251000,-25100.00
audjpy_hourly_st_pmc_sl25_tp75_3r,audjpy_hourly_st_pmc_sl25_tp75_3r_t1397,867,Long,2013-11-05T01:00:00-05:00,93.420666,2013-11-05T03:00:00-05:00,93.169666,stop,-0.251000,-25100.00
audjpy_hourly_st_pmc_sl25_tp75_3r,audjpy_hourly_st_pmc_sl25_tp75_3r_t1398,868,Long,2013-11-07T00:00:00-05:00,93.588121,2013-11-07T16:00:00-05:00,93.337121,stop,-0.251000,-25100.00
audjpy_hourly_st_pmc_sl25_tp75_3r,audjpy_hourly_st_pmc_sl25_tp75_3r_t1399,869,Short,2013-11-13T21:00:00-05:00,92.827532,2013-11-14T00:00:00-05:00,93.078532,stop,-0.251000,-25100.00
audjpy_hourly_st_pmc_sl25_tp75_3r,audjpy_hourly_st_pmc_sl25_tp75_3r_t1402,870,Long,2013-11-18T20:00:00-05:00,93.674814,2013-11-19T01:00:00-05:00,93.423814,stop,-0.251000,-25100.00
audjpy_hourly_st_pmc_sl25_tp75_3r,audjpy_hourly_st_pmc_sl25_tp75_3r_t1403,871,Long,2013-11-20T05:00:00-05:00,93.985830,2013-11-20T13:00:00-05:00,93.734830,stop,-0.251000,-25100.00
audjpy_hourly_st_pmc_sl25_tp75_3r,audjpy_hourly_st_pmc_sl25_tp75_3r_t1409,872,Short,2013-11-27T10:00:00-05:00,92.867434,2013-11-28T00:00:00-05:00,93.118434,stop,-0.251000,-25100.00
audjpy_hourly_st_pmc_sl25_tp75_3r,audjpy_hourly_st_pmc_sl25_tp75_3r_t1415,873,Long,2013-12-03T16:00:00-05:00,93.432288,2013-12-03T18:00:00-05:00,93.181288,stop,-0.251000,-25100.00
audjpy_hourly_st_pmc_sl25_tp75_3r,audjpy_hourly_st_pmc_sl25_tp75_3r_t1416,874,Short,2013-12-06T12:00:00-05:00,92.617675,2013-12-06T13:00:00-05:00,92.868675,stop,-0.251000,-25100.00
audjpy_hourly_st_pmc_sl25_tp75_3r,audjpy_hourly_st_pmc_sl25_tp75_3r_t1417,875,Long,2013-12-11T07:00:00-05:00,93.609962,2013-12-11T10:00:00-05:00,93.358962,stop,-0.251000,-25100.00
audjpy_hourly_st_pmc_sl25_tp75_3r,audjpy_hourly_st_pmc_sl25_tp75_3r_t1418,876,Short,2013-12-12T09:00:00-05:00,93.133135,2013-12-12T13:00:00-05:00,92.383135,target,0.750000,75000.00
audjpy_hourly_st_pmc_sl25_tp75_3r,audjpy_hourly_st_pmc_sl25_tp75_3r_t1419,877,Short,2013-12-13T03:00:00-05:00,92.767433,2013-12-16T01:00:00-05:00,92.017433,target,0.750000,75000.00
audjpy_hourly_st_pmc_sl25_tp75_3r,audjpy_hourly_st_pmc_sl25_tp75_3r_t1420,878,Short,2013-12-18T00:00:00-05:00,91.791396,2013-12-18T19:00:00-05:00,92.042396,stop,-0.251000,-25100.00
audjpy_hourly_st_pmc_sl25_tp75_3r,audjpy_hourly_st_pmc_sl25_tp75_3r_t1424,879,Long,2014-01-01T22:00:00-05:00,93.582897,2014-01-02T11:00:00-05:00,93.331897,stop,-0.251000,-25100.00
audjpy_hourly_st_pmc_sl25_tp75_3r,audjpy_hourly_st_pmc_sl25_tp75_3r_t1425,880,Short,2014-01-02T15:00:00-05:00,93.749657,2014-01-03T02:00:00-05:00,92.999657,target,0.750000,75000.00
audjpy_hourly_st_pmc_sl25_tp75_3r,audjpy_hourly_st_pmc_sl25_tp75_3r_t1426,881,Short,2014-01-03T05:00:00-05:00,93.591176,2014-01-03T10:00:00-05:00,93.842176,stop,-0.251000,-25100.00
audjpy_hourly_st_pmc_sl25_tp75_3r,audjpy_hourly_st_pmc_sl25_tp75_3r_t1431,882,Long,2014-01-06T01:00:00-05:00,93.392042,2014-01-07T01:00:00-05:00,93.141042,stop,-0.251000,-25100.00
audjpy_hourly_st_pmc_sl25_tp75_3r,audjpy_hourly_st_pmc_sl25_tp75_3r_t1432,883,Short,2014-01-08T03:00:00-05:00,93.610938,2014-01-15T08:00:00-05:00,92.860938,target,0.750000,75000.00
audjpy_hourly_st_pmc_sl25_tp75_3r,audjpy_hourly_st_pmc_sl25_tp75_3r_t1433,884,Short,2014-01-15T15:00:00-05:00,93.255609,2014-01-16T00:00:00-05:00,92.505609,target,0.750000,75000.00
audjpy_hourly_st_pmc_sl25_tp75_3r,audjpy_hourly_st_pmc_sl25_tp75_3r_t1434,885,Short,2014-01-20T07:00:00-05:00,91.683202,2014-01-21T00:00:00-05:00,91.934202,stop,-0.251000,-25100.00
audjpy_hourly_st_pmc_sl25_tp75_3r,audjpy_hourly_st_pmc_sl25_tp75_3r_t1435,886,Short,2014-01-22T00:00:00-05:00,92.153837,2014-01-22T01:00:00-05:00,92.404837,stop,-0.251000,-25100.00
audjpy_hourly_st_pmc_sl25_tp75_3r,audjpy_hourly_st_pmc_sl25_tp75_3r_t1436,887,Short,2014-01-27T07:00:00-05:00,89.641295,2014-01-27T11:00:00-05:00,89.892295,stop,-0.251000,-25100.00
audjpy_hourly_st_pmc_sl25_tp75_3r,audjpy_hourly_st_pmc_sl25_tp75_3r_t1437,888,Short,2014-01-30T13:00:00-05:00,90.059031,2014-01-30T13:00:00-05:00,90.310031,stop,-0.251000,-25100.00
audjpy_hourly_st_pmc_sl25_tp75_3r,audjpy_hourly_st_pmc_sl25_tp75_3r_t1439,889,Short,2014-02-04T03:00:00-05:00,89.113187,2014-02-04T03:00:00-05:00,89.364187,stop,-0.251000,-25100.00
audjpy_hourly_st_pmc_sl25_tp75_3r,audjpy_hourly_st_pmc_sl25_tp75_3r_t1440,890,Long,2014-02-05T03:00:00-05:00,89.932229,2014-02-06T00:00:00-05:00,90.682229,target,0.750000,75000.00
audjpy_hourly_st_pmc_sl25_tp75_3r,audjpy_hourly_st_pmc_sl25_tp75_3r_t1441,891,Long,2014-02-10T07:00:00-05:00,91.123469,2014-02-11T01:00:00-05:00,91.873469,target,0.750000,75000.00
audjpy_hourly_st_pmc_sl25_tp75_3r,audjpy_hourly_st_pmc_sl25_tp75_3r_t1442,892,Long,2014-02-13T00:00:00-05:00,92.318362,2014-02-13T00:00:00-05:00,92.067362,stop,-0.251000,-25100.00
audjpy_hourly_st_pmc_sl25_tp75_3r,audjpy_hourly_st_pmc_sl25_tp75_3r_t1443,893,Long,2014-02-14T03:00:00-05:00,91.377176,2014-02-14T09:00:00-05:00,92.127176,target,0.750000,75000.00
audjpy_hourly_st_pmc_sl25_tp75_3r,audjpy_hourly_st_pmc_sl25_tp75_3r_t1444,894,Long,2014-02-18T09:00:00-05:00,92.205849,2014-02-19T01:00:00-05:00,91.954849,stop,-0.251000,-25100.00
audjpy_hourly_st_pmc_sl25_tp75_3r,audjpy_hourly_st_pmc_sl25_tp75_3r_t1445,895,Long,2014-02-24T02:00:00-05:00,91.722902,2014-02-24T16:00:00-05:00,92.472902,target,0.750000,75000.00
audjpy_hourly_st_pmc_sl25_tp75_3r,audjpy_hourly_st_pmc_sl25_tp75_3r_t1446,896,Long,2014-02-25T08:00:00-05:00,92.189795,2014-02-26T00:00:00-05:00,91.938795,stop,-0.251000,-25100.00
audjpy_hourly_st_pmc_sl25_tp75_3r,audjpy_hourly_st_pmc_sl25_tp75_3r_t1447,897,Long,2014-02-28T04:00:00-05:00,90.997276,2014-02-28T20:00:00-05:00,90.746276,stop,-0.251000,-25100.00
audjpy_hourly_st_pmc_sl25_tp75_3r,audjpy_hourly_st_pmc_sl25_tp75_3r_t1448,898,Short,2014-03-04T00:00:00-05:00,90.860133,2014-03-04T03:00:00-05:00,91.111133,stop,-0.251000,-25100.00
audjpy_hourly_st_pmc_sl25_tp75_3r,audjpy_hourly_st_pmc_sl25_tp75_3r_t1449,899,Long,2014-03-07T16:00:00-05:00,93.591770,2014-03-09T21:00:00-04:00,93.112000,stop,-0.479770,-47977.01
audjpy_hourly_st_pmc_sl25_tp75_3r,audjpy_hourly_st_pmc_sl25_tp75_3r_t1450,900,Long,2014-03-13T15:00:00-04:00,92.576590,2014-03-13T16:00:00-04:00,92.325590,stop,-0.251000,-25100.00
audjpy_hourly_st_pmc_sl25_tp75_3r,audjpy_hourly_st_pmc_sl25_tp75_3r_t1451,901,Long,2014-03-18T07:00:00-04:00,92.112857,2014-03-21T09:00:00-04:00,92.862857,target,0.750000,75000.00
audjpy_hourly_st_pmc_sl25_tp75_3r,audjpy_hourly_st_pmc_sl25_tp75_3r_t1452,902,Long,2014-03-26T17:00:00-04:00,94.151696,2014-03-26T23:00:00-04:00,93.900696,stop,-0.251000,-25100.00
audjpy_hourly_st_pmc_sl25_tp75_3r,audjpy_hourly_st_pmc_sl25_tp75_3r_t1454,903,Long,2014-04-03T01:00:00-04:00,95.670135,2014-04-04T12:00:00-04:00,96.420135,target,0.750000,75000.00
audjpy_hourly_st_pmc_sl25_tp75_3r,audjpy_hourly_st_pmc_sl25_tp75_3r_t1455,904,Long,2014-04-04T15:00:00-04:00,95.953187,2014-04-07T04:00:00-04:00,95.702187,stop,-0.251000,-25100.00
audjpy_hourly_st_pmc_sl25_tp75_3r,audjpy_hourly_st_pmc_sl25_tp75_3r_t1457,905,Short,2014-04-08T06:00:00-04:00,95.828324,2014-04-08T18:00:00-04:00,95.078324,target,0.750000,75000.00
audjpy_hourly_st_pmc_sl25_tp75_3r,audjpy_hourly_st_pmc_sl25_tp75_3r_t1458,906,Short,2014-04-09T04:00:00-04:00,95.684545,2014-04-10T01:00:00-04:00,95.935545,stop,-0.251000,-25100.00
audjpy_hourly_st_pmc_sl25_tp75_3r,audjpy_hourly_st_pmc_sl25_tp75_3r_t1464,907,Long,2014-04-15T12:00:00-04:00,95.476335,2014-04-15T14:00:00-04:00,95.225335,stop,-0.251000,-25100.00
audjpy_hourly_st_pmc_sl25_tp75_3r,audjpy_hourly_st_pmc_sl25_tp75_3r_t1465,908,Short,2014-04-16T01:00:00-04:00,95.506252,2014-04-16T04:00:00-04:00,95.757252,stop,-0.251000,-25100.00
audjpy_hourly_st_pmc_sl25_tp75_3r,audjpy_hourly_st_pmc_sl25_tp75_3r_t1470,909,Long,2014-04-23T01:00:00-04:00,95.928805,2014-04-23T01:00:00-04:00,95.677805,stop,-0.251000,-25100.00
audjpy_hourly_st_pmc_sl25_tp75_3r,audjpy_hourly_st_pmc_sl25_tp75_3r_t1471,910,Short,2014-04-28T06:00:00-04:00,95.022213,2014-04-29T13:00:00-04:00,95.273213,stop,-0.251000,-25100.00
audjpy_hourly_st_pmc_sl25_tp75_3r,audjpy_hourly_st_pmc_sl25_tp75_3r_t1478,911,Short,2014-05-05T06:00:00-04:00,94.759556,2014-05-06T04:00:00-04:00,95.010556,stop,-0.251000,-25100.00
audjpy_hourly_st_pmc_sl25_tp75_3r,audjpy_hourly_st_pmc_sl25_tp75_3r_t1481,912,Long,2014-05-08T19:00:00-04:00,95.136754,2014-05-13T12:00:00-04:00,95.886754,target,0.750000,75000.00
audjpy_hourly_st_pmc_sl25_tp75_3r,audjpy_hourly_st_pmc_sl25_tp75_3r_t1482,913,Long,2014-05-14T09:00:00-04:00,95.739519,2014-05-14T14:00:00-04:00,95.488519,stop,-0.251000,-25100.00
audjpy_hourly_st_pmc_sl25_tp75_3r,audjpy_hourly_st_pmc_sl25_tp75_3r_t1483,914,Long,2014-05-15T12:00:00-04:00,95.311939,2014-05-15T13:00:00-04:00,95.060939,stop,-0.251000,-25100.00
audjpy_hourly_st_pmc_sl25_tp75_3r,audjpy_hourly_st_pmc_sl25_tp75_3r_t1487,915,Short,2014-05-21T18:00:00-04:00,93.636940,2014-05-22T01:00:00-04:00,93.887940,stop,-0.251000,-25100.00
audjpy_hourly_st_pmc_sl25_tp75_3r,audjpy_hourly_st_pmc_sl25_tp75_3r_t1488,916,Short,2014-05-29T02:00:00-04:00,94.218702,2014-05-29T06:00:00-04:00,94.469702,stop,-0.251000,-25100.00
audjpy_hourly_st_pmc_sl25_tp75_3r,audjpy_hourly_st_pmc_sl25_tp75_3r_t1491,917,Short,2014-06-03T01:00:00-04:00,94.749914,2014-06-03T07:00:00-04:00,95.000914,stop,-0.251000,-25100.00
audjpy_hourly_st_pmc_sl25_tp75_3r,audjpy_hourly_st_pmc_sl25_tp75_3r_t1492,918,Long,2014-06-05T01:00:00-04:00,95.005338,2014-06-06T10:00:00-04:00,95.755338,target,0.750000,75000.00
audjpy_hourly_st_pmc_sl25_tp75_3r,audjpy_hourly_st_pmc_sl25_tp75_3r_t1493,919,Long,2014-06-06T12:00:00-04:00,95.413953,2014-06-23T01:00:00-04:00,96.163953,target,0.750000,75000.00
audjpy_hourly_st_pmc_sl25_tp75_3r,audjpy_hourly_st_pmc_sl25_tp75_3r_t1494,920,Long,2014-06-23T15:00:00-04:00,95.905595,2014-06-24T13:00:00-04:00,95.654595,stop,-0.251000,-25100.00
audjpy_hourly_st_pmc_sl25_tp75_3r,audjpy_hourly_st_pmc_sl25_tp75_3r_t1495,921,Long,2014-06-26T13:00:00-04:00,95.502848,2014-06-30T08:00:00-04:00,95.251848,stop,-0.251000,-25100.00
audjpy_hourly_st_pmc_sl25_tp75_3r,audjpy_hourly_st_pmc_sl25_tp75_3r_t1496,922,Long,2014-07-02T02:00:00-04:00,96.101873,2014-07-03T01:00:00-04:00,95.850873,stop,-0.251000,-25100.00
audjpy_hourly_st_pmc_sl25_tp75_3r,audjpy_hourly_st_pmc_sl25_tp75_3r_t1505,923,Short,2014-07-08T01:00:00-04:00,95.578729,2014-07-10T01:00:00-04:00,95.829729,stop,-0.251000,-25100.00
audjpy_hourly_st_pmc_sl25_tp75_3r,audjpy_hourly_st_pmc_sl25_tp75_3r_t1506,924,Long,2014-07-10T02:00:00-04:00,95.443448,2014-07-10T06:00:00-04:00,95.192448,stop,-0.251000,-25100.00
audjpy_hourly_st_pmc_sl25_tp75_3r,audjpy_hourly_st_pmc_sl25_tp75_3r_t1507,925,Short,2014-07-10T20:00:00-04:00,95.216625,2014-07-15T01:00:00-04:00,95.467625,stop,-0.251000,-25100.00
audjpy_hourly_st_pmc_sl25_tp75_3r,audjpy_hourly_st_pmc_sl25_tp75_3r_t1508,926,Short,2014-07-17T13:00:00-04:00,95.264808,2014-07-17T21:00:00-04:00,94.514808,target,0.750000,75000.00
audjpy_hourly_st_pmc_sl25_tp75_3r,audjpy_hourly_st_pmc_sl25_tp75_3r_t1509,927,Short,2014-07-18T02:00:00-04:00,94.890242,2014-07-18T07:00:00-04:00,95.141242,stop,-0.251000,-25100.00
audjpy_hourly_st_pmc_sl25_tp75_3r,audjpy_hourly_st_pmc_sl25_tp75_3r_t1510,928,Long,2014-07-24T06:00:00-04:00,95.740361,2014-07-31T09:00:00-04:00,95.489361,stop,-0.251000,-25100.00
audjpy_hourly_st_pmc_sl25_tp75_3r,audjpy_hourly_st_pmc_sl25_tp75_3r_t1516,929,Short,2014-08-08T11:00:00-04:00,94.506695,2014-08-10T21:00:00-04:00,94.765000,stop,-0.258305,-25830.50
audjpy_hourly_st_pmc_sl25_tp75_3r,audjpy_hourly_st_pmc_sl25_tp75_3r_t1517,930,Long,2014-08-15T14:00:00-04:00,95.433445,2014-08-15T14:00:00-04:00,95.182445,stop,-0.251000,-25100.00
audjpy_hourly_st_pmc_sl25_tp75_3r,audjpy_hourly_st_pmc_sl25_tp75_3r_t1518,931,Short,2014-08-18T10:00:00-04:00,95.508862,2014-08-19T01:00:00-04:00,95.759862,stop,-0.251000,-25100.00
audjpy_hourly_st_pmc_sl25_tp75_3r,audjpy_hourly_st_pmc_sl25_tp75_3r_t1519,932,Long,2014-08-19T23:00:00-04:00,95.630505,2014-08-20T19:00:00-04:00,96.380505,target,0.750000,75000.00
audjpy_hourly_st_pmc_sl25_tp75_3r,audjpy_hourly_st_pmc_sl25_tp75_3r_t1520,933,Long,2014-08-21T01:00:00-04:00,96.081907,2014-08-22T14:00:00-04:00,96.831907,target,0.750000,75000.00
audjpy_hourly_st_pmc_sl25_tp75_3r,audjpy_hourly_st_pmc_sl25_tp75_3r_t1521,934,Long,2014-08-25T10:00:00-04:00,96.770789,2014-08-26T00:00:00-04:00,96.519789,stop,-0.251000,-25100.00
audjpy_hourly_st_pmc_sl25_tp75_3r,audjpy_hourly_st_pmc_sl25_tp75_3r_t1522,935,Long,2014-08-28T10:00:00-04:00,96.830156,2014-09-02T02:00:00-04:00,97.580156,target,0.750000,75000.00
audjpy_hourly_st_pmc_sl25_tp75_3r,audjpy_hourly_st_pmc_sl25_tp75_3r_t1523,936,Long,2014-09-08T12:00:00-04:00,98.206854,2014-09-09T13:00:00-04:00,97.955854,stop,-0.251000,-25100.00
audjpy_hourly_st_pmc_sl25_tp75_3r,audjpy_hourly_st_pmc_sl25_tp75_3r_t1524,937,Long,2014-09-11T08:00:00-04:00,97.726067,2014-09-11T12:00:00-04:00,97.475067,stop,-0.251000,-25100.00
audjpy_hourly_st_pmc_sl25_tp75_3r,audjpy_hourly_st_pmc_sl25_tp75_3r_t1525,938,Short,2014-09-15T13:00:00-04:00,96.865702,2014-09-16T15:00:00-04:00,97.116702,stop,-0.251000,-25100.00
audjpy_hourly_st_pmc_sl25_tp75_3r,audjpy_hourly_st_pmc_sl25_tp75_3r_t1529,939,Long,2014-09-19T08:00:00-04:00,97.415613,2014-09-22T02:00:00-04:00,97.164613,stop,-0.251000,-25100.00
audjpy_hourly_st_pmc_sl25_tp75_3r,audjpy_hourly_st_pmc_sl25_tp75_3r_t1531,940,Short,2014-09-23T04:00:00-04:00,96.884374,2014-09-23T23:00:00-04:00,96.134374,target,0.750000,75000.00
audjpy_hourly_st_pmc_sl25_tp75_3r,audjpy_hourly_st_pmc_sl25_tp75_3r_t1532,941,Short,2014-09-24T15:00:00-04:00,96.601468,2014-09-24T19:00:00-04:00,96.852468,stop,-0.251000,-25100.00
audjpy_hourly_st_pmc_sl25_tp75_3r,audjpy_hourly_st_pmc_sl25_tp75_3r_t1533,942,Short,2014-09-26T10:00:00-04:00,95.915808,2014-09-29T02:00:00-04:00,95.165808,target,0.750000,75000.00
audjpy_hourly_st_pmc_sl25_tp75_3r,audjpy_hourly_st_pmc_sl25_tp75_3r_t1534,943,Short,2014-09-30T03:00:00-04:00,95.674700,2014-09-30T14:00:00-04:00,95.925700,stop,-0.251000,-25100.00
audjpy_hourly_st_pmc_sl25_tp75_3r,audjpy_hourly_st_pmc_sl25_tp75_3r_t1535,944,Short,2014-10-01T08:00:00-04:00,95.787222,2014-10-01T21:00:00-04:00,95.037222,target,0.750000,75000.00
audjpy_hourly_st_pmc_sl25_tp75_3r,audjpy_hourly_st_pmc_sl25_tp75_3r_t1536,945,Short,2014-10-02T01:00:00-04:00,95.591110,2014-10-03T06:00:00-04:00,95.842110,stop,-0.251000,-25100.00
audjpy_hourly_st_pmc_sl25_tp75_3r,audjpy_hourly_st_pmc_sl25_tp75_3r_t1537,946,Short,2014-10-08T18:00:00-04:00,95.260454,2014-10-08T18:00:00-04:00,95.511454,stop,-0.251000,-25100.00
audjpy_hourly_st_pmc_sl25_tp75_3r,audjpy_hourly_st_pmc_sl25_tp75_3r_t1539,947,Short,2014-10-13T08:00:00-04:00,93.725390,2014-10-13T10:00:00-04:00,93.976390,stop,-0.251000,-25100.00
audjpy_hourly_st_pmc_sl25_tp75_3r,audjpy_hourly_st_pmc_sl25_tp75_3r_t1540,948,Short,2014-10-15T06:00:00-04:00,93.804762,2014-10-15T16:00:00-04:00,93.054762,target,0.750000,75000.00
audjpy_hourly_st_pmc_sl25_tp75_3r,audjpy_hourly_st_pmc_sl25_tp75_3r_t1541,949,Short,2014-10-15T19:00:00-04:00,93.528741,2014-10-16T07:00:00-04:00,92.778741,target,0.750000,75000.00
audjpy_hourly_st_pmc_sl25_tp75_3r,audjpy_hourly_st_pmc_sl25_tp75_3r_t1542,950,Short,2014-10-16T14:00:00-04:00,92.943105,2014-10-16T15:00:00-04:00,93.194105,stop,-0.251000,-25100.00
audjpy_hourly_st_pmc_sl25_tp75_3r,audjpy_hourly_st_pmc_sl25_tp75_3r_t1543,951,Short,2014-10-23T08:00:00-04:00,94.425305,2014-10-23T11:00:00-04:00,94.676305,stop,-0.251000,-25100.00
audjpy_hourly_st_pmc_sl25_tp75_3r,audjpy_hourly_st_pmc_sl25_tp75_3r_t1544,952,Short,2014-10-24T08:00:00-04:00,94.916072,2014-10-24T12:00:00-04:00,95.167072,stop,-0.251000,-25100.00
audjpy_hourly_st_pmc_sl25_tp75_3r,audjpy_hourly_st_pmc_sl25_tp75_3r_t1546,953,Long,2014-10-29T18:00:00-04:00,95.810802,2014-10-29T18:00:00-04:00,95.559802,stop,-0.251000,-25100.00
audjpy_hourly_st_pmc_sl25_tp75_3r,audjpy_hourly_st_pmc_sl25_tp75_3r_t1550,954,Long,2014-11-04T00:00:00-05:00,98.520434,2014-11-04T19:00:00-05:00,99.270434,target,0.750000,75000.00
audjpy_hourly_st_pmc_sl25_tp75_3r,audjpy_hourly_st_pmc_sl25_tp75_3r_t1551,955,Long,2014-11-05T10:00:00-05:00,99.057812,2014-11-05T10:00:00-05:00,98.806812,stop,-0.251000,-25100.00
audjpy_hourly_st_pmc_sl25_tp75_3r,audjpy_hourly_st_pmc_sl25_tp75_3r_t1554,956,Long,2014-11-12T06:00:00-05:00,100.103589,2014-11-13T01:00:00-05:00,100.853589,target,0.750000,75000.00
audjpy_hourly_st_pmc_sl25_tp75_3r,audjpy_hourly_st_pmc_sl25_tp75_3r_t1555,957,Long,2014-11-17T05:00:00-05:00,101.524332,2014-11-17T09:00:00-05:00,101.273332,stop,-0.251000,-25100.00
audjpy_hourly_st_pmc_sl25_tp75_3r,audjpy_hourly_st_pmc_sl25_tp75_3r_t1556,958,Long,2014-11-18T10:00:00-05:00,101.405358,2014-11-21T10:00:00-05:00,102.155358,target,0.750000,75000.00
audjpy_hourly_st_pmc_sl25_tp75_3r,audjpy_hourly_st_pmc_sl25_tp75_3r_t1557,959,Long,2014-11-24T17:00:00-05:00,101.874514,2014-11-25T01:00:00-05:00,101.623514,stop,-0.251000,-25100.00
audjpy_hourly_st_pmc_sl25_tp75_3r,audjpy_hourly_st_pmc_sl25_tp75_3r_t1558,960,Long,2014-11-30T22:00:00-05:00,100.666499,2014-11-30T23:00:00-05:00,100.415499,stop,-0.251000,-25100.00
audjpy_hourly_st_pmc_sl25_tp75_3r,audjpy_hourly_st_pmc_sl25_tp75_3r_t1561,961,Long,2014-12-03T00:00:00-05:00,100.389700,2014-12-03T00:00:00-05:00,100.138700,stop,-0.251000,-25100.00
audjpy_hourly_st_pmc_sl25_tp75_3r,audjpy_hourly_st_pmc_sl25_tp75_3r_t1564,962,Long,2014-12-04T06:00:00-05:00,100.235512,2014-12-05T13:00:00-05:00,100.985512,target,0.750000,75000.00
audjpy_hourly_st_pmc_sl25_tp75_3r,audjpy_hourly_st_pmc_sl25_tp75_3r_t1565,963,Long,2014-12-08T04:00:00-05:00,100.697818,2014-12-08T06:00:00-05:00,100.446818,stop,-0.251000,-25100.00
audjpy_hourly_st_pmc_sl25_tp75_3r,audjpy_hourly_st_pmc_sl25_tp75_3r_t1567,964,Short,2014-12-16T16:00:00-05:00,96.667280,2014-12-16T20:00:00-05:00,95.917280,target,0.750000,75000.00
audjpy_hourly_st_pmc_sl25_tp75_3r,audjpy_hourly_st_pmc_sl25_tp75_3r_t1568,965,Short,2014-12-17T19:00:00-05:00,96.334998,2014-12-17T19:00:00-05:00,96.585998,stop,-0.251000,-25100.00
audjpy_hourly_st_pmc_sl25_tp75_3r,audjpy_hourly_st_pmc_sl25_tp75_3r_t1569,966,Short,2014-12-17T20:00:00-05:00,96.334998,2014-12-17T20:00:00-05:00,96.585998,stop,-0.251000,-25100.00
audjpy_hourly_st_pmc_sl25_tp75_3r,audjpy_hourly_st_pmc_sl25_tp75_3r_t1570,967,Short,2014-12-30T16:00:00-05:00,97.944496,2014-12-31T16:00:00-05:00,98.195496,stop,-0.251000,-25100.00
audjpy_hourly_st_pmc_sl25_tp75_3r,audjpy_hourly_st_pmc_sl25_tp75_3r_t1571,968,Long,2015-01-02T15:00:00-05:00,97.517796,2015-01-04T22:00:00-05:00,97.242000,stop,-0.275796,-27579.62
audjpy_hourly_st_pmc_sl25_tp75_3r,audjpy_hourly_st_pmc_sl25_tp75_3r_t1572,969,Short,2015-01-06T02:00:00-05:00,97.186849,2015-01-06T15:00:00-05:00,96.436849,target,0.750000,75000.00
audjpy_hourly_st_pmc_sl25_tp75_3r,audjpy_hourly_st_pmc_sl25_tp75_3r_t1573,970,Short,2015-01-08T00:00:00-05:00,96.528559,2015-01-08T01:00:00-05:00,96.779559,stop,-0.251000,-25100.00
audjpy_hourly_st_pmc_sl25_tp75_3r,audjpy_hourly_st_pmc_sl25_tp75_3r_t1574,971,Short,2015-01-13T06:00:00-05:00,96.858222,2015-01-13T18:00:00-05:00,96.108222,target,0.750000,75000.00
audjpy_hourly_st_pmc_sl25_tp75_3r,audjpy_hourly_st_pmc_sl25_tp75_3r_t1575,972,Short,2015-01-14T19:00:00-05:00,95.476793,2015-01-14T20:00:00-05:00,95.727793,stop,-0.251000,-25100.00
audjpy_hourly_st_pmc_sl25_tp75_3r,audjpy_hourly_st_pmc_sl25_tp75_3r_t1576,973,Short,2015-01-16T15:00:00-05:00,96.451227,2015-01-16T17:00:00-05:00,96.702227,stop,-0.251000,-25100.00
audjpy_hourly_st_pmc_sl25_tp75_3r,audjpy_hourly_st_pmc_sl25_tp75_3r_t1577,974,Short,2015-01-26T08:00:00-05:00,93.576284,2015-01-26T13:00:00-05:00,93.827284,stop,-0.251000,-25100.00
audjpy_hourly_st_pmc_sl25_tp75_3r,audjpy_hourly_st_pmc_sl25_tp75_3r_t1579,975,Short,2015-02-03T14:00:00-05:00,90.660173,2015-02-03T16:00:00-05:00,90.911173,stop,-0.251000,-25100.00
audjpy_hourly_st_pmc_sl25_tp75_3r,audjpy_hourly_st_pmc_sl25_tp75_3r_t1580,976,Long,2015-02-04T14:00:00-05:00,91.128967,2015-02-04T21:00:00-05:00,90.877967,stop,-0.251000,-25100.00
audjpy_hourly_st_pmc_sl25_tp75_3r,audjpy_hourly_st_pmc_sl25_tp75_3r_t1583,977,Long,2015-02-12T00:00:00-05:00,92.382450,2015-02-12T00:00:00-05:00,92.131450,stop,-0.251000,-25100.00
audjpy_hourly_st_pmc_sl25_tp75_3r,audjpy_hourly_st_pmc_sl25_tp75_3r_t1584,978,Long,2015-02-18T17:00:00-05:00,92.685525,2015-02-19T05:00:00-05:00,92.434525,stop,-0.251000,-25100.00
audjpy_hourly_st_pmc_sl25_tp75_3r,audjpy_hourly_st_pmc_sl25_tp75_3r_t1585,979,Long,2015-02-20T14:00:00-05:00,92.565558,2015-02-20T19:00:00-05:00,93.315558,target,0.750000,75000.00
audjpy_hourly_st_pmc_sl25_tp75_3r,audjpy_hourly_st_pmc_sl25_tp75_3r_t1586,980,Long,2015-02-23T10:00:00-05:00,92.728063,2015-02-24T04:00:00-05:00,92.477063,stop,-0.251000,-25100.00
audjpy_hourly_st_pmc_sl25_tp75_3r,audjpy_hourly_st_pmc_sl25_tp75_3r_t1587,981,Long,2015-02-26T01:00:00-05:00,93.341625,2015-02-26T19:00:00-05:00,93.090625,stop,-0.251000,-25100.00
audjpy_hourly_st_pmc_sl25_tp75_3r,audjpy_hourly_st_pmc_sl25_tp75_3r_t1591,982,Long,2015-03-04T15:00:00-05:00,93.450128,2015-03-05T18:00:00-05:00,93.199128,stop,-0.251000,-25100.00
audjpy_hourly_st_pmc_sl25_tp75_3r,audjpy_hourly_st_pmc_sl25_tp75_3r_t1593,983,Long,2015-03-06T14:00:00-05:00,93.445851,2015-03-06T18:00:00-05:00,93.194851,stop,-0.251000,-25100.00
audjpy_hourly_st_pmc_sl25_tp75_3r,audjpy_hourly_st_pmc_sl25_tp75_3r_t1597,984,Short,2015-03-12T06:00:00-04:00,92.714467,2015-03-12T07:00:00-04:00,92.965467,stop,-0.251000,-25100.00
audjpy_hourly_st_pmc_sl25_tp75_3r,audjpy_hourly_st_pmc_sl25_tp75_3r_t1601,985,Short,2015-03-18T16:00:00-04:00,92.598011,2015-03-18T18:00:00-04:00,92.849011,stop,-0.251000,-25100.00
audjpy_hourly_st_pmc_sl25_tp75_3r,audjpy_hourly_st_pmc_sl25_tp75_3r_t1604,986,Short,2015-03-20T08:00:00-04:00,92.878162,2015-03-20T11:00:00-04:00,93.129162,stop,-0.251000,-25100.00
audjpy_hourly_st_pmc_sl25_tp75_3r,audjpy_hourly_st_pmc_sl25_tp75_3r_t1608,987,Long,2015-03-25T15:00:00-04:00,93.836180,2015-03-25T23:00:00-04:00,93.585180,stop,-0.251000,-25100.00
audjpy_hourly_st_pmc_sl25_tp75_3r,audjpy_hourly_st_pmc_sl25_tp75_3r_t1612,988,Short,2015-03-31T15:00:00-04:00,91.662344,2015-04-01T18:00:00-04:00,90.912344,target,0.750000,75000.00
audjpy_hourly_st_pmc_sl25_tp75_3r,audjpy_hourly_st_pmc_sl25_tp75_3r_t1613,989,Short,2015-04-02T13:00:00-04:00,90.846744,2015-04-03T11:00:00-04:00,91.097744,stop,-0.251000,-25100.00
audjpy_hourly_st_pmc_sl25_tp75_3r,audjpy_hourly_st_pmc_sl25_tp75_3r_t1614,990,Long,2015-04-10T08:00:00-04:00,92.457998,2015-04-10T10:00:00-04:00,92.206998,stop,-0.251000,-25100.00
audjpy_hourly_st_pmc_sl25_tp75_3r,audjpy_hourly_st_pmc_sl25_tp75_3r_t1616,991,Short,2015-04-14T15:00:00-04:00,91.170582,2015-04-15T17:00:00-04:00,91.421582,stop,-0.251000,-25100.00
audjpy_hourly_st_pmc_sl25_tp75_3r,audjpy_hourly_st_pmc_sl25_tp75_3r_t1617,992,Long,2015-04-17T15:00:00-04:00,92.399167,2015-04-19T21:00:00-04:00,93.149167,target,0.750000,75000.00
audjpy_hourly_st_pmc_sl25_tp75_3r,audjpy_hourly_st_pmc_sl25_tp75_3r_t1618,993,Long,2015-04-20T12:00:00-04:00,92.341954,2015-04-20T14:00:00-04:00,92.090954,stop,-0.251000,-25100.00
audjpy_hourly_st_pmc_sl25_tp75_3r,audjpy_hourly_st_pmc_sl25_tp75_3r_t1619,994,Long,2015-04-23T06:00:00-04:00,92.620492,2015-04-27T13:00:00-04:00,93.370492,target,0.750000,75000.00
audjpy_hourly_st_pmc_sl25_tp75_3r,audjpy_hourly_st_pmc_sl25_tp75_3r_t1620,995,Long,2015-04-29T21:00:00-04:00,95.246306,2015-04-30T02:00:00-04:00,94.995306,stop,-0.251000,-25100.00
audjpy_hourly_st_pmc_sl25_tp75_3r,audjpy_hourly_st_pmc_sl25_tp75_3r_t1622,996,Short,2015-05-05T04:00:00-04:00,94.551184,2015-05-05T04:00:00-04:00,94.802184,stop,-0.251000,-25100.00
audjpy_hourly_st_pmc_sl25_tp75_3r,audjpy_hourly_st_pmc_sl25_tp75_3r_t1623,997,Long,2015-05-06T17:00:00-04:00,95.195283,2015-05-07T01:00:00-04:00,94.944283,stop,-0.251000,-25100.00
audjpy_hourly_st_pmc_sl25_tp75_3r,audjpy_hourly_st_pmc_sl25_tp75_3r_t1624,998,Long,2015-05-12T21:00:00-04:00,95.296240,2015-05-13T09:00:00-04:00,96.046240,target,0.750000,75000.00
audjpy_hourly_st_pmc_sl25_tp75_3r,audjpy_hourly_st_pmc_sl25_tp75_3r_t1625,999,Long,2015-05-14T07:00:00-04:00,96.397572,2015-05-14T08:00:00-04:00,96.146572,stop,-0.251000,-25100.00
audjpy_hourly_st_pmc_sl25_tp75_3r,audjpy_hourly_st_pmc_sl25_tp75_3r_t1626,1000,Long,2015-05-26T15:00:00-04:00,95.224134,2015-05-28T01:00:00-04:00,95.974134,target,0.750000,75000.00
audjpy_hourly_st_pmc_sl25_tp75_3r,audjpy_hourly_st_pmc_sl25_tp75_3r_t1630,1001,Long,2015-06-04T01:00:00-04:00,96.339224,2015-06-04T01:00:00-04:00,96.088224,stop,-0.251000,-25100.00
audjpy_hourly_st_pmc_sl25_tp75_3r,audjpy_hourly_st_pmc_sl25_tp75_3r_t1631,1002,Long,2015-06-05T13:00:00-04:00,95.689507,2015-06-08T04:00:00-04:00,95.438507,stop,-0.251000,-25100.00
audjpy_hourly_st_pmc_sl25_tp75_3r,audjpy_hourly_st_pmc_sl25_tp75_3r_t1633,1003,Long,2015-06-12T08:00:00-04:00,95.221554,2015-06-15T14:00:00-04:00,95.971554,target,0.750000,75000.00
audjpy_hourly_st_pmc_sl25_tp75_3r,audjpy_hourly_st_pmc_sl25_tp75_3r_t1634,1004,Long,2015-06-16T08:00:00-04:00,95.453089,2015-06-17T07:00:00-04:00,95.202089,stop,-0.251000,-25100.00
audjpy_hourly_st_pmc_sl25_tp75_3r,audjpy_hourly_st_pmc_sl25_tp75_3r_t1635,1005,Long,2015-06-18T04:00:00-04:00,95.056692,2015-06-18T09:00:00-04:00,95.806692,target,0.750000,75000.00
audjpy_hourly_st_pmc_sl25_tp75_3r,audjpy_hourly_st_pmc_sl25_tp75_3r_t1636,1006,Long,2015-06-19T04:00:00-04:00,95.646937,2015-06-19T09:00:00-04:00,95.395937,stop,-0.251000,-25100.00
audjpy_hourly_st_pmc_sl25_tp75_3r,audjpy_hourly_st_pmc_sl25_tp75_3r_t1637,1007,Long,2015-06-22T21:00:00-04:00,95.274538,2015-06-24T00:00:00-04:00,96.024538,target,0.750000,75000.00
audjpy_hourly_st_pmc_sl25_tp75_3r,audjpy_hourly_st_pmc_sl25_tp75_3r_t1638,1008,Long,2015-06-24T14:00:00-04:00,95.574227,2015-06-26T01:00:00-04:00,95.323227,stop,-0.251000,-25100.00
audjpy_hourly_st_pmc_sl25_tp75_3r,audjpy_hourly_st_pmc_sl25_tp75_3r_t1639,1009,Short,2015-06-29T01:00:00-04:00,94.042777,2015-06-29T02:00:00-04:00,94.293777,stop,-0.251000,-25100.00
audjpy_hourly_st_pmc_sl25_tp75_3r,audjpy_hourly_st_pmc_sl25_tp75_3r_t1640,1010,Long,2015-07-01T18:00:00-04:00,94.148427,2015-07-02T09:00:00-04:00,93.897427,stop,-0.251000,-25100.00
audjpy_hourly_st_pmc_sl25_tp75_3r,audjpy_hourly_st_pmc_sl25_tp75_3r_t1641,1011,Short,2015-07-06T01:00:00-04:00,92.112187,2015-07-06T04:00:00-04:00,91.362187,target,0.750000,75000.00
audjpy_hourly_st_pmc_sl25_tp75_3r,audjpy_hourly_st_pmc_sl25_tp75_3r_t1642,1012,Short,2015-07-06T06:00:00-04:00,92.112187,2015-07-06T14:00:00-04:00,92.363187,stop,-0.251000,-25100.00
audjpy_hourly_st_pmc_sl25_tp75_3r,audjpy_hourly_st_pmc_sl25_tp75_3r_t1643,1013,Short,2015-07-07T19:00:00-04:00,91.359237,2015-07-07T19:00:00-04:00,91.610237,stop,-0.251000,-25100.00
audjpy_hourly_st_pmc_sl25_tp75_3r,audjpy_hourly_st_pmc_sl25_tp75_3r_t1644,1014,Short,2015-07-07T20:00:00-04:00,91.359237,2015-07-08T01:00:00-04:00,90.609237,target,0.750000,75000.00
audjpy_hourly_st_pmc_sl25_tp75_3r,audjpy_hourly_st_pmc_sl25_tp75_3r_t1645,1015,Short,2015-07-09T02:00:00-04:00,90.283203,2015-07-09T02:00:00-04:00,90.534203,stop,-0.251000,-25100.00
audjpy_hourly_st_pmc_sl25_tp75_3r,audjpy_hourly_st_pmc_sl25_tp75_3r_t1646,1016,Short,2015-07-16T09:00:00-04:00,91.715851,2015-07-16T13:00:00-04:00,91.966851,stop,-0.251000,-25100.00
audjpy_hourly_st_pmc_sl25_tp75_3r,audjpy_hourly_st_pmc_sl25_tp75_3r_t1647,1017,Short,2015-07-20T06:00:00-04:00,91.591071,2015-07-21T13:00:00-04:00,91.842071,stop,-0.251000,-25100.00
audjpy_hourly_st_pmc_sl25_tp75_3r,audjpy_hourly_st_pmc_sl25_tp75_3r_t1648,1018,Short,2015-07-28T02:00:00-04:00,90.087196,2015-07-28T04:00:00-04:00,90.338196,stop,-0.251000,-25100.00
audjpy_hourly_st_pmc_sl25_tp75_3r,audjpy_hourly_st_pmc_sl25_tp75_3r_t1649,1019,Short,2015-07-31T12:00:00-04:00,90.558218,2015-07-31T13:00:00-04:00,90.809218,stop,-0.251000,-25100.00
audjpy_hourly_st_pmc_sl25_tp75_3r,audjpy_hourly_st_pmc_sl25_tp75_3r_t1651,1020,Short,2015-08-04T01:00:00-04:00,90.519543,2015-08-04T04:00:00-04:00,90.770543,stop,-0.251000,-25100.00
audjpy_hourly_st_pmc_sl25_tp75_3r,audjpy_hourly_st_pmc_sl25_tp75_3r_t1652,1021,Long,2015-08-05T05:00:00-04:00,91.414279,2015-08-06T01:00:00-04:00,92.164279,target,0.750000,75000.00
audjpy_hourly_st_pmc_sl25_tp75_3r,audjpy_hourly_st_pmc_sl25_tp75_3r_t1653,1022,Long,2015-08-07T13:00:00-04:00,91.628168,2015-08-10T16:00:00-04:00,92.378168,target,0.750000,75000.00
audjpy_hourly_st_pmc_sl25_tp75_3r,audjpy_hourly_st_pmc_sl25_tp75_3r_t1654,1023,Long,2015-08-11T01:00:00-04:00,92.043035,2015-08-11T01:00:00-04:00,91.792035,stop,-0.251000,-25100.00
audjpy_hourly_st_pmc_sl25_tp75_3r,audjpy_hourly_st_pmc_sl25_tp75_3r_t1655,1024,Long,2015-08-13T14:00:00-04:00,91.154748,2015-08-14T07:00:00-04:00,91.904748,target,0.750000,75000.00
audjpy_hourly_st_pmc_sl25_tp75_3r,audjpy_hourly_st_pmc_sl25_tp75_3r_t1656,1025,Long,2015-08-18T06:00:00-04:00,91.471139,2015-08-18T07:00:00-04:00,91.220139,stop,-0.251000,-25100.00
audjpy_hourly_st_pmc_sl25_tp75_3r,audjpy_hourly_st_pmc_sl25_tp75_3r_t1657,1026,Long,2015-08-19T15:00:00-04:00,90.978136,2015-08-20T06:00:00-04:00,90.727136,stop,-0.251000,-25100.00
audjpy_hourly_st_pmc_sl25_tp75_3r,audjpy_hourly_st_pmc_sl25_tp75_3r_t1659,1027,Short,2015-08-25T01:00:00-04:00,86.341471,2015-08-25T01:00:00-04:00,86.592471,stop,-0.251000,-25100.00
audjpy_hourly_st_pmc_sl25_tp75_3r,audjpy_hourly_st_pmc_sl25_tp75_3r_t1660,1028,Short,2015-08-27T01:00:00-04:00,85.839306,2015-08-27T06:00:00-04:00,85.089306,target,0.750000,75000.00
audjpy_hourly_st_pmc_sl25_tp75_3r,audjpy_hourly_st_pmc_sl25_tp75_3r_t1661,1029,Short,2015-08-27T07:00:00-04:00,85.839306,2015-08-27T07:00:00-04:00,86.090306,stop,-0.251000,-25100.00
audjpy_hourly_st_pmc_sl25_tp75_3r,audjpy_hourly_st_pmc_sl25_tp75_3r_t1662,1030,Short,2015-08-28T19:00:00-04:00,87.048795,2015-08-28T20:00:00-04:00,87.299795,stop,-0.251000,-25100.00
audjpy_hourly_st_pmc_sl25_tp75_3r,audjpy_hourly_st_pmc_sl25_tp75_3r_t1665,1031,Short,2015-09-02T18:00:00-04:00,84.750962,2015-09-02T22:00:00-04:00,85.001962,stop,-0.251000,-25100.00
audjpy_hourly_st_pmc_sl25_tp75_3r,audjpy_hourly_st_pmc_sl25_tp75_3r_t1666,1032,Short,2015-09-08T06:00:00-04:00,83.225089,2015-09-08T06:00:00-04:00,83.476089,stop,-0.251000,-25100.00
audjpy_hourly_st_pmc_sl25_tp75_3r,audjpy_hourly_st_pmc_sl25_tp75_3r_t1667,1033,Short,2015-09-10T04:00:00-04:00,84.565469,2015-09-10T04:00:00-04:00,84.816469,stop,-0.251000,-25100.00
audjpy_hourly_st_pmc_sl25_tp75_3r,audjpy_hourly_st_pmc_sl25_tp75_3r_t1668,1034,Short,2015-09-10T05:00:00-04:00,84.565469,2015-09-10T07:00:00-04:00,84.816469,stop,-0.251000,-25100.00
audjpy_hourly_st_pmc_sl25_tp75_3r,audjpy_hourly_st_pmc_sl25_tp75_3r_t1669,1035,Short,2015-09-14T22:00:00-04:00,85.916334,2015-09-14T23:00:00-04:00,86.167334,stop,-0.251000,-25100.00
audjpy_hourly_st_pmc_sl25_tp75_3r,audjpy_hourly_st_pmc_sl25_tp75_3r_t1671,1036,Short,2015-09-15T19:00:00-04:00,85.909072,2015-09-16T06:00:00-04:00,86.160072,stop,-0.251000,-25100.00
audjpy_hourly_st_pmc_sl25_tp75_3r,audjpy_hourly_st_pmc_sl25_tp75_3r_t1672,1037,Long,2015-09-17T19:00:00-04:00,86.230559,2015-09-17T19:00:00-04:00,85.979559,stop,-0.251000,-25100.00
audjpy_hourly_st_pmc_sl25_tp75_3r,audjpy_hourly_st_pmc_sl25_tp75_3r_t1676,1038,Short,2015-09-23T11:00:00-04:00,84.943981,2015-09-23T15:00:00-04:00,84.193981,target,0.750000,75000.00
audjpy_hourly_st_pmc_sl25_tp75_3r,audjpy_hourly_st_pmc_sl25_tp75_3r_t1677,1039,Short,2015-09-24T18:00:00-04:00,84.021428,2015-09-24T18:00:00-04:00,84.272428,stop,-0.251000,-25100.00
audjpy_hourly_st_pmc_sl25_tp75_3r,audjpy_hourly_st_pmc_sl25_tp75_3r_t1678,1040,Short,2015-09-29T07:00:00-04:00,83.633013,2015-09-29T07:00:00-04:00,82.883013,target,0.750000,75000.00
audjpy_hourly_st_pmc_sl25_tp75_3r,audjpy_hourly_st_pmc_sl25_tp75_3r_t1679,1041,Short,2015-09-29T08:00:00-04:00,83.633013,2015-09-29T12:00:00-04:00,83.884013,stop,-0.251000,-25100.00
audjpy_hourly_st_pmc_sl25_tp75_3r,audjpy_hourly_st_pmc_sl25_tp75_3r_t1680,1042,Long,2015-10-01T16:00:00-04:00,84.207495,2015-10-02T12:00:00-04:00,83.956495,stop,-0.251000,-25100.00
audjpy_hourly_st_pmc_sl25_tp75_3r,audjpy_hourly_st_pmc_sl25_tp75_3r_t1682,1043,Long,2015-10-08T02:00:00-04:00,86.131773,2015-10-08T06:00:00-04:00,85.880773,stop,-0.251000,-25100.00
audjpy_hourly_st_pmc_sl25_tp75_3r,audjpy_hourly_st_pmc_sl25_tp75_3r_t1683,1044,Long,2015-10-13T00:00:00-04:00,87.987314,2015-10-13T02:00:00-04:00,87.736314,stop,-0.251000,-25100.00
audjpy_hourly_st_pmc_sl25_tp75_3r,audjpy_hourly_st_pmc_sl25_tp75_3r_t1684,1045,Long,2015-10-15T11:00:00-04:00,86.614015,2015-10-15T12:00:00-04:00,86.363015,stop,-0.251000,-25100.00
audjpy_hourly_st_pmc_sl25_tp75_3r,audjpy_hourly_st_pmc_sl25_tp75_3r_t1685,1046,Long,2015-10-21T06:00:00-04:00,86.755515,2015-10-21T07:00:00-04:00,86.504515,stop,-0.251000,-25100.00
audjpy_hourly_st_pmc_sl25_tp75_3r,audjpy_hourly_st_pmc_sl25_tp75_3r_t1686,1047,Long,2015-10-27T02:00:00-04:00,87.281394,2015-10-27T12:00:00-04:00,87.030394,stop,-0.251000,-25100.00
audjpy_hourly_st_pmc_sl25_tp75_3r,audjpy_hourly_st_pmc_sl25_tp75_3r_t1690,1048,Long,2015-11-03T03:00:00-05:00,86.100159,2015-11-03T03:00:00-05:00,86.850159,target,0.750000,75000.00
audjpy_hourly_st_pmc_sl25_tp75_3r,audjpy_hourly_st_pmc_sl25_tp75_3r_t1691,1049,Long,2015-11-04T14:00:00-05:00,86.895108,2015-11-04T23:00:00-05:00,86.644108,stop,-0.251000,-25100.00
audjpy_hourly_st_pmc_sl25_tp75_3r,audjpy_hourly_st_pmc_sl25_tp75_3r_t1692,1050,Long,2015-11-06T13:00:00-05:00,86.822412,2015-11-06T15:00:00-05:00,86.571412,stop,-0.251000,-25100.00
audjpy_hourly_st_pmc_sl25_tp75_3r,audjpy_hourly_st_pmc_sl25_tp75_3r_t1693,1051,Long,2015-11-09T15:00:00-05:00,86.757000,2015-11-10T18:00:00-05:00,86.506000,stop,-0.251000,-25100.00
audjpy_hourly_st_pmc_sl25_tp75_3r,audjpy_hourly_st_pmc_sl25_tp75_3r_t1694,1052,Long,2015-11-12T13:00:00-05:00,87.352414,2015-11-15T22:00:00-05:00,87.023000,stop,-0.329414,-32941.39
audjpy_hourly_st_pmc_sl25_tp75_3r,audjpy_hourly_st_pmc_sl25_tp75_3r_t1695,1053,Long,2015-11-18T04:00:00-05:00,87.477636,2015-11-19T01:00:00-05:00,88.227636,target,0.750000,75000.00
audjpy_hourly_st_pmc_sl25_tp75_3r,audjpy_hourly_st_pmc_sl25_tp75_3r_t1696,1054,Long,2015-11-23T01:00:00-05:00,88.507781,2015-11-23T02:00:00-05:00,88.256781,stop,-0.251000,-25100.00
audjpy_hourly_st_pmc_sl25_tp75_3r,audjpy_hourly_st_pmc_sl25_tp75_3r_t1697,1055,Long,2015-11-26T00:00:00-05:00,88.642052,2015-11-26T10:00:00-05:00,88.391052,stop,-0.251000,-25100.00
audjpy_hourly_st_pmc_sl25_tp75_3r,audjpy_hourly_st_pmc_sl25_tp75_3r_t1698,1056,Long,2015-12-03T00:00:00-05:00,89.882597,2015-12-04T05:00:00-05:00,89.631597,stop,-0.251000,-25100.00
audjpy_hourly_st_pmc_sl25_tp75_3r,audjpy_hourly_st_pmc_sl25_tp75_3r_t1699,1057,Long,2015-12-07T12:00:00-05:00,89.974158,2015-12-07T14:00:00-05:00,89.723158,stop,-0.251000,-25100.00
audjpy_hourly_st_pmc_sl25_tp75_3r,audjpy_hourly_st_pmc_sl25_tp75_3r_t1700,1058,Short,2015-12-10T00:00:00-05:00,88.186898,2015-12-10T00:00:00-05:00,88.437898,stop,-0.251000,-25100.00
audjpy_hourly_st_pmc_sl25_tp75_3r,audjpy_hourly_st_pmc_sl25_tp75_3r_t1701,1059,Short,2015-12-14T06:00:00-05:00,87.451363,2015-12-14T15:00:00-05:00,87.702363,stop,-0.251000,-25100.00
audjpy_hourly_st_pmc_sl25_tp75_3r,audjpy_hourly_st_pmc_sl25_tp75_3r_t1702,1060,Short,2015-12-18T03:00:00-05:00,87.903790,2015-12-18T04:00:00-05:00,87.153790,target,0.750000,75000.00
audjpy_hourly_st_pmc_sl25_tp75_3r,audjpy_hourly_st_pmc_sl25_tp75_3r_t1703,1061,Short,2015-12-18T15:00:00-05:00,87.273155,2015-12-22T02:00:00-05:00,87.524155,stop,-0.251000,-25100.00
audjpy_hourly_st_pmc_sl25_tp75_3r,audjpy_hourly_st_pmc_sl25_tp75_3r_t1704,1062,Short,2015-12-24T02:00:00-05:00,87.603433,2015-12-29T15:00:00-05:00,87.854433,stop,-0.251000,-25100.00
audjpy_hourly_st_pmc_sl25_tp75_3r,audjpy_hourly_st_pmc_sl25_tp75_3r_t1706,1063,Short,2016-01-05T01:00:00-05:00,86.205775,2016-01-05T09:00:00-05:00,85.455775,target,0.750000,75000.00
audjpy_hourly_st_pmc_sl25_tp75_3r,audjpy_hourly_st_pmc_sl25_tp75_3r_t1707,1064,Short,2016-01-08T01:00:00-05:00,83.288535,2016-01-08T01:00:00-05:00,83.539535,stop,-0.251000,-25100.00
audjpy_hourly_st_pmc_sl25_tp75_3r,audjpy_hourly_st_pmc_sl25_tp75_3r_t1708,1065,Short,2016-01-11T08:00:00-05:00,82.395568,2016-01-11T09:00:00-05:00,82.646568,stop,-0.251000,-25100.00
audjpy_hourly_st_pmc_sl25_tp75_3r,audjpy_hourly_st_pmc_sl25_tp75_3r_t1709,1066,Short,2016-01-12T13:00:00-05:00,82.715244,2016-01-12T16:00:00-05:00,81.965244,target,0.750000,75000.00
audjpy_hourly_st_pmc_sl25_tp75_3r,audjpy_hourly_st_pmc_sl25_tp75_3r_t1710,1067,Short,2016-01-13T01:00:00-05:00,82.715244,2016-01-13T01:00:00-05:00,82.966244,stop,-0.251000,-25100.00
audjpy_hourly_st_pmc_sl25_tp75_3r,audjpy_hourly_st_pmc_sl25_tp75_3r_t1711,1068,Short,2016-01-14T15:00:00-05:00,82.336635,2016-01-14T15:00:00-05:00,81.586635,target,0.750000,75000.00
audjpy_hourly_st_pmc_sl25_tp75_3r,audjpy_hourly_st_pmc_sl25_tp75_3r_t1712,1069,Short,2016-01-14T16:00:00-05:00,82.336635,2016-01-14T18:00:00-05:00,82.587635,stop,-0.251000,-25100.00
audjpy_hourly_st_pmc_sl25_tp75_3r,audjpy_hourly_st_pmc_sl25_tp75_3r_t1713,1070,Short,2016-01-18T03:00:00-05:00,81.096901,2016-01-19T02:00:00-05:00,80.346901,target,0.750000,75000.00
audjpy_hourly_st_pmc_sl25_tp75_3r,audjpy_hourly_st_pmc_sl25_tp75_3r_t1714,1071,Short,2016-01-20T20:00:00-05:00,80.944582,2016-01-20T23:00:00-05:00,81.195582,stop,-0.251000,-25100.00
audjpy_hourly_st_pmc_sl25_tp75_3r,audjpy_hourly_st_pmc_sl25_tp75_3r_t1715,1072,Short,2016-01-26T10:00:00-05:00,82.477141,2016-01-26T13:00:00-05:00,82.728141,stop,-0.251000,-25100.00
audjpy_hourly_st_pmc_sl25_tp75_3r,audjpy_hourly_st_pmc_sl25_tp75_3r_t1716,1073,Short,2016-01-28T08:00:00-05:00,84.166800,2016-01-28T14:00:00-05:00,84.417800,stop,-0.251000,-25100.00
audjpy_hourly_st_pmc_sl25_tp75_3r,audjpy_hourly_st_pmc_sl25_tp75_3r_t1721,1074,Short,2016-02-04T01:00:00-05:00,84.793876,2016-02-04T11:00:00-05:00,85.044876,stop,-0.251000,-25100.00
audjpy_hourly_st_pmc_sl25_tp75_3r,audjpy_hourly_st_pmc_sl25_tp75_3r_t1722,1075,Short,2016-02-08T07:00:00-05:00,83.398443,2016-02-08T10:00:00-05:00,82.648443,target,0.750000,75000.00
audjpy_hourly_st_pmc_sl25_tp75_3r,audjpy_hourly_st_pmc_sl25_tp75_3r_t1723,1076,Short,2016-02-09T15:00:00-05:00,81.591293,2016-02-10T00:00:00-05:00,80.841293,target,0.750000,75000.00
audjpy_hourly_st_pmc_sl25_tp75_3r,audjpy_hourly_st_pmc_sl25_tp75_3r_t1724,1077,Short,2016-02-10T08:00:00-05:00,81.591293,2016-02-10T10:00:00-05:00,81.842293,stop,-0.251000,-25100.00
audjpy_hourly_st_pmc_sl25_tp75_3r,audjpy_hourly_st_pmc_sl25_tp75_3r_t1725,1078,Short,2016-02-11T12:00:00-05:00,79.661229,2016-02-11T12:00:00-05:00,79.912229,stop,-0.251000,-25100.00
audjpy_hourly_st_pmc_sl25_tp75_3r,audjpy_hourly_st_pmc_sl25_tp75_3r_t1726,1079,Short,2016-02-11T13:00:00-05:00,79.661229,2016-02-11T14:00:00-05:00,79.912229,stop,-0.251000,-25100.00
audjpy_hourly_st_pmc_sl25_tp75_3r,audjpy_hourly_st_pmc_sl25_tp75_3r_t1727,1080,Short,2016-02-17T10:00:00-05:00,81.364353,2016-02-17T15:00:00-05:00,81.615353,stop,-0.251000,-25100.00
audjpy_hourly_st_pmc_sl25_tp75_3r,audjpy_hourly_st_pmc_sl25_tp75_3r_t1728,1081,Short,2016-02-22T01:00:00-05:00,80.836932,2016-02-22T08:00:00-05:00,81.087932,stop,-0.251000,-25100.00
audjpy_hourly_st_pmc_sl25_tp75_3r,audjpy_hourly_st_pmc_sl25_tp75_3r_t1729,1082,Short,2016-02-24T20:00:00-05:00,80.716961,2016-02-25T12:00:00-05:00,80.967961,stop,-0.251000,-25100.00
audjpy_hourly_st_pmc_sl25_tp75_3r,audjpy_hourly_st_pmc_sl25_tp75_3r_t1731,1083,Long,2016-03-07T09:00:00-05:00,84.000607,2016-03-07T15:00:00-05:00,84.750607,target,0.750000,75000.00
audjpy_hourly_st_pmc_sl25_tp75_3r,audjpy_hourly_st_pmc_sl25_tp75_3r_t1732,1084,Long,2016-03-08T00:00:00-05:00,84.193582,2016-03-08T01:00:00-05:00,83.942582,stop,-0.251000,-25100.00
audjpy_hourly_st_pmc_sl25_tp75_3r,audjpy_hourly_st_pmc_sl25_tp75_3r_t1733,1085,Long,2016-03-10T15:00:00-05:00,84.433012,2016-03-10T16:00:00-05:00,84.182012,stop,-0.251000,-25100.00
audjpy_hourly_st_pmc_sl25_tp75_3r,audjpy_hourly_st_pmc_sl25_tp75_3r_t1734,1086,Long,2016-03-14T08:00:00-04:00,85.659979,2016-03-14T13:00:00-04:00,85.408979,stop,-0.251000,-25100.00
audjpy_hourly_st_pmc_sl25_tp75_3r,audjpy_hourly_st_pmc_sl25_tp75_3r_t1735,1087,Long,2016-03-17T11:00:00-04:00,84.851105,2016-03-17T11:00:00-04:00,84.600105,stop,-0.251000,-25100.00
audjpy_hourly_st_pmc_sl25_tp75_3r,audjpy_hourly_st_pmc_sl25_tp75_3r_t1736,1088,Long,2016-03-22T08:00:00-04:00,84.715045,2016-03-22T08:00:00-04:00,84.464045,stop,-0.251000,-25100.00
audjpy_hourly_st_pmc_sl25_tp75_3r,audjpy_hourly_st_pmc_sl25_tp75_3r_t1737,1089,Long,2016-03-23T14:00:00-04:00,85.004113,2016-03-23T18:00:00-04:00,84.753113,stop,-0.251000,-25100.00
audjpy_hourly_st_pmc_sl25_tp75_3r,audjpy_hourly_st_pmc_sl25_tp75_3r_t1738,1090,Long,2016-03-29T09:00:00-04:00,85.394697,2016-03-29T18:00:00-04:00,86.144697,target,0.750000,75000.00
audjpy_hourly_st_pmc_sl25_tp75_3r,audjpy_hourly_st_pmc_sl25_tp75_3r_t1739,1091,Long,2016-03-31T02:00:00-04:00,85.916922,2016-03-31T14:00:00-04:00,86.666922,target,0.750000,75000.00
audjpy_hourly_st_pmc_sl25_tp75_3r,audjpy_hourly_st_pmc_sl25_tp75_3r_t1740,1092,Short,2016-04-05T04:00:00-04:00,84.564947,2016-04-05T06:00:00-04:00,83.814947,target,0.750000,75000.00
audjpy_hourly_st_pmc_sl25_tp75_3r,audjpy_hourly_st_pmc_sl25_tp75_3r_t1741,1093,Short,2016-04-08T01:00:00-04:00,81.922430,2016-04-08T05:00:00-04:00,82.173430,stop,-0.251000,-25100.00
audjpy_hourly_st_pmc_sl25_tp75_3r,audjpy_hourly_st_pmc_sl25_tp75_3r_t1742,1094,Short,2016-04-11T13:00:00-04:00,82.176580,2016-04-11T14:00:00-04:00,82.427580,stop,-0.251000,-25100.00
audjpy_hourly_st_pmc_sl25_tp75_3r,audjpy_hourly_st_pmc_sl25_tp75_3r_t1743,1095,Short,2016-04-18T08:00:00-04:00,83.527101,2016-04-18T12:00:00-04:00,83.778101,stop,-0.251000,-25100.00
audjpy_hourly_st_pmc_sl25_tp75_3r,audjpy_hourly_st_pmc_sl25_tp75_3r_t1744,1096,Short,2016-04-20T09:00:00-04:00,85.356751,2016-04-20T15:00:00-04:00,85.607751,stop,-0.251000,-25100.00
audjpy_hourly_st_pmc_sl25_tp75_3r,audjpy_hourly_st_pmc_sl25_tp75_3r_t1745,1097,Short,2016-04-22T05:00:00-04:00,85.311288,2016-04-22T05:00:00-04:00,85.562288,stop,-0.251000,-25100.00
audjpy_hourly_st_pmc_sl25_tp75_3r,audjpy_hourly_st_pmc_sl25_tp75_3r_t1746,1098,Short,2016-04-26T12:00:00-04:00,85.970196,2016-04-26T16:00:00-04:00,86.221196,stop,-0.251000,-25100.00
audjpy_hourly_st_pmc_sl25_tp75_3r,audjpy_hourly_st_pmc_sl25_tp75_3r_t1748,1099,Long,2016-05-03T04:00:00-04:00,81.262287,2016-05-03T04:00:00-04:00,81.011287,stop,-0.251000,-25100.00
audjpy_hourly_st_pmc_sl25_tp75_3r,audjpy_hourly_st_pmc_sl25_tp75_3r_t1749,1100,Short,2016-05-03T21:00:00-04:00,80.400041,2016-05-04T12:00:00-04:00,79.650041,target,0.750000,75000.00
audjpy_hourly_st_pmc_sl25_tp75_3r,audjpy_hourly_st_pmc_sl25_tp75_3r_t1750,1101,Short,2016-05-05T06:00:00-04:00,80.366878,2016-05-06T01:00:00-04:00,79.616878,target,0.750000,75000.00
audjpy_hourly_st_pmc_sl25_tp75_3r,audjpy_hourly_st_pmc_sl25_tp75_3r_t1751,1102,Short,2016-05-08T23:00:00-04:00,79.222304,2016-05-09T11:00:00-04:00,79.473304,stop,-0.251000,-25100.00
audjpy_hourly_st_pmc_sl25_tp75_3r,audjpy_hourly_st_pmc_sl25_tp75_3r_t1752,1103,Short,2016-05-12T13:00:00-04:00,80.234994,2016-05-13T01:00:00-04:00,79.484994,target,0.750000,75000.00
audjpy_hourly_st_pmc_sl25_tp75_3r,audjpy_hourly_st_pmc_sl25_tp75_3r_t1753,1104,Short,2016-05-16T03:00:00-04:00,79.408283,2016-05-17T01:00:00-04:00,79.659283,stop,-0.251000,-25100.00
audjpy_hourly_st_pmc_sl25_tp75_3r,audjpy_hourly_st_pmc_sl25_tp75_3r_t1754,1105,Short,2016-05-20T05:00:00-04:00,79.705671,2016-05-23T09:00:00-04:00,78.955671,target,0.750000,75000.00
audjpy_hourly_st_pmc_sl25_tp75_3r,audjpy_hourly_st_pmc_sl25_tp75_3r_t1755,1106,Short,2016-05-24T14:00:00-04:00,78.968089,2016-05-24T23:00:00-04:00,79.219089,stop,-0.251000,-25100.00
audjpy_hourly_st_pmc_sl25_tp75_3r,audjpy_hourly_st_pmc_sl25_tp75_3r_t1756,1107,Short,2016-05-26T07:00:00-04:00,79.214065,2016-05-26T10:00:00-04:00,79.465065,stop,-0.251000,-25100.00
audjpy_hourly_st_pmc_sl25_tp75_3r,audjpy_hourly_st_pmc_sl25_tp75_3r_t1757,1108,Short,2016-05-29T22:00:00-04:00,79.427549,2016-05-30T05:00:00-04:00,79.678549,stop,-0.251000,-25100.00
audjpy_hourly_st_pmc_sl25_tp75_3r,audjpy_hourly_st_pmc_sl25_tp75_3r_t1759,1109,Long,2016-06-01T05:00:00-04:00,80.058823,2016-06-01T05:00:00-04:00,79.807823,stop,-0.251000,-25100.00
audjpy_hourly_st_pmc_sl25_tp75_3r,audjpy_hourly_st_pmc_sl25_tp75_3r_t1760,1110,Short,2016-06-06T07:00:00-04:00,78.894665,2016-06-06T14:00:00-04:00,79.145665,stop,-0.251000,-25100.00
audjpy_hourly_st_pmc_sl25_tp75_3r,audjpy_hourly_st_pmc_sl25_tp75_3r_t1762,1111,Short,2016-06-08T12:00:00-04:00,80.037201,2016-06-09T07:00:00-04:00,79.287201,target,0.750000,75000.00
audjpy_hourly_st_pmc_sl25_tp75_3r,audjpy_hourly_st_pmc_sl25_tp75_3r_t1763,1112,Short,2016-06-13T14:00:00-04:00,78.845590,2016-06-14T07:00:00-04:00,78.095590,target,0.750000,75000.00
audjpy_hourly_st_pmc_sl25_tp75_3r,audjpy_hourly_st_pmc_sl25_tp75_3r_t1764,1113,Short,2016-06-14T13:00:00-04:00,78.323299,2016-06-15T08:00:00-04:00,78.574299,stop,-0.251000,-25100.00
audjpy_hourly_st_pmc_sl25_tp75_3r,audjpy_hourly_st_pmc_sl25_tp75_3r_t1765,1114,Short,2016-06-16T16:00:00-04:00,76.827337,2016-06-16T16:00:00-04:00,76.077337,target,0.750000,75000.00
audjpy_hourly_st_pmc_sl25_tp75_3r,audjpy_hourly_st_pmc_sl25_tp75_3r_t1766,1115,Short,2016-06-16T17:00:00-04:00,76.827337,2016-06-16T23:00:00-04:00,77.078337,stop,-0.251000,-25100.00
audjpy_hourly_st_pmc_sl25_tp75_3r,audjpy_hourly_st_pmc_sl25_tp75_3r_t1768,1116,Long,2016-06-23T23:00:00-04:00,80.015520,2016-06-23T23:00:00-04:00,79.764520,stop,-0.251000,-25100.00
audjpy_hourly_st_pmc_sl25_tp75_3r,audjpy_hourly_st_pmc_sl25_tp75_3r_t1769,1117,Short,2016-06-28T23:00:00-04:00,75.996710,2016-06-29T10:00:00-04:00,76.247710,stop,-0.251000,-25100.00
audjpy_hourly_st_pmc_sl25_tp75_3r,audjpy_hourly_st_pmc_sl25_tp75_3r_t1774,1118,Long,2016-07-05T00:00:00-04:00,76.910273,2016-07-05T01:00:00-04:00,76.659273,stop,-0.251000,-25100.00
audjpy_hourly_st_pmc_sl25_tp75_3r,audjpy_hourly_st_pmc_sl25_tp75_3r_t1776,1119,Short,2016-07-06T07:00:00-04:00,75.460374,2016-07-06T14:00:00-04:00,75.711374,stop,-0.251000,-25100.00
audjpy_hourly_st_pmc_sl25_tp75_3r,audjpy_hourly_st_pmc_sl25_tp75_3r_t1777,1120,Short,2016-07-08T12:00:00-04:00,75.966505,2016-07-10T22:00:00-04:00,76.217505,stop,-0.251000,-25100.00
audjpy_hourly_st_pmc_sl25_tp75_3r,audjpy_hourly_st_pmc_sl25_tp75_3r_t1778,1121,Long,2016-07-13T01:00:00-04:00,79.278545,2016-07-13T02:00:00-04:00,79.027545,stop,-0.251000,-25100.00
audjpy_hourly_st_pmc_sl25_tp75_3r,audjpy_hourly_st_pmc_sl25_tp75_3r_t1779,1122,Long,2016-07-15T14:00:00-04:00,80.231688,2016-07-15T16:00:00-04:00,79.980688,stop,-0.251000,-25100.00
audjpy_hourly_st_pmc_sl25_tp75_3r,audjpy_hourly_st_pmc_sl25_tp75_3r_t1780,1123,Long,2016-07-21T08:00:00-04:00,79.609361,2016-07-21T09:00:00-04:00,79.358361,stop,-0.251000,-25100.00
audjpy_hourly_st_pmc_sl25_tp75_3r,audjpy_hourly_st_pmc_sl25_tp75_3r_t1781,1124,Long,2016-07-28T22:00:00-04:00,78.482645,2016-07-28T22:00:00-04:00,78.231645,stop,-0.251000,-25100.00
audjpy_hourly_st_pmc_sl25_tp75_3r,audjpy_hourly_st_pmc_sl25_tp75_3r_t1782,1125,Long,2016-07-28T23:00:00-04:00,78.482645,2016-07-29T02:00:00-04:00,78.231645,stop,-0.251000,-25100.00
audjpy_hourly_st_pmc_sl25_tp75_3r,audjpy_hourly_st_pmc_sl25_tp75_3r_t1783,1126,Short,2016-08-04T06:00:00-04:00,77.260657,2016-08-05T03:00:00-04:00,77.511657,stop,-0.251000,-25100.00
audjpy_hourly_st_pmc_sl25_tp75_3r,audjpy_hourly_st_pmc_sl25_tp75_3r_t1786,1127,Long,2016-08-09T02:00:00-04:00,78.097285,2016-08-12T14:00:00-04:00,77.846285,stop,-0.251000,-25100.00
audjpy_hourly_st_pmc_sl25_tp75_3r,audjpy_hourly_st_pmc_sl25_tp75_3r_t1788,1128,Short,2016-08-18T02:00:00-04:00,77.037369,2016-08-19T07:00:00-04:00,76.287369,target,0.750000,75000.00
audjpy_hourly_st_pmc_sl25_tp75_3r,audjpy_hourly_st_pmc_sl25_tp75_3r_t1789,1129,Short,2016-08-22T08:00:00-04:00,76.732719,2016-08-26T14:00:00-04:00,76.983719,stop,-0.251000,-25100.00
audjpy_hourly_st_pmc_sl25_tp75_3r,audjpy_hourly_st_pmc_sl25_tp75_3r_t1791,1130,Long,2016-09-05T09:00:00-04:00,78.373509,2016-09-06T02:00:00-04:00,79.123509,target,0.750000,75000.00
audjpy_hourly_st_pmc_sl25_tp75_3r,audjpy_hourly_st_pmc_sl25_tp75_3r_t1792,1131,Long,2016-09-06T14:00:00-04:00,78.612407,2016-09-06T17:00:00-04:00,78.361407,stop,-0.251000,-25100.00
audjpy_hourly_st_pmc_sl25_tp75_3r,audjpy_hourly_st_pmc_sl25_tp75_3r_t1793,1132,Long,2016-09-08T14:00:00-04:00,78.098084,2016-09-09T07:00:00-04:00,77.847084,stop,-0.251000,-25100.00
audjpy_hourly_st_pmc_sl25_tp75_3r,audjpy_hourly_st_pmc_sl25_tp75_3r_t1794,1133,Short,2016-09-12T20:00:00-04:00,77.053313,2016-09-13T15:00:00-04:00,76.303313,target,0.750000,75000.00
audjpy_hourly_st_pmc_sl25_tp75_3r,audjpy_hourly_st_pmc_sl25_tp75_3r_t1795,1134,Short,2016-09-14T01:00:00-04:00,76.888880,2016-09-14T06:00:00-04:00,77.139880,stop,-0.251000,-25100.00
audjpy_hourly_st_pmc_sl25_tp75_3r,audjpy_hourly_st_pmc_sl25_tp75_3r_t1796,1135,Short,2016-09-15T14:00:00-04:00,76.825693,2016-09-21T04:00:00-04:00,77.076693,stop,-0.251000,-25100.00
audjpy_hourly_st_pmc_sl25_tp75_3r,audjpy_hourly_st_pmc_sl25_tp75_3r_t1797,1136,Short,2016-09-22T07:00:00-04:00,77.004907,2016-09-22T08:00:00-04:00,77.255907,stop,-0.251000,-25100.00
audjpy_hourly_st_pmc_sl25_tp75_3r,audjpy_hourly_st_pmc_sl25_tp75_3r_t1798,1137,Short,2016-09-27T01:00:00-04:00,76.841232,2016-09-27T01:00:00-04:00,77.092232,stop,-0.251000,-25100.00
audjpy_hourly_st_pmc_sl25_tp75_3r,audjpy_hourly_st_pmc_sl25_tp75_3r_t1799,1138,Short,2016-09-28T18:00:00-04:00,77.406436,2016-09-28T23:00:00-04:00,77.657436,stop,-0.251000,-25100.00
audjpy_hourly_st_pmc_sl25_tp75_3r,audjpy_hourly_st_pmc_sl25_tp75_3r_t1801,1139,Long,2016-09-29T16:00:00-04:00,77.477309,2016-09-29T17:00:00-04:00,77.226309,stop,-0.251000,-25100.00
audjpy_hourly_st_pmc_sl25_tp75_3r,audjpy_hourly_st_pmc_sl25_tp75_3r_t1802,1140,Short,2016-09-30T13:00:00-04:00,77.371268,2016-09-30T15:00:00-04:00,77.622268,stop,-0.251000,-25100.00
audjpy_hourly_st_pmc_sl25_tp75_3r,audjpy_hourly_st_pmc_sl25_tp75_3r_t1807,1141,Long,2016-10-06T06:00:00-04:00,78.541832,2016-10-07T13:00:00-04:00,78.290832,stop,-0.251000,-25100.00
audjpy_hourly_st_pmc_sl25_tp75_3r,audjpy_hourly_st_pmc_sl25_tp75_3r_t1808,1142,Long,2016-10-11T03:00:00-04:00,78.495176,2016-10-11T10:00:00-04:00,78.244176,stop,-0.251000,-25100.00
audjpy_hourly_st_pmc_sl25_tp75_3r,audjpy_hourly_st_pmc_sl25_tp75_3r_t1809,1143,Long,2016-10-13T02:00:00-04:00,78.473019,2016-10-13T02:00:00-04:00,78.222019,stop,-0.251000,-25100.00
audjpy_hourly_st_pmc_sl25_tp75_3r,audjpy_hourly_st_pmc_sl25_tp75_3r_t1810,1144,Long,2016-10-16T23:00:00-04:00,79.047030,2016-10-18T06:00:00-04:00,79.797030,target,0.750000,75000.00
audjpy_hourly_st_pmc_sl25_tp75_3r,audjpy_hourly_st_pmc_sl25_tp75_3r_t1811,1145,Long,2016-10-19T06:00:00-04:00,79.465510,2016-10-19T14:00:00-04:00,79.214510,stop,-0.251000,-25100.00
audjpy_hourly_st_pmc_sl25_tp75_3r,audjpy_hourly_st_pmc_sl25_tp75_3r_t1812,1146,Long,2016-10-20T05:00:00-04:00,79.424598,2016-10-21T08:00:00-04:00,79.173598,stop,-0.251000,-25100.00
audjpy_hourly_st_pmc_sl25_tp75_3r,audjpy_hourly_st_pmc_sl25_tp75_3r_t1813,1147,Long,2016-10-26T00:00:00-04:00,79.544429,2016-10-26T02:00:00-04:00,80.294429,target,0.750000,75000.00
audjpy_hourly_st_pmc_sl25_tp75_3r,audjpy_hourly_st_pmc_sl25_tp75_3r_t1814,1148,Long,2016-10-26T13:00:00-04:00,79.747966,2016-10-28T17:00:00-04:00,79.496966,stop,-0.251000,-25100.00
audjpy_hourly_st_pmc_sl25_tp75_3r,audjpy_hourly_st_pmc_sl25_tp75_3r_t1816,1149,Long,2016-11-01T14:00:00-04:00,80.084031,2016-11-01T16:00:00-04:00,79.833031,stop,-0.251000,-25100.00
audjpy_hourly_st_pmc_sl25_tp75_3r,audjpy_hourly_st_pmc_sl25_tp75_3r_t1817,1150,Short,2016-11-03T14:00:00-04:00,79.232451,2016-11-06T22:00:00-05:00,79.867000,stop,-0.634549,-63454.87
audjpy_hourly_st_pmc_sl25_tp75_3r,audjpy_hourly_st_pmc_sl25_tp75_3r_t1818,1151,Long,2016-11-09T00:00:00-05:00,81.094446,2016-11-09T00:00:00-05:00,80.843446,stop,-0.251000,-25100.00
audjpy_hourly_st_pmc_sl25_tp75_3r,audjpy_hourly_st_pmc_sl25_tp75_3r_t1819,1152,Long,2016-11-09T01:00:00-05:00,81.094446,2016-11-09T01:00:00-05:00,80.843446,stop,-0.251000,-25100.00
audjpy_hourly_st_pmc_sl25_tp75_3r,audjpy_hourly_st_pmc_sl25_tp75_3r_t1820,1153,Short,2016-11-09T07:00:00-05:00,79.205148,2016-11-09T07:00:00-05:00,78.455148,target,0.750000,75000.00
audjpy_hourly_st_pmc_sl25_tp75_3r,audjpy_hourly_st_pmc_sl25_tp75_3r_t1821,1154,Long,2016-11-10T15:00:00-05:00,80.866268,2016-11-10T15:00:00-05:00,80.615268,stop,-0.251000,-25100.00
audjpy_hourly_st_pmc_sl25_tp75_3r,audjpy_hourly_st_pmc_sl25_tp75_3r_t1822,1155,Long,2016-11-16T12:00:00-05:00,81.930085,2016-11-16T13:00:00-05:00,81.679085,stop,-0.251000,-25100.00
audjpy_hourly_st_pmc_sl25_tp75_3r,audjpy_hourly_st_pmc_sl25_tp75_3r_t1823,1156,Long,2016-11-25T10:00:00-05:00,83.949174,2016-11-28T00:00:00-05:00,83.698174,stop,-0.251000,-25100.00
audjpy_hourly_st_pmc_sl25_tp75_3r,audjpy_hourly_st_pmc_sl25_tp75_3r_t1827,1157,Short,2016-12-05T07:00:00-05:00,84.710745,2016-12-05T08:00:00-05:00,84.961745,stop,-0.251000,-25100.00
audjpy_hourly_st_pmc_sl25_tp75_3r,audjpy_hourly_st_pmc_sl25_tp75_3r_t1829,1158,Long,2016-12-06T08:00:00-05:00,84.683848,2016-12-09T06:00:00-05:00,85.433848,target,0.750000,75000.00
audjpy_hourly_st_pmc_sl25_tp75_3r,audjpy_hourly_st_pmc_sl25_tp75_3r_t1830,1159,Long,2016-12-12T22:00:00-05:00,86.080788,2016-12-14T20:00:00-05:00,86.830788,target,0.750000,75000.00
audjpy_hourly_st_pmc_sl25_tp75_3r,audjpy_hourly_st_pmc_sl25_tp75_3r_t1831,1160,Long,2016-12-15T17:00:00-05:00,86.800100,2016-12-16T14:00:00-05:00,86.549100,stop,-0.251000,-25100.00
audjpy_hourly_st_pmc_sl25_tp75_3r,audjpy_hourly_st_pmc_sl25_tp75_3r_t1833,1161,Long,2016-12-21T09:00:00-05:00,85.179518,2016-12-21T22:00:00-05:00,84.928518,stop,-0.251000,-25100.00
audjpy_hourly_st_pmc_sl25_tp75_3r,audjpy_hourly_st_pmc_sl25_tp75_3r_t1835,1162,Short,2016-12-26T09:00:00-05:00,84.455819,2016-12-28T01:00:00-05:00,84.706819,stop,-0.251000,-25100.00
audjpy_hourly_st_pmc_sl25_tp75_3r,audjpy_hourly_st_pmc_sl25_tp75_3r_t1838,1163,Short,2016-12-30T00:00:00-05:00,84.259279,2016-12-30T05:00:00-05:00,84.510279,stop,-0.251000,-25100.00
audjpy_hourly_st_pmc_sl25_tp75_3r,audjpy_hourly_st_pmc_sl25_tp75_3r_t1839,1164,Long,2017-01-01T23:00:00-05:00,84.089970,2017-01-03T03:00:00-05:00,84.839970,target,0.750000,75000.00
audjpy_hourly_st_pmc_sl25_tp75_3r,audjpy_hourly_st_pmc_sl25_tp75_3r_t1840,1165,Long,2017-01-03T18:00:00-05:00,84.848601,2017-01-04T08:00:00-05:00,85.598601,target,0.750000,75000.00
audjpy_hourly_st_pmc_sl25_tp75_3r,audjpy_hourly_st_pmc_sl25_tp75_3r_t1841,1166,Long,2017-01-05T00:00:00-05:00,85.100729,2017-01-05T02:00:00-05:00,84.849729,stop,-0.251000,-25100.00
audjpy_hourly_st_pmc_sl25_tp75_3r,audjpy_hourly_st_pmc_sl25_tp75_3r_t1842,1167,Long,2017-01-09T12:00:00-05:00,85.431112,2017-01-09T22:00:00-05:00,85.180112,stop,-0.251000,-25100.00
audjpy_hourly_st_pmc_sl25_tp75_3r,audjpy_hourly_st_pmc_sl25_tp75_3r_t1843,1168,Long,2017-01-11T18:00:00-05:00,85.458845,2017-01-13T01:00:00-05:00,86.208845,target,0.750000,75000.00
audjpy_hourly_st_pmc_sl25_tp75_3r,audjpy_hourly_st_pmc_sl25_tp75_3r_t1844,1169,Long,2017-01-15T22:00:00-05:00,85.599881,2017-01-16T02:00:00-05:00,85.348881,stop,-0.251000,-25100.00
audjpy_hourly_st_pmc_sl25_tp75_3r,audjpy_hourly_st_pmc_sl25_tp75_3r_t1845,1170,Long,2017-01-20T17:00:00-05:00,86.505099,2017-01-22T23:00:00-05:00,86.254099,stop,-0.251000,-25100.00
audjpy_hourly_st_pmc_sl25_tp75_3r,audjpy_hourly_st_pmc_sl25_tp75_3r_t1846,1171,Long,2017-01-25T00:00:00-05:00,85.921174,2017-01-25T01:00:00-05:00,85.670174,stop,-0.251000,-25100.00
audjpy_hourly_st_pmc_sl25_tp75_3r,audjpy_hourly_st_pmc_sl25_tp75_3r_t1847,1172,Long,2017-01-30T01:00:00-05:00,86.513496,2017-01-30T13:00:00-05:00,86.262496,stop,-0.251000,-25100.00
audjpy_hourly_st_pmc_sl25_tp75_3r,audjpy_hourly_st_pmc_sl25_tp75_3r_t1849,1173,Long,2017-02-06T00:00:00-05:00,86.141259,2017-02-06T13:00:00-05:00,85.890259,stop,-0.251000,-25100.00
audjpy_hourly_st_pmc_sl25_tp75_3r,audjpy_hourly_st_pmc_sl25_tp75_3r_t1855,1174,Long,2017-02-13T19:00:00-05:00,86.871381,2017-02-14T22:00:00-05:00,87.621381,target,0.750000,75000.00
audjpy_hourly_st_pmc_sl25_tp75_3r,audjpy_hourly_st_pmc_sl25_tp75_3r_t1856,1175,Long,2017-02-16T03:00:00-05:00,87.706884,2017-02-16T09:00:00-05:00,87.455884,stop,-0.251000,-25100.00
audjpy_hourly_st_pmc_sl25_tp75_3r,audjpy_hourly_st_pmc_sl25_tp75_3r_t1857,1176,Long,2017-02-22T10:00:00-05:00,86.943607,2017-02-22T13:00:00-05:00,86.692607,stop,-0.251000,-25100.00
audjpy_hourly_st_pmc_sl25_tp75_3r,audjpy_hourly_st_pmc_sl25_tp75_3r_t1858,1177,Long,2017-02-23T01:00:00-05:00,86.796451,2017-02-24T10:00:00-05:00,86.545451,stop,-0.251000,-25100.00
audjpy_hourly_st_pmc_sl25_tp75_3r,audjpy_hourly_st_pmc_sl25_tp75_3r_t1859,1178,Long,2017-02-28T11:00:00-05:00,86.097486,2017-03-01T01:00:00-05:00,86.847486,target,0.750000,75000.00
audjpy_hourly_st_pmc_sl25_tp75_3r,audjpy_hourly_st_pmc_sl25_tp75_3r_t1860,1179,Long,2017-03-02T12:00:00-05:00,86.957833,2017-03-02T14:00:00-05:00,86.706833,stop,-0.251000,-25100.00
audjpy_hourly_st_pmc_sl25_tp75_3r,audjpy_hourly_st_pmc_sl25_tp75_3r_t1863,1180,Long,2017-03-06T00:00:00-05:00,86.190382,2017-03-09T11:00:00-05:00,85.939382,stop,-0.251000,-25100.00
audjpy_hourly_st_pmc_sl25_tp75_3r,audjpy_hourly_st_pmc_sl25_tp75_3r_t1864,1181,Short,2017-03-09T14:00:00-05:00,86.377107,2017-03-10T01:00:00-05:00,86.628107,stop,-0.251000,-25100.00
audjpy_hourly_st_pmc_sl25_tp75_3r,audjpy_hourly_st_pmc_sl25_tp75_3r_t1865,1182,Long,2017-03-14T13:00:00-04:00,86.661757,2017-03-15T19:00:00-04:00,87.411757,target,0.750000,75000.00
audjpy_hourly_st_pmc_sl25_tp75_3r,audjpy_hourly_st_pmc_sl25_tp75_3r_t1866,1183,Long,2017-03-16T15:00:00-04:00,86.968641,2017-03-16T15:00:00-04:00,86.717641,stop,-0.251000,-25100.00
audjpy_hourly_st_pmc_sl25_tp75_3r,audjpy_hourly_st_pmc_sl25_tp75_3r_t1867,1184,Long,2017-03-21T00:00:00-04:00,86.826769,2017-03-21T15:00:00-04:00,86.575769,stop,-0.251000,-25100.00
audjpy_hourly_st_pmc_sl25_tp75_3r,audjpy_hourly_st_pmc_sl25_tp75_3r_t1868,1185,Short,2017-03-28T00:00:00-04:00,84.554553,2017-03-28T17:00:00-04:00,84.805553,stop,-0.251000,-25100.00
audjpy_hourly_st_pmc_sl25_tp75_3r,audjpy_hourly_st_pmc_sl25_tp75_3r_t1871,1186,Short,2017-04-04T23:00:00-04:00,83.930436,2017-04-05T12:00:00-04:00,84.181436,stop,-0.251000,-25100.00
audjpy_hourly_st_pmc_sl25_tp75_3r,audjpy_hourly_st_pmc_sl25_tp75_3r_t1872,1187,Short,2017-04-06T10:00:00-04:00,83.788044,2017-04-07T01:00:00-04:00,83.038044,target,0.750000,75000.00
audjpy_hourly_st_pmc_sl25_tp75_3r,audjpy_hourly_st_pmc_sl25_tp75_3r_t1873,1188,Short,2017-04-07T17:00:00-04:00,83.542047,2017-04-11T13:00:00-04:00,82.792047,target,0.750000,75000.00
audjpy_hourly_st_pmc_sl25_tp75_3r,audjpy_hourly_st_pmc_sl25_tp75_3r_t1874,1189,Short,2017-04-13T03:00:00-04:00,82.498945,2017-04-13T05:00:00-04:00,82.749945,stop,-0.251000,-25100.00
audjpy_hourly_st_pmc_sl25_tp75_3r,audjpy_hourly_st_pmc_sl25_tp75_3r_t1875,1190,Short,2017-04-17T18:00:00-04:00,82.547338,2017-04-17T23:00:00-04:00,82.798338,stop,-0.251000,-25100.00
audjpy_hourly_st_pmc_sl25_tp75_3r,audjpy_hourly_st_pmc_sl25_tp75_3r_t1876,1191,Short,2017-04-20T07:00:00-04:00,82.044965,2017-04-20T13:00:00-04:00,82.295965,stop,-0.251000,-25100.00
audjpy_hourly_st_pmc_sl25_tp75_3r,audjpy_hourly_st_pmc_sl25_tp75_3r_t1877,1192,Short,2017-04-25T14:00:00-04:00,83.513418,2017-04-25T18:00:00-04:00,83.764418,stop,-0.251000,-25100.00
audjpy_hourly_st_pmc_sl25_tp75_3r,audjpy_hourly_st_pmc_sl25_tp75_3r_t1878,1193,Short,2017-04-28T09:00:00-04:00,83.354249,2017-05-01T05:00:00-04:00,83.605249,stop,-0.251000,-25100.00
audjpy_hourly_st_pmc_sl25_tp75_3r,audjpy_hourly_st_pmc_sl25_tp75_3r_t1879,1194,Long,2017-05-03T03:00:00-04:00,84.143578,2017-05-03T06:00:00-04:00,83.892578,stop,-0.251000,-25100.00
audjpy_hourly_st_pmc_sl25_tp75_3r,audjpy_hourly_st_pmc_sl25_tp75_3r_t1881,1195,Short,2017-05-05T12:00:00-04:00,83.245915,2017-05-05T15:00:00-04:00,83.496915,stop,-0.251000,-25100.00
audjpy_hourly_st_pmc_sl25_tp75_3r,audjpy_hourly_st_pmc_sl25_tp75_3r_t1882,1196,Long,2017-05-08T12:00:00-04:00,83.209668,2017-05-09T14:00:00-04:00,83.959668,target,0.750000,75000.00
audjpy_hourly_st_pmc_sl25_tp75_3r,audjpy_hourly_st_pmc_sl25_tp75_3r_t1883,1197,Long,2017-05-11T13:00:00-04:00,83.772601,2017-05-17T00:00:00-04:00,83.521601,stop,-0.251000,-25100.00
audjpy_hourly_st_pmc_sl25_tp75_3r,audjpy_hourly_st_pmc_sl25_tp75_3r_t1884,1198,Short,2017-05-18T04:00:00-04:00,82.917489,2017-05-18T09:00:00-04:00,82.167489,target,0.750000,75000.00
audjpy_hourly_st_pmc_sl25_tp75_3r,audjpy_hourly_st_pmc_sl25_tp75_3r_t1885,1199,Short,2017-05-18T17:00:00-04:00,82.851271,2017-05-19T08:00:00-04:00,83.102271,stop,-0.251000,-25100.00
audjpy_hourly_st_pmc_sl25_tp75_3r,audjpy_hourly_st_pmc_sl25_tp75_3r_t1890,1200,Long,2017-05-25T15:00:00-04:00,83.371080,2017-05-26T01:00:00-04:00,83.120080,stop,-0.251000,-25100.00
audjpy_hourly_st_pmc_sl25_tp75_3r,audjpy_hourly_st_pmc_sl25_tp75_3r_t1891,1201,Short,2017-05-30T07:00:00-04:00,82.660008,2017-05-30T13:00:00-04:00,82.911008,stop,-0.251000,-25100.00
audjpy_hourly_st_pmc_sl25_tp75_3r,audjpy_hourly_st_pmc_sl25_tp75_3r_t1896,1202,Long,2017-06-06T01:00:00-04:00,82.393232,2017-06-06T01:00:00-04:00,82.142232,stop,-0.251000,-25100.00
audjpy_hourly_st_pmc_sl25_tp75_3r,audjpy_hourly_st_pmc_sl25_tp75_3r_t1898,1203,Short,2017-06-07T01:00:00-04:00,82.431142,2017-06-07T10:00:00-04:00,82.682142,stop,-0.251000,-25100.00
audjpy_hourly_st_pmc_sl25_tp75_3r,audjpy_hourly_st_pmc_sl25_tp75_3r_t1899,1204,Long,2017-06-12T08:00:00-04:00,82.895478,2017-06-12T16:00:00-04:00,82.644478,stop,-0.251000,-25100.00
audjpy_hourly_st_pmc_sl25_tp75_3r,audjpy_hourly_st_pmc_sl25_tp75_3r_t1900,1205,Long,2017-06-14T14:00:00-04:00,83.244397,2017-06-14T22:00:00-04:00,82.993397,stop,-0.251000,-25100.00
audjpy_hourly_st_pmc_sl25_tp75_3r,audjpy_hourly_st_pmc_sl25_tp75_3r_t1901,1206,Long,2017-06-20T12:00:00-04:00,84.680810,2017-06-20T15:00:00-04:00,84.429810,stop,-0.251000,-25100.00
audjpy_hourly_st_pmc_sl25_tp75_3r,audjpy_hourly_st_pmc_sl25_tp75_3r_t1902,1207,Long,2017-06-28T08:00:00-04:00,84.984321,2017-06-28T16:00:00-04:00,85.734321,target,0.750000,75000.00
audjpy_hourly_st_pmc_sl25_tp75_3r,audjpy_hourly_st_pmc_sl25_tp75_3r_t1903,1208,Long,2017-06-29T16:00:00-04:00,85.971618,2017-06-29T17:00:00-04:00,85.720618,stop,-0.251000,-25100.00
audjpy_hourly_st_pmc_sl25_tp75_3r,audjpy_hourly_st_pmc_sl25_tp75_3r_t1905,1209,Long,2017-07-04T04:00:00-04:00,86.478509,2017-07-04T04:00:00-04:00,86.227509,stop,-0.251000,-25100.00
audjpy_hourly_st_pmc_sl25_tp75_3r,audjpy_hourly_st_pmc_sl25_tp75_3r_t1906,1210,Short,2017-07-05T07:00:00-04:00,86.443446,2017-07-05T14:00:00-04:00,85.693446,target,0.750000,75000.00
audjpy_hourly_st_pmc_sl25_tp75_3r,audjpy_hourly_st_pmc_sl25_tp75_3r_t1907,1211,Short,2017-07-06T08:00:00-04:00,86.299676,2017-07-07T12:00:00-04:00,86.550676,stop,-0.251000,-25100.00
audjpy_hourly_st_pmc_sl25_tp75_3r,audjpy_hourly_st_pmc_sl25_tp75_3r_t1908,1212,Long,2017-07-11T15:00:00-04:00,86.815619,2017-07-13T12:00:00-04:00,87.565619,target,0.750000,75000.00
audjpy_hourly_st_pmc_sl25_tp75_3r,audjpy_hourly_st_pmc_sl25_tp75_3r_t1909,1213,Long,2017-07-17T19:00:00-04:00,87.748687,2017-07-18T01:00:00-04:00,87.497687,stop,-0.251000,-25100.00
audjpy_hourly_st_pmc_sl25_tp75_3r,audjpy_hourly_st_pmc_sl25_tp75_3r_t1910,1214,Long,2017-07-21T02:00:00-04:00,88.665606,2017-07-21T02:00:00-04:00,88.414606,stop,-0.251000,-25100.00
audjpy_hourly_st_pmc_sl25_tp75_3r,audjpy_hourly_st_pmc_sl25_tp75_3r_t1911,1215,Long,2017-07-26T01:00:00-04:00,88.437541,2017-07-26T06:00:00-04:00,88.186541,stop,-0.251000,-25100.00
audjpy_hourly_st_pmc_sl25_tp75_3r,audjpy_hourly_st_pmc_sl25_tp75_3r_t1912,1216,Long,2017-07-27T15:00:00-04:00,88.846421,2017-07-27T17:00:00-04:00,88.595421,stop,-0.251000,-25100.00
audjpy_hourly_st_pmc_sl25_tp75_3r,audjpy_hourly_st_pmc_sl25_tp75_3r_t1913,1217,Long,2017-08-01T04:00:00-04:00,88.163733,2017-08-01T13:00:00-04:00,87.912733,stop,-0.251000,-25100.00
audjpy_hourly_st_pmc_sl25_tp75_3r,audjpy_hourly_st_pmc_sl25_tp75_3r_t1914,1218,Short,2017-08-02T12:00:00-04:00,88.274653,2017-08-03T11:00:00-04:00,87.524653,target,0.750000,75000.00
audjpy_hourly_st_pmc_sl25_tp75_3r,audjpy_hourly_st_pmc_sl25_tp75_3r_t1915,1219,Short,2017-08-04T03:00:00-04:00,87.829138,2017-08-08T23:00:00-04:00,87.079138,target,0.750000,75000.00
audjpy_hourly_st_pmc_sl25_tp75_3r,audjpy_hourly_st_pmc_sl25_tp75_3r_t1916,1220,Short,2017-08-10T00:00:00-04:00,86.949173,2017-08-10T14:00:00-04:00,86.199173,target,0.750000,75000.00
audjpy_hourly_st_pmc_sl25_tp75_3r,audjpy_hourly_st_pmc_sl25_tp75_3r_t1917,1221,Short,2017-08-11T12:00:00-04:00,86.000560,2017-08-13T23:00:00-04:00,86.251560,stop,-0.251000,-25100.00
audjpy_hourly_st_pmc_sl25_tp75_3r,audjpy_hourly_st_pmc_sl25_tp75_3r_t1918,1222,Short,2017-08-18T15:00:00-04:00,86.582111,2017-08-18T16:00:00-04:00,86.833111,stop,-0.251000,-25100.00
audjpy_hourly_st_pmc_sl25_tp75_3r,audjpy_hourly_st_pmc_sl25_tp75_3r_t1919,1223,Short,2017-08-24T14:00:00-04:00,86.429236,2017-08-25T00:00:00-04:00,86.680236,stop,-0.251000,-25100.00
audjpy_hourly_st_pmc_sl25_tp75_3r,audjpy_hourly_st_pmc_sl25_tp75_3r_t1920,1224,Short,2017-08-29T14:00:00-04:00,86.706210,2017-08-29T15:00:00-04:00,86.957210,stop,-0.251000,-25100.00
audjpy_hourly_st_pmc_sl25_tp75_3r,audjpy_hourly_st_pmc_sl25_tp75_3r_t1922,1225,Short,2017-09-01T12:00:00-04:00,87.571464,2017-09-01T13:00:00-04:00,87.822464,stop,-0.251000,-25100.00
audjpy_hourly_st_pmc_sl25_tp75_3r,audjpy_hourly_st_pmc_sl25_tp75_3r_t1923,1226,Long,2017-09-03T21:00:00-04:00,87.461919,2017-09-03T21:00:00-04:00,87.029000,stop,-0.432919,-43291.94
audjpy_hourly_st_pmc_sl25_tp75_3r,audjpy_hourly_st_pmc_sl25_tp75_3r_t1926,1227,Short,2017-09-05T12:00:00-04:00,87.493492,2017-09-05T17:00:00-04:00,86.743492,target,0.750000,75000.00
audjpy_hourly_st_pmc_sl25_tp75_3r,audjpy_hourly_st_pmc_sl25_tp75_3r_t1927,1228,Short,2017-09-06T16:00:00-04:00,87.248523,2017-09-06T18:00:00-04:00,87.499523,stop,-0.251000,-25100.00
audjpy_hourly_st_pmc_sl25_tp75_3r,audjpy_hourly_st_pmc_sl25_tp75_3r_t1929,1229,Short,2017-09-10T22:00:00-04:00,87.277785,2017-09-11T13:00:00-04:00,87.528785,stop,-0.251000,-25100.00
audjpy_hourly_st_pmc_sl25_tp75_3r,audjpy_hourly_st_pmc_sl25_tp75_3r_t1931,1230,Long,2017-09-14T12:00:00-04:00,88.082326,2017-09-14T22:00:00-04:00,87.831326,stop,-0.251000,-25100.00
audjpy_hourly_st_pmc_sl25_tp75_3r,audjpy_hourly_st_pmc_sl25_tp75_3r_t1932,1231,Long,2017-09-18T15:00:00-04:00,88.797992,2017-09-20T06:00:00-04:00,89.547992,target,0.750000,75000.00
audjpy_hourly_st_pmc_sl25_tp75_3r,audjpy_hourly_st_pmc_sl25_tp75_3r_t1933,1232,Long,2017-09-21T05:00:00-04:00,89.772825,2017-09-21T06:00:00-04:00,89.521825,stop,-0.251000,-25100.00
audjpy_hourly_st_pmc_sl25_tp75_3r,audjpy_hourly_st_pmc_sl25_tp75_3r_t1934,1233,Long,2017-09-25T08:00:00-04:00,89.093220,2017-09-25T14:00:00-04:00,88.842220,stop,-0.251000,-25100.00
audjpy_hourly_st_pmc_sl25_tp75_3r,audjpy_hourly_st_pmc_sl25_tp75_3r_t1935,1234,Long,2017-09-28T01:00:00-04:00,88.379868,2017-09-28T10:00:00-04:00,88.128868,stop,-0.251000,-25100.00
audjpy_hourly_st_pmc_sl25_tp75_3r,audjpy_hourly_st_pmc_sl25_tp75_3r_t1937,1235,Long,2017-10-05T00:00:00-04:00,88.386903,2017-10-05T09:00:00-04:00,88.135903,stop,-0.251000,-25100.00
audjpy_hourly_st_pmc_sl25_tp75_3r,audjpy_hourly_st_pmc_sl25_tp75_3r_t1938,1236,Short,2017-10-10T00:00:00-04:00,87.649192,2017-10-12T03:00:00-04:00,87.900192,stop,-0.251000,-25100.00
audjpy_hourly_st_pmc_sl25_tp75_3r,audjpy_hourly_st_pmc_sl25_tp75_3r_t1942,1237,Short,2017-10-18T03:00:00-04:00,88.145199,2017-10-18T12:00:00-04:00,88.396199,stop,-0.251000,-25100.00
audjpy_hourly_st_pmc_sl25_tp75_3r,audjpy_hourly_st_pmc_sl25_tp75_3r_t1943,1238,Long,2017-10-19T08:00:00-04:00,88.476518,2017-10-25T00:00:00-04:00,88.225518,stop,-0.251000,-25100.00
audjpy_hourly_st_pmc_sl25_tp75_3r,audjpy_hourly_st_pmc_sl25_tp75_3r_t1944,1239,Short,2017-10-31T15:00:00-04:00,87.044922,2017-11-01T02:00:00-04:00,87.295922,stop,-0.251000,-25100.00
audjpy_hourly_st_pmc_sl25_tp75_3r,audjpy_hourly_st_pmc_sl25_tp75_3r_t1945,1240,Long,2017-11-03T00:00:00-04:00,87.654064,2017-11-03T12:00:00-04:00,87.403064,stop,-0.251000,-25100.00
audjpy_hourly_st_pmc_sl25_tp75_3r,audjpy_hourly_st_pmc_sl25_tp75_3r_t1946,1241,Long,2017-11-07T15:00:00-05:00,87.259308,2017-11-07T16:00:00-05:00,87.008308,stop,-0.251000,-25100.00
audjpy_hourly_st_pmc_sl25_tp75_3r,audjpy_hourly_st_pmc_sl25_tp75_3r_t1949,1242,Long,2017-11-09T05:00:00-05:00,87.243912,2017-11-09T13:00:00-05:00,86.992912,stop,-0.251000,-25100.00
audjpy_hourly_st_pmc_sl25_tp75_3r,audjpy_hourly_st_pmc_sl25_tp75_3r_t1954,1243,Short,2017-11-16T09:00:00-05:00,85.994236,2017-11-17T04:00:00-05:00,85.244236,target,0.750000,75000.00
audjpy_hourly_st_pmc_sl25_tp75_3r,audjpy_hourly_st_pmc_sl25_tp75_3r_t1955,1244,Short,2017-11-20T19:00:00-05:00,85.043972,2017-11-21T10:00:00-05:00,85.294972,stop,-0.251000,-25100.00
audjpy_hourly_st_pmc_sl25_tp75_3r,audjpy_hourly_st_pmc_sl25_tp75_3r_t1956,1245,Short,2017-11-23T10:00:00-05:00,84.930330,2017-11-30T20:00:00-05:00,85.181330,stop,-0.251000,-25100.00
audjpy_hourly_st_pmc_sl25_tp75_3r,audjpy_hourly_st_pmc_sl25_tp75_3r_t1959,1246,Long,2017-12-01T16:00:00-05:00,85.141938,2017-12-04T12:00:00-05:00,85.891938,target,0.750000,75000.00
audjpy_hourly_st_pmc_sl25_tp75_3r,audjpy_hourly_st_pmc_sl25_tp75_3r_t1960,1247,Long,2017-12-04T20:00:00-05:00,85.510801,2017-12-06T00:00:00-05:00,85.259801,stop,-0.251000,-25100.00
audjpy_hourly_st_pmc_sl25_tp75_3r,audjpy_hourly_st_pmc_sl25_tp75_3r_t1963,1248,Short,2017-12-08T01:00:00-05:00,85.055162,2017-12-08T08:00:00-05:00,85.306162,stop,-0.251000,-25100.00
audjpy_hourly_st_pmc_sl25_tp75_3r,audjpy_hourly_st_pmc_sl25_tp75_3r_t1964,1249,Long,2017-12-14T18:00:00-05:00,86.060195,2017-12-20T09:00:00-05:00,86.810195,target,0.750000,75000.00
audjpy_hourly_st_pmc_sl25_tp75_3r,audjpy_hourly_st_pmc_sl25_tp75_3r_t1965,1250,Long,2017-12-28T11:00:00-05:00,87.814511,2018-01-04T15:00:00-05:00,88.564511,target,0.750000,75000.00
audjpy_hourly_st_pmc_sl25_tp75_3r,audjpy_hourly_st_pmc_sl25_tp75_3r_t1966,1251,Long,2018-01-08T04:00:00-05:00,88.757306,2018-01-08T12:00:00-05:00,88.506306,stop,-0.251000,-25100.00
audjpy_hourly_st_pmc_sl25_tp75_3r,audjpy_hourly_st_pmc_sl25_tp75_3r_t1968,1252,Short,2018-01-11T00:00:00-05:00,87.709275,2018-01-11T04:00:00-05:00,87.960275,stop,-0.251000,-25100.00
audjpy_hourly_st_pmc_sl25_tp75_3r,audjpy_hourly_st_pmc_sl25_tp75_3r_t1971,1253,Short,2018-01-12T14:00:00-05:00,87.817263,2018-01-15T05:00:00-05:00,88.068263,stop,-0.251000,-25100.00
audjpy_hourly_st_pmc_sl25_tp75_3r,audjpy_hourly_st_pmc_sl25_tp75_3r_t1972,1254,Long,2018-01-16T09:00:00-05:00,88.003296,2018-01-16T19:00:00-05:00,87.752296,stop,-0.251000,-25100.00
audjpy_hourly_st_pmc_sl25_tp75_3r,audjpy_hourly_st_pmc_sl25_tp75_3r_t1974,1255,Long,2018-01-18T00:00:00-05:00,88.415080,2018-01-23T08:00:00-05:00,88.164080,stop,-0.251000,-25100.00
audjpy_hourly_st_pmc_sl25_tp75_3r,audjpy_hourly_st_pmc_sl25_tp75_3r_t1975,1256,Long,2018-01-24T16:00:00-05:00,87.939788,2018-01-30T05:00:00-05:00,87.688788,stop,-0.251000,-25100.00
audjpy_hourly_st_pmc_sl25_tp75_3r,audjpy_hourly_st_pmc_sl25_tp75_3r_t1979,1257,Long,2018-01-31T19:00:00-05:00,87.883449,2018-02-01T13:00:00-05:00,87.632449,stop,-0.251000,-25100.00
audjpy_hourly_st_pmc_sl25_tp75_3r,audjpy_hourly_st_pmc_sl25_tp75_3r_t1980,1258,Short,2018-02-06T08:00:00-05:00,86.118872,2018-02-06T20:00:00-05:00,86.369872,stop,-0.251000,-25100.00
audjpy_hourly_st_pmc_sl25_tp75_3r,audjpy_hourly_st_pmc_sl25_tp75_3r_t1981,1259,Short,2018-02-09T13:00:00-05:00,85.355522,2018-02-09T17:00:00-05:00,84.605522,target,0.750000,75000.00
audjpy_hourly_st_pmc_sl25_tp75_3r,audjpy_hourly_st_pmc_sl25_tp75_3r_t1982,1260,Short,2018-02-12T14:00:00-05:00,85.214653,2018-02-12T22:00:00-05:00,85.465653,stop,-0.251000,-25100.00
audjpy_hourly_st_pmc_sl25_tp75_3r,audjpy_hourly_st_pmc_sl25_tp75_3r_t1983,1261,Short,2018-02-14T17:00:00-05:00,84.416383,2018-02-14T19:00:00-05:00,84.667383,stop,-0.251000,-25100.00
audjpy_hourly_st_pmc_sl25_tp75_3r,audjpy_hourly_st_pmc_sl25_tp75_3r_t1984,1262,Short,2018-02-20T00:00:00-05:00,84.545889,2018-02-20T08:00:00-05:00,84.796889,stop,-0.251000,-25100.00
audjpy_hourly_st_pmc_sl25_tp75_3r,audjpy_hourly_st_pmc_sl25_tp75_3r_t1985,1263,Short,2018-02-23T20:00:00-05:00,83.735540,2018-02-25T22:00:00-05:00,84.020000,stop,-0.284460,-28446.01
audjpy_hourly_st_pmc_sl25_tp75_3r,audjpy_hourly_st_pmc_sl25_tp75_3r_t1987,1264,Short,2018-03-01T15:00:00-05:00,82.930256,2018-03-01T19:00:00-05:00,82.180256,target,0.750000,75000.00
audjpy_hourly_st_pmc_sl25_tp75_3r,audjpy_hourly_st_pmc_sl25_tp75_3r_t1988,1265,Short,2018-03-05T16:00:00-05:00,82.197804,2018-03-05T18:00:00-05:00,82.448804,stop,-0.251000,-25100.00
audjpy_hourly_st_pmc_sl25_tp75_3r,audjpy_hourly_st_pmc_sl25_tp75_3r_t1990,1266,Short,2018-03-06T11:00:00-05:00,82.748244,2018-03-06T11:00:00-05:00,82.999244,stop,-0.251000,-25100.00
audjpy_hourly_st_pmc_sl25_tp75_3r,audjpy_hourly_st_pmc_sl25_tp75_3r_t1991,1267,Long,2018-03-06T22:00:00-05:00,82.506060,2018-03-06T23:00:00-05:00,82.255060,stop,-0.251000,-25100.00
audjpy_hourly_st_pmc_sl25_tp75_3r,audjpy_hourly_st_pmc_sl25_tp75_3r_t1996,1268,Long,2018-03-13T15:00:00-04:00,84.006741,2018-03-13T19:00:00-04:00,83.755741,stop,-0.251000,-25100.00
audjpy_hourly_st_pmc_sl25_tp75_3r,audjpy_hourly_st_pmc_sl25_tp75_3r_t1997,1269,Long,2018-03-14T15:00:00-04:00,83.729532,2018-03-15T00:00:00-04:00,83.478532,stop,-0.251000,-25100.00
audjpy_hourly_st_pmc_sl25_tp75_3r,audjpy_hourly_st_pmc_sl25_tp75_3r_t1999,1270,Short,2018-03-19T10:00:00-04:00,81.783913,2018-03-20T07:00:00-04:00,82.034913,stop,-0.251000,-25100.00
audjpy_hourly_st_pmc_sl25_tp75_3r,audjpy_hourly_st_pmc_sl25_tp75_3r_t2000,1271,Short,2018-03-21T17:00:00-04:00,82.020961,2018-03-21T18:00:00-04:00,82.271961,stop,-0.251000,-25100.00
audjpy_hourly_st_pmc_sl25_tp75_3r,audjpy_hourly_st_pmc_sl25_tp75_3r_t2001,1272,Short,2018-03-26T07:00:00-04:00,81.360430,2018-03-26T19:00:00-04:00,81.611430,stop,-0.251000,-25100.00
audjpy_hourly_st_pmc_sl25_tp75_3r,audjpy_hourly_st_pmc_sl25_tp75_3r_t2002,1273,Short,2018-03-28T11:00:00-04:00,81.426243,2018-03-28T12:00:00-04:00,81.677243,stop,-0.251000,-25100.00
audjpy_hourly_st_pmc_sl25_tp75_3r,audjpy_hourly_st_pmc_sl25_tp75_3r_t2004,1274,Short,2018-04-03T03:00:00-04:00,81.379542,2018-04-03T06:00:00-04:00,81.630542,stop,-0.251000,-25100.00
audjpy_hourly_st_pmc_sl25_tp75_3r,audjpy_hourly_st_pmc_sl25_tp75_3r_t2007,1275,Long,2018-04-04T07:00:00-04:00,81.672426,2018-04-04T08:00:00-04:00,81.421426,stop,-0.251000,-25100.00
audjpy_hourly_st_pmc_sl25_tp75_3r,audjpy_hourly_st_pmc_sl25_tp75_3r_t2009,1276,Long,2018-04-05T23:00:00-04:00,82.067646,2018-04-10T02:00:00-04:00,82.817646,target,0.750000,75000.00
audjpy_hourly_st_pmc_sl25_tp75_3r,audjpy_hourly_st_pmc_sl25_tp75_3r_t2010,1277,Long,2018-04-11T11:00:00-04:00,82.738431,2018-04-13T01:00:00-04:00,83.488431,target,0.750000,75000.00
audjpy_hourly_st_pmc_sl25_tp75_3r,audjpy_hourly_st_pmc_sl25_tp75_3r_t2011,1278,Long,2018-04-13T14:00:00-04:00,83.590770,2018-04-13T19:00:00-04:00,83.339770,stop,-0.251000,-25100.00
audjpy_hourly_st_pmc_sl25_tp75_3r,audjpy_hourly_st_pmc_sl25_tp75_3r_t2012,1279,Long,2018-04-19T14:00:00-04:00,83.427664,2018-04-19T16:00:00-04:00,83.176664,stop,-0.251000,-25100.00
audjpy_hourly_st_pmc_sl25_tp75_3r,audjpy_hourly_st_pmc_sl25_tp75_3r_t2013,1280,Long,2018-04-24T17:00:00-04:00,82.599549,2018-04-30T16:00:00-04:00,82.348549,stop,-0.251000,-25100.00
audjpy_hourly_st_pmc_sl25_tp75_3r,audjpy_hourly_st_pmc_sl25_tp75_3r_t2019,1281,Short,2018-05-03T18:00:00-04:00,82.332471,2018-05-08T08:00:00-04:00,81.582471,target,0.750000,75000.00
audjpy_hourly_st_pmc_sl25_tp75_3r,audjpy_hourly_st_pmc_sl25_tp75_3r_t2020,1282,Short,2018-05-09T08:00:00-04:00,81.633042,2018-05-09T13:00:00-04:00,81.884042,stop,-0.251000,-25100.00
audjpy_hourly_st_pmc_sl25_tp75_3r,audjpy_hourly_st_pmc_sl25_tp75_3r_t2023,1283,Long,2018-05-15T11:00:00-04:00,82.416857,2018-05-17T02:00:00-04:00,83.166857,target,0.750000,75000.00
audjpy_hourly_st_pmc_sl25_tp75_3r,audjpy_hourly_st_pmc_sl25_tp75_3r_t2024,1284,Long,2018-05-22T17:00:00-04:00,84.033380,2018-05-23T01:00:00-04:00,83.782380,stop,-0.251000,-25100.00
audjpy_hourly_st_pmc_sl25_tp75_3r,audjpy_hourly_st_pmc_sl25_tp75_3r_t2025,1285,Long,2018-05-24T01:00:00-04:00,82.669604,2018-05-24T15:00:00-04:00,82.418604,stop,-0.251000,-25100.00
audjpy_hourly_st_pmc_sl25_tp75_3r,audjpy_hourly_st_pmc_sl25_tp75_3r_t2026,1286,Short,2018-05-30T09:00:00-04:00,81.948200,2018-05-30T11:00:00-04:00,82.199200,stop,-0.251000,-25100.00
audjpy_hourly_st_pmc_sl25_tp75_3r,audjpy_hourly_st_pmc_sl25_tp75_3r_t2033,1287,Long,2018-06-05T09:00:00-04:00,83.743279,2018-06-05T12:00:00-04:00,83.492279,stop,-0.251000,-25100.00
audjpy_hourly_st_pmc_sl25_tp75_3r,audjpy_hourly_st_pmc_sl25_tp75_3r_t2034,1288,Long,2018-06-07T01:00:00-04:00,84.118847,2018-06-07T14:00:00-04:00,83.867847,stop,-0.251000,-25100.00
audjpy_hourly_st_pmc_sl25_tp75_3r,audjpy_hourly_st_pmc_sl25_tp75_3r_t2035,1289,Long,2018-06-12T18:00:00-04:00,83.591439,2018-06-14T00:00:00-04:00,83.340439,stop,-0.251000,-25100.00
audjpy_hourly_st_pmc_sl25_tp75_3r,audjpy_hourly_st_pmc_sl25_tp75_3r_t2038,1290,Short,2018-06-19T23:00:00-04:00,81.374864,2018-06-20T05:00:00-04:00,81.625864,stop,-0.251000,-25100.00
audjpy_hourly_st_pmc_sl25_tp75_3r,audjpy_hourly_st_pmc_sl25_tp75_3r_t2039,1291,Short,2018-06-27T11:00:00-04:00,81.457844,2018-06-28T00:00:00-04:00,80.707844,target,0.750000,75000.00
audjpy_hourly_st_pmc_sl25_tp75_3r,audjpy_hourly_st_pmc_sl25_tp75_3r_t2040,1292,Short,2018-06-29T02:00:00-04:00,81.407817,2018-06-29T02:00:00-04:00,81.658817,stop,-0.251000,-25100.00
audjpy_hourly_st_pmc_sl25_tp75_3r,audjpy_hourly_st_pmc_sl25_tp75_3r_t2042,1293,Short,2018-07-03T05:00:00-04:00,81.551679,2018-07-03T06:00:00-04:00,81.802679,stop,-0.251000,-25100.00
audjpy_hourly_st_pmc_sl25_tp75_3r,audjpy_hourly_st_pmc_sl25_tp75_3r_t2044,1294,Short,2018-07-05T09:00:00-04:00,81.787741,2018-07-06T05:00:00-04:00,82.038741,stop,-0.251000,-25100.00
audjpy_hourly_st_pmc_sl25_tp75_3r,audjpy_hourly_st_pmc_sl25_tp75_3r_t2046,1295,Long,2018-07-10T08:00:00-04:00,82.733216,2018-07-10T21:00:00-04:00,82.482216,stop,-0.251000,-25100.00
audjpy_hourly_st_pmc_sl25_tp75_3r,audjpy_hourly_st_pmc_sl25_tp75_3r_t2047,1296,Long,2018-07-13T08:00:00-04:00,83.200107,2018-07-18T12:00:00-04:00,82.949107,stop,-0.251000,-25100.00
audjpy_hourly_st_pmc_sl25_tp75_3r,audjpy_hourly_st_pmc_sl25_tp75_3r_t2048,1297,Long,2018-07-19T07:00:00-04:00,83.333510,2018-07-19T08:00:00-04:00,83.082510,stop,-0.251000,-25100.00
audjpy_hourly_st_pmc_sl25_tp75_3r,audjpy_hourly_st_pmc_sl25_tp75_3r_t2049,1298,Long,2018-07-25T03:00:00-04:00,82.313736,2018-07-26T14:00:00-04:00,82.062736,stop,-0.251000,-25100.00
audjpy_hourly_st_pmc_sl25_tp75_3r,audjpy_hourly_st_pmc_sl25_tp75_3r_t2056,1299,Short,2018-08-03T11:00:00-04:00,82.448601,2018-08-07T07:00:00-04:00,82.699601,stop,-0.251000,-25100.00
audjpy_hourly_st_pmc_sl25_tp75_3r,audjpy_hourly_st_pmc_sl25_tp75_3r_t2057,1300,Short,2018-08-08T18:00:00-04:00,82.514745,2018-08-10T00:00:00-04:00,81.764745,target,0.750000,75000.00
audjpy_hourly_st_pmc_sl25_tp75_3r,audjpy_hourly_st_pmc_sl25_tp75_3r_t2058,1301,Short,2018-08-16T01:00:00-04:00,80.359340,2018-08-16T02:00:00-04:00,80.610340,stop,-0.251000,-25100.00
audjpy_hourly_st_pmc_sl25_tp75_3r,audjpy_hourly_st_pmc_sl25_tp75_3r_t2059,1302,Short,2018-08-24T02:00:00-04:00,81.018746,2018-08-24T11:00:00-04:00,81.269746,stop,-0.251000,-25100.00
audjpy_hourly_st_pmc_sl25_tp75_3r,audjpy_hourly_st_pmc_sl25_tp75_3r_t2060,1303,Short,2018-08-27T16:00:00-04:00,81.641266,2018-08-30T15:00:00-04:00,80.891266,target,0.750000,75000.00
audjpy_hourly_st_pmc_sl25_tp75_3r,audjpy_hourly_st_pmc_sl25_tp75_3r_t2064,1304,Long,2018-09-04T08:00:00-04:00,79.902601,2018-09-05T07:00:00-04:00,79.651601,stop,-0.251000,-25100.00
audjpy_hourly_st_pmc_sl25_tp75_3r,audjpy_hourly_st_pmc_sl25_tp75_3r_t2067,1305,Short,2018-09-11T03:00:00-04:00,79.332398,2018-09-12T15:00:00-04:00,79.583398,stop,-0.251000,-25100.00
audjpy_hourly_st_pmc_sl25_tp75_3r,audjpy_hourly_st_pmc_sl25_tp75_3r_t2069,1306,Long,2018-09-14T16:00:00-04:00,80.206267,2018-09-17T00:00:00-04:00,79.955267,stop,-0.251000,-25100.00
audjpy_hourly_st_pmc_sl25_tp75_3r,audjpy_hourly_st_pmc_sl25_tp75_3r_t2070,1307,Long,2018-09-17T22:00:00-04:00,80.162625,2018-09-17T22:00:00-04:00,79.911625,stop,-0.251000,-25100.00
audjpy_hourly_st_pmc_sl25_tp75_3r,audjpy_hourly_st_pmc_sl25_tp75_3r_t2072,1308,Long,2018-09-21T13:00:00-04:00,81.897328,2018-09-23T21:00:00-04:00,81.606000,stop,-0.291328,-29132.79
audjpy_hourly_st_pmc_sl25_tp75_3r,audjpy_hourly_st_pmc_sl25_tp75_3r_t2073,1309,Long,2018-09-26T07:00:00-04:00,81.863726,2018-09-27T05:00:00-04:00,81.612726,stop,-0.251000,-25100.00
audjpy_hourly_st_pmc_sl25_tp75_3r,audjpy_hourly_st_pmc_sl25_tp75_3r_t2075,1310,Long,2018-10-02T05:00:00-04:00,82.093106,2018-10-02T07:00:00-04:00,81.842106,stop,-0.251000,-25100.00
audjpy_hourly_st_pmc_sl25_tp75_3r,audjpy_hourly_st_pmc_sl25_tp75_3r_t2076,1311,Short,2018-10-09T02:00:00-04:00,80.265650,2018-10-10T00:00:00-04:00,80.516650,stop,-0.251000,-25100.00
audjpy_hourly_st_pmc_sl25_tp75_3r,audjpy_hourly_st_pmc_sl25_tp75_3r_t2077,1312,Short,2018-10-11T12:00:00-04:00,79.765590,2018-10-11T12:00:00-04:00,80.016590,stop,-0.251000,-25100.00
audjpy_hourly_st_pmc_sl25_tp75_3r,audjpy_hourly_st_pmc_sl25_tp75_3r_t2078,1313,Short,2018-10-18T00:00:00-04:00,80.187324,2018-10-18T09:00:00-04:00,80.438324,stop,-0.251000,-25100.00
audjpy_hourly_st_pmc_sl25_tp75_3r,audjpy_hourly_st_pmc_sl25_tp75_3r_t2079,1314,Short,2018-10-19T06:00:00-04:00,80.069159,2018-10-19T11:00:00-04:00,80.320159,stop,-0.251000,-25100.00
audjpy_hourly_st_pmc_sl25_tp75_3r,audjpy_hourly_st_pmc_sl25_tp75_3r_t2080,1315,Short,2018-10-23T18:00:00-04:00,79.616666,2018-10-24T03:00:00-04:00,79.867666,stop,-0.251000,-25100.00
audjpy_hourly_st_pmc_sl25_tp75_3r,audjpy_hourly_st_pmc_sl25_tp75_3r_t2081,1316,Short,2018-10-25T11:00:00-04:00,79.615665,2018-10-26T03:00:00-04:00,78.865665,target,0.750000,75000.00
audjpy_hourly_st_pmc_sl25_tp75_3r,audjpy_hourly_st_pmc_sl25_tp75_3r_t2082,1317,Short,2018-10-26T16:00:00-04:00,79.251409,2018-10-26T16:00:00-04:00,79.502409,stop,-0.251000,-25100.00
audjpy_hourly_st_pmc_sl25_tp75_3r,audjpy_hourly_st_pmc_sl25_tp75_3r_t2083,1318,Long,2018-11-02T17:00:00-04:00,81.257910,2018-11-06T21:00:00-05:00,82.007910,target,0.750000,75000.00
audjpy_hourly_st_pmc_sl25_tp75_3r,audjpy_hourly_st_pmc_sl25_tp75_3r_t2084,1319,Long,2018-11-08T19:00:00-05:00,82.630974,2018-11-09T07:00:00-05:00,82.379974,stop,-0.251000,-25100.00
audjpy_hourly_st_pmc_sl25_tp75_3r,audjpy_hourly_st_pmc_sl25_tp75_3r_t2085,1320,Long,2018-11-14T09:00:00-05:00,81.850728,2018-11-15T00:00:00-05:00,82.600728,target,0.750000,75000.00
audjpy_hourly_st_pmc_sl25_tp75_3r,audjpy_hourly_st_pmc_sl25_tp75_3r_t2086,1321,Long,2018-11-16T10:00:00-05:00,82.136705,2018-11-19T17:00:00-05:00,81.885705,stop,-0.251000,-25100.00
audjpy_hourly_st_pmc_sl25_tp75_3r,audjpy_hourly_st_pmc_sl25_tp75_3r_t2087,1322,Long,2018-11-23T08:00:00-05:00,81.689561,2018-11-23T13:00:00-05:00,81.438561,stop,-0.251000,-25100.00
audjpy_hourly_st_pmc_sl25_tp75_3r,audjpy_hourly_st_pmc_sl25_tp75_3r_t2088,1323,Long,2018-11-26T21:00:00-05:00,81.965798,2018-11-28T17:00:00-05:00,82.715798,target,0.750000,75000.00
audjpy_hourly_st_pmc_sl25_tp75_3r,audjpy_hourly_st_pmc_sl25_tp75_3r_t2089,1324,Long,2018-12-04T01:00:00-05:00,83.352806,2018-12-04T15:00:00-05:00,83.101806,stop,-0.251000,-25100.00
audjpy_hourly_st_pmc_sl25_tp75_3r,audjpy_hourly_st_pmc_sl25_tp75_3r_t2090,1325,Short,2018-12-06T07:00:00-05:00,81.839426,2018-12-06T10:00:00-05:00,81.089426,target,0.750000,75000.00
audjpy_hourly_st_pmc_sl25_tp75_3r,audjpy_hourly_st_pmc_sl25_tp75_3r_t2091,1326,Short,2018-12-07T03:00:00-05:00,81.616730,2018-12-09T23:00:00-05:00,80.866730,target,0.750000,75000.00
audjpy_hourly_st_pmc_sl25_tp75_3r,audjpy_hourly_st_pmc_sl25_tp75_3r_t2092,1327,Short,2018-12-10T09:00:00-05:00,81.392653,2018-12-11T11:00:00-05:00,81.643653,stop,-0.251000,-25100.00
audjpy_hourly_st_pmc_sl25_tp75_3r,audjpy_hourly_st_pmc_sl25_tp75_3r_t2093,1328,Short,2018-12-26T01:00:00-05:00,78.033567,2018-12-26T18:00:00-05:00,78.284567,stop,-0.251000,-25100.00
audjpy_hourly_st_pmc_sl25_tp75_3r,audjpy_hourly_st_pmc_sl25_tp75_3r_t2094,1329,Short,2018-12-31T02:00:00-05:00,78.032775,2018-12-31T15:00:00-05:00,77.282775,target,0.750000,75000.00
audjpy_hourly_st_pmc_sl25_tp75_3r,audjpy_hourly_st_pmc_sl25_tp75_3r_t2096,1330,Short,2019-01-03T08:00:00-05:00,74.978419,2019-01-03T08:00:00-05:00,75.229419,stop,-0.251000,-25100.00
audjpy_hourly_st_pmc_sl25_tp75_3r,audjpy_hourly_st_pmc_sl25_tp75_3r_t2101,1331,Long,2019-01-09T15:00:00-05:00,77.544423,2019-01-10T01:00:00-05:00,77.293423,stop,-0.251000,-25100.00
audjpy_hourly_st_pmc_sl25_tp75_3r,audjpy_hourly_st_pmc_sl25_tp75_3r_t2102,1332,Long,2019-01-14T02:00:00-05:00,77.854452,2019-01-14T03:00:00-05:00,77.603452,stop,-0.251000,-25100.00
audjpy_hourly_st_pmc_sl25_tp75_3r,audjpy_hourly_st_pmc_sl25_tp75_3r_t2103,1333,Long,2019-01-15T11:00:00-05:00,77.973026,2019-01-17T19:00:00-05:00,78.723026,target,0.750000,75000.00
audjpy_hourly_st_pmc_sl25_tp75_3r,audjpy_hourly_st_pmc_sl25_tp75_3r_t2104,1334,Long,2019-01-21T01:00:00-05:00,78.307905,2019-01-22T04:00:00-05:00,78.056905,stop,-0.251000,-25100.00
audjpy_hourly_st_pmc_sl25_tp75_3r,audjpy_hourly_st_pmc_sl25_tp75_3r_t2105,1335,Long,2019-01-24T02:00:00-05:00,78.007047,2019-01-24T13:00:00-05:00,77.756047,stop,-0.251000,-25100.00
audjpy_hourly_st_pmc_sl25_tp75_3r,audjpy_hourly_st_pmc_sl25_tp75_3r_t2106,1336,Long,2019-01-28T14:00:00-05:00,78.319521,2019-01-29T00:00:00-05:00,78.068521,stop,-0.251000,-25100.00
audjpy_hourly_st_pmc_sl25_tp75_3r,audjpy_hourly_st_pmc_sl25_tp75_3r_t2108,1337,Short,2019-02-01T13:00:00-05:00,79.306407,2019-02-01T17:00:00-05:00,79.557407,stop,-0.251000,-25100.00
audjpy_hourly_st_pmc_sl25_tp75_3r,audjpy_hourly_st_pmc_sl25_tp75_3r_t2109,1338,Long,2019-02-05T00:00:00-05:00,79.099053,2019-02-06T01:00:00-05:00,78.848053,stop,-0.251000,-25100.00
audjpy_hourly_st_pmc_sl25_tp75_3r,audjpy_hourly_st_pmc_sl25_tp75_3r_t2110,1339,Short,2019-02-10T23:00:00-05:00,78.032761,2019-02-12T02:00:00-05:00,78.283761,stop,-0.251000,-25100.00
audjpy_hourly_st_pmc_sl25_tp75_3r,audjpy_hourly_st_pmc_sl25_tp75_3r_t2112,1340,Short,2019-02-15T12:00:00-05:00,78.586623,2019-02-15T18:00:00-05:00,78.837623,stop,-0.251000,-25100.00
audjpy_hourly_st_pmc_sl25_tp75_3r,audjpy_hourly_st_pmc_sl25_tp75_3r_t2114,1341,Short,2019-02-19T15:00:00-05:00,78.950289,2019-02-19T17:00:00-05:00,79.201289,stop,-0.251000,-25100.00
audjpy_hourly_st_pmc_sl25_tp75_3r,audjpy_hourly_st_pmc_sl25_tp75_3r_t2115,1342,Long,2019-02-21T01:00:00-05:00,79.092365,2019-02-21T05:00:00-05:00,78.841365,stop,-0.251000,-25100.00
audjpy_hourly_st_pmc_sl25_tp75_3r,audjpy_hourly_st_pmc_sl25_tp75_3r_t2116,1343,Short,2019-02-22T13:00:00-05:00,78.940028,2019-02-24T22:00:00-05:00,79.191028,stop,-0.251000,-25100.00
audjpy_hourly_st_pmc_sl25_tp75_3r,audjpy_hourly_st_pmc_sl25_tp75_3r_t2118,1344,Long,2019-02-26T01:00:00-05:00,79.337770,2019-02-27T12:00:00-05:00,79.086770,stop,-0.251000,-25100.00
audjpy_hourly_st_pmc_sl25_tp75_3r,audjpy_hourly_st_pmc_sl25_tp75_3r_t2124,1345,Long,2019-03-01T16:00:00-05:00,79.227680,2019-03-06T00:00:00-05:00,78.976680,stop,-0.251000,-25100.00
audjpy_hourly_st_pmc_sl25_tp75_3r,audjpy_hourly_st_pmc_sl25_tp75_3r_t2125,1346,Short,2019-03-08T15:00:00-05:00,78.249820,2019-03-11T14:00:00-04:00,78.500820,stop,-0.251000,-25100.00
audjpy_hourly_st_pmc_sl25_tp75_3r,audjpy_hourly_st_pmc_sl25_tp75_3r_t2126,1347,Short,2019-03-13T15:00:00-04:00,78.815841,2019-03-15T00:00:00-04:00,79.066841,stop,-0.251000,-25100.00
audjpy_hourly_st_pmc_sl25_tp75_3r,audjpy_hourly_st_pmc_sl25_tp75_3r_t2130,1348,Long,2019-03-18T10:00:00-04:00,79.111807,2019-03-19T21:00:00-04:00,78.860807,stop,-0.251000,-25100.00
audjpy_hourly_st_pmc_sl25_tp75_3r,audjpy_hourly_st_pmc_sl25_tp75_3r_t2133,1349,Short,2019-03-21T00:00:00-04:00,79.172072,2019-03-22T08:00:00-04:00,78.422072,target,0.750000,75000.00
audjpy_hourly_st_pmc_sl25_tp75_3r,audjpy_hourly_st_pmc_sl25_tp75_3r_t2134,1350,Short,2019-03-25T08:00:00-04:00,78.117366,2019-03-26T00:00:00-04:00,78.368366,stop,-0.251000,-25100.00
audjpy_hourly_st_pmc_sl25_tp75_3r,audjpy_hourly_st_pmc_sl25_tp75_3r_t2135,1351,Short,2019-03-29T00:00:00-04:00,78.460685,2019-03-31T21:00:00-04:00,79.016000,stop,-0.555315,-55531.53
audjpy_hourly_st_pmc_sl25_tp75_3r,audjpy_hourly_st_pmc_sl25_tp75_3r_t2136,1352,Long,2019-04-02T03:00:00-04:00,78.908916,2019-04-02T14:00:00-04:00,78.657916,stop,-0.251000,-25100.00
audjpy_hourly_st_pmc_sl25_tp75_3r,audjpy_hourly_st_pmc_sl25_tp75_3r_t2137,1353,Short,2019-04-03T00:00:00-04:00,78.909285,2019-04-03T01:00:00-04:00,79.160285,stop,-0.251000,-25100.00
audjpy_hourly_st_pmc_sl25_tp75_3r,audjpy_hourly_st_pmc_sl25_tp75_3r_t2138,1354,Long,2019-04-05T13:00:00-04:00,79.330439,2019-04-08T00:00:00-04:00,79.079439,stop,-0.251000,-25100.00
audjpy_hourly_st_pmc_sl25_tp75_3r,audjpy_hourly_st_pmc_sl25_tp75_3r_t2139,1355,Long,2019-04-09T13:00:00-04:00,79.256025,2019-04-10T01:00:00-04:00,79.005025,stop,-0.251000,-25100.00
audjpy_hourly_st_pmc_sl25_tp75_3r,audjpy_hourly_st_pmc_sl25_tp75_3r_t2140,1356,Long,2019-04-16T01:00:00-04:00,80.081893,2019-04-22T11:00:00-04:00,79.830893,stop,-0.251000,-25100.00
audjpy_hourly_st_pmc_sl25_tp75_3r,audjpy_hourly_st_pmc_sl25_tp75_3r_t2141,1357,Short,2019-04-26T08:00:00-04:00,78.573750,2019-04-29T06:00:00-04:00,78.824750,stop,-0.251000,-25100.00
audjpy_hourly_st_pmc_sl25_tp75_3r,audjpy_hourly_st_pmc_sl25_tp75_3r_t2143,1358,Short,2019-05-02T03:00:00-04:00,78.449257,2019-05-05T21:00:00-04:00,77.699257,target,0.750000,75000.00
audjpy_hourly_st_pmc_sl25_tp75_3r,audjpy_hourly_st_pmc_sl25_tp75_3r_t2144,1359,Short,2019-05-06T15:00:00-04:00,77.592929,2019-05-07T04:00:00-04:00,77.843929,stop,-0.251000,-25100.00
audjpy_hourly_st_pmc_sl25_tp75_3r,audjpy_hourly_st_pmc_sl25_tp75_3r_t2145,1360,Short,2019-05-09T16:00:00-04:00,76.824907,2019-05-10T01:00:00-04:00,77.075907,stop,-0.251000,-25100.00
audjpy_hourly_st_pmc_sl25_tp75_3r,audjpy_hourly_st_pmc_sl25_tp75_3r_t2146,1361,Short,2019-05-14T01:00:00-04:00,76.229451,2019-05-16T01:00:00-04:00,75.479451,target,0.750000,75000.00
audjpy_hourly_st_pmc_sl25_tp75_3r,audjpy_hourly_st_pmc_sl25_tp75_3r_t2147,1362,Short,2019-05-16T08:00:00-04:00,75.964086,2019-05-20T01:00:00-04:00,76.215086,stop,-0.251000,-25100.00
audjpy_hourly_st_pmc_sl25_tp75_3r,audjpy_hourly_st_pmc_sl25_tp75_3r_t2148,1363,Short,2019-05-21T14:00:00-04:00,76.117703,2019-05-31T04:00:00-04:00,75.367703,target,0.750000,75000.00
audjpy_hourly_st_pmc_sl25_tp75_3r,audjpy_hourly_st_pmc_sl25_tp75_3r_t2151,1364,Long,2019-06-05T12:00:00-04:00,75.510650,2019-06-12T06:00:00-04:00,75.259650,stop,-0.251000,-25100.00
audjpy_hourly_st_pmc_sl25_tp75_3r,audjpy_hourly_st_pmc_sl25_tp75_3r_t2152,1365,Short,2019-06-17T00:00:00-04:00,74.756093,2019-06-18T03:00:00-04:00,74.006093,target,0.750000,75000.00
audjpy_hourly_st_pmc_sl25_tp75_3r,audjpy_hourly_st_pmc_sl25_tp75_3r_t2153,1366,Short,2019-06-18T13:00:00-04:00,74.286058,2019-06-18T13:00:00-04:00,74.537058,stop,-0.251000,-25100.00
audjpy_hourly_st_pmc_sl25_tp75_3r,audjpy_hourly_st_pmc_sl25_tp75_3r_t2154,1367,Short,2019-06-20T08:00:00-04:00,74.503676,2019-06-24T02:00:00-04:00,74.754676,stop,-0.251000,-25100.00
audjpy_hourly_st_pmc_sl25_tp75_3r,audjpy_hourly_st_pmc_sl25_tp75_3r_t2155,1368,Short,2019-06-26T00:00:00-04:00,74.701933,2019-06-26T06:00:00-04:00,74.952933,stop,-0.251000,-25100.00
audjpy_hourly_st_pmc_sl25_tp75_3r,audjpy_hourly_st_pmc_sl25_tp75_3r_t2156,1369,Long,2019-07-01T00:00:00-04:00,75.831189,2019-07-01T14:00:00-04:00,75.580189,stop,-0.251000,-25100.00
audjpy_hourly_st_pmc_sl25_tp75_3r,audjpy_hourly_st_pmc_sl25_tp75_3r_t2157,1370,Short,2019-07-02T04:00:00-04:00,75.734558,2019-07-15T02:00:00-04:00,75.985558,stop,-0.251000,-25100.00
audjpy_hourly_st_pmc_sl25_tp75_3r,audjpy_hourly_st_pmc_sl25_tp75_3r_t2158,1371,Short,2019-07-18T10:00:00-04:00,75.854359,2019-07-19T01:00:00-04:00,76.105359,stop,-0.251000,-25100.00
audjpy_hourly_st_pmc_sl25_tp75_3r,audjpy_hourly_st_pmc_sl25_tp75_3r_t2159,1372,Short,2019-07-25T14:00:00-04:00,75.523011,2019-07-30T09:00:00-04:00,74.773011,target,0.750000,75000.00
audjpy_hourly_st_pmc_sl25_tp75_3r,audjpy_hourly_st_pmc_sl25_tp75_3r_t2160,1373,Short,2019-07-31T03:00:00-04:00,74.817912,2019-08-01T14:00:00-04:00,74.067912,target,0.750000,75000.00
audjpy_hourly_st_pmc_sl25_tp75_3r,audjpy_hourly_st_pmc_sl25_tp75_3r_t2161,1374,Short,2019-08-06T01:00:00-04:00,72.028008,2019-08-06T03:00:00-04:00,72.279008,stop,-0.251000,-25100.00
audjpy_hourly_st_pmc_sl25_tp75_3r,audjpy_hourly_st_pmc_sl25_tp75_3r_t2162,1375,Short,2019-08-07T18:00:00-04:00,71.794975,2019-08-08T01:00:00-04:00,72.045975,stop,-0.251000,-25100.00
audjpy_hourly_st_pmc_sl25_tp75_3r,audjpy_hourly_st_pmc_sl25_tp75_3r_t2163,1376,Short,2019-08-13T13:00:00-04:00,71.404661,2019-08-13T13:00:00-04:00,71.655661,stop,-0.251000,-25100.00
audjpy_hourly_st_pmc_sl25_tp75_3r,audjpy_hourly_st_pmc_sl25_tp75_3r_t2164,1377,Short,2019-08-15T06:00:00-04:00,71.991619,2019-08-15T06:00:00-04:00,72.242619,stop,-0.251000,-25100.00
audjpy_hourly_st_pmc_sl25_tp75_3r,audjpy_hourly_st_pmc_sl25_tp75_3r_t2165,1378,Short,2019-08-21T02:00:00-04:00,72.274957,2019-08-23T15:00:00-04:00,71.524957,target,0.750000,75000.00
audjpy_hourly_st_pmc_sl25_tp75_3r,audjpy_hourly_st_pmc_sl25_tp75_3r_t2166,1379,Short,2019-08-26T01:00:00-04:00,70.967557,2019-08-26T02:00:00-04:00,71.218557,stop,-0.251000,-25100.00
audjpy_hourly_st_pmc_sl25_tp75_3r,audjpy_hourly_st_pmc_sl25_tp75_3r_t2167,1380,Short,2019-08-29T07:00:00-04:00,71.481863,2019-08-29T09:00:00-04:00,71.732863,stop,-0.251000,-25100.00
audjpy_hourly_st_pmc_sl25_tp75_3r,audjpy_hourly_st_pmc_sl25_tp75_3r_t2168,1381,Short,2019-09-03T06:00:00-04:00,71.446402,2019-09-03T18:00:00-04:00,71.697402,stop,-0.251000,-25100.00
audjpy_hourly_st_pmc_sl25_tp75_3r,audjpy_hourly_st_pmc_sl25_tp75_3r_t2170,1382,Long,2019-09-12T12:00:00-04:00,74.079330,2019-09-15T21:00:00-04:00,73.745000,stop,-0.334330,-33433.01
audjpy_hourly_st_pmc_sl25_tp75_3r,audjpy_hourly_st_pmc_sl25_tp75_3r_t2171,1383,Long,2019-09-17T03:00:00-04:00,73.925750,2019-09-19T01:00:00-04:00,73.674750,stop,-0.251000,-25100.00
audjpy_hourly_st_pmc_sl25_tp75_3r,audjpy_hourly_st_pmc_sl25_tp75_3r_t2172,1384,Long,2019-09-24T16:00:00-04:00,72.839880,2019-09-25T13:00:00-04:00,72.588880,stop,-0.251000,-25100.00
audjpy_hourly_st_pmc_sl25_tp75_3r,audjpy_hourly_st_pmc_sl25_tp75_3r_t2173,1385,Long,2019-09-27T15:00:00-04:00,72.889067,2019-10-01T05:00:00-04:00,72.638067,stop,-0.251000,-25100.00
audjpy_hourly_st_pmc_sl25_tp75_3r,audjpy_hourly_st_pmc_sl25_tp75_3r_t2174,1386,Short,2019-10-03T17:00:00-04:00,72.149503,2019-10-04T13:00:00-04:00,72.400503,stop,-0.251000,-25100.00
audjpy_hourly_st_pmc_sl25_tp75_3r,audjpy_hourly_st_pmc_sl25_tp75_3r_t2175,1387,Short,2019-10-07T17:00:00-04:00,72.250660,2019-10-08T05:00:00-04:00,72.501660,stop,-0.251000,-25100.00
audjpy_hourly_st_pmc_sl25_tp75_3r,audjpy_hourly_st_pmc_sl25_tp75_3r_t2176,1388,Short,2019-10-09T07:00:00-04:00,72.316419,2019-10-10T01:00:00-04:00,72.567419,stop,-0.251000,-25100.00
audjpy_hourly_st_pmc_sl25_tp75_3r,audjpy_hourly_st_pmc_sl25_tp75_3r_t2178,1389,Long,2019-10-14T00:00:00-04:00,73.411163,2019-10-14T08:00:00-04:00,73.160163,stop,-0.251000,-25100.00
audjpy_hourly_st_pmc_sl25_tp75_3r,audjpy_hourly_st_pmc_sl25_tp75_3r_t2179,1390,Long,2019-10-15T10:00:00-04:00,73.141080,2019-10-17T07:00:00-04:00,73.891080,target,0.750000,75000.00
audjpy_hourly_st_pmc_sl25_tp75_3r,audjpy_hourly_st_pmc_sl25_tp75_3r_t2180,1391,Long,2019-10-22T08:00:00-04:00,74.431743,2019-10-23T00:00:00-04:00,74.180743,stop,-0.251000,-25100.00
audjpy_hourly_st_pmc_sl25_tp75_3r,audjpy_hourly_st_pmc_sl25_tp75_3r_t2181,1392,Long,2019-10-24T08:00:00-04:00,74.202051,2019-10-24T16:00:00-04:00,73.951051,stop,-0.251000,-25100.00
audjpy_hourly_st_pmc_sl25_tp75_3r,audjpy_hourly_st_pmc_sl25_tp75_3r_t2182,1393,Long,2019-10-31T09:00:00-04:00,74.939565,2019-10-31T09:00:00-04:00,74.688565,stop,-0.251000,-25100.00
audjpy_hourly_st_pmc_sl25_tp75_3r,audjpy_hourly_st_pmc_sl25_tp75_3r_t2184,1394,Long,2019-11-04T22:00:00-05:00,74.688702,2019-11-07T10:00:00-05:00,75.438702,target,0.750000,75000.00
audjpy_hourly_st_pmc_sl25_tp75_3r,audjpy_hourly_st_pmc_sl25_tp75_3r_t2185,1395,Long,2019-11-08T02:00:00-05:00,75.150636,2019-11-08T14:00:00-05:00,74.899636,stop,-0.251000,-25100.00
audjpy_hourly_st_pmc_sl25_tp75_3r,audjpy_hourly_st_pmc_sl25_tp75_3r_t2186,1396,Long,2019-11-12T19:00:00-05:00,74.591975,2019-11-13T09:00:00-05:00,74.340975,stop,-0.251000,-25100.00
audjpy_hourly_st_pmc_sl25_tp75_3r,audjpy_hourly_st_pmc_sl25_tp75_3r_t2187,1397,Short,2019-11-15T01:00:00-05:00,73.816859,2019-11-15T15:00:00-05:00,74.067859,stop,-0.251000,-25100.00
audjpy_hourly_st_pmc_sl25_tp75_3r,audjpy_hourly_st_pmc_sl25_tp75_3r_t2188,1398,Short,2019-11-19T08:00:00-05:00,74.016893,2019-11-19T13:00:00-05:00,74.267893,stop,-0.251000,-25100.00
audjpy_hourly_st_pmc_sl25_tp75_3r,audjpy_hourly_st_pmc_sl25_tp75_3r_t2189,1399,Short,2019-11-21T10:00:00-05:00,73.964594,2019-11-27T18:00:00-05:00,74.215594,stop,-0.251000,-25100.00
audjpy_hourly_st_pmc_sl25_tp75_3r,audjpy_hourly_st_pmc_sl25_tp75_3r_t2190,1400,Short,2019-11-29T08:00:00-05:00,74.259084,2019-12-02T14:00:00-05:00,74.510084,stop,-0.251000,-25100.00
audjpy_hourly_st_pmc_sl25_tp75_3r,audjpy_hourly_st_pmc_sl25_tp75_3r_t2191,1401,Long,2019-12-03T10:00:00-05:00,74.445796,2019-12-03T14:00:00-05:00,74.194796,stop,-0.251000,-25100.00
audjpy_hourly_st_pmc_sl25_tp75_3r,audjpy_hourly_st_pmc_sl25_tp75_3r_t2192,1402,Short,2019-12-04T09:00:00-05:00,74.299667,2019-12-04T16:00:00-05:00,74.550667,stop,-0.251000,-25100.00
audjpy_hourly_st_pmc_sl25_tp75_3r,audjpy_hourly_st_pmc_sl25_tp75_3r_t2193,1403,Long,2019-12-05T13:00:00-05:00,74.292646,2019-12-09T08:00:00-05:00,74.041646,stop,-0.251000,-25100.00
audjpy_hourly_st_pmc_sl25_tp75_3r,audjpy_hourly_st_pmc_sl25_tp75_3r_t2195,1404,Long,2019-12-13T14:00:00-05:00,75.465718,2019-12-13T14:00:00-05:00,75.214718,stop,-0.251000,-25100.00
audjpy_hourly_st_pmc_sl25_tp75_3r,audjpy_hourly_st_pmc_sl25_tp75_3r_t2196,1405,Long,2019-12-17T00:00:00-05:00,75.219900,2019-12-17T13:00:00-05:00,74.968900,stop,-0.251000,-25100.00
audjpy_hourly_st_pmc_sl25_tp75_3r,audjpy_hourly_st_pmc_sl25_tp75_3r_t2197,1406,Long,2019-12-19T13:00:00-05:00,75.137347,2019-12-26T02:00:00-05:00,75.887347,target,0.750000,75000.00
audjpy_hourly_st_pmc_sl25_tp75_3r,audjpy_hourly_st_pmc_sl25_tp75_3r_t2198,1407,Long,2019-12-30T14:00:00-05:00,76.183041,2020-01-02T15:00:00-05:00,75.932041,stop,-0.251000,-25100.00
audjpy_hourly_st_pmc_sl25_tp75_3r,audjpy_hourly_st_pmc_sl25_tp75_3r_t2199,1408,Short,2020-01-06T21:00:00-05:00,75.266332,2020-01-07T11:00:00-05:00,74.516332,target,0.750000,75000.00
audjpy_hourly_st_pmc_sl25_tp75_3r,audjpy_hourly_st_pmc_sl25_tp75_3r_t2200,1409,Short,2020-01-08T02:00:00-05:00,74.529457,2020-01-08T16:00:00-05:00,74.780457,stop,-0.251000,-25100.00
audjpy_hourly_st_pmc_sl25_tp75_3r,audjpy_hourly_st_pmc_sl25_tp75_3r_t2201,1410,Short,2020-01-15T16:00:00-05:00,75.948101,2020-01-16T13:00:00-05:00,76.199101,stop,-0.251000,-25100.00
audjpy_hourly_st_pmc_sl25_tp75_3r,audjpy_hourly_st_pmc_sl25_tp75_3r_t2202,1411,Short,2020-01-21T13:00:00-05:00,75.650295,2020-01-23T15:00:00-05:00,74.900295,target,0.750000,75000.00
audjpy_hourly_st_pmc_sl25_tp75_3r,audjpy_hourly_st_pmc_sl25_tp75_3r_t2203,1412,Short,2020-01-28T21:00:00-05:00,73.799399,2020-01-30T14:00:00-05:00,73.049399,target,0.750000,75000.00
audjpy_hourly_st_pmc_sl25_tp75_3r,audjpy_hourly_st_pmc_sl25_tp75_3r_t2204,1413,Short,2020-01-31T01:00:00-05:00,73.346959,2020-01-31T15:00:00-05:00,72.596959,target,0.750000,75000.00
audjpy_hourly_st_pmc_sl25_tp75_3r,audjpy_hourly_st_pmc_sl25_tp75_3r_t2206,1414,Long,2020-02-07T00:00:00-05:00,73.912456,2020-02-07T08:00:00-05:00,73.661456,stop,-0.251000,-25100.00
audjpy_hourly_st_pmc_sl25_tp75_3r,audjpy_hourly_st_pmc_sl25_tp75_3r_t2207,1415,Long,2020-02-12T23:00:00-05:00,73.882321,2020-02-13T23:00:00-05:00,73.631321,stop,-0.251000,-25100.00
audjpy_hourly_st_pmc_sl25_tp75_3r,audjpy_hourly_st_pmc_sl25_tp75_3r_t2208,1416,Long,2020-02-20T01:00:00-05:00,74.009281,2020-02-21T07:00:00-05:00,73.758281,stop,-0.251000,-25100.00
audjpy_hourly_st_pmc_sl25_tp75_3r,audjpy_hourly_st_pmc_sl25_tp75_3r_t2212,1417,Long,2020-03-03T23:00:00-05:00,70.317751,2020-03-04T01:00:00-05:00,71.067751,target,0.750000,75000.00
audjpy_hourly_st_pmc_sl25_tp75_3r,audjpy_hourly_st_pmc_sl25_tp75_3r_t2213,1418,Long,2020-03-05T13:00:00-05:00,70.672724,2020-03-05T14:00:00-05:00,70.421724,stop,-0.251000,-25100.00
audjpy_hourly_st_pmc_sl25_tp75_3r,audjpy_hourly_st_pmc_sl25_tp75_3r_t2215,1419,Short,2020-03-09T15:00:00-04:00,68.484104,2020-03-09T16:00:00-04:00,67.734104,target,0.750000,75000.00
audjpy_hourly_st_pmc_sl25_tp75_3r,audjpy_hourly_st_pmc_sl25_tp75_3r_t2216,1420,Short,2020-03-10T04:00:00-04:00,68.484104,2020-03-10T05:00:00-04:00,68.735104,stop,-0.251000,-25100.00
audjpy_hourly_st_pmc_sl25_tp75_3r,audjpy_hourly_st_pmc_sl25_tp75_3r_t2217,1421,Short,2020-03-12T17:00:00-04:00,67.342834,2020-03-12T17:00:00-04:00,67.593834,stop,-0.251000,-25100.00
audjpy_hourly_st_pmc_sl25_tp75_3r,audjpy_hourly_st_pmc_sl25_tp75_3r_t2218,1422,Short,2020-03-13T11:00:00-04:00,67.342834,2020-03-13T12:00:00-04:00,67.593834,stop,-0.251000,-25100.00
audjpy_hourly_st_pmc_sl25_tp75_3r,audjpy_hourly_st_pmc_sl25_tp75_3r_t2219,1423,Short,2020-03-19T06:00:00-04:00,62.717237,2020-03-19T06:00:00-04:00,61.967237,target,0.750000,75000.00
audjpy_hourly_st_pmc_sl25_tp75_3r,audjpy_hourly_st_pmc_sl25_tp75_3r_t2220,1424,Short,2020-03-19T11:00:00-04:00,62.717237,2020-03-19T11:00:00-04:00,62.968237,stop,-0.251000,-25100.00
audjpy_hourly_st_pmc_sl25_tp75_3r,audjpy_hourly_st_pmc_sl25_tp75_3r_t2221,1425,Short,2020-03-23T20:00:00-04:00,64.813196,2020-03-23T23:00:00-04:00,65.064196,stop,-0.251000,-25100.00
audjpy_hourly_st_pmc_sl25_tp75_3r,audjpy_hourly_st_pmc_sl25_tp75_3r_t2222,1426,Short,2020-03-26T13:00:00-04:00,66.188279,2020-03-26T16:00:00-04:00,66.439279,stop,-0.251000,-25100.00
audjpy_hourly_st_pmc_sl25_tp75_3r,audjpy_hourly_st_pmc_sl25_tp75_3r_t2224,1427,Short,2020-04-01T14:00:00-04:00,65.906390,2020-04-01T14:00:00-04:00,66.157390,stop,-0.251000,-25100.00
audjpy_hourly_st_pmc_sl25_tp75_3r,audjpy_hourly_st_pmc_sl25_tp75_3r_t2225,1428,Short,2020-04-02T14:00:00-04:00,65.395641,2020-04-02T14:00:00-04:00,64.645641,target,0.750000,75000.00
audjpy_hourly_st_pmc_sl25_tp75_3r,audjpy_hourly_st_pmc_sl25_tp75_3r_t2226,1429,Short,2020-04-02T19:00:00-04:00,65.395641,2020-04-06T00:00:00-04:00,65.646641,stop,-0.251000,-25100.00
audjpy_hourly_st_pmc_sl25_tp75_3r,audjpy_hourly_st_pmc_sl25_tp75_3r_t2227,1430,Long,2020-04-08T00:00:00-04:00,66.819240,2020-04-08T00:00:00-04:00,66.568240,stop,-0.251000,-25100.00
audjpy_hourly_st_pmc_sl25_tp75_3r,audjpy_hourly_st_pmc_sl25_tp75_3r_t2228,1431,Long,2020-04-13T01:00:00-04:00,68.439898,2020-04-14T01:00:00-04:00,69.189898,target,0.750000,75000.00
audjpy_hourly_st_pmc_sl25_tp75_3r,audjpy_hourly_st_pmc_sl25_tp75_3r_t2229,1432,Long,2020-04-14T09:00:00-04:00,68.708362,2020-04-15T05:00:00-04:00,68.457362,stop,-0.251000,-25100.00
audjpy_hourly_st_pmc_sl25_tp75_3r,audjpy_hourly_st_pmc_sl25_tp75_3r_t2230,1433,Long,2020-04-20T20:00:00-04:00,68.251937,2020-04-21T00:00:00-04:00,68.000937,stop,-0.251000,-25100.00
audjpy_hourly_st_pmc_sl25_tp75_3r,audjpy_hourly_st_pmc_sl25_tp75_3r_t2231,1434,Long,2020-04-29T10:00:00-04:00,69.289040,2020-04-30T14:00:00-04:00,70.039040,target,0.750000,75000.00
audjpy_hourly_st_pmc_sl25_tp75_3r,audjpy_hourly_st_pmc_sl25_tp75_3r_t2233,1435,Short,2020-05-04T12:00:00-04:00,68.674915,2020-05-05T13:00:00-04:00,68.925915,stop,-0.251000,-25100.00
audjpy_hourly_st_pmc_sl25_tp75_3r,audjpy_hourly_st_pmc_sl25_tp75_3r_t2234,1436,Short,2020-05-07T05:00:00-04:00,68.241431,2020-05-07T06:00:00-04:00,68.492431,stop,-0.251000,-25100.00
audjpy_hourly_st_pmc_sl25_tp75_3r,audjpy_hourly_st_pmc_sl25_tp75_3r_t2237,1437,Long,2020-05-11T10:00:00-04:00,69.632283,2020-05-11T11:00:00-04:00,69.381283,stop,-0.251000,-25100.00
audjpy_hourly_st_pmc_sl25_tp75_3r,audjpy_hourly_st_pmc_sl25_tp75_3r_t2239,1438,Short,2020-05-12T07:00:00-04:00,69.811051,2020-05-12T10:00:00-04:00,70.062051,stop,-0.251000,-25100.00
audjpy_hourly_st_pmc_sl25_tp75_3r,audjpy_hourly_st_pmc_sl25_tp75_3r_t2242,1439,Short,2020-05-14T19:00:00-04:00,69.247135,2020-05-15T00:00:00-04:00,69.498135,stop,-0.251000,-25100.00
audjpy_hourly_st_pmc_sl25_tp75_3r,audjpy_hourly_st_pmc_sl25_tp75_3r_t2243,1440,Short,2020-05-18T10:00:00-04:00,69.227967,2020-05-18T12:00:00-04:00,69.478967,stop,-0.251000,-25100.00
audjpy_hourly_st_pmc_sl25_tp75_3r,audjpy_hourly_st_pmc_sl25_tp75_3r_t2244,1441,Long,2020-05-22T02:00:00-04:00,70.493486,2020-05-22T03:00:00-04:00,70.242486,stop,-0.251000,-25100.00
audjpy_hourly_st_pmc_sl25_tp75_3r,audjpy_hourly_st_pmc_sl25_tp75_3r_t2245,1442,Long,2020-05-27T13:00:00-04:00,71.339478,2020-05-27T13:00:00-04:00,71.088478,stop,-0.251000,-25100.00
audjpy_hourly_st_pmc_sl25_tp75_3r,audjpy_hourly_st_pmc_sl25_tp75_3r_t2246,1443,Long,2020-05-28T21:00:00-04:00,71.180634,2020-06-01T00:00:00-04:00,71.930634,target,0.750000,75000.00
audjpy_hourly_st_pmc_sl25_tp75_3r,audjpy_hourly_st_pmc_sl25_tp75_3r_t2247,1444,Long,2020-06-03T10:00:00-04:00,74.746075,2020-06-03T11:00:00-04:00,74.495075,stop,-0.251000,-25100.00
audjpy_hourly_st_pmc_sl25_tp75_3r,audjpy_hourly_st_pmc_sl25_tp75_3r_t2248,1445,Long,2020-06-08T14:00:00-04:00,75.950415,2020-06-08T14:00:00-04:00,75.699415,stop,-0.251000,-25100.00
audjpy_hourly_st_pmc_sl25_tp75_3r,audjpy_hourly_st_pmc_sl25_tp75_3r_t2249,1446,Long,2020-06-15T00:00:00-04:00,73.147455,2020-06-15T05:00:00-04:00,72.896455,stop,-0.251000,-25100.00
audjpy_hourly_st_pmc_sl25_tp75_3r,audjpy_hourly_st_pmc_sl25_tp75_3r_t2250,1447,Long,2020-06-16T14:00:00-04:00,73.895586,2020-06-16T14:00:00-04:00,73.644586,stop,-0.251000,-25100.00
audjpy_hourly_st_pmc_sl25_tp75_3r,audjpy_hourly_st_pmc_sl25_tp75_3r_t2251,1448,Long,2020-06-23T01:00:00-04:00,73.525643,2020-06-23T01:00:00-04:00,73.274643,stop,-0.251000,-25100.00
audjpy_hourly_st_pmc_sl25_tp75_3r,audjpy_hourly_st_pmc_sl25_tp75_3r_t2252,1449,Long,2020-06-24T08:00:00-04:00,73.621380,2020-06-24T15:00:00-04:00,73.370380,stop,-0.251000,-25100.00
audjpy_hourly_st_pmc_sl25_tp75_3r,audjpy_hourly_st_pmc_sl25_tp75_3r_t2253,1450,Long,2020-06-30T06:00:00-04:00,73.774842,2020-06-30T19:00:00-04:00,74.524842,target,0.750000,75000.00
audjpy_hourly_st_pmc_sl25_tp75_3r,audjpy_hourly_st_pmc_sl25_tp75_3r_t2255,1451,Short,2020-07-01T13:00:00-04:00,74.499998,2020-07-05T23:00:00-04:00,74.750998,stop,-0.251000,-25100.00
audjpy_hourly_st_pmc_sl25_tp75_3r,audjpy_hourly_st_pmc_sl25_tp75_3r_t2256,1452,Long,2020-07-07T02:00:00-04:00,74.722441,2020-07-10T00:00:00-04:00,74.471441,stop,-0.251000,-25100.00
audjpy_hourly_st_pmc_sl25_tp75_3r,audjpy_hourly_st_pmc_sl25_tp75_3r_t2257,1453,Short,2020-07-13T02:00:00-04:00,74.433234,2020-07-13T10:00:00-04:00,74.684234,stop,-0.251000,-25100.00
audjpy_hourly_st_pmc_sl25_tp75_3r,audjpy_hourly_st_pmc_sl25_tp75_3r_t2258,1454,Long,2020-07-13T19:00:00-04:00,74.527527,2020-07-14T07:00:00-04:00,74.276527,stop,-0.251000,-25100.00
audjpy_hourly_st_pmc_sl25_tp75_3r,audjpy_hourly_st_pmc_sl25_tp75_3r_t2260,1455,Long,2020-07-23T11:00:00-04:00,76.300138,2020-07-23T12:00:00-04:00,76.049138,stop,-0.251000,-25100.00
audjpy_hourly_st_pmc_sl25_tp75_3r,audjpy_hourly_st_pmc_sl25_tp75_3r_t2265,1456,Long,2020-08-05T17:00:00-04:00,75.962289,2020-08-06T11:00:00-04:00,75.711289,stop,-0.251000,-25100.00
audjpy_hourly_st_pmc_sl25_tp75_3r,audjpy_hourly_st_pmc_sl25_tp75_3r_t2266,1457,Long,2020-08-07T05:00:00-04:00,75.985925,2020-08-07T18:00:00-04:00,75.734925,stop,-0.251000,-25100.00
audjpy_hourly_st_pmc_sl25_tp75_3r,audjpy_hourly_st_pmc_sl25_tp75_3r_t2267,1458,Long,2020-08-12T02:00:00-04:00,75.962259,2020-08-12T15:00:00-04:00,76.712259,target,0.750000,75000.00
audjpy_hourly_st_pmc_sl25_tp75_3r,audjpy_hourly_st_pmc_sl25_tp75_3r_t2268,1459,Long,2020-08-14T08:00:00-04:00,76.255850,2020-08-20T06:00:00-04:00,76.004850,stop,-0.251000,-25100.00
audjpy_hourly_st_pmc_sl25_tp75_3r,audjpy_hourly_st_pmc_sl25_tp75_3r_t2269,1460,Long,2020-08-21T07:00:00-04:00,75.836147,2020-08-25T23:00:00-04:00,76.586147,target,0.750000,75000.00
audjpy_hourly_st_pmc_sl25_tp75_3r,audjpy_hourly_st_pmc_sl25_tp75_3r_t2270,1461,Long,2020-08-28T05:00:00-04:00,77.417558,2020-08-28T10:00:00-04:00,77.166558,stop,-0.251000,-25100.00
audjpy_hourly_st_pmc_sl25_tp75_3r,audjpy_hourly_st_pmc_sl25_tp75_3r_t2275,1462,Short,2020-09-04T09:00:00-04:00,77.460743,2020-09-08T12:00:00-04:00,76.710743,target,0.750000,75000.00
audjpy_hourly_st_pmc_sl25_tp75_3r,audjpy_hourly_st_pmc_sl25_tp75_3r_t2276,1463,Short,2020-09-09T08:00:00-04:00,76.756887,2020-09-09T12:00:00-04:00,77.007887,stop,-0.251000,-25100.00
audjpy_hourly_st_pmc_sl25_tp75_3r,audjpy_hourly_st_pmc_sl25_tp75_3r_t2277,1464,Short,2020-09-11T07:00:00-04:00,77.480875,2020-09-16T17:00:00-04:00,76.730875,target,0.750000,75000.00
audjpy_hourly_st_pmc_sl25_tp75_3r,audjpy_hourly_st_pmc_sl25_tp75_3r_t2278,1465,Short,2020-09-18T00:00:00-04:00,76.798189,2020-09-18T12:00:00-04:00,76.048189,target,0.750000,75000.00
audjpy_hourly_st_pmc_sl25_tp75_3r,audjpy_hourly_st_pmc_sl25_tp75_3r_t2279,1466,Short,2020-09-25T07:00:00-04:00,74.603436,2020-09-29T06:00:00-04:00,74.854436,stop,-0.251000,-25100.00
audjpy_hourly_st_pmc_sl25_tp75_3r,audjpy_hourly_st_pmc_sl25_tp75_3r_t2280,1467,Short,2020-09-30T12:00:00-04:00,75.461962,2020-10-01T01:00:00-04:00,75.712962,stop,-0.251000,-25100.00
audjpy_hourly_st_pmc_sl25_tp75_3r,audjpy_hourly_st_pmc_sl25_tp75_3r_t2281,1468,Long,2020-10-02T04:00:00-04:00,75.549724,2020-10-02T05:00:00-04:00,75.298724,stop,-0.251000,-25100.00
audjpy_hourly_st_pmc_sl25_tp75_3r,audjpy_hourly_st_pmc_sl25_tp75_3r_t2283,1469,Long,2020-10-06T06:00:00-04:00,75.621475,2020-10-06T18:00:00-04:00,75.370475,stop,-0.251000,-25100.00
audjpy_hourly_st_pmc_sl25_tp75_3r,audjpy_hourly_st_pmc_sl25_tp75_3r_t2284,1470,Short,2020-10-07T07:00:00-04:00,75.502683,2020-10-07T15:00:00-04:00,75.753683,stop,-0.251000,-25100.00
audjpy_hourly_st_pmc_sl25_tp75_3r,audjpy_hourly_st_pmc_sl25_tp75_3r_t2285,1471,Long,2020-10-12T09:00:00-04:00,76.151956,2020-10-12T15:00:00-04:00,75.900956,stop,-0.251000,-25100.00
audjpy_hourly_st_pmc_sl25_tp75_3r,audjpy_hourly_st_pmc_sl25_tp75_3r_t2287,1472,Long,2020-10-13T16:00:00-04:00,75.537534,2020-10-14T16:00:00-04:00,75.286534,stop,-0.251000,-25100.00
audjpy_hourly_st_pmc_sl25_tp75_3r,audjpy_hourly_st_pmc_sl25_tp75_3r_t2288,1473,Short,2020-10-15T19:00:00-04:00,74.828443,2020-10-28T09:00:00-04:00,74.078443,target,0.750000,75000.00
audjpy_hourly_st_pmc_sl25_tp75_3r,audjpy_hourly_st_pmc_sl25_tp75_3r_t2289,1474,Short,2020-10-30T12:00:00-04:00,73.699338,2020-11-02T20:00:00-05:00,73.950338,stop,-0.251000,-25100.00
audjpy_hourly_st_pmc_sl25_tp75_3r,audjpy_hourly_st_pmc_sl25_tp75_3r_t2290,1475,Long,2020-11-04T02:00:00-05:00,74.525891,2020-11-04T02:00:00-05:00,74.274891,stop,-0.251000,-25100.00
audjpy_hourly_st_pmc_sl25_tp75_3r,audjpy_hourly_st_pmc_sl25_tp75_3r_t2291,1476,Long,2020-11-12T04:00:00-05:00,76.506977,2020-11-12T17:00:00-05:00,76.255977,stop,-0.251000,-25100.00
audjpy_hourly_st_pmc_sl25_tp75_3r,audjpy_hourly_st_pmc_sl25_tp75_3r_t2292,1477,Long,2020-11-17T13:00:00-05:00,76.160881,2020-11-17T14:00:00-05:00,75.909881,stop,-0.251000,-25100.00
audjpy_hourly_st_pmc_sl25_tp75_3r,audjpy_hourly_st_pmc_sl25_tp75_3r_t2293,1478,Long,2020-11-25T05:00:00-05:00,76.640579,2020-12-02T19:00:00-05:00,77.390579,target,0.750000,75000.00
audjpy_hourly_st_pmc_sl25_tp75_3r,audjpy_hourly_st_pmc_sl25_tp75_3r_t2294,1479,Long,2020-12-03T15:00:00-05:00,77.167135,2020-12-07T09:00:00-05:00,76.916135,stop,-0.251000,-25100.00
audjpy_hourly_st_pmc_sl25_tp75_3r,audjpy_hourly_st_pmc_sl25_tp75_3r_t2295,1480,Long,2020-12-08T00:00:00-05:00,77.117484,2020-12-09T11:00:00-05:00,77.867484,target,0.750000,75000.00
audjpy_hourly_st_pmc_sl25_tp75_3r,audjpy_hourly_st_pmc_sl25_tp75_3r_t2296,1481,Long,2020-12-09T18:00:00-05:00,77.562194,2020-12-10T09:00:00-05:00,78.312194,target,0.750000,75000.00
audjpy_hourly_st_pmc_sl25_tp75_3r,audjpy_hourly_st_pmc_sl25_tp75_3r_t2297,1482,Long,2020-12-11T09:00:00-05:00,78.269944,2020-12-21T07:00:00-05:00,78.018944,stop,-0.251000,-25100.00
audjpy_hourly_st_pmc_sl25_tp75_3r,audjpy_hourly_st_pmc_sl25_tp75_3r_t2298,1483,Long,2020-12-22T09:00:00-05:00,77.945988,2020-12-24T08:00:00-05:00,78.695988,target,0.750000,75000.00
audjpy_hourly_st_pmc_sl25_tp75_3r,audjpy_hourly_st_pmc_sl25_tp75_3r_t2299,1484,Long,2020-12-25T00:00:00-05:00,78.472882,2020-12-30T15:00:00-05:00,79.222882,target,0.750000,75000.00
audjpy_hourly_st_pmc_sl25_tp75_3r,audjpy_hourly_st_pmc_sl25_tp75_3r_t2300,1485,Long,2021-01-04T00:00:00-05:00,79.308866,2021-01-04T16:00:00-05:00,79.057866,stop,-0.251000,-25100.00
audjpy_hourly_st_pmc_sl25_tp75_3r,audjpy_hourly_st_pmc_sl25_tp75_3r_t2301,1486,Short,2021-01-05T03:00:00-05:00,79.432642,2021-01-05T17:00:00-05:00,79.683642,stop,-0.251000,-25100.00
audjpy_hourly_st_pmc_sl25_tp75_3r,audjpy_hourly_st_pmc_sl25_tp75_3r_t2302,1487,Long,2021-01-08T18:00:00-05:00,80.442436,2021-01-11T02:00:00-05:00,80.191436,stop,-0.251000,-25100.00
audjpy_hourly_st_pmc_sl25_tp75_3r,audjpy_hourly_st_pmc_sl25_tp75_3r_t2303,1488,Long,2021-01-13T14:00:00-05:00,80.275842,2021-01-15T14:00:00-05:00,80.024842,stop,-0.251000,-25100.00
audjpy_hourly_st_pmc_sl25_tp75_3r,audjpy_hourly_st_pmc_sl25_tp75_3r_t2304,1489,Long,2021-01-22T03:00:00-05:00,80.154561,2021-01-22T11:00:00-05:00,79.903561,stop,-0.251000,-25100.00
audjpy_hourly_st_pmc_sl25_tp75_3r,audjpy_hourly_st_pmc_sl25_tp75_3r_t2305,1490,Long,2021-01-25T15:00:00-05:00,79.982887,2021-01-26T04:00:00-05:00,79.731887,stop,-0.251000,-25100.00
audjpy_hourly_st_pmc_sl25_tp75_3r,audjpy_hourly_st_pmc_sl25_tp75_3r_t2306,1491,Long,2021-01-27T11:00:00-05:00,80.036941,2021-01-27T14:00:00-05:00,79.785941,stop,-0.251000,-25100.00
audjpy_hourly_st_pmc_sl25_tp75_3r,audjpy_hourly_st_pmc_sl25_tp75_3r_t2308,1492,Long,2021-01-29T18:00:00-05:00,79.965978,2021-01-31T23:00:00-05:00,79.714978,stop,-0.251000,-25100.00
audjpy_hourly_st_pmc_sl25_tp75_3r,audjpy_hourly_st_pmc_sl25_tp75_3r_t2311,1493,Long,2021-02-09T08:00:00-05:00,80.853662,2021-02-15T00:00:00-05:00,81.603662,target,0.750000,75000.00
audjpy_hourly_st_pmc_sl25_tp75_3r,audjpy_hourly_st_pmc_sl25_tp75_3r_t2312,1494,Long,2021-02-16T05:00:00-05:00,82.068653,2021-02-17T14:00:00-05:00,81.817653,stop,-0.251000,-25100.00
audjpy_hourly_st_pmc_sl25_tp75_3r,audjpy_hourly_st_pmc_sl25_tp75_3r_t2313,1495,Long,2021-02-18T15:00:00-05:00,81.893867,2021-02-19T12:00:00-05:00,82.643867,target,0.750000,75000.00
audjpy_hourly_st_pmc_sl25_tp75_3r,audjpy_hourly_st_pmc_sl25_tp75_3r_t2314,1496,Long,2021-02-25T16:00:00-05:00,84.431431,2021-02-25T17:00:00-05:00,84.180431,stop,-0.251000,-25100.00
audjpy_hourly_st_pmc_sl25_tp75_3r,audjpy_hourly_st_pmc_sl25_tp75_3r_t2318,1497,Long,2021-03-03T13:00:00-05:00,83.204284,2021-03-04T15:00:00-05:00,83.954284,target,0.750000,75000.00
audjpy_hourly_st_pmc_sl25_tp75_3r,audjpy_hourly_st_pmc_sl25_tp75_3r_t2319,1498,Long,2021-03-04T18:00:00-05:00,83.368323,2021-03-05T01:00:00-05:00,83.117323,stop,-0.251000,-25100.00
audjpy_hourly_st_pmc_sl25_tp75_3r,audjpy_hourly_st_pmc_sl25_tp75_3r_t2320,1499,Long,2021-03-12T11:00:00-05:00,84.325796,2021-03-17T23:00:00-04:00,85.075796,target,0.750000,75000.00
audjpy_hourly_st_pmc_sl25_tp75_3r,audjpy_hourly_st_pmc_sl25_tp75_3r_t2321,1500,Long,2021-03-18T12:00:00-04:00,84.896994,2021-03-18T18:00:00-04:00,84.645994,stop,-0.251000,-25100.00
audjpy_hourly_st_pmc_sl25_tp75_3r,audjpy_hourly_st_pmc_sl25_tp75_3r_t2322,1501,Long,2021-03-23T02:00:00-04:00,83.949731,2021-03-23T05:00:00-04:00,83.698731,stop,-0.251000,-25100.00
audjpy_hourly_st_pmc_sl25_tp75_3r,audjpy_hourly_st_pmc_sl25_tp75_3r_t2326,1502,Long,2021-03-29T05:00:00-04:00,83.402868,2021-03-30T03:00:00-04:00,84.152868,target,0.750000,75000.00
audjpy_hourly_st_pmc_sl25_tp75_3r,audjpy_hourly_st_pmc_sl25_tp75_3r_t2327,1503,Long,2021-03-30T14:00:00-04:00,83.811893,2021-04-01T04:00:00-04:00,83.560893,stop,-0.251000,-25100.00
audjpy_hourly_st_pmc_sl25_tp75_3r,audjpy_hourly_st_pmc_sl25_tp75_3r_t2328,1504,Short,2021-04-01T12:00:00-04:00,83.933561,2021-04-01T16:00:00-04:00,84.184561,stop,-0.251000,-25100.00
audjpy_hourly_st_pmc_sl25_tp75_3r,audjpy_hourly_st_pmc_sl25_tp75_3r_t2329,1505,Long,2021-04-02T08:00:00-04:00,84.092680,2021-04-06T13:00:00-04:00,83.841680,stop,-0.251000,-25100.00
audjpy_hourly_st_pmc_sl25_tp75_3r,audjpy_hourly_st_pmc_sl25_tp75_3r_t2332,1506,Short,2021-04-09T10:00:00-04:00,83.564678,2021-04-14T08:00:00-04:00,83.815678,stop,-0.251000,-25100.00
audjpy_hourly_st_pmc_sl25_tp75_3r,audjpy_hourly_st_pmc_sl25_tp75_3r_t2334,1507,Long,2021-04-18T21:00:00-04:00,84.001465,2021-04-19T01:00:00-04:00,83.750465,stop,-0.251000,-25100.00
audjpy_hourly_st_pmc_sl25_tp75_3r,audjpy_hourly_st_pmc_sl25_tp75_3r_t2336,1508,Short,2021-04-20T01:00:00-04:00,84.168151,2021-04-20T05:00:00-04:00,84.419151,stop,-0.251000,-25100.00
audjpy_hourly_st_pmc_sl25_tp75_3r,audjpy_hourly_st_pmc_sl25_tp75_3r_t2337,1509,Long,2021-04-20T10:00:00-04:00,84.251257,2021-04-20T14:00:00-04:00,84.000257,stop,-0.251000,-25100.00
audjpy_hourly_st_pmc_sl25_tp75_3r,audjpy_hourly_st_pmc_sl25_tp75_3r_t2338,1510,Short,2021-04-21T14:00:00-04:00,83.734673,2021-04-26T10:00:00-04:00,83.985673,stop,-0.251000,-25100.00
audjpy_hourly_st_pmc_sl25_tp75_3r,audjpy_hourly_st_pmc_sl25_tp75_3r_t2339,1511,Long,2021-04-28T01:00:00-04:00,84.199418,2021-04-29T11:00:00-04:00,84.949418,target,0.750000,75000.00
audjpy_hourly_st_pmc_sl25_tp75_3r,audjpy_hourly_st_pmc_sl25_tp75_3r_t2340,1512,Long,2021-04-29T14:00:00-04:00,84.558249,2021-04-30T15:00:00-04:00,84.307249,stop,-0.251000,-25100.00
audjpy_hourly_st_pmc_sl25_tp75_3r,audjpy_hourly_st_pmc_sl25_tp75_3r_t2341,1513,Long,2021-05-04T11:00:00-04:00,84.355868,2021-05-04T12:00:00-04:00,84.104868,stop,-0.251000,-25100.00
audjpy_hourly_st_pmc_sl25_tp75_3r,audjpy_hourly_st_pmc_sl25_tp75_3r_t2343,1514,Long,2021-05-06T02:00:00-04:00,84.383692,2021-05-07T14:00:00-04:00,85.133692,target,0.750000,75000.00
audjpy_hourly_st_pmc_sl25_tp75_3r,audjpy_hourly_st_pmc_sl25_tp75_3r_t2344,1515,Long,2021-05-10T18:00:00-04:00,85.368684,2021-05-11T12:00:00-04:00,85.117684,stop,-0.251000,-25100.00
audjpy_hourly_st_pmc_sl25_tp75_3r,audjpy_hourly_st_pmc_sl25_tp75_3r_t2345,1516,Long,2021-05-17T02:00:00-04:00,84.764917,2021-05-17T11:00:00-04:00,84.513917,stop,-0.251000,-25100.00
audjpy_hourly_st_pmc_sl25_tp75_3r,audjpy_hourly_st_pmc_sl25_tp75_3r_t2346,1517,Long,2021-05-19T07:00:00-04:00,84.734782,2021-05-19T11:00:00-04:00,84.483782,stop,-0.251000,-25100.00
audjpy_hourly_st_pmc_sl25_tp75_3r,audjpy_hourly_st_pmc_sl25_tp75_3r_t2354,1518,Long,2021-05-25T19:00:00-04:00,84.277744,2021-05-27T14:00:00-04:00,85.027744,target,0.750000,75000.00
audjpy_hourly_st_pmc_sl25_tp75_3r,audjpy_hourly_st_pmc_sl25_tp75_3r_t2355,1519,Long,2021-05-28T06:00:00-04:00,84.825493,2021-05-28T12:00:00-04:00,84.574493,stop,-0.251000,-25100.00
audjpy_hourly_st_pmc_sl25_tp75_3r,audjpy_hourly_st_pmc_sl25_tp75_3r_t2356,1520,Short,2021-06-01T01:00:00-04:00,84.938401,2021-06-02T01:00:00-04:00,85.189401,stop,-0.251000,-25100.00
audjpy_hourly_st_pmc_sl25_tp75_3r,audjpy_hourly_st_pmc_sl25_tp75_3r_t2357,1521,Long,2021-06-02T09:00:00-04:00,84.782478,2021-06-03T13:00:00-04:00,84.531478,stop,-0.251000,-25100.00
audjpy_hourly_st_pmc_sl25_tp75_3r,audjpy_hourly_st_pmc_sl25_tp75_3r_t2358,1522,Short,2021-06-04T12:00:00-04:00,84.658824,2021-06-10T12:00:00-04:00,84.909824,stop,-0.251000,-25100.00
audjpy_hourly_st_pmc_sl25_tp75_3r,audjpy_hourly_st_pmc_sl25_tp75_3r_t2361,1523,Long,2021-06-11T11:00:00-04:00,84.734452,2021-06-11T15:00:00-04:00,84.483452,stop,-0.251000,-25100.00
audjpy_hourly_st_pmc_sl25_tp75_3r,audjpy_hourly_st_pmc_sl25_tp75_3r_t2362,1524,Short,2021-06-14T12:00:00-04:00,84.721359,2021-06-17T10:00:00-04:00,83.971359,target,0.750000,75000.00
audjpy_hourly_st_pmc_sl25_tp75_3r,audjpy_hourly_st_pmc_sl25_tp75_3r_t2363,1525,Short,2021-06-21T13:00:00-04:00,82.809607,2021-06-21T17:00:00-04:00,83.060607,stop,-0.251000,-25100.00
audjpy_hourly_st_pmc_sl25_tp75_3r,audjpy_hourly_st_pmc_sl25_tp75_3r_t2364,1526,Short,2021-06-30T14:00:00-04:00,83.234853,2021-07-01T09:00:00-04:00,83.485853,stop,-0.251000,-25100.00
audjpy_hourly_st_pmc_sl25_tp75_3r,audjpy_hourly_st_pmc_sl25_tp75_3r_t2366,1527,Long,2021-07-02T01:00:00-04:00,83.252739,2021-07-06T06:00:00-04:00,84.002739,target,0.750000,75000.00
audjpy_hourly_st_pmc_sl25_tp75_3r,audjpy_hourly_st_pmc_sl25_tp75_3r_t2367,1528,Long,2021-07-06T13:00:00-04:00,83.680278,2021-07-06T14:00:00-04:00,83.429278,stop,-0.251000,-25100.00
audjpy_hourly_st_pmc_sl25_tp75_3r,audjpy_hourly_st_pmc_sl25_tp75_3r_t2368,1529,Short,2021-07-07T08:00:00-04:00,83.147346,2021-07-08T01:00:00-04:00,82.397346,target,0.750000,75000.00
audjpy_hourly_st_pmc_sl25_tp75_3r,audjpy_hourly_st_pmc_sl25_tp75_3r_t2369,1530,Short,2021-07-09T09:00:00-04:00,82.009507,2021-07-09T12:00:00-04:00,82.260507,stop,-0.251000,-25100.00
audjpy_hourly_st_pmc_sl25_tp75_3r,audjpy_hourly_st_pmc_sl25_tp75_3r_t2370,1531,Short,2021-07-16T07:00:00-04:00,81.868439,2021-07-19T00:00:00-04:00,81.118439,target,0.750000,75000.00
audjpy_hourly_st_pmc_sl25_tp75_3r,audjpy_hourly_st_pmc_sl25_tp75_3r_t2371,1532,Short,2021-07-21T13:00:00-04:00,80.672798,2021-07-21T13:00:00-04:00,80.923798,stop,-0.251000,-25100.00
audjpy_hourly_st_pmc_sl25_tp75_3r,audjpy_hourly_st_pmc_sl25_tp75_3r_t2372,1533,Short,2021-07-26T12:00:00-04:00,81.269465,2021-07-30T18:00:00-04:00,80.519465,target,0.750000,75000.00
audjpy_hourly_st_pmc_sl25_tp75_3r,audjpy_hourly_st_pmc_sl25_tp75_3r_t2377,1534,Short,2021-08-03T04:00:00-04:00,80.773745,2021-08-04T08:00:00-04:00,81.024745,stop,-0.251000,-25100.00
audjpy_hourly_st_pmc_sl25_tp75_3r,audjpy_hourly_st_pmc_sl25_tp75_3r_t2378,1535,Long,2021-08-04T12:00:00-04:00,80.605024,2021-08-06T13:00:00-04:00,81.355024,target,0.750000,75000.00
audjpy_hourly_st_pmc_sl25_tp75_3r,audjpy_hourly_st_pmc_sl25_tp75_3r_t2379,1536,Long,2021-08-08T21:00:00-04:00,80.995601,2021-08-10T01:00:00-04:00,80.744601,stop,-0.251000,-25100.00
audjpy_hourly_st_pmc_sl25_tp75_3r,audjpy_hourly_st_pmc_sl25_tp75_3r_t2380,1537,Long,2021-08-12T06:00:00-04:00,81.212319,2021-08-12T15:00:00-04:00,80.961319,stop,-0.251000,-25100.00
audjpy_hourly_st_pmc_sl25_tp75_3r,audjpy_hourly_st_pmc_sl25_tp75_3r_t2381,1538,Short,2021-08-23T00:00:00-04:00,78.571924,2021-08-23T08:00:00-04:00,78.822924,stop,-0.251000,-25100.00
audjpy_hourly_st_pmc_sl25_tp75_3r,audjpy_hourly_st_pmc_sl25_tp75_3r_t2382,1539,Short,2021-08-27T09:00:00-04:00,79.890037,2021-08-27T14:00:00-04:00,80.141037,stop,-0.251000,-25100.00
audjpy_hourly_st_pmc_sl25_tp75_3r,audjpy_hourly_st_pmc_sl25_tp75_3r_t2386,1540,Long,2021-09-07T05:00:00-04:00,81.549342,2021-09-07T10:00:00-04:00,81.298342,stop,-0.251000,-25100.00
audjpy_hourly_st_pmc_sl25_tp75_3r,audjpy_hourly_st_pmc_sl25_tp75_3r_t2387,1541,Long,2021-09-10T14:00:00-04:00,80.996075,2021-09-12T21:00:00-04:00,80.745075,stop,-0.251000,-25100.00
audjpy_hourly_st_pmc_sl25_tp75_3r,audjpy_hourly_st_pmc_sl25_tp75_3r_t2388,1542,Short,2021-09-17T05:00:00-04:00,80.287739,2021-09-20T02:00:00-04:00,79.537739,target,0.750000,75000.00
audjpy_hourly_st_pmc_sl25_tp75_3r,audjpy_hourly_st_pmc_sl25_tp75_3r_t2389,1543,Short,2021-09-21T03:00:00-04:00,79.653386,2021-09-21T14:00:00-04:00,78.903386,target,0.750000,75000.00
audjpy_hourly_st_pmc_sl25_tp75_3r,audjpy_hourly_st_pmc_sl25_tp75_3r_t2390,1544,Short,2021-09-22T01:00:00-04:00,79.406614,2021-09-22T18:00:00-04:00,79.657614,stop,-0.251000,-25100.00
audjpy_hourly_st_pmc_sl25_tp75_3r,audjpy_hourly_st_pmc_sl25_tp75_3r_t2394,1545,Short,2021-09-27T00:00:00-04:00,80.554940,2021-09-27T14:00:00-04:00,80.805940,stop,-0.251000,-25100.00
audjpy_hourly_st_pmc_sl25_tp75_3r,audjpy_hourly_st_pmc_sl25_tp75_3r_t2395,1546,Long,2021-09-28T08:00:00-04:00,80.824587,2021-09-28T14:00:00-04:00,80.573587,stop,-0.251000,-25100.00
audjpy_hourly_st_pmc_sl25_tp75_3r,audjpy_hourly_st_pmc_sl25_tp75_3r_t2400,1547,Short,2021-10-01T11:00:00-04:00,80.591708,2021-10-04T09:00:00-04:00,80.842708,stop,-0.251000,-25100.00
audjpy_hourly_st_pmc_sl25_tp75_3r,audjpy_hourly_st_pmc_sl25_tp75_3r_t2401,1548,Long,2021-10-06T07:00:00-04:00,80.894974,2021-10-06T08:00:00-04:00,80.643974,stop,-0.251000,-25100.00
audjpy_hourly_st_pmc_sl25_tp75_3r,audjpy_hourly_st_pmc_sl25_tp75_3r_t2402,1549,Long,2021-10-12T06:00:00-04:00,83.013947,2021-10-12T12:00:00-04:00,83.763947,target,0.750000,75000.00
audjpy_hourly_st_pmc_sl25_tp75_3r,audjpy_hourly_st_pmc_sl25_tp75_3r_t2403,1550,Long,2021-10-13T01:00:00-04:00,83.188112,2021-10-14T06:00:00-04:00,83.938112,target,0.750000,75000.00
audjpy_hourly_st_pmc_sl25_tp75_3r,audjpy_hourly_st_pmc_sl25_tp75_3r_t2404,1551,Long,2021-10-18T10:00:00-04:00,84.473101,2021-10-19T06:00:00-04:00,85.223101,target,0.750000,75000.00
audjpy_hourly_st_pmc_sl25_tp75_3r,audjpy_hourly_st_pmc_sl25_tp75_3r_t2405,1552,Long,2021-10-21T04:00:00-04:00,85.813135,2021-10-21T04:00:00-04:00,85.562135,stop,-0.251000,-25100.00
audjpy_hourly_st_pmc_sl25_tp75_3r,audjpy_hourly_st_pmc_sl25_tp75_3r_t2406,1553,Long,2021-10-27T07:00:00-04:00,85.423938,2021-10-27T08:00:00-04:00,85.172938,stop,-0.251000,-25100.00
audjpy_hourly_st_pmc_sl25_tp75_3r,audjpy_hourly_st_pmc_sl25_tp75_3r_t2409,1554,Short,2021-11-03T20:00:00-04:00,84.972830,2021-11-04T14:00:00-04:00,84.222830,target,0.750000,75000.00
audjpy_hourly_st_pmc_sl25_tp75_3r,audjpy_hourly_st_pmc_sl25_tp75_3r_t2410,1555,Short,2021-11-10T09:00:00-05:00,83.457227,2021-11-10T14:00:00-05:00,83.708227,stop,-0.251000,-25100.00
audjpy_hourly_st_pmc_sl25_tp75_3r,audjpy_hourly_st_pmc_sl25_tp75_3r_t2411,1556,Short,2021-11-12T17:00:00-05:00,83.489392,2021-11-15T07:00:00-05:00,83.740392,stop,-0.251000,-25100.00
audjpy_hourly_st_pmc_sl25_tp75_3r,audjpy_hourly_st_pmc_sl25_tp75_3r_t2412,1557,Short,2021-11-18T12:00:00-05:00,83.239186,2021-11-19T10:00:00-05:00,82.489186,target,0.750000,75000.00
audjpy_hourly_st_pmc_sl25_tp75_3r,audjpy_hourly_st_pmc_sl25_tp75_3r_t2413,1558,Short,2021-11-19T14:00:00-05:00,82.809432,2021-11-22T14:00:00-05:00,83.060432,stop,-0.251000,-25100.00
audjpy_hourly_st_pmc_sl25_tp75_3r,audjpy_hourly_st_pmc_sl25_tp75_3r_t2414,1559,Short,2021-11-23T20:00:00-05:00,83.215854,2021-11-26T00:00:00-05:00,82.465854,target,0.750000,75000.00
audjpy_hourly_st_pmc_sl25_tp75_3r,audjpy_hourly_st_pmc_sl25_tp75_3r_t2415,1560,Short,2021-11-29T14:00:00-05:00,81.408768,2021-11-30T05:00:00-05:00,80.658768,target,0.750000,75000.00
audjpy_hourly_st_pmc_sl25_tp75_3r,audjpy_hourly_st_pmc_sl25_tp75_3r_t2417,1561,Long,2021-12-01T15:00:00-05:00,80.703253,2021-12-01T16:00:00-05:00,80.452253,stop,-0.251000,-25100.00
audjpy_hourly_st_pmc_sl25_tp75_3r,audjpy_hourly_st_pmc_sl25_tp75_3r_t2418,1562,Short,2021-12-06T09:00:00-05:00,79.520137,2021-12-06T09:00:00-05:00,79.771137,stop,-0.251000,-25100.00
audjpy_hourly_st_pmc_sl25_tp75_3r,audjpy_hourly_st_pmc_sl25_tp75_3r_t2419,1563,Long,2021-12-09T11:00:00-05:00,81.175039,2021-12-09T13:00:00-05:00,80.924039,stop,-0.251000,-25100.00
audjpy_hourly_st_pmc_sl25_tp75_3r,audjpy_hourly_st_pmc_sl25_tp75_3r_t2420,1564,Long,2021-12-13T10:00:00-05:00,81.037769,2021-12-13T15:00:00-05:00,80.786769,stop,-0.251000,-25100.00
audjpy_hourly_st_pmc_sl25_tp75_3r,audjpy_hourly_st_pmc_sl25_tp75_3r_t2423,1565,Long,2021-12-15T15:00:00-05:00,80.957005,2021-12-15T20:00:00-05:00,81.707005,target,0.750000,75000.00
audjpy_hourly_st_pmc_sl25_tp75_3r,audjpy_hourly_st_pmc_sl25_tp75_3r_t2424,1566,Long,2021-12-16T14:00:00-05:00,81.831920,2021-12-16T19:00:00-05:00,81.580920,stop,-0.251000,-25100.00
audjpy_hourly_st_pmc_sl25_tp75_3r,audjpy_hourly_st_pmc_sl25_tp75_3r_t2428,1567,Long,2021-12-24T21:00:00-05:00,82.535698,2021-12-26T22:00:00-05:00,82.284698,stop,-0.251000,-25100.00
audjpy_hourly_st_pmc_sl25_tp75_3r,audjpy_hourly_st_pmc_sl25_tp75_3r_t2429,1568,Long,2021-12-28T15:00:00-05:00,82.999375,2021-12-30T15:00:00-05:00,83.749375,target,0.750000,75000.00
audjpy_hourly_st_pmc_sl25_tp75_3r,audjpy_hourly_st_pmc_sl25_tp75_3r_t2430,1569,Long,2021-12-30T22:00:00-05:00,83.340451,2022-01-03T14:00:00-05:00,83.089451,stop,-0.251000,-25100.00
audjpy_hourly_st_pmc_sl25_tp75_3r,audjpy_hourly_st_pmc_sl25_tp75_3r_t2431,1570,Short,2022-01-04T03:00:00-05:00,83.284801,2022-01-04T05:00:00-05:00,83.535801,stop,-0.251000,-25100.00
audjpy_hourly_st_pmc_sl25_tp75_3r,audjpy_hourly_st_pmc_sl25_tp75_3r_t2432,1571,Long,2022-01-05T21:00:00-05:00,83.807485,2022-01-06T02:00:00-05:00,83.556485,stop,-0.251000,-25100.00
audjpy_hourly_st_pmc_sl25_tp75_3r,audjpy_hourly_st_pmc_sl25_tp75_3r_t2433,1572,Short,2022-01-10T02:00:00-05:00,83.244259,2022-01-10T15:00:00-05:00,82.494259,target,0.750000,75000.00
audjpy_hourly_st_pmc_sl25_tp75_3r,audjpy_hourly_st_pmc_sl25_tp75_3r_t2434,1573,Short,2022-01-11T03:00:00-05:00,83.004706,2022-01-12T03:00:00-05:00,83.255706,stop,-0.251000,-25100.00
audjpy_hourly_st_pmc_sl25_tp75_3r,audjpy_hourly_st_pmc_sl25_tp75_3r_t2436,1574,Short,2022-01-17T11:00:00-05:00,82.714834,2022-01-20T15:00:00-05:00,82.965834,stop,-0.251000,-25100.00
audjpy_hourly_st_pmc_sl25_tp75_3r,audjpy_hourly_st_pmc_sl25_tp75_3r_t2437,1575,Short,2022-01-24T20:00:00-05:00,81.451204,2022-01-25T00:00:00-05:00,81.702204,stop,-0.251000,-25100.00
audjpy_hourly_st_pmc_sl25_tp75_3r,audjpy_hourly_st_pmc_sl25_tp75_3r_t2438,1576,Short,2022-01-27T10:00:00-05:00,81.698708,2022-01-27T19:00:00-05:00,80.948708,target,0.750000,75000.00
audjpy_hourly_st_pmc_sl25_tp75_3r,audjpy_hourly_st_pmc_sl25_tp75_3r_t2439,1577,Short,2022-01-31T02:00:00-05:00,81.063161,2022-01-31T07:00:00-05:00,81.314161,stop,-0.251000,-25100.00
audjpy_hourly_st_pmc_sl25_tp75_3r,audjpy_hourly_st_pmc_sl25_tp75_3r_t2441,1578,Long,2022-02-01T03:00:00-05:00,81.005382,2022-02-01T20:00:00-05:00,81.755382,target,0.750000,75000.00
audjpy_hourly_st_pmc_sl25_tp75_3r,audjpy_hourly_st_pmc_sl25_tp75_3r_t2442,1579,Long,2022-02-02T14:00:00-05:00,81.430335,2022-02-03T14:00:00-05:00,82.180335,target,0.750000,75000.00
audjpy_hourly_st_pmc_sl25_tp75_3r,audjpy_hourly_st_pmc_sl25_tp75_3r_t2443,1580,Long,2022-02-04T10:00:00-05:00,81.702949,2022-02-04T11:00:00-05:00,81.451949,stop,-0.251000,-25100.00
audjpy_hourly_st_pmc_sl25_tp75_3r,audjpy_hourly_st_pmc_sl25_tp75_3r_t2445,1581,Long,2022-02-10T18:00:00-05:00,83.349265,2022-02-10T19:00:00-05:00,83.098265,stop,-0.251000,-25100.00
audjpy_hourly_st_pmc_sl25_tp75_3r,audjpy_hourly_st_pmc_sl25_tp75_3r_t2446,1582,Long,2022-02-11T18:00:00-05:00,82.639255,2022-02-11T18:00:00-05:00,82.388255,stop,-0.251000,-25100.00
audjpy_hourly_st_pmc_sl25_tp75_3r,audjpy_hourly_st_pmc_sl25_tp75_3r_t2447,1583,Long,2022-02-17T03:00:00-05:00,82.779458,2022-02-17T03:00:00-05:00,82.528458,stop,-0.251000,-25100.00
audjpy_hourly_st_pmc_sl25_tp75_3r,audjpy_hourly_st_pmc_sl25_tp75_3r_t2448,1584,Long,2022-02-18T16:00:00-05:00,82.604803,2022-02-20T23:00:00-05:00,82.353803,stop,-0.251000,-25100.00
audjpy_hourly_st_pmc_sl25_tp75_3r,audjpy_hourly_st_pmc_sl25_tp75_3r_t2449,1585,Long,2022-02-21T22:00:00-05:00,82.460707,2022-02-21T23:00:00-05:00,82.209707,stop,-0.251000,-25100.00
audjpy_hourly_st_pmc_sl25_tp75_3r,audjpy_hourly_st_pmc_sl25_tp75_3r_t2450,1586,Long,2022-02-23T16:00:00-05:00,83.249350,2022-02-23T23:00:00-05:00,82.998350,stop,-0.251000,-25100.00
audjpy_hourly_st_pmc_sl25_tp75_3r,audjpy_hourly_st_pmc_sl25_tp75_3r_t2451,1587,Long,2022-02-27T22:00:00-05:00,82.965256,2022-02-27T22:00:00-05:00,82.457000,stop,-0.508256,-50825.58
audjpy_hourly_st_pmc_sl25_tp75_3r,audjpy_hourly_st_pmc_sl25_tp75_3r_t2456,1588,Long,2022-03-04T00:00:00-05:00,84.235830,2022-03-04T05:00:00-05:00,84.985830,target,0.750000,75000.00
audjpy_hourly_st_pmc_sl25_tp75_3r,audjpy_hourly_st_pmc_sl25_tp75_3r_t2457,1589,Long,2022-03-04T14:00:00-05:00,84.368435,2022-03-07T01:00:00-05:00,85.118435,target,0.750000,75000.00
audjpy_hourly_st_pmc_sl25_tp75_3r,audjpy_hourly_st_pmc_sl25_tp75_3r_t2458,1590,Long,2022-03-07T15:00:00-05:00,84.645724,2022-03-07T17:00:00-05:00,84.394724,stop,-0.251000,-25100.00
audjpy_hourly_st_pmc_sl25_tp75_3r,audjpy_hourly_st_pmc_sl25_tp75_3r_t2459,1591,Long,2022-03-14T06:00:00-04:00,85.294070,2022-03-14T17:00:00-04:00,85.043070,stop,-0.251000,-25100.00
audjpy_hourly_st_pmc_sl25_tp75_3r,audjpy_hourly_st_pmc_sl25_tp75_3r_t2460,1592,Long,2022-03-21T10:00:00-04:00,87.957916,2022-03-22T03:00:00-04:00,88.707916,target,0.750000,75000.00
audjpy_hourly_st_pmc_sl25_tp75_3r,audjpy_hourly_st_pmc_sl25_tp75_3r_t2461,1593,Long,2022-03-25T03:00:00-04:00,91.360515,2022-03-25T08:00:00-04:00,91.109515,stop,-0.251000,-25100.00
audjpy_hourly_st_pmc_sl25_tp75_3r,audjpy_hourly_st_pmc_sl25_tp75_3r_t2462,1594,Long,2022-03-28T12:00:00-04:00,92.705840,2022-03-28T14:00:00-04:00,92.454840,stop,-0.251000,-25100.00
audjpy_hourly_st_pmc_sl25_tp75_3r,audjpy_hourly_st_pmc_sl25_tp75_3r_t2463,1595,Long,2022-04-06T14:00:00-04:00,93.391779,2022-04-06T16:00:00-04:00,93.140779,stop,-0.251000,-25100.00
audjpy_hourly_st_pmc_sl25_tp75_3r,audjpy_hourly_st_pmc_sl25_tp75_3r_t2464,1596,Long,2022-04-11T21:00:00-04:00,92.943339,2022-04-12T14:00:00-04:00,93.693339,target,0.750000,75000.00
audjpy_hourly_st_pmc_sl25_tp75_3r,audjpy_hourly_st_pmc_sl25_tp75_3r_t2465,1597,Long,2022-04-13T11:00:00-04:00,93.287162,2022-04-13T13:00:00-04:00,93.036162,stop,-0.251000,-25100.00
audjpy_hourly_st_pmc_sl25_tp75_3r,audjpy_hourly_st_pmc_sl25_tp75_3r_t2466,1598,Long,2022-04-20T14:00:00-04:00,94.881365,2022-04-21T17:00:00-04:00,94.630365,stop,-0.251000,-25100.00
audjpy_hourly_st_pmc_sl25_tp75_3r,audjpy_hourly_st_pmc_sl25_tp75_3r_t2468,1599,Long,2022-04-26T12:00:00-04:00,91.480412,2022-04-26T13:00:00-04:00,91.229412,stop,-0.251000,-25100.00
audjpy_hourly_st_pmc_sl25_tp75_3r,audjpy_hourly_st_pmc_sl25_tp75_3r_t2472,1600,Long,2022-04-29T14:00:00-04:00,92.505886,2022-04-29T14:00:00-04:00,92.254886,stop,-0.251000,-25100.00
audjpy_hourly_st_pmc_sl25_tp75_3r,audjpy_hourly_st_pmc_sl25_tp75_3r_t2474,1601,Long,2022-05-05T14:00:00-04:00,93.062270,2022-05-05T14:00:00-04:00,92.811270,stop,-0.251000,-25100.00
audjpy_hourly_st_pmc_sl25_tp75_3r,audjpy_hourly_st_pmc_sl25_tp75_3r_t2475,1602,Short,2022-05-10T05:00:00-04:00,91.030446,2022-05-10T11:00:00-04:00,90.280446,target,0.750000,75000.00
audjpy_hourly_st_pmc_sl25_tp75_3r,audjpy_hourly_st_pmc_sl25_tp75_3r_t2476,1603,Short,2022-05-11T11:00:00-04:00,91.030446,2022-05-11T13:00:00-04:00,91.281446,stop,-0.251000,-25100.00
audjpy_hourly_st_pmc_sl25_tp75_3r,audjpy_hourly_st_pmc_sl25_tp75_3r_t2478,1604,Short,2022-05-13T01:00:00-04:00,89.090470,2022-05-13T14:00:00-04:00,89.341470,stop,-0.251000,-25100.00
audjpy_hourly_st_pmc_sl25_tp75_3r,audjpy_hourly_st_pmc_sl25_tp75_3r_t2479,1605,Short,2022-05-16T17:00:00-04:00,89.921347,2022-05-16T18:00:00-04:00,90.172347,stop,-0.251000,-25100.00
audjpy_hourly_st_pmc_sl25_tp75_3r,audjpy_hourly_st_pmc_sl25_tp75_3r_t2480,1606,Short,2022-05-19T03:00:00-04:00,90.072605,2022-05-19T03:00:00-04:00,90.323605,stop,-0.251000,-25100.00
audjpy_hourly_st_pmc_sl25_tp75_3r,audjpy_hourly_st_pmc_sl25_tp75_3r_t2481,1607,Short,2022-05-20T07:00:00-04:00,90.412266,2022-05-20T09:00:00-04:00,90.663266,stop,-0.251000,-25100.00
audjpy_hourly_st_pmc_sl25_tp75_3r,audjpy_hourly_st_pmc_sl25_tp75_3r_t2482,1608,Short,2022-05-25T03:00:00-04:00,90.420841,2022-05-25T11:00:00-04:00,89.670841,target,0.750000,75000.00
audjpy_hourly_st_pmc_sl25_tp75_3r,audjpy_hourly_st_pmc_sl25_tp75_3r_t2483,1609,Short,2022-05-25T19:00:00-04:00,90.327186,2022-05-26T00:00:00-04:00,90.578186,stop,-0.251000,-25100.00
audjpy_hourly_st_pmc_sl25_tp75_3r,audjpy_hourly_st_pmc_sl25_tp75_3r_t2484,1610,Long,2022-06-06T01:00:00-04:00,93.897767,2022-06-06T14:00:00-04:00,94.647767,target,0.750000,75000.00
audjpy_hourly_st_pmc_sl25_tp75_3r,audjpy_hourly_st_pmc_sl25_tp75_3r_t2485,1611,Long,2022-06-09T05:00:00-04:00,96.061118,2022-06-09T07:00:00-04:00,95.810118,stop,-0.251000,-25100.00
audjpy_hourly_st_pmc_sl25_tp75_3r,audjpy_hourly_st_pmc_sl25_tp75_3r_t2486,1612,Long,2022-06-16T07:00:00-04:00,93.612625,2022-06-16T07:00:00-04:00,93.361625,stop,-0.251000,-25100.00
audjpy_hourly_st_pmc_sl25_tp75_3r,audjpy_hourly_st_pmc_sl25_tp75_3r_t2489,1613,Long,2022-06-22T01:00:00-04:00,94.596126,2022-06-22T02:00:00-04:00,94.345126,stop,-0.251000,-25100.00
audjpy_hourly_st_pmc_sl25_tp75_3r,audjpy_hourly_st_pmc_sl25_tp75_3r_t2490,1614,Long,2022-06-27T00:00:00-04:00,93.183313,2022-06-27T15:00:00-04:00,93.933313,target,0.750000,75000.00
audjpy_hourly_st_pmc_sl25_tp75_3r,audjpy_hourly_st_pmc_sl25_tp75_3r_t2491,1615,Long,2022-06-29T01:00:00-04:00,93.811380,2022-06-29T06:00:00-04:00,93.560380,stop,-0.251000,-25100.00
audjpy_hourly_st_pmc_sl25_tp75_3r,audjpy_hourly_st_pmc_sl25_tp75_3r_t2492,1616,Short,2022-07-04T06:00:00-04:00,92.567399,2022-07-04T07:00:00-04:00,92.818399,stop,-0.251000,-25100.00
audjpy_hourly_st_pmc_sl25_tp75_3r,audjpy_hourly_st_pmc_sl25_tp75_3r_t2494,1617,Short,2022-07-07T05:00:00-04:00,92.648991,2022-07-07T08:00:00-04:00,92.899991,stop,-0.251000,-25100.00
audjpy_hourly_st_pmc_sl25_tp75_3r,audjpy_hourly_st_pmc_sl25_tp75_3r_t2495,1618,Short,2022-07-08T13:00:00-04:00,93.253922,2022-07-11T01:00:00-04:00,93.504922,stop,-0.251000,-25100.00
audjpy_hourly_st_pmc_sl25_tp75_3r,audjpy_hourly_st_pmc_sl25_tp75_3r_t2496,1619,Short,2022-07-13T02:00:00-04:00,92.798924,2022-07-13T09:00:00-04:00,93.049924,stop,-0.251000,-25100.00
audjpy_hourly_st_pmc_sl25_tp75_3r,audjpy_hourly_st_pmc_sl25_tp75_3r_t2501,1620,Long,2022-07-21T17:00:00-04:00,94.957359,2022-07-22T13:00:00-04:00,94.706359,stop,-0.251000,-25100.00
audjpy_hourly_st_pmc_sl25_tp75_3r,audjpy_hourly_st_pmc_sl25_tp75_3r_t2502,1621,Long,2022-07-26T12:00:00-04:00,94.586711,2022-07-27T18:00:00-04:00,95.336711,target,0.750000,75000.00
audjpy_hourly_st_pmc_sl25_tp75_3r,audjpy_hourly_st_pmc_sl25_tp75_3r_t2503,1622,Long,2022-07-28T01:00:00-04:00,94.903221,2022-07-28T01:00:00-04:00,94.652221,stop,-0.251000,-25100.00
audjpy_hourly_st_pmc_sl25_tp75_3r,audjpy_hourly_st_pmc_sl25_tp75_3r_t2507,1623,Short,2022-08-02T14:00:00-04:00,91.490858,2022-08-02T15:00:00-04:00,91.741858,stop,-0.251000,-25100.00
audjpy_hourly_st_pmc_sl25_tp75_3r,audjpy_hourly_st_pmc_sl25_tp75_3r_t2509,1624,Long,2022-08-04T12:00:00-04:00,93.009954,2022-08-04T14:00:00-04:00,92.758954,stop,-0.251000,-25100.00
audjpy_hourly_st_pmc_sl25_tp75_3r,audjpy_hourly_st_pmc_sl25_tp75_3r_t2511,1625,Long,2022-08-10T12:00:00-04:00,93.689903,2022-08-11T14:00:00-04:00,94.439903,target,0.750000,75000.00
audjpy_hourly_st_pmc_sl25_tp75_3r,audjpy_hourly_st_pmc_sl25_tp75_3r_t2512,1626,Long,2022-08-15T02:00:00-04:00,94.621397,2022-08-15T05:00:00-04:00,94.370397,stop,-0.251000,-25100.00
audjpy_hourly_st_pmc_sl25_tp75_3r,audjpy_hourly_st_pmc_sl25_tp75_3r_t2513,1627,Long,2022-08-17T11:00:00-04:00,93.707051,2022-08-18T01:00:00-04:00,93.456051,stop,-0.251000,-25100.00
audjpy_hourly_st_pmc_sl25_tp75_3r,audjpy_hourly_st_pmc_sl25_tp75_3r_t2514,1628,Long,2022-08-21T21:00:00-04:00,93.900854,2022-08-22T02:00:00-04:00,94.650854,target,0.750000,75000.00
audjpy_hourly_st_pmc_sl25_tp75_3r,audjpy_hourly_st_pmc_sl25_tp75_3r_t2515,1629,Long,2022-08-22T08:00:00-04:00,94.189669,2022-08-25T02:00:00-04:00,94.939669,target,0.750000,75000.00
audjpy_hourly_st_pmc_sl25_tp75_3r,audjpy_hourly_st_pmc_sl25_tp75_3r_t2516,1630,Long,2022-08-26T15:00:00-04:00,95.162041,2022-08-26T15:00:00-04:00,94.911041,stop,-0.251000,-25100.00
audjpy_hourly_st_pmc_sl25_tp75_3r,audjpy_hourly_st_pmc_sl25_tp75_3r_t2517,1631,Long,2022-08-30T13:00:00-04:00,95.484493,2022-08-30T16:00:00-04:00,95.233493,stop,-0.251000,-25100.00
audjpy_hourly_st_pmc_sl25_tp75_3r,audjpy_hourly_st_pmc_sl25_tp75_3r_t2523,1632,Long,2022-09-04T21:00:00-04:00,95.214385,2022-09-04T21:00:00-04:00,94.953000,stop,-0.261385,-26138.52
audjpy_hourly_st_pmc_sl25_tp75_3r,audjpy_hourly_st_pmc_sl25_tp75_3r_t2526,1633,Long,2022-09-08T03:00:00-04:00,96.801676,2022-09-09T00:00:00-04:00,97.551676,target,0.750000,75000.00
audjpy_hourly_st_pmc_sl25_tp75_3r,audjpy_hourly_st_pmc_sl25_tp75_3r_t2527,1634,Long,2022-09-11T21:00:00-04:00,97.055462,2022-09-12T00:00:00-04:00,97.805462,target,0.750000,75000.00
audjpy_hourly_st_pmc_sl25_tp75_3r,audjpy_hourly_st_pmc_sl25_tp75_3r_t2528,1635,Long,2022-09-13T02:00:00-04:00,97.845209,2022-09-13T15:00:00-04:00,97.594209,stop,-0.251000,-25100.00
audjpy_hourly_st_pmc_sl25_tp75_3r,audjpy_hourly_st_pmc_sl25_tp75_3r_t2529,1636,Long,2022-09-15T13:00:00-04:00,96.406286,2022-09-15T18:00:00-04:00,96.155286,stop,-0.251000,-25100.00
audjpy_hourly_st_pmc_sl25_tp75_3r,audjpy_hourly_st_pmc_sl25_tp75_3r_t2530,1637,Long,2022-09-21T06:00:00-04:00,95.878701,2022-09-21T06:00:00-04:00,95.627701,stop,-0.251000,-25100.00
audjpy_hourly_st_pmc_sl25_tp75_3r,audjpy_hourly_st_pmc_sl25_tp75_3r_t2531,1638,Long,2022-09-22T08:00:00-04:00,95.131806,2022-09-22T08:00:00-04:00,94.880806,stop,-0.251000,-25100.00
audjpy_hourly_st_pmc_sl25_tp75_3r,audjpy_hourly_st_pmc_sl25_tp75_3r_t2532,1639,Short,2022-09-28T10:00:00-04:00,93.068587,2022-09-28T13:00:00-04:00,93.319587,stop,-0.251000,-25100.00
audjpy_hourly_st_pmc_sl25_tp75_3r,audjpy_hourly_st_pmc_sl25_tp75_3r_t2534,1640,Long,2022-10-04T03:00:00-04:00,93.517103,2022-10-04T03:00:00-04:00,94.267103,target,0.750000,75000.00
audjpy_hourly_st_pmc_sl25_tp75_3r,audjpy_hourly_st_pmc_sl25_tp75_3r_t2535,1641,Long,2022-10-04T04:00:00-04:00,93.517103,2022-10-04T06:00:00-04:00,94.267103,target,0.750000,75000.00
audjpy_hourly_st_pmc_sl25_tp75_3r,audjpy_hourly_st_pmc_sl25_tp75_3r_t2536,1642,Long,2022-10-04T11:00:00-04:00,93.517103,2022-10-04T16:00:00-04:00,93.266103,stop,-0.251000,-25100.00
audjpy_hourly_st_pmc_sl25_tp75_3r,audjpy_hourly_st_pmc_sl25_tp75_3r_t2537,1643,Long,2022-10-06T09:00:00-04:00,93.676770,2022-10-06T10:00:00-04:00,93.425770,stop,-0.251000,-25100.00
audjpy_hourly_st_pmc_sl25_tp75_3r,audjpy_hourly_st_pmc_sl25_tp75_3r_t2540,1644,Short,2022-10-11T12:00:00-04:00,91.895294,2022-10-11T16:00:00-04:00,92.146294,stop,-0.251000,-25100.00
audjpy_hourly_st_pmc_sl25_tp75_3r,audjpy_hourly_st_pmc_sl25_tp75_3r_t2541,1645,Short,2022-10-13T15:00:00-04:00,92.192311,2022-10-13T15:00:00-04:00,92.443311,stop,-0.251000,-25100.00
audjpy_hourly_st_pmc_sl25_tp75_3r,audjpy_hourly_st_pmc_sl25_tp75_3r_t2542,1646,Long,2022-10-14T14:00:00-04:00,92.615287,2022-10-14T15:00:00-04:00,92.364287,stop,-0.251000,-25100.00
audjpy_hourly_st_pmc_sl25_tp75_3r,audjpy_hourly_st_pmc_sl25_tp75_3r_t2544,1647,Long,2022-10-18T09:00:00-04:00,93.334954,2022-10-18T11:00:00-04:00,94.084954,target,0.750000,75000.00
audjpy_hourly_st_pmc_sl25_tp75_3r,audjpy_hourly_st_pmc_sl25_tp75_3r_t2545,1648,Long,2022-10-20T01:00:00-04:00,93.595375,2022-10-20T10:00:00-04:00,94.345375,target,0.750000,75000.00
audjpy_hourly_st_pmc_sl25_tp75_3r,audjpy_hourly_st_pmc_sl25_tp75_3r_t2546,1649,Long,2022-10-21T00:00:00-04:00,94.136826,2022-10-21T13:00:00-04:00,94.886826,target,0.750000,75000.00
audjpy_hourly_st_pmc_sl25_tp75_3r,audjpy_hourly_st_pmc_sl25_tp75_3r_t2547,1650,Long,2022-10-21T15:00:00-04:00,94.194611,2022-10-21T15:00:00-04:00,93.943611,stop,-0.251000,-25100.00
audjpy_hourly_st_pmc_sl25_tp75_3r,audjpy_hourly_st_pmc_sl25_tp75_3r_t2548,1651,Long,2022-10-23T23:00:00-04:00,93.435436,2022-10-23T23:00:00-04:00,93.184436,stop,-0.251000,-25100.00
audjpy_hourly_st_pmc_sl25_tp75_3r,audjpy_hourly_st_pmc_sl25_tp75_3r_t2549,1652,Long,2022-10-27T05:00:00-04:00,94.570293,2022-10-27T07:00:00-04:00,94.319293,stop,-0.251000,-25100.00
audjpy_hourly_st_pmc_sl25_tp75_3r,audjpy_hourly_st_pmc_sl25_tp75_3r_t2552,1653,Short,2022-11-04T04:00:00-04:00,93.811628,2022-11-04T10:00:00-04:00,94.062628,stop,-0.251000,-25100.00
audjpy_hourly_st_pmc_sl25_tp75_3r,audjpy_hourly_st_pmc_sl25_tp75_3r_t2553,1654,Short,2022-11-10T13:00:00-05:00,94.240190,2022-11-10T14:00:00-05:00,93.490190,target,0.750000,75000.00
audjpy_hourly_st_pmc_sl25_tp75_3r,audjpy_hourly_st_pmc_sl25_tp75_3r_t2554,1655,Short,2022-11-11T05:00:00-05:00,94.046917,2022-11-11T10:00:00-05:00,93.296917,target,0.750000,75000.00
audjpy_hourly_st_pmc_sl25_tp75_3r,audjpy_hourly_st_pmc_sl25_tp75_3r_t2555,1656,Short,2022-11-14T08:00:00-05:00,93.741491,2022-11-14T13:00:00-05:00,93.992491,stop,-0.251000,-25100.00
audjpy_hourly_st_pmc_sl25_tp75_3r,audjpy_hourly_st_pmc_sl25_tp75_3r_t2556,1657,Short,2022-11-17T23:00:00-05:00,93.926823,2022-11-24T10:00:00-05:00,93.176823,target,0.750000,75000.00
audjpy_hourly_st_pmc_sl25_tp75_3r,audjpy_hourly_st_pmc_sl25_tp75_3r_t2557,1658,Short,2022-11-24T21:00:00-05:00,93.795959,2022-11-25T11:00:00-05:00,94.046959,stop,-0.251000,-25100.00
audjpy_hourly_st_pmc_sl25_tp75_3r,audjpy_hourly_st_pmc_sl25_tp75_3r_t2558,1659,Short,2022-11-29T03:00:00-05:00,92.908605,2022-11-29T08:00:00-05:00,93.159605,stop,-0.251000,-25100.00
audjpy_hourly_st_pmc_sl25_tp75_3r,audjpy_hourly_st_pmc_sl25_tp75_3r_t2559,1660,Short,2022-12-05T02:00:00-05:00,91.874003,2022-12-05T09:00:00-05:00,92.125003,stop,-0.251000,-25100.00
audjpy_hourly_st_pmc_sl25_tp75_3r,audjpy_hourly_st_pmc_sl25_tp75_3r_t2560,1661,Short,2022-12-07T06:00:00-05:00,92.116941,2022-12-08T13:00:00-05:00,92.367941,stop,-0.251000,-25100.00
audjpy_hourly_st_pmc_sl25_tp75_3r,audjpy_hourly_st_pmc_sl25_tp75_3r_t2561,1662,Short,2022-12-09T15:00:00-05:00,92.589911,2022-12-09T16:00:00-05:00,92.840911,stop,-0.251000,-25100.00
audjpy_hourly_st_pmc_sl25_tp75_3r,audjpy_hourly_st_pmc_sl25_tp75_3r_t2562,1663,Short,2022-12-19T14:00:00-05:00,91.789648,2022-12-20T03:00:00-05:00,91.039648,target,0.750000,75000.00
audjpy_hourly_st_pmc_sl25_tp75_3r,audjpy_hourly_st_pmc_sl25_tp75_3r_t2563,1664,Short,2022-12-21T13:00:00-05:00,88.566207,2022-12-21T13:00:00-05:00,88.817207,stop,-0.251000,-25100.00
audjpy_hourly_st_pmc_sl25_tp75_3r,audjpy_hourly_st_pmc_sl25_tp75_3r_t2564,1665,Short,2022-12-23T02:00:00-05:00,88.782321,2022-12-23T14:00:00-05:00,89.033321,stop,-0.251000,-25100.00
audjpy_hourly_st_pmc_sl25_tp75_3r,audjpy_hourly_st_pmc_sl25_tp75_3r_t2565,1666,Short,2022-12-26T07:00:00-05:00,89.244004,2022-12-26T23:00:00-05:00,89.495004,stop,-0.251000,-25100.00
audjpy_hourly_st_pmc_sl25_tp75_3r,audjpy_hourly_st_pmc_sl25_tp75_3r_t2566,1667,Short,2022-12-29T16:00:00-05:00,90.233864,2022-12-30T08:00:00-05:00,89.483864,target,0.750000,75000.00
audjpy_hourly_st_pmc_sl25_tp75_3r,audjpy_hourly_st_pmc_sl25_tp75_3r_t2567,1668,Short,2023-01-04T01:00:00-05:00,88.353060,2023-01-04T02:00:00-05:00,88.604060,stop,-0.251000,-25100.00
audjpy_hourly_st_pmc_sl25_tp75_3r,audjpy_hourly_st_pmc_sl25_tp75_3r_t2568,1669,Long,2023-01-05T02:00:00-05:00,89.910260,2023-01-05T12:00:00-05:00,90.660260,target,0.750000,75000.00
audjpy_hourly_st_pmc_sl25_tp75_3r,audjpy_hourly_st_pmc_sl25_tp75_3r_t2569,1670,Long,2023-01-05T17:00:00-05:00,89.974998,2023-01-06T03:00:00-05:00,90.724998,target,0.750000,75000.00
audjpy_hourly_st_pmc_sl25_tp75_3r,audjpy_hourly_st_pmc_sl25_tp75_3r_t2570,1671,Long,2023-01-09T23:00:00-05:00,91.001305,2023-01-12T08:00:00-05:00,90.750305,stop,-0.251000,-25100.00
audjpy_hourly_st_pmc_sl25_tp75_3r,audjpy_hourly_st_pmc_sl25_tp75_3r_t2573,1672,Long,2023-01-18T09:00:00-05:00,90.831695,2023-01-18T11:00:00-05:00,90.580695,stop,-0.251000,-25100.00
audjpy_hourly_st_pmc_sl25_tp75_3r,audjpy_hourly_st_pmc_sl25_tp75_3r_t2574,1673,Short,2023-01-20T01:00:00-05:00,89.055474,2023-01-20T04:00:00-05:00,89.306474,stop,-0.251000,-25100.00
audjpy_hourly_st_pmc_sl25_tp75_3r,audjpy_hourly_st_pmc_sl25_tp75_3r_t2575,1674,Long,2023-01-25T10:00:00-05:00,92.003747,2023-01-25T12:00:00-05:00,91.752747,stop,-0.251000,-25100.00
audjpy_hourly_st_pmc_sl25_tp75_3r,audjpy_hourly_st_pmc_sl25_tp75_3r_t2576,1675,Long,2023-01-27T15:00:00-05:00,92.082473,2023-01-30T04:00:00-05:00,91.831473,stop,-0.251000,-25100.00
audjpy_hourly_st_pmc_sl25_tp75_3r,audjpy_hourly_st_pmc_sl25_tp75_3r_t2579,1676,Short,2023-02-01T20:00:00-05:00,91.896693,2023-02-02T08:00:00-05:00,92.147693,stop,-0.251000,-25100.00
audjpy_hourly_st_pmc_sl25_tp75_3r,audjpy_hourly_st_pmc_sl25_tp75_3r_t2581,1677,Short,2023-02-03T15:00:00-05:00,91.121329,2023-02-03T15:00:00-05:00,91.372329,stop,-0.251000,-25100.00
audjpy_hourly_st_pmc_sl25_tp75_3r,audjpy_hourly_st_pmc_sl25_tp75_3r_t2584,1678,Short,2023-02-08T07:00:00-05:00,91.492075,2023-02-10T07:00:00-05:00,90.742075,target,0.750000,75000.00
audjpy_hourly_st_pmc_sl25_tp75_3r,audjpy_hourly_st_pmc_sl25_tp75_3r_t2585,1679,Short,2023-02-10T09:00:00-05:00,91.078061,2023-02-13T05:00:00-05:00,91.329061,stop,-0.251000,-25100.00
audjpy_hourly_st_pmc_sl25_tp75_3r,audjpy_hourly_st_pmc_sl25_tp75_3r_t2586,1680,Long,2023-02-14T01:00:00-05:00,91.876219,2023-02-14T13:00:00-05:00,92.626219,target,0.750000,75000.00
audjpy_hourly_st_pmc_sl25_tp75_3r,audjpy_hourly_st_pmc_sl25_tp75_3r_t2587,1681,Long,2023-02-15T02:00:00-05:00,92.368303,2023-02-15T07:00:00-05:00,92.117303,stop,-0.251000,-25100.00
audjpy_hourly_st_pmc_sl25_tp75_3r,audjpy_hourly_st_pmc_sl25_tp75_3r_t2588,1682,Long,2023-02-16T00:00:00-05:00,92.048883,2023-02-20T17:00:00-05:00,92.798883,target,0.750000,75000.00
audjpy_hourly_st_pmc_sl25_tp75_3r,audjpy_hourly_st_pmc_sl25_tp75_3r_t2589,1683,Long,2023-02-21T17:00:00-05:00,92.445037,2023-02-22T00:00:00-05:00,92.194037,stop,-0.251000,-25100.00
audjpy_hourly_st_pmc_sl25_tp75_3r,audjpy_hourly_st_pmc_sl25_tp75_3r_t2590,1684,Long,2023-02-22T01:00:00-05:00,92.445037,2023-02-22T01:00:00-05:00,92.194037,stop,-0.251000,-25100.00
audjpy_hourly_st_pmc_sl25_tp75_3r,audjpy_hourly_st_pmc_sl25_tp75_3r_t2597,1685,Short,2023-02-27T23:00:00-05:00,91.867627,2023-02-28T13:00:00-05:00,92.118627,stop,-0.251000,-25100.00
audjpy_hourly_st_pmc_sl25_tp75_3r,audjpy_hourly_st_pmc_sl25_tp75_3r_t2598,1686,Long,2023-02-28T17:00:00-05:00,91.706573,2023-03-01T00:00:00-05:00,91.455573,stop,-0.251000,-25100.00
audjpy_hourly_st_pmc_sl25_tp75_3r,audjpy_hourly_st_pmc_sl25_tp75_3r_t2602,1687,Long,2023-03-03T14:00:00-05:00,91.808764,2023-03-06T01:00:00-05:00,91.557764,stop,-0.251000,-25100.00
audjpy_hourly_st_pmc_sl25_tp75_3r,audjpy_hourly_st_pmc_sl25_tp75_3r_t2604,1688,Short,2023-03-08T04:00:00-05:00,90.771945,2023-03-09T09:00:00-05:00,90.021945,target,0.750000,75000.00
audjpy_hourly_st_pmc_sl25_tp75_3r,audjpy_hourly_st_pmc_sl25_tp75_3r_t2605,1689,Short,2023-03-10T04:00:00-05:00,90.053047,2023-03-10T14:00:00-05:00,89.303047,target,0.750000,75000.00
audjpy_hourly_st_pmc_sl25_tp75_3r,audjpy_hourly_st_pmc_sl25_tp75_3r_t2606,1690,Short,2023-03-13T06:00:00-04:00,89.617596,2023-03-13T09:00:00-04:00,88.867596,target,0.750000,75000.00
audjpy_hourly_st_pmc_sl25_tp75_3r,audjpy_hourly_st_pmc_sl25_tp75_3r_t2607,1691,Short,2023-03-14T11:00:00-04:00,89.463467,2023-03-14T13:00:00-04:00,89.714467,stop,-0.251000,-25100.00
audjpy_hourly_st_pmc_sl25_tp75_3r,audjpy_hourly_st_pmc_sl25_tp75_3r_t2608,1692,Short,2023-03-16T08:00:00-04:00,88.714307,2023-03-16T12:00:00-04:00,87.964307,target,0.750000,75000.00
audjpy_hourly_st_pmc_sl25_tp75_3r,audjpy_hourly_st_pmc_sl25_tp75_3r_t2609,1693,Short,2023-03-16T16:00:00-04:00,88.714307,2023-03-16T20:00:00-04:00,88.965307,stop,-0.251000,-25100.00
audjpy_hourly_st_pmc_sl25_tp75_3r,audjpy_hourly_st_pmc_sl25_tp75_3r_t2610,1694,Short,2023-03-22T01:00:00-04:00,88.615200,2023-03-22T10:00:00-04:00,88.866200,stop,-0.251000,-25100.00
audjpy_hourly_st_pmc_sl25_tp75_3r,audjpy_hourly_st_pmc_sl25_tp75_3r_t2611,1695,Short,2023-03-26T23:00:00-04:00,87.131333,2023-03-27T06:00:00-04:00,87.382333,stop,-0.251000,-25100.00
audjpy_hourly_st_pmc_sl25_tp75_3r,audjpy_hourly_st_pmc_sl25_tp75_3r_t2614,1696,Long,2023-04-04T12:00:00-04:00,89.463828,2023-04-04T14:00:00-04:00,89.212828,stop,-0.251000,-25100.00
audjpy_hourly_st_pmc_sl25_tp75_3r,audjpy_hourly_st_pmc_sl25_tp75_3r_t2617,1697,Short,2023-04-10T00:00:00-04:00,88.255353,2023-04-10T11:00:00-04:00,88.506353,stop,-0.251000,-25100.00
audjpy_hourly_st_pmc_sl25_tp75_3r,audjpy_hourly_st_pmc_sl25_tp75_3r_t2620,1698,Long,2023-04-14T08:00:00-04:00,89.551935,2023-04-18T01:00:00-04:00,90.301935,target,0.750000,75000.00
audjpy_hourly_st_pmc_sl25_tp75_3r,audjpy_hourly_st_pmc_sl25_tp75_3r_t2621,1699,Long,2023-04-21T01:00:00-04:00,90.228043,2023-04-21T01:00:00-04:00,89.977043,stop,-0.251000,-25100.00
audjpy_hourly_st_pmc_sl25_tp75_3r,audjpy_hourly_st_pmc_sl25_tp75_3r_t2623,1700,Short,2023-04-27T05:00:00-04:00,88.712124,2023-04-28T01:00:00-04:00,88.963124,stop,-0.251000,-25100.00
audjpy_hourly_st_pmc_sl25_tp75_3r,audjpy_hourly_st_pmc_sl25_tp75_3r_t2625,1701,Long,2023-05-02T14:00:00-04:00,91.662841,2023-05-02T14:00:00-04:00,91.411841,stop,-0.251000,-25100.00
audjpy_hourly_st_pmc_sl25_tp75_3r,audjpy_hourly_st_pmc_sl25_tp75_3r_t2628,1702,Short,2023-05-05T03:00:00-04:00,90.202809,2023-05-05T12:00:00-04:00,90.453809,stop,-0.251000,-25100.00
audjpy_hourly_st_pmc_sl25_tp75_3r,audjpy_hourly_st_pmc_sl25_tp75_3r_t2629,1703,Long,2023-05-09T06:00:00-04:00,91.266633,2023-05-10T13:00:00-04:00,91.015633,stop,-0.251000,-25100.00
audjpy_hourly_st_pmc_sl25_tp75_3r,audjpy_hourly_st_pmc_sl25_tp75_3r_t2634,1704,Long,2023-05-16T05:00:00-04:00,90.774971,2023-05-17T15:00:00-04:00,91.524971,target,0.750000,75000.00
audjpy_hourly_st_pmc_sl25_tp75_3r,audjpy_hourly_st_pmc_sl25_tp75_3r_t2635,1705,Long,2023-05-18T01:00:00-04:00,91.177092,2023-05-18T23:00:00-04:00,91.927092,target,0.750000,75000.00
audjpy_hourly_st_pmc_sl25_tp75_3r,audjpy_hourly_st_pmc_sl25_tp75_3r_t2636,1706,Long,2023-05-19T15:00:00-04:00,91.796637,2023-05-19T15:00:00-04:00,91.545637,stop,-0.251000,-25100.00
audjpy_hourly_st_pmc_sl25_tp75_3r,audjpy_hourly_st_pmc_sl25_tp75_3r_t2637,1707,Long,2023-05-23T07:00:00-04:00,91.770121,2023-05-23T18:00:00-04:00,91.519121,stop,-0.251000,-25100.00
audjpy_hourly_st_pmc_sl25_tp75_3r,audjpy_hourly_st_pmc_sl25_tp75_3r_t2638,1708,Long,2023-05-30T03:00:00-04:00,91.507186,2023-05-30T13:00:00-04:00,91.256186,stop,-0.251000,-25100.00
audjpy_hourly_st_pmc_sl25_tp75_3r,audjpy_hourly_st_pmc_sl25_tp75_3r_t2640,1709,Long,2023-06-14T18:00:00-04:00,94.768086,2023-06-15T01:00:00-04:00,95.518086,target,0.750000,75000.00
audjpy_hourly_st_pmc_sl25_tp75_3r,audjpy_hourly_st_pmc_sl25_tp75_3r_t2641,1710,Long,2023-06-19T03:00:00-04:00,96.982394,2023-06-19T03:00:00-04:00,96.731394,stop,-0.251000,-25100.00
audjpy_hourly_st_pmc_sl25_tp75_3r,audjpy_hourly_st_pmc_sl25_tp75_3r_t2642,1711,Long,2023-06-22T04:00:00-04:00,95.954558,2023-06-22T19:00:00-04:00,96.704558,target,0.750000,75000.00
audjpy_hourly_st_pmc_sl25_tp75_3r,audjpy_hourly_st_pmc_sl25_tp75_3r_t2643,1712,Long,2023-06-23T01:00:00-04:00,96.265034,2023-06-23T02:00:00-04:00,96.014034,stop,-0.251000,-25100.00
audjpy_hourly_st_pmc_sl25_tp75_3r,audjpy_hourly_st_pmc_sl25_tp75_3r_t2644,1713,Long,2023-06-28T00:00:00-04:00,95.863058,2023-06-28T01:00:00-04:00,95.612058,stop,-0.251000,-25100.00
audjpy_hourly_st_pmc_sl25_tp75_3r,audjpy_hourly_st_pmc_sl25_tp75_3r_t2648,1714,Long,2023-07-04T04:00:00-04:00,96.097285,2023-07-06T04:00:00-04:00,95.846285,stop,-0.251000,-25100.00
audjpy_hourly_st_pmc_sl25_tp75_3r,audjpy_hourly_st_pmc_sl25_tp75_3r_t2650,1715,Short,2023-07-12T02:00:00-04:00,94.091554,2023-07-12T07:00:00-04:00,93.341554,target,0.750000,75000.00
audjpy_hourly_st_pmc_sl25_tp75_3r,audjpy_hourly_st_pmc_sl25_tp75_3r_t2651,1716,Short,2023-07-12T13:00:00-04:00,93.909657,2023-07-12T13:00:00-04:00,94.160657,stop,-0.251000,-25100.00
audjpy_hourly_st_pmc_sl25_tp75_3r,audjpy_hourly_st_pmc_sl25_tp75_3r_t2652,1717,Short,2023-07-17T13:00:00-04:00,94.706300,2023-07-18T12:00:00-04:00,93.956300,target,0.750000,75000.00
audjpy_hourly_st_pmc_sl25_tp75_3r,audjpy_hourly_st_pmc_sl25_tp75_3r_t2653,1718,Short,2023-07-18T14:00:00-04:00,94.630207,2023-07-20T01:00:00-04:00,94.881207,stop,-0.251000,-25100.00
audjpy_hourly_st_pmc_sl25_tp75_3r,audjpy_hourly_st_pmc_sl25_tp75_3r_t2654,1719,Short,2023-07-25T02:00:00-04:00,95.547118,2023-07-25T06:00:00-04:00,95.798118,stop,-0.251000,-25100.00
audjpy_hourly_st_pmc_sl25_tp75_3r,audjpy_hourly_st_pmc_sl25_tp75_3r_t2655,1720,Short,2023-07-27T03:00:00-04:00,95.166912,2023-07-27T04:00:00-04:00,95.417912,stop,-0.251000,-25100.00
audjpy_hourly_st_pmc_sl25_tp75_3r,audjpy_hourly_st_pmc_sl25_tp75_3r_t2656,1721,Short,2023-07-28T03:00:00-04:00,94.122713,2023-07-28T03:00:00-04:00,93.372713,target,0.750000,75000.00
audjpy_hourly_st_pmc_sl25_tp75_3r,audjpy_hourly_st_pmc_sl25_tp75_3r_t2657,1722,Short,2023-07-31T01:00:00-04:00,93.979974,2023-07-31T01:00:00-04:00,94.230974,stop,-0.251000,-25100.00
audjpy_hourly_st_pmc_sl25_tp75_3r,audjpy_hourly_st_pmc_sl25_tp75_3r_t2659,1723,Short,2023-08-04T01:00:00-04:00,93.838922,2023-08-04T19:00:00-04:00,93.088922,target,0.750000,75000.00
audjpy_hourly_st_pmc_sl25_tp75_3r,audjpy_hourly_st_pmc_sl25_tp75_3r_t2660,1724,Short,2023-08-08T00:00:00-04:00,93.715974,2023-08-08T01:00:00-04:00,93.966974,stop,-0.251000,-25100.00
audjpy_hourly_st_pmc_sl25_tp75_3r,audjpy_hourly_st_pmc_sl25_tp75_3r_t2661,1725,Short,2023-08-08T17:00:00-04:00,93.624697,2023-08-09T02:00:00-04:00,93.875697,stop,-0.251000,-25100.00
audjpy_hourly_st_pmc_sl25_tp75_3r,audjpy_hourly_st_pmc_sl25_tp75_3r_t2662,1726,Short,2023-08-14T09:00:00-04:00,94.174024,2023-08-14T16:00:00-04:00,94.425024,stop,-0.251000,-25100.00
audjpy_hourly_st_pmc_sl25_tp75_3r,audjpy_hourly_st_pmc_sl25_tp75_3r_t2663,1727,Short,2023-08-16T08:00:00-04:00,94.275103,2023-08-17T01:00:00-04:00,93.525103,target,0.750000,75000.00
audjpy_hourly_st_pmc_sl25_tp75_3r,audjpy_hourly_st_pmc_sl25_tp75_3r_t2664,1728,Short,2023-08-21T10:00:00-04:00,93.517274,2023-08-21T13:00:00-04:00,93.768274,stop,-0.251000,-25100.00
audjpy_hourly_st_pmc_sl25_tp75_3r,audjpy_hourly_st_pmc_sl25_tp75_3r_t2665,1729,Short,2023-08-23T20:00:00-04:00,93.802275,2023-08-24T03:00:00-04:00,94.053275,stop,-0.251000,-25100.00
audjpy_hourly_st_pmc_sl25_tp75_3r,audjpy_hourly_st_pmc_sl25_tp75_3r_t2666,1730,Short,2023-08-27T23:00:00-04:00,94.000999,2023-08-28T01:00:00-04:00,94.251999,stop,-0.251000,-25100.00
audjpy_hourly_st_pmc_sl25_tp75_3r,audjpy_hourly_st_pmc_sl25_tp75_3r_t2668,1731,Long,2023-09-05T01:00:00-04:00,94.364935,2023-09-05T05:00:00-04:00,94.113935,stop,-0.251000,-25100.00
audjpy_hourly_st_pmc_sl25_tp75_3r,audjpy_hourly_st_pmc_sl25_tp75_3r_t2669,1732,Short,2023-09-05T15:00:00-04:00,94.144573,2023-09-08T12:00:00-04:00,94.395573,stop,-0.251000,-25100.00
audjpy_hourly_st_pmc_sl25_tp75_3r,audjpy_hourly_st_pmc_sl25_tp75_3r_t2670,1733,Short,2023-09-11T09:00:00-04:00,94.236408,2023-09-12T06:00:00-04:00,94.487408,stop,-0.251000,-25100.00
audjpy_hourly_st_pmc_sl25_tp75_3r,audjpy_hourly_st_pmc_sl25_tp75_3r_t2673,1734,Long,2023-09-13T06:00:00-04:00,94.246404,2023-09-14T12:00:00-04:00,94.996404,target,0.750000,75000.00
audjpy_hourly_st_pmc_sl25_tp75_3r,audjpy_hourly_st_pmc_sl25_tp75_3r_t2674,1735,Long,2023-09-17T21:00:00-04:00,94.966783,2023-09-20T07:00:00-04:00,95.716783,target,0.750000,75000.00
audjpy_hourly_st_pmc_sl25_tp75_3r,audjpy_hourly_st_pmc_sl25_tp75_3r_t2675,1736,Long,2023-09-20T18:00:00-04:00,95.665394,2023-09-21T00:00:00-04:00,95.414394,stop,-0.251000,-25100.00
audjpy_hourly_st_pmc_sl25_tp75_3r,audjpy_hourly_st_pmc_sl25_tp75_3r_t2676,1737,Long,2023-09-25T05:00:00-04:00,95.218053,2023-09-27T11:00:00-04:00,94.967053,stop,-0.251000,-25100.00
audjpy_hourly_st_pmc_sl25_tp75_3r,audjpy_hourly_st_pmc_sl25_tp75_3r_t2677,1738,Long,2023-09-29T14:00:00-04:00,96.306975,2023-09-29T17:00:00-04:00,96.055975,stop,-0.251000,-25100.00
audjpy_hourly_st_pmc_sl25_tp75_3r,audjpy_hourly_st_pmc_sl25_tp75_3r_t2679,1739,Short,2023-10-05T03:00:00-04:00,94.553154,2023-10-06T02:00:00-04:00,94.804154,stop,-0.251000,-25100.00
audjpy_hourly_st_pmc_sl25_tp75_3r,audjpy_hourly_st_pmc_sl25_tp75_3r_t2680,1740,Short,2023-10-10T00:00:00-04:00,95.351425,2023-10-10T20:00:00-04:00,95.602425,stop,-0.251000,-25100.00
audjpy_hourly_st_pmc_sl25_tp75_3r,audjpy_hourly_st_pmc_sl25_tp75_3r_t2681,1741,Short,2023-10-16T06:00:00-04:00,94.603831,2023-10-16T16:00:00-04:00,94.854831,stop,-0.251000,-25100.00
audjpy_hourly_st_pmc_sl25_tp75_3r,audjpy_hourly_st_pmc_sl25_tp75_3r_t2682,1742,Short,2023-10-19T15:00:00-04:00,94.854656,2023-10-19T16:00:00-04:00,95.105656,stop,-0.251000,-25100.00
audjpy_hourly_st_pmc_sl25_tp75_3r,audjpy_hourly_st_pmc_sl25_tp75_3r_t2683,1743,Short,2023-10-23T14:00:00-04:00,94.874762,2023-10-24T02:00:00-04:00,95.125762,stop,-0.251000,-25100.00
audjpy_hourly_st_pmc_sl25_tp75_3r,audjpy_hourly_st_pmc_sl25_tp75_3r_t2684,1744,Short,2023-10-26T09:00:00-04:00,94.942656,2023-10-26T18:00:00-04:00,95.193656,stop,-0.251000,-25100.00
audjpy_hourly_st_pmc_sl25_tp75_3r,audjpy_hourly_st_pmc_sl25_tp75_3r_t2685,1745,Short,2023-10-30T02:00:00-04:00,95.158062,2023-10-30T11:00:00-04:00,95.409062,stop,-0.251000,-25100.00
audjpy_hourly_st_pmc_sl25_tp75_3r,audjpy_hourly_st_pmc_sl25_tp75_3r_t2686,1746,Short,2023-10-31T05:00:00-04:00,95.362684,2023-10-31T08:00:00-04:00,95.613684,stop,-0.251000,-25100.00
audjpy_hourly_st_pmc_sl25_tp75_3r,audjpy_hourly_st_pmc_sl25_tp75_3r_t2689,1747,Long,2023-11-07T03:00:00-05:00,97.053383,2023-11-07T04:00:00-05:00,96.802383,stop,-0.251000,-25100.00
audjpy_hourly_st_pmc_sl25_tp75_3r,audjpy_hourly_st_pmc_sl25_tp75_3r_t2690,1748,Long,2023-11-08T22:00:00-05:00,96.607797,2023-11-09T19:00:00-05:00,96.356797,stop,-0.251000,-25100.00
audjpy_hourly_st_pmc_sl25_tp75_3r,audjpy_hourly_st_pmc_sl25_tp75_3r_t2691,1749,Long,2023-11-13T15:00:00-05:00,96.439649,2023-11-14T13:00:00-05:00,97.189649,target,0.750000,75000.00
audjpy_hourly_st_pmc_sl25_tp75_3r,audjpy_hourly_st_pmc_sl25_tp75_3r_t2692,1750,Long,2023-11-16T01:00:00-05:00,98.021687,2023-11-16T02:00:00-05:00,97.770687,stop,-0.251000,-25100.00
audjpy_hourly_st_pmc_sl25_tp75_3r,audjpy_hourly_st_pmc_sl25_tp75_3r_t2693,1751,Long,2023-11-20T09:00:00-05:00,97.191906,2023-11-21T04:00:00-05:00,96.940906,stop,-0.251000,-25100.00
audjpy_hourly_st_pmc_sl25_tp75_3r,audjpy_hourly_st_pmc_sl25_tp75_3r_t2694,1752,Long,2023-11-27T02:00:00-05:00,98.194974,2023-11-27T03:00:00-05:00,97.943974,stop,-0.251000,-25100.00
audjpy_hourly_st_pmc_sl25_tp75_3r,audjpy_hourly_st_pmc_sl25_tp75_3r_t2695,1753,Long,2023-11-28T00:00:00-05:00,97.990642,2023-11-29T00:00:00-05:00,97.739642,stop,-0.251000,-25100.00
audjpy_hourly_st_pmc_sl25_tp75_3r,audjpy_hourly_st_pmc_sl25_tp75_3r_t2698,1754,Short,2023-12-06T01:00:00-05:00,96.827577,2023-12-06T03:00:00-05:00,97.078577,stop,-0.251000,-25100.00
audjpy_hourly_st_pmc_sl25_tp75_3r,audjpy_hourly_st_pmc_sl25_tp75_3r_t2699,1755,Short,2023-12-08T10:00:00-05:00,95.373687,2023-12-11T06:00:00-05:00,95.624687,stop,-0.251000,-25100.00
audjpy_hourly_st_pmc_sl25_tp75_3r,audjpy_hourly_st_pmc_sl25_tp75_3r_t2700,1756,Short,2023-12-14T02:00:00-05:00,95.471418,2023-12-15T14:00:00-05:00,94.721418,target,0.750000,75000.00
audjpy_hourly_st_pmc_sl25_tp75_3r,audjpy_hourly_st_pmc_sl25_tp75_3r_t2701,1757,Short,2023-12-18T00:00:00-05:00,95.471418,2023-12-18T07:00:00-05:00,95.722418,stop,-0.251000,-25100.00
audjpy_hourly_st_pmc_sl25_tp75_3r,audjpy_hourly_st_pmc_sl25_tp75_3r_t2702,1758,Short,2023-12-22T15:00:00-05:00,96.898304,2023-12-26T19:00:00-05:00,97.149304,stop,-0.251000,-25100.00
audjpy_hourly_st_pmc_sl25_tp75_3r,audjpy_hourly_st_pmc_sl25_tp75_3r_t2703,1759,Short,2023-12-28T16:00:00-05:00,96.804743,2023-12-29T12:00:00-05:00,96.054743,target,0.750000,75000.00
audjpy_hourly_st_pmc_sl25_tp75_3r,audjpy_hourly_st_pmc_sl25_tp75_3r_t2705,1760,Long,2024-01-02T14:00:00-05:00,96.096467,2024-01-02T20:00:00-05:00,95.845467,stop,-0.251000,-25100.00
audjpy_hourly_st_pmc_sl25_tp75_3r,audjpy_hourly_st_pmc_sl25_tp75_3r_t2708,1761,Long,2024-01-08T04:00:00-05:00,96.799111,2024-01-08T12:00:00-05:00,96.548111,stop,-0.251000,-25100.00
audjpy_hourly_st_pmc_sl25_tp75_3r,audjpy_hourly_st_pmc_sl25_tp75_3r_t2709,1762,Long,2024-01-11T13:00:00-05:00,97.341216,2024-01-11T17:00:00-05:00,97.090216,stop,-0.251000,-25100.00
audjpy_hourly_st_pmc_sl25_tp75_3r,audjpy_hourly_st_pmc_sl25_tp75_3r_t2710,1763,Long,2024-01-17T09:00:00-05:00,96.673618,2024-01-18T23:00:00-05:00,97.423618,target,0.750000,75000.00
audjpy_hourly_st_pmc_sl25_tp75_3r,audjpy_hourly_st_pmc_sl25_tp75_3r_t2711,1764,Long,2024-01-22T13:00:00-05:00,97.369554,2024-01-23T08:00:00-05:00,97.118554,stop,-0.251000,-25100.00
audjpy_hourly_st_pmc_sl25_tp75_3r,audjpy_hourly_st_pmc_sl25_tp75_3r_t2712,1765,Long,2024-01-29T15:00:00-05:00,97.324573,2024-01-30T15:00:00-05:00,97.073573,stop,-0.251000,-25100.00
audjpy_hourly_st_pmc_sl25_tp75_3r,audjpy_hourly_st_pmc_sl25_tp75_3r_t2713,1766,Short,2024-02-01T18:00:00-05:00,96.166407,2024-02-02T01:00:00-05:00,96.417407,stop,-0.251000,-25100.00
audjpy_hourly_st_pmc_sl25_tp75_3r,audjpy_hourly_st_pmc_sl25_tp75_3r_t2714,1767,Long,2024-02-02T14:00:00-05:00,96.432962,2024-02-09T07:00:00-05:00,97.182962,target,0.750000,75000.00
audjpy_hourly_st_pmc_sl25_tp75_3r,audjpy_hourly_st_pmc_sl25_tp75_3r_t2715,1768,Long,2024-02-13T13:00:00-05:00,97.343558,2024-02-14T01:00:00-05:00,97.092558,stop,-0.251000,-25100.00
audjpy_hourly_st_pmc_sl25_tp75_3r,audjpy_hourly_st_pmc_sl25_tp75_3r_t2716,1769,Long,2024-02-15T01:00:00-05:00,97.434505,2024-02-16T16:00:00-05:00,98.184505,target,0.750000,75000.00
audjpy_hourly_st_pmc_sl25_tp75_3r,audjpy_hourly_st_pmc_sl25_tp75_3r_t2717,1770,Long,2024-02-20T15:00:00-05:00,98.242135,2024-02-22T08:00:00-05:00,98.992135,target,0.750000,75000.00
audjpy_hourly_st_pmc_sl25_tp75_3r,audjpy_hourly_st_pmc_sl25_tp75_3r_t2718,1771,Long,2024-02-22T14:00:00-05:00,98.585569,2024-02-27T00:00:00-05:00,98.334569,stop,-0.251000,-25100.00
audjpy_hourly_st_pmc_sl25_tp75_3r,audjpy_hourly_st_pmc_sl25_tp75_3r_t2719,1772,Long,2024-03-05T02:00:00-05:00,97.786456,2024-03-05T06:00:00-05:00,97.535456,stop,-0.251000,-25100.00
audjpy_hourly_st_pmc_sl25_tp75_3r,audjpy_hourly_st_pmc_sl25_tp75_3r_t2725,1773,Long,2024-03-07T01:00:00-05:00,97.660123,2024-03-08T17:00:00-05:00,97.409123,stop,-0.251000,-25100.00
audjpy_hourly_st_pmc_sl25_tp75_3r,audjpy_hourly_st_pmc_sl25_tp75_3r_t2726,1774,Short,2024-03-12T02:00:00-04:00,97.355879,2024-03-12T12:00:00-04:00,97.606879,stop,-0.251000,-25100.00
audjpy_hourly_st_pmc_sl25_tp75_3r,audjpy_hourly_st_pmc_sl25_tp75_3r_t2729,1775,Long,2024-03-14T13:00:00-04:00,97.570465,2024-03-15T03:00:00-04:00,97.319465,stop,-0.251000,-25100.00
audjpy_hourly_st_pmc_sl25_tp75_3r,audjpy_hourly_st_pmc_sl25_tp75_3r_t2731,1776,Long,2024-03-18T17:00:00-04:00,97.680208,2024-03-19T14:00:00-04:00,98.430208,target,0.750000,75000.00
audjpy_hourly_st_pmc_sl25_tp75_3r,audjpy_hourly_st_pmc_sl25_tp75_3r_t2732,1777,Long,2024-03-21T14:00:00-04:00,99.613514,2024-03-22T02:00:00-04:00,99.362514,stop,-0.251000,-25100.00
audjpy_hourly_st_pmc_sl25_tp75_3r,audjpy_hourly_st_pmc_sl25_tp75_3r_t2733,1778,Long,2024-03-26T21:00:00-04:00,98.878975,2024-03-27T09:00:00-04:00,98.627975,stop,-0.251000,-25100.00
audjpy_hourly_st_pmc_sl25_tp75_3r,audjpy_hourly_st_pmc_sl25_tp75_3r_t2734,1779,Long,2024-03-28T07:00:00-04:00,98.536882,2024-03-28T08:00:00-04:00,98.285882,stop,-0.251000,-25100.00
audjpy_hourly_st_pmc_sl25_tp75_3r,audjpy_hourly_st_pmc_sl25_tp75_3r_t2736,1780,Short,2024-04-02T08:00:00-04:00,98.634852,2024-04-03T04:00:00-04:00,98.885852,stop,-0.251000,-25100.00
audjpy_hourly_st_pmc_sl25_tp75_3r,audjpy_hourly_st_pmc_sl25_tp75_3r_t2737,1781,Long,2024-04-04T18:00:00-04:00,99.979578,2024-04-04T19:00:00-04:00,99.728578,stop,-0.251000,-25100.00
audjpy_hourly_st_pmc_sl25_tp75_3r,audjpy_hourly_st_pmc_sl25_tp75_3r_t2738,1782,Long,2024-04-09T14:00:00-04:00,100.339878,2024-04-10T12:00:00-04:00,100.088878,stop,-0.251000,-25100.00
audjpy_hourly_st_pmc_sl25_tp75_3r,audjpy_hourly_st_pmc_sl25_tp75_3r_t2739,1783,Long,2024-04-12T07:00:00-04:00,99.797269,2024-04-12T10:00:00-04:00,99.546269,stop,-0.251000,-25100.00
audjpy_hourly_st_pmc_sl25_tp75_3r,audjpy_hourly_st_pmc_sl25_tp75_3r_t2740,1784,Long,2024-04-15T17:00:00-04:00,99.382429,2024-04-16T00:00:00-04:00,99.131429,stop,-0.251000,-25100.00
audjpy_hourly_st_pmc_sl25_tp75_3r,audjpy_hourly_st_pmc_sl25_tp75_3r_t2742,1785,Long,2024-04-19T00:00:00-04:00,99.128421,2024-04-19T01:00:00-04:00,98.877421,stop,-0.251000,-25100.00
audjpy_hourly_st_pmc_sl25_tp75_3r,audjpy_hourly_st_pmc_sl25_tp75_3r_t2743,1786,Short,2024-04-19T04:00:00-04:00,98.787367,2024-04-19T07:00:00-04:00,99.038367,stop,-0.251000,-25100.00
audjpy_hourly_st_pmc_sl25_tp75_3r,audjpy_hourly_st_pmc_sl25_tp75_3r_t2744,1787,Long,2024-04-25T12:00:00-04:00,101.180987,2024-04-25T13:00:00-04:00,100.929987,stop,-0.251000,-25100.00
audjpy_hourly_st_pmc_sl25_tp75_3r,audjpy_hourly_st_pmc_sl25_tp75_3r_t2745,1788,Long,2024-04-26T08:00:00-04:00,101.860027,2024-04-26T08:00:00-04:00,101.609027,stop,-0.251000,-25100.00
audjpy_hourly_st_pmc_sl25_tp75_3r,audjpy_hourly_st_pmc_sl25_tp75_3r_t2746,1789,Long,2024-04-29T04:00:00-04:00,103.640392,2024-04-29T04:00:00-04:00,103.389392,stop,-0.251000,-25100.00
audjpy_hourly_st_pmc_sl25_tp75_3r,audjpy_hourly_st_pmc_sl25_tp75_3r_t2748,1790,Long,2024-05-01T20:00:00-04:00,101.991260,2024-05-01T20:00:00-04:00,101.740260,stop,-0.251000,-25100.00
audjpy_hourly_st_pmc_sl25_tp75_3r,audjpy_hourly_st_pmc_sl25_tp75_3r_t2749,1791,Short,2024-05-05T23:00:00-04:00,101.346138,2024-05-06T00:00:00-04:00,101.597138,stop,-0.251000,-25100.00
audjpy_hourly_st_pmc_sl25_tp75_3r,audjpy_hourly_st_pmc_sl25_tp75_3r_t2750,1792,Long,2024-05-07T04:00:00-04:00,101.948351,2024-05-07T07:00:00-04:00,101.697351,stop,-0.251000,-25100.00
audjpy_hourly_st_pmc_sl25_tp75_3r,audjpy_hourly_st_pmc_sl25_tp75_3r_t2753,1793,Long,2024-05-13T01:00:00-04:00,102.641644,2024-05-14T07:00:00-04:00,103.391644,target,0.750000,75000.00
audjpy_hourly_st_pmc_sl25_tp75_3r,audjpy_hourly_st_pmc_sl25_tp75_3r_t2754,1794,Long,2024-05-14T12:00:00-04:00,103.130866,2024-05-15T02:00:00-04:00,103.880866,target,0.750000,75000.00
audjpy_hourly_st_pmc_sl25_tp75_3r,audjpy_hourly_st_pmc_sl25_tp75_3r_t2755,1795,Long,2024-05-15T08:00:00-04:00,103.572393,2024-05-15T11:00:00-04:00,103.321393,stop,-0.251000,-25100.00
audjpy_hourly_st_pmc_sl25_tp75_3r,audjpy_hourly_st_pmc_sl25_tp75_3r_t2756,1796,Long,2024-05-20T12:00:00-04:00,104.045030,2024-05-22T16:00:00-04:00,103.794030,stop,-0.251000,-25100.00
audjpy_hourly_st_pmc_sl25_tp75_3r,audjpy_hourly_st_pmc_sl25_tp75_3r_t2757,1797,Long,2024-05-23T18:00:00-04:00,103.609874,2024-05-27T13:00:00-04:00,104.359874,target,0.750000,75000.00
audjpy_hourly_st_pmc_sl25_tp75_3r,audjpy_hourly_st_pmc_sl25_tp75_3r_t2758,1798,Long,2024-05-29T11:00:00-04:00,104.284043,2024-05-30T00:00:00-04:00,104.033043,stop,-0.251000,-25100.00
audjpy_hourly_st_pmc_sl25_tp75_3r,audjpy_hourly_st_pmc_sl25_tp75_3r_t2760,1799,Short,2024-06-04T00:00:00-04:00,104.621437,2024-06-04T07:00:00-04:00,103.871437,target,0.750000,75000.00
audjpy_hourly_st_pmc_sl25_tp75_3r,audjpy_hourly_st_pmc_sl25_tp75_3r_t2761,1800,Short,2024-06-05T01:00:00-04:00,103.513897,2024-06-05T06:00:00-04:00,103.764897,stop,-0.251000,-25100.00
audjpy_hourly_st_pmc_sl25_tp75_3r,audjpy_hourly_st_pmc_sl25_tp75_3r_t2762,1801,Short,2024-06-10T06:00:00-04:00,103.584641,2024-06-11T00:00:00-04:00,103.835641,stop,-0.251000,-25100.00
audjpy_hourly_st_pmc_sl25_tp75_3r,audjpy_hourly_st_pmc_sl25_tp75_3r_t2763,1802,Short,2024-06-14T03:00:00-04:00,104.541943,2024-06-14T05:00:00-04:00,104.792943,stop,-0.251000,-25100.00
audjpy_hourly_st_pmc_sl25_tp75_3r,audjpy_hourly_st_pmc_sl25_tp75_3r_t2765,1803,Short,2024-06-17T18:00:00-04:00,104.304710,2024-06-18T05:00:00-04:00,104.555710,stop,-0.251000,-25100.00
audjpy_hourly_st_pmc_sl25_tp75_3r,audjpy_hourly_st_pmc_sl25_tp75_3r_t2769,1804,Long,2024-06-21T07:00:00-04:00,105.587912,2024-06-24T14:00:00-04:00,106.337912,target,0.750000,75000.00
audjpy_hourly_st_pmc_sl25_tp75_3r,audjpy_hourly_st_pmc_sl25_tp75_3r_t2770,1805,Long,2024-06-28T01:00:00-04:00,106.644648,2024-06-28T14:00:00-04:00,107.394648,target,0.750000,75000.00
audjpy_hourly_st_pmc_sl25_tp75_3r,audjpy_hourly_st_pmc_sl25_tp75_3r_t2774,1806,Long,2024-07-05T03:00:00-04:00,108.211065,2024-07-10T13:00:00-04:00,108.961065,target,0.750000,75000.00
audjpy_hourly_st_pmc_sl25_tp75_3r,audjpy_hourly_st_pmc_sl25_tp75_3r_t2775,1807,Long,2024-07-11T12:00:00-04:00,109.003994,2024-07-11T12:00:00-04:00,108.752994,stop,-0.251000,-25100.00
audjpy_hourly_st_pmc_sl25_tp75_3r,audjpy_hourly_st_pmc_sl25_tp75_3r_t2778,1808,Short,2024-07-18T03:00:00-04:00,105.357766,2024-07-18T14:00:00-04:00,105.608766,stop,-0.251000,-25100.00
audjpy_hourly_st_pmc_sl25_tp75_3r,audjpy_hourly_st_pmc_sl25_tp75_3r_t2779,1809,Short,2024-07-25T12:00:00-04:00,100.276313,2024-07-25T12:00:00-04:00,99.526313,target,0.750000,75000.00
audjpy_hourly_st_pmc_sl25_tp75_3r,audjpy_hourly_st_pmc_sl25_tp75_3r_t2780,1810,Short,2024-07-30T05:00:00-04:00,101.364476,2024-07-30T06:00:00-04:00,101.615476,stop,-0.251000,-25100.00
audjpy_hourly_st_pmc_sl25_tp75_3r,audjpy_hourly_st_pmc_sl25_tp75_3r_t2783,1811,Short,2024-08-05T14:00:00-04:00,93.323207,2024-08-05T14:00:00-04:00,93.574207,stop,-0.251000,-25100.00
audjpy_hourly_st_pmc_sl25_tp75_3r,audjpy_hourly_st_pmc_sl25_tp75_3r_t2784,1812,Short,2024-08-05T15:00:00-04:00,93.323207,2024-08-05T15:00:00-04:00,92.573207,target,0.750000,75000.00
audjpy_hourly_st_pmc_sl25_tp75_3r,audjpy_hourly_st_pmc_sl25_tp75_3r_t2785,1813,Short,2024-08-13T04:00:00-04:00,97.532606,2024-08-14T02:00:00-04:00,96.782606,target,0.750000,75000.00
audjpy_hourly_st_pmc_sl25_tp75_3r,audjpy_hourly_st_pmc_sl25_tp75_3r_t2786,1814,Long,2024-08-16T11:00:00-04:00,98.202943,2024-08-16T12:00:00-04:00,97.951943,stop,-0.251000,-25100.00
audjpy_hourly_st_pmc_sl25_tp75_3r,audjpy_hourly_st_pmc_sl25_tp75_3r_t2788,1815,Long,2024-08-19T03:00:00-04:00,98.121197,2024-08-19T04:00:00-04:00,97.870197,stop,-0.251000,-25100.00
audjpy_hourly_st_pmc_sl25_tp75_3r,audjpy_hourly_st_pmc_sl25_tp75_3r_t2790,1816,Long,2024-08-20T01:00:00-04:00,98.123096,2024-08-20T05:00:00-04:00,98.873096,target,0.750000,75000.00
audjpy_hourly_st_pmc_sl25_tp75_3r,audjpy_hourly_st_pmc_sl25_tp75_3r_t2791,1817,Long,2024-08-20T15:00:00-04:00,98.129032,2024-08-20T17:00:00-04:00,97.878032,stop,-0.251000,-25100.00
audjpy_hourly_st_pmc_sl25_tp75_3r,audjpy_hourly_st_pmc_sl25_tp75_3r_t2802,1818,Short,2024-08-27T00:00:00-04:00,98.046985,2024-08-27T03:00:00-04:00,98.297985,stop,-0.251000,-25100.00
audjpy_hourly_st_pmc_sl25_tp75_3r,audjpy_hourly_st_pmc_sl25_tp75_3r_t2804,1819,Short,2024-08-28T01:00:00-04:00,98.167215,2024-08-29T04:00:00-04:00,98.418215,stop,-0.251000,-25100.00
audjpy_hourly_st_pmc_sl25_tp75_3r,audjpy_hourly_st_pmc_sl25_tp75_3r_t2807,1820,Long,2024-09-03T02:00:00-04:00,99.300936,2024-09-03T03:00:00-04:00,99.049936,stop,-0.251000,-25100.00
audjpy_hourly_st_pmc_sl25_tp75_3r,audjpy_hourly_st_pmc_sl25_tp75_3r_t2808,1821,Short,2024-09-06T12:00:00-04:00,96.545358,2024-09-06T12:00:00-04:00,96.796358,stop,-0.251000,-25100.00
audjpy_hourly_st_pmc_sl25_tp75_3r,audjpy_hourly_st_pmc_sl25_tp75_3r_t2809,1822,Short,2024-09-06T13:00:00-04:00,96.545358,2024-09-06T14:00:00-04:00,95.795358,target,0.750000,75000.00
audjpy_hourly_st_pmc_sl25_tp75_3r,audjpy_hourly_st_pmc_sl25_tp75_3r_t2810,1823,Short,2024-09-11T12:00:00-04:00,94.633947,2024-09-11T14:00:00-04:00,93.883947,target,0.750000,75000.00
audjpy_hourly_st_pmc_sl25_tp75_3r,audjpy_hourly_st_pmc_sl25_tp75_3r_t2811,1824,Short,2024-09-16T13:00:00-04:00,94.666165,2024-09-16T18:00:00-04:00,94.917165,stop,-0.251000,-25100.00
audjpy_hourly_st_pmc_sl25_tp75_3r,audjpy_hourly_st_pmc_sl25_tp75_3r_t2812,1825,Short,2024-09-18T07:00:00-04:00,96.144855,2024-09-18T23:00:00-04:00,96.395855,stop,-0.251000,-25100.00
audjpy_hourly_st_pmc_sl25_tp75_3r,audjpy_hourly_st_pmc_sl25_tp75_3r_t2813,1826,Short,2024-09-23T13:00:00-04:00,98.516999,2024-09-24T04:00:00-04:00,98.767999,stop,-0.251000,-25100.00
audjpy_hourly_st_pmc_sl25_tp75_3r,audjpy_hourly_st_pmc_sl25_tp75_3r_t2816,1827,Long,2024-09-27T06:00:00-04:00,99.673635,2024-09-27T06:00:00-04:00,99.422635,stop,-0.251000,-25100.00
audjpy_hourly_st_pmc_sl25_tp75_3r,audjpy_hourly_st_pmc_sl25_tp75_3r_t2819,1828,Long,2024-10-01T08:00:00-04:00,99.268373,2024-10-01T13:00:00-04:00,99.017373,stop,-0.251000,-25100.00
audjpy_hourly_st_pmc_sl25_tp75_3r,audjpy_hourly_st_pmc_sl25_tp75_3r_t2822,1829,Long,2024-10-04T04:00:00-04:00,100.094718,2024-10-04T12:00:00-04:00,100.844718,target,0.750000,75000.00
audjpy_hourly_st_pmc_sl25_tp75_3r,audjpy_hourly_st_pmc_sl25_tp75_3r_t2823,1830,Long,2024-10-07T09:00:00-04:00,100.566211,2024-10-07T13:00:00-04:00,100.315211,stop,-0.251000,-25100.00
audjpy_hourly_st_pmc_sl25_tp75_3r,audjpy_hourly_st_pmc_sl25_tp75_3r_t2824,1831,Long,2024-10-10T12:00:00-04:00,99.998878,2024-10-10T13:00:00-04:00,99.747878,stop,-0.251000,-25100.00
audjpy_hourly_st_pmc_sl25_tp75_3r,audjpy_hourly_st_pmc_sl25_tp75_3r_t2825,1832,Long,2024-10-13T21:00:00-04:00,100.263127,2024-10-15T07:00:00-04:00,100.012127,stop,-0.251000,-25100.00
audjpy_hourly_st_pmc_sl25_tp75_3r,audjpy_hourly_st_pmc_sl25_tp75_3r_t2826,1833,Long,2024-10-18T15:00:00-04:00,100.223352,2024-10-21T05:00:00-04:00,99.972352,stop,-0.251000,-25100.00
audjpy_hourly_st_pmc_sl25_tp75_3r,audjpy_hourly_st_pmc_sl25_tp75_3r_t2827,1834,Long,2024-10-23T18:00:00-04:00,101.086950,2024-10-24T14:00:00-04:00,100.835950,stop,-0.251000,-25100.00
audjpy_hourly_st_pmc_sl25_tp75_3r,audjpy_hourly_st_pmc_sl25_tp75_3r_t2828,1835,Long,2024-10-29T00:00:00-04:00,100.668295,2024-10-29T03:00:00-04:00,100.417295,stop,-0.251000,-25100.00
audjpy_hourly_st_pmc_sl25_tp75_3r,audjpy_hourly_st_pmc_sl25_tp75_3r_t2829,1836,Long,2024-10-31T06:00:00-04:00,100.347249,2024-10-31T06:00:00-04:00,100.096249,stop,-0.251000,-25100.00
audjpy_hourly_st_pmc_sl25_tp75_3r,audjpy_hourly_st_pmc_sl25_tp75_3r_t2831,1837,Long,2024-11-05T22:00:00-05:00,100.374573,2024-11-06T08:00:00-05:00,101.124573,target,0.750000,75000.00
audjpy_hourly_st_pmc_sl25_tp75_3r,audjpy_hourly_st_pmc_sl25_tp75_3r_t2832,1838,Long,2024-11-08T03:00:00-05:00,101.611075,2024-11-08T08:00:00-05:00,101.360075,stop,-0.251000,-25100.00
audjpy_hourly_st_pmc_sl25_tp75_3r,audjpy_hourly_st_pmc_sl25_tp75_3r_t2833,1839,Long,2024-11-12T03:00:00-05:00,100.687131,2024-11-15T09:00:00-05:00,100.436131,stop,-0.251000,-25100.00
audjpy_hourly_st_pmc_sl25_tp75_3r,audjpy_hourly_st_pmc_sl25_tp75_3r_t2835,1840,Short,2024-11-18T01:00:00-05:00,100.246452,2024-11-18T15:00:00-05:00,100.497452,stop,-0.251000,-25100.00
audjpy_hourly_st_pmc_sl25_tp75_3r,audjpy_hourly_st_pmc_sl25_tp75_3r_t2836,1841,Long,2024-11-19T08:00:00-05:00,100.064804,2024-11-19T08:00:00-05:00,99.813804,stop,-0.251000,-25100.00
audjpy_hourly_st_pmc_sl25_tp75_3r,audjpy_hourly_st_pmc_sl25_tp75_3r_t2839,1842,Long,2024-11-20T14:00:00-05:00,100.849821,2024-11-20T15:00:00-05:00,100.598821,stop,-0.251000,-25100.00
audjpy_hourly_st_pmc_sl25_tp75_3r,audjpy_hourly_st_pmc_sl25_tp75_3r_t2840,1843,Long,2024-11-20T16:00:00-05:00,100.849821,2024-11-21T09:00:00-05:00,100.598821,stop,-0.251000,-25100.00
audjpy_hourly_st_pmc_sl25_tp75_3r,audjpy_hourly_st_pmc_sl25_tp75_3r_t2841,1844,Short,2024-11-28T08:00:00-05:00,98.620291,2024-11-29T01:00:00-05:00,97.870291,target,0.750000,75000.00
audjpy_hourly_st_pmc_sl25_tp75_3r,audjpy_hourly_st_pmc_sl25_tp75_3r_t2843,1845,Short,2024-12-03T07:00:00-05:00,97.202633,2024-12-03T08:00:00-05:00,97.453633,stop,-0.251000,-25100.00
audjpy_hourly_st_pmc_sl25_tp75_3r,audjpy_hourly_st_pmc_sl25_tp75_3r_t2845,1846,Short,2024-12-04T00:00:00-05:00,97.140914,2024-12-04T02:00:00-05:00,96.390914,target,0.750000,75000.00
audjpy_hourly_st_pmc_sl25_tp75_3r,audjpy_hourly_st_pmc_sl25_tp75_3r_t2846,1847,Short,2024-12-04T08:00:00-05:00,96.880263,2024-12-06T14:00:00-05:00,96.130263,target,0.750000,75000.00
audjpy_hourly_st_pmc_sl25_tp75_3r,audjpy_hourly_st_pmc_sl25_tp75_3r_t2847,1848,Short,2024-12-09T07:00:00-05:00,96.269938,2024-12-09T07:00:00-05:00,96.520938,stop,-0.251000,-25100.00
audjpy_hourly_st_pmc_sl25_tp75_3r,audjpy_hourly_st_pmc_sl25_tp75_3r_t2850,1849,Short,2024-12-11T12:00:00-05:00,96.971726,2024-12-11T13:00:00-05:00,97.222726,stop,-0.251000,-25100.00
audjpy_hourly_st_pmc_sl25_tp75_3r,audjpy_hourly_st_pmc_sl25_tp75_3r_t2852,1850,Long,2024-12-12T15:00:00-05:00,97.264891,2024-12-12T15:00:00-05:00,97.013891,stop,-0.251000,-25100.00
audjpy_hourly_st_pmc_sl25_tp75_3r,audjpy_hourly_st_pmc_sl25_tp75_3r_t2855,1851,Long,2024-12-17T06:00:00-05:00,97.797213,2024-12-17T09:00:00-05:00,97.546213,stop,-0.251000,-25100.00
audjpy_hourly_st_pmc_sl25_tp75_3r,audjpy_hourly_st_pmc_sl25_tp75_3r_t2856,1852,Short,2024-12-19T02:00:00-05:00,96.620120,2024-12-19T03:00:00-05:00,96.871120,stop,-0.251000,-25100.00
audjpy_hourly_st_pmc_sl25_tp75_3r,audjpy_hourly_st_pmc_sl25_tp75_3r_t2857,1853,Long,2024-12-20T02:00:00-05:00,97.742538,2024-12-20T14:00:00-05:00,97.491538,stop,-0.251000,-25100.00
audjpy_hourly_st_pmc_sl25_tp75_3r,audjpy_hourly_st_pmc_sl25_tp75_3r_t2858,1854,Long,2024-12-26T09:00:00-05:00,97.908970,2024-12-30T06:00:00-05:00,98.658970,target,0.750000,75000.00
audjpy_hourly_st_pmc_sl25_tp75_3r,audjpy_hourly_st_pmc_sl25_tp75_3r_t2859,1855,Long,2024-12-30T13:00:00-05:00,98.113361,2024-12-30T14:00:00-05:00,97.862361,stop,-0.251000,-25100.00
audjpy_hourly_st_pmc_sl25_tp75_3r,audjpy_hourly_st_pmc_sl25_tp75_3r_t2863,1856,Long,2025-01-02T07:00:00-05:00,97.187943,2025-01-02T17:00:00-05:00,97.937943,target,0.750000,75000.00
audjpy_hourly_st_pmc_sl25_tp75_3r,audjpy_hourly_st_pmc_sl25_tp75_3r_t2864,1857,Long,2025-01-07T16:00:00-05:00,98.502227,2025-01-08T01:00:00-05:00,98.251227,stop,-0.251000,-25100.00
audjpy_hourly_st_pmc_sl25_tp75_3r,audjpy_hourly_st_pmc_sl25_tp75_3r_t2865,1858,Short,2025-01-13T21:00:00-05:00,97.230074,2025-01-13T22:00:00-05:00,97.481074,stop,-0.251000,-25100.00
audjpy_hourly_st_pmc_sl25_tp75_3r,audjpy_hourly_st_pmc_sl25_tp75_3r_t2866,1859,Long,2025-01-15T09:00:00-05:00,97.233159,2025-01-16T01:00:00-05:00,96.982159,stop,-0.251000,-25100.00
audjpy_hourly_st_pmc_sl25_tp75_3r,audjpy_hourly_st_pmc_sl25_tp75_3r_t2867,1860,Short,2025-01-17T14:00:00-05:00,96.783006,2025-01-17T15:00:00-05:00,97.034006,stop,-0.251000,-25100.00
audjpy_hourly_st_pmc_sl25_tp75_3r,audjpy_hourly_st_pmc_sl25_tp75_3r_t2868,1861,Long,2025-01-21T00:00:00-05:00,97.016387,2025-01-22T09:00:00-05:00,97.766387,target,0.750000,75000.00
audjpy_hourly_st_pmc_sl25_tp75_3r,audjpy_hourly_st_pmc_sl25_tp75_3r_t2869,1862,Long,2025-01-23T08:00:00-05:00,97.873499,2025-01-24T03:00:00-05:00,98.623499,target,0.750000,75000.00
audjpy_hourly_st_pmc_sl25_tp75_3r,audjpy_hourly_st_pmc_sl25_tp75_3r_t2870,1863,Long,2025-01-24T04:00:00-05:00,97.898012,2025-01-24T12:00:00-05:00,98.648012,target,0.750000,75000.00
audjpy_hourly_st_pmc_sl25_tp75_3r,audjpy_hourly_st_pmc_sl25_tp75_3r_t2871,1864,Long,2025-01-26T23:00:00-05:00,97.939419,2025-01-27T08:00:00-05:00,97.688419,stop,-0.251000,-25100.00
audjpy_hourly_st_pmc_sl25_tp75_3r,audjpy_hourly_st_pmc_sl25_tp75_3r_t2874,1865,Short,2025-01-31T05:00:00-05:00,96.297423,2025-01-31T15:00:00-05:00,96.548423,stop,-0.251000,-25100.00
audjpy_hourly_st_pmc_sl25_tp75_3r,audjpy_hourly_st_pmc_sl25_tp75_3r_t2875,1866,Short,2025-02-03T15:00:00-05:00,95.833057,2025-02-03T15:00:00-05:00,95.083057,target,0.750000,75000.00
audjpy_hourly_st_pmc_sl25_tp75_3r,audjpy_hourly_st_pmc_sl25_tp75_3r_t2879,1867,Short,2025-02-07T08:00:00-05:00,95.524148,2025-02-07T16:00:00-05:00,94.774148,target,0.750000,75000.00
audjpy_hourly_st_pmc_sl25_tp75_3r,audjpy_hourly_st_pmc_sl25_tp75_3r_t2880,1868,Short,2025-02-10T01:00:00-05:00,95.248701,2025-02-10T08:00:00-05:00,95.499701,stop,-0.251000,-25100.00
audjpy_hourly_st_pmc_sl25_tp75_3r,audjpy_hourly_st_pmc_sl25_tp75_3r_t2881,1869,Long,2025-02-12T13:00:00-05:00,96.203998,2025-02-12T15:00:00-05:00,96.953998,target,0.750000,75000.00
audjpy_hourly_st_pmc_sl25_tp75_3r,audjpy_hourly_st_pmc_sl25_tp75_3r_t2882,1870,Long,2025-02-13T09:00:00-05:00,96.539535,2025-02-13T11:00:00-05:00,96.288535,stop,-0.251000,-25100.00
audjpy_hourly_st_pmc_sl25_tp75_3r,audjpy_hourly_st_pmc_sl25_tp75_3r_t2887,1871,Short,2025-02-18T03:00:00-05:00,96.621536,2025-02-19T23:00:00-05:00,95.871536,target,0.750000,75000.00
audjpy_hourly_st_pmc_sl25_tp75_3r,audjpy_hourly_st_pmc_sl25_tp75_3r_t2888,1872,Short,2025-02-21T01:00:00-05:00,96.111054,2025-02-21T02:00:00-05:00,96.362054,stop,-0.251000,-25100.00
audjpy_hourly_st_pmc_sl25_tp75_3r,audjpy_hourly_st_pmc_sl25_tp75_3r_t2889,1873,Short,2025-02-24T02:00:00-05:00,95.381943,2025-02-25T07:00:00-05:00,94.631943,target,0.750000,75000.00
audjpy_hourly_st_pmc_sl25_tp75_3r,audjpy_hourly_st_pmc_sl25_tp75_3r_t2890,1874,Short,2025-02-27T09:00:00-05:00,94.480202,2025-02-27T14:00:00-05:00,93.730202,target,0.750000,75000.00
audjpy_hourly_st_pmc_sl25_tp75_3r,audjpy_hourly_st_pmc_sl25_tp75_3r_t2891,1875,Short,2025-02-28T08:00:00-05:00,93.683447,2025-03-02T23:00:00-05:00,93.934447,stop,-0.251000,-25100.00
audjpy_hourly_st_pmc_sl25_tp75_3r,audjpy_hourly_st_pmc_sl25_tp75_3r_t2893,1876,Long,2025-03-03T19:00:00-05:00,93.431069,2025-03-03T20:00:00-05:00,93.180069,stop,-0.251000,-25100.00
audjpy_hourly_st_pmc_sl25_tp75_3r,audjpy_hourly_st_pmc_sl25_tp75_3r_t2894,1877,Short,2025-03-04T19:00:00-05:00,93.028664,2025-03-04T19:00:00-05:00,93.279664,stop,-0.251000,-25100.00
audjpy_hourly_st_pmc_sl25_tp75_3r,audjpy_hourly_st_pmc_sl25_tp75_3r_t2896,1878,Long,2025-03-06T08:00:00-05:00,93.822561,2025-03-06T09:00:00-05:00,93.571561,stop,-0.251000,-25100.00
audjpy_hourly_st_pmc_sl25_tp75_3r,audjpy_hourly_st_pmc_sl25_tp75_3r_t2898,1879,Short,2025-03-11T12:00:00-04:00,92.893305,2025-03-11T13:00:00-04:00,93.144305,stop,-0.251000,-25100.00
audjpy_hourly_st_pmc_sl25_tp75_3r,audjpy_hourly_st_pmc_sl25_tp75_3r_t2902,1880,Short,2025-03-14T04:00:00-04:00,93.393383,2025-03-14T06:00:00-04:00,93.644383,stop,-0.251000,-25100.00
audjpy_hourly_st_pmc_sl25_tp75_3r,audjpy_hourly_st_pmc_sl25_tp75_3r_t2903,1881,Long,2025-03-18T13:00:00-04:00,95.143550,2025-03-18T16:00:00-04:00,94.892550,stop,-0.251000,-25100.00
audjpy_hourly_st_pmc_sl25_tp75_3r,audjpy_hourly_st_pmc_sl25_tp75_3r_t2905,1882,Long,2025-03-21T12:00:00-04:00,93.535363,2025-03-21T15:00:00-04:00,93.284363,stop,-0.251000,-25100.00
audjpy_hourly_st_pmc_sl25_tp75_3r,audjpy_hourly_st_pmc_sl25_tp75_3r_t2907,1883,Long,2025-03-25T15:00:00-04:00,94.382086,2025-03-26T07:00:00-04:00,95.132086,target,0.750000,75000.00
audjpy_hourly_st_pmc_sl25_tp75_3r,audjpy_hourly_st_pmc_sl25_tp75_3r_t2908,1884,Long,2025-03-26T17:00:00-04:00,94.616525,2025-03-27T12:00:00-04:00,95.366525,target,0.750000,75000.00
audjpy_hourly_st_pmc_sl25_tp75_3r,audjpy_hourly_st_pmc_sl25_tp75_3r_t2909,1885,Long,2025-03-28T07:00:00-04:00,94.641197,2025-03-28T14:00:00-04:00,94.390197,stop,-0.251000,-25100.00
audjpy_hourly_st_pmc_sl25_tp75_3r,audjpy_hourly_st_pmc_sl25_tp75_3r_t2915,1886,Long,2025-04-02T20:00:00-04:00,93.921442,2025-04-02T20:00:00-04:00,93.670442,stop,-0.251000,-25100.00
audjpy_hourly_st_pmc_sl25_tp75_3r,audjpy_hourly_st_pmc_sl25_tp75_3r_t2916,1887,Long,2025-04-02T21:00:00-04:00,93.921442,2025-04-02T21:00:00-04:00,93.670442,stop,-0.251000,-25100.00
audjpy_hourly_st_pmc_sl25_tp75_3r,audjpy_hourly_st_pmc_sl25_tp75_3r_t2917,1888,Short,2025-04-07T12:00:00-04:00,89.176019,2025-04-07T12:00:00-04:00,89.427019,stop,-0.251000,-25100.00
audjpy_hourly_st_pmc_sl25_tp75_3r,audjpy_hourly_st_pmc_sl25_tp75_3r_t2918,1889,Short,2025-04-09T17:00:00-04:00,88.038146,2025-04-09T17:00:00-04:00,88.289146,stop,-0.251000,-25100.00
audjpy_hourly_st_pmc_sl25_tp75_3r,audjpy_hourly_st_pmc_sl25_tp75_3r_t2919,1890,Short,2025-04-11T17:00:00-04:00,90.323033,2025-04-13T21:00:00-04:00,90.629000,stop,-0.305967,-30596.67
audjpy_hourly_st_pmc_sl25_tp75_3r,audjpy_hourly_st_pmc_sl25_tp75_3r_t2920,1891,Short,2025-04-16T15:00:00-04:00,91.097200,2025-04-16T19:00:00-04:00,90.347200,target,0.750000,75000.00
audjpy_hourly_st_pmc_sl25_tp75_3r,audjpy_hourly_st_pmc_sl25_tp75_3r_t2921,1892,Short,2025-04-17T18:00:00-04:00,91.070842,2025-04-20T21:00:00-04:00,90.320842,target,0.750000,75000.00
audjpy_hourly_st_pmc_sl25_tp75_3r,audjpy_hourly_st_pmc_sl25_tp75_3r_t2922,1893,Short,2025-04-21T10:00:00-04:00,90.577506,2025-04-22T10:00:00-04:00,89.827506,target,0.750000,75000.00
audjpy_hourly_st_pmc_sl25_tp75_3r,audjpy_hourly_st_pmc_sl25_tp75_3r_t2923,1894,Short,2025-04-22T16:00:00-04:00,90.353263,2025-04-22T21:00:00-04:00,90.604263,stop,-0.251000,-25100.00
audjpy_hourly_st_pmc_sl25_tp75_3r,audjpy_hourly_st_pmc_sl25_tp75_3r_t2924,1895,Short,2025-04-30T04:00:00-04:00,91.310869,2025-04-30T18:00:00-04:00,91.561869,stop,-0.251000,-25100.00
audjpy_hourly_st_pmc_sl25_tp75_3r,audjpy_hourly_st_pmc_sl25_tp75_3r_t2925,1896,Short,2025-04-30T19:00:00-04:00,91.530509,2025-05-01T01:00:00-04:00,91.781509,stop,-0.251000,-25100.00
audjpy_hourly_st_pmc_sl25_tp75_3r,audjpy_hourly_st_pmc_sl25_tp75_3r_t2926,1897,Long,2025-05-05T21:00:00-04:00,92.802526,2025-05-06T07:00:00-04:00,92.551526,stop,-0.251000,-25100.00
audjpy_hourly_st_pmc_sl25_tp75_3r,audjpy_hourly_st_pmc_sl25_tp75_3r_t2927,1898,Long,2025-05-07T18:00:00-04:00,92.429161,2025-05-08T15:00:00-04:00,93.179161,target,0.750000,75000.00
audjpy_hourly_st_pmc_sl25_tp75_3r,audjpy_hourly_st_pmc_sl25_tp75_3r_t2928,1899,Long,2025-05-14T08:00:00-04:00,94.936416,2025-05-14T09:00:00-04:00,94.685416,stop,-0.251000,-25100.00
audjpy_hourly_st_pmc_sl25_tp75_3r,audjpy_hourly_st_pmc_sl25_tp75_3r_t2929,1900,Long,2025-05-20T02:00:00-04:00,93.278690,2025-05-20T04:00:00-04:00,93.027690,stop,-0.251000,-25100.00
audjpy_hourly_st_pmc_sl25_tp75_3r,audjpy_hourly_st_pmc_sl25_tp75_3r_t2930,1901,Long,2025-05-26T22:00:00-04:00,92.488579,2025-05-27T02:00:00-04:00,92.237579,stop,-0.251000,-25100.00
audjpy_hourly_st_pmc_sl25_tp75_3r,audjpy_hourly_st_pmc_sl25_tp75_3r_t2931,1902,Long,2025-05-29T13:00:00-04:00,93.134880,2025-05-29T14:00:00-04:00,92.883880,stop,-0.251000,-25100.00
audjpy_hourly_st_pmc_sl25_tp75_3r,audjpy_hourly_st_pmc_sl25_tp75_3r_t2940,1903,Short,2025-06-03T14:00:00-04:00,92.706075,2025-06-03T14:00:00-04:00,92.957075,stop,-0.251000,-25100.00
audjpy_hourly_st_pmc_sl25_tp75_3r,audjpy_hourly_st_pmc_sl25_tp75_3r_t2941,1904,Long,2025-06-04T14:00:00-04:00,92.971953,2025-06-04T20:00:00-04:00,92.720953,stop,-0.251000,-25100.00
audjpy_hourly_st_pmc_sl25_tp75_3r,audjpy_hourly_st_pmc_sl25_tp75_3r_t2944,1905,Long,2025-06-10T05:00:00-04:00,94.145688,2025-06-10T07:00:00-04:00,93.894688,stop,-0.251000,-25100.00
audjpy_hourly_st_pmc_sl25_tp75_3r,audjpy_hourly_st_pmc_sl25_tp75_3r_t2945,1906,Long,2025-06-11T16:00:00-04:00,94.172783,2025-06-11T18:00:00-04:00,93.921783,stop,-0.251000,-25100.00
audjpy_hourly_st_pmc_sl25_tp75_3r,audjpy_hourly_st_pmc_sl25_tp75_3r_t2946,1907,Long,2025-06-17T18:00:00-04:00,94.008309,2025-06-27T00:00:00-04:00,94.758309,target,0.750000,75000.00
audjpy_hourly_st_pmc_sl25_tp75_3r,audjpy_hourly_st_pmc_sl25_tp75_3r_t2947,1908,Long,2025-06-27T17:00:00-04:00,94.332720,2025-06-30T07:00:00-04:00,94.081720,stop,-0.251000,-25100.00
audjpy_hourly_st_pmc_sl25_tp75_3r,audjpy_hourly_st_pmc_sl25_tp75_3r_t2949,1909,Short,2025-07-01T18:00:00-04:00,94.501713,2025-07-03T12:00:00-04:00,94.752713,stop,-0.251000,-25100.00
audjpy_hourly_st_pmc_sl25_tp75_3r,audjpy_hourly_st_pmc_sl25_tp75_3r_t2950,1910,Long,2025-07-04T03:00:00-04:00,94.878447,2025-07-04T07:00:00-04:00,94.627447,stop,-0.251000,-25100.00
audjpy_hourly_st_pmc_sl25_tp75_3r,audjpy_hourly_st_pmc_sl25_tp75_3r_t2953,1911,Long,2025-07-09T12:00:00-04:00,95.599764,2025-07-10T19:00:00-04:00,96.349764,target,0.750000,75000.00
audjpy_hourly_st_pmc_sl25_tp75_3r,audjpy_hourly_st_pmc_sl25_tp75_3r_t2954,1912,Long,2025-07-11T00:00:00-04:00,96.013380,2025-07-11T02:00:00-04:00,96.763380,target,0.750000,75000.00
audjpy_hourly_st_pmc_sl25_tp75_3r,audjpy_hourly_st_pmc_sl25_tp75_3r_t2955,1913,Long,2025-07-14T01:00:00-04:00,96.556399,2025-07-15T13:00:00-04:00,97.306399,target,0.750000,75000.00
audjpy_hourly_st_pmc_sl25_tp75_3r,audjpy_hourly_st_pmc_sl25_tp75_3r_t2956,1914,Long,2025-07-16T13:00:00-04:00,96.808859,2025-07-16T14:00:00-04:00,96.557859,stop,-0.251000,-25100.00
audjpy_hourly_st_pmc_sl25_tp75_3r,audjpy_hourly_st_pmc_sl25_tp75_3r_t2957,1915,Long,2025-07-20T21:00:00-04:00,96.537079,2025-07-20T21:00:00-04:00,96.280000,stop,-0.257079,-25707.91
audjpy_hourly_st_pmc_sl25_tp75_3r,audjpy_hourly_st_pmc_sl25_tp75_3r_t2958,1916,Long,2025-07-25T05:00:00-04:00,96.664258,2025-07-30T01:00:00-04:00,96.413258,stop,-0.251000,-25100.00
audjpy_hourly_st_pmc_sl25_tp75_3r,audjpy_hourly_st_pmc_sl25_tp75_3r_t2960,1917,Short,2025-08-04T05:00:00-04:00,95.833752,2025-08-04T16:00:00-04:00,95.083752,target,0.750000,75000.00
audjpy_hourly_st_pmc_sl25_tp75_3r,audjpy_hourly_st_pmc_sl25_tp75_3r_t2961,1918,Short,2025-08-05T12:00:00-04:00,95.475330,2025-08-06T02:00:00-04:00,95.726330,stop,-0.251000,-25100.00
audjpy_hourly_st_pmc_sl25_tp75_3r,audjpy_hourly_st_pmc_sl25_tp75_3r_t2962,1919,Short,2025-08-11T18:00:00-04:00,96.501663,2025-08-12T00:00:00-04:00,96.752663,stop,-0.251000,-25100.00
audjpy_hourly_st_pmc_sl25_tp75_3r,audjpy_hourly_st_pmc_sl25_tp75_3r_t2963,1920,Short,2025-08-13T04:00:00-04:00,96.709104,2025-08-14T01:00:00-04:00,95.959104,target,0.750000,75000.00
audjpy_hourly_st_pmc_sl25_tp75_3r,audjpy_hourly_st_pmc_sl25_tp75_3r_t2964,1921,Short,2025-08-14T18:00:00-04:00,96.037513,2025-08-19T17:00:00-04:00,95.287513,target,0.750000,75000.00
audjpy_hourly_st_pmc_sl25_tp75_3r,audjpy_hourly_st_pmc_sl25_tp75_3r_t2965,1922,Short,2025-08-21T11:00:00-04:00,95.087801,2025-08-21T18:00:00-04:00,95.338801,stop,-0.251000,-25100.00
audjpy_hourly_st_pmc_sl25_tp75_3r,audjpy_hourly_st_pmc_sl25_tp75_3r_t2966,1923,Short,2025-08-27T01:00:00-04:00,95.912745,2025-08-29T01:00:00-04:00,96.163745,stop,-0.251000,-25100.00
audjpy_hourly_st_pmc_sl25_tp75_3r,audjpy_hourly_st_pmc_sl25_tp75_3r_t2968,1924,Long,2025-09-02T21:00:00-04:00,96.432833,2025-09-03T12:00:00-04:00,97.182833,target,0.750000,75000.00
audjpy_hourly_st_pmc_sl25_tp75_3r,audjpy_hourly_st_pmc_sl25_tp75_3r_t2969,1925,Long,2025-09-03T21:00:00-04:00,96.789372,2025-09-04T12:00:00-04:00,96.538372,stop,-0.251000,-25100.00
audjpy_hourly_st_pmc_sl25_tp75_3r,audjpy_hourly_st_pmc_sl25_tp75_3r_t2970,1926,Long,2025-09-09T08:00:00-04:00,96.967270,2025-09-10T14:00:00-04:00,97.717270,target,0.750000,75000.00
audjpy_hourly_st_pmc_sl25_tp75_3r,audjpy_hourly_st_pmc_sl25_tp75_3r_t2971,1927,Long,2025-09-14T21:00:00-04:00,97.998824,2025-09-16T14:00:00-04:00,97.747824,stop,-0.251000,-25100.00
audjpy_hourly_st_pmc_sl25_tp75_3r,audjpy_hourly_st_pmc_sl25_tp75_3r_t2972,1928,Long,2025-09-19T03:00:00-04:00,97.610794,2025-09-19T04:00:00-04:00,97.359794,stop,-0.251000,-25100.00
audjpy_hourly_st_pmc_sl25_tp75_3r,audjpy_hourly_st_pmc_sl25_tp75_3r_t2973,1929,Long,2025-09-22T07:00:00-04:00,97.433207,2025-09-23T21:00:00-04:00,97.142000,stop,-0.291207,-29120.70
audjpy_hourly_st_pmc_sl25_tp75_3r,audjpy_hourly_st_pmc_sl25_tp75_3r_t2974,1930,Long,2025-09-24T00:00:00-04:00,97.314225,2025-09-24T06:00:00-04:00,98.064225,target,0.750000,75000.00
audjpy_hourly_st_pmc_sl25_tp75_3r,audjpy_hourly_st_pmc_sl25_tp75_3r_t2975,1931,Long,2025-09-25T12:00:00-04:00,97.830861,2025-09-29T08:00:00-04:00,97.579861,stop,-0.251000,-25100.00
audjpy_hourly_st_pmc_sl25_tp75_3r,audjpy_hourly_st_pmc_sl25_tp75_3r_t2976,1932,Long,2025-09-30T07:00:00-04:00,97.572438,2025-10-01T06:00:00-04:00,97.321438,stop,-0.251000,-25100.00
audjpy_hourly_st_pmc_sl25_tp75_3r,audjpy_hourly_st_pmc_sl25_tp75_3r_t2977,1933,Short,2025-10-03T01:00:00-04:00,97.344659,2025-10-05T21:00:00-04:00,98.310000,stop,-0.965341,-96534.11
audjpy_hourly_st_pmc_sl25_tp75_3r,audjpy_hourly_st_pmc_sl25_tp75_3r_t2978,1934,Long,2025-10-09T14:00:00-04:00,100.353281,2025-10-10T06:00:00-04:00,100.102281,stop,-0.251000,-25100.00
audjpy_hourly_st_pmc_sl25_tp75_3r,audjpy_hourly_st_pmc_sl25_tp75_3r_t2980,1935,Long,2025-10-14T03:00:00-04:00,98.826791,2025-10-14T04:00:00-04:00,98.575791,stop,-0.251000,-25100.00
audjpy_hourly_st_pmc_sl25_tp75_3r,audjpy_hourly_st_pmc_sl25_tp75_3r_t2981,1936,Long,2025-10-15T17:00:00-04:00,98.212009,2025-10-16T00:00:00-04:00,97.961009,stop,-0.251000,-25100.00
audjpy_hourly_st_pmc_sl25_tp75_3r,audjpy_hourly_st_pmc_sl25_tp75_3r_t2983,1937,Short,2025-10-17T11:00:00-04:00,97.291347,2025-10-17T11:00:00-04:00,97.542347,stop,-0.251000,-25100.00
audjpy_hourly_st_pmc_sl25_tp75_3r,audjpy_hourly_st_pmc_sl25_tp75_3r_t2986,1938,Long,2025-10-21T14:00:00-04:00,98.121102,2025-10-23T01:00:00-04:00,98.871102,target,0.750000,75000.00
audjpy_hourly_st_pmc_sl25_tp75_3r,audjpy_hourly_st_pmc_sl25_tp75_3r_t2987,1939,Long,2025-10-28T01:00:00-04:00,99.905994,2025-10-28T05:00:00-04:00,99.654994,stop,-0.251000,-25100.00
audjpy_hourly_st_pmc_sl25_tp75_3r,audjpy_hourly_st_pmc_sl25_tp75_3r_t2988,1940,Long,2025-10-29T00:00:00-04:00,99.791336,2025-10-29T05:00:00-04:00,100.541336,target,0.750000,75000.00
audjpy_hourly_st_pmc_sl25_tp75_3r,audjpy_hourly_st_pmc_sl25_tp75_3r_t2989,1941,Long,2025-11-03T14:00:00-05:00,100.697446,2025-11-03T15:00:00-05:00,100.446446,stop,-0.251000,-25100.00
audjpy_hourly_st_pmc_sl25_tp75_3r,audjpy_hourly_st_pmc_sl25_tp75_3r_t2991,1942,Short,2025-11-05T03:00:00-05:00,99.661451,2025-11-05T14:00:00-05:00,99.912451,stop,-0.251000,-25100.00
audjpy_hourly_st_pmc_sl25_tp75_3r,audjpy_hourly_st_pmc_sl25_tp75_3r_t2992,1943,Short,2025-11-07T19:00:00-05:00,99.635088,2025-11-09T23:00:00-05:00,99.886088,stop,-0.251000,-25100.00
audjpy_hourly_st_pmc_sl25_tp75_3r,audjpy_hourly_st_pmc_sl25_tp75_3r_t2994,1944,Long,2025-11-13T14:00:00-05:00,101.258913,2025-11-13T14:00:00-05:00,101.007913,stop,-0.251000,-25100.00
audjpy_hourly_st_pmc_sl25_tp75_3r,audjpy_hourly_st_pmc_sl25_tp75_3r_t3001,1945,Long,2025-11-19T03:00:00-05:00,100.681745,2025-11-19T12:00:00-05:00,101.431745,target,0.750000,75000.00
audjpy_hourly_st_pmc_sl25_tp75_3r,audjpy_hourly_st_pmc_sl25_tp75_3r_t3002,1946,Long,2025-11-20T16:00:00-05:00,101.732597,2025-11-20T16:00:00-05:00,101.481597,stop,-0.251000,-25100.00
audjpy_hourly_st_pmc_sl25_tp75_3r,audjpy_hourly_st_pmc_sl25_tp75_3r_t3005,1947,Long,2025-11-28T08:00:00-05:00,101.932172,2025-12-01T02:00:00-05:00,101.681172,stop,-0.251000,-25100.00
audjpy_hourly_st_pmc_sl25_tp75_3r,audjpy_hourly_st_pmc_sl25_tp75_3r_t3006,1948,Short,2025-12-02T05:00:00-05:00,102.033046,2025-12-02T13:00:00-05:00,102.284046,stop,-0.251000,-25100.00
audjpy_hourly_st_pmc_sl25_tp75_3r,audjpy_hourly_st_pmc_sl25_tp75_3r_t3007,1949,Long,2025-12-04T10:00:00-05:00,102.359857,2025-12-04T11:00:00-05:00,102.108857,stop,-0.251000,-25100.00
audjpy_hourly_st_pmc_sl25_tp75_3r,audjpy_hourly_st_pmc_sl25_tp75_3r_t3008,1950,Long,2025-12-10T15:00:00-05:00,103.827806,2025-12-11T02:00:00-05:00,103.576806,stop,-0.251000,-25100.00
audjpy_hourly_st_pmc_sl25_tp75_3r,audjpy_hourly_st_pmc_sl25_tp75_3r_t3009,1951,Long,2025-12-12T16:00:00-05:00,103.517058,2025-12-15T02:00:00-05:00,103.266058,stop,-0.251000,-25100.00
audjpy_hourly_st_pmc_sl25_tp75_3r,audjpy_hourly_st_pmc_sl25_tp75_3r_t3010,1952,Long,2025-12-23T04:00:00-05:00,104.118017,2025-12-26T00:00:00-05:00,104.868017,target,0.750000,75000.00
audjpy_hourly_st_pmc_sl25_tp75_3r,audjpy_hourly_st_pmc_sl25_tp75_3r_t3011,1953,Long,2025-12-28T22:00:00-05:00,104.741096,2025-12-29T12:00:00-05:00,104.490096,stop,-0.251000,-25100.00
audjpy_hourly_st_pmc_sl25_tp75_3r,audjpy_hourly_st_pmc_sl25_tp75_3r_t3012,1954,Long,2025-12-31T15:00:00-05:00,104.468128,2026-01-02T08:00:00-05:00,105.218128,target,0.750000,75000.00
audjpy_hourly_st_pmc_sl25_tp75_3r,audjpy_hourly_st_pmc_sl25_tp75_3r_t3013,1955,Long,2026-01-02T15:00:00-05:00,104.740200,2026-01-06T16:00:00-05:00,105.490200,target,0.750000,75000.00
audjpy_hourly_st_pmc_sl25_tp75_3r,audjpy_hourly_st_pmc_sl25_tp75_3r_t3014,1956,Long,2026-01-07T12:00:00-05:00,105.374543,2026-01-08T03:00:00-05:00,105.123543,stop,-0.251000,-25100.00
audjpy_hourly_st_pmc_sl25_tp75_3r,audjpy_hourly_st_pmc_sl25_tp75_3r_t3015,1957,Long,2026-01-14T09:00:00-05:00,106.266836,2026-01-14T10:00:00-05:00,106.015836,stop,-0.251000,-25100.00
audjpy_hourly_st_pmc_sl25_tp75_3r,audjpy_hourly_st_pmc_sl25_tp75_3r_t3016,1958,Long,2026-01-16T02:00:00-05:00,105.884417,2026-01-16T14:00:00-05:00,105.633417,stop,-0.251000,-25100.00
audjpy_hourly_st_pmc_sl25_tp75_3r,audjpy_hourly_st_pmc_sl25_tp75_3r_t3017,1959,Long,2026-01-20T08:00:00-05:00,106.259094,2026-01-20T09:00:00-05:00,106.008094,stop,-0.251000,-25100.00
audjpy_hourly_st_pmc_sl25_tp75_3r,audjpy_hourly_st_pmc_sl25_tp75_3r_t3018,1960,Long,2026-01-23T07:00:00-05:00,108.241893,2026-01-23T07:00:00-05:00,107.990893,stop,-0.251000,-25100.00
audjpy_hourly_st_pmc_sl25_tp75_3r,audjpy_hourly_st_pmc_sl25_tp75_3r_t3019,1961,Long,2026-01-23T08:00:00-05:00,108.241893,2026-01-23T17:00:00-05:00,107.990893,stop,-0.251000,-25100.00
audjpy_hourly_st_pmc_sl25_tp75_3r,audjpy_hourly_st_pmc_sl25_tp75_3r_t3020,1962,Long,2026-01-29T15:00:00-05:00,107.747708,2026-01-29T15:00:00-05:00,107.496708,stop,-0.251000,-25100.00
audjpy_hourly_st_pmc_sl25_tp75_3r,audjpy_hourly_st_pmc_sl25_tp75_3r_t3025,1963,Long,2026-02-04T16:00:00-05:00,109.488779,2026-02-04T17:00:00-05:00,109.237779,stop,-0.251000,-25100.00
audjpy_hourly_st_pmc_sl25_tp75_3r,audjpy_hourly_st_pmc_sl25_tp75_3r_t3026,1964,Long,2026-02-09T01:00:00-05:00,109.847921,2026-02-09T16:00:00-05:00,110.597921,target,0.750000,75000.00
audjpy_hourly_st_pmc_sl25_tp75_3r,audjpy_hourly_st_pmc_sl25_tp75_3r_t3027,1965,Long,2026-02-10T03:00:00-05:00,109.923212,2026-02-10T12:00:00-05:00,109.672212,stop,-0.251000,-25100.00
audjpy_hourly_st_pmc_sl25_tp75_3r,audjpy_hourly_st_pmc_sl25_tp75_3r_t3028,1966,Long,2026-02-17T01:00:00-05:00,108.189365,2026-02-17T03:00:00-05:00,107.938365,stop,-0.251000,-25100.00
audjpy_hourly_st_pmc_sl25_tp75_3r,audjpy_hourly_st_pmc_sl25_tp75_3r_t3029,1967,Long,2026-02-19T11:00:00-05:00,109.053010,2026-02-20T09:00:00-05:00,109.803010,target,0.750000,75000.00
audjpy_hourly_st_pmc_sl25_tp75_3r,audjpy_hourly_st_pmc_sl25_tp75_3r_t3030,1968,Long,2026-02-23T01:00:00-05:00,109.118360,2026-02-23T16:00:00-05:00,108.867360,stop,-0.251000,-25100.00
audjpy_hourly_st_pmc_sl25_tp75_3r,audjpy_hourly_st_pmc_sl25_tp75_3r_t3031,1969,Long,2026-02-26T14:00:00-05:00,110.841899,2026-02-26T15:00:00-05:00,110.590899,stop,-0.251000,-25100.00
audjpy_hourly_st_pmc_sl25_tp75_3r,audjpy_hourly_st_pmc_sl25_tp75_3r_t3032,1970,Long,2026-03-01T22:00:00-05:00,110.596977,2026-03-01T22:00:00-05:00,109.715000,stop,-0.881977,-88197.73
audjpy_hourly_st_pmc_sl25_tp75_3r,audjpy_hourly_st_pmc_sl25_tp75_3r_t3033,1971,Short,2026-03-02T00:00:00-05:00,110.809453,2026-03-02T01:00:00-05:00,111.060453,stop,-0.251000,-25100.00
audjpy_hourly_st_pmc_sl25_tp75_3r,audjpy_hourly_st_pmc_sl25_tp75_3r_t3035,1972,Long,2026-03-03T09:00:00-05:00,111.057132,2026-03-03T10:00:00-05:00,110.806132,stop,-0.251000,-25100.00
audjpy_hourly_st_pmc_sl25_tp75_3r,audjpy_hourly_st_pmc_sl25_tp75_3r_t3036,1973,Short,2026-03-03T18:00:00-05:00,111.101787,2026-03-04T00:00:00-05:00,110.351787,target,0.750000,75000.00
audjpy_hourly_st_pmc_sl25_tp75_3r,audjpy_hourly_st_pmc_sl25_tp75_3r_t3037,1974,Short,2026-03-04T15:00:00-05:00,111.101787,2026-03-05T08:00:00-05:00,110.351787,target,0.750000,75000.00
audjpy_hourly_st_pmc_sl25_tp75_3r,audjpy_hourly_st_pmc_sl25_tp75_3r_t3038,1975,Short,2026-03-06T06:00:00-05:00,111.039253,2026-03-06T13:00:00-05:00,110.289253,target,0.750000,75000.00
audjpy_hourly_st_pmc_sl25_tp75_3r,audjpy_hourly_st_pmc_sl25_tp75_3r_t3043,1976,Long,2026-03-12T13:00:00-04:00,113.049868,2026-03-12T14:00:00-04:00,112.798868,stop,-0.251000,-25100.00
audjpy_hourly_st_pmc_sl25_tp75_3r,audjpy_hourly_st_pmc_sl25_tp75_3r_t3044,1977,Long,2026-03-17T03:00:00-04:00,112.323868,2026-03-17T13:00:00-04:00,113.073868,target,0.750000,75000.00
audjpy_hourly_st_pmc_sl25_tp75_3r,audjpy_hourly_st_pmc_sl25_tp75_3r_t3045,1978,Long,2026-03-18T12:00:00-04:00,112.586517,2026-03-18T20:00:00-04:00,112.335517,stop,-0.251000,-25100.00
audjpy_hourly_st_pmc_sl25_tp75_3r,audjpy_hourly_st_pmc_sl25_tp75_3r_t3046,1979,Long,2026-03-20T19:00:00-04:00,111.630191,2026-03-22T21:00:00-04:00,111.379191,stop,-0.251000,-25100.00
audjpy_hourly_st_pmc_sl25_tp75_3r,audjpy_hourly_st_pmc_sl25_tp75_3r_t3048,1980,Short,2026-03-23T11:00:00-04:00,111.355615,2026-03-23T11:00:00-04:00,110.605615,target,0.750000,75000.00
audjpy_hourly_st_pmc_sl25_tp75_3r,audjpy_hourly_st_pmc_sl25_tp75_3r_t3053,1981,Short,2026-03-31T01:00:00-04:00,109.786068,2026-03-31T14:00:00-04:00,109.036068,target,0.750000,75000.00
