ts,realized_points,open_units,close_equity_points,intrabar_stress_points,peak_close_points,close_dd_usd,intrabar_dd_usd
2019-05-05,0.000000,0,0.000000,0.000000,0.000000,0.00,0.00
2019-05-06,0.000000,0,0.000000,0.000000,0.000000,0.00,0.00
2019-05-07,0.000000,0,0.000000,0.000000,0.000000,0.00,0.00
2019-05-08,0.000000,0,0.000000,0.000000,0.000000,0.00,0.00
2019-05-09,0.000000,0,0.000000,0.000000,0.000000,0.00,0.00
2019-05-10,0.000000,0,0.000000,0.000000,0.000000,0.00,0.00
2019-05-12,0.000000,0,0.000000,0.000000,0.000000,0.00,0.00
2019-05-13,0.000000,0,0.000000,0.000000,0.000000,0.00,0.00
2019-05-14,0.000000,0,0.000000,0.000000,0.000000,0.00,0.00
2019-05-15,0.000000,0,0.000000,0.000000,0.000000,0.00,0.00
2019-05-16,0.000000,0,0.000000,0.000000,0.000000,0.00,0.00
2019-05-17,0.000000,0,0.000000,0.000000,0.000000,0.00,0.00
2019-05-19,0.000000,0,0.000000,0.000000,0.000000,0.00,0.00
2019-05-20,0.000000,0,0.000000,0.000000,0.000000,0.00,0.00
2019-05-21,0.000000,0,0.000000,0.000000,0.000000,0.00,0.00
2019-05-22,0.000000,0,0.000000,0.000000,0.000000,0.00,0.00
2019-05-23,0.000000,0,0.000000,0.000000,0.000000,0.00,0.00
2019-05-24,0.000000,0,0.000000,0.000000,0.000000,0.00,0.00
2019-05-26,0.000000,0,0.000000,0.000000,0.000000,0.00,0.00
2019-05-27,0.000000,0,0.000000,0.000000,0.000000,0.00,0.00
2019-05-28,0.000000,0,0.000000,0.000000,0.000000,0.00,0.00
2019-05-29,0.000000,0,0.000000,0.000000,0.000000,0.00,0.00
2019-05-30,0.000000,0,0.000000,0.000000,0.000000,0.00,0.00
2019-05-31,0.000000,0,0.000000,0.000000,0.000000,0.00,0.00
2019-06-02,0.000000,0,0.000000,0.000000,0.000000,0.00,0.00
2019-06-03,0.000000,0,0.000000,0.000000,0.000000,0.00,0.00
2019-06-04,0.000000,0,0.000000,0.000000,0.000000,0.00,0.00
2019-06-05,0.000000,0,0.000000,0.000000,0.000000,0.00,0.00
2019-06-06,0.000000,0,0.000000,0.000000,0.000000,0.00,0.00
2019-06-07,0.000000,0,0.000000,0.000000,0.000000,0.00,0.00
2019-06-09,0.000000,0,0.000000,0.000000,0.000000,0.00,0.00
2019-06-10,0.000000,0,0.000000,0.000000,0.000000,0.00,0.00
2019-06-11,0.000000,0,0.000000,0.000000,0.000000,0.00,0.00
2019-06-12,0.000000,0,0.000000,0.000000,0.000000,0.00,0.00
2019-06-13,0.000000,0,0.000000,0.000000,0.000000,0.00,0.00
2019-06-14,0.000000,0,0.000000,0.000000,0.000000,0.00,0.00
2019-06-16,0.000000,0,0.000000,0.000000,0.000000,0.00,0.00
2019-06-17,0.000000,0,0.000000,0.000000,0.000000,0.00,0.00
2019-06-18,0.000000,0,0.000000,0.000000,0.000000,0.00,0.00
2019-06-19,0.000000,0,0.000000,0.000000,0.000000,0.00,0.00
2019-06-20,0.000000,0,0.000000,0.000000,0.000000,0.00,0.00
2019-06-21,0.000000,0,0.000000,0.000000,0.000000,0.00,0.00
2019-06-23,0.000000,0,0.000000,0.000000,0.000000,0.00,0.00
2019-06-24,0.000000,0,0.000000,0.000000,0.000000,0.00,0.00
2019-06-25,0.000000,0,0.000000,0.000000,0.000000,0.00,0.00
2019-06-26,0.000000,0,0.000000,0.000000,0.000000,0.00,0.00
2019-06-27,0.000000,0,0.000000,0.000000,0.000000,0.00,0.00
2019-06-28,0.000000,0,0.000000,0.000000,0.000000,0.00,0.00
2019-06-30,0.000000,0,0.000000,0.000000,0.000000,0.00,0.00
2019-07-01,0.000000,0,0.000000,0.000000,0.000000,0.00,0.00
2019-07-02,0.000000,0,0.000000,0.000000,0.000000,0.00,0.00
2019-07-03,0.000000,0,0.000000,0.000000,0.000000,0.00,0.00
2019-07-04,0.000000,0,0.000000,0.000000,0.000000,0.00,0.00
2019-07-05,0.000000,0,0.000000,0.000000,0.000000,0.00,0.00
2019-07-07,0.000000,0,0.000000,0.000000,0.000000,0.00,0.00
2019-07-08,0.000000,0,0.000000,0.000000,0.000000,0.00,0.00
2019-07-09,0.000000,0,0.000000,0.000000,0.000000,0.00,0.00
2019-07-10,0.000000,0,0.000000,0.000000,0.000000,0.00,0.00
2019-07-11,0.000000,0,0.000000,0.000000,0.000000,0.00,0.00
2019-07-12,0.000000,0,0.000000,0.000000,0.000000,0.00,0.00
2019-07-14,0.000000,0,0.000000,0.000000,0.000000,0.00,0.00
2019-07-15,0.000000,0,0.000000,0.000000,0.000000,0.00,0.00
2019-07-16,0.000000,0,0.000000,0.000000,0.000000,0.00,0.00
2019-07-17,0.000000,0,0.000000,0.000000,0.000000,0.00,0.00
2019-07-18,0.000000,0,0.000000,0.000000,0.000000,0.00,0.00
2019-07-19,0.000000,0,0.000000,0.000000,0.000000,0.00,0.00
2019-07-21,0.000000,0,0.000000,0.000000,0.000000,0.00,0.00
2019-07-22,0.000000,0,0.000000,0.000000,0.000000,0.00,0.00
2019-07-23,0.000000,0,0.000000,0.000000,0.000000,0.00,0.00
2019-07-24,0.000000,0,0.000000,0.000000,0.000000,0.00,0.00
2019-07-25,0.000000,0,0.000000,0.000000,0.000000,0.00,0.00
2019-07-26,0.000000,0,0.000000,0.000000,0.000000,0.00,0.00
2019-07-28,0.000000,0,0.000000,0.000000,0.000000,0.00,0.00
2019-07-29,0.000000,0,0.000000,0.000000,0.000000,0.00,0.00
2019-07-30,0.000000,0,0.000000,0.000000,0.000000,0.00,0.00
2019-07-31,0.000000,0,0.000000,0.000000,0.000000,0.00,0.00
2019-08-01,0.000000,0,0.000000,0.000000,0.000000,0.00,0.00
2019-08-02,0.000000,0,0.000000,0.000000,0.000000,0.00,0.00
2019-08-04,0.000000,0,0.000000,0.000000,0.000000,0.00,0.00
2019-08-05,0.000000,0,0.000000,0.000000,0.000000,0.00,0.00
2019-08-06,0.000000,0,0.000000,0.000000,0.000000,0.00,0.00
2019-08-07,0.000000,0,0.000000,0.000000,0.000000,0.00,0.00
2019-08-08,0.000000,0,0.000000,0.000000,0.000000,0.00,0.00
2019-08-09,0.000000,0,0.000000,0.000000,0.000000,0.00,0.00
2019-08-11,0.000000,0,0.000000,0.000000,0.000000,0.00,0.00
2019-08-12,0.000000,0,0.000000,0.000000,0.000000,0.00,0.00
2019-08-13,0.000000,0,0.000000,0.000000,0.000000,0.00,0.00
2019-08-14,0.000000,0,0.000000,0.000000,0.000000,0.00,0.00
2019-08-15,0.000000,0,0.000000,0.000000,0.000000,0.00,0.00
2019-08-16,0.000000,0,0.000000,0.000000,0.000000,0.00,0.00
2019-08-18,0.000000,0,0.000000,0.000000,0.000000,0.00,0.00
2019-08-19,0.000000,0,0.000000,0.000000,0.000000,0.00,0.00
2019-08-20,0.000000,0,0.000000,0.000000,0.000000,0.00,0.00
2019-08-21,0.000000,0,0.000000,0.000000,0.000000,0.00,0.00
2019-08-22,0.000000,0,0.000000,0.000000,0.000000,0.00,0.00
2019-08-23,0.000000,0,0.000000,0.000000,0.000000,0.00,0.00
2019-08-25,0.000000,0,0.000000,0.000000,0.000000,0.00,0.00
2019-08-26,0.000000,0,0.000000,0.000000,0.000000,0.00,0.00
2019-08-27,0.000000,0,0.000000,0.000000,0.000000,0.00,0.00
2019-08-28,0.000000,0,0.000000,0.000000,0.000000,0.00,0.00
2019-08-29,0.000000,0,0.000000,0.000000,0.000000,0.00,0.00
2019-08-30,0.000000,0,0.000000,0.000000,0.000000,0.00,0.00
2019-09-01,0.000000,0,0.000000,0.000000,0.000000,0.00,0.00
2019-09-02,0.000000,0,0.000000,0.000000,0.000000,0.00,0.00
2019-09-03,0.000000,0,0.000000,0.000000,0.000000,0.00,0.00
2019-09-04,0.000000,0,0.000000,0.000000,0.000000,0.00,0.00
2019-09-05,0.000000,0,0.000000,0.000000,0.000000,0.00,0.00
2019-09-06,0.000000,0,0.000000,0.000000,0.000000,0.00,0.00
2019-09-08,0.000000,0,0.000000,0.000000,0.000000,0.00,0.00
2019-09-09,0.000000,0,0.000000,0.000000,0.000000,0.00,0.00
2019-09-10,0.000000,0,0.000000,0.000000,0.000000,0.00,0.00
2019-09-11,0.000000,0,0.000000,0.000000,0.000000,0.00,0.00
2019-09-12,0.000000,0,0.000000,0.000000,0.000000,0.00,0.00
2019-09-13,0.000000,0,0.000000,0.000000,0.000000,0.00,0.00
2019-09-15,0.000000,0,0.000000,0.000000,0.000000,0.00,0.00
2019-09-16,0.000000,0,0.000000,0.000000,0.000000,0.00,0.00
2019-09-17,0.000000,0,0.000000,0.000000,0.000000,0.00,0.00
2019-09-18,0.000000,0,0.000000,0.000000,0.000000,0.00,0.00
2019-09-19,0.000000,0,0.000000,0.000000,0.000000,0.00,0.00
2019-09-20,0.000000,0,0.000000,0.000000,0.000000,0.00,0.00
2019-09-22,0.000000,0,0.000000,0.000000,0.000000,0.00,0.00
2019-09-23,0.000000,0,0.000000,0.000000,0.000000,0.00,0.00
2019-09-24,0.000000,0,0.000000,0.000000,0.000000,0.00,0.00
2019-09-25,0.000000,0,0.000000,0.000000,0.000000,0.00,0.00
2019-09-26,0.000000,0,0.000000,0.000000,0.000000,0.00,0.00
2019-09-27,0.000000,0,0.000000,0.000000,0.000000,0.00,0.00
2019-09-29,0.000000,0,0.000000,0.000000,0.000000,0.00,0.00
2019-09-30,0.000000,0,0.000000,0.000000,0.000000,0.00,0.00
2019-10-01,0.000000,0,0.000000,0.000000,0.000000,0.00,0.00
2019-10-02,0.000000,0,0.000000,0.000000,0.000000,0.00,0.00
2019-10-03,0.000000,0,0.000000,0.000000,0.000000,0.00,0.00
2019-10-04,0.000000,0,0.000000,0.000000,0.000000,0.00,0.00
2019-10-06,0.000000,0,0.000000,0.000000,0.000000,0.00,0.00
2019-10-07,0.000000,0,0.000000,0.000000,0.000000,0.00,0.00
2019-10-08,0.000000,0,0.000000,0.000000,0.000000,0.00,0.00
2019-10-09,0.000000,0,0.000000,0.000000,0.000000,0.00,0.00
2019-10-10,0.000000,0,0.000000,0.000000,0.000000,0.00,0.00
2019-10-11,0.000000,0,0.000000,0.000000,0.000000,0.00,0.00
2019-10-13,0.000000,0,0.000000,0.000000,0.000000,0.00,0.00
2019-10-14,0.000000,0,0.000000,0.000000,0.000000,0.00,0.00
2019-10-15,0.000000,0,0.000000,0.000000,0.000000,0.00,0.00
2019-10-16,0.000000,0,0.000000,0.000000,0.000000,0.00,0.00
2019-10-17,0.000000,0,0.000000,0.000000,0.000000,0.00,0.00
2019-10-18,0.000000,0,0.000000,0.000000,0.000000,0.00,0.00
2019-10-20,0.000000,0,0.000000,0.000000,0.000000,0.00,0.00
2019-10-21,0.000000,0,0.000000,0.000000,0.000000,0.00,0.00
2019-10-22,0.000000,0,0.000000,0.000000,0.000000,0.00,0.00
2019-10-23,0.000000,0,0.000000,0.000000,0.000000,0.00,0.00
2019-10-24,0.000000,0,0.000000,0.000000,0.000000,0.00,0.00
2019-10-25,0.000000,0,0.000000,0.000000,0.000000,0.00,0.00
2019-10-27,0.000000,0,0.000000,0.000000,0.000000,0.00,0.00
2019-10-28,0.000000,0,0.000000,0.000000,0.000000,0.00,0.00
2019-10-29,0.000000,0,0.000000,0.000000,0.000000,0.00,0.00
2019-10-30,0.000000,0,0.000000,0.000000,0.000000,0.00,0.00
2019-10-31,0.000000,0,0.000000,0.000000,0.000000,0.00,0.00
2019-11-01,0.000000,0,0.000000,0.000000,0.000000,0.00,0.00
2019-11-03,0.000000,0,0.000000,0.000000,0.000000,0.00,0.00
2019-11-04,0.000000,0,0.000000,0.000000,0.000000,0.00,0.00
2019-11-05,0.000000,0,0.000000,0.000000,0.000000,0.00,0.00
2019-11-06,0.000000,0,0.000000,0.000000,0.000000,0.00,0.00
2019-11-07,0.000000,0,0.000000,0.000000,0.000000,0.00,0.00
2019-11-08,0.000000,0,0.000000,0.000000,0.000000,0.00,0.00
2019-11-10,0.000000,0,0.000000,0.000000,0.000000,0.00,0.00
2019-11-11,0.000000,0,0.000000,0.000000,0.000000,0.00,0.00
2019-11-12,0.000000,0,0.000000,0.000000,0.000000,0.00,0.00
2019-11-13,0.000000,0,0.000000,0.000000,0.000000,0.00,0.00
2019-11-14,0.000000,0,0.000000,0.000000,0.000000,0.00,0.00
2019-11-15,0.000000,0,0.000000,0.000000,0.000000,0.00,0.00
2019-11-17,0.000000,0,0.000000,0.000000,0.000000,0.00,0.00
2019-11-18,0.000000,0,0.000000,0.000000,0.000000,0.00,0.00
2019-11-19,0.000000,0,0.000000,0.000000,0.000000,0.00,0.00
2019-11-20,0.000000,0,0.000000,0.000000,0.000000,0.00,0.00
2019-11-21,0.000000,0,0.000000,0.000000,0.000000,0.00,0.00
2019-11-22,0.000000,0,0.000000,0.000000,0.000000,0.00,0.00
2019-11-24,0.000000,0,0.000000,0.000000,0.000000,0.00,0.00
2019-11-25,0.000000,0,0.000000,0.000000,0.000000,0.00,0.00
2019-11-26,0.000000,0,0.000000,0.000000,0.000000,0.00,0.00
2019-11-27,0.000000,0,0.000000,0.000000,0.000000,0.00,0.00
2019-11-28,0.000000,0,0.000000,0.000000,0.000000,0.00,0.00
2019-11-29,0.000000,0,0.000000,0.000000,0.000000,0.00,0.00
2019-12-01,0.000000,0,0.000000,0.000000,0.000000,0.00,0.00
2019-12-02,0.000000,0,0.000000,0.000000,0.000000,0.00,0.00
2019-12-03,0.000000,0,0.000000,0.000000,0.000000,0.00,0.00
2019-12-04,0.000000,0,0.000000,0.000000,0.000000,0.00,0.00
2019-12-05,0.000000,0,0.000000,0.000000,0.000000,0.00,0.00
2019-12-06,0.000000,0,0.000000,0.000000,0.000000,0.00,0.00
2019-12-08,0.000000,0,0.000000,0.000000,0.000000,0.00,0.00
2019-12-09,0.000000,0,0.000000,0.000000,0.000000,0.00,0.00
2019-12-10,0.000000,0,0.000000,0.000000,0.000000,0.00,0.00
2019-12-11,0.000000,0,0.000000,0.000000,0.000000,0.00,0.00
2019-12-12,0.000000,0,0.000000,0.000000,0.000000,0.00,0.00
2019-12-13,0.000000,0,0.000000,0.000000,0.000000,0.00,0.00
2019-12-15,0.000000,0,0.000000,0.000000,0.000000,0.00,0.00
2019-12-16,0.000000,0,0.000000,0.000000,0.000000,0.00,0.00
2019-12-17,0.000000,0,0.000000,0.000000,0.000000,0.00,0.00
2019-12-18,0.000000,0,0.000000,0.000000,0.000000,0.00,0.00
2019-12-19,0.000000,0,0.000000,0.000000,0.000000,0.00,0.00
2019-12-20,0.000000,0,0.000000,0.000000,0.000000,0.00,0.00
2019-12-22,0.000000,0,0.000000,0.000000,0.000000,0.00,0.00
2019-12-23,0.000000,0,0.000000,0.000000,0.000000,0.00,0.00
2019-12-24,0.000000,0,0.000000,0.000000,0.000000,0.00,0.00
2019-12-25,0.000000,0,0.000000,0.000000,0.000000,0.00,0.00
2019-12-26,0.000000,0,0.000000,0.000000,0.000000,0.00,0.00
2019-12-27,0.000000,0,0.000000,0.000000,0.000000,0.00,0.00
2019-12-29,0.000000,0,0.000000,0.000000,0.000000,0.00,0.00
2019-12-30,0.000000,0,0.000000,0.000000,0.000000,0.00,0.00
2019-12-31,0.000000,0,0.000000,0.000000,0.000000,0.00,0.00
2020-01-01,0.000000,0,0.000000,0.000000,0.000000,0.00,0.00
2020-01-02,0.000000,0,0.000000,0.000000,0.000000,0.00,0.00
2020-01-03,0.000000,0,0.000000,0.000000,0.000000,0.00,0.00
2020-01-05,0.000000,0,0.000000,0.000000,0.000000,0.00,0.00
2020-01-06,0.000000,0,0.000000,0.000000,0.000000,0.00,0.00
2020-01-07,0.000000,0,0.000000,0.000000,0.000000,0.00,0.00
2020-01-08,0.000000,0,0.000000,0.000000,0.000000,0.00,0.00
2020-01-09,0.000000,0,0.000000,0.000000,0.000000,0.00,0.00
2020-01-10,0.000000,0,0.000000,0.000000,0.000000,0.00,0.00
2020-01-12,0.000000,0,0.000000,0.000000,0.000000,0.00,0.00
2020-01-13,0.000000,0,0.000000,0.000000,0.000000,0.00,0.00
2020-01-14,0.000000,0,0.000000,0.000000,0.000000,0.00,0.00
2020-01-15,0.000000,0,0.000000,0.000000,0.000000,0.00,0.00
2020-01-16,0.000000,0,0.000000,0.000000,0.000000,0.00,0.00
2020-01-17,0.000000,0,0.000000,0.000000,0.000000,0.00,0.00
2020-01-19,0.000000,0,0.000000,0.000000,0.000000,0.00,0.00
2020-01-20,0.000000,0,0.000000,0.000000,0.000000,0.00,0.00
2020-01-21,0.000000,0,0.000000,0.000000,0.000000,0.00,0.00
2020-01-22,0.000000,0,0.000000,0.000000,0.000000,0.00,0.00
2020-01-23,0.000000,0,0.000000,0.000000,0.000000,0.00,0.00
2020-01-24,0.000000,0,0.000000,0.000000,0.000000,0.00,0.00
2020-01-26,0.000000,0,0.000000,0.000000,0.000000,0.00,0.00
2020-01-27,0.000000,0,0.000000,0.000000,0.000000,0.00,0.00
2020-01-28,0.000000,0,0.000000,0.000000,0.000000,0.00,0.00
2020-01-29,0.000000,0,0.000000,0.000000,0.000000,0.00,0.00
2020-01-30,0.000000,0,0.000000,0.000000,0.000000,0.00,0.00
2020-01-31,0.000000,0,0.000000,0.000000,0.000000,0.00,0.00
2020-02-02,0.000000,0,0.000000,0.000000,0.000000,0.00,0.00
2020-02-03,0.000000,0,0.000000,0.000000,0.000000,0.00,0.00
2020-02-04,0.000000,0,0.000000,0.000000,0.000000,0.00,0.00
2020-02-05,0.000000,0,0.000000,0.000000,0.000000,0.00,0.00
2020-02-06,0.000000,0,0.000000,0.000000,0.000000,0.00,0.00
2020-02-07,0.000000,0,0.000000,0.000000,0.000000,0.00,0.00
2020-02-09,0.000000,0,0.000000,0.000000,0.000000,0.00,0.00
2020-02-10,0.000000,0,0.000000,0.000000,0.000000,0.00,0.00
2020-02-11,0.000000,0,0.000000,0.000000,0.000000,0.00,0.00
2020-02-12,0.000000,0,0.000000,0.000000,0.000000,0.00,0.00
2020-02-13,0.000000,0,0.000000,0.000000,0.000000,0.00,0.00
2020-02-14,0.000000,0,0.000000,0.000000,0.000000,0.00,0.00
2020-02-16,0.000000,0,0.000000,0.000000,0.000000,0.00,0.00
2020-02-17,0.000000,0,0.000000,0.000000,0.000000,0.00,0.00
2020-02-18,0.000000,0,0.000000,0.000000,0.000000,0.00,0.00
2020-02-19,0.000000,0,0.000000,0.000000,0.000000,0.00,0.00
2020-02-20,0.000000,0,0.000000,0.000000,0.000000,0.00,0.00
2020-02-21,0.000000,0,0.000000,0.000000,0.000000,0.00,0.00
2020-02-23,0.000000,0,0.000000,0.000000,0.000000,0.00,0.00
2020-02-24,0.000000,0,0.000000,0.000000,0.000000,0.00,0.00
2020-02-25,0.000000,0,0.000000,0.000000,0.000000,0.00,0.00
2020-02-26,0.000000,0,0.000000,0.000000,0.000000,0.00,0.00
2020-02-27,0.000000,0,0.000000,0.000000,0.000000,0.00,0.00
2020-03-01,0.000000,0,0.000000,0.000000,0.000000,0.00,0.00
2020-03-02,0.000000,0,0.000000,0.000000,0.000000,0.00,0.00
2020-03-03,0.000000,0,0.000000,0.000000,0.000000,0.00,0.00
2020-03-04,0.000000,0,0.000000,0.000000,0.000000,0.00,0.00
2020-03-05,0.000000,0,0.000000,0.000000,0.000000,0.00,0.00
2020-03-06,0.000000,0,0.000000,0.000000,0.000000,0.00,0.00
2020-03-08,0.000000,0,0.000000,0.000000,0.000000,0.00,0.00
2020-03-09,0.000000,0,0.000000,0.000000,0.000000,0.00,0.00
2020-03-10,0.000000,0,0.000000,0.000000,0.000000,0.00,0.00
2020-03-11,0.000000,0,0.000000,0.000000,0.000000,0.00,0.00
2020-03-12,0.000000,0,0.000000,0.000000,0.000000,0.00,0.00
2020-03-13,0.000000,0,0.000000,0.000000,0.000000,0.00,0.00
2020-03-15,0.000000,0,0.000000,0.000000,0.000000,0.00,0.00
2020-03-16,0.000000,0,0.000000,0.000000,0.000000,0.00,0.00
2020-03-17,0.000000,0,0.000000,0.000000,0.000000,0.00,0.00
2020-03-18,0.000000,0,0.000000,0.000000,0.000000,0.00,0.00
2020-03-19,0.000000,0,0.000000,0.000000,0.000000,0.00,0.00
2020-03-20,0.000000,0,0.000000,0.000000,0.000000,0.00,0.00
2020-03-22,0.000000,0,0.000000,0.000000,0.000000,0.00,0.00
2020-03-23,0.000000,0,0.000000,0.000000,0.000000,0.00,0.00
2020-03-24,0.000000,0,0.000000,0.000000,0.000000,0.00,0.00
2020-03-25,0.000000,0,0.000000,0.000000,0.000000,0.00,0.00
2020-03-26,0.000000,0,0.000000,0.000000,0.000000,0.00,0.00
2020-03-27,0.000000,0,0.000000,0.000000,0.000000,0.00,0.00
2020-03-29,0.000000,0,0.000000,0.000000,0.000000,0.00,0.00
2020-03-30,0.000000,0,0.000000,0.000000,0.000000,0.00,0.00
2020-03-31,0.000000,0,0.000000,0.000000,0.000000,0.00,0.00
2020-04-01,0.000000,0,0.000000,0.000000,0.000000,0.00,0.00
2020-04-02,0.000000,0,0.000000,0.000000,0.000000,0.00,0.00
2020-04-03,0.000000,0,0.000000,0.000000,0.000000,0.00,0.00
2020-04-05,0.000000,0,0.000000,0.000000,0.000000,0.00,0.00
2020-04-06,0.000000,0,0.000000,0.000000,0.000000,0.00,0.00
2020-04-07,0.000000,0,0.000000,0.000000,0.000000,0.00,0.00
2020-04-08,0.000000,0,0.000000,0.000000,0.000000,0.00,0.00
2020-04-09,0.000000,0,0.000000,0.000000,0.000000,0.00,0.00
2020-04-12,0.000000,0,0.000000,0.000000,0.000000,0.00,0.00
2020-04-13,0.000000,0,0.000000,0.000000,0.000000,0.00,0.00
2020-04-14,0.000000,0,0.000000,0.000000,0.000000,0.00,0.00
2020-04-15,0.000000,0,0.000000,0.000000,0.000000,0.00,0.00
2020-04-16,0.000000,0,0.000000,0.000000,0.000000,0.00,0.00
2020-04-17,0.000000,0,0.000000,0.000000,0.000000,0.00,0.00
2020-04-19,0.000000,0,0.000000,0.000000,0.000000,0.00,0.00
2020-04-20,0.000000,0,0.000000,0.000000,0.000000,0.00,0.00
2020-04-21,0.000000,0,0.000000,0.000000,0.000000,0.00,0.00
2020-04-22,0.000000,0,0.000000,0.000000,0.000000,0.00,0.00
2020-04-23,0.000000,0,0.000000,0.000000,0.000000,0.00,0.00
2020-04-24,0.000000,0,0.000000,0.000000,0.000000,0.00,0.00
2020-04-26,0.000000,0,0.000000,0.000000,0.000000,0.00,0.00
2020-04-27,0.000000,0,0.000000,0.000000,0.000000,0.00,0.00
2020-04-28,0.000000,0,0.000000,0.000000,0.000000,0.00,0.00
2020-04-29,0.000000,0,0.000000,0.000000,0.000000,0.00,0.00
2020-04-30,0.000000,0,0.000000,0.000000,0.000000,0.00,0.00
2020-05-01,0.000000,0,0.000000,0.000000,0.000000,0.00,0.00
2020-05-03,0.000000,0,0.000000,0.000000,0.000000,0.00,0.00
2020-05-04,0.000000,0,0.000000,0.000000,0.000000,0.00,0.00
2020-05-05,0.000000,0,0.000000,0.000000,0.000000,0.00,0.00
2020-05-06,0.000000,0,0.000000,0.000000,0.000000,0.00,0.00
2020-05-07,0.000000,0,0.000000,0.000000,0.000000,0.00,0.00
2020-05-08,0.000000,0,0.000000,0.000000,0.000000,0.00,0.00
2020-05-10,0.000000,0,0.000000,0.000000,0.000000,0.00,0.00
2020-05-11,0.000000,0,0.000000,0.000000,0.000000,0.00,0.00
2020-05-12,0.000000,0,0.000000,0.000000,0.000000,0.00,0.00
2020-05-13,0.000000,0,0.000000,0.000000,0.000000,0.00,0.00
2020-05-14,0.000000,0,0.000000,0.000000,0.000000,0.00,0.00
2020-05-15,0.000000,0,0.000000,0.000000,0.000000,0.00,0.00
2020-05-17,0.000000,0,0.000000,0.000000,0.000000,0.00,0.00
2020-05-18,0.000000,0,0.000000,0.000000,0.000000,0.00,0.00
2020-05-19,0.000000,0,0.000000,0.000000,0.000000,0.00,0.00
2020-05-20,0.000000,0,0.000000,0.000000,0.000000,0.00,0.00
2020-05-21,0.000000,0,0.000000,0.000000,0.000000,0.00,0.00
2020-05-22,0.000000,0,0.000000,0.000000,0.000000,0.00,0.00
2020-05-24,0.000000,0,0.000000,0.000000,0.000000,0.00,0.00
2020-05-25,0.000000,0,0.000000,0.000000,0.000000,0.00,0.00
2020-05-26,0.000000,0,0.000000,0.000000,0.000000,0.00,0.00
2020-05-27,0.000000,0,0.000000,0.000000,0.000000,0.00,0.00
2020-05-28,0.000000,0,0.000000,0.000000,0.000000,0.00,0.00
2020-05-29,0.000000,0,0.000000,0.000000,0.000000,0.00,0.00
2020-05-31,0.000000,0,0.000000,0.000000,0.000000,0.00,0.00
2020-06-01,0.000000,0,0.000000,0.000000,0.000000,0.00,0.00
2020-06-02,0.000000,0,0.000000,0.000000,0.000000,0.00,0.00
2020-06-03,0.000000,0,0.000000,0.000000,0.000000,0.00,0.00
2020-06-04,0.000000,0,0.000000,0.000000,0.000000,0.00,0.00
2020-06-05,0.000000,0,0.000000,0.000000,0.000000,0.00,0.00
2020-06-07,0.000000,0,0.000000,0.000000,0.000000,0.00,0.00
2020-06-08,0.000000,0,0.000000,0.000000,0.000000,0.00,0.00
2020-06-09,0.000000,0,0.000000,0.000000,0.000000,0.00,0.00
2020-06-10,0.000000,0,0.000000,0.000000,0.000000,0.00,0.00
2020-06-11,0.000000,0,0.000000,0.000000,0.000000,0.00,0.00
2020-06-12,0.000000,0,0.000000,0.000000,0.000000,0.00,0.00
2020-06-14,0.000000,0,0.000000,0.000000,0.000000,0.00,0.00
2020-06-15,0.000000,0,0.000000,0.000000,0.000000,0.00,0.00
2020-06-16,0.000000,0,0.000000,0.000000,0.000000,0.00,0.00
2020-06-17,0.000000,0,0.000000,0.000000,0.000000,0.00,0.00
2020-06-18,0.000000,0,0.000000,0.000000,0.000000,0.00,0.00
2020-06-19,0.000000,0,0.000000,0.000000,0.000000,0.00,0.00
2020-06-21,0.000000,0,0.000000,0.000000,0.000000,0.00,0.00
2020-06-22,0.000000,0,0.000000,0.000000,0.000000,0.00,0.00
2020-06-23,0.000000,0,0.000000,0.000000,0.000000,0.00,0.00
2020-06-24,0.000000,0,0.000000,0.000000,0.000000,0.00,0.00
2020-06-25,0.000000,0,0.000000,0.000000,0.000000,0.00,0.00
2020-06-26,0.000000,0,0.000000,0.000000,0.000000,0.00,0.00
2020-06-28,0.000000,0,0.000000,0.000000,0.000000,0.00,0.00
2020-06-29,0.000000,0,0.000000,0.000000,0.000000,0.00,0.00
2020-06-30,0.000000,0,0.000000,0.000000,0.000000,0.00,0.00
2020-07-01,0.000000,0,0.000000,0.000000,0.000000,0.00,0.00
2020-07-02,0.000000,0,0.000000,0.000000,0.000000,0.00,0.00
2020-07-03,0.000000,0,0.000000,0.000000,0.000000,0.00,0.00
2020-07-05,0.000000,0,0.000000,0.000000,0.000000,0.00,0.00
2020-07-06,0.000000,0,0.000000,0.000000,0.000000,0.00,0.00
2020-07-07,0.000000,0,0.000000,0.000000,0.000000,0.00,0.00
2020-07-08,0.000000,0,0.000000,0.000000,0.000000,0.00,0.00
2020-07-09,0.000000,0,0.000000,0.000000,0.000000,0.00,0.00
2020-07-10,0.000000,0,0.000000,0.000000,0.000000,0.00,0.00
2020-07-12,0.000000,0,0.000000,0.000000,0.000000,0.00,0.00
2020-07-13,0.000000,0,0.000000,0.000000,0.000000,0.00,0.00
2020-07-14,0.000000,0,0.000000,0.000000,0.000000,0.00,0.00
2020-07-15,0.000000,0,0.000000,0.000000,0.000000,0.00,0.00
2020-07-16,0.000000,0,0.000000,0.000000,0.000000,0.00,0.00
2020-07-17,0.000000,0,0.000000,0.000000,0.000000,0.00,0.00
2020-07-19,0.000000,0,0.000000,0.000000,0.000000,0.00,0.00
2020-07-20,0.000000,0,0.000000,0.000000,0.000000,0.00,0.00
2020-07-21,0.000000,0,0.000000,0.000000,0.000000,0.00,0.00
2020-07-22,0.000000,0,0.000000,0.000000,0.000000,0.00,0.00
2020-07-23,0.000000,0,0.000000,0.000000,0.000000,0.00,0.00
2020-07-24,0.000000,0,0.000000,0.000000,0.000000,0.00,0.00
2020-07-26,0.000000,0,0.000000,0.000000,0.000000,0.00,0.00
2020-07-27,0.000000,0,0.000000,0.000000,0.000000,0.00,0.00
2020-07-28,0.000000,0,0.000000,0.000000,0.000000,0.00,0.00
2020-07-29,0.000000,0,0.000000,0.000000,0.000000,0.00,0.00
2020-07-30,0.000000,0,0.000000,0.000000,0.000000,0.00,0.00
2020-07-31,0.000000,0,0.000000,0.000000,0.000000,0.00,0.00
2020-08-02,0.000000,0,0.000000,0.000000,0.000000,0.00,0.00
2020-08-03,0.000000,0,0.000000,0.000000,0.000000,0.00,0.00
2020-08-04,0.000000,0,0.000000,0.000000,0.000000,0.00,0.00
2020-08-05,0.000000,0,0.000000,0.000000,0.000000,0.00,0.00
2020-08-06,0.000000,0,0.000000,0.000000,0.000000,0.00,0.00
2020-08-07,0.000000,0,0.000000,0.000000,0.000000,0.00,0.00
2020-08-09,0.000000,0,0.000000,0.000000,0.000000,0.00,0.00
2020-08-10,0.000000,0,0.000000,0.000000,0.000000,0.00,0.00
2020-08-11,0.000000,0,0.000000,0.000000,0.000000,0.00,0.00
2020-08-12,0.000000,0,0.000000,0.000000,0.000000,0.00,0.00
2020-08-13,0.000000,0,0.000000,0.000000,0.000000,0.00,0.00
2020-08-14,0.000000,0,0.000000,0.000000,0.000000,0.00,0.00
2020-08-16,0.000000,0,0.000000,0.000000,0.000000,0.00,0.00
2020-08-17,0.000000,0,0.000000,0.000000,0.000000,0.00,0.00
2020-08-18,0.000000,0,0.000000,0.000000,0.000000,0.00,0.00
2020-08-19,0.000000,0,0.000000,0.000000,0.000000,0.00,0.00
2020-08-20,0.000000,0,0.000000,0.000000,0.000000,0.00,0.00
2020-08-21,0.000000,0,0.000000,0.000000,0.000000,0.00,0.00
2020-08-23,0.000000,0,0.000000,0.000000,0.000000,0.00,0.00
2020-08-24,0.000000,0,0.000000,0.000000,0.000000,0.00,0.00
2020-08-25,0.000000,0,0.000000,0.000000,0.000000,0.00,0.00
2020-08-26,0.000000,0,0.000000,0.000000,0.000000,0.00,0.00
2020-08-27,0.000000,0,0.000000,0.000000,0.000000,0.00,0.00
2020-08-28,0.000000,0,0.000000,0.000000,0.000000,0.00,0.00
2020-08-30,0.000000,0,0.000000,0.000000,0.000000,0.00,0.00
2020-08-31,0.000000,0,0.000000,0.000000,0.000000,0.00,0.00
2020-09-01,0.000000,0,0.000000,0.000000,0.000000,0.00,0.00
2020-09-02,0.000000,0,0.000000,0.000000,0.000000,0.00,0.00
2020-09-03,0.000000,0,0.000000,0.000000,0.000000,0.00,0.00
2020-09-04,0.000000,0,0.000000,0.000000,0.000000,0.00,0.00
2020-09-06,0.000000,0,0.000000,0.000000,0.000000,0.00,0.00
2020-09-07,0.000000,0,0.000000,0.000000,0.000000,0.00,0.00
2020-09-08,0.000000,0,0.000000,0.000000,0.000000,0.00,0.00
2020-09-09,0.000000,0,0.000000,0.000000,0.000000,0.00,0.00
2020-09-10,0.000000,0,0.000000,0.000000,0.000000,0.00,0.00
2020-09-11,0.000000,0,0.000000,0.000000,0.000000,0.00,0.00
2020-09-13,0.000000,0,0.000000,0.000000,0.000000,0.00,0.00
2020-09-14,0.000000,0,0.000000,0.000000,0.000000,0.00,0.00
2020-09-15,0.000000,0,0.000000,0.000000,0.000000,0.00,0.00
2020-09-16,0.000000,0,0.000000,0.000000,0.000000,0.00,0.00
2020-09-17,0.000000,0,0.000000,0.000000,0.000000,0.00,0.00
2020-09-18,0.000000,0,0.000000,0.000000,0.000000,0.00,0.00
2020-09-20,0.000000,0,0.000000,0.000000,0.000000,0.00,0.00
2020-09-21,0.000000,0,0.000000,0.000000,0.000000,0.00,0.00
2020-09-22,0.000000,0,0.000000,0.000000,0.000000,0.00,0.00
2020-09-23,0.000000,0,0.000000,0.000000,0.000000,0.00,0.00
2020-09-24,0.000000,0,0.000000,0.000000,0.000000,0.00,0.00
2020-09-25,0.000000,0,0.000000,0.000000,0.000000,0.00,0.00
2020-09-27,0.000000,0,0.000000,0.000000,0.000000,0.00,0.00
2020-09-28,0.000000,0,0.000000,0.000000,0.000000,0.00,0.00
2020-09-29,0.000000,0,0.000000,0.000000,0.000000,0.00,0.00
2020-09-30,0.000000,0,0.000000,0.000000,0.000000,0.00,0.00
2020-10-01,0.000000,0,0.000000,0.000000,0.000000,0.00,0.00
2020-10-02,0.000000,0,0.000000,0.000000,0.000000,0.00,0.00
2020-10-04,0.000000,0,0.000000,0.000000,0.000000,0.00,0.00
2020-10-05,0.000000,0,0.000000,0.000000,0.000000,0.00,0.00
2020-10-06,0.000000,0,0.000000,0.000000,0.000000,0.00,0.00
2020-10-07,0.000000,0,0.000000,0.000000,0.000000,0.00,0.00
2020-10-08,0.000000,0,0.000000,0.000000,0.000000,0.00,0.00
2020-10-09,0.000000,0,0.000000,0.000000,0.000000,0.00,0.00
2020-10-11,0.000000,0,0.000000,0.000000,0.000000,0.00,0.00
2020-10-12,0.000000,0,0.000000,0.000000,0.000000,0.00,0.00
2020-10-13,0.000000,0,0.000000,0.000000,0.000000,0.00,0.00
2020-10-14,0.000000,0,0.000000,0.000000,0.000000,0.00,0.00
2020-10-15,0.000000,0,0.000000,0.000000,0.000000,0.00,0.00
2020-10-16,0.000000,0,0.000000,0.000000,0.000000,0.00,0.00
2020-10-18,0.000000,0,0.000000,0.000000,0.000000,0.00,0.00
2020-10-19,0.000000,0,0.000000,0.000000,0.000000,0.00,0.00
2020-10-20,0.000000,0,0.000000,0.000000,0.000000,0.00,0.00
2020-10-21,0.000000,0,0.000000,0.000000,0.000000,0.00,0.00
2020-10-22,0.000000,0,0.000000,0.000000,0.000000,0.00,0.00
2020-10-23,0.000000,0,0.000000,0.000000,0.000000,0.00,0.00
2020-10-25,0.000000,0,0.000000,0.000000,0.000000,0.00,0.00
2020-10-26,0.000000,0,0.000000,0.000000,0.000000,0.00,0.00
2020-10-27,0.000000,0,0.000000,0.000000,0.000000,0.00,0.00
2020-10-28,0.000000,0,0.000000,0.000000,0.000000,0.00,0.00
2020-10-29,0.000000,0,0.000000,0.000000,0.000000,0.00,0.00
2020-10-30,0.000000,0,0.000000,0.000000,0.000000,0.00,0.00
2020-11-01,0.000000,0,0.000000,0.000000,0.000000,0.00,0.00
2020-11-02,0.000000,0,0.000000,0.000000,0.000000,0.00,0.00
2020-11-03,0.000000,0,0.000000,0.000000,0.000000,0.00,0.00
2020-11-04,0.000000,0,0.000000,0.000000,0.000000,0.00,0.00
2020-11-05,0.000000,0,0.000000,0.000000,0.000000,0.00,0.00
2020-11-06,0.000000,0,0.000000,0.000000,0.000000,0.00,0.00
2020-11-08,0.000000,0,0.000000,0.000000,0.000000,0.00,0.00
2020-11-09,0.000000,0,0.000000,0.000000,0.000000,0.00,0.00
2020-11-10,0.000000,0,0.000000,0.000000,0.000000,0.00,0.00
2020-11-11,0.000000,0,0.000000,0.000000,0.000000,0.00,0.00
2020-11-12,0.000000,0,0.000000,0.000000,0.000000,0.00,0.00
2020-11-13,0.000000,0,0.000000,0.000000,0.000000,0.00,0.00
2020-11-15,0.000000,0,0.000000,0.000000,0.000000,0.00,0.00
2020-11-16,0.000000,0,0.000000,0.000000,0.000000,0.00,0.00
2020-11-17,0.000000,7,903.000000,-637.000000,903.000000,0.00,-770.00
2020-11-18,0.000000,7,-1211.000000,-1680.000000,903.000000,-1057.00,-1291.50
2020-11-19,875.000000,0,875.000000,875.000000,903.000000,-14.00,-14.00
2020-11-20,875.000000,0,875.000000,875.000000,903.000000,-14.00,-14.00
2020-11-22,875.000000,0,875.000000,875.000000,903.000000,-14.00,-14.00
2020-11-23,875.000000,0,875.000000,875.000000,903.000000,-14.00,-14.00
2020-11-24,875.000000,0,875.000000,875.000000,903.000000,-14.00,-14.00
2020-11-25,875.000000,0,875.000000,875.000000,903.000000,-14.00,-14.00
2020-11-26,875.000000,0,875.000000,875.000000,903.000000,-14.00,-14.00
2020-11-27,875.000000,0,875.000000,875.000000,903.000000,-14.00,-14.00
2020-11-29,875.000000,0,875.000000,875.000000,903.000000,-14.00,-14.00
2020-11-30,875.000000,7,3136.000000,84.000000,3136.000000,0.00,-1526.00
2020-12-01,875.000000,7,1925.000000,1323.000000,3136.000000,-605.50,-906.50
2020-12-02,875.000000,7,2891.000000,1211.000000,3136.000000,-122.50,-962.50
2020-12-03,875.000000,7,4004.000000,2373.000000,4004.000000,0.00,-815.50
2020-12-04,875.000000,7,5124.000000,3885.000000,5124.000000,0.00,-619.50
2020-12-06,875.000000,7,5061.000000,4809.000000,5124.000000,-31.50,-157.50
2020-12-07,875.000000,7,4025.000000,3724.000000,5124.000000,-549.50,-700.00
2020-12-08,875.000000,7,5971.000000,3052.000000,5971.000000,0.00,-1459.50
2020-12-09,875.000000,7,4718.000000,3717.000000,5971.000000,-626.50,-1127.00
2020-12-10,875.000000,7,4130.000000,3157.000000,5971.000000,-920.50,-1407.00
2020-12-11,875.000000,7,3752.000000,1449.000000,5971.000000,-1109.50,-2261.00
2020-12-13,875.000000,7,4935.000000,4165.000000,5971.000000,-518.00,-903.00
2020-12-14,875.000000,7,2590.000000,2443.000000,5971.000000,-1690.50,-1764.00
2020-12-15,875.000000,7,4704.000000,2345.000000,5971.000000,-633.50,-1813.00
2020-12-16,875.000000,7,5117.000000,4032.000000,5971.000000,-427.00,-969.50
2020-12-17,875.000000,7,4872.000000,4823.000000,5971.000000,-549.50,-574.00
2020-12-18,875.000000,7,6027.000000,3563.000000,6027.000000,0.00,-1232.00
2020-12-20,875.000000,7,4963.000000,4627.000000,6027.000000,-532.00,-700.00
2020-12-21,875.000000,7,4032.000000,-686.000000,6027.000000,-997.50,-3356.50
2020-12-22,875.000000,7,3234.000000,2233.000000,6027.000000,-1396.50,-1897.00
2020-12-23,875.000000,7,4746.000000,2905.000000,6027.000000,-640.50,-1561.00
2020-12-24,875.000000,7,4760.000000,4074.000000,6027.000000,-633.50,-976.50
2020-12-27,875.000000,7,5747.000000,3850.000000,6027.000000,-140.00,-1088.50
2020-12-28,875.000000,7,7252.000000,5551.000000,7252.000000,0.00,-850.50
2020-12-29,875.000000,7,6258.000000,5250.000000,7252.000000,-497.00,-1001.00
2020-12-30,875.000000,7,6244.000000,5950.000000,7252.000000,-504.00,-651.00
2020-12-31,875.000000,7,7511.000000,5684.000000,7511.000000,0.00,-913.50
2021-01-03,875.000000,7,7553.000000,6993.000000,7553.000000,0.00,-280.00
2021-01-04,7420.000000,0,7420.000000,7420.000000,7553.000000,-66.50,-66.50
2021-01-05,7420.000000,0,7420.000000,7420.000000,7553.000000,-66.50,-66.50
2021-01-06,7420.000000,0,7420.000000,7420.000000,7553.000000,-66.50,-66.50
2021-01-07,7420.000000,0,7420.000000,7420.000000,7553.000000,-66.50,-66.50
2021-01-08,7420.000000,0,7420.000000,7420.000000,7553.000000,-66.50,-66.50
2021-01-10,7420.000000,0,7420.000000,7420.000000,7553.000000,-66.50,-66.50
2021-01-11,7420.000000,0,7420.000000,7420.000000,7553.000000,-66.50,-66.50
2021-01-12,7420.000000,0,7420.000000,7420.000000,7553.000000,-66.50,-66.50
2021-01-13,7420.000000,0,7420.000000,7420.000000,7553.000000,-66.50,-66.50
2021-01-14,7420.000000,0,7420.000000,7420.000000,7553.000000,-66.50,-66.50
2021-01-15,7420.000000,0,7420.000000,7420.000000,7553.000000,-66.50,-66.50
2021-01-17,7420.000000,0,7420.000000,7420.000000,7553.000000,-66.50,-66.50
2021-01-18,7420.000000,0,7420.000000,7420.000000,7553.000000,-66.50,-66.50
2021-01-19,7420.000000,0,7420.000000,7420.000000,7553.000000,-66.50,-66.50
2021-01-20,7420.000000,0,7420.000000,7420.000000,7553.000000,-66.50,-66.50
2021-01-21,7420.000000,0,7420.000000,7420.000000,7553.000000,-66.50,-66.50
2021-01-22,7420.000000,0,7420.000000,7420.000000,7553.000000,-66.50,-66.50
2021-01-24,7420.000000,0,7420.000000,7420.000000,7553.000000,-66.50,-66.50
2021-01-25,7420.000000,0,7420.000000,7420.000000,7553.000000,-66.50,-66.50
2021-01-26,7420.000000,0,7420.000000,7420.000000,7553.000000,-66.50,-66.50
2021-01-27,7420.000000,0,7420.000000,7420.000000,7553.000000,-66.50,-66.50
2021-01-28,7420.000000,0,7420.000000,7420.000000,7553.000000,-66.50,-66.50
2021-01-29,7420.000000,0,7420.000000,7420.000000,7553.000000,-66.50,-66.50
2021-01-31,7420.000000,0,7420.000000,7420.000000,7553.000000,-66.50,-66.50
2021-02-01,7420.000000,0,7420.000000,7420.000000,7553.000000,-66.50,-66.50
2021-02-02,7420.000000,0,7420.000000,7420.000000,7553.000000,-66.50,-66.50
2021-02-03,7420.000000,0,7420.000000,7420.000000,7553.000000,-66.50,-66.50
2021-02-04,7420.000000,0,7420.000000,7420.000000,7553.000000,-66.50,-66.50
2021-02-05,7420.000000,0,7420.000000,7420.000000,7553.000000,-66.50,-66.50
2021-02-07,7420.000000,0,7420.000000,7420.000000,7553.000000,-66.50,-66.50
2021-02-08,7420.000000,0,7420.000000,7420.000000,7553.000000,-66.50,-66.50
2021-02-09,7420.000000,0,7420.000000,7420.000000,7553.000000,-66.50,-66.50
2021-02-10,7420.000000,0,7420.000000,7420.000000,7553.000000,-66.50,-66.50
2021-02-11,7420.000000,0,7420.000000,7420.000000,7553.000000,-66.50,-66.50
2021-02-12,7420.000000,0,7420.000000,7420.000000,7553.000000,-66.50,-66.50
2021-02-14,7420.000000,0,7420.000000,7420.000000,7553.000000,-66.50,-66.50
2021-02-15,7420.000000,0,7420.000000,7420.000000,7553.000000,-66.50,-66.50
2021-02-16,7420.000000,0,7420.000000,7420.000000,7553.000000,-66.50,-66.50
2021-02-17,7420.000000,0,7420.000000,7420.000000,7553.000000,-66.50,-66.50
2021-02-18,7420.000000,0,7420.000000,7420.000000,7553.000000,-66.50,-66.50
2021-02-19,7420.000000,0,7420.000000,7420.000000,7553.000000,-66.50,-66.50
2021-02-21,7420.000000,0,7420.000000,7420.000000,7553.000000,-66.50,-66.50
2021-02-22,7420.000000,0,7420.000000,7420.000000,7553.000000,-66.50,-66.50
2021-02-23,7420.000000,0,7420.000000,7420.000000,7553.000000,-66.50,-66.50
2021-02-24,7420.000000,0,7420.000000,7420.000000,7553.000000,-66.50,-66.50
2021-02-25,7420.000000,0,7420.000000,7420.000000,7553.000000,-66.50,-66.50
2021-02-26,7420.000000,0,7420.000000,7420.000000,7553.000000,-66.50,-66.50
2021-02-28,7420.000000,0,7420.000000,7420.000000,7553.000000,-66.50,-66.50
2021-03-01,7420.000000,0,7420.000000,7420.000000,7553.000000,-66.50,-66.50
2021-03-02,7420.000000,0,7420.000000,7420.000000,7553.000000,-66.50,-66.50
2021-03-03,7420.000000,0,7420.000000,7420.000000,7553.000000,-66.50,-66.50
2021-03-04,7420.000000,0,7420.000000,7420.000000,7553.000000,-66.50,-66.50
2021-03-05,7420.000000,0,7420.000000,7420.000000,7553.000000,-66.50,-66.50
2021-03-07,7420.000000,0,7420.000000,7420.000000,7553.000000,-66.50,-66.50
2021-03-08,7420.000000,0,7420.000000,7420.000000,7553.000000,-66.50,-66.50
2021-03-09,7420.000000,0,7420.000000,7420.000000,7553.000000,-66.50,-66.50
2021-03-10,7420.000000,0,7420.000000,7420.000000,7553.000000,-66.50,-66.50
2021-03-11,7420.000000,0,7420.000000,7420.000000,7553.000000,-66.50,-66.50
2021-03-12,7420.000000,0,7420.000000,7420.000000,7553.000000,-66.50,-66.50
2021-03-14,7420.000000,0,7420.000000,7420.000000,7553.000000,-66.50,-66.50
2021-03-15,7420.000000,0,7420.000000,7420.000000,7553.000000,-66.50,-66.50
2021-03-16,7420.000000,0,7420.000000,7420.000000,7553.000000,-66.50,-66.50
2021-03-17,7420.000000,0,7420.000000,7420.000000,7553.000000,-66.50,-66.50
2021-03-18,7420.000000,0,7420.000000,7420.000000,7553.000000,-66.50,-66.50
2021-03-19,7420.000000,0,7420.000000,7420.000000,7553.000000,-66.50,-66.50
2021-03-21,7420.000000,0,7420.000000,7420.000000,7553.000000,-66.50,-66.50
2021-03-22,7420.000000,0,7420.000000,7420.000000,7553.000000,-66.50,-66.50
2021-03-23,7420.000000,0,7420.000000,7420.000000,7553.000000,-66.50,-66.50
2021-03-24,7420.000000,0,7420.000000,7420.000000,7553.000000,-66.50,-66.50
2021-03-25,7420.000000,0,7420.000000,7420.000000,7553.000000,-66.50,-66.50
2021-03-26,7420.000000,0,7420.000000,7420.000000,7553.000000,-66.50,-66.50
2021-03-28,7420.000000,0,7420.000000,7420.000000,7553.000000,-66.50,-66.50
2021-03-29,7420.000000,0,7420.000000,7420.000000,7553.000000,-66.50,-66.50
2021-03-30,7420.000000,0,7420.000000,7420.000000,7553.000000,-66.50,-66.50
2021-03-31,7420.000000,0,7420.000000,7420.000000,7553.000000,-66.50,-66.50
2021-04-01,7420.000000,0,7420.000000,7420.000000,7553.000000,-66.50,-66.50
2021-04-02,7420.000000,0,7420.000000,7420.000000,7553.000000,-66.50,-66.50
2021-04-04,7420.000000,0,7420.000000,7420.000000,7553.000000,-66.50,-66.50
2021-04-05,7420.000000,0,7420.000000,7420.000000,7553.000000,-66.50,-66.50
2021-04-06,7420.000000,0,7420.000000,7420.000000,7553.000000,-66.50,-66.50
2021-04-07,7420.000000,0,7420.000000,7420.000000,7553.000000,-66.50,-66.50
2021-04-08,7420.000000,0,7420.000000,7420.000000,7553.000000,-66.50,-66.50
2021-04-09,7420.000000,0,7420.000000,7420.000000,7553.000000,-66.50,-66.50
2021-04-11,7420.000000,0,7420.000000,7420.000000,7553.000000,-66.50,-66.50
2021-04-12,7420.000000,0,7420.000000,7420.000000,7553.000000,-66.50,-66.50
2021-04-13,7420.000000,0,7420.000000,7420.000000,7553.000000,-66.50,-66.50
2021-04-14,7420.000000,0,7420.000000,7420.000000,7553.000000,-66.50,-66.50
2021-04-15,7420.000000,0,7420.000000,7420.000000,7553.000000,-66.50,-66.50
2021-04-16,7420.000000,0,7420.000000,7420.000000,7553.000000,-66.50,-66.50
2021-04-18,7420.000000,0,7420.000000,7420.000000,7553.000000,-66.50,-66.50
2021-04-19,7420.000000,0,7420.000000,7420.000000,7553.000000,-66.50,-66.50
2021-04-20,7420.000000,0,7420.000000,7420.000000,7553.000000,-66.50,-66.50
2021-04-21,7420.000000,0,7420.000000,7420.000000,7553.000000,-66.50,-66.50
2021-04-22,7420.000000,0,7420.000000,7420.000000,7553.000000,-66.50,-66.50
2021-04-23,7420.000000,0,7420.000000,7420.000000,7553.000000,-66.50,-66.50
2021-04-25,7420.000000,0,7420.000000,7420.000000,7553.000000,-66.50,-66.50
2021-04-26,7420.000000,0,7420.000000,7420.000000,7553.000000,-66.50,-66.50
2021-04-27,7420.000000,0,7420.000000,7420.000000,7553.000000,-66.50,-66.50
2021-04-28,7420.000000,0,7420.000000,7420.000000,7553.000000,-66.50,-66.50
2021-04-29,7420.000000,0,7420.000000,7420.000000,7553.000000,-66.50,-66.50
2021-04-30,7420.000000,0,7420.000000,7420.000000,7553.000000,-66.50,-66.50
2021-05-02,7420.000000,0,7420.000000,7420.000000,7553.000000,-66.50,-66.50
2021-05-03,7420.000000,0,7420.000000,7420.000000,7553.000000,-66.50,-66.50
2021-05-04,7420.000000,0,7420.000000,7420.000000,7553.000000,-66.50,-66.50
2021-05-05,7420.000000,0,7420.000000,7420.000000,7553.000000,-66.50,-66.50
2021-05-06,7420.000000,0,7420.000000,7420.000000,7553.000000,-66.50,-66.50
2021-05-07,7420.000000,0,7420.000000,7420.000000,7553.000000,-66.50,-66.50
2021-05-09,7420.000000,0,7420.000000,7420.000000,7553.000000,-66.50,-66.50
2021-05-10,7420.000000,0,7420.000000,7420.000000,7553.000000,-66.50,-66.50
2021-05-11,7420.000000,0,7420.000000,7420.000000,7553.000000,-66.50,-66.50
2021-05-12,7420.000000,0,7420.000000,7420.000000,7553.000000,-66.50,-66.50
2021-05-13,7420.000000,0,7420.000000,7420.000000,7553.000000,-66.50,-66.50
2021-05-14,7420.000000,0,7420.000000,7420.000000,7553.000000,-66.50,-66.50
2021-05-16,7420.000000,0,7420.000000,7420.000000,7553.000000,-66.50,-66.50
2021-05-17,7420.000000,0,7420.000000,7420.000000,7553.000000,-66.50,-66.50
2021-05-18,7420.000000,0,7420.000000,7420.000000,7553.000000,-66.50,-66.50
2021-05-19,7420.000000,0,7420.000000,7420.000000,7553.000000,-66.50,-66.50
2021-05-20,7420.000000,0,7420.000000,7420.000000,7553.000000,-66.50,-66.50
2021-05-21,7420.000000,0,7420.000000,7420.000000,7553.000000,-66.50,-66.50
2021-05-23,7420.000000,0,7420.000000,7420.000000,7553.000000,-66.50,-66.50
2021-05-24,7420.000000,0,7420.000000,7420.000000,7553.000000,-66.50,-66.50
2021-05-25,7420.000000,0,7420.000000,7420.000000,7553.000000,-66.50,-66.50
2021-05-26,7420.000000,0,7420.000000,7420.000000,7553.000000,-66.50,-66.50
2021-05-27,7420.000000,0,7420.000000,7420.000000,7553.000000,-66.50,-66.50
2021-05-28,7420.000000,0,7420.000000,7420.000000,7553.000000,-66.50,-66.50
2021-05-30,7420.000000,0,7420.000000,7420.000000,7553.000000,-66.50,-66.50
2021-05-31,7420.000000,0,7420.000000,7420.000000,7553.000000,-66.50,-66.50
2021-06-01,7420.000000,0,7420.000000,7420.000000,7553.000000,-66.50,-66.50
2021-06-02,7420.000000,0,7420.000000,7420.000000,7553.000000,-66.50,-66.50
2021-06-03,7420.000000,0,7420.000000,7420.000000,7553.000000,-66.50,-66.50
2021-06-04,7420.000000,0,7420.000000,7420.000000,7553.000000,-66.50,-66.50
2021-06-06,7420.000000,0,7420.000000,7420.000000,7553.000000,-66.50,-66.50
2021-06-07,7420.000000,0,7420.000000,7420.000000,7553.000000,-66.50,-66.50
2021-06-08,7420.000000,0,7420.000000,7420.000000,7553.000000,-66.50,-66.50
2021-06-09,7420.000000,0,7420.000000,7420.000000,7553.000000,-66.50,-66.50
2021-06-10,7420.000000,0,7420.000000,7420.000000,7553.000000,-66.50,-66.50
2021-06-11,7420.000000,0,7420.000000,7420.000000,7553.000000,-66.50,-66.50
2021-06-13,7420.000000,0,7420.000000,7420.000000,7553.000000,-66.50,-66.50
2021-06-14,7420.000000,0,7420.000000,7420.000000,7553.000000,-66.50,-66.50
2021-06-15,7420.000000,0,7420.000000,7420.000000,7553.000000,-66.50,-66.50
2021-06-16,7420.000000,0,7420.000000,7420.000000,7553.000000,-66.50,-66.50
2021-06-17,7420.000000,0,7420.000000,7420.000000,7553.000000,-66.50,-66.50
2021-06-18,7420.000000,7,6930.000000,6930.000000,7553.000000,-311.50,-311.50
2021-06-20,11564.000000,0,11564.000000,11564.000000,11564.000000,0.00,0.00
2021-06-21,11564.000000,0,11564.000000,11564.000000,11564.000000,0.00,0.00
2021-06-22,11564.000000,0,11564.000000,11564.000000,11564.000000,0.00,0.00
2021-06-23,11564.000000,0,11564.000000,11564.000000,11564.000000,0.00,0.00
2021-06-24,11564.000000,0,11564.000000,11564.000000,11564.000000,0.00,0.00
2021-06-25,11564.000000,0,11564.000000,11564.000000,11564.000000,0.00,0.00
2021-06-27,11564.000000,0,11564.000000,11564.000000,11564.000000,0.00,0.00
2021-06-28,11564.000000,0,11564.000000,11564.000000,11564.000000,0.00,0.00
2021-06-29,11564.000000,0,11564.000000,11564.000000,11564.000000,0.00,0.00
2021-06-30,11564.000000,0,11564.000000,11564.000000,11564.000000,0.00,0.00
2021-07-01,11564.000000,0,11564.000000,11564.000000,11564.000000,0.00,0.00
2021-07-02,11564.000000,0,11564.000000,11564.000000,11564.000000,0.00,0.00
2021-07-04,11564.000000,0,11564.000000,11564.000000,11564.000000,0.00,0.00
2021-07-05,11564.000000,0,11564.000000,11564.000000,11564.000000,0.00,0.00
2021-07-06,11564.000000,0,11564.000000,11564.000000,11564.000000,0.00,0.00
2021-07-07,11564.000000,0,11564.000000,11564.000000,11564.000000,0.00,0.00
2021-07-08,11564.000000,0,11564.000000,11564.000000,11564.000000,0.00,0.00
2021-07-09,11564.000000,0,11564.000000,11564.000000,11564.000000,0.00,0.00
2021-07-11,11564.000000,0,11564.000000,11564.000000,11564.000000,0.00,0.00
2021-07-12,11564.000000,0,11564.000000,11564.000000,11564.000000,0.00,0.00
2021-07-13,11564.000000,0,11564.000000,11564.000000,11564.000000,0.00,0.00
2021-07-14,11564.000000,0,11564.000000,11564.000000,11564.000000,0.00,0.00
2021-07-15,11564.000000,0,11564.000000,11564.000000,11564.000000,0.00,0.00
2021-07-16,11564.000000,0,11564.000000,11564.000000,11564.000000,0.00,0.00
2021-07-18,11564.000000,0,11564.000000,11564.000000,11564.000000,0.00,0.00
2021-07-19,11564.000000,0,11564.000000,11564.000000,11564.000000,0.00,0.00
2021-07-20,11564.000000,0,11564.000000,11564.000000,11564.000000,0.00,0.00
2021-07-21,11564.000000,0,11564.000000,11564.000000,11564.000000,0.00,0.00
2021-07-22,11564.000000,0,11564.000000,11564.000000,11564.000000,0.00,0.00
2021-07-23,11564.000000,0,11564.000000,11564.000000,11564.000000,0.00,0.00
2021-07-25,11564.000000,0,11564.000000,11564.000000,11564.000000,0.00,0.00
2021-07-26,11564.000000,0,11564.000000,11564.000000,11564.000000,0.00,0.00
2021-07-27,11564.000000,0,11564.000000,11564.000000,11564.000000,0.00,0.00
2021-07-28,11564.000000,0,11564.000000,11564.000000,11564.000000,0.00,0.00
2021-07-29,11564.000000,0,11564.000000,11564.000000,11564.000000,0.00,0.00
2021-07-30,11564.000000,0,11564.000000,11564.000000,11564.000000,0.00,0.00
2021-08-01,11564.000000,0,11564.000000,11564.000000,11564.000000,0.00,0.00
2021-08-02,11564.000000,0,11564.000000,11564.000000,11564.000000,0.00,0.00
2021-08-03,11564.000000,0,11564.000000,11564.000000,11564.000000,0.00,0.00
2021-08-04,11564.000000,0,11564.000000,11564.000000,11564.000000,0.00,0.00
2021-08-05,11564.000000,0,11564.000000,11564.000000,11564.000000,0.00,0.00
2021-08-06,11564.000000,0,11564.000000,11564.000000,11564.000000,0.00,0.00
2021-08-08,11564.000000,0,11564.000000,11564.000000,11564.000000,0.00,0.00
2021-08-09,11564.000000,0,11564.000000,11564.000000,11564.000000,0.00,0.00
2021-08-10,11564.000000,0,11564.000000,11564.000000,11564.000000,0.00,0.00
2021-08-11,11564.000000,0,11564.000000,11564.000000,11564.000000,0.00,0.00
2021-08-12,11564.000000,0,11564.000000,11564.000000,11564.000000,0.00,0.00
2021-08-13,11564.000000,0,11564.000000,11564.000000,11564.000000,0.00,0.00
2021-08-15,11564.000000,0,11564.000000,11564.000000,11564.000000,0.00,0.00
2021-08-16,11564.000000,0,11564.000000,11564.000000,11564.000000,0.00,0.00
2021-08-17,11564.000000,0,11564.000000,11564.000000,11564.000000,0.00,0.00
2021-08-18,11564.000000,0,11564.000000,11564.000000,11564.000000,0.00,0.00
2021-08-19,11564.000000,0,11564.000000,11564.000000,11564.000000,0.00,0.00
2021-08-20,11564.000000,0,11564.000000,11564.000000,11564.000000,0.00,0.00
2021-08-22,11564.000000,0,11564.000000,11564.000000,11564.000000,0.00,0.00
2021-08-23,11564.000000,0,11564.000000,11564.000000,11564.000000,0.00,0.00
2021-08-24,11564.000000,0,11564.000000,11564.000000,11564.000000,0.00,0.00
2021-08-25,11564.000000,0,11564.000000,11564.000000,11564.000000,0.00,0.00
2021-08-26,11564.000000,0,11564.000000,11564.000000,11564.000000,0.00,0.00
2021-08-27,11564.000000,0,11564.000000,11564.000000,11564.000000,0.00,0.00
2021-08-29,11564.000000,0,11564.000000,11564.000000,11564.000000,0.00,0.00
2021-08-30,11564.000000,0,11564.000000,11564.000000,11564.000000,0.00,0.00
2021-08-31,11564.000000,0,11564.000000,11564.000000,11564.000000,0.00,0.00
2021-09-01,11564.000000,0,11564.000000,11564.000000,11564.000000,0.00,0.00
2021-09-02,11564.000000,0,11564.000000,11564.000000,11564.000000,0.00,0.00
2021-09-03,11564.000000,0,11564.000000,11564.000000,11564.000000,0.00,0.00
2021-09-05,11564.000000,0,11564.000000,11564.000000,11564.000000,0.00,0.00
2021-09-06,11564.000000,0,11564.000000,11564.000000,11564.000000,0.00,0.00
2021-09-07,11564.000000,0,11564.000000,11564.000000,11564.000000,0.00,0.00
2021-09-08,11564.000000,0,11564.000000,11564.000000,11564.000000,0.00,0.00
2021-09-09,11564.000000,0,11564.000000,11564.000000,11564.000000,0.00,0.00
2021-09-10,11564.000000,0,11564.000000,11564.000000,11564.000000,0.00,0.00
2021-09-12,11564.000000,0,11564.000000,11564.000000,11564.000000,0.00,0.00
2021-09-13,11564.000000,0,11564.000000,11564.000000,11564.000000,0.00,0.00
2021-09-14,11564.000000,0,11564.000000,11564.000000,11564.000000,0.00,0.00
2021-09-15,11564.000000,0,11564.000000,11564.000000,11564.000000,0.00,0.00
2021-09-16,11564.000000,0,11564.000000,11564.000000,11564.000000,0.00,0.00
2021-09-17,11564.000000,0,11564.000000,11564.000000,11564.000000,0.00,0.00
2021-09-19,11564.000000,0,11564.000000,11564.000000,11564.000000,0.00,0.00
2021-09-20,11564.000000,0,11564.000000,11564.000000,11564.000000,0.00,0.00
2021-09-21,11564.000000,0,11564.000000,11564.000000,11564.000000,0.00,0.00
2021-09-22,11564.000000,0,11564.000000,11564.000000,11564.000000,0.00,0.00
2021-09-23,11564.000000,0,11564.000000,11564.000000,11564.000000,0.00,0.00
2021-09-24,11564.000000,0,11564.000000,11564.000000,11564.000000,0.00,0.00
2021-09-26,11564.000000,0,11564.000000,11564.000000,11564.000000,0.00,0.00
2021-09-27,11564.000000,0,11564.000000,11564.000000,11564.000000,0.00,0.00
2021-09-28,11564.000000,0,11564.000000,11564.000000,11564.000000,0.00,0.00
2021-09-29,11564.000000,0,11564.000000,11564.000000,11564.000000,0.00,0.00
2021-09-30,11564.000000,0,11564.000000,11564.000000,11564.000000,0.00,0.00
2021-10-01,11564.000000,0,11564.000000,11564.000000,11564.000000,0.00,0.00
2021-10-03,11564.000000,0,11564.000000,11564.000000,11564.000000,0.00,0.00
2021-10-04,11564.000000,0,11564.000000,11564.000000,11564.000000,0.00,0.00
2021-10-05,11564.000000,0,11564.000000,11564.000000,11564.000000,0.00,0.00
2021-10-06,11564.000000,0,11564.000000,11564.000000,11564.000000,0.00,0.00
2021-10-07,11564.000000,0,11564.000000,11564.000000,11564.000000,0.00,0.00
2021-10-08,11564.000000,0,11564.000000,11564.000000,11564.000000,0.00,0.00
2021-10-10,11564.000000,0,11564.000000,11564.000000,11564.000000,0.00,0.00
2021-10-11,11564.000000,0,11564.000000,11564.000000,11564.000000,0.00,0.00
2021-10-12,11564.000000,0,11564.000000,11564.000000,11564.000000,0.00,0.00
2021-10-13,11564.000000,0,11564.000000,11564.000000,11564.000000,0.00,0.00
2021-10-14,11564.000000,0,11564.000000,11564.000000,11564.000000,0.00,0.00
2021-10-15,11564.000000,0,11564.000000,11564.000000,11564.000000,0.00,0.00
2021-10-17,11564.000000,0,11564.000000,11564.000000,11564.000000,0.00,0.00
2021-10-18,11564.000000,0,11564.000000,11564.000000,11564.000000,0.00,0.00
2021-10-19,11564.000000,0,11564.000000,11564.000000,11564.000000,0.00,0.00
2021-10-20,11564.000000,0,11564.000000,11564.000000,11564.000000,0.00,0.00
2021-10-21,11564.000000,0,11564.000000,11564.000000,11564.000000,0.00,0.00
2021-10-22,11564.000000,0,11564.000000,11564.000000,11564.000000,0.00,0.00
2021-10-24,11564.000000,0,11564.000000,11564.000000,11564.000000,0.00,0.00
2021-10-25,11564.000000,0,11564.000000,11564.000000,11564.000000,0.00,0.00
2021-10-26,11564.000000,0,11564.000000,11564.000000,11564.000000,0.00,0.00
2021-10-27,11564.000000,0,11564.000000,11564.000000,11564.000000,0.00,0.00
2021-10-28,11564.000000,0,11564.000000,11564.000000,11564.000000,0.00,0.00
2021-10-29,11564.000000,0,11564.000000,11564.000000,11564.000000,0.00,0.00
2021-10-31,11564.000000,0,11564.000000,11564.000000,11564.000000,0.00,0.00
2021-11-01,11564.000000,0,11564.000000,11564.000000,11564.000000,0.00,0.00
2021-11-02,11564.000000,0,11564.000000,11564.000000,11564.000000,0.00,0.00
2021-11-03,11564.000000,0,11564.000000,11564.000000,11564.000000,0.00,0.00
2021-11-04,11564.000000,0,11564.000000,11564.000000,11564.000000,0.00,0.00
2021-11-05,11564.000000,0,11564.000000,11564.000000,11564.000000,0.00,0.00
2021-11-07,11564.000000,0,11564.000000,11564.000000,11564.000000,0.00,0.00
2021-11-08,11564.000000,0,11564.000000,11564.000000,11564.000000,0.00,0.00
2021-11-09,11564.000000,0,11564.000000,11564.000000,11564.000000,0.00,0.00
2021-11-10,11564.000000,0,11564.000000,11564.000000,11564.000000,0.00,0.00
2021-11-11,11564.000000,0,11564.000000,11564.000000,11564.000000,0.00,0.00
2021-11-12,11564.000000,0,11564.000000,11564.000000,11564.000000,0.00,0.00
2021-11-14,11564.000000,0,11564.000000,11564.000000,11564.000000,0.00,0.00
2021-11-15,11564.000000,0,11564.000000,11564.000000,11564.000000,0.00,0.00
2021-11-16,11564.000000,0,11564.000000,11564.000000,11564.000000,0.00,0.00
2021-11-17,11564.000000,0,11564.000000,11564.000000,11564.000000,0.00,0.00
2021-11-18,11564.000000,0,11564.000000,11564.000000,11564.000000,0.00,0.00
2021-11-19,11564.000000,0,11564.000000,11564.000000,11564.000000,0.00,0.00
2021-11-21,11564.000000,0,11564.000000,11564.000000,11564.000000,0.00,0.00
2021-11-22,11564.000000,0,11564.000000,11564.000000,11564.000000,0.00,0.00
2021-11-23,11564.000000,0,11564.000000,11564.000000,11564.000000,0.00,0.00
2021-11-24,11564.000000,0,11564.000000,11564.000000,11564.000000,0.00,0.00
2021-11-25,11564.000000,0,11564.000000,11564.000000,11564.000000,0.00,0.00
2021-11-26,11564.000000,0,11564.000000,11564.000000,11564.000000,0.00,0.00
2021-11-28,11564.000000,0,11564.000000,11564.000000,11564.000000,0.00,0.00
2021-11-29,11564.000000,0,11564.000000,11564.000000,11564.000000,0.00,0.00
2021-11-30,11564.000000,0,11564.000000,11564.000000,11564.000000,0.00,0.00
2021-12-01,11564.000000,0,11564.000000,11564.000000,11564.000000,0.00,0.00
2021-12-02,11564.000000,0,11564.000000,11564.000000,11564.000000,0.00,0.00
2021-12-03,11564.000000,0,11564.000000,11564.000000,11564.000000,0.00,0.00
2021-12-05,11564.000000,0,11564.000000,11564.000000,11564.000000,0.00,0.00
2021-12-06,11564.000000,0,11564.000000,11564.000000,11564.000000,0.00,0.00
2021-12-07,11564.000000,0,11564.000000,11564.000000,11564.000000,0.00,0.00
2021-12-08,11564.000000,0,11564.000000,11564.000000,11564.000000,0.00,0.00
2021-12-09,11564.000000,0,11564.000000,11564.000000,11564.000000,0.00,0.00
2021-12-10,11564.000000,0,11564.000000,11564.000000,11564.000000,0.00,0.00
2021-12-12,11564.000000,0,11564.000000,11564.000000,11564.000000,0.00,0.00
2021-12-13,11564.000000,0,11564.000000,11564.000000,11564.000000,0.00,0.00
2021-12-14,11564.000000,0,11564.000000,11564.000000,11564.000000,0.00,0.00
2021-12-15,11564.000000,0,11564.000000,11564.000000,11564.000000,0.00,0.00
2021-12-16,11564.000000,0,11564.000000,11564.000000,11564.000000,0.00,0.00
2021-12-17,11564.000000,0,11564.000000,11564.000000,11564.000000,0.00,0.00
2021-12-19,11564.000000,0,11564.000000,11564.000000,11564.000000,0.00,0.00
2021-12-20,11564.000000,0,11564.000000,11564.000000,11564.000000,0.00,0.00
2021-12-21,11564.000000,0,11564.000000,11564.000000,11564.000000,0.00,0.00
2021-12-22,11564.000000,0,11564.000000,11564.000000,11564.000000,0.00,0.00
2021-12-23,11564.000000,0,11564.000000,11564.000000,11564.000000,0.00,0.00
2021-12-26,11564.000000,0,11564.000000,11564.000000,11564.000000,0.00,0.00
2021-12-27,11564.000000,0,11564.000000,11564.000000,11564.000000,0.00,0.00
2021-12-28,11564.000000,0,11564.000000,11564.000000,11564.000000,0.00,0.00
2021-12-29,11564.000000,0,11564.000000,11564.000000,11564.000000,0.00,0.00
2021-12-30,11564.000000,0,11564.000000,11564.000000,11564.000000,0.00,0.00
2021-12-31,11564.000000,0,11564.000000,11564.000000,11564.000000,0.00,0.00
2022-01-02,11564.000000,0,11564.000000,11564.000000,11564.000000,0.00,0.00
2022-01-03,11564.000000,0,11564.000000,11564.000000,11564.000000,0.00,0.00
2022-01-04,11564.000000,0,11564.000000,11564.000000,11564.000000,0.00,0.00
2022-01-05,11564.000000,0,11564.000000,11564.000000,11564.000000,0.00,0.00
2022-01-06,11564.000000,0,11564.000000,11564.000000,11564.000000,0.00,0.00
2022-01-07,11564.000000,0,11564.000000,11564.000000,11564.000000,0.00,0.00
2022-01-09,11564.000000,0,11564.000000,11564.000000,11564.000000,0.00,0.00
2022-01-10,11564.000000,0,11564.000000,11564.000000,11564.000000,0.00,0.00
2022-01-11,11564.000000,0,11564.000000,11564.000000,11564.000000,0.00,0.00
2022-01-12,11564.000000,0,11564.000000,11564.000000,11564.000000,0.00,0.00
2022-01-13,11564.000000,0,11564.000000,11564.000000,11564.000000,0.00,0.00
2022-01-14,11564.000000,0,11564.000000,11564.000000,11564.000000,0.00,0.00
2022-01-16,11564.000000,0,11564.000000,11564.000000,11564.000000,0.00,0.00
2022-01-17,11564.000000,0,11564.000000,11564.000000,11564.000000,0.00,0.00
2022-01-18,11564.000000,0,11564.000000,11564.000000,11564.000000,0.00,0.00
2022-01-19,11564.000000,0,11564.000000,11564.000000,11564.000000,0.00,0.00
2022-01-20,11564.000000,0,11564.000000,11564.000000,11564.000000,0.00,0.00
2022-01-21,11564.000000,0,11564.000000,11564.000000,11564.000000,0.00,0.00
2022-01-23,11564.000000,0,11564.000000,11564.000000,11564.000000,0.00,0.00
2022-01-24,11564.000000,0,11564.000000,11564.000000,11564.000000,0.00,0.00
2022-01-25,11564.000000,0,11564.000000,11564.000000,11564.000000,0.00,0.00
2022-01-26,11564.000000,0,11564.000000,11564.000000,11564.000000,0.00,0.00
2022-01-27,11564.000000,0,11564.000000,11564.000000,11564.000000,0.00,0.00
2022-01-28,11564.000000,0,11564.000000,11564.000000,11564.000000,0.00,0.00
2022-01-30,11564.000000,0,11564.000000,11564.000000,11564.000000,0.00,0.00
2022-01-31,11564.000000,0,11564.000000,11564.000000,11564.000000,0.00,0.00
2022-02-01,11564.000000,0,11564.000000,11564.000000,11564.000000,0.00,0.00
2022-02-02,11564.000000,0,11564.000000,11564.000000,11564.000000,0.00,0.00
2022-02-03,11564.000000,0,11564.000000,11564.000000,11564.000000,0.00,0.00
2022-02-04,11564.000000,0,11564.000000,11564.000000,11564.000000,0.00,0.00
2022-02-06,11564.000000,0,11564.000000,11564.000000,11564.000000,0.00,0.00
2022-02-07,11564.000000,0,11564.000000,11564.000000,11564.000000,0.00,0.00
2022-02-08,11564.000000,0,11564.000000,11564.000000,11564.000000,0.00,0.00
2022-02-09,11564.000000,0,11564.000000,11564.000000,11564.000000,0.00,0.00
2022-02-10,11564.000000,0,11564.000000,11564.000000,11564.000000,0.00,0.00
2022-02-11,11564.000000,0,11564.000000,11564.000000,11564.000000,0.00,0.00
2022-02-13,11564.000000,0,11564.000000,11564.000000,11564.000000,0.00,0.00
2022-02-14,11564.000000,0,11564.000000,11564.000000,11564.000000,0.00,0.00
2022-02-15,11564.000000,0,11564.000000,11564.000000,11564.000000,0.00,0.00
2022-02-16,11564.000000,0,11564.000000,11564.000000,11564.000000,0.00,0.00
2022-02-17,11564.000000,0,11564.000000,11564.000000,11564.000000,0.00,0.00
2022-02-18,11564.000000,0,11564.000000,11564.000000,11564.000000,0.00,0.00
2022-02-20,11564.000000,0,11564.000000,11564.000000,11564.000000,0.00,0.00
2022-02-21,11564.000000,0,11564.000000,11564.000000,11564.000000,0.00,0.00
2022-02-22,11564.000000,0,11564.000000,11564.000000,11564.000000,0.00,0.00
2022-02-23,11564.000000,0,11564.000000,11564.000000,11564.000000,0.00,0.00
2022-02-24,11564.000000,0,11564.000000,11564.000000,11564.000000,0.00,0.00
2022-02-25,11564.000000,0,11564.000000,11564.000000,11564.000000,0.00,0.00
2022-02-27,11564.000000,0,11564.000000,11564.000000,11564.000000,0.00,0.00
2022-02-28,11564.000000,0,11564.000000,11564.000000,11564.000000,0.00,0.00
2022-03-01,11564.000000,0,11564.000000,11564.000000,11564.000000,0.00,0.00
2022-03-02,11564.000000,0,11564.000000,11564.000000,11564.000000,0.00,0.00
2022-03-03,11564.000000,0,11564.000000,11564.000000,11564.000000,0.00,0.00
2022-03-04,11564.000000,0,11564.000000,11564.000000,11564.000000,0.00,0.00
2022-03-06,11564.000000,0,11564.000000,11564.000000,11564.000000,0.00,0.00
2022-03-07,11564.000000,0,11564.000000,11564.000000,11564.000000,0.00,0.00
2022-03-08,11564.000000,0,11564.000000,11564.000000,11564.000000,0.00,0.00
2022-03-09,11564.000000,0,11564.000000,11564.000000,11564.000000,0.00,0.00
2022-03-10,11564.000000,0,11564.000000,11564.000000,11564.000000,0.00,0.00
2022-03-11,11564.000000,0,11564.000000,11564.000000,11564.000000,0.00,0.00
2022-03-13,11564.000000,0,11564.000000,11564.000000,11564.000000,0.00,0.00
2022-03-14,11564.000000,0,11564.000000,11564.000000,11564.000000,0.00,0.00
2022-03-15,11564.000000,0,11564.000000,11564.000000,11564.000000,0.00,0.00
2022-03-16,11564.000000,0,11564.000000,11564.000000,11564.000000,0.00,0.00
2022-03-17,11564.000000,0,11564.000000,11564.000000,11564.000000,0.00,0.00
2022-03-18,11564.000000,0,11564.000000,11564.000000,11564.000000,0.00,0.00
2022-03-20,11564.000000,0,11564.000000,11564.000000,11564.000000,0.00,0.00
2022-03-21,11564.000000,0,11564.000000,11564.000000,11564.000000,0.00,0.00
2022-03-22,11564.000000,0,11564.000000,11564.000000,11564.000000,0.00,0.00
2022-03-23,11564.000000,0,11564.000000,11564.000000,11564.000000,0.00,0.00
2022-03-24,11564.000000,0,11564.000000,11564.000000,11564.000000,0.00,0.00
2022-03-25,11564.000000,0,11564.000000,11564.000000,11564.000000,0.00,0.00
2022-03-27,11564.000000,0,11564.000000,11564.000000,11564.000000,0.00,0.00
2022-03-28,11564.000000,0,11564.000000,11564.000000,11564.000000,0.00,0.00
2022-03-29,11564.000000,0,11564.000000,11564.000000,11564.000000,0.00,0.00
2022-03-30,11564.000000,0,11564.000000,11564.000000,11564.000000,0.00,0.00
2022-03-31,11564.000000,0,11564.000000,11564.000000,11564.000000,0.00,0.00
2022-04-01,11564.000000,0,11564.000000,11564.000000,11564.000000,0.00,0.00
2022-04-03,11564.000000,0,11564.000000,11564.000000,11564.000000,0.00,0.00
2022-04-04,11564.000000,0,11564.000000,11564.000000,11564.000000,0.00,0.00
2022-04-05,11564.000000,0,11564.000000,11564.000000,11564.000000,0.00,0.00
2022-04-06,11564.000000,0,11564.000000,11564.000000,11564.000000,0.00,0.00
2022-04-07,11564.000000,0,11564.000000,11564.000000,11564.000000,0.00,0.00
2022-04-08,11564.000000,0,11564.000000,11564.000000,11564.000000,0.00,0.00
2022-04-10,11564.000000,0,11564.000000,11564.000000,11564.000000,0.00,0.00
2022-04-11,11564.000000,0,11564.000000,11564.000000,11564.000000,0.00,0.00
2022-04-12,11564.000000,0,11564.000000,11564.000000,11564.000000,0.00,0.00
2022-04-13,11564.000000,0,11564.000000,11564.000000,11564.000000,0.00,0.00
2022-04-14,11564.000000,0,11564.000000,11564.000000,11564.000000,0.00,0.00
2022-04-17,11564.000000,0,11564.000000,11564.000000,11564.000000,0.00,0.00
2022-04-18,11564.000000,0,11564.000000,11564.000000,11564.000000,0.00,0.00
2022-04-19,11564.000000,0,11564.000000,11564.000000,11564.000000,0.00,0.00
2022-04-20,11564.000000,0,11564.000000,11564.000000,11564.000000,0.00,0.00
2022-04-21,11564.000000,0,11564.000000,11564.000000,11564.000000,0.00,0.00
2022-04-22,11564.000000,0,11564.000000,11564.000000,11564.000000,0.00,0.00
2022-04-24,11564.000000,0,11564.000000,11564.000000,11564.000000,0.00,0.00
2022-04-25,11564.000000,0,11564.000000,11564.000000,11564.000000,0.00,0.00
2022-04-26,11564.000000,0,11564.000000,11564.000000,11564.000000,0.00,0.00
2022-04-27,11564.000000,0,11564.000000,11564.000000,11564.000000,0.00,0.00
2022-04-28,11564.000000,0,11564.000000,11564.000000,11564.000000,0.00,0.00
2022-04-29,11564.000000,0,11564.000000,11564.000000,11564.000000,0.00,0.00
2022-05-01,11564.000000,0,11564.000000,11564.000000,11564.000000,0.00,0.00
2022-05-02,11564.000000,0,11564.000000,11564.000000,11564.000000,0.00,0.00
2022-05-03,11564.000000,0,11564.000000,11564.000000,11564.000000,0.00,0.00
2022-05-04,11564.000000,0,11564.000000,11564.000000,11564.000000,0.00,0.00
2022-05-05,11564.000000,0,11564.000000,11564.000000,11564.000000,0.00,0.00
2022-05-06,11564.000000,0,11564.000000,11564.000000,11564.000000,0.00,0.00
2022-05-08,11564.000000,0,11564.000000,11564.000000,11564.000000,0.00,0.00
2022-05-09,11564.000000,0,11564.000000,11564.000000,11564.000000,0.00,0.00
2022-05-10,11564.000000,0,11564.000000,11564.000000,11564.000000,0.00,0.00
2022-05-11,11564.000000,7,14077.000000,9163.000000,14077.000000,0.00,-2457.00
2022-05-12,11564.000000,7,13335.000000,12992.000000,14077.000000,-371.00,-542.50
2022-05-13,11564.000000,7,12145.000000,11298.000000,14077.000000,-966.00,-1389.50
2022-05-15,11564.000000,7,13090.000000,10871.000000,14077.000000,-493.50,-1603.00
2022-05-16,11564.000000,7,11116.000000,9534.000000,14077.000000,-1480.50,-2271.50
2022-05-17,13041.000000,0,13041.000000,13041.000000,14077.000000,-518.00,-518.00
2022-05-18,13041.000000,0,13041.000000,13041.000000,14077.000000,-518.00,-518.00
2022-05-19,13041.000000,0,13041.000000,13041.000000,14077.000000,-518.00,-518.00
2022-05-20,13041.000000,0,13041.000000,13041.000000,14077.000000,-518.00,-518.00
2022-05-22,13041.000000,0,13041.000000,13041.000000,14077.000000,-518.00,-518.00
2022-05-23,13041.000000,0,13041.000000,13041.000000,14077.000000,-518.00,-518.00
2022-05-24,13041.000000,0,13041.000000,13041.000000,14077.000000,-518.00,-518.00
2022-05-25,13041.000000,7,13559.000000,12684.000000,14077.000000,-259.00,-696.50
2022-05-26,13041.000000,7,10465.000000,9044.000000,14077.000000,-1806.00,-2516.50
2022-05-27,9303.000000,0,9303.000000,9303.000000,14077.000000,-2387.00,-2387.00
2022-05-29,9303.000000,0,9303.000000,9303.000000,14077.000000,-2387.00,-2387.00
2022-05-30,9303.000000,0,9303.000000,9303.000000,14077.000000,-2387.00,-2387.00
2022-05-31,9303.000000,0,9303.000000,9303.000000,14077.000000,-2387.00,-2387.00
2022-06-01,9303.000000,0,9303.000000,9303.000000,14077.000000,-2387.00,-2387.00
2022-06-02,9303.000000,0,9303.000000,9303.000000,14077.000000,-2387.00,-2387.00
2022-06-03,9303.000000,0,9303.000000,9303.000000,14077.000000,-2387.00,-2387.00
2022-06-05,9303.000000,0,9303.000000,9303.000000,14077.000000,-2387.00,-2387.00
2022-06-06,9303.000000,0,9303.000000,9303.000000,14077.000000,-2387.00,-2387.00
2022-06-07,9303.000000,0,9303.000000,9303.000000,14077.000000,-2387.00,-2387.00
2022-06-08,9303.000000,0,9303.000000,9303.000000,14077.000000,-2387.00,-2387.00
2022-06-09,9303.000000,0,9303.000000,9303.000000,14077.000000,-2387.00,-2387.00
2022-06-10,9303.000000,0,9303.000000,9303.000000,14077.000000,-2387.00,-2387.00
2022-06-12,9303.000000,0,9303.000000,9303.000000,14077.000000,-2387.00,-2387.00
2022-06-13,9303.000000,0,9303.000000,9303.000000,14077.000000,-2387.00,-2387.00
2022-06-14,9303.000000,0,9303.000000,9303.000000,14077.000000,-2387.00,-2387.00
2022-06-15,9303.000000,0,9303.000000,9303.000000,14077.000000,-2387.00,-2387.00
2022-06-16,9303.000000,0,9303.000000,9303.000000,14077.000000,-2387.00,-2387.00
2022-06-17,9303.000000,0,9303.000000,9303.000000,14077.000000,-2387.00,-2387.00
2022-06-19,9303.000000,0,9303.000000,9303.000000,14077.000000,-2387.00,-2387.00
2022-06-20,9303.000000,0,9303.000000,9303.000000,14077.000000,-2387.00,-2387.00
2022-06-21,9303.000000,0,9303.000000,9303.000000,14077.000000,-2387.00,-2387.00
2022-06-22,9303.000000,0,9303.000000,9303.000000,14077.000000,-2387.00,-2387.00
2022-06-23,9303.000000,0,9303.000000,9303.000000,14077.000000,-2387.00,-2387.00
2022-06-24,9303.000000,0,9303.000000,9303.000000,14077.000000,-2387.00,-2387.00
2022-06-26,9303.000000,0,9303.000000,9303.000000,14077.000000,-2387.00,-2387.00
2022-06-27,9303.000000,0,9303.000000,9303.000000,14077.000000,-2387.00,-2387.00
2022-06-28,9303.000000,0,9303.000000,9303.000000,14077.000000,-2387.00,-2387.00
2022-06-29,9303.000000,0,9303.000000,9303.000000,14077.000000,-2387.00,-2387.00
2022-06-30,9303.000000,0,9303.000000,9303.000000,14077.000000,-2387.00,-2387.00
2022-07-01,9303.000000,0,9303.000000,9303.000000,14077.000000,-2387.00,-2387.00
2022-07-03,9303.000000,0,9303.000000,9303.000000,14077.000000,-2387.00,-2387.00
2022-07-04,9303.000000,0,9303.000000,9303.000000,14077.000000,-2387.00,-2387.00
2022-07-05,9303.000000,0,9303.000000,9303.000000,14077.000000,-2387.00,-2387.00
2022-07-06,9303.000000,0,9303.000000,9303.000000,14077.000000,-2387.00,-2387.00
2022-07-07,9303.000000,0,9303.000000,9303.000000,14077.000000,-2387.00,-2387.00
2022-07-08,9303.000000,0,9303.000000,9303.000000,14077.000000,-2387.00,-2387.00
2022-07-10,9303.000000,0,9303.000000,9303.000000,14077.000000,-2387.00,-2387.00
2022-07-11,9303.000000,0,9303.000000,9303.000000,14077.000000,-2387.00,-2387.00
2022-07-12,9303.000000,0,9303.000000,9303.000000,14077.000000,-2387.00,-2387.00
2022-07-13,9303.000000,0,9303.000000,9303.000000,14077.000000,-2387.00,-2387.00
2022-07-14,9303.000000,0,9303.000000,9303.000000,14077.000000,-2387.00,-2387.00
2022-07-15,9303.000000,0,9303.000000,9303.000000,14077.000000,-2387.00,-2387.00
2022-07-17,9303.000000,0,9303.000000,9303.000000,14077.000000,-2387.00,-2387.00
2022-07-18,9303.000000,0,9303.000000,9303.000000,14077.000000,-2387.00,-2387.00
2022-07-19,9303.000000,0,9303.000000,9303.000000,14077.000000,-2387.00,-2387.00
2022-07-20,9303.000000,0,9303.000000,9303.000000,14077.000000,-2387.00,-2387.00
2022-07-21,9303.000000,0,9303.000000,9303.000000,14077.000000,-2387.00,-2387.00
2022-07-22,9303.000000,7,11424.000000,9086.000000,14077.000000,-1326.50,-2495.50
2022-07-24,9303.000000,7,11501.000000,11235.000000,14077.000000,-1288.00,-1421.00
2022-07-25,9303.000000,7,11466.000000,10003.000000,14077.000000,-1305.50,-2037.00
2022-07-26,9303.000000,7,11592.000000,10990.000000,14077.000000,-1242.50,-1543.50
2022-07-27,9303.000000,7,9604.000000,8239.000000,14077.000000,-2236.50,-2919.00
2022-07-28,9303.000000,7,6944.000000,6188.000000,14077.000000,-3566.50,-3944.50
2022-07-29,9583.000000,0,9583.000000,9583.000000,14077.000000,-2247.00,-2247.00
2022-07-31,9583.000000,0,9583.000000,9583.000000,14077.000000,-2247.00,-2247.00
2022-08-01,9583.000000,0,9583.000000,9583.000000,14077.000000,-2247.00,-2247.00
2022-08-02,9583.000000,0,9583.000000,9583.000000,14077.000000,-2247.00,-2247.00
2022-08-03,9583.000000,0,9583.000000,9583.000000,14077.000000,-2247.00,-2247.00
2022-08-04,9583.000000,0,9583.000000,9583.000000,14077.000000,-2247.00,-2247.00
2022-08-05,9583.000000,0,9583.000000,9583.000000,14077.000000,-2247.00,-2247.00
2022-08-07,9583.000000,0,9583.000000,9583.000000,14077.000000,-2247.00,-2247.00
2022-08-08,9583.000000,0,9583.000000,9583.000000,14077.000000,-2247.00,-2247.00
2022-08-09,9583.000000,0,9583.000000,9583.000000,14077.000000,-2247.00,-2247.00
2022-08-10,9583.000000,0,9583.000000,9583.000000,14077.000000,-2247.00,-2247.00
2022-08-11,9583.000000,0,9583.000000,9583.000000,14077.000000,-2247.00,-2247.00
2022-08-12,9583.000000,0,9583.000000,9583.000000,14077.000000,-2247.00,-2247.00
2022-08-14,9583.000000,0,9583.000000,9583.000000,14077.000000,-2247.00,-2247.00
2022-08-15,9583.000000,0,9583.000000,9583.000000,14077.000000,-2247.00,-2247.00
2022-08-16,9583.000000,0,9583.000000,9583.000000,14077.000000,-2247.00,-2247.00
2022-08-17,9583.000000,0,9583.000000,9583.000000,14077.000000,-2247.00,-2247.00
2022-08-18,9583.000000,0,9583.000000,9583.000000,14077.000000,-2247.00,-2247.00
2022-08-19,9583.000000,0,9583.000000,9583.000000,14077.000000,-2247.00,-2247.00
2022-08-21,9583.000000,0,9583.000000,9583.000000,14077.000000,-2247.00,-2247.00
2022-08-22,9583.000000,0,9583.000000,9583.000000,14077.000000,-2247.00,-2247.00
2022-08-23,9583.000000,0,9583.000000,9583.000000,14077.000000,-2247.00,-2247.00
2022-08-24,9583.000000,0,9583.000000,9583.000000,14077.000000,-2247.00,-2247.00
2022-08-25,9583.000000,0,9583.000000,9583.000000,14077.000000,-2247.00,-2247.00
2022-08-26,9583.000000,0,9583.000000,9583.000000,14077.000000,-2247.00,-2247.00
2022-08-28,9583.000000,0,9583.000000,9583.000000,14077.000000,-2247.00,-2247.00
2022-08-29,9583.000000,7,9695.000000,8617.000000,14077.000000,-2191.00,-2730.00
2022-08-30,9583.000000,7,11046.000000,8288.000000,14077.000000,-1515.50,-2894.50
2022-08-31,9583.000000,7,15022.000000,10717.000000,15022.000000,0.00,-2152.50
2022-09-01,9583.000000,7,13328.000000,12852.000000,15022.000000,-847.00,-1085.00
2022-09-02,9583.000000,7,15001.000000,10521.000000,15022.000000,-10.50,-2250.50
2022-09-04,9583.000000,7,14980.000000,14784.000000,15022.000000,-21.00,-119.00
2022-09-05,9583.000000,7,14721.000000,13853.000000,15022.000000,-150.50,-584.50
2022-09-06,9583.000000,7,17493.000000,13573.000000,17493.000000,0.00,-1960.00
2022-09-07,14240.000000,3,16001.000000,15797.000000,17493.000000,-746.00,-848.00
2022-09-08,14240.000000,3,15176.000000,15146.000000,17493.000000,-1158.50,-1173.50
2022-09-09,14240.000000,3,13997.000000,13730.000000,17493.000000,-1748.00,-1881.50
2022-09-11,14861.000000,0,14861.000000,14861.000000,17493.000000,-1316.00,-1316.00
2022-09-12,14861.000000,0,14861.000000,14861.000000,17493.000000,-1316.00,-1316.00
2022-09-13,14861.000000,0,14861.000000,14861.000000,17493.000000,-1316.00,-1316.00
2022-09-14,14861.000000,0,14861.000000,14861.000000,17493.000000,-1316.00,-1316.00
2022-09-15,14861.000000,0,14861.000000,14861.000000,17493.000000,-1316.00,-1316.00
2022-09-16,14861.000000,0,14861.000000,14861.000000,17493.000000,-1316.00,-1316.00
2022-09-18,14861.000000,0,14861.000000,14861.000000,17493.000000,-1316.00,-1316.00
2022-09-19,14861.000000,0,14861.000000,14861.000000,17493.000000,-1316.00,-1316.00
2022-09-20,14861.000000,0,14861.000000,14861.000000,17493.000000,-1316.00,-1316.00
2022-09-21,14861.000000,0,14861.000000,14861.000000,17493.000000,-1316.00,-1316.00
2022-09-22,14861.000000,0,14861.000000,14861.000000,17493.000000,-1316.00,-1316.00
2022-09-23,14861.000000,0,14861.000000,14861.000000,17493.000000,-1316.00,-1316.00
2022-09-25,14861.000000,0,14861.000000,14861.000000,17493.000000,-1316.00,-1316.00
2022-09-26,14861.000000,0,14861.000000,14861.000000,17493.000000,-1316.00,-1316.00
2022-09-27,14861.000000,0,14861.000000,14861.000000,17493.000000,-1316.00,-1316.00
2022-09-28,14861.000000,0,14861.000000,14861.000000,17493.000000,-1316.00,-1316.00
2022-09-29,14861.000000,0,14861.000000,14861.000000,17493.000000,-1316.00,-1316.00
2022-09-30,14861.000000,0,14861.000000,14861.000000,17493.000000,-1316.00,-1316.00
2022-10-02,14861.000000,0,14861.000000,14861.000000,17493.000000,-1316.00,-1316.00
2022-10-03,14861.000000,0,14861.000000,14861.000000,17493.000000,-1316.00,-1316.00
2022-10-04,14861.000000,0,14861.000000,14861.000000,17493.000000,-1316.00,-1316.00
2022-10-05,14861.000000,0,14861.000000,14861.000000,17493.000000,-1316.00,-1316.00
2022-10-06,14861.000000,0,14861.000000,14861.000000,17493.000000,-1316.00,-1316.00
2022-10-07,14861.000000,0,14861.000000,14861.000000,17493.000000,-1316.00,-1316.00
2022-10-09,14861.000000,0,14861.000000,14861.000000,17493.000000,-1316.00,-1316.00
2022-10-10,14861.000000,0,14861.000000,14861.000000,17493.000000,-1316.00,-1316.00
2022-10-11,14861.000000,0,14861.000000,14861.000000,17493.000000,-1316.00,-1316.00
2022-10-12,14861.000000,0,14861.000000,14861.000000,17493.000000,-1316.00,-1316.00
2022-10-13,14861.000000,0,14861.000000,14861.000000,17493.000000,-1316.00,-1316.00
2022-10-14,14861.000000,0,14861.000000,14861.000000,17493.000000,-1316.00,-1316.00
2022-10-16,14861.000000,0,14861.000000,14861.000000,17493.000000,-1316.00,-1316.00
2022-10-17,14861.000000,0,14861.000000,14861.000000,17493.000000,-1316.00,-1316.00
2022-10-18,14861.000000,0,14861.000000,14861.000000,17493.000000,-1316.00,-1316.00
2022-10-19,14861.000000,0,14861.000000,14861.000000,17493.000000,-1316.00,-1316.00
2022-10-20,14861.000000,0,14861.000000,14861.000000,17493.000000,-1316.00,-1316.00
2022-10-21,14861.000000,0,14861.000000,14861.000000,17493.000000,-1316.00,-1316.00
2022-10-23,14861.000000,0,14861.000000,14861.000000,17493.000000,-1316.00,-1316.00
2022-10-24,14861.000000,0,14861.000000,14861.000000,17493.000000,-1316.00,-1316.00
2022-10-25,14861.000000,0,14861.000000,14861.000000,17493.000000,-1316.00,-1316.00
2022-10-26,14861.000000,7,15610.000000,14504.000000,17493.000000,-941.50,-1494.50
2022-10-27,14861.000000,7,15260.000000,13048.000000,17493.000000,-1116.50,-2222.50
2022-10-28,14861.000000,7,9058.000000,8981.000000,17493.000000,-4217.50,-4256.00
2022-10-30,15232.000000,0,15232.000000,15232.000000,17493.000000,-1130.50,-1130.50
2022-10-31,15232.000000,0,15232.000000,15232.000000,17493.000000,-1130.50,-1130.50
2022-11-01,15232.000000,0,15232.000000,15232.000000,17493.000000,-1130.50,-1130.50
2022-11-02,15232.000000,0,15232.000000,15232.000000,17493.000000,-1130.50,-1130.50
2022-11-03,15232.000000,0,15232.000000,15232.000000,17493.000000,-1130.50,-1130.50
2022-11-04,15232.000000,7,13720.000000,11956.000000,17493.000000,-1886.50,-2768.50
2022-11-06,16366.000000,0,16366.000000,16366.000000,17493.000000,-563.50,-563.50
2022-11-07,16366.000000,0,16366.000000,16366.000000,17493.000000,-563.50,-563.50
2022-11-08,16366.000000,0,16366.000000,16366.000000,17493.000000,-563.50,-563.50
2022-11-09,16366.000000,0,16366.000000,16366.000000,17493.000000,-563.50,-563.50
2022-11-10,16366.000000,0,16366.000000,16366.000000,17493.000000,-563.50,-563.50
2022-11-11,16366.000000,0,16366.000000,16366.000000,17493.000000,-563.50,-563.50
2022-11-13,16366.000000,0,16366.000000,16366.000000,17493.000000,-563.50,-563.50
2022-11-14,16366.000000,0,16366.000000,16366.000000,17493.000000,-563.50,-563.50
2022-11-15,16366.000000,0,16366.000000,16366.000000,17493.000000,-563.50,-563.50
2022-11-16,16366.000000,0,16366.000000,16366.000000,17493.000000,-563.50,-563.50
2022-11-17,16366.000000,0,16366.000000,16366.000000,17493.000000,-563.50,-563.50
2022-11-18,16366.000000,0,16366.000000,16366.000000,17493.000000,-563.50,-563.50
2022-11-20,16366.000000,0,16366.000000,16366.000000,17493.000000,-563.50,-563.50
2022-11-21,16366.000000,0,16366.000000,16366.000000,17493.000000,-563.50,-563.50
2022-11-22,16366.000000,0,16366.000000,16366.000000,17493.000000,-563.50,-563.50
2022-11-23,16366.000000,0,16366.000000,16366.000000,17493.000000,-563.50,-563.50
2022-11-24,16366.000000,0,16366.000000,16366.000000,17493.000000,-563.50,-563.50
2022-11-25,16366.000000,0,16366.000000,16366.000000,17493.000000,-563.50,-563.50
2022-11-27,16366.000000,0,16366.000000,16366.000000,17493.000000,-563.50,-563.50
2022-11-28,16366.000000,0,16366.000000,16366.000000,17493.000000,-563.50,-563.50
2022-11-29,16366.000000,0,16366.000000,16366.000000,17493.000000,-563.50,-563.50
2022-11-30,16366.000000,0,16366.000000,16366.000000,17493.000000,-563.50,-563.50
2022-12-01,16366.000000,0,16366.000000,16366.000000,17493.000000,-563.50,-563.50
2022-12-02,16366.000000,0,16366.000000,16366.000000,17493.000000,-563.50,-563.50
2022-12-04,16366.000000,0,16366.000000,16366.000000,17493.000000,-563.50,-563.50
2022-12-05,16366.000000,0,16366.000000,16366.000000,17493.000000,-563.50,-563.50
2022-12-06,16366.000000,0,16366.000000,16366.000000,17493.000000,-563.50,-563.50
2022-12-07,16366.000000,0,16366.000000,16366.000000,17493.000000,-563.50,-563.50
2022-12-08,16366.000000,0,16366.000000,16366.000000,17493.000000,-563.50,-563.50
2022-12-09,16366.000000,0,16366.000000,16366.000000,17493.000000,-563.50,-563.50
2022-12-11,16366.000000,0,16366.000000,16366.000000,17493.000000,-563.50,-563.50
2022-12-12,16366.000000,0,16366.000000,16366.000000,17493.000000,-563.50,-563.50
2022-12-13,16366.000000,0,16366.000000,16366.000000,17493.000000,-563.50,-563.50
2022-12-14,16366.000000,0,16366.000000,16366.000000,17493.000000,-563.50,-563.50
2022-12-15,16366.000000,0,16366.000000,16366.000000,17493.000000,-563.50,-563.50
2022-12-16,16366.000000,0,16366.000000,16366.000000,17493.000000,-563.50,-563.50
2022-12-18,16366.000000,0,16366.000000,16366.000000,17493.000000,-563.50,-563.50
2022-12-19,16366.000000,0,16366.000000,16366.000000,17493.000000,-563.50,-563.50
2022-12-20,16366.000000,0,16366.000000,16366.000000,17493.000000,-563.50,-563.50
2022-12-21,16366.000000,0,16366.000000,16366.000000,17493.000000,-563.50,-563.50
2022-12-22,16366.000000,0,16366.000000,16366.000000,17493.000000,-563.50,-563.50
2022-12-23,16366.000000,0,16366.000000,16366.000000,17493.000000,-563.50,-563.50
2022-12-26,16366.000000,0,16366.000000,16366.000000,17493.000000,-563.50,-563.50
2022-12-27,16366.000000,0,16366.000000,16366.000000,17493.000000,-563.50,-563.50
2022-12-28,16366.000000,0,16366.000000,16366.000000,17493.000000,-563.50,-563.50
2022-12-29,16366.000000,0,16366.000000,16366.000000,17493.000000,-563.50,-563.50
2022-12-30,16366.000000,0,16366.000000,16366.000000,17493.000000,-563.50,-563.50
2023-01-02,16366.000000,0,16366.000000,16366.000000,17493.000000,-563.50,-563.50
2023-01-03,16366.000000,0,16366.000000,16366.000000,17493.000000,-563.50,-563.50
2023-01-04,16366.000000,0,16366.000000,16366.000000,17493.000000,-563.50,-563.50
2023-01-05,16366.000000,0,16366.000000,16366.000000,17493.000000,-563.50,-563.50
2023-01-06,16366.000000,0,16366.000000,16366.000000,17493.000000,-563.50,-563.50
2023-01-08,16366.000000,0,16366.000000,16366.000000,17493.000000,-563.50,-563.50
2023-01-09,16366.000000,0,16366.000000,16366.000000,17493.000000,-563.50,-563.50
2023-01-10,16366.000000,0,16366.000000,16366.000000,17493.000000,-563.50,-563.50
2023-01-11,16366.000000,0,16366.000000,16366.000000,17493.000000,-563.50,-563.50
2023-01-12,16366.000000,0,16366.000000,16366.000000,17493.000000,-563.50,-563.50
2023-01-13,16366.000000,0,16366.000000,16366.000000,17493.000000,-563.50,-563.50
2023-01-15,16366.000000,0,16366.000000,16366.000000,17493.000000,-563.50,-563.50
2023-01-16,16366.000000,0,16366.000000,16366.000000,17493.000000,-563.50,-563.50
2023-01-17,16366.000000,0,16366.000000,16366.000000,17493.000000,-563.50,-563.50
2023-01-18,16366.000000,0,16366.000000,16366.000000,17493.000000,-563.50,-563.50
2023-01-19,16366.000000,0,16366.000000,16366.000000,17493.000000,-563.50,-563.50
2023-01-20,16366.000000,0,16366.000000,16366.000000,17493.000000,-563.50,-563.50
2023-01-22,16366.000000,0,16366.000000,16366.000000,17493.000000,-563.50,-563.50
2023-01-23,16366.000000,0,16366.000000,16366.000000,17493.000000,-563.50,-563.50
2023-01-24,16366.000000,0,16366.000000,16366.000000,17493.000000,-563.50,-563.50
2023-01-25,16366.000000,0,16366.000000,16366.000000,17493.000000,-563.50,-563.50
2023-01-26,16366.000000,0,16366.000000,16366.000000,17493.000000,-563.50,-563.50
2023-01-27,16366.000000,0,16366.000000,16366.000000,17493.000000,-563.50,-563.50
2023-01-29,16366.000000,0,16366.000000,16366.000000,17493.000000,-563.50,-563.50
2023-01-30,16366.000000,0,16366.000000,16366.000000,17493.000000,-563.50,-563.50
2023-01-31,16366.000000,0,16366.000000,16366.000000,17493.000000,-563.50,-563.50
2023-02-01,16366.000000,0,16366.000000,16366.000000,17493.000000,-563.50,-563.50
2023-02-02,16366.000000,0,16366.000000,16366.000000,17493.000000,-563.50,-563.50
2023-02-03,16366.000000,0,16366.000000,16366.000000,17493.000000,-563.50,-563.50
2023-02-05,16366.000000,0,16366.000000,16366.000000,17493.000000,-563.50,-563.50
2023-02-06,16366.000000,0,16366.000000,16366.000000,17493.000000,-563.50,-563.50
2023-02-07,16366.000000,0,16366.000000,16366.000000,17493.000000,-563.50,-563.50
2023-02-08,16366.000000,0,16366.000000,16366.000000,17493.000000,-563.50,-563.50
2023-02-09,16366.000000,0,16366.000000,16366.000000,17493.000000,-563.50,-563.50
2023-02-10,16366.000000,0,16366.000000,16366.000000,17493.000000,-563.50,-563.50
2023-02-12,16366.000000,0,16366.000000,16366.000000,17493.000000,-563.50,-563.50
2023-02-13,16366.000000,0,16366.000000,16366.000000,17493.000000,-563.50,-563.50
2023-02-14,16366.000000,0,16366.000000,16366.000000,17493.000000,-563.50,-563.50
2023-02-15,16366.000000,0,16366.000000,16366.000000,17493.000000,-563.50,-563.50
2023-02-16,16366.000000,0,16366.000000,16366.000000,17493.000000,-563.50,-563.50
2023-02-17,16366.000000,0,16366.000000,16366.000000,17493.000000,-563.50,-563.50
2023-02-19,16366.000000,0,16366.000000,16366.000000,17493.000000,-563.50,-563.50
2023-02-20,16366.000000,0,16366.000000,16366.000000,17493.000000,-563.50,-563.50
2023-02-21,16366.000000,0,16366.000000,16366.000000,17493.000000,-563.50,-563.50
2023-02-22,16366.000000,0,16366.000000,16366.000000,17493.000000,-563.50,-563.50
2023-02-23,16366.000000,0,16366.000000,16366.000000,17493.000000,-563.50,-563.50
2023-02-24,16366.000000,0,16366.000000,16366.000000,17493.000000,-563.50,-563.50
2023-02-26,16366.000000,0,16366.000000,16366.000000,17493.000000,-563.50,-563.50
2023-02-27,16366.000000,0,16366.000000,16366.000000,17493.000000,-563.50,-563.50
2023-02-28,16366.000000,0,16366.000000,16366.000000,17493.000000,-563.50,-563.50
2023-03-01,16366.000000,0,16366.000000,16366.000000,17493.000000,-563.50,-563.50
2023-03-02,16366.000000,0,16366.000000,16366.000000,17493.000000,-563.50,-563.50
2023-03-03,16366.000000,0,16366.000000,16366.000000,17493.000000,-563.50,-563.50
2023-03-05,16366.000000,0,16366.000000,16366.000000,17493.000000,-563.50,-563.50
2023-03-06,16366.000000,0,16366.000000,16366.000000,17493.000000,-563.50,-563.50
2023-03-07,16366.000000,0,16366.000000,16366.000000,17493.000000,-563.50,-563.50
2023-03-08,16366.000000,0,16366.000000,16366.000000,17493.000000,-563.50,-563.50
2023-03-09,16366.000000,0,16366.000000,16366.000000,17493.000000,-563.50,-563.50
2023-03-10,16366.000000,0,16366.000000,16366.000000,17493.000000,-563.50,-563.50
2023-03-12,16366.000000,0,16366.000000,16366.000000,17493.000000,-563.50,-563.50
2023-03-13,16366.000000,0,16366.000000,16366.000000,17493.000000,-563.50,-563.50
2023-03-14,16366.000000,0,16366.000000,16366.000000,17493.000000,-563.50,-563.50
2023-03-15,16366.000000,0,16366.000000,16366.000000,17493.000000,-563.50,-563.50
2023-03-16,16366.000000,0,16366.000000,16366.000000,17493.000000,-563.50,-563.50
2023-03-17,16366.000000,0,16366.000000,16366.000000,17493.000000,-563.50,-563.50
2023-03-19,16366.000000,0,16366.000000,16366.000000,17493.000000,-563.50,-563.50
2023-03-20,16366.000000,0,16366.000000,16366.000000,17493.000000,-563.50,-563.50
2023-03-21,16366.000000,0,16366.000000,16366.000000,17493.000000,-563.50,-563.50
2023-03-22,16366.000000,0,16366.000000,16366.000000,17493.000000,-563.50,-563.50
2023-03-23,16366.000000,0,16366.000000,16366.000000,17493.000000,-563.50,-563.50
2023-03-24,16366.000000,0,16366.000000,16366.000000,17493.000000,-563.50,-563.50
2023-03-26,16366.000000,0,16366.000000,16366.000000,17493.000000,-563.50,-563.50
2023-03-27,16366.000000,0,16366.000000,16366.000000,17493.000000,-563.50,-563.50
2023-03-28,16366.000000,0,16366.000000,16366.000000,17493.000000,-563.50,-563.50
2023-03-29,16366.000000,0,16366.000000,16366.000000,17493.000000,-563.50,-563.50
2023-03-30,16366.000000,0,16366.000000,16366.000000,17493.000000,-563.50,-563.50
2023-03-31,16366.000000,0,16366.000000,16366.000000,17493.000000,-563.50,-563.50
2023-04-02,16366.000000,0,16366.000000,16366.000000,17493.000000,-563.50,-563.50
2023-04-03,16366.000000,0,16366.000000,16366.000000,17493.000000,-563.50,-563.50
2023-04-04,16366.000000,0,16366.000000,16366.000000,17493.000000,-563.50,-563.50
2023-04-05,16366.000000,0,16366.000000,16366.000000,17493.000000,-563.50,-563.50
2023-04-06,16366.000000,0,16366.000000,16366.000000,17493.000000,-563.50,-563.50
2023-04-07,16366.000000,0,16366.000000,16366.000000,17493.000000,-563.50,-563.50
2023-04-09,16366.000000,0,16366.000000,16366.000000,17493.000000,-563.50,-563.50
2023-04-10,16366.000000,0,16366.000000,16366.000000,17493.000000,-563.50,-563.50
2023-04-11,16366.000000,0,16366.000000,16366.000000,17493.000000,-563.50,-563.50
2023-04-12,16366.000000,0,16366.000000,16366.000000,17493.000000,-563.50,-563.50
2023-04-13,16366.000000,0,16366.000000,16366.000000,17493.000000,-563.50,-563.50
2023-04-14,16366.000000,0,16366.000000,16366.000000,17493.000000,-563.50,-563.50
2023-04-16,16366.000000,0,16366.000000,16366.000000,17493.000000,-563.50,-563.50
2023-04-17,16366.000000,0,16366.000000,16366.000000,17493.000000,-563.50,-563.50
2023-04-18,16366.000000,0,16366.000000,16366.000000,17493.000000,-563.50,-563.50
2023-04-19,16366.000000,0,16366.000000,16366.000000,17493.000000,-563.50,-563.50
2023-04-20,16366.000000,0,16366.000000,16366.000000,17493.000000,-563.50,-563.50
2023-04-21,16366.000000,0,16366.000000,16366.000000,17493.000000,-563.50,-563.50
2023-04-23,16366.000000,0,16366.000000,16366.000000,17493.000000,-563.50,-563.50
2023-04-24,16366.000000,0,16366.000000,16366.000000,17493.000000,-563.50,-563.50
2023-04-25,16366.000000,0,16366.000000,16366.000000,17493.000000,-563.50,-563.50
2023-04-26,16366.000000,0,16366.000000,16366.000000,17493.000000,-563.50,-563.50
2023-04-27,16366.000000,0,16366.000000,16366.000000,17493.000000,-563.50,-563.50
2023-04-28,16366.000000,0,16366.000000,16366.000000,17493.000000,-563.50,-563.50
2023-04-30,16366.000000,0,16366.000000,16366.000000,17493.000000,-563.50,-563.50
2023-05-01,16366.000000,0,16366.000000,16366.000000,17493.000000,-563.50,-563.50
2023-05-02,16366.000000,0,16366.000000,16366.000000,17493.000000,-563.50,-563.50
2023-05-03,16366.000000,0,16366.000000,16366.000000,17493.000000,-563.50,-563.50
2023-05-04,16366.000000,0,16366.000000,16366.000000,17493.000000,-563.50,-563.50
2023-05-05,16366.000000,0,16366.000000,16366.000000,17493.000000,-563.50,-563.50
2023-05-07,16366.000000,0,16366.000000,16366.000000,17493.000000,-563.50,-563.50
2023-05-08,16366.000000,0,16366.000000,16366.000000,17493.000000,-563.50,-563.50
2023-05-09,16366.000000,0,16366.000000,16366.000000,17493.000000,-563.50,-563.50
2023-05-10,16366.000000,0,16366.000000,16366.000000,17493.000000,-563.50,-563.50
2023-05-11,16366.000000,0,16366.000000,16366.000000,17493.000000,-563.50,-563.50
2023-05-12,16366.000000,0,16366.000000,16366.000000,17493.000000,-563.50,-563.50
2023-05-14,16366.000000,0,16366.000000,16366.000000,17493.000000,-563.50,-563.50
2023-05-15,16366.000000,0,16366.000000,16366.000000,17493.000000,-563.50,-563.50
2023-05-16,16366.000000,0,16366.000000,16366.000000,17493.000000,-563.50,-563.50
2023-05-17,16366.000000,0,16366.000000,16366.000000,17493.000000,-563.50,-563.50
2023-05-18,16366.000000,0,16366.000000,16366.000000,17493.000000,-563.50,-563.50
2023-05-19,16366.000000,0,16366.000000,16366.000000,17493.000000,-563.50,-563.50
2023-05-21,16366.000000,0,16366.000000,16366.000000,17493.000000,-563.50,-563.50
2023-05-22,16366.000000,0,16366.000000,16366.000000,17493.000000,-563.50,-563.50
2023-05-23,16366.000000,0,16366.000000,16366.000000,17493.000000,-563.50,-563.50
2023-05-24,16366.000000,0,16366.000000,16366.000000,17493.000000,-563.50,-563.50
2023-05-25,16366.000000,0,16366.000000,16366.000000,17493.000000,-563.50,-563.50
2023-05-26,16366.000000,0,16366.000000,16366.000000,17493.000000,-563.50,-563.50
2023-05-28,16366.000000,0,16366.000000,16366.000000,17493.000000,-563.50,-563.50
2023-05-29,16366.000000,0,16366.000000,16366.000000,17493.000000,-563.50,-563.50
2023-05-30,16366.000000,0,16366.000000,16366.000000,17493.000000,-563.50,-563.50
2023-05-31,16366.000000,0,16366.000000,16366.000000,17493.000000,-563.50,-563.50
2023-06-01,16366.000000,0,16366.000000,16366.000000,17493.000000,-563.50,-563.50
2023-06-02,16366.000000,0,16366.000000,16366.000000,17493.000000,-563.50,-563.50
2023-06-04,16366.000000,0,16366.000000,16366.000000,17493.000000,-563.50,-563.50
2023-06-05,16366.000000,0,16366.000000,16366.000000,17493.000000,-563.50,-563.50
2023-06-06,16366.000000,0,16366.000000,16366.000000,17493.000000,-563.50,-563.50
2023-06-07,16366.000000,0,16366.000000,16366.000000,17493.000000,-563.50,-563.50
2023-06-08,16366.000000,0,16366.000000,16366.000000,17493.000000,-563.50,-563.50
2023-06-09,16366.000000,0,16366.000000,16366.000000,17493.000000,-563.50,-563.50
2023-06-11,16366.000000,0,16366.000000,16366.000000,17493.000000,-563.50,-563.50
2023-06-12,16366.000000,0,16366.000000,16366.000000,17493.000000,-563.50,-563.50
2023-06-13,16366.000000,0,16366.000000,16366.000000,17493.000000,-563.50,-563.50
2023-06-14,16366.000000,0,16366.000000,16366.000000,17493.000000,-563.50,-563.50
2023-06-15,16366.000000,0,16366.000000,16366.000000,17493.000000,-563.50,-563.50
2023-06-16,16366.000000,0,16366.000000,16366.000000,17493.000000,-563.50,-563.50
2023-06-18,16366.000000,7,16317.000000,16233.000000,17493.000000,-588.00,-630.00
2023-06-19,16814.000000,0,16814.000000,16814.000000,17493.000000,-339.50,-339.50
2023-06-20,16814.000000,0,16814.000000,16814.000000,17493.000000,-339.50,-339.50
2023-06-21,16814.000000,0,16814.000000,16814.000000,17493.000000,-339.50,-339.50
2023-06-22,16814.000000,0,16814.000000,16814.000000,17493.000000,-339.50,-339.50
2023-06-23,16814.000000,0,16814.000000,16814.000000,17493.000000,-339.50,-339.50
2023-06-25,16814.000000,0,16814.000000,16814.000000,17493.000000,-339.50,-339.50
2023-06-26,16814.000000,0,16814.000000,16814.000000,17493.000000,-339.50,-339.50
2023-06-27,16814.000000,0,16814.000000,16814.000000,17493.000000,-339.50,-339.50
2023-06-28,16814.000000,0,16814.000000,16814.000000,17493.000000,-339.50,-339.50
2023-06-29,16814.000000,0,16814.000000,16814.000000,17493.000000,-339.50,-339.50
2023-06-30,16814.000000,0,16814.000000,16814.000000,17493.000000,-339.50,-339.50
2023-07-02,16814.000000,0,16814.000000,16814.000000,17493.000000,-339.50,-339.50
2023-07-03,16814.000000,7,17444.000000,16534.000000,17493.000000,-24.50,-479.50
2023-07-04,16814.000000,7,17143.000000,17059.000000,17493.000000,-175.00,-217.00
2023-07-05,16814.000000,7,15757.000000,15722.000000,17493.000000,-868.00,-885.50
2023-07-06,17101.000000,0,17101.000000,17101.000000,17493.000000,-196.00,-196.00
2023-07-07,17101.000000,0,17101.000000,17101.000000,17493.000000,-196.00,-196.00
2023-07-09,17101.000000,0,17101.000000,17101.000000,17493.000000,-196.00,-196.00
2023-07-10,17101.000000,0,17101.000000,17101.000000,17493.000000,-196.00,-196.00
2023-07-11,17101.000000,0,17101.000000,17101.000000,17493.000000,-196.00,-196.00
2023-07-12,17101.000000,0,17101.000000,17101.000000,17493.000000,-196.00,-196.00
2023-07-13,17101.000000,7,17003.000000,16758.000000,17493.000000,-245.00,-367.50
2023-07-14,17507.000000,0,17507.000000,17507.000000,17507.000000,0.00,0.00
2023-07-16,17507.000000,0,17507.000000,17507.000000,17507.000000,0.00,0.00
2023-07-17,17507.000000,0,17507.000000,17507.000000,17507.000000,0.00,0.00
2023-07-18,17507.000000,0,17507.000000,17507.000000,17507.000000,0.00,0.00
2023-07-19,17507.000000,0,17507.000000,17507.000000,17507.000000,0.00,0.00
2023-07-20,17507.000000,0,17507.000000,17507.000000,17507.000000,0.00,0.00
2023-07-21,17507.000000,0,17507.000000,17507.000000,17507.000000,0.00,0.00
2023-07-23,17507.000000,0,17507.000000,17507.000000,17507.000000,0.00,0.00
2023-07-24,17507.000000,0,17507.000000,17507.000000,17507.000000,0.00,0.00
2023-07-25,17507.000000,0,17507.000000,17507.000000,17507.000000,0.00,0.00
2023-07-26,17507.000000,0,17507.000000,17507.000000,17507.000000,0.00,0.00
2023-07-27,17507.000000,0,17507.000000,17507.000000,17507.000000,0.00,0.00
2023-07-28,17507.000000,0,17507.000000,17507.000000,17507.000000,0.00,0.00
2023-07-30,17507.000000,0,17507.000000,17507.000000,17507.000000,0.00,0.00
2023-07-31,17507.000000,0,17507.000000,17507.000000,17507.000000,0.00,0.00
2023-08-01,17507.000000,0,17507.000000,17507.000000,17507.000000,0.00,0.00
2023-08-02,17507.000000,0,17507.000000,17507.000000,17507.000000,0.00,0.00
2023-08-03,17507.000000,0,17507.000000,17507.000000,17507.000000,0.00,0.00
2023-08-04,17507.000000,0,17507.000000,17507.000000,17507.000000,0.00,0.00
2023-08-06,17507.000000,0,17507.000000,17507.000000,17507.000000,0.00,0.00
2023-08-07,17507.000000,0,17507.000000,17507.000000,17507.000000,0.00,0.00
2023-08-08,17507.000000,0,17507.000000,17507.000000,17507.000000,0.00,0.00
2023-08-09,17507.000000,0,17507.000000,17507.000000,17507.000000,0.00,0.00
2023-08-10,17507.000000,0,17507.000000,17507.000000,17507.000000,0.00,0.00
2023-08-11,17507.000000,0,17507.000000,17507.000000,17507.000000,0.00,0.00
2023-08-13,17507.000000,0,17507.000000,17507.000000,17507.000000,0.00,0.00
2023-08-14,17507.000000,0,17507.000000,17507.000000,17507.000000,0.00,0.00
2023-08-15,17507.000000,0,17507.000000,17507.000000,17507.000000,0.00,0.00
2023-08-16,17507.000000,0,17507.000000,17507.000000,17507.000000,0.00,0.00
2023-08-17,17507.000000,7,17605.000000,16947.000000,17605.000000,0.00,-329.00
2023-08-18,17507.000000,7,17430.000000,15960.000000,17605.000000,-87.50,-822.50
2023-08-20,17584.000000,0,17584.000000,17584.000000,17605.000000,-10.50,-10.50
2023-08-21,17584.000000,7,17290.000000,15883.000000,17605.000000,-157.50,-861.00
2023-08-22,17717.000000,0,17717.000000,17717.000000,17717.000000,0.00,0.00
2023-08-23,17717.000000,0,17717.000000,17717.000000,17717.000000,0.00,0.00
2023-08-24,17717.000000,7,15141.000000,14525.000000,17717.000000,-1288.00,-1596.00
2023-08-25,17717.000000,0,17717.000000,17717.000000,17717.000000,0.00,0.00
2023-08-27,17717.000000,0,17717.000000,17717.000000,17717.000000,0.00,0.00
2023-08-28,17717.000000,0,17717.000000,17717.000000,17717.000000,0.00,0.00
2023-08-29,17717.000000,7,20384.000000,17528.000000,20384.000000,0.00,-1428.00
2023-08-30,17717.000000,7,21042.000000,19796.000000,21042.000000,0.00,-623.00
2023-08-31,17717.000000,7,19719.000000,19250.000000,21042.000000,-661.50,-896.00
2023-09-01,17717.000000,7,19922.000000,19180.000000,21042.000000,-560.00,-931.00
2023-09-03,17717.000000,7,20013.000000,19789.000000,21042.000000,-514.50,-626.50
2023-09-04,17717.000000,7,19586.000000,19390.000000,21042.000000,-728.00,-826.00
2023-09-05,17717.000000,7,18543.000000,18487.000000,21042.000000,-1249.50,-1277.50
2023-09-06,17717.000000,7,17115.000000,16107.000000,21042.000000,-1963.50,-2467.50
2023-09-07,18501.000000,0,18501.000000,18501.000000,21042.000000,-1270.50,-1270.50
2023-09-08,18501.000000,7,18865.000000,17738.000000,21042.000000,-1088.50,-1652.00
2023-09-10,18501.000000,7,21154.000000,20979.000000,21154.000000,0.00,-87.50
2023-09-11,18501.000000,7,21686.000000,21119.000000,21686.000000,0.00,-283.50
2023-09-12,18501.000000,7,21161.000000,20818.000000,21686.000000,-262.50,-434.00
2023-09-13,18501.000000,7,21574.000000,20538.000000,21686.000000,-56.00,-574.00
2023-09-14,18501.000000,7,23996.000000,21112.000000,23996.000000,0.00,-1442.00
2023-09-15,21400.000000,3,22579.000000,22408.000000,23996.000000,-708.50,-794.00
2023-09-17,21400.000000,3,22702.000000,22528.000000,23996.000000,-647.00,-734.00
2023-09-18,21400.000000,3,22552.000000,22291.000000,23996.000000,-722.00,-852.50
2023-09-19,21400.000000,3,22078.000000,21571.000000,23996.000000,-959.00,-1212.50
2023-09-20,21400.000000,3,21754.000000,21667.000000,23996.000000,-1121.00,-1164.50
2023-09-21,21400.000000,3,20947.000000,20650.000000,23996.000000,-1524.50,-1673.00
2023-09-22,21757.000000,0,21757.000000,21757.000000,23996.000000,-1119.50,-1119.50
2023-09-24,21757.000000,0,21757.000000,21757.000000,23996.000000,-1119.50,-1119.50
2023-09-25,21757.000000,0,21757.000000,21757.000000,23996.000000,-1119.50,-1119.50
2023-09-26,21757.000000,0,21757.000000,21757.000000,23996.000000,-1119.50,-1119.50
2023-09-27,21757.000000,0,21757.000000,21757.000000,23996.000000,-1119.50,-1119.50
2023-09-28,21757.000000,0,21757.000000,21757.000000,23996.000000,-1119.50,-1119.50
2023-09-29,21757.000000,0,21757.000000,21757.000000,23996.000000,-1119.50,-1119.50
2023-10-01,21757.000000,0,21757.000000,21757.000000,23996.000000,-1119.50,-1119.50
2023-10-02,21757.000000,0,21757.000000,21757.000000,23996.000000,-1119.50,-1119.50
2023-10-03,21757.000000,0,21757.000000,21757.000000,23996.000000,-1119.50,-1119.50
2023-10-04,21757.000000,0,21757.000000,21757.000000,23996.000000,-1119.50,-1119.50
2023-10-05,21757.000000,0,21757.000000,21757.000000,23996.000000,-1119.50,-1119.50
2023-10-06,21757.000000,0,21757.000000,21757.000000,23996.000000,-1119.50,-1119.50
2023-10-08,21757.000000,0,21757.000000,21757.000000,23996.000000,-1119.50,-1119.50
2023-10-09,21757.000000,0,21757.000000,21757.000000,23996.000000,-1119.50,-1119.50
2023-10-10,21757.000000,0,21757.000000,21757.000000,23996.000000,-1119.50,-1119.50
2023-10-11,21757.000000,0,21757.000000,21757.000000,23996.000000,-1119.50,-1119.50
2023-10-12,21757.000000,0,21757.000000,21757.000000,23996.000000,-1119.50,-1119.50
2023-10-13,21757.000000,0,21757.000000,21757.000000,23996.000000,-1119.50,-1119.50
2023-10-15,21757.000000,0,21757.000000,21757.000000,23996.000000,-1119.50,-1119.50
2023-10-16,21757.000000,0,21757.000000,21757.000000,23996.000000,-1119.50,-1119.50
2023-10-17,21757.000000,0,21757.000000,21757.000000,23996.000000,-1119.50,-1119.50
2023-10-18,21757.000000,0,21757.000000,21757.000000,23996.000000,-1119.50,-1119.50
2023-10-19,21757.000000,0,21757.000000,21757.000000,23996.000000,-1119.50,-1119.50
2023-10-20,21757.000000,0,21757.000000,21757.000000,23996.000000,-1119.50,-1119.50
2023-10-22,21757.000000,0,21757.000000,21757.000000,23996.000000,-1119.50,-1119.50
2023-10-23,21757.000000,0,21757.000000,21757.000000,23996.000000,-1119.50,-1119.50
2023-10-24,21757.000000,0,21757.000000,21757.000000,23996.000000,-1119.50,-1119.50
2023-10-25,21757.000000,0,21757.000000,21757.000000,23996.000000,-1119.50,-1119.50
2023-10-26,21757.000000,0,21757.000000,21757.000000,23996.000000,-1119.50,-1119.50
2023-10-27,21757.000000,0,21757.000000,21757.000000,23996.000000,-1119.50,-1119.50
2023-10-29,21757.000000,0,21757.000000,21757.000000,23996.000000,-1119.50,-1119.50
2023-10-30,21757.000000,0,21757.000000,21757.000000,23996.000000,-1119.50,-1119.50
2023-10-31,21757.000000,0,21757.000000,21757.000000,23996.000000,-1119.50,-1119.50
2023-11-01,21757.000000,0,21757.000000,21757.000000,23996.000000,-1119.50,-1119.50
2023-11-02,21757.000000,0,21757.000000,21757.000000,23996.000000,-1119.50,-1119.50
2023-11-03,21757.000000,0,21757.000000,21757.000000,23996.000000,-1119.50,-1119.50
2023-11-05,21757.000000,0,21757.000000,21757.000000,23996.000000,-1119.50,-1119.50
2023-11-06,21757.000000,0,21757.000000,21757.000000,23996.000000,-1119.50,-1119.50
2023-11-07,21757.000000,0,21757.000000,21757.000000,23996.000000,-1119.50,-1119.50
2023-11-08,21757.000000,0,21757.000000,21757.000000,23996.000000,-1119.50,-1119.50
2023-11-09,21757.000000,0,21757.000000,21757.000000,23996.000000,-1119.50,-1119.50
2023-11-10,21757.000000,0,21757.000000,21757.000000,23996.000000,-1119.50,-1119.50
2023-11-12,21757.000000,0,21757.000000,21757.000000,23996.000000,-1119.50,-1119.50
2023-11-13,21757.000000,0,21757.000000,21757.000000,23996.000000,-1119.50,-1119.50
2023-11-14,21757.000000,0,21757.000000,21757.000000,23996.000000,-1119.50,-1119.50
2023-11-15,21757.000000,0,21757.000000,21757.000000,23996.000000,-1119.50,-1119.50
2023-11-16,21757.000000,0,21757.000000,21757.000000,23996.000000,-1119.50,-1119.50
2023-11-17,21757.000000,0,21757.000000,21757.000000,23996.000000,-1119.50,-1119.50
2023-11-19,21757.000000,0,21757.000000,21757.000000,23996.000000,-1119.50,-1119.50
2023-11-20,21757.000000,0,21757.000000,21757.000000,23996.000000,-1119.50,-1119.50
2023-11-21,21757.000000,0,21757.000000,21757.000000,23996.000000,-1119.50,-1119.50
2023-11-22,21757.000000,0,21757.000000,21757.000000,23996.000000,-1119.50,-1119.50
2023-11-23,21757.000000,0,21757.000000,21757.000000,23996.000000,-1119.50,-1119.50
2023-11-24,21757.000000,0,21757.000000,21757.000000,23996.000000,-1119.50,-1119.50
2023-11-26,21757.000000,0,21757.000000,21757.000000,23996.000000,-1119.50,-1119.50
2023-11-27,21757.000000,0,21757.000000,21757.000000,23996.000000,-1119.50,-1119.50
2023-11-28,21757.000000,0,21757.000000,21757.000000,23996.000000,-1119.50,-1119.50
2023-11-29,21757.000000,0,21757.000000,21757.000000,23996.000000,-1119.50,-1119.50
2023-11-30,21757.000000,0,21757.000000,21757.000000,23996.000000,-1119.50,-1119.50
2023-12-01,21757.000000,0,21757.000000,21757.000000,23996.000000,-1119.50,-1119.50
2023-12-03,21757.000000,0,21757.000000,21757.000000,23996.000000,-1119.50,-1119.50
2023-12-04,21757.000000,0,21757.000000,21757.000000,23996.000000,-1119.50,-1119.50
2023-12-05,21757.000000,0,21757.000000,21757.000000,23996.000000,-1119.50,-1119.50
2023-12-06,21757.000000,0,21757.000000,21757.000000,23996.000000,-1119.50,-1119.50
2023-12-07,21757.000000,0,21757.000000,21757.000000,23996.000000,-1119.50,-1119.50
2023-12-08,21757.000000,0,21757.000000,21757.000000,23996.000000,-1119.50,-1119.50
2023-12-10,21757.000000,0,21757.000000,21757.000000,23996.000000,-1119.50,-1119.50
2023-12-11,21757.000000,0,21757.000000,21757.000000,23996.000000,-1119.50,-1119.50
2023-12-12,21757.000000,0,21757.000000,21757.000000,23996.000000,-1119.50,-1119.50
2023-12-13,21757.000000,0,21757.000000,21757.000000,23996.000000,-1119.50,-1119.50
2023-12-14,21757.000000,0,21757.000000,21757.000000,23996.000000,-1119.50,-1119.50
2023-12-15,21757.000000,0,21757.000000,21757.000000,23996.000000,-1119.50,-1119.50
2023-12-17,21757.000000,0,21757.000000,21757.000000,23996.000000,-1119.50,-1119.50
2023-12-18,21757.000000,0,21757.000000,21757.000000,23996.000000,-1119.50,-1119.50
2023-12-19,21757.000000,0,21757.000000,21757.000000,23996.000000,-1119.50,-1119.50
2023-12-20,21757.000000,0,21757.000000,21757.000000,23996.000000,-1119.50,-1119.50
2023-12-21,21757.000000,0,21757.000000,21757.000000,23996.000000,-1119.50,-1119.50
2023-12-22,21757.000000,0,21757.000000,21757.000000,23996.000000,-1119.50,-1119.50
2023-12-25,21757.000000,0,21757.000000,21757.000000,23996.000000,-1119.50,-1119.50
2023-12-26,21757.000000,0,21757.000000,21757.000000,23996.000000,-1119.50,-1119.50
2023-12-27,21757.000000,0,21757.000000,21757.000000,23996.000000,-1119.50,-1119.50
2023-12-28,21757.000000,0,21757.000000,21757.000000,23996.000000,-1119.50,-1119.50
2023-12-29,21757.000000,0,21757.000000,21757.000000,23996.000000,-1119.50,-1119.50
2024-01-01,21757.000000,0,21757.000000,21757.000000,23996.000000,-1119.50,-1119.50
2024-01-02,21757.000000,0,21757.000000,21757.000000,23996.000000,-1119.50,-1119.50
2024-01-03,21757.000000,0,21757.000000,21757.000000,23996.000000,-1119.50,-1119.50
2024-01-04,21757.000000,0,21757.000000,21757.000000,23996.000000,-1119.50,-1119.50
2024-01-05,21757.000000,0,21757.000000,21757.000000,23996.000000,-1119.50,-1119.50
2024-01-07,21757.000000,0,21757.000000,21757.000000,23996.000000,-1119.50,-1119.50
2024-01-08,21757.000000,0,21757.000000,21757.000000,23996.000000,-1119.50,-1119.50
2024-01-09,21757.000000,0,21757.000000,21757.000000,23996.000000,-1119.50,-1119.50
2024-01-10,21757.000000,0,21757.000000,21757.000000,23996.000000,-1119.50,-1119.50
2024-01-11,21757.000000,0,21757.000000,21757.000000,23996.000000,-1119.50,-1119.50
2024-01-12,21757.000000,0,21757.000000,21757.000000,23996.000000,-1119.50,-1119.50
2024-01-14,21757.000000,0,21757.000000,21757.000000,23996.000000,-1119.50,-1119.50
2024-01-15,21757.000000,0,21757.000000,21757.000000,23996.000000,-1119.50,-1119.50
2024-01-16,21757.000000,0,21757.000000,21757.000000,23996.000000,-1119.50,-1119.50
2024-01-17,21757.000000,0,21757.000000,21757.000000,23996.000000,-1119.50,-1119.50
2024-01-18,21757.000000,0,21757.000000,21757.000000,23996.000000,-1119.50,-1119.50
2024-01-19,21757.000000,0,21757.000000,21757.000000,23996.000000,-1119.50,-1119.50
2024-01-21,21757.000000,0,21757.000000,21757.000000,23996.000000,-1119.50,-1119.50
2024-01-22,21757.000000,0,21757.000000,21757.000000,23996.000000,-1119.50,-1119.50
2024-01-23,21757.000000,0,21757.000000,21757.000000,23996.000000,-1119.50,-1119.50
2024-01-24,21757.000000,0,21757.000000,21757.000000,23996.000000,-1119.50,-1119.50
2024-01-25,21757.000000,0,21757.000000,21757.000000,23996.000000,-1119.50,-1119.50
2024-01-26,21757.000000,0,21757.000000,21757.000000,23996.000000,-1119.50,-1119.50
2024-01-28,21757.000000,0,21757.000000,21757.000000,23996.000000,-1119.50,-1119.50
2024-01-29,21757.000000,0,21757.000000,21757.000000,23996.000000,-1119.50,-1119.50
2024-01-30,21757.000000,0,21757.000000,21757.000000,23996.000000,-1119.50,-1119.50
2024-01-31,21757.000000,0,21757.000000,21757.000000,23996.000000,-1119.50,-1119.50
2024-02-01,21757.000000,0,21757.000000,21757.000000,23996.000000,-1119.50,-1119.50
2024-02-02,21757.000000,0,21757.000000,21757.000000,23996.000000,-1119.50,-1119.50
2024-02-04,21757.000000,0,21757.000000,21757.000000,23996.000000,-1119.50,-1119.50
2024-02-05,21757.000000,0,21757.000000,21757.000000,23996.000000,-1119.50,-1119.50
2024-02-06,21757.000000,0,21757.000000,21757.000000,23996.000000,-1119.50,-1119.50
2024-02-07,21757.000000,0,21757.000000,21757.000000,23996.000000,-1119.50,-1119.50
2024-02-08,21757.000000,0,21757.000000,21757.000000,23996.000000,-1119.50,-1119.50
2024-02-09,21757.000000,0,21757.000000,21757.000000,23996.000000,-1119.50,-1119.50
2024-02-11,21757.000000,0,21757.000000,21757.000000,23996.000000,-1119.50,-1119.50
2024-02-12,21757.000000,0,21757.000000,21757.000000,23996.000000,-1119.50,-1119.50
2024-02-13,21757.000000,0,21757.000000,21757.000000,23996.000000,-1119.50,-1119.50
2024-02-14,21757.000000,0,21757.000000,21757.000000,23996.000000,-1119.50,-1119.50
2024-02-15,21757.000000,0,21757.000000,21757.000000,23996.000000,-1119.50,-1119.50
2024-02-16,21757.000000,0,21757.000000,21757.000000,23996.000000,-1119.50,-1119.50
2024-02-18,21757.000000,0,21757.000000,21757.000000,23996.000000,-1119.50,-1119.50
2024-02-19,21757.000000,0,21757.000000,21757.000000,23996.000000,-1119.50,-1119.50
2024-02-20,21757.000000,0,21757.000000,21757.000000,23996.000000,-1119.50,-1119.50
2024-02-21,21757.000000,0,21757.000000,21757.000000,23996.000000,-1119.50,-1119.50
2024-02-22,21757.000000,0,21757.000000,21757.000000,23996.000000,-1119.50,-1119.50
2024-02-23,21757.000000,0,21757.000000,21757.000000,23996.000000,-1119.50,-1119.50
2024-02-25,21757.000000,0,21757.000000,21757.000000,23996.000000,-1119.50,-1119.50
2024-02-26,21757.000000,0,21757.000000,21757.000000,23996.000000,-1119.50,-1119.50
2024-02-27,21757.000000,0,21757.000000,21757.000000,23996.000000,-1119.50,-1119.50
2024-02-28,21757.000000,0,21757.000000,21757.000000,23996.000000,-1119.50,-1119.50
2024-02-29,21757.000000,0,21757.000000,21757.000000,23996.000000,-1119.50,-1119.50
2024-03-01,21757.000000,0,21757.000000,21757.000000,23996.000000,-1119.50,-1119.50
2024-03-03,21757.000000,0,21757.000000,21757.000000,23996.000000,-1119.50,-1119.50
2024-03-04,21757.000000,0,21757.000000,21757.000000,23996.000000,-1119.50,-1119.50
2024-03-05,21757.000000,0,21757.000000,21757.000000,23996.000000,-1119.50,-1119.50
2024-03-06,21757.000000,0,21757.000000,21757.000000,23996.000000,-1119.50,-1119.50
2024-03-07,21757.000000,0,21757.000000,21757.000000,23996.000000,-1119.50,-1119.50
2024-03-08,21757.000000,0,21757.000000,21757.000000,23996.000000,-1119.50,-1119.50
2024-03-10,21757.000000,0,21757.000000,21757.000000,23996.000000,-1119.50,-1119.50
2024-03-11,21757.000000,0,21757.000000,21757.000000,23996.000000,-1119.50,-1119.50
2024-03-12,21757.000000,0,21757.000000,21757.000000,23996.000000,-1119.50,-1119.50
2024-03-13,21757.000000,0,21757.000000,21757.000000,23996.000000,-1119.50,-1119.50
2024-03-14,21757.000000,0,21757.000000,21757.000000,23996.000000,-1119.50,-1119.50
2024-03-15,21757.000000,0,21757.000000,21757.000000,23996.000000,-1119.50,-1119.50
2024-03-17,21757.000000,0,21757.000000,21757.000000,23996.000000,-1119.50,-1119.50
2024-03-18,21757.000000,0,21757.000000,21757.000000,23996.000000,-1119.50,-1119.50
2024-03-19,21757.000000,0,21757.000000,21757.000000,23996.000000,-1119.50,-1119.50
2024-03-20,21757.000000,0,21757.000000,21757.000000,23996.000000,-1119.50,-1119.50
2024-03-21,21757.000000,0,21757.000000,21757.000000,23996.000000,-1119.50,-1119.50
2024-03-22,21757.000000,0,21757.000000,21757.000000,23996.000000,-1119.50,-1119.50
2024-03-24,21757.000000,0,21757.000000,21757.000000,23996.000000,-1119.50,-1119.50
2024-03-25,21757.000000,0,21757.000000,21757.000000,23996.000000,-1119.50,-1119.50
2024-03-26,21757.000000,0,21757.000000,21757.000000,23996.000000,-1119.50,-1119.50
2024-03-27,21757.000000,0,21757.000000,21757.000000,23996.000000,-1119.50,-1119.50
2024-03-28,21757.000000,0,21757.000000,21757.000000,23996.000000,-1119.50,-1119.50
2024-03-31,21757.000000,0,21757.000000,21757.000000,23996.000000,-1119.50,-1119.50
2024-04-01,21757.000000,0,21757.000000,21757.000000,23996.000000,-1119.50,-1119.50
2024-04-02,21757.000000,0,21757.000000,21757.000000,23996.000000,-1119.50,-1119.50
2024-04-03,21757.000000,0,21757.000000,21757.000000,23996.000000,-1119.50,-1119.50
2024-04-04,21757.000000,0,21757.000000,21757.000000,23996.000000,-1119.50,-1119.50
2024-04-05,21757.000000,0,21757.000000,21757.000000,23996.000000,-1119.50,-1119.50
2024-04-07,21757.000000,0,21757.000000,21757.000000,23996.000000,-1119.50,-1119.50
2024-04-08,21757.000000,0,21757.000000,21757.000000,23996.000000,-1119.50,-1119.50
2024-04-09,21757.000000,0,21757.000000,21757.000000,23996.000000,-1119.50,-1119.50
2024-04-10,21757.000000,0,21757.000000,21757.000000,23996.000000,-1119.50,-1119.50
2024-04-11,21757.000000,0,21757.000000,21757.000000,23996.000000,-1119.50,-1119.50
2024-04-12,21757.000000,0,21757.000000,21757.000000,23996.000000,-1119.50,-1119.50
2024-04-14,21757.000000,0,21757.000000,21757.000000,23996.000000,-1119.50,-1119.50
2024-04-15,21757.000000,0,21757.000000,21757.000000,23996.000000,-1119.50,-1119.50
2024-04-16,21757.000000,0,21757.000000,21757.000000,23996.000000,-1119.50,-1119.50
2024-04-17,21757.000000,0,21757.000000,21757.000000,23996.000000,-1119.50,-1119.50
2024-04-18,21757.000000,0,21757.000000,21757.000000,23996.000000,-1119.50,-1119.50
2024-04-19,21757.000000,0,21757.000000,21757.000000,23996.000000,-1119.50,-1119.50
2024-04-21,21757.000000,0,21757.000000,21757.000000,23996.000000,-1119.50,-1119.50
2024-04-22,21757.000000,0,21757.000000,21757.000000,23996.000000,-1119.50,-1119.50
2024-04-23,21757.000000,0,21757.000000,21757.000000,23996.000000,-1119.50,-1119.50
2024-04-24,21757.000000,0,21757.000000,21757.000000,23996.000000,-1119.50,-1119.50
2024-04-25,21757.000000,0,21757.000000,21757.000000,23996.000000,-1119.50,-1119.50
2024-04-26,21757.000000,0,21757.000000,21757.000000,23996.000000,-1119.50,-1119.50
2024-04-28,21757.000000,0,21757.000000,21757.000000,23996.000000,-1119.50,-1119.50
2024-04-29,21757.000000,0,21757.000000,21757.000000,23996.000000,-1119.50,-1119.50
2024-04-30,21757.000000,0,21757.000000,21757.000000,23996.000000,-1119.50,-1119.50
2024-05-01,21757.000000,0,21757.000000,21757.000000,23996.000000,-1119.50,-1119.50
2024-05-02,21757.000000,0,21757.000000,21757.000000,23996.000000,-1119.50,-1119.50
2024-05-03,21757.000000,0,21757.000000,21757.000000,23996.000000,-1119.50,-1119.50
2024-05-05,21757.000000,0,21757.000000,21757.000000,23996.000000,-1119.50,-1119.50
2024-05-06,21757.000000,0,21757.000000,21757.000000,23996.000000,-1119.50,-1119.50
2024-05-07,21757.000000,0,21757.000000,21757.000000,23996.000000,-1119.50,-1119.50
2024-05-08,21757.000000,0,21757.000000,21757.000000,23996.000000,-1119.50,-1119.50
2024-05-09,21757.000000,0,21757.000000,21757.000000,23996.000000,-1119.50,-1119.50
2024-05-10,21757.000000,0,21757.000000,21757.000000,23996.000000,-1119.50,-1119.50
2024-05-12,21757.000000,0,21757.000000,21757.000000,23996.000000,-1119.50,-1119.50
2024-05-13,21757.000000,0,21757.000000,21757.000000,23996.000000,-1119.50,-1119.50
2024-05-14,21757.000000,0,21757.000000,21757.000000,23996.000000,-1119.50,-1119.50
2024-05-15,21757.000000,0,21757.000000,21757.000000,23996.000000,-1119.50,-1119.50
2024-05-16,21757.000000,0,21757.000000,21757.000000,23996.000000,-1119.50,-1119.50
2024-05-17,21757.000000,0,21757.000000,21757.000000,23996.000000,-1119.50,-1119.50
2024-05-19,21757.000000,0,21757.000000,21757.000000,23996.000000,-1119.50,-1119.50
2024-05-20,21757.000000,0,21757.000000,21757.000000,23996.000000,-1119.50,-1119.50
2024-05-21,21757.000000,0,21757.000000,21757.000000,23996.000000,-1119.50,-1119.50
2024-05-22,21757.000000,0,21757.000000,21757.000000,23996.000000,-1119.50,-1119.50
2024-05-23,21757.000000,0,21757.000000,21757.000000,23996.000000,-1119.50,-1119.50
2024-05-24,21757.000000,0,21757.000000,21757.000000,23996.000000,-1119.50,-1119.50
2024-05-26,21757.000000,0,21757.000000,21757.000000,23996.000000,-1119.50,-1119.50
2024-05-27,21757.000000,0,21757.000000,21757.000000,23996.000000,-1119.50,-1119.50
2024-05-28,21757.000000,0,21757.000000,21757.000000,23996.000000,-1119.50,-1119.50
2024-05-29,21757.000000,0,21757.000000,21757.000000,23996.000000,-1119.50,-1119.50
2024-05-30,21757.000000,0,21757.000000,21757.000000,23996.000000,-1119.50,-1119.50
2024-05-31,21757.000000,0,21757.000000,21757.000000,23996.000000,-1119.50,-1119.50
2024-06-02,21757.000000,0,21757.000000,21757.000000,23996.000000,-1119.50,-1119.50
2024-06-03,21757.000000,0,21757.000000,21757.000000,23996.000000,-1119.50,-1119.50
2024-06-04,21757.000000,0,21757.000000,21757.000000,23996.000000,-1119.50,-1119.50
2024-06-05,21757.000000,0,21757.000000,21757.000000,23996.000000,-1119.50,-1119.50
2024-06-06,21757.000000,0,21757.000000,21757.000000,23996.000000,-1119.50,-1119.50
2024-06-07,21757.000000,0,21757.000000,21757.000000,23996.000000,-1119.50,-1119.50
2024-06-09,21757.000000,0,21757.000000,21757.000000,23996.000000,-1119.50,-1119.50
2024-06-10,21757.000000,0,21757.000000,21757.000000,23996.000000,-1119.50,-1119.50
2024-06-11,21757.000000,0,21757.000000,21757.000000,23996.000000,-1119.50,-1119.50
2024-06-12,21757.000000,0,21757.000000,21757.000000,23996.000000,-1119.50,-1119.50
2024-06-13,21757.000000,0,21757.000000,21757.000000,23996.000000,-1119.50,-1119.50
2024-06-14,21757.000000,0,21757.000000,21757.000000,23996.000000,-1119.50,-1119.50
2024-06-16,21757.000000,0,21757.000000,21757.000000,23996.000000,-1119.50,-1119.50
2024-06-17,21757.000000,0,21757.000000,21757.000000,23996.000000,-1119.50,-1119.50
2024-06-18,21757.000000,0,21757.000000,21757.000000,23996.000000,-1119.50,-1119.50
2024-06-19,21757.000000,0,21757.000000,21757.000000,23996.000000,-1119.50,-1119.50
2024-06-20,21757.000000,0,21757.000000,21757.000000,23996.000000,-1119.50,-1119.50
2024-06-21,21757.000000,0,21757.000000,21757.000000,23996.000000,-1119.50,-1119.50
2024-06-23,21757.000000,0,21757.000000,21757.000000,23996.000000,-1119.50,-1119.50
2024-06-24,21757.000000,0,21757.000000,21757.000000,23996.000000,-1119.50,-1119.50
2024-06-25,21757.000000,0,21757.000000,21757.000000,23996.000000,-1119.50,-1119.50
2024-06-26,21757.000000,0,21757.000000,21757.000000,23996.000000,-1119.50,-1119.50
2024-06-27,21757.000000,0,21757.000000,21757.000000,23996.000000,-1119.50,-1119.50
2024-06-28,21757.000000,0,21757.000000,21757.000000,23996.000000,-1119.50,-1119.50
2024-06-30,21757.000000,0,21757.000000,21757.000000,23996.000000,-1119.50,-1119.50
2024-07-01,21757.000000,0,21757.000000,21757.000000,23996.000000,-1119.50,-1119.50
2024-07-02,21757.000000,0,21757.000000,21757.000000,23996.000000,-1119.50,-1119.50
2024-07-03,21757.000000,0,21757.000000,21757.000000,23996.000000,-1119.50,-1119.50
2024-07-04,21757.000000,0,21757.000000,21757.000000,23996.000000,-1119.50,-1119.50
2024-07-05,21757.000000,0,21757.000000,21757.000000,23996.000000,-1119.50,-1119.50
2024-07-07,21757.000000,0,21757.000000,21757.000000,23996.000000,-1119.50,-1119.50
2024-07-08,21757.000000,0,21757.000000,21757.000000,23996.000000,-1119.50,-1119.50
2024-07-09,21757.000000,0,21757.000000,21757.000000,23996.000000,-1119.50,-1119.50
2024-07-10,21757.000000,0,21757.000000,21757.000000,23996.000000,-1119.50,-1119.50
2024-07-11,21757.000000,0,21757.000000,21757.000000,23996.000000,-1119.50,-1119.50
2024-07-12,21757.000000,0,21757.000000,21757.000000,23996.000000,-1119.50,-1119.50
2024-07-14,21757.000000,0,21757.000000,21757.000000,23996.000000,-1119.50,-1119.50
2024-07-15,21757.000000,0,21757.000000,21757.000000,23996.000000,-1119.50,-1119.50
2024-07-16,21757.000000,0,21757.000000,21757.000000,23996.000000,-1119.50,-1119.50
2024-07-17,21757.000000,0,21757.000000,21757.000000,23996.000000,-1119.50,-1119.50
2024-07-18,21757.000000,0,21757.000000,21757.000000,23996.000000,-1119.50,-1119.50
2024-07-19,21757.000000,0,21757.000000,21757.000000,23996.000000,-1119.50,-1119.50
2024-07-21,21757.000000,0,21757.000000,21757.000000,23996.000000,-1119.50,-1119.50
2024-07-22,21757.000000,0,21757.000000,21757.000000,23996.000000,-1119.50,-1119.50
2024-07-23,21757.000000,0,21757.000000,21757.000000,23996.000000,-1119.50,-1119.50
2024-07-24,21757.000000,7,20602.000000,19615.000000,23996.000000,-1697.00,-2190.50
2024-07-25,22891.000000,0,22891.000000,22891.000000,23996.000000,-552.50,-552.50
2024-07-26,22891.000000,0,22891.000000,22891.000000,23996.000000,-552.50,-552.50
2024-07-28,22891.000000,0,22891.000000,22891.000000,23996.000000,-552.50,-552.50
2024-07-29,22891.000000,0,22891.000000,22891.000000,23996.000000,-552.50,-552.50
2024-07-30,22891.000000,0,22891.000000,22891.000000,23996.000000,-552.50,-552.50
2024-07-31,22891.000000,0,22891.000000,22891.000000,23996.000000,-552.50,-552.50
2024-08-01,22891.000000,7,22793.000000,22086.000000,23996.000000,-601.50,-955.00
2024-08-02,28307.000000,0,28307.000000,28307.000000,28307.000000,0.00,0.00
2024-08-04,28307.000000,0,28307.000000,28307.000000,28307.000000,0.00,0.00
2024-08-05,28307.000000,0,28307.000000,28307.000000,28307.000000,0.00,0.00
2024-08-06,28307.000000,0,28307.000000,28307.000000,28307.000000,0.00,0.00
2024-08-07,28307.000000,0,28307.000000,28307.000000,28307.000000,0.00,0.00
2024-08-08,28307.000000,0,28307.000000,28307.000000,28307.000000,0.00,0.00
2024-08-09,28307.000000,0,28307.000000,28307.000000,28307.000000,0.00,0.00
2024-08-11,28307.000000,0,28307.000000,28307.000000,28307.000000,0.00,0.00
2024-08-12,28307.000000,0,28307.000000,28307.000000,28307.000000,0.00,0.00
2024-08-13,28307.000000,0,28307.000000,28307.000000,28307.000000,0.00,0.00
2024-08-14,28307.000000,0,28307.000000,28307.000000,28307.000000,0.00,0.00
2024-08-15,28307.000000,0,28307.000000,28307.000000,28307.000000,0.00,0.00
2024-08-16,28307.000000,0,28307.000000,28307.000000,28307.000000,0.00,0.00
2024-08-18,28307.000000,0,28307.000000,28307.000000,28307.000000,0.00,0.00
2024-08-19,28307.000000,0,28307.000000,28307.000000,28307.000000,0.00,0.00
2024-08-20,28307.000000,0,28307.000000,28307.000000,28307.000000,0.00,0.00
2024-08-21,28307.000000,0,28307.000000,28307.000000,28307.000000,0.00,0.00
2024-08-22,28307.000000,0,28307.000000,28307.000000,28307.000000,0.00,0.00
2024-08-23,28307.000000,0,28307.000000,28307.000000,28307.000000,0.00,0.00
2024-08-25,28307.000000,0,28307.000000,28307.000000,28307.000000,0.00,0.00
2024-08-26,28307.000000,0,28307.000000,28307.000000,28307.000000,0.00,0.00
2024-08-27,28307.000000,0,28307.000000,28307.000000,28307.000000,0.00,0.00
2024-08-28,28307.000000,0,28307.000000,28307.000000,28307.000000,0.00,0.00
2024-08-29,28307.000000,0,28307.000000,28307.000000,28307.000000,0.00,0.00
2024-08-30,28307.000000,0,28307.000000,28307.000000,28307.000000,0.00,0.00
2024-09-01,28307.000000,0,28307.000000,28307.000000,28307.000000,0.00,0.00
2024-09-02,28307.000000,0,28307.000000,28307.000000,28307.000000,0.00,0.00
2024-09-03,28307.000000,0,28307.000000,28307.000000,28307.000000,0.00,0.00
2024-09-04,28307.000000,0,28307.000000,28307.000000,28307.000000,0.00,0.00
2024-09-05,28307.000000,0,28307.000000,28307.000000,28307.000000,0.00,0.00
2024-09-06,28307.000000,7,28055.000000,27649.000000,28307.000000,-126.00,-329.00
2024-09-08,31723.000000,0,31723.000000,31723.000000,31723.000000,0.00,0.00
2024-09-09,31723.000000,0,31723.000000,31723.000000,31723.000000,0.00,0.00
2024-09-10,31723.000000,0,31723.000000,31723.000000,31723.000000,0.00,0.00
2024-09-11,31723.000000,7,35755.000000,29455.000000,35755.000000,0.00,-3150.00
2024-09-12,31723.000000,7,37435.000000,34117.000000,37435.000000,0.00,-1659.00
2024-09-13,34766.000000,3,37967.000000,37115.000000,37967.000000,0.00,-426.00
2024-09-15,34766.000000,3,38102.000000,37865.000000,38102.000000,0.00,-118.50
2024-09-16,34766.000000,3,39767.000000,39080.000000,39767.000000,0.00,-343.50
2024-09-17,34766.000000,3,39917.000000,39371.000000,39917.000000,0.00,-273.00
2024-09-18,34766.000000,3,40244.000000,39245.000000,40244.000000,0.00,-499.50
2024-09-19,34766.000000,3,41000.000000,40100.000000,41000.000000,0.00,-450.00
2024-09-20,34766.000000,3,41003.000000,40436.000000,41003.000000,0.00,-283.50
2024-09-22,34766.000000,3,41216.000000,40886.000000,41216.000000,0.00,-165.00
2024-09-23,34766.000000,3,40967.000000,40652.000000,41216.000000,-124.50,-282.00
2024-09-24,34766.000000,3,41219.000000,40937.000000,41219.000000,0.00,-141.00
2024-09-25,34766.000000,3,40817.000000,40313.000000,41219.000000,-201.00,-453.00
2024-09-26,34766.000000,3,41303.000000,40778.000000,41303.000000,0.00,-262.50
2024-09-27,34766.000000,3,41561.000000,41156.000000,41561.000000,0.00,-202.50
2024-09-29,34766.000000,3,41720.000000,41441.000000,41720.000000,0.00,-139.50
2024-09-30,34766.000000,3,41588.000000,40430.000000,41720.000000,-66.00,-645.00
2024-10-01,34766.000000,3,40949.000000,40448.000000,41720.000000,-385.50,-636.00
2024-10-02,34766.000000,3,41078.000000,40541.000000,41720.000000,-321.00,-589.50
2024-10-03,34766.000000,3,40628.000000,40118.000000,41720.000000,-546.00,-801.00
2024-10-04,34766.000000,3,41588.000000,40448.000000,41720.000000,-66.00,-636.00
2024-10-06,34766.000000,3,41600.000000,41543.000000,41720.000000,-60.00,-88.50
2024-10-07,34766.000000,3,40334.000000,39959.000000,41720.000000,-693.00,-880.50
2024-10-08,34766.000000,3,40694.000000,40178.000000,41720.000000,-513.00,-771.00
2024-10-09,34766.000000,3,42194.000000,40454.000000,42194.000000,0.00,-870.00
2024-10-10,34766.000000,3,41966.000000,41450.000000,42194.000000,-114.00,-372.00
2024-10-11,34766.000000,3,43004.000000,41696.000000,43004.000000,0.00,-654.00
2024-10-13,34766.000000,3,43124.000000,42962.000000,43124.000000,0.00,-81.00
2024-10-14,34766.000000,3,43952.000000,42650.000000,43952.000000,0.00,-651.00
2024-10-15,40870.000000,1,43527.000000,43479.000000,43952.000000,-212.50,-236.50
2024-10-16,40870.000000,1,43795.000000,43448.000000,43952.000000,-78.50,-252.00
2024-10-17,40870.000000,1,43992.000000,43767.000000,43992.000000,0.00,-112.50
2024-10-18,40870.000000,1,44046.000000,43800.000000,44046.000000,0.00,-123.00
2024-10-20,40870.000000,1,44058.000000,44052.000000,44058.000000,0.00,-3.00
2024-10-21,40870.000000,1,43625.000000,43618.000000,44058.000000,-216.50,-220.00
2024-10-22,40870.000000,1,43547.000000,43457.000000,44058.000000,-255.50,-300.50
2024-10-23,40870.000000,1,43185.000000,43024.000000,44058.000000,-436.50,-517.00
2024-10-24,40870.000000,1,43096.000000,42921.000000,44058.000000,-481.00,-568.50
2024-10-25,40870.000000,1,42799.000000,42758.000000,44058.000000,-629.50,-650.00
2024-10-27,40870.000000,1,42994.000000,42863.000000,44058.000000,-532.00,-597.50
2024-10-28,40870.000000,1,43033.000000,42915.000000,44058.000000,-512.50,-571.50
2024-10-29,40870.000000,1,42973.000000,42876.000000,44058.000000,-542.50,-591.00
2024-10-30,40870.000000,1,42813.000000,42791.000000,44058.000000,-622.50,-633.50
2024-10-31,40870.000000,1,42498.000000,42385.000000,44058.000000,-780.00,-836.50
2024-11-01,40870.000000,1,42717.000000,42450.000000,44058.000000,-670.50,-804.00
2024-11-03,40870.000000,1,42700.000000,42556.000000,44058.000000,-679.00,-751.00
2024-11-04,40870.000000,1,42476.000000,42304.000000,44058.000000,-791.00,-877.00
2024-11-05,40870.000000,1,43449.000000,42430.000000,44058.000000,-304.50,-814.00
2024-11-06,40870.000000,1,44514.000000,43356.000000,44514.000000,0.00,-579.00
2024-11-07,40870.000000,1,44403.000000,44316.000000,44514.000000,-55.50,-99.00
2024-11-08,40870.000000,1,44647.000000,44364.000000,44647.000000,0.00,-141.50
2024-11-10,40870.000000,1,44683.000000,44655.000000,44683.000000,0.00,-14.00
2024-11-11,40870.000000,1,44899.000000,44678.000000,44899.000000,0.00,-110.50
2024-11-12,40870.000000,1,44525.000000,44516.000000,44899.000000,-187.00,-191.50
2024-11-13,40870.000000,1,44590.000000,44408.000000,44899.000000,-154.50,-245.50
2024-11-14,40870.000000,1,44305.000000,44274.000000,44899.000000,-297.00,-312.50
2024-11-15,40870.000000,1,44096.000000,43989.000000,44899.000000,-401.50,-455.00
2024-11-17,40870.000000,1,44083.000000,44027.000000,44899.000000,-408.00,-436.00
2024-11-18,40870.000000,1,44113.000000,43910.000000,44899.000000,-393.00,-494.50
2024-11-19,40870.000000,1,44000.000000,43504.000000,44899.000000,-449.50,-697.50
2024-11-20,40870.000000,1,44009.000000,43693.000000,44899.000000,-445.00,-603.00
2024-11-21,40870.000000,1,44501.000000,43894.000000,44899.000000,-199.00,-502.50
2024-11-22,40870.000000,1,44958.000000,44330.000000,44958.000000,0.00,-314.00
2024-11-24,40870.000000,1,45158.000000,44992.000000,45158.000000,0.00,-83.00
2024-11-25,40870.000000,1,45346.000000,45120.000000,45346.000000,0.00,-113.00
2024-11-26,40870.000000,1,45488.000000,45043.000000,45488.000000,0.00,-222.50
2024-11-27,40870.000000,1,45395.000000,45301.000000,45488.000000,-46.50,-93.50
2024-11-28,40870.000000,1,45477.000000,45334.000000,45488.000000,-5.50,-77.00
2024-11-29,40870.000000,1,45567.000000,45366.000000,45567.000000,0.00,-100.50
2024-12-01,40870.000000,1,45487.000000,45477.000000,45567.000000,-40.00,-45.00
2024-12-02,40870.000000,1,45409.000000,45331.000000,45567.000000,-79.00,-118.00
2024-12-03,40870.000000,1,45454.000000,45193.000000,45567.000000,-56.50,-187.00
2024-12-04,40870.000000,1,45599.000000,45386.000000,45599.000000,0.00,-106.50
2024-12-05,40870.000000,1,45337.000000,45308.000000,45599.000000,-131.00,-145.50
2024-12-06,40870.000000,1,45203.000000,45173.000000,45599.000000,-198.00,-213.00
2024-12-08,40870.000000,1,45182.000000,45162.000000,45599.000000,-208.50,-218.50
2024-12-09,40870.000000,1,44972.000000,44946.000000,45599.000000,-313.50,-326.50
2024-12-10,40870.000000,1,44834.000000,44774.000000,45599.000000,-382.50,-412.50
2024-12-11,40870.000000,1,44644.000000,44623.000000,45599.000000,-477.50,-488.00
2024-12-12,40870.000000,1,44495.000000,44428.000000,45599.000000,-552.00,-585.50
2024-12-13,40870.000000,1,44356.000000,44320.000000,45599.000000,-621.50,-639.50
2024-12-15,40870.000000,1,44893.000000,44812.000000,45599.000000,-353.00,-393.50
2024-12-16,40870.000000,1,44731.000000,44691.000000,45599.000000,-434.00,-454.00
2024-12-17,40870.000000,1,44568.000000,44372.000000,45599.000000,-515.50,-613.50
2024-12-18,40870.000000,1,43381.000000,43154.000000,45599.000000,-1109.00,-1222.50
2024-12-19,40870.000000,1,43198.000000,43113.000000,45599.000000,-1200.50,-1243.00
2024-12-20,40870.000000,1,43796.000000,43008.000000,45599.000000,-901.50,-1295.50
2024-12-22,40870.000000,1,43964.000000,43854.000000,45599.000000,-817.50,-872.50
2024-12-23,40870.000000,1,43830.000000,43440.000000,45599.000000,-884.50,-1079.50
2024-12-24,40870.000000,1,44147.000000,43756.000000,45599.000000,-726.00,-921.50
2024-12-25,40870.000000,1,44128.000000,44092.000000,45599.000000,-735.50,-753.50
2024-12-26,40870.000000,1,44147.000000,43942.000000,45599.000000,-726.00,-828.50
2024-12-27,40870.000000,1,43864.000000,43587.000000,45599.000000,-867.50,-1006.00
2024-12-29,40870.000000,1,43775.000000,43761.000000,45599.000000,-912.00,-919.00
2024-12-30,40870.000000,1,43430.000000,43094.000000,45599.000000,-1084.50,-1252.50
2024-12-31,40870.000000,1,43380.000000,43234.000000,45599.000000,-1109.50,-1182.50
2025-01-01,40870.000000,1,43494.000000,43219.000000,45599.000000,-1052.50,-1190.00
2025-01-02,43396.000000,0,43396.000000,43396.000000,45599.000000,-1101.50,-1101.50
2025-01-03,43396.000000,0,43396.000000,43396.000000,45599.000000,-1101.50,-1101.50
2025-01-05,43396.000000,0,43396.000000,43396.000000,45599.000000,-1101.50,-1101.50
2025-01-06,43396.000000,0,43396.000000,43396.000000,45599.000000,-1101.50,-1101.50
2025-01-07,43396.000000,0,43396.000000,43396.000000,45599.000000,-1101.50,-1101.50
2025-01-08,43396.000000,0,43396.000000,43396.000000,45599.000000,-1101.50,-1101.50
2025-01-09,43396.000000,0,43396.000000,43396.000000,45599.000000,-1101.50,-1101.50
2025-01-10,43396.000000,0,43396.000000,43396.000000,45599.000000,-1101.50,-1101.50
2025-01-12,43396.000000,0,43396.000000,43396.000000,45599.000000,-1101.50,-1101.50
2025-01-13,43396.000000,0,43396.000000,43396.000000,45599.000000,-1101.50,-1101.50
2025-01-14,43396.000000,0,43396.000000,43396.000000,45599.000000,-1101.50,-1101.50
2025-01-15,43396.000000,0,43396.000000,43396.000000,45599.000000,-1101.50,-1101.50
2025-01-16,43396.000000,0,43396.000000,43396.000000,45599.000000,-1101.50,-1101.50
2025-01-17,43396.000000,0,43396.000000,43396.000000,45599.000000,-1101.50,-1101.50
2025-01-19,43396.000000,0,43396.000000,43396.000000,45599.000000,-1101.50,-1101.50
2025-01-20,43396.000000,0,43396.000000,43396.000000,45599.000000,-1101.50,-1101.50
2025-01-21,43396.000000,0,43396.000000,43396.000000,45599.000000,-1101.50,-1101.50
2025-01-22,43396.000000,0,43396.000000,43396.000000,45599.000000,-1101.50,-1101.50
2025-01-23,43396.000000,0,43396.000000,43396.000000,45599.000000,-1101.50,-1101.50
2025-01-24,43396.000000,0,43396.000000,43396.000000,45599.000000,-1101.50,-1101.50
2025-01-26,43396.000000,0,43396.000000,43396.000000,45599.000000,-1101.50,-1101.50
2025-01-27,43396.000000,0,43396.000000,43396.000000,45599.000000,-1101.50,-1101.50
2025-01-28,43396.000000,0,43396.000000,43396.000000,45599.000000,-1101.50,-1101.50
2025-01-29,43396.000000,0,43396.000000,43396.000000,45599.000000,-1101.50,-1101.50
2025-01-30,43396.000000,0,43396.000000,43396.000000,45599.000000,-1101.50,-1101.50
2025-01-31,43396.000000,0,43396.000000,43396.000000,45599.000000,-1101.50,-1101.50
2025-02-02,43396.000000,0,43396.000000,43396.000000,45599.000000,-1101.50,-1101.50
2025-02-03,43396.000000,0,43396.000000,43396.000000,45599.000000,-1101.50,-1101.50
2025-02-04,43396.000000,0,43396.000000,43396.000000,45599.000000,-1101.50,-1101.50
2025-02-05,43396.000000,0,43396.000000,43396.000000,45599.000000,-1101.50,-1101.50
2025-02-06,43396.000000,0,43396.000000,43396.000000,45599.000000,-1101.50,-1101.50
2025-02-07,43396.000000,0,43396.000000,43396.000000,45599.000000,-1101.50,-1101.50
2025-02-09,43396.000000,0,43396.000000,43396.000000,45599.000000,-1101.50,-1101.50
2025-02-10,43396.000000,0,43396.000000,43396.000000,45599.000000,-1101.50,-1101.50
2025-02-11,43396.000000,0,43396.000000,43396.000000,45599.000000,-1101.50,-1101.50
2025-02-12,43396.000000,0,43396.000000,43396.000000,45599.000000,-1101.50,-1101.50
2025-02-13,43396.000000,0,43396.000000,43396.000000,45599.000000,-1101.50,-1101.50
2025-02-14,43396.000000,0,43396.000000,43396.000000,45599.000000,-1101.50,-1101.50
2025-02-16,43396.000000,0,43396.000000,43396.000000,45599.000000,-1101.50,-1101.50
2025-02-17,43396.000000,0,43396.000000,43396.000000,45599.000000,-1101.50,-1101.50
2025-02-18,43396.000000,0,43396.000000,43396.000000,45599.000000,-1101.50,-1101.50
2025-02-19,43396.000000,0,43396.000000,43396.000000,45599.000000,-1101.50,-1101.50
2025-02-20,43396.000000,0,43396.000000,43396.000000,45599.000000,-1101.50,-1101.50
2025-02-21,43396.000000,0,43396.000000,43396.000000,45599.000000,-1101.50,-1101.50
2025-02-23,43396.000000,0,43396.000000,43396.000000,45599.000000,-1101.50,-1101.50
2025-02-24,43396.000000,0,43396.000000,43396.000000,45599.000000,-1101.50,-1101.50
2025-02-25,43396.000000,0,43396.000000,43396.000000,45599.000000,-1101.50,-1101.50
2025-02-26,43396.000000,0,43396.000000,43396.000000,45599.000000,-1101.50,-1101.50
2025-02-27,43396.000000,0,43396.000000,43396.000000,45599.000000,-1101.50,-1101.50
2025-02-28,43396.000000,0,43396.000000,43396.000000,45599.000000,-1101.50,-1101.50
2025-03-02,43396.000000,0,43396.000000,43396.000000,45599.000000,-1101.50,-1101.50
2025-03-03,43396.000000,0,43396.000000,43396.000000,45599.000000,-1101.50,-1101.50
2025-03-04,43396.000000,0,43396.000000,43396.000000,45599.000000,-1101.50,-1101.50
2025-03-05,43396.000000,0,43396.000000,43396.000000,45599.000000,-1101.50,-1101.50
2025-03-06,43396.000000,0,43396.000000,43396.000000,45599.000000,-1101.50,-1101.50
2025-03-07,43396.000000,0,43396.000000,43396.000000,45599.000000,-1101.50,-1101.50
2025-03-09,43396.000000,0,43396.000000,43396.000000,45599.000000,-1101.50,-1101.50
2025-03-10,43396.000000,0,43396.000000,43396.000000,45599.000000,-1101.50,-1101.50
2025-03-11,43396.000000,0,43396.000000,43396.000000,45599.000000,-1101.50,-1101.50
2025-03-12,43396.000000,0,43396.000000,43396.000000,45599.000000,-1101.50,-1101.50
2025-03-13,43396.000000,0,43396.000000,43396.000000,45599.000000,-1101.50,-1101.50
2025-03-14,43396.000000,0,43396.000000,43396.000000,45599.000000,-1101.50,-1101.50
2025-03-16,43396.000000,0,43396.000000,43396.000000,45599.000000,-1101.50,-1101.50
2025-03-17,43396.000000,0,43396.000000,43396.000000,45599.000000,-1101.50,-1101.50
2025-03-18,43396.000000,0,43396.000000,43396.000000,45599.000000,-1101.50,-1101.50
2025-03-19,43396.000000,0,43396.000000,43396.000000,45599.000000,-1101.50,-1101.50
2025-03-20,43396.000000,0,43396.000000,43396.000000,45599.000000,-1101.50,-1101.50
2025-03-21,43396.000000,0,43396.000000,43396.000000,45599.000000,-1101.50,-1101.50
2025-03-23,43396.000000,0,43396.000000,43396.000000,45599.000000,-1101.50,-1101.50
2025-03-24,43396.000000,0,43396.000000,43396.000000,45599.000000,-1101.50,-1101.50
2025-03-25,43396.000000,0,43396.000000,43396.000000,45599.000000,-1101.50,-1101.50
2025-03-26,43396.000000,0,43396.000000,43396.000000,45599.000000,-1101.50,-1101.50
2025-03-27,43396.000000,0,43396.000000,43396.000000,45599.000000,-1101.50,-1101.50
2025-03-28,43396.000000,0,43396.000000,43396.000000,45599.000000,-1101.50,-1101.50
2025-03-30,43396.000000,0,43396.000000,43396.000000,45599.000000,-1101.50,-1101.50
2025-03-31,43396.000000,0,43396.000000,43396.000000,45599.000000,-1101.50,-1101.50
2025-04-01,43396.000000,0,43396.000000,43396.000000,45599.000000,-1101.50,-1101.50
2025-04-02,43396.000000,0,43396.000000,43396.000000,45599.000000,-1101.50,-1101.50
2025-04-03,43396.000000,0,43396.000000,43396.000000,45599.000000,-1101.50,-1101.50
2025-04-04,43396.000000,7,59251.000000,43382.000000,59251.000000,0.00,-7934.50
2025-04-06,47902.000000,3,57613.000000,56233.000000,59251.000000,-819.00,-1509.00
2025-04-07,47902.000000,3,53458.000000,51748.000000,59251.000000,-2896.50,-3751.50
2025-04-08,47902.000000,3,58345.000000,51079.000000,59251.000000,-453.00,-4086.00
2025-04-09,47902.000000,3,47635.000000,46597.000000,59251.000000,-5808.00,-6327.00
2025-04-10,58348.000000,0,58348.000000,58348.000000,59251.000000,-451.50,-451.50
2025-04-11,58348.000000,0,58348.000000,58348.000000,59251.000000,-451.50,-451.50
2025-04-13,58348.000000,7,59755.000000,56696.000000,59755.000000,0.00,-1529.50
2025-04-14,58348.000000,7,58229.000000,56367.000000,59755.000000,-763.00,-1694.00
2025-04-15,59685.000000,0,59685.000000,59685.000000,59755.000000,-35.00,-35.00
2025-04-16,59685.000000,7,63871.000000,59650.000000,63871.000000,0.00,-2110.50
2025-04-17,59685.000000,7,68806.000000,62604.000000,68806.000000,0.00,-3101.00
2025-04-20,64191.000000,3,69318.000000,68388.000000,69318.000000,0.00,-465.00
2025-04-21,64191.000000,3,70977.000000,69120.000000,70977.000000,0.00,-928.50
2025-04-22,64191.000000,3,66903.000000,66141.000000,70977.000000,-2037.00,-2418.00
2025-04-23,64191.000000,3,67335.000000,64641.000000,70977.000000,-1821.00,-3168.00
2025-04-24,64191.000000,3,65409.000000,65100.000000,70977.000000,-2784.00,-2938.50
2025-04-25,64191.000000,3,65475.000000,65175.000000,70977.000000,-2751.00,-2901.00
2025-04-27,64191.000000,3,66069.000000,65556.000000,70977.000000,-2454.00,-2710.50
2025-04-28,64191.000000,3,65058.000000,64617.000000,70977.000000,-2959.50,-3180.00
2025-04-29,64191.000000,3,64635.000000,63984.000000,70977.000000,-3171.00,-3496.50
2025-04-30,64191.000000,3,63276.000000,63264.000000,70977.000000,-3850.50,-3856.50
2025-05-01,64626.000000,0,64626.000000,64626.000000,70977.000000,-3175.50,-3175.50
2025-05-02,64626.000000,0,64626.000000,64626.000000,70977.000000,-3175.50,-3175.50
2025-05-04,64626.000000,0,64626.000000,64626.000000,70977.000000,-3175.50,-3175.50
2025-05-05,64626.000000,0,64626.000000,64626.000000,70977.000000,-3175.50,-3175.50
2025-05-06,64626.000000,0,64626.000000,64626.000000,70977.000000,-3175.50,-3175.50
2025-05-07,64626.000000,0,64626.000000,64626.000000,70977.000000,-3175.50,-3175.50
2025-05-08,64626.000000,0,64626.000000,64626.000000,70977.000000,-3175.50,-3175.50
2025-05-09,64626.000000,0,64626.000000,64626.000000,70977.000000,-3175.50,-3175.50
2025-05-11,64626.000000,0,64626.000000,64626.000000,70977.000000,-3175.50,-3175.50
2025-05-12,64626.000000,0,64626.000000,64626.000000,70977.000000,-3175.50,-3175.50
2025-05-13,64626.000000,0,64626.000000,64626.000000,70977.000000,-3175.50,-3175.50
2025-05-14,64626.000000,0,64626.000000,64626.000000,70977.000000,-3175.50,-3175.50
2025-05-15,64626.000000,0,64626.000000,64626.000000,70977.000000,-3175.50,-3175.50
2025-05-16,64626.000000,0,64626.000000,64626.000000,70977.000000,-3175.50,-3175.50
2025-05-18,64626.000000,0,64626.000000,64626.000000,70977.000000,-3175.50,-3175.50
2025-05-19,64626.000000,0,64626.000000,64626.000000,70977.000000,-3175.50,-3175.50
2025-05-20,64626.000000,0,64626.000000,64626.000000,70977.000000,-3175.50,-3175.50
2025-05-21,64626.000000,0,64626.000000,64626.000000,70977.000000,-3175.50,-3175.50
2025-05-22,64626.000000,0,64626.000000,64626.000000,70977.000000,-3175.50,-3175.50
2025-05-23,64626.000000,0,64626.000000,64626.000000,70977.000000,-3175.50,-3175.50
2025-05-25,64626.000000,0,64626.000000,64626.000000,70977.000000,-3175.50,-3175.50
2025-05-26,64626.000000,0,64626.000000,64626.000000,70977.000000,-3175.50,-3175.50
2025-05-27,64626.000000,0,64626.000000,64626.000000,70977.000000,-3175.50,-3175.50
2025-05-28,64626.000000,0,64626.000000,64626.000000,70977.000000,-3175.50,-3175.50
2025-05-29,64626.000000,0,64626.000000,64626.000000,70977.000000,-3175.50,-3175.50
2025-05-30,64626.000000,0,64626.000000,64626.000000,70977.000000,-3175.50,-3175.50
2025-06-01,64626.000000,0,64626.000000,64626.000000,70977.000000,-3175.50,-3175.50
2025-06-02,64626.000000,0,64626.000000,64626.000000,70977.000000,-3175.50,-3175.50
2025-06-03,64626.000000,0,64626.000000,64626.000000,70977.000000,-3175.50,-3175.50
2025-06-04,64626.000000,0,64626.000000,64626.000000,70977.000000,-3175.50,-3175.50
2025-06-05,64626.000000,0,64626.000000,64626.000000,70977.000000,-3175.50,-3175.50
2025-06-06,64626.000000,0,64626.000000,64626.000000,70977.000000,-3175.50,-3175.50
2025-06-08,64626.000000,0,64626.000000,64626.000000,70977.000000,-3175.50,-3175.50
2025-06-09,64626.000000,0,64626.000000,64626.000000,70977.000000,-3175.50,-3175.50
2025-06-10,64626.000000,0,64626.000000,64626.000000,70977.000000,-3175.50,-3175.50
2025-06-11,64626.000000,0,64626.000000,64626.000000,70977.000000,-3175.50,-3175.50
2025-06-12,64626.000000,0,64626.000000,64626.000000,70977.000000,-3175.50,-3175.50
2025-06-13,64626.000000,0,64626.000000,64626.000000,70977.000000,-3175.50,-3175.50
2025-06-15,64626.000000,0,64626.000000,64626.000000,70977.000000,-3175.50,-3175.50
2025-06-16,64626.000000,0,64626.000000,64626.000000,70977.000000,-3175.50,-3175.50
2025-06-17,64626.000000,0,64626.000000,64626.000000,70977.000000,-3175.50,-3175.50
2025-06-18,64626.000000,0,64626.000000,64626.000000,70977.000000,-3175.50,-3175.50
2025-06-19,64626.000000,0,64626.000000,64626.000000,70977.000000,-3175.50,-3175.50
2025-06-20,64626.000000,0,64626.000000,64626.000000,70977.000000,-3175.50,-3175.50
2025-06-22,64626.000000,0,64626.000000,64626.000000,70977.000000,-3175.50,-3175.50
2025-06-23,64626.000000,0,64626.000000,64626.000000,70977.000000,-3175.50,-3175.50
2025-06-24,64626.000000,0,64626.000000,64626.000000,70977.000000,-3175.50,-3175.50
2025-06-25,64626.000000,0,64626.000000,64626.000000,70977.000000,-3175.50,-3175.50
2025-06-26,64626.000000,0,64626.000000,64626.000000,70977.000000,-3175.50,-3175.50
2025-06-27,64626.000000,0,64626.000000,64626.000000,70977.000000,-3175.50,-3175.50
2025-06-29,64626.000000,0,64626.000000,64626.000000,70977.000000,-3175.50,-3175.50
2025-06-30,64626.000000,0,64626.000000,64626.000000,70977.000000,-3175.50,-3175.50
2025-07-01,64626.000000,0,64626.000000,64626.000000,70977.000000,-3175.50,-3175.50
2025-07-02,64626.000000,0,64626.000000,64626.000000,70977.000000,-3175.50,-3175.50
2025-07-03,64626.000000,0,64626.000000,64626.000000,70977.000000,-3175.50,-3175.50
2025-07-04,64626.000000,0,64626.000000,64626.000000,70977.000000,-3175.50,-3175.50
2025-07-06,64626.000000,0,64626.000000,64626.000000,70977.000000,-3175.50,-3175.50
2025-07-07,64626.000000,0,64626.000000,64626.000000,70977.000000,-3175.50,-3175.50
2025-07-08,64626.000000,0,64626.000000,64626.000000,70977.000000,-3175.50,-3175.50
2025-07-09,64626.000000,0,64626.000000,64626.000000,70977.000000,-3175.50,-3175.50
2025-07-10,64626.000000,0,64626.000000,64626.000000,70977.000000,-3175.50,-3175.50
2025-07-11,64626.000000,0,64626.000000,64626.000000,70977.000000,-3175.50,-3175.50
2025-07-13,64626.000000,0,64626.000000,64626.000000,70977.000000,-3175.50,-3175.50
2025-07-14,64626.000000,0,64626.000000,64626.000000,70977.000000,-3175.50,-3175.50
2025-07-15,64626.000000,0,64626.000000,64626.000000,70977.000000,-3175.50,-3175.50
2025-07-16,64626.000000,0,64626.000000,64626.000000,70977.000000,-3175.50,-3175.50
2025-07-17,64626.000000,0,64626.000000,64626.000000,70977.000000,-3175.50,-3175.50
2025-07-18,64626.000000,0,64626.000000,64626.000000,70977.000000,-3175.50,-3175.50
2025-07-20,64626.000000,0,64626.000000,64626.000000,70977.000000,-3175.50,-3175.50
2025-07-21,64626.000000,0,64626.000000,64626.000000,70977.000000,-3175.50,-3175.50
2025-07-22,64626.000000,0,64626.000000,64626.000000,70977.000000,-3175.50,-3175.50
2025-07-23,64626.000000,0,64626.000000,64626.000000,70977.000000,-3175.50,-3175.50
2025-07-24,64626.000000,0,64626.000000,64626.000000,70977.000000,-3175.50,-3175.50
2025-07-25,64626.000000,0,64626.000000,64626.000000,70977.000000,-3175.50,-3175.50
2025-07-27,64626.000000,0,64626.000000,64626.000000,70977.000000,-3175.50,-3175.50
2025-07-28,64626.000000,7,63387.000000,62421.000000,70977.000000,-3795.00,-4278.00
2025-07-29,64815.000000,0,64815.000000,64815.000000,70977.000000,-3081.00,-3081.00
2025-07-30,64815.000000,0,64815.000000,64815.000000,70977.000000,-3081.00,-3081.00
2025-07-31,64815.000000,0,64815.000000,64815.000000,70977.000000,-3081.00,-3081.00
2025-08-01,64815.000000,0,64815.000000,64815.000000,70977.000000,-3081.00,-3081.00
2025-08-03,64815.000000,0,64815.000000,64815.000000,70977.000000,-3081.00,-3081.00
2025-08-04,64815.000000,0,64815.000000,64815.000000,70977.000000,-3081.00,-3081.00
2025-08-05,64815.000000,0,64815.000000,64815.000000,70977.000000,-3081.00,-3081.00
2025-08-06,64815.000000,0,64815.000000,64815.000000,70977.000000,-3081.00,-3081.00
2025-08-07,64815.000000,0,64815.000000,64815.000000,70977.000000,-3081.00,-3081.00
2025-08-08,64815.000000,0,64815.000000,64815.000000,70977.000000,-3081.00,-3081.00
2025-08-10,64815.000000,0,64815.000000,64815.000000,70977.000000,-3081.00,-3081.00
2025-08-11,64815.000000,0,64815.000000,64815.000000,70977.000000,-3081.00,-3081.00
2025-08-12,64815.000000,0,64815.000000,64815.000000,70977.000000,-3081.00,-3081.00
2025-08-13,64815.000000,0,64815.000000,64815.000000,70977.000000,-3081.00,-3081.00
2025-08-14,64815.000000,0,64815.000000,64815.000000,70977.000000,-3081.00,-3081.00
2025-08-15,64815.000000,7,63303.000000,63100.000000,70977.000000,-3837.00,-3938.50
2025-08-17,65200.000000,0,65200.000000,65200.000000,70977.000000,-2888.50,-2888.50
2025-08-18,65200.000000,0,65200.000000,65200.000000,70977.000000,-2888.50,-2888.50
2025-08-19,65200.000000,0,65200.000000,65200.000000,70977.000000,-2888.50,-2888.50
2025-08-20,65200.000000,0,65200.000000,65200.000000,70977.000000,-2888.50,-2888.50
2025-08-21,65200.000000,0,65200.000000,65200.000000,70977.000000,-2888.50,-2888.50
2025-08-22,65200.000000,0,65200.000000,65200.000000,70977.000000,-2888.50,-2888.50
2025-08-24,65200.000000,0,65200.000000,65200.000000,70977.000000,-2888.50,-2888.50
2025-08-25,65200.000000,7,65676.000000,65046.000000,70977.000000,-2650.50,-2965.50
2025-08-26,65200.000000,7,67342.000000,64906.000000,70977.000000,-1817.50,-3035.50
2025-08-27,65200.000000,7,68700.000000,66733.000000,70977.000000,-1138.50,-2122.00
2025-08-28,65200.000000,7,68098.000000,67125.000000,70977.000000,-1439.50,-1926.00
2025-08-29,65200.000000,7,68042.000000,66649.000000,70977.000000,-1467.50,-2164.00
2025-08-31,65200.000000,7,67825.000000,67601.000000,70977.000000,-1576.00,-1688.00
2025-09-01,65200.000000,7,67762.000000,67314.000000,70977.000000,-1607.50,-1831.50
2025-09-02,65200.000000,7,65095.000000,63632.000000,70977.000000,-2941.00,-3672.50
2025-09-03,67720.000000,0,67720.000000,67720.000000,70977.000000,-1628.50,-1628.50
2025-09-04,67720.000000,0,67720.000000,67720.000000,70977.000000,-1628.50,-1628.50
2025-09-05,67720.000000,0,67720.000000,67720.000000,70977.000000,-1628.50,-1628.50
2025-09-07,67720.000000,0,67720.000000,67720.000000,70977.000000,-1628.50,-1628.50
2025-09-08,67720.000000,0,67720.000000,67720.000000,70977.000000,-1628.50,-1628.50
2025-09-09,67720.000000,0,67720.000000,67720.000000,70977.000000,-1628.50,-1628.50
2025-09-10,67720.000000,0,67720.000000,67720.000000,70977.000000,-1628.50,-1628.50
2025-09-11,67720.000000,0,67720.000000,67720.000000,70977.000000,-1628.50,-1628.50
2025-09-12,67720.000000,0,67720.000000,67720.000000,70977.000000,-1628.50,-1628.50
2025-09-14,67720.000000,0,67720.000000,67720.000000,70977.000000,-1628.50,-1628.50
2025-09-15,67720.000000,0,67720.000000,67720.000000,70977.000000,-1628.50,-1628.50
2025-09-16,67720.000000,0,67720.000000,67720.000000,70977.000000,-1628.50,-1628.50
2025-09-17,67720.000000,0,67720.000000,67720.000000,70977.000000,-1628.50,-1628.50
2025-09-18,67720.000000,0,67720.000000,67720.000000,70977.000000,-1628.50,-1628.50
2025-09-19,67720.000000,0,67720.000000,67720.000000,70977.000000,-1628.50,-1628.50
2025-09-21,67720.000000,0,67720.000000,67720.000000,70977.000000,-1628.50,-1628.50
2025-09-22,67720.000000,0,67720.000000,67720.000000,70977.000000,-1628.50,-1628.50
2025-09-23,67720.000000,0,67720.000000,67720.000000,70977.000000,-1628.50,-1628.50
2025-09-24,67720.000000,0,67720.000000,67720.000000,70977.000000,-1628.50,-1628.50
2025-09-25,67720.000000,0,67720.000000,67720.000000,70977.000000,-1628.50,-1628.50
2025-09-26,67720.000000,0,67720.000000,67720.000000,70977.000000,-1628.50,-1628.50
2025-09-28,67720.000000,0,67720.000000,67720.000000,70977.000000,-1628.50,-1628.50
2025-09-29,67720.000000,0,67720.000000,67720.000000,70977.000000,-1628.50,-1628.50
2025-09-30,67720.000000,0,67720.000000,67720.000000,70977.000000,-1628.50,-1628.50
2025-10-01,67720.000000,0,67720.000000,67720.000000,70977.000000,-1628.50,-1628.50
2025-10-02,67720.000000,0,67720.000000,67720.000000,70977.000000,-1628.50,-1628.50
2025-10-03,67720.000000,0,67720.000000,67720.000000,70977.000000,-1628.50,-1628.50
2025-10-05,67720.000000,0,67720.000000,67720.000000,70977.000000,-1628.50,-1628.50
2025-10-06,67720.000000,0,67720.000000,67720.000000,70977.000000,-1628.50,-1628.50
2025-10-07,67720.000000,0,67720.000000,67720.000000,70977.000000,-1628.50,-1628.50
2025-10-08,67720.000000,0,67720.000000,67720.000000,70977.000000,-1628.50,-1628.50
2025-10-09,67720.000000,0,67720.000000,67720.000000,70977.000000,-1628.50,-1628.50
2025-10-10,67720.000000,0,67720.000000,67720.000000,70977.000000,-1628.50,-1628.50
2025-10-12,67720.000000,0,67720.000000,67720.000000,70977.000000,-1628.50,-1628.50
2025-10-13,67720.000000,0,67720.000000,67720.000000,70977.000000,-1628.50,-1628.50
2025-10-14,67720.000000,0,67720.000000,67720.000000,70977.000000,-1628.50,-1628.50
2025-10-15,67720.000000,0,67720.000000,67720.000000,70977.000000,-1628.50,-1628.50
2025-10-16,67720.000000,0,67720.000000,67720.000000,70977.000000,-1628.50,-1628.50
2025-10-17,67720.000000,0,67720.000000,67720.000000,70977.000000,-1628.50,-1628.50
2025-10-19,67720.000000,0,67720.000000,67720.000000,70977.000000,-1628.50,-1628.50
2025-10-20,67720.000000,0,67720.000000,67720.000000,70977.000000,-1628.50,-1628.50
2025-10-21,67720.000000,0,67720.000000,67720.000000,70977.000000,-1628.50,-1628.50
2025-10-22,67720.000000,0,67720.000000,67720.000000,70977.000000,-1628.50,-1628.50
2025-10-23,67720.000000,0,67720.000000,67720.000000,70977.000000,-1628.50,-1628.50
2025-10-24,67720.000000,0,67720.000000,67720.000000,70977.000000,-1628.50,-1628.50
2025-10-26,67720.000000,0,67720.000000,67720.000000,70977.000000,-1628.50,-1628.50
2025-10-27,67720.000000,0,67720.000000,67720.000000,70977.000000,-1628.50,-1628.50
2025-10-28,67720.000000,0,67720.000000,67720.000000,70977.000000,-1628.50,-1628.50
2025-10-29,67720.000000,0,67720.000000,67720.000000,70977.000000,-1628.50,-1628.50
2025-10-30,67720.000000,0,67720.000000,67720.000000,70977.000000,-1628.50,-1628.50
2025-10-31,67720.000000,0,67720.000000,67720.000000,70977.000000,-1628.50,-1628.50
2025-11-02,67720.000000,0,67720.000000,67720.000000,70977.000000,-1628.50,-1628.50
2025-11-03,67720.000000,0,67720.000000,67720.000000,70977.000000,-1628.50,-1628.50
2025-11-04,67720.000000,0,67720.000000,67720.000000,70977.000000,-1628.50,-1628.50
2025-11-05,67720.000000,0,67720.000000,67720.000000,70977.000000,-1628.50,-1628.50
2025-11-06,67720.000000,0,67720.000000,67720.000000,70977.000000,-1628.50,-1628.50
2025-11-07,67720.000000,0,67720.000000,67720.000000,70977.000000,-1628.50,-1628.50
2025-11-09,67720.000000,0,67720.000000,67720.000000,70977.000000,-1628.50,-1628.50
2025-11-10,67720.000000,0,67720.000000,67720.000000,70977.000000,-1628.50,-1628.50
2025-11-11,67720.000000,0,67720.000000,67720.000000,70977.000000,-1628.50,-1628.50
2025-11-12,67720.000000,0,67720.000000,67720.000000,70977.000000,-1628.50,-1628.50
2025-11-13,67720.000000,0,67720.000000,67720.000000,70977.000000,-1628.50,-1628.50
2025-11-14,67720.000000,0,67720.000000,67720.000000,70977.000000,-1628.50,-1628.50
2025-11-16,67720.000000,0,67720.000000,67720.000000,70977.000000,-1628.50,-1628.50
2025-11-17,67720.000000,0,67720.000000,67720.000000,70977.000000,-1628.50,-1628.50
2025-11-18,67720.000000,0,67720.000000,67720.000000,70977.000000,-1628.50,-1628.50
2025-11-19,67720.000000,0,67720.000000,67720.000000,70977.000000,-1628.50,-1628.50
2025-11-20,67720.000000,0,67720.000000,67720.000000,70977.000000,-1628.50,-1628.50
2025-11-21,67720.000000,0,67720.000000,67720.000000,70977.000000,-1628.50,-1628.50
2025-11-23,67720.000000,0,67720.000000,67720.000000,70977.000000,-1628.50,-1628.50
2025-11-24,67720.000000,0,67720.000000,67720.000000,70977.000000,-1628.50,-1628.50
2025-11-25,67720.000000,0,67720.000000,67720.000000,70977.000000,-1628.50,-1628.50
2025-11-26,67720.000000,0,67720.000000,67720.000000,70977.000000,-1628.50,-1628.50
2025-11-27,67720.000000,0,67720.000000,67720.000000,70977.000000,-1628.50,-1628.50
2025-11-28,67720.000000,0,67720.000000,67720.000000,70977.000000,-1628.50,-1628.50
2025-11-30,67720.000000,0,67720.000000,67720.000000,70977.000000,-1628.50,-1628.50
2025-12-01,67720.000000,0,67720.000000,67720.000000,70977.000000,-1628.50,-1628.50
2025-12-02,67720.000000,0,67720.000000,67720.000000,70977.000000,-1628.50,-1628.50
2025-12-03,67720.000000,0,67720.000000,67720.000000,70977.000000,-1628.50,-1628.50
2025-12-04,67720.000000,0,67720.000000,67720.000000,70977.000000,-1628.50,-1628.50
2025-12-05,67720.000000,0,67720.000000,67720.000000,70977.000000,-1628.50,-1628.50
2025-12-07,67720.000000,0,67720.000000,67720.000000,70977.000000,-1628.50,-1628.50
2025-12-08,67720.000000,0,67720.000000,67720.000000,70977.000000,-1628.50,-1628.50
2025-12-09,67720.000000,0,67720.000000,67720.000000,70977.000000,-1628.50,-1628.50
2025-12-10,67720.000000,0,67720.000000,67720.000000,70977.000000,-1628.50,-1628.50
2025-12-11,67720.000000,0,67720.000000,67720.000000,70977.000000,-1628.50,-1628.50
2025-12-12,67720.000000,0,67720.000000,67720.000000,70977.000000,-1628.50,-1628.50
2025-12-14,67720.000000,0,67720.000000,67720.000000,70977.000000,-1628.50,-1628.50
2025-12-15,67720.000000,0,67720.000000,67720.000000,70977.000000,-1628.50,-1628.50
2025-12-16,67720.000000,0,67720.000000,67720.000000,70977.000000,-1628.50,-1628.50
2025-12-17,67720.000000,0,67720.000000,67720.000000,70977.000000,-1628.50,-1628.50
2025-12-18,67720.000000,0,67720.000000,67720.000000,70977.000000,-1628.50,-1628.50
2025-12-19,67720.000000,0,67720.000000,67720.000000,70977.000000,-1628.50,-1628.50
2025-12-21,67720.000000,0,67720.000000,67720.000000,70977.000000,-1628.50,-1628.50
2025-12-22,67720.000000,0,67720.000000,67720.000000,70977.000000,-1628.50,-1628.50
2025-12-23,67720.000000,0,67720.000000,67720.000000,70977.000000,-1628.50,-1628.50
2025-12-24,67720.000000,0,67720.000000,67720.000000,70977.000000,-1628.50,-1628.50
2025-12-25,67720.000000,0,67720.000000,67720.000000,70977.000000,-1628.50,-1628.50
2025-12-26,67720.000000,0,67720.000000,67720.000000,70977.000000,-1628.50,-1628.50
2025-12-28,67720.000000,0,67720.000000,67720.000000,70977.000000,-1628.50,-1628.50
2025-12-29,67720.000000,0,67720.000000,67720.000000,70977.000000,-1628.50,-1628.50
2025-12-30,67720.000000,0,67720.000000,67720.000000,70977.000000,-1628.50,-1628.50
2025-12-31,67720.000000,0,67720.000000,67720.000000,70977.000000,-1628.50,-1628.50
2026-01-01,67720.000000,0,67720.000000,67720.000000,70977.000000,-1628.50,-1628.50
2026-01-02,67720.000000,0,67720.000000,67720.000000,70977.000000,-1628.50,-1628.50
2026-01-04,67720.000000,0,67720.000000,67720.000000,70977.000000,-1628.50,-1628.50
2026-01-05,67720.000000,0,67720.000000,67720.000000,70977.000000,-1628.50,-1628.50
2026-01-06,67720.000000,0,67720.000000,67720.000000,70977.000000,-1628.50,-1628.50
2026-01-07,67720.000000,0,67720.000000,67720.000000,70977.000000,-1628.50,-1628.50
2026-01-08,67720.000000,0,67720.000000,67720.000000,70977.000000,-1628.50,-1628.50
2026-01-09,67720.000000,0,67720.000000,67720.000000,70977.000000,-1628.50,-1628.50
2026-01-11,67720.000000,0,67720.000000,67720.000000,70977.000000,-1628.50,-1628.50
2026-01-12,67720.000000,0,67720.000000,67720.000000,70977.000000,-1628.50,-1628.50
2026-01-13,67720.000000,0,67720.000000,67720.000000,70977.000000,-1628.50,-1628.50
2026-01-14,67720.000000,0,67720.000000,67720.000000,70977.000000,-1628.50,-1628.50
2026-01-15,67720.000000,0,67720.000000,67720.000000,70977.000000,-1628.50,-1628.50
2026-01-16,67720.000000,0,67720.000000,67720.000000,70977.000000,-1628.50,-1628.50
2026-01-18,67720.000000,0,67720.000000,67720.000000,70977.000000,-1628.50,-1628.50
2026-01-19,67720.000000,0,67720.000000,67720.000000,70977.000000,-1628.50,-1628.50
2026-01-20,67720.000000,0,67720.000000,67720.000000,70977.000000,-1628.50,-1628.50
2026-01-21,67720.000000,0,67720.000000,67720.000000,70977.000000,-1628.50,-1628.50
2026-01-22,67720.000000,0,67720.000000,67720.000000,70977.000000,-1628.50,-1628.50
2026-01-23,67720.000000,0,67720.000000,67720.000000,70977.000000,-1628.50,-1628.50
2026-01-25,67720.000000,0,67720.000000,67720.000000,70977.000000,-1628.50,-1628.50
2026-01-26,67720.000000,0,67720.000000,67720.000000,70977.000000,-1628.50,-1628.50
2026-01-27,67720.000000,0,67720.000000,67720.000000,70977.000000,-1628.50,-1628.50
2026-01-28,67720.000000,0,67720.000000,67720.000000,70977.000000,-1628.50,-1628.50
2026-01-29,67720.000000,0,67720.000000,67720.000000,70977.000000,-1628.50,-1628.50
2026-01-30,67720.000000,0,67720.000000,67720.000000,70977.000000,-1628.50,-1628.50
2026-02-01,67720.000000,0,67720.000000,67720.000000,70977.000000,-1628.50,-1628.50
2026-02-02,67720.000000,0,67720.000000,67720.000000,70977.000000,-1628.50,-1628.50
2026-02-03,67720.000000,0,67720.000000,67720.000000,70977.000000,-1628.50,-1628.50
2026-02-04,67720.000000,0,67720.000000,67720.000000,70977.000000,-1628.50,-1628.50
2026-02-05,67720.000000,0,67720.000000,67720.000000,70977.000000,-1628.50,-1628.50
2026-02-06,67720.000000,0,67720.000000,67720.000000,70977.000000,-1628.50,-1628.50
2026-02-08,67720.000000,0,67720.000000,67720.000000,70977.000000,-1628.50,-1628.50
2026-02-09,67720.000000,0,67720.000000,67720.000000,70977.000000,-1628.50,-1628.50
2026-02-10,67720.000000,0,67720.000000,67720.000000,70977.000000,-1628.50,-1628.50
2026-02-11,67720.000000,0,67720.000000,67720.000000,70977.000000,-1628.50,-1628.50
2026-02-12,67720.000000,0,67720.000000,67720.000000,70977.000000,-1628.50,-1628.50
2026-02-13,67720.000000,0,67720.000000,67720.000000,70977.000000,-1628.50,-1628.50
2026-02-15,67720.000000,0,67720.000000,67720.000000,70977.000000,-1628.50,-1628.50
2026-02-16,67720.000000,0,67720.000000,67720.000000,70977.000000,-1628.50,-1628.50
2026-02-17,67720.000000,0,67720.000000,67720.000000,70977.000000,-1628.50,-1628.50
2026-02-18,67720.000000,0,67720.000000,67720.000000,70977.000000,-1628.50,-1628.50
2026-02-19,67720.000000,0,67720.000000,67720.000000,70977.000000,-1628.50,-1628.50
2026-02-20,67720.000000,0,67720.000000,67720.000000,70977.000000,-1628.50,-1628.50
2026-02-22,67720.000000,0,67720.000000,67720.000000,70977.000000,-1628.50,-1628.50
2026-02-23,67720.000000,0,67720.000000,67720.000000,70977.000000,-1628.50,-1628.50
2026-02-24,67720.000000,0,67720.000000,67720.000000,70977.000000,-1628.50,-1628.50
2026-02-25,67720.000000,0,67720.000000,67720.000000,70977.000000,-1628.50,-1628.50
2026-02-26,67720.000000,0,67720.000000,67720.000000,70977.000000,-1628.50,-1628.50
2026-02-27,67720.000000,0,67720.000000,67720.000000,70977.000000,-1628.50,-1628.50
2026-03-01,67720.000000,0,67720.000000,67720.000000,70977.000000,-1628.50,-1628.50
2026-03-02,67720.000000,0,67720.000000,67720.000000,70977.000000,-1628.50,-1628.50
2026-03-03,67720.000000,0,67720.000000,67720.000000,70977.000000,-1628.50,-1628.50
2026-03-04,67720.000000,0,67720.000000,67720.000000,70977.000000,-1628.50,-1628.50
2026-03-05,67720.000000,0,67720.000000,67720.000000,70977.000000,-1628.50,-1628.50
2026-03-06,67720.000000,0,67720.000000,67720.000000,70977.000000,-1628.50,-1628.50
2026-03-08,67720.000000,0,67720.000000,67720.000000,70977.000000,-1628.50,-1628.50
