broker_order_id,intent_id,strategy_id,trade_id,instrument,account_mode,side,order_type,quantity,remaining_quantity,status,limit_price,stop_price,reduce_only,bracket_role,parent_order_id,oco_group,live_after_ts,expires_after_ts,created_at,updated_at
ord_229f75020d61,intent_7d2c18ecf523,xagusd_fbo_1_1_3_atr80,xagusd_fbo_1_1_3_atr80_200305_01,XAGUSD,paper,sell,stop,5,0,filled,,4.488,false,entry,,,2003-05-12,2003-06-01T00:00:00,2026-07-19T15:27:47Z,2026-07-19T15:27:47Z
ord_a663cce1616f,intent_16138bbaa33d,xagusd_fbo_1_1_3_atr80,xagusd_fbo_1_1_3_atr80_200305_01,XAGUSD,paper,buy,limit,1,0,filled,4.391500000000001,,true,tp1,,,2003-05-21,2003-06-01T00:00:00,2026-07-19T15:27:47Z,2026-07-19T15:27:47Z
ord_39cb94d48ced,intent_f48e130284bb,xagusd_fbo_1_1_3_atr80,xagusd_fbo_1_1_3_atr80_200305_01,XAGUSD,paper,buy,limit,1,1,cancelled,4.105,,true,tp2,,,2003-05-21,2003-06-01T00:00:00,2026-07-19T15:27:47Z,2026-07-19T15:27:47Z
ord_82d336b8a7a5,intent_b85ad53ef7c9,xagusd_fbo_1_1_3_atr80,xagusd_fbo_1_1_3_atr80_200305_01,XAGUSD,paper,buy,limit,3,3,cancelled,3.7230000000000008,,true,tp3,,,2003-05-21,2003-06-01T00:00:00,2026-07-19T15:27:47Z,2026-07-19T15:27:47Z
ord_efd46761d2a4,intent_d048a1420924,xagusd_fbo_1_1_3_atr80,xagusd_fbo_1_1_3_atr80_200305_01,XAGUSD,paper,buy,market_close,4,0,filled,,,true,close,,,2003-05-28,,2026-07-19T15:27:47Z,2026-07-19T15:27:47Z
ord_3d7fa7b08463,intent_bfef6c318c7c,xagusd_fbo_1_1_3_atr80,xagusd_fbo_1_1_3_atr80_200305_02,XAGUSD,paper,buy,stop,5,5,cancelled,,4.87,false,entry,,,2003-05-29,2003-06-01T00:00:00,2026-07-19T15:27:47Z,2026-07-19T15:27:47Z
ord_5a3fb6a703f8,intent_dad64b333e8f,xagusd_fbo_1_1_3_atr80,xagusd_fbo_1_1_3_atr80_200306_01,XAGUSD,paper,buy,stop,5,0,filled,,4.607,false,entry,,,2003-06-05,2003-07-01T00:00:00,2026-07-19T15:27:47Z,2026-07-19T15:27:47Z
ord_e0f18c2a39b4,intent_ea2f8e64ffe1,xagusd_fbo_1_1_3_atr80,xagusd_fbo_1_1_3_atr80_200306_01,XAGUSD,paper,sell,limit,1,1,cancelled,4.689500000000001,,true,tp1,,,2003-06-06,2003-07-01T00:00:00,2026-07-19T15:27:47Z,2026-07-19T15:27:47Z
ord_6e8a6de85025,intent_4b238aebda09,xagusd_fbo_1_1_3_atr80,xagusd_fbo_1_1_3_atr80_200306_01,XAGUSD,paper,sell,limit,1,1,cancelled,4.934000000000001,,true,tp2,,,2003-06-06,2003-07-01T00:00:00,2026-07-19T15:27:47Z,2026-07-19T15:27:47Z
ord_8b1029d9e772,intent_ec696f7d97ef,xagusd_fbo_1_1_3_atr80,xagusd_fbo_1_1_3_atr80_200306_01,XAGUSD,paper,sell,limit,3,3,cancelled,5.260000000000002,,true,tp3,,,2003-06-06,2003-07-01T00:00:00,2026-07-19T15:27:47Z,2026-07-19T15:27:47Z
ord_70dd35f86f71,intent_b9ea8f89c8dd,xagusd_fbo_1_1_3_atr80,xagusd_fbo_1_1_3_atr80_200306_01,XAGUSD,paper,sell,market_close,5,0,filled,,,true,close,,,2003-06-30,,2026-07-19T15:27:47Z,2026-07-19T15:27:47Z
ord_5dac8b00ae61,intent_75df5adf49f1,xagusd_fbo_1_1_3_atr80,xagusd_fbo_1_1_3_atr80_200307_01,XAGUSD,paper,sell,stop,5,5,cancelled,,4.321,false,entry,,,2003-07-07,2003-08-01T00:00:00,2026-07-19T15:27:47Z,2026-07-19T15:27:47Z
ord_332f5a6146d9,intent_3dc1193b46fe,xagusd_fbo_1_1_3_atr80,xagusd_fbo_1_1_3_atr80_200308_01,XAGUSD,paper,buy,stop,5,0,filled,,5.204,false,entry,,,2003-08-05,2003-09-01T00:00:00,2026-07-19T15:27:47Z,2026-07-19T15:27:47Z
ord_07fbcb9a1354,intent_375f01b4aae4,xagusd_fbo_1_1_3_atr80,xagusd_fbo_1_1_3_atr80_200308_01,XAGUSD,paper,sell,limit,1,1,cancelled,5.307,,true,tp1,,,2003-08-29,2003-09-01T00:00:00,2026-07-19T15:27:47Z,2026-07-19T15:27:47Z
ord_c9c1e56b76ba,intent_af59bbde35ba,xagusd_fbo_1_1_3_atr80,xagusd_fbo_1_1_3_atr80_200308_01,XAGUSD,paper,sell,limit,1,1,cancelled,5.6129999999999995,,true,tp2,,,2003-08-29,2003-09-01T00:00:00,2026-07-19T15:27:47Z,2026-07-19T15:27:47Z
ord_ad1e9e4ce0f9,intent_eea1798609e6,xagusd_fbo_1_1_3_atr80,xagusd_fbo_1_1_3_atr80_200308_01,XAGUSD,paper,sell,limit,3,3,cancelled,6.020999999999999,,true,tp3,,,2003-08-29,2003-09-01T00:00:00,2026-07-19T15:27:47Z,2026-07-19T15:27:47Z
ord_3b3406ac357e,intent_b1ca0a06631e,xagusd_fbo_1_1_3_atr80,xagusd_fbo_1_1_3_atr80_200308_01,XAGUSD,paper,sell,market_close,5,0,filled,,,true,close,,,2003-08-31,,2026-07-19T15:27:47Z,2026-07-19T15:27:47Z
ord_a4b89a9fa0a5,intent_c6df1dcbd587,xagusd_fbo_1_1_3_atr80,xagusd_fbo_1_1_3_atr80_200309_01,XAGUSD,paper,sell,stop,5,5,cancelled,,4.764,false,entry,,,2003-09-09,2003-10-01T00:00:00,2026-07-19T15:27:47Z,2026-07-19T15:27:47Z
ord_a9f314cbf169,intent_9ca7c933e092,xagusd_fbo_1_1_3_atr80,xagusd_fbo_1_1_3_atr80_200310_01,XAGUSD,paper,buy,stop,5,0,filled,,5.137,false,entry,,,2003-10-06,2003-11-01T00:00:00,2026-07-19T15:27:47Z,2026-07-19T15:27:47Z
ord_a2ea4cbf9410,intent_3b4539ffa336,xagusd_fbo_1_1_3_atr80,xagusd_fbo_1_1_3_atr80_200310_01,XAGUSD,paper,sell,limit,1,1,cancelled,5.2612499999999995,,true,tp1,,,2003-10-22,2003-11-01T00:00:00,2026-07-19T15:27:47Z,2026-07-19T15:27:47Z
ord_0523951b90b4,intent_8c276e0a5116,xagusd_fbo_1_1_3_atr80,xagusd_fbo_1_1_3_atr80_200310_01,XAGUSD,paper,sell,limit,1,1,cancelled,5.630999999999999,,true,tp2,,,2003-10-22,2003-11-01T00:00:00,2026-07-19T15:27:47Z,2026-07-19T15:27:47Z
ord_3f5b0e90b0a1,intent_34fc98477605,xagusd_fbo_1_1_3_atr80,xagusd_fbo_1_1_3_atr80_200310_01,XAGUSD,paper,sell,limit,3,3,cancelled,6.123999999999999,,true,tp3,,,2003-10-22,2003-11-01T00:00:00,2026-07-19T15:27:47Z,2026-07-19T15:27:47Z
ord_ee05279a12a5,intent_305d96ba87eb,xagusd_fbo_1_1_3_atr80,xagusd_fbo_1_1_3_atr80_200310_01,XAGUSD,paper,sell,market_close,5,0,filled,,,true,close,,,2003-10-31,,2026-07-19T15:27:47Z,2026-07-19T15:27:47Z
ord_d0aa50493926,intent_cbf0ab45432b,xagusd_fbo_1_1_3_atr80,xagusd_fbo_1_1_3_atr80_200311_01,XAGUSD,paper,sell,stop,5,5,cancelled,,4.744,false,entry,,,2003-11-11,2003-12-01T00:00:00,2026-07-19T15:27:47Z,2026-07-19T15:27:47Z
ord_659e8c84a6b3,intent_9ab89d2a7d85,xagusd_fbo_1_1_3_atr80,xagusd_fbo_1_1_3_atr80_200311_02,XAGUSD,paper,sell,stop,5,5,cancelled,,4.744,false,entry,,,2003-11-16,2003-12-01T00:00:00,2026-07-19T15:27:47Z,2026-07-19T15:27:47Z
ord_23d37f2cd3dd,intent_d03b418cee72,xagusd_fbo_1_1_3_atr80,xagusd_fbo_1_1_3_atr80_200311_03,XAGUSD,paper,sell,stop,5,5,cancelled,,4.744,false,entry,,,2003-11-23,2003-12-01T00:00:00,2026-07-19T15:27:47Z,2026-07-19T15:27:47Z
ord_ca2bb64017ff,intent_908d998dfc5a,xagusd_fbo_1_1_3_atr80,xagusd_fbo_1_1_3_atr80_200312_01,XAGUSD,paper,sell,stop,5,5,cancelled,,5.179,false,entry,,,2003-12-08,2003-12-31T23:59:59,2026-07-19T15:27:47Z,2026-07-19T15:27:47Z
ord_d67ff551c332,intent_3677bc86daba,xagusd_fbo_1_1_3_atr80,xagusd_fbo_1_1_3_atr80_200401_01,XAGUSD,paper,sell,stop,5,5,cancelled,,5.761,false,entry,,,2004-01-06,2004-02-01T00:00:00,2026-07-19T15:27:47Z,2026-07-19T15:27:47Z
ord_afd98e669508,intent_1f7fe8660150,xagusd_fbo_1_1_3_atr80,xagusd_fbo_1_1_3_atr80_200403_01,XAGUSD,paper,sell,stop,5,5,cancelled,,6.335,false,entry,,,2004-03-30,2004-04-01T00:00:00,2026-07-19T15:27:47Z,2026-07-19T15:27:47Z
ord_461de929f93b,intent_de411c96b3df,xagusd_fbo_1_1_3_atr80,xagusd_fbo_1_1_3_atr80_200405_01,XAGUSD,paper,buy,stop,5,5,cancelled,,6.169,false,entry,,,2004-05-16,2004-06-01T00:00:00,2026-07-19T15:27:47Z,2026-07-19T15:27:47Z
ord_790d44426358,intent_34caa8cd0a5c,xagusd_fbo_1_1_3_atr80,xagusd_fbo_1_1_3_atr80_200405_02,XAGUSD,paper,buy,stop,5,0,filled,,6.169,false,entry,,,2004-05-23,2004-06-01T00:00:00,2026-07-19T15:27:47Z,2026-07-19T15:27:47Z
ord_fb91329c37f0,intent_217e7b63c752,xagusd_fbo_1_1_3_atr80,xagusd_fbo_1_1_3_atr80_200405_02,XAGUSD,paper,sell,limit,1,1,cancelled,6.2829999999999995,,true,tp1,,,2004-05-26,2004-06-01T00:00:00,2026-07-19T15:27:47Z,2026-07-19T15:27:47Z
ord_76876c039dd5,intent_5f532c1a079c,xagusd_fbo_1_1_3_atr80,xagusd_fbo_1_1_3_atr80_200405_02,XAGUSD,paper,sell,limit,1,1,cancelled,6.622,,true,tp2,,,2004-05-26,2004-06-01T00:00:00,2026-07-19T15:27:47Z,2026-07-19T15:27:47Z
ord_6951ebf4c797,intent_d54c9c4fd7e0,xagusd_fbo_1_1_3_atr80,xagusd_fbo_1_1_3_atr80_200405_02,XAGUSD,paper,sell,limit,3,3,cancelled,7.074,,true,tp3,,,2004-05-26,2004-06-01T00:00:00,2026-07-19T15:27:47Z,2026-07-19T15:27:47Z
ord_1e4670d98999,intent_d7186d26b441,xagusd_fbo_1_1_3_atr80,xagusd_fbo_1_1_3_atr80_200405_02,XAGUSD,paper,sell,market_close,5,0,filled,,,true,close,,,2004-05-31,,2026-07-19T15:27:47Z,2026-07-19T15:27:47Z
ord_dbb0a88d3ebb,intent_ebd58b1cbe2d,xagusd_fbo_1_1_3_atr80,xagusd_fbo_1_1_3_atr80_200406_01,XAGUSD,paper,buy,stop,5,0,filled,,6.193,false,entry,,,2004-06-04,2004-07-01T00:00:00,2026-07-19T15:27:47Z,2026-07-19T15:27:47Z
ord_9c5e34169fad,intent_83ce66ca9749,xagusd_fbo_1_1_3_atr80,xagusd_fbo_1_1_3_atr80_200406_01,XAGUSD,paper,sell,limit,1,1,cancelled,6.36575,,true,tp1,,,2004-06-24,2004-07-01T00:00:00,2026-07-19T15:27:47Z,2026-07-19T15:27:47Z
ord_ecec6e9567b7,intent_a121cdd9e3c2,xagusd_fbo_1_1_3_atr80,xagusd_fbo_1_1_3_atr80_200406_01,XAGUSD,paper,sell,limit,1,1,cancelled,6.880999999999999,,true,tp2,,,2004-06-24,2004-07-01T00:00:00,2026-07-19T15:27:47Z,2026-07-19T15:27:47Z
ord_c121fcf6ddad,intent_ba97ec3f4015,xagusd_fbo_1_1_3_atr80,xagusd_fbo_1_1_3_atr80_200406_01,XAGUSD,paper,sell,limit,3,3,cancelled,7.567999999999999,,true,tp3,,,2004-06-24,2004-07-01T00:00:00,2026-07-19T15:27:47Z,2026-07-19T15:27:47Z
ord_7197864218c0,intent_a3f957b55e2d,xagusd_fbo_1_1_3_atr80,xagusd_fbo_1_1_3_atr80_200406_01,XAGUSD,paper,sell,market_close,5,0,filled,,,true,close,,,2004-06-30,,2026-07-19T15:27:47Z,2026-07-19T15:27:47Z
ord_a55e717496db,intent_72e26dfd944e,xagusd_fbo_1_1_3_atr80,xagusd_fbo_1_1_3_atr80_200407_01,XAGUSD,paper,sell,stop,5,5,cancelled,,5.621,false,entry,,,2004-07-06,2004-08-01T00:00:00,2026-07-19T15:27:47Z,2026-07-19T15:27:47Z
ord_021bd4a7fbe5,intent_901d7e01b077,xagusd_fbo_1_1_3_atr80,xagusd_fbo_1_1_3_atr80_200407_02,XAGUSD,paper,sell,stop,5,5,cancelled,,5.621,false,entry,,,2004-07-11,2004-08-01T00:00:00,2026-07-19T15:27:48Z,2026-07-19T15:27:48Z
ord_321bfedcd127,intent_2a16d3c2d7eb,xagusd_fbo_1_1_3_atr80,xagusd_fbo_1_1_3_atr80_200407_03,XAGUSD,paper,sell,stop,5,5,cancelled,,5.621,false,entry,,,2004-07-25,2004-08-01T00:00:00,2026-07-19T15:27:48Z,2026-07-19T15:27:48Z
ord_7f76e0ebbd9b,intent_336c6b277484,xagusd_fbo_1_1_3_atr80,xagusd_fbo_1_1_3_atr80_200408_01,XAGUSD,paper,sell,stop,5,0,filled,,6.27,false,entry,,,2004-08-06,2004-09-01T00:00:00,2026-07-19T15:27:48Z,2026-07-19T15:27:48Z
ord_bc8302eae8ae,intent_45fdf922a22d,xagusd_fbo_1_1_3_atr80,xagusd_fbo_1_1_3_atr80_200408_01,XAGUSD,paper,buy,limit,1,1,cancelled,6.155749999999999,,true,tp1,,,2004-08-11,2004-09-01T00:00:00,2026-07-19T15:27:48Z,2026-07-19T15:27:48Z
ord_f5a8fa425e87,intent_42c2bb468ab1,xagusd_fbo_1_1_3_atr80,xagusd_fbo_1_1_3_atr80_200408_01,XAGUSD,paper,buy,limit,1,1,cancelled,5.815999999999999,,true,tp2,,,2004-08-11,2004-09-01T00:00:00,2026-07-19T15:27:48Z,2026-07-19T15:27:48Z
ord_ab014cc61fe8,intent_ae27d85f2602,xagusd_fbo_1_1_3_atr80,xagusd_fbo_1_1_3_atr80_200408_01,XAGUSD,paper,buy,limit,3,3,cancelled,5.362999999999999,,true,tp3,,,2004-08-11,2004-09-01T00:00:00,2026-07-19T15:27:48Z,2026-07-19T15:27:48Z
ord_921382521fa1,intent_72feb632363a,xagusd_fbo_1_1_3_atr80,xagusd_fbo_1_1_3_atr80_200408_01,XAGUSD,paper,buy,market_close,5,0,filled,,,true,close,,,2004-08-18,,2026-07-19T15:27:48Z,2026-07-19T15:27:48Z
ord_03d785ab691a,intent_ba69b453722f,xagusd_fbo_1_1_3_atr80,xagusd_fbo_1_1_3_atr80_200408_02,XAGUSD,paper,sell,stop,5,5,cancelled,,6.27,false,entry,,,2004-08-19,2004-09-01T00:00:00,2026-07-19T15:27:48Z,2026-07-19T15:27:48Z
ord_6c7f208d5fe1,intent_66a2bede8686,xagusd_fbo_1_1_3_atr80,xagusd_fbo_1_1_3_atr80_200409_01,XAGUSD,paper,buy,stop,5,0,filled,,6.849,false,entry,,,2004-09-06,2004-10-01T00:00:00,2026-07-19T15:27:48Z,2026-07-19T15:27:48Z
ord_6ac212010927,intent_2c1da0f32c81,xagusd_fbo_1_1_3_atr80,xagusd_fbo_1_1_3_atr80_200409_01,XAGUSD,paper,sell,limit,1,1,cancelled,6.9835,,true,tp1,,,2004-09-30,2004-10-01T00:00:00,2026-07-19T15:27:48Z,2026-07-19T15:27:48Z
ord_ef98d45cb11b,intent_ada490c8918e,xagusd_fbo_1_1_3_atr80,xagusd_fbo_1_1_3_atr80_200409_01,XAGUSD,paper,sell,limit,1,1,cancelled,7.384,,true,tp2,,,2004-09-30,2004-10-01T00:00:00,2026-07-19T15:27:48Z,2026-07-19T15:27:48Z
ord_b629ddf224bf,intent_293085bdd909,xagusd_fbo_1_1_3_atr80,xagusd_fbo_1_1_3_atr80_200409_01,XAGUSD,paper,sell,limit,3,3,cancelled,7.918,,true,tp3,,,2004-09-30,2004-10-01T00:00:00,2026-07-19T15:27:48Z,2026-07-19T15:27:48Z
ord_79c32017a341,intent_4621c77bb57e,xagusd_fbo_1_1_3_atr80,xagusd_fbo_1_1_3_atr80_200409_01,XAGUSD,paper,sell,market_close,5,0,filled,,,true,close,,,2004-09-30,,2026-07-19T15:27:48Z,2026-07-19T15:27:48Z
ord_93e209e05132,intent_536b8478ed6b,xagusd_fbo_1_1_3_atr80,xagusd_fbo_1_1_3_atr80_200410_01,XAGUSD,paper,sell,stop,5,5,cancelled,,6.506,false,entry,,,2004-10-06,2004-11-01T00:00:00,2026-07-19T15:27:48Z,2026-07-19T15:27:48Z
ord_7a0b2ee2f870,intent_7672fe031e45,xagusd_fbo_1_1_3_atr80,xagusd_fbo_1_1_3_atr80_200410_02,XAGUSD,paper,sell,stop,5,5,cancelled,,6.506,false,entry,,,2004-10-17,2004-11-01T00:00:00,2026-07-19T15:27:48Z,2026-07-19T15:27:48Z
ord_a10742cee9cd,intent_19ec943424ec,xagusd_fbo_1_1_3_atr80,xagusd_fbo_1_1_3_atr80_200410_03,XAGUSD,paper,sell,stop,5,5,cancelled,,6.506,false,entry,,,2004-10-24,2004-11-01T00:00:00,2026-07-19T15:27:48Z,2026-07-19T15:27:48Z
ord_76c65b5532c4,intent_efc42f89d8b6,xagusd_fbo_1_1_3_atr80,xagusd_fbo_1_1_3_atr80_200411_01,XAGUSD,paper,sell,stop,5,5,cancelled,,6.749,false,entry,,,2004-11-14,2004-12-01T00:00:00,2026-07-19T15:27:48Z,2026-07-19T15:27:48Z
ord_0cb642d8e0c5,intent_0424788daac1,xagusd_fbo_1_1_3_atr80,xagusd_fbo_1_1_3_atr80_200412_01,XAGUSD,paper,buy,stop,5,5,cancelled,,8.17,false,entry,,,2004-12-24,2004-12-31T23:59:59,2026-07-19T15:27:48Z,2026-07-19T15:27:48Z
ord_82b19e323bb9,intent_ef5fac7957c0,xagusd_fbo_1_1_3_atr80,xagusd_fbo_1_1_3_atr80_200501_01,XAGUSD,paper,sell,stop,5,5,cancelled,,6.142,false,entry,,,2005-01-21,2005-02-01T00:00:00,2026-07-19T15:27:48Z,2026-07-19T15:27:48Z
ord_c3af83d5f1fa,intent_c1e4236cf0df,xagusd_fbo_1_1_3_atr80,xagusd_fbo_1_1_3_atr80_200502_01,XAGUSD,paper,buy,stop,5,0,filled,,6.791,false,entry,,,2005-02-07,2005-03-01T00:00:00,2026-07-19T15:27:48Z,2026-07-19T15:27:48Z
ord_06aaa8234a9e,intent_4270bccbea0a,xagusd_fbo_1_1_3_atr80,xagusd_fbo_1_1_3_atr80_200502_01,XAGUSD,paper,sell,limit,1,0,filled,6.893000000000001,,true,tp1,,,2005-02-10,2005-03-01T00:00:00,2026-07-19T15:27:48Z,2026-07-19T15:27:48Z
ord_cc8553d0e745,intent_01f273c800b8,xagusd_fbo_1_1_3_atr80,xagusd_fbo_1_1_3_atr80_200502_01,XAGUSD,paper,sell,limit,1,0,filled,7.1960000000000015,,true,tp2,,,2005-02-10,2005-03-01T00:00:00,2026-07-19T15:27:48Z,2026-07-19T15:27:48Z
ord_621690720518,intent_9b2978dbe5f5,xagusd_fbo_1_1_3_atr80,xagusd_fbo_1_1_3_atr80_200502_01,XAGUSD,paper,sell,limit,3,3,cancelled,7.600000000000002,,true,tp3,,,2005-02-10,2005-03-01T00:00:00,2026-07-19T15:27:48Z,2026-07-19T15:27:48Z
ord_5c15f8480cca,intent_8a7ff2321c6b,xagusd_fbo_1_1_3_atr80,xagusd_fbo_1_1_3_atr80_200502_01,XAGUSD,paper,sell,market_close,3,0,filled,,,true,close,,,2005-02-28,,2026-07-19T15:27:48Z,2026-07-19T15:27:48Z
ord_166d2157facd,intent_68cb3330b84e,xagusd_fbo_1_1_3_atr80,xagusd_fbo_1_1_3_atr80_200503_01,XAGUSD,paper,sell,stop,5,0,filled,,6.873,false,entry,,,2005-03-04,2005-04-01T00:00:00,2026-07-19T15:27:48Z,2026-07-19T15:27:48Z
ord_47e3b61cb28a,intent_77f848f11bfc,xagusd_fbo_1_1_3_atr80,xagusd_fbo_1_1_3_atr80_200503_01,XAGUSD,paper,buy,limit,1,0,filled,6.7535,,true,tp1,,,2005-03-22,2005-04-01T00:00:00,2026-07-19T15:27:48Z,2026-07-19T15:27:48Z
ord_5d8461c7957a,intent_d56152c1a9f3,xagusd_fbo_1_1_3_atr80,xagusd_fbo_1_1_3_atr80_200503_01,XAGUSD,paper,buy,limit,1,1,cancelled,6.398,,true,tp2,,,2005-03-22,2005-04-01T00:00:00,2026-07-19T15:27:48Z,2026-07-19T15:27:48Z
ord_6f5fff284a89,intent_374681b2424e,xagusd_fbo_1_1_3_atr80,xagusd_fbo_1_1_3_atr80_200503_01,XAGUSD,paper,buy,limit,3,3,cancelled,5.9239999999999995,,true,tp3,,,2005-03-22,2005-04-01T00:00:00,2026-07-19T15:27:48Z,2026-07-19T15:27:48Z
ord_64583df69679,intent_8483f07d8807,xagusd_fbo_1_1_3_atr80,xagusd_fbo_1_1_3_atr80_200503_01,XAGUSD,paper,buy,market_close,4,0,filled,,,true,close,,,2005-03-30,,2026-07-19T15:27:48Z,2026-07-19T15:27:48Z
ord_c7aed7edac5f,intent_5c1a9efc47da,xagusd_fbo_1_1_3_atr80,xagusd_fbo_1_1_3_atr80_200504_01,XAGUSD,paper,sell,stop,5,0,filled,,6.711,false,entry,,,2005-04-11,2005-05-01T00:00:00,2026-07-19T15:27:48Z,2026-07-19T15:27:48Z
ord_9a044f1c16ff,intent_aa92fb546a36,xagusd_fbo_1_1_3_atr80,xagusd_fbo_1_1_3_atr80_200504_01,XAGUSD,paper,buy,limit,1,1,cancelled,6.585,,true,tp1,,,2005-04-29,2005-05-01T00:00:00,2026-07-19T15:27:48Z,2026-07-19T15:27:48Z
ord_9e439991543e,intent_a6abd8c52946,xagusd_fbo_1_1_3_atr80,xagusd_fbo_1_1_3_atr80_200504_01,XAGUSD,paper,buy,limit,1,1,cancelled,6.21,,true,tp2,,,2005-04-29,2005-05-01T00:00:00,2026-07-19T15:27:48Z,2026-07-19T15:27:48Z
ord_957413af0925,intent_64f0d15ba80d,xagusd_fbo_1_1_3_atr80,xagusd_fbo_1_1_3_atr80_200504_01,XAGUSD,paper,buy,limit,3,3,cancelled,5.71,,true,tp3,,,2005-04-29,2005-05-01T00:00:00,2026-07-19T15:27:48Z,2026-07-19T15:27:48Z
ord_fae5b91729c1,intent_0c5c39cc0b4b,xagusd_fbo_1_1_3_atr80,xagusd_fbo_1_1_3_atr80_200504_01,XAGUSD,paper,buy,market_close,5,0,filled,,,true,close,,,2005-04-29,,2026-07-19T15:27:48Z,2026-07-19T15:27:48Z
ord_51c58f7ec4c2,intent_7735410208da,xagusd_fbo_1_1_3_atr80,xagusd_fbo_1_1_3_atr80_200505_01,XAGUSD,paper,sell,stop,5,5,cancelled,,6.595,false,entry,,,2005-05-04,2005-06-01T00:00:00,2026-07-19T15:27:48Z,2026-07-19T15:27:48Z
ord_feac0c985b87,intent_1ce1b0f57cd3,xagusd_fbo_1_1_3_atr80,xagusd_fbo_1_1_3_atr80_200506_01,XAGUSD,paper,buy,stop,5,5,cancelled,,7.63,false,entry,,,2005-06-08,2005-07-01T00:00:00,2026-07-19T15:27:48Z,2026-07-19T15:27:48Z
ord_94f745ecffdc,intent_9a876beb0b78,xagusd_fbo_1_1_3_atr80,xagusd_fbo_1_1_3_atr80_200506_02,XAGUSD,paper,buy,stop,5,5,cancelled,,7.63,false,entry,,,2005-06-10,2005-07-01T00:00:00,2026-07-19T15:27:48Z,2026-07-19T15:27:48Z
ord_ebc1e5b1d1bd,intent_dd76fcb39395,xagusd_fbo_1_1_3_atr80,xagusd_fbo_1_1_3_atr80_200507_01,XAGUSD,paper,sell,stop,5,5,cancelled,,6.639,false,entry,,,2005-07-11,2005-08-01T00:00:00,2026-07-19T15:27:48Z,2026-07-19T15:27:48Z
ord_b4fa92ddad78,intent_c343f8aed7ab,xagusd_fbo_1_1_3_atr80,xagusd_fbo_1_1_3_atr80_200508_01,XAGUSD,paper,buy,stop,5,5,cancelled,,7.347,false,entry,,,2005-08-04,2005-09-01T00:00:00,2026-07-19T15:27:48Z,2026-07-19T15:27:48Z
ord_f2f83a4d0a55,intent_aaa0e9256445,xagusd_fbo_1_1_3_atr80,xagusd_fbo_1_1_3_atr80_200509_01,XAGUSD,paper,sell,stop,5,5,cancelled,,6.616,false,entry,,,2005-09-05,2005-10-01T00:00:00,2026-07-19T15:27:48Z,2026-07-19T15:27:48Z
ord_6701690287ab,intent_171afc7283e7,xagusd_fbo_1_1_3_atr80,xagusd_fbo_1_1_3_atr80_200510_01,XAGUSD,paper,buy,stop,5,0,filled,,7.492,false,entry,,,2005-10-05,2005-11-01T00:00:00,2026-07-19T15:27:48Z,2026-07-19T15:27:48Z
ord_0be3b32f3e70,intent_8b34a5c5a3c6,xagusd_fbo_1_1_3_atr80,xagusd_fbo_1_1_3_atr80_200510_01,XAGUSD,paper,sell,limit,1,0,filled,7.5735,,true,tp1,,,2005-10-06,2005-11-01T00:00:00,2026-07-19T15:27:48Z,2026-07-19T15:27:48Z
ord_f521e6bb9b1b,intent_822870ebe0e2,xagusd_fbo_1_1_3_atr80,xagusd_fbo_1_1_3_atr80_200510_01,XAGUSD,paper,sell,limit,1,0,filled,7.815,,true,tp2,,,2005-10-06,2005-11-01T00:00:00,2026-07-19T15:27:48Z,2026-07-19T15:27:48Z
ord_c9b2d69cf0cc,intent_79d864f210f4,xagusd_fbo_1_1_3_atr80,xagusd_fbo_1_1_3_atr80_200510_01,XAGUSD,paper,sell,limit,3,3,cancelled,8.137,,true,tp3,,,2005-10-06,2005-11-01T00:00:00,2026-07-19T15:27:48Z,2026-07-19T15:27:48Z
ord_b440f8ab8e2b,intent_75dd6c12c7a9,xagusd_fbo_1_1_3_atr80,xagusd_fbo_1_1_3_atr80_200510_01,XAGUSD,paper,sell,market_close,3,0,filled,,,true,close,,,2005-10-31,,2026-07-19T15:27:48Z,2026-07-19T15:27:48Z
ord_d7a58564887f,intent_30c36dcf6986,xagusd_fbo_1_1_3_atr80,xagusd_fbo_1_1_3_atr80_200511_01,XAGUSD,paper,sell,stop,5,5,cancelled,,7.219,false,entry,,,2005-11-04,2005-12-01T00:00:00,2026-07-19T15:27:48Z,2026-07-19T15:27:48Z
ord_535a037e2802,intent_5487b77afa41,xagusd_fbo_1_1_3_atr80,xagusd_fbo_1_1_3_atr80_200512_01,XAGUSD,paper,sell,stop,5,5,cancelled,,8.036,false,entry,,,2005-12-05,2005-12-31T23:59:59,2026-07-19T15:27:48Z,2026-07-19T15:27:48Z
ord_730cc5376a17,intent_5b1e13213e9f,xagusd_fbo_1_1_3_atr80,xagusd_fbo_1_1_3_atr80_200608_01,XAGUSD,paper,sell,stop,5,5,cancelled,,11.089,false,entry,,,2006-08-07,2006-09-01T00:00:00,2026-07-19T15:27:48Z,2026-07-19T15:27:48Z
ord_1709f171f8be,intent_0e1b573d1822,xagusd_fbo_1_1_3_atr80,xagusd_fbo_1_1_3_atr80_200608_02,XAGUSD,paper,sell,stop,5,5,cancelled,,11.089,false,entry,,,2006-08-27,2006-09-01T00:00:00,2026-07-19T15:27:48Z,2026-07-19T15:27:48Z
ord_e2d89659794a,intent_b63188c194c0,xagusd_fbo_1_1_3_atr80,xagusd_fbo_1_1_3_atr80_200609_01,XAGUSD,paper,sell,stop,5,0,filled,,12.508,false,entry,,,2006-09-05,2006-10-01T00:00:00,2026-07-19T15:27:48Z,2026-07-19T15:27:48Z
ord_eba12badb089,intent_e97a93a79a0c,xagusd_fbo_1_1_3_atr80,xagusd_fbo_1_1_3_atr80_200609_01,XAGUSD,paper,buy,limit,1,0,filled,12.363499999999998,,true,tp1,,,2006-09-07,2006-10-01T00:00:00,2026-07-19T15:27:48Z,2026-07-19T15:27:48Z
ord_73d41c384988,intent_b691c1cabfa5,xagusd_fbo_1_1_3_atr80,xagusd_fbo_1_1_3_atr80_200609_01,XAGUSD,paper,buy,limit,1,0,filled,11.932999999999998,,true,tp2,,,2006-09-07,2006-10-01T00:00:00,2026-07-19T15:27:48Z,2026-07-19T15:27:48Z
ord_fba3b2e547fc,intent_83887c309196,xagusd_fbo_1_1_3_atr80,xagusd_fbo_1_1_3_atr80_200609_01,XAGUSD,paper,buy,limit,3,0,filled,11.358999999999996,,true,tp3,,,2006-09-07,2006-10-01T00:00:00,2026-07-19T15:27:48Z,2026-07-19T15:27:48Z
ord_ffcc0913d5f6,intent_53ec6bcbfaca,xagusd_fbo_1_1_3_atr80,xagusd_fbo_1_1_3_atr80_200609_02,XAGUSD,paper,buy,stop,5,5,cancelled,,13.082,false,entry,,,2006-09-27,2006-10-01T00:00:00,2026-07-19T15:27:48Z,2026-07-19T15:27:48Z
ord_619d9942df70,intent_dd133fe782bb,xagusd_fbo_1_1_3_atr80,xagusd_fbo_1_1_3_atr80_200610_01,XAGUSD,paper,buy,stop,5,0,filled,,11.726,false,entry,,,2006-10-04,2006-11-01T00:00:00,2026-07-19T15:27:48Z,2026-07-19T15:27:48Z
ord_68194d052a76,intent_9ea1a6e24e7a,xagusd_fbo_1_1_3_atr80,xagusd_fbo_1_1_3_atr80_200610_01,XAGUSD,paper,sell,limit,1,0,filled,12.014750000000001,,true,tp1,,,2006-10-16,2006-11-01T00:00:00,2026-07-19T15:27:48Z,2026-07-19T15:27:48Z
ord_61b4d6dd7de9,intent_6a47b7206f64,xagusd_fbo_1_1_3_atr80,xagusd_fbo_1_1_3_atr80_200610_01,XAGUSD,paper,sell,limit,1,1,cancelled,12.878000000000002,,true,tp2,,,2006-10-16,2006-11-01T00:00:00,2026-07-19T15:27:48Z,2026-07-19T15:27:48Z
ord_e59b284aa37b,intent_5f19ba0a7d85,xagusd_fbo_1_1_3_atr80,xagusd_fbo_1_1_3_atr80_200610_01,XAGUSD,paper,sell,limit,3,3,cancelled,14.029000000000003,,true,tp3,,,2006-10-16,2006-11-01T00:00:00,2026-07-19T15:27:48Z,2026-07-19T15:27:48Z
ord_cc496e3868d4,intent_6c40b708ee91,xagusd_fbo_1_1_3_atr80,xagusd_fbo_1_1_3_atr80_200610_01,XAGUSD,paper,sell,market_close,4,0,filled,,,true,close,,,2006-10-22,,2026-07-19T15:27:48Z,2026-07-19T15:27:48Z
ord_eadabdaeff40,intent_d829022af2d8,xagusd_fbo_1_1_3_atr80,xagusd_fbo_1_1_3_atr80_200610_02,XAGUSD,paper,sell,stop,5,5,cancelled,,10.575,false,entry,,,2006-10-23,2006-11-01T00:00:00,2026-07-19T15:27:48Z,2026-07-19T15:27:48Z
ord_a16e14dffb24,intent_d52f937ebbd2,xagusd_fbo_1_1_3_atr80,xagusd_fbo_1_1_3_atr80_200611_01,XAGUSD,paper,sell,stop,5,5,cancelled,,12.051,false,entry,,,2006-11-06,2006-12-01T00:00:00,2026-07-19T15:27:48Z,2026-07-19T15:27:48Z
ord_0b60e84ea40b,intent_feb7089ed60a,xagusd_fbo_1_1_3_atr80,xagusd_fbo_1_1_3_atr80_200612_01,XAGUSD,paper,buy,stop,5,5,cancelled,,14.131,false,entry,,,2006-12-06,2006-12-31T23:59:59,2026-07-19T15:27:48Z,2026-07-19T15:27:48Z
ord_825c5308f460,intent_fa9448cb8149,xagusd_fbo_1_1_3_atr80,xagusd_fbo_1_1_3_atr80_200701_01,XAGUSD,paper,buy,stop,5,0,filled,,13.196,false,entry,,,2007-01-04,2007-02-01T00:00:00,2026-07-19T15:27:48Z,2026-07-19T15:27:48Z
ord_8a2206fcc291,intent_479e9786d4cd,xagusd_fbo_1_1_3_atr80,xagusd_fbo_1_1_3_atr80_200701_01,XAGUSD,paper,sell,limit,1,0,filled,13.414499999999999,,true,tp1,,,2007-01-23,2007-02-01T00:00:00,2026-07-19T15:27:48Z,2026-07-19T15:27:48Z
ord_86617d5513a0,intent_aad68d5057f9,xagusd_fbo_1_1_3_atr80,xagusd_fbo_1_1_3_atr80_200701_01,XAGUSD,paper,sell,limit,1,1,cancelled,14.066999999999998,,true,tp2,,,2007-01-23,2007-02-01T00:00:00,2026-07-19T15:27:48Z,2026-07-19T15:27:48Z
ord_0fc031acd5e8,intent_67cb9f0dedd4,xagusd_fbo_1_1_3_atr80,xagusd_fbo_1_1_3_atr80_200701_01,XAGUSD,paper,sell,limit,3,3,cancelled,14.936999999999998,,true,tp3,,,2007-01-23,2007-02-01T00:00:00,2026-07-19T15:27:48Z,2026-07-19T15:27:48Z
ord_a1dba16e7e09,intent_04b00f4da90b,xagusd_fbo_1_1_3_atr80,xagusd_fbo_1_1_3_atr80_200701_01,XAGUSD,paper,sell,market_close,4,0,filled,,,true,close,,,2007-01-25,,2026-07-19T15:27:48Z,2026-07-19T15:27:48Z
ord_46e8353f322c,intent_432714adf2b4,xagusd_fbo_1_1_3_atr80,xagusd_fbo_1_1_3_atr80_200701_02,XAGUSD,paper,sell,stop,5,5,cancelled,,12.326,false,entry,,,2007-01-26,2007-02-01T00:00:00,2026-07-19T15:27:48Z,2026-07-19T15:27:48Z
ord_27d9a96958c6,intent_4e1b8e8d760b,xagusd_fbo_1_1_3_atr80,xagusd_fbo_1_1_3_atr80_200702_01,XAGUSD,paper,sell,stop,5,5,cancelled,,13.058,false,entry,,,2007-02-06,2007-03-01T00:00:00,2026-07-19T15:27:48Z,2026-07-19T15:27:48Z
ord_2ce5fb2b939a,intent_1ddaa479a957,xagusd_fbo_1_1_3_atr80,xagusd_fbo_1_1_3_atr80_200703_01,XAGUSD,paper,buy,stop,5,5,cancelled,,14.333,false,entry,,,2007-03-12,2007-04-01T00:00:00,2026-07-19T15:27:48Z,2026-07-19T15:27:48Z
ord_b64ab659b428,intent_57e9d7597629,xagusd_fbo_1_1_3_atr80,xagusd_fbo_1_1_3_atr80_200703_02,XAGUSD,paper,buy,stop,5,5,cancelled,,14.333,false,entry,,,2007-03-15,2007-04-01T00:00:00,2026-07-19T15:27:48Z,2026-07-19T15:27:48Z
ord_0da8c9d38bbe,intent_393eb1bb6315,xagusd_fbo_1_1_3_atr80,xagusd_fbo_1_1_3_atr80_200704_01,XAGUSD,paper,sell,stop,5,5,cancelled,,12.827,false,entry,,,2007-04-04,2007-05-01T00:00:00,2026-07-19T15:27:48Z,2026-07-19T15:27:48Z
ord_c63956c8305c,intent_ad0291799512,xagusd_fbo_1_1_3_atr80,xagusd_fbo_1_1_3_atr80_200705_01,XAGUSD,paper,sell,stop,5,0,filled,,12.841,false,entry,,,2007-05-04,2007-06-01T00:00:00,2026-07-19T15:27:48Z,2026-07-19T15:27:48Z
ord_d57fa1548435,intent_26d4876d2108,xagusd_fbo_1_1_3_atr80,xagusd_fbo_1_1_3_atr80_200705_01,XAGUSD,paper,buy,limit,1,0,filled,12.68175,,true,tp1,,,2007-05-10,2007-06-01T00:00:00,2026-07-19T15:27:48Z,2026-07-19T15:27:48Z
ord_3eb8fa65b374,intent_55a355e2da25,xagusd_fbo_1_1_3_atr80,xagusd_fbo_1_1_3_atr80_200705_01,XAGUSD,paper,buy,limit,1,1,cancelled,12.206999999999999,,true,tp2,,,2007-05-10,2007-06-01T00:00:00,2026-07-19T15:27:48Z,2026-07-19T15:27:48Z
ord_40c67bfbaf69,intent_89002094ea42,xagusd_fbo_1_1_3_atr80,xagusd_fbo_1_1_3_atr80_200705_01,XAGUSD,paper,buy,limit,3,3,cancelled,11.573999999999998,,true,tp3,,,2007-05-10,2007-06-01T00:00:00,2026-07-19T15:27:48Z,2026-07-19T15:27:48Z
ord_a193b5f05790,intent_fac53a232495,xagusd_fbo_1_1_3_atr80,xagusd_fbo_1_1_3_atr80_200705_01,XAGUSD,paper,buy,market_close,4,0,filled,,,true,close,,,2007-05-16,,2026-07-19T15:27:48Z,2026-07-19T15:27:48Z
ord_6ad292093625,intent_0e589a0dd61d,xagusd_fbo_1_1_3_atr80,xagusd_fbo_1_1_3_atr80_200705_02,XAGUSD,paper,buy,stop,5,0,filled,,13.474,false,entry,,,2007-05-17,2007-06-01T00:00:00,2026-07-19T15:27:48Z,2026-07-19T15:27:48Z
ord_e6c946d0b3bf,intent_a99e108d661d,xagusd_fbo_1_1_3_atr80,xagusd_fbo_1_1_3_atr80_200705_02,XAGUSD,paper,sell,limit,1,1,cancelled,13.63325,,true,tp1,,,2007-05-31,2007-06-01T00:00:00,2026-07-19T15:27:48Z,2026-07-19T15:27:49Z
ord_64d8a8b01a52,intent_a2c549c283c9,xagusd_fbo_1_1_3_atr80,xagusd_fbo_1_1_3_atr80_200705_02,XAGUSD,paper,sell,limit,1,1,cancelled,14.108,,true,tp2,,,2007-05-31,2007-06-01T00:00:00,2026-07-19T15:27:48Z,2026-07-19T15:27:49Z
ord_ea7c04df3f1c,intent_dbfc1a89f620,xagusd_fbo_1_1_3_atr80,xagusd_fbo_1_1_3_atr80_200705_02,XAGUSD,paper,sell,limit,3,3,cancelled,14.741000000000001,,true,tp3,,,2007-05-31,2007-06-01T00:00:00,2026-07-19T15:27:49Z,2026-07-19T15:27:49Z
ord_0b2b2e4c5d68,intent_0800a9d96882,xagusd_fbo_1_1_3_atr80,xagusd_fbo_1_1_3_atr80_200705_02,XAGUSD,paper,sell,market_close,5,0,filled,,,true,close,,,2007-05-31,,2026-07-19T15:27:49Z,2026-07-19T15:27:49Z
ord_a835c5a49597,intent_dfaf745da641,xagusd_fbo_1_1_3_atr80,xagusd_fbo_1_1_3_atr80_200706_01,XAGUSD,paper,sell,stop,5,0,filled,,13.238,false,entry,,,2007-06-05,2007-07-01T00:00:00,2026-07-19T15:27:49Z,2026-07-19T15:27:49Z
ord_424290a54377,intent_2a9c320991ec,xagusd_fbo_1_1_3_atr80,xagusd_fbo_1_1_3_atr80_200706_01,XAGUSD,paper,buy,limit,1,0,filled,13.09825,,true,tp1,,,2007-06-07,2007-07-01T00:00:00,2026-07-19T15:27:49Z,2026-07-19T15:27:49Z
ord_1c64be45bad9,intent_5421272d694f,xagusd_fbo_1_1_3_atr80,xagusd_fbo_1_1_3_atr80_200706_01,XAGUSD,paper,buy,limit,1,0,filled,12.682,,true,tp2,,,2007-06-07,2007-07-01T00:00:00,2026-07-19T15:27:49Z,2026-07-19T15:27:49Z
ord_2877ce98b948,intent_30db342c15d8,xagusd_fbo_1_1_3_atr80,xagusd_fbo_1_1_3_atr80_200706_01,XAGUSD,paper,buy,limit,3,3,cancelled,12.127,,true,tp3,,,2007-06-07,2007-07-01T00:00:00,2026-07-19T15:27:49Z,2026-07-19T15:27:49Z
ord_78378285181e,intent_043c9981b6f7,xagusd_fbo_1_1_3_atr80,xagusd_fbo_1_1_3_atr80_200706_01,XAGUSD,paper,buy,market_close,3,0,filled,,,true,close,,,2007-06-19,,2026-07-19T15:27:49Z,2026-07-19T15:27:49Z
ord_190e41426745,intent_174762659b66,xagusd_fbo_1_1_3_atr80,xagusd_fbo_1_1_3_atr80_200706_02,XAGUSD,paper,buy,stop,5,5,cancelled,,13.793,false,entry,,,2007-06-20,2007-07-01T00:00:00,2026-07-19T15:27:49Z,2026-07-19T15:27:49Z
ord_3aca3f2707a6,intent_f7cd331ae11c,xagusd_fbo_1_1_3_atr80,xagusd_fbo_1_1_3_atr80_200707_01,XAGUSD,paper,sell,stop,5,0,filled,,12.196,false,entry,,,2007-07-04,2007-08-01T00:00:00,2026-07-19T15:27:49Z,2026-07-19T15:27:49Z
ord_0b80f9ab3696,intent_d6a61bec95a7,xagusd_fbo_1_1_3_atr80,xagusd_fbo_1_1_3_atr80_200707_01,XAGUSD,paper,buy,limit,1,1,cancelled,12.077,,true,tp1,,,2007-07-06,2007-08-01T00:00:00,2026-07-19T15:27:49Z,2026-07-19T15:27:49Z
ord_681baaf51a01,intent_aeb1249164d0,xagusd_fbo_1_1_3_atr80,xagusd_fbo_1_1_3_atr80_200707_01,XAGUSD,paper,buy,limit,1,1,cancelled,11.723,,true,tp2,,,2007-07-06,2007-08-01T00:00:00,2026-07-19T15:27:49Z,2026-07-19T15:27:49Z
ord_a5cdddb829b0,intent_a715cb863d26,xagusd_fbo_1_1_3_atr80,xagusd_fbo_1_1_3_atr80_200707_01,XAGUSD,paper,buy,limit,3,3,cancelled,11.251000000000001,,true,tp3,,,2007-07-06,2007-08-01T00:00:00,2026-07-19T15:27:49Z,2026-07-19T15:27:49Z
ord_87b05b2ae867,intent_fbd67a292f89,xagusd_fbo_1_1_3_atr80,xagusd_fbo_1_1_3_atr80_200707_01,XAGUSD,paper,buy,market_close,5,0,filled,,,true,close,,,2007-07-10,,2026-07-19T15:27:49Z,2026-07-19T15:27:49Z
ord_faa58c401334,intent_c9a57fdf8e54,xagusd_fbo_1_1_3_atr80,xagusd_fbo_1_1_3_atr80_200707_02,XAGUSD,paper,sell,stop,5,5,cancelled,,12.196,false,entry,,,2007-07-11,2007-08-01T00:00:00,2026-07-19T15:27:49Z,2026-07-19T15:27:49Z
ord_7b9336dea752,intent_0b26c0200820,xagusd_fbo_1_1_3_atr80,xagusd_fbo_1_1_3_atr80_200708_01,XAGUSD,paper,sell,stop,5,0,filled,,12.508,false,entry,,,2007-08-08,2007-09-01T00:00:00,2026-07-19T15:27:49Z,2026-07-19T15:27:49Z
ord_e760d52952d3,intent_bfa936700d24,xagusd_fbo_1_1_3_atr80,xagusd_fbo_1_1_3_atr80_200708_01,XAGUSD,paper,buy,limit,1,0,filled,12.34175,,true,tp1,,,2007-08-09,2007-09-01T00:00:00,2026-07-19T15:27:49Z,2026-07-19T15:27:49Z
ord_b511dbd3f018,intent_9b850be3ff12,xagusd_fbo_1_1_3_atr80,xagusd_fbo_1_1_3_atr80_200708_01,XAGUSD,paper,buy,limit,1,0,filled,11.845999999999998,,true,tp2,,,2007-08-09,2007-09-01T00:00:00,2026-07-19T15:27:49Z,2026-07-19T15:27:49Z
ord_331af24a89f7,intent_ecaa819e760c,xagusd_fbo_1_1_3_atr80,xagusd_fbo_1_1_3_atr80_200708_01,XAGUSD,paper,buy,limit,3,0,filled,11.184999999999997,,true,tp3,,,2007-08-09,2007-09-01T00:00:00,2026-07-19T15:27:49Z,2026-07-19T15:27:49Z
ord_26b662fe8026,intent_bc56b494b0fe,xagusd_fbo_1_1_3_atr80,xagusd_fbo_1_1_3_atr80_200708_02,XAGUSD,paper,buy,stop,5,5,cancelled,,13.169,false,entry,,,2007-08-16,2007-09-01T00:00:00,2026-07-19T15:27:49Z,2026-07-19T15:27:49Z
ord_1553d16de12b,intent_a33d3bf0de3e,xagusd_fbo_1_1_3_atr80,xagusd_fbo_1_1_3_atr80_200709_01,XAGUSD,paper,sell,stop,5,5,cancelled,,11.841,false,entry,,,2007-09-06,2007-10-01T00:00:00,2026-07-19T15:27:49Z,2026-07-19T15:27:49Z
ord_8ea957161fab,intent_0121ea97ae9f,xagusd_fbo_1_1_3_atr80,xagusd_fbo_1_1_3_atr80_200710_01,XAGUSD,paper,buy,stop,5,0,filled,,13.873,false,entry,,,2007-10-04,2007-11-01T00:00:00,2026-07-19T15:27:49Z,2026-07-19T15:27:49Z
ord_012397987489,intent_8c94b1cdf78e,xagusd_fbo_1_1_3_atr80,xagusd_fbo_1_1_3_atr80_200710_01,XAGUSD,paper,sell,limit,1,0,filled,14.110999999999999,,true,tp1,,,2007-10-11,2007-11-01T00:00:00,2026-07-19T15:27:49Z,2026-07-19T15:27:49Z
ord_caa3c1cb5b2c,intent_3d7e70a793b4,xagusd_fbo_1_1_3_atr80,xagusd_fbo_1_1_3_atr80_200710_01,XAGUSD,paper,sell,limit,1,1,cancelled,14.821999999999997,,true,tp2,,,2007-10-11,2007-11-01T00:00:00,2026-07-19T15:27:49Z,2026-07-19T15:27:49Z
ord_d6d03e2e99da,intent_b94ed4348eb1,xagusd_fbo_1_1_3_atr80,xagusd_fbo_1_1_3_atr80_200710_01,XAGUSD,paper,sell,limit,3,3,cancelled,15.769999999999996,,true,tp3,,,2007-10-11,2007-11-01T00:00:00,2026-07-19T15:27:49Z,2026-07-19T15:27:49Z
ord_e411260fdc87,intent_a50d5eb2e115,xagusd_fbo_1_1_3_atr80,xagusd_fbo_1_1_3_atr80_200710_01,XAGUSD,paper,sell,market_close,4,0,filled,,,true,close,,,2007-10-31,,2026-07-19T15:27:49Z,2026-07-19T15:27:49Z
ord_20a6c3930ef6,intent_3aec6cfc5ea5,xagusd_fbo_1_1_3_atr80,xagusd_fbo_1_1_3_atr80_200711_01,XAGUSD,paper,sell,stop,5,5,cancelled,,13.777,false,entry,,,2007-11-05,2007-12-01T00:00:00,2026-07-19T15:27:49Z,2026-07-19T15:27:49Z
ord_8ddebab9d128,intent_39e6f358bcb1,xagusd_fbo_1_1_3_atr80,xagusd_fbo_1_1_3_atr80_200711_02,XAGUSD,paper,sell,stop,5,0,filled,,13.777,false,entry,,,2007-11-28,2007-12-01T00:00:00,2026-07-19T15:27:49Z,2026-07-19T15:27:49Z
ord_a736aabac57c,intent_c3e07775f482,xagusd_fbo_1_1_3_atr80,xagusd_fbo_1_1_3_atr80_200711_02,XAGUSD,paper,buy,limit,1,1,cancelled,13.52675,,true,tp1,,,2007-11-30,2007-12-01T00:00:00,2026-07-19T15:27:49Z,2026-07-19T15:27:49Z
ord_7fbe4773e505,intent_ae0675bfc017,xagusd_fbo_1_1_3_atr80,xagusd_fbo_1_1_3_atr80_200711_02,XAGUSD,paper,buy,limit,1,1,cancelled,12.779,,true,tp2,,,2007-11-30,2007-12-01T00:00:00,2026-07-19T15:27:49Z,2026-07-19T15:27:49Z
ord_b70a6db50983,intent_285c5c899464,xagusd_fbo_1_1_3_atr80,xagusd_fbo_1_1_3_atr80_200711_02,XAGUSD,paper,buy,limit,3,3,cancelled,11.782,,true,tp3,,,2007-11-30,2007-12-01T00:00:00,2026-07-19T15:27:49Z,2026-07-19T15:27:49Z
ord_2ee8a3f4e775,intent_993b7990832a,xagusd_fbo_1_1_3_atr80,xagusd_fbo_1_1_3_atr80_200711_02,XAGUSD,paper,buy,market_close,5,0,filled,,,true,close,,,2007-11-30,,2026-07-19T15:27:49Z,2026-07-19T15:27:49Z
ord_21d46f94d1e7,intent_b82c875c7ebb,xagusd_fbo_1_1_3_atr80,xagusd_fbo_1_1_3_atr80_200712_01,XAGUSD,paper,sell,stop,5,0,filled,,13.621,false,entry,,,2007-12-05,2007-12-31T23:59:59,2026-07-19T15:27:49Z,2026-07-19T15:27:49Z
ord_7dddddfa259f,intent_fe51c6b577f8,xagusd_fbo_1_1_3_atr80,xagusd_fbo_1_1_3_atr80_200712_01,XAGUSD,paper,buy,limit,1,0,filled,13.426250000000001,,true,tp1,,,2007-12-14,2007-12-31T23:59:59,2026-07-19T15:27:49Z,2026-07-19T15:27:49Z
ord_bd7b06e885ea,intent_c6358429a51e,xagusd_fbo_1_1_3_atr80,xagusd_fbo_1_1_3_atr80_200712_01,XAGUSD,paper,buy,limit,1,1,cancelled,12.845,,true,tp2,,,2007-12-14,2007-12-31T23:59:59,2026-07-19T15:27:49Z,2026-07-19T15:27:49Z
ord_5ddb0b346cb2,intent_e3eb83fa4da5,xagusd_fbo_1_1_3_atr80,xagusd_fbo_1_1_3_atr80_200712_01,XAGUSD,paper,buy,limit,3,3,cancelled,12.07,,true,tp3,,,2007-12-14,2007-12-31T23:59:59,2026-07-19T15:27:49Z,2026-07-19T15:27:49Z
ord_5286b6938758,intent_5e0c08de9847,xagusd_fbo_1_1_3_atr80,xagusd_fbo_1_1_3_atr80_200712_01,XAGUSD,paper,buy,market_close,4,0,filled,,,true,close,,,2007-12-17,,2026-07-19T15:27:49Z,2026-07-19T15:27:49Z
ord_3642563ea2de,intent_db9c847712c7,xagusd_fbo_1_1_3_atr80,xagusd_fbo_1_1_3_atr80_200712_02,XAGUSD,paper,buy,stop,5,0,filled,,14.396,false,entry,,,2007-12-18,2007-12-31T23:59:59,2026-07-19T15:27:49Z,2026-07-19T15:27:49Z
ord_17e296e4048a,intent_eba73a56ae8c,xagusd_fbo_1_1_3_atr80,xagusd_fbo_1_1_3_atr80_200712_02,XAGUSD,paper,sell,limit,1,0,filled,14.59075,,true,tp1,,,2007-12-21,2007-12-31T23:59:59,2026-07-19T15:27:49Z,2026-07-19T15:27:49Z
ord_fbf0acdb5443,intent_90178cb953ce,xagusd_fbo_1_1_3_atr80,xagusd_fbo_1_1_3_atr80_200712_02,XAGUSD,paper,sell,limit,1,1,cancelled,15.172,,true,tp2,,,2007-12-21,2007-12-31T23:59:59,2026-07-19T15:27:49Z,2026-07-19T15:27:49Z
ord_f845100c3133,intent_e88e10c1ef7e,xagusd_fbo_1_1_3_atr80,xagusd_fbo_1_1_3_atr80_200712_02,XAGUSD,paper,sell,limit,3,3,cancelled,15.947000000000001,,true,tp3,,,2007-12-21,2007-12-31T23:59:59,2026-07-19T15:27:49Z,2026-07-19T15:27:49Z
ord_cb6b2ce2104e,intent_7fb66830498b,xagusd_fbo_1_1_3_atr80,xagusd_fbo_1_1_3_atr80_200712_02,XAGUSD,paper,sell,market_close,4,0,filled,,,true,close,,,2007-12-31,,2026-07-19T15:27:49Z,2026-07-19T15:27:49Z
ord_291e9c6b2d04,intent_97650cd2d382,xagusd_fbo_1_1_3_atr80,xagusd_fbo_1_1_3_atr80_200801_01,XAGUSD,paper,sell,stop,5,5,cancelled,,14.557,false,entry,,,2008-01-04,2008-02-01T00:00:00,2026-07-19T15:27:49Z,2026-07-19T15:27:49Z
ord_1f58f5dbbb51,intent_dd76c2af660b,xagusd_fbo_1_1_3_atr80,xagusd_fbo_1_1_3_atr80_200802_01,XAGUSD,paper,buy,stop,5,0,filled,,17.289,false,entry,,,2008-02-07,2008-03-01T00:00:00,2026-07-19T15:27:49Z,2026-07-19T15:27:49Z
ord_d82af0c81c17,intent_f4034e721597,xagusd_fbo_1_1_3_atr80,xagusd_fbo_1_1_3_atr80_200802_01,XAGUSD,paper,sell,limit,1,0,filled,17.555500000000002,,true,tp1,,,2008-02-11,2008-03-01T00:00:00,2026-07-19T15:27:49Z,2026-07-19T15:27:49Z
ord_526f3788fa17,intent_3dda7499d583,xagusd_fbo_1_1_3_atr80,xagusd_fbo_1_1_3_atr80_200802_01,XAGUSD,paper,sell,limit,1,1,cancelled,18.352000000000004,,true,tp2,,,2008-02-11,2008-03-01T00:00:00,2026-07-19T15:27:49Z,2026-07-19T15:27:49Z
ord_a7604f2fc520,intent_65f8c9078e20,xagusd_fbo_1_1_3_atr80,xagusd_fbo_1_1_3_atr80_200802_01,XAGUSD,paper,sell,limit,3,3,cancelled,19.414000000000005,,true,tp3,,,2008-02-11,2008-03-01T00:00:00,2026-07-19T15:27:49Z,2026-07-19T15:27:49Z
ord_a5400053b8a2,intent_b62ec412e3bb,xagusd_fbo_1_1_3_atr80,xagusd_fbo_1_1_3_atr80_200802_01,XAGUSD,paper,sell,market_close,4,0,filled,,,true,close,,,2008-02-12,,2026-07-19T15:27:49Z,2026-07-19T15:27:49Z
ord_f0b890490e13,intent_23db7d84cb77,xagusd_fbo_1_1_3_atr80,xagusd_fbo_1_1_3_atr80_200802_02,XAGUSD,paper,sell,stop,5,5,cancelled,,16.227,false,entry,,,2008-02-17,2008-03-01T00:00:00,2026-07-19T15:27:49Z,2026-07-19T15:27:49Z
ord_82c8cd6739e4,intent_310b06978d31,xagusd_fbo_1_1_3_atr80,xagusd_fbo_1_1_3_atr80_200802_03,XAGUSD,paper,sell,stop,5,5,cancelled,,16.227,false,entry,,,2008-02-24,2008-03-01T00:00:00,2026-07-19T15:27:49Z,2026-07-19T15:27:49Z
ord_9b9000a0b251,intent_76841f4d64f8,xagusd_fbo_1_1_3_atr80,xagusd_fbo_1_1_3_atr80_200805_01,XAGUSD,paper,sell,stop,5,5,cancelled,,15.835,false,entry,,,2008-05-11,2008-06-01T00:00:00,2026-07-19T15:27:49Z,2026-07-19T15:27:49Z
ord_94c274bb32ec,intent_9cd9bb4dabde,xagusd_fbo_1_1_3_atr80,xagusd_fbo_1_1_3_atr80_200805_02,XAGUSD,paper,sell,stop,5,5,cancelled,,15.835,false,entry,,,2008-05-18,2008-06-01T00:00:00,2026-07-19T15:27:49Z,2026-07-19T15:27:49Z
ord_b8a74711b4df,intent_15c9ccdd6814,xagusd_fbo_1_1_3_atr80,xagusd_fbo_1_1_3_atr80_200805_03,XAGUSD,paper,sell,stop,5,5,cancelled,,15.835,false,entry,,,2008-05-25,2008-06-01T00:00:00,2026-07-19T15:27:49Z,2026-07-19T15:27:49Z
ord_8e34faee6571,intent_f995bdf9427a,xagusd_fbo_1_1_3_atr80,xagusd_fbo_1_1_3_atr80_200806_01,XAGUSD,paper,sell,stop,5,0,filled,,16.335,false,entry,,,2008-06-15,2008-07-01T00:00:00,2026-07-19T15:27:49Z,2026-07-19T15:27:49Z
ord_4a368f90db38,intent_fe33a608f725,xagusd_fbo_1_1_3_atr80,xagusd_fbo_1_1_3_atr80_200806_01,XAGUSD,paper,buy,limit,1,1,cancelled,16.165,,true,tp1,,,2008-06-16,2008-07-01T00:00:00,2026-07-19T15:27:49Z,2026-07-19T15:27:49Z
ord_751a12b25149,intent_91ff263595df,xagusd_fbo_1_1_3_atr80,xagusd_fbo_1_1_3_atr80_200806_01,XAGUSD,paper,buy,limit,1,1,cancelled,15.658000000000001,,true,tp2,,,2008-06-16,2008-07-01T00:00:00,2026-07-19T15:27:49Z,2026-07-19T15:27:49Z
ord_bfce5d71d125,intent_b17d6ae0111f,xagusd_fbo_1_1_3_atr80,xagusd_fbo_1_1_3_atr80_200806_01,XAGUSD,paper,buy,limit,3,3,cancelled,14.982000000000003,,true,tp3,,,2008-06-16,2008-07-01T00:00:00,2026-07-19T15:27:49Z,2026-07-19T15:27:49Z
ord_0655e9234fb8,intent_84288a1f3e55,xagusd_fbo_1_1_3_atr80,xagusd_fbo_1_1_3_atr80_200806_01,XAGUSD,paper,buy,market_close,5,0,filled,,,true,close,,,2008-06-16,,2026-07-19T15:27:49Z,2026-07-19T15:27:49Z
ord_951d261b5ba6,intent_63ef1f6676fc,xagusd_fbo_1_1_3_atr80,xagusd_fbo_1_1_3_atr80_200806_02,XAGUSD,paper,sell,stop,5,5,cancelled,,16.335,false,entry,,,2008-06-22,2008-07-01T00:00:00,2026-07-19T15:27:49Z,2026-07-19T15:27:49Z
ord_4cf0ba4cecb1,intent_ba2f6af7c57b,xagusd_fbo_1_1_3_atr80,xagusd_fbo_1_1_3_atr80_200807_01,XAGUSD,paper,sell,stop,5,5,cancelled,,17.165,false,entry,,,2008-07-13,2008-08-01T00:00:00,2026-07-19T15:27:49Z,2026-07-19T15:27:49Z
ord_508273a07945,intent_386c9f6725d9,xagusd_fbo_1_1_3_atr80,xagusd_fbo_1_1_3_atr80_200807_02,XAGUSD,paper,sell,stop,5,5,cancelled,,17.165,false,entry,,,2008-07-16,2008-08-01T00:00:00,2026-07-19T15:27:49Z,2026-07-19T15:27:49Z
ord_9a8abd98336f,intent_5c714119a6d3,xagusd_fbo_1_1_3_atr80,xagusd_fbo_1_1_3_atr80_200807_03,XAGUSD,paper,sell,stop,5,5,cancelled,,17.165,false,entry,,,2008-07-20,2008-08-01T00:00:00,2026-07-19T15:27:49Z,2026-07-19T15:27:49Z
ord_61fb0b62cd6f,intent_0372ad4f1e61,xagusd_fbo_1_1_3_atr80,xagusd_fbo_1_1_3_atr80_200808_01,XAGUSD,paper,buy,stop,5,5,cancelled,,17.751,false,entry,,,2008-08-10,2008-09-01T00:00:00,2026-07-19T15:27:49Z,2026-07-19T15:27:49Z
ord_81929568f1d5,intent_400622c6fa39,xagusd_fbo_1_1_3_atr80,xagusd_fbo_1_1_3_atr80_200811_01,XAGUSD,paper,sell,stop,5,0,filled,,9.527,false,entry,,,2008-11-10,2008-12-01T00:00:00,2026-07-19T15:27:49Z,2026-07-19T15:27:49Z
ord_7799e7edc708,intent_203e55ee94e5,xagusd_fbo_1_1_3_atr80,xagusd_fbo_1_1_3_atr80_200811_01,XAGUSD,paper,buy,limit,1,0,filled,9.2785,,true,tp1,,,2008-11-11,2008-12-01T00:00:00,2026-07-19T15:27:49Z,2026-07-19T15:27:49Z
ord_2e036b1f5196,intent_b9bd12c544ca,xagusd_fbo_1_1_3_atr80,xagusd_fbo_1_1_3_atr80_200811_01,XAGUSD,paper,buy,limit,1,1,cancelled,8.536,,true,tp2,,,2008-11-11,2008-12-01T00:00:00,2026-07-19T15:27:49Z,2026-07-19T15:27:49Z
ord_44720c8f2a5d,intent_a31976ccee01,xagusd_fbo_1_1_3_atr80,xagusd_fbo_1_1_3_atr80_200811_01,XAGUSD,paper,buy,limit,3,3,cancelled,7.545999999999999,,true,tp3,,,2008-11-11,2008-12-01T00:00:00,2026-07-19T15:27:49Z,2026-07-19T15:27:49Z
ord_ef59fbff8feb,intent_eb197c9f53a0,xagusd_fbo_1_1_3_atr80,xagusd_fbo_1_1_3_atr80_200811_01,XAGUSD,paper,buy,market_close,4,0,filled,,,true,close,,,2008-11-21,,2026-07-19T15:27:49Z,2026-07-19T15:27:49Z
ord_a9f1494438c5,intent_dd403eda06d2,xagusd_fbo_1_1_3_atr80,xagusd_fbo_1_1_3_atr80_200811_02,XAGUSD,paper,buy,stop,5,0,filled,,10.517,false,entry,,,2008-11-23,2008-12-01T00:00:00,2026-07-19T15:27:49Z,2026-07-19T15:27:49Z
ord_2b35a64dcb11,intent_ad6267c073be,xagusd_fbo_1_1_3_atr80,xagusd_fbo_1_1_3_atr80_200811_02,XAGUSD,paper,sell,limit,1,1,cancelled,10.7655,,true,tp1,,,2008-11-24,2008-12-01T00:00:00,2026-07-19T15:27:49Z,2026-07-19T15:27:49Z
ord_1ae90fb1eac1,intent_2e5c59f86140,xagusd_fbo_1_1_3_atr80,xagusd_fbo_1_1_3_atr80_200811_02,XAGUSD,paper,sell,limit,1,1,cancelled,11.508,,true,tp2,,,2008-11-24,2008-12-01T00:00:00,2026-07-19T15:27:49Z,2026-07-19T15:27:49Z
ord_06ac67a33618,intent_2bf5f1e21ed6,xagusd_fbo_1_1_3_atr80,xagusd_fbo_1_1_3_atr80_200811_02,XAGUSD,paper,sell,limit,3,3,cancelled,12.498,,true,tp3,,,2008-11-24,2008-12-01T00:00:00,2026-07-19T15:27:49Z,2026-07-19T15:27:49Z
ord_ede7308acc13,intent_0743266d6661,xagusd_fbo_1_1_3_atr80,xagusd_fbo_1_1_3_atr80_200811_02,XAGUSD,paper,sell,market_close,5,0,filled,,,true,close,,,2008-11-30,,2026-07-19T15:27:49Z,2026-07-19T15:27:49Z
ord_a2d89568dc44,intent_9af4b04392b6,xagusd_fbo_1_1_3_atr80,xagusd_fbo_1_1_3_atr80_200812_01,XAGUSD,paper,buy,stop,5,0,filled,,10.336,false,entry,,,2008-12-05,2008-12-31T23:59:59,2026-07-19T15:27:49Z,2026-07-19T15:27:49Z
ord_fec883b4fe7b,intent_c3694d24cb42,xagusd_fbo_1_1_3_atr80,xagusd_fbo_1_1_3_atr80_200812_01,XAGUSD,paper,sell,limit,1,0,filled,10.67,,true,tp1,,,2008-12-08,2008-12-31T23:59:59,2026-07-19T15:27:49Z,2026-07-19T15:27:49Z
ord_7e7ab9b9022f,intent_1e1c5d36aea7,xagusd_fbo_1_1_3_atr80,xagusd_fbo_1_1_3_atr80_200812_01,XAGUSD,paper,sell,limit,1,1,cancelled,11.669,,true,tp2,,,2008-12-08,2008-12-31T23:59:59,2026-07-19T15:27:49Z,2026-07-19T15:27:49Z
ord_96015db1c46c,intent_2fad964e6ebe,xagusd_fbo_1_1_3_atr80,xagusd_fbo_1_1_3_atr80_200812_01,XAGUSD,paper,sell,limit,3,3,cancelled,13.001000000000001,,true,tp3,,,2008-12-08,2008-12-31T23:59:59,2026-07-19T15:27:49Z,2026-07-19T15:27:49Z
ord_a03a898e3ef4,intent_1ab807a19f7a,xagusd_fbo_1_1_3_atr80,xagusd_fbo_1_1_3_atr80_200812_01,XAGUSD,paper,sell,market_close,4,0,filled,,,true,close,,,2008-12-23,,2026-07-19T15:27:49Z,2026-07-19T15:27:49Z
ord_75520a4b6d93,intent_67b355412994,xagusd_fbo_1_1_3_atr80,xagusd_fbo_1_1_3_atr80_200812_02,XAGUSD,paper,sell,stop,5,5,cancelled,,9.004,false,entry,,,2008-12-24,2008-12-31T23:59:59,2026-07-19T15:27:49Z,2026-07-19T15:27:49Z
ord_055c34235952,intent_5d0eef35e883,xagusd_fbo_1_1_3_atr80,xagusd_fbo_1_1_3_atr80_200901_01,XAGUSD,paper,buy,stop,5,0,filled,,11.736,false,entry,,,2009-01-05,2009-02-01T00:00:00,2026-07-19T15:27:49Z,2026-07-19T15:27:49Z
ord_51e9722c4a95,intent_0a44fbcce411,xagusd_fbo_1_1_3_atr80,xagusd_fbo_1_1_3_atr80_200901_01,XAGUSD,paper,sell,limit,1,0,filled,11.95625,,true,tp1,,,2009-01-23,2009-02-01T00:00:00,2026-07-19T15:27:49Z,2026-07-19T15:27:49Z
ord_9c1f826975dd,intent_d9c5968b9b80,xagusd_fbo_1_1_3_atr80,xagusd_fbo_1_1_3_atr80_200901_01,XAGUSD,paper,sell,limit,1,0,filled,12.614,,true,tp2,,,2009-01-23,2009-02-01T00:00:00,2026-07-19T15:27:49Z,2026-07-19T15:27:49Z
ord_68fcf6fb9a8d,intent_8c8664c7afcf,xagusd_fbo_1_1_3_atr80,xagusd_fbo_1_1_3_atr80_200901_01,XAGUSD,paper,sell,limit,3,3,cancelled,13.491000000000001,,true,tp3,,,2009-01-23,2009-02-01T00:00:00,2026-07-19T15:27:49Z,2026-07-19T15:27:49Z
ord_b4061424e126,intent_70e9a14edfa2,xagusd_fbo_1_1_3_atr80,xagusd_fbo_1_1_3_atr80_200901_01,XAGUSD,paper,sell,market_close,3,0,filled,,,true,close,,,2009-01-30,,2026-07-19T15:27:49Z,2026-07-19T15:27:49Z
ord_c9e922fbe6ff,intent_eed6a503120a,xagusd_fbo_1_1_3_atr80,xagusd_fbo_1_1_3_atr80_200902_01,XAGUSD,paper,sell,stop,5,5,cancelled,,12.031,false,entry,,,2009-02-05,2009-03-01T00:00:00,2026-07-19T15:27:49Z,2026-07-19T15:27:49Z
ord_3e1d96bf0969,intent_edf0bc410c36,xagusd_fbo_1_1_3_atr80,xagusd_fbo_1_1_3_atr80_200903_01,XAGUSD,paper,sell,stop,5,0,filled,,12.284,false,entry,,,2009-03-06,2009-04-01T00:00:00,2026-07-19T15:27:49Z,2026-07-19T15:27:49Z
ord_c4d109e651f0,intent_c9ea1bf07f3b,xagusd_fbo_1_1_3_atr80,xagusd_fbo_1_1_3_atr80_200903_01,XAGUSD,paper,buy,limit,1,1,cancelled,12.004750000000001,,true,tp1,,,2009-03-18,2009-04-01T00:00:00,2026-07-19T15:27:49Z,2026-07-19T15:27:49Z
ord_4f074033976c,intent_b5f8ad985101,xagusd_fbo_1_1_3_atr80,xagusd_fbo_1_1_3_atr80_200903_01,XAGUSD,paper,buy,limit,1,1,cancelled,11.170000000000002,,true,tp2,,,2009-03-18,2009-04-01T00:00:00,2026-07-19T15:27:49Z,2026-07-19T15:27:49Z
ord_d4c2e992d138,intent_8a4fa563e708,xagusd_fbo_1_1_3_atr80,xagusd_fbo_1_1_3_atr80_200903_01,XAGUSD,paper,buy,limit,3,3,cancelled,10.057000000000002,,true,tp3,,,2009-03-18,2009-04-01T00:00:00,2026-07-19T15:27:49Z,2026-07-19T15:27:49Z
ord_611fe7be8875,intent_c6920cee8d11,xagusd_fbo_1_1_3_atr80,xagusd_fbo_1_1_3_atr80_200903_01,XAGUSD,paper,buy,market_close,5,0,filled,,,true,close,,,2009-03-19,,2026-07-19T15:27:49Z,2026-07-19T15:27:49Z
ord_1d51e27ebf2a,intent_054593326ab3,xagusd_fbo_1_1_3_atr80,xagusd_fbo_1_1_3_atr80_200903_02,XAGUSD,paper,sell,stop,5,5,cancelled,,12.284,false,entry,,,2009-03-20,2009-04-01T00:00:00,2026-07-19T15:27:49Z,2026-07-19T15:27:49Z
ord_52f0c8566424,intent_1d0609d92286,xagusd_fbo_1_1_3_atr80,xagusd_fbo_1_1_3_atr80_200904_01,XAGUSD,paper,buy,stop,5,0,filled,,13.135,false,entry,,,2009-04-06,2009-05-01T00:00:00,2026-07-19T15:27:49Z,2026-07-19T15:27:49Z
ord_56f19ede8a66,intent_33493716e12a,xagusd_fbo_1_1_3_atr80,xagusd_fbo_1_1_3_atr80_200904_01,XAGUSD,paper,sell,limit,1,1,cancelled,13.30975,,true,tp1,,,2009-04-26,2009-05-01T00:00:00,2026-07-19T15:27:49Z,2026-07-19T15:27:49Z
ord_3c5adc19827c,intent_52ec244741dd,xagusd_fbo_1_1_3_atr80,xagusd_fbo_1_1_3_atr80_200904_01,XAGUSD,paper,sell,limit,1,1,cancelled,13.831,,true,tp2,,,2009-04-26,2009-05-01T00:00:00,2026-07-19T15:27:49Z,2026-07-19T15:27:49Z
ord_002521928fc8,intent_b1680c72d64a,xagusd_fbo_1_1_3_atr80,xagusd_fbo_1_1_3_atr80_200904_01,XAGUSD,paper,sell,limit,3,3,cancelled,14.526,,true,tp3,,,2009-04-26,2009-05-01T00:00:00,2026-07-19T15:27:49Z,2026-07-19T15:27:49Z
ord_c852f258f2e5,intent_510f0848320b,xagusd_fbo_1_1_3_atr80,xagusd_fbo_1_1_3_atr80_200904_01,XAGUSD,paper,sell,market_close,5,0,filled,,,true,close,,,2009-04-28,,2026-07-19T15:27:49Z,2026-07-19T15:27:49Z
ord_f12511e69eda,intent_f26adbfddf36,xagusd_fbo_1_1_3_atr80,xagusd_fbo_1_1_3_atr80_200904_02,XAGUSD,paper,buy,stop,5,5,cancelled,,13.135,false,entry,,,2009-04-29,2009-05-01T00:00:00,2026-07-19T15:27:49Z,2026-07-19T15:27:49Z
ord_9ec43d2afa68,intent_148fd78e50d7,xagusd_fbo_1_1_3_atr80,xagusd_fbo_1_1_3_atr80_200905_01,XAGUSD,paper,sell,stop,5,5,cancelled,,11.9,false,entry,,,2009-05-05,2009-06-01T00:00:00,2026-07-19T15:27:49Z,2026-07-19T15:27:50Z
ord_2fec2e96e12b,intent_8584ae81ba9c,xagusd_fbo_1_1_3_atr80,xagusd_fbo_1_1_3_atr80_200906_01,XAGUSD,paper,buy,stop,5,5,cancelled,,16.224,false,entry,,,2009-06-04,2009-07-01T00:00:00,2026-07-19T15:27:50Z,2026-07-19T15:27:50Z
ord_5e3ad6ccf954,intent_d64a1bf9ad23,xagusd_fbo_1_1_3_atr80,xagusd_fbo_1_1_3_atr80_200907_01,XAGUSD,paper,buy,stop,5,0,filled,,13.881,false,entry,,,2009-07-05,2009-08-01T00:00:00,2026-07-19T15:27:50Z,2026-07-19T15:27:50Z
ord_118708832efa,intent_5903404678e1,xagusd_fbo_1_1_3_atr80,xagusd_fbo_1_1_3_atr80_200907_01,XAGUSD,paper,sell,limit,1,0,filled,14.06125,,true,tp1,,,2009-07-24,2009-08-01T00:00:00,2026-07-19T15:27:50Z,2026-07-19T15:27:50Z
ord_e816fcb033ef,intent_71b4341ec6b0,xagusd_fbo_1_1_3_atr80,xagusd_fbo_1_1_3_atr80_200907_01,XAGUSD,paper,sell,limit,1,1,cancelled,14.599,,true,tp2,,,2009-07-24,2009-08-01T00:00:00,2026-07-19T15:27:50Z,2026-07-19T15:27:50Z
ord_cd6d3c6b814f,intent_e80db0da3a01,xagusd_fbo_1_1_3_atr80,xagusd_fbo_1_1_3_atr80_200907_01,XAGUSD,paper,sell,limit,3,3,cancelled,15.316,,true,tp3,,,2009-07-24,2009-08-01T00:00:00,2026-07-19T15:27:50Z,2026-07-19T15:27:50Z
ord_1222460f116d,intent_c9570f995f77,xagusd_fbo_1_1_3_atr80,xagusd_fbo_1_1_3_atr80_200907_01,XAGUSD,paper,sell,market_close,4,0,filled,,,true,close,,,2009-07-28,,2026-07-19T15:27:50Z,2026-07-19T15:27:50Z
ord_8d3ee0e54dff,intent_7ee113fce5b0,xagusd_fbo_1_1_3_atr80,xagusd_fbo_1_1_3_atr80_200907_02,XAGUSD,paper,buy,stop,5,0,filled,,13.881,false,entry,,,2009-07-29,2009-08-01T00:00:00,2026-07-19T15:27:50Z,2026-07-19T15:27:50Z
ord_bef7f6305424,intent_a92be29c12b4,xagusd_fbo_1_1_3_atr80,xagusd_fbo_1_1_3_atr80_200907_02,XAGUSD,paper,sell,limit,1,1,cancelled,14.06125,,true,tp1,,,2009-07-31,2009-08-01T00:00:00,2026-07-19T15:27:50Z,2026-07-19T15:27:50Z
ord_18b5226633e6,intent_d286102d8b22,xagusd_fbo_1_1_3_atr80,xagusd_fbo_1_1_3_atr80_200907_02,XAGUSD,paper,sell,limit,1,1,cancelled,14.599,,true,tp2,,,2009-07-31,2009-08-01T00:00:00,2026-07-19T15:27:50Z,2026-07-19T15:27:50Z
ord_4fe366fe7da5,intent_969ef26f072f,xagusd_fbo_1_1_3_atr80,xagusd_fbo_1_1_3_atr80_200907_02,XAGUSD,paper,sell,limit,3,3,cancelled,15.316,,true,tp3,,,2009-07-31,2009-08-01T00:00:00,2026-07-19T15:27:50Z,2026-07-19T15:27:50Z
ord_3bc6e24888d7,intent_58eca4be828b,xagusd_fbo_1_1_3_atr80,xagusd_fbo_1_1_3_atr80_200907_02,XAGUSD,paper,sell,market_close,5,0,filled,,,true,close,,,2009-07-31,,2026-07-19T15:27:50Z,2026-07-19T15:27:50Z
ord_8b049e1e6621,intent_1c5c7f08efc5,xagusd_fbo_1_1_3_atr80,xagusd_fbo_1_1_3_atr80_200908_01,XAGUSD,paper,sell,stop,5,0,filled,,13.741,false,entry,,,2009-08-05,2009-09-01T00:00:00,2026-07-19T15:27:50Z,2026-07-19T15:27:50Z
ord_ce2b0c17138e,intent_55153be3217d,xagusd_fbo_1_1_3_atr80,xagusd_fbo_1_1_3_atr80_200908_01,XAGUSD,paper,buy,limit,1,0,filled,13.484,,true,tp1,,,2009-08-17,2009-09-01T00:00:00,2026-07-19T15:27:50Z,2026-07-19T15:27:50Z
ord_15e73bf5118d,intent_e086e64f2573,xagusd_fbo_1_1_3_atr80,xagusd_fbo_1_1_3_atr80_200908_01,XAGUSD,paper,buy,limit,1,1,cancelled,12.716,,true,tp2,,,2009-08-17,2009-09-01T00:00:00,2026-07-19T15:27:50Z,2026-07-19T15:27:50Z
ord_686fa1de15f7,intent_53f035cadb08,xagusd_fbo_1_1_3_atr80,xagusd_fbo_1_1_3_atr80_200908_01,XAGUSD,paper,buy,limit,3,3,cancelled,11.691999999999998,,true,tp3,,,2009-08-17,2009-09-01T00:00:00,2026-07-19T15:27:50Z,2026-07-19T15:27:50Z
ord_58aae1cebbea,intent_7c2a75c8ac54,xagusd_fbo_1_1_3_atr80,xagusd_fbo_1_1_3_atr80_200908_01,XAGUSD,paper,buy,market_close,4,0,filled,,,true,close,,,2009-08-19,,2026-07-19T15:27:50Z,2026-07-19T15:27:50Z
ord_1086bb864f47,intent_ae9c75f64a07,xagusd_fbo_1_1_3_atr80,xagusd_fbo_1_1_3_atr80_200908_02,XAGUSD,paper,buy,stop,5,0,filled,,14.765,false,entry,,,2009-08-20,2009-09-01T00:00:00,2026-07-19T15:27:50Z,2026-07-19T15:27:50Z
ord_a351c91ee04a,intent_0ed28264980c,xagusd_fbo_1_1_3_atr80,xagusd_fbo_1_1_3_atr80_200908_02,XAGUSD,paper,sell,limit,1,1,cancelled,15.022,,true,tp1,,,2009-08-28,2009-09-01T00:00:00,2026-07-19T15:27:50Z,2026-07-19T15:27:50Z
ord_3da96bc669ab,intent_46b296f4ffa5,xagusd_fbo_1_1_3_atr80,xagusd_fbo_1_1_3_atr80_200908_02,XAGUSD,paper,sell,limit,1,1,cancelled,15.790000000000001,,true,tp2,,,2009-08-28,2009-09-01T00:00:00,2026-07-19T15:27:50Z,2026-07-19T15:27:50Z
ord_8a5f9b6faf33,intent_f7fae78bc668,xagusd_fbo_1_1_3_atr80,xagusd_fbo_1_1_3_atr80_200908_02,XAGUSD,paper,sell,limit,3,3,cancelled,16.814,,true,tp3,,,2009-08-28,2009-09-01T00:00:00,2026-07-19T15:27:50Z,2026-07-19T15:27:50Z
ord_7db8e703d967,intent_7556161a6f3c,xagusd_fbo_1_1_3_atr80,xagusd_fbo_1_1_3_atr80_200908_02,XAGUSD,paper,sell,market_close,5,0,filled,,,true,close,,,2009-08-31,,2026-07-19T15:27:50Z,2026-07-19T15:27:50Z
ord_7f56da9ebe8d,intent_154094dbfd65,xagusd_fbo_1_1_3_atr80,xagusd_fbo_1_1_3_atr80_200909_01,XAGUSD,paper,sell,stop,5,5,cancelled,,14.475,false,entry,,,2009-09-04,2009-10-01T00:00:00,2026-07-19T15:27:50Z,2026-07-19T15:27:50Z
ord_102bae87fb3f,intent_04742d4418a0,xagusd_fbo_1_1_3_atr80,xagusd_fbo_1_1_3_atr80_200910_01,XAGUSD,paper,sell,stop,5,5,cancelled,,15.76,false,entry,,,2009-10-06,2009-11-01T00:00:00,2026-07-19T15:27:50Z,2026-07-19T15:27:50Z
ord_f93ee04ae765,intent_cf20788e19b0,xagusd_fbo_1_1_3_atr80,xagusd_fbo_1_1_3_atr80_200911_01,XAGUSD,paper,sell,stop,5,5,cancelled,,16.083,false,entry,,,2009-11-04,2009-12-01T00:00:00,2026-07-19T15:27:50Z,2026-07-19T15:27:50Z
ord_d636584fec9d,intent_a4ec56f55a28,xagusd_fbo_1_1_3_atr80,xagusd_fbo_1_1_3_atr80_200912_01,XAGUSD,paper,buy,stop,5,5,cancelled,,19.459,false,entry,,,2009-12-04,2009-12-31T23:59:59,2026-07-19T15:27:50Z,2026-07-19T15:27:50Z
ord_f91ebbcfa50f,intent_e4660862177e,xagusd_fbo_1_1_3_atr80,xagusd_fbo_1_1_3_atr80_200912_02,XAGUSD,paper,buy,stop,5,5,cancelled,,19.459,false,entry,,,2009-12-14,2009-12-31T23:59:59,2026-07-19T15:27:50Z,2026-07-19T15:27:50Z
ord_30e567f23b44,intent_cb7afc419eeb,xagusd_fbo_1_1_3_atr80,xagusd_fbo_1_1_3_atr80_201001_01,XAGUSD,paper,sell,stop,5,0,filled,,16.642,false,entry,,,2010-01-05,2010-02-01T00:00:00,2026-07-19T15:27:50Z,2026-07-19T15:27:50Z
ord_822af8b3f3da,intent_4220acc455b0,xagusd_fbo_1_1_3_atr80,xagusd_fbo_1_1_3_atr80_201001_01,XAGUSD,paper,buy,limit,1,0,filled,16.386,,true,tp1,,,2010-01-26,2010-02-01T00:00:00,2026-07-19T15:27:50Z,2026-07-19T15:27:50Z
ord_d673913a3d68,intent_ff92db47dd8e,xagusd_fbo_1_1_3_atr80,xagusd_fbo_1_1_3_atr80_201001_01,XAGUSD,paper,buy,limit,1,1,cancelled,15.620999999999999,,true,tp2,,,2010-01-26,2010-02-01T00:00:00,2026-07-19T15:27:50Z,2026-07-19T15:27:50Z
ord_a261716299a7,intent_729970968316,xagusd_fbo_1_1_3_atr80,xagusd_fbo_1_1_3_atr80_201001_01,XAGUSD,paper,buy,limit,3,3,cancelled,14.600999999999999,,true,tp3,,,2010-01-26,2010-02-01T00:00:00,2026-07-19T15:27:50Z,2026-07-19T15:27:50Z
ord_7d34601ac155,intent_c02fb660ffa9,xagusd_fbo_1_1_3_atr80,xagusd_fbo_1_1_3_atr80_201001_01,XAGUSD,paper,buy,market_close,4,0,filled,,,true,close,,,2010-01-31,,2026-07-19T15:27:50Z,2026-07-19T15:27:50Z
ord_7a2bc6d56e9d,intent_c293bc08d7a6,xagusd_fbo_1_1_3_atr80,xagusd_fbo_1_1_3_atr80_201002_01,XAGUSD,paper,buy,stop,5,5,cancelled,,16.935,false,entry,,,2010-02-07,2010-03-01T00:00:00,2026-07-19T15:27:50Z,2026-07-19T15:27:50Z
ord_57ea4f44f254,intent_28cb6bf6ff55,xagusd_fbo_1_1_3_atr80,xagusd_fbo_1_1_3_atr80_201002_02,XAGUSD,paper,buy,stop,5,5,cancelled,,16.935,false,entry,,,2010-02-11,2010-03-01T00:00:00,2026-07-19T15:27:50Z,2026-07-19T15:27:50Z
ord_77e962f439ae,intent_bdc0c31672b8,xagusd_fbo_1_1_3_atr80,xagusd_fbo_1_1_3_atr80_201003_01,XAGUSD,paper,sell,stop,5,5,cancelled,,16.156,false,entry,,,2010-03-05,2010-04-01T00:00:00,2026-07-19T15:27:50Z,2026-07-19T15:27:50Z
ord_cbdb676343ee,intent_ddd71e595347,xagusd_fbo_1_1_3_atr80,xagusd_fbo_1_1_3_atr80_201004_01,XAGUSD,paper,sell,stop,5,5,cancelled,,17.292,false,entry,,,2010-04-05,2010-05-01T00:00:00,2026-07-19T15:27:50Z,2026-07-19T15:27:50Z
ord_24a4e2677c73,intent_172ff53f13af,xagusd_fbo_1_1_3_atr80,xagusd_fbo_1_1_3_atr80_201005_01,XAGUSD,paper,buy,stop,5,0,filled,,18.877,false,entry,,,2010-05-05,2010-06-01T00:00:00,2026-07-19T15:27:50Z,2026-07-19T15:27:50Z
ord_aba6ea631403,intent_9a23811ad4eb,xagusd_fbo_1_1_3_atr80,xagusd_fbo_1_1_3_atr80_201005_01,XAGUSD,paper,sell,limit,1,0,filled,19.1865,,true,tp1,,,2010-05-11,2010-06-01T00:00:00,2026-07-19T15:27:50Z,2026-07-19T15:27:50Z
ord_15d0c885ba2e,intent_843a4ccbb526,xagusd_fbo_1_1_3_atr80,xagusd_fbo_1_1_3_atr80_201005_01,XAGUSD,paper,sell,limit,1,1,cancelled,20.112,,true,tp2,,,2010-05-11,2010-06-01T00:00:00,2026-07-19T15:27:50Z,2026-07-19T15:27:50Z
ord_0ffe0b3d6ac8,intent_6df397ebc299,xagusd_fbo_1_1_3_atr80,xagusd_fbo_1_1_3_atr80_201005_01,XAGUSD,paper,sell,limit,3,3,cancelled,21.345999999999997,,true,tp3,,,2010-05-11,2010-06-01T00:00:00,2026-07-19T15:27:50Z,2026-07-19T15:27:50Z
ord_120d5011800f,intent_cd76eedbc976,xagusd_fbo_1_1_3_atr80,xagusd_fbo_1_1_3_atr80_201005_01,XAGUSD,paper,sell,market_close,4,0,filled,,,true,close,,,2010-05-17,,2026-07-19T15:27:50Z,2026-07-19T15:27:50Z
ord_78b65f12011e,intent_9ceb1a6779be,xagusd_fbo_1_1_3_atr80,xagusd_fbo_1_1_3_atr80_201005_02,XAGUSD,paper,sell,stop,5,5,cancelled,,17.643,false,entry,,,2010-05-28,2010-06-01T00:00:00,2026-07-19T15:27:50Z,2026-07-19T15:27:50Z
ord_47e59b2004a5,intent_c156b745ce2c,xagusd_fbo_1_1_3_atr80,xagusd_fbo_1_1_3_atr80_201006_01,XAGUSD,paper,buy,stop,5,0,filled,,18.676,false,entry,,,2010-06-04,2010-07-01T00:00:00,2026-07-19T15:27:50Z,2026-07-19T15:27:50Z
ord_6901edfdfe02,intent_1659a34f545c,xagusd_fbo_1_1_3_atr80,xagusd_fbo_1_1_3_atr80_201006_01,XAGUSD,paper,sell,limit,1,0,filled,18.932,,true,tp1,,,2010-06-17,2010-07-01T00:00:00,2026-07-19T15:27:50Z,2026-07-19T15:27:50Z
ord_1832afa56835,intent_7ea0f6a1a073,xagusd_fbo_1_1_3_atr80,xagusd_fbo_1_1_3_atr80_201006_01,XAGUSD,paper,sell,limit,1,1,cancelled,19.697,,true,tp2,,,2010-06-17,2010-07-01T00:00:00,2026-07-19T15:27:50Z,2026-07-19T15:27:50Z
ord_576fbed0d3e1,intent_baf6fb9acde9,xagusd_fbo_1_1_3_atr80,xagusd_fbo_1_1_3_atr80_201006_01,XAGUSD,paper,sell,limit,3,3,cancelled,20.717,,true,tp3,,,2010-06-17,2010-07-01T00:00:00,2026-07-19T15:27:50Z,2026-07-19T15:27:50Z
ord_31cfa457bc93,intent_3b4925eca32f,xagusd_fbo_1_1_3_atr80,xagusd_fbo_1_1_3_atr80_201006_01,XAGUSD,paper,sell,market_close,4,0,filled,,,true,close,,,2010-06-23,,2026-07-19T15:27:50Z,2026-07-19T15:27:50Z
ord_a5252f990ec3,intent_597d62b9edf8,xagusd_fbo_1_1_3_atr80,xagusd_fbo_1_1_3_atr80_201006_02,XAGUSD,paper,sell,stop,5,5,cancelled,,17.656,false,entry,,,2010-06-24,2010-07-01T00:00:00,2026-07-19T15:27:50Z,2026-07-19T15:27:50Z
ord_e52ebe02fe45,intent_5df7639e5df0,xagusd_fbo_1_1_3_atr80,xagusd_fbo_1_1_3_atr80_201007_01,XAGUSD,paper,buy,stop,5,5,cancelled,,18.662,false,entry,,,2010-07-07,2010-08-01T00:00:00,2026-07-19T15:27:50Z,2026-07-19T15:27:50Z
ord_3ba4ed8a2350,intent_d71516743df6,xagusd_fbo_1_1_3_atr80,xagusd_fbo_1_1_3_atr80_201008_01,XAGUSD,paper,sell,stop,5,0,filled,,17.773,false,entry,,,2010-08-04,2010-09-01T00:00:00,2026-07-19T15:27:50Z,2026-07-19T15:27:50Z
ord_04a2026a82c3,intent_b30ea6f7dae9,xagusd_fbo_1_1_3_atr80,xagusd_fbo_1_1_3_atr80_201008_01,XAGUSD,paper,buy,limit,1,1,cancelled,17.5675,,true,tp1,,,2010-08-11,2010-09-01T00:00:00,2026-07-19T15:27:50Z,2026-07-19T15:27:50Z
ord_c9d497e97415,intent_9024469c6d38,xagusd_fbo_1_1_3_atr80,xagusd_fbo_1_1_3_atr80_201008_01,XAGUSD,paper,buy,limit,1,1,cancelled,16.953999999999997,,true,tp2,,,2010-08-11,2010-09-01T00:00:00,2026-07-19T15:27:50Z,2026-07-19T15:27:50Z
ord_d9cc1937e50c,intent_e0e535e7cbf8,xagusd_fbo_1_1_3_atr80,xagusd_fbo_1_1_3_atr80_201008_01,XAGUSD,paper,buy,limit,3,3,cancelled,16.135999999999996,,true,tp3,,,2010-08-11,2010-09-01T00:00:00,2026-07-19T15:27:50Z,2026-07-19T15:27:50Z
ord_18dfeb3bf363,intent_ab69057c1fc6,xagusd_fbo_1_1_3_atr80,xagusd_fbo_1_1_3_atr80_201008_01,XAGUSD,paper,buy,market_close,5,0,filled,,,true,close,,,2010-08-25,,2026-07-19T15:27:50Z,2026-07-19T15:27:50Z
ord_d13cb0813995,intent_319e2860ae3d,xagusd_fbo_1_1_3_atr80,xagusd_fbo_1_1_3_atr80_201008_02,XAGUSD,paper,sell,stop,5,5,cancelled,,17.773,false,entry,,,2010-08-26,2010-09-01T00:00:00,2026-07-19T15:27:50Z,2026-07-19T15:27:50Z
ord_e27fd6d11fc3,intent_20655d3a8bcd,xagusd_fbo_1_1_3_atr80,xagusd_fbo_1_1_3_atr80_201009_01,XAGUSD,paper,sell,stop,5,5,cancelled,,19.096,false,entry,,,2010-09-06,2010-10-01T00:00:00,2026-07-19T15:27:50Z,2026-07-19T15:27:50Z
ord_bc30a5d985ef,intent_00418a5a1698,xagusd_fbo_1_1_3_atr80,xagusd_fbo_1_1_3_atr80_201010_01,XAGUSD,paper,sell,stop,5,5,cancelled,,21.571,false,entry,,,2010-10-05,2010-11-01T00:00:00,2026-07-19T15:27:50Z,2026-07-19T15:27:50Z
ord_61f2d998f482,intent_779fd6f52c28,xagusd_fbo_1_1_3_atr80,xagusd_fbo_1_1_3_atr80_201106_01,XAGUSD,paper,buy,stop,5,5,cancelled,,38.453,false,entry,,,2011-06-29,2011-07-01T00:00:00,2026-07-19T15:27:51Z,2026-07-19T15:27:51Z
ord_9b34cb8faf01,intent_e934eeab7f05,xagusd_fbo_1_1_3_atr80,xagusd_fbo_1_1_3_atr80_201107_01,XAGUSD,paper,sell,stop,5,5,cancelled,,33.448,false,entry,,,2011-07-05,2011-08-01T00:00:00,2026-07-19T15:27:51Z,2026-07-19T15:27:51Z
ord_c05b11bf793c,intent_90d4e0bd2089,xagusd_fbo_1_1_3_atr80,xagusd_fbo_1_1_3_atr80_201107_02,XAGUSD,paper,sell,stop,5,5,cancelled,,33.448,false,entry,,,2011-07-10,2011-08-01T00:00:00,2026-07-19T15:27:51Z,2026-07-19T15:27:51Z
ord_d5b85275a251,intent_e3bd80c60b8c,xagusd_fbo_1_1_3_atr80,xagusd_fbo_1_1_3_atr80_201109_01,XAGUSD,paper,buy,stop,5,5,cancelled,,43.358,false,entry,,,2011-09-11,2011-10-01T00:00:00,2026-07-19T15:27:51Z,2026-07-19T15:27:51Z
ord_3a9a1a07ad9a,intent_dddb4df3488d,xagusd_fbo_1_1_3_atr80,xagusd_fbo_1_1_3_atr80_201110_01,XAGUSD,paper,buy,stop,5,0,filled,,31.387,false,entry,,,2011-10-21,2011-11-01T00:00:00,2026-07-19T15:27:51Z,2026-07-19T15:27:51Z
ord_1349c15f895a,intent_86087a55f0d7,xagusd_fbo_1_1_3_atr80,xagusd_fbo_1_1_3_atr80_201110_01,XAGUSD,paper,sell,limit,1,0,filled,32.075,,true,tp1,,,2011-10-23,2011-11-01T00:00:00,2026-07-19T15:27:51Z,2026-07-19T15:27:51Z
ord_e737277d20af,intent_ac8bc9ab637e,xagusd_fbo_1_1_3_atr80,xagusd_fbo_1_1_3_atr80_201110_01,XAGUSD,paper,sell,limit,1,0,filled,34.136,,true,tp2,,,2011-10-23,2011-11-01T00:00:00,2026-07-19T15:27:51Z,2026-07-19T15:27:51Z
ord_e2191d24f65e,intent_c0af7fdb7477,xagusd_fbo_1_1_3_atr80,xagusd_fbo_1_1_3_atr80_201110_01,XAGUSD,paper,sell,limit,3,3,cancelled,36.884,,true,tp3,,,2011-10-23,2011-11-01T00:00:00,2026-07-19T15:27:51Z,2026-07-19T15:27:51Z
ord_394817d037d6,intent_a67766d09719,xagusd_fbo_1_1_3_atr80,xagusd_fbo_1_1_3_atr80_201110_01,XAGUSD,paper,sell,market_close,3,0,filled,,,true,close,,,2011-10-31,,2026-07-19T15:27:51Z,2026-07-19T15:27:51Z
ord_93416f1222e4,intent_9b8b90ab6bd1,xagusd_fbo_1_1_3_atr80,xagusd_fbo_1_1_3_atr80_201111_01,XAGUSD,paper,sell,stop,5,0,filled,,32.112,false,entry,,,2011-11-07,2011-12-01T00:00:00,2026-07-19T15:27:51Z,2026-07-19T15:27:51Z
ord_ed726800c61c,intent_e791dc071cc5,xagusd_fbo_1_1_3_atr80,xagusd_fbo_1_1_3_atr80_201111_01,XAGUSD,paper,buy,limit,1,0,filled,31.418250000000004,,true,tp1,,,2011-11-17,2011-12-01T00:00:00,2026-07-19T15:27:51Z,2026-07-19T15:27:51Z
ord_2e8262c5d9d1,intent_efffe393e4e3,xagusd_fbo_1_1_3_atr80,xagusd_fbo_1_1_3_atr80_201111_01,XAGUSD,paper,buy,limit,1,1,cancelled,29.340000000000003,,true,tp2,,,2011-11-17,2011-12-01T00:00:00,2026-07-19T15:27:51Z,2026-07-19T15:27:51Z
ord_d1b7764194b9,intent_35af436e1de6,xagusd_fbo_1_1_3_atr80,xagusd_fbo_1_1_3_atr80_201111_01,XAGUSD,paper,buy,limit,3,3,cancelled,26.569000000000003,,true,tp3,,,2011-11-17,2011-12-01T00:00:00,2026-07-19T15:27:51Z,2026-07-19T15:27:51Z
ord_3d06a1395b07,intent_90dcbeab69fa,xagusd_fbo_1_1_3_atr80,xagusd_fbo_1_1_3_atr80_201111_01,XAGUSD,paper,buy,market_close,4,0,filled,,,true,close,,,2011-11-18,,2026-07-19T15:27:51Z,2026-07-19T15:27:51Z
ord_5395d9fa6776,intent_6c3476d8afc4,xagusd_fbo_1_1_3_atr80,xagusd_fbo_1_1_3_atr80_201111_02,XAGUSD,paper,buy,stop,5,5,cancelled,,34.883,false,entry,,,2011-11-20,2011-12-01T00:00:00,2026-07-19T15:27:51Z,2026-07-19T15:27:51Z
ord_56f6f2d4f385,intent_bd65e257a7bd,xagusd_fbo_1_1_3_atr80,xagusd_fbo_1_1_3_atr80_201112_01,XAGUSD,paper,buy,stop,5,5,cancelled,,33.673,false,entry,,,2011-12-05,2011-12-31T23:59:59,2026-07-19T15:27:51Z,2026-07-19T15:27:51Z
ord_9693cb0fc783,intent_8ca4b888cc13,xagusd_fbo_1_1_3_atr80,xagusd_fbo_1_1_3_atr80_201201_01,XAGUSD,paper,sell,stop,5,5,cancelled,,27.892,false,entry,,,2012-01-10,2012-02-01T00:00:00,2026-07-19T15:27:51Z,2026-07-19T15:27:51Z
ord_948febfe783f,intent_721808f7db65,xagusd_fbo_1_1_3_atr80,xagusd_fbo_1_1_3_atr80_201202_01,XAGUSD,paper,buy,stop,5,0,filled,,34.393,false,entry,,,2012-02-06,2012-03-01T00:00:00,2026-07-19T15:27:51Z,2026-07-19T15:27:51Z
ord_c60709679782,intent_4d3513e42e6b,xagusd_fbo_1_1_3_atr80,xagusd_fbo_1_1_3_atr80_201202_01,XAGUSD,paper,sell,limit,1,0,filled,34.7235,,true,tp1,,,2012-02-08,2012-03-01T00:00:00,2026-07-19T15:27:51Z,2026-07-19T15:27:51Z
ord_2d27bb124d0f,intent_8c6d77880326,xagusd_fbo_1_1_3_atr80,xagusd_fbo_1_1_3_atr80_201202_01,XAGUSD,paper,sell,limit,1,0,filled,35.711999999999996,,true,tp2,,,2012-02-08,2012-03-01T00:00:00,2026-07-19T15:27:51Z,2026-07-19T15:27:51Z
ord_90ed4d850007,intent_adedbfa65c92,xagusd_fbo_1_1_3_atr80,xagusd_fbo_1_1_3_atr80_201202_01,XAGUSD,paper,sell,limit,3,0,filled,37.029999999999994,,true,tp3,,,2012-02-08,2012-03-01T00:00:00,2026-07-19T15:27:51Z,2026-07-19T15:27:51Z
ord_f9caeff9b719,intent_b58e8ee04d00,xagusd_fbo_1_1_3_atr80,xagusd_fbo_1_1_3_atr80_201202_02,XAGUSD,paper,sell,stop,5,5,cancelled,,33.075,false,entry,,,2012-02-28,2012-03-01T00:00:00,2026-07-19T15:27:51Z,2026-07-19T15:27:51Z
ord_14c6548d8838,intent_467ad6622ace,xagusd_fbo_1_1_3_atr80,xagusd_fbo_1_1_3_atr80_201203_01,XAGUSD,paper,buy,stop,5,5,cancelled,,35.634,false,entry,,,2012-03-05,2012-04-01T00:00:00,2026-07-19T15:27:51Z,2026-07-19T15:27:51Z
ord_3a98de1fc713,intent_02ffedb4d69d,xagusd_fbo_1_1_3_atr80,xagusd_fbo_1_1_3_atr80_201204_01,XAGUSD,paper,buy,stop,5,5,cancelled,,33.284,false,entry,,,2012-04-04,2012-05-01T00:00:00,2026-07-19T15:27:51Z,2026-07-19T15:27:51Z
ord_74cb5bd7c33c,intent_a5d4fa5519e0,xagusd_fbo_1_1_3_atr80,xagusd_fbo_1_1_3_atr80_201205_01,XAGUSD,paper,buy,stop,5,5,cancelled,,31.334,false,entry,,,2012-05-04,2012-06-01T00:00:00,2026-07-19T15:27:51Z,2026-07-19T15:27:51Z
ord_e8d3065c7732,intent_4e6ede631986,xagusd_fbo_1_1_3_atr80,xagusd_fbo_1_1_3_atr80_201206_01,XAGUSD,paper,sell,stop,5,0,filled,,27.213,false,entry,,,2012-06-06,2012-07-01T00:00:00,2026-07-19T15:27:51Z,2026-07-19T15:27:51Z
ord_013a74c08942,intent_a256ffe90a31,xagusd_fbo_1_1_3_atr80,xagusd_fbo_1_1_3_atr80_201206_01,XAGUSD,paper,buy,limit,1,0,filled,26.83925,,true,tp1,,,2012-06-21,2012-07-01T00:00:00,2026-07-19T15:27:51Z,2026-07-19T15:27:51Z
ord_19a67d9f3aca,intent_cf675978b053,xagusd_fbo_1_1_3_atr80,xagusd_fbo_1_1_3_atr80_201206_01,XAGUSD,paper,buy,limit,1,1,cancelled,25.721,,true,tp2,,,2012-06-21,2012-07-01T00:00:00,2026-07-19T15:27:51Z,2026-07-19T15:27:51Z
ord_5b9cbf688e34,intent_600f2b75aa39,xagusd_fbo_1_1_3_atr80,xagusd_fbo_1_1_3_atr80_201206_01,XAGUSD,paper,buy,limit,3,3,cancelled,24.23,,true,tp3,,,2012-06-21,2012-07-01T00:00:00,2026-07-19T15:27:51Z,2026-07-19T15:27:51Z
ord_17a8eb1542a1,intent_05946394f75b,xagusd_fbo_1_1_3_atr80,xagusd_fbo_1_1_3_atr80_201206_01,XAGUSD,paper,buy,market_close,4,0,filled,,,true,close,,,2012-06-25,,2026-07-19T15:27:51Z,2026-07-19T15:27:51Z
ord_b1d4dde95cc1,intent_f41564d979a7,xagusd_fbo_1_1_3_atr80,xagusd_fbo_1_1_3_atr80_201206_02,XAGUSD,paper,buy,stop,5,5,cancelled,,28.704,false,entry,,,2012-06-26,2012-07-01T00:00:00,2026-07-19T15:27:51Z,2026-07-19T15:27:51Z
ord_1182fd912c1f,intent_7a3e9955a123,xagusd_fbo_1_1_3_atr80,xagusd_fbo_1_1_3_atr80_201207_01,XAGUSD,paper,buy,stop,5,5,cancelled,,28.448,false,entry,,,2012-07-06,2012-08-01T00:00:00,2026-07-19T15:27:51Z,2026-07-19T15:27:51Z
ord_a90b7f47f369,intent_5c0a6d878e47,xagusd_fbo_1_1_3_atr80,xagusd_fbo_1_1_3_atr80_201208_01,XAGUSD,paper,sell,stop,5,5,cancelled,,26.969,false,entry,,,2012-08-07,2012-09-01T00:00:00,2026-07-19T15:27:51Z,2026-07-19T15:27:51Z
ord_1541bb90be70,intent_aa60f615c060,xagusd_fbo_1_1_3_atr80,xagusd_fbo_1_1_3_atr80_201209_01,XAGUSD,paper,sell,stop,5,5,cancelled,,31.523,false,entry,,,2012-09-06,2012-10-01T00:00:00,2026-07-19T15:27:51Z,2026-07-19T15:27:51Z
ord_7c284964ff06,intent_7612f6db12df,xagusd_fbo_1_1_3_atr80,xagusd_fbo_1_1_3_atr80_201210_01,XAGUSD,paper,buy,stop,5,5,cancelled,,35.383,false,entry,,,2012-10-05,2012-11-01T00:00:00,2026-07-19T15:27:51Z,2026-07-19T15:27:51Z
ord_1306888a25a3,intent_e949aaf1707b,xagusd_fbo_1_1_3_atr80,xagusd_fbo_1_1_3_atr80_201211_01,XAGUSD,paper,buy,stop,5,0,filled,,32.653,false,entry,,,2012-11-05,2012-12-01T00:00:00,2026-07-19T15:27:51Z,2026-07-19T15:27:51Z
ord_d1ff9e1eca1e,intent_985028770156,xagusd_fbo_1_1_3_atr80,xagusd_fbo_1_1_3_atr80_201211_01,XAGUSD,paper,sell,limit,1,0,filled,33.116749999999996,,true,tp1,,,2012-11-09,2012-12-01T00:00:00,2026-07-19T15:27:51Z,2026-07-19T15:27:51Z
ord_696811bcfe00,intent_c65e2d9cf8d0,xagusd_fbo_1_1_3_atr80,xagusd_fbo_1_1_3_atr80_201211_01,XAGUSD,paper,sell,limit,1,1,cancelled,34.504999999999995,,true,tp2,,,2012-11-09,2012-12-01T00:00:00,2026-07-19T15:27:51Z,2026-07-19T15:27:52Z
ord_2582b011d887,intent_39b1a1a3a20f,xagusd_fbo_1_1_3_atr80,xagusd_fbo_1_1_3_atr80_201211_01,XAGUSD,paper,sell,limit,3,3,cancelled,36.355999999999995,,true,tp3,,,2012-11-09,2012-12-01T00:00:00,2026-07-19T15:27:51Z,2026-07-19T15:27:52Z
ord_afe1d2fe33a9,intent_20a75a0a1784,xagusd_fbo_1_1_3_atr80,xagusd_fbo_1_1_3_atr80_201211_01,XAGUSD,paper,sell,market_close,4,0,filled,,,true,close,,,2012-11-30,,2026-07-19T15:27:52Z,2026-07-19T15:27:52Z
ord_e5db706b4247,intent_a3a6f0d7938d,xagusd_fbo_1_1_3_atr80,xagusd_fbo_1_1_3_atr80_201212_01,XAGUSD,paper,buy,stop,5,5,cancelled,,33.846,false,entry,,,2012-12-05,2012-12-31T23:59:59,2026-07-19T15:27:52Z,2026-07-19T15:27:52Z
ord_442a50896c51,intent_f21f6c9b66fc,xagusd_fbo_1_1_3_atr80,xagusd_fbo_1_1_3_atr80_201301_01,XAGUSD,paper,buy,stop,5,0,filled,,31.49,false,entry,,,2013-01-04,2013-02-01T00:00:00,2026-07-19T15:27:52Z,2026-07-19T15:27:52Z
ord_195602e95ca0,intent_e22790835ccc,xagusd_fbo_1_1_3_atr80,xagusd_fbo_1_1_3_atr80_201301_01,XAGUSD,paper,sell,limit,1,0,filled,31.86825,,true,tp1,,,2013-01-15,2013-02-01T00:00:00,2026-07-19T15:27:52Z,2026-07-19T15:27:52Z
ord_89c38b62e42f,intent_08d47ccbe76f,xagusd_fbo_1_1_3_atr80,xagusd_fbo_1_1_3_atr80_201301_01,XAGUSD,paper,sell,limit,1,1,cancelled,33.0,,true,tp2,,,2013-01-15,2013-02-01T00:00:00,2026-07-19T15:27:52Z,2026-07-19T15:27:52Z
ord_c331517a44fc,intent_23c20c2993b7,xagusd_fbo_1_1_3_atr80,xagusd_fbo_1_1_3_atr80_201301_01,XAGUSD,paper,sell,limit,3,3,cancelled,34.50899999999999,,true,tp3,,,2013-01-15,2013-02-01T00:00:00,2026-07-19T15:27:52Z,2026-07-19T15:27:52Z
ord_7eb0ae1e6931,intent_e1488de5a410,xagusd_fbo_1_1_3_atr80,xagusd_fbo_1_1_3_atr80_201301_01,XAGUSD,paper,sell,market_close,4,0,filled,,,true,close,,,2013-01-25,,2026-07-19T15:27:52Z,2026-07-19T15:27:52Z
ord_e2ab562ee4e8,intent_20c5a203ebc6,xagusd_fbo_1_1_3_atr80,xagusd_fbo_1_1_3_atr80_201301_02,XAGUSD,paper,sell,stop,5,5,cancelled,,29.981,false,entry,,,2013-01-30,2013-02-01T00:00:00,2026-07-19T15:27:52Z,2026-07-19T15:27:52Z
ord_b8afb30b6644,intent_70d43d785832,xagusd_fbo_1_1_3_atr80,xagusd_fbo_1_1_3_atr80_201302_01,XAGUSD,paper,buy,stop,5,5,cancelled,,32.144,false,entry,,,2013-02-07,2013-03-01T00:00:00,2026-07-19T15:27:52Z,2026-07-19T15:27:52Z
ord_c5ac0b3ebedd,intent_0a9cb19d6212,xagusd_fbo_1_1_3_atr80,xagusd_fbo_1_1_3_atr80_201303_01,XAGUSD,paper,sell,stop,5,5,cancelled,,27.938,false,entry,,,2013-03-05,2013-04-01T00:00:00,2026-07-19T15:27:52Z,2026-07-19T15:27:52Z
ord_77b8d6679c05,intent_226618552a15,xagusd_fbo_1_1_3_atr80,xagusd_fbo_1_1_3_atr80_201304_01,XAGUSD,paper,buy,stop,5,5,cancelled,,28.356,false,entry,,,2013-04-04,2013-05-01T00:00:00,2026-07-19T15:27:52Z,2026-07-19T15:27:52Z
ord_3604e52b5485,intent_c3200ba89d48,xagusd_fbo_1_1_3_atr80,xagusd_fbo_1_1_3_atr80_201305_01,XAGUSD,paper,sell,stop,5,0,filled,,23.245,false,entry,,,2013-05-06,2013-06-01T00:00:00,2026-07-19T15:27:52Z,2026-07-19T15:27:52Z
ord_3955fdef0312,intent_9a5968aaa32a,xagusd_fbo_1_1_3_atr80,xagusd_fbo_1_1_3_atr80_201305_01,XAGUSD,paper,buy,limit,1,0,filled,22.95925,,true,tp1,,,2013-05-10,2013-06-01T00:00:00,2026-07-19T15:27:52Z,2026-07-19T15:27:52Z
ord_be15fda49d15,intent_e117c478b54a,xagusd_fbo_1_1_3_atr80,xagusd_fbo_1_1_3_atr80_201305_01,XAGUSD,paper,buy,limit,1,0,filled,22.105,,true,tp2,,,2013-05-10,2013-06-01T00:00:00,2026-07-19T15:27:52Z,2026-07-19T15:27:52Z
ord_7c37e89322fb,intent_4e4324f53d87,xagusd_fbo_1_1_3_atr80,xagusd_fbo_1_1_3_atr80_201305_01,XAGUSD,paper,buy,limit,3,0,filled,20.966,,true,tp3,,,2013-05-10,2013-06-01T00:00:00,2026-07-19T15:27:52Z,2026-07-19T15:27:52Z
ord_edf72b297ca5,intent_ddc7c39737c4,xagusd_fbo_1_1_3_atr80,xagusd_fbo_1_1_3_atr80_201305_02,XAGUSD,paper,buy,stop,5,5,cancelled,,24.384,false,entry,,,2013-05-19,2013-06-01T00:00:00,2026-07-19T15:27:52Z,2026-07-19T15:27:52Z
ord_b1f3488e19bc,intent_f93fa43cd8c0,xagusd_fbo_1_1_3_atr80,xagusd_fbo_1_1_3_atr80_201306_01,XAGUSD,paper,buy,stop,5,5,cancelled,,22.945,false,entry,,,2013-06-07,2013-07-01T00:00:00,2026-07-19T15:27:52Z,2026-07-19T15:27:52Z
ord_f4479be0bffa,intent_f3df910cae8d,xagusd_fbo_1_1_3_atr80,xagusd_fbo_1_1_3_atr80_201307_01,XAGUSD,paper,buy,stop,5,0,filled,,19.927,false,entry,,,2013-07-05,2013-08-01T00:00:00,2026-07-19T15:27:52Z,2026-07-19T15:27:52Z
ord_9492fa7d3158,intent_6c8699c746c2,xagusd_fbo_1_1_3_atr80,xagusd_fbo_1_1_3_atr80_201307_01,XAGUSD,paper,sell,limit,1,0,filled,20.09625,,true,tp1,,,2013-07-10,2013-08-01T00:00:00,2026-07-19T15:27:52Z,2026-07-19T15:27:52Z
ord_57b184b58027,intent_ec9e1e624c4b,xagusd_fbo_1_1_3_atr80,xagusd_fbo_1_1_3_atr80_201307_01,XAGUSD,paper,sell,limit,1,1,cancelled,20.601,,true,tp2,,,2013-07-10,2013-08-01T00:00:00,2026-07-19T15:27:52Z,2026-07-19T15:27:52Z
ord_78054c204968,intent_4f6109c10662,xagusd_fbo_1_1_3_atr80,xagusd_fbo_1_1_3_atr80_201307_01,XAGUSD,paper,sell,limit,3,3,cancelled,21.273999999999997,,true,tp3,,,2013-07-10,2013-08-01T00:00:00,2026-07-19T15:27:52Z,2026-07-19T15:27:52Z
ord_b27ec78083b1,intent_36a66f2fb726,xagusd_fbo_1_1_3_atr80,xagusd_fbo_1_1_3_atr80_201307_01,XAGUSD,paper,sell,market_close,4,0,filled,,,true,close,,,2013-07-12,,2026-07-19T15:27:52Z,2026-07-19T15:27:52Z
ord_509428147071,intent_56de1bbc330e,xagusd_fbo_1_1_3_atr80,xagusd_fbo_1_1_3_atr80_201307_02,XAGUSD,paper,sell,stop,5,0,filled,,19.254,false,entry,,,2013-07-14,2013-08-01T00:00:00,2026-07-19T15:27:52Z,2026-07-19T15:27:52Z
ord_54400bcd6b11,intent_7073f739a2a7,xagusd_fbo_1_1_3_atr80,xagusd_fbo_1_1_3_atr80_201307_02,XAGUSD,paper,buy,limit,1,1,cancelled,19.08475,,true,tp1,,,2013-07-18,2013-08-01T00:00:00,2026-07-19T15:27:52Z,2026-07-19T15:27:52Z
ord_85897d873898,intent_3fac92891533,xagusd_fbo_1_1_3_atr80,xagusd_fbo_1_1_3_atr80_201307_02,XAGUSD,paper,buy,limit,1,1,cancelled,18.580000000000002,,true,tp2,,,2013-07-18,2013-08-01T00:00:00,2026-07-19T15:27:52Z,2026-07-19T15:27:52Z
ord_bd60c4548361,intent_160a2391c828,xagusd_fbo_1_1_3_atr80,xagusd_fbo_1_1_3_atr80_201307_02,XAGUSD,paper,buy,limit,3,3,cancelled,17.907000000000004,,true,tp3,,,2013-07-18,2013-08-01T00:00:00,2026-07-19T15:27:52Z,2026-07-19T15:27:52Z
ord_34a68615b842,intent_e303f9d7d88b,xagusd_fbo_1_1_3_atr80,xagusd_fbo_1_1_3_atr80_201307_02,XAGUSD,paper,buy,market_close,5,0,filled,,,true,close,,,2013-07-22,,2026-07-19T15:27:52Z,2026-07-19T15:27:52Z
ord_5b9ba1a65b9b,intent_5eb71f89d03a,xagusd_fbo_1_1_3_atr80,xagusd_fbo_1_1_3_atr80_201308_01,XAGUSD,paper,buy,stop,5,0,filled,,20.278,false,entry,,,2013-08-07,2013-09-01T00:00:00,2026-07-19T15:27:52Z,2026-07-19T15:27:52Z
ord_4818dc48ab90,intent_4be7d2c447cd,xagusd_fbo_1_1_3_atr80,xagusd_fbo_1_1_3_atr80_201308_01,XAGUSD,paper,sell,limit,1,0,filled,20.5465,,true,tp1,,,2013-08-08,2013-09-01T00:00:00,2026-07-19T15:27:52Z,2026-07-19T15:27:52Z
ord_e4f21e751076,intent_836a03829883,xagusd_fbo_1_1_3_atr80,xagusd_fbo_1_1_3_atr80_201308_01,XAGUSD,paper,sell,limit,1,0,filled,21.349,,true,tp2,,,2013-08-08,2013-09-01T00:00:00,2026-07-19T15:27:52Z,2026-07-19T15:27:52Z
ord_b266997235ea,intent_2f45744ea42d,xagusd_fbo_1_1_3_atr80,xagusd_fbo_1_1_3_atr80_201308_01,XAGUSD,paper,sell,limit,3,0,filled,22.419,,true,tp3,,,2013-08-08,2013-09-01T00:00:00,2026-07-19T15:27:52Z,2026-07-19T15:27:52Z
ord_75c1f67eb4e4,intent_e8e41fb7e676,xagusd_fbo_1_1_3_atr80,xagusd_fbo_1_1_3_atr80_201308_02,XAGUSD,paper,sell,stop,5,5,cancelled,,19.208,false,entry,,,2013-08-15,2013-09-01T00:00:00,2026-07-19T15:27:52Z,2026-07-19T15:27:52Z
ord_eea50c7b8633,intent_05f86f1f3e27,xagusd_fbo_1_1_3_atr80,xagusd_fbo_1_1_3_atr80_201309_01,XAGUSD,paper,buy,stop,5,5,cancelled,,24.471,false,entry,,,2013-09-05,2013-10-01T00:00:00,2026-07-19T15:27:52Z,2026-07-19T15:27:52Z
ord_d687e62f08f5,intent_286d24e793af,xagusd_fbo_1_1_3_atr80,xagusd_fbo_1_1_3_atr80_201309_02,XAGUSD,paper,buy,stop,5,5,cancelled,,24.471,false,entry,,,2013-09-26,2013-10-01T00:00:00,2026-07-19T15:27:52Z,2026-07-19T15:27:52Z
ord_b6ac13526fa4,intent_3d173bee28d0,xagusd_fbo_1_1_3_atr80,xagusd_fbo_1_1_3_atr80_201309_03,XAGUSD,paper,buy,stop,5,5,cancelled,,24.471,false,entry,,,2013-09-29,2013-10-01T00:00:00,2026-07-19T15:27:52Z,2026-07-19T15:27:52Z
ord_2cd41a457df7,intent_48fc2b161681,xagusd_fbo_1_1_3_atr80,xagusd_fbo_1_1_3_atr80_201310_01,XAGUSD,paper,sell,stop,5,0,filled,,20.603,false,entry,,,2013-10-07,2013-11-01T00:00:00,2026-07-19T15:27:52Z,2026-07-19T15:27:52Z
ord_a62fba5cb398,intent_6c605ccd1e63,xagusd_fbo_1_1_3_atr80,xagusd_fbo_1_1_3_atr80_201310_01,XAGUSD,paper,buy,limit,1,1,cancelled,20.253500000000003,,true,tp1,,,2013-10-15,2013-11-01T00:00:00,2026-07-19T15:27:52Z,2026-07-19T15:27:52Z
ord_ccf38b022dac,intent_11d4e318ad5e,xagusd_fbo_1_1_3_atr80,xagusd_fbo_1_1_3_atr80_201310_01,XAGUSD,paper,buy,limit,1,1,cancelled,19.208000000000002,,true,tp2,,,2013-10-15,2013-11-01T00:00:00,2026-07-19T15:27:52Z,2026-07-19T15:27:52Z
ord_afef605c0642,intent_85c0016a15a8,xagusd_fbo_1_1_3_atr80,xagusd_fbo_1_1_3_atr80_201310_01,XAGUSD,paper,buy,limit,3,3,cancelled,17.814000000000004,,true,tp3,,,2013-10-15,2013-11-01T00:00:00,2026-07-19T15:27:52Z,2026-07-19T15:27:52Z
ord_1d307da5bd49,intent_31e04a402338,xagusd_fbo_1_1_3_atr80,xagusd_fbo_1_1_3_atr80_201310_01,XAGUSD,paper,buy,market_close,5,0,filled,,,true,close,,,2013-10-21,,2026-07-19T15:27:52Z,2026-07-19T15:27:52Z
ord_7026a28e09ce,intent_d44df63aaffb,xagusd_fbo_1_1_3_atr80,xagusd_fbo_1_1_3_atr80_201310_02,XAGUSD,paper,sell,stop,5,5,cancelled,,20.603,false,entry,,,2013-10-22,2013-11-01T00:00:00,2026-07-19T15:27:52Z,2026-07-19T15:27:52Z
ord_d9fb79e0c055,intent_af7086204243,xagusd_fbo_1_1_3_atr80,xagusd_fbo_1_1_3_atr80_201311_01,XAGUSD,paper,buy,stop,5,0,filled,,21.978,false,entry,,,2013-11-05,2013-12-01T00:00:00,2026-07-19T15:27:52Z,2026-07-19T15:27:52Z
ord_ff2ad3fe4a8f,intent_5d9b6821586a,xagusd_fbo_1_1_3_atr80,xagusd_fbo_1_1_3_atr80_201311_01,XAGUSD,paper,sell,limit,1,1,cancelled,22.079750000000004,,true,tp1,,,2013-11-06,2013-12-01T00:00:00,2026-07-19T15:27:52Z,2026-07-19T15:27:52Z
ord_a09dbc7ee3c1,intent_de09f35bac04,xagusd_fbo_1_1_3_atr80,xagusd_fbo_1_1_3_atr80_201311_01,XAGUSD,paper,sell,limit,1,1,cancelled,22.382000000000005,,true,tp2,,,2013-11-06,2013-12-01T00:00:00,2026-07-19T15:27:52Z,2026-07-19T15:27:52Z
ord_576fbc5f61f0,intent_7f9939884798,xagusd_fbo_1_1_3_atr80,xagusd_fbo_1_1_3_atr80_201311_01,XAGUSD,paper,sell,limit,3,3,cancelled,22.785000000000007,,true,tp3,,,2013-11-06,2013-12-01T00:00:00,2026-07-19T15:27:52Z,2026-07-19T15:27:52Z
ord_ea77774e41fb,intent_3752129d4315,xagusd_fbo_1_1_3_atr80,xagusd_fbo_1_1_3_atr80_201311_01,XAGUSD,paper,sell,market_close,5,0,filled,,,true,close,,,2013-11-08,,2026-07-19T15:27:52Z,2026-07-19T15:27:52Z
ord_3cbf7c22a1b7,intent_6b14973ff047,xagusd_fbo_1_1_3_atr80,xagusd_fbo_1_1_3_atr80_201311_02,XAGUSD,paper,buy,stop,5,5,cancelled,,21.978,false,entry,,,2013-11-10,2013-12-01T00:00:00,2026-07-19T15:27:52Z,2026-07-19T15:27:52Z
ord_3981e83c02b0,intent_14ff4e62ee2d,xagusd_fbo_1_1_3_atr80,xagusd_fbo_1_1_3_atr80_201312_01,XAGUSD,paper,buy,stop,5,0,filled,,19.934,false,entry,,,2013-12-04,2013-12-31T23:59:59,2026-07-19T15:27:52Z,2026-07-19T15:27:52Z
ord_e5b55cd64de0,intent_2b95ac65df02,xagusd_fbo_1_1_3_atr80,xagusd_fbo_1_1_3_atr80_201312_01,XAGUSD,paper,sell,limit,1,0,filled,20.177750000000003,,true,tp1,,,2013-12-09,2013-12-31T23:59:59,2026-07-19T15:27:52Z,2026-07-19T15:27:52Z
ord_ceb5bf5e8cf6,intent_d05056b21f46,xagusd_fbo_1_1_3_atr80,xagusd_fbo_1_1_3_atr80_201312_01,XAGUSD,paper,sell,limit,1,1,cancelled,20.906000000000002,,true,tp2,,,2013-12-09,2013-12-31T23:59:59,2026-07-19T15:27:52Z,2026-07-19T15:27:52Z
ord_d050384ce67e,intent_bbe03590a4ea,xagusd_fbo_1_1_3_atr80,xagusd_fbo_1_1_3_atr80_201312_01,XAGUSD,paper,sell,limit,3,3,cancelled,21.877000000000002,,true,tp3,,,2013-12-09,2013-12-31T23:59:59,2026-07-19T15:27:52Z,2026-07-19T15:27:52Z
ord_56103cb38ca6,intent_c6c7fa270274,xagusd_fbo_1_1_3_atr80,xagusd_fbo_1_1_3_atr80_201312_01,XAGUSD,paper,sell,market_close,4,0,filled,,,true,close,,,2013-12-12,,2026-07-19T15:27:52Z,2026-07-19T15:27:52Z
ord_252c9af111f3,intent_d7f42465b7a0,xagusd_fbo_1_1_3_atr80,xagusd_fbo_1_1_3_atr80_201312_02,XAGUSD,paper,sell,stop,5,0,filled,,18.963,false,entry,,,2013-12-16,2013-12-31T23:59:59,2026-07-19T15:27:52Z,2026-07-19T15:27:52Z
ord_d09abbedf0b4,intent_fd1f07368678,xagusd_fbo_1_1_3_atr80,xagusd_fbo_1_1_3_atr80_201312_02,XAGUSD,paper,buy,limit,1,1,cancelled,18.71925,,true,tp1,,,2013-12-19,2013-12-31T23:59:59,2026-07-19T15:27:52Z,2026-07-19T15:27:52Z
ord_1f999105548f,intent_bd42c48df427,xagusd_fbo_1_1_3_atr80,xagusd_fbo_1_1_3_atr80_201312_02,XAGUSD,paper,buy,limit,1,1,cancelled,17.991,,true,tp2,,,2013-12-19,2013-12-31T23:59:59,2026-07-19T15:27:52Z,2026-07-19T15:27:52Z
ord_57863f081493,intent_627292e1603a,xagusd_fbo_1_1_3_atr80,xagusd_fbo_1_1_3_atr80_201312_02,XAGUSD,paper,buy,limit,3,3,cancelled,17.02,,true,tp3,,,2013-12-19,2013-12-31T23:59:59,2026-07-19T15:27:52Z,2026-07-19T15:27:52Z
ord_386f5a55154f,intent_6632302d385d,xagusd_fbo_1_1_3_atr80,xagusd_fbo_1_1_3_atr80_201312_02,XAGUSD,paper,buy,market_close,5,0,filled,,,true,close,,,2013-12-27,,2026-07-19T15:27:52Z,2026-07-19T15:27:52Z
ord_f7c24f34279f,intent_7fcb5a3a0336,xagusd_fbo_1_1_3_atr80,xagusd_fbo_1_1_3_atr80_201401_01,XAGUSD,paper,buy,stop,5,0,filled,,20.411,false,entry,,,2014-01-08,2014-02-01T00:00:00,2026-07-19T15:27:52Z,2026-07-19T15:27:52Z
ord_5a8855b9d1fc,intent_4cd5182eba66,xagusd_fbo_1_1_3_atr80,xagusd_fbo_1_1_3_atr80_201401_01,XAGUSD,paper,sell,limit,1,1,cancelled,20.653750000000002,,true,tp1,,,2014-01-13,2014-02-01T00:00:00,2026-07-19T15:27:52Z,2026-07-19T15:27:52Z
ord_3675a65d06da,intent_8a0671fb08b5,xagusd_fbo_1_1_3_atr80,xagusd_fbo_1_1_3_atr80_201401_01,XAGUSD,paper,sell,limit,1,1,cancelled,21.379000000000005,,true,tp2,,,2014-01-13,2014-02-01T00:00:00,2026-07-19T15:27:52Z,2026-07-19T15:27:52Z
ord_b9b9e0130fdf,intent_d42dec715f8a,xagusd_fbo_1_1_3_atr80,xagusd_fbo_1_1_3_atr80_201401_01,XAGUSD,paper,sell,limit,3,3,cancelled,22.346000000000007,,true,tp3,,,2014-01-13,2014-02-01T00:00:00,2026-07-19T15:27:52Z,2026-07-19T15:27:52Z
ord_a859e7717518,intent_c2f2df458c28,xagusd_fbo_1_1_3_atr80,xagusd_fbo_1_1_3_atr80_201401_01,XAGUSD,paper,sell,market_close,5,0,filled,,,true,close,,,2014-01-30,,2026-07-19T15:27:52Z,2026-07-19T15:27:52Z
ord_fe5e793fcd9f,intent_fc5f181cd6fa,xagusd_fbo_1_1_3_atr80,xagusd_fbo_1_1_3_atr80_201402_01,XAGUSD,paper,sell,stop,5,5,cancelled,,19.064,false,entry,,,2014-02-05,2014-03-01T00:00:00,2026-07-19T15:27:52Z,2026-07-19T15:27:52Z
ord_d081e964ab15,intent_573adf7b24ca,xagusd_fbo_1_1_3_atr80,xagusd_fbo_1_1_3_atr80_201403_01,XAGUSD,paper,buy,stop,5,0,filled,,21.701,false,entry,,,2014-03-07,2014-04-01T00:00:00,2026-07-19T15:27:52Z,2026-07-19T15:27:52Z
ord_a9c2cbfa2275,intent_d9b8811af9f3,xagusd_fbo_1_1_3_atr80,xagusd_fbo_1_1_3_atr80_201403_01,XAGUSD,paper,sell,limit,1,1,cancelled,21.87525,,true,tp1,,,2014-03-14,2014-04-01T00:00:00,2026-07-19T15:27:52Z,2026-07-19T15:27:52Z
ord_dc2f78fb1202,intent_caa001278acc,xagusd_fbo_1_1_3_atr80,xagusd_fbo_1_1_3_atr80_201403_01,XAGUSD,paper,sell,limit,1,1,cancelled,22.395000000000003,,true,tp2,,,2014-03-14,2014-04-01T00:00:00,2026-07-19T15:27:52Z,2026-07-19T15:27:52Z
ord_526c147a4e46,intent_bd076dbffb39,xagusd_fbo_1_1_3_atr80,xagusd_fbo_1_1_3_atr80_201403_01,XAGUSD,paper,sell,limit,3,3,cancelled,23.088000000000005,,true,tp3,,,2014-03-14,2014-04-01T00:00:00,2026-07-19T15:27:52Z,2026-07-19T15:27:52Z
ord_359327d24d6e,intent_5bac89df3f79,xagusd_fbo_1_1_3_atr80,xagusd_fbo_1_1_3_atr80_201403_01,XAGUSD,paper,sell,market_close,5,0,filled,,,true,close,,,2014-03-18,,2026-07-19T15:27:52Z,2026-07-19T15:27:52Z
ord_5bc7c118f99b,intent_2ed59174c2b8,xagusd_fbo_1_1_3_atr80,xagusd_fbo_1_1_3_atr80_201403_02,XAGUSD,paper,buy,stop,5,5,cancelled,,21.701,false,entry,,,2014-03-19,2014-04-01T00:00:00,2026-07-19T15:27:52Z,2026-07-19T15:27:53Z
ord_fc2892f3d45f,intent_ff52c6e5e2f6,xagusd_fbo_1_1_3_atr80,xagusd_fbo_1_1_3_atr80_201404_01,XAGUSD,paper,sell,stop,5,0,filled,,19.626,false,entry,,,2014-04-04,2014-05-01T00:00:00,2026-07-19T15:27:53Z,2026-07-19T15:27:53Z
ord_809a2bb1a9e7,intent_fe953ccefbc7,xagusd_fbo_1_1_3_atr80,xagusd_fbo_1_1_3_atr80_201404_01,XAGUSD,paper,buy,limit,1,0,filled,19.49975,,true,tp1,,,2014-04-09,2014-05-01T00:00:00,2026-07-19T15:27:53Z,2026-07-19T15:27:53Z
ord_989fd7713f23,intent_1d88a2d52552,xagusd_fbo_1_1_3_atr80,xagusd_fbo_1_1_3_atr80_201404_01,XAGUSD,paper,buy,limit,1,1,cancelled,19.124000000000002,,true,tp2,,,2014-04-09,2014-05-01T00:00:00,2026-07-19T15:27:53Z,2026-07-19T15:27:53Z
ord_12cc0ddb7132,intent_ca6bd380e96f,xagusd_fbo_1_1_3_atr80,xagusd_fbo_1_1_3_atr80_201404_01,XAGUSD,paper,buy,limit,3,3,cancelled,18.623000000000005,,true,tp3,,,2014-04-09,2014-05-01T00:00:00,2026-07-19T15:27:53Z,2026-07-19T15:27:53Z
ord_fab6ab4912f1,intent_2833690d2c71,xagusd_fbo_1_1_3_atr80,xagusd_fbo_1_1_3_atr80_201404_01,XAGUSD,paper,buy,market_close,4,0,filled,,,true,close,,,2014-04-16,,2026-07-19T15:27:53Z,2026-07-19T15:27:53Z
ord_842bd748d916,intent_a3021d69ff0d,xagusd_fbo_1_1_3_atr80,xagusd_fbo_1_1_3_atr80_201404_02,XAGUSD,paper,buy,stop,5,5,cancelled,,20.127,false,entry,,,2014-04-17,2014-05-01T00:00:00,2026-07-19T15:27:53Z,2026-07-19T15:27:53Z
ord_f53d76d3a4c5,intent_699348ae3195,xagusd_fbo_1_1_3_atr80,xagusd_fbo_1_1_3_atr80_201405_01,XAGUSD,paper,sell,stop,5,0,filled,,18.739,false,entry,,,2014-05-05,2014-06-01T00:00:00,2026-07-19T15:27:53Z,2026-07-19T15:27:53Z
ord_0723414dc53b,intent_309c5a4eab0a,xagusd_fbo_1_1_3_atr80,xagusd_fbo_1_1_3_atr80_201405_01,XAGUSD,paper,buy,limit,1,1,cancelled,18.50575,,true,tp1,,,2014-05-30,2014-06-01T00:00:00,2026-07-19T15:27:53Z,2026-07-19T15:27:53Z
ord_fad85f1e125d,intent_317a217c56c8,xagusd_fbo_1_1_3_atr80,xagusd_fbo_1_1_3_atr80_201405_01,XAGUSD,paper,buy,limit,1,1,cancelled,17.809,,true,tp2,,,2014-05-30,2014-06-01T00:00:00,2026-07-19T15:27:53Z,2026-07-19T15:27:53Z
ord_b9204db8c578,intent_29433488fb1c,xagusd_fbo_1_1_3_atr80,xagusd_fbo_1_1_3_atr80_201405_01,XAGUSD,paper,buy,limit,3,3,cancelled,16.880000000000003,,true,tp3,,,2014-05-30,2014-06-01T00:00:00,2026-07-19T15:27:53Z,2026-07-19T15:27:53Z
ord_57b861df69fa,intent_4d729c904f53,xagusd_fbo_1_1_3_atr80,xagusd_fbo_1_1_3_atr80_201405_01,XAGUSD,paper,buy,market_close,5,0,filled,,,true,close,,,2014-05-30,,2026-07-19T15:27:53Z,2026-07-19T15:27:53Z
ord_e6628e121e8e,intent_ffd1ca22d74a,xagusd_fbo_1_1_3_atr80,xagusd_fbo_1_1_3_atr80_201406_01,XAGUSD,paper,sell,stop,5,5,cancelled,,18.656,false,entry,,,2014-06-05,2014-07-01T00:00:00,2026-07-19T15:27:53Z,2026-07-19T15:27:53Z
ord_5b58547bafa6,intent_fab6c52bc9ea,xagusd_fbo_1_1_3_atr80,xagusd_fbo_1_1_3_atr80_201407_01,XAGUSD,paper,sell,stop,5,0,filled,,20.709,false,entry,,,2014-07-10,2014-08-01T00:00:00,2026-07-19T15:27:53Z,2026-07-19T15:27:53Z
ord_fe55f3df0aa9,intent_638fd91744fd,xagusd_fbo_1_1_3_atr80,xagusd_fbo_1_1_3_atr80_201407_01,XAGUSD,paper,buy,limit,1,0,filled,20.567749999999997,,true,tp1,,,2014-07-15,2014-08-01T00:00:00,2026-07-19T15:27:53Z,2026-07-19T15:27:53Z
ord_f99248ea539b,intent_b38af8d8d84a,xagusd_fbo_1_1_3_atr80,xagusd_fbo_1_1_3_atr80_201407_01,XAGUSD,paper,buy,limit,1,1,cancelled,20.147,,true,tp2,,,2014-07-15,2014-08-01T00:00:00,2026-07-19T15:27:53Z,2026-07-19T15:27:53Z
ord_c84881d2ef51,intent_5280894e210d,xagusd_fbo_1_1_3_atr80,xagusd_fbo_1_1_3_atr80_201407_01,XAGUSD,paper,buy,limit,3,3,cancelled,19.586,,true,tp3,,,2014-07-15,2014-08-01T00:00:00,2026-07-19T15:27:53Z,2026-07-19T15:27:53Z
ord_abd8bf872614,intent_2598ca290edf,xagusd_fbo_1_1_3_atr80,xagusd_fbo_1_1_3_atr80_201407_01,XAGUSD,paper,buy,market_close,4,0,filled,,,true,close,,,2014-07-16,,2026-07-19T15:27:53Z,2026-07-19T15:27:53Z
ord_cc25d15264e2,intent_5aefa8d3fe65,xagusd_fbo_1_1_3_atr80,xagusd_fbo_1_1_3_atr80_201407_02,XAGUSD,paper,buy,stop,5,5,cancelled,,21.27,false,entry,,,2014-07-17,2014-08-01T00:00:00,2026-07-19T15:27:53Z,2026-07-19T15:27:53Z
ord_773e3bbcb217,intent_9efd1bac1de2,xagusd_fbo_1_1_3_atr80,xagusd_fbo_1_1_3_atr80_201408_01,XAGUSD,paper,buy,stop,5,5,cancelled,,20.526,false,entry,,,2014-08-05,2014-09-01T00:00:00,2026-07-19T15:27:53Z,2026-07-19T15:27:53Z
ord_60384a5715c7,intent_0d126cf3b0fe,xagusd_fbo_1_1_3_atr80,xagusd_fbo_1_1_3_atr80_201409_01,XAGUSD,paper,buy,stop,5,5,cancelled,,19.516,false,entry,,,2014-09-04,2014-10-01T00:00:00,2026-07-19T15:27:53Z,2026-07-19T15:27:53Z
ord_87662efad2d7,intent_0c0a6e4a2ffc,xagusd_fbo_1_1_3_atr80,xagusd_fbo_1_1_3_atr80_201410_01,XAGUSD,paper,buy,stop,5,0,filled,,17.428,false,entry,,,2014-10-06,2014-11-01T00:00:00,2026-07-19T15:27:53Z,2026-07-19T15:27:53Z
ord_b20d2bf8f832,intent_b2824c5683d2,xagusd_fbo_1_1_3_atr80,xagusd_fbo_1_1_3_atr80_201410_01,XAGUSD,paper,sell,limit,1,0,filled,17.6075,,true,tp1,,,2014-10-07,2014-11-01T00:00:00,2026-07-19T15:27:53Z,2026-07-19T15:27:53Z
ord_4e6a6158bd57,intent_98371da1efca,xagusd_fbo_1_1_3_atr80,xagusd_fbo_1_1_3_atr80_201410_01,XAGUSD,paper,sell,limit,1,1,cancelled,18.143000000000004,,true,tp2,,,2014-10-07,2014-11-01T00:00:00,2026-07-19T15:27:53Z,2026-07-19T15:27:53Z
ord_b373055b0bcc,intent_4e255e593e73,xagusd_fbo_1_1_3_atr80,xagusd_fbo_1_1_3_atr80_201410_01,XAGUSD,paper,sell,limit,3,3,cancelled,18.857000000000006,,true,tp3,,,2014-10-07,2014-11-01T00:00:00,2026-07-19T15:27:53Z,2026-07-19T15:27:53Z
ord_9f3d34faf61e,intent_871bb205ff51,xagusd_fbo_1_1_3_atr80,xagusd_fbo_1_1_3_atr80_201410_01,XAGUSD,paper,sell,market_close,4,0,filled,,,true,close,,,2014-10-09,,2026-07-19T15:27:53Z,2026-07-19T15:27:53Z
ord_7d5b7d5e894f,intent_695a0845561e,xagusd_fbo_1_1_3_atr80,xagusd_fbo_1_1_3_atr80_201410_02,XAGUSD,paper,sell,stop,5,0,filled,,16.714,false,entry,,,2014-10-12,2014-11-01T00:00:00,2026-07-19T15:27:53Z,2026-07-19T15:27:53Z
ord_ecbffe0ab3d7,intent_fd4ae63706cc,xagusd_fbo_1_1_3_atr80,xagusd_fbo_1_1_3_atr80_201410_02,XAGUSD,paper,buy,limit,1,0,filled,16.534499999999998,,true,tp1,,,2014-10-30,2014-11-01T00:00:00,2026-07-19T15:27:53Z,2026-07-19T15:27:53Z
ord_8170226aece6,intent_96dfe73ce11e,xagusd_fbo_1_1_3_atr80,xagusd_fbo_1_1_3_atr80_201410_02,XAGUSD,paper,buy,limit,1,0,filled,15.998999999999995,,true,tp2,,,2014-10-30,2014-11-01T00:00:00,2026-07-19T15:27:53Z,2026-07-19T15:27:53Z
ord_96b633f1a0ae,intent_8553f8464d05,xagusd_fbo_1_1_3_atr80,xagusd_fbo_1_1_3_atr80_201410_02,XAGUSD,paper,buy,limit,3,3,cancelled,15.284999999999993,,true,tp3,,,2014-10-30,2014-11-01T00:00:00,2026-07-19T15:27:53Z,2026-07-19T15:27:53Z
ord_0c5b65954bd9,intent_de2fdad25bd3,xagusd_fbo_1_1_3_atr80,xagusd_fbo_1_1_3_atr80_201410_02,XAGUSD,paper,buy,market_close,3,0,filled,,,true,close,,,2014-10-31,,2026-07-19T15:27:53Z,2026-07-19T15:27:53Z
ord_31bf5f5664ea,intent_f50e9e1afe52,xagusd_fbo_1_1_3_atr80,xagusd_fbo_1_1_3_atr80_201411_01,XAGUSD,paper,buy,stop,5,0,filled,,16.224,false,entry,,,2014-11-05,2014-12-01T00:00:00,2026-07-19T15:27:53Z,2026-07-19T15:27:53Z
ord_8dd6df63f2af,intent_186b9e70d1f5,xagusd_fbo_1_1_3_atr80,xagusd_fbo_1_1_3_atr80_201411_01,XAGUSD,paper,sell,limit,1,0,filled,16.343,,true,tp1,,,2014-11-14,2014-12-01T00:00:00,2026-07-19T15:27:53Z,2026-07-19T15:27:53Z
ord_53a1bf4d92b5,intent_e72b8ef79bb7,xagusd_fbo_1_1_3_atr80,xagusd_fbo_1_1_3_atr80_201411_01,XAGUSD,paper,sell,limit,1,1,cancelled,16.697000000000003,,true,tp2,,,2014-11-14,2014-12-01T00:00:00,2026-07-19T15:27:53Z,2026-07-19T15:27:53Z
ord_4808ddcc7afb,intent_52c33c4bad86,xagusd_fbo_1_1_3_atr80,xagusd_fbo_1_1_3_atr80_201411_01,XAGUSD,paper,sell,limit,3,3,cancelled,17.169,,true,tp3,,,2014-11-14,2014-12-01T00:00:00,2026-07-19T15:27:53Z,2026-07-19T15:27:53Z
ord_00769d3a2a21,intent_c726a3739b14,xagusd_fbo_1_1_3_atr80,xagusd_fbo_1_1_3_atr80_201411_01,XAGUSD,paper,sell,market_close,4,0,filled,,,true,close,,,2014-11-17,,2026-07-19T15:27:53Z,2026-07-19T15:27:53Z
ord_5671c88f9e64,intent_c604d8a4ef9f,xagusd_fbo_1_1_3_atr80,xagusd_fbo_1_1_3_atr80_201411_02,XAGUSD,paper,sell,stop,5,0,filled,,15.752,false,entry,,,2014-11-18,2014-12-01T00:00:00,2026-07-19T15:27:53Z,2026-07-19T15:27:53Z
ord_1bb5b3c9c09e,intent_1222da159347,xagusd_fbo_1_1_3_atr80,xagusd_fbo_1_1_3_atr80_201411_02,XAGUSD,paper,buy,limit,1,0,filled,15.633000000000001,,true,tp1,,,2014-11-28,2014-12-01T00:00:00,2026-07-19T15:27:53Z,2026-07-19T15:27:53Z
ord_c587d0e787a3,intent_0bfd9e8aa9a0,xagusd_fbo_1_1_3_atr80,xagusd_fbo_1_1_3_atr80_201411_02,XAGUSD,paper,buy,limit,1,0,filled,15.279000000000002,,true,tp2,,,2014-11-28,2014-12-01T00:00:00,2026-07-19T15:27:53Z,2026-07-19T15:27:53Z
ord_5a9ddd05720b,intent_508c70c75649,xagusd_fbo_1_1_3_atr80,xagusd_fbo_1_1_3_atr80_201411_02,XAGUSD,paper,buy,limit,3,0,filled,14.807000000000002,,true,tp3,,,2014-11-28,2014-12-01T00:00:00,2026-07-19T15:27:53Z,2026-07-19T15:27:53Z
ord_cf25f48a4fa4,intent_0beec58db4a3,xagusd_fbo_1_1_3_atr80,xagusd_fbo_1_1_3_atr80_201412_01,XAGUSD,paper,sell,stop,5,5,cancelled,,14.609,false,entry,,,2014-12-09,2014-12-31T23:59:59,2026-07-19T15:27:53Z,2026-07-19T15:27:53Z
ord_da1137323487,intent_41b4ab778be2,xagusd_fbo_1_1_3_atr80,xagusd_fbo_1_1_3_atr80_201501_01,XAGUSD,paper,sell,stop,5,5,cancelled,,15.514,false,entry,,,2015-01-05,2015-02-01T00:00:00,2026-07-19T15:27:53Z,2026-07-19T15:27:53Z
ord_9cd33b1b6e44,intent_bc206e8cf80e,xagusd_fbo_1_1_3_atr80,xagusd_fbo_1_1_3_atr80_201502_01,XAGUSD,paper,buy,stop,5,5,cancelled,,17.729,false,entry,,,2015-02-05,2015-03-01T00:00:00,2026-07-19T15:27:53Z,2026-07-19T15:27:53Z
ord_f52b16238dad,intent_62af66179ff9,xagusd_fbo_1_1_3_atr80,xagusd_fbo_1_1_3_atr80_201503_01,XAGUSD,paper,buy,stop,5,0,filled,,16.78,false,entry,,,2015-03-06,2015-04-01T00:00:00,2026-07-19T15:27:53Z,2026-07-19T15:27:53Z
ord_26b1adb960f9,intent_36e1287283c4,xagusd_fbo_1_1_3_atr80,xagusd_fbo_1_1_3_atr80_201503_01,XAGUSD,paper,sell,limit,1,0,filled,16.959500000000002,,true,tp1,,,2015-03-20,2015-04-01T00:00:00,2026-07-19T15:27:53Z,2026-07-19T15:27:53Z
ord_0176071c6895,intent_e7a1d6e1c6fe,xagusd_fbo_1_1_3_atr80,xagusd_fbo_1_1_3_atr80_201503_01,XAGUSD,paper,sell,limit,1,1,cancelled,17.495000000000005,,true,tp2,,,2015-03-20,2015-04-01T00:00:00,2026-07-19T15:27:53Z,2026-07-19T15:27:53Z
ord_00afc5e412aa,intent_e05f083fa9ea,xagusd_fbo_1_1_3_atr80,xagusd_fbo_1_1_3_atr80_201503_01,XAGUSD,paper,sell,limit,3,3,cancelled,18.209000000000007,,true,tp3,,,2015-03-20,2015-04-01T00:00:00,2026-07-19T15:27:53Z,2026-07-19T15:27:53Z
ord_497c55009d78,intent_9fda4a061ae6,xagusd_fbo_1_1_3_atr80,xagusd_fbo_1_1_3_atr80_201503_01,XAGUSD,paper,sell,market_close,4,0,filled,,,true,close,,,2015-03-30,,2026-07-19T15:27:53Z,2026-07-19T15:27:53Z
ord_e8762e72f161,intent_7daaebc61998,xagusd_fbo_1_1_3_atr80,xagusd_fbo_1_1_3_atr80_201504_01,XAGUSD,paper,sell,stop,5,0,filled,,16.512,false,entry,,,2015-04-06,2015-05-01T00:00:00,2026-07-19T15:27:53Z,2026-07-19T15:27:53Z
ord_7ffd71b18979,intent_0e3903ae6db2,xagusd_fbo_1_1_3_atr80,xagusd_fbo_1_1_3_atr80_201504_01,XAGUSD,paper,buy,limit,1,0,filled,16.35775,,true,tp1,,,2015-04-08,2015-05-01T00:00:00,2026-07-19T15:27:53Z,2026-07-19T15:27:53Z
ord_b55db397a748,intent_87e436c8cb26,xagusd_fbo_1_1_3_atr80,xagusd_fbo_1_1_3_atr80_201504_01,XAGUSD,paper,buy,limit,1,0,filled,15.898,,true,tp2,,,2015-04-08,2015-05-01T00:00:00,2026-07-19T15:27:53Z,2026-07-19T15:27:53Z
ord_81ae9c860ded,intent_8e748821bce7,xagusd_fbo_1_1_3_atr80,xagusd_fbo_1_1_3_atr80_201504_01,XAGUSD,paper,buy,limit,3,3,cancelled,15.285,,true,tp3,,,2015-04-08,2015-05-01T00:00:00,2026-07-19T15:27:53Z,2026-07-19T15:27:53Z
ord_b4f1b5d3ca36,intent_67d43b152cbe,xagusd_fbo_1_1_3_atr80,xagusd_fbo_1_1_3_atr80_201504_01,XAGUSD,paper,buy,market_close,3,0,filled,,,true,close,,,2015-04-28,,2026-07-19T15:27:53Z,2026-07-19T15:27:53Z
ord_74d329cfa242,intent_7358b297c8e5,xagusd_fbo_1_1_3_atr80,xagusd_fbo_1_1_3_atr80_201504_02,XAGUSD,paper,buy,stop,5,5,cancelled,,17.125,false,entry,,,2015-04-29,2015-05-01T00:00:00,2026-07-19T15:27:53Z,2026-07-19T15:27:53Z
ord_01f95ac6c56c,intent_03762c48a638,xagusd_fbo_1_1_3_atr80,xagusd_fbo_1_1_3_atr80_201505_01,XAGUSD,paper,sell,stop,5,5,cancelled,,15.9,false,entry,,,2015-05-13,2015-06-01T00:00:00,2026-07-19T15:27:53Z,2026-07-19T15:27:53Z
ord_31a046e9edad,intent_d537835a785e,xagusd_fbo_1_1_3_atr80,xagusd_fbo_1_1_3_atr80_201506_01,XAGUSD,paper,buy,stop,5,5,cancelled,,17.168,false,entry,,,2015-06-04,2015-07-01T00:00:00,2026-07-19T15:27:53Z,2026-07-19T15:27:54Z
ord_98d8257d3704,intent_cc29474c0ec5,xagusd_fbo_1_1_3_atr80,xagusd_fbo_1_1_3_atr80_201507_01,XAGUSD,paper,sell,stop,5,0,filled,,15.489,false,entry,,,2015-07-05,2015-08-01T00:00:00,2026-07-19T15:27:54Z,2026-07-19T15:27:54Z
ord_4f0bf2dd52d7,intent_33f76823263b,xagusd_fbo_1_1_3_atr80,xagusd_fbo_1_1_3_atr80_201507_01,XAGUSD,paper,buy,limit,1,0,filled,15.412250000000002,,true,tp1,,,2015-07-07,2015-08-01T00:00:00,2026-07-19T15:27:54Z,2026-07-19T15:27:54Z
ord_ca2def40e2a9,intent_ccb22a19b29e,xagusd_fbo_1_1_3_atr80,xagusd_fbo_1_1_3_atr80_201507_01,XAGUSD,paper,buy,limit,1,0,filled,15.185000000000002,,true,tp2,,,2015-07-07,2015-08-01T00:00:00,2026-07-19T15:27:54Z,2026-07-19T15:27:54Z
ord_f22120ab1930,intent_a364d3828dcd,xagusd_fbo_1_1_3_atr80,xagusd_fbo_1_1_3_atr80_201507_01,XAGUSD,paper,buy,limit,3,0,filled,14.882000000000003,,true,tp3,,,2015-07-07,2015-08-01T00:00:00,2026-07-19T15:27:54Z,2026-07-19T15:27:54Z
ord_ce7125973410,intent_61733e09883f,xagusd_fbo_1_1_3_atr80,xagusd_fbo_1_1_3_atr80_201507_02,XAGUSD,paper,buy,stop,5,0,filled,,15.792,false,entry,,,2015-07-08,2015-08-01T00:00:00,2026-07-19T15:27:54Z,2026-07-19T15:27:54Z
ord_1c1f013f3190,intent_f5c6fbacb07e,xagusd_fbo_1_1_3_atr80,xagusd_fbo_1_1_3_atr80_201507_02,XAGUSD,paper,sell,limit,1,1,cancelled,15.868749999999999,,true,tp1,,,2015-07-12,2015-08-01T00:00:00,2026-07-19T15:27:54Z,2026-07-19T15:27:54Z
ord_922c20c84a9f,intent_a1caf54ebb63,xagusd_fbo_1_1_3_atr80,xagusd_fbo_1_1_3_atr80_201507_02,XAGUSD,paper,sell,limit,1,1,cancelled,16.095999999999997,,true,tp2,,,2015-07-12,2015-08-01T00:00:00,2026-07-19T15:27:54Z,2026-07-19T15:27:54Z
ord_4742c2b110ef,intent_e87d8c45f41f,xagusd_fbo_1_1_3_atr80,xagusd_fbo_1_1_3_atr80_201507_02,XAGUSD,paper,sell,limit,3,3,cancelled,16.398999999999997,,true,tp3,,,2015-07-12,2015-08-01T00:00:00,2026-07-19T15:27:54Z,2026-07-19T15:27:54Z
ord_a3e34f353a7c,intent_f7b290312e74,xagusd_fbo_1_1_3_atr80,xagusd_fbo_1_1_3_atr80_201507_02,XAGUSD,paper,sell,market_close,5,0,filled,,,true,close,,,2015-07-13,,2026-07-19T15:27:54Z,2026-07-19T15:27:54Z
ord_fef0a10e84bd,intent_3a212204a659,xagusd_fbo_1_1_3_atr80,xagusd_fbo_1_1_3_atr80_201508_01,XAGUSD,paper,sell,stop,5,0,filled,,14.375,false,entry,,,2015-08-07,2015-09-01T00:00:00,2026-07-19T15:27:55Z,2026-07-19T15:27:55Z
ord_41fbb76f9460,intent_d6804afacaca,xagusd_fbo_1_1_3_atr80,xagusd_fbo_1_1_3_atr80_201508_01,XAGUSD,paper,buy,limit,1,0,filled,14.27075,,true,tp1,,,2015-08-26,2015-09-01T00:00:00,2026-07-19T15:27:55Z,2026-07-19T15:27:55Z
ord_32b285596f34,intent_576ca2376b97,xagusd_fbo_1_1_3_atr80,xagusd_fbo_1_1_3_atr80_201508_01,XAGUSD,paper,buy,limit,1,1,cancelled,13.961,,true,tp2,,,2015-08-26,2015-09-01T00:00:00,2026-07-19T15:27:55Z,2026-07-19T15:27:55Z
ord_8ca11d76d4ff,intent_9a2c1d8ae554,xagusd_fbo_1_1_3_atr80,xagusd_fbo_1_1_3_atr80_201508_01,XAGUSD,paper,buy,limit,3,3,cancelled,13.548,,true,tp3,,,2015-08-26,2015-09-01T00:00:00,2026-07-19T15:27:55Z,2026-07-19T15:27:55Z
ord_f4746f19d50c,intent_c1a32e89e889,xagusd_fbo_1_1_3_atr80,xagusd_fbo_1_1_3_atr80_201508_01,XAGUSD,paper,buy,market_close,4,0,filled,,,true,close,,,2015-08-27,,2026-07-19T15:27:55Z,2026-07-19T15:27:55Z
ord_02a2208d9541,intent_8c37d79413ab,xagusd_fbo_1_1_3_atr80,xagusd_fbo_1_1_3_atr80_201508_02,XAGUSD,paper,buy,stop,5,5,cancelled,,14.788,false,entry,,,2015-08-28,2015-09-01T00:00:00,2026-07-19T15:27:55Z,2026-07-19T15:27:55Z
ord_794dc7ee9763,intent_7f4ea79ec3e3,xagusd_fbo_1_1_3_atr80,xagusd_fbo_1_1_3_atr80_201509_01,XAGUSD,paper,buy,stop,5,0,filled,,14.952,false,entry,,,2015-09-11,2015-10-01T00:00:00,2026-07-19T15:27:55Z,2026-07-19T15:27:55Z
ord_f218c7b7f0d6,intent_b74b7efafb54,xagusd_fbo_1_1_3_atr80,xagusd_fbo_1_1_3_atr80_201509_01,XAGUSD,paper,sell,limit,1,0,filled,15.081249999999999,,true,tp1,,,2015-09-16,2015-10-01T00:00:00,2026-07-19T15:27:55Z,2026-07-19T15:27:55Z
ord_6c9c93e0d734,intent_9fe558863d00,xagusd_fbo_1_1_3_atr80,xagusd_fbo_1_1_3_atr80_201509_01,XAGUSD,paper,sell,limit,1,1,cancelled,15.466,,true,tp2,,,2015-09-16,2015-10-01T00:00:00,2026-07-19T15:27:55Z,2026-07-19T15:27:55Z
ord_ac85bb9fbea4,intent_687bb351516f,xagusd_fbo_1_1_3_atr80,xagusd_fbo_1_1_3_atr80_201509_01,XAGUSD,paper,sell,limit,3,3,cancelled,15.979,,true,tp3,,,2015-09-16,2015-10-01T00:00:00,2026-07-19T15:27:55Z,2026-07-19T15:27:55Z
ord_1c0b1e2d7b87,intent_86d5b1a69541,xagusd_fbo_1_1_3_atr80,xagusd_fbo_1_1_3_atr80_201509_01,XAGUSD,paper,sell,market_close,4,0,filled,,,true,close,,,2015-09-22,,2026-07-19T15:27:55Z,2026-07-19T15:27:55Z
ord_fda5ed1c5276,intent_12ff1467a5ba,xagusd_fbo_1_1_3_atr80,xagusd_fbo_1_1_3_atr80_201509_02,XAGUSD,paper,sell,stop,5,5,cancelled,,14.439,false,entry,,,2015-09-24,2015-10-01T00:00:00,2026-07-19T15:27:55Z,2026-07-19T15:27:55Z
ord_baf65017933b,intent_7b94dc5c7abd,xagusd_fbo_1_1_3_atr80,xagusd_fbo_1_1_3_atr80_201510_01,XAGUSD,paper,sell,stop,5,5,cancelled,,14.39,false,entry,,,2015-10-05,2015-11-01T00:00:00,2026-07-19T15:27:55Z,2026-07-19T15:27:55Z
ord_d3ebd4038ef2,intent_5822c71f1920,xagusd_fbo_1_1_3_atr80,xagusd_fbo_1_1_3_atr80_201511_01,XAGUSD,paper,buy,stop,5,5,cancelled,,15.55,false,entry,,,2015-11-04,2015-12-01T00:00:00,2026-07-19T15:27:55Z,2026-07-19T15:27:55Z
ord_a5fbf83a1f0a,intent_b0c52790acf8,xagusd_fbo_1_1_3_atr80,xagusd_fbo_1_1_3_atr80_201512_01,XAGUSD,paper,sell,stop,5,0,filled,,13.821,false,entry,,,2015-12-04,2015-12-31T23:59:59,2026-07-19T15:27:55Z,2026-07-19T15:27:55Z
ord_2ff441935573,intent_5f33248c67f3,xagusd_fbo_1_1_3_atr80,xagusd_fbo_1_1_3_atr80_201512_01,XAGUSD,paper,buy,limit,1,0,filled,13.715,,true,tp1,,,2015-12-11,2015-12-31T23:59:59,2026-07-19T15:27:55Z,2026-07-19T15:27:55Z
ord_a40dbc9cd938,intent_412c54fe7316,xagusd_fbo_1_1_3_atr80,xagusd_fbo_1_1_3_atr80_201512_01,XAGUSD,paper,buy,limit,1,1,cancelled,13.4,,true,tp2,,,2015-12-11,2015-12-31T23:59:59,2026-07-19T15:27:55Z,2026-07-19T15:27:55Z
ord_ade973e3c63c,intent_1e120dc5edb5,xagusd_fbo_1_1_3_atr80,xagusd_fbo_1_1_3_atr80_201512_01,XAGUSD,paper,buy,limit,3,3,cancelled,12.98,,true,tp3,,,2015-12-11,2015-12-31T23:59:59,2026-07-19T15:27:55Z,2026-07-19T15:27:55Z
ord_3db52b4a681d,intent_9afa6e281cf2,xagusd_fbo_1_1_3_atr80,xagusd_fbo_1_1_3_atr80_201512_01,XAGUSD,paper,buy,market_close,4,0,filled,,,true,close,,,2015-12-16,,2026-07-19T15:27:55Z,2026-07-19T15:27:55Z
ord_e00f57cc7b6b,intent_d3b8aef8335f,xagusd_fbo_1_1_3_atr80,xagusd_fbo_1_1_3_atr80_201512_02,XAGUSD,paper,buy,stop,5,0,filled,,14.241,false,entry,,,2015-12-17,2015-12-31T23:59:59,2026-07-19T15:27:55Z,2026-07-19T15:27:55Z
ord_3fa98cb70cbb,intent_e3d933c6f655,xagusd_fbo_1_1_3_atr80,xagusd_fbo_1_1_3_atr80_201512_02,XAGUSD,paper,sell,limit,1,0,filled,14.347,,true,tp1,,,2015-12-21,2015-12-31T23:59:59,2026-07-19T15:27:55Z,2026-07-19T15:27:55Z
ord_313082099a78,intent_b79a0fd6e0b9,xagusd_fbo_1_1_3_atr80,xagusd_fbo_1_1_3_atr80_201512_02,XAGUSD,paper,sell,limit,1,1,cancelled,14.661999999999999,,true,tp2,,,2015-12-21,2015-12-31T23:59:59,2026-07-19T15:27:55Z,2026-07-19T15:27:55Z
ord_205521210041,intent_b0853c778ce2,xagusd_fbo_1_1_3_atr80,xagusd_fbo_1_1_3_atr80_201512_02,XAGUSD,paper,sell,limit,3,3,cancelled,15.081999999999999,,true,tp3,,,2015-12-21,2015-12-31T23:59:59,2026-07-19T15:27:55Z,2026-07-19T15:27:55Z
ord_b8eeb6433ef2,intent_35bbdaa62cc2,xagusd_fbo_1_1_3_atr80,xagusd_fbo_1_1_3_atr80_201512_02,XAGUSD,paper,sell,market_close,4,0,filled,,,true,close,,,2015-12-28,,2026-07-19T15:27:55Z,2026-07-19T15:27:55Z
ord_50baa19d5b94,intent_eb84100786b6,xagusd_fbo_1_1_3_atr80,xagusd_fbo_1_1_3_atr80_201601_01,XAGUSD,paper,sell,stop,5,0,filled,,13.812,false,entry,,,2016-01-07,2016-02-01T00:00:00,2026-07-19T15:27:55Z,2026-07-19T15:27:55Z
ord_f8f11a3ebe3a,intent_f4ec9c356718,xagusd_fbo_1_1_3_atr80,xagusd_fbo_1_1_3_atr80_201601_01,XAGUSD,paper,buy,limit,1,1,cancelled,13.71825,,true,tp1,,,2016-01-12,2016-02-01T00:00:00,2026-07-19T15:27:55Z,2026-07-19T15:27:55Z
ord_0914e0ab2bff,intent_8941aaafc43a,xagusd_fbo_1_1_3_atr80,xagusd_fbo_1_1_3_atr80_201601_01,XAGUSD,paper,buy,limit,1,1,cancelled,13.44,,true,tp2,,,2016-01-12,2016-02-01T00:00:00,2026-07-19T15:27:55Z,2026-07-19T15:27:55Z
ord_dd553139329f,intent_d6e0335f95ea,xagusd_fbo_1_1_3_atr80,xagusd_fbo_1_1_3_atr80_201601_01,XAGUSD,paper,buy,limit,3,3,cancelled,13.068999999999999,,true,tp3,,,2016-01-12,2016-02-01T00:00:00,2026-07-19T15:27:55Z,2026-07-19T15:27:55Z
ord_9b0c7ad85116,intent_442f74a3301a,xagusd_fbo_1_1_3_atr80,xagusd_fbo_1_1_3_atr80_201601_01,XAGUSD,paper,buy,market_close,5,0,filled,,,true,close,,,2016-01-25,,2026-07-19T15:27:55Z,2026-07-19T15:27:55Z
ord_153c0733e754,intent_abb7e9ff09bd,xagusd_fbo_1_1_3_atr80,xagusd_fbo_1_1_3_atr80_201601_02,XAGUSD,paper,sell,stop,5,5,cancelled,,13.812,false,entry,,,2016-01-26,2016-02-01T00:00:00,2026-07-19T15:27:55Z,2026-07-19T15:27:55Z
ord_112dca797abb,intent_7d6a13ce7f6b,xagusd_fbo_1_1_3_atr80,xagusd_fbo_1_1_3_atr80_201602_01,XAGUSD,paper,sell,stop,5,5,cancelled,,14.187,false,entry,,,2016-02-04,2016-03-01T00:00:00,2026-07-19T15:27:55Z,2026-07-19T15:27:55Z
ord_17b6c8549201,intent_6d1475ae0bb7,xagusd_fbo_1_1_3_atr80,xagusd_fbo_1_1_3_atr80_201603_01,XAGUSD,paper,sell,stop,5,5,cancelled,,14.711,false,entry,,,2016-03-04,2016-04-01T00:00:00,2026-07-19T15:27:55Z,2026-07-19T15:27:56Z
ord_a1c42a21608f,intent_4df7f4dea305,xagusd_fbo_1_1_3_atr80,xagusd_fbo_1_1_3_atr80_201604_01,XAGUSD,paper,sell,stop,5,5,cancelled,,14.776,false,entry,,,2016-04-11,2016-05-01T00:00:00,2026-07-19T15:27:56Z,2026-07-19T15:27:56Z
ord_af8e16f00369,intent_bd074d079718,xagusd_fbo_1_1_3_atr80,xagusd_fbo_1_1_3_atr80_201604_02,XAGUSD,paper,sell,stop,5,5,cancelled,,14.776,false,entry,,,2016-04-24,2016-05-01T00:00:00,2026-07-19T15:27:56Z,2026-07-19T15:27:56Z
ord_a43010873e18,intent_b0eead55add2,xagusd_fbo_1_1_3_atr80,xagusd_fbo_1_1_3_atr80_201605_01,XAGUSD,paper,buy,stop,5,5,cancelled,,18.002,false,entry,,,2016-05-05,2016-06-01T00:00:00,2026-07-19T15:27:56Z,2026-07-19T15:27:56Z
ord_419a9263ac64,intent_e18faa4b1cd1,xagusd_fbo_1_1_3_atr80,xagusd_fbo_1_1_3_atr80_201606_01,XAGUSD,paper,sell,stop,5,5,cancelled,,15.808,false,entry,,,2016-06-06,2016-07-01T00:00:00,2026-07-19T15:27:56Z,2026-07-19T15:27:56Z
ord_814c9e6d86f9,intent_2c0d0db61873,xagusd_fbo_1_1_3_atr80,xagusd_fbo_1_1_3_atr80_201608_01,XAGUSD,paper,buy,stop,5,5,cancelled,,20.772,false,entry,,,2016-08-07,2016-09-01T00:00:00,2026-07-19T15:27:56Z,2026-07-19T15:27:56Z
ord_ad415f775e2d,intent_7ef3aa405d22,xagusd_fbo_1_1_3_atr80,xagusd_fbo_1_1_3_atr80_201608_02,XAGUSD,paper,buy,stop,5,5,cancelled,,20.772,false,entry,,,2016-08-14,2016-09-01T00:00:00,2026-07-19T15:27:56Z,2026-07-19T15:27:56Z
ord_9767c84717bd,intent_25609d23e020,xagusd_fbo_1_1_3_atr80,xagusd_fbo_1_1_3_atr80_201608_03,XAGUSD,paper,buy,stop,5,5,cancelled,,20.772,false,entry,,,2016-08-22,2016-09-01T00:00:00,2026-07-19T15:27:56Z,2026-07-19T15:27:56Z
ord_6aab44af2c4b,intent_e7add765ccf7,xagusd_fbo_1_1_3_atr80,xagusd_fbo_1_1_3_atr80_201608_04,XAGUSD,paper,buy,stop,5,5,cancelled,,20.772,false,entry,,,2016-08-25,2016-09-01T00:00:00,2026-07-19T15:27:56Z,2026-07-19T15:27:56Z
ord_9723fb8afa24,intent_7b1edefb3f3a,xagusd_fbo_1_1_3_atr80,xagusd_fbo_1_1_3_atr80_201609_01,XAGUSD,paper,sell,stop,5,5,cancelled,,18.572,false,entry,,,2016-09-05,2016-10-01T00:00:00,2026-07-19T15:27:56Z,2026-07-19T15:27:56Z
ord_06b4b9872d83,intent_bd12e65a08ce,xagusd_fbo_1_1_3_atr80,xagusd_fbo_1_1_3_atr80_201609_02,XAGUSD,paper,sell,stop,5,5,cancelled,,18.572,false,entry,,,2016-09-12,2016-10-01T00:00:00,2026-07-19T15:27:56Z,2026-07-19T15:27:56Z
ord_dc2dfb8dd5a3,intent_ab6e7934735e,xagusd_fbo_1_1_3_atr80,xagusd_fbo_1_1_3_atr80_201609_03,XAGUSD,paper,sell,stop,5,5,cancelled,,18.572,false,entry,,,2016-09-18,2016-10-01T00:00:00,2026-07-19T15:27:56Z,2026-07-19T15:27:56Z
ord_1acf020e523c,intent_100c190ce97d,xagusd_fbo_1_1_3_atr80,xagusd_fbo_1_1_3_atr80_201609_04,XAGUSD,paper,sell,stop,5,5,cancelled,,18.572,false,entry,,,2016-09-25,2016-10-01T00:00:00,2026-07-19T15:27:56Z,2026-07-19T15:27:56Z
ord_3a66a2e6530f,intent_9561384461f3,xagusd_fbo_1_1_3_atr80,xagusd_fbo_1_1_3_atr80_201610_01,XAGUSD,paper,buy,stop,5,5,cancelled,,19.304,false,entry,,,2016-10-19,2016-11-01T00:00:00,2026-07-19T15:27:56Z,2026-07-19T15:27:56Z
ord_d8ac0436928b,intent_2d387c495125,xagusd_fbo_1_1_3_atr80,xagusd_fbo_1_1_3_atr80_201611_01,XAGUSD,paper,sell,stop,5,5,cancelled,,17.838,false,entry,,,2016-11-09,2016-12-01T00:00:00,2026-07-19T15:27:56Z,2026-07-19T15:27:56Z
ord_d18d346e9533,intent_91fa9574a88a,xagusd_fbo_1_1_3_atr80,xagusd_fbo_1_1_3_atr80_201611_02,XAGUSD,paper,sell,stop,5,0,filled,,17.838,false,entry,,,2016-11-28,2016-12-01T00:00:00,2026-07-19T15:27:56Z,2026-07-19T15:27:56Z
ord_72fd59a80d05,intent_de9f4732a5fc,xagusd_fbo_1_1_3_atr80,xagusd_fbo_1_1_3_atr80_201611_02,XAGUSD,paper,buy,limit,1,0,filled,16.454250000000002,,true,tp1,,,2016-11-29,2016-12-01T00:00:00,2026-07-19T15:27:56Z,2026-07-19T15:27:56Z
ord_c9ed9c5d50aa,intent_0de5f61ad559,xagusd_fbo_1_1_3_atr80,xagusd_fbo_1_1_3_atr80_201611_02,XAGUSD,paper,buy,limit,1,1,cancelled,15.786000000000001,,true,tp2,,,2016-11-29,2016-12-01T00:00:00,2026-07-19T15:27:56Z,2026-07-19T15:27:56Z
ord_d1242aa22464,intent_4ae0cb779fb4,xagusd_fbo_1_1_3_atr80,xagusd_fbo_1_1_3_atr80_201611_02,XAGUSD,paper,buy,limit,3,3,cancelled,14.895000000000003,,true,tp3,,,2016-11-29,2016-12-01T00:00:00,2026-07-19T15:27:56Z,2026-07-19T15:27:56Z
ord_2746a0ebaa75,intent_e07109c812b6,xagusd_fbo_1_1_3_atr80,xagusd_fbo_1_1_3_atr80_201611_02,XAGUSD,paper,buy,market_close,4,0,filled,,,true,close,,,2016-11-30,,2026-07-19T15:27:56Z,2026-07-19T15:27:56Z
ord_3c3105bb607e,intent_1b6720a648c5,xagusd_fbo_1_1_3_atr80,xagusd_fbo_1_1_3_atr80_201612_01,XAGUSD,paper,sell,stop,5,0,filled,,16.24,false,entry,,,2016-12-07,2016-12-31T23:59:59,2026-07-19T15:27:56Z,2026-07-19T15:27:56Z
ord_a929f7fe3190,intent_1b91f7ab9e57,xagusd_fbo_1_1_3_atr80,xagusd_fbo_1_1_3_atr80_201612_01,XAGUSD,paper,buy,limit,1,0,filled,16.055999999999997,,true,tp1,,,2016-12-15,2016-12-31T23:59:59,2026-07-19T15:27:56Z,2026-07-19T15:27:56Z
ord_878f0669cbb0,intent_7e6c7cef44be,xagusd_fbo_1_1_3_atr80,xagusd_fbo_1_1_3_atr80_201612_01,XAGUSD,paper,buy,limit,1,1,cancelled,15.506999999999994,,true,tp2,,,2016-12-15,2016-12-31T23:59:59,2026-07-19T15:27:56Z,2026-07-19T15:27:56Z
ord_f1bfc4d56cb0,intent_9d5c1f33f6f2,xagusd_fbo_1_1_3_atr80,xagusd_fbo_1_1_3_atr80_201612_01,XAGUSD,paper,buy,limit,3,3,cancelled,14.774999999999991,,true,tp3,,,2016-12-15,2016-12-31T23:59:59,2026-07-19T15:27:56Z,2026-07-19T15:27:56Z
ord_5eece0338049,intent_280ea4030f6f,xagusd_fbo_1_1_3_atr80,xagusd_fbo_1_1_3_atr80_201612_01,XAGUSD,paper,buy,market_close,4,0,filled,,,true,close,,,2016-12-30,,2026-07-19T15:27:56Z,2026-07-19T15:27:56Z
ord_73c139141d58,intent_a23931631061,xagusd_fbo_1_1_3_atr80,xagusd_fbo_1_1_3_atr80_201701_01,XAGUSD,paper,sell,stop,5,5,cancelled,,15.89,false,entry,,,2017-01-05,2017-02-01T00:00:00,2026-07-19T15:27:56Z,2026-07-19T15:27:56Z
ord_37129a2fb966,intent_957101b18a3b,xagusd_fbo_1_1_3_atr80,xagusd_fbo_1_1_3_atr80_201702_01,XAGUSD,paper,sell,stop,5,5,cancelled,,17.28,false,entry,,,2017-02-06,2017-03-01T00:00:00,2026-07-19T15:27:56Z,2026-07-19T15:27:56Z
ord_fe694314bb34,intent_7b1ad510fa1e,xagusd_fbo_1_1_3_atr80,xagusd_fbo_1_1_3_atr80_201703_01,XAGUSD,paper,buy,stop,5,5,cancelled,,18.454,false,entry,,,2017-03-07,2017-04-01T00:00:00,2026-07-19T15:27:56Z,2026-07-19T15:27:56Z
ord_10534b900967,intent_a325d1bfbba5,xagusd_fbo_1_1_3_atr80,xagusd_fbo_1_1_3_atr80_201704_01,XAGUSD,paper,buy,stop,5,0,filled,,18.408,false,entry,,,2017-04-09,2017-05-01T00:00:00,2026-07-19T15:27:56Z,2026-07-19T15:27:56Z
ord_a0bd8959f210,intent_8fa40f31af72,xagusd_fbo_1_1_3_atr80,xagusd_fbo_1_1_3_atr80_201704_01,XAGUSD,paper,sell,limit,1,0,filled,18.493500000000004,,true,tp1,,,2017-04-12,2017-05-01T00:00:00,2026-07-19T15:27:56Z,2026-07-19T15:27:56Z
ord_f25029478780,intent_978dd3a26276,xagusd_fbo_1_1_3_atr80,xagusd_fbo_1_1_3_atr80_201704_01,XAGUSD,paper,sell,limit,1,1,cancelled,18.747000000000003,,true,tp2,,,2017-04-12,2017-05-01T00:00:00,2026-07-19T15:27:56Z,2026-07-19T15:27:56Z
ord_a6c7d439f04d,intent_972a0eb8f3c5,xagusd_fbo_1_1_3_atr80,xagusd_fbo_1_1_3_atr80_201704_01,XAGUSD,paper,sell,limit,3,3,cancelled,19.085000000000004,,true,tp3,,,2017-04-12,2017-05-01T00:00:00,2026-07-19T15:27:56Z,2026-07-19T15:27:56Z
ord_8c9e4ece45ef,intent_c3a77264be01,xagusd_fbo_1_1_3_atr80,xagusd_fbo_1_1_3_atr80_201704_01,XAGUSD,paper,sell,market_close,4,0,filled,,,true,close,,,2017-04-17,,2026-07-19T15:27:56Z,2026-07-19T15:27:56Z
ord_347efee997d2,intent_1c02f7db3387,xagusd_fbo_1_1_3_atr80,xagusd_fbo_1_1_3_atr80_201704_02,XAGUSD,paper,buy,stop,5,5,cancelled,,18.408,false,entry,,,2017-04-20,2017-05-01T00:00:00,2026-07-19T15:27:56Z,2026-07-19T15:27:56Z
ord_f5336c57bfc8,intent_4e86b66b589d,xagusd_fbo_1_1_3_atr80,xagusd_fbo_1_1_3_atr80_201705_01,XAGUSD,paper,buy,stop,5,0,filled,,17.238,false,entry,,,2017-05-04,2017-06-01T00:00:00,2026-07-19T15:27:56Z,2026-07-19T15:27:57Z
ord_d9d425d291d5,intent_d60184ddac0b,xagusd_fbo_1_1_3_atr80,xagusd_fbo_1_1_3_atr80_201705_01,XAGUSD,paper,sell,limit,1,0,filled,17.449,,true,tp1,,,2017-05-23,2017-06-01T00:00:00,2026-07-19T15:27:57Z,2026-07-19T15:27:57Z
ord_cc28639d0552,intent_eac58eb68a4b,xagusd_fbo_1_1_3_atr80,xagusd_fbo_1_1_3_atr80_201705_01,XAGUSD,paper,sell,limit,1,1,cancelled,18.079,,true,tp2,,,2017-05-23,2017-06-01T00:00:00,2026-07-19T15:27:57Z,2026-07-19T15:27:57Z
ord_004e45d913a9,intent_8e85ca2c2ccd,xagusd_fbo_1_1_3_atr80,xagusd_fbo_1_1_3_atr80_201705_01,XAGUSD,paper,sell,limit,3,3,cancelled,18.919,,true,tp3,,,2017-05-23,2017-06-01T00:00:00,2026-07-19T15:27:57Z,2026-07-19T15:27:57Z
ord_c154f41c27d2,intent_a5a49c3de40c,xagusd_fbo_1_1_3_atr80,xagusd_fbo_1_1_3_atr80_201705_01,XAGUSD,paper,sell,market_close,4,0,filled,,,true,close,,,2017-05-31,,2026-07-19T15:27:57Z,2026-07-19T15:27:57Z
ord_ed752a91744e,intent_d14087423e41,xagusd_fbo_1_1_3_atr80,xagusd_fbo_1_1_3_atr80_201706_01,XAGUSD,paper,sell,stop,5,0,filled,,17.0,false,entry,,,2017-06-05,2017-07-01T00:00:00,2026-07-19T15:27:57Z,2026-07-19T15:27:57Z
ord_11f32d88156f,intent_ddfb74f31885,xagusd_fbo_1_1_3_atr80,xagusd_fbo_1_1_3_atr80_201706_01,XAGUSD,paper,buy,limit,1,0,filled,16.85475,,true,tp1,,,2017-06-12,2017-07-01T00:00:00,2026-07-19T15:27:57Z,2026-07-19T15:27:57Z
ord_41b701d1076f,intent_d4aa108536d7,xagusd_fbo_1_1_3_atr80,xagusd_fbo_1_1_3_atr80_201706_01,XAGUSD,paper,buy,limit,1,0,filled,16.421999999999997,,true,tp2,,,2017-06-12,2017-07-01T00:00:00,2026-07-19T15:27:57Z,2026-07-19T15:27:57Z
ord_3bda51553a71,intent_5577daf3182e,xagusd_fbo_1_1_3_atr80,xagusd_fbo_1_1_3_atr80_201706_01,XAGUSD,paper,buy,limit,3,3,cancelled,15.844999999999995,,true,tp3,,,2017-06-12,2017-07-01T00:00:00,2026-07-19T15:27:57Z,2026-07-19T15:27:57Z
ord_8e5ef05fd0bc,intent_57ae88c08cf2,xagusd_fbo_1_1_3_atr80,xagusd_fbo_1_1_3_atr80_201706_01,XAGUSD,paper,buy,market_close,3,0,filled,,,true,close,,,2017-06-30,,2026-07-19T15:27:57Z,2026-07-19T15:27:57Z
ord_7d75d2567fc0,intent_8d1d5df6cd84,xagusd_fbo_1_1_3_atr80,xagusd_fbo_1_1_3_atr80_201707_01,XAGUSD,paper,buy,stop,5,0,filled,,16.635,false,entry,,,2017-07-05,2017-08-01T00:00:00,2026-07-19T15:27:57Z,2026-07-19T15:27:57Z
ord_46919fec7128,intent_518e8fceb7c6,xagusd_fbo_1_1_3_atr80,xagusd_fbo_1_1_3_atr80_201707_01,XAGUSD,paper,sell,limit,1,0,filled,16.785000000000004,,true,tp1,,,2017-07-26,2017-08-01T00:00:00,2026-07-19T15:27:57Z,2026-07-19T15:27:57Z
ord_d542056b3e71,intent_bc1193b6b5c0,xagusd_fbo_1_1_3_atr80,xagusd_fbo_1_1_3_atr80_201707_01,XAGUSD,paper,sell,limit,1,1,cancelled,17.232000000000003,,true,tp2,,,2017-07-26,2017-08-01T00:00:00,2026-07-19T15:27:57Z,2026-07-19T15:27:57Z
ord_ba7c9dca4d13,intent_44430d412720,xagusd_fbo_1_1_3_atr80,xagusd_fbo_1_1_3_atr80_201707_01,XAGUSD,paper,sell,limit,3,3,cancelled,17.828000000000003,,true,tp3,,,2017-07-26,2017-08-01T00:00:00,2026-07-19T15:27:57Z,2026-07-19T15:27:57Z
ord_acc133f1865a,intent_b012f2aadea5,xagusd_fbo_1_1_3_atr80,xagusd_fbo_1_1_3_atr80_201707_01,XAGUSD,paper,sell,market_close,4,0,filled,,,true,close,,,2017-07-27,,2026-07-19T15:27:57Z,2026-07-19T15:27:57Z
ord_878602b4dd96,intent_129c17e48749,xagusd_fbo_1_1_3_atr80,xagusd_fbo_1_1_3_atr80_201707_02,XAGUSD,paper,sell,stop,5,5,cancelled,,16.039,false,entry,,,2017-07-28,2017-08-01T00:00:00,2026-07-19T15:27:57Z,2026-07-19T15:27:57Z
ord_5a45703839d1,intent_368fa8c64275,xagusd_fbo_1_1_3_atr80,xagusd_fbo_1_1_3_atr80_201708_01,XAGUSD,paper,buy,stop,5,0,filled,,16.881,false,entry,,,2017-08-04,2017-09-01T00:00:00,2026-07-19T15:27:57Z,2026-07-19T15:27:57Z
ord_5ae15b3505bc,intent_1f5db3de1e30,xagusd_fbo_1_1_3_atr80,xagusd_fbo_1_1_3_atr80_201708_01,XAGUSD,paper,sell,limit,1,0,filled,17.00625,,true,tp1,,,2017-08-09,2017-09-01T00:00:00,2026-07-19T15:27:57Z,2026-07-19T15:27:57Z
ord_548f8fb46bcb,intent_000f6b451a5b,xagusd_fbo_1_1_3_atr80,xagusd_fbo_1_1_3_atr80_201708_01,XAGUSD,paper,sell,limit,1,1,cancelled,17.379,,true,tp2,,,2017-08-09,2017-09-01T00:00:00,2026-07-19T15:27:57Z,2026-07-19T15:27:57Z
ord_aa60d8539422,intent_db75b505f2e2,xagusd_fbo_1_1_3_atr80,xagusd_fbo_1_1_3_atr80_201708_01,XAGUSD,paper,sell,limit,3,3,cancelled,17.876,,true,tp3,,,2017-08-09,2017-09-01T00:00:00,2026-07-19T15:27:57Z,2026-07-19T15:27:57Z
ord_e123c58acfef,intent_e1a6cd14048b,xagusd_fbo_1_1_3_atr80,xagusd_fbo_1_1_3_atr80_201708_01,XAGUSD,paper,sell,market_close,4,0,filled,,,true,close,,,2017-08-15,,2026-07-19T15:27:57Z,2026-07-19T15:27:57Z
ord_df602b671d42,intent_15b43a7d8424,xagusd_fbo_1_1_3_atr80,xagusd_fbo_1_1_3_atr80_201708_02,XAGUSD,paper,sell,stop,5,5,cancelled,,16.384,false,entry,,,2017-08-16,2017-09-01T00:00:00,2026-07-19T15:27:57Z,2026-07-19T15:27:57Z
ord_5520acbcad2a,intent_25af6b9c1f90,xagusd_fbo_1_1_3_atr80,xagusd_fbo_1_1_3_atr80_201709_01,XAGUSD,paper,sell,stop,5,0,filled,,17.396,false,entry,,,2017-09-05,2017-10-01T00:00:00,2026-07-19T15:27:57Z,2026-07-19T15:27:57Z
ord_6f833fdc0332,intent_e6b4839ec551,xagusd_fbo_1_1_3_atr80,xagusd_fbo_1_1_3_atr80_201709_01,XAGUSD,paper,buy,limit,1,0,filled,17.261,,true,tp1,,,2017-09-18,2017-10-01T00:00:00,2026-07-19T15:27:57Z,2026-07-19T15:27:57Z
ord_34c5a631c98e,intent_e932c2ae9e6f,xagusd_fbo_1_1_3_atr80,xagusd_fbo_1_1_3_atr80_201709_01,XAGUSD,paper,buy,limit,1,0,filled,16.859,,true,tp2,,,2017-09-18,2017-10-01T00:00:00,2026-07-19T15:27:57Z,2026-07-19T15:27:57Z
ord_1e84cbcfde8b,intent_87c272e4b108,xagusd_fbo_1_1_3_atr80,xagusd_fbo_1_1_3_atr80_201709_01,XAGUSD,paper,buy,limit,3,3,cancelled,16.323000000000004,,true,tp3,,,2017-09-18,2017-10-01T00:00:00,2026-07-19T15:27:57Z,2026-07-19T15:27:57Z
ord_293e59c0dfd7,intent_e5c2f064dbe0,xagusd_fbo_1_1_3_atr80,xagusd_fbo_1_1_3_atr80_201709_01,XAGUSD,paper,buy,market_close,3,0,filled,,,true,close,,,2017-09-29,,2026-07-19T15:27:57Z,2026-07-19T15:27:57Z
ord_0a7ffdc2a866,intent_2af0a146d1cb,xagusd_fbo_1_1_3_atr80,xagusd_fbo_1_1_3_atr80_201710_01,XAGUSD,paper,sell,stop,5,0,filled,,16.537,false,entry,,,2017-10-05,2017-11-01T00:00:00,2026-07-19T15:27:57Z,2026-07-19T15:27:57Z
ord_053d36236a68,intent_33500a8c87e7,xagusd_fbo_1_1_3_atr80,xagusd_fbo_1_1_3_atr80_201710_01,XAGUSD,paper,buy,limit,1,1,cancelled,16.489749999999997,,true,tp1,,,2017-10-06,2017-11-01T00:00:00,2026-07-19T15:27:57Z,2026-07-19T15:27:57Z
ord_949f9a6ea4c0,intent_28c61f90af8f,xagusd_fbo_1_1_3_atr80,xagusd_fbo_1_1_3_atr80_201710_01,XAGUSD,paper,buy,limit,1,1,cancelled,16.350999999999996,,true,tp2,,,2017-10-06,2017-11-01T00:00:00,2026-07-19T15:27:57Z,2026-07-19T15:27:57Z
ord_147dfdb42a4a,intent_b66bf9c777a5,xagusd_fbo_1_1_3_atr80,xagusd_fbo_1_1_3_atr80_201710_01,XAGUSD,paper,buy,limit,3,3,cancelled,16.165999999999993,,true,tp3,,,2017-10-06,2017-11-01T00:00:00,2026-07-19T15:27:57Z,2026-07-19T15:27:57Z
ord_5a1e8d30173e,intent_c79bb37c6f0f,xagusd_fbo_1_1_3_atr80,xagusd_fbo_1_1_3_atr80_201710_01,XAGUSD,paper,buy,market_close,5,0,filled,,,true,close,,,2017-10-06,,2026-07-19T15:27:57Z,2026-07-19T15:27:57Z
ord_e938fc2e4cbf,intent_70f5a3ec3a37,xagusd_fbo_1_1_3_atr80,xagusd_fbo_1_1_3_atr80_201710_02,XAGUSD,paper,sell,stop,5,5,cancelled,,16.537,false,entry,,,2017-10-08,2017-11-01T00:00:00,2026-07-19T15:27:57Z,2026-07-19T15:27:57Z
ord_2ae223b197b5,intent_b92a4a751042,xagusd_fbo_1_1_3_atr80,xagusd_fbo_1_1_3_atr80_201711_01,XAGUSD,paper,sell,stop,5,0,filled,,16.653,false,entry,,,2017-11-06,2017-12-01T00:00:00,2026-07-19T15:27:57Z,2026-07-19T15:27:57Z
ord_3033ae8c151d,intent_d6f9226f26c2,xagusd_fbo_1_1_3_atr80,xagusd_fbo_1_1_3_atr80_201711_01,XAGUSD,paper,buy,limit,1,0,filled,16.50725,,true,tp1,,,2017-11-29,2017-12-01T00:00:00,2026-07-19T15:27:57Z,2026-07-19T15:27:57Z
ord_cc733039be1e,intent_645fa54d3c95,xagusd_fbo_1_1_3_atr80,xagusd_fbo_1_1_3_atr80_201711_01,XAGUSD,paper,buy,limit,1,1,cancelled,16.072999999999997,,true,tp2,,,2017-11-29,2017-12-01T00:00:00,2026-07-19T15:27:57Z,2026-07-19T15:27:57Z
ord_5ee2eb79bb7c,intent_9e8d1f743ede,xagusd_fbo_1_1_3_atr80,xagusd_fbo_1_1_3_atr80_201711_01,XAGUSD,paper,buy,limit,3,3,cancelled,15.493999999999996,,true,tp3,,,2017-11-29,2017-12-01T00:00:00,2026-07-19T15:27:57Z,2026-07-19T15:27:57Z
ord_79c231a787c0,intent_5b2fb60412f6,xagusd_fbo_1_1_3_atr80,xagusd_fbo_1_1_3_atr80_201711_01,XAGUSD,paper,buy,market_close,4,0,filled,,,true,close,,,2017-11-30,,2026-07-19T15:27:57Z,2026-07-19T15:27:57Z
ord_28c6895160d5,intent_bb9109ad9d78,xagusd_fbo_1_1_3_atr80,xagusd_fbo_1_1_3_atr80_201712_01,XAGUSD,paper,buy,stop,5,0,filled,,16.546,false,entry,,,2017-12-05,2017-12-31T23:59:59,2026-07-19T15:27:57Z,2026-07-19T15:27:57Z
ord_c37830ff21d2,intent_63844d25f34c,xagusd_fbo_1_1_3_atr80,xagusd_fbo_1_1_3_atr80_201712_01,XAGUSD,paper,sell,limit,1,0,filled,16.625,,true,tp1,,,2017-12-26,2017-12-31T23:59:59,2026-07-19T15:27:57Z,2026-07-19T15:27:57Z
ord_cbc09e97a417,intent_7d7711640caa,xagusd_fbo_1_1_3_atr80,xagusd_fbo_1_1_3_atr80_201712_01,XAGUSD,paper,sell,limit,1,0,filled,16.858999999999998,,true,tp2,,,2017-12-26,2017-12-31T23:59:59,2026-07-19T15:27:57Z,2026-07-19T15:27:57Z
ord_edee13a49f25,intent_70c3a63ba6b7,xagusd_fbo_1_1_3_atr80,xagusd_fbo_1_1_3_atr80_201712_01,XAGUSD,paper,sell,limit,3,3,cancelled,17.170999999999996,,true,tp3,,,2017-12-26,2017-12-31T23:59:59,2026-07-19T15:27:57Z,2026-07-19T15:27:57Z
ord_fbcae0de513a,intent_3ce216b76ece,xagusd_fbo_1_1_3_atr80,xagusd_fbo_1_1_3_atr80_201712_01,XAGUSD,paper,sell,market_close,3,0,filled,,,true,close,,,2017-12-29,,2026-07-19T15:27:57Z,2026-07-19T15:27:57Z
ord_331cec779bf3,intent_1949f4518307,xagusd_fbo_1_1_3_atr80,xagusd_fbo_1_1_3_atr80_201801_01,XAGUSD,paper,sell,stop,5,0,filled,,16.918,false,entry,,,2018-01-04,2018-02-01T00:00:00,2026-07-19T15:27:57Z,2026-07-19T15:27:57Z
ord_486b41a3f634,intent_df1538791c8a,xagusd_fbo_1_1_3_atr80,xagusd_fbo_1_1_3_atr80_201801_01,XAGUSD,paper,buy,limit,1,1,cancelled,16.839,,true,tp1,,,2018-01-09,2018-02-01T00:00:00,2026-07-19T15:27:57Z,2026-07-19T15:27:57Z
ord_7b430dde987b,intent_fe5754a0850d,xagusd_fbo_1_1_3_atr80,xagusd_fbo_1_1_3_atr80_201801_01,XAGUSD,paper,buy,limit,1,1,cancelled,16.604999999999997,,true,tp2,,,2018-01-09,2018-02-01T00:00:00,2026-07-19T15:27:57Z,2026-07-19T15:27:57Z
ord_381a9c045d2d,intent_20b62dc0c4d8,xagusd_fbo_1_1_3_atr80,xagusd_fbo_1_1_3_atr80_201801_01,XAGUSD,paper,buy,limit,3,3,cancelled,16.292999999999996,,true,tp3,,,2018-01-09,2018-02-01T00:00:00,2026-07-19T15:27:57Z,2026-07-19T15:27:57Z
ord_67d84d9a94e7,intent_fc6bcd154d3b,xagusd_fbo_1_1_3_atr80,xagusd_fbo_1_1_3_atr80_201801_01,XAGUSD,paper,buy,market_close,5,0,filled,,,true,close,,,2018-01-15,,2026-07-19T15:27:57Z,2026-07-19T15:27:57Z
ord_84dc01c86742,intent_d9702f2b1a57,xagusd_fbo_1_1_3_atr80,xagusd_fbo_1_1_3_atr80_201801_02,XAGUSD,paper,sell,stop,5,0,filled,,16.918,false,entry,,,2018-01-17,2018-02-01T00:00:00,2026-07-19T15:27:57Z,2026-07-19T15:27:57Z
ord_cf1d39f0f3d7,intent_41ec16c42703,xagusd_fbo_1_1_3_atr80,xagusd_fbo_1_1_3_atr80_201801_02,XAGUSD,paper,buy,limit,1,0,filled,16.839,,true,tp1,,,2018-01-18,2018-02-01T00:00:00,2026-07-19T15:27:57Z,2026-07-19T15:27:57Z
ord_f20edd91cb8e,intent_f8bd96403fa9,xagusd_fbo_1_1_3_atr80,xagusd_fbo_1_1_3_atr80_201801_02,XAGUSD,paper,buy,limit,1,1,cancelled,16.604999999999997,,true,tp2,,,2018-01-18,2018-02-01T00:00:00,2026-07-19T15:27:57Z,2026-07-19T15:27:57Z
ord_0fbc40c2c438,intent_43d48d419def,xagusd_fbo_1_1_3_atr80,xagusd_fbo_1_1_3_atr80_201801_02,XAGUSD,paper,buy,limit,3,3,cancelled,16.292999999999996,,true,tp3,,,2018-01-18,2018-02-01T00:00:00,2026-07-19T15:27:57Z,2026-07-19T15:27:57Z
ord_a41ca87c4043,intent_cbaed36fc65f,xagusd_fbo_1_1_3_atr80,xagusd_fbo_1_1_3_atr80_201801_02,XAGUSD,paper,buy,market_close,4,0,filled,,,true,close,,,2018-01-23,,2026-07-19T15:27:57Z,2026-07-19T15:27:57Z
ord_77c4dc688a34,intent_212f075c3112,xagusd_fbo_1_1_3_atr80,xagusd_fbo_1_1_3_atr80_201802_01,XAGUSD,paper,buy,stop,5,5,cancelled,,17.357,false,entry,,,2018-02-07,2018-03-01T00:00:00,2026-07-19T15:27:57Z,2026-07-19T15:27:57Z
ord_67f85d9c6518,intent_5c7d889a663e,xagusd_fbo_1_1_3_atr80,xagusd_fbo_1_1_3_atr80_201803_01,XAGUSD,paper,sell,stop,5,0,filled,,16.147,false,entry,,,2018-03-05,2018-04-01T00:00:00,2026-07-19T15:27:57Z,2026-07-19T15:27:57Z
ord_9cac627bc483,intent_8ed3e076fadd,xagusd_fbo_1_1_3_atr80,xagusd_fbo_1_1_3_atr80_201803_01,XAGUSD,paper,buy,limit,1,1,cancelled,16.040499999999998,,true,tp1,,,2018-03-20,2018-04-01T00:00:00,2026-07-19T15:27:57Z,2026-07-19T15:27:57Z
ord_94e36955064e,intent_ca6368c3fac0,xagusd_fbo_1_1_3_atr80,xagusd_fbo_1_1_3_atr80_201803_01,XAGUSD,paper,buy,limit,1,1,cancelled,15.723999999999997,,true,tp2,,,2018-03-20,2018-04-01T00:00:00,2026-07-19T15:27:57Z,2026-07-19T15:27:57Z
ord_84253faf5d0c,intent_dc9d8e27bebc,xagusd_fbo_1_1_3_atr80,xagusd_fbo_1_1_3_atr80_201803_01,XAGUSD,paper,buy,limit,3,3,cancelled,15.301999999999996,,true,tp3,,,2018-03-20,2018-04-01T00:00:00,2026-07-19T15:27:57Z,2026-07-19T15:27:57Z
ord_9f46f667857f,intent_c3369c47bc58,xagusd_fbo_1_1_3_atr80,xagusd_fbo_1_1_3_atr80_201803_01,XAGUSD,paper,buy,market_close,5,0,filled,,,true,close,,,2018-03-25,,2026-07-19T15:27:57Z,2026-07-19T15:27:57Z
ord_631b4721b761,intent_25c2afde0817,xagusd_fbo_1_1_3_atr80,xagusd_fbo_1_1_3_atr80_201803_02,XAGUSD,paper,sell,stop,5,5,cancelled,,16.147,false,entry,,,2018-03-26,2018-04-01T00:00:00,2026-07-19T15:27:57Z,2026-07-19T15:27:57Z
ord_7fa1bb2d062b,intent_d3d8c65e1f57,xagusd_fbo_1_1_3_atr80,xagusd_fbo_1_1_3_atr80_201804_01,XAGUSD,paper,buy,stop,5,0,filled,,16.672,false,entry,,,2018-04-04,2018-05-01T00:00:00,2026-07-19T15:27:57Z,2026-07-19T15:27:57Z
ord_49b86ac07662,intent_582a38c08e75,xagusd_fbo_1_1_3_atr80,xagusd_fbo_1_1_3_atr80_201804_01,XAGUSD,paper,sell,limit,1,0,filled,16.756,,true,tp1,,,2018-04-11,2018-05-01T00:00:00,2026-07-19T15:27:57Z,2026-07-19T15:27:57Z
ord_cfb038aa11a5,intent_8c525da29ef4,xagusd_fbo_1_1_3_atr80,xagusd_fbo_1_1_3_atr80_201804_01,XAGUSD,paper,sell,limit,1,0,filled,17.005000000000003,,true,tp2,,,2018-04-11,2018-05-01T00:00:00,2026-07-19T15:27:57Z,2026-07-19T15:27:57Z
ord_e43e5765a61e,intent_27409a01cbc9,xagusd_fbo_1_1_3_atr80,xagusd_fbo_1_1_3_atr80_201804_01,XAGUSD,paper,sell,limit,3,0,filled,17.337000000000003,,true,tp3,,,2018-04-11,2018-05-01T00:00:00,2026-07-19T15:27:57Z,2026-07-19T15:27:57Z
ord_9ae780ac9958,intent_b6ed3f0086be,xagusd_fbo_1_1_3_atr80,xagusd_fbo_1_1_3_atr80_201804_02,XAGUSD,paper,sell,stop,5,0,filled,,16.34,false,entry,,,2018-04-19,2018-05-01T00:00:00,2026-07-19T15:27:57Z,2026-07-19T15:27:57Z
ord_c359a17477af,intent_73eff17906d6,xagusd_fbo_1_1_3_atr80,xagusd_fbo_1_1_3_atr80_201804_02,XAGUSD,paper,buy,limit,1,1,cancelled,16.256,,true,tp1,,,2018-04-30,2018-05-01T00:00:00,2026-07-19T15:27:57Z,2026-07-19T15:27:57Z
ord_2b6da130a9cc,intent_dc952628149f,xagusd_fbo_1_1_3_atr80,xagusd_fbo_1_1_3_atr80_201804_02,XAGUSD,paper,buy,limit,1,1,cancelled,16.006999999999998,,true,tp2,,,2018-04-30,2018-05-01T00:00:00,2026-07-19T15:27:57Z,2026-07-19T15:27:57Z
ord_2f1c1c435092,intent_d86cd8273e66,xagusd_fbo_1_1_3_atr80,xagusd_fbo_1_1_3_atr80_201804_02,XAGUSD,paper,buy,limit,3,3,cancelled,15.674999999999997,,true,tp3,,,2018-04-30,2018-05-01T00:00:00,2026-07-19T15:27:57Z,2026-07-19T15:27:57Z
ord_25b88f553c46,intent_9a6b3ea1f0ec,xagusd_fbo_1_1_3_atr80,xagusd_fbo_1_1_3_atr80_201804_02,XAGUSD,paper,buy,market_close,5,0,filled,,,true,close,,,2018-04-30,,2026-07-19T15:27:57Z,2026-07-19T15:27:57Z
ord_25f59f69c3f7,intent_6acaad78450a,xagusd_fbo_1_1_3_atr80,xagusd_fbo_1_1_3_atr80_201805_01,XAGUSD,paper,sell,stop,5,5,cancelled,,16.045,false,entry,,,2018-05-09,2018-06-01T00:00:00,2026-07-19T15:27:57Z,2026-07-19T15:27:58Z
ord_5590bdfa1131,intent_d2f30a7c63d1,xagusd_fbo_1_1_3_atr80,xagusd_fbo_1_1_3_atr80_201806_01,XAGUSD,paper,sell,stop,5,0,filled,,16.305,false,entry,,,2018-06-06,2018-07-01T00:00:00,2026-07-19T15:27:58Z,2026-07-19T15:27:58Z
ord_4d0f3a98bd7d,intent_2fc285412d35,xagusd_fbo_1_1_3_atr80,xagusd_fbo_1_1_3_atr80_201806_01,XAGUSD,paper,buy,limit,1,0,filled,16.246499999999997,,true,tp1,,,2018-06-19,2018-07-01T00:00:00,2026-07-19T15:27:58Z,2026-07-19T15:27:58Z
ord_3e7b248669fd,intent_5fcf4d1a00ec,xagusd_fbo_1_1_3_atr80,xagusd_fbo_1_1_3_atr80_201806_01,XAGUSD,paper,buy,limit,1,1,cancelled,16.073999999999998,,true,tp2,,,2018-06-19,2018-07-01T00:00:00,2026-07-19T15:27:58Z,2026-07-19T15:27:58Z
ord_3319612b7056,intent_634fcf9ebae2,xagusd_fbo_1_1_3_atr80,xagusd_fbo_1_1_3_atr80_201806_01,XAGUSD,paper,buy,limit,3,3,cancelled,15.843999999999998,,true,tp3,,,2018-06-19,2018-07-01T00:00:00,2026-07-19T15:27:58Z,2026-07-19T15:27:58Z
ord_726428f77601,intent_ab4e8ec179fc,xagusd_fbo_1_1_3_atr80,xagusd_fbo_1_1_3_atr80_201806_01,XAGUSD,paper,buy,market_close,4,0,filled,,,true,close,,,2018-06-20,,2026-07-19T15:27:58Z,2026-07-19T15:27:58Z
ord_cbbb95a627a8,intent_490667ca17e1,xagusd_fbo_1_1_3_atr80,xagusd_fbo_1_1_3_atr80_201806_02,XAGUSD,paper,buy,stop,5,5,cancelled,,16.535,false,entry,,,2018-06-21,2018-07-01T00:00:00,2026-07-19T15:27:58Z,2026-07-19T15:27:58Z
ord_87dee27d2303,intent_1b4f68f22e23,xagusd_fbo_1_1_3_atr80,xagusd_fbo_1_1_3_atr80_201807_01,XAGUSD,paper,sell,stop,5,0,filled,,15.76,false,entry,,,2018-07-04,2018-08-01T00:00:00,2026-07-19T15:27:58Z,2026-07-19T15:27:58Z
ord_5a2296a514c3,intent_72a58395f451,xagusd_fbo_1_1_3_atr80,xagusd_fbo_1_1_3_atr80_201807_01,XAGUSD,paper,buy,limit,1,0,filled,15.669500000000001,,true,tp1,,,2018-07-12,2018-08-01T00:00:00,2026-07-19T15:27:58Z,2026-07-19T15:27:58Z
ord_c745930abb1d,intent_62fa42e7a2a1,xagusd_fbo_1_1_3_atr80,xagusd_fbo_1_1_3_atr80_201807_01,XAGUSD,paper,buy,limit,1,1,cancelled,15.401000000000002,,true,tp2,,,2018-07-12,2018-08-01T00:00:00,2026-07-19T15:27:58Z,2026-07-19T15:27:58Z
ord_8766c83b0f67,intent_9f6bb4b9b3f4,xagusd_fbo_1_1_3_atr80,xagusd_fbo_1_1_3_atr80_201807_01,XAGUSD,paper,buy,limit,3,3,cancelled,15.043000000000003,,true,tp3,,,2018-07-12,2018-08-01T00:00:00,2026-07-19T15:27:58Z,2026-07-19T15:27:58Z
ord_226eee84ea14,intent_172552cbc7a1,xagusd_fbo_1_1_3_atr80,xagusd_fbo_1_1_3_atr80_201807_01,XAGUSD,paper,buy,market_close,4,0,filled,,,true,close,,,2018-07-13,,2026-07-19T15:27:58Z,2026-07-19T15:27:58Z
ord_1b78e3beb2a9,intent_89a415a03f71,xagusd_fbo_1_1_3_atr80,xagusd_fbo_1_1_3_atr80_201807_02,XAGUSD,paper,buy,stop,5,5,cancelled,,16.118,false,entry,,,2018-07-16,2018-08-01T00:00:00,2026-07-19T15:27:58Z,2026-07-19T15:27:58Z
ord_5da4dd22d27f,intent_9f5a1c1bbbe7,xagusd_fbo_1_1_3_atr80,xagusd_fbo_1_1_3_atr80_201808_01,XAGUSD,paper,buy,stop,5,5,cancelled,,15.544,false,entry,,,2018-08-13,2018-09-01T00:00:00,2026-07-19T15:27:58Z,2026-07-19T15:27:58Z
ord_46bd2fb5ee9b,intent_6e1f41365ee0,xagusd_fbo_1_1_3_atr80,xagusd_fbo_1_1_3_atr80_201809_01,XAGUSD,paper,buy,stop,5,0,filled,,14.543,false,entry,,,2018-09-11,2018-10-01T00:00:00,2026-07-19T15:27:58Z,2026-07-19T15:27:58Z
ord_6f3afab0cf4d,intent_572b3975b45c,xagusd_fbo_1_1_3_atr80,xagusd_fbo_1_1_3_atr80_201809_01,XAGUSD,paper,sell,limit,1,0,filled,14.679999999999998,,true,tp1,,,2018-09-25,2018-10-01T00:00:00,2026-07-19T15:27:58Z,2026-07-19T15:27:58Z
ord_04aecba848f4,intent_fec6b5250f96,xagusd_fbo_1_1_3_atr80,xagusd_fbo_1_1_3_atr80_201809_01,XAGUSD,paper,sell,limit,1,1,cancelled,15.087999999999997,,true,tp2,,,2018-09-25,2018-10-01T00:00:00,2026-07-19T15:27:58Z,2026-07-19T15:27:58Z
ord_3d8e3662bf8a,intent_f6b4b426d7dc,xagusd_fbo_1_1_3_atr80,xagusd_fbo_1_1_3_atr80_201809_01,XAGUSD,paper,sell,limit,3,3,cancelled,15.631999999999996,,true,tp3,,,2018-09-25,2018-10-01T00:00:00,2026-07-19T15:27:58Z,2026-07-19T15:27:58Z
ord_280ac7c3b02f,intent_b23aface830a,xagusd_fbo_1_1_3_atr80,xagusd_fbo_1_1_3_atr80_201809_01,XAGUSD,paper,sell,market_close,4,0,filled,,,true,close,,,2018-09-30,,2026-07-19T15:27:58Z,2026-07-19T15:27:58Z
ord_eefc033070c0,intent_6a67569391d0,xagusd_fbo_1_1_3_atr80,xagusd_fbo_1_1_3_atr80_201810_01,XAGUSD,paper,buy,stop,5,5,cancelled,,14.901,false,entry,,,2018-10-08,2018-11-01T00:00:00,2026-07-19T15:27:58Z,2026-07-19T15:27:58Z
ord_c32df312cb66,intent_aa33d67f5e4b,xagusd_fbo_1_1_3_atr80,xagusd_fbo_1_1_3_atr80_201811_01,XAGUSD,paper,buy,stop,5,5,cancelled,,14.904,false,entry,,,2018-11-09,2018-12-01T00:00:00,2026-07-19T15:27:58Z,2026-07-19T15:27:58Z
ord_43af1130b97c,intent_894d27fe24ae,xagusd_fbo_1_1_3_atr80,xagusd_fbo_1_1_3_atr80_201812_01,XAGUSD,paper,sell,stop,5,5,cancelled,,14.193,false,entry,,,2018-12-11,2018-12-31T23:59:59,2026-07-19T15:27:58Z,2026-07-19T15:27:58Z
ord_8bf767da0a5f,intent_ca4af1f8dd95,xagusd_fbo_1_1_3_atr80,xagusd_fbo_1_1_3_atr80_201901_01,XAGUSD,paper,sell,stop,5,0,filled,,15.317,false,entry,,,2019-01-04,2019-02-01T00:00:00,2026-07-19T15:27:58Z,2026-07-19T15:27:58Z
ord_de8e43eaefe3,intent_3b813331beb1,xagusd_fbo_1_1_3_atr80,xagusd_fbo_1_1_3_atr80_201901_01,XAGUSD,paper,buy,limit,1,0,filled,15.2095,,true,tp1,,,2019-01-18,2019-02-01T00:00:00,2026-07-19T15:27:58Z,2026-07-19T15:27:58Z
ord_5f6f4ee5a64b,intent_65599f67567f,xagusd_fbo_1_1_3_atr80,xagusd_fbo_1_1_3_atr80_201901_01,XAGUSD,paper,buy,limit,1,1,cancelled,14.89,,true,tp2,,,2019-01-18,2019-02-01T00:00:00,2026-07-19T15:27:58Z,2026-07-19T15:27:58Z
ord_8d892681209c,intent_4c67daf921f9,xagusd_fbo_1_1_3_atr80,xagusd_fbo_1_1_3_atr80_201901_01,XAGUSD,paper,buy,limit,3,3,cancelled,14.464,,true,tp3,,,2019-01-18,2019-02-01T00:00:00,2026-07-19T15:27:58Z,2026-07-19T15:27:58Z
ord_8b17b180e98b,intent_5f7bd145518f,xagusd_fbo_1_1_3_atr80,xagusd_fbo_1_1_3_atr80_201901_01,XAGUSD,paper,buy,market_close,4,0,filled,,,true,close,,,2019-01-22,,2026-07-19T15:27:58Z,2026-07-19T15:27:58Z
ord_dd7d90c88f8e,intent_1c6bb0026e95,xagusd_fbo_1_1_3_atr80,xagusd_fbo_1_1_3_atr80_201901_02,XAGUSD,paper,buy,stop,5,0,filled,,15.743,false,entry,,,2019-01-23,2019-02-01T00:00:00,2026-07-19T15:27:58Z,2026-07-19T15:27:58Z
ord_7ffdd72333c5,intent_765d794f8c48,xagusd_fbo_1_1_3_atr80,xagusd_fbo_1_1_3_atr80_201901_02,XAGUSD,paper,sell,limit,1,0,filled,15.8505,,true,tp1,,,2019-01-25,2019-02-01T00:00:00,2026-07-19T15:27:58Z,2026-07-19T15:27:58Z
ord_889309d8ba72,intent_8f0b6d28dd58,xagusd_fbo_1_1_3_atr80,xagusd_fbo_1_1_3_atr80_201901_02,XAGUSD,paper,sell,limit,1,0,filled,16.17,,true,tp2,,,2019-01-25,2019-02-01T00:00:00,2026-07-19T15:27:58Z,2026-07-19T15:27:58Z
ord_265bc1230c69,intent_fbcef95132ef,xagusd_fbo_1_1_3_atr80,xagusd_fbo_1_1_3_atr80_201901_02,XAGUSD,paper,sell,limit,3,3,cancelled,16.596,,true,tp3,,,2019-01-25,2019-02-01T00:00:00,2026-07-19T15:27:58Z,2026-07-19T15:27:58Z
ord_d97360afbc27,intent_6249e9c77397,xagusd_fbo_1_1_3_atr80,xagusd_fbo_1_1_3_atr80_201901_02,XAGUSD,paper,sell,market_close,3,0,filled,,,true,close,,,2019-01-31,,2026-07-19T15:27:58Z,2026-07-19T15:27:58Z
ord_07dcd8a4160e,intent_c861ff25ceac,xagusd_fbo_1_1_3_atr80,xagusd_fbo_1_1_3_atr80_201902_01,XAGUSD,paper,buy,stop,5,0,filled,,16.068,false,entry,,,2019-02-06,2019-03-01T00:00:00,2026-07-19T15:27:58Z,2026-07-19T15:27:58Z
ord_826c41884891,intent_384f2478c046,xagusd_fbo_1_1_3_atr80,xagusd_fbo_1_1_3_atr80_201902_01,XAGUSD,paper,sell,limit,1,1,cancelled,16.1655,,true,tp1,,,2019-02-20,2019-03-01T00:00:00,2026-07-19T15:27:58Z,2026-07-19T15:27:58Z
ord_9c4ad0afb340,intent_0de85aaa051b,xagusd_fbo_1_1_3_atr80,xagusd_fbo_1_1_3_atr80_201902_01,XAGUSD,paper,sell,limit,1,1,cancelled,16.455000000000005,,true,tp2,,,2019-02-20,2019-03-01T00:00:00,2026-07-19T15:27:58Z,2026-07-19T15:27:58Z
ord_8c76c09d3f35,intent_c17f9fd73524,xagusd_fbo_1_1_3_atr80,xagusd_fbo_1_1_3_atr80_201902_01,XAGUSD,paper,sell,limit,3,3,cancelled,16.841000000000005,,true,tp3,,,2019-02-20,2019-03-01T00:00:00,2026-07-19T15:27:58Z,2026-07-19T15:27:58Z
ord_345fe6da4e83,intent_7a788fe0801b,xagusd_fbo_1_1_3_atr80,xagusd_fbo_1_1_3_atr80_201902_01,XAGUSD,paper,sell,market_close,5,0,filled,,,true,close,,,2019-02-28,,2026-07-19T15:27:58Z,2026-07-19T15:27:58Z
ord_7a63409e549c,intent_eacf59af57b4,xagusd_fbo_1_1_3_atr80,xagusd_fbo_1_1_3_atr80_201903_01,XAGUSD,paper,buy,stop,5,5,cancelled,,15.629,false,entry,,,2019-03-05,2019-04-01T00:00:00,2026-07-19T15:27:58Z,2026-07-19T15:27:58Z
ord_96967123394e,intent_b471bc2acfb8,xagusd_fbo_1_1_3_atr80,xagusd_fbo_1_1_3_atr80_201904_01,XAGUSD,paper,buy,stop,5,0,filled,,15.207,false,entry,,,2019-04-04,2019-05-01T00:00:00,2026-07-19T15:27:58Z,2026-07-19T15:27:58Z
ord_c5153f9b62dd,intent_d9ac3d493955,xagusd_fbo_1_1_3_atr80,xagusd_fbo_1_1_3_atr80_201904_01,XAGUSD,paper,sell,limit,1,0,filled,15.27725,,true,tp1,,,2019-04-08,2019-05-01T00:00:00,2026-07-19T15:27:58Z,2026-07-19T15:27:58Z
ord_ae43931d9d15,intent_3ce560d22705,xagusd_fbo_1_1_3_atr80,xagusd_fbo_1_1_3_atr80_201904_01,XAGUSD,paper,sell,limit,1,1,cancelled,15.485000000000001,,true,tp2,,,2019-04-08,2019-05-01T00:00:00,2026-07-19T15:27:58Z,2026-07-19T15:27:58Z
ord_9431f87742c1,intent_57bde496dd2f,xagusd_fbo_1_1_3_atr80,xagusd_fbo_1_1_3_atr80_201904_01,XAGUSD,paper,sell,limit,3,3,cancelled,15.762000000000002,,true,tp3,,,2019-04-08,2019-05-01T00:00:00,2026-07-19T15:27:58Z,2026-07-19T15:27:58Z
ord_f49e441f392a,intent_f346d0007b59,xagusd_fbo_1_1_3_atr80,xagusd_fbo_1_1_3_atr80_201904_01,XAGUSD,paper,sell,market_close,4,0,filled,,,true,close,,,2019-04-11,,2026-07-19T15:27:58Z,2026-07-19T15:27:58Z
ord_b13134a0ea6c,intent_2984126a3848,xagusd_fbo_1_1_3_atr80,xagusd_fbo_1_1_3_atr80_201904_02,XAGUSD,paper,buy,stop,5,5,cancelled,,15.207,false,entry,,,2019-04-15,2019-05-01T00:00:00,2026-07-19T15:27:58Z,2026-07-19T15:27:58Z
ord_329f3bfe891f,intent_c0e62eb5afb4,xagusd_fbo_1_1_3_atr80,xagusd_fbo_1_1_3_atr80_201905_01,XAGUSD,paper,buy,stop,5,5,cancelled,,14.97,false,entry,,,2019-05-16,2019-06-01T00:00:00,2026-07-19T15:27:59Z,2026-07-19T15:27:59Z
ord_b3305322c0a3,intent_8be0f49d7348,xagusd_fbo_1_1_3_atr80,xagusd_fbo_1_1_3_atr80_201906_01,XAGUSD,paper,sell,stop,5,5,cancelled,,14.57,false,entry,,,2019-06-05,2019-07-01T00:00:00,2026-07-19T15:27:59Z,2026-07-19T15:27:59Z
ord_c6375859b3d4,intent_1acee69b3538,xagusd_fbo_1_1_3_atr80,xagusd_fbo_1_1_3_atr80_201907_01,XAGUSD,paper,buy,stop,5,0,filled,,15.454,false,entry,,,2019-07-07,2019-08-01T00:00:00,2026-07-19T15:27:59Z,2026-07-19T15:27:59Z
ord_d36b0ebbcddb,intent_469ea3f907bc,xagusd_fbo_1_1_3_atr80,xagusd_fbo_1_1_3_atr80_201907_01,XAGUSD,paper,sell,limit,1,0,filled,15.56025,,true,tp1,,,2019-07-16,2019-08-01T00:00:00,2026-07-19T15:27:59Z,2026-07-19T15:27:59Z
ord_3f66c9c6a2b6,intent_cd38a5167047,xagusd_fbo_1_1_3_atr80,xagusd_fbo_1_1_3_atr80_201907_01,XAGUSD,paper,sell,limit,1,0,filled,15.876000000000001,,true,tp2,,,2019-07-16,2019-08-01T00:00:00,2026-07-19T15:27:59Z,2026-07-19T15:27:59Z
ord_23aa48f6f97c,intent_f1fbf2869308,xagusd_fbo_1_1_3_atr80,xagusd_fbo_1_1_3_atr80_201907_01,XAGUSD,paper,sell,limit,3,0,filled,16.297000000000004,,true,tp3,,,2019-07-16,2019-08-01T00:00:00,2026-07-19T15:27:59Z,2026-07-19T15:27:59Z
ord_7a6501027999,intent_9b7d492f0d67,xagusd_fbo_1_1_3_atr80,xagusd_fbo_1_1_3_atr80_201911_01,XAGUSD,paper,buy,stop,5,5,cancelled,,18.215,false,entry,,,2019-11-21,2019-12-01T00:00:00,2026-07-19T15:27:59Z,2026-07-19T15:27:59Z
ord_5e60ec99ed69,intent_4487fc1972bc,xagusd_fbo_1_1_3_atr80,xagusd_fbo_1_1_3_atr80_201912_01,XAGUSD,paper,buy,stop,5,0,filled,,17.195,false,entry,,,2019-12-05,2019-12-31T23:59:59,2026-07-19T15:27:59Z,2026-07-19T15:27:59Z
ord_48aff1984465,intent_86a50c2ed165,xagusd_fbo_1_1_3_atr80,xagusd_fbo_1_1_3_atr80_201912_01,XAGUSD,paper,sell,limit,1,0,filled,17.292250000000003,,true,tp1,,,2019-12-20,2019-12-31T23:59:59,2026-07-19T15:27:59Z,2026-07-19T15:27:59Z
ord_c32ae0daf57c,intent_6d68cf06d2a8,xagusd_fbo_1_1_3_atr80,xagusd_fbo_1_1_3_atr80_201912_01,XAGUSD,paper,sell,limit,1,0,filled,17.581000000000003,,true,tp2,,,2019-12-20,2019-12-31T23:59:59,2026-07-19T15:27:59Z,2026-07-19T15:27:59Z
ord_88d5f407d988,intent_ba4c4b2837bf,xagusd_fbo_1_1_3_atr80,xagusd_fbo_1_1_3_atr80_201912_01,XAGUSD,paper,sell,limit,3,0,filled,17.966000000000005,,true,tp3,,,2019-12-20,2019-12-31T23:59:59,2026-07-19T15:27:59Z,2026-07-19T15:27:59Z
ord_1948c18df416,intent_f9742a19dec5,xagusd_fbo_1_1_3_atr80,xagusd_fbo_1_1_3_atr80_201912_02,XAGUSD,paper,sell,stop,5,5,cancelled,,16.81,false,entry,,,2019-12-26,2019-12-31T23:59:59,2026-07-19T15:27:59Z,2026-07-19T15:27:59Z
ord_c27ac851dc6a,intent_0dc714026fbe,xagusd_fbo_1_1_3_atr80,xagusd_fbo_1_1_3_atr80_202001_01,XAGUSD,paper,sell,stop,5,5,cancelled,,17.777,false,entry,,,2020-01-05,2020-02-01T00:00:00,2026-07-19T15:27:59Z,2026-07-19T15:27:59Z
ord_bacb28508ce0,intent_b690e585a5e1,xagusd_fbo_1_1_3_atr80,xagusd_fbo_1_1_3_atr80_202001_02,XAGUSD,paper,sell,stop,5,0,filled,,17.777,false,entry,,,2020-01-23,2020-02-01T00:00:00,2026-07-19T15:27:59Z,2026-07-19T15:27:59Z
ord_99f186c30cbc,intent_8cd171b46993,xagusd_fbo_1_1_3_atr80,xagusd_fbo_1_1_3_atr80_202001_02,XAGUSD,paper,buy,limit,1,0,filled,17.64175,,true,tp1,,,2020-01-24,2020-02-01T00:00:00,2026-07-19T15:27:59Z,2026-07-19T15:27:59Z
ord_31e33e7f9f84,intent_c77349bcb816,xagusd_fbo_1_1_3_atr80,xagusd_fbo_1_1_3_atr80_202001_02,XAGUSD,paper,buy,limit,1,1,cancelled,17.278,,true,tp2,,,2020-01-24,2020-02-01T00:00:00,2026-07-19T15:27:59Z,2026-07-19T15:27:59Z
ord_f66321eeec01,intent_61b3d1df1d35,xagusd_fbo_1_1_3_atr80,xagusd_fbo_1_1_3_atr80_202001_02,XAGUSD,paper,buy,limit,3,3,cancelled,16.793,,true,tp3,,,2020-01-24,2020-02-01T00:00:00,2026-07-19T15:27:59Z,2026-07-19T15:27:59Z
ord_b0b622f82f21,intent_6bfb1a714285,xagusd_fbo_1_1_3_atr80,xagusd_fbo_1_1_3_atr80_202001_02,XAGUSD,paper,buy,market_close,4,0,filled,,,true,close,,,2020-01-30,,2026-07-19T15:27:59Z,2026-07-19T15:27:59Z
ord_a8baca6ab3bf,intent_1e8d1ab11ffc,xagusd_fbo_1_1_3_atr80,xagusd_fbo_1_1_3_atr80_202002_01,XAGUSD,paper,buy,stop,5,0,filled,,18.09,false,entry,,,2020-02-11,2020-03-01T00:00:00,2026-07-19T15:27:59Z,2026-07-19T15:27:59Z
ord_487b667fc017,intent_5e3c59b304b7,xagusd_fbo_1_1_3_atr80,xagusd_fbo_1_1_3_atr80_202002_01,XAGUSD,paper,sell,limit,1,0,filled,18.233,,true,tp1,,,2020-02-18,2020-03-01T00:00:00,2026-07-19T15:27:59Z,2026-07-19T15:27:59Z
ord_0046bdf4f8f3,intent_330dac802107,xagusd_fbo_1_1_3_atr80,xagusd_fbo_1_1_3_atr80_202002_01,XAGUSD,paper,sell,limit,1,0,filled,18.659000000000002,,true,tp2,,,2020-02-18,2020-03-01T00:00:00,2026-07-19T15:27:59Z,2026-07-19T15:27:59Z
ord_8e4cffc94761,intent_d7b1006b5bbb,xagusd_fbo_1_1_3_atr80,xagusd_fbo_1_1_3_atr80_202002_01,XAGUSD,paper,sell,limit,3,3,cancelled,19.227000000000004,,true,tp3,,,2020-02-18,2020-03-01T00:00:00,2026-07-19T15:27:59Z,2026-07-19T15:27:59Z
ord_fe3f1ce879d2,intent_e7d3e33f820b,xagusd_fbo_1_1_3_atr80,xagusd_fbo_1_1_3_atr80_202002_01,XAGUSD,paper,sell,market_close,3,0,filled,,,true,close,,,2020-02-25,,2026-07-19T15:27:59Z,2026-07-19T15:27:59Z
ord_6bfe00b46144,intent_7ee2f4a39ebb,xagusd_fbo_1_1_3_atr80,xagusd_fbo_1_1_3_atr80_202005_01,XAGUSD,paper,sell,stop,5,5,cancelled,,14.684,false,entry,,,2020-05-10,2020-06-01T00:00:00,2026-07-19T15:28:00Z,2026-07-19T15:28:00Z
ord_6f2beb3ee50f,intent_25ddc0ee1161,xagusd_fbo_1_1_3_atr80,xagusd_fbo_1_1_3_atr80_202006_01,XAGUSD,paper,buy,stop,5,5,cancelled,,18.366,false,entry,,,2020-06-07,2020-07-01T00:00:00,2026-07-19T15:28:00Z,2026-07-19T15:28:00Z
ord_eede4ef617af,intent_87aa0319487d,xagusd_fbo_1_1_3_atr80,xagusd_fbo_1_1_3_atr80_202006_02,XAGUSD,paper,buy,stop,5,5,cancelled,,18.366,false,entry,,,2020-06-17,2020-07-01T00:00:00,2026-07-19T15:28:00Z,2026-07-19T15:28:00Z
ord_624b9333265a,intent_3d8c3c5a80a2,xagusd_fbo_1_1_3_atr80,xagusd_fbo_1_1_3_atr80_202007_01,XAGUSD,paper,sell,stop,5,5,cancelled,,17.746,false,entry,,,2020-07-08,2020-08-01T00:00:00,2026-07-19T15:28:00Z,2026-07-19T15:28:00Z
ord_bc002156f089,intent_0c2a556c6a5a,xagusd_fbo_1_1_3_atr80,xagusd_fbo_1_1_3_atr80_202010_01,XAGUSD,paper,sell,stop,5,0,filled,,23.212,false,entry,,,2020-10-26,2020-11-01T00:00:00,2026-07-19T15:28:00Z,2026-07-19T15:28:00Z
ord_1a514d85945e,intent_28a28d54da90,xagusd_fbo_1_1_3_atr80,xagusd_fbo_1_1_3_atr80_202010_01,XAGUSD,paper,buy,limit,1,0,filled,22.964999999999996,,true,tp1,,,2020-10-28,2020-11-01T00:00:00,2026-07-19T15:28:00Z,2026-07-19T15:28:00Z
ord_c13dc2864296,intent_1a70e00f62a5,xagusd_fbo_1_1_3_atr80,xagusd_fbo_1_1_3_atr80_202010_01,XAGUSD,paper,buy,limit,1,1,cancelled,22.226999999999997,,true,tp2,,,2020-10-28,2020-11-01T00:00:00,2026-07-19T15:28:00Z,2026-07-19T15:28:00Z
ord_01f35661258d,intent_54e27409df02,xagusd_fbo_1_1_3_atr80,xagusd_fbo_1_1_3_atr80_202010_01,XAGUSD,paper,buy,limit,3,3,cancelled,21.242999999999995,,true,tp3,,,2020-10-28,2020-11-01T00:00:00,2026-07-19T15:28:00Z,2026-07-19T15:28:00Z
ord_51791dbe83b5,intent_4719c6624d72,xagusd_fbo_1_1_3_atr80,xagusd_fbo_1_1_3_atr80_202010_01,XAGUSD,paper,buy,market_close,4,0,filled,,,true,close,,,2020-10-29,,2026-07-19T15:28:00Z,2026-07-19T15:28:00Z
ord_41fda3c900fa,intent_05b8166adfe3,xagusd_fbo_1_1_3_atr80,xagusd_fbo_1_1_3_atr80_202011_01,XAGUSD,paper,sell,stop,5,0,filled,,23.377,false,entry,,,2020-11-22,2020-12-01T00:00:00,2026-07-19T15:28:00Z,2026-07-19T15:28:00Z
ord_6d059e290c3b,intent_fdb1442be7bd,xagusd_fbo_1_1_3_atr80,xagusd_fbo_1_1_3_atr80_202011_01,XAGUSD,paper,buy,limit,1,0,filled,23.107499999999998,,true,tp1,,,2020-11-24,2020-12-01T00:00:00,2026-07-19T15:28:00Z,2026-07-19T15:28:00Z
ord_d8c0589fc3c2,intent_5fc5c5770620,xagusd_fbo_1_1_3_atr80,xagusd_fbo_1_1_3_atr80_202011_01,XAGUSD,paper,buy,limit,1,0,filled,22.301999999999996,,true,tp2,,,2020-11-24,2020-12-01T00:00:00,2026-07-19T15:28:00Z,2026-07-19T15:28:00Z
ord_4af822bd7996,intent_50fa07d778f1,xagusd_fbo_1_1_3_atr80,xagusd_fbo_1_1_3_atr80_202011_01,XAGUSD,paper,buy,limit,3,3,cancelled,21.227999999999994,,true,tp3,,,2020-11-24,2020-12-01T00:00:00,2026-07-19T15:28:00Z,2026-07-19T15:28:00Z
ord_5cd0ae4314e2,intent_337d5392d6fc,xagusd_fbo_1_1_3_atr80,xagusd_fbo_1_1_3_atr80_202011_01,XAGUSD,paper,buy,market_close,3,0,filled,,,true,close,,,2020-11-30,,2026-07-19T15:28:00Z,2026-07-19T15:28:00Z
ord_8bd7a5a31021,intent_34bf317766fe,xagusd_fbo_1_1_3_atr80,xagusd_fbo_1_1_3_atr80_202012_01,XAGUSD,paper,sell,stop,5,5,cancelled,,22.592,false,entry,,,2020-12-04,2020-12-31T23:59:59,2026-07-19T15:28:00Z,2026-07-19T15:28:00Z
ord_6f33a77c9cb6,intent_c3aa33e58aee,xagusd_fbo_1_1_3_atr80,xagusd_fbo_1_1_3_atr80_202101_01,XAGUSD,paper,sell,stop,5,0,filled,,26.557,false,entry,,,2021-01-25,2021-02-01T00:00:00,2026-07-19T15:28:00Z,2026-07-19T15:28:00Z
ord_6b65d958b27b,intent_7d22e2845b13,xagusd_fbo_1_1_3_atr80,xagusd_fbo_1_1_3_atr80_202101_01,XAGUSD,paper,buy,limit,1,0,filled,25.045,,true,tp1,,,2021-01-26,2021-02-01T00:00:00,2026-07-19T15:28:00Z,2026-07-19T15:28:00Z
ord_f2c47c611561,intent_ec9039c86b80,xagusd_fbo_1_1_3_atr80,xagusd_fbo_1_1_3_atr80_202101_01,XAGUSD,paper,buy,limit,1,1,cancelled,24.201999999999998,,true,tp2,,,2021-01-26,2021-02-01T00:00:00,2026-07-19T15:28:00Z,2026-07-19T15:28:00Z
ord_ac539c6b7083,intent_dd07d59b84d4,xagusd_fbo_1_1_3_atr80,xagusd_fbo_1_1_3_atr80_202101_01,XAGUSD,paper,buy,limit,3,3,cancelled,23.077999999999996,,true,tp3,,,2021-01-26,2021-02-01T00:00:00,2026-07-19T15:28:00Z,2026-07-19T15:28:00Z
ord_27bf92ea3f43,intent_342a76c5cf11,xagusd_fbo_1_1_3_atr80,xagusd_fbo_1_1_3_atr80_202101_01,XAGUSD,paper,buy,market_close,4,0,filled,,,true,close,,,2021-01-28,,2026-07-19T15:28:00Z,2026-07-19T15:28:00Z
ord_57c6ea0f79a5,intent_a4ecf3d35bdb,xagusd_fbo_1_1_3_atr80,xagusd_fbo_1_1_3_atr80_202102_01,XAGUSD,paper,buy,stop,5,5,cancelled,,30.047,false,entry,,,2021-02-17,2021-03-01T00:00:00,2026-07-19T15:28:00Z,2026-07-19T15:28:00Z
ord_980690d82bf8,intent_0c360216f86b,xagusd_fbo_1_1_3_atr80,xagusd_fbo_1_1_3_atr80_202103_01,XAGUSD,paper,buy,stop,5,5,cancelled,,27.064,false,entry,,,2021-03-07,2021-04-01T00:00:00,2026-07-19T15:28:00Z,2026-07-19T15:28:00Z
ord_c5cbaedb8fc9,intent_860b99b4a6ca,xagusd_fbo_1_1_3_atr80,xagusd_fbo_1_1_3_atr80_202103_02,XAGUSD,paper,buy,stop,5,5,cancelled,,27.064,false,entry,,,2021-03-10,2021-04-01T00:00:00,2026-07-19T15:28:00Z,2026-07-19T15:28:01Z
ord_822b36c9238a,intent_5a298fc1a81a,xagusd_fbo_1_1_3_atr80,xagusd_fbo_1_1_3_atr80_202104_01,XAGUSD,paper,sell,stop,5,5,cancelled,,24.234,false,entry,,,2021-04-06,2021-05-01T00:00:00,2026-07-19T15:28:01Z,2026-07-19T15:28:01Z
ord_edfdf5d4239a,intent_e0cd7009c26a,xagusd_fbo_1_1_3_atr80,xagusd_fbo_1_1_3_atr80_202105_01,XAGUSD,paper,sell,stop,5,5,cancelled,,25.791,false,entry,,,2021-05-06,2021-06-01T00:00:00,2026-07-19T15:28:01Z,2026-07-19T15:28:01Z
ord_cf0c8db07d73,intent_92a76cdee8da,xagusd_fbo_1_1_3_atr80,xagusd_fbo_1_1_3_atr80_202106_01,XAGUSD,paper,buy,stop,5,5,cancelled,,28.547,false,entry,,,2021-06-16,2021-07-01T00:00:00,2026-07-19T15:28:01Z,2026-07-19T15:28:01Z
ord_d725c0aa789a,intent_ace96119db31,xagusd_fbo_1_1_3_atr80,xagusd_fbo_1_1_3_atr80_202107_01,XAGUSD,paper,sell,stop,5,0,filled,,25.935,false,entry,,,2021-07-05,2021-08-01T00:00:00,2026-07-19T15:28:01Z,2026-07-19T15:28:01Z
ord_5700c3beac6e,intent_b3efde0a16b7,xagusd_fbo_1_1_3_atr80,xagusd_fbo_1_1_3_atr80_202107_01,XAGUSD,paper,buy,limit,1,0,filled,25.778,,true,tp1,,,2021-07-08,2021-08-01T00:00:00,2026-07-19T15:28:01Z,2026-07-19T15:28:01Z
ord_96b02b3b7589,intent_60b117e2b2fe,xagusd_fbo_1_1_3_atr80,xagusd_fbo_1_1_3_atr80_202107_01,XAGUSD,paper,buy,limit,1,1,cancelled,25.309999999999995,,true,tp2,,,2021-07-08,2021-08-01T00:00:00,2026-07-19T15:28:01Z,2026-07-19T15:28:01Z
ord_4fa1c755d1fa,intent_8bd69e8b006e,xagusd_fbo_1_1_3_atr80,xagusd_fbo_1_1_3_atr80_202107_01,XAGUSD,paper,buy,limit,3,3,cancelled,24.685999999999993,,true,tp3,,,2021-07-08,2021-08-01T00:00:00,2026-07-19T15:28:01Z,2026-07-19T15:28:01Z
ord_88e691cd0b21,intent_4b6505ddc41a,xagusd_fbo_1_1_3_atr80,xagusd_fbo_1_1_3_atr80_202107_01,XAGUSD,paper,buy,market_close,4,0,filled,,,true,close,,,2021-07-09,,2026-07-19T15:28:01Z,2026-07-19T15:28:01Z
ord_82fd30cbdf22,intent_b9c86eb3c135,xagusd_fbo_1_1_3_atr80,xagusd_fbo_1_1_3_atr80_202107_02,XAGUSD,paper,buy,stop,5,5,cancelled,,26.559,false,entry,,,2021-07-12,2021-08-01T00:00:00,2026-07-19T15:28:01Z,2026-07-19T15:28:01Z
ord_e906643a965e,intent_ad0ee7030c0b,xagusd_fbo_1_1_3_atr80,xagusd_fbo_1_1_3_atr80_202108_01,XAGUSD,paper,sell,stop,5,0,filled,,25.234,false,entry,,,2021-08-04,2021-09-01T00:00:00,2026-07-19T15:28:01Z,2026-07-19T15:28:01Z
ord_e79158b0e2df,intent_1ec349893aae,xagusd_fbo_1_1_3_atr80,xagusd_fbo_1_1_3_atr80_202108_01,XAGUSD,paper,buy,limit,1,0,filled,25.13475,,true,tp1,,,2021-08-05,2021-09-01T00:00:00,2026-07-19T15:28:01Z,2026-07-19T15:28:01Z
ord_aac2081fd682,intent_a3f2460bb291,xagusd_fbo_1_1_3_atr80,xagusd_fbo_1_1_3_atr80_202108_01,XAGUSD,paper,buy,limit,1,0,filled,24.840000000000003,,true,tp2,,,2021-08-05,2021-09-01T00:00:00,2026-07-19T15:28:01Z,2026-07-19T15:28:01Z
ord_71fca615f10d,intent_fd9384b49e53,xagusd_fbo_1_1_3_atr80,xagusd_fbo_1_1_3_atr80_202108_01,XAGUSD,paper,buy,limit,3,0,filled,24.447000000000006,,true,tp3,,,2021-08-05,2021-09-01T00:00:00,2026-07-19T15:28:01Z,2026-07-19T15:28:01Z
ord_ccd51e5d129b,intent_0cce7210a762,xagusd_fbo_1_1_3_atr80,xagusd_fbo_1_1_3_atr80_202108_02,XAGUSD,paper,buy,stop,5,5,cancelled,,25.627,false,entry,,,2021-08-06,2021-09-01T00:00:00,2026-07-19T15:28:01Z,2026-07-19T15:28:01Z
ord_f269a7c697e5,intent_f77b436a82fb,xagusd_fbo_1_1_3_atr80,xagusd_fbo_1_1_3_atr80_202109_01,XAGUSD,paper,buy,stop,5,5,cancelled,,24.863,false,entry,,,2021-09-10,2021-10-01T00:00:00,2026-07-19T15:28:01Z,2026-07-19T15:28:01Z
ord_20b04c88715c,intent_6a98fa7f8e26,xagusd_fbo_1_1_3_atr80,xagusd_fbo_1_1_3_atr80_202110_01,XAGUSD,paper,sell,stop,5,5,cancelled,,21.982,false,entry,,,2021-10-07,2021-11-01T00:00:00,2026-07-19T15:28:01Z,2026-07-19T15:28:01Z
ord_0e32c041ae92,intent_de0e04bf136f,xagusd_fbo_1_1_3_atr80,xagusd_fbo_1_1_3_atr80_202111_01,XAGUSD,paper,sell,stop,5,0,filled,,23.007,false,entry,,,2021-11-05,2021-12-01T00:00:00,2026-07-19T15:28:01Z,2026-07-19T15:28:01Z
ord_5c5ab8ead820,intent_b848f5da00fe,xagusd_fbo_1_1_3_atr80,xagusd_fbo_1_1_3_atr80_202111_01,XAGUSD,paper,buy,limit,1,0,filled,22.73575,,true,tp1,,,2021-11-26,2021-12-01T00:00:00,2026-07-19T15:28:01Z,2026-07-19T15:28:01Z
ord_47a7399ea17d,intent_338a443ca208,xagusd_fbo_1_1_3_atr80,xagusd_fbo_1_1_3_atr80_202111_01,XAGUSD,paper,buy,limit,1,1,cancelled,21.925,,true,tp2,,,2021-11-26,2021-12-01T00:00:00,2026-07-19T15:28:01Z,2026-07-19T15:28:01Z
ord_07bd1770bbf7,intent_8e2191190bee,xagusd_fbo_1_1_3_atr80,xagusd_fbo_1_1_3_atr80_202111_01,XAGUSD,paper,buy,limit,3,3,cancelled,20.844,,true,tp3,,,2021-11-26,2021-12-01T00:00:00,2026-07-19T15:28:01Z,2026-07-19T15:28:01Z
ord_f6ccf629a37d,intent_172214cf6db5,xagusd_fbo_1_1_3_atr80,xagusd_fbo_1_1_3_atr80_202111_01,XAGUSD,paper,buy,market_close,4,0,filled,,,true,close,,,2021-11-30,,2026-07-19T15:28:01Z,2026-07-19T15:28:01Z
ord_18bfab7ba464,intent_868c82a25404,xagusd_fbo_1_1_3_atr80,xagusd_fbo_1_1_3_atr80_202112_01,XAGUSD,paper,buy,stop,5,0,filled,,23.02,false,entry,,,2021-12-09,2021-12-31T23:59:59,2026-07-19T15:28:01Z,2026-07-19T15:28:01Z
ord_213cd091555b,intent_a1f8faa52a8c,xagusd_fbo_1_1_3_atr80,xagusd_fbo_1_1_3_atr80_202112_01,XAGUSD,paper,sell,limit,1,0,filled,23.27,,true,tp1,,,2021-12-27,2021-12-31T23:59:59,2026-07-19T15:28:01Z,2026-07-19T15:28:01Z
ord_07c12aa8cbce,intent_ca99a6407210,xagusd_fbo_1_1_3_atr80,xagusd_fbo_1_1_3_atr80_202112_01,XAGUSD,paper,sell,limit,1,1,cancelled,24.017,,true,tp2,,,2021-12-27,2021-12-31T23:59:59,2026-07-19T15:28:01Z,2026-07-19T15:28:01Z
ord_1710fb21bfc2,intent_4c0eece7ef13,xagusd_fbo_1_1_3_atr80,xagusd_fbo_1_1_3_atr80_202112_01,XAGUSD,paper,sell,limit,3,3,cancelled,25.012999999999998,,true,tp3,,,2021-12-27,2021-12-31T23:59:59,2026-07-19T15:28:01Z,2026-07-19T15:28:01Z
ord_7ac973e05a15,intent_f79f88af8201,xagusd_fbo_1_1_3_atr80,xagusd_fbo_1_1_3_atr80_202112_01,XAGUSD,paper,sell,market_close,4,0,filled,,,true,close,,,2021-12-28,,2026-07-19T15:28:01Z,2026-07-19T15:28:01Z
ord_5e8f6501f5f4,intent_a236b807d73d,xagusd_fbo_1_1_3_atr80,xagusd_fbo_1_1_3_atr80_202112_02,XAGUSD,paper,sell,stop,5,5,cancelled,,22.024,false,entry,,,2021-12-29,2021-12-31T23:59:59,2026-07-19T15:28:01Z,2026-07-19T15:28:01Z
ord_573ba5fb03ab,intent_1be4e176bc28,xagusd_fbo_1_1_3_atr80,xagusd_fbo_1_1_3_atr80_202201_01,XAGUSD,paper,buy,stop,5,0,filled,,23.399,false,entry,,,2022-01-06,2022-02-01T00:00:00,2026-07-19T15:28:01Z,2026-07-19T15:28:01Z
ord_3ba3be33dd7e,intent_4ce139cbf39d,xagusd_fbo_1_1_3_atr80,xagusd_fbo_1_1_3_atr80_202201_01,XAGUSD,paper,sell,limit,1,0,filled,23.592000000000002,,true,tp1,,,2022-01-18,2022-02-01T00:00:00,2026-07-19T15:28:01Z,2026-07-19T15:28:01Z
ord_df26e726569b,intent_e24d05af824a,xagusd_fbo_1_1_3_atr80,xagusd_fbo_1_1_3_atr80_202201_01,XAGUSD,paper,sell,limit,1,0,filled,24.168000000000003,,true,tp2,,,2022-01-18,2022-02-01T00:00:00,2026-07-19T15:28:01Z,2026-07-19T15:28:01Z
ord_7cf722ffc776,intent_001faaf25bef,xagusd_fbo_1_1_3_atr80,xagusd_fbo_1_1_3_atr80_202201_01,XAGUSD,paper,sell,limit,3,3,cancelled,24.936000000000003,,true,tp3,,,2022-01-18,2022-02-01T00:00:00,2026-07-19T15:28:01Z,2026-07-19T15:28:01Z
ord_7750c9d38d52,intent_587fedad9b23,xagusd_fbo_1_1_3_atr80,xagusd_fbo_1_1_3_atr80_202201_01,XAGUSD,paper,sell,market_close,3,0,filled,,,true,close,,,2022-01-27,,2026-07-19T15:28:01Z,2026-07-19T15:28:01Z
ord_65aba616b7bf,intent_f1b18fa6681d,xagusd_fbo_1_1_3_atr80,xagusd_fbo_1_1_3_atr80_202201_02,XAGUSD,paper,buy,stop,5,5,cancelled,,23.399,false,entry,,,2022-01-28,2022-02-01T00:00:00,2026-07-19T15:28:01Z,2026-07-19T15:28:02Z
ord_766623c97b80,intent_9af8dbfe7c53,xagusd_fbo_1_1_3_atr80,xagusd_fbo_1_1_3_atr80_202202_01,XAGUSD,paper,sell,stop,5,5,cancelled,,21.988,false,entry,,,2022-02-07,2022-03-01T00:00:00,2026-07-19T15:28:02Z,2026-07-19T15:28:02Z
ord_f892ac08780f,intent_fc8fec907d6a,xagusd_fbo_1_1_3_atr80,xagusd_fbo_1_1_3_atr80_202203_01,XAGUSD,paper,sell,stop,5,5,cancelled,,24.268,false,entry,,,2022-03-04,2022-04-01T00:00:00,2026-07-19T15:28:02Z,2026-07-19T15:28:02Z
ord_57de3992e1ab,intent_3c7c2ff12f40,xagusd_fbo_1_1_3_atr80,xagusd_fbo_1_1_3_atr80_202203_02,XAGUSD,paper,sell,stop,5,0,filled,,24.268,false,entry,,,2022-03-13,2022-04-01T00:00:00,2026-07-19T15:28:02Z,2026-07-19T15:28:02Z
ord_be33cc0f59fc,intent_c8b0e3011042,xagusd_fbo_1_1_3_atr80,xagusd_fbo_1_1_3_atr80_202203_02,XAGUSD,paper,buy,limit,1,1,cancelled,23.95025,,true,tp1,,,2022-03-29,2022-04-01T00:00:00,2026-07-19T15:28:02Z,2026-07-19T15:28:02Z
ord_76756d3b3a3d,intent_ae6ceff51a86,xagusd_fbo_1_1_3_atr80,xagusd_fbo_1_1_3_atr80_202203_02,XAGUSD,paper,buy,limit,1,1,cancelled,23.0,,true,tp2,,,2022-03-29,2022-04-01T00:00:00,2026-07-19T15:28:02Z,2026-07-19T15:28:02Z
ord_dbbb92259e80,intent_b6e0ecaac0ac,xagusd_fbo_1_1_3_atr80,xagusd_fbo_1_1_3_atr80_202203_02,XAGUSD,paper,buy,limit,3,3,cancelled,21.733,,true,tp3,,,2022-03-29,2022-04-01T00:00:00,2026-07-19T15:28:02Z,2026-07-19T15:28:02Z
ord_c3bcf60ab292,intent_f0a8d9f4ae60,xagusd_fbo_1_1_3_atr80,xagusd_fbo_1_1_3_atr80_202203_02,XAGUSD,paper,buy,market_close,5,0,filled,,,true,close,,,2022-03-31,,2026-07-19T15:28:02Z,2026-07-19T15:28:02Z
ord_c569dc3f5f46,intent_cbac1e669211,xagusd_fbo_1_1_3_atr80,xagusd_fbo_1_1_3_atr80_202204_01,XAGUSD,paper,buy,stop,5,0,filled,,24.851,false,entry,,,2022-04-06,2022-05-01T00:00:00,2026-07-19T15:28:02Z,2026-07-19T15:28:02Z
ord_6ddeadaf756f,intent_811b02a5b389,xagusd_fbo_1_1_3_atr80,xagusd_fbo_1_1_3_atr80_202204_01,XAGUSD,paper,sell,limit,1,0,filled,24.99725,,true,tp1,,,2022-04-11,2022-05-01T00:00:00,2026-07-19T15:28:02Z,2026-07-19T15:28:02Z
ord_e2987a270ef3,intent_05cb169de7c6,xagusd_fbo_1_1_3_atr80,xagusd_fbo_1_1_3_atr80_202204_01,XAGUSD,paper,sell,limit,1,0,filled,25.433,,true,tp2,,,2022-04-11,2022-05-01T00:00:00,2026-07-19T15:28:02Z,2026-07-19T15:28:02Z
ord_26ef86f244f7,intent_5a062cb10b2c,xagusd_fbo_1_1_3_atr80,xagusd_fbo_1_1_3_atr80_202204_01,XAGUSD,paper,sell,limit,3,0,filled,26.014,,true,tp3,,,2022-04-11,2022-05-01T00:00:00,2026-07-19T15:28:02Z,2026-07-19T15:28:02Z
ord_558cb5bcd176,intent_5a38e3607326,xagusd_fbo_1_1_3_atr80,xagusd_fbo_1_1_3_atr80_202204_02,XAGUSD,paper,sell,stop,5,0,filled,,24.27,false,entry,,,2022-04-18,2022-05-01T00:00:00,2026-07-19T15:28:02Z,2026-07-19T15:28:02Z
ord_c4f1f728006c,intent_99e9393cf644,xagusd_fbo_1_1_3_atr80,xagusd_fbo_1_1_3_atr80_202204_02,XAGUSD,paper,buy,limit,1,0,filled,24.123749999999998,,true,tp1,,,2022-04-22,2022-05-01T00:00:00,2026-07-19T15:28:02Z,2026-07-19T15:28:02Z
ord_cfc1132c47ba,intent_638a09c4639e,xagusd_fbo_1_1_3_atr80,xagusd_fbo_1_1_3_atr80_202204_02,XAGUSD,paper,buy,limit,1,0,filled,23.688,,true,tp2,,,2022-04-22,2022-05-01T00:00:00,2026-07-19T15:28:02Z,2026-07-19T15:28:02Z
ord_8fb07f666a77,intent_123070d62b2d,xagusd_fbo_1_1_3_atr80,xagusd_fbo_1_1_3_atr80_202204_02,XAGUSD,paper,buy,limit,3,0,filled,23.107,,true,tp3,,,2022-04-22,2022-05-01T00:00:00,2026-07-19T15:28:02Z,2026-07-19T15:28:02Z
ord_7fa2167a7a75,intent_2886d8df0c7a,xagusd_fbo_1_1_3_atr80,xagusd_fbo_1_1_3_atr80_202205_01,XAGUSD,paper,sell,stop,5,0,filled,,22.104,false,entry,,,2022-05-04,2022-06-01T00:00:00,2026-07-19T15:28:02Z,2026-07-19T15:28:02Z
ord_1dca59405896,intent_5535c22831a7,xagusd_fbo_1_1_3_atr80,xagusd_fbo_1_1_3_atr80_202205_01,XAGUSD,paper,buy,limit,1,0,filled,21.916249999999998,,true,tp1,,,2022-05-06,2022-06-01T00:00:00,2026-07-19T15:28:02Z,2026-07-19T15:28:02Z
ord_354ff7d818dd,intent_d930626496a4,xagusd_fbo_1_1_3_atr80,xagusd_fbo_1_1_3_atr80_202205_01,XAGUSD,paper,buy,limit,1,0,filled,21.355999999999998,,true,tp2,,,2022-05-06,2022-06-01T00:00:00,2026-07-19T15:28:02Z,2026-07-19T15:28:02Z
ord_99e3c2524d1c,intent_0d17a696c943,xagusd_fbo_1_1_3_atr80,xagusd_fbo_1_1_3_atr80_202205_01,XAGUSD,paper,buy,limit,3,0,filled,20.608999999999998,,true,tp3,,,2022-05-06,2022-06-01T00:00:00,2026-07-19T15:28:02Z,2026-07-19T15:28:02Z
ord_5252ae896a11,intent_9a34b0854486,xagusd_fbo_1_1_3_atr80,xagusd_fbo_1_1_3_atr80_202205_02,XAGUSD,paper,buy,stop,5,5,cancelled,,22.851,false,entry,,,2022-05-12,2022-06-01T00:00:00,2026-07-19T15:28:02Z,2026-07-19T15:28:02Z
ord_5a1f3792c615,intent_710ef8881495,xagusd_fbo_1_1_3_atr80,xagusd_fbo_1_1_3_atr80_202206_01,XAGUSD,paper,sell,stop,5,0,filled,,21.419,false,entry,,,2022-06-06,2022-07-01T00:00:00,2026-07-19T15:28:02Z,2026-07-19T15:28:02Z
ord_f3fd95da63c7,intent_2f77217ed5b4,xagusd_fbo_1_1_3_atr80,xagusd_fbo_1_1_3_atr80_202206_01,XAGUSD,paper,buy,limit,1,0,filled,21.15375,,true,tp1,,,2022-06-10,2022-07-01T00:00:00,2026-07-19T15:28:02Z,2026-07-19T15:28:02Z
ord_e5cf066a9842,intent_8b824506fe9f,xagusd_fbo_1_1_3_atr80,xagusd_fbo_1_1_3_atr80_202206_01,XAGUSD,paper,buy,limit,1,1,cancelled,20.361,,true,tp2,,,2022-06-10,2022-07-01T00:00:00,2026-07-19T15:28:02Z,2026-07-19T15:28:02Z
ord_2a433f28f570,intent_65f0eafac618,xagusd_fbo_1_1_3_atr80,xagusd_fbo_1_1_3_atr80_202206_01,XAGUSD,paper,buy,limit,3,3,cancelled,19.304000000000002,,true,tp3,,,2022-06-10,2022-07-01T00:00:00,2026-07-19T15:28:02Z,2026-07-19T15:28:02Z
ord_78f14ac88d8d,intent_fdbb3f1e85bc,xagusd_fbo_1_1_3_atr80,xagusd_fbo_1_1_3_atr80_202206_01,XAGUSD,paper,buy,market_close,4,0,filled,,,true,close,,,2022-06-15,,2026-07-19T15:28:02Z,2026-07-19T15:28:02Z
ord_e98306cceb97,intent_b75af09550c7,xagusd_fbo_1_1_3_atr80,xagusd_fbo_1_1_3_atr80_202206_02,XAGUSD,paper,buy,stop,5,5,cancelled,,22.476,false,entry,,,2022-06-16,2022-07-01T00:00:00,2026-07-19T15:28:02Z,2026-07-19T15:28:02Z
ord_5f43a2b68c78,intent_d98cd326e7bc,xagusd_fbo_1_1_3_atr80,xagusd_fbo_1_1_3_atr80_202207_01,XAGUSD,paper,buy,stop,5,0,filled,,20.281,false,entry,,,2022-07-05,2022-08-01T00:00:00,2026-07-19T15:28:02Z,2026-07-19T15:28:02Z
ord_e6e9b77f5d49,intent_a11128c4c6a8,xagusd_fbo_1_1_3_atr80,xagusd_fbo_1_1_3_atr80_202207_01,XAGUSD,paper,sell,limit,1,1,cancelled,20.50975,,true,tp1,,,2022-07-29,2022-08-01T00:00:00,2026-07-19T15:28:02Z,2026-07-19T15:28:02Z
ord_bbe02bbcfe13,intent_213144aab746,xagusd_fbo_1_1_3_atr80,xagusd_fbo_1_1_3_atr80_202207_01,XAGUSD,paper,sell,limit,1,1,cancelled,21.192999999999998,,true,tp2,,,2022-07-29,2022-08-01T00:00:00,2026-07-19T15:28:02Z,2026-07-19T15:28:02Z
ord_7ce5b147bc4d,intent_3d783e0e2ffb,xagusd_fbo_1_1_3_atr80,xagusd_fbo_1_1_3_atr80_202207_01,XAGUSD,paper,sell,limit,3,3,cancelled,22.103999999999996,,true,tp3,,,2022-07-29,2022-08-01T00:00:00,2026-07-19T15:28:02Z,2026-07-19T15:28:02Z
ord_8321730c266b,intent_3724f5395759,xagusd_fbo_1_1_3_atr80,xagusd_fbo_1_1_3_atr80_202207_01,XAGUSD,paper,sell,market_close,5,0,filled,,,true,close,,,2022-07-31,,2026-07-19T15:28:02Z,2026-07-19T15:28:02Z
ord_e77378063e77,intent_1bd1170597cd,xagusd_fbo_1_1_3_atr80,xagusd_fbo_1_1_3_atr80_202208_01,XAGUSD,paper,buy,stop,5,0,filled,,20.501,false,entry,,,2022-08-05,2022-09-01T00:00:00,2026-07-19T15:28:02Z,2026-07-19T15:28:02Z
ord_797666e1d829,intent_e60e7d81d0ec,xagusd_fbo_1_1_3_atr80,xagusd_fbo_1_1_3_atr80_202208_01,XAGUSD,paper,sell,limit,1,0,filled,20.684500000000003,,true,tp1,,,2022-08-08,2022-09-01T00:00:00,2026-07-19T15:28:02Z,2026-07-19T15:28:02Z
ord_8c20a592ce73,intent_2e23c66e4736,xagusd_fbo_1_1_3_atr80,xagusd_fbo_1_1_3_atr80_202208_01,XAGUSD,paper,sell,limit,1,1,cancelled,21.232000000000003,,true,tp2,,,2022-08-08,2022-09-01T00:00:00,2026-07-19T15:28:02Z,2026-07-19T15:28:02Z
ord_380ef530f803,intent_e4e074618bed,xagusd_fbo_1_1_3_atr80,xagusd_fbo_1_1_3_atr80_202208_01,XAGUSD,paper,sell,limit,3,3,cancelled,21.962000000000003,,true,tp3,,,2022-08-08,2022-09-01T00:00:00,2026-07-19T15:28:02Z,2026-07-19T15:28:02Z
ord_234becb1c2db,intent_8dcdbece8718,xagusd_fbo_1_1_3_atr80,xagusd_fbo_1_1_3_atr80_202208_01,XAGUSD,paper,sell,market_close,4,0,filled,,,true,close,,,2022-08-09,,2026-07-19T15:28:02Z,2026-07-19T15:28:02Z
ord_3cbbe7238ac3,intent_9d8e828b6ebb,xagusd_fbo_1_1_3_atr80,xagusd_fbo_1_1_3_atr80_202208_02,XAGUSD,paper,sell,stop,5,0,filled,,19.771,false,entry,,,2022-08-10,2022-09-01T00:00:00,2026-07-19T15:28:02Z,2026-07-19T15:28:02Z
ord_58ea3bbe80a5,intent_bed0dac231e2,xagusd_fbo_1_1_3_atr80,xagusd_fbo_1_1_3_atr80_202208_02,XAGUSD,paper,buy,limit,1,0,filled,19.5875,,true,tp1,,,2022-08-17,2022-09-01T00:00:00,2026-07-19T15:28:02Z,2026-07-19T15:28:02Z
ord_a6c30b970439,intent_a6ef6d03b24c,xagusd_fbo_1_1_3_atr80,xagusd_fbo_1_1_3_atr80_202208_02,XAGUSD,paper,buy,limit,1,0,filled,19.04,,true,tp2,,,2022-08-17,2022-09-01T00:00:00,2026-07-19T15:28:02Z,2026-07-19T15:28:02Z
ord_723cf55f92fa,intent_080df984c13e,xagusd_fbo_1_1_3_atr80,xagusd_fbo_1_1_3_atr80_202208_02,XAGUSD,paper,buy,limit,3,0,filled,18.31,,true,tp3,,,2022-08-17,2022-09-01T00:00:00,2026-07-19T15:28:02Z,2026-07-19T15:28:02Z
ord_d92fbc14dc0b,intent_1ee9e64f3fa2,xagusd_fbo_1_1_3_atr80,xagusd_fbo_1_1_3_atr80_202209_01,XAGUSD,paper,sell,stop,5,5,cancelled,,17.543,false,entry,,,2022-09-06,2022-10-01T00:00:00,2026-07-19T15:28:02Z,2026-07-19T15:28:02Z
ord_95c275029a86,intent_cd8a4b97541e,xagusd_fbo_1_1_3_atr80,xagusd_fbo_1_1_3_atr80_202209_02,XAGUSD,paper,sell,stop,5,5,cancelled,,17.543,false,entry,,,2022-09-29,2022-10-01T00:00:00,2026-07-19T15:28:02Z,2026-07-19T15:28:02Z
ord_322bde6b20e5,intent_e715cb1d93ec,xagusd_fbo_1_1_3_atr80,xagusd_fbo_1_1_3_atr80_202210_01,XAGUSD,paper,buy,stop,5,5,cancelled,,21.233,false,entry,,,2022-10-24,2022-11-01T00:00:00,2026-07-19T15:28:02Z,2026-07-19T15:28:02Z
ord_c2f7696df839,intent_6edbb1802a19,xagusd_fbo_1_1_3_atr80,xagusd_fbo_1_1_3_atr80_202210_02,XAGUSD,paper,buy,stop,5,5,cancelled,,21.233,false,entry,,,2022-10-30,2022-11-01T00:00:00,2026-07-19T15:28:02Z,2026-07-19T15:28:02Z
ord_29306c17f43d,intent_c7ebfda851d6,xagusd_fbo_1_1_3_atr80,xagusd_fbo_1_1_3_atr80_202211_01,XAGUSD,paper,sell,stop,5,5,cancelled,,18.818,false,entry,,,2022-11-24,2022-12-01T00:00:00,2026-07-19T15:28:03Z,2026-07-19T15:28:03Z
ord_8d9f5d7d642e,intent_22e4ce8268ae,xagusd_fbo_1_1_3_atr80,xagusd_fbo_1_1_3_atr80_202212_01,XAGUSD,paper,sell,stop,5,0,filled,,22.028,false,entry,,,2022-12-05,2022-12-31T23:59:59,2026-07-19T15:28:03Z,2026-07-19T15:28:03Z
ord_628b4f045c6b,intent_687c7cbd0d6c,xagusd_fbo_1_1_3_atr80,xagusd_fbo_1_1_3_atr80_202212_01,XAGUSD,paper,buy,limit,1,1,cancelled,21.7185,,true,tp1,,,2022-12-06,2022-12-31T23:59:59,2026-07-19T15:28:03Z,2026-07-19T15:28:03Z
ord_abb5fb0c9f1f,intent_16f27f59446a,xagusd_fbo_1_1_3_atr80,xagusd_fbo_1_1_3_atr80_202212_01,XAGUSD,paper,buy,limit,1,1,cancelled,20.792999999999996,,true,tp2,,,2022-12-06,2022-12-31T23:59:59,2026-07-19T15:28:03Z,2026-07-19T15:28:03Z
ord_51107cb1a660,intent_1db6ed64f64e,xagusd_fbo_1_1_3_atr80,xagusd_fbo_1_1_3_atr80_202212_01,XAGUSD,paper,buy,limit,3,3,cancelled,19.558999999999994,,true,tp3,,,2022-12-06,2022-12-31T23:59:59,2026-07-19T15:28:03Z,2026-07-19T15:28:03Z
ord_230e34ca39d1,intent_9131273abf95,xagusd_fbo_1_1_3_atr80,xagusd_fbo_1_1_3_atr80_202212_01,XAGUSD,paper,buy,market_close,5,0,filled,,,true,close,,,2022-12-09,,2026-07-19T15:28:03Z,2026-07-19T15:28:03Z
ord_2a4bf562a77a,intent_4444c7cd689e,xagusd_fbo_1_1_3_atr80,xagusd_fbo_1_1_3_atr80_202212_02,XAGUSD,paper,sell,stop,5,5,cancelled,,22.028,false,entry,,,2022-12-26,2022-12-31T23:59:59,2026-07-19T15:28:03Z,2026-07-19T15:28:03Z
ord_eec69c86f007,intent_fac9dee9927a,xagusd_fbo_1_1_3_atr80,xagusd_fbo_1_1_3_atr80_202301_01,XAGUSD,paper,buy,stop,5,5,cancelled,,24.541,false,entry,,,2023-01-08,2023-02-01T00:00:00,2026-07-19T15:28:03Z,2026-07-19T15:28:03Z
ord_02789a2515ed,intent_cd99e3bc27d2,xagusd_fbo_1_1_3_atr80,xagusd_fbo_1_1_3_atr80_202301_02,XAGUSD,paper,buy,stop,5,5,cancelled,,24.541,false,entry,,,2023-01-15,2023-02-01T00:00:00,2026-07-19T15:28:03Z,2026-07-19T15:28:03Z
ord_1d8accf92d4a,intent_a0d1d538d5fb,xagusd_fbo_1_1_3_atr80,xagusd_fbo_1_1_3_atr80_202301_03,XAGUSD,paper,buy,stop,5,5,cancelled,,24.541,false,entry,,,2023-01-20,2023-02-01T00:00:00,2026-07-19T15:28:03Z,2026-07-19T15:28:03Z
ord_2baafb0a3d4a,intent_a6a7ae54632a,xagusd_fbo_1_1_3_atr80,xagusd_fbo_1_1_3_atr80_202301_04,XAGUSD,paper,buy,stop,5,5,cancelled,,24.541,false,entry,,,2023-01-29,2023-02-01T00:00:00,2026-07-19T15:28:03Z,2026-07-19T15:28:03Z
ord_80a2c1f3e849,intent_0bc191e2ffb3,xagusd_fbo_1_1_3_atr80,xagusd_fbo_1_1_3_atr80_202302_01,XAGUSD,paper,buy,stop,5,5,cancelled,,24.627,false,entry,,,2023-02-08,2023-03-01T00:00:00,2026-07-19T15:28:03Z,2026-07-19T15:28:03Z
ord_f54dd9571b16,intent_ec121d263b21,xagusd_fbo_1_1_3_atr80,xagusd_fbo_1_1_3_atr80_202303_01,XAGUSD,paper,sell,stop,5,0,filled,,20.661,false,entry,,,2023-03-06,2023-04-01T00:00:00,2026-07-19T15:28:03Z,2026-07-19T15:28:03Z
ord_f70dcfa97bc0,intent_97dd8eaf2572,xagusd_fbo_1_1_3_atr80,xagusd_fbo_1_1_3_atr80_202303_01,XAGUSD,paper,buy,limit,1,0,filled,20.50975,,true,tp1,,,2023-03-07,2023-04-01T00:00:00,2026-07-19T15:28:03Z,2026-07-19T15:28:03Z
ord_592746bbb479,intent_03c12760c06d,xagusd_fbo_1_1_3_atr80,xagusd_fbo_1_1_3_atr80_202303_01,XAGUSD,paper,buy,limit,1,0,filled,20.059,,true,tp2,,,2023-03-07,2023-04-01T00:00:00,2026-07-19T15:28:03Z,2026-07-19T15:28:03Z
ord_4fbf682960ec,intent_5b6d2ccec241,xagusd_fbo_1_1_3_atr80,xagusd_fbo_1_1_3_atr80_202303_01,XAGUSD,paper,buy,limit,3,3,cancelled,19.458000000000002,,true,tp3,,,2023-03-07,2023-04-01T00:00:00,2026-07-19T15:28:03Z,2026-07-19T15:28:03Z
ord_d387b097aef2,intent_216d7205a462,xagusd_fbo_1_1_3_atr80,xagusd_fbo_1_1_3_atr80_202303_01,XAGUSD,paper,buy,market_close,3,0,filled,,,true,close,,,2023-03-13,,2026-07-19T15:28:03Z,2026-07-19T15:28:03Z
ord_12994fdf2cf0,intent_3a9a0d5e95bb,xagusd_fbo_1_1_3_atr80,xagusd_fbo_1_1_3_atr80_202303_02,XAGUSD,paper,sell,stop,5,5,cancelled,,20.661,false,entry,,,2023-03-14,2023-04-01T00:00:00,2026-07-19T15:28:03Z,2026-07-19T15:28:03Z
ord_b961d0f9e751,intent_e44116b489f2,xagusd_fbo_1_1_3_atr80,xagusd_fbo_1_1_3_atr80_202303_03,XAGUSD,paper,sell,stop,5,5,cancelled,,20.661,false,entry,,,2023-03-27,2023-04-01T00:00:00,2026-07-19T15:28:03Z,2026-07-19T15:28:03Z
ord_7478fcf71c02,intent_b6a1de4725be,xagusd_fbo_1_1_3_atr80,xagusd_fbo_1_1_3_atr80_202304_01,XAGUSD,paper,sell,stop,5,5,cancelled,,23.551,false,entry,,,2023-04-05,2023-05-01T00:00:00,2026-07-19T15:28:03Z,2026-07-19T15:28:03Z
ord_c84741c4b1c5,intent_317dd4ba24c5,xagusd_fbo_1_1_3_atr80,xagusd_fbo_1_1_3_atr80_202305_01,XAGUSD,paper,sell,stop,5,0,filled,,24.56,false,entry,,,2023-05-04,2023-06-01T00:00:00,2026-07-19T15:28:03Z,2026-07-19T15:28:03Z
ord_d8ae8c223c1c,intent_cf9a0c6cf63a,xagusd_fbo_1_1_3_atr80,xagusd_fbo_1_1_3_atr80_202305_01,XAGUSD,paper,buy,limit,1,0,filled,24.223499999999998,,true,tp1,,,2023-05-11,2023-06-01T00:00:00,2026-07-19T15:28:03Z,2026-07-19T15:28:03Z
ord_1c7747d4e88a,intent_5de05473bb7a,xagusd_fbo_1_1_3_atr80,xagusd_fbo_1_1_3_atr80_202305_01,XAGUSD,paper,buy,limit,1,0,filled,23.216999999999995,,true,tp2,,,2023-05-11,2023-06-01T00:00:00,2026-07-19T15:28:03Z,2026-07-19T15:28:03Z
ord_2250c3b06ef5,intent_58e97410e02c,xagusd_fbo_1_1_3_atr80,xagusd_fbo_1_1_3_atr80_202305_01,XAGUSD,paper,buy,limit,3,3,cancelled,21.874999999999993,,true,tp3,,,2023-05-11,2023-06-01T00:00:00,2026-07-19T15:28:03Z,2026-07-19T15:28:03Z
ord_0900d6fe885c,intent_6d6c628653c7,xagusd_fbo_1_1_3_atr80,xagusd_fbo_1_1_3_atr80_202305_01,XAGUSD,paper,buy,market_close,3,0,filled,,,true,close,,,2023-05-31,,2026-07-19T15:28:03Z,2026-07-19T15:28:03Z
ord_5a31a34daca7,intent_da2c844a69ba,xagusd_fbo_1_1_3_atr80,xagusd_fbo_1_1_3_atr80_202306_01,XAGUSD,paper,sell,stop,5,0,filled,,23.228,false,entry,,,2023-06-07,2023-07-01T00:00:00,2026-07-19T15:28:03Z,2026-07-19T15:28:03Z
ord_a1c8e685f2e2,intent_3c02c577d687,xagusd_fbo_1_1_3_atr80,xagusd_fbo_1_1_3_atr80_202306_01,XAGUSD,paper,buy,limit,1,1,cancelled,23.031,,true,tp1,,,2023-06-15,2023-07-01T00:00:00,2026-07-19T15:28:03Z,2026-07-19T15:28:03Z
ord_d79bddc25303,intent_d4ff90d939e5,xagusd_fbo_1_1_3_atr80,xagusd_fbo_1_1_3_atr80_202306_01,XAGUSD,paper,buy,limit,1,1,cancelled,22.443,,true,tp2,,,2023-06-15,2023-07-01T00:00:00,2026-07-19T15:28:03Z,2026-07-19T15:28:03Z
ord_ab7a82432067,intent_d6c74e87d8b8,xagusd_fbo_1_1_3_atr80,xagusd_fbo_1_1_3_atr80_202306_01,XAGUSD,paper,buy,limit,3,3,cancelled,21.659000000000002,,true,tp3,,,2023-06-15,2023-07-01T00:00:00,2026-07-19T15:28:03Z,2026-07-19T15:28:03Z
ord_4fe169ca578e,intent_f922db4aeaf9,xagusd_fbo_1_1_3_atr80,xagusd_fbo_1_1_3_atr80_202306_01,XAGUSD,paper,buy,market_close,5,0,filled,,,true,close,,,2023-06-16,,2026-07-19T15:28:03Z,2026-07-19T15:28:03Z
ord_e7203f73e634,intent_4db12f38675f,xagusd_fbo_1_1_3_atr80,xagusd_fbo_1_1_3_atr80_202306_02,XAGUSD,paper,sell,stop,5,0,filled,,23.228,false,entry,,,2023-06-18,2023-07-01T00:00:00,2026-07-19T15:28:03Z,2026-07-19T15:28:03Z
ord_07b35743eb5f,intent_dadf1ba6ef92,xagusd_fbo_1_1_3_atr80,xagusd_fbo_1_1_3_atr80_202306_02,XAGUSD,paper,buy,limit,1,0,filled,23.031,,true,tp1,,,2023-06-20,2023-07-01T00:00:00,2026-07-19T15:28:03Z,2026-07-19T15:28:03Z
ord_6eba4a63691a,intent_50ccec15cc04,xagusd_fbo_1_1_3_atr80,xagusd_fbo_1_1_3_atr80_202306_02,XAGUSD,paper,buy,limit,1,0,filled,22.443,,true,tp2,,,2023-06-20,2023-07-01T00:00:00,2026-07-19T15:28:03Z,2026-07-19T15:28:03Z
ord_99befe64e09c,intent_d36f0ef17df7,xagusd_fbo_1_1_3_atr80,xagusd_fbo_1_1_3_atr80_202306_02,XAGUSD,paper,buy,limit,3,3,cancelled,21.659000000000002,,true,tp3,,,2023-06-20,2023-07-01T00:00:00,2026-07-19T15:28:03Z,2026-07-19T15:28:03Z
ord_b16c161f5b87,intent_c21b49e4a91f,xagusd_fbo_1_1_3_atr80,xagusd_fbo_1_1_3_atr80_202306_02,XAGUSD,paper,buy,market_close,3,0,filled,,,true,close,,,2023-06-30,,2026-07-19T15:28:03Z,2026-07-19T15:28:03Z
ord_507775c53c5f,intent_29de00555da3,xagusd_fbo_1_1_3_atr80,xagusd_fbo_1_1_3_atr80_202307_01,XAGUSD,paper,sell,stop,5,0,filled,,22.687,false,entry,,,2023-07-05,2023-08-01T00:00:00,2026-07-19T15:28:03Z,2026-07-19T15:28:03Z
ord_a75561beb449,intent_47c0dd84d416,xagusd_fbo_1_1_3_atr80,xagusd_fbo_1_1_3_atr80_202307_01,XAGUSD,paper,buy,limit,1,0,filled,22.59175,,true,tp1,,,2023-07-06,2023-08-01T00:00:00,2026-07-19T15:28:03Z,2026-07-19T15:28:03Z
ord_6a64578630c8,intent_26c17cc8ceb1,xagusd_fbo_1_1_3_atr80,xagusd_fbo_1_1_3_atr80_202307_01,XAGUSD,paper,buy,limit,1,1,cancelled,22.309,,true,tp2,,,2023-07-06,2023-08-01T00:00:00,2026-07-19T15:28:03Z,2026-07-19T15:28:03Z
ord_a489f227150e,intent_a8d9ceb7eaed,xagusd_fbo_1_1_3_atr80,xagusd_fbo_1_1_3_atr80_202307_01,XAGUSD,paper,buy,limit,3,3,cancelled,21.932000000000002,,true,tp3,,,2023-07-06,2023-08-01T00:00:00,2026-07-19T15:28:03Z,2026-07-19T15:28:03Z
ord_cb818cb52f93,intent_2b9a23c402b9,xagusd_fbo_1_1_3_atr80,xagusd_fbo_1_1_3_atr80_202307_01,XAGUSD,paper,buy,market_close,4,0,filled,,,true,close,,,2023-07-07,,2026-07-19T15:28:03Z,2026-07-19T15:28:03Z
ord_61f3ee83f17b,intent_ebccfa8cd460,xagusd_fbo_1_1_3_atr80,xagusd_fbo_1_1_3_atr80_202307_02,XAGUSD,paper,sell,stop,5,5,cancelled,,22.687,false,entry,,,2023-07-09,2023-08-01T00:00:00,2026-07-19T15:28:03Z,2026-07-19T15:28:03Z
ord_ea8ceb035328,intent_a392442938b1,xagusd_fbo_1_1_3_atr80,xagusd_fbo_1_1_3_atr80_202308_01,XAGUSD,paper,buy,stop,5,0,filled,,24.749,false,entry,,,2023-08-04,2023-09-01T00:00:00,2026-07-19T15:28:03Z,2026-07-19T15:28:03Z
ord_7cb5c21bf03c,intent_5bb14eb96ae1,xagusd_fbo_1_1_3_atr80,xagusd_fbo_1_1_3_atr80_202308_01,XAGUSD,paper,sell,limit,1,1,cancelled,25.092,,true,tp1,,,2023-08-29,2023-09-01T00:00:00,2026-07-19T15:28:03Z,2026-07-19T15:28:03Z
ord_baf4712819aa,intent_b7b42594a1a4,xagusd_fbo_1_1_3_atr80,xagusd_fbo_1_1_3_atr80_202308_01,XAGUSD,paper,sell,limit,1,1,cancelled,26.118,,true,tp2,,,2023-08-29,2023-09-01T00:00:00,2026-07-19T15:28:03Z,2026-07-19T15:28:03Z
ord_a582c6af8441,intent_93af1b5ab790,xagusd_fbo_1_1_3_atr80,xagusd_fbo_1_1_3_atr80_202308_01,XAGUSD,paper,sell,limit,3,3,cancelled,27.485999999999997,,true,tp3,,,2023-08-29,2023-09-01T00:00:00,2026-07-19T15:28:03Z,2026-07-19T15:28:03Z
ord_4497364c6ea3,intent_90a03e82c08f,xagusd_fbo_1_1_3_atr80,xagusd_fbo_1_1_3_atr80_202308_01,XAGUSD,paper,sell,market_close,5,0,filled,,,true,close,,,2023-08-31,,2026-07-19T15:28:03Z,2026-07-19T15:28:03Z
ord_5324bb3f4881,intent_7bf39fe248ac,xagusd_fbo_1_1_3_atr80,xagusd_fbo_1_1_3_atr80_202309_01,XAGUSD,paper,buy,stop,5,5,cancelled,,24.816,false,entry,,,2023-09-05,2023-10-01T00:00:00,2026-07-19T15:28:03Z,2026-07-19T15:28:04Z
ord_69a2a952437e,intent_72708634c6b7,xagusd_fbo_1_1_3_atr80,xagusd_fbo_1_1_3_atr80_202310_01,XAGUSD,paper,sell,stop,5,5,cancelled,,20.652,false,entry,,,2023-10-16,2023-11-01T00:00:00,2026-07-19T15:28:04Z,2026-07-19T15:28:04Z
ord_37d289daa212,intent_dab9d951a40e,xagusd_fbo_1_1_3_atr80,xagusd_fbo_1_1_3_atr80_202311_01,XAGUSD,paper,buy,stop,5,0,filled,,23.296,false,entry,,,2023-11-07,2023-12-01T00:00:00,2026-07-19T15:28:04Z,2026-07-19T15:28:04Z
ord_45dee952e8f5,intent_9dc4dbec672c,xagusd_fbo_1_1_3_atr80,xagusd_fbo_1_1_3_atr80_202311_01,XAGUSD,paper,sell,limit,1,0,filled,23.48925,,true,tp1,,,2023-11-15,2023-12-01T00:00:00,2026-07-19T15:28:04Z,2026-07-19T15:28:04Z
ord_bb2a8e3a7926,intent_6eecafcabb82,xagusd_fbo_1_1_3_atr80,xagusd_fbo_1_1_3_atr80_202311_01,XAGUSD,paper,sell,limit,1,0,filled,24.066,,true,tp2,,,2023-11-15,2023-12-01T00:00:00,2026-07-19T15:28:04Z,2026-07-19T15:28:04Z
ord_41f36e7dce2c,intent_cffff952878d,xagusd_fbo_1_1_3_atr80,xagusd_fbo_1_1_3_atr80_202311_01,XAGUSD,paper,sell,limit,3,0,filled,24.834999999999997,,true,tp3,,,2023-11-15,2023-12-01T00:00:00,2026-07-19T15:28:04Z,2026-07-19T15:28:04Z
ord_b10e4ea2cd6e,intent_da6d37668963,xagusd_fbo_1_1_3_atr80,xagusd_fbo_1_1_3_atr80_202311_02,XAGUSD,paper,sell,stop,5,5,cancelled,,22.527,false,entry,,,2023-11-27,2023-12-01T00:00:00,2026-07-19T15:28:04Z,2026-07-19T15:28:04Z
ord_7aac3709b605,intent_3cc2749133cb,xagusd_fbo_1_1_3_atr80,xagusd_fbo_1_1_3_atr80_202312_01,XAGUSD,paper,buy,stop,5,5,cancelled,,25.912,false,entry,,,2023-12-05,2023-12-31T23:59:59,2026-07-19T15:28:04Z,2026-07-19T15:28:04Z
ord_b217315fd64b,intent_8a1c37189cb3,xagusd_fbo_1_1_3_atr80,xagusd_fbo_1_1_3_atr80_202312_02,XAGUSD,paper,buy,stop,5,5,cancelled,,25.912,false,entry,,,2023-12-14,2023-12-31T23:59:59,2026-07-19T15:28:04Z,2026-07-19T15:28:04Z
ord_2885f157895b,intent_97e6bbdaca8f,xagusd_fbo_1_1_3_atr80,xagusd_fbo_1_1_3_atr80_202312_03,XAGUSD,paper,buy,stop,5,5,cancelled,,25.912,false,entry,,,2023-12-17,2023-12-31T23:59:59,2026-07-19T15:28:04Z,2026-07-19T15:28:04Z
ord_3784556e01d8,intent_ae3977ecebf7,xagusd_fbo_1_1_3_atr80,xagusd_fbo_1_1_3_atr80_202401_01,XAGUSD,paper,buy,stop,5,5,cancelled,,24.086,false,entry,,,2024-01-04,2024-02-01T00:00:00,2026-07-19T15:28:04Z,2026-07-19T15:28:04Z
ord_06776f7c2f72,intent_4f54f79af237,xagusd_fbo_1_1_3_atr80,xagusd_fbo_1_1_3_atr80_202402_01,XAGUSD,paper,buy,stop,5,0,filled,,23.247,false,entry,,,2024-02-05,2024-03-01T00:00:00,2026-07-19T15:28:04Z,2026-07-19T15:28:04Z
ord_ab6191b9df34,intent_84ceb7705edb,xagusd_fbo_1_1_3_atr80,xagusd_fbo_1_1_3_atr80_202402_01,XAGUSD,paper,sell,limit,1,1,cancelled,23.46275,,true,tp1,,,2024-02-16,2024-03-01T00:00:00,2026-07-19T15:28:04Z,2026-07-19T15:28:04Z
ord_ca152d85a470,intent_58fbd7d38fb4,xagusd_fbo_1_1_3_atr80,xagusd_fbo_1_1_3_atr80_202402_01,XAGUSD,paper,sell,limit,1,1,cancelled,24.107,,true,tp2,,,2024-02-16,2024-03-01T00:00:00,2026-07-19T15:28:04Z,2026-07-19T15:28:04Z
ord_38bf4a506d47,intent_d5845f2ed87e,xagusd_fbo_1_1_3_atr80,xagusd_fbo_1_1_3_atr80_202402_01,XAGUSD,paper,sell,limit,3,3,cancelled,24.965999999999998,,true,tp3,,,2024-02-16,2024-03-01T00:00:00,2026-07-19T15:28:04Z,2026-07-19T15:28:04Z
ord_41d764df25a1,intent_3bbac56a38fc,xagusd_fbo_1_1_3_atr80,xagusd_fbo_1_1_3_atr80_202402_01,XAGUSD,paper,sell,market_close,5,0,filled,,,true,close,,,2024-02-29,,2026-07-19T15:28:04Z,2026-07-19T15:28:04Z
ord_fdb83d6b34c6,intent_ef7c81852b7a,xagusd_fbo_1_1_3_atr80,xagusd_fbo_1_1_3_atr80_202403_01,XAGUSD,paper,sell,stop,5,5,cancelled,,22.494,false,entry,,,2024-03-05,2024-04-01T00:00:00,2026-07-19T15:28:04Z,2026-07-19T15:28:04Z
ord_e45dabe2e150,intent_d3c39887d57c,xagusd_fbo_1_1_3_atr80,xagusd_fbo_1_1_3_atr80_202405_01,XAGUSD,paper,sell,stop,5,5,cancelled,,26.003,false,entry,,,2024-05-08,2024-06-01T00:00:00,2026-07-19T15:28:04Z,2026-07-19T15:28:04Z
ord_021c6bdc6192,intent_b6584eced02e,xagusd_fbo_1_1_3_atr80,xagusd_fbo_1_1_3_atr80_202405_02,XAGUSD,paper,sell,stop,5,5,cancelled,,26.003,false,entry,,,2024-05-12,2024-06-01T00:00:00,2026-07-19T15:28:04Z,2026-07-19T15:28:04Z
ord_f0f632a97a73,intent_799a96f35186,xagusd_fbo_1_1_3_atr80,xagusd_fbo_1_1_3_atr80_202408_01,XAGUSD,paper,buy,stop,5,0,filled,,29.218,false,entry,,,2024-08-25,2024-09-01T00:00:00,2026-07-19T15:28:05Z,2026-07-19T15:28:05Z
ord_5281649d41fb,intent_2e1e372ccdf7,xagusd_fbo_1_1_3_atr80,xagusd_fbo_1_1_3_atr80_202408_01,XAGUSD,paper,sell,limit,1,1,cancelled,30.22325,,true,tp1,,,2024-08-26,2024-09-01T00:00:00,2026-07-19T15:28:05Z,2026-07-19T15:28:05Z
ord_4fe09ae099e0,intent_37d72ab52cfa,xagusd_fbo_1_1_3_atr80,xagusd_fbo_1_1_3_atr80_202408_01,XAGUSD,paper,sell,limit,1,1,cancelled,31.187,,true,tp2,,,2024-08-26,2024-09-01T00:00:00,2026-07-19T15:28:05Z,2026-07-19T15:28:05Z
ord_2a505bb09be0,intent_868fc4a6726e,xagusd_fbo_1_1_3_atr80,xagusd_fbo_1_1_3_atr80_202408_01,XAGUSD,paper,sell,limit,3,3,cancelled,32.472,,true,tp3,,,2024-08-26,2024-09-01T00:00:00,2026-07-19T15:28:05Z,2026-07-19T15:28:05Z
ord_4075f45f8414,intent_f93cd1ce73bb,xagusd_fbo_1_1_3_atr80,xagusd_fbo_1_1_3_atr80_202408_01,XAGUSD,paper,sell,market_close,5,0,filled,,,true,close,,,2024-08-30,,2026-07-19T15:28:05Z,2026-07-19T15:28:05Z
ord_be1ff2a8d15b,intent_64adacc4719c,xagusd_fbo_1_1_3_atr80,xagusd_fbo_1_1_3_atr80_202409_01,XAGUSD,paper,sell,stop,5,0,filled,,27.697,false,entry,,,2024-09-05,2024-10-01T00:00:00,2026-07-19T15:28:05Z,2026-07-19T15:28:05Z
ord_086aac3e214b,intent_55a4bd79def5,xagusd_fbo_1_1_3_atr80,xagusd_fbo_1_1_3_atr80_202409_01,XAGUSD,paper,buy,limit,1,1,cancelled,27.379499999999997,,true,tp1,,,2024-09-06,2024-10-01T00:00:00,2026-07-19T15:28:05Z,2026-07-19T15:28:05Z
ord_0ecf22203f61,intent_9e5cff5b35d0,xagusd_fbo_1_1_3_atr80,xagusd_fbo_1_1_3_atr80_202409_01,XAGUSD,paper,buy,limit,1,1,cancelled,26.429999999999996,,true,tp2,,,2024-09-06,2024-10-01T00:00:00,2026-07-19T15:28:05Z,2026-07-19T15:28:05Z
ord_3eec77bac9e8,intent_f5e6cd102270,xagusd_fbo_1_1_3_atr80,xagusd_fbo_1_1_3_atr80_202409_01,XAGUSD,paper,buy,limit,3,3,cancelled,25.163999999999994,,true,tp3,,,2024-09-06,2024-10-01T00:00:00,2026-07-19T15:28:05Z,2026-07-19T15:28:05Z
ord_f22f3acc3747,intent_38de853536f7,xagusd_fbo_1_1_3_atr80,xagusd_fbo_1_1_3_atr80_202409_01,XAGUSD,paper,buy,market_close,5,0,filled,,,true,close,,,2024-09-12,,2026-07-19T15:28:05Z,2026-07-19T15:28:05Z
ord_74284e7b054e,intent_68d987249cc1,xagusd_fbo_1_1_3_atr80,xagusd_fbo_1_1_3_atr80_202411_01,XAGUSD,paper,buy,stop,5,5,cancelled,,33.114,false,entry,,,2024-11-17,2024-12-01T00:00:00,2026-07-19T15:28:05Z,2026-07-19T15:28:05Z
ord_6399dfdbf4bf,intent_73ab6877ffc2,xagusd_fbo_1_1_3_atr80,xagusd_fbo_1_1_3_atr80_202412_01,XAGUSD,paper,sell,stop,5,0,filled,,30.042,false,entry,,,2024-12-04,2024-12-31T23:59:59,2026-07-19T15:28:05Z,2026-07-19T15:28:05Z
ord_93ffe8e8ce75,intent_9fbddb62f0ae,xagusd_fbo_1_1_3_atr80,xagusd_fbo_1_1_3_atr80_202412_01,XAGUSD,paper,buy,limit,1,0,filled,29.781,,true,tp1,,,2024-12-18,2024-12-31T23:59:59,2026-07-19T15:28:05Z,2026-07-19T15:28:05Z
ord_b13dc0db1e04,intent_a8c709858cf8,xagusd_fbo_1_1_3_atr80,xagusd_fbo_1_1_3_atr80_202412_01,XAGUSD,paper,buy,limit,1,0,filled,29.001,,true,tp2,,,2024-12-18,2024-12-31T23:59:59,2026-07-19T15:28:05Z,2026-07-19T15:28:05Z
ord_daf2c4cb87e4,intent_007bc6408828,xagusd_fbo_1_1_3_atr80,xagusd_fbo_1_1_3_atr80_202412_01,XAGUSD,paper,buy,limit,3,3,cancelled,27.961000000000002,,true,tp3,,,2024-12-18,2024-12-31T23:59:59,2026-07-19T15:28:05Z,2026-07-19T15:28:05Z
ord_713321fd1b14,intent_d9f99c6ea0b2,xagusd_fbo_1_1_3_atr80,xagusd_fbo_1_1_3_atr80_202412_01,XAGUSD,paper,buy,market_close,3,0,filled,,,true,close,,,2024-12-31,,2026-07-19T15:28:05Z,2026-07-19T15:28:05Z
ord_319f8c0885c8,intent_064ee8a02be6,xagusd_fbo_1_1_3_atr80,xagusd_fbo_1_1_3_atr80_202501_01,XAGUSD,paper,sell,stop,5,5,cancelled,,28.86,false,entry,,,2025-01-06,2025-02-01T00:00:00,2026-07-19T15:28:05Z,2026-07-19T15:28:05Z
ord_3f7bb0f7aca8,intent_1df0afcb1f19,xagusd_fbo_1_1_3_atr80,xagusd_fbo_1_1_3_atr80_202502_01,XAGUSD,paper,sell,stop,5,5,cancelled,,30.438,false,entry,,,2025-02-05,2025-03-01T00:00:00,2026-07-19T15:28:05Z,2026-07-19T15:28:05Z
ord_8261cc85d546,intent_19a82c92ac7b,xagusd_fbo_1_1_3_atr80,xagusd_fbo_1_1_3_atr80_202503_01,XAGUSD,paper,sell,stop,5,5,cancelled,,31.084,false,entry,,,2025-03-05,2025-04-01T00:00:00,2026-07-19T15:28:05Z,2026-07-19T15:28:05Z
ord_4b5edcd293ac,intent_d753cfa3874e,xagusd_fbo_1_1_3_atr80,xagusd_fbo_1_1_3_atr80_202504_01,XAGUSD,paper,buy,stop,5,5,cancelled,,34.2,false,entry,,,2025-04-24,2025-05-01T00:00:00,2026-07-19T15:28:06Z,2026-07-19T15:28:06Z
ord_d824b8beb0f3,intent_37d2dfe6e8d4,xagusd_fbo_1_1_3_atr80,xagusd_fbo_1_1_3_atr80_202505_01,XAGUSD,paper,sell,stop,5,0,filled,,31.656,false,entry,,,2025-05-06,2025-06-01T00:00:00,2026-07-19T15:28:06Z,2026-07-19T15:28:06Z
ord_34d89dff0101,intent_f99638996b50,xagusd_fbo_1_1_3_atr80,xagusd_fbo_1_1_3_atr80_202505_01,XAGUSD,paper,buy,limit,1,1,cancelled,31.393249999999995,,true,tp1,,,2025-05-15,2025-06-01T00:00:00,2026-07-19T15:28:06Z,2026-07-19T15:28:06Z
ord_946f24c2cfce,intent_3cb2bd5d1c8b,xagusd_fbo_1_1_3_atr80,xagusd_fbo_1_1_3_atr80_202505_01,XAGUSD,paper,buy,limit,1,1,cancelled,30.607999999999993,,true,tp2,,,2025-05-15,2025-06-01T00:00:00,2026-07-19T15:28:06Z,2026-07-19T15:28:06Z
ord_a3a8e311ea99,intent_835b445981df,xagusd_fbo_1_1_3_atr80,xagusd_fbo_1_1_3_atr80_202505_01,XAGUSD,paper,buy,limit,3,3,cancelled,29.56099999999999,,true,tp3,,,2025-05-15,2025-06-01T00:00:00,2026-07-19T15:28:06Z,2026-07-19T15:28:06Z
ord_bb8c77a86ca6,intent_c5a1ab2b63e8,xagusd_fbo_1_1_3_atr80,xagusd_fbo_1_1_3_atr80_202505_01,XAGUSD,paper,buy,market_close,5,0,filled,,,true,close,,,2025-05-20,,2026-07-19T15:28:06Z,2026-07-19T15:28:06Z
ord_5c9f25f7050a,intent_389fafc2b8ee,xagusd_fbo_1_1_3_atr80,xagusd_fbo_1_1_3_atr80_202505_02,XAGUSD,paper,sell,stop,5,5,cancelled,,31.656,false,entry,,,2025-05-21,2025-06-01T00:00:00,2026-07-19T15:28:06Z,2026-07-19T15:28:06Z
ord_d304e009887b,intent_a75b4ac89cde,xagusd_fbo_1_1_3_atr80,xagusd_fbo_1_1_3_atr80_202506_01,XAGUSD,paper,sell,stop,5,5,cancelled,,32.939,false,entry,,,2025-06-05,2025-07-01T00:00:00,2026-07-19T15:28:06Z,2026-07-19T15:28:06Z
ord_c4265b1142aa,intent_73b4ec270a98,xagusd_fbo_1_1_3_atr80,xagusd_fbo_1_1_3_atr80_202507_01,XAGUSD,paper,sell,stop,5,5,cancelled,,35.787,false,entry,,,2025-07-06,2025-08-01T00:00:00,2026-07-19T15:28:06Z,2026-07-19T15:28:06Z
ord_8f2eff0e4ee4,intent_b23311127e3d,xagusd_fbo_1_1_3_atr80,xagusd_fbo_1_1_3_atr80_202508_01,XAGUSD,paper,sell,stop,5,5,cancelled,,36.342,false,entry,,,2025-08-05,2025-09-01T00:00:00,2026-07-19T15:28:06Z,2026-07-19T15:28:06Z
ord_428c9ce350fc,intent_9e831df1cc72,xagusd_fbo_1_1_3_atr80,xagusd_fbo_1_1_3_atr80_202509_01,XAGUSD,paper,sell,stop,5,5,cancelled,,39.741,false,entry,,,2025-09-08,2025-10-01T00:00:00,2026-07-19T15:28:06Z,2026-07-19T15:28:06Z
