ts,realized_points,open_units,close_equity_points,intrabar_stress_points,peak_close_points,close_dd_usd,intrabar_dd_usd
2019-05-05,0.000000,0,0.000000,0.000000,0.000000,0.00,0.00
2019-05-06,0.000000,0,0.000000,0.000000,0.000000,0.00,0.00
2019-05-07,0.000000,0,0.000000,0.000000,0.000000,0.00,0.00
2019-05-08,0.000000,0,0.000000,0.000000,0.000000,0.00,0.00
2019-05-09,0.000000,0,0.000000,0.000000,0.000000,0.00,0.00
2019-05-10,0.000000,0,0.000000,0.000000,0.000000,0.00,0.00
2019-05-12,0.000000,0,0.000000,0.000000,0.000000,0.00,0.00
2019-05-13,0.000000,0,0.000000,0.000000,0.000000,0.00,0.00
2019-05-14,0.000000,0,0.000000,0.000000,0.000000,0.00,0.00
2019-05-15,0.000000,0,0.000000,0.000000,0.000000,0.00,0.00
2019-05-16,0.000000,0,0.000000,0.000000,0.000000,0.00,0.00
2019-05-17,0.000000,0,0.000000,0.000000,0.000000,0.00,0.00
2019-05-19,0.000000,0,0.000000,0.000000,0.000000,0.00,0.00
2019-05-20,0.000000,0,0.000000,0.000000,0.000000,0.00,0.00
2019-05-21,0.000000,0,0.000000,0.000000,0.000000,0.00,0.00
2019-05-22,0.000000,0,0.000000,0.000000,0.000000,0.00,0.00
2019-05-23,0.000000,0,0.000000,0.000000,0.000000,0.00,0.00
2019-05-24,0.000000,0,0.000000,0.000000,0.000000,0.00,0.00
2019-05-26,0.000000,0,0.000000,0.000000,0.000000,0.00,0.00
2019-05-27,0.000000,0,0.000000,0.000000,0.000000,0.00,0.00
2019-05-28,0.000000,0,0.000000,0.000000,0.000000,0.00,0.00
2019-05-29,0.000000,0,0.000000,0.000000,0.000000,0.00,0.00
2019-05-30,0.000000,0,0.000000,0.000000,0.000000,0.00,0.00
2019-05-31,0.000000,0,0.000000,0.000000,0.000000,0.00,0.00
2019-06-02,0.000000,0,0.000000,0.000000,0.000000,0.00,0.00
2019-06-03,0.000000,0,0.000000,0.000000,0.000000,0.00,0.00
2019-06-04,0.000000,0,0.000000,0.000000,0.000000,0.00,0.00
2019-06-05,0.000000,0,0.000000,0.000000,0.000000,0.00,0.00
2019-06-06,0.000000,0,0.000000,0.000000,0.000000,0.00,0.00
2019-06-07,0.000000,0,0.000000,0.000000,0.000000,0.00,0.00
2019-06-09,0.000000,0,0.000000,0.000000,0.000000,0.00,0.00
2019-06-10,0.000000,0,0.000000,0.000000,0.000000,0.00,0.00
2019-06-11,0.000000,0,0.000000,0.000000,0.000000,0.00,0.00
2019-06-12,0.000000,0,0.000000,0.000000,0.000000,0.00,0.00
2019-06-13,0.000000,0,0.000000,0.000000,0.000000,0.00,0.00
2019-06-14,0.000000,0,0.000000,0.000000,0.000000,0.00,0.00
2019-06-16,0.000000,0,0.000000,0.000000,0.000000,0.00,0.00
2019-06-17,0.000000,0,0.000000,0.000000,0.000000,0.00,0.00
2019-06-18,0.000000,0,0.000000,0.000000,0.000000,0.00,0.00
2019-06-19,0.000000,0,0.000000,0.000000,0.000000,0.00,0.00
2019-06-20,0.000000,0,0.000000,0.000000,0.000000,0.00,0.00
2019-06-21,0.000000,0,0.000000,0.000000,0.000000,0.00,0.00
2019-06-23,0.000000,0,0.000000,0.000000,0.000000,0.00,0.00
2019-06-24,0.000000,0,0.000000,0.000000,0.000000,0.00,0.00
2019-06-25,0.000000,0,0.000000,0.000000,0.000000,0.00,0.00
2019-06-26,0.000000,0,0.000000,0.000000,0.000000,0.00,0.00
2019-06-27,0.000000,0,0.000000,0.000000,0.000000,0.00,0.00
2019-06-28,0.000000,0,0.000000,0.000000,0.000000,0.00,0.00
2019-06-30,0.000000,0,0.000000,0.000000,0.000000,0.00,0.00
2019-07-01,0.000000,0,0.000000,0.000000,0.000000,0.00,0.00
2019-07-02,0.000000,0,0.000000,0.000000,0.000000,0.00,0.00
2019-07-03,0.000000,0,0.000000,0.000000,0.000000,0.00,0.00
2019-07-04,0.000000,0,0.000000,0.000000,0.000000,0.00,0.00
2019-07-05,0.000000,0,0.000000,0.000000,0.000000,0.00,0.00
2019-07-07,0.000000,0,0.000000,0.000000,0.000000,0.00,0.00
2019-07-08,0.000000,0,0.000000,0.000000,0.000000,0.00,0.00
2019-07-09,0.000000,0,0.000000,0.000000,0.000000,0.00,0.00
2019-07-10,0.000000,0,0.000000,0.000000,0.000000,0.00,0.00
2019-07-11,0.000000,0,0.000000,0.000000,0.000000,0.00,0.00
2019-07-12,0.000000,0,0.000000,0.000000,0.000000,0.00,0.00
2019-07-14,0.000000,0,0.000000,0.000000,0.000000,0.00,0.00
2019-07-15,0.000000,0,0.000000,0.000000,0.000000,0.00,0.00
2019-07-16,0.000000,0,0.000000,0.000000,0.000000,0.00,0.00
2019-07-17,0.000000,0,0.000000,0.000000,0.000000,0.00,0.00
2019-07-18,0.000000,0,0.000000,0.000000,0.000000,0.00,0.00
2019-07-19,0.000000,0,0.000000,0.000000,0.000000,0.00,0.00
2019-07-21,0.000000,0,0.000000,0.000000,0.000000,0.00,0.00
2019-07-22,0.000000,0,0.000000,0.000000,0.000000,0.00,0.00
2019-07-23,0.000000,0,0.000000,0.000000,0.000000,0.00,0.00
2019-07-24,0.000000,0,0.000000,0.000000,0.000000,0.00,0.00
2019-07-25,0.000000,0,0.000000,0.000000,0.000000,0.00,0.00
2019-07-26,0.000000,0,0.000000,0.000000,0.000000,0.00,0.00
2019-07-28,0.000000,0,0.000000,0.000000,0.000000,0.00,0.00
2019-07-29,0.000000,0,0.000000,0.000000,0.000000,0.00,0.00
2019-07-30,0.000000,0,0.000000,0.000000,0.000000,0.00,0.00
2019-07-31,0.000000,0,0.000000,0.000000,0.000000,0.00,0.00
2019-08-01,0.000000,0,0.000000,0.000000,0.000000,0.00,0.00
2019-08-02,0.000000,0,0.000000,0.000000,0.000000,0.00,0.00
2019-08-04,0.000000,0,0.000000,0.000000,0.000000,0.00,0.00
2019-08-05,0.000000,0,0.000000,0.000000,0.000000,0.00,0.00
2019-08-06,0.000000,0,0.000000,0.000000,0.000000,0.00,0.00
2019-08-07,0.000000,0,0.000000,0.000000,0.000000,0.00,0.00
2019-08-08,0.000000,0,0.000000,0.000000,0.000000,0.00,0.00
2019-08-09,0.000000,0,0.000000,0.000000,0.000000,0.00,0.00
2019-08-11,0.000000,0,0.000000,0.000000,0.000000,0.00,0.00
2019-08-12,0.000000,0,0.000000,0.000000,0.000000,0.00,0.00
2019-08-13,0.000000,0,0.000000,0.000000,0.000000,0.00,0.00
2019-08-14,0.000000,0,0.000000,0.000000,0.000000,0.00,0.00
2019-08-15,0.000000,0,0.000000,0.000000,0.000000,0.00,0.00
2019-08-16,0.000000,0,0.000000,0.000000,0.000000,0.00,0.00
2019-08-18,0.000000,0,0.000000,0.000000,0.000000,0.00,0.00
2019-08-19,0.000000,0,0.000000,0.000000,0.000000,0.00,0.00
2019-08-20,0.000000,0,0.000000,0.000000,0.000000,0.00,0.00
2019-08-21,0.000000,0,0.000000,0.000000,0.000000,0.00,0.00
2019-08-22,0.000000,0,0.000000,0.000000,0.000000,0.00,0.00
2019-08-23,0.000000,0,0.000000,0.000000,0.000000,0.00,0.00
2019-08-25,0.000000,0,0.000000,0.000000,0.000000,0.00,0.00
2019-08-26,0.000000,0,0.000000,0.000000,0.000000,0.00,0.00
2019-08-27,0.000000,0,0.000000,0.000000,0.000000,0.00,0.00
2019-08-28,0.000000,0,0.000000,0.000000,0.000000,0.00,0.00
2019-08-29,0.000000,0,0.000000,0.000000,0.000000,0.00,0.00
2019-08-30,0.000000,0,0.000000,0.000000,0.000000,0.00,0.00
2019-09-01,0.000000,0,0.000000,0.000000,0.000000,0.00,0.00
2019-09-02,0.000000,0,0.000000,0.000000,0.000000,0.00,0.00
2019-09-03,0.000000,0,0.000000,0.000000,0.000000,0.00,0.00
2019-09-04,0.000000,0,0.000000,0.000000,0.000000,0.00,0.00
2019-09-05,0.000000,0,0.000000,0.000000,0.000000,0.00,0.00
2019-09-06,0.000000,0,0.000000,0.000000,0.000000,0.00,0.00
2019-09-08,0.000000,0,0.000000,0.000000,0.000000,0.00,0.00
2019-09-09,0.000000,0,0.000000,0.000000,0.000000,0.00,0.00
2019-09-10,0.000000,0,0.000000,0.000000,0.000000,0.00,0.00
2019-09-11,0.000000,0,0.000000,0.000000,0.000000,0.00,0.00
2019-09-12,0.000000,0,0.000000,0.000000,0.000000,0.00,0.00
2019-09-13,0.000000,0,0.000000,0.000000,0.000000,0.00,0.00
2019-09-15,0.000000,0,0.000000,0.000000,0.000000,0.00,0.00
2019-09-16,0.000000,0,0.000000,0.000000,0.000000,0.00,0.00
2019-09-17,0.000000,0,0.000000,0.000000,0.000000,0.00,0.00
2019-09-18,0.000000,0,0.000000,0.000000,0.000000,0.00,0.00
2019-09-19,0.000000,0,0.000000,0.000000,0.000000,0.00,0.00
2019-09-20,0.000000,0,0.000000,0.000000,0.000000,0.00,0.00
2019-09-22,0.000000,0,0.000000,0.000000,0.000000,0.00,0.00
2019-09-23,0.000000,0,0.000000,0.000000,0.000000,0.00,0.00
2019-09-24,0.000000,0,0.000000,0.000000,0.000000,0.00,0.00
2019-09-25,0.000000,0,0.000000,0.000000,0.000000,0.00,0.00
2019-09-26,0.000000,0,0.000000,0.000000,0.000000,0.00,0.00
2019-09-27,0.000000,0,0.000000,0.000000,0.000000,0.00,0.00
2019-09-29,0.000000,0,0.000000,0.000000,0.000000,0.00,0.00
2019-09-30,0.000000,0,0.000000,0.000000,0.000000,0.00,0.00
2019-10-01,0.000000,0,0.000000,0.000000,0.000000,0.00,0.00
2019-10-02,0.000000,0,0.000000,0.000000,0.000000,0.00,0.00
2019-10-03,0.000000,0,0.000000,0.000000,0.000000,0.00,0.00
2019-10-04,0.000000,0,0.000000,0.000000,0.000000,0.00,0.00
2019-10-06,0.000000,0,0.000000,0.000000,0.000000,0.00,0.00
2019-10-07,0.000000,0,0.000000,0.000000,0.000000,0.00,0.00
2019-10-08,0.000000,0,0.000000,0.000000,0.000000,0.00,0.00
2019-10-09,0.000000,0,0.000000,0.000000,0.000000,0.00,0.00
2019-10-10,0.000000,0,0.000000,0.000000,0.000000,0.00,0.00
2019-10-11,0.000000,0,0.000000,0.000000,0.000000,0.00,0.00
2019-10-13,0.000000,0,0.000000,0.000000,0.000000,0.00,0.00
2019-10-14,0.000000,0,0.000000,0.000000,0.000000,0.00,0.00
2019-10-15,0.000000,0,0.000000,0.000000,0.000000,0.00,0.00
2019-10-16,0.000000,0,0.000000,0.000000,0.000000,0.00,0.00
2019-10-17,0.000000,0,0.000000,0.000000,0.000000,0.00,0.00
2019-10-18,0.000000,0,0.000000,0.000000,0.000000,0.00,0.00
2019-10-20,0.000000,0,0.000000,0.000000,0.000000,0.00,0.00
2019-10-21,0.000000,0,0.000000,0.000000,0.000000,0.00,0.00
2019-10-22,0.000000,0,0.000000,0.000000,0.000000,0.00,0.00
2019-10-23,0.000000,0,0.000000,0.000000,0.000000,0.00,0.00
2019-10-24,0.000000,0,0.000000,0.000000,0.000000,0.00,0.00
2019-10-25,0.000000,0,0.000000,0.000000,0.000000,0.00,0.00
2019-10-27,0.000000,0,0.000000,0.000000,0.000000,0.00,0.00
2019-10-28,0.000000,0,0.000000,0.000000,0.000000,0.00,0.00
2019-10-29,0.000000,0,0.000000,0.000000,0.000000,0.00,0.00
2019-10-30,0.000000,0,0.000000,0.000000,0.000000,0.00,0.00
2019-10-31,0.000000,0,0.000000,0.000000,0.000000,0.00,0.00
2019-11-01,0.000000,0,0.000000,0.000000,0.000000,0.00,0.00
2019-11-03,0.000000,0,0.000000,0.000000,0.000000,0.00,0.00
2019-11-04,0.000000,0,0.000000,0.000000,0.000000,0.00,0.00
2019-11-05,0.000000,0,0.000000,0.000000,0.000000,0.00,0.00
2019-11-06,0.000000,0,0.000000,0.000000,0.000000,0.00,0.00
2019-11-07,0.000000,0,0.000000,0.000000,0.000000,0.00,0.00
2019-11-08,0.000000,0,0.000000,0.000000,0.000000,0.00,0.00
2019-11-10,0.000000,0,0.000000,0.000000,0.000000,0.00,0.00
2019-11-11,0.000000,0,0.000000,0.000000,0.000000,0.00,0.00
2019-11-12,0.000000,0,0.000000,0.000000,0.000000,0.00,0.00
2019-11-13,0.000000,0,0.000000,0.000000,0.000000,0.00,0.00
2019-11-14,0.000000,0,0.000000,0.000000,0.000000,0.00,0.00
2019-11-15,0.000000,0,0.000000,0.000000,0.000000,0.00,0.00
2019-11-17,0.000000,0,0.000000,0.000000,0.000000,0.00,0.00
2019-11-18,0.000000,0,0.000000,0.000000,0.000000,0.00,0.00
2019-11-19,0.000000,0,0.000000,0.000000,0.000000,0.00,0.00
2019-11-20,0.000000,0,0.000000,0.000000,0.000000,0.00,0.00
2019-11-21,0.000000,0,0.000000,0.000000,0.000000,0.00,0.00
2019-11-22,0.000000,0,0.000000,0.000000,0.000000,0.00,0.00
2019-11-24,0.000000,0,0.000000,0.000000,0.000000,0.00,0.00
2019-11-25,0.000000,0,0.000000,0.000000,0.000000,0.00,0.00
2019-11-26,0.000000,0,0.000000,0.000000,0.000000,0.00,0.00
2019-11-27,0.000000,0,0.000000,0.000000,0.000000,0.00,0.00
2019-11-28,0.000000,0,0.000000,0.000000,0.000000,0.00,0.00
2019-11-29,0.000000,0,0.000000,0.000000,0.000000,0.00,0.00
2019-12-01,0.000000,0,0.000000,0.000000,0.000000,0.00,0.00
2019-12-02,0.000000,0,0.000000,0.000000,0.000000,0.00,0.00
2019-12-03,0.000000,0,0.000000,0.000000,0.000000,0.00,0.00
2019-12-04,0.000000,0,0.000000,0.000000,0.000000,0.00,0.00
2019-12-05,0.000000,0,0.000000,0.000000,0.000000,0.00,0.00
2019-12-06,0.000000,0,0.000000,0.000000,0.000000,0.00,0.00
2019-12-08,0.000000,0,0.000000,0.000000,0.000000,0.00,0.00
2019-12-09,0.000000,0,0.000000,0.000000,0.000000,0.00,0.00
2019-12-10,0.000000,0,0.000000,0.000000,0.000000,0.00,0.00
2019-12-11,0.000000,0,0.000000,0.000000,0.000000,0.00,0.00
2019-12-12,0.000000,0,0.000000,0.000000,0.000000,0.00,0.00
2019-12-13,0.000000,0,0.000000,0.000000,0.000000,0.00,0.00
2019-12-15,0.000000,0,0.000000,0.000000,0.000000,0.00,0.00
2019-12-16,0.000000,0,0.000000,0.000000,0.000000,0.00,0.00
2019-12-17,0.000000,0,0.000000,0.000000,0.000000,0.00,0.00
2019-12-18,0.000000,0,0.000000,0.000000,0.000000,0.00,0.00
2019-12-19,0.000000,0,0.000000,0.000000,0.000000,0.00,0.00
2019-12-20,0.000000,0,0.000000,0.000000,0.000000,0.00,0.00
2019-12-22,0.000000,0,0.000000,0.000000,0.000000,0.00,0.00
2019-12-23,0.000000,0,0.000000,0.000000,0.000000,0.00,0.00
2019-12-24,0.000000,0,0.000000,0.000000,0.000000,0.00,0.00
2019-12-25,0.000000,0,0.000000,0.000000,0.000000,0.00,0.00
2019-12-26,0.000000,0,0.000000,0.000000,0.000000,0.00,0.00
2019-12-27,0.000000,0,0.000000,0.000000,0.000000,0.00,0.00
2019-12-29,0.000000,0,0.000000,0.000000,0.000000,0.00,0.00
2019-12-30,0.000000,0,0.000000,0.000000,0.000000,0.00,0.00
2019-12-31,0.000000,0,0.000000,0.000000,0.000000,0.00,0.00
2020-01-01,0.000000,0,0.000000,0.000000,0.000000,0.00,0.00
2020-01-02,0.000000,0,0.000000,0.000000,0.000000,0.00,0.00
2020-01-03,0.000000,0,0.000000,0.000000,0.000000,0.00,0.00
2020-01-05,0.000000,0,0.000000,0.000000,0.000000,0.00,0.00
2020-01-06,0.000000,0,0.000000,0.000000,0.000000,0.00,0.00
2020-01-07,0.000000,0,0.000000,0.000000,0.000000,0.00,0.00
2020-01-08,0.000000,0,0.000000,0.000000,0.000000,0.00,0.00
2020-01-09,0.000000,0,0.000000,0.000000,0.000000,0.00,0.00
2020-01-10,0.000000,0,0.000000,0.000000,0.000000,0.00,0.00
2020-01-12,0.000000,0,0.000000,0.000000,0.000000,0.00,0.00
2020-01-13,0.000000,0,0.000000,0.000000,0.000000,0.00,0.00
2020-01-14,0.000000,0,0.000000,0.000000,0.000000,0.00,0.00
2020-01-15,0.000000,0,0.000000,0.000000,0.000000,0.00,0.00
2020-01-16,0.000000,0,0.000000,0.000000,0.000000,0.00,0.00
2020-01-17,0.000000,0,0.000000,0.000000,0.000000,0.00,0.00
2020-01-19,0.000000,0,0.000000,0.000000,0.000000,0.00,0.00
2020-01-20,0.000000,0,0.000000,0.000000,0.000000,0.00,0.00
2020-01-21,0.000000,0,0.000000,0.000000,0.000000,0.00,0.00
2020-01-22,0.000000,0,0.000000,0.000000,0.000000,0.00,0.00
2020-01-23,0.000000,0,0.000000,0.000000,0.000000,0.00,0.00
2020-01-24,0.000000,0,0.000000,0.000000,0.000000,0.00,0.00
2020-01-26,0.000000,0,0.000000,0.000000,0.000000,0.00,0.00
2020-01-27,0.000000,0,0.000000,0.000000,0.000000,0.00,0.00
2020-01-28,0.000000,0,0.000000,0.000000,0.000000,0.00,0.00
2020-01-29,0.000000,0,0.000000,0.000000,0.000000,0.00,0.00
2020-01-30,0.000000,0,0.000000,0.000000,0.000000,0.00,0.00
2020-01-31,0.000000,0,0.000000,0.000000,0.000000,0.00,0.00
2020-02-02,0.000000,0,0.000000,0.000000,0.000000,0.00,0.00
2020-02-03,0.000000,0,0.000000,0.000000,0.000000,0.00,0.00
2020-02-04,0.000000,0,0.000000,0.000000,0.000000,0.00,0.00
2020-02-05,0.000000,0,0.000000,0.000000,0.000000,0.00,0.00
2020-02-06,0.000000,0,0.000000,0.000000,0.000000,0.00,0.00
2020-02-07,0.000000,0,0.000000,0.000000,0.000000,0.00,0.00
2020-02-09,0.000000,0,0.000000,0.000000,0.000000,0.00,0.00
2020-02-10,0.000000,0,0.000000,0.000000,0.000000,0.00,0.00
2020-02-11,0.000000,0,0.000000,0.000000,0.000000,0.00,0.00
2020-02-12,0.000000,0,0.000000,0.000000,0.000000,0.00,0.00
2020-02-13,0.000000,0,0.000000,0.000000,0.000000,0.00,0.00
2020-02-14,0.000000,0,0.000000,0.000000,0.000000,0.00,0.00
2020-02-16,0.000000,0,0.000000,0.000000,0.000000,0.00,0.00
2020-02-17,0.000000,0,0.000000,0.000000,0.000000,0.00,0.00
2020-02-18,0.000000,0,0.000000,0.000000,0.000000,0.00,0.00
2020-02-19,0.000000,0,0.000000,0.000000,0.000000,0.00,0.00
2020-02-20,0.000000,0,0.000000,0.000000,0.000000,0.00,0.00
2020-02-21,0.000000,0,0.000000,0.000000,0.000000,0.00,0.00
2020-02-23,0.000000,0,0.000000,0.000000,0.000000,0.00,0.00
2020-02-24,0.000000,0,0.000000,0.000000,0.000000,0.00,0.00
2020-02-25,0.000000,0,0.000000,0.000000,0.000000,0.00,0.00
2020-02-26,0.000000,0,0.000000,0.000000,0.000000,0.00,0.00
2020-02-27,0.000000,0,0.000000,0.000000,0.000000,0.00,0.00
2020-02-28,0.000000,0,0.000000,0.000000,0.000000,0.00,0.00
2020-03-01,0.000000,0,0.000000,0.000000,0.000000,0.00,0.00
2020-03-02,0.000000,0,0.000000,0.000000,0.000000,0.00,0.00
2020-03-03,0.000000,0,0.000000,0.000000,0.000000,0.00,0.00
2020-03-04,0.000000,0,0.000000,0.000000,0.000000,0.00,0.00
2020-03-05,0.000000,0,0.000000,0.000000,0.000000,0.00,0.00
2020-03-06,0.000000,0,0.000000,0.000000,0.000000,0.00,0.00
2020-03-08,0.000000,0,0.000000,0.000000,0.000000,0.00,0.00
2020-03-09,0.000000,0,0.000000,0.000000,0.000000,0.00,0.00
2020-03-10,0.000000,0,0.000000,0.000000,0.000000,0.00,0.00
2020-03-11,0.000000,0,0.000000,0.000000,0.000000,0.00,0.00
2020-03-12,0.000000,0,0.000000,0.000000,0.000000,0.00,0.00
2020-03-13,0.000000,0,0.000000,0.000000,0.000000,0.00,0.00
2020-03-15,0.000000,0,0.000000,0.000000,0.000000,0.00,0.00
2020-03-16,0.000000,0,0.000000,0.000000,0.000000,0.00,0.00
2020-03-17,0.000000,0,0.000000,0.000000,0.000000,0.00,0.00
2020-03-18,0.000000,0,0.000000,0.000000,0.000000,0.00,0.00
2020-03-19,0.000000,0,0.000000,0.000000,0.000000,0.00,0.00
2020-03-20,0.000000,0,0.000000,0.000000,0.000000,0.00,0.00
2020-03-22,0.000000,0,0.000000,0.000000,0.000000,0.00,0.00
2020-03-23,0.000000,0,0.000000,0.000000,0.000000,0.00,0.00
2020-03-24,0.000000,0,0.000000,0.000000,0.000000,0.00,0.00
2020-03-25,0.000000,0,0.000000,0.000000,0.000000,0.00,0.00
2020-03-26,0.000000,0,0.000000,0.000000,0.000000,0.00,0.00
2020-03-27,0.000000,0,0.000000,0.000000,0.000000,0.00,0.00
2020-03-29,0.000000,0,0.000000,0.000000,0.000000,0.00,0.00
2020-03-30,0.000000,0,0.000000,0.000000,0.000000,0.00,0.00
2020-03-31,0.000000,0,0.000000,0.000000,0.000000,0.00,0.00
2020-04-01,0.000000,0,0.000000,0.000000,0.000000,0.00,0.00
2020-04-02,0.000000,0,0.000000,0.000000,0.000000,0.00,0.00
2020-04-03,0.000000,0,0.000000,0.000000,0.000000,0.00,0.00
2020-04-05,0.000000,0,0.000000,0.000000,0.000000,0.00,0.00
2020-04-06,0.000000,0,0.000000,0.000000,0.000000,0.00,0.00
2020-04-07,0.000000,0,0.000000,0.000000,0.000000,0.00,0.00
2020-04-08,0.000000,0,0.000000,0.000000,0.000000,0.00,0.00
2020-04-09,0.000000,0,0.000000,0.000000,0.000000,0.00,0.00
2020-04-12,0.000000,0,0.000000,0.000000,0.000000,0.00,0.00
2020-04-13,0.000000,0,0.000000,0.000000,0.000000,0.00,0.00
2020-04-14,0.000000,0,0.000000,0.000000,0.000000,0.00,0.00
2020-04-15,0.000000,0,0.000000,0.000000,0.000000,0.00,0.00
2020-04-16,0.000000,0,0.000000,0.000000,0.000000,0.00,0.00
2020-04-17,0.000000,0,0.000000,0.000000,0.000000,0.00,0.00
2020-04-19,0.000000,0,0.000000,0.000000,0.000000,0.00,0.00
2020-04-20,0.000000,0,0.000000,0.000000,0.000000,0.00,0.00
2020-04-21,0.000000,0,0.000000,0.000000,0.000000,0.00,0.00
2020-04-22,0.000000,0,0.000000,0.000000,0.000000,0.00,0.00
2020-04-23,0.000000,0,0.000000,0.000000,0.000000,0.00,0.00
2020-04-24,0.000000,0,0.000000,0.000000,0.000000,0.00,0.00
2020-04-26,0.000000,0,0.000000,0.000000,0.000000,0.00,0.00
2020-04-27,0.000000,0,0.000000,0.000000,0.000000,0.00,0.00
2020-04-28,0.000000,0,0.000000,0.000000,0.000000,0.00,0.00
2020-04-29,0.000000,0,0.000000,0.000000,0.000000,0.00,0.00
2020-04-30,0.000000,0,0.000000,0.000000,0.000000,0.00,0.00
2020-05-01,0.000000,0,0.000000,0.000000,0.000000,0.00,0.00
2020-05-03,0.000000,0,0.000000,0.000000,0.000000,0.00,0.00
2020-05-04,0.000000,0,0.000000,0.000000,0.000000,0.00,0.00
2020-05-05,0.000000,0,0.000000,0.000000,0.000000,0.00,0.00
2020-05-06,0.000000,0,0.000000,0.000000,0.000000,0.00,0.00
2020-05-07,0.000000,0,0.000000,0.000000,0.000000,0.00,0.00
2020-05-08,0.000000,0,0.000000,0.000000,0.000000,0.00,0.00
2020-05-10,0.000000,0,0.000000,0.000000,0.000000,0.00,0.00
2020-05-11,0.000000,0,0.000000,0.000000,0.000000,0.00,0.00
2020-05-12,0.000000,0,0.000000,0.000000,0.000000,0.00,0.00
2020-05-13,0.000000,0,0.000000,0.000000,0.000000,0.00,0.00
2020-05-14,0.000000,0,0.000000,0.000000,0.000000,0.00,0.00
2020-05-15,0.000000,0,0.000000,0.000000,0.000000,0.00,0.00
2020-05-17,0.000000,0,0.000000,0.000000,0.000000,0.00,0.00
2020-05-18,0.000000,0,0.000000,0.000000,0.000000,0.00,0.00
2020-05-19,0.000000,0,0.000000,0.000000,0.000000,0.00,0.00
2020-05-20,0.000000,0,0.000000,0.000000,0.000000,0.00,0.00
2020-05-21,0.000000,0,0.000000,0.000000,0.000000,0.00,0.00
2020-05-22,0.000000,0,0.000000,0.000000,0.000000,0.00,0.00
2020-05-24,0.000000,0,0.000000,0.000000,0.000000,0.00,0.00
2020-05-25,0.000000,0,0.000000,0.000000,0.000000,0.00,0.00
2020-05-26,0.000000,0,0.000000,0.000000,0.000000,0.00,0.00
2020-05-27,0.000000,0,0.000000,0.000000,0.000000,0.00,0.00
2020-05-28,0.000000,0,0.000000,0.000000,0.000000,0.00,0.00
2020-05-29,0.000000,0,0.000000,0.000000,0.000000,0.00,0.00
2020-05-31,0.000000,0,0.000000,0.000000,0.000000,0.00,0.00
2020-06-01,0.000000,0,0.000000,0.000000,0.000000,0.00,0.00
2020-06-02,0.000000,0,0.000000,0.000000,0.000000,0.00,0.00
2020-06-03,0.000000,0,0.000000,0.000000,0.000000,0.00,0.00
2020-06-04,0.000000,0,0.000000,0.000000,0.000000,0.00,0.00
2020-06-05,0.000000,0,0.000000,0.000000,0.000000,0.00,0.00
2020-06-07,0.000000,0,0.000000,0.000000,0.000000,0.00,0.00
2020-06-08,0.000000,3,351.000000,-48.750000,351.000000,0.00,-799.50
2020-06-09,0.000000,3,678.750000,145.500000,678.750000,0.00,-1066.50
2020-06-10,0.000000,3,841.500000,586.500000,841.500000,0.00,-510.00
2020-06-11,0.000000,3,-252.750000,-535.500000,841.500000,-2188.50,-2754.00
2020-06-12,0.000000,3,-362.250000,-804.000000,841.500000,-2407.50,-3291.00
2020-06-14,-574.500000,0,-574.500000,-574.500000,841.500000,-2832.00,-2832.00
2020-06-15,-574.500000,0,-574.500000,-574.500000,841.500000,-2832.00,-2832.00
2020-06-16,-574.500000,0,-574.500000,-574.500000,841.500000,-2832.00,-2832.00
2020-06-17,-574.500000,0,-574.500000,-574.500000,841.500000,-2832.00,-2832.00
2020-06-18,-574.500000,0,-574.500000,-574.500000,841.500000,-2832.00,-2832.00
2020-06-19,-574.500000,0,-574.500000,-574.500000,841.500000,-2832.00,-2832.00
2020-06-21,-574.500000,0,-574.500000,-574.500000,841.500000,-2832.00,-2832.00
2020-06-22,-574.500000,0,-574.500000,-574.500000,841.500000,-2832.00,-2832.00
2020-06-23,-574.500000,0,-574.500000,-574.500000,841.500000,-2832.00,-2832.00
2020-06-24,-574.500000,0,-574.500000,-574.500000,841.500000,-2832.00,-2832.00
2020-06-25,-574.500000,0,-574.500000,-574.500000,841.500000,-2832.00,-2832.00
2020-06-26,-574.500000,0,-574.500000,-574.500000,841.500000,-2832.00,-2832.00
2020-06-28,-574.500000,0,-574.500000,-574.500000,841.500000,-2832.00,-2832.00
2020-06-29,-574.500000,3,114.750000,-676.500000,841.500000,-1453.50,-3036.00
2020-06-30,-574.500000,3,240.750000,-43.500000,841.500000,-1201.50,-1770.00
2020-07-01,-574.500000,3,945.000000,363.750000,945.000000,0.00,-1162.50
2020-07-02,-574.500000,3,1186.500000,893.250000,1186.500000,0.00,-586.50
2020-07-03,-574.500000,3,1112.250000,1063.500000,1186.500000,-148.50,-246.00
2020-07-05,-574.500000,3,1315.500000,1138.500000,1315.500000,0.00,-354.00
2020-07-06,-574.500000,3,2056.500000,1310.250000,2056.500000,0.00,-1492.50
2020-07-07,208.312500,2,1782.812500,1694.312500,2056.500000,-547.38,-724.38
2020-07-08,208.312500,2,2047.312500,1692.812500,2056.500000,-18.38,-727.38
2020-07-09,208.312500,2,2190.812500,1802.812500,2190.812500,0.00,-776.00
2020-07-10,208.312500,2,2367.812500,1933.312500,2367.812500,0.00,-869.00
2020-07-12,208.312500,2,2435.812500,2375.312500,2435.812500,0.00,-121.00
2020-07-13,208.312500,2,1973.312500,1806.312500,2435.812500,-925.00,-1259.00
2020-07-14,208.312500,2,2117.312500,1399.812500,2435.812500,-637.00,-2072.00
2020-07-15,208.312500,2,1976.812500,1785.312500,2435.812500,-918.00,-1301.00
2020-07-16,208.312500,2,1815.812500,1633.312500,2435.812500,-1240.00,-1605.00
2020-07-17,208.312500,2,1929.312500,1758.312500,2435.812500,-1013.00,-1355.00
2020-07-19,208.312500,2,1977.312500,1906.312500,2435.812500,-917.00,-1059.00
2020-07-20,208.312500,2,2581.812500,1773.312500,2581.812500,0.00,-1617.00
2020-07-21,208.312500,2,2428.812500,2251.812500,2581.812500,-306.00,-660.00
2020-07-22,208.312500,2,2328.312500,2205.812500,2581.812500,-507.00,-752.00
2020-07-23,208.312500,2,1847.812500,1711.312500,2581.812500,-1468.00,-1741.00
2020-07-24,208.312500,2,1608.312500,1284.812500,2581.812500,-1947.00,-2594.00
2020-07-26,208.312500,2,1560.312500,1483.312500,2581.812500,-2043.00,-2197.00
2020-07-27,208.312500,2,2079.312500,1548.812500,2581.812500,-1005.00,-2066.00
2020-07-28,208.312500,2,1810.312500,1709.812500,2581.812500,-1543.00,-1744.00
2020-07-29,208.312500,2,2041.312500,1706.312500,2581.812500,-1081.00,-1751.00
2020-07-30,208.312500,2,2493.312500,1687.812500,2581.812500,-177.00,-1788.00
2020-07-31,208.312500,2,2513.312500,2064.312500,2581.812500,-137.00,-1035.00
2020-08-02,208.312500,2,2505.812500,2434.812500,2581.812500,-152.00,-294.00
2020-08-03,208.312500,2,2755.312500,2470.812500,2755.312500,0.00,-569.00
2020-08-04,208.312500,2,2829.812500,2647.812500,2829.812500,0.00,-364.00
2020-08-05,208.312500,2,2860.812500,2793.812500,2860.812500,0.00,-134.00
2020-08-06,208.312500,2,3187.312500,2785.312500,3187.312500,0.00,-804.00
2020-08-07,208.312500,2,2944.312500,2752.812500,3187.312500,-486.00,-869.00
2020-08-09,208.312500,2,2896.812500,2829.812500,3187.312500,-581.00,-715.00
2020-08-10,208.312500,2,2830.312500,2539.312500,3187.312500,-714.00,-1296.00
2020-08-11,208.312500,2,2527.812500,2372.812500,3187.312500,-1319.00,-1629.00
2020-08-12,208.312500,2,2945.812500,2438.812500,3187.312500,-483.00,-1497.00
2020-08-13,208.312500,2,3092.812500,2870.812500,3187.312500,-189.00,-633.00
2020-08-14,208.312500,2,2973.812500,2874.312500,3187.312500,-427.00,-626.00
2020-08-16,208.312500,2,3005.312500,2972.312500,3187.312500,-364.00,-430.00
2020-08-17,208.312500,2,3292.312500,2988.812500,3292.312500,0.00,-607.00
2020-08-18,208.312500,2,3515.312500,3219.312500,3515.312500,0.00,-592.00
2020-08-19,208.312500,2,3263.312500,3250.312500,3515.312500,-504.00,-530.00
2020-08-20,208.312500,2,3681.312500,3125.312500,3681.312500,0.00,-1112.00
2020-08-21,208.312500,2,3808.312500,3496.312500,3808.312500,0.00,-624.00
2020-08-23,208.312500,2,3849.312500,3827.312500,3849.312500,0.00,-44.00
2020-08-24,208.312500,2,3975.812500,3738.812500,3975.812500,0.00,-474.00
2020-08-25,208.312500,2,4175.812500,3831.812500,4175.812500,0.00,-688.00
2020-08-26,208.312500,2,4617.812500,4135.312500,4617.812500,0.00,-965.00
2020-08-27,208.312500,2,4620.812500,4351.312500,4620.812500,0.00,-539.00
2020-08-28,208.312500,2,4689.812500,4522.812500,4689.812500,0.00,-334.00
2020-08-30,208.312500,2,4777.812500,4672.312500,4777.812500,0.00,-211.00
2020-08-31,208.312500,2,4932.812500,4658.812500,4932.812500,0.00,-548.00
2020-09-01,208.312500,2,5403.312500,4932.312500,5403.312500,0.00,-942.00
2020-09-02,208.312500,2,5525.812500,5026.812500,5525.812500,0.00,-998.00
2020-09-03,208.312500,2,3884.312500,3846.812500,5525.812500,-3283.00,-3358.00
2020-09-04,208.312500,2,3763.312500,2964.812500,5525.812500,-3525.00,-5122.00
2020-09-06,208.312500,2,3516.812500,3298.312500,5525.812500,-4018.00,-4455.00
2020-09-07,208.312500,2,3801.312500,3424.312500,5525.812500,-3449.00,-4203.00
2020-09-08,208.312500,2,2764.812500,2552.312500,5525.812500,-5522.00,-5947.00
2020-09-09,208.312500,2,3569.312500,2756.812500,5525.812500,-3913.00,-5538.00
2020-09-10,208.312500,2,3087.812500,2857.812500,5525.812500,-4876.00,-5336.00
2020-09-11,208.312500,2,2828.312500,2557.312500,5525.812500,-5395.00,-5937.00
2020-09-13,208.312500,2,3028.312500,2847.812500,5525.812500,-4995.00,-5356.00
2020-09-14,208.312500,2,3251.812500,2982.312500,5525.812500,-4548.00,-5087.00
2020-09-15,208.312500,2,3525.312500,3149.312500,5525.812500,-4001.00,-4753.00
2020-09-16,208.312500,2,3219.812500,3128.812500,5525.812500,-4612.00,-4794.00
2020-09-17,208.312500,2,2820.812500,2489.312500,5525.812500,-5410.00,-6073.00
2020-09-18,208.312500,2,2558.312500,2166.312500,5525.812500,-5935.00,-6719.00
2020-09-20,208.312500,2,2544.812500,2386.312500,5525.812500,-5962.00,-6279.00
2020-09-21,208.312500,2,2706.312500,1995.812500,5525.812500,-5639.00,-7060.00
2020-09-22,208.312500,2,2923.312500,2476.812500,5525.812500,-5205.00,-6098.00
2020-09-23,208.312500,2,2180.312500,2132.312500,5525.812500,-6691.00,-6787.00
2020-09-24,208.312500,2,2583.812500,1997.812500,5525.812500,-5884.00,-7056.00
2020-09-25,208.312500,2,2953.812500,2309.812500,5525.812500,-5144.00,-6432.00
2020-09-27,208.312500,2,3000.812500,2954.312500,5525.812500,-5050.00,-5143.00
2020-09-28,208.312500,2,3518.812500,2963.812500,5525.812500,-4014.00,-5124.00
2020-09-29,208.312500,2,3362.812500,3261.812500,5525.812500,-4326.00,-4528.00
2020-09-30,208.312500,2,3570.312500,3017.312500,5525.812500,-3911.00,-5017.00
2020-10-01,208.312500,2,3825.312500,3500.312500,5525.812500,-3401.00,-4051.00
2020-10-02,208.312500,2,3190.812500,3092.312500,5525.812500,-4670.00,-4867.00
2020-10-04,208.312500,2,3345.812500,3233.812500,5525.812500,-4360.00,-4584.00
2020-10-05,208.312500,2,3552.312500,3218.312500,5525.812500,-3947.00,-4615.00
2020-10-06,208.312500,2,3194.312500,3077.312500,5525.812500,-4663.00,-4897.00
2020-10-07,208.312500,2,3683.812500,3168.312500,5525.812500,-3684.00,-4715.00
2020-10-08,208.312500,2,3841.312500,3629.312500,5525.812500,-3369.00,-3793.00
2020-10-09,208.312500,2,4130.812500,3788.312500,5525.812500,-2790.00,-3475.00
2020-10-11,208.312500,2,4169.312500,4065.812500,5525.812500,-2713.00,-2920.00
2020-10-12,208.312500,2,4900.812500,4118.312500,5525.812500,-1250.00,-2815.00
2020-10-13,208.312500,2,4911.812500,4718.312500,5525.812500,-1228.00,-1615.00
2020-10-14,208.312500,2,4604.312500,4485.812500,5525.812500,-1843.00,-2080.00
2020-10-15,208.312500,2,4513.312500,4156.312500,5525.812500,-2025.00,-2739.00
2020-10-16,208.312500,2,4268.812500,4266.812500,5525.812500,-2514.00,-2518.00
2020-10-18,208.312500,2,4428.312500,4312.312500,5525.812500,-2195.00,-2427.00
2020-10-19,208.312500,2,4112.312500,3866.312500,5525.812500,-2827.00,-3319.00
2020-10-20,208.312500,2,4089.812500,3879.812500,5525.812500,-2872.00,-3292.00
2020-10-21,208.312500,2,3932.812500,3844.812500,5525.812500,-3186.00,-3362.00
2020-10-22,208.312500,2,4011.812500,3704.312500,5525.812500,-3028.00,-3643.00
2020-10-23,208.312500,2,4021.312500,3783.312500,5525.812500,-3009.00,-3485.00
2020-10-25,208.312500,2,3936.812500,3830.312500,5525.812500,-3178.00,-3391.00
2020-10-26,208.312500,2,3660.812500,3368.812500,5525.812500,-3730.00,-4314.00
2020-10-27,208.312500,2,3757.812500,3647.812500,5525.812500,-3536.00,-3756.00
2020-10-28,208.312500,2,3060.812500,2930.312500,5525.812500,-4930.00,-5191.00
2020-10-29,208.312500,2,3110.812500,2972.312500,5525.812500,-4830.00,-5107.00
2020-10-30,208.312500,2,2856.812500,2570.812500,5525.812500,-5338.00,-5910.00
2020-11-01,208.312500,2,2680.312500,2646.312500,5525.812500,-5691.00,-5759.00
2020-11-02,208.312500,2,2857.812500,2566.812500,5525.812500,-5336.00,-5918.00
2020-11-03,208.312500,2,3318.312500,2814.812500,5525.812500,-4415.00,-5422.00
2020-11-04,208.312500,2,4273.812500,3142.312500,5525.812500,-2504.00,-4767.00
2020-11-05,208.312500,2,4817.312500,4224.812500,5525.812500,-1417.00,-2602.00
2020-11-06,208.312500,2,4873.312500,4421.312500,5525.812500,-1305.00,-2209.00
2020-11-08,208.312500,2,5148.812500,4926.312500,5525.812500,-754.00,-1199.00
2020-11-09,208.312500,2,4392.312500,4307.812500,5525.812500,-2267.00,-2436.00
2020-11-10,208.312500,2,3878.812500,3688.312500,5525.812500,-3294.00,-3675.00
2020-11-11,208.312500,2,4476.812500,3832.312500,5525.812500,-2098.00,-3387.00
2020-11-12,208.312500,2,4386.812500,4233.812500,5525.812500,-2278.00,-2584.00
2020-11-13,208.312500,2,4576.312500,4285.812500,5525.812500,-1899.00,-2480.00
2020-11-15,208.312500,2,4774.812500,4589.312500,5525.812500,-1502.00,-1873.00
2020-11-16,208.312500,2,4781.312500,4388.812500,5525.812500,-1489.00,-2274.00
2020-11-17,208.312500,2,4642.312500,4590.812500,5525.812500,-1767.00,-1870.00
2020-11-18,208.312500,2,4444.812500,4407.312500,5525.812500,-2162.00,-2237.00
2020-11-19,208.312500,2,4558.812500,4291.312500,5525.812500,-1934.00,-2469.00
2020-11-20,208.312500,2,4506.312500,4428.812500,5525.812500,-2039.00,-2194.00
2020-11-22,208.312500,2,4546.812500,4447.312500,5525.812500,-1958.00,-2157.00
2020-11-23,208.312500,2,4587.812500,4298.812500,5525.812500,-1876.00,-2454.00
2020-11-24,208.312500,2,4936.312500,4427.312500,5525.812500,-1179.00,-2197.00
2020-11-25,208.312500,2,5043.312500,4839.312500,5525.812500,-965.00,-1373.00
2020-11-26,208.312500,2,4993.312500,4935.312500,5525.812500,-1065.00,-1181.00
2020-11-27,208.312500,2,5231.312500,4956.312500,5525.812500,-589.00,-1139.00
2020-11-29,208.312500,2,5317.812500,5254.312500,5525.812500,-416.00,-543.00
2020-11-30,208.312500,2,5381.812500,4853.812500,5525.812500,-288.00,-1344.00
2020-12-01,208.312500,2,5585.812500,5350.312500,5585.812500,0.00,-471.00
2020-12-02,208.312500,2,5616.312500,5309.812500,5616.312500,0.00,-613.00
2020-12-03,208.312500,2,5654.312500,5569.312500,5654.312500,0.00,-170.00
2020-12-04,208.312500,2,5704.312500,5579.312500,5704.312500,0.00,-250.00
2020-12-06,208.312500,2,5773.312500,5727.312500,5773.312500,0.00,-92.00
2020-12-07,208.312500,2,5834.312500,5632.312500,5834.312500,0.00,-404.00
2020-12-08,208.312500,2,5978.312500,5687.312500,5978.312500,0.00,-582.00
2020-12-09,208.312500,2,5410.312500,5295.312500,5978.312500,-1136.00,-1366.00
2020-12-10,208.312500,2,5490.312500,5118.312500,5978.312500,-976.00,-1720.00
2020-12-11,208.312500,2,5416.812500,5149.812500,5978.312500,-1123.00,-1657.00
2020-12-13,208.312500,2,5516.812500,5469.812500,5978.312500,-923.00,-1017.00
2020-12-14,208.312500,2,5642.812500,5459.812500,5978.312500,-671.00,-1037.00
2020-12-15,208.312500,2,5873.812500,5529.312500,5978.312500,-209.00,-898.00
2020-12-16,208.312500,2,6049.312500,5824.812500,6049.312500,0.00,-449.00
2020-12-17,208.312500,2,6183.812500,6026.312500,6183.812500,0.00,-315.00
2020-12-18,208.312500,2,6180.312500,5902.312500,6183.812500,-7.00,-563.00
2020-12-20,208.312500,2,6181.812500,6132.312500,6183.812500,-4.00,-103.00
2020-12-21,208.312500,2,6086.312500,5604.312500,6183.812500,-195.00,-1159.00
2020-12-22,208.312500,2,6124.312500,5869.812500,6183.812500,-119.00,-628.00
2020-12-23,208.312500,2,5993.312500,5925.312500,6183.812500,-381.00,-517.00
2020-12-24,208.312500,2,6091.812500,5945.312500,6183.812500,-184.00,-477.00
2020-12-27,208.312500,2,6152.312500,5985.812500,6183.812500,-63.00,-396.00
2020-12-28,208.312500,2,6387.312500,6132.812500,6387.312500,0.00,-509.00
2020-12-29,208.312500,2,6372.812500,6297.812500,6387.312500,-29.00,-179.00
2020-12-30,3341.812500,1,6428.062500,6399.312500,6428.062500,0.00,-57.50
2020-12-31,3341.812500,1,6463.812500,6375.062500,6463.812500,0.00,-177.50
2021-01-03,3341.812500,1,6443.312500,6431.062500,6463.812500,-41.00,-65.50
2021-01-04,6466.062500,0,6466.062500,6466.062500,6466.062500,0.00,0.00
2021-01-05,6466.062500,0,6466.062500,6466.062500,6466.062500,0.00,0.00
2021-01-06,6466.062500,0,6466.062500,6466.062500,6466.062500,0.00,0.00
2021-01-07,6466.062500,0,6466.062500,6466.062500,6466.062500,0.00,0.00
2021-01-08,6466.062500,0,6466.062500,6466.062500,6466.062500,0.00,0.00
2021-01-10,6466.062500,0,6466.062500,6466.062500,6466.062500,0.00,0.00
2021-01-11,6466.062500,0,6466.062500,6466.062500,6466.062500,0.00,0.00
2021-01-12,6466.062500,0,6466.062500,6466.062500,6466.062500,0.00,0.00
2021-01-13,6466.062500,0,6466.062500,6466.062500,6466.062500,0.00,0.00
2021-01-14,6466.062500,0,6466.062500,6466.062500,6466.062500,0.00,0.00
2021-01-15,6466.062500,0,6466.062500,6466.062500,6466.062500,0.00,0.00
2021-01-17,6466.062500,0,6466.062500,6466.062500,6466.062500,0.00,0.00
2021-01-18,6466.062500,0,6466.062500,6466.062500,6466.062500,0.00,0.00
2021-01-19,6466.062500,0,6466.062500,6466.062500,6466.062500,0.00,0.00
2021-01-20,6466.062500,0,6466.062500,6466.062500,6466.062500,0.00,0.00
2021-01-21,6466.062500,0,6466.062500,6466.062500,6466.062500,0.00,0.00
2021-01-22,6466.062500,0,6466.062500,6466.062500,6466.062500,0.00,0.00
2021-01-24,6466.062500,0,6466.062500,6466.062500,6466.062500,0.00,0.00
2021-01-25,6466.062500,0,6466.062500,6466.062500,6466.062500,0.00,0.00
2021-01-26,6466.062500,0,6466.062500,6466.062500,6466.062500,0.00,0.00
2021-01-27,6466.062500,0,6466.062500,6466.062500,6466.062500,0.00,0.00
2021-01-28,6466.062500,0,6466.062500,6466.062500,6466.062500,0.00,0.00
2021-01-29,6466.062500,0,6466.062500,6466.062500,6466.062500,0.00,0.00
2021-01-31,6466.062500,0,6466.062500,6466.062500,6466.062500,0.00,0.00
2021-02-01,6466.062500,0,6466.062500,6466.062500,6466.062500,0.00,0.00
2021-02-02,6466.062500,0,6466.062500,6466.062500,6466.062500,0.00,0.00
2021-02-03,6466.062500,0,6466.062500,6466.062500,6466.062500,0.00,0.00
2021-02-04,6466.062500,0,6466.062500,6466.062500,6466.062500,0.00,0.00
2021-02-05,6466.062500,0,6466.062500,6466.062500,6466.062500,0.00,0.00
2021-02-07,6466.062500,0,6466.062500,6466.062500,6466.062500,0.00,0.00
2021-02-08,6466.062500,0,6466.062500,6466.062500,6466.062500,0.00,0.00
2021-02-09,6466.062500,0,6466.062500,6466.062500,6466.062500,0.00,0.00
2021-02-10,6466.062500,0,6466.062500,6466.062500,6466.062500,0.00,0.00
2021-02-11,6466.062500,0,6466.062500,6466.062500,6466.062500,0.00,0.00
2021-02-12,6466.062500,0,6466.062500,6466.062500,6466.062500,0.00,0.00
2021-02-14,6466.062500,0,6466.062500,6466.062500,6466.062500,0.00,0.00
2021-02-15,6466.062500,0,6466.062500,6466.062500,6466.062500,0.00,0.00
2021-02-16,6466.062500,0,6466.062500,6466.062500,6466.062500,0.00,0.00
2021-02-17,6466.062500,0,6466.062500,6466.062500,6466.062500,0.00,0.00
2021-02-18,6466.062500,0,6466.062500,6466.062500,6466.062500,0.00,0.00
2021-02-19,6466.062500,0,6466.062500,6466.062500,6466.062500,0.00,0.00
2021-02-21,6466.062500,0,6466.062500,6466.062500,6466.062500,0.00,0.00
2021-02-22,6466.062500,0,6466.062500,6466.062500,6466.062500,0.00,0.00
2021-02-23,6466.062500,0,6466.062500,6466.062500,6466.062500,0.00,0.00
2021-02-24,6466.062500,0,6466.062500,6466.062500,6466.062500,0.00,0.00
2021-02-25,6466.062500,0,6466.062500,6466.062500,6466.062500,0.00,0.00
2021-02-26,6466.062500,0,6466.062500,6466.062500,6466.062500,0.00,0.00
2021-02-28,6466.062500,0,6466.062500,6466.062500,6466.062500,0.00,0.00
2021-03-01,6466.062500,0,6466.062500,6466.062500,6466.062500,0.00,0.00
2021-03-02,6466.062500,0,6466.062500,6466.062500,6466.062500,0.00,0.00
2021-03-03,6466.062500,0,6466.062500,6466.062500,6466.062500,0.00,0.00
2021-03-04,6466.062500,0,6466.062500,6466.062500,6466.062500,0.00,0.00
2021-03-05,6466.062500,0,6466.062500,6466.062500,6466.062500,0.00,0.00
2021-03-07,6466.062500,0,6466.062500,6466.062500,6466.062500,0.00,0.00
2021-03-08,6466.062500,0,6466.062500,6466.062500,6466.062500,0.00,0.00
2021-03-09,6466.062500,0,6466.062500,6466.062500,6466.062500,0.00,0.00
2021-03-10,6466.062500,0,6466.062500,6466.062500,6466.062500,0.00,0.00
2021-03-11,6466.062500,0,6466.062500,6466.062500,6466.062500,0.00,0.00
2021-03-12,6466.062500,0,6466.062500,6466.062500,6466.062500,0.00,0.00
2021-03-14,6466.062500,0,6466.062500,6466.062500,6466.062500,0.00,0.00
2021-03-15,6466.062500,0,6466.062500,6466.062500,6466.062500,0.00,0.00
2021-03-16,6466.062500,0,6466.062500,6466.062500,6466.062500,0.00,0.00
2021-03-17,6466.062500,0,6466.062500,6466.062500,6466.062500,0.00,0.00
2021-03-18,6466.062500,0,6466.062500,6466.062500,6466.062500,0.00,0.00
2021-03-19,6466.062500,0,6466.062500,6466.062500,6466.062500,0.00,0.00
2021-03-21,6466.062500,0,6466.062500,6466.062500,6466.062500,0.00,0.00
2021-03-22,6466.062500,0,6466.062500,6466.062500,6466.062500,0.00,0.00
2021-03-23,6466.062500,0,6466.062500,6466.062500,6466.062500,0.00,0.00
2021-03-24,6466.062500,0,6466.062500,6466.062500,6466.062500,0.00,0.00
2021-03-25,6466.062500,0,6466.062500,6466.062500,6466.062500,0.00,0.00
2021-03-26,6466.062500,0,6466.062500,6466.062500,6466.062500,0.00,0.00
2021-03-28,6466.062500,0,6466.062500,6466.062500,6466.062500,0.00,0.00
2021-03-29,6466.062500,0,6466.062500,6466.062500,6466.062500,0.00,0.00
2021-03-30,6466.062500,0,6466.062500,6466.062500,6466.062500,0.00,0.00
2021-03-31,6466.062500,0,6466.062500,6466.062500,6466.062500,0.00,0.00
2021-04-01,6466.062500,0,6466.062500,6466.062500,6466.062500,0.00,0.00
2021-04-02,6466.062500,0,6466.062500,6466.062500,6466.062500,0.00,0.00
2021-04-04,6466.062500,0,6466.062500,6466.062500,6466.062500,0.00,0.00
2021-04-05,6466.062500,0,6466.062500,6466.062500,6466.062500,0.00,0.00
2021-04-06,6466.062500,0,6466.062500,6466.062500,6466.062500,0.00,0.00
2021-04-07,6466.062500,0,6466.062500,6466.062500,6466.062500,0.00,0.00
2021-04-08,6466.062500,0,6466.062500,6466.062500,6466.062500,0.00,0.00
2021-04-09,6466.062500,0,6466.062500,6466.062500,6466.062500,0.00,0.00
2021-04-11,6466.062500,0,6466.062500,6466.062500,6466.062500,0.00,0.00
2021-04-12,6466.062500,0,6466.062500,6466.062500,6466.062500,0.00,0.00
2021-04-13,6466.062500,0,6466.062500,6466.062500,6466.062500,0.00,0.00
2021-04-14,6466.062500,3,6199.062500,6082.062500,6466.062500,-534.00,-768.00
2021-04-15,6466.062500,3,6795.312500,6132.312500,6795.312500,0.00,-1326.00
2021-04-16,6466.062500,3,6830.562500,6622.812500,6830.562500,0.00,-415.50
2021-04-18,6466.062500,3,6736.812500,6683.562500,6830.562500,-187.50,-294.00
2021-04-19,6466.062500,3,6515.562500,6226.812500,6830.562500,-630.00,-1207.50
2021-04-20,6466.062500,3,6001.812500,5920.812500,6830.562500,-1657.50,-1819.50
2021-04-21,5956.062500,0,5956.062500,5956.062500,6830.562500,-1749.00,-1749.00
2021-04-22,5956.062500,0,5956.062500,5956.062500,6830.562500,-1749.00,-1749.00
2021-04-23,5956.062500,0,5956.062500,5956.062500,6830.562500,-1749.00,-1749.00
2021-04-25,5956.062500,0,5956.062500,5956.062500,6830.562500,-1749.00,-1749.00
2021-04-26,5956.062500,3,6336.312500,5851.062500,6830.562500,-988.50,-1959.00
2021-04-27,5956.062500,3,6142.812500,5992.062500,6830.562500,-1375.50,-1677.00
2021-04-28,5956.062500,3,6169.812500,5887.812500,6830.562500,-1321.50,-1885.50
2021-04-29,5956.062500,3,6001.062500,5708.562500,6830.562500,-1659.00,-2244.00
2021-04-30,5956.062500,3,5851.062500,5712.312500,6830.562500,-1959.00,-2236.50
2021-05-02,5956.062500,3,5893.812500,5856.312500,6830.562500,-1873.50,-1948.50
2021-05-03,5956.062500,3,5561.562500,5542.812500,6830.562500,-2538.00,-2575.50
2021-05-04,5956.062500,3,4828.062500,4396.062500,6830.562500,-4005.00,-4869.00
2021-05-05,5446.062500,0,5446.062500,5446.062500,6830.562500,-2769.00,-2769.00
2021-05-06,5446.062500,0,5446.062500,5446.062500,6830.562500,-2769.00,-2769.00
2021-05-07,5446.062500,0,5446.062500,5446.062500,6830.562500,-2769.00,-2769.00
2021-05-09,5446.062500,0,5446.062500,5446.062500,6830.562500,-2769.00,-2769.00
2021-05-10,5446.062500,0,5446.062500,5446.062500,6830.562500,-2769.00,-2769.00
2021-05-11,5446.062500,0,5446.062500,5446.062500,6830.562500,-2769.00,-2769.00
2021-05-12,5446.062500,0,5446.062500,5446.062500,6830.562500,-2769.00,-2769.00
2021-05-13,5446.062500,0,5446.062500,5446.062500,6830.562500,-2769.00,-2769.00
2021-05-14,5446.062500,0,5446.062500,5446.062500,6830.562500,-2769.00,-2769.00
2021-05-16,5446.062500,0,5446.062500,5446.062500,6830.562500,-2769.00,-2769.00
2021-05-17,5446.062500,0,5446.062500,5446.062500,6830.562500,-2769.00,-2769.00
2021-05-18,5446.062500,0,5446.062500,5446.062500,6830.562500,-2769.00,-2769.00
2021-05-19,5446.062500,0,5446.062500,5446.062500,6830.562500,-2769.00,-2769.00
2021-05-20,5446.062500,0,5446.062500,5446.062500,6830.562500,-2769.00,-2769.00
2021-05-21,5446.062500,0,5446.062500,5446.062500,6830.562500,-2769.00,-2769.00
2021-05-23,5446.062500,0,5446.062500,5446.062500,6830.562500,-2769.00,-2769.00
2021-05-24,5446.062500,0,5446.062500,5446.062500,6830.562500,-2769.00,-2769.00
2021-05-25,5446.062500,0,5446.062500,5446.062500,6830.562500,-2769.00,-2769.00
2021-05-26,5446.062500,0,5446.062500,5446.062500,6830.562500,-2769.00,-2769.00
2021-05-27,5446.062500,0,5446.062500,5446.062500,6830.562500,-2769.00,-2769.00
2021-05-28,5446.062500,0,5446.062500,5446.062500,6830.562500,-2769.00,-2769.00
2021-05-30,5446.062500,0,5446.062500,5446.062500,6830.562500,-2769.00,-2769.00
2021-05-31,5446.062500,0,5446.062500,5446.062500,6830.562500,-2769.00,-2769.00
2021-06-01,5446.062500,0,5446.062500,5446.062500,6830.562500,-2769.00,-2769.00
2021-06-02,5446.062500,0,5446.062500,5446.062500,6830.562500,-2769.00,-2769.00
2021-06-03,5446.062500,0,5446.062500,5446.062500,6830.562500,-2769.00,-2769.00
2021-06-04,5446.062500,0,5446.062500,5446.062500,6830.562500,-2769.00,-2769.00
2021-06-06,5446.062500,0,5446.062500,5446.062500,6830.562500,-2769.00,-2769.00
2021-06-07,5446.062500,0,5446.062500,5446.062500,6830.562500,-2769.00,-2769.00
2021-06-08,5446.062500,0,5446.062500,5446.062500,6830.562500,-2769.00,-2769.00
2021-06-09,5446.062500,0,5446.062500,5446.062500,6830.562500,-2769.00,-2769.00
2021-06-10,5446.062500,0,5446.062500,5446.062500,6830.562500,-2769.00,-2769.00
2021-06-11,5446.062500,0,5446.062500,5446.062500,6830.562500,-2769.00,-2769.00
2021-06-13,5446.062500,0,5446.062500,5446.062500,6830.562500,-2769.00,-2769.00
2021-06-14,5446.062500,0,5446.062500,5446.062500,6830.562500,-2769.00,-2769.00
2021-06-15,5446.062500,0,5446.062500,5446.062500,6830.562500,-2769.00,-2769.00
2021-06-16,5446.062500,3,5404.062500,5233.812500,6830.562500,-2853.00,-3193.50
2021-06-17,5446.062500,3,6271.062500,5269.812500,6830.562500,-1119.00,-3121.50
2021-06-18,5446.062500,3,5797.812500,5773.812500,6830.562500,-2065.50,-2113.50
2021-06-20,5446.062500,3,5858.562500,5783.562500,6830.562500,-1944.00,-2094.00
2021-06-21,5446.062500,3,6148.812500,5620.062500,6830.562500,-1363.50,-2421.00
2021-06-22,5446.062500,3,6561.312500,5942.562500,6830.562500,-538.50,-1776.00
2021-06-23,5446.062500,3,6602.562500,6439.062500,6830.562500,-456.00,-783.00
2021-06-24,5446.062500,3,6783.312500,6598.062500,6830.562500,-94.50,-465.00
2021-06-25,5868.625000,2,6729.625000,6693.625000,6830.562500,-201.88,-273.88
2021-06-27,5868.625000,2,6776.625000,6741.125000,6830.562500,-107.88,-178.88
2021-06-28,5868.625000,2,7050.625000,6733.625000,7050.625000,0.00,-634.00
2021-06-29,5868.625000,2,7242.625000,7004.625000,7242.625000,0.00,-476.00
2021-06-30,5868.625000,2,7188.125000,7103.125000,7242.625000,-109.00,-279.00
2021-07-01,5868.625000,2,7133.125000,7008.625000,7242.625000,-219.00,-468.00
2021-07-02,5868.625000,2,7468.125000,7094.125000,7468.125000,0.00,-748.00
2021-07-04,5868.625000,2,7496.125000,7463.125000,7496.125000,0.00,-66.00
2021-07-05,5868.625000,2,7495.625000,7416.625000,7496.125000,-1.00,-159.00
2021-07-06,5868.625000,2,7596.625000,7317.625000,7596.625000,0.00,-558.00
2021-07-07,5868.625000,2,7687.625000,7519.625000,7687.625000,0.00,-336.00
2021-07-08,5868.625000,2,7451.125000,7147.125000,7687.625000,-473.00,-1081.00
2021-07-09,5868.625000,2,7696.125000,7348.125000,7696.125000,0.00,-696.00
2021-07-11,5868.625000,2,7726.125000,7711.625000,7726.125000,0.00,-29.00
2021-07-12,5868.625000,2,7826.625000,7637.625000,7826.625000,0.00,-378.00
2021-07-13,5868.625000,2,7757.125000,7655.625000,7826.625000,-139.00,-342.00
2021-07-14,5868.625000,2,7875.625000,7749.125000,7875.625000,0.00,-253.00
2021-07-15,5868.625000,2,7581.125000,7483.625000,7875.625000,-589.00,-784.00
2021-07-16,5868.625000,2,7408.625000,7381.625000,7875.625000,-934.00,-988.00
2021-07-18,5868.625000,2,7353.625000,7292.125000,7875.625000,-1044.00,-1167.00
2021-07-19,5868.625000,2,7247.125000,6955.625000,7875.625000,-1257.00,-1840.00
2021-07-20,5868.625000,2,7554.125000,7100.625000,7875.625000,-643.00,-1550.00
2021-07-21,5868.625000,2,7739.125000,7400.625000,7875.625000,-273.00,-950.00
2021-07-22,5868.625000,2,8009.625000,7725.125000,8009.625000,0.00,-569.00
2021-07-23,5868.625000,2,8253.125000,7935.625000,8253.125000,0.00,-635.00
2021-07-25,5868.625000,2,8310.125000,8249.625000,8310.125000,0.00,-121.00
2021-07-26,5868.625000,2,8291.125000,8144.625000,8310.125000,-38.00,-331.00
2021-07-27,5868.625000,2,7908.625000,7616.125000,8310.125000,-803.00,-1388.00
2021-07-28,5868.625000,2,8044.625000,7853.625000,8310.125000,-531.00,-913.00
2021-07-29,5868.625000,2,7808.125000,7791.625000,8310.125000,-1004.00,-1037.00
2021-07-30,5868.625000,2,8001.625000,7690.125000,8310.125000,-617.00,-1240.00
2021-08-01,5868.625000,2,8070.625000,8007.125000,8310.125000,-479.00,-606.00
2021-08-02,5868.625000,2,7989.625000,7932.125000,8310.125000,-641.00,-756.00
2021-08-03,5868.625000,2,8129.125000,7764.625000,8310.125000,-362.00,-1091.00
2021-08-04,5868.625000,2,8234.625000,8060.625000,8310.125000,-151.00,-499.00
2021-08-05,5868.625000,2,8388.125000,8206.125000,8388.125000,0.00,-364.00
2021-08-06,5868.625000,2,8252.625000,8162.125000,8388.125000,-271.00,-452.00
2021-08-08,5868.625000,2,8111.125000,8074.125000,8388.125000,-554.00,-628.00
2021-08-09,5868.625000,2,8304.625000,8091.625000,8388.125000,-167.00,-593.00
2021-08-10,5868.625000,2,8138.125000,8056.625000,8388.125000,-500.00,-663.00
2021-08-11,5868.625000,2,8058.625000,7993.125000,8388.125000,-659.00,-790.00
2021-08-12,5868.625000,2,8202.625000,7949.125000,8388.125000,-371.00,-878.00
2021-08-13,5868.625000,2,8314.625000,8177.625000,8388.125000,-147.00,-421.00
2021-08-15,5868.625000,2,8295.125000,8277.125000,8388.125000,-186.00,-222.00
2021-08-16,5868.625000,2,8328.125000,7901.125000,8388.125000,-120.00,-974.00
2021-08-17,5868.625000,2,7981.125000,7861.125000,8388.125000,-814.00,-1054.00
2021-08-18,5868.625000,2,7758.125000,7680.125000,8388.125000,-1260.00,-1416.00
2021-08-19,5868.625000,2,7900.625000,7489.125000,8388.125000,-975.00,-1798.00
2021-08-20,5868.625000,2,8257.125000,7770.625000,8388.125000,-262.00,-1235.00
2021-08-22,5868.625000,2,8281.625000,8242.125000,8388.125000,-213.00,-292.00
2021-08-23,5868.625000,2,8726.125000,8273.625000,8726.125000,0.00,-905.00
2021-08-24,5868.625000,2,8782.625000,8685.625000,8782.625000,0.00,-194.00
2021-08-25,5868.625000,2,8790.625000,8733.125000,8790.625000,0.00,-115.00
2021-08-26,5868.625000,2,8623.625000,8578.125000,8790.625000,-334.00,-425.00
2021-08-27,5868.625000,2,8923.125000,8598.125000,8923.125000,0.00,-650.00
2021-08-29,5868.625000,2,8972.125000,8919.125000,8972.125000,0.00,-106.00
2021-08-30,5868.625000,2,9263.625000,8907.125000,9263.625000,0.00,-713.00
2021-08-31,7561.125000,1,9257.375000,9174.375000,9263.625000,-12.50,-178.50
2021-09-01,7561.125000,1,9278.875000,9238.125000,9278.875000,0.00,-81.50
2021-09-02,7561.125000,1,9257.375000,9211.625000,9278.875000,-43.00,-134.50
2021-09-03,7561.125000,1,9313.875000,9212.375000,9313.875000,0.00,-203.00
2021-09-05,7561.125000,1,9310.625000,9309.125000,9313.875000,-6.50,-9.50
2021-09-06,7561.125000,1,9349.625000,9302.375000,9349.625000,0.00,-94.50
2021-09-07,7561.125000,1,9322.375000,9267.375000,9349.625000,-54.50,-164.50
2021-09-08,7561.125000,1,9260.375000,9183.875000,9349.625000,-178.50,-331.50
2021-09-09,7561.125000,1,9224.375000,9206.125000,9349.625000,-250.50,-287.00
2021-09-10,7561.125000,1,9098.125000,9086.375000,9349.625000,-503.00,-526.50
2021-09-12,7561.125000,1,9144.875000,9098.625000,9349.625000,-409.50,-502.00
2021-09-13,7561.125000,1,9105.625000,9003.625000,9349.625000,-488.00,-692.00
2021-09-14,7561.125000,1,9067.375000,9004.625000,9349.625000,-564.50,-690.00
2021-09-15,7561.125000,1,9162.125000,8968.375000,9349.625000,-375.00,-762.50
2021-09-16,7561.125000,1,9141.875000,9019.375000,9349.625000,-415.50,-660.50
2021-09-17,7561.125000,1,8945.375000,8936.375000,9349.625000,-808.50,-826.50
2021-09-19,7561.125000,1,8986.375000,8942.875000,9349.625000,-726.50,-813.50
2021-09-20,7561.125000,1,8689.125000,8467.875000,9349.625000,-1321.00,-1763.50
2021-09-21,7561.125000,1,8633.375000,8624.125000,9349.625000,-1432.50,-1451.00
2021-09-22,7561.125000,1,8852.125000,8589.625000,9349.625000,-995.00,-1520.00
2021-09-23,7561.125000,1,8964.875000,8835.875000,9349.625000,-769.50,-1027.50
2021-09-24,7561.125000,1,8977.625000,8837.125000,9349.625000,-744.00,-1025.00
2021-09-26,7561.125000,1,8978.375000,8961.625000,9349.625000,-742.50,-776.00
2021-09-27,7561.125000,1,8828.875000,8744.375000,9349.625000,-1041.50,-1210.50
2021-09-28,7561.125000,1,8462.125000,8401.125000,9349.625000,-1775.00,-1897.00
2021-09-29,7561.125000,1,8449.625000,8371.375000,9349.625000,-1800.00,-1956.50
2021-09-30,7561.125000,1,8374.875000,8330.375000,9349.625000,-1949.50,-2038.50
2021-10-01,7561.125000,1,8439.875000,8197.375000,9349.625000,-1819.50,-2304.50
2021-10-03,7561.125000,1,8475.125000,8433.875000,9349.625000,-1749.00,-1831.50
2021-10-04,7561.125000,1,8146.125000,8028.125000,9349.625000,-2407.00,-2643.00
2021-10-05,7561.125000,1,8298.125000,8070.375000,9349.625000,-2103.00,-2558.50
2021-10-06,7561.125000,1,8469.375000,8082.625000,9349.625000,-1760.50,-2534.00
2021-10-07,7561.125000,1,8584.875000,8459.125000,9349.625000,-1529.50,-1781.00
2021-10-08,7561.125000,1,8464.875000,8451.375000,9349.625000,-1769.50,-1796.50
2021-10-10,7561.125000,1,8377.625000,8363.875000,9349.625000,-1944.00,-1971.50
2021-10-11,7561.125000,1,8345.125000,8324.625000,9349.625000,-2009.00,-2050.00
2021-10-12,7561.125000,1,8265.125000,8245.875000,9349.625000,-2169.00,-2207.50
2021-10-13,7561.125000,1,8464.625000,8251.875000,9349.625000,-1770.00,-2195.50
2021-10-14,7561.125000,1,8731.625000,8462.625000,9349.625000,-1236.00,-1774.00
2021-10-15,7561.125000,1,8805.375000,8681.125000,9349.625000,-1088.50,-1337.00
2021-10-17,7561.125000,1,8742.375000,8736.625000,9349.625000,-1214.50,-1226.00
2021-10-18,7561.125000,1,8952.375000,8698.875000,9349.625000,-794.50,-1301.50
2021-10-19,7561.125000,1,9069.625000,8935.625000,9349.625000,-560.00,-828.00
2021-10-20,7561.125000,1,8995.625000,8979.625000,9349.625000,-708.00,-740.00
2021-10-21,7561.125000,1,9052.125000,8961.125000,9349.625000,-595.00,-777.00
2021-10-22,7561.125000,1,8984.375000,8934.125000,9349.625000,-730.50,-831.00
2021-10-24,7561.125000,1,8966.625000,8956.875000,9349.625000,-766.00,-785.50
2021-10-25,7561.125000,1,9199.375000,8965.125000,9349.625000,-300.50,-769.00
2021-10-26,7561.125000,1,9220.375000,9163.125000,9349.625000,-258.50,-373.00
2021-10-27,7561.125000,1,9286.625000,9167.625000,9349.625000,-126.00,-364.00
2021-10-28,7561.125000,1,9332.625000,9251.625000,9349.625000,-34.00,-196.00
2021-10-29,7561.125000,1,9529.375000,9255.375000,9529.375000,0.00,-548.00
2021-10-31,7561.125000,1,9540.875000,9515.375000,9540.875000,0.00,-51.00
2021-11-01,7561.125000,1,9536.625000,9429.125000,9540.875000,-8.50,-223.50
2021-11-02,7561.125000,1,9603.125000,9509.875000,9603.125000,0.00,-186.50
2021-11-03,7561.125000,1,9846.375000,9595.375000,9846.375000,0.00,-502.00
2021-11-04,7561.125000,1,10000.625000,9813.125000,10000.625000,0.00,-375.00
2021-11-05,7561.125000,1,10003.625000,9952.625000,10003.625000,0.00,-102.00
2021-11-07,7561.125000,1,9972.625000,9925.375000,10003.625000,-62.00,-156.50
2021-11-08,7561.125000,1,9971.125000,9932.375000,10003.625000,-65.00,-142.50
2021-11-09,7561.125000,1,9846.125000,9820.375000,10003.625000,-315.00,-366.50
2021-11-10,7561.125000,1,9650.875000,9558.125000,10003.625000,-705.50,-891.00
2021-11-11,7561.125000,1,9724.875000,9640.875000,10003.625000,-557.50,-725.50
2021-11-12,7561.125000,1,9862.125000,9662.125000,10003.625000,-283.00,-683.00
2021-11-14,7561.125000,1,9886.625000,9870.375000,10003.625000,-234.00,-266.50
2021-11-15,7561.125000,1,9850.125000,9743.125000,10003.625000,-307.00,-521.00
2021-11-16,7561.125000,1,9965.625000,9802.875000,10003.625000,-76.00,-401.50
2021-11-17,7561.125000,1,9989.875000,9930.125000,10003.625000,-27.50,-147.00
2021-11-18,7561.125000,1,10156.375000,9964.125000,10156.375000,0.00,-384.50
2021-11-19,7561.125000,1,10248.625000,10153.125000,10248.625000,0.00,-191.00
2021-11-21,7561.125000,1,10249.125000,10248.125000,10249.125000,0.00,-2.00
2021-11-22,7561.125000,1,10057.125000,10025.125000,10249.125000,-384.00,-448.00
2021-11-23,7561.125000,1,9946.875000,9778.875000,10249.125000,-604.50,-940.50
2021-11-24,7561.125000,1,10018.125000,9762.375000,10249.125000,-462.00,-973.50
2021-11-25,7561.125000,1,10031.375000,10017.125000,10249.125000,-435.50,-464.00
2021-11-26,7561.125000,1,9705.125000,9648.375000,10249.125000,-1088.00,-1201.50
2021-11-28,7561.125000,1,9829.125000,9697.375000,10249.125000,-840.00,-1103.50
2021-11-29,7561.125000,1,10091.375000,9827.125000,10249.125000,-315.50,-844.00
2021-11-30,7561.125000,1,9885.125000,9728.625000,10249.125000,-728.00,-1041.00
2021-12-01,7561.125000,1,9608.875000,9486.875000,10249.125000,-1280.50,-1524.50
2021-12-02,7561.125000,1,9597.875000,9423.625000,10249.125000,-1302.50,-1651.00
2021-12-03,7561.125000,1,9346.375000,9198.375000,10249.125000,-1805.50,-2101.50
2021-12-05,7561.125000,1,9399.125000,9342.125000,10249.125000,-1700.00,-1814.00
2021-12-06,7561.125000,1,9502.875000,9219.625000,10249.125000,-1492.50,-2059.00
2021-12-07,7561.125000,1,10003.375000,9485.375000,10249.125000,-491.50,-1527.50
2021-12-08,7561.125000,1,10038.125000,9911.875000,10249.125000,-422.00,-674.50
2021-12-09,7561.125000,1,9835.375000,9780.625000,10249.125000,-827.50,-937.00
2021-12-10,7561.125000,1,9984.625000,9796.125000,10249.125000,-529.00,-906.00
2021-12-12,7561.125000,1,10022.125000,9984.375000,10249.125000,-454.00,-529.50
2021-12-13,7561.125000,1,9751.125000,9723.875000,10249.125000,-996.00,-1050.50
2021-12-14,7561.125000,1,9574.625000,9394.875000,10249.125000,-1349.00,-1708.50
2021-12-15,7561.125000,1,9983.875000,9400.625000,10249.125000,-530.50,-1697.00
2021-12-16,7561.125000,1,9499.125000,9453.125000,10249.125000,-1500.00,-1592.00
2021-12-17,7561.125000,1,9490.375000,9311.375000,10249.125000,-1517.50,-1875.50
2021-12-19,7561.125000,1,9367.125000,9355.375000,10249.125000,-1764.00,-1787.50
2021-12-20,7561.125000,1,9380.625000,9152.125000,10249.125000,-1737.00,-2194.00
2021-12-21,7561.125000,1,9620.375000,9265.625000,10249.125000,-1257.50,-1967.00
2021-12-22,7561.125000,1,9845.375000,9542.625000,10249.125000,-807.50,-1413.00
2021-12-23,7561.125000,1,9962.875000,9805.625000,10249.125000,-572.50,-887.00
2021-12-26,7561.125000,1,10002.625000,9964.625000,10249.125000,-493.00,-569.00
2021-12-27,7561.125000,1,10215.125000,9964.875000,10249.125000,-68.00,-568.50
2021-12-28,7561.125000,1,10199.625000,10113.625000,10249.125000,-99.00,-271.00
2021-12-29,7561.125000,1,10123.625000,10048.125000,10249.125000,-251.00,-402.00
2021-12-30,7561.125000,1,10098.625000,10071.625000,10249.125000,-301.00,-355.00
2021-12-31,7561.125000,1,9993.875000,9973.625000,10249.125000,-510.50,-551.00
2022-01-02,7561.125000,1,10044.625000,10015.375000,10249.125000,-409.00,-467.50
2022-01-03,10014.375000,0,10014.375000,10014.375000,10249.125000,-469.50,-469.50
2022-01-04,10014.375000,0,10014.375000,10014.375000,10249.125000,-469.50,-469.50
2022-01-05,10014.375000,0,10014.375000,10014.375000,10249.125000,-469.50,-469.50
2022-01-06,10014.375000,0,10014.375000,10014.375000,10249.125000,-469.50,-469.50
2022-01-07,10014.375000,0,10014.375000,10014.375000,10249.125000,-469.50,-469.50
2022-01-09,10014.375000,0,10014.375000,10014.375000,10249.125000,-469.50,-469.50
2022-01-10,10014.375000,0,10014.375000,10014.375000,10249.125000,-469.50,-469.50
2022-01-11,10014.375000,0,10014.375000,10014.375000,10249.125000,-469.50,-469.50
2022-01-12,10014.375000,0,10014.375000,10014.375000,10249.125000,-469.50,-469.50
2022-01-13,10014.375000,0,10014.375000,10014.375000,10249.125000,-469.50,-469.50
2022-01-14,10014.375000,0,10014.375000,10014.375000,10249.125000,-469.50,-469.50
2022-01-16,10014.375000,0,10014.375000,10014.375000,10249.125000,-469.50,-469.50
2022-01-17,10014.375000,0,10014.375000,10014.375000,10249.125000,-469.50,-469.50
2022-01-18,10014.375000,0,10014.375000,10014.375000,10249.125000,-469.50,-469.50
2022-01-19,10014.375000,0,10014.375000,10014.375000,10249.125000,-469.50,-469.50
2022-01-20,10014.375000,0,10014.375000,10014.375000,10249.125000,-469.50,-469.50
2022-01-21,10014.375000,0,10014.375000,10014.375000,10249.125000,-469.50,-469.50
2022-01-23,10014.375000,0,10014.375000,10014.375000,10249.125000,-469.50,-469.50
2022-01-24,10014.375000,0,10014.375000,10014.375000,10249.125000,-469.50,-469.50
2022-01-25,10014.375000,0,10014.375000,10014.375000,10249.125000,-469.50,-469.50
2022-01-26,10014.375000,0,10014.375000,10014.375000,10249.125000,-469.50,-469.50
2022-01-27,10014.375000,0,10014.375000,10014.375000,10249.125000,-469.50,-469.50
2022-01-28,10014.375000,0,10014.375000,10014.375000,10249.125000,-469.50,-469.50
2022-01-30,10014.375000,0,10014.375000,10014.375000,10249.125000,-469.50,-469.50
2022-01-31,10014.375000,0,10014.375000,10014.375000,10249.125000,-469.50,-469.50
2022-02-01,10014.375000,0,10014.375000,10014.375000,10249.125000,-469.50,-469.50
2022-02-02,10014.375000,0,10014.375000,10014.375000,10249.125000,-469.50,-469.50
2022-02-03,10014.375000,0,10014.375000,10014.375000,10249.125000,-469.50,-469.50
2022-02-04,10014.375000,0,10014.375000,10014.375000,10249.125000,-469.50,-469.50
2022-02-06,10014.375000,0,10014.375000,10014.375000,10249.125000,-469.50,-469.50
2022-02-07,10014.375000,0,10014.375000,10014.375000,10249.125000,-469.50,-469.50
2022-02-08,10014.375000,0,10014.375000,10014.375000,10249.125000,-469.50,-469.50
2022-02-09,10014.375000,0,10014.375000,10014.375000,10249.125000,-469.50,-469.50
2022-02-10,10014.375000,0,10014.375000,10014.375000,10249.125000,-469.50,-469.50
2022-02-11,10014.375000,0,10014.375000,10014.375000,10249.125000,-469.50,-469.50
2022-02-13,10014.375000,0,10014.375000,10014.375000,10249.125000,-469.50,-469.50
2022-02-14,10014.375000,0,10014.375000,10014.375000,10249.125000,-469.50,-469.50
2022-02-15,10014.375000,0,10014.375000,10014.375000,10249.125000,-469.50,-469.50
2022-02-16,10014.375000,0,10014.375000,10014.375000,10249.125000,-469.50,-469.50
2022-02-17,10014.375000,0,10014.375000,10014.375000,10249.125000,-469.50,-469.50
2022-02-18,10014.375000,0,10014.375000,10014.375000,10249.125000,-469.50,-469.50
2022-02-20,10014.375000,0,10014.375000,10014.375000,10249.125000,-469.50,-469.50
2022-02-21,10014.375000,0,10014.375000,10014.375000,10249.125000,-469.50,-469.50
2022-02-22,10014.375000,0,10014.375000,10014.375000,10249.125000,-469.50,-469.50
2022-02-23,10014.375000,0,10014.375000,10014.375000,10249.125000,-469.50,-469.50
2022-02-24,10014.375000,0,10014.375000,10014.375000,10249.125000,-469.50,-469.50
2022-02-25,10014.375000,0,10014.375000,10014.375000,10249.125000,-469.50,-469.50
2022-02-27,10014.375000,0,10014.375000,10014.375000,10249.125000,-469.50,-469.50
2022-02-28,10014.375000,0,10014.375000,10014.375000,10249.125000,-469.50,-469.50
2022-03-01,10014.375000,0,10014.375000,10014.375000,10249.125000,-469.50,-469.50
2022-03-02,10014.375000,0,10014.375000,10014.375000,10249.125000,-469.50,-469.50
2022-03-03,10014.375000,0,10014.375000,10014.375000,10249.125000,-469.50,-469.50
2022-03-04,10014.375000,0,10014.375000,10014.375000,10249.125000,-469.50,-469.50
2022-03-06,10014.375000,0,10014.375000,10014.375000,10249.125000,-469.50,-469.50
2022-03-07,10014.375000,0,10014.375000,10014.375000,10249.125000,-469.50,-469.50
2022-03-08,10014.375000,0,10014.375000,10014.375000,10249.125000,-469.50,-469.50
2022-03-09,10014.375000,0,10014.375000,10014.375000,10249.125000,-469.50,-469.50
2022-03-10,10014.375000,0,10014.375000,10014.375000,10249.125000,-469.50,-469.50
2022-03-11,10014.375000,0,10014.375000,10014.375000,10249.125000,-469.50,-469.50
2022-03-13,10014.375000,0,10014.375000,10014.375000,10249.125000,-469.50,-469.50
2022-03-14,10014.375000,0,10014.375000,10014.375000,10249.125000,-469.50,-469.50
2022-03-15,10014.375000,0,10014.375000,10014.375000,10249.125000,-469.50,-469.50
2022-03-16,10014.375000,0,10014.375000,10014.375000,10249.125000,-469.50,-469.50
2022-03-17,10014.375000,0,10014.375000,10014.375000,10249.125000,-469.50,-469.50
2022-03-18,10014.375000,0,10014.375000,10014.375000,10249.125000,-469.50,-469.50
2022-03-20,10014.375000,0,10014.375000,10014.375000,10249.125000,-469.50,-469.50
2022-03-21,10014.375000,0,10014.375000,10014.375000,10249.125000,-469.50,-469.50
2022-03-22,10014.375000,0,10014.375000,10014.375000,10249.125000,-469.50,-469.50
2022-03-23,10014.375000,0,10014.375000,10014.375000,10249.125000,-469.50,-469.50
2022-03-24,10014.375000,0,10014.375000,10014.375000,10249.125000,-469.50,-469.50
2022-03-25,10014.375000,0,10014.375000,10014.375000,10249.125000,-469.50,-469.50
2022-03-27,10014.375000,0,10014.375000,10014.375000,10249.125000,-469.50,-469.50
2022-03-28,10014.375000,0,10014.375000,10014.375000,10249.125000,-469.50,-469.50
2022-03-29,10014.375000,0,10014.375000,10014.375000,10249.125000,-469.50,-469.50
2022-03-30,10014.375000,0,10014.375000,10014.375000,10249.125000,-469.50,-469.50
2022-03-31,10014.375000,0,10014.375000,10014.375000,10249.125000,-469.50,-469.50
2022-04-01,10014.375000,0,10014.375000,10014.375000,10249.125000,-469.50,-469.50
2022-04-03,10014.375000,0,10014.375000,10014.375000,10249.125000,-469.50,-469.50
2022-04-04,10014.375000,0,10014.375000,10014.375000,10249.125000,-469.50,-469.50
2022-04-05,10014.375000,0,10014.375000,10014.375000,10249.125000,-469.50,-469.50
2022-04-06,10014.375000,0,10014.375000,10014.375000,10249.125000,-469.50,-469.50
2022-04-07,10014.375000,0,10014.375000,10014.375000,10249.125000,-469.50,-469.50
2022-04-08,10014.375000,0,10014.375000,10014.375000,10249.125000,-469.50,-469.50
2022-04-10,10014.375000,0,10014.375000,10014.375000,10249.125000,-469.50,-469.50
2022-04-11,10014.375000,0,10014.375000,10014.375000,10249.125000,-469.50,-469.50
2022-04-12,10014.375000,0,10014.375000,10014.375000,10249.125000,-469.50,-469.50
2022-04-13,10014.375000,0,10014.375000,10014.375000,10249.125000,-469.50,-469.50
2022-04-14,10014.375000,0,10014.375000,10014.375000,10249.125000,-469.50,-469.50
2022-04-17,10014.375000,0,10014.375000,10014.375000,10249.125000,-469.50,-469.50
2022-04-18,10014.375000,0,10014.375000,10014.375000,10249.125000,-469.50,-469.50
2022-04-19,10014.375000,0,10014.375000,10014.375000,10249.125000,-469.50,-469.50
2022-04-20,10014.375000,0,10014.375000,10014.375000,10249.125000,-469.50,-469.50
2022-04-21,10014.375000,0,10014.375000,10014.375000,10249.125000,-469.50,-469.50
2022-04-22,10014.375000,0,10014.375000,10014.375000,10249.125000,-469.50,-469.50
2022-04-24,10014.375000,0,10014.375000,10014.375000,10249.125000,-469.50,-469.50
2022-04-25,10014.375000,0,10014.375000,10014.375000,10249.125000,-469.50,-469.50
2022-04-26,10014.375000,0,10014.375000,10014.375000,10249.125000,-469.50,-469.50
2022-04-27,10014.375000,0,10014.375000,10014.375000,10249.125000,-469.50,-469.50
2022-04-28,10014.375000,0,10014.375000,10014.375000,10249.125000,-469.50,-469.50
2022-04-29,10014.375000,0,10014.375000,10014.375000,10249.125000,-469.50,-469.50
2022-05-01,10014.375000,0,10014.375000,10014.375000,10249.125000,-469.50,-469.50
2022-05-02,10014.375000,3,9667.875000,9586.125000,10249.125000,-1162.50,-1326.00
2022-05-03,10014.375000,3,9478.125000,9287.625000,10249.125000,-1542.00,-1923.00
2022-05-04,10014.375000,3,8303.625000,8173.875000,10249.125000,-3891.00,-4150.50
2022-05-05,8209.875000,0,8209.875000,8209.875000,10249.125000,-4078.50,-4078.50
2022-05-06,8209.875000,0,8209.875000,8209.875000,10249.125000,-4078.50,-4078.50
2022-05-08,8209.875000,0,8209.875000,8209.875000,10249.125000,-4078.50,-4078.50
2022-05-09,8209.875000,0,8209.875000,8209.875000,10249.125000,-4078.50,-4078.50
2022-05-10,8209.875000,0,8209.875000,8209.875000,10249.125000,-4078.50,-4078.50
2022-05-11,8209.875000,0,8209.875000,8209.875000,10249.125000,-4078.50,-4078.50
2022-05-12,8209.875000,0,8209.875000,8209.875000,10249.125000,-4078.50,-4078.50
2022-05-13,8209.875000,0,8209.875000,8209.875000,10249.125000,-4078.50,-4078.50
2022-05-15,8209.875000,0,8209.875000,8209.875000,10249.125000,-4078.50,-4078.50
2022-05-16,8209.875000,0,8209.875000,8209.875000,10249.125000,-4078.50,-4078.50
2022-05-17,8209.875000,0,8209.875000,8209.875000,10249.125000,-4078.50,-4078.50
2022-05-18,8209.875000,0,8209.875000,8209.875000,10249.125000,-4078.50,-4078.50
2022-05-19,8209.875000,0,8209.875000,8209.875000,10249.125000,-4078.50,-4078.50
2022-05-20,8209.875000,0,8209.875000,8209.875000,10249.125000,-4078.50,-4078.50
2022-05-22,8209.875000,0,8209.875000,8209.875000,10249.125000,-4078.50,-4078.50
2022-05-23,8209.875000,0,8209.875000,8209.875000,10249.125000,-4078.50,-4078.50
2022-05-24,8209.875000,0,8209.875000,8209.875000,10249.125000,-4078.50,-4078.50
2022-05-25,8209.875000,0,8209.875000,8209.875000,10249.125000,-4078.50,-4078.50
2022-05-26,8209.875000,0,8209.875000,8209.875000,10249.125000,-4078.50,-4078.50
2022-05-27,8209.875000,0,8209.875000,8209.875000,10249.125000,-4078.50,-4078.50
2022-05-29,8209.875000,0,8209.875000,8209.875000,10249.125000,-4078.50,-4078.50
2022-05-30,8209.875000,0,8209.875000,8209.875000,10249.125000,-4078.50,-4078.50
2022-05-31,8209.875000,0,8209.875000,8209.875000,10249.125000,-4078.50,-4078.50
2022-06-01,8209.875000,0,8209.875000,8209.875000,10249.125000,-4078.50,-4078.50
2022-06-02,8209.875000,3,8269.125000,8200.125000,10249.125000,-3960.00,-4098.00
2022-06-03,8209.875000,3,9385.125000,8254.875000,10249.125000,-1728.00,-3988.50
2022-06-05,8209.875000,3,9385.125000,9261.375000,10249.125000,-1728.00,-1975.50
2022-06-06,8209.875000,3,9225.375000,8603.625000,10249.125000,-2047.50,-3291.00
2022-06-07,8209.875000,3,9022.875000,8813.625000,10249.125000,-2452.50,-2871.00
2022-06-08,8209.875000,3,9161.625000,8684.625000,10249.125000,-2175.00,-3129.00
2022-06-09,8209.875000,3,10169.625000,8857.125000,10249.125000,-159.00,-2784.00
2022-06-10,8209.875000,3,11449.875000,10016.625000,11449.875000,0.00,-2866.50
2022-06-12,9114.687500,2,11610.187500,11339.687500,11610.187500,0.00,-541.00
2022-06-13,9114.687500,2,12254.187500,11606.187500,12254.187500,0.00,-1296.00
2022-06-14,9114.687500,2,12135.187500,11929.187500,12254.187500,-238.00,-650.00
2022-06-15,9114.687500,2,11547.187500,11409.687500,12254.187500,-1414.00,-1689.00
2022-06-16,9114.687500,2,12611.687500,11450.187500,12611.687500,0.00,-2323.00
2022-06-17,9114.687500,2,12355.187500,12205.687500,12611.687500,-513.00,-812.00
2022-06-19,9114.687500,2,12141.687500,12123.187500,12611.687500,-940.00,-977.00
2022-06-20,9114.687500,2,12148.687500,12111.187500,12611.687500,-926.00,-1001.00
2022-06-21,9114.687500,2,11845.687500,11641.187500,12611.687500,-1532.00,-1941.00
2022-06-22,9114.687500,2,12027.687500,11505.187500,12611.687500,-1168.00,-2213.00
2022-06-23,9114.687500,2,11606.687500,11463.687500,12611.687500,-2010.00,-2296.00
2022-06-24,9114.687500,2,10732.687500,10700.187500,12611.687500,-3758.00,-3823.00
2022-06-26,9114.687500,2,10810.687500,10667.187500,12611.687500,-3602.00,-3889.00
2022-06-27,9114.687500,2,10863.187500,10472.687500,12611.687500,-3497.00,-4278.00
2022-06-28,9114.687500,2,11624.187500,10649.687500,12611.687500,-1975.00,-3924.00
2022-06-29,9114.687500,2,11644.187500,11500.187500,12611.687500,-1935.00,-2223.00
2022-06-30,9114.687500,2,11910.187500,11622.187500,12611.687500,-1403.00,-1979.00
2022-07-01,9114.687500,2,11771.687500,11738.687500,12611.687500,-1680.00,-1746.00
2022-07-03,9114.687500,2,11856.187500,11700.687500,12611.687500,-1511.00,-1822.00
2022-07-04,9114.687500,2,11606.187500,11500.687500,12611.687500,-2011.00,-2222.00
2022-07-05,9114.687500,2,11431.187500,11266.187500,12611.687500,-2361.00,-2691.00
2022-07-06,9114.687500,2,11201.687500,11050.187500,12611.687500,-2820.00,-3123.00
2022-07-07,9114.687500,2,10788.687500,10660.687500,12611.687500,-3646.00,-3902.00
2022-07-08,9114.687500,2,10675.687500,10576.187500,12611.687500,-3872.00,-4071.00
2022-07-10,9114.687500,2,10763.687500,10688.187500,12611.687500,-3696.00,-3847.00
2022-07-11,9114.687500,2,11191.687500,10750.187500,12611.687500,-2840.00,-3723.00
2022-07-12,9114.687500,2,11451.187500,10947.187500,12611.687500,-2321.00,-3329.00
2022-07-13,9114.687500,2,11646.187500,11002.187500,12611.687500,-1931.00,-3219.00
2022-07-14,9114.687500,2,11273.687500,11264.687500,12611.687500,-2676.00,-2694.00
2022-07-15,9114.687500,2,10959.187500,10954.687500,12611.687500,-3305.00,-3314.00
2022-07-17,9114.687500,2,10878.687500,10838.187500,12611.687500,-3466.00,-3547.00
2022-07-18,9114.687500,2,11117.687500,10624.687500,12611.687500,-2988.00,-3974.00
2022-07-19,9114.687500,2,10372.687500,10188.187500,12611.687500,-4478.00,-4847.00
2022-07-20,9114.687500,2,10126.687500,9963.187500,12611.687500,-4970.00,-5297.00
2022-07-21,9114.687500,2,9902.687500,9687.187500,12611.687500,-5418.00,-5849.00
2022-07-22,9114.687500,2,10144.187500,9604.187500,12611.687500,-4935.00,-6015.00
2022-07-24,9114.687500,2,10192.187500,10087.687500,12611.687500,-4839.00,-5048.00
2022-07-25,9114.687500,2,10401.687500,10000.687500,12611.687500,-4420.00,-5222.00
2022-07-26,9114.687500,2,10438.187500,10330.187500,12611.687500,-4347.00,-4563.00
2022-07-27,9114.687500,2,9844.187500,9618.187500,12611.687500,-5535.00,-5987.00
2022-07-28,9114.687500,2,9212.687500,9102.187500,12611.687500,-6798.00,-7019.00
2022-07-29,9114.687500,2,9049.187500,8973.187500,12611.687500,-7125.00,-7277.00
2022-07-31,9114.687500,2,9159.687500,9002.687500,12611.687500,-6904.00,-7218.00
2022-08-01,9114.687500,2,9096.687500,8781.187500,12611.687500,-7030.00,-7661.00
2022-08-02,9114.687500,2,9192.187500,8804.187500,12611.687500,-6839.00,-7615.00
2022-08-03,9114.687500,2,8529.687500,8377.187500,12611.687500,-8164.00,-8469.00
2022-08-04,9114.687500,2,8331.687500,8286.187500,12611.687500,-8560.00,-8651.00
2022-08-05,9114.687500,2,8568.687500,8228.187500,12611.687500,-8086.00,-8767.00
2022-08-07,9114.687500,2,8642.687500,8418.687500,12611.687500,-7938.00,-8386.00
2022-08-08,9114.687500,2,8556.687500,8159.187500,12611.687500,-8110.00,-8905.00
2022-08-09,9114.687500,2,8892.687500,8544.687500,12611.687500,-7438.00,-8134.00
2022-08-10,9114.687500,2,8200.187500,8182.187500,12611.687500,-8823.00,-8859.00
2022-08-11,9114.687500,2,8326.687500,7846.687500,12611.687500,-8570.00,-9530.00
2022-08-12,7911.687500,0,7911.687500,7911.687500,12611.687500,-9400.00,-9400.00
2022-08-14,7911.687500,0,7911.687500,7911.687500,12611.687500,-9400.00,-9400.00
2022-08-15,7911.687500,0,7911.687500,7911.687500,12611.687500,-9400.00,-9400.00
2022-08-16,7911.687500,0,7911.687500,7911.687500,12611.687500,-9400.00,-9400.00
2022-08-17,7911.687500,0,7911.687500,7911.687500,12611.687500,-9400.00,-9400.00
2022-08-18,7911.687500,0,7911.687500,7911.687500,12611.687500,-9400.00,-9400.00
2022-08-19,7911.687500,0,7911.687500,7911.687500,12611.687500,-9400.00,-9400.00
2022-08-21,7911.687500,0,7911.687500,7911.687500,12611.687500,-9400.00,-9400.00
2022-08-22,7911.687500,0,7911.687500,7911.687500,12611.687500,-9400.00,-9400.00
2022-08-23,7911.687500,0,7911.687500,7911.687500,12611.687500,-9400.00,-9400.00
2022-08-24,7911.687500,3,7933.437500,7700.937500,12611.687500,-9356.50,-9821.50
2022-08-25,7911.687500,3,7303.437500,7187.937500,12611.687500,-10616.50,-10847.50
2022-08-26,7911.687500,3,9062.187500,7076.937500,12611.687500,-7099.00,-11069.50
2022-08-28,7911.687500,3,9479.187500,9200.937500,12611.687500,-6265.00,-6821.50
2022-08-29,7911.687500,3,9139.437500,8906.937500,12611.687500,-6944.50,-7409.50
2022-08-30,7911.687500,3,9638.187500,8759.937500,12611.687500,-5947.00,-7703.50
2022-08-31,7911.687500,3,10203.687500,9197.937500,12611.687500,-4816.00,-6827.50
2022-09-01,7911.687500,3,9840.687500,9778.437500,12611.687500,-5542.00,-5666.50
2022-09-02,8816.500000,2,10440.500000,9776.000000,12611.687500,-4342.38,-5671.38
2022-09-04,8816.500000,2,10453.000000,10438.000000,12611.687500,-4317.38,-4347.38
2022-09-05,8816.500000,2,10403.500000,10328.500000,12611.687500,-4416.38,-4566.38
2022-09-06,8816.500000,2,10686.500000,10210.500000,12611.687500,-3850.38,-4802.38
2022-09-07,8816.500000,2,10183.000000,10087.500000,12611.687500,-4857.38,-5048.38
2022-09-08,8816.500000,2,9998.000000,9941.000000,12611.687500,-5227.38,-5341.38
2022-09-09,8816.500000,2,9517.500000,9471.500000,12611.687500,-6188.38,-6280.38
2022-09-11,8816.500000,2,9437.000000,9341.000000,12611.687500,-6349.38,-6541.38
2022-09-12,8816.500000,2,9009.000000,8969.000000,12611.687500,-7205.38,-7285.38
2022-09-13,8816.500000,2,10422.500000,8747.000000,12611.687500,-4378.38,-7729.38
2022-09-14,8816.500000,2,10204.000000,10164.500000,12611.687500,-4815.38,-4894.38
2022-09-15,8816.500000,2,10869.000000,10180.000000,12611.687500,-3485.38,-4863.38
2022-09-16,8816.500000,2,10784.000000,10780.000000,12611.687500,-3655.38,-3663.38
2022-09-18,8816.500000,2,10839.500000,10812.000000,12611.687500,-3544.38,-3599.38
2022-09-19,8816.500000,2,10543.500000,10542.500000,12611.687500,-4136.38,-4138.38
2022-09-20,8816.500000,2,10846.000000,10515.000000,12611.687500,-3531.38,-4193.38
2022-09-21,8816.500000,2,11475.000000,10422.000000,12611.687500,-2273.38,-4379.38
2022-09-22,8816.500000,2,11525.500000,11108.500000,12611.687500,-2172.38,-3006.38
2022-09-23,8816.500000,2,11924.000000,11500.000000,12611.687500,-1375.38,-2223.38
2022-09-25,8816.500000,2,12010.000000,11907.500000,12611.687500,-1203.38,-1408.38
2022-09-26,8816.500000,2,12002.500000,11624.500000,12611.687500,-1218.38,-1974.38
2022-09-27,8816.500000,2,12006.000000,11564.000000,12611.687500,-1211.38,-2095.38
2022-09-28,8816.500000,2,11632.500000,11475.000000,12611.687500,-1958.38,-2273.38
2022-09-29,8816.500000,2,12170.000000,11567.500000,12611.687500,-883.38,-2088.38
2022-09-30,8816.500000,2,12587.000000,11986.000000,12611.687500,-49.38,-1251.38
2022-10-02,8816.500000,2,12813.500000,12597.500000,12813.500000,0.00,-432.00
2022-10-03,8816.500000,2,12012.000000,11984.500000,12813.500000,-1603.00,-1658.00
2022-10-04,8816.500000,2,11458.500000,11347.500000,12813.500000,-2710.00,-2932.00
2022-10-05,8816.500000,2,11301.500000,11278.000000,12813.500000,-3024.00,-3071.00
2022-10-06,8816.500000,2,11702.500000,11240.000000,12813.500000,-2222.00,-3147.00
2022-10-07,8816.500000,2,12507.500000,11546.000000,12813.500000,-612.00,-2535.00
2022-10-09,8816.500000,2,12628.500000,12562.500000,12813.500000,-370.00,-502.00
2022-10-10,8816.500000,2,12671.000000,12427.000000,12813.500000,-285.00,-773.00
2022-10-11,8816.500000,2,12970.000000,12620.500000,12970.000000,0.00,-699.00
2022-10-12,8816.500000,2,12961.500000,12746.500000,12970.000000,-17.00,-447.00
2022-10-13,8816.500000,2,12570.500000,12415.500000,12970.000000,-799.00,-1109.00
2022-10-14,8816.500000,2,13202.500000,12192.500000,13202.500000,0.00,-2020.00
2022-10-16,8816.500000,2,13117.000000,13095.000000,13202.500000,-171.00,-215.00
2022-10-17,8816.500000,2,12277.500000,12263.500000,13202.500000,-1850.00,-1878.00
2022-10-18,8816.500000,2,12012.500000,11836.500000,13202.500000,-2380.00,-2732.00
2022-10-19,8816.500000,2,12522.000000,11944.500000,13202.500000,-1361.00,-2516.00
2022-10-20,8816.500000,2,12659.000000,12042.000000,13202.500000,-1087.00,-2321.00
2022-10-21,8816.500000,2,11941.500000,11927.500000,13202.500000,-2522.00,-2550.00
2022-10-23,8816.500000,2,11796.000000,11638.500000,13202.500000,-2813.00,-3128.00
2022-10-24,8816.500000,2,11751.000000,11669.000000,13202.500000,-2903.00,-3067.00
2022-10-25,8816.500000,2,11762.000000,11234.500000,13202.500000,-2881.00,-3936.00
2022-10-26,8816.500000,2,11702.500000,11293.000000,13202.500000,-3000.00,-3819.00
2022-10-27,8816.500000,2,12430.000000,11624.500000,13202.500000,-1545.00,-3156.00
2022-10-28,8816.500000,2,11446.500000,11446.000000,13202.500000,-3512.00,-3513.00
2022-10-30,8816.500000,2,11585.000000,11500.000000,13202.500000,-3235.00,-3405.00
2022-10-31,8816.500000,2,11762.500000,11537.000000,13202.500000,-2880.00,-3331.00
2022-11-01,8816.500000,2,12034.500000,11462.000000,13202.500000,-2336.00,-3481.00
2022-11-02,8816.500000,2,12861.500000,11780.500000,13202.500000,-682.00,-2844.00
2022-11-03,8816.500000,2,13278.500000,12708.500000,13278.500000,0.00,-1140.00
2022-11-04,8816.500000,2,12950.500000,12751.500000,13278.500000,-656.00,-1054.00
2022-11-06,8816.500000,2,13107.500000,13041.500000,13278.500000,-342.00,-474.00
2022-11-07,8816.500000,2,12650.500000,12623.000000,13278.500000,-1256.00,-1311.00
2022-11-08,8816.500000,2,12449.500000,12237.000000,13278.500000,-1658.00,-2083.00
2022-11-09,8816.500000,2,13010.500000,12370.500000,13278.500000,-536.00,-1816.00
2022-11-10,8816.500000,2,11350.000000,11330.500000,13278.500000,-3857.00,-3896.00
2022-11-11,8816.500000,2,11029.500000,10946.500000,13278.500000,-4498.00,-4664.00
2022-11-13,8816.500000,2,11077.500000,11062.000000,13278.500000,-4402.00,-4433.00
2022-11-14,8816.500000,2,11166.000000,10903.000000,13278.500000,-4225.00,-4751.00
2022-11-15,8816.500000,2,10902.500000,10463.000000,13278.500000,-4752.00,-5631.00
2022-11-16,8816.500000,2,11140.000000,10775.500000,13278.500000,-4277.00,-5006.00
2022-11-17,8816.500000,2,11260.500000,11043.500000,13278.500000,-4036.00,-4470.00
2022-11-18,8816.500000,2,11281.000000,11012.000000,13278.500000,-3995.00,-4533.00
2022-11-20,8816.500000,2,11282.000000,11189.500000,13278.500000,-3993.00,-4178.00
2022-11-21,8816.500000,2,11512.000000,11271.000000,13278.500000,-3533.00,-4015.00
2022-11-22,8816.500000,2,11210.000000,11181.500000,13278.500000,-4137.00,-4194.00
2022-11-23,8816.500000,2,10923.000000,10903.500000,13278.500000,-4711.00,-4750.00
2022-11-24,8816.500000,2,10864.500000,10834.500000,13278.500000,-4828.00,-4888.00
2022-11-25,8816.500000,2,11132.000000,10860.500000,13278.500000,-4293.00,-4836.00
2022-11-27,8816.500000,2,11246.500000,11204.000000,13278.500000,-4064.00,-4149.00
2022-11-28,8816.500000,2,11462.500000,11123.500000,13278.500000,-3632.00,-4310.00
2022-11-29,8816.500000,2,11693.500000,11291.500000,13278.500000,-3170.00,-3974.00
2022-11-30,8816.500000,2,10554.000000,10525.000000,13278.500000,-5449.00,-5507.00
2022-12-01,8816.500000,2,10620.000000,10410.500000,13278.500000,-5317.00,-5736.00
2022-12-02,8816.500000,2,10740.500000,10564.000000,13278.500000,-5076.00,-5429.00
2022-12-04,8816.500000,2,10697.000000,10670.000000,13278.500000,-5163.00,-5217.00
2022-12-05,8816.500000,2,11061.500000,10681.000000,13278.500000,-4434.00,-5195.00
2022-12-06,8816.500000,2,11543.500000,11008.000000,13278.500000,-3470.00,-4541.00
2022-12-07,8816.500000,2,11679.000000,11508.000000,13278.500000,-3199.00,-3541.00
2022-12-08,8816.500000,2,11425.000000,11329.000000,13278.500000,-3707.00,-3899.00
2022-12-09,8816.500000,2,11594.000000,11204.000000,13278.500000,-3369.00,-4149.00
2022-12-11,8816.500000,2,11628.000000,11554.000000,13278.500000,-3301.00,-3449.00
2022-12-12,8816.500000,2,11044.500000,11031.500000,13278.500000,-4468.00,-4494.00
2022-12-13,8816.500000,2,10780.500000,10040.000000,13278.500000,-4996.00,-6477.00
2022-12-14,8816.500000,2,10934.000000,10561.000000,13278.500000,-4689.00,-5435.00
2022-12-15,8816.500000,2,11782.500000,10904.000000,13278.500000,-2992.00,-4749.00
2022-12-16,8816.500000,2,12061.500000,11717.000000,13278.500000,-2434.00,-3123.00
2022-12-18,8816.500000,2,11994.500000,11967.500000,13278.500000,-2568.00,-2622.00
2022-12-19,8816.500000,2,12273.000000,11878.000000,13278.500000,-2011.00,-2801.00
2022-12-20,8816.500000,2,12253.500000,12205.500000,13278.500000,-2050.00,-2146.00
2022-12-21,8816.500000,2,11994.500000,11920.500000,13278.500000,-2568.00,-2716.00
2022-12-22,8816.500000,2,12602.500000,11931.500000,13278.500000,-1352.00,-2694.00
2022-12-23,8816.500000,2,12567.500000,12413.500000,13278.500000,-1422.00,-1730.00
2022-12-26,8816.500000,2,12387.000000,12373.000000,13278.500000,-1783.00,-1811.00
2022-12-27,8816.500000,2,12874.000000,12332.000000,13278.500000,-809.00,-1893.00
2022-12-28,8816.500000,2,13114.000000,12707.000000,13278.500000,-329.00,-1143.00
2022-12-29,8816.500000,2,12655.000000,12557.000000,13278.500000,-1247.00,-1443.00
2022-12-30,8816.500000,2,12618.500000,12596.500000,13278.500000,-1320.00,-1364.00
2023-01-02,8816.500000,2,12594.500000,12398.000000,13278.500000,-1368.00,-1761.00
2023-01-03,12464.000000,0,12464.000000,12464.000000,13278.500000,-1629.00,-1629.00
2023-01-04,12464.000000,0,12464.000000,12464.000000,13278.500000,-1629.00,-1629.00
2023-01-05,12464.000000,0,12464.000000,12464.000000,13278.500000,-1629.00,-1629.00
2023-01-06,12464.000000,0,12464.000000,12464.000000,13278.500000,-1629.00,-1629.00
2023-01-08,12464.000000,0,12464.000000,12464.000000,13278.500000,-1629.00,-1629.00
2023-01-09,12464.000000,0,12464.000000,12464.000000,13278.500000,-1629.00,-1629.00
2023-01-10,12464.000000,0,12464.000000,12464.000000,13278.500000,-1629.00,-1629.00
2023-01-11,12464.000000,0,12464.000000,12464.000000,13278.500000,-1629.00,-1629.00
2023-01-12,12464.000000,0,12464.000000,12464.000000,13278.500000,-1629.00,-1629.00
2023-01-13,12464.000000,0,12464.000000,12464.000000,13278.500000,-1629.00,-1629.00
2023-01-15,12464.000000,0,12464.000000,12464.000000,13278.500000,-1629.00,-1629.00
2023-01-16,12464.000000,0,12464.000000,12464.000000,13278.500000,-1629.00,-1629.00
2023-01-17,12464.000000,0,12464.000000,12464.000000,13278.500000,-1629.00,-1629.00
2023-01-18,12464.000000,0,12464.000000,12464.000000,13278.500000,-1629.00,-1629.00
2023-01-19,12464.000000,0,12464.000000,12464.000000,13278.500000,-1629.00,-1629.00
2023-01-20,12464.000000,0,12464.000000,12464.000000,13278.500000,-1629.00,-1629.00
2023-01-22,12464.000000,0,12464.000000,12464.000000,13278.500000,-1629.00,-1629.00
2023-01-23,12464.000000,0,12464.000000,12464.000000,13278.500000,-1629.00,-1629.00
2023-01-24,12464.000000,0,12464.000000,12464.000000,13278.500000,-1629.00,-1629.00
2023-01-25,12464.000000,0,12464.000000,12464.000000,13278.500000,-1629.00,-1629.00
2023-01-26,12464.000000,0,12464.000000,12464.000000,13278.500000,-1629.00,-1629.00
2023-01-27,12464.000000,0,12464.000000,12464.000000,13278.500000,-1629.00,-1629.00
2023-01-29,12464.000000,0,12464.000000,12464.000000,13278.500000,-1629.00,-1629.00
2023-01-30,12464.000000,0,12464.000000,12464.000000,13278.500000,-1629.00,-1629.00
2023-01-31,12464.000000,0,12464.000000,12464.000000,13278.500000,-1629.00,-1629.00
2023-02-01,12464.000000,0,12464.000000,12464.000000,13278.500000,-1629.00,-1629.00
2023-02-02,12464.000000,0,12464.000000,12464.000000,13278.500000,-1629.00,-1629.00
2023-02-03,12464.000000,0,12464.000000,12464.000000,13278.500000,-1629.00,-1629.00
2023-02-05,12464.000000,0,12464.000000,12464.000000,13278.500000,-1629.00,-1629.00
2023-02-06,12464.000000,0,12464.000000,12464.000000,13278.500000,-1629.00,-1629.00
2023-02-07,12464.000000,0,12464.000000,12464.000000,13278.500000,-1629.00,-1629.00
2023-02-08,12464.000000,0,12464.000000,12464.000000,13278.500000,-1629.00,-1629.00
2023-02-09,12464.000000,0,12464.000000,12464.000000,13278.500000,-1629.00,-1629.00
2023-02-10,12464.000000,0,12464.000000,12464.000000,13278.500000,-1629.00,-1629.00
2023-02-12,12464.000000,0,12464.000000,12464.000000,13278.500000,-1629.00,-1629.00
2023-02-13,12464.000000,0,12464.000000,12464.000000,13278.500000,-1629.00,-1629.00
2023-02-14,12464.000000,0,12464.000000,12464.000000,13278.500000,-1629.00,-1629.00
2023-02-15,12464.000000,0,12464.000000,12464.000000,13278.500000,-1629.00,-1629.00
2023-02-16,12464.000000,0,12464.000000,12464.000000,13278.500000,-1629.00,-1629.00
2023-02-17,12464.000000,0,12464.000000,12464.000000,13278.500000,-1629.00,-1629.00
2023-02-19,12464.000000,0,12464.000000,12464.000000,13278.500000,-1629.00,-1629.00
2023-02-20,12464.000000,0,12464.000000,12464.000000,13278.500000,-1629.00,-1629.00
2023-02-21,12464.000000,0,12464.000000,12464.000000,13278.500000,-1629.00,-1629.00
2023-02-22,12464.000000,0,12464.000000,12464.000000,13278.500000,-1629.00,-1629.00
2023-02-23,12464.000000,0,12464.000000,12464.000000,13278.500000,-1629.00,-1629.00
2023-02-24,12464.000000,0,12464.000000,12464.000000,13278.500000,-1629.00,-1629.00
2023-02-26,12464.000000,0,12464.000000,12464.000000,13278.500000,-1629.00,-1629.00
2023-02-27,12464.000000,0,12464.000000,12464.000000,13278.500000,-1629.00,-1629.00
2023-02-28,12464.000000,0,12464.000000,12464.000000,13278.500000,-1629.00,-1629.00
2023-03-01,12464.000000,0,12464.000000,12464.000000,13278.500000,-1629.00,-1629.00
2023-03-02,12464.000000,0,12464.000000,12464.000000,13278.500000,-1629.00,-1629.00
2023-03-03,12464.000000,0,12464.000000,12464.000000,13278.500000,-1629.00,-1629.00
2023-03-05,12464.000000,0,12464.000000,12464.000000,13278.500000,-1629.00,-1629.00
2023-03-06,12464.000000,0,12464.000000,12464.000000,13278.500000,-1629.00,-1629.00
2023-03-07,12464.000000,0,12464.000000,12464.000000,13278.500000,-1629.00,-1629.00
2023-03-08,12464.000000,0,12464.000000,12464.000000,13278.500000,-1629.00,-1629.00
2023-03-09,12464.000000,0,12464.000000,12464.000000,13278.500000,-1629.00,-1629.00
2023-03-10,12464.000000,0,12464.000000,12464.000000,13278.500000,-1629.00,-1629.00
2023-03-12,12464.000000,0,12464.000000,12464.000000,13278.500000,-1629.00,-1629.00
2023-03-13,12464.000000,0,12464.000000,12464.000000,13278.500000,-1629.00,-1629.00
2023-03-14,12464.000000,0,12464.000000,12464.000000,13278.500000,-1629.00,-1629.00
2023-03-15,12464.000000,0,12464.000000,12464.000000,13278.500000,-1629.00,-1629.00
2023-03-16,12464.000000,0,12464.000000,12464.000000,13278.500000,-1629.00,-1629.00
2023-03-17,12464.000000,0,12464.000000,12464.000000,13278.500000,-1629.00,-1629.00
2023-03-19,12464.000000,0,12464.000000,12464.000000,13278.500000,-1629.00,-1629.00
2023-03-20,12464.000000,0,12464.000000,12464.000000,13278.500000,-1629.00,-1629.00
2023-03-21,12464.000000,0,12464.000000,12464.000000,13278.500000,-1629.00,-1629.00
2023-03-22,12464.000000,0,12464.000000,12464.000000,13278.500000,-1629.00,-1629.00
2023-03-23,12464.000000,0,12464.000000,12464.000000,13278.500000,-1629.00,-1629.00
2023-03-24,12464.000000,0,12464.000000,12464.000000,13278.500000,-1629.00,-1629.00
2023-03-26,12464.000000,0,12464.000000,12464.000000,13278.500000,-1629.00,-1629.00
2023-03-27,12464.000000,0,12464.000000,12464.000000,13278.500000,-1629.00,-1629.00
2023-03-28,12464.000000,0,12464.000000,12464.000000,13278.500000,-1629.00,-1629.00
2023-03-29,12464.000000,0,12464.000000,12464.000000,13278.500000,-1629.00,-1629.00
2023-03-30,12464.000000,0,12464.000000,12464.000000,13278.500000,-1629.00,-1629.00
2023-03-31,12464.000000,0,12464.000000,12464.000000,13278.500000,-1629.00,-1629.00
2023-04-02,12464.000000,0,12464.000000,12464.000000,13278.500000,-1629.00,-1629.00
2023-04-03,12464.000000,0,12464.000000,12464.000000,13278.500000,-1629.00,-1629.00
2023-04-04,12464.000000,0,12464.000000,12464.000000,13278.500000,-1629.00,-1629.00
2023-04-05,12464.000000,0,12464.000000,12464.000000,13278.500000,-1629.00,-1629.00
2023-04-06,12464.000000,0,12464.000000,12464.000000,13278.500000,-1629.00,-1629.00
2023-04-07,12464.000000,0,12464.000000,12464.000000,13278.500000,-1629.00,-1629.00
2023-04-09,12464.000000,0,12464.000000,12464.000000,13278.500000,-1629.00,-1629.00
2023-04-10,12464.000000,0,12464.000000,12464.000000,13278.500000,-1629.00,-1629.00
2023-04-11,12464.000000,0,12464.000000,12464.000000,13278.500000,-1629.00,-1629.00
2023-04-12,12464.000000,0,12464.000000,12464.000000,13278.500000,-1629.00,-1629.00
2023-04-13,12464.000000,0,12464.000000,12464.000000,13278.500000,-1629.00,-1629.00
2023-04-14,12464.000000,0,12464.000000,12464.000000,13278.500000,-1629.00,-1629.00
2023-04-16,12464.000000,0,12464.000000,12464.000000,13278.500000,-1629.00,-1629.00
2023-04-17,12464.000000,0,12464.000000,12464.000000,13278.500000,-1629.00,-1629.00
2023-04-18,12464.000000,0,12464.000000,12464.000000,13278.500000,-1629.00,-1629.00
2023-04-19,12464.000000,0,12464.000000,12464.000000,13278.500000,-1629.00,-1629.00
2023-04-20,12464.000000,0,12464.000000,12464.000000,13278.500000,-1629.00,-1629.00
2023-04-21,12464.000000,0,12464.000000,12464.000000,13278.500000,-1629.00,-1629.00
2023-04-23,12464.000000,0,12464.000000,12464.000000,13278.500000,-1629.00,-1629.00
2023-04-24,12464.000000,0,12464.000000,12464.000000,13278.500000,-1629.00,-1629.00
2023-04-25,12464.000000,0,12464.000000,12464.000000,13278.500000,-1629.00,-1629.00
2023-04-26,12464.000000,0,12464.000000,12464.000000,13278.500000,-1629.00,-1629.00
2023-04-27,12464.000000,0,12464.000000,12464.000000,13278.500000,-1629.00,-1629.00
2023-04-28,12464.000000,0,12464.000000,12464.000000,13278.500000,-1629.00,-1629.00
2023-04-30,12464.000000,3,12451.250000,12441.500000,13278.500000,-1654.50,-1674.00
2023-05-01,12464.000000,3,12386.750000,12305.750000,13278.500000,-1783.50,-1945.50
2023-05-02,12464.000000,3,12076.250000,11862.500000,13278.500000,-2404.50,-2832.00
2023-05-03,12464.000000,3,11822.750000,11658.500000,13278.500000,-2911.50,-3240.00
2023-05-04,12464.000000,3,11810.750000,11534.750000,13278.500000,-2935.50,-3487.50
2023-05-05,12464.000000,3,12461.000000,11758.250000,13278.500000,-1635.00,-3040.50
2023-05-07,12464.000000,3,12442.250000,12437.000000,13278.500000,-1672.50,-1683.00
2023-05-08,12464.000000,3,12540.500000,12293.000000,13278.500000,-1476.00,-1971.00
2023-05-09,12464.000000,3,12356.000000,12277.250000,13278.500000,-1845.00,-2002.50
2023-05-10,12464.000000,3,12794.750000,12135.500000,13278.500000,-967.50,-2286.00
2023-05-11,12464.000000,3,12893.750000,12614.000000,13278.500000,-769.50,-1329.00
2023-05-12,12464.000000,3,12638.000000,12459.500000,13278.500000,-1281.00,-1638.00
2023-05-14,12464.000000,3,12628.250000,12597.500000,13278.500000,-1300.50,-1362.00
2023-05-15,12464.000000,3,12904.250000,12579.500000,13278.500000,-748.50,-1398.00
2023-05-16,12464.000000,3,13028.000000,12808.250000,13278.500000,-501.00,-940.50
2023-05-17,12464.000000,3,13459.250000,12951.500000,13459.250000,0.00,-1015.50
2023-05-18,12464.000000,3,14318.000000,13414.250000,14318.000000,0.00,-1807.50
2023-05-19,13103.375000,2,14163.375000,14108.875000,14318.000000,-309.25,-418.25
2023-05-21,13103.375000,2,14187.875000,14068.875000,14318.000000,-260.25,-498.25
2023-05-22,13103.375000,2,14366.875000,14128.875000,14366.875000,0.00,-476.00
2023-05-23,13103.375000,2,13977.375000,13902.375000,14366.875000,-779.00,-929.00
2023-05-24,13103.375000,2,14174.875000,13613.875000,14366.875000,-384.00,-1506.00
2023-05-25,13103.375000,2,14410.875000,14126.375000,14410.875000,0.00,-569.00
2023-05-26,13103.375000,2,15222.875000,14329.875000,15222.875000,0.00,-1786.00
2023-05-28,13103.375000,2,15313.875000,15282.875000,15313.875000,0.00,-62.00
2023-05-29,13103.375000,2,15252.875000,15215.375000,15313.875000,-122.00,-197.00
2023-05-30,13103.375000,2,15324.375000,15152.875000,15324.375000,0.00,-343.00
2023-05-31,13103.375000,2,15100.875000,14985.375000,15324.375000,-447.00,-678.00
2023-06-01,13103.375000,2,15447.375000,14976.375000,15447.375000,0.00,-942.00
2023-06-02,13103.375000,2,15653.875000,15420.375000,15653.875000,0.00,-467.00
2023-06-04,13103.375000,2,15553.875000,15524.375000,15653.875000,-200.00,-259.00
2023-06-05,13103.375000,2,15612.375000,15505.875000,15653.875000,-83.00,-296.00
2023-06-06,13103.375000,2,15670.875000,15490.375000,15670.875000,0.00,-361.00
2023-06-07,13103.375000,2,15141.375000,15091.375000,15670.875000,-1059.00,-1159.00
2023-06-08,13103.375000,2,15480.875000,14994.375000,15670.875000,-380.00,-1353.00
2023-06-09,13103.375000,2,15606.875000,15400.875000,15670.875000,-128.00,-540.00
2023-06-11,13103.375000,2,15663.375000,15587.875000,15670.875000,-15.00,-166.00
2023-06-12,13103.375000,2,16486.375000,15988.375000,16486.375000,0.00,-996.00
2023-06-13,13103.375000,2,16691.375000,16405.875000,16691.375000,0.00,-571.00
2023-06-14,13103.375000,2,16909.375000,16432.375000,16909.375000,0.00,-954.00
2023-06-15,13103.375000,2,17199.375000,16612.875000,17199.375000,0.00,-1173.00
2023-06-16,13103.375000,2,17083.375000,16997.875000,17199.375000,-232.00,-403.00
2023-06-18,13103.375000,2,17086.875000,17076.875000,17199.375000,-225.00,-245.00
2023-06-19,13103.375000,2,16977.875000,16941.375000,17199.375000,-443.00,-516.00
2023-06-20,13103.375000,2,17004.375000,16732.875000,17199.375000,-390.00,-933.00
2023-06-21,13103.375000,2,16562.375000,16485.375000,17199.375000,-1274.00,-1428.00
2023-06-22,13103.375000,2,16923.875000,16408.375000,17199.375000,-551.00,-1582.00
2023-06-23,13103.375000,2,16591.375000,16449.875000,17199.375000,-1216.00,-1499.00
2023-06-25,13103.375000,2,16681.875000,16588.375000,17199.375000,-1035.00,-1222.00
2023-06-26,13103.375000,2,16266.375000,16187.375000,17199.375000,-1866.00,-2024.00
2023-06-27,13103.375000,2,16598.875000,16206.375000,17199.375000,-1201.00,-1986.00
2023-06-28,13103.375000,2,16824.875000,16522.875000,17199.375000,-749.00,-1353.00
2023-06-29,13103.375000,2,16713.875000,16537.375000,17199.375000,-971.00,-1324.00
2023-06-30,13103.375000,2,17115.375000,16679.875000,17199.375000,-168.00,-1039.00
2023-07-02,13103.375000,2,17182.375000,17136.375000,17199.375000,-34.00,-126.00
2023-07-03,13103.375000,2,17155.875000,17095.375000,17199.375000,-87.00,-208.00
2023-07-04,13103.375000,2,17161.375000,17149.375000,17199.375000,-76.00,-100.00
2023-07-05,13103.375000,2,17196.375000,16990.875000,17199.375000,-6.00,-417.00
2023-07-06,13103.375000,2,16933.375000,16704.375000,17199.375000,-532.00,-990.00
2023-07-07,13103.375000,2,16863.875000,16824.375000,17199.375000,-671.00,-750.00
2023-07-09,13103.375000,2,16842.375000,16783.875000,17199.375000,-714.00,-831.00
2023-07-10,13103.375000,2,16865.375000,16607.375000,17199.375000,-668.00,-1184.00
2023-07-11,13103.375000,2,17009.875000,16698.375000,17199.375000,-379.00,-1002.00
2023-07-12,13103.375000,2,17424.375000,16989.375000,17424.375000,0.00,-870.00
2023-07-13,13103.375000,2,17905.375000,17420.375000,17905.375000,0.00,-970.00
2023-07-14,13103.375000,2,17865.375000,17796.375000,17905.375000,-80.00,-218.00
2023-07-16,13103.375000,2,17814.375000,17802.375000,17905.375000,-182.00,-206.00
2023-07-17,13103.375000,2,18116.875000,17804.375000,18116.875000,0.00,-625.00
2023-07-18,15663.125000,1,18312.875000,18085.125000,18312.875000,0.00,-455.50
2023-07-19,15663.125000,1,18208.625000,18192.875000,18312.875000,-208.50,-240.00
2023-07-20,15663.125000,1,17931.625000,17899.125000,18312.875000,-762.50,-827.50
2023-07-21,15663.125000,1,17906.625000,17873.875000,18312.875000,-812.50,-878.00
2023-07-23,15663.125000,1,17900.875000,17891.625000,18312.875000,-824.00,-842.50
2023-07-24,15663.125000,1,17919.125000,17836.125000,18312.875000,-787.50,-953.50
2023-07-25,15663.125000,1,17989.375000,17900.625000,18312.875000,-647.00,-824.50
2023-07-26,15663.125000,1,18004.875000,17866.625000,18312.875000,-616.00,-892.50
2023-07-27,15663.125000,1,17938.125000,17864.125000,18312.875000,-749.50,-897.50
2023-07-28,15663.125000,1,18197.125000,17898.125000,18312.875000,-231.50,-829.50
2023-07-30,15663.125000,1,18238.875000,18192.125000,18312.875000,-148.00,-241.50
2023-07-31,15663.125000,1,18211.875000,18142.875000,18312.875000,-202.00,-340.00
2023-08-01,15663.125000,1,18104.625000,18035.625000,18312.875000,-416.50,-554.50
2023-08-02,15663.125000,1,17843.625000,17764.875000,18312.875000,-938.50,-1096.00
2023-08-03,15663.125000,1,17832.875000,17690.875000,18312.875000,-960.00,-1244.00
2023-08-04,15663.125000,1,17716.625000,17688.125000,18312.875000,-1192.50,-1249.50
2023-08-06,15663.125000,1,17753.125000,17716.625000,18312.875000,-1119.50,-1192.50
2023-08-07,15663.125000,1,17839.625000,17686.125000,18312.875000,-946.50,-1253.50
2023-08-08,15663.125000,1,17704.625000,17567.875000,18312.875000,-1216.50,-1490.00
2023-08-09,15663.125000,1,17570.625000,17496.625000,18312.875000,-1484.50,-1632.50
2023-08-10,15663.125000,1,17591.125000,17487.625000,18312.875000,-1443.50,-1650.50
2023-08-11,15663.125000,1,17455.125000,17388.875000,18312.875000,-1715.50,-1848.00
2023-08-13,15663.125000,1,17488.875000,17451.875000,18312.875000,-1648.00,-1722.00
2023-08-14,15663.125000,1,17652.875000,17371.625000,18312.875000,-1320.00,-1882.50
2023-08-15,15663.125000,1,17473.375000,17427.625000,18312.875000,-1679.00,-1770.50
2023-08-16,15663.125000,1,17281.875000,17273.375000,18312.875000,-2062.00,-2079.00
2023-08-17,15663.125000,1,17106.375000,17081.875000,18312.875000,-2413.00,-2462.00
2023-08-18,15663.125000,1,17095.625000,16960.875000,18312.875000,-2434.50,-2704.00
2023-08-20,15663.125000,1,17130.625000,17107.875000,18312.875000,-2364.50,-2410.00
2023-08-21,15663.125000,1,17306.125000,17072.125000,18312.875000,-2013.50,-2481.50
2023-08-22,15663.125000,1,17315.875000,17282.625000,18312.875000,-1994.00,-2060.50
2023-08-23,15663.125000,1,17686.375000,17309.625000,18312.875000,-1253.00,-2006.50
2023-08-24,15663.125000,1,17204.125000,17168.375000,18312.875000,-2217.50,-2289.00
2023-08-25,15663.125000,1,17322.875000,17104.375000,18312.875000,-1980.00,-2417.00
2023-08-27,15663.125000,1,17362.125000,17334.125000,18312.875000,-1901.50,-1957.50
2023-08-28,15663.125000,1,17448.125000,17324.875000,18312.875000,-1729.50,-1976.00
2023-08-29,15663.125000,1,17786.375000,17401.625000,18312.875000,-1053.00,-1822.50
2023-08-30,15663.125000,1,17854.375000,17712.875000,18312.875000,-917.00,-1200.00
2023-08-31,15663.125000,1,17887.875000,17810.125000,18312.875000,-850.00,-1005.50
2023-09-01,15663.125000,1,17863.875000,17805.125000,18312.875000,-898.00,-1015.50
2023-09-03,15663.125000,1,17868.125000,17852.375000,18312.875000,-889.50,-921.00
2023-09-04,15663.125000,1,17877.625000,17862.625000,18312.875000,-870.50,-900.50
2023-09-05,15663.125000,1,17873.375000,17770.125000,18312.875000,-879.00,-1085.50
2023-09-06,15663.125000,1,17742.625000,17662.125000,18312.875000,-1140.50,-1301.50
2023-09-07,15663.125000,1,17632.125000,17509.125000,18312.875000,-1361.50,-1607.50
2023-09-08,15663.125000,1,17666.375000,17574.375000,18312.875000,-1293.00,-1477.00
2023-09-10,15663.125000,1,17674.625000,17649.875000,18312.875000,-1276.50,-1326.00
2023-09-11,15663.125000,1,18010.375000,17844.125000,18312.875000,-605.00,-937.50
2023-09-12,15663.125000,1,17857.375000,17835.625000,18312.875000,-911.00,-954.50
2023-09-13,15663.125000,1,17931.375000,17757.875000,18312.875000,-763.00,-1110.00
2023-09-14,15663.125000,1,18028.875000,17882.625000,18312.875000,-568.00,-860.50
2023-09-15,15663.125000,1,17734.875000,17708.375000,18312.875000,-1156.00,-1209.00
2023-09-17,15663.125000,1,17764.875000,17730.625000,18312.875000,-1096.00,-1164.50
2023-09-18,15663.125000,1,17776.125000,17682.125000,18312.875000,-1073.50,-1261.50
2023-09-19,15663.125000,1,17735.125000,17600.125000,18312.875000,-1155.50,-1425.50
2023-09-20,15663.125000,1,17465.375000,17460.375000,18312.875000,-1695.00,-1705.00
2023-09-21,15663.125000,1,17203.125000,17190.125000,18312.875000,-2219.50,-2245.50
2023-09-22,15663.125000,1,17228.625000,17187.375000,18312.875000,-2168.50,-2251.00
2023-09-24,15663.125000,1,17249.375000,17229.625000,18312.875000,-2127.00,-2166.50
2023-09-25,15663.125000,1,17283.625000,17134.125000,18312.875000,-2058.50,-2357.50
2023-09-26,15663.125000,1,17090.875000,17017.875000,18312.875000,-2444.00,-2590.00
2023-09-27,15663.125000,1,17126.125000,16938.875000,18312.875000,-2373.50,-2748.00
2023-09-28,15663.125000,1,17219.125000,17007.875000,18312.875000,-2187.50,-2610.00
2023-09-29,15663.125000,1,17243.625000,17162.625000,18312.875000,-2138.50,-2300.50
2023-10-01,15663.125000,1,17304.625000,17286.125000,18312.875000,-2016.50,-2053.50
2023-10-02,15663.125000,1,17345.375000,17176.375000,18312.875000,-1935.00,-2273.00
2023-10-03,15663.125000,1,17067.875000,17003.125000,18312.875000,-2490.00,-2619.50
2023-10-04,15663.125000,1,17266.625000,16940.875000,18312.875000,-2092.50,-2744.00
2023-10-05,15663.125000,1,17203.375000,17067.625000,18312.875000,-2219.00,-2490.50
2023-10-06,15663.125000,1,17493.125000,17011.875000,18312.875000,-1639.50,-2602.00
2023-10-08,15663.125000,1,17379.625000,17342.125000,18312.875000,-1866.50,-1941.50
2023-10-09,15663.125000,1,17550.875000,17300.875000,18312.875000,-1524.00,-2024.00
2023-10-10,15663.125000,1,17639.125000,17524.625000,18312.875000,-1347.50,-1576.50
2023-10-11,15663.125000,1,17766.875000,17604.625000,18312.875000,-1092.00,-1416.50
2023-10-12,15663.125000,1,17681.625000,17567.875000,18312.875000,-1262.50,-1490.00
2023-10-13,15663.125000,1,17458.375000,17413.625000,18312.875000,-1709.00,-1798.50
2023-10-15,15663.125000,1,17517.875000,17469.875000,18312.875000,-1590.00,-1686.00
2023-10-16,15663.125000,1,17642.375000,17434.625000,18312.875000,-1341.00,-1756.50
2023-10-17,15663.125000,1,17562.625000,17401.625000,18312.875000,-1500.50,-1822.50
2023-10-18,15663.125000,1,17389.375000,17330.625000,18312.875000,-1847.00,-1964.50
2023-10-19,15663.125000,1,17194.875000,17172.625000,18312.875000,-2236.00,-2280.50
2023-10-20,15663.125000,1,16999.875000,16996.625000,18312.875000,-2626.00,-2632.50
2023-10-22,15663.125000,1,17061.625000,17014.125000,18312.875000,-2502.50,-2597.50
2023-10-23,15663.125000,1,17114.375000,16865.875000,18312.875000,-2397.00,-2894.00
2023-10-24,15663.125000,1,17166.875000,17057.375000,18312.875000,-2292.00,-2511.00
2023-10-25,15663.125000,1,16701.875000,16683.125000,18312.875000,-3222.00,-3259.50
2023-10-26,15663.125000,1,16666.375000,16488.125000,18312.875000,-3293.00,-3649.50
2023-10-27,15663.125000,1,16622.625000,16561.125000,18312.875000,-3380.50,-3503.50
2023-10-29,15663.125000,1,16683.375000,16653.875000,18312.875000,-3259.00,-3318.00
2023-10-30,15663.125000,1,16749.625000,16657.875000,18312.875000,-3126.50,-3310.00
2023-10-31,15663.125000,1,16804.875000,16662.875000,18312.875000,-3016.00,-3300.00
2023-11-01,15663.125000,1,17144.375000,16762.625000,18312.875000,-2337.00,-3100.50
2023-11-02,15663.125000,1,17294.625000,17128.375000,18312.875000,-2036.50,-2369.00
2023-11-03,15663.125000,1,17536.125000,17282.875000,18312.875000,-1553.50,-2060.00
2023-11-05,15663.125000,1,17527.375000,17524.125000,18312.875000,-1571.00,-1577.50
2023-11-06,15663.125000,1,17560.375000,17489.625000,18312.875000,-1505.00,-1646.50
2023-11-07,15663.125000,1,17719.875000,17527.375000,18312.875000,-1186.00,-1571.00
2023-11-08,15663.125000,1,17709.625000,17638.125000,18312.875000,-1206.50,-1349.50
2023-11-09,15663.125000,1,17584.375000,17575.375000,18312.875000,-1457.00,-1475.00
2023-11-10,15663.125000,1,17932.875000,17558.625000,18312.875000,-760.00,-1508.50
2023-11-12,15663.125000,1,17911.875000,17900.125000,18312.875000,-802.00,-825.50
2023-11-13,15663.125000,1,17910.125000,17816.875000,18312.875000,-805.50,-992.00
2023-11-14,15663.125000,1,18256.375000,17903.375000,18312.875000,-113.00,-819.00
2023-11-15,15663.125000,1,18216.625000,18183.625000,18312.875000,-192.50,-258.50
2023-11-16,15663.125000,1,18237.375000,18149.375000,18312.875000,-151.00,-327.00
2023-11-17,15663.125000,1,18225.625000,18176.125000,18312.875000,-174.50,-273.50
2023-11-19,15663.125000,1,18215.375000,18199.625000,18312.875000,-195.00,-226.50
2023-11-20,15663.125000,1,18452.375000,18189.125000,18452.375000,0.00,-526.50
2023-11-21,15663.125000,1,18305.875000,18263.625000,18452.375000,-293.00,-377.50
2023-11-22,15663.125000,1,18397.375000,18294.375000,18452.375000,-110.00,-316.00
2023-11-23,15663.125000,1,18416.125000,18390.375000,18452.375000,-72.50,-124.00
2023-11-24,15663.125000,1,18362.375000,18333.375000,18452.375000,-180.00,-238.00
2023-11-26,15663.125000,1,18337.875000,18334.375000,18452.375000,-229.00,-236.00
2023-11-27,15663.125000,1,18361.375000,18290.375000,18452.375000,-182.00,-324.00
2023-11-28,15663.125000,1,18404.875000,18296.625000,18452.375000,-95.00,-311.50
2023-11-29,15663.125000,1,18398.625000,18365.125000,18452.375000,-107.50,-174.50
2023-11-30,15663.125000,1,18316.125000,18207.375000,18452.375000,-272.50,-490.00
2023-12-01,15663.125000,1,18382.625000,18216.125000,18452.375000,-139.50,-472.50
2023-12-03,15663.125000,1,18343.625000,18339.875000,18452.375000,-217.50,-225.00
2023-12-04,15663.125000,1,18201.125000,18072.875000,18452.375000,-502.50,-759.00
2023-12-05,15663.125000,1,18279.625000,18112.875000,18452.375000,-345.50,-679.00
2023-12-06,15663.125000,1,18168.125000,18151.625000,18452.375000,-568.50,-601.50
2023-12-07,15663.125000,1,18371.625000,18142.875000,18452.375000,-161.50,-619.00
2023-12-08,15663.125000,1,18444.125000,18241.625000,18452.375000,-16.50,-421.50
2023-12-10,15663.125000,1,18456.125000,18433.625000,18456.125000,0.00,-45.00
2023-12-11,15663.125000,1,18806.375000,18607.625000,18806.375000,0.00,-397.50
2023-12-12,15663.125000,1,18961.125000,18748.125000,18961.125000,0.00,-426.00
2023-12-13,15663.125000,1,19167.625000,18927.625000,19167.625000,0.00,-480.00
2023-12-14,15663.125000,1,19112.125000,18978.875000,19167.625000,-111.00,-377.50
2023-12-15,15663.125000,1,19167.625000,19098.625000,19167.625000,0.00,-138.00
2023-12-17,15663.125000,1,19175.375000,19153.875000,19175.375000,0.00,-43.00
2023-12-18,15663.125000,1,19275.875000,19159.875000,19275.875000,0.00,-232.00
2023-12-19,15663.125000,1,19379.375000,19262.625000,19379.375000,0.00,-233.50
2023-12-20,15663.125000,1,19163.375000,19108.875000,19379.375000,-432.00,-541.00
2023-12-21,15663.125000,1,19293.625000,19152.125000,19379.375000,-171.50,-454.50
2023-12-22,15663.125000,1,19314.125000,19243.125000,19379.375000,-130.50,-272.50
2023-12-25,15663.125000,1,19355.625000,19315.125000,19379.375000,-47.50,-128.50
2023-12-26,15663.125000,1,19441.125000,19336.625000,19441.125000,0.00,-209.00
2023-12-27,15663.125000,1,19473.375000,19407.125000,19473.375000,0.00,-132.50
2023-12-28,15663.125000,1,19452.375000,19429.625000,19473.375000,-42.00,-87.50
2023-12-29,15663.125000,1,19355.625000,19289.375000,19473.375000,-235.50,-368.00
2024-01-01,15663.125000,1,19381.375000,19365.375000,19473.375000,-184.00,-216.00
2024-01-02,19369.375000,0,19369.375000,19369.375000,19473.375000,-208.00,-208.00
2024-01-03,19369.375000,0,19369.375000,19369.375000,19473.375000,-208.00,-208.00
2024-01-04,19369.375000,0,19369.375000,19369.375000,19473.375000,-208.00,-208.00
2024-01-05,19369.375000,0,19369.375000,19369.375000,19473.375000,-208.00,-208.00
2024-01-07,19369.375000,0,19369.375000,19369.375000,19473.375000,-208.00,-208.00
2024-01-08,19369.375000,0,19369.375000,19369.375000,19473.375000,-208.00,-208.00
2024-01-09,19369.375000,0,19369.375000,19369.375000,19473.375000,-208.00,-208.00
2024-01-10,19369.375000,0,19369.375000,19369.375000,19473.375000,-208.00,-208.00
2024-01-11,19369.375000,0,19369.375000,19369.375000,19473.375000,-208.00,-208.00
2024-01-12,19369.375000,0,19369.375000,19369.375000,19473.375000,-208.00,-208.00
2024-01-14,19369.375000,0,19369.375000,19369.375000,19473.375000,-208.00,-208.00
2024-01-15,19369.375000,0,19369.375000,19369.375000,19473.375000,-208.00,-208.00
2024-01-16,19369.375000,0,19369.375000,19369.375000,19473.375000,-208.00,-208.00
2024-01-17,19369.375000,0,19369.375000,19369.375000,19473.375000,-208.00,-208.00
2024-01-18,19369.375000,0,19369.375000,19369.375000,19473.375000,-208.00,-208.00
2024-01-19,19369.375000,0,19369.375000,19369.375000,19473.375000,-208.00,-208.00
2024-01-21,19369.375000,0,19369.375000,19369.375000,19473.375000,-208.00,-208.00
2024-01-22,19369.375000,0,19369.375000,19369.375000,19473.375000,-208.00,-208.00
2024-01-23,19369.375000,0,19369.375000,19369.375000,19473.375000,-208.00,-208.00
2024-01-24,19369.375000,0,19369.375000,19369.375000,19473.375000,-208.00,-208.00
2024-01-25,19369.375000,0,19369.375000,19369.375000,19473.375000,-208.00,-208.00
2024-01-26,19369.375000,0,19369.375000,19369.375000,19473.375000,-208.00,-208.00
2024-01-28,19369.375000,0,19369.375000,19369.375000,19473.375000,-208.00,-208.00
2024-01-29,19369.375000,0,19369.375000,19369.375000,19473.375000,-208.00,-208.00
2024-01-30,19369.375000,0,19369.375000,19369.375000,19473.375000,-208.00,-208.00
2024-01-31,19369.375000,0,19369.375000,19369.375000,19473.375000,-208.00,-208.00
2024-02-01,19369.375000,0,19369.375000,19369.375000,19473.375000,-208.00,-208.00
2024-02-02,19369.375000,0,19369.375000,19369.375000,19473.375000,-208.00,-208.00
2024-02-04,19369.375000,0,19369.375000,19369.375000,19473.375000,-208.00,-208.00
2024-02-05,19369.375000,0,19369.375000,19369.375000,19473.375000,-208.00,-208.00
2024-02-06,19369.375000,0,19369.375000,19369.375000,19473.375000,-208.00,-208.00
2024-02-07,19369.375000,0,19369.375000,19369.375000,19473.375000,-208.00,-208.00
2024-02-08,19369.375000,0,19369.375000,19369.375000,19473.375000,-208.00,-208.00
2024-02-09,19369.375000,0,19369.375000,19369.375000,19473.375000,-208.00,-208.00
2024-02-11,19369.375000,0,19369.375000,19369.375000,19473.375000,-208.00,-208.00
2024-02-12,19369.375000,0,19369.375000,19369.375000,19473.375000,-208.00,-208.00
2024-02-13,19369.375000,0,19369.375000,19369.375000,19473.375000,-208.00,-208.00
2024-02-14,19369.375000,0,19369.375000,19369.375000,19473.375000,-208.00,-208.00
2024-02-15,19369.375000,0,19369.375000,19369.375000,19473.375000,-208.00,-208.00
2024-02-16,19369.375000,0,19369.375000,19369.375000,19473.375000,-208.00,-208.00
2024-02-18,19369.375000,0,19369.375000,19369.375000,19473.375000,-208.00,-208.00
2024-02-19,19369.375000,0,19369.375000,19369.375000,19473.375000,-208.00,-208.00
2024-02-20,19369.375000,0,19369.375000,19369.375000,19473.375000,-208.00,-208.00
2024-02-21,19369.375000,0,19369.375000,19369.375000,19473.375000,-208.00,-208.00
2024-02-22,19369.375000,0,19369.375000,19369.375000,19473.375000,-208.00,-208.00
2024-02-23,19369.375000,0,19369.375000,19369.375000,19473.375000,-208.00,-208.00
2024-02-25,19369.375000,0,19369.375000,19369.375000,19473.375000,-208.00,-208.00
2024-02-26,19369.375000,0,19369.375000,19369.375000,19473.375000,-208.00,-208.00
2024-02-27,19369.375000,0,19369.375000,19369.375000,19473.375000,-208.00,-208.00
2024-02-28,19369.375000,0,19369.375000,19369.375000,19473.375000,-208.00,-208.00
2024-02-29,19369.375000,0,19369.375000,19369.375000,19473.375000,-208.00,-208.00
2024-03-01,19369.375000,0,19369.375000,19369.375000,19473.375000,-208.00,-208.00
2024-03-03,19369.375000,0,19369.375000,19369.375000,19473.375000,-208.00,-208.00
2024-03-04,19369.375000,0,19369.375000,19369.375000,19473.375000,-208.00,-208.00
2024-03-05,19369.375000,0,19369.375000,19369.375000,19473.375000,-208.00,-208.00
2024-03-06,19369.375000,0,19369.375000,19369.375000,19473.375000,-208.00,-208.00
2024-03-07,19369.375000,0,19369.375000,19369.375000,19473.375000,-208.00,-208.00
2024-03-08,19369.375000,0,19369.375000,19369.375000,19473.375000,-208.00,-208.00
2024-03-10,19369.375000,0,19369.375000,19369.375000,19473.375000,-208.00,-208.00
2024-03-11,19369.375000,0,19369.375000,19369.375000,19473.375000,-208.00,-208.00
2024-03-12,19369.375000,0,19369.375000,19369.375000,19473.375000,-208.00,-208.00
2024-03-13,19369.375000,0,19369.375000,19369.375000,19473.375000,-208.00,-208.00
2024-03-14,19369.375000,0,19369.375000,19369.375000,19473.375000,-208.00,-208.00
2024-03-15,19369.375000,0,19369.375000,19369.375000,19473.375000,-208.00,-208.00
2024-03-17,19369.375000,0,19369.375000,19369.375000,19473.375000,-208.00,-208.00
2024-03-18,19369.375000,0,19369.375000,19369.375000,19473.375000,-208.00,-208.00
2024-03-19,19369.375000,0,19369.375000,19369.375000,19473.375000,-208.00,-208.00
2024-03-20,19369.375000,0,19369.375000,19369.375000,19473.375000,-208.00,-208.00
2024-03-21,19369.375000,0,19369.375000,19369.375000,19473.375000,-208.00,-208.00
2024-03-22,19369.375000,0,19369.375000,19369.375000,19473.375000,-208.00,-208.00
2024-03-24,19369.375000,0,19369.375000,19369.375000,19473.375000,-208.00,-208.00
2024-03-25,19369.375000,0,19369.375000,19369.375000,19473.375000,-208.00,-208.00
2024-03-26,19369.375000,0,19369.375000,19369.375000,19473.375000,-208.00,-208.00
2024-03-27,19369.375000,0,19369.375000,19369.375000,19473.375000,-208.00,-208.00
2024-03-28,19369.375000,0,19369.375000,19369.375000,19473.375000,-208.00,-208.00
2024-03-31,19369.375000,0,19369.375000,19369.375000,19473.375000,-208.00,-208.00
2024-04-01,19369.375000,0,19369.375000,19369.375000,19473.375000,-208.00,-208.00
2024-04-02,19369.375000,0,19369.375000,19369.375000,19473.375000,-208.00,-208.00
2024-04-03,19369.375000,0,19369.375000,19369.375000,19473.375000,-208.00,-208.00
2024-04-04,19369.375000,0,19369.375000,19369.375000,19473.375000,-208.00,-208.00
2024-04-05,19369.375000,0,19369.375000,19369.375000,19473.375000,-208.00,-208.00
2024-04-07,19369.375000,0,19369.375000,19369.375000,19473.375000,-208.00,-208.00
2024-04-08,19369.375000,0,19369.375000,19369.375000,19473.375000,-208.00,-208.00
2024-04-09,19369.375000,0,19369.375000,19369.375000,19473.375000,-208.00,-208.00
2024-04-10,19369.375000,0,19369.375000,19369.375000,19473.375000,-208.00,-208.00
2024-04-11,19369.375000,0,19369.375000,19369.375000,19473.375000,-208.00,-208.00
2024-04-12,19369.375000,0,19369.375000,19369.375000,19473.375000,-208.00,-208.00
2024-04-14,19369.375000,0,19369.375000,19369.375000,19473.375000,-208.00,-208.00
2024-04-15,19369.375000,0,19369.375000,19369.375000,19473.375000,-208.00,-208.00
2024-04-16,19369.375000,0,19369.375000,19369.375000,19473.375000,-208.00,-208.00
2024-04-17,19369.375000,0,19369.375000,19369.375000,19473.375000,-208.00,-208.00
2024-04-18,19369.375000,0,19369.375000,19369.375000,19473.375000,-208.00,-208.00
2024-04-19,19369.375000,0,19369.375000,19369.375000,19473.375000,-208.00,-208.00
2024-04-21,19369.375000,0,19369.375000,19369.375000,19473.375000,-208.00,-208.00
2024-04-22,19369.375000,0,19369.375000,19369.375000,19473.375000,-208.00,-208.00
2024-04-23,19369.375000,0,19369.375000,19369.375000,19473.375000,-208.00,-208.00
2024-04-24,19369.375000,0,19369.375000,19369.375000,19473.375000,-208.00,-208.00
2024-04-25,19369.375000,0,19369.375000,19369.375000,19473.375000,-208.00,-208.00
2024-04-26,19369.375000,0,19369.375000,19369.375000,19473.375000,-208.00,-208.00
2024-04-28,19369.375000,0,19369.375000,19369.375000,19473.375000,-208.00,-208.00
2024-04-29,19369.375000,0,19369.375000,19369.375000,19473.375000,-208.00,-208.00
2024-04-30,19369.375000,0,19369.375000,19369.375000,19473.375000,-208.00,-208.00
2024-05-01,19369.375000,0,19369.375000,19369.375000,19473.375000,-208.00,-208.00
2024-05-02,19369.375000,0,19369.375000,19369.375000,19473.375000,-208.00,-208.00
2024-05-03,19369.375000,0,19369.375000,19369.375000,19473.375000,-208.00,-208.00
2024-05-05,19369.375000,0,19369.375000,19369.375000,19473.375000,-208.00,-208.00
2024-05-06,19369.375000,0,19369.375000,19369.375000,19473.375000,-208.00,-208.00
2024-05-07,19369.375000,0,19369.375000,19369.375000,19473.375000,-208.00,-208.00
2024-05-08,19369.375000,0,19369.375000,19369.375000,19473.375000,-208.00,-208.00
2024-05-09,19369.375000,0,19369.375000,19369.375000,19473.375000,-208.00,-208.00
2024-05-10,19369.375000,0,19369.375000,19369.375000,19473.375000,-208.00,-208.00
2024-05-12,19369.375000,0,19369.375000,19369.375000,19473.375000,-208.00,-208.00
2024-05-13,19369.375000,0,19369.375000,19369.375000,19473.375000,-208.00,-208.00
2024-05-14,19369.375000,0,19369.375000,19369.375000,19473.375000,-208.00,-208.00
2024-05-15,19369.375000,0,19369.375000,19369.375000,19473.375000,-208.00,-208.00
2024-05-16,19369.375000,3,19198.375000,19142.875000,19473.375000,-550.00,-661.00
2024-05-17,19369.375000,3,19145.875000,18878.875000,19473.375000,-655.00,-1189.00
2024-05-19,19369.375000,3,19245.625000,19138.375000,19473.375000,-455.50,-670.00
2024-05-20,19369.375000,3,19499.875000,19149.625000,19499.875000,0.00,-700.50
2024-05-21,19369.375000,3,19685.125000,19277.875000,19685.125000,0.00,-814.50
2024-05-22,19369.375000,3,19868.875000,19295.875000,19868.875000,0.00,-1146.00
2024-05-23,19369.375000,3,19347.625000,19108.375000,19868.875000,-1042.50,-1521.00
2024-05-24,19369.375000,3,19859.125000,19292.875000,19868.875000,-19.50,-1152.00
2024-05-26,19369.375000,3,19753.375000,19752.625000,19868.875000,-231.00,-232.50
2024-05-27,19369.375000,3,19968.625000,19745.875000,19968.625000,0.00,-445.50
2024-05-28,19369.375000,3,20033.875000,19702.375000,20033.875000,0.00,-663.00
2024-05-29,19369.375000,3,19414.375000,19355.875000,20033.875000,-1239.00,-1356.00
2024-05-30,19369.375000,3,18920.875000,18887.875000,20033.875000,-2226.00,-2292.00
2024-05-31,19369.375000,3,18959.125000,17967.625000,20033.875000,-2149.50,-4132.50
2024-06-02,19369.375000,3,19019.875000,18860.875000,20033.875000,-2028.00,-2346.00
2024-06-03,19369.375000,3,19195.375000,18551.875000,20033.875000,-1677.00,-2964.00
2024-06-04,19369.375000,3,19457.125000,18777.625000,20033.875000,-1153.50,-2512.50
2024-06-05,19369.375000,3,20517.625000,19352.875000,20517.625000,0.00,-2329.50
2024-06-06,19369.375000,3,20468.875000,20297.125000,20517.625000,-97.50,-441.00
2024-06-07,19369.375000,3,20336.875000,20063.875000,20517.625000,-361.50,-907.50
2024-06-09,19369.375000,3,20324.875000,20270.125000,20517.625000,-385.50,-495.00
2024-06-10,19369.375000,3,20498.125000,20163.625000,20517.625000,-39.00,-708.00
2024-06-11,19369.375000,3,21014.125000,20228.125000,21014.125000,0.00,-1572.00
2024-06-12,19369.375000,3,22044.625000,20957.875000,22044.625000,0.00,-2173.50
2024-06-13,19962.187500,2,21782.187500,21545.187500,22044.625000,-524.88,-998.88
2024-06-14,19962.187500,2,21937.687500,21548.187500,22044.625000,-213.88,-992.88
2024-06-16,19962.187500,2,21968.187500,21885.187500,22044.625000,-152.88,-318.88
2024-06-17,19962.187500,2,22955.187500,22353.187500,22955.187500,0.00,-1204.00
2024-06-18,19962.187500,2,22991.687500,22799.187500,22991.687500,0.00,-385.00
2024-06-19,19962.187500,2,23017.187500,22962.187500,23017.187500,0.00,-110.00
2024-06-20,19962.187500,2,22684.187500,22462.187500,23017.187500,-666.00,-1110.00
2024-06-21,19962.187500,2,22563.187500,22373.187500,23017.187500,-908.00,-1288.00
2024-06-23,19962.187500,2,22561.687500,22550.187500,23017.187500,-911.00,-934.00
2024-06-24,19962.187500,2,22088.687500,22001.187500,23017.187500,-1857.00,-2032.00
2024-06-25,19962.187500,2,22476.687500,21995.687500,23017.187500,-1081.00,-2043.00
2024-06-26,19962.187500,2,22382.687500,22347.187500,23017.187500,-1269.00,-1340.00
2024-06-27,19962.187500,2,22736.187500,22292.187500,23017.187500,-562.00,-1450.00
2024-06-28,19962.187500,2,22479.187500,22357.187500,23017.187500,-1076.00,-1320.00
2024-06-30,19962.187500,2,22437.187500,22413.687500,23017.187500,-1160.00,-1207.00
2024-07-01,19962.187500,2,22583.187500,22168.187500,23017.187500,-868.00,-1698.00
2024-07-02,19962.187500,2,23020.687500,22364.687500,23020.687500,0.00,-1312.00
2024-07-03,19962.187500,2,23349.687500,22955.187500,23349.687500,0.00,-789.00
2024-07-04,19962.187500,2,23326.187500,23267.187500,23349.687500,-47.00,-165.00
2024-07-05,19962.187500,2,23725.687500,23306.687500,23725.687500,0.00,-838.00
2024-07-07,19962.187500,2,23726.187500,23707.687500,23726.187500,0.00,-37.00
2024-07-08,19962.187500,2,24021.687500,23703.687500,24021.687500,0.00,-636.00
2024-07-09,19962.187500,2,23940.187500,23777.187500,24021.687500,-163.00,-489.00
2024-07-10,19962.187500,2,24307.687500,23937.187500,24307.687500,0.00,-741.00
2024-07-11,19962.187500,2,23374.187500,23297.687500,24307.687500,-1867.00,-2020.00
2024-07-12,19962.187500,2,23624.687500,23209.687500,24307.687500,-1366.00,-2196.00
2024-07-14,19962.187500,2,23665.187500,23557.687500,24307.687500,-1285.00,-1500.00
2024-07-15,19962.187500,2,23808.687500,23557.687500,24307.687500,-998.00,-1500.00
2024-07-16,19962.187500,2,23675.687500,23473.187500,24307.687500,-1264.00,-1669.00
2024-07-17,19962.187500,2,22662.187500,22476.687500,24307.687500,-3291.00,-3662.00
2024-07-18,19962.187500,2,22436.687500,22062.687500,24307.687500,-3742.00,-4490.00
2024-07-19,19962.187500,2,21948.187500,21853.187500,24307.687500,-4719.00,-4909.00
2024-07-21,19962.187500,2,22178.687500,21999.187500,24307.687500,-4258.00,-4617.00
2024-07-22,19962.187500,2,22454.187500,21982.687500,24307.687500,-3707.00,-4650.00
2024-07-23,19962.187500,2,22130.187500,22117.187500,24307.687500,-4355.00,-4381.00
2024-07-24,19962.187500,2,21087.687500,20878.187500,24307.687500,-6440.00,-6859.00
2024-07-25,19962.187500,2,20592.187500,20312.187500,24307.687500,-7431.00,-7991.00
2024-07-26,19962.187500,2,20896.687500,20581.687500,24307.687500,-6822.00,-7452.00
2024-07-28,19962.187500,2,21028.187500,20881.187500,24307.687500,-6559.00,-6853.00
2024-07-29,19962.187500,2,20811.187500,20771.187500,24307.687500,-6993.00,-7073.00
2024-07-30,19962.187500,2,20666.687500,19998.687500,24307.687500,-7282.00,-8618.00
2024-07-31,19962.187500,2,21893.687500,20573.687500,24307.687500,-4828.00,-7468.00
2024-08-01,19962.187500,2,20372.187500,20227.687500,24307.687500,-7871.00,-8160.00
2024-08-02,19962.187500,2,19564.687500,19316.687500,24307.687500,-9486.00,-9982.00
2024-08-04,19962.187500,2,19074.187500,18973.687500,24307.687500,-10467.00,-10668.00
2024-08-05,19962.187500,2,19117.187500,17237.187500,24307.687500,-10381.00,-14141.00
2024-08-06,18878.187500,0,18878.187500,18878.187500,24307.687500,-10859.00,-10859.00
2024-08-07,18878.187500,0,18878.187500,18878.187500,24307.687500,-10859.00,-10859.00
2024-08-08,18878.187500,0,18878.187500,18878.187500,24307.687500,-10859.00,-10859.00
2024-08-09,18878.187500,0,18878.187500,18878.187500,24307.687500,-10859.00,-10859.00
2024-08-11,18878.187500,0,18878.187500,18878.187500,24307.687500,-10859.00,-10859.00
2024-08-12,18878.187500,0,18878.187500,18878.187500,24307.687500,-10859.00,-10859.00
2024-08-13,18878.187500,0,18878.187500,18878.187500,24307.687500,-10859.00,-10859.00
2024-08-14,18878.187500,0,18878.187500,18878.187500,24307.687500,-10859.00,-10859.00
2024-08-15,18878.187500,0,18878.187500,18878.187500,24307.687500,-10859.00,-10859.00
2024-08-16,18878.187500,0,18878.187500,18878.187500,24307.687500,-10859.00,-10859.00
2024-08-18,18878.187500,0,18878.187500,18878.187500,24307.687500,-10859.00,-10859.00
2024-08-19,18878.187500,0,18878.187500,18878.187500,24307.687500,-10859.00,-10859.00
2024-08-20,18878.187500,0,18878.187500,18878.187500,24307.687500,-10859.00,-10859.00
2024-08-21,18878.187500,0,18878.187500,18878.187500,24307.687500,-10859.00,-10859.00
2024-08-22,18878.187500,0,18878.187500,18878.187500,24307.687500,-10859.00,-10859.00
2024-08-23,18878.187500,0,18878.187500,18878.187500,24307.687500,-10859.00,-10859.00
2024-08-25,18878.187500,0,18878.187500,18878.187500,24307.687500,-10859.00,-10859.00
2024-08-26,18878.187500,0,18878.187500,18878.187500,24307.687500,-10859.00,-10859.00
2024-08-27,18878.187500,0,18878.187500,18878.187500,24307.687500,-10859.00,-10859.00
2024-08-28,18878.187500,0,18878.187500,18878.187500,24307.687500,-10859.00,-10859.00
2024-08-29,18878.187500,0,18878.187500,18878.187500,24307.687500,-10859.00,-10859.00
2024-08-30,18878.187500,0,18878.187500,18878.187500,24307.687500,-10859.00,-10859.00
2024-09-01,18878.187500,0,18878.187500,18878.187500,24307.687500,-10859.00,-10859.00
2024-09-02,18878.187500,0,18878.187500,18878.187500,24307.687500,-10859.00,-10859.00
2024-09-03,18878.187500,0,18878.187500,18878.187500,24307.687500,-10859.00,-10859.00
2024-09-04,18878.187500,0,18878.187500,18878.187500,24307.687500,-10859.00,-10859.00
2024-09-05,18878.187500,0,18878.187500,18878.187500,24307.687500,-10859.00,-10859.00
2024-09-06,18878.187500,3,17885.187500,17764.437500,24307.687500,-12845.00,-13086.50
2024-09-08,18878.187500,3,18092.187500,17912.937500,24307.687500,-12431.00,-12789.50
2024-09-09,18878.187500,3,18891.687500,18077.187500,24307.687500,-10832.00,-12461.00
2024-09-10,18878.187500,3,19263.687500,18500.187500,24307.687500,-10088.00,-11615.00
2024-09-11,18878.187500,3,20485.437500,18395.937500,24307.687500,-7644.50,-11823.50
2024-09-12,18878.187500,3,21110.187500,20308.437500,24307.687500,-6395.00,-7998.50
2024-09-13,19471.000000,2,21062.000000,20846.000000,24307.687500,-6491.38,-6923.38
2024-09-15,19471.000000,2,21131.000000,21011.000000,24307.687500,-6353.38,-6593.38
2024-09-16,19471.000000,2,21400.000000,21112.500000,24307.687500,-5815.38,-6390.38
2024-09-17,19471.000000,2,21465.000000,21203.000000,24307.687500,-5685.38,-6209.38
2024-09-18,19471.000000,2,21581.000000,21175.500000,24307.687500,-5453.38,-6264.38
2024-09-19,19471.000000,2,22152.500000,21408.000000,24307.687500,-4310.38,-5799.38
2024-09-20,19471.000000,2,22083.000000,21774.000000,24307.687500,-4449.38,-5067.38
2024-09-22,19471.000000,2,22178.500000,22046.500000,24307.687500,-4258.38,-4522.38
2024-09-23,19471.000000,2,22191.000000,21964.000000,24307.687500,-4233.38,-4687.38
2024-09-24,19471.000000,2,22413.500000,21958.000000,24307.687500,-3788.38,-4699.38
2024-09-25,19471.000000,2,22609.500000,22181.500000,24307.687500,-3396.38,-4252.38
2024-09-26,19471.000000,2,22742.000000,22430.000000,24307.687500,-3131.38,-3755.38
2024-09-27,19471.000000,2,22442.000000,22400.000000,24307.687500,-3731.38,-3815.38
2024-09-29,19471.000000,2,22600.000000,22369.000000,24307.687500,-3415.38,-3877.38
2024-09-30,19471.000000,2,22550.000000,22169.000000,24307.687500,-3515.38,-4277.38
2024-10-01,19471.000000,2,21920.000000,21690.000000,24307.687500,-4775.38,-5235.38
2024-10-02,19471.000000,2,22164.500000,21721.000000,24307.687500,-4286.38,-5173.38
2024-10-03,19471.000000,2,22021.000000,21756.000000,24307.687500,-4573.38,-5103.38
2024-10-04,19471.000000,2,22461.500000,21950.500000,24307.687500,-3692.38,-4714.38
2024-10-06,19471.000000,2,22516.000000,22486.000000,24307.687500,-3583.38,-3643.38
2024-10-07,19471.000000,2,22021.000000,21859.000000,24307.687500,-4573.38,-4897.38
2024-10-08,19471.000000,2,22601.000000,21939.000000,24307.687500,-3413.38,-4737.38
2024-10-09,19471.000000,2,22955.500000,22445.000000,24307.687500,-2704.38,-3725.38
2024-10-10,19471.000000,2,22958.000000,22656.500000,24307.687500,-2699.38,-3302.38
2024-10-11,19471.000000,2,22878.500000,22680.500000,24307.687500,-2858.38,-3254.38
2024-10-13,19471.000000,2,22908.000000,22866.500000,24307.687500,-2799.38,-2882.38
2024-10-14,19471.000000,2,23317.500000,22819.000000,24307.687500,-1980.38,-2977.38
2024-10-15,19471.000000,2,22757.500000,22562.000000,24307.687500,-3100.38,-3491.38
2024-10-16,19471.000000,2,22681.500000,22464.500000,24307.687500,-3252.38,-3686.38
2024-10-17,19471.000000,2,22864.000000,22607.500000,24307.687500,-2887.38,-3400.38
2024-10-18,19471.000000,2,23022.500000,22696.000000,24307.687500,-2570.38,-3223.38
2024-10-20,19471.000000,2,23081.000000,23042.000000,24307.687500,-2453.38,-2531.38
2024-10-21,19471.000000,2,23085.500000,22739.000000,24307.687500,-2444.38,-3137.38
2024-10-22,19471.000000,2,23113.000000,22774.500000,24307.687500,-2389.38,-3066.38
2024-10-23,19471.000000,2,22634.000000,22212.000000,24307.687500,-3347.38,-4191.38
2024-10-24,19471.000000,2,22816.000000,22575.000000,24307.687500,-2983.38,-3465.38
2024-10-25,19471.000000,2,23008.500000,22783.500000,24307.687500,-2598.38,-3048.38
2024-10-27,19471.000000,2,23251.000000,23098.000000,24307.687500,-2113.38,-2419.38
2024-10-28,19471.000000,2,23070.000000,23026.000000,24307.687500,-2475.38,-2563.38
2024-10-29,19471.000000,2,23550.000000,22918.000000,24307.687500,-1515.38,-2779.38
2024-10-30,19471.000000,2,22907.000000,22898.500000,24307.687500,-2801.38,-2818.38
2024-10-31,19471.000000,2,22202.000000,22069.500000,24307.687500,-4211.38,-4476.38
2024-11-01,19471.000000,2,22393.000000,22089.500000,24307.687500,-3829.38,-4436.38
2024-11-03,19471.000000,2,22324.000000,22186.500000,24307.687500,-3967.38,-4242.38
2024-11-04,19471.000000,2,22230.500000,22080.500000,24307.687500,-4154.38,-4454.38
2024-11-05,19471.000000,2,22742.000000,22137.500000,24307.687500,-3131.38,-4340.38
2024-11-06,19471.000000,2,23836.000000,22701.000000,24307.687500,-943.38,-3213.38
2024-11-07,19471.000000,2,24507.500000,23775.500000,24507.500000,0.00,-1464.00
2024-11-08,21844.500000,1,24363.250000,24257.500000,24507.500000,-288.50,-500.00
2024-11-10,21844.500000,1,24440.250000,24378.000000,24507.500000,-134.50,-259.00
2024-11-11,21844.500000,1,24352.250000,24234.250000,24507.500000,-310.50,-546.50
2024-11-12,21844.500000,1,24296.250000,24190.750000,24507.500000,-422.50,-633.50
2024-11-13,21844.500000,1,24302.250000,24193.500000,24507.500000,-410.50,-628.00
2024-11-14,21844.500000,1,24085.750000,24073.000000,24507.500000,-843.50,-869.00
2024-11-15,21844.500000,1,23639.750000,23541.250000,24507.500000,-1735.50,-1932.50
2024-11-17,21844.500000,1,23704.500000,23612.250000,24507.500000,-1606.00,-1790.50
2024-11-18,21844.500000,1,23758.500000,23617.750000,24507.500000,-1498.00,-1779.50
2024-11-19,21844.500000,1,23919.250000,23518.000000,24507.500000,-1176.50,-1979.00
2024-11-20,21844.500000,1,23888.750000,23613.250000,24507.500000,-1237.50,-1788.50
2024-11-21,21844.500000,1,23909.750000,23650.000000,24507.500000,-1195.50,-1715.00
2024-11-22,21844.500000,1,24014.500000,23829.000000,24507.500000,-986.00,-1357.00
2024-11-24,21844.500000,1,24071.750000,24044.000000,24507.500000,-871.50,-927.00
2024-11-25,21844.500000,1,23970.250000,23916.250000,24507.500000,-1074.50,-1182.50
2024-11-26,21844.500000,1,24121.750000,23891.250000,24507.500000,-771.50,-1232.50
2024-11-27,21844.500000,1,23959.250000,23811.000000,24507.500000,-1096.50,-1393.00
2024-11-28,21844.500000,1,24023.750000,23959.000000,24507.500000,-967.50,-1097.00
2024-11-29,21844.500000,1,24127.500000,23941.750000,24507.500000,-760.00,-1131.50
2024-12-01,21844.500000,1,24100.500000,24088.750000,24507.500000,-814.00,-837.50
2024-12-02,21844.500000,1,24349.750000,24075.750000,24507.500000,-315.50,-863.50
2024-12-03,21844.500000,1,24468.750000,24270.750000,24507.500000,-77.50,-473.50
2024-12-04,21844.500000,1,24646.250000,24452.000000,24646.250000,0.00,-388.50
2024-12-05,21844.500000,1,24591.750000,24560.000000,24646.250000,-109.00,-172.50
2024-12-06,21844.500000,1,24770.000000,24575.000000,24770.000000,0.00,-390.00
2024-12-08,21844.500000,1,24793.750000,24762.500000,24793.750000,0.00,-62.50
2024-12-09,21844.500000,1,24601.500000,24573.000000,24793.750000,-384.50,-441.50
2024-12-10,21844.500000,1,24564.500000,24488.750000,24793.750000,-458.50,-610.00
2024-12-11,21844.500000,1,24894.250000,24541.750000,24894.250000,0.00,-705.00
2024-12-12,21844.500000,1,24880.500000,24738.250000,24894.250000,-27.50,-312.00
2024-12-13,21844.500000,1,24896.500000,24802.750000,24896.500000,0.00,-187.50
2024-12-15,21844.500000,1,24925.250000,24898.250000,24925.250000,0.00,-54.00
2024-12-16,21844.500000,1,25235.000000,24919.250000,25235.000000,0.00,-631.50
2024-12-17,21844.500000,1,25410.250000,25341.500000,25410.250000,0.00,-137.50
2024-12-18,21844.500000,1,24607.000000,24446.250000,25410.250000,-1606.50,-1928.00
2024-12-19,21844.500000,1,24510.250000,24481.000000,25410.250000,-1800.00,-1858.50
2024-12-20,21844.500000,1,24689.000000,24143.000000,25410.250000,-1442.50,-2534.50
2024-12-22,21844.500000,1,24792.250000,24701.250000,25410.250000,-1236.00,-1418.00
2024-12-23,21844.500000,1,24873.250000,24612.000000,25410.250000,-1074.00,-1596.50
2024-12-24,21844.500000,1,25182.250000,24844.500000,25410.250000,-456.00,-1131.50
2024-12-25,21844.500000,1,25196.000000,25182.500000,25410.250000,-428.50,-455.50
2024-12-26,21844.500000,1,25141.750000,25006.500000,25410.250000,-537.00,-807.50
2024-12-27,21844.500000,1,24856.250000,24634.250000,25410.250000,-1108.00,-1552.00
2024-12-29,21844.500000,1,24838.500000,24805.750000,25410.250000,-1143.50,-1209.00
2024-12-30,21844.500000,1,24527.250000,24388.750000,25410.250000,-1766.00,-2043.00
2024-12-31,21844.500000,1,24371.000000,24317.750000,25410.250000,-2078.50,-2185.00
2025-01-01,21844.500000,1,24403.500000,24379.750000,25410.250000,-2013.50,-2061.00
2025-01-02,24408.250000,0,24408.250000,24408.250000,25410.250000,-2004.00,-2004.00
2025-01-03,24408.250000,0,24408.250000,24408.250000,25410.250000,-2004.00,-2004.00
2025-01-05,24408.250000,0,24408.250000,24408.250000,25410.250000,-2004.00,-2004.00
2025-01-06,24408.250000,0,24408.250000,24408.250000,25410.250000,-2004.00,-2004.00
2025-01-07,24408.250000,0,24408.250000,24408.250000,25410.250000,-2004.00,-2004.00
2025-01-08,24408.250000,0,24408.250000,24408.250000,25410.250000,-2004.00,-2004.00
2025-01-09,24408.250000,0,24408.250000,24408.250000,25410.250000,-2004.00,-2004.00
2025-01-10,24408.250000,0,24408.250000,24408.250000,25410.250000,-2004.00,-2004.00
2025-01-12,24408.250000,0,24408.250000,24408.250000,25410.250000,-2004.00,-2004.00
2025-01-13,24408.250000,0,24408.250000,24408.250000,25410.250000,-2004.00,-2004.00
2025-01-14,24408.250000,0,24408.250000,24408.250000,25410.250000,-2004.00,-2004.00
2025-01-15,24408.250000,0,24408.250000,24408.250000,25410.250000,-2004.00,-2004.00
2025-01-16,24408.250000,0,24408.250000,24408.250000,25410.250000,-2004.00,-2004.00
2025-01-17,24408.250000,0,24408.250000,24408.250000,25410.250000,-2004.00,-2004.00
2025-01-19,24408.250000,0,24408.250000,24408.250000,25410.250000,-2004.00,-2004.00
2025-01-20,24408.250000,0,24408.250000,24408.250000,25410.250000,-2004.00,-2004.00
2025-01-21,24408.250000,0,24408.250000,24408.250000,25410.250000,-2004.00,-2004.00
2025-01-22,24408.250000,0,24408.250000,24408.250000,25410.250000,-2004.00,-2004.00
2025-01-23,24408.250000,0,24408.250000,24408.250000,25410.250000,-2004.00,-2004.00
2025-01-24,24408.250000,0,24408.250000,24408.250000,25410.250000,-2004.00,-2004.00
2025-01-26,24408.250000,0,24408.250000,24408.250000,25410.250000,-2004.00,-2004.00
2025-01-27,24408.250000,0,24408.250000,24408.250000,25410.250000,-2004.00,-2004.00
2025-01-28,24408.250000,0,24408.250000,24408.250000,25410.250000,-2004.00,-2004.00
2025-01-29,24408.250000,0,24408.250000,24408.250000,25410.250000,-2004.00,-2004.00
2025-01-30,24408.250000,0,24408.250000,24408.250000,25410.250000,-2004.00,-2004.00
2025-01-31,24408.250000,0,24408.250000,24408.250000,25410.250000,-2004.00,-2004.00
2025-02-02,24408.250000,0,24408.250000,24408.250000,25410.250000,-2004.00,-2004.00
2025-02-03,24408.250000,0,24408.250000,24408.250000,25410.250000,-2004.00,-2004.00
2025-02-04,24408.250000,0,24408.250000,24408.250000,25410.250000,-2004.00,-2004.00
2025-02-05,24408.250000,0,24408.250000,24408.250000,25410.250000,-2004.00,-2004.00
2025-02-06,24408.250000,0,24408.250000,24408.250000,25410.250000,-2004.00,-2004.00
2025-02-07,24408.250000,0,24408.250000,24408.250000,25410.250000,-2004.00,-2004.00
2025-02-09,24408.250000,0,24408.250000,24408.250000,25410.250000,-2004.00,-2004.00
2025-02-10,24408.250000,0,24408.250000,24408.250000,25410.250000,-2004.00,-2004.00
2025-02-11,24408.250000,0,24408.250000,24408.250000,25410.250000,-2004.00,-2004.00
2025-02-12,24408.250000,0,24408.250000,24408.250000,25410.250000,-2004.00,-2004.00
2025-02-13,24408.250000,0,24408.250000,24408.250000,25410.250000,-2004.00,-2004.00
2025-02-14,24408.250000,0,24408.250000,24408.250000,25410.250000,-2004.00,-2004.00
2025-02-16,24408.250000,0,24408.250000,24408.250000,25410.250000,-2004.00,-2004.00
2025-02-17,24408.250000,0,24408.250000,24408.250000,25410.250000,-2004.00,-2004.00
2025-02-18,24408.250000,0,24408.250000,24408.250000,25410.250000,-2004.00,-2004.00
2025-02-19,24408.250000,0,24408.250000,24408.250000,25410.250000,-2004.00,-2004.00
2025-02-20,24408.250000,0,24408.250000,24408.250000,25410.250000,-2004.00,-2004.00
2025-02-21,24408.250000,0,24408.250000,24408.250000,25410.250000,-2004.00,-2004.00
2025-02-23,24408.250000,0,24408.250000,24408.250000,25410.250000,-2004.00,-2004.00
2025-02-24,24408.250000,0,24408.250000,24408.250000,25410.250000,-2004.00,-2004.00
2025-02-25,24408.250000,0,24408.250000,24408.250000,25410.250000,-2004.00,-2004.00
2025-02-26,24408.250000,0,24408.250000,24408.250000,25410.250000,-2004.00,-2004.00
2025-02-27,24408.250000,0,24408.250000,24408.250000,25410.250000,-2004.00,-2004.00
2025-02-28,24408.250000,0,24408.250000,24408.250000,25410.250000,-2004.00,-2004.00
2025-03-02,24408.250000,0,24408.250000,24408.250000,25410.250000,-2004.00,-2004.00
2025-03-03,24408.250000,0,24408.250000,24408.250000,25410.250000,-2004.00,-2004.00
2025-03-04,24408.250000,0,24408.250000,24408.250000,25410.250000,-2004.00,-2004.00
2025-03-05,24408.250000,0,24408.250000,24408.250000,25410.250000,-2004.00,-2004.00
2025-03-06,24408.250000,0,24408.250000,24408.250000,25410.250000,-2004.00,-2004.00
2025-03-07,24408.250000,0,24408.250000,24408.250000,25410.250000,-2004.00,-2004.00
2025-03-09,24408.250000,0,24408.250000,24408.250000,25410.250000,-2004.00,-2004.00
2025-03-10,24408.250000,0,24408.250000,24408.250000,25410.250000,-2004.00,-2004.00
2025-03-11,24408.250000,0,24408.250000,24408.250000,25410.250000,-2004.00,-2004.00
2025-03-12,24408.250000,0,24408.250000,24408.250000,25410.250000,-2004.00,-2004.00
2025-03-13,24408.250000,0,24408.250000,24408.250000,25410.250000,-2004.00,-2004.00
2025-03-14,24408.250000,0,24408.250000,24408.250000,25410.250000,-2004.00,-2004.00
2025-03-16,24408.250000,0,24408.250000,24408.250000,25410.250000,-2004.00,-2004.00
2025-03-17,24408.250000,0,24408.250000,24408.250000,25410.250000,-2004.00,-2004.00
2025-03-18,24408.250000,0,24408.250000,24408.250000,25410.250000,-2004.00,-2004.00
2025-03-19,24408.250000,0,24408.250000,24408.250000,25410.250000,-2004.00,-2004.00
2025-03-20,24408.250000,0,24408.250000,24408.250000,25410.250000,-2004.00,-2004.00
2025-03-21,24408.250000,0,24408.250000,24408.250000,25410.250000,-2004.00,-2004.00
2025-03-23,24408.250000,0,24408.250000,24408.250000,25410.250000,-2004.00,-2004.00
2025-03-24,24408.250000,0,24408.250000,24408.250000,25410.250000,-2004.00,-2004.00
2025-03-25,24408.250000,0,24408.250000,24408.250000,25410.250000,-2004.00,-2004.00
2025-03-26,24408.250000,0,24408.250000,24408.250000,25410.250000,-2004.00,-2004.00
2025-03-27,24408.250000,0,24408.250000,24408.250000,25410.250000,-2004.00,-2004.00
2025-03-28,24408.250000,0,24408.250000,24408.250000,25410.250000,-2004.00,-2004.00
2025-03-30,24408.250000,0,24408.250000,24408.250000,25410.250000,-2004.00,-2004.00
2025-03-31,24408.250000,0,24408.250000,24408.250000,25410.250000,-2004.00,-2004.00
2025-04-01,24408.250000,0,24408.250000,24408.250000,25410.250000,-2004.00,-2004.00
2025-04-02,24408.250000,0,24408.250000,24408.250000,25410.250000,-2004.00,-2004.00
2025-04-03,24408.250000,3,25375.750000,23808.250000,25410.250000,-69.00,-3204.00
2025-04-04,24408.250000,3,28879.750000,25198.750000,28879.750000,0.00,-7362.00
2025-04-06,25243.312500,2,29755.312500,28944.312500,29755.312500,0.00,-1622.00
2025-04-07,25243.312500,2,27666.812500,26476.312500,29755.312500,-4177.00,-6558.00
2025-04-08,25243.312500,2,29211.812500,26482.312500,29755.312500,-1087.00,-6546.00
2025-04-09,25243.312500,2,24570.312500,24420.812500,29755.312500,-10370.00,-10669.00
2025-04-10,25243.312500,2,26483.312500,24524.312500,29755.312500,-6544.00,-10462.00
2025-04-11,25243.312500,2,25558.812500,25450.312500,29755.312500,-8393.00,-8610.00
2025-04-13,25243.312500,2,25170.812500,24690.812500,29755.312500,-9169.00,-10129.00
2025-04-14,25243.312500,2,25496.312500,24685.312500,29755.312500,-8518.00,-10140.00
2025-04-15,25243.312500,2,25740.312500,24907.312500,29755.312500,-8030.00,-9696.00
2025-04-16,25243.312500,2,26391.812500,25474.812500,29755.312500,-6727.00,-8561.00
2025-04-17,25243.312500,2,26336.812500,25892.812500,29755.312500,-6837.00,-7725.00
2025-04-20,25243.312500,2,26568.312500,26427.312500,29755.312500,-6374.00,-6656.00
2025-04-21,25243.312500,2,27190.312500,26448.812500,29755.312500,-5130.00,-6613.00
2025-04-22,25243.312500,2,25674.312500,25594.312500,29755.312500,-8162.00,-8322.00
2025-04-23,25243.312500,2,25517.812500,24865.312500,29755.312500,-8475.00,-9780.00
2025-04-24,25243.312500,2,24371.812500,24324.812500,29755.312500,-10767.00,-10861.00
2025-04-25,25243.312500,2,24087.312500,24016.812500,29755.312500,-11336.00,-11477.00
2025-04-27,25243.312500,2,24288.312500,24143.312500,29755.312500,-10934.00,-11224.00
2025-04-28,25243.312500,2,24139.812500,23951.312500,29755.312500,-11231.00,-11608.00
2025-04-29,25243.312500,2,24070.312500,23811.812500,29755.312500,-11370.00,-11887.00
2025-04-30,25243.312500,2,23362.812500,23324.812500,29755.312500,-12785.00,-12861.00
2025-05-01,24068.312500,0,24068.312500,24068.312500,29755.312500,-11374.00,-11374.00
2025-05-02,24068.312500,0,24068.312500,24068.312500,29755.312500,-11374.00,-11374.00
2025-05-04,24068.312500,0,24068.312500,24068.312500,29755.312500,-11374.00,-11374.00
2025-05-05,24068.312500,0,24068.312500,24068.312500,29755.312500,-11374.00,-11374.00
2025-05-06,24068.312500,0,24068.312500,24068.312500,29755.312500,-11374.00,-11374.00
2025-05-07,24068.312500,0,24068.312500,24068.312500,29755.312500,-11374.00,-11374.00
2025-05-08,24068.312500,0,24068.312500,24068.312500,29755.312500,-11374.00,-11374.00
2025-05-09,24068.312500,0,24068.312500,24068.312500,29755.312500,-11374.00,-11374.00
2025-05-11,24068.312500,0,24068.312500,24068.312500,29755.312500,-11374.00,-11374.00
2025-05-12,24068.312500,0,24068.312500,24068.312500,29755.312500,-11374.00,-11374.00
2025-05-13,24068.312500,0,24068.312500,24068.312500,29755.312500,-11374.00,-11374.00
2025-05-14,24068.312500,0,24068.312500,24068.312500,29755.312500,-11374.00,-11374.00
2025-05-15,24068.312500,0,24068.312500,24068.312500,29755.312500,-11374.00,-11374.00
2025-05-16,24068.312500,0,24068.312500,24068.312500,29755.312500,-11374.00,-11374.00
2025-05-18,24068.312500,0,24068.312500,24068.312500,29755.312500,-11374.00,-11374.00
2025-05-19,24068.312500,0,24068.312500,24068.312500,29755.312500,-11374.00,-11374.00
2025-05-20,24068.312500,0,24068.312500,24068.312500,29755.312500,-11374.00,-11374.00
2025-05-21,24068.312500,0,24068.312500,24068.312500,29755.312500,-11374.00,-11374.00
2025-05-22,24068.312500,0,24068.312500,24068.312500,29755.312500,-11374.00,-11374.00
2025-05-23,24068.312500,0,24068.312500,24068.312500,29755.312500,-11374.00,-11374.00
2025-05-25,24068.312500,0,24068.312500,24068.312500,29755.312500,-11374.00,-11374.00
2025-05-26,24068.312500,0,24068.312500,24068.312500,29755.312500,-11374.00,-11374.00
2025-05-27,24068.312500,0,24068.312500,24068.312500,29755.312500,-11374.00,-11374.00
2025-05-28,24068.312500,0,24068.312500,24068.312500,29755.312500,-11374.00,-11374.00
2025-05-29,24068.312500,0,24068.312500,24068.312500,29755.312500,-11374.00,-11374.00
2025-05-30,24068.312500,0,24068.312500,24068.312500,29755.312500,-11374.00,-11374.00
2025-06-01,24068.312500,0,24068.312500,24068.312500,29755.312500,-11374.00,-11374.00
2025-06-02,24068.312500,0,24068.312500,24068.312500,29755.312500,-11374.00,-11374.00
2025-06-03,24068.312500,0,24068.312500,24068.312500,29755.312500,-11374.00,-11374.00
2025-06-04,24068.312500,0,24068.312500,24068.312500,29755.312500,-11374.00,-11374.00
2025-06-05,24068.312500,0,24068.312500,24068.312500,29755.312500,-11374.00,-11374.00
2025-06-06,24068.312500,0,24068.312500,24068.312500,29755.312500,-11374.00,-11374.00
2025-06-08,24068.312500,0,24068.312500,24068.312500,29755.312500,-11374.00,-11374.00
2025-06-09,24068.312500,0,24068.312500,24068.312500,29755.312500,-11374.00,-11374.00
2025-06-10,24068.312500,0,24068.312500,24068.312500,29755.312500,-11374.00,-11374.00
2025-06-11,24068.312500,0,24068.312500,24068.312500,29755.312500,-11374.00,-11374.00
2025-06-12,24068.312500,0,24068.312500,24068.312500,29755.312500,-11374.00,-11374.00
2025-06-13,24068.312500,0,24068.312500,24068.312500,29755.312500,-11374.00,-11374.00
2025-06-15,24068.312500,0,24068.312500,24068.312500,29755.312500,-11374.00,-11374.00
2025-06-16,24068.312500,0,24068.312500,24068.312500,29755.312500,-11374.00,-11374.00
2025-06-17,24068.312500,0,24068.312500,24068.312500,29755.312500,-11374.00,-11374.00
2025-06-18,24068.312500,0,24068.312500,24068.312500,29755.312500,-11374.00,-11374.00
2025-06-19,24068.312500,0,24068.312500,24068.312500,29755.312500,-11374.00,-11374.00
2025-06-20,24068.312500,0,24068.312500,24068.312500,29755.312500,-11374.00,-11374.00
2025-06-22,24068.312500,0,24068.312500,24068.312500,29755.312500,-11374.00,-11374.00
2025-06-23,24068.312500,0,24068.312500,24068.312500,29755.312500,-11374.00,-11374.00
2025-06-24,24068.312500,0,24068.312500,24068.312500,29755.312500,-11374.00,-11374.00
2025-06-25,24068.312500,0,24068.312500,24068.312500,29755.312500,-11374.00,-11374.00
2025-06-26,24068.312500,0,24068.312500,24068.312500,29755.312500,-11374.00,-11374.00
2025-06-27,24068.312500,0,24068.312500,24068.312500,29755.312500,-11374.00,-11374.00
2025-06-29,24068.312500,0,24068.312500,24068.312500,29755.312500,-11374.00,-11374.00
2025-06-30,24068.312500,0,24068.312500,24068.312500,29755.312500,-11374.00,-11374.00
2025-07-01,24068.312500,0,24068.312500,24068.312500,29755.312500,-11374.00,-11374.00
2025-07-02,24068.312500,0,24068.312500,24068.312500,29755.312500,-11374.00,-11374.00
2025-07-03,24068.312500,0,24068.312500,24068.312500,29755.312500,-11374.00,-11374.00
2025-07-04,24068.312500,0,24068.312500,24068.312500,29755.312500,-11374.00,-11374.00
2025-07-06,24068.312500,0,24068.312500,24068.312500,29755.312500,-11374.00,-11374.00
2025-07-07,24068.312500,0,24068.312500,24068.312500,29755.312500,-11374.00,-11374.00
2025-07-08,24068.312500,0,24068.312500,24068.312500,29755.312500,-11374.00,-11374.00
2025-07-09,24068.312500,0,24068.312500,24068.312500,29755.312500,-11374.00,-11374.00
2025-07-10,24068.312500,0,24068.312500,24068.312500,29755.312500,-11374.00,-11374.00
2025-07-11,24068.312500,0,24068.312500,24068.312500,29755.312500,-11374.00,-11374.00
2025-07-13,24068.312500,0,24068.312500,24068.312500,29755.312500,-11374.00,-11374.00
2025-07-14,24068.312500,0,24068.312500,24068.312500,29755.312500,-11374.00,-11374.00
2025-07-15,24068.312500,0,24068.312500,24068.312500,29755.312500,-11374.00,-11374.00
2025-07-16,24068.312500,0,24068.312500,24068.312500,29755.312500,-11374.00,-11374.00
2025-07-17,24068.312500,0,24068.312500,24068.312500,29755.312500,-11374.00,-11374.00
2025-07-18,24068.312500,0,24068.312500,24068.312500,29755.312500,-11374.00,-11374.00
2025-07-20,24068.312500,0,24068.312500,24068.312500,29755.312500,-11374.00,-11374.00
2025-07-21,24068.312500,0,24068.312500,24068.312500,29755.312500,-11374.00,-11374.00
2025-07-22,24068.312500,0,24068.312500,24068.312500,29755.312500,-11374.00,-11374.00
2025-07-23,24068.312500,0,24068.312500,24068.312500,29755.312500,-11374.00,-11374.00
2025-07-24,24068.312500,0,24068.312500,24068.312500,29755.312500,-11374.00,-11374.00
2025-07-25,24068.312500,0,24068.312500,24068.312500,29755.312500,-11374.00,-11374.00
2025-07-27,24068.312500,0,24068.312500,24068.312500,29755.312500,-11374.00,-11374.00
2025-07-28,24068.312500,0,24068.312500,24068.312500,29755.312500,-11374.00,-11374.00
2025-07-29,24068.312500,0,24068.312500,24068.312500,29755.312500,-11374.00,-11374.00
2025-07-30,24068.312500,0,24068.312500,24068.312500,29755.312500,-11374.00,-11374.00
2025-07-31,24068.312500,0,24068.312500,24068.312500,29755.312500,-11374.00,-11374.00
2025-08-01,24068.312500,0,24068.312500,24068.312500,29755.312500,-11374.00,-11374.00
2025-08-03,24068.312500,0,24068.312500,24068.312500,29755.312500,-11374.00,-11374.00
2025-08-04,24068.312500,0,24068.312500,24068.312500,29755.312500,-11374.00,-11374.00
2025-08-05,24068.312500,0,24068.312500,24068.312500,29755.312500,-11374.00,-11374.00
2025-08-06,24068.312500,0,24068.312500,24068.312500,29755.312500,-11374.00,-11374.00
2025-08-07,24068.312500,0,24068.312500,24068.312500,29755.312500,-11374.00,-11374.00
2025-08-08,24068.312500,0,24068.312500,24068.312500,29755.312500,-11374.00,-11374.00
2025-08-10,24068.312500,0,24068.312500,24068.312500,29755.312500,-11374.00,-11374.00
2025-08-11,24068.312500,0,24068.312500,24068.312500,29755.312500,-11374.00,-11374.00
2025-08-12,24068.312500,0,24068.312500,24068.312500,29755.312500,-11374.00,-11374.00
2025-08-13,24068.312500,0,24068.312500,24068.312500,29755.312500,-11374.00,-11374.00
2025-08-14,24068.312500,0,24068.312500,24068.312500,29755.312500,-11374.00,-11374.00
2025-08-15,24068.312500,0,24068.312500,24068.312500,29755.312500,-11374.00,-11374.00
2025-08-17,24068.312500,0,24068.312500,24068.312500,29755.312500,-11374.00,-11374.00
2025-08-18,24068.312500,0,24068.312500,24068.312500,29755.312500,-11374.00,-11374.00
2025-08-19,24068.312500,0,24068.312500,24068.312500,29755.312500,-11374.00,-11374.00
2025-08-20,24068.312500,0,24068.312500,24068.312500,29755.312500,-11374.00,-11374.00
2025-08-21,24068.312500,0,24068.312500,24068.312500,29755.312500,-11374.00,-11374.00
2025-08-22,24068.312500,0,24068.312500,24068.312500,29755.312500,-11374.00,-11374.00
2025-08-24,24068.312500,0,24068.312500,24068.312500,29755.312500,-11374.00,-11374.00
2025-08-25,24068.312500,0,24068.312500,24068.312500,29755.312500,-11374.00,-11374.00
2025-08-26,24068.312500,0,24068.312500,24068.312500,29755.312500,-11374.00,-11374.00
2025-08-27,24068.312500,0,24068.312500,24068.312500,29755.312500,-11374.00,-11374.00
2025-08-28,24068.312500,0,24068.312500,24068.312500,29755.312500,-11374.00,-11374.00
2025-08-29,24068.312500,0,24068.312500,24068.312500,29755.312500,-11374.00,-11374.00
2025-08-31,24068.312500,0,24068.312500,24068.312500,29755.312500,-11374.00,-11374.00
2025-09-01,24068.312500,0,24068.312500,24068.312500,29755.312500,-11374.00,-11374.00
2025-09-02,24068.312500,0,24068.312500,24068.312500,29755.312500,-11374.00,-11374.00
2025-09-03,24068.312500,0,24068.312500,24068.312500,29755.312500,-11374.00,-11374.00
2025-09-04,24068.312500,0,24068.312500,24068.312500,29755.312500,-11374.00,-11374.00
2025-09-05,24068.312500,0,24068.312500,24068.312500,29755.312500,-11374.00,-11374.00
2025-09-07,24068.312500,0,24068.312500,24068.312500,29755.312500,-11374.00,-11374.00
2025-09-08,24068.312500,0,24068.312500,24068.312500,29755.312500,-11374.00,-11374.00
2025-09-09,24068.312500,0,24068.312500,24068.312500,29755.312500,-11374.00,-11374.00
2025-09-10,24068.312500,0,24068.312500,24068.312500,29755.312500,-11374.00,-11374.00
2025-09-11,24068.312500,0,24068.312500,24068.312500,29755.312500,-11374.00,-11374.00
2025-09-12,24068.312500,0,24068.312500,24068.312500,29755.312500,-11374.00,-11374.00
2025-09-14,24068.312500,0,24068.312500,24068.312500,29755.312500,-11374.00,-11374.00
2025-09-15,24068.312500,0,24068.312500,24068.312500,29755.312500,-11374.00,-11374.00
2025-09-16,24068.312500,0,24068.312500,24068.312500,29755.312500,-11374.00,-11374.00
2025-09-17,24068.312500,0,24068.312500,24068.312500,29755.312500,-11374.00,-11374.00
2025-09-18,24068.312500,0,24068.312500,24068.312500,29755.312500,-11374.00,-11374.00
2025-09-19,24068.312500,0,24068.312500,24068.312500,29755.312500,-11374.00,-11374.00
2025-09-21,24068.312500,0,24068.312500,24068.312500,29755.312500,-11374.00,-11374.00
2025-09-22,24068.312500,0,24068.312500,24068.312500,29755.312500,-11374.00,-11374.00
2025-09-23,24068.312500,0,24068.312500,24068.312500,29755.312500,-11374.00,-11374.00
2025-09-24,24068.312500,0,24068.312500,24068.312500,29755.312500,-11374.00,-11374.00
2025-09-25,24068.312500,0,24068.312500,24068.312500,29755.312500,-11374.00,-11374.00
2025-09-26,24068.312500,0,24068.312500,24068.312500,29755.312500,-11374.00,-11374.00
2025-09-28,24068.312500,0,24068.312500,24068.312500,29755.312500,-11374.00,-11374.00
2025-09-29,24068.312500,0,24068.312500,24068.312500,29755.312500,-11374.00,-11374.00
2025-09-30,24068.312500,0,24068.312500,24068.312500,29755.312500,-11374.00,-11374.00
2025-10-01,24068.312500,0,24068.312500,24068.312500,29755.312500,-11374.00,-11374.00
2025-10-02,24068.312500,0,24068.312500,24068.312500,29755.312500,-11374.00,-11374.00
2025-10-03,24068.312500,0,24068.312500,24068.312500,29755.312500,-11374.00,-11374.00
2025-10-05,24068.312500,0,24068.312500,24068.312500,29755.312500,-11374.00,-11374.00
2025-10-06,24068.312500,0,24068.312500,24068.312500,29755.312500,-11374.00,-11374.00
2025-10-07,24068.312500,0,24068.312500,24068.312500,29755.312500,-11374.00,-11374.00
2025-10-08,24068.312500,0,24068.312500,24068.312500,29755.312500,-11374.00,-11374.00
2025-10-09,24068.312500,0,24068.312500,24068.312500,29755.312500,-11374.00,-11374.00
2025-10-10,24068.312500,0,24068.312500,24068.312500,29755.312500,-11374.00,-11374.00
2025-10-12,24068.312500,0,24068.312500,24068.312500,29755.312500,-11374.00,-11374.00
2025-10-13,24068.312500,0,24068.312500,24068.312500,29755.312500,-11374.00,-11374.00
2025-10-14,24068.312500,0,24068.312500,24068.312500,29755.312500,-11374.00,-11374.00
2025-10-15,24068.312500,0,24068.312500,24068.312500,29755.312500,-11374.00,-11374.00
2025-10-16,24068.312500,0,24068.312500,24068.312500,29755.312500,-11374.00,-11374.00
2025-10-17,24068.312500,0,24068.312500,24068.312500,29755.312500,-11374.00,-11374.00
2025-10-19,24068.312500,0,24068.312500,24068.312500,29755.312500,-11374.00,-11374.00
2025-10-20,24068.312500,0,24068.312500,24068.312500,29755.312500,-11374.00,-11374.00
2025-10-21,24068.312500,0,24068.312500,24068.312500,29755.312500,-11374.00,-11374.00
2025-10-22,24068.312500,0,24068.312500,24068.312500,29755.312500,-11374.00,-11374.00
2025-10-23,24068.312500,0,24068.312500,24068.312500,29755.312500,-11374.00,-11374.00
2025-10-24,24068.312500,0,24068.312500,24068.312500,29755.312500,-11374.00,-11374.00
2025-10-26,24068.312500,0,24068.312500,24068.312500,29755.312500,-11374.00,-11374.00
2025-10-27,24068.312500,0,24068.312500,24068.312500,29755.312500,-11374.00,-11374.00
2025-10-28,24068.312500,0,24068.312500,24068.312500,29755.312500,-11374.00,-11374.00
2025-10-29,24068.312500,0,24068.312500,24068.312500,29755.312500,-11374.00,-11374.00
2025-10-30,24068.312500,0,24068.312500,24068.312500,29755.312500,-11374.00,-11374.00
2025-10-31,24068.312500,0,24068.312500,24068.312500,29755.312500,-11374.00,-11374.00
2025-11-02,24068.312500,0,24068.312500,24068.312500,29755.312500,-11374.00,-11374.00
2025-11-03,24068.312500,0,24068.312500,24068.312500,29755.312500,-11374.00,-11374.00
2025-11-04,24068.312500,0,24068.312500,24068.312500,29755.312500,-11374.00,-11374.00
2025-11-05,24068.312500,0,24068.312500,24068.312500,29755.312500,-11374.00,-11374.00
2025-11-06,24068.312500,0,24068.312500,24068.312500,29755.312500,-11374.00,-11374.00
2025-11-07,24068.312500,0,24068.312500,24068.312500,29755.312500,-11374.00,-11374.00
2025-11-09,24068.312500,0,24068.312500,24068.312500,29755.312500,-11374.00,-11374.00
2025-11-10,24068.312500,0,24068.312500,24068.312500,29755.312500,-11374.00,-11374.00
2025-11-11,24068.312500,0,24068.312500,24068.312500,29755.312500,-11374.00,-11374.00
2025-11-12,24068.312500,0,24068.312500,24068.312500,29755.312500,-11374.00,-11374.00
2025-11-13,24068.312500,0,24068.312500,24068.312500,29755.312500,-11374.00,-11374.00
2025-11-14,24068.312500,0,24068.312500,24068.312500,29755.312500,-11374.00,-11374.00
2025-11-16,24068.312500,0,24068.312500,24068.312500,29755.312500,-11374.00,-11374.00
2025-11-17,24068.312500,0,24068.312500,24068.312500,29755.312500,-11374.00,-11374.00
2025-11-18,24068.312500,0,24068.312500,24068.312500,29755.312500,-11374.00,-11374.00
2025-11-19,24068.312500,0,24068.312500,24068.312500,29755.312500,-11374.00,-11374.00
2025-11-20,24068.312500,0,24068.312500,24068.312500,29755.312500,-11374.00,-11374.00
2025-11-21,24068.312500,0,24068.312500,24068.312500,29755.312500,-11374.00,-11374.00
2025-11-23,24068.312500,0,24068.312500,24068.312500,29755.312500,-11374.00,-11374.00
2025-11-24,24068.312500,0,24068.312500,24068.312500,29755.312500,-11374.00,-11374.00
2025-11-25,24068.312500,0,24068.312500,24068.312500,29755.312500,-11374.00,-11374.00
2025-11-26,24068.312500,0,24068.312500,24068.312500,29755.312500,-11374.00,-11374.00
2025-11-27,24068.312500,0,24068.312500,24068.312500,29755.312500,-11374.00,-11374.00
2025-11-28,24068.312500,0,24068.312500,24068.312500,29755.312500,-11374.00,-11374.00
2025-11-30,24068.312500,0,24068.312500,24068.312500,29755.312500,-11374.00,-11374.00
2025-12-01,24068.312500,0,24068.312500,24068.312500,29755.312500,-11374.00,-11374.00
2025-12-02,24068.312500,0,24068.312500,24068.312500,29755.312500,-11374.00,-11374.00
2025-12-03,24068.312500,0,24068.312500,24068.312500,29755.312500,-11374.00,-11374.00
2025-12-04,24068.312500,0,24068.312500,24068.312500,29755.312500,-11374.00,-11374.00
2025-12-05,24068.312500,0,24068.312500,24068.312500,29755.312500,-11374.00,-11374.00
2025-12-07,24068.312500,0,24068.312500,24068.312500,29755.312500,-11374.00,-11374.00
2025-12-08,24068.312500,0,24068.312500,24068.312500,29755.312500,-11374.00,-11374.00
2025-12-09,24068.312500,0,24068.312500,24068.312500,29755.312500,-11374.00,-11374.00
2025-12-10,24068.312500,0,24068.312500,24068.312500,29755.312500,-11374.00,-11374.00
2025-12-11,24068.312500,0,24068.312500,24068.312500,29755.312500,-11374.00,-11374.00
2025-12-12,24068.312500,0,24068.312500,24068.312500,29755.312500,-11374.00,-11374.00
2025-12-14,24068.312500,0,24068.312500,24068.312500,29755.312500,-11374.00,-11374.00
2025-12-15,24068.312500,0,24068.312500,24068.312500,29755.312500,-11374.00,-11374.00
2025-12-16,24068.312500,0,24068.312500,24068.312500,29755.312500,-11374.00,-11374.00
2025-12-17,24068.312500,0,24068.312500,24068.312500,29755.312500,-11374.00,-11374.00
2025-12-18,24068.312500,0,24068.312500,24068.312500,29755.312500,-11374.00,-11374.00
2025-12-19,24068.312500,0,24068.312500,24068.312500,29755.312500,-11374.00,-11374.00
2025-12-21,24068.312500,0,24068.312500,24068.312500,29755.312500,-11374.00,-11374.00
2025-12-22,24068.312500,0,24068.312500,24068.312500,29755.312500,-11374.00,-11374.00
2025-12-23,24068.312500,0,24068.312500,24068.312500,29755.312500,-11374.00,-11374.00
2025-12-24,24068.312500,0,24068.312500,24068.312500,29755.312500,-11374.00,-11374.00
2025-12-25,24068.312500,0,24068.312500,24068.312500,29755.312500,-11374.00,-11374.00
2025-12-26,24068.312500,0,24068.312500,24068.312500,29755.312500,-11374.00,-11374.00
2025-12-28,24068.312500,0,24068.312500,24068.312500,29755.312500,-11374.00,-11374.00
2025-12-29,24068.312500,0,24068.312500,24068.312500,29755.312500,-11374.00,-11374.00
2025-12-30,24068.312500,0,24068.312500,24068.312500,29755.312500,-11374.00,-11374.00
2025-12-31,24068.312500,0,24068.312500,24068.312500,29755.312500,-11374.00,-11374.00
2026-01-01,24068.312500,0,24068.312500,24068.312500,29755.312500,-11374.00,-11374.00
2026-01-02,24068.312500,0,24068.312500,24068.312500,29755.312500,-11374.00,-11374.00
2026-01-04,24068.312500,0,24068.312500,24068.312500,29755.312500,-11374.00,-11374.00
2026-01-05,24068.312500,0,24068.312500,24068.312500,29755.312500,-11374.00,-11374.00
2026-01-06,24068.312500,0,24068.312500,24068.312500,29755.312500,-11374.00,-11374.00
2026-01-07,24068.312500,0,24068.312500,24068.312500,29755.312500,-11374.00,-11374.00
2026-01-08,24068.312500,0,24068.312500,24068.312500,29755.312500,-11374.00,-11374.00
2026-01-09,24068.312500,0,24068.312500,24068.312500,29755.312500,-11374.00,-11374.00
2026-01-11,24068.312500,0,24068.312500,24068.312500,29755.312500,-11374.00,-11374.00
2026-01-12,24068.312500,0,24068.312500,24068.312500,29755.312500,-11374.00,-11374.00
2026-01-13,24068.312500,0,24068.312500,24068.312500,29755.312500,-11374.00,-11374.00
2026-01-14,24068.312500,0,24068.312500,24068.312500,29755.312500,-11374.00,-11374.00
2026-01-15,24068.312500,0,24068.312500,24068.312500,29755.312500,-11374.00,-11374.00
2026-01-16,24068.312500,0,24068.312500,24068.312500,29755.312500,-11374.00,-11374.00
2026-01-18,24068.312500,0,24068.312500,24068.312500,29755.312500,-11374.00,-11374.00
2026-01-19,24068.312500,0,24068.312500,24068.312500,29755.312500,-11374.00,-11374.00
2026-01-20,24068.312500,0,24068.312500,24068.312500,29755.312500,-11374.00,-11374.00
2026-01-21,24068.312500,0,24068.312500,24068.312500,29755.312500,-11374.00,-11374.00
2026-01-22,24068.312500,0,24068.312500,24068.312500,29755.312500,-11374.00,-11374.00
2026-01-23,24068.312500,0,24068.312500,24068.312500,29755.312500,-11374.00,-11374.00
2026-01-25,24068.312500,0,24068.312500,24068.312500,29755.312500,-11374.00,-11374.00
2026-01-26,24068.312500,0,24068.312500,24068.312500,29755.312500,-11374.00,-11374.00
2026-01-27,24068.312500,0,24068.312500,24068.312500,29755.312500,-11374.00,-11374.00
2026-01-28,24068.312500,0,24068.312500,24068.312500,29755.312500,-11374.00,-11374.00
2026-01-29,24068.312500,0,24068.312500,24068.312500,29755.312500,-11374.00,-11374.00
2026-01-30,24068.312500,0,24068.312500,24068.312500,29755.312500,-11374.00,-11374.00
2026-02-01,24068.312500,0,24068.312500,24068.312500,29755.312500,-11374.00,-11374.00
2026-02-02,24068.312500,0,24068.312500,24068.312500,29755.312500,-11374.00,-11374.00
2026-02-03,24068.312500,0,24068.312500,24068.312500,29755.312500,-11374.00,-11374.00
2026-02-04,24068.312500,0,24068.312500,24068.312500,29755.312500,-11374.00,-11374.00
2026-02-05,24068.312500,0,24068.312500,24068.312500,29755.312500,-11374.00,-11374.00
2026-02-06,24068.312500,0,24068.312500,24068.312500,29755.312500,-11374.00,-11374.00
2026-02-08,24068.312500,0,24068.312500,24068.312500,29755.312500,-11374.00,-11374.00
2026-02-09,24068.312500,0,24068.312500,24068.312500,29755.312500,-11374.00,-11374.00
2026-02-10,24068.312500,0,24068.312500,24068.312500,29755.312500,-11374.00,-11374.00
2026-02-11,24068.312500,0,24068.312500,24068.312500,29755.312500,-11374.00,-11374.00
2026-02-12,24068.312500,0,24068.312500,24068.312500,29755.312500,-11374.00,-11374.00
2026-02-13,24068.312500,0,24068.312500,24068.312500,29755.312500,-11374.00,-11374.00
2026-02-15,24068.312500,0,24068.312500,24068.312500,29755.312500,-11374.00,-11374.00
2026-02-16,24068.312500,0,24068.312500,24068.312500,29755.312500,-11374.00,-11374.00
2026-02-17,24068.312500,0,24068.312500,24068.312500,29755.312500,-11374.00,-11374.00
2026-02-18,24068.312500,0,24068.312500,24068.312500,29755.312500,-11374.00,-11374.00
2026-02-19,24068.312500,0,24068.312500,24068.312500,29755.312500,-11374.00,-11374.00
2026-02-20,24068.312500,0,24068.312500,24068.312500,29755.312500,-11374.00,-11374.00
2026-02-22,24068.312500,0,24068.312500,24068.312500,29755.312500,-11374.00,-11374.00
2026-02-23,24068.312500,0,24068.312500,24068.312500,29755.312500,-11374.00,-11374.00
2026-02-24,24068.312500,0,24068.312500,24068.312500,29755.312500,-11374.00,-11374.00
2026-02-25,24068.312500,0,24068.312500,24068.312500,29755.312500,-11374.00,-11374.00
2026-02-26,24068.312500,0,24068.312500,24068.312500,29755.312500,-11374.00,-11374.00
2026-02-27,24068.312500,0,24068.312500,24068.312500,29755.312500,-11374.00,-11374.00
2026-03-01,24068.312500,0,24068.312500,24068.312500,29755.312500,-11374.00,-11374.00
2026-03-02,24068.312500,0,24068.312500,24068.312500,29755.312500,-11374.00,-11374.00
2026-03-03,24068.312500,0,24068.312500,24068.312500,29755.312500,-11374.00,-11374.00
2026-03-04,24068.312500,0,24068.312500,24068.312500,29755.312500,-11374.00,-11374.00
2026-03-05,24068.312500,0,24068.312500,24068.312500,29755.312500,-11374.00,-11374.00
2026-03-06,24068.312500,0,24068.312500,24068.312500,29755.312500,-11374.00,-11374.00
2026-03-08,24068.312500,0,24068.312500,24068.312500,29755.312500,-11374.00,-11374.00
