date,open_raw,high_raw,low_raw,close_raw,adj_close,volume,data_source,ticker,open,high,low,close
2021-02-25,10.899999618530273,10.899999618530273,10.25,10.34000015258789,10.34000015258789,84100,yahoo_chart_api,BTCC.TO,10.899999618530273,10.899999618530273,10.25,10.34000015258789
2021-02-26,10.0,10.1899995803833,9.729999542236328,9.800000190734863,9.800000190734863,355700,yahoo_chart_api,BTCC.TO,10.0,10.1899995803833,9.729999542236328,9.800000190734863
2021-03-01,10.300000190734863,10.449999809265137,10.109999656677246,10.239999771118164,10.239999771118164,435300,yahoo_chart_api,BTCC.TO,10.300000190734863,10.449999809265137,10.109999656677246,10.239999771118164
2021-03-02,10.550000190734863,10.550000190734863,9.890000343322754,9.949999809265137,9.949999809265137,274200,yahoo_chart_api,BTCC.TO,10.550000190734863,10.550000190734863,9.890000343322754,9.949999809265137
2021-03-03,10.699999809265137,10.819999694824219,10.520000457763672,10.609999656677246,10.609999656677246,226200,yahoo_chart_api,BTCC.TO,10.699999809265137,10.819999694824219,10.520000457763672,10.609999656677246
2021-03-04,10.520000457763672,10.630000114440918,9.949999809265137,10.069999694824219,10.069999694824219,158100,yahoo_chart_api,BTCC.TO,10.520000457763672,10.630000114440918,9.949999809265137,10.069999694824219
2021-03-05,10.220000267028809,10.359999656677246,9.850000381469727,10.300000190734863,10.300000190734863,154800,yahoo_chart_api,BTCC.TO,10.220000267028809,10.359999656677246,9.850000381469727,10.300000190734863
2021-03-08,10.800000190734863,10.890000343322754,10.539999961853027,10.84000015258789,10.84000015258789,192000,yahoo_chart_api,BTCC.TO,10.800000190734863,10.890000343322754,10.539999961853027,10.84000015258789
2021-03-09,11.5,11.520000457763672,11.25,11.399999618530273,11.399999618530273,404900,yahoo_chart_api,BTCC.TO,11.5,11.520000457763672,11.25,11.399999618530273
2021-03-10,11.880000114440918,12.020000457763672,11.699999809265137,11.800000190734863,11.800000190734863,346900,yahoo_chart_api,BTCC.TO,11.880000114440918,12.020000457763672,11.699999809265137,11.800000190734863
2021-03-11,12.050000190734863,12.079999923706055,11.739999771118164,12.050000190734863,12.050000190734863,151900,yahoo_chart_api,BTCC.TO,12.050000190734863,12.079999923706055,11.739999771118164,12.050000190734863
2021-03-12,11.800000190734863,12.069999694824219,11.65999984741211,11.859999656677246,11.859999656677246,232400,yahoo_chart_api,BTCC.TO,11.800000190734863,12.069999694824219,11.65999984741211,11.859999656677246
2021-03-15,12.050000190734863,12.050000190734863,11.649999618530273,11.869999885559082,11.869999885559082,316800,yahoo_chart_api,BTCC.TO,12.050000190734863,12.050000190734863,11.649999618530273,11.869999885559082
2021-03-16,11.680000305175781,11.720000267028809,11.5,11.649999618530273,11.649999618530273,2600,yahoo_chart_api,BTCC.TO,11.680000305175781,11.720000267028809,11.5,11.649999618530273
2021-03-17,11.550000190734863,12.170000076293945,11.390000343322754,12.109999656677246,12.109999656677246,182600,yahoo_chart_api,BTCC.TO,11.550000190734863,12.170000076293945,11.390000343322754,12.109999656677246
2021-03-18,12.220000267028809,12.550000190734863,11.970000267028809,12.0,12.0,195500,yahoo_chart_api,BTCC.TO,12.220000267028809,12.550000190734863,11.970000267028809,12.0
2021-03-19,12.289999961853027,12.380000114440918,12.140000343322754,12.319999694824219,12.319999694824219,143000,yahoo_chart_api,BTCC.TO,12.289999961853027,12.380000114440918,12.140000343322754,12.319999694824219
2021-03-22,12.09000015258789,12.09000015258789,11.609999656677246,11.649999618530273,11.649999618530273,204000,yahoo_chart_api,BTCC.TO,12.09000015258789,12.09000015258789,11.609999656677246,11.649999618530273
2021-03-23,11.600000381469727,11.65999984741211,11.40999984741211,11.489999771118164,11.489999771118164,188200,yahoo_chart_api,BTCC.TO,11.600000381469727,11.65999984741211,11.40999984741211,11.489999771118164
2021-03-24,11.930000305175781,11.949999809265137,11.380000114440918,11.390000343322754,11.390000343322754,150200,yahoo_chart_api,BTCC.TO,11.930000305175781,11.949999809265137,11.380000114440918,11.390000343322754
2021-03-25,11.0,11.0,10.529999732971191,10.899999618530273,10.899999618530273,320700,yahoo_chart_api,BTCC.TO,11.0,11.0,10.529999732971191,10.899999618530273
2021-03-26,11.0,11.279999732971191,11.0,11.260000228881836,11.260000228881836,194500,yahoo_chart_api,BTCC.TO,11.0,11.279999732971191,11.0,11.260000228881836
2021-03-29,12.15999984741211,12.199999809265137,11.930000305175781,12.050000190734863,12.050000190734863,249200,yahoo_chart_api,BTCC.TO,12.15999984741211,12.199999809265137,11.930000305175781,12.050000190734863
2021-03-30,12.369999885559082,12.380000114440918,12.229999542236328,12.350000381469727,12.350000381469727,136500,yahoo_chart_api,BTCC.TO,12.369999885559082,12.380000114440918,12.229999542236328,12.350000381469727
2021-03-31,12.199999809265137,12.470000267028809,12.199999809265137,12.220000267028809,12.220000267028809,169100,yahoo_chart_api,BTCC.TO,12.199999809265137,12.470000267028809,12.199999809265137,12.220000267028809
2021-04-01,12.350000381469727,12.430000305175781,12.149999618530273,12.300000190734863,12.300000190734863,202300,yahoo_chart_api,BTCC.TO,12.350000381469727,12.430000305175781,12.149999618530273,12.300000190734863
2021-04-05,12.399999618530273,12.399999618530273,12.039999961853027,12.369999885559082,12.369999885559082,210300,yahoo_chart_api,BTCC.TO,12.399999618530273,12.399999618530273,12.039999961853027,12.369999885559082
2021-04-06,12.270000457763672,12.270000457763672,11.979999542236328,12.199999809265137,12.199999809265137,174300,yahoo_chart_api,BTCC.TO,12.270000457763672,12.270000457763672,11.979999542236328,12.199999809265137
2021-04-07,11.84000015258789,11.90999984741211,11.600000381469727,11.680000305175781,11.680000305175781,227500,yahoo_chart_api,BTCC.TO,11.84000015258789,11.90999984741211,11.600000381469727,11.680000305175781
2021-04-08,12.029999732971191,12.15999984741211,11.970000267028809,12.069999694824219,12.069999694824219,134300,yahoo_chart_api,BTCC.TO,12.029999732971191,12.15999984741211,11.970000267028809,12.069999694824219
2021-04-09,12.25,12.279999732971191,12.109999656677246,12.210000038146973,12.210000038146973,105600,yahoo_chart_api,BTCC.TO,12.25,12.279999732971191,12.109999656677246,12.210000038146973
2021-04-12,12.670000076293945,12.670000076293945,12.470000267028809,12.539999961853027,12.539999961853027,187700,yahoo_chart_api,BTCC.TO,12.670000076293945,12.670000076293945,12.470000267028809,12.539999961853027
2021-04-13,13.109999656677246,13.3100004196167,13.069999694824219,13.1899995803833,13.1899995803833,775200,yahoo_chart_api,BTCC.TO,13.109999656677246,13.3100004196167,13.069999694824219,13.1899995803833
2021-04-14,13.4399995803833,13.460000038146973,12.819999694824219,12.970000267028809,12.970000267028809,597600,yahoo_chart_api,BTCC.TO,13.4399995803833,13.460000038146973,12.819999694824219,12.970000267028809
2021-04-15,13.170000076293945,13.289999961853027,13.039999961853027,13.289999961853027,13.289999961853027,292400,yahoo_chart_api,BTCC.TO,13.170000076293945,13.289999961853027,13.039999961853027,13.289999961853027
2021-04-16,12.789999961853027,12.9399995803833,12.600000381469727,12.880000114440918,12.880000114440918,329600,yahoo_chart_api,BTCC.TO,12.789999961853027,12.9399995803833,12.600000381469727,12.880000114440918
2021-04-19,11.850000381469727,11.90999984741211,11.350000381469727,11.699999809265137,11.699999809265137,1190200,yahoo_chart_api,BTCC.TO,11.850000381469727,11.90999984741211,11.350000381469727,11.699999809265137
2021-04-20,11.90999984741211,11.90999984741211,11.4399995803833,11.829999923706055,11.829999923706055,526000,yahoo_chart_api,BTCC.TO,11.90999984741211,11.90999984741211,11.4399995803833,11.829999923706055
2021-04-21,11.640000343322754,11.770000457763672,11.520000457763672,11.569999694824219,11.569999694824219,475000,yahoo_chart_api,BTCC.TO,11.640000343322754,11.770000457763672,11.520000457763672,11.569999694824219
2021-04-22,11.510000228881836,11.529999732971191,10.890000343322754,11.079999923706055,11.079999923706055,486900,yahoo_chart_api,BTCC.TO,11.510000228881836,11.529999732971191,10.890000343322754,11.079999923706055
2021-04-23,10.279999732971191,10.649999618530273,10.130000114440918,10.640000343322754,10.640000343322754,599300,yahoo_chart_api,BTCC.TO,10.279999732971191,10.649999618530273,10.130000114440918,10.640000343322754
2021-04-26,11.239999771118164,11.350000381469727,11.0600004196167,11.260000228881836,11.260000228881836,383700,yahoo_chart_api,BTCC.TO,11.239999771118164,11.350000381469727,11.0600004196167,11.260000228881836
2021-04-27,11.539999961853027,11.550000190734863,11.329999923706055,11.420000076293945,11.420000076293945,238700,yahoo_chart_api,BTCC.TO,11.539999961853027,11.550000190734863,11.329999923706055,11.420000076293945
2021-04-28,11.449999809265137,11.59000015258789,11.319999694824219,11.59000015258789,11.59000015258789,651800,yahoo_chart_api,BTCC.TO,11.449999809265137,11.59000015258789,11.319999694824219,11.59000015258789
2021-04-29,11.319999694824219,11.319999694824219,10.989999771118164,11.020000457763672,11.020000457763672,273200,yahoo_chart_api,BTCC.TO,11.319999694824219,11.319999694824219,10.989999771118164,11.020000457763672
2021-04-30,11.430000305175781,11.979999542236328,11.430000305175781,11.9399995803833,11.9399995803833,407000,yahoo_chart_api,BTCC.TO,11.430000305175781,11.979999542236328,11.430000305175781,11.9399995803833
2021-05-03,12.279999732971191,12.279999732971191,11.949999809265137,11.989999771118164,11.989999771118164,1274000,yahoo_chart_api,BTCC.TO,12.279999732971191,12.279999732971191,11.949999809265137,11.989999771118164
2021-05-04,11.65999984741211,11.680000305175781,11.109999656677246,11.369999885559082,11.369999885559082,537500,yahoo_chart_api,BTCC.TO,11.65999984741211,11.680000305175781,11.109999656677246,11.369999885559082
2021-05-05,11.609999656677246,12.079999923706055,11.609999656677246,11.890000343322754,11.890000343322754,515600,yahoo_chart_api,BTCC.TO,11.609999656677246,12.079999923706055,11.609999656677246,11.890000343322754
2021-05-06,12.0,12.0,11.510000228881836,11.710000038146973,11.710000038146973,394400,yahoo_chart_api,BTCC.TO,12.0,12.0,11.510000228881836,11.710000038146973
2021-05-07,11.949999809265137,12.239999771118164,11.859999656677246,12.010000228881836,12.010000228881836,348700,yahoo_chart_api,BTCC.TO,11.949999809265137,12.239999771118164,11.859999656677246,12.010000228881836
2021-05-10,12.050000190734863,12.229999542236328,11.569999694824219,11.59000015258789,11.59000015258789,536200,yahoo_chart_api,BTCC.TO,12.050000190734863,12.229999542236328,11.569999694824219,11.59000015258789
2021-05-11,11.449999809265137,11.869999885559082,11.430000305175781,11.819999694824219,11.819999694824219,334600,yahoo_chart_api,BTCC.TO,11.449999809265137,11.869999885559082,11.430000305175781,11.819999694824219
2021-05-12,11.699999809265137,11.869999885559082,11.180000305175781,11.390000343322754,11.390000343322754,768000,yahoo_chart_api,BTCC.TO,11.699999809265137,11.869999885559082,11.180000305175781,11.390000343322754
2021-05-13,10.40999984741211,10.640000343322754,9.760000228881836,10.130000114440918,10.130000114440918,2329200,yahoo_chart_api,BTCC.TO,10.40999984741211,10.640000343322754,9.760000228881836,10.130000114440918
2021-05-14,10.520000457763672,10.720000267028809,10.380000114440918,10.489999771118164,10.489999771118164,461900,yahoo_chart_api,BTCC.TO,10.520000457763672,10.720000267028809,10.380000114440918,10.489999771118164
2021-05-17,9.390000343322754,9.4399995803833,8.819999694824219,9.229999542236328,9.229999542236328,1281900,yahoo_chart_api,BTCC.TO,9.390000343322754,9.4399995803833,8.819999694824219,9.229999542236328
2021-05-18,9.149999618530273,9.170000076293945,8.859999656677246,9.020000457763672,9.020000457763672,789600,yahoo_chart_api,BTCC.TO,9.149999618530273,9.170000076293945,8.859999656677246,9.020000457763672
2021-05-19,7.590000152587891,8.494999885559082,7.050000190734863,8.220000267028809,8.220000267028809,3306600,yahoo_chart_api,BTCC.TO,7.590000152587891,8.494999885559082,7.050000190734863,8.220000267028809
2021-05-20,8.850000381469727,8.850000381469727,7.989999771118164,8.40999984741211,8.40999984741211,1803800,yahoo_chart_api,BTCC.TO,8.850000381469727,8.850000381469727,7.989999771118164,8.40999984741211
2021-05-21,8.600000381469727,8.720000267028809,7.440000057220459,7.519999980926514,7.519999980926514,2492100,yahoo_chart_api,BTCC.TO,8.600000381469727,8.720000267028809,7.440000057220459,7.519999980926514
2021-05-25,7.829999923706055,8.029999732971191,7.78000020980835,7.809999942779541,7.809999942779541,1602600,yahoo_chart_api,BTCC.TO,7.829999923706055,8.029999732971191,7.78000020980835,7.809999942779541
2021-05-26,8.289999961853027,8.289999961853027,7.949999809265137,8.039999961853027,8.039999961853027,661600,yahoo_chart_api,BTCC.TO,8.289999961853027,8.289999961853027,7.949999809265137,8.039999961853027
2021-05-27,8.390000343322754,8.420000076293945,8.050000190734863,8.119999885559082,8.119999885559082,626500,yahoo_chart_api,BTCC.TO,8.390000343322754,8.420000076293945,8.050000190734863,8.119999885559082
2021-05-28,7.760000228881836,7.760000228881836,7.460000038146973,7.489999771118164,7.489999771118164,1020300,yahoo_chart_api,BTCC.TO,7.760000228881836,7.760000228881836,7.460000038146973,7.489999771118164
2021-05-31,7.760000228881836,7.829999923706055,7.599999904632568,7.699999809265137,7.699999809265137,216300,yahoo_chart_api,BTCC.TO,7.760000228881836,7.829999923706055,7.599999904632568,7.699999809265137
2021-06-01,7.619999885559082,7.800000190734863,7.46999979019165,7.519999980926514,7.519999980926514,342800,yahoo_chart_api,BTCC.TO,7.619999885559082,7.800000190734863,7.46999979019165,7.519999980926514
2021-06-02,7.800000190734863,7.980000019073486,7.800000190734863,7.909999847412109,7.909999847412109,317000,yahoo_chart_api,BTCC.TO,7.800000190734863,7.980000019073486,7.800000190734863,7.909999847412109
2021-06-03,8.180000305175781,8.180000305175781,8.0,8.0600004196167,8.0600004196167,180000,yahoo_chart_api,BTCC.TO,8.180000305175781,8.180000305175781,8.0,8.0600004196167
2021-06-04,7.699999809265137,7.78000020980835,7.550000190734863,7.690000057220459,7.690000057220459,246900,yahoo_chart_api,BTCC.TO,7.699999809265137,7.78000020980835,7.550000190734863,7.690000057220459
2021-06-07,7.679999828338623,7.679999828338623,7.369999885559082,7.429999828338623,7.429999828338623,393300,yahoo_chart_api,BTCC.TO,7.679999828338623,7.679999828338623,7.369999885559082,7.429999828338623
2021-06-08,6.849999904632568,6.909999847412109,6.449999809265137,6.909999847412109,6.909999847412109,898900,yahoo_chart_api,BTCC.TO,6.849999904632568,6.909999847412109,6.449999809265137,6.909999847412109
2021-06-09,7.28000020980835,7.71999979019165,7.21999979019165,7.579999923706055,7.579999923706055,657700,yahoo_chart_api,BTCC.TO,7.28000020980835,7.71999979019165,7.21999979019165,7.579999923706055
2021-06-10,7.900000095367432,7.96999979019165,7.579999923706055,7.650000095367432,7.650000095367432,244800,yahoo_chart_api,BTCC.TO,7.900000095367432,7.96999979019165,7.579999923706055,7.650000095367432
2021-06-11,7.829999923706055,7.829999923706055,7.630000114440918,7.789999961853027,7.789999961853027,171600,yahoo_chart_api,BTCC.TO,7.829999923706055,7.829999923706055,7.630000114440918,7.789999961853027
2021-06-14,8.420000076293945,8.579999923706055,8.229999542236328,8.300000190734863,8.300000190734863,636700,yahoo_chart_api,BTCC.TO,8.420000076293945,8.579999923706055,8.229999542236328,8.300000190734863
2021-06-15,8.460000038146973,8.609999656677246,8.300000190734863,8.329999923706055,8.329999923706055,596400,yahoo_chart_api,BTCC.TO,8.460000038146973,8.609999656677246,8.300000190734863,8.329999923706055
2021-06-16,8.25,8.25,7.989999771118164,8.050000190734863,8.050000190734863,280200,yahoo_chart_api,BTCC.TO,8.25,8.25,7.989999771118164,8.050000190734863
2021-06-17,8.140000343322754,8.15999984741211,7.840000152587891,7.849999904632568,7.849999904632568,173700,yahoo_chart_api,BTCC.TO,8.140000343322754,8.15999984741211,7.840000152587891,7.849999904632568
2021-06-18,7.760000228881836,7.769999980926514,7.329999923706055,7.360000133514404,7.360000133514404,548800,yahoo_chart_api,BTCC.TO,7.760000228881836,7.769999980926514,7.329999923706055,7.360000133514404
2021-06-21,6.800000190734863,6.929999828338623,6.670000076293945,6.789999961853027,6.789999961853027,919400,yahoo_chart_api,BTCC.TO,6.800000190734863,6.929999828338623,6.670000076293945,6.789999961853027
2021-06-22,6.239999771118164,6.920000076293945,5.96999979019165,6.75,6.75,1471100,yahoo_chart_api,BTCC.TO,6.239999771118164,6.920000076293945,5.96999979019165,6.75
2021-06-23,7.199999809265137,7.210000038146973,6.829999923706055,6.829999923706055,6.829999923706055,538000,yahoo_chart_api,BTCC.TO,7.199999809265137,7.210000038146973,6.829999923706055,6.829999923706055
2021-06-24,7.059999942779541,7.320000171661377,7.03000020980835,7.239999771118164,7.239999771118164,264600,yahoo_chart_api,BTCC.TO,7.059999942779541,7.320000171661377,7.03000020980835,7.239999771118164
2021-06-25,6.829999923706055,6.940000057220459,6.570000171661377,6.730000019073486,6.730000019073486,627400,yahoo_chart_api,BTCC.TO,6.829999923706055,6.940000057220459,6.570000171661377,6.730000019073486
2021-06-28,7.110000133514404,7.269999980926514,7.050000190734863,7.150000095367432,7.150000095367432,507600,yahoo_chart_api,BTCC.TO,7.110000133514404,7.269999980926514,7.050000190734863,7.150000095367432
2021-06-29,7.539999961853027,7.610000133514404,7.5,7.570000171661377,7.570000171661377,577900,yahoo_chart_api,BTCC.TO,7.539999961853027,7.610000133514404,7.5,7.570000171661377
2021-06-30,7.210000038146973,7.25,7.079999923706055,7.25,7.25,230100,yahoo_chart_api,BTCC.TO,7.210000038146973,7.25,7.079999923706055,7.25
2021-07-02,6.960000038146973,7.019999980926514,6.889999866485596,6.909999847412109,6.909999847412109,356700,yahoo_chart_api,BTCC.TO,6.960000038146973,7.019999980926514,6.889999866485596,6.909999847412109
2021-07-05,6.989999771118164,7.110000133514404,6.889999866485596,7.050000190734863,7.050000190734863,160400,yahoo_chart_api,BTCC.TO,6.989999771118164,7.110000133514404,6.889999866485596,7.050000190734863
2021-07-06,7.139999866485596,7.139999866485596,6.96999979019165,7.050000190734863,7.050000190734863,337400,yahoo_chart_api,BTCC.TO,7.139999866485596,7.139999866485596,6.96999979019165,7.050000190734863
2021-07-07,7.21999979019165,7.25,7.170000076293945,7.210000038146973,7.210000038146973,175800,yahoo_chart_api,BTCC.TO,7.21999979019165,7.25,7.170000076293945,7.210000038146973
2021-07-08,6.800000190734863,6.880000114440918,6.699999809265137,6.809999942779541,6.809999942779541,441200,yahoo_chart_api,BTCC.TO,6.800000190734863,6.880000114440918,6.699999809265137,6.809999942779541
2021-07-09,6.900000095367432,6.989999771118164,6.900000095367432,6.940000057220459,6.940000057220459,263600,yahoo_chart_api,BTCC.TO,6.900000095367432,6.989999771118164,6.900000095367432,6.940000057220459
2021-07-12,6.949999809265137,6.980000019073486,6.800000190734863,6.800000190734863,6.800000190734863,149400,yahoo_chart_api,BTCC.TO,6.949999809265137,6.980000019073486,6.800000190734863,6.800000190734863
2021-07-13,6.71999979019165,6.829999923706055,6.690000057220459,6.690000057220459,6.690000057220459,216000,yahoo_chart_api,BTCC.TO,6.71999979019165,6.829999923706055,6.690000057220459,6.690000057220459
2021-07-14,6.809999942779541,6.880000114440918,6.78000020980835,6.800000190734863,6.800000190734863,141100,yahoo_chart_api,BTCC.TO,6.809999942779541,6.880000114440918,6.78000020980835,6.800000190734863
2021-07-15,6.650000095367432,6.650000095367432,6.440000057220459,6.539999961853027,6.539999961853027,246100,yahoo_chart_api,BTCC.TO,6.650000095367432,6.650000095367432,6.440000057220459,6.539999961853027
2021-07-16,6.610000133514404,6.679999828338623,6.590000152587891,6.619999885559082,6.619999885559082,102100,yahoo_chart_api,BTCC.TO,6.610000133514404,6.679999828338623,6.590000152587891,6.619999885559082
2021-07-19,6.400000095367432,6.420000076293945,6.300000190734863,6.369999885559082,6.369999885559082,175500,yahoo_chart_api,BTCC.TO,6.400000095367432,6.420000076293945,6.300000190734863,6.369999885559082
2021-07-20,6.130000114440918,6.21999979019165,6.070000171661377,6.175000190734863,6.175000190734863,291800,yahoo_chart_api,BTCC.TO,6.130000114440918,6.21999979019165,6.070000171661377,6.175000190734863
2021-07-21,6.519999980926514,6.789999961853027,6.519999980926514,6.559999942779541,6.559999942779541,377100,yahoo_chart_api,BTCC.TO,6.519999980926514,6.789999961853027,6.519999980926514,6.559999942779541
2021-07-22,6.650000095367432,6.75,6.630000114440918,6.699999809265137,6.699999809265137,174500,yahoo_chart_api,BTCC.TO,6.650000095367432,6.75,6.630000114440918,6.699999809265137
2021-07-23,6.75,6.760000228881836,6.630000114440918,6.679999828338623,6.679999828338623,293000,yahoo_chart_api,BTCC.TO,6.75,6.760000228881836,6.630000114440918,6.679999828338623
2021-07-26,7.840000152587891,8.380000114440918,7.840000152587891,8.149999618530273,8.149999618530273,793100,yahoo_chart_api,BTCC.TO,7.840000152587891,8.380000114440918,7.840000152587891,8.149999618530273
2021-07-27,7.929999828338623,8.020000457763672,7.730000019073486,7.840000152587891,7.840000152587891,354300,yahoo_chart_api,BTCC.TO,7.929999828338623,8.020000457763672,7.730000019073486,7.840000152587891
2021-07-28,8.199999809265137,8.40999984741211,8.039999961853027,8.359999656677246,8.359999656677246,543600,yahoo_chart_api,BTCC.TO,8.199999809265137,8.40999984741211,8.039999961853027,8.359999656677246
2021-07-29,8.25,8.319999694824219,8.15999984741211,8.15999984741211,8.15999984741211,201300,yahoo_chart_api,BTCC.TO,8.25,8.319999694824219,8.15999984741211,8.15999984741211
2021-07-30,8.029999732971191,8.270000457763672,8.029999732971191,8.270000457763672,8.270000457763672,190100,yahoo_chart_api,BTCC.TO,8.029999732971191,8.270000457763672,8.029999732971191,8.270000457763672
2021-08-03,8.010000228881836,8.010000228881836,7.769999980926514,7.860000133514404,7.860000133514404,496000,yahoo_chart_api,BTCC.TO,8.010000228881836,8.010000228881836,7.769999980926514,7.860000133514404
2021-08-04,8.15999984741211,8.239999771118164,8.050000190734863,8.210000038146973,8.210000038146973,764500,yahoo_chart_api,BTCC.TO,8.15999984741211,8.239999771118164,8.050000190734863,8.210000038146973
2021-08-05,7.849999904632568,8.569999694824219,7.789999961853027,8.414999961853027,8.414999961853027,747500,yahoo_chart_api,BTCC.TO,7.849999904632568,8.569999694824219,7.789999961853027,8.414999961853027
2021-08-06,8.550000190734863,8.970000267028809,8.40999984741211,8.829999923706055,8.829999923706055,990200,yahoo_chart_api,BTCC.TO,8.550000190734863,8.970000267028809,8.40999984741211,8.829999923706055
2021-08-09,9.5,9.609999656677246,9.369999885559082,9.520000457763672,9.520000457763672,832200,yahoo_chart_api,BTCC.TO,9.5,9.609999656677246,9.369999885559082,9.520000457763672
2021-08-10,9.520000457763672,9.550000190734863,9.229999542236328,9.420000076293945,9.420000076293945,482900,yahoo_chart_api,BTCC.TO,9.520000457763672,9.550000190734863,9.229999542236328,9.420000076293945
2021-08-11,9.600000381469727,9.6899995803833,9.569999694824219,9.609999656677246,9.609999656677246,283000,yahoo_chart_api,BTCC.TO,9.600000381469727,9.6899995803833,9.569999694824219,9.609999656677246
2021-08-12,9.270000457763672,9.270000457763672,9.069999694824219,9.1899995803833,9.1899995803833,433800,yahoo_chart_api,BTCC.TO,9.270000457763672,9.270000457763672,9.069999694824219,9.1899995803833
2021-08-13,9.670000076293945,9.670000076293945,9.5600004196167,9.609999656677246,9.609999656677246,627600,yahoo_chart_api,BTCC.TO,9.670000076293945,9.670000076293945,9.5600004196167,9.609999656677246
2021-08-16,9.760000228881836,9.770000457763672,9.5,9.520000457763672,9.520000457763672,366100,yahoo_chart_api,BTCC.TO,9.760000228881836,9.770000457763672,9.5,9.520000457763672
2021-08-17,9.630000114440918,9.640000343322754,9.359999656677246,9.369999885559082,9.369999885559082,284700,yahoo_chart_api,BTCC.TO,9.630000114440918,9.640000343322754,9.359999656677246,9.369999885559082
2021-08-18,9.390000343322754,9.529999732971191,9.260000228881836,9.289999961853027,9.289999961853027,332600,yahoo_chart_api,BTCC.TO,9.390000343322754,9.529999732971191,9.260000228881836,9.289999961853027
2021-08-19,9.220000267028809,9.680000305175781,9.180000305175781,9.670000076293945,9.670000076293945,416100,yahoo_chart_api,BTCC.TO,9.220000267028809,9.680000305175781,9.180000305175781,9.670000076293945
2021-08-20,9.890000343322754,10.170000076293945,9.819999694824219,10.079999923706055,10.079999923706055,457300,yahoo_chart_api,BTCC.TO,9.890000343322754,10.170000076293945,9.819999694824219,10.079999923706055
2021-08-23,10.420000076293945,10.430000305175781,10.15999984741211,10.1899995803833,10.1899995803833,469100,yahoo_chart_api,BTCC.TO,10.420000076293945,10.430000305175781,10.15999984741211,10.1899995803833
2021-08-24,10.130000114440918,10.130000114440918,9.859999656677246,9.979999542236328,9.979999542236328,342200,yahoo_chart_api,BTCC.TO,10.130000114440918,10.130000114440918,9.859999656677246,9.979999542236328
2021-08-25,9.890000343322754,10.15999984741211,9.779999732971191,10.079999923706055,10.079999923706055,256400,yahoo_chart_api,BTCC.TO,9.890000343322754,10.15999984741211,9.779999732971191,10.079999923706055
2021-08-26,9.75,9.819999694824219,9.619999885559082,9.720000267028809,9.720000267028809,446000,yahoo_chart_api,BTCC.TO,9.75,9.819999694824219,9.619999885559082,9.720000267028809
2021-08-27,9.770000457763672,10.039999961853027,9.75,10.020000457763672,10.020000457763672,326300,yahoo_chart_api,BTCC.TO,9.770000457763672,10.039999961853027,9.75,10.020000457763672
2021-08-30,9.850000381469727,10.0600004196167,9.819999694824219,10.0600004196167,10.0600004196167,194800,yahoo_chart_api,BTCC.TO,9.850000381469727,10.0600004196167,9.819999694824219,10.0600004196167
2021-08-31,9.890000343322754,9.979999542236328,9.720000267028809,9.770000457763672,9.770000457763672,243800,yahoo_chart_api,BTCC.TO,9.890000343322754,9.979999542236328,9.720000267028809,9.770000457763672
2021-09-01,9.84000015258789,10.130000114440918,9.770000457763672,9.970000267028809,9.970000267028809,319800,yahoo_chart_api,BTCC.TO,9.84000015258789,10.130000114440918,9.770000457763672,9.970000267028809
2021-09-02,10.4399995803833,10.4399995803833,10.15999984741211,10.180000305175781,10.180000305175781,333800,yahoo_chart_api,BTCC.TO,10.4399995803833,10.4399995803833,10.15999984741211,10.180000305175781
2021-09-03,10.529999732971191,10.550000190734863,10.369999885559082,10.430000305175781,10.430000305175781,394400,yahoo_chart_api,BTCC.TO,10.529999732971191,10.550000190734863,10.369999885559082,10.430000305175781
2021-09-07,10.529999732971191,10.5600004196167,8.90999984741211,9.619999885559082,9.619999885559082,2343400,yahoo_chart_api,BTCC.TO,10.529999732971191,10.5600004196167,8.90999984741211,9.619999885559082
2021-09-08,9.579999923706055,9.649999618530273,9.40999984741211,9.59000015258789,9.59000015258789,274700,yahoo_chart_api,BTCC.TO,9.579999923706055,9.649999618530273,9.40999984741211,9.59000015258789
2021-09-09,9.710000038146973,9.75,9.579999923706055,9.619999885559082,9.619999885559082,352100,yahoo_chart_api,BTCC.TO,9.710000038146973,9.75,9.579999923706055,9.619999885559082
2021-09-10,9.470000267028809,9.520000457763672,9.239999771118164,9.40999984741211,9.40999984741211,317400,yahoo_chart_api,BTCC.TO,9.470000267028809,9.520000457763672,9.239999771118164,9.40999984741211
2021-09-13,9.199999809265137,9.670000076293945,8.9399995803833,9.229999542236328,9.229999542236328,557700,yahoo_chart_api,BTCC.TO,9.199999809265137,9.670000076293945,8.9399995803833,9.229999542236328
2021-09-14,9.600000381469727,9.6899995803833,9.524999618530273,9.600000381469727,9.600000381469727,183900,yahoo_chart_api,BTCC.TO,9.600000381469727,9.6899995803833,9.524999618530273,9.600000381469727
2021-09-15,9.829999923706055,9.989999771118164,9.789999961853027,9.914999961853027,9.914999961853027,269200,yahoo_chart_api,BTCC.TO,9.829999923706055,9.989999771118164,9.789999961853027,9.914999961853027
2021-09-16,9.930000305175781,9.9399995803833,9.739999771118164,9.800000190734863,9.800000190734863,214200,yahoo_chart_api,BTCC.TO,9.930000305175781,9.9399995803833,9.739999771118164,9.800000190734863
2021-09-17,9.75,9.84000015258789,9.630000114440918,9.800000190734863,9.800000190734863,179900,yahoo_chart_api,BTCC.TO,9.75,9.84000015258789,9.630000114440918,9.800000190734863
2021-09-20,9.010000228881836,9.130000114440918,8.859999656677246,9.100000381469727,9.100000381469727,455900,yahoo_chart_api,BTCC.TO,9.010000228881836,9.130000114440918,8.859999656677246,9.100000381469727
2021-09-21,8.899999618530273,8.9350004196167,8.569999694824219,8.6899995803833,8.6899995803833,523800,yahoo_chart_api,BTCC.TO,8.899999618530273,8.9350004196167,8.569999694824219,8.6899995803833
2021-09-22,8.739999771118164,9.079999923706055,8.6899995803833,8.960000038146973,8.960000038146973,287500,yahoo_chart_api,BTCC.TO,8.739999771118164,9.079999923706055,8.6899995803833,8.960000038146973
2021-09-23,9.039999961853027,9.270000457763672,9.010000228881836,9.25,9.25,222900,yahoo_chart_api,BTCC.TO,9.039999961853027,9.270000457763672,9.010000228881836,9.25
2021-09-24,8.5,8.800000190734863,8.470000267028809,8.760000228881836,8.760000228881836,383200,yahoo_chart_api,BTCC.TO,8.5,8.800000190734863,8.470000267028809,8.760000228881836
2021-09-27,9.020000457763672,9.09000015258789,8.829999923706055,8.869999885559082,8.869999885559082,165100,yahoo_chart_api,BTCC.TO,9.020000457763672,9.09000015258789,8.829999923706055,8.869999885559082
2021-09-28,8.789999961853027,8.789999961853027,8.460000038146973,8.5600004196167,8.5600004196167,188500,yahoo_chart_api,BTCC.TO,8.789999961853027,8.789999961853027,8.460000038146973,8.5600004196167
2021-09-29,8.6899995803833,8.704999923706055,8.470000267028809,8.470000267028809,8.470000267028809,122800,yahoo_chart_api,BTCC.TO,8.6899995803833,8.704999923706055,8.470000267028809,8.470000267028809
2021-09-30,8.789999961853027,9.079999923706055,8.789999961853027,8.970000267028809,8.970000267028809,344200,yahoo_chart_api,BTCC.TO,8.789999961853027,9.079999923706055,8.789999961853027,8.970000267028809
2021-10-01,9.720000267028809,9.90999984741211,9.640000343322754,9.899999618530273,9.899999618530273,415000,yahoo_chart_api,BTCC.TO,9.720000267028809,9.90999984741211,9.640000343322754,9.899999618530273
2021-10-04,9.869999885559082,10.1899995803833,9.649999618530273,10.1899995803833,10.1899995803833,519200,yahoo_chart_api,BTCC.TO,9.869999885559082,10.1899995803833,9.649999618530273,10.1899995803833
2021-10-05,10.300000190734863,10.579999923706055,10.229999542236328,10.539999961853027,10.539999961853027,335300,yahoo_chart_api,BTCC.TO,10.300000190734863,10.579999923706055,10.229999542236328,10.539999961853027
2021-10-06,11.220000267028809,11.350000381469727,11.0600004196167,11.350000381469727,11.350000381469727,609500,yahoo_chart_api,BTCC.TO,11.220000267028809,11.350000381469727,11.0600004196167,11.350000381469727
2021-10-07,11.170000076293945,11.270000457763672,10.989999771118164,11.119999885559082,11.119999885559082,524700,yahoo_chart_api,BTCC.TO,11.170000076293945,11.270000457763672,10.989999771118164,11.119999885559082
2021-10-08,11.260000228881836,11.3100004196167,11.109999656677246,11.25,11.25,355200,yahoo_chart_api,BTCC.TO,11.260000228881836,11.3100004196167,11.109999656677246,11.25
2021-10-12,11.770000457763672,11.800000190734863,11.359999656677246,11.380000114440918,11.380000114440918,471200,yahoo_chart_api,BTCC.TO,11.770000457763672,11.800000190734863,11.359999656677246,11.380000114440918
2021-10-13,11.369999885559082,11.789999961853027,11.210000038146973,11.789999961853027,11.789999961853027,359800,yahoo_chart_api,BTCC.TO,11.369999885559082,11.789999961853027,11.210000038146973,11.789999961853027
2021-10-14,11.899999618530273,11.949999809265137,11.680000305175781,11.890000343322754,11.890000343322754,459600,yahoo_chart_api,BTCC.TO,11.899999618530273,11.949999809265137,11.680000305175781,11.890000343322754
2021-10-15,12.270000457763672,12.729999542236328,12.270000457763672,12.670000076293945,12.670000076293945,850500,yahoo_chart_api,BTCC.TO,12.270000457763672,12.729999542236328,12.270000457763672,12.670000076293945
2021-10-18,12.640000343322754,12.819999694824219,12.539999961853027,12.609999656677246,12.609999656677246,640400,yahoo_chart_api,BTCC.TO,12.640000343322754,12.819999694824219,12.539999961853027,12.609999656677246
2021-10-19,12.880000114440918,13.210000038146973,12.619999885559082,13.199999809265137,13.199999809265137,975200,yahoo_chart_api,BTCC.TO,12.880000114440918,13.210000038146973,12.619999885559082,13.199999809265137
2021-10-20,13.279999732971191,13.800000190734863,13.229999542236328,13.65999984741211,13.65999984741211,731200,yahoo_chart_api,BTCC.TO,13.279999732971191,13.800000190734863,13.229999542236328,13.65999984741211
2021-10-21,13.4399995803833,13.5,12.75,12.90999984741211,12.90999984741211,1259200,yahoo_chart_api,BTCC.TO,13.4399995803833,13.5,12.75,12.90999984741211
2021-10-22,13.079999923706055,13.079999923706055,12.34000015258789,12.550000190734863,12.550000190734863,711400,yahoo_chart_api,BTCC.TO,13.079999923706055,13.079999923706055,12.34000015258789,12.550000190734863
2021-10-25,13.050000190734863,13.109999656677246,12.899999618530273,12.899999618530273,12.899999618530273,520600,yahoo_chart_api,BTCC.TO,13.050000190734863,13.109999656677246,12.899999618530273,12.899999618530273
2021-10-26,12.859999656677246,12.90999984741211,12.699999809265137,12.75,12.75,408800,yahoo_chart_api,BTCC.TO,12.859999656677246,12.90999984741211,12.699999809265137,12.75
2021-10-27,12.149999618530273,12.220000267028809,11.970000267028809,12.130000114440918,12.130000114440918,500700,yahoo_chart_api,BTCC.TO,12.149999618530273,12.220000267028809,11.970000267028809,12.130000114440918
2021-10-28,12.670000076293945,12.710000038146973,11.890000343322754,12.619999885559082,12.619999885559082,811300,yahoo_chart_api,BTCC.TO,12.670000076293945,12.710000038146973,11.890000343322754,12.619999885559082
2021-10-29,12.59000015258789,12.949999809265137,12.539999961853027,12.850000381469727,12.850000381469727,702200,yahoo_chart_api,BTCC.TO,12.59000015258789,12.949999809265137,12.539999961853027,12.850000381469727
2021-11-01,12.75,12.760000228881836,12.359999656677246,12.600000381469727,12.600000381469727,393600,yahoo_chart_api,BTCC.TO,12.75,12.760000228881836,12.359999656677246,12.600000381469727
2021-11-02,13.020000457763672,13.210000038146973,12.9399995803833,13.0600004196167,13.0600004196167,458500,yahoo_chart_api,BTCC.TO,13.020000457763672,13.210000038146973,12.9399995803833,13.0600004196167
2021-11-03,12.819999694824219,13.029999732971191,12.399999618530273,12.949999809265137,12.949999809265137,462600,yahoo_chart_api,BTCC.TO,12.819999694824219,13.029999732971191,12.399999618530273,12.949999809265137
2021-11-04,12.75,12.84000015258789,12.460000038146973,12.569999694824219,12.569999694824219,418600,yahoo_chart_api,BTCC.TO,12.75,12.84000015258789,12.460000038146973,12.569999694824219
2021-11-05,12.630000114440918,12.729999542236328,12.479999542236328,12.569999694824219,12.569999694824219,308300,yahoo_chart_api,BTCC.TO,12.630000114440918,12.729999542236328,12.479999542236328,12.569999694824219
2021-11-08,13.479999542236328,13.670000076293945,13.380000114440918,13.579999923706055,13.579999923706055,579000,yahoo_chart_api,BTCC.TO,13.479999542236328,13.670000076293945,13.380000114440918,13.579999923706055
2021-11-09,13.949999809265137,13.989999771118164,13.59000015258789,13.829999923706055,13.829999923706055,617100,yahoo_chart_api,BTCC.TO,13.949999809265137,13.989999771118164,13.59000015258789,13.829999923706055
2021-11-10,14.0600004196167,14.130000114440918,13.375,13.5,13.5,622800,yahoo_chart_api,BTCC.TO,14.0600004196167,14.130000114440918,13.375,13.5
2021-11-11,13.289999961853027,13.460000038146973,13.25,13.319999694824219,13.319999694824219,274400,yahoo_chart_api,BTCC.TO,13.289999961853027,13.460000038146973,13.25,13.319999694824219
2021-11-12,13.09000015258789,13.210000038146973,12.779999732971191,13.170000076293945,13.170000076293945,486300,yahoo_chart_api,BTCC.TO,13.09000015258789,13.210000038146973,12.779999732971191,13.170000076293945
2021-11-15,13.350000381469727,13.390000343322754,13.0600004196167,13.109999656677246,13.109999656677246,352200,yahoo_chart_api,BTCC.TO,13.350000381469727,13.390000343322754,13.0600004196167,13.109999656677246
2021-11-16,12.489999771118164,12.619999885559082,12.15999984741211,12.270000457763672,12.270000457763672,845200,yahoo_chart_api,BTCC.TO,12.489999771118164,12.619999885559082,12.15999984741211,12.270000457763672
2021-11-17,12.350000381469727,12.460000038146973,12.1899995803833,12.420000076293945,12.420000076293945,387500,yahoo_chart_api,BTCC.TO,12.350000381469727,12.460000038146973,12.1899995803833,12.420000076293945
2021-11-18,12.09000015258789,12.15999984741211,11.630000114440918,11.90999984741211,11.90999984741211,772700,yahoo_chart_api,BTCC.TO,12.09000015258789,12.15999984741211,11.630000114440918,11.90999984741211
2021-11-19,11.90999984741211,11.989999771118164,11.84000015258789,11.875,11.875,356600,yahoo_chart_api,BTCC.TO,11.90999984741211,11.989999771118164,11.84000015258789,11.875
2021-11-22,11.989999771118164,12.0,11.430000305175781,11.460000038146973,11.460000038146973,393700,yahoo_chart_api,BTCC.TO,11.989999771118164,12.0,11.430000305175781,11.460000038146973
2021-11-23,11.779999732971191,11.869999885559082,11.630000114440918,11.869999885559082,11.869999885559082,335300,yahoo_chart_api,BTCC.TO,11.779999732971191,11.869999885559082,11.630000114440918,11.869999885559082
2021-11-24,11.539999961853027,11.779999732971191,11.470000267028809,11.779999732971191,11.779999732971191,389500,yahoo_chart_api,BTCC.TO,11.539999961853027,11.779999732971191,11.470000267028809,11.779999732971191
2021-11-25,12.079999923706055,12.210000038146973,12.020000457763672,12.119999885559082,12.119999885559082,301700,yahoo_chart_api,BTCC.TO,12.079999923706055,12.210000038146973,12.020000457763672,12.119999885559082
2021-11-26,11.260000228881836,11.279999732971191,11.079999923706055,11.210000038146973,11.210000038146973,688500,yahoo_chart_api,BTCC.TO,11.260000228881836,11.279999732971191,11.079999923706055,11.210000038146973
2021-11-29,11.779999732971191,12.079999923706055,11.640000343322754,11.90999984741211,11.90999984741211,342300,yahoo_chart_api,BTCC.TO,11.779999732971191,12.079999923706055,11.640000343322754,11.90999984741211
2021-11-30,12.010000228881836,12.15999984741211,11.579999923706055,11.779999732971191,11.779999732971191,461200,yahoo_chart_api,BTCC.TO,12.010000228881836,12.15999984741211,11.579999923706055,11.779999732971191
2021-12-01,11.970000267028809,12.130000114440918,11.600000381469727,11.640000343322754,11.640000343322754,461600,yahoo_chart_api,BTCC.TO,11.970000267028809,12.130000114440918,11.600000381469727,11.640000343322754
2021-12-02,11.609999656677246,11.770000457763672,11.470000267028809,11.6899995803833,11.6899995803833,363500,yahoo_chart_api,BTCC.TO,11.609999656677246,11.770000457763672,11.470000267028809,11.6899995803833
2021-12-03,11.649999618530273,11.649999618530273,10.539999961853027,10.949999809265137,10.949999809265137,1126600,yahoo_chart_api,BTCC.TO,11.649999618530273,11.649999618530273,10.539999961853027,10.949999809265137
2021-12-06,9.960000038146973,10.100000381469727,9.770000457763672,9.989999771118164,9.989999771118164,748600,yahoo_chart_api,BTCC.TO,9.960000038146973,10.100000381469727,9.770000457763672,9.989999771118164
2021-12-07,10.449999809265137,10.65999984741211,10.279999732971191,10.329999923706055,10.329999923706055,687100,yahoo_chart_api,BTCC.TO,10.449999809265137,10.65999984741211,10.279999732971191,10.329999923706055
2021-12-08,10.300000190734863,10.489999771118164,10.220000267028809,10.390000343322754,10.390000343322754,311800,yahoo_chart_api,BTCC.TO,10.300000190734863,10.489999771118164,10.220000267028809,10.390000343322754
2021-12-09,10.0600004196167,10.0600004196167,9.680000305175781,9.739999771118164,9.739999771118164,597600,yahoo_chart_api,BTCC.TO,10.0600004196167,10.0600004196167,9.680000305175781,9.739999771118164
2021-12-10,10.109999656677246,10.15999984741211,9.65999984741211,9.899999618530273,9.899999618530273,864200,yahoo_chart_api,BTCC.TO,10.109999656677246,10.15999984741211,9.65999984741211,9.899999618530273
2021-12-13,9.8100004196167,9.8100004196167,9.34000015258789,9.510000228881836,9.510000228881836,1291300,yahoo_chart_api,BTCC.TO,9.8100004196167,9.8100004196167,9.34000015258789,9.510000228881836
2021-12-14,9.529999732971191,9.779999732971191,9.479999542236328,9.760000228881836,9.760000228881836,305600,yahoo_chart_api,BTCC.TO,9.529999732971191,9.779999732971191,9.479999542236328,9.760000228881836
2021-12-15,9.75,10.109999656677246,9.510000228881836,10.069999694824219,10.069999694824219,545100,yahoo_chart_api,BTCC.TO,9.75,10.109999656677246,9.510000228881836,10.069999694824219
2021-12-16,9.989999771118164,9.989999771118164,9.720000267028809,9.819999694824219,9.819999694824219,261500,yahoo_chart_api,BTCC.TO,9.989999771118164,9.989999771118164,9.720000267028809,9.819999694824219
2021-12-17,9.520000457763672,9.670000076293945,9.279999732971191,9.449999809265137,9.449999809265137,828100,yahoo_chart_api,BTCC.TO,9.520000457763672,9.670000076293945,9.279999732971191,9.449999809265137
2021-12-20,9.289999961853027,9.640000343322754,9.289999961853027,9.609999656677246,9.609999656677246,279300,yahoo_chart_api,BTCC.TO,9.289999961853027,9.640000343322754,9.289999961853027,9.609999656677246
2021-12-21,9.970000267028809,10.0,9.880000114440918,9.930000305175781,9.930000305175781,231300,yahoo_chart_api,BTCC.TO,9.970000267028809,10.0,9.880000114440918,9.930000305175781
2021-12-22,9.989999771118164,10.0600004196167,9.920000076293945,10.020000457763672,10.020000457763672,213700,yahoo_chart_api,BTCC.TO,9.989999771118164,10.0600004196167,9.920000076293945,10.020000457763672
2021-12-23,9.9399995803833,10.510000228881836,9.90999984741211,10.430000305175781,10.430000305175781,815400,yahoo_chart_api,BTCC.TO,9.9399995803833,10.510000228881836,9.90999984741211,10.430000305175781
2021-12-24,10.479999542236328,10.529999732971191,10.3100004196167,10.529999732971191,10.529999732971191,113800,yahoo_chart_api,BTCC.TO,10.479999542236328,10.529999732971191,10.3100004196167,10.529999732971191
2021-12-29,9.699999809265137,9.819999694824219,9.609999656677246,9.680000305175781,9.680000305175781,316300,yahoo_chart_api,BTCC.TO,9.699999809265137,9.819999694824219,9.609999656677246,9.680000305175781
2021-12-30,9.670000076293945,9.779999732971191,9.619999885559082,9.649999618530273,9.649999618530273,457100,yahoo_chart_api,BTCC.TO,9.670000076293945,9.779999732971191,9.619999885559082,9.649999618530273
2021-12-31,9.789999961853027,9.84000015258789,9.350000381469727,9.380000114440918,9.380000114440918,639100,yahoo_chart_api,BTCC.TO,9.789999961853027,9.84000015258789,9.350000381469727,9.380000114440918
2022-01-04,9.609999656677246,9.71500015258789,9.300000190734863,9.460000038146973,9.460000038146973,386300,yahoo_chart_api,BTCC.TO,9.609999656677246,9.71500015258789,9.300000190734863,9.460000038146973
2022-01-05,9.479999542236328,9.569999694824219,8.9399995803833,8.970000267028809,8.970000267028809,1149400,yahoo_chart_api,BTCC.TO,9.479999542236328,9.569999694824219,8.9399995803833,8.970000267028809
2022-01-06,8.75,8.920000076293945,8.699999809265137,8.850000381469727,8.850000381469727,247900,yahoo_chart_api,BTCC.TO,8.75,8.920000076293945,8.699999809265137,8.850000381469727
2022-01-07,8.550000190734863,8.619999885559082,8.300000190734863,8.579999923706055,8.579999923706055,630000,yahoo_chart_api,BTCC.TO,8.550000190734863,8.619999885559082,8.300000190734863,8.579999923706055
2022-01-10,8.149999618530273,8.600000381469727,8.09000015258789,8.539999961853027,8.539999961853027,861600,yahoo_chart_api,BTCC.TO,8.149999618530273,8.600000381469727,8.09000015258789,8.539999961853027
2022-01-11,8.489999771118164,8.819999694824219,8.449999809265137,8.75,8.75,413200,yahoo_chart_api,BTCC.TO,8.489999771118164,8.819999694824219,8.449999809265137,8.75
2022-01-12,8.960000038146973,8.989999771118164,8.880000114440918,8.949999809265137,8.949999809265137,318600,yahoo_chart_api,BTCC.TO,8.960000038146973,8.989999771118164,8.880000114440918,8.949999809265137
2022-01-13,9.020000457763672,9.069999694824219,8.65999984741211,8.729999542236328,8.729999542236328,342000,yahoo_chart_api,BTCC.TO,9.020000457763672,9.069999694824219,8.65999984741211,8.729999542236328
2022-01-14,8.670000076293945,8.859999656677246,8.619999885559082,8.819999694824219,8.819999694824219,208500,yahoo_chart_api,BTCC.TO,8.670000076293945,8.859999656677246,8.619999885559082,8.819999694824219
2022-01-17,8.760000228881836,8.760000228881836,8.5600004196167,8.619999885559082,8.619999885559082,113600,yahoo_chart_api,BTCC.TO,8.760000228881836,8.760000228881836,8.5600004196167,8.619999885559082
2022-01-18,8.470000267028809,8.550000190734863,8.4399995803833,8.529999732971191,8.529999732971191,193600,yahoo_chart_api,BTCC.TO,8.470000267028809,8.550000190734863,8.4399995803833,8.529999732971191
2022-01-19,8.640000343322754,8.710000038146973,8.489999771118164,8.489999771118164,8.489999771118164,122300,yahoo_chart_api,BTCC.TO,8.640000343322754,8.710000038146973,8.489999771118164,8.489999771118164
2022-01-20,8.680000305175781,8.880000114440918,8.680000305175781,8.720000267028809,8.720000267028809,297500,yahoo_chart_api,BTCC.TO,8.680000305175781,8.880000114440918,8.680000305175781,8.720000267028809
2022-01-21,7.909999847412109,7.989999771118164,7.695000171661377,7.849999904632568,7.849999904632568,856000,yahoo_chart_api,BTCC.TO,7.909999847412109,7.989999771118164,7.695000171661377,7.849999904632568
2022-01-24,6.889999866485596,7.679999828338623,6.78000020980835,7.610000133514404,7.610000133514404,1602500,yahoo_chart_api,BTCC.TO,6.889999866485596,7.679999828338623,6.78000020980835,7.610000133514404
2022-01-25,7.5,7.670000076293945,7.340000152587891,7.53000020980835,7.53000020980835,555600,yahoo_chart_api,BTCC.TO,7.5,7.670000076293945,7.340000152587891,7.53000020980835
2022-01-26,7.860000133514404,7.940000057220459,7.489999771118164,7.554999828338623,7.554999828338623,587000,yahoo_chart_api,BTCC.TO,7.860000133514404,7.940000057220459,7.489999771118164,7.554999828338623
2022-01-27,7.53000020980835,7.579999923706055,7.25,7.25,7.25,213300,yahoo_chart_api,BTCC.TO,7.53000020980835,7.579999923706055,7.25,7.25
2022-01-28,7.570000171661377,7.730000019073486,7.46999979019165,7.71999979019165,7.71999979019165,235100,yahoo_chart_api,BTCC.TO,7.570000171661377,7.730000019073486,7.46999979019165,7.71999979019165
2022-01-31,7.630000114440918,7.909999847412109,7.590000152587891,7.849999904632568,7.849999904632568,238700,yahoo_chart_api,BTCC.TO,7.630000114440918,7.909999847412109,7.590000152587891,7.849999904632568
2022-02-01,7.96999979019165,8.020000457763672,7.789999961853027,7.869999885559082,7.869999885559082,199200,yahoo_chart_api,BTCC.TO,7.96999979019165,8.020000457763672,7.789999961853027,7.869999885559082
2022-02-02,7.849999904632568,7.849999904632568,7.559999942779541,7.670000076293945,7.670000076293945,247700,yahoo_chart_api,BTCC.TO,7.849999904632568,7.849999904632568,7.559999942779541,7.670000076293945
2022-02-03,7.480000019073486,7.570000171661377,7.389999866485596,7.409999847412109,7.409999847412109,214600,yahoo_chart_api,BTCC.TO,7.480000019073486,7.570000171661377,7.389999866485596,7.409999847412109
2022-02-04,7.699999809265137,8.350000381469727,7.670000076293945,8.300000190734863,8.300000190734863,630100,yahoo_chart_api,BTCC.TO,7.699999809265137,8.350000381469727,7.670000076293945,8.300000190734863
2022-02-07,8.789999961853027,9.104999542236328,8.739999771118164,9.039999961853027,9.039999961853027,915200,yahoo_chart_api,BTCC.TO,8.789999961853027,9.104999542236328,8.739999771118164,9.039999961853027
2022-02-08,8.90999984741211,9.050000190734863,8.720000267028809,9.050000190734863,9.050000190734863,597200,yahoo_chart_api,BTCC.TO,8.90999984741211,9.050000190734863,8.720000267028809,9.050000190734863
2022-02-09,9.0,9.140000343322754,8.920000076293945,9.140000343322754,9.140000343322754,237200,yahoo_chart_api,BTCC.TO,9.0,9.140000343322754,8.920000076293945,9.140000343322754
2022-02-10,8.920000076293945,9.350000381469727,8.890000343322754,9.0,9.0,475100,yahoo_chart_api,BTCC.TO,8.920000076293945,9.350000381469727,8.890000343322754,9.0
2022-02-11,8.90999984741211,8.970000267028809,8.569999694824219,8.630000114440918,8.630000114440918,558100,yahoo_chart_api,BTCC.TO,8.90999984741211,8.970000267028809,8.569999694824219,8.630000114440918
2022-02-14,8.699999809265137,8.729999542236328,8.529999732971191,8.600000381469727,8.600000381469727,237500,yahoo_chart_api,BTCC.TO,8.699999809265137,8.729999542236328,8.529999732971191,8.600000381469727
2022-02-15,9.010000228881836,9.079999923706055,8.949999809265137,8.989999771118164,8.989999771118164,144400,yahoo_chart_api,BTCC.TO,9.010000228881836,9.079999923706055,8.949999809265137,8.989999771118164
2022-02-16,8.90999984741211,9.050000190734863,8.84000015258789,8.979999542236328,8.979999542236328,281600,yahoo_chart_api,BTCC.TO,8.90999984741211,9.050000190734863,8.84000015258789,8.979999542236328
2022-02-17,8.579999923706055,8.609999656677246,8.329999923706055,8.34000015258789,8.34000015258789,527600,yahoo_chart_api,BTCC.TO,8.579999923706055,8.609999656677246,8.329999923706055,8.34000015258789
2022-02-18,8.229999542236328,8.3100004196167,8.050000190734863,8.15999984741211,8.15999984741211,271500,yahoo_chart_api,BTCC.TO,8.229999542236328,8.3100004196167,8.050000190734863,8.15999984741211
2022-02-22,7.659999847412109,7.809999942779541,7.619999885559082,7.71999979019165,7.71999979019165,488700,yahoo_chart_api,BTCC.TO,7.659999847412109,7.809999942779541,7.619999885559082,7.71999979019165
2022-02-23,7.940000057220459,7.940000057220459,7.619999885559082,7.670000076293945,7.670000076293945,366300,yahoo_chart_api,BTCC.TO,7.940000057220459,7.940000057220459,7.619999885559082,7.670000076293945
2022-02-24,7.170000076293945,8.09000015258789,7.059999942779541,7.809999942779541,7.809999942779541,1144500,yahoo_chart_api,BTCC.TO,7.170000076293945,8.09000015258789,7.059999942779541,7.809999942779541
2022-02-25,8.020000457763672,8.0600004196167,7.860000133514404,7.960000038146973,7.960000038146973,205000,yahoo_chart_api,BTCC.TO,8.020000457763672,8.0600004196167,7.860000133514404,7.960000038146973
2022-02-28,7.960000038146973,8.539999961853027,7.960000038146973,8.539999961853027,8.539999961853027,693400,yahoo_chart_api,BTCC.TO,7.960000038146973,8.539999961853027,7.960000038146973,8.539999961853027
2022-03-01,9.09000015258789,9.09000015258789,8.8100004196167,8.989999771118164,8.989999771118164,592400,yahoo_chart_api,BTCC.TO,9.09000015258789,9.09000015258789,8.8100004196167,8.989999771118164
2022-03-02,8.930000305175781,9.220000267028809,8.850000381469727,8.930000305175781,8.930000305175781,703300,yahoo_chart_api,BTCC.TO,8.930000305175781,9.220000267028809,8.850000381469727,8.930000305175781
2022-03-03,8.960000038146973,8.960000038146973,8.520000457763672,8.555000305175781,8.555000305175781,378600,yahoo_chart_api,BTCC.TO,8.960000038146973,8.960000038146973,8.520000457763672,8.555000305175781
2022-03-04,8.380000114440918,8.449999809265137,7.960000038146973,8.050000190734863,8.050000190734863,646200,yahoo_chart_api,BTCC.TO,8.380000114440918,8.449999809265137,7.960000038146973,8.050000190734863
2022-03-07,7.949999809265137,8.039999961853027,7.570000171661377,7.639999866485596,7.639999866485596,333600,yahoo_chart_api,BTCC.TO,7.949999809265137,8.039999961853027,7.570000171661377,7.639999866485596
2022-03-08,7.860000133514404,8.010000228881836,7.769999980926514,7.869999885559082,7.869999885559082,748400,yahoo_chart_api,BTCC.TO,7.860000133514404,8.010000228881836,7.769999980926514,7.869999885559082
2022-03-09,8.5,8.680000305175781,8.5,8.520000457763672,8.520000457763672,207400,yahoo_chart_api,BTCC.TO,8.5,8.680000305175781,8.5,8.520000457763672
2022-03-10,7.980000019073486,8.069999694824219,7.909999847412109,8.069999694824219,8.069999694824219,243900,yahoo_chart_api,BTCC.TO,7.980000019073486,8.069999694824219,7.909999847412109,8.069999694824219
2022-03-11,8.050000190734863,8.0600004196167,7.800000190734863,7.800000190734863,7.800000190734863,281400,yahoo_chart_api,BTCC.TO,8.050000190734863,8.0600004196167,7.800000190734863,7.800000190734863
2022-03-14,7.940000057220459,7.96999979019165,7.820000171661377,7.909999847412109,7.909999847412109,177900,yahoo_chart_api,BTCC.TO,7.940000057220459,7.96999979019165,7.820000171661377,7.909999847412109
2022-03-15,7.909999847412109,8.109999656677246,7.840000152587891,8.09000015258789,8.09000015258789,186600,yahoo_chart_api,BTCC.TO,7.909999847412109,8.109999656677246,7.840000152587891,8.09000015258789
2022-03-16,8.210000038146973,8.380000114440918,8.010000228881836,8.34000015258789,8.34000015258789,698800,yahoo_chart_api,BTCC.TO,8.210000038146973,8.380000114440918,8.010000228881836,8.34000015258789
2022-03-17,8.350000381469727,8.380000114440918,8.279999732971191,8.319999694824219,8.319999694824219,64800,yahoo_chart_api,BTCC.TO,8.350000381469727,8.380000114440918,8.279999732971191,8.319999694824219
2022-03-18,8.25,8.550000190734863,8.210000038146973,8.550000190734863,8.550000190734863,212100,yahoo_chart_api,BTCC.TO,8.25,8.550000190734863,8.210000038146973,8.550000190734863
2022-03-21,8.420000076293945,8.449999809265137,8.279999732971191,8.390000343322754,8.390000343322754,207300,yahoo_chart_api,BTCC.TO,8.420000076293945,8.449999809265137,8.279999732971191,8.390000343322754
2022-03-22,8.720000267028809,8.779999732971191,8.600000381469727,8.609999656677246,8.609999656677246,147200,yahoo_chart_api,BTCC.TO,8.720000267028809,8.779999732971191,8.600000381469727,8.609999656677246
2022-03-23,8.569999694824219,8.710000038146973,8.539999961853027,8.579999923706055,8.579999923706055,195600,yahoo_chart_api,BTCC.TO,8.569999694824219,8.710000038146973,8.539999961853027,8.579999923706055
2022-03-24,8.720000267028809,9.0,8.680000305175781,8.9399995803833,8.9399995803833,683900,yahoo_chart_api,BTCC.TO,8.720000267028809,9.0,8.680000305175781,8.9399995803833
2022-03-25,9.09000015258789,9.15999984741211,8.949999809265137,9.050000190734863,9.050000190734863,432800,yahoo_chart_api,BTCC.TO,9.09000015258789,9.15999984741211,8.949999809265137,9.050000190734863
2022-03-28,9.59000015258789,9.789999961853027,9.59000015258789,9.739999771118164,9.739999771118164,499600,yahoo_chart_api,BTCC.TO,9.59000015258789,9.789999961853027,9.59000015258789,9.739999771118164
2022-03-29,9.729999542236328,9.75,9.579999923706055,9.699999809265137,9.699999809265137,613600,yahoo_chart_api,BTCC.TO,9.729999542236328,9.75,9.579999923706055,9.699999809265137
2022-03-30,9.59000015258789,9.699999809265137,9.520000457763672,9.5600004196167,9.5600004196167,361300,yahoo_chart_api,BTCC.TO,9.59000015258789,9.699999809265137,9.520000457763672,9.5600004196167
2022-03-31,9.600000381469727,9.600000381469727,9.25,9.279999732971191,9.279999732971191,479200,yahoo_chart_api,BTCC.TO,9.600000381469727,9.600000381469727,9.25,9.279999732971191
2022-04-01,9.210000038146973,9.489999771118164,9.210000038146973,9.40999984741211,9.40999984741211,381900,yahoo_chart_api,BTCC.TO,9.210000038146973,9.489999771118164,9.210000038146973,9.40999984741211
2022-04-04,9.359999656677246,9.40999984741211,9.170000076293945,9.329999923706055,9.329999923706055,562500,yahoo_chart_api,BTCC.TO,9.359999656677246,9.40999984741211,9.170000076293945,9.329999923706055
2022-04-05,9.40999984741211,9.449999809265137,9.239999771118164,9.34000015258789,9.34000015258789,198000,yahoo_chart_api,BTCC.TO,9.40999984741211,9.449999809265137,9.239999771118164,9.34000015258789
2022-04-06,9.140000343322754,9.140000343322754,8.770000457763672,8.899999618530273,8.899999618530273,456200,yahoo_chart_api,BTCC.TO,9.140000343322754,9.140000343322754,8.770000457763672,8.899999618530273
2022-04-07,8.819999694824219,8.890000343322754,8.739999771118164,8.8100004196167,8.8100004196167,230100,yahoo_chart_api,BTCC.TO,8.819999694824219,8.890000343322754,8.739999771118164,8.8100004196167
2022-04-08,8.710000038146973,8.930000305175781,8.619999885559082,8.670000076293945,8.670000076293945,301300,yahoo_chart_api,BTCC.TO,8.710000038146973,8.930000305175781,8.619999885559082,8.670000076293945
2022-04-11,8.34000015258789,8.359999656677246,8.079999923706055,8.119999885559082,8.119999885559082,323600,yahoo_chart_api,BTCC.TO,8.34000015258789,8.359999656677246,8.079999923706055,8.119999885559082
2022-04-12,8.229999542236328,8.229999542236328,7.96999979019165,7.96999979019165,7.96999979019165,336200,yahoo_chart_api,BTCC.TO,8.229999542236328,8.229999542236328,7.96999979019165,7.96999979019165
2022-04-13,8.100000381469727,8.420000076293945,8.069999694824219,8.34000015258789,8.34000015258789,425000,yahoo_chart_api,BTCC.TO,8.100000381469727,8.420000076293945,8.069999694824219,8.34000015258789
2022-04-14,8.350000381469727,8.359999656677246,8.029999732971191,8.069999694824219,8.069999694824219,290500,yahoo_chart_api,BTCC.TO,8.350000381469727,8.359999656677246,8.029999732971191,8.069999694824219
2022-04-18,8.010000228881836,8.3100004196167,7.929999828338623,8.25,8.25,393600,yahoo_chart_api,BTCC.TO,8.010000228881836,8.3100004196167,7.929999828338623,8.25
2022-04-19,8.329999923706055,8.460000038146973,8.3100004196167,8.399999618530273,8.399999618530273,257000,yahoo_chart_api,BTCC.TO,8.329999923706055,8.460000038146973,8.3100004196167,8.399999618530273
2022-04-20,8.529999732971191,8.539999961853027,8.300000190734863,8.359999656677246,8.359999656677246,225700,yahoo_chart_api,BTCC.TO,8.529999732971191,8.539999961853027,8.300000190734863,8.359999656677246
2022-04-21,8.699999809265137,8.699999809265137,8.359999656677246,8.359999656677246,8.359999656677246,302100,yahoo_chart_api,BTCC.TO,8.699999809265137,8.699999809265137,8.359999656677246,8.359999656677246
2022-04-22,8.239999771118164,8.239999771118164,7.949999809265137,8.0,8.0,382900,yahoo_chart_api,BTCC.TO,8.239999771118164,8.239999771118164,7.949999809265137,8.0
2022-04-25,7.840000152587891,8.180000305175781,7.829999923706055,8.170000076293945,8.170000076293945,458400,yahoo_chart_api,BTCC.TO,7.840000152587891,8.180000305175781,7.829999923706055,8.170000076293945
2022-04-26,8.140000343322754,8.170000076293945,7.659999847412109,7.739999771118164,7.739999771118164,657400,yahoo_chart_api,BTCC.TO,8.140000343322754,8.170000076293945,7.659999847412109,7.739999771118164
2022-04-27,7.880000114440918,7.980000019073486,7.800000190734863,7.889999866485596,7.889999866485596,142000,yahoo_chart_api,BTCC.TO,7.880000114440918,7.980000019073486,7.800000190734863,7.889999866485596
2022-04-28,8.0,8.1899995803833,7.889999866485596,8.09000015258789,8.09000015258789,453300,yahoo_chart_api,BTCC.TO,8.0,8.1899995803833,7.889999866485596,8.09000015258789
2022-04-29,7.900000095367432,7.980000019073486,7.730000019073486,7.760000228881836,7.760000228881836,214600,yahoo_chart_api,BTCC.TO,7.900000095367432,7.980000019073486,7.730000019073486,7.760000228881836
2022-05-02,7.820000171661377,7.940000057220459,7.699999809265137,7.800000190734863,7.800000190734863,434800,yahoo_chart_api,BTCC.TO,7.820000171661377,7.940000057220459,7.699999809265137,7.800000190734863
2022-05-03,7.78000020980835,7.789999961853027,7.590000152587891,7.639999866485596,7.639999866485596,278400,yahoo_chart_api,BTCC.TO,7.78000020980835,7.789999961853027,7.590000152587891,7.639999866485596
2022-05-04,7.889999866485596,8.109999656677246,7.820000171661377,8.069999694824219,8.069999694824219,342000,yahoo_chart_api,BTCC.TO,7.889999866485596,8.109999656677246,7.820000171661377,8.069999694824219
2022-05-05,7.960000038146973,7.960000038146973,7.190000057220459,7.329999923706055,7.329999923706055,1400000,yahoo_chart_api,BTCC.TO,7.960000038146973,7.960000038146973,7.190000057220459,7.329999923706055
2022-05-06,7.289999961853027,7.349999904632568,7.130000114440918,7.260000228881836,7.260000228881836,378400,yahoo_chart_api,BTCC.TO,7.289999961853027,7.349999904632568,7.130000114440918,7.260000228881836
2022-05-09,6.550000190734863,6.730000019073486,6.110000133514404,6.230000019073486,6.230000019073486,2586500,yahoo_chart_api,BTCC.TO,6.550000190734863,6.730000019073486,6.110000133514404,6.230000019073486
2022-05-10,6.489999771118164,6.510000228881836,6.21999979019165,6.320000171661377,6.320000171661377,593600,yahoo_chart_api,BTCC.TO,6.489999771118164,6.510000228881836,6.21999979019165,6.320000171661377
2022-05-11,5.960000038146973,6.429999828338623,5.869999885559082,5.889999866485596,5.889999866485596,1848300,yahoo_chart_api,BTCC.TO,5.960000038146973,6.429999828338623,5.869999885559082,5.889999866485596
2022-05-12,5.730000019073486,6.0,5.570000171661377,5.75,5.75,991600,yahoo_chart_api,BTCC.TO,5.730000019073486,6.0,5.570000171661377,5.75
2022-05-13,6.179999828338623,6.239999771118164,5.900000095367432,6.050000190734863,6.050000190734863,568200,yahoo_chart_api,BTCC.TO,6.179999828338623,6.239999771118164,5.900000095367432,6.050000190734863
2022-05-16,6.010000228881836,6.019999980926514,5.849999904632568,5.940000057220459,5.940000057220459,302100,yahoo_chart_api,BTCC.TO,6.010000228881836,6.019999980926514,5.849999904632568,5.940000057220459
2022-05-17,6.150000095367432,6.179999828338623,5.940000057220459,6.050000190734863,6.050000190734863,573200,yahoo_chart_api,BTCC.TO,6.150000095367432,6.179999828338623,5.940000057220459,6.050000190734863
2022-05-18,5.940000057220459,5.940000057220459,5.769999980926514,5.869999885559082,5.869999885559082,314800,yahoo_chart_api,BTCC.TO,5.940000057220459,5.940000057220459,5.769999980926514,5.869999885559082
2022-05-19,5.940000057220459,6.130000114440918,5.889999866485596,6.03000020980835,6.03000020980835,396000,yahoo_chart_api,BTCC.TO,5.940000057220459,6.130000114440918,5.889999866485596,6.03000020980835
2022-05-20,6.070000171661377,6.099999904632568,5.769999980926514,5.889999866485596,5.889999866485596,305200,yahoo_chart_api,BTCC.TO,6.070000171661377,6.099999904632568,5.769999980926514,5.889999866485596
2022-05-24,5.889999866485596,5.929999828338623,5.760000228881836,5.900000095367432,5.900000095367432,233200,yahoo_chart_api,BTCC.TO,5.889999866485596,5.929999828338623,5.760000228881836,5.900000095367432
2022-05-25,5.940000057220459,6.03000020980835,5.909999847412109,5.940000057220459,5.940000057220459,229100,yahoo_chart_api,BTCC.TO,5.940000057220459,6.03000020980835,5.909999847412109,5.940000057220459
2022-05-26,5.690000057220459,5.96999979019165,5.670000076293945,5.909999847412109,5.909999847412109,294600,yahoo_chart_api,BTCC.TO,5.690000057220459,5.96999979019165,5.670000076293945,5.909999847412109
2022-05-27,5.869999885559082,5.90500020980835,5.679999828338623,5.789999961853027,5.789999961853027,318000,yahoo_chart_api,BTCC.TO,5.869999885559082,5.90500020980835,5.679999828338623,5.789999961853027
2022-05-30,6.110000133514404,6.190000057220459,6.079999923706055,6.159999847412109,6.159999847412109,425800,yahoo_chart_api,BTCC.TO,6.110000133514404,6.190000057220459,6.079999923706055,6.159999847412109
2022-05-31,6.380000114440918,6.489999771118164,6.260000228881836,6.349999904632568,6.349999904632568,336500,yahoo_chart_api,BTCC.TO,6.380000114440918,6.489999771118164,6.260000228881836,6.349999904632568
2022-06-01,6.400000095367432,6.400000095367432,6.010000228881836,6.039999961853027,6.039999961853027,270900,yahoo_chart_api,BTCC.TO,6.400000095367432,6.400000095367432,6.010000228881836,6.039999961853027
2022-06-02,5.989999771118164,6.099999904632568,5.96999979019165,6.070000171661377,6.070000171661377,128200,yahoo_chart_api,BTCC.TO,5.989999771118164,6.099999904632568,5.96999979019165,6.070000171661377
2022-06-03,5.920000076293945,5.96999979019165,5.880000114440918,5.940000057220459,5.940000057220459,179400,yahoo_chart_api,BTCC.TO,5.920000076293945,5.96999979019165,5.880000114440918,5.940000057220459
2022-06-06,6.360000133514404,6.369999885559082,6.25,6.320000171661377,6.320000171661377,190000,yahoo_chart_api,BTCC.TO,6.360000133514404,6.369999885559082,6.25,6.320000171661377
2022-06-07,5.929999828338623,6.300000190734863,5.909999847412109,6.230000019073486,6.230000019073486,179900,yahoo_chart_api,BTCC.TO,5.929999828338623,6.300000190734863,5.909999847412109,6.230000019073486
2022-06-08,6.110000133514404,6.179999828338623,6.03000020980835,6.039999961853027,6.039999961853027,92200,yahoo_chart_api,BTCC.TO,6.110000133514404,6.179999828338623,6.03000020980835,6.039999961853027
2022-06-09,6.03000020980835,6.099999904632568,6.0,6.019999980926514,6.019999980926514,116800,yahoo_chart_api,BTCC.TO,6.03000020980835,6.099999904632568,6.0,6.019999980926514
2022-06-10,5.920000076293945,5.949999809265137,5.789999961853027,5.820000171661377,5.820000171661377,324200,yahoo_chart_api,BTCC.TO,5.920000076293945,5.949999809265137,5.789999961853027,5.820000171661377
2022-06-13,4.739999771118164,4.840000152587891,4.510000228881836,4.619999885559082,4.619999885559082,1559500,yahoo_chart_api,BTCC.TO,4.739999771118164,4.840000152587891,4.510000228881836,4.619999885559082
2022-06-14,4.5,4.539999961853027,4.389999866485596,4.425000190734863,4.425000190734863,777100,yahoo_chart_api,BTCC.TO,4.5,4.539999961853027,4.389999866485596,4.425000190734863
2022-06-15,4.260000228881836,4.46999979019165,4.03000020980835,4.289999961853027,4.289999961853027,1288100,yahoo_chart_api,BTCC.TO,4.260000228881836,4.46999979019165,4.03000020980835,4.289999961853027
2022-06-16,4.239999771118164,4.260000228881836,4.119999885559082,4.150000095367432,4.150000095367432,570100,yahoo_chart_api,BTCC.TO,4.239999771118164,4.260000228881836,4.119999885559082,4.150000095367432
2022-06-17,4.079999923706055,4.159999847412109,4.050000190734863,4.079999923706055,4.079999923706055,436800,yahoo_chart_api,BTCC.TO,4.079999923706055,4.159999847412109,4.050000190734863,4.079999923706055
2022-06-20,4.110000133514404,4.170000076293945,3.950000047683716,4.0,4.0,290700,yahoo_chart_api,BTCC.TO,4.110000133514404,4.170000076293945,3.950000047683716,4.0
2022-06-21,4.230000019073486,4.309999942779541,4.139999866485596,4.139999866485596,4.139999866485596,864000,yahoo_chart_api,BTCC.TO,4.230000019073486,4.309999942779541,4.139999866485596,4.139999866485596
2022-06-22,4.090000152587891,4.150000095367432,3.940000057220459,3.990000009536743,3.990000009536743,494400,yahoo_chart_api,BTCC.TO,4.090000152587891,4.150000095367432,3.940000057220459,3.990000009536743
2022-06-23,4.079999923706055,4.159999847412109,4.019999980926514,4.159999847412109,4.159999847412109,647700,yahoo_chart_api,BTCC.TO,4.079999923706055,4.159999847412109,4.019999980926514,4.159999847412109
2022-06-24,4.239999771118164,4.25,4.139999866485596,4.230000019073486,4.230000019073486,501200,yahoo_chart_api,BTCC.TO,4.239999771118164,4.25,4.139999866485596,4.230000019073486
2022-06-27,4.239999771118164,4.239999771118164,4.070000171661377,4.139999866485596,4.139999866485596,454100,yahoo_chart_api,BTCC.TO,4.239999771118164,4.239999771118164,4.070000171661377,4.139999866485596
2022-06-28,4.159999847412109,4.199999809265137,4.010000228881836,4.019999980926514,4.019999980926514,485100,yahoo_chart_api,BTCC.TO,4.159999847412109,4.199999809265137,4.010000228881836,4.019999980926514
2022-06-29,4.0,4.03000020980835,3.950000047683716,4.019999980926514,4.019999980926514,403000,yahoo_chart_api,BTCC.TO,4.0,4.03000020980835,3.950000047683716,4.019999980926514
2022-06-30,3.8299999237060547,3.8299999237060547,3.7200000286102295,3.75,3.75,656800,yahoo_chart_api,BTCC.TO,3.8299999237060547,3.8299999237060547,3.7200000286102295,3.75
2022-07-04,3.9000000953674316,3.990000009536743,3.880000114440918,3.930000066757202,3.930000066757202,313200,yahoo_chart_api,BTCC.TO,3.9000000953674316,3.990000009536743,3.880000114440918,3.930000066757202
2022-07-05,3.859999895095825,4.079999923706055,3.8299999237060547,4.059999942779541,4.059999942779541,415000,yahoo_chart_api,BTCC.TO,3.859999895095825,4.079999923706055,3.8299999237060547,4.059999942779541
2022-07-06,4.03000020980835,4.070000171661377,3.990000009536743,4.03000020980835,4.03000020980835,217100,yahoo_chart_api,BTCC.TO,4.03000020980835,4.070000171661377,3.990000009536743,4.03000020980835
2022-07-07,4.059999942779541,4.360000133514404,4.050000190734863,4.360000133514404,4.360000133514404,726100,yahoo_chart_api,BTCC.TO,4.059999942779541,4.360000133514404,4.050000190734863,4.360000133514404
2022-07-08,4.25,4.389999866485596,4.21999979019165,4.329999923706055,4.329999923706055,391500,yahoo_chart_api,BTCC.TO,4.25,4.389999866485596,4.21999979019165,4.329999923706055
2022-07-11,4.099999904632568,4.110000133514404,4.019999980926514,4.065000057220459,4.065000057220459,206800,yahoo_chart_api,BTCC.TO,4.099999904632568,4.110000133514404,4.019999980926514,4.065000057220459
2022-07-12,3.940000057220459,3.9800000190734863,3.8299999237060547,3.8499999046325684,3.8499999046325684,308200,yahoo_chart_api,BTCC.TO,3.940000057220459,3.9800000190734863,3.8299999237060547,3.8499999046325684
2022-07-13,3.7899999618530273,3.9700000286102295,3.759999990463257,3.9100000858306885,3.9100000858306885,357000,yahoo_chart_api,BTCC.TO,3.7899999618530273,3.9700000286102295,3.759999990463257,3.9100000858306885
2022-07-14,3.9000000953674316,4.150000095367432,3.9000000953674316,4.099999904632568,4.099999904632568,384500,yahoo_chart_api,BTCC.TO,3.9000000953674316,4.150000095367432,3.9000000953674316,4.099999904632568
2022-07-15,4.199999809265137,4.21999979019165,4.110000133514404,4.21999979019165,4.21999979019165,243000,yahoo_chart_api,BTCC.TO,4.199999809265137,4.21999979019165,4.110000133514404,4.21999979019165
2022-07-18,4.409999847412109,4.510000228881836,4.260000228881836,4.300000190734863,4.300000190734863,544300,yahoo_chart_api,BTCC.TO,4.409999847412109,4.510000228881836,4.260000228881836,4.300000190734863
2022-07-19,4.449999809265137,4.699999809265137,4.380000114440918,4.650000095367432,4.650000095367432,1187400,yahoo_chart_api,BTCC.TO,4.449999809265137,4.699999809265137,4.380000114440918,4.650000095367432
2022-07-20,4.75,4.809999942779541,4.650000095367432,4.690000057220459,4.690000057220459,436700,yahoo_chart_api,BTCC.TO,4.75,4.809999942779541,4.650000095367432,4.690000057220459
2022-07-21,4.53000020980835,4.610000133514404,4.440000057220459,4.610000133514404,4.610000133514404,257500,yahoo_chart_api,BTCC.TO,4.53000020980835,4.610000133514404,4.440000057220459,4.610000133514404
2022-07-22,4.670000076293945,4.71999979019165,4.46999979019165,4.489999771118164,4.489999771118164,219000,yahoo_chart_api,BTCC.TO,4.670000076293945,4.71999979019165,4.46999979019165,4.489999771118164
2022-07-25,4.369999885559082,4.369999885559082,4.289999961853027,4.349999904632568,4.349999904632568,243600,yahoo_chart_api,BTCC.TO,4.369999885559082,4.369999885559082,4.289999961853027,4.349999904632568
2022-07-26,4.170000076293945,4.179999828338623,4.119999885559082,4.159999847412109,4.159999847412109,395900,yahoo_chart_api,BTCC.TO,4.170000076293945,4.179999828338623,4.119999885559082,4.159999847412109
2022-07-27,4.21999979019165,4.579999923706055,4.21999979019165,4.519999980926514,4.519999980926514,576300,yahoo_chart_api,BTCC.TO,4.21999979019165,4.579999923706055,4.21999979019165,4.519999980926514
2022-07-28,4.619999885559082,4.769999980926514,4.53000020980835,4.710000038146973,4.710000038146973,226900,yahoo_chart_api,BTCC.TO,4.619999885559082,4.769999980926514,4.53000020980835,4.710000038146973
2022-07-29,4.690000057220459,4.789999961853027,4.639999866485596,4.71999979019165,4.71999979019165,251800,yahoo_chart_api,BTCC.TO,4.690000057220459,4.789999961853027,4.639999866485596,4.71999979019165
2022-08-02,4.510000228881836,4.650000095367432,4.489999771118164,4.559999942779541,4.559999942779541,372700,yahoo_chart_api,BTCC.TO,4.510000228881836,4.650000095367432,4.489999771118164,4.559999942779541
2022-08-03,4.619999885559082,4.670000076293945,4.610000133514404,4.650000095367432,4.650000095367432,99600,yahoo_chart_api,BTCC.TO,4.619999885559082,4.670000076293945,4.610000133514404,4.650000095367432
2022-08-04,4.559999942779541,4.579999923706055,4.440000057220459,4.440000057220459,4.440000057220459,271900,yahoo_chart_api,BTCC.TO,4.559999942779541,4.579999923706055,4.440000057220459,4.440000057220459
2022-08-05,4.539999961853027,4.619999885559082,4.510000228881836,4.539999961853027,4.539999961853027,146300,yahoo_chart_api,BTCC.TO,4.539999961853027,4.619999885559082,4.510000228881836,4.539999961853027
2022-08-08,4.78000020980835,4.809999942779541,4.71999979019165,4.739999771118164,4.739999771118164,145400,yahoo_chart_api,BTCC.TO,4.78000020980835,4.809999942779541,4.71999979019165,4.739999771118164
2022-08-09,4.630000114440918,4.630000114440918,4.53000020980835,4.559999942779541,4.559999942779541,211200,yahoo_chart_api,BTCC.TO,4.630000114440918,4.630000114440918,4.53000020980835,4.559999942779541
2022-08-10,4.760000228881836,4.789999961853027,4.659999847412109,4.690000057220459,4.690000057220459,241400,yahoo_chart_api,BTCC.TO,4.760000228881836,4.789999961853027,4.659999847412109,4.690000057220459
2022-08-11,4.900000095367432,4.920000076293945,4.760000228881836,4.789999961853027,4.789999961853027,215500,yahoo_chart_api,BTCC.TO,4.900000095367432,4.920000076293945,4.760000228881836,4.789999961853027
2022-08-12,4.71999979019165,4.800000190734863,4.699999809265137,4.800000190734863,4.800000190734863,158000,yahoo_chart_api,BTCC.TO,4.71999979019165,4.800000190734863,4.699999809265137,4.800000190734863
2022-08-15,4.78000020980835,4.809999942779541,4.739999771118164,4.739999771118164,4.739999771118164,122600,yahoo_chart_api,BTCC.TO,4.78000020980835,4.809999942779541,4.739999771118164,4.739999771118164
2022-08-16,4.75,4.760000228881836,4.690000057220459,4.739999771118164,4.739999771118164,149200,yahoo_chart_api,BTCC.TO,4.75,4.760000228881836,4.690000057220459,4.739999771118164
2022-08-17,4.679999828338623,4.679999828338623,4.599999904632568,4.599999904632568,4.599999904632568,125100,yahoo_chart_api,BTCC.TO,4.679999828338623,4.679999828338623,4.599999904632568,4.599999904632568
2022-08-18,4.639999866485596,4.650000095367432,4.599999904632568,4.610000133514404,4.610000133514404,57900,yahoo_chart_api,BTCC.TO,4.639999866485596,4.650000095367432,4.599999904632568,4.610000133514404
2022-08-19,4.260000228881836,4.269999980926514,4.179999828338623,4.21999979019165,4.21999979019165,382300,yahoo_chart_api,BTCC.TO,4.260000228881836,4.269999980926514,4.179999828338623,4.21999979019165
2022-08-22,4.159999847412109,4.239999771118164,4.139999866485596,4.150000095367432,4.150000095367432,175900,yahoo_chart_api,BTCC.TO,4.159999847412109,4.239999771118164,4.139999866485596,4.150000095367432
2022-08-23,4.21999979019165,4.28000020980835,4.21999979019165,4.25,4.25,135200,yahoo_chart_api,BTCC.TO,4.21999979019165,4.28000020980835,4.21999979019165,4.25
2022-08-24,4.239999771118164,4.320000171661377,4.230000019073486,4.289999961853027,4.289999961853027,118500,yahoo_chart_api,BTCC.TO,4.239999771118164,4.320000171661377,4.230000019073486,4.289999961853027
2022-08-25,4.269999980926514,4.289999961853027,4.239999771118164,4.28000020980835,4.28000020980835,78600,yahoo_chart_api,BTCC.TO,4.269999980926514,4.289999961853027,4.239999771118164,4.28000020980835
2022-08-26,4.300000190734863,4.300000190734863,4.059999942779541,4.079999923706055,4.079999923706055,322100,yahoo_chart_api,BTCC.TO,4.300000190734863,4.300000190734863,4.059999942779541,4.079999923706055
2022-08-29,3.9600000381469727,4.03000020980835,3.940000057220459,3.9800000190734863,3.9800000190734863,249200,yahoo_chart_api,BTCC.TO,3.9600000381469727,4.03000020980835,3.940000057220459,3.9800000190734863
2022-08-30,4.03000020980835,4.03000020980835,3.859999895095825,3.950000047683716,3.950000047683716,557700,yahoo_chart_api,BTCC.TO,4.03000020980835,4.03000020980835,3.859999895095825,3.950000047683716
2022-08-31,4.0,4.03000020980835,3.930000066757202,3.990000009536743,3.990000009536743,275000,yahoo_chart_api,BTCC.TO,4.0,4.03000020980835,3.930000066757202,3.990000009536743
2022-09-01,3.930000066757202,3.950000047683716,3.859999895095825,3.930000066757202,3.930000066757202,237800,yahoo_chart_api,BTCC.TO,3.930000066757202,3.950000047683716,3.859999895095825,3.930000066757202
2022-09-02,4.039999961853027,4.039999961853027,3.9000000953674316,3.930000066757202,3.930000066757202,314200,yahoo_chart_api,BTCC.TO,4.039999961853027,4.039999961853027,3.9000000953674316,3.930000066757202
2022-09-06,3.930000066757202,3.930000066757202,3.700000047683716,3.7200000286102295,3.7200000286102295,341100,yahoo_chart_api,BTCC.TO,3.930000066757202,3.930000066757202,3.700000047683716,3.7200000286102295
2022-09-07,3.700000047683716,3.7899999618530273,3.700000047683716,3.759999990463257,3.759999990463257,183700,yahoo_chart_api,BTCC.TO,3.700000047683716,3.7899999618530273,3.700000047683716,3.759999990463257
2022-09-08,3.7799999713897705,3.819999933242798,3.75,3.819999933242798,3.819999933242798,476300,yahoo_chart_api,BTCC.TO,3.7799999713897705,3.819999933242798,3.75,3.819999933242798
2022-09-09,4.150000095367432,4.230000019073486,4.139999866485596,4.210000038146973,4.210000038146973,222100,yahoo_chart_api,BTCC.TO,4.150000095367432,4.230000019073486,4.139999866485596,4.210000038146973
2022-09-12,4.380000114440918,4.429999828338623,4.349999904632568,4.429999828338623,4.429999828338623,437900,yahoo_chart_api,BTCC.TO,4.380000114440918,4.429999828338623,4.349999904632568,4.429999828338623
2022-09-13,4.21999979019165,4.230000019073486,3.9600000381469727,4.0,4.0,279700,yahoo_chart_api,BTCC.TO,4.21999979019165,4.230000019073486,3.9600000381469727,4.0
2022-09-14,4.019999980926514,4.019999980926514,3.869999885559082,3.940000057220459,3.940000057220459,154600,yahoo_chart_api,BTCC.TO,4.019999980926514,4.019999980926514,3.869999885559082,3.940000057220459
2022-09-15,3.9600000381469727,3.9800000190734863,3.8499999046325684,3.9100000858306885,3.9100000858306885,165800,yahoo_chart_api,BTCC.TO,3.9600000381469727,3.9800000190734863,3.8499999046325684,3.9100000858306885
2022-09-16,3.880000114440918,3.890000104904175,3.809999942779541,3.869999885559082,3.869999885559082,180200,yahoo_chart_api,BTCC.TO,3.880000114440918,3.890000104904175,3.809999942779541,3.869999885559082
2022-09-19,3.7100000381469727,3.8499999046325684,3.680000066757202,3.8499999046325684,3.8499999046325684,534200,yahoo_chart_api,BTCC.TO,3.7100000381469727,3.8499999046325684,3.680000066757202,3.8499999046325684
2022-09-20,3.7300000190734863,3.799999952316284,3.700000047683716,3.7300000190734863,3.7300000190734863,304600,yahoo_chart_api,BTCC.TO,3.7300000190734863,3.799999952316284,3.700000047683716,3.7300000190734863
2022-09-21,3.809999942779541,3.9000000953674316,3.690000057220459,3.740000009536743,3.740000009536743,663900,yahoo_chart_api,BTCC.TO,3.809999942779541,3.9000000953674316,3.690000057220459,3.740000009536743
2022-09-22,3.75,3.8299999237060547,3.700000047683716,3.809999942779541,3.809999942779541,160600,yahoo_chart_api,BTCC.TO,3.75,3.8299999237060547,3.700000047683716,3.809999942779541
2022-09-23,3.759999990463257,3.759999990463257,3.640000104904175,3.700000047683716,3.700000047683716,337600,yahoo_chart_api,BTCC.TO,3.759999990463257,3.759999990463257,3.640000104904175,3.700000047683716
2022-09-26,3.759999990463257,3.7899999618530273,3.740000009536743,3.7699999809265137,3.7699999809265137,149100,yahoo_chart_api,BTCC.TO,3.759999990463257,3.7899999618530273,3.740000009536743,3.7699999809265137
2022-09-27,3.9700000286102295,4.019999980926514,3.7100000381469727,3.7699999809265137,3.7699999809265137,714700,yahoo_chart_api,BTCC.TO,3.9700000286102295,4.019999980926514,3.7100000381469727,3.7699999809265137
2022-09-28,3.75,3.869999885559082,3.75,3.859999895095825,3.859999895095825,416400,yahoo_chart_api,BTCC.TO,3.75,3.869999885559082,3.75,3.859999895095825
2022-09-29,3.799999952316284,3.859999895095825,3.700000047683716,3.8299999237060547,3.8299999237060547,511400,yahoo_chart_api,BTCC.TO,3.799999952316284,3.859999895095825,3.700000047683716,3.8299999237060547
2022-09-30,3.799999952316284,3.9700000286102295,3.799999952316284,3.8399999141693115,3.8399999141693115,260800,yahoo_chart_api,BTCC.TO,3.799999952316284,3.9700000286102295,3.799999952316284,3.8399999141693115
2022-10-03,3.799999952316284,3.869999885559082,3.759999990463257,3.8450000286102295,3.8450000286102295,187200,yahoo_chart_api,BTCC.TO,3.799999952316284,3.869999885559082,3.759999990463257,3.8450000286102295
2022-10-04,3.950000047683716,3.990000009536743,3.9200000762939453,3.9700000286102295,3.9700000286102295,287000,yahoo_chart_api,BTCC.TO,3.950000047683716,3.990000009536743,3.9200000762939453,3.9700000286102295
2022-10-05,3.940000057220459,4.010000228881836,3.890000104904175,3.9600000381469727,3.9600000381469727,418800,yahoo_chart_api,BTCC.TO,3.940000057220459,4.010000228881836,3.890000104904175,3.9600000381469727
2022-10-06,3.9800000190734863,3.990000009536743,3.9200000762939453,3.940000057220459,3.940000057220459,263100,yahoo_chart_api,BTCC.TO,3.9800000190734863,3.990000009536743,3.9200000762939453,3.940000057220459
2022-10-07,3.880000114440918,3.880000114440918,3.809999942779541,3.8299999237060547,3.8299999237060547,273600,yahoo_chart_api,BTCC.TO,3.880000114440918,3.880000114440918,3.809999942779541,3.8299999237060547
2022-10-11,3.7699999809265137,3.7799999713897705,3.7200000286102295,3.740000009536743,3.740000009536743,245600,yahoo_chart_api,BTCC.TO,3.7699999809265137,3.7799999713897705,3.7200000286102295,3.740000009536743
2022-10-12,3.759999990463257,3.7799999713897705,3.75,3.7799999713897705,3.7799999713897705,229500,yahoo_chart_api,BTCC.TO,3.759999990463257,3.7799999713897705,3.75,3.7799999713897705
2022-10-13,3.5999999046325684,3.8299999237060547,3.5899999141693115,3.819999933242798,3.819999933242798,738100,yahoo_chart_api,BTCC.TO,3.5999999046325684,3.8299999237060547,3.5899999141693115,3.819999933242798
2022-10-14,3.890000104904175,3.890000104904175,3.759999990463257,3.759999990463257,3.759999990463257,369400,yahoo_chart_api,BTCC.TO,3.890000104904175,3.890000104904175,3.759999990463257,3.759999990463257
2022-10-17,3.8399999141693115,3.869999885559082,3.819999933242798,3.8399999141693115,3.8399999141693115,295300,yahoo_chart_api,BTCC.TO,3.8399999141693115,3.869999885559082,3.819999933242798,3.8399999141693115
2022-10-18,3.869999885559082,3.880000114440918,3.755000114440918,3.7799999713897705,3.7799999713897705,275000,yahoo_chart_api,BTCC.TO,3.869999885559082,3.880000114440918,3.755000114440918,3.7799999713897705
2022-10-19,3.7799999713897705,3.7899999618530273,3.759999990463257,3.7799999713897705,3.7799999713897705,113600,yahoo_chart_api,BTCC.TO,3.7799999713897705,3.7899999618530273,3.759999990463257,3.7799999713897705
2022-10-20,3.799999952316284,3.799999952316284,3.7300000190734863,3.759999990463257,3.759999990463257,281100,yahoo_chart_api,BTCC.TO,3.799999952316284,3.799999952316284,3.7300000190734863,3.759999990463257
2022-10-21,3.7300000190734863,3.7899999618530273,3.7200000286102295,3.7799999713897705,3.7799999713897705,353900,yahoo_chart_api,BTCC.TO,3.7300000190734863,3.7899999618530273,3.7200000286102295,3.7799999713897705
2022-10-24,3.809999942779541,3.8299999237060547,3.7699999809265137,3.799999952316284,3.799999952316284,227500,yahoo_chart_api,BTCC.TO,3.809999942779541,3.8299999237060547,3.7699999809265137,3.799999952316284
2022-10-25,3.819999933242798,4.010000228881836,3.819999933242798,3.9800000190734863,3.9800000190734863,540000,yahoo_chart_api,BTCC.TO,3.819999933242798,4.010000228881836,3.819999933242798,3.9800000190734863
2022-10-26,4.0,4.130000114440918,4.0,4.070000171661377,4.070000171661377,518000,yahoo_chart_api,BTCC.TO,4.0,4.130000114440918,4.0,4.070000171661377
2022-10-27,4.079999923706055,4.079999923706055,4.019999980926514,4.059999942779541,4.059999942779541,309700,yahoo_chart_api,BTCC.TO,4.079999923706055,4.079999923706055,4.019999980926514,4.059999942779541
2022-10-28,4.010000228881836,4.079999923706055,4.0,4.039999961853027,4.039999961853027,117800,yahoo_chart_api,BTCC.TO,4.010000228881836,4.079999923706055,4.0,4.039999961853027
2022-10-31,4.070000171661377,4.070000171661377,3.9800000190734863,4.010000228881836,4.010000228881836,272100,yahoo_chart_api,BTCC.TO,4.070000171661377,4.070000171661377,3.9800000190734863,4.010000228881836
2022-11-01,4.010000228881836,4.03000020980835,4.005000114440918,4.019999980926514,4.019999980926514,96100,yahoo_chart_api,BTCC.TO,4.010000228881836,4.03000020980835,4.005000114440918,4.019999980926514
2022-11-02,4.019999980926514,4.079999923706055,3.950000047683716,3.9800000190734863,3.9800000190734863,266600,yahoo_chart_api,BTCC.TO,4.019999980926514,4.079999923706055,3.950000047683716,3.9800000190734863
2022-11-03,3.950000047683716,4.0,3.940000057220459,3.990000009536743,3.990000009536743,79100,yahoo_chart_api,BTCC.TO,3.950000047683716,4.0,3.940000057220459,3.990000009536743
2022-11-04,4.099999904632568,4.179999828338623,4.059999942779541,4.150000095367432,4.150000095367432,260300,yahoo_chart_api,BTCC.TO,4.099999904632568,4.179999828338623,4.059999942779541,4.150000095367432
2022-11-07,4.079999923706055,4.099999904632568,4.050000190734863,4.079999923706055,4.079999923706055,440700,yahoo_chart_api,BTCC.TO,4.079999923706055,4.099999904632568,4.050000190734863,4.079999923706055
2022-11-08,3.8399999141693115,4.050000190734863,3.3299999237060547,3.569999933242798,3.569999933242798,2264200,yahoo_chart_api,BTCC.TO,3.8399999141693115,4.050000190734863,3.3299999237060547,3.569999933242798
2022-11-09,3.359999895095825,3.5,3.1700000762939453,3.190000057220459,3.190000057220459,2019000,yahoo_chart_api,BTCC.TO,3.359999895095825,3.5,3.1700000762939453,3.190000057220459
2022-11-10,3.3299999237060547,3.5950000286102295,3.2899999618530273,3.569999933242798,3.569999933242798,1088000,yahoo_chart_api,BTCC.TO,3.3299999237060547,3.5950000286102295,3.2899999618530273,3.569999933242798
2022-11-11,3.259999990463257,3.440000057220459,3.2200000286102295,3.319999933242798,3.319999933242798,925000,yahoo_chart_api,BTCC.TO,3.259999990463257,3.440000057220459,3.2200000286102295,3.319999933242798
2022-11-14,3.259999990463257,3.2899999618530273,3.1600000858306885,3.1700000762939453,3.1700000762939453,399400,yahoo_chart_api,BTCC.TO,3.259999990463257,3.2899999618530273,3.1600000858306885,3.1700000762939453
2022-11-15,3.240000009536743,3.359999895095825,3.240000009536743,3.2899999618530273,3.2899999618530273,515600,yahoo_chart_api,BTCC.TO,3.240000009536743,3.359999895095825,3.240000009536743,3.2899999618530273
2022-11-16,3.2899999618530273,3.2899999618530273,3.2200000286102295,3.2300000190734863,3.2300000190734863,261100,yahoo_chart_api,BTCC.TO,3.2899999618530273,3.2899999618530273,3.2200000286102295,3.2300000190734863
2022-11-17,3.259999990463257,3.369999885559082,3.25,3.3299999237060547,3.3299999237060547,132800,yahoo_chart_api,BTCC.TO,3.259999990463257,3.369999885559082,3.25,3.3299999237060547
2022-11-18,3.2799999713897705,3.315000057220459,3.2200000286102295,3.2200000286102295,3.2200000286102295,58000,yahoo_chart_api,BTCC.TO,3.2799999713897705,3.315000057220459,3.2200000286102295,3.2200000286102295
2022-11-21,3.200000047683716,3.200000047683716,3.049999952316284,3.069999933242798,3.069999933242798,147700,yahoo_chart_api,BTCC.TO,3.200000047683716,3.200000047683716,3.049999952316284,3.069999933242798
2022-11-22,3.0999999046325684,3.25,3.0999999046325684,3.25,3.25,156300,yahoo_chart_api,BTCC.TO,3.0999999046325684,3.25,3.0999999046325684,3.25
2022-11-23,3.240000009536743,3.25,3.1700000762939453,3.2300000190734863,3.2300000190734863,75400,yahoo_chart_api,BTCC.TO,3.240000009536743,3.25,3.1700000762939453,3.2300000190734863
2022-11-24,3.200000047683716,3.2899999618530273,3.190000057220459,3.2100000381469727,3.2100000381469727,11700,yahoo_chart_api,BTCC.TO,3.200000047683716,3.2899999618530273,3.190000057220459,3.2100000381469727
2022-11-25,3.1700000762939453,3.2899999618530273,3.140000104904175,3.2799999713897705,3.2799999713897705,59200,yahoo_chart_api,BTCC.TO,3.1700000762939453,3.2899999618530273,3.140000104904175,3.2799999713897705
2022-11-28,3.2200000286102295,3.2200000286102295,3.0799999237060547,3.2100000381469727,3.2100000381469727,76800,yahoo_chart_api,BTCC.TO,3.2200000286102295,3.2200000286102295,3.0799999237060547,3.2100000381469727
2022-11-29,3.2100000381469727,3.240000009536743,3.190000057220459,3.240000009536743,3.240000009536743,24900,yahoo_chart_api,BTCC.TO,3.2100000381469727,3.240000009536743,3.190000057220459,3.240000009536743
2022-11-30,3.3499999046325684,3.450000047683716,3.25,3.440000057220459,3.440000057220459,192700,yahoo_chart_api,BTCC.TO,3.3499999046325684,3.450000047683716,3.25,3.440000057220459
2022-12-01,3.4200000762939453,3.4200000762939453,3.299999952316284,3.299999952316284,3.299999952316284,71100,yahoo_chart_api,BTCC.TO,3.4200000762939453,3.4200000762939453,3.299999952316284,3.299999952316284
2022-12-02,3.2699999809265137,3.359999895095825,3.2699999809265137,3.3399999141693115,3.3399999141693115,67500,yahoo_chart_api,BTCC.TO,3.2699999809265137,3.359999895095825,3.2699999809265137,3.3399999141693115
2022-12-05,3.359999895095825,3.4000000953674316,3.309999942779541,3.319999933242798,3.319999933242798,83700,yahoo_chart_api,BTCC.TO,3.359999895095825,3.4000000953674316,3.309999942779541,3.319999933242798
2022-12-06,3.3499999046325684,3.3499999046325684,3.319999933242798,3.3299999237060547,3.3299999237060547,58100,yahoo_chart_api,BTCC.TO,3.3499999046325684,3.3499999046325684,3.319999933242798,3.3299999237060547
2022-12-07,3.309999942779541,3.309999942779541,3.2799999713897705,3.299999952316284,3.299999952316284,53200,yahoo_chart_api,BTCC.TO,3.309999942779541,3.309999942779541,3.2799999713897705,3.299999952316284
2022-12-08,3.309999942779541,3.4000000953674316,3.299999952316284,3.3499999046325684,3.3499999046325684,45100,yahoo_chart_api,BTCC.TO,3.309999942779541,3.4000000953674316,3.299999952316284,3.3499999046325684
2022-12-09,3.3499999046325684,3.369999885559082,3.3350000381469727,3.3499999046325684,3.3499999046325684,70000,yahoo_chart_api,BTCC.TO,3.3499999046325684,3.369999885559082,3.3350000381469727,3.3499999046325684
2022-12-12,3.3499999046325684,3.369999885559082,3.3299999237060547,3.369999885559082,3.369999885559082,56300,yahoo_chart_api,BTCC.TO,3.3499999046325684,3.369999885559082,3.3299999237060547,3.369999885559082
2022-12-13,3.5399999618530273,3.569999933242798,3.450000047683716,3.4800000190734863,3.4800000190734863,75600,yahoo_chart_api,BTCC.TO,3.5399999618530273,3.569999933242798,3.450000047683716,3.4800000190734863
2022-12-14,3.5199999809265137,3.5999999046325684,3.4800000190734863,3.490000009536743,3.490000009536743,196200,yahoo_chart_api,BTCC.TO,3.5199999809265137,3.5999999046325684,3.4800000190734863,3.490000009536743
2022-12-15,3.440000057220459,3.4600000381469727,3.4100000858306885,3.440000057220459,3.440000057220459,76600,yahoo_chart_api,BTCC.TO,3.440000057220459,3.4600000381469727,3.4100000858306885,3.440000057220459
2022-12-16,3.3399999141693115,3.369999885559082,3.2799999713897705,3.299999952316284,3.299999952316284,98000,yahoo_chart_api,BTCC.TO,3.3399999141693115,3.369999885559082,3.2799999713897705,3.299999952316284
2022-12-19,3.25,3.2799999713897705,3.2300000190734863,3.2300000190734863,3.2300000190734863,56600,yahoo_chart_api,BTCC.TO,3.25,3.2799999713897705,3.2300000190734863,3.2300000190734863
2022-12-20,3.2899999618530273,3.3499999046325684,3.2899999618530273,3.3299999237060547,3.3299999237060547,31300,yahoo_chart_api,BTCC.TO,3.2899999618530273,3.3499999046325684,3.2899999618530273,3.3299999237060547
2022-12-21,3.299999952316284,3.319999933242798,3.2799999713897705,3.2799999713897705,3.2799999713897705,17900,yahoo_chart_api,BTCC.TO,3.299999952316284,3.319999933242798,3.2799999713897705,3.2799999713897705
2022-12-22,3.2799999713897705,3.2799999713897705,3.2300000190734863,3.2799999713897705,3.2799999713897705,58400,yahoo_chart_api,BTCC.TO,3.2799999713897705,3.2799999713897705,3.2300000190734863,3.2799999713897705
2022-12-23,3.2799999713897705,3.305000066757202,3.2799999713897705,3.2799999713897705,3.2799999713897705,53800,yahoo_chart_api,BTCC.TO,3.2799999713897705,3.305000066757202,3.2799999713897705,3.2799999713897705
2022-12-28,3.240000009536743,3.2899999618530273,3.240000009536743,3.25,3.25,94100,yahoo_chart_api,BTCC.TO,3.240000009536743,3.2899999618530273,3.240000009536743,3.25
2022-12-29,3.240000009536743,3.2699999809265137,3.240000009536743,3.240000009536743,3.240000009536743,14000,yahoo_chart_api,BTCC.TO,3.240000009536743,3.2699999809265137,3.240000009536743,3.240000009536743
2022-12-30,3.2300000190734863,3.259999990463257,3.180000066757202,3.2100000381469727,3.2100000381469727,97700,yahoo_chart_api,BTCC.TO,3.2300000190734863,3.259999990463257,3.180000066757202,3.2100000381469727
2023-01-03,3.2699999809265137,3.2899999618530273,3.25,3.265000104904175,3.265000104904175,21900,yahoo_chart_api,BTCC.TO,3.2699999809265137,3.2899999618530273,3.25,3.265000104904175
2023-01-04,3.2899999618530273,3.3399999141693115,3.2899999618530273,3.2950000762939453,3.2950000762939453,72000,yahoo_chart_api,BTCC.TO,3.2899999618530273,3.3399999141693115,3.2899999618530273,3.2950000762939453
2023-01-05,3.2899999618530273,3.319999933242798,3.2899999618530273,3.309999942779541,3.309999942779541,27800,yahoo_chart_api,BTCC.TO,3.2899999618530273,3.319999933242798,3.2899999618530273,3.309999942779541
2023-01-06,3.299999952316284,3.359999895095825,3.2799999713897705,3.3399999141693115,3.3399999141693115,57500,yahoo_chart_api,BTCC.TO,3.299999952316284,3.359999895095825,3.2799999713897705,3.3399999141693115
2023-01-09,3.430000066757202,3.430000066757202,3.384999990463257,3.390000104904175,3.390000104904175,210600,yahoo_chart_api,BTCC.TO,3.430000066757202,3.430000066757202,3.384999990463257,3.390000104904175
2023-01-10,3.4000000953674316,3.444999933242798,3.380000114440918,3.444999933242798,3.444999933242798,256400,yahoo_chart_api,BTCC.TO,3.4000000953674316,3.444999933242798,3.380000114440918,3.444999933242798
2023-01-11,3.430000066757202,3.4700000286102295,3.3949999809265137,3.4600000381469727,3.4600000381469727,70700,yahoo_chart_api,BTCC.TO,3.430000066757202,3.4700000286102295,3.3949999809265137,3.4600000381469727
2023-01-12,3.549999952316284,3.740000009536743,3.299999952316284,3.740000009536743,3.740000009536743,308800,yahoo_chart_api,BTCC.TO,3.549999952316284,3.740000009536743,3.299999952316284,3.740000009536743
2023-01-13,3.7200000286102295,3.819999933242798,3.7100000381469727,3.809999942779541,3.809999942779541,198600,yahoo_chart_api,BTCC.TO,3.7200000286102295,3.819999933242798,3.7100000381469727,3.809999942779541
2023-01-16,4.099999904632568,4.199999809265137,4.039999961853027,4.179999828338623,4.179999828338623,266600,yahoo_chart_api,BTCC.TO,4.099999904632568,4.199999809265137,4.039999961853027,4.179999828338623
2023-01-17,4.190000057220459,4.199999809265137,4.119999885559082,4.190000057220459,4.190000057220459,299100,yahoo_chart_api,BTCC.TO,4.190000057220459,4.199999809265137,4.119999885559082,4.190000057220459
2023-01-18,4.21999979019165,4.21999979019165,3.9800000190734863,4.039999961853027,4.039999961853027,236900,yahoo_chart_api,BTCC.TO,4.21999979019165,4.21999979019165,3.9800000190734863,4.039999961853027
2023-01-19,4.059999942779541,4.139999866485596,4.059999942779541,4.130000114440918,4.130000114440918,52700,yahoo_chart_api,BTCC.TO,4.059999942779541,4.139999866485596,4.059999942779541,4.130000114440918
2023-01-20,4.150000095367432,4.380000114440918,4.090000152587891,4.369999885559082,4.369999885559082,132600,yahoo_chart_api,BTCC.TO,4.150000095367432,4.380000114440918,4.090000152587891,4.369999885559082
2023-01-23,4.480000019073486,4.539999961853027,4.429999828338623,4.510000228881836,4.510000228881836,197200,yahoo_chart_api,BTCC.TO,4.480000019073486,4.539999961853027,4.429999828338623,4.510000228881836
2023-01-24,4.489999771118164,4.53000020980835,4.460000038146973,4.510000228881836,4.510000228881836,121400,yahoo_chart_api,BTCC.TO,4.489999771118164,4.53000020980835,4.460000038146973,4.510000228881836
2023-01-25,4.429999828338623,4.519999980926514,4.380000114440918,4.519999980926514,4.519999980926514,128000,yahoo_chart_api,BTCC.TO,4.429999828338623,4.519999980926514,4.380000114440918,4.519999980926514
2023-01-26,4.559999942779541,4.559999942779541,4.489999771118164,4.53000020980835,4.53000020980835,149200,yahoo_chart_api,BTCC.TO,4.559999942779541,4.559999942779541,4.489999771118164,4.53000020980835
2023-01-27,4.5,4.610000133514404,4.489999771118164,4.539999961853027,4.539999961853027,151500,yahoo_chart_api,BTCC.TO,4.5,4.610000133514404,4.489999771118164,4.539999961853027
2023-01-30,4.539999961853027,4.570000171661377,4.409999847412109,4.449999809265137,4.449999809265137,192600,yahoo_chart_api,BTCC.TO,4.539999961853027,4.570000171661377,4.409999847412109,4.449999809265137
2023-01-31,4.510000228881836,4.550000190734863,4.510000228881836,4.519999980926514,4.519999980926514,104600,yahoo_chart_api,BTCC.TO,4.510000228881836,4.550000190734863,4.510000228881836,4.519999980926514
2023-02-01,4.53000020980835,4.639999866485596,4.46999979019165,4.619999885559082,4.619999885559082,1275200,yahoo_chart_api,BTCC.TO,4.53000020980835,4.639999866485596,4.46999979019165,4.619999885559082
2023-02-02,4.690000057220459,4.730000019073486,4.619999885559082,4.690000057220459,4.690000057220459,224000,yahoo_chart_api,BTCC.TO,4.690000057220459,4.730000019073486,4.619999885559082,4.690000057220459
2023-02-03,4.570000171661377,4.639999866485596,4.550000190734863,4.574999809265137,4.574999809265137,100600,yahoo_chart_api,BTCC.TO,4.570000171661377,4.639999866485596,4.550000190734863,4.574999809265137
2023-02-06,4.46999979019165,4.53000020980835,4.449999809265137,4.510000228881836,4.510000228881836,128200,yahoo_chart_api,BTCC.TO,4.46999979019165,4.53000020980835,4.449999809265137,4.510000228881836
2023-02-07,4.5,4.570000171661377,4.460000038146973,4.539999961853027,4.539999961853027,96500,yahoo_chart_api,BTCC.TO,4.5,4.570000171661377,4.460000038146973,4.539999961853027
2023-02-08,4.519999980926514,4.519999980926514,4.429999828338623,4.46999979019165,4.46999979019165,166500,yahoo_chart_api,BTCC.TO,4.519999980926514,4.519999980926514,4.429999828338623,4.46999979019165
2023-02-09,4.460000038146973,4.46999979019165,4.269999980926514,4.309999942779541,4.309999942779541,401100,yahoo_chart_api,BTCC.TO,4.460000038146973,4.46999979019165,4.269999980926514,4.309999942779541
2023-02-10,4.25,4.28000020980835,4.210000038146973,4.260000228881836,4.260000228881836,99000,yahoo_chart_api,BTCC.TO,4.25,4.28000020980835,4.210000038146973,4.260000228881836
2023-02-13,4.199999809265137,4.239999771118164,4.179999828338623,4.230000019073486,4.230000019073486,105500,yahoo_chart_api,BTCC.TO,4.199999809265137,4.239999771118164,4.179999828338623,4.230000019073486
2023-02-14,4.199999809265137,4.360000133514404,4.199999809265137,4.360000133514404,4.360000133514404,383100,yahoo_chart_api,BTCC.TO,4.199999809265137,4.360000133514404,4.199999809265137,4.360000133514404
2023-02-15,4.46999979019165,4.75,4.449999809265137,4.730000019073486,4.730000019073486,165800,yahoo_chart_api,BTCC.TO,4.46999979019165,4.75,4.449999809265137,4.730000019073486
2023-02-16,4.800000190734863,4.925000190734863,4.755000114440918,4.800000190734863,4.800000190734863,315600,yahoo_chart_api,BTCC.TO,4.800000190734863,4.925000190734863,4.755000114440918,4.800000190734863
2023-02-17,4.659999847412109,4.900000095367432,4.650000095367432,4.849999904632568,4.849999904632568,331000,yahoo_chart_api,BTCC.TO,4.659999847412109,4.900000095367432,4.650000095367432,4.849999904632568
2023-02-21,4.829999923706055,4.849999904632568,4.760000228881836,4.769999980926514,4.769999980926514,191300,yahoo_chart_api,BTCC.TO,4.829999923706055,4.849999904632568,4.760000228881836,4.769999980926514
2023-02-22,4.699999809265137,4.699999809265137,4.599999904632568,4.639999866485596,4.639999866485596,507200,yahoo_chart_api,BTCC.TO,4.699999809265137,4.699999809265137,4.599999904632568,4.639999866485596
2023-02-23,4.710000038146973,4.710000038146973,4.639999866485596,4.679999828338623,4.679999828338623,80000,yahoo_chart_api,BTCC.TO,4.710000038146973,4.710000038146973,4.639999866485596,4.679999828338623
2023-02-24,4.639999866485596,4.659999847412109,4.460000038146973,4.53000020980835,4.53000020980835,253000,yahoo_chart_api,BTCC.TO,4.639999866485596,4.659999847412109,4.460000038146973,4.53000020980835
2023-02-27,4.639999866485596,4.670000076293945,4.519999980926514,4.559999942779541,4.559999942779541,112000,yahoo_chart_api,BTCC.TO,4.639999866485596,4.670000076293945,4.519999980926514,4.559999942779541
2023-02-28,4.579999923706055,4.614999771118164,4.53000020980835,4.559999942779541,4.559999942779541,372300,yahoo_chart_api,BTCC.TO,4.579999923706055,4.614999771118164,4.53000020980835,4.559999942779541
2023-03-01,4.619999885559082,4.670000076293945,4.559999942779541,4.570000171661377,4.570000171661377,72700,yahoo_chart_api,BTCC.TO,4.619999885559082,4.670000076293945,4.559999942779541,4.570000171661377
2023-03-02,4.550000190734863,4.599999904632568,4.539999961853027,4.570000171661377,4.570000171661377,90800,yahoo_chart_api,BTCC.TO,4.550000190734863,4.599999904632568,4.539999961853027,4.570000171661377
2023-03-03,4.380000114440918,4.380000114440918,4.340000152587891,4.349999904632568,4.349999904632568,211300,yahoo_chart_api,BTCC.TO,4.380000114440918,4.380000114440918,4.340000152587891,4.349999904632568
2023-03-06,4.380000114440918,4.420000076293945,4.360000133514404,4.360000133514404,4.360000133514404,100300,yahoo_chart_api,BTCC.TO,4.380000114440918,4.420000076293945,4.360000133514404,4.360000133514404
2023-03-07,4.329999923706055,4.369999885559082,4.28000020980835,4.300000190734863,4.300000190734863,126100,yahoo_chart_api,BTCC.TO,4.329999923706055,4.369999885559082,4.28000020980835,4.300000190734863
2023-03-08,4.289999961853027,4.340000152587891,4.28000020980835,4.300000190734863,4.300000190734863,91900,yahoo_chart_api,BTCC.TO,4.289999961853027,4.340000152587891,4.28000020980835,4.300000190734863
2023-03-09,4.25,4.25,3.9000000953674316,3.9000000953674316,3.9000000953674316,722900,yahoo_chart_api,BTCC.TO,4.25,4.25,3.9000000953674316,3.9000000953674316
2023-03-10,3.890000104904175,3.940000057220459,3.8299999237060547,3.869999885559082,3.869999885559082,189000,yahoo_chart_api,BTCC.TO,3.890000104904175,3.940000057220459,3.8299999237060547,3.869999885559082
2023-03-13,4.369999885559082,4.78000020980835,4.170000076293945,4.739999771118164,4.739999771118164,804500,yahoo_chart_api,BTCC.TO,4.369999885559082,4.78000020980835,4.170000076293945,4.739999771118164
2023-03-14,5.050000190734863,5.090000152587891,4.730000019073486,4.889999866485596,4.889999866485596,389800,yahoo_chart_api,BTCC.TO,5.050000190734863,5.090000152587891,4.730000019073486,4.889999866485596
2023-03-15,4.860000133514404,4.909999847412109,4.659999847412109,4.760000228881836,4.760000228881836,272200,yahoo_chart_api,BTCC.TO,4.860000133514404,4.909999847412109,4.659999847412109,4.760000228881836
2023-03-16,4.820000171661377,4.900000095367432,4.789999961853027,4.869999885559082,4.869999885559082,193000,yahoo_chart_api,BTCC.TO,4.820000171661377,4.900000095367432,4.789999961853027,4.869999885559082
2023-03-17,5.170000076293945,5.269999980926514,5.090000152587891,5.260000228881836,5.260000228881836,279700,yahoo_chart_api,BTCC.TO,5.170000076293945,5.269999980926514,5.090000152587891,5.260000228881836
2023-03-20,5.489999771118164,5.489999771118164,5.349999904632568,5.420000076293945,5.420000076293945,424300,yahoo_chart_api,BTCC.TO,5.489999771118164,5.489999771118164,5.349999904632568,5.420000076293945
2023-03-21,5.480000019073486,5.539999961853027,5.409999847412109,5.5,5.5,222000,yahoo_chart_api,BTCC.TO,5.480000019073486,5.539999961853027,5.409999847412109,5.5
2023-03-22,5.519999980926514,5.630000114440918,5.179999828338623,5.199999809265137,5.199999809265137,573900,yahoo_chart_api,BTCC.TO,5.519999980926514,5.630000114440918,5.179999828338623,5.199999809265137
2023-03-23,5.340000152587891,5.590000152587891,5.309999942779541,5.539999961853027,5.539999961853027,318000,yahoo_chart_api,BTCC.TO,5.340000152587891,5.590000152587891,5.309999942779541,5.539999961853027
2023-03-24,5.440000057220459,5.5,5.360000133514404,5.420000076293945,5.420000076293945,175700,yahoo_chart_api,BTCC.TO,5.440000057220459,5.5,5.360000133514404,5.420000076293945
2023-03-27,5.409999847412109,5.409999847412109,5.159999847412109,5.25,5.25,175800,yahoo_chart_api,BTCC.TO,5.409999847412109,5.409999847412109,5.159999847412109,5.25
2023-03-28,5.21999979019165,5.340000152587891,5.199999809265137,5.329999923706055,5.329999923706055,423100,yahoo_chart_api,BTCC.TO,5.21999979019165,5.340000152587891,5.199999809265137,5.329999923706055
2023-03-29,5.519999980926514,5.550000190734863,5.46999979019165,5.53000020980835,5.53000020980835,181700,yahoo_chart_api,BTCC.TO,5.519999980926514,5.550000190734863,5.46999979019165,5.53000020980835
2023-03-30,5.539999961853027,5.559999942779541,5.380000114440918,5.440000057220459,5.440000057220459,260200,yahoo_chart_api,BTCC.TO,5.539999961853027,5.559999942779541,5.380000114440918,5.440000057220459
2023-03-31,5.480000019073486,5.570000171661377,5.480000019073486,5.510000228881836,5.510000228881836,181400,yahoo_chart_api,BTCC.TO,5.480000019073486,5.570000171661377,5.480000019073486,5.510000228881836
2023-04-03,5.489999771118164,5.510000228881836,5.420000076293945,5.460000038146973,5.460000038146973,103900,yahoo_chart_api,BTCC.TO,5.489999771118164,5.510000228881836,5.420000076293945,5.460000038146973
2023-04-04,5.5,5.5,5.429999828338623,5.460000038146973,5.460000038146973,98200,yahoo_chart_api,BTCC.TO,5.5,5.5,5.429999828338623,5.460000038146973
2023-04-05,5.550000190734863,5.550000190734863,5.389999866485596,5.480000019073486,5.480000019073486,337200,yahoo_chart_api,BTCC.TO,5.550000190734863,5.550000190734863,5.389999866485596,5.480000019073486
2023-04-06,5.429999828338623,5.480000019073486,5.389999866485596,5.440000057220459,5.440000057220459,229900,yahoo_chart_api,BTCC.TO,5.429999828338623,5.480000019073486,5.389999866485596,5.440000057220459
2023-04-10,5.489999771118164,5.71999979019165,5.46999979019165,5.690000057220459,5.690000057220459,308700,yahoo_chart_api,BTCC.TO,5.489999771118164,5.71999979019165,5.46999979019165,5.690000057220459
2023-04-11,5.869999885559082,5.920000076293945,5.824999809265137,5.849999904632568,5.849999904632568,324800,yahoo_chart_api,BTCC.TO,5.869999885559082,5.920000076293945,5.824999809265137,5.849999904632568
2023-04-12,5.869999885559082,5.880000114440918,5.760000228881836,5.789999961853027,5.789999961853027,278800,yahoo_chart_api,BTCC.TO,5.869999885559082,5.880000114440918,5.760000228881836,5.789999961853027
2023-04-13,5.889999866485596,5.949999809265137,5.864999771118164,5.920000076293945,5.920000076293945,231300,yahoo_chart_api,BTCC.TO,5.889999866485596,5.949999809265137,5.864999771118164,5.920000076293945
2023-04-14,5.949999809265137,5.980000019073486,5.829999923706055,5.880000114440918,5.880000114440918,215100,yahoo_chart_api,BTCC.TO,5.949999809265137,5.980000019073486,5.829999923706055,5.880000114440918
2023-04-17,5.71999979019165,5.739999771118164,5.679999828338623,5.71999979019165,5.71999979019165,266400,yahoo_chart_api,BTCC.TO,5.71999979019165,5.739999771118164,5.679999828338623,5.71999979019165
2023-04-18,5.889999866485596,5.909999847412109,5.820000171661377,5.869999885559082,5.869999885559082,76200,yahoo_chart_api,BTCC.TO,5.889999866485596,5.909999847412109,5.820000171661377,5.869999885559082
2023-04-19,5.679999828338623,5.71999979019165,5.650000095367432,5.659999847412109,5.659999847412109,220300,yahoo_chart_api,BTCC.TO,5.679999828338623,5.71999979019165,5.650000095367432,5.659999847412109
2023-04-20,5.590000152587891,5.599999904632568,5.429999828338623,5.449999809265137,5.449999809265137,223000,yahoo_chart_api,BTCC.TO,5.590000152587891,5.599999904632568,5.429999828338623,5.449999809265137
2023-04-21,5.46999979019165,5.489999771118164,5.269999980926514,5.289999961853027,5.289999961853027,236000,yahoo_chart_api,BTCC.TO,5.46999979019165,5.489999771118164,5.269999980926514,5.289999961853027
2023-04-24,5.309999942779541,5.369999885559082,5.230000019073486,5.300000190734863,5.300000190734863,110000,yahoo_chart_api,BTCC.TO,5.309999942779541,5.369999885559082,5.230000019073486,5.300000190734863
2023-04-25,5.320000171661377,5.380000114440918,5.264999866485596,5.349999904632568,5.349999904632568,92700,yahoo_chart_api,BTCC.TO,5.320000171661377,5.380000114440918,5.264999866485596,5.349999904632568
2023-04-26,5.800000190734863,5.800000190734863,5.380000114440918,5.409999847412109,5.409999847412109,260500,yahoo_chart_api,BTCC.TO,5.800000190734863,5.800000190734863,5.380000114440918,5.409999847412109
2023-04-27,5.590000152587891,5.789999961853027,5.590000152587891,5.75,5.75,167500,yahoo_chart_api,BTCC.TO,5.590000152587891,5.789999961853027,5.590000152587891,5.75
2023-04-28,5.679999828338623,5.699999809265137,5.599999904632568,5.695000171661377,5.695000171661377,97500,yahoo_chart_api,BTCC.TO,5.679999828338623,5.699999809265137,5.599999904632568,5.695000171661377
2023-05-01,5.550000190734863,5.550000190734863,5.389999866485596,5.400000095367432,5.400000095367432,134600,yahoo_chart_api,BTCC.TO,5.550000190734863,5.550000190734863,5.389999866485596,5.400000095367432
2023-05-02,5.420000076293945,5.590000152587891,5.409999847412109,5.550000190734863,5.550000190734863,134300,yahoo_chart_api,BTCC.TO,5.420000076293945,5.590000152587891,5.409999847412109,5.550000190734863
2023-05-03,5.380000114440918,5.559999942779541,5.380000114440918,5.480000019073486,5.480000019073486,162200,yahoo_chart_api,BTCC.TO,5.380000114440918,5.559999942779541,5.380000114440918,5.480000019073486
2023-05-04,5.610000133514404,5.610000133514404,5.559999942779541,5.599999904632568,5.599999904632568,116500,yahoo_chart_api,BTCC.TO,5.610000133514404,5.610000133514404,5.559999942779541,5.599999904632568
2023-05-05,5.610000133514404,5.760000228881836,5.610000133514404,5.71999979019165,5.71999979019165,221200,yahoo_chart_api,BTCC.TO,5.610000133514404,5.760000228881836,5.610000133514404,5.71999979019165
2023-05-08,5.429999828338623,5.440000057220459,5.300000190734863,5.309999942779541,5.309999942779541,177600,yahoo_chart_api,BTCC.TO,5.429999828338623,5.440000057220459,5.300000190734863,5.309999942779541
2023-05-09,5.380000114440918,5.380000114440918,5.309999942779541,5.369999885559082,5.369999885559082,102900,yahoo_chart_api,BTCC.TO,5.380000114440918,5.380000114440918,5.309999942779541,5.369999885559082
2023-05-10,5.440000057220459,5.480000019073486,5.190000057220459,5.360000133514404,5.360000133514404,199300,yahoo_chart_api,BTCC.TO,5.440000057220459,5.480000019073486,5.190000057220459,5.360000133514404
2023-05-11,5.309999942779541,5.309999942779541,5.179999828338623,5.190000057220459,5.190000057220459,131300,yahoo_chart_api,BTCC.TO,5.309999942779541,5.309999942779541,5.179999828338623,5.190000057220459
2023-05-12,5.119999885559082,5.150000095367432,5.010000228881836,5.119999885559082,5.119999885559082,194100,yahoo_chart_api,BTCC.TO,5.119999885559082,5.150000095367432,5.010000228881836,5.119999885559082
2023-05-15,5.300000190734863,5.360000133514404,5.28000020980835,5.320000171661377,5.320000171661377,61500,yahoo_chart_api,BTCC.TO,5.300000190734863,5.360000133514404,5.28000020980835,5.320000171661377
2023-05-16,5.25,5.25,5.210000038146973,5.21999979019165,5.21999979019165,81300,yahoo_chart_api,BTCC.TO,5.25,5.25,5.210000038146973,5.21999979019165
2023-05-17,5.159999847412109,5.320000171661377,5.150000095367432,5.320000171661377,5.320000171661377,91400,yahoo_chart_api,BTCC.TO,5.159999847412109,5.320000171661377,5.150000095367432,5.320000171661377
2023-05-18,5.260000228881836,5.300000190734863,5.099999904632568,5.179999828338623,5.179999828338623,136100,yahoo_chart_api,BTCC.TO,5.260000228881836,5.300000190734863,5.099999904632568,5.179999828338623
2023-05-19,5.210000038146973,5.269999980926514,5.179999828338623,5.199999809265137,5.199999809265137,90900,yahoo_chart_api,BTCC.TO,5.210000038146973,5.269999980926514,5.179999828338623,5.199999809265137
2023-05-23,5.289999961853027,5.289999961853027,5.260000228881836,5.260000228881836,5.260000228881836,89900,yahoo_chart_api,BTCC.TO,5.289999961853027,5.289999961853027,5.260000228881836,5.260000228881836
2023-05-24,5.159999847412109,5.170000076293945,5.050000190734863,5.079999923706055,5.079999923706055,89900,yahoo_chart_api,BTCC.TO,5.159999847412109,5.170000076293945,5.050000190734863,5.079999923706055
2023-05-25,5.099999904632568,5.139999866485596,5.070000171661377,5.110000133514404,5.110000133514404,60200,yahoo_chart_api,BTCC.TO,5.099999904632568,5.139999866485596,5.070000171661377,5.110000133514404
2023-05-26,5.119999885559082,5.199999809265137,5.119999885559082,5.190000057220459,5.190000057220459,53300,yahoo_chart_api,BTCC.TO,5.119999885559082,5.199999809265137,5.119999885559082,5.190000057220459
2023-05-29,5.400000095367432,5.409999847412109,5.340000152587891,5.369999885559082,5.369999885559082,212600,yahoo_chart_api,BTCC.TO,5.400000095367432,5.409999847412109,5.340000152587891,5.369999885559082
2023-05-30,5.429999828338623,5.429999828338623,5.349999904632568,5.400000095367432,5.400000095367432,119700,yahoo_chart_api,BTCC.TO,5.429999828338623,5.429999828338623,5.349999904632568,5.400000095367432
2023-05-31,5.269999980926514,5.269999980926514,5.199999809265137,5.21999979019165,5.21999979019165,121900,yahoo_chart_api,BTCC.TO,5.269999980926514,5.269999980926514,5.199999809265137,5.21999979019165
2023-06-01,5.199999809265137,5.239999771118164,5.170000076293945,5.199999809265137,5.199999809265137,136000,yahoo_chart_api,BTCC.TO,5.199999809265137,5.239999771118164,5.170000076293945,5.199999809265137
2023-06-02,5.230000019073486,5.28000020980835,5.199999809265137,5.269999980926514,5.269999980926514,155600,yahoo_chart_api,BTCC.TO,5.230000019073486,5.28000020980835,5.199999809265137,5.269999980926514
2023-06-05,5.179999828338623,5.179999828338623,4.920000076293945,4.949999809265137,4.949999809265137,265200,yahoo_chart_api,BTCC.TO,5.179999828338623,5.179999828338623,4.920000076293945,4.949999809265137
2023-06-06,4.949999809265137,5.260000228881836,4.929999828338623,5.230000019073486,5.230000019073486,181500,yahoo_chart_api,BTCC.TO,4.949999809265137,5.260000228881836,4.929999828338623,5.230000019073486
2023-06-07,5.179999828338623,5.190000057220459,5.070000171661377,5.119999885559082,5.119999885559082,77800,yahoo_chart_api,BTCC.TO,5.179999828338623,5.190000057220459,5.070000171661377,5.119999885559082
2023-06-08,5.090000152587891,5.175000190734863,5.090000152587891,5.119999885559082,5.119999885559082,48300,yahoo_chart_api,BTCC.TO,5.090000152587891,5.175000190734863,5.090000152587891,5.119999885559082
2023-06-09,5.159999847412109,5.159999847412109,5.090000152587891,5.110000133514404,5.110000133514404,112000,yahoo_chart_api,BTCC.TO,5.159999847412109,5.159999847412109,5.090000152587891,5.110000133514404
2023-06-12,5.0,5.019999980926514,4.96999979019165,4.980000019073486,4.980000019073486,128600,yahoo_chart_api,BTCC.TO,5.0,5.019999980926514,4.96999979019165,4.980000019073486
2023-06-13,5.050000190734863,5.059999942779541,4.980000019073486,4.989999771118164,4.989999771118164,71700,yahoo_chart_api,BTCC.TO,5.050000190734863,5.059999942779541,4.980000019073486,4.989999771118164
2023-06-14,5.03000020980835,5.03000020980835,4.989999771118164,4.989999771118164,4.989999771118164,76200,yahoo_chart_api,BTCC.TO,5.03000020980835,5.03000020980835,4.989999771118164,4.989999771118164
2023-06-15,4.840000152587891,4.920000076293945,4.809999942779541,4.909999847412109,4.909999847412109,92900,yahoo_chart_api,BTCC.TO,4.840000152587891,4.920000076293945,4.809999942779541,4.909999847412109
2023-06-16,4.940000057220459,5.110000133514404,4.869999885559082,5.110000133514404,5.110000133514404,212700,yahoo_chart_api,BTCC.TO,4.940000057220459,5.110000133514404,4.869999885559082,5.110000133514404
2023-06-19,5.139999866485596,5.230000019073486,5.090000152587891,5.170000076293945,5.170000076293945,119300,yahoo_chart_api,BTCC.TO,5.139999866485596,5.230000019073486,5.090000152587891,5.170000076293945
2023-06-20,5.199999809265137,5.449999809265137,5.170000076293945,5.449999809265137,5.449999809265137,408600,yahoo_chart_api,BTCC.TO,5.199999809265137,5.449999809265137,5.170000076293945,5.449999809265137
2023-06-21,5.639999866485596,5.949999809265137,5.610000133514404,5.829999923706055,5.829999923706055,509400,yahoo_chart_api,BTCC.TO,5.639999866485596,5.949999809265137,5.610000133514404,5.829999923706055
2023-06-22,5.840000152587891,5.869999885559082,5.730000019073486,5.840000152587891,5.840000152587891,266000,yahoo_chart_api,BTCC.TO,5.840000152587891,5.869999885559082,5.730000019073486,5.840000152587891
2023-06-23,5.809999942779541,6.059999942779541,5.789999961853027,5.989999771118164,5.989999771118164,412800,yahoo_chart_api,BTCC.TO,5.809999942779541,6.059999942779541,5.789999961853027,5.989999771118164
2023-06-26,5.889999866485596,5.929999828338623,5.789999961853027,5.855000019073486,5.855000019073486,141900,yahoo_chart_api,BTCC.TO,5.889999866485596,5.929999828338623,5.789999961853027,5.855000019073486
2023-06-27,5.920000076293945,6.0,5.880000114440918,5.909999847412109,5.909999847412109,130100,yahoo_chart_api,BTCC.TO,5.920000076293945,6.0,5.880000114440918,5.909999847412109
2023-06-28,5.849999904632568,5.889999866485596,5.78000020980835,5.829999923706055,5.829999923706055,108400,yahoo_chart_api,BTCC.TO,5.849999904632568,5.889999866485596,5.78000020980835,5.829999923706055
2023-06-29,5.940000057220459,5.949999809265137,5.869999885559082,5.920000076293945,5.920000076293945,102900,yahoo_chart_api,BTCC.TO,5.940000057220459,5.949999809265137,5.869999885559082,5.920000076293945
2023-06-30,6.0,6.019999980926514,5.690000057220459,5.880000114440918,5.880000114440918,340100,yahoo_chart_api,BTCC.TO,6.0,6.019999980926514,5.690000057220459,5.880000114440918
2023-07-04,6.0,6.019999980926514,5.929999828338623,5.949999809265137,5.949999809265137,116900,yahoo_chart_api,BTCC.TO,6.0,6.019999980926514,5.929999828338623,5.949999809265137
2023-07-05,5.860000133514404,5.920000076293945,5.849999904632568,5.889999866485596,5.889999866485596,128900,yahoo_chart_api,BTCC.TO,5.860000133514404,5.920000076293945,5.849999904632568,5.889999866485596
2023-07-06,5.940000057220459,5.940000057220459,5.769999980926514,5.829999923706055,5.829999923706055,218400,yahoo_chart_api,BTCC.TO,5.940000057220459,5.940000057220459,5.769999980926514,5.829999923706055
2023-07-07,5.840000152587891,5.889999866485596,5.829999923706055,5.860000133514404,5.860000133514404,97300,yahoo_chart_api,BTCC.TO,5.840000152587891,5.889999866485596,5.829999923706055,5.860000133514404
2023-07-10,5.849999904632568,6.090000152587891,5.840000152587891,6.090000152587891,6.090000152587891,104500,yahoo_chart_api,BTCC.TO,5.849999904632568,6.090000152587891,5.840000152587891,6.090000152587891
2023-07-11,5.980000019073486,5.980000019073486,5.900000095367432,5.960000038146973,5.960000038146973,68000,yahoo_chart_api,BTCC.TO,5.980000019073486,5.980000019073486,5.900000095367432,5.960000038146973
2023-07-12,6.090000152587891,6.090000152587891,5.849999904632568,5.869999885559082,5.869999885559082,187700,yahoo_chart_api,BTCC.TO,6.090000152587891,6.090000152587891,5.849999904632568,5.869999885559082
2023-07-13,5.920000076293945,6.199999809265137,5.909999847412109,6.150000095367432,6.150000095367432,474200,yahoo_chart_api,BTCC.TO,5.920000076293945,6.199999809265137,5.909999847412109,6.150000095367432
2023-07-14,6.050000190734863,6.079999923706055,5.789999961853027,5.820000171661377,5.820000171661377,673200,yahoo_chart_api,BTCC.TO,6.050000190734863,6.079999923706055,5.789999961853027,5.820000171661377
2023-07-17,5.860000133514404,5.869999885559082,5.710000038146973,5.760000228881836,5.760000228881836,148100,yahoo_chart_api,BTCC.TO,5.860000133514404,5.869999885559082,5.710000038146973,5.760000228881836
2023-07-18,5.75,5.800000190734863,5.679999828338623,5.730000019073486,5.730000019073486,257100,yahoo_chart_api,BTCC.TO,5.75,5.800000190734863,5.679999828338623,5.730000019073486
2023-07-19,5.760000228881836,5.820000171661377,5.739999771118164,5.800000190734863,5.800000190734863,198500,yahoo_chart_api,BTCC.TO,5.760000228881836,5.820000171661377,5.739999771118164,5.800000190734863
2023-07-20,5.809999942779541,5.829999923706055,5.699999809265137,5.71999979019165,5.71999979019165,249400,yahoo_chart_api,BTCC.TO,5.809999942779541,5.829999923706055,5.699999809265137,5.71999979019165
2023-07-21,5.760000228881836,5.789999961853027,5.730000019073486,5.760000228881836,5.760000228881836,76400,yahoo_chart_api,BTCC.TO,5.760000228881836,5.789999961853027,5.730000019073486,5.760000228881836
2023-07-24,5.639999866485596,5.639999866485596,5.550000190734863,5.599999904632568,5.599999904632568,325600,yahoo_chart_api,BTCC.TO,5.639999866485596,5.639999866485596,5.550000190734863,5.599999904632568
2023-07-25,5.599999904632568,5.659999847412109,5.599999904632568,5.619999885559082,5.619999885559082,74500,yahoo_chart_api,BTCC.TO,5.599999904632568,5.659999847412109,5.599999904632568,5.619999885559082
2023-07-26,5.639999866485596,5.690000057220459,5.630000114440918,5.690000057220459,5.690000057220459,77700,yahoo_chart_api,BTCC.TO,5.639999866485596,5.690000057220459,5.630000114440918,5.690000057220459
2023-07-27,5.679999828338623,5.679999828338623,5.599999904632568,5.630000114440918,5.630000114440918,43500,yahoo_chart_api,BTCC.TO,5.679999828338623,5.679999828338623,5.599999904632568,5.630000114440918
2023-07-28,5.650000095367432,5.695000171661377,5.619999885559082,5.650000095367432,5.650000095367432,70800,yahoo_chart_api,BTCC.TO,5.650000095367432,5.695000171661377,5.619999885559082,5.650000095367432
2023-07-31,5.679999828338623,5.679999828338623,5.619999885559082,5.619999885559082,5.619999885559082,68000,yahoo_chart_api,BTCC.TO,5.679999828338623,5.679999828338623,5.619999885559082,5.619999885559082
2023-08-01,5.570000171661377,5.650000095367432,5.510000228881836,5.639999866485596,5.639999866485596,136900,yahoo_chart_api,BTCC.TO,5.570000171661377,5.650000095367432,5.510000228881836,5.639999866485596
2023-08-02,5.670000076293945,5.670000076293945,5.579999923706055,5.630000114440918,5.630000114440918,108300,yahoo_chart_api,BTCC.TO,5.670000076293945,5.670000076293945,5.579999923706055,5.630000114440918
2023-08-03,5.619999885559082,5.670000076293945,5.599999904632568,5.619999885559082,5.619999885559082,32200,yahoo_chart_api,BTCC.TO,5.619999885559082,5.670000076293945,5.599999904632568,5.619999885559082
2023-08-04,5.610000133514404,5.639999866485596,5.570000171661377,5.590000152587891,5.590000152587891,62200,yahoo_chart_api,BTCC.TO,5.610000133514404,5.639999866485596,5.570000171661377,5.590000152587891
2023-08-08,5.679999828338623,5.78000020980835,5.650000095367432,5.769999980926514,5.769999980926514,144700,yahoo_chart_api,BTCC.TO,5.679999828338623,5.78000020980835,5.650000095367432,5.769999980926514
2023-08-09,5.78000020980835,5.78000020980835,5.670000076293945,5.699999809265137,5.699999809265137,91200,yahoo_chart_api,BTCC.TO,5.78000020980835,5.78000020980835,5.670000076293945,5.699999809265137
2023-08-10,5.690000057220459,5.730000019073486,5.659999847412109,5.659999847412109,5.659999847412109,74700,yahoo_chart_api,BTCC.TO,5.690000057220459,5.730000019073486,5.659999847412109,5.659999847412109
2023-08-11,5.670000076293945,5.690000057220459,5.639999866485596,5.639999866485596,5.639999866485596,69600,yahoo_chart_api,BTCC.TO,5.670000076293945,5.690000057220459,5.639999866485596,5.639999866485596
2023-08-14,5.639999866485596,5.710000038146973,5.630000114440918,5.630000114440918,5.630000114440918,138400,yahoo_chart_api,BTCC.TO,5.639999866485596,5.710000038146973,5.630000114440918,5.630000114440918
2023-08-15,5.650000095367432,5.670000076293945,5.590000152587891,5.610000133514404,5.610000133514404,47800,yahoo_chart_api,BTCC.TO,5.650000095367432,5.670000076293945,5.590000152587891,5.610000133514404
2023-08-16,5.590000152587891,5.614999771118164,5.559999942779541,5.599999904632568,5.599999904632568,29000,yahoo_chart_api,BTCC.TO,5.590000152587891,5.614999771118164,5.559999942779541,5.599999904632568
2023-08-17,5.489999771118164,5.489999771118164,5.329999923706055,5.369999885559082,5.369999885559082,355000,yahoo_chart_api,BTCC.TO,5.489999771118164,5.489999771118164,5.329999923706055,5.369999885559082
2023-08-18,5.050000190734863,5.070000171661377,4.929999828338623,5.059999942779541,5.059999942779541,415400,yahoo_chart_api,BTCC.TO,5.050000190734863,5.070000171661377,4.929999828338623,5.059999942779541
2023-08-21,5.0,5.03000020980835,4.960000038146973,5.019999980926514,5.019999980926514,93000,yahoo_chart_api,BTCC.TO,5.0,5.03000020980835,4.960000038146973,5.019999980926514
2023-08-22,4.989999771118164,5.010000228881836,4.940000057220459,4.960000038146973,4.960000038146973,121700,yahoo_chart_api,BTCC.TO,4.989999771118164,5.010000228881836,4.940000057220459,4.960000038146973
2023-08-23,4.949999809265137,5.144999980926514,4.949999809265137,5.130000114440918,5.130000114440918,198100,yahoo_chart_api,BTCC.TO,4.949999809265137,5.144999980926514,4.949999809265137,5.130000114440918
2023-08-24,5.070000171661377,5.070000171661377,4.960000038146973,4.989999771118164,4.989999771118164,78900,yahoo_chart_api,BTCC.TO,5.070000171661377,5.070000171661377,4.960000038146973,4.989999771118164
2023-08-25,5.03000020980835,5.050000190734863,4.949999809265137,4.96999979019165,4.96999979019165,85500,yahoo_chart_api,BTCC.TO,5.03000020980835,5.050000190734863,4.949999809265137,4.96999979019165
2023-08-28,5.0,5.025000095367432,4.960000038146973,4.980000019073486,4.980000019073486,50700,yahoo_chart_api,BTCC.TO,5.0,5.025000095367432,4.960000038146973,4.980000019073486
2023-08-29,5.010000228881836,5.400000095367432,4.989999771118164,5.369999885559082,5.369999885559082,311500,yahoo_chart_api,BTCC.TO,5.010000228881836,5.400000095367432,4.989999771118164,5.369999885559082
2023-08-30,5.289999961853027,5.289999961853027,5.199999809265137,5.230000019073486,5.230000019073486,151100,yahoo_chart_api,BTCC.TO,5.289999961853027,5.289999961853027,5.199999809265137,5.230000019073486
2023-08-31,5.230000019073486,5.239999771118164,5.0,5.039999961853027,5.039999961853027,132800,yahoo_chart_api,BTCC.TO,5.230000019073486,5.239999771118164,5.0,5.039999961853027
2023-09-01,5.010000228881836,5.010000228881836,4.869999885559082,4.929999828338623,4.929999828338623,195800,yahoo_chart_api,BTCC.TO,5.010000228881836,5.010000228881836,4.869999885559082,4.929999828338623
2023-09-05,4.960000038146973,4.96999979019165,4.920000076293945,4.940000057220459,4.940000057220459,81800,yahoo_chart_api,BTCC.TO,4.960000038146973,4.96999979019165,4.920000076293945,4.940000057220459
2023-09-06,4.940000057220459,4.989999771118164,4.880000114440918,4.920000076293945,4.920000076293945,67700,yahoo_chart_api,BTCC.TO,4.940000057220459,4.989999771118164,4.880000114440918,4.920000076293945
2023-09-07,4.909999847412109,4.980000019073486,4.909999847412109,4.96999979019165,4.96999979019165,67300,yahoo_chart_api,BTCC.TO,4.909999847412109,4.980000019073486,4.909999847412109,4.96999979019165
2023-09-08,4.96999979019165,4.985000133514404,4.929999828338623,4.980000019073486,4.980000019073486,78300,yahoo_chart_api,BTCC.TO,4.96999979019165,4.985000133514404,4.929999828338623,4.980000019073486
2023-09-11,4.920000076293945,4.929999828338623,4.789999961853027,4.809999942779541,4.809999942779541,94000,yahoo_chart_api,BTCC.TO,4.920000076293945,4.929999828338623,4.789999961853027,4.809999942779541
2023-09-12,4.989999771118164,5.090000152587891,4.96999979019165,5.0,5.0,144100,yahoo_chart_api,BTCC.TO,4.989999771118164,5.090000152587891,4.96999979019165,5.0
2023-09-13,5.0,5.070000171661377,5.0,5.019999980926514,5.019999980926514,101200,yahoo_chart_api,BTCC.TO,5.0,5.070000171661377,5.0,5.019999980926514
2023-09-14,5.110000133514404,5.150000095367432,5.090000152587891,5.130000114440918,5.130000114440918,63300,yahoo_chart_api,BTCC.TO,5.110000133514404,5.150000095367432,5.090000152587891,5.130000114440918
2023-09-15,5.090000152587891,5.090000152587891,5.03000020980835,5.079999923706055,5.079999923706055,134400,yahoo_chart_api,BTCC.TO,5.090000152587891,5.090000152587891,5.03000020980835,5.079999923706055
2023-09-18,5.21999979019165,5.244999885559082,5.110000133514404,5.150000095367432,5.150000095367432,233300,yahoo_chart_api,BTCC.TO,5.21999979019165,5.244999885559082,5.110000133514404,5.150000095367432
2023-09-19,5.21999979019165,5.269999980926514,5.170000076293945,5.230000019073486,5.230000019073486,139000,yahoo_chart_api,BTCC.TO,5.21999979019165,5.269999980926514,5.170000076293945,5.230000019073486
2023-09-20,5.199999809265137,5.230000019073486,5.139999866485596,5.159999847412109,5.159999847412109,63100,yahoo_chart_api,BTCC.TO,5.199999809265137,5.230000019073486,5.139999866485596,5.159999847412109
2023-09-21,5.079999923706055,5.099999904632568,5.050000190734863,5.099999904632568,5.099999904632568,131400,yahoo_chart_api,BTCC.TO,5.079999923706055,5.099999904632568,5.050000190734863,5.099999904632568
2023-09-22,5.079999923706055,5.114999771118164,5.079999923706055,5.090000152587891,5.090000152587891,24500,yahoo_chart_api,BTCC.TO,5.079999923706055,5.114999771118164,5.079999923706055,5.090000152587891
2023-09-25,5.019999980926514,5.059999942779541,5.0,5.050000190734863,5.050000190734863,42500,yahoo_chart_api,BTCC.TO,5.019999980926514,5.059999942779541,5.0,5.050000190734863
2023-09-26,5.03000020980835,5.03000020980835,5.0,5.03000020980835,5.03000020980835,34800,yahoo_chart_api,BTCC.TO,5.03000020980835,5.03000020980835,5.0,5.03000020980835
2023-09-27,5.110000133514404,5.130000114440918,5.0,5.03000020980835,5.03000020980835,163200,yahoo_chart_api,BTCC.TO,5.110000133514404,5.130000114440918,5.0,5.03000020980835
2023-09-28,5.070000171661377,5.21999979019165,5.070000171661377,5.210000038146973,5.210000038146973,89400,yahoo_chart_api,BTCC.TO,5.070000171661377,5.21999979019165,5.070000171661377,5.210000038146973
2023-09-29,5.190000057220459,5.190000057220459,5.130000114440918,5.170000076293945,5.170000076293945,46200,yahoo_chart_api,BTCC.TO,5.190000057220459,5.190000057220459,5.130000114440918,5.170000076293945
2023-10-02,5.420000076293945,5.480000019073486,5.320000171661377,5.380000114440918,5.380000114440918,438300,yahoo_chart_api,BTCC.TO,5.420000076293945,5.480000019073486,5.320000171661377,5.380000114440918
2023-10-03,5.289999961853027,5.289999961853027,5.21999979019165,5.21999979019165,5.21999979019165,41800,yahoo_chart_api,BTCC.TO,5.289999961853027,5.289999961853027,5.21999979019165,5.21999979019165
2023-10-04,5.260000228881836,5.349999904632568,5.25,5.320000171661377,5.320000171661377,98200,yahoo_chart_api,BTCC.TO,5.260000228881836,5.349999904632568,5.25,5.320000171661377
2023-10-05,5.369999885559082,5.400000095367432,5.25,5.260000228881836,5.260000228881836,69800,yahoo_chart_api,BTCC.TO,5.369999885559082,5.400000095367432,5.25,5.260000228881836
2023-10-06,5.239999771118164,5.380000114440918,5.139999866485596,5.360000133514404,5.360000133514404,210300,yahoo_chart_api,BTCC.TO,5.239999771118164,5.380000114440918,5.139999866485596,5.360000133514404
2023-10-10,5.269999980926514,5.289999961853027,5.199999809265137,5.260000228881836,5.260000228881836,75300,yahoo_chart_api,BTCC.TO,5.269999980926514,5.289999961853027,5.199999809265137,5.260000228881836
2023-10-11,5.210000038146973,5.210000038146973,5.079999923706055,5.119999885559082,5.119999885559082,162900,yahoo_chart_api,BTCC.TO,5.210000038146973,5.210000038146973,5.079999923706055,5.119999885559082
2023-10-12,5.130000114440918,5.130000114440918,5.079999923706055,5.119999885559082,5.119999885559082,29400,yahoo_chart_api,BTCC.TO,5.130000114440918,5.130000114440918,5.079999923706055,5.119999885559082
2023-10-13,5.139999866485596,5.159999847412109,5.110000133514404,5.139999866485596,5.139999866485596,76200,yahoo_chart_api,BTCC.TO,5.139999866485596,5.159999847412109,5.110000133514404,5.139999866485596
2023-10-16,5.489999771118164,5.889999866485596,5.320000171661377,5.460000038146973,5.460000038146973,423500,yahoo_chart_api,BTCC.TO,5.489999771118164,5.889999866485596,5.320000171661377,5.460000038146973
2023-10-17,5.429999828338623,5.480000019073486,5.400000095367432,5.460000038146973,5.460000038146973,98500,yahoo_chart_api,BTCC.TO,5.429999828338623,5.480000019073486,5.400000095367432,5.460000038146973
2023-10-18,5.429999828338623,5.445000171661377,5.400000095367432,5.409999847412109,5.409999847412109,53300,yahoo_chart_api,BTCC.TO,5.429999828338623,5.445000171661377,5.400000095367432,5.409999847412109
2023-10-19,5.460000038146973,5.53000020980835,5.449999809265137,5.519999980926514,5.519999980926514,86400,yahoo_chart_api,BTCC.TO,5.460000038146973,5.53000020980835,5.449999809265137,5.519999980926514
2023-10-20,5.670000076293945,5.710000038146973,5.635000228881836,5.670000076293945,5.670000076293945,149400,yahoo_chart_api,BTCC.TO,5.670000076293945,5.710000038146973,5.635000228881836,5.670000076293945
2023-10-23,5.849999904632568,6.03000020980835,5.820000171661377,6.019999980926514,6.019999980926514,390800,yahoo_chart_api,BTCC.TO,5.849999904632568,6.03000020980835,5.820000171661377,6.019999980926514
2023-10-24,6.579999923706055,6.619999885559082,6.369999885559082,6.480000019073486,6.480000019073486,562100,yahoo_chart_api,BTCC.TO,6.579999923706055,6.619999885559082,6.369999885559082,6.480000019073486
2023-10-25,6.590000152587891,6.71999979019165,6.570000171661377,6.670000076293945,6.670000076293945,280100,yahoo_chart_api,BTCC.TO,6.590000152587891,6.71999979019165,6.570000171661377,6.670000076293945
2023-10-26,6.579999923706055,6.590000152587891,6.460000038146973,6.519999980926514,6.519999980926514,251400,yahoo_chart_api,BTCC.TO,6.579999923706055,6.590000152587891,6.460000038146973,6.519999980926514
2023-10-27,6.539999961853027,6.559999942779541,6.389999866485596,6.460000038146973,6.460000038146973,158400,yahoo_chart_api,BTCC.TO,6.539999961853027,6.559999942779541,6.389999866485596,6.460000038146973
2023-10-30,6.619999885559082,6.710000038146973,6.53000020980835,6.619999885559082,6.619999885559082,270100,yahoo_chart_api,BTCC.TO,6.619999885559082,6.710000038146973,6.53000020980835,6.619999885559082
2023-10-31,6.559999942779541,6.630000114440918,6.539999961853027,6.619999885559082,6.619999885559082,140300,yahoo_chart_api,BTCC.TO,6.559999942779541,6.630000114440918,6.539999961853027,6.619999885559082
2023-11-01,6.670000076293945,6.670000076293945,6.539999961853027,6.650000095367432,6.650000095367432,183300,yahoo_chart_api,BTCC.TO,6.670000076293945,6.670000076293945,6.539999961853027,6.650000095367432
2023-11-02,6.760000228881836,6.760000228881836,6.590000152587891,6.710000038146973,6.710000038146973,464000,yahoo_chart_api,BTCC.TO,6.760000228881836,6.760000228881836,6.590000152587891,6.710000038146973
2023-11-03,6.599999904632568,6.690000057220459,6.579999923706055,6.639999866485596,6.639999866485596,249500,yahoo_chart_api,BTCC.TO,6.599999904632568,6.690000057220459,6.579999923706055,6.639999866485596
2023-11-06,6.699999809265137,6.739999771118164,6.670000076293945,6.71999979019165,6.71999979019165,317200,yahoo_chart_api,BTCC.TO,6.699999809265137,6.739999771118164,6.670000076293945,6.71999979019165
2023-11-07,6.670000076293945,6.889999866485596,6.619999885559082,6.849999904632568,6.849999904632568,187000,yahoo_chart_api,BTCC.TO,6.670000076293945,6.889999866485596,6.619999885559082,6.849999904632568
2023-11-08,6.800000190734863,6.849999904632568,6.730000019073486,6.820000171661377,6.820000171661377,116800,yahoo_chart_api,BTCC.TO,6.800000190734863,6.849999904632568,6.730000019073486,6.820000171661377
2023-11-09,7.170000076293945,7.289999961853027,6.829999923706055,6.989999771118164,6.989999771118164,675000,yahoo_chart_api,BTCC.TO,7.170000076293945,7.289999961853027,6.829999923706055,6.989999771118164
2023-11-10,7.079999923706055,7.179999828338623,7.059999942779541,7.150000095367432,7.150000095367432,323000,yahoo_chart_api,BTCC.TO,7.079999923706055,7.179999828338623,7.059999942779541,7.150000095367432
2023-11-13,7.059999942779541,7.099999904632568,7.010000228881836,7.050000190734863,7.050000190734863,147000,yahoo_chart_api,BTCC.TO,7.059999942779541,7.099999904632568,7.010000228881836,7.050000190734863
2023-11-14,7.039999961853027,7.039999961853027,6.639999866485596,6.730000019073486,6.730000019073486,563300,yahoo_chart_api,BTCC.TO,7.039999961853027,7.039999961853027,6.639999866485596,6.730000019073486
2023-11-15,6.929999828338623,7.239999771118164,6.889999866485596,7.199999809265137,7.199999809265137,298200,yahoo_chart_api,BTCC.TO,6.929999828338623,7.239999771118164,6.889999866485596,7.199999809265137
2023-11-16,7.010000228881836,7.050000190734863,6.809999942779541,6.900000095367432,6.900000095367432,347300,yahoo_chart_api,BTCC.TO,7.010000228881836,7.050000190734863,6.809999942779541,6.900000095367432
2023-11-17,6.96999979019165,7.03000020980835,6.869999885559082,6.989999771118164,6.989999771118164,163600,yahoo_chart_api,BTCC.TO,6.96999979019165,7.03000020980835,6.869999885559082,6.989999771118164
2023-11-20,7.110000133514404,7.21999979019165,7.039999961853027,7.199999809265137,7.199999809265137,411400,yahoo_chart_api,BTCC.TO,7.110000133514404,7.21999979019165,7.039999961853027,7.199999809265137
2023-11-21,7.070000171661377,7.179999828338623,6.940000057220459,7.070000171661377,7.070000171661377,419400,yahoo_chart_api,BTCC.TO,7.070000171661377,7.179999828338623,6.940000057220459,7.070000171661377
2023-11-22,7.0,7.195000171661377,6.929999828338623,7.190000057220459,7.190000057220459,409500,yahoo_chart_api,BTCC.TO,7.0,7.195000171661377,6.929999828338623,7.190000057220459
2023-11-23,7.130000114440918,7.179999828338623,7.070000171661377,7.130000114440918,7.130000114440918,138500,yahoo_chart_api,BTCC.TO,7.130000114440918,7.179999828338623,7.070000171661377,7.130000114440918
2023-11-24,7.289999961853027,7.360000133514404,7.199999809265137,7.340000152587891,7.340000152587891,411600,yahoo_chart_api,BTCC.TO,7.289999961853027,7.360000133514404,7.199999809265137,7.340000152587891
2023-11-27,7.059999942779541,7.110000133514404,7.019999980926514,7.039999961853027,7.039999961853027,397800,yahoo_chart_api,BTCC.TO,7.059999942779541,7.110000133514404,7.019999980926514,7.039999961853027
2023-11-28,7.170000076293945,7.380000114440918,7.139999866485596,7.360000133514404,7.360000133514404,814100,yahoo_chart_api,BTCC.TO,7.170000076293945,7.380000114440918,7.139999866485596,7.360000133514404
2023-11-29,7.309999942779541,7.309999942779541,7.190000057220459,7.199999809265137,7.199999809265137,165300,yahoo_chart_api,BTCC.TO,7.309999942779541,7.309999942779541,7.190000057220459,7.199999809265137
2023-11-30,7.199999809265137,7.21999979019165,7.170000076293945,7.210000038146973,7.210000038146973,79100,yahoo_chart_api,BTCC.TO,7.199999809265137,7.21999979019165,7.170000076293945,7.210000038146973
2023-12-01,7.329999923706055,7.449999809265137,7.300000190734863,7.389999866485596,7.389999866485596,263300,yahoo_chart_api,BTCC.TO,7.329999923706055,7.449999809265137,7.300000190734863,7.389999866485596
2023-12-04,7.929999828338623,8.029999732971191,7.860000133514404,7.96999979019165,7.96999979019165,600100,yahoo_chart_api,BTCC.TO,7.929999828338623,8.029999732971191,7.860000133514404,7.96999979019165
2023-12-05,8.020000457763672,8.40999984741211,8.020000457763672,8.369999885559082,8.369999885559082,596800,yahoo_chart_api,BTCC.TO,8.020000457763672,8.40999984741211,8.020000457763672,8.369999885559082
2023-12-06,8.449999809265137,8.449999809265137,8.34000015258789,8.369999885559082,8.369999885559082,462100,yahoo_chart_api,BTCC.TO,8.449999809265137,8.449999809265137,8.34000015258789,8.369999885559082
2023-12-07,8.279999732971191,8.380000114440918,8.210000038146973,8.239999771118164,8.239999771118164,300600,yahoo_chart_api,BTCC.TO,8.279999732971191,8.380000114440918,8.210000038146973,8.239999771118164
2023-12-08,8.34000015258789,8.489999771118164,8.319999694824219,8.479999542236328,8.479999542236328,216600,yahoo_chart_api,BTCC.TO,8.34000015258789,8.489999771118164,8.319999694824219,8.479999542236328
2023-12-11,8.0,8.029999732971191,7.659999847412109,7.789999961853027,7.789999961853027,751300,yahoo_chart_api,BTCC.TO,8.0,8.029999732971191,7.659999847412109,7.789999961853027
2023-12-12,7.940000057220459,7.989999771118164,7.75,7.860000133514404,7.860000133514404,308400,yahoo_chart_api,BTCC.TO,7.940000057220459,7.989999771118164,7.75,7.860000133514404
2023-12-13,7.900000095367432,8.199999809265137,7.880000114440918,8.199999809265137,8.199999809265137,298800,yahoo_chart_api,BTCC.TO,7.900000095367432,8.199999809265137,7.880000114440918,8.199999809265137
2023-12-14,8.149999618530273,8.260000228881836,8.0600004196167,8.1899995803833,8.1899995803833,156800,yahoo_chart_api,BTCC.TO,8.149999618530273,8.260000228881836,8.0600004196167,8.1899995803833
2023-12-15,8.029999732971191,8.069999694824219,7.96999979019165,8.069999694824219,8.069999694824219,244000,yahoo_chart_api,BTCC.TO,8.029999732971191,8.069999694824219,7.96999979019165,8.069999694824219
2023-12-18,7.929999828338623,8.005000114440918,7.849999904632568,7.985000133514404,7.985000133514404,227800,yahoo_chart_api,BTCC.TO,7.929999828338623,8.005000114440918,7.849999904632568,7.985000133514404
2023-12-19,8.15999984741211,8.15999984741211,7.96999979019165,8.050000190734863,8.050000190734863,244600,yahoo_chart_api,BTCC.TO,8.15999984741211,8.15999984741211,7.96999979019165,8.050000190734863
2023-12-20,8.380000114440918,8.449999809265137,8.260000228881836,8.300000190734863,8.300000190734863,306100,yahoo_chart_api,BTCC.TO,8.380000114440918,8.449999809265137,8.260000228881836,8.300000190734863
2023-12-21,8.369999885559082,8.380000114440918,8.279999732971191,8.354999542236328,8.354999542236328,273300,yahoo_chart_api,BTCC.TO,8.369999885559082,8.380000114440918,8.279999732971191,8.354999542236328
2023-12-22,8.300000190734863,8.390000343322754,8.289999961853027,8.329999923706055,8.329999923706055,302700,yahoo_chart_api,BTCC.TO,8.300000190734863,8.390000343322754,8.289999961853027,8.329999923706055
2023-12-27,8.210000038146973,8.319999694824219,8.15999984741211,8.300000190734863,8.300000190734863,343900,yahoo_chart_api,BTCC.TO,8.210000038146973,8.319999694824219,8.15999984741211,8.300000190734863
2023-12-28,8.170000076293945,8.170000076293945,8.0600004196167,8.140000343322754,8.140000343322754,310800,yahoo_chart_api,BTCC.TO,8.170000076293945,8.170000076293945,8.0600004196167,8.140000343322754
2023-12-29,8.220000267028809,8.229999542236328,7.929999828338623,8.0,8.0,474900,yahoo_chart_api,BTCC.TO,8.220000267028809,8.229999542236328,7.929999828338623,8.0
2024-01-02,8.699999809265137,8.699999809265137,8.539999961853027,8.569999694824219,8.569999694824219,467600,yahoo_chart_api,BTCC.TO,8.699999809265137,8.699999809265137,8.539999961853027,8.569999694824219
2024-01-03,8.050000190734863,8.300000190734863,8.029999732971191,8.149999618530273,8.149999618530273,662700,yahoo_chart_api,BTCC.TO,8.050000190734863,8.300000190734863,8.029999732971191,8.149999618530273
2024-01-04,8.270000457763672,8.529999732971191,8.25,8.430000305175781,8.430000305175781,381500,yahoo_chart_api,BTCC.TO,8.270000457763672,8.529999732971191,8.25,8.430000305175781
2024-01-05,8.359999656677246,8.460000038146973,8.220000267028809,8.390000343322754,8.390000343322754,422100,yahoo_chart_api,BTCC.TO,8.359999656677246,8.460000038146973,8.220000267028809,8.390000343322754
2024-01-08,8.579999923706055,9.005000114440918,8.5,8.920000076293945,8.920000076293945,1282400,yahoo_chart_api,BTCC.TO,8.579999923706055,9.005000114440918,8.5,8.920000076293945
2024-01-09,8.920000076293945,8.970000267028809,8.850000381469727,8.895000457763672,8.895000457763672,931400,yahoo_chart_api,BTCC.TO,8.920000076293945,8.970000267028809,8.850000381469727,8.895000457763672
2024-01-10,8.640000343322754,8.90999984741211,8.539999961853027,8.829999923706055,8.829999923706055,2476000,yahoo_chart_api,BTCC.TO,8.640000343322754,8.90999984741211,8.539999961853027,8.829999923706055
2024-01-11,9.149999618530273,9.380000114440918,8.680000305175781,8.760000228881836,8.760000228881836,1985100,yahoo_chart_api,BTCC.TO,9.149999618530273,9.380000114440918,8.680000305175781,8.760000228881836
2024-01-12,8.710000038146973,8.729999542236328,8.210000038146973,8.3100004196167,8.3100004196167,684300,yahoo_chart_api,BTCC.TO,8.710000038146973,8.729999542236328,8.210000038146973,8.3100004196167
2024-01-15,8.079999923706055,8.25,8.010000228881836,8.149999618530273,8.149999618530273,379200,yahoo_chart_api,BTCC.TO,8.079999923706055,8.25,8.010000228881836,8.149999618530273
2024-01-16,8.130000114440918,8.239999771118164,7.96999979019165,8.199999809265137,8.199999809265137,252800,yahoo_chart_api,BTCC.TO,8.130000114440918,8.239999771118164,7.96999979019165,8.199999809265137
2024-01-17,8.0600004196167,8.149999618530273,8.0,8.09000015258789,8.09000015258789,245900,yahoo_chart_api,BTCC.TO,8.0600004196167,8.149999618530273,8.0,8.09000015258789
2024-01-18,8.069999694824219,8.140000343322754,7.690000057220459,7.739999771118164,7.739999771118164,637600,yahoo_chart_api,BTCC.TO,8.069999694824219,8.140000343322754,7.690000057220459,7.739999771118164
2024-01-19,7.78000020980835,7.980000019073486,7.639999866485596,7.864999771118164,7.864999771118164,392200,yahoo_chart_api,BTCC.TO,7.78000020980835,7.980000019073486,7.639999866485596,7.864999771118164
2024-01-22,7.679999828338623,7.75,7.5,7.625,7.625,457700,yahoo_chart_api,BTCC.TO,7.679999828338623,7.75,7.5,7.625
2024-01-23,7.349999904632568,7.510000228881836,7.309999942779541,7.440000057220459,7.440000057220459,247900,yahoo_chart_api,BTCC.TO,7.349999904632568,7.510000228881836,7.309999942779541,7.440000057220459
2024-01-24,7.579999923706055,7.630000114440918,7.510000228881836,7.534999847412109,7.534999847412109,238100,yahoo_chart_api,BTCC.TO,7.579999923706055,7.630000114440918,7.510000228881836,7.534999847412109
2024-01-25,7.579999923706055,7.619999885559082,7.5,7.539999961853027,7.539999961853027,178100,yahoo_chart_api,BTCC.TO,7.579999923706055,7.619999885559082,7.5,7.539999961853027
2024-01-26,7.829999923706055,8.020000457763672,7.800000190734863,7.980000019073486,7.980000019073486,331100,yahoo_chart_api,BTCC.TO,7.829999923706055,8.020000457763672,7.800000190734863,7.980000019073486
2024-01-29,7.96999979019165,8.229999542236328,7.929999828338623,8.1899995803833,8.1899995803833,310600,yahoo_chart_api,BTCC.TO,7.96999979019165,8.229999542236328,7.929999828338623,8.1899995803833
2024-01-30,8.260000228881836,8.300000190734863,8.210000038146973,8.270000457763672,8.270000457763672,221000,yahoo_chart_api,BTCC.TO,8.260000228881836,8.300000190734863,8.210000038146973,8.270000457763672
2024-01-31,8.119999885559082,8.300000190734863,8.079999923706055,8.09000015258789,8.09000015258789,162500,yahoo_chart_api,BTCC.TO,8.119999885559082,8.300000190734863,8.079999923706055,8.09000015258789
2024-02-01,8.0600004196167,8.199999809265137,8.039999961853027,8.140000343322754,8.140000343322754,78500,yahoo_chart_api,BTCC.TO,8.0600004196167,8.199999809265137,8.039999961853027,8.140000343322754
2024-02-02,8.119999885559082,8.25,8.109999656677246,8.140000343322754,8.140000343322754,199500,yahoo_chart_api,BTCC.TO,8.119999885559082,8.25,8.109999656677246,8.140000343322754
2024-02-05,8.210000038146973,8.229999542236328,8.039999961853027,8.050000190734863,8.050000190734863,99900,yahoo_chart_api,BTCC.TO,8.210000038146973,8.229999542236328,8.039999961853027,8.050000190734863
2024-02-06,8.119999885559082,8.229999542236328,8.119999885559082,8.170000076293945,8.170000076293945,192700,yahoo_chart_api,BTCC.TO,8.119999885559082,8.229999542236328,8.119999885559082,8.170000076293945
2024-02-07,8.1899995803833,8.399999618530273,8.140000343322754,8.369999885559082,8.369999885559082,303500,yahoo_chart_api,BTCC.TO,8.1899995803833,8.399999618530273,8.140000343322754,8.369999885559082
2024-02-08,8.539999961853027,8.6899995803833,8.510000228881836,8.6899995803833,8.6899995803833,486600,yahoo_chart_api,BTCC.TO,8.539999961853027,8.6899995803833,8.510000228881836,8.6899995803833
2024-02-09,8.890000343322754,9.140000343322754,8.880000114440918,9.029999732971191,9.029999732971191,464300,yahoo_chart_api,BTCC.TO,8.890000343322754,9.140000343322754,8.880000114440918,9.029999732971191
2024-02-12,9.130000114440918,9.550000190734863,9.130000114440918,9.529999732971191,9.529999732971191,1001700,yahoo_chart_api,BTCC.TO,9.130000114440918,9.550000190734863,9.130000114440918,9.529999732971191
2024-02-13,9.3100004196167,9.359999656677246,9.149999618530273,9.359999656677246,9.359999656677246,445700,yahoo_chart_api,BTCC.TO,9.3100004196167,9.359999656677246,9.149999618530273,9.359999656677246
2024-02-14,9.8100004196167,9.880000114440918,9.729999542236328,9.829999923706055,9.829999923706055,590800,yahoo_chart_api,BTCC.TO,9.8100004196167,9.880000114440918,9.729999542236328,9.829999923706055
2024-02-15,9.979999542236328,10.039999961853027,9.800000190734863,9.829999923706055,9.829999923706055,619200,yahoo_chart_api,BTCC.TO,9.979999542236328,10.039999961853027,9.800000190734863,9.829999923706055
2024-02-16,9.890000343322754,9.9399995803833,9.789999961853027,9.84000015258789,9.84000015258789,837300,yahoo_chart_api,BTCC.TO,9.890000343322754,9.9399995803833,9.789999961853027,9.84000015258789
2024-02-20,9.9399995803833,9.9399995803833,9.649999618530273,9.850000381469727,9.850000381469727,523400,yahoo_chart_api,BTCC.TO,9.9399995803833,9.9399995803833,9.649999618530273,9.850000381469727
2024-02-21,9.670000076293945,9.729999542236328,9.609999656677246,9.65999984741211,9.65999984741211,431300,yahoo_chart_api,BTCC.TO,9.670000076293945,9.729999542236328,9.609999656677246,9.65999984741211
2024-02-22,9.699999809265137,9.850000381469727,9.670000076293945,9.850000381469727,9.850000381469727,270000,yahoo_chart_api,BTCC.TO,9.699999809265137,9.850000381469727,9.670000076293945,9.850000381469727
2024-02-23,9.720000267028809,9.720000267028809,9.59000015258789,9.6899995803833,9.6899995803833,248500,yahoo_chart_api,BTCC.TO,9.720000267028809,9.720000267028809,9.59000015258789,9.6899995803833
2024-02-26,9.75,10.40999984741211,9.739999771118164,10.34000015258789,10.34000015258789,711800,yahoo_chart_api,BTCC.TO,9.75,10.40999984741211,9.739999771118164,10.34000015258789
2024-02-27,10.779999732971191,10.920000076293945,10.6899995803833,10.75,10.75,557600,yahoo_chart_api,BTCC.TO,10.779999732971191,10.920000076293945,10.6899995803833,10.75
2024-02-28,11.399999618530273,12.1899995803833,11.15999984741211,11.430000305175781,11.430000305175781,3206300,yahoo_chart_api,BTCC.TO,11.399999618530273,12.1899995803833,11.15999984741211,11.430000305175781
2024-02-29,12.0,12.079999923706055,11.449999809265137,11.770000457763672,11.770000457763672,973800,yahoo_chart_api,BTCC.TO,12.0,12.079999923706055,11.449999809265137,11.770000457763672
2024-03-01,11.850000381469727,11.989999771118164,11.600000381469727,11.960000038146973,11.960000038146973,657000,yahoo_chart_api,BTCC.TO,11.850000381469727,11.989999771118164,11.600000381469727,11.960000038146973
2024-03-04,12.399999618530273,12.920000076293945,12.399999618530273,12.850000381469727,12.850000381469727,1050400,yahoo_chart_api,BTCC.TO,12.399999618530273,12.920000076293945,12.399999618530273,12.850000381469727
2024-03-05,12.829999923706055,13.15999984741211,11.239999771118164,11.729999542236328,11.729999542236328,2440800,yahoo_chart_api,BTCC.TO,12.829999923706055,13.15999984741211,11.239999771118164,11.729999542236328
2024-03-06,12.6899995803833,12.800000190734863,12.369999885559082,12.699999809265137,12.699999809265137,965900,yahoo_chart_api,BTCC.TO,12.6899995803833,12.800000190734863,12.369999885559082,12.699999809265137
2024-03-07,12.739999771118164,12.899999618530273,12.630000114440918,12.829999923706055,12.829999923706055,411200,yahoo_chart_api,BTCC.TO,12.739999771118164,12.899999618530273,12.630000114440918,12.829999923706055
2024-03-08,12.920000076293945,13.3100004196167,12.550000190734863,13.15999984741211,13.15999984741211,1197700,yahoo_chart_api,BTCC.TO,12.920000076293945,13.3100004196167,12.550000190734863,13.15999984741211
2024-03-11,13.680000305175781,13.800000190734863,13.5,13.649999618530273,13.649999618530273,796700,yahoo_chart_api,BTCC.TO,13.680000305175781,13.800000190734863,13.5,13.649999618530273
2024-03-12,13.729999542236328,13.859999656677246,13.029999732971191,13.569999694824219,13.569999694824219,941500,yahoo_chart_api,BTCC.TO,13.729999542236328,13.859999656677246,13.029999732971191,13.569999694824219
2024-03-13,13.819999694824219,13.920000076293945,13.600000381469727,13.920000076293945,13.920000076293945,398000,yahoo_chart_api,BTCC.TO,13.819999694824219,13.920000076293945,13.600000381469727,13.920000076293945
2024-03-14,13.770000457763672,13.770000457763672,12.979999542236328,13.130000114440918,13.130000114440918,851400,yahoo_chart_api,BTCC.TO,13.770000457763672,13.770000457763672,12.979999542236328,13.130000114440918
2024-03-15,12.770000457763672,13.380000114440918,12.739999771118164,13.050000190734863,13.050000190734863,586700,yahoo_chart_api,BTCC.TO,12.770000457763672,13.380000114440918,12.739999771118164,13.050000190734863
2024-03-18,12.880000114440918,12.970000267028809,12.59000015258789,12.670000076293945,12.670000076293945,559000,yahoo_chart_api,BTCC.TO,12.880000114440918,12.970000267028809,12.59000015258789,12.670000076293945
2024-03-19,12.010000228881836,12.430000305175781,11.770000457763672,12.170000076293945,12.170000076293945,1063400,yahoo_chart_api,BTCC.TO,12.010000228881836,12.430000305175781,11.770000457763672,12.170000076293945
2024-03-20,12.0,12.510000228881836,11.739999771118164,12.460000038146973,12.460000038146973,618900,yahoo_chart_api,BTCC.TO,12.0,12.510000228881836,11.739999771118164,12.460000038146973
2024-03-21,12.829999923706055,12.829999923706055,12.270000457763672,12.34000015258789,12.34000015258789,504200,yahoo_chart_api,BTCC.TO,12.829999923706055,12.829999923706055,12.270000457763672,12.34000015258789
2024-03-22,12.15999984741211,12.15999984741211,11.850000381469727,12.069999694824219,12.069999694824219,655800,yahoo_chart_api,BTCC.TO,12.15999984741211,12.15999984741211,11.850000381469727,12.069999694824219
2024-03-25,12.630000114440918,13.460000038146973,12.630000114440918,13.430000305175781,13.430000305175781,810400,yahoo_chart_api,BTCC.TO,12.630000114440918,13.460000038146973,12.630000114440918,13.430000305175781
2024-03-26,13.40999984741211,13.420000076293945,13.109999656677246,13.140000343322754,13.140000343322754,378100,yahoo_chart_api,BTCC.TO,13.40999984741211,13.420000076293945,13.109999656677246,13.140000343322754
2024-03-27,13.550000190734863,13.569999694824219,12.930000305175781,12.989999771118164,12.989999771118164,601600,yahoo_chart_api,BTCC.TO,13.550000190734863,13.569999694824219,12.930000305175781,12.989999771118164
2024-03-28,13.420000076293945,13.550000190734863,13.319999694824219,13.420000076293945,13.420000076293945,429400,yahoo_chart_api,BTCC.TO,13.420000076293945,13.550000190734863,13.319999694824219,13.420000076293945
2024-04-01,13.3100004196167,13.3100004196167,12.880000114440918,13.1899995803833,13.1899995803833,463400,yahoo_chart_api,BTCC.TO,13.3100004196167,13.3100004196167,12.880000114440918,13.1899995803833
2024-04-02,12.270000457763672,12.529999732971191,12.199999809265137,12.5,12.5,611200,yahoo_chart_api,BTCC.TO,12.270000457763672,12.529999732971191,12.199999809265137,12.5
2024-04-03,12.460000038146973,12.640000343322754,12.399999618530273,12.470000267028809,12.470000267028809,292000,yahoo_chart_api,BTCC.TO,12.460000038146973,12.640000343322754,12.399999618530273,12.470000267028809
2024-04-04,12.710000038146973,13.09000015258789,12.6899995803833,12.9399995803833,12.9399995803833,457000,yahoo_chart_api,BTCC.TO,12.710000038146973,13.09000015258789,12.6899995803833,12.9399995803833
2024-04-05,12.619999885559082,12.960000038146973,12.619999885559082,12.720000267028809,12.720000267028809,508700,yahoo_chart_api,BTCC.TO,12.619999885559082,12.960000038146973,12.619999885559082,12.720000267028809
2024-04-08,13.5600004196167,13.630000114440918,13.4399995803833,13.529999732971191,13.529999732971191,882500,yahoo_chart_api,BTCC.TO,13.5600004196167,13.630000114440918,13.4399995803833,13.529999732971191
2024-04-09,13.319999694824219,13.40999984741211,12.899999618530273,13.029999732971191,13.029999732971191,387800,yahoo_chart_api,BTCC.TO,13.319999694824219,13.40999984741211,12.899999618530273,13.029999732971191
2024-04-10,12.800000190734863,13.239999771118164,12.75,13.239999771118164,13.239999771118164,371900,yahoo_chart_api,BTCC.TO,12.800000190734863,13.239999771118164,12.75,13.239999771118164
2024-04-11,13.369999885559082,13.380000114440918,13.149999618530273,13.3100004196167,13.3100004196167,297300,yahoo_chart_api,BTCC.TO,13.369999885559082,13.380000114440918,13.149999618530273,13.3100004196167
2024-04-12,13.270000457763672,13.270000457763672,12.289999961853027,12.649999618530273,12.649999618530273,982100,yahoo_chart_api,BTCC.TO,13.270000457763672,13.270000457763672,12.289999961853027,12.649999618530273
2024-04-15,12.529999732971191,12.539999961853027,11.760000228881836,11.9399995803833,11.9399995803833,649400,yahoo_chart_api,BTCC.TO,12.529999732971191,12.539999961853027,11.760000228881836,11.9399995803833
2024-04-16,11.899999618530273,11.949999809265137,11.630000114440918,11.84000015258789,11.84000015258789,335100,yahoo_chart_api,BTCC.TO,11.899999618530273,11.949999809265137,11.630000114440918,11.84000015258789
2024-04-17,11.789999961853027,11.880000114440918,11.239999771118164,11.5,11.5,612500,yahoo_chart_api,BTCC.TO,11.789999961853027,11.880000114440918,11.239999771118164,11.5
2024-04-18,11.789999961853027,12.100000381469727,11.670000076293945,11.979999542236328,11.979999542236328,824500,yahoo_chart_api,BTCC.TO,11.789999961853027,12.100000381469727,11.670000076293945,11.979999542236328
2024-04-19,12.199999809265137,12.289999961853027,11.989999771118164,12.119999885559082,12.119999885559082,428300,yahoo_chart_api,BTCC.TO,12.199999809265137,12.289999961853027,11.989999771118164,12.119999885559082
2024-04-22,12.489999771118164,12.609999656677246,12.399999618530273,12.5600004196167,12.5600004196167,469100,yahoo_chart_api,BTCC.TO,12.489999771118164,12.609999656677246,12.399999618530273,12.5600004196167
2024-04-23,12.5,12.670000076293945,12.489999771118164,12.529999732971191,12.529999732971191,345300,yahoo_chart_api,BTCC.TO,12.5,12.670000076293945,12.489999771118164,12.529999732971191
2024-04-24,12.470000267028809,12.5,12.029999732971191,12.0600004196167,12.0600004196167,330400,yahoo_chart_api,BTCC.TO,12.470000267028809,12.5,12.029999732971191,12.0600004196167
2024-04-25,11.890000343322754,12.229999542236328,11.850000381469727,12.210000038146973,12.210000038146973,300400,yahoo_chart_api,BTCC.TO,11.890000343322754,12.229999542236328,11.850000381469727,12.210000038146973
2024-04-26,12.0600004196167,12.220000267028809,11.9399995803833,12.039999961853027,12.039999961853027,233100,yahoo_chart_api,BTCC.TO,12.0600004196167,12.220000267028809,11.9399995803833,12.039999961853027
2024-04-29,11.800000190734863,11.90999984741211,11.640000343322754,11.84000015258789,11.84000015258789,221000,yahoo_chart_api,BTCC.TO,11.800000190734863,11.90999984741211,11.640000343322754,11.84000015258789
2024-04-30,11.529999732971191,11.579999923706055,11.109999656677246,11.130000114440918,11.130000114440918,567800,yahoo_chart_api,BTCC.TO,11.529999732971191,11.579999923706055,11.109999656677246,11.130000114440918
2024-05-01,10.859999656677246,11.180000305175781,10.65999984741211,10.720000267028809,10.720000267028809,869900,yahoo_chart_api,BTCC.TO,10.859999656677246,11.180000305175781,10.65999984741211,10.720000267028809
2024-05-02,11.069999694824219,11.220000267028809,10.979999542236328,11.15999984741211,11.15999984741211,660200,yahoo_chart_api,BTCC.TO,11.069999694824219,11.220000267028809,10.979999542236328,11.15999984741211
2024-05-03,11.520000457763672,11.720000267028809,11.520000457763672,11.6899995803833,11.6899995803833,432200,yahoo_chart_api,BTCC.TO,11.520000457763672,11.720000267028809,11.520000457763672,11.6899995803833
2024-05-06,11.960000038146973,12.09000015258789,11.8100004196167,11.90999984741211,11.90999984741211,376300,yahoo_chart_api,BTCC.TO,11.960000038146973,12.09000015258789,11.8100004196167,11.90999984741211
2024-05-07,11.9399995803833,12.119999885559082,11.84000015258789,11.859999656677246,11.859999656677246,153400,yahoo_chart_api,BTCC.TO,11.9399995803833,12.119999885559082,11.84000015258789,11.859999656677246
2024-05-08,11.6899995803833,11.829999923706055,11.640000343322754,11.710000038146973,11.710000038146973,310400,yahoo_chart_api,BTCC.TO,11.6899995803833,11.829999923706055,11.640000343322754,11.710000038146973
2024-05-09,11.529999732971191,11.800000190734863,11.470000267028809,11.770000457763672,11.770000457763672,288000,yahoo_chart_api,BTCC.TO,11.529999732971191,11.800000190734863,11.470000267028809,11.770000457763672
2024-05-10,11.850000381469727,11.890000343322754,11.329999923706055,11.420000076293945,11.420000076293945,259700,yahoo_chart_api,BTCC.TO,11.850000381469727,11.890000343322754,11.329999923706055,11.420000076293945
2024-05-13,11.829999923706055,11.9399995803833,11.770000457763672,11.850000381469727,11.850000381469727,344400,yahoo_chart_api,BTCC.TO,11.829999923706055,11.9399995803833,11.770000457763672,11.850000381469727
2024-05-14,11.649999618530273,11.720000267028809,11.5,11.579999923706055,11.579999923706055,188200,yahoo_chart_api,BTCC.TO,11.649999618530273,11.720000267028809,11.5,11.579999923706055
2024-05-15,12.100000381469727,12.510000228881836,12.039999961853027,12.430000305175781,12.430000305175781,555500,yahoo_chart_api,BTCC.TO,12.100000381469727,12.510000228881836,12.039999961853027,12.430000305175781
2024-05-16,12.430000305175781,12.510000228881836,12.15999984741211,12.270000457763672,12.270000457763672,284300,yahoo_chart_api,BTCC.TO,12.430000305175781,12.510000228881836,12.15999984741211,12.270000457763672
2024-05-17,12.5,12.699999809265137,12.40999984741211,12.619999885559082,12.619999885559082,771500,yahoo_chart_api,BTCC.TO,12.5,12.699999809265137,12.40999984741211,12.619999885559082
2024-05-21,13.329999923706055,13.390000343322754,13.0,13.010000228881836,13.010000228881836,767000,yahoo_chart_api,BTCC.TO,13.329999923706055,13.390000343322754,13.0,13.010000228881836
2024-05-22,13.09000015258789,13.289999961853027,13.010000228881836,13.069999694824219,13.069999694824219,396800,yahoo_chart_api,BTCC.TO,13.09000015258789,13.289999961853027,13.010000228881836,13.069999694824219
2024-05-23,13.050000190734863,13.050000190734863,12.550000190734863,12.609999656677246,12.609999656677246,315700,yahoo_chart_api,BTCC.TO,13.050000190734863,13.050000190734863,12.550000190734863,12.609999656677246
2024-05-24,12.65999984741211,13.020000457763672,12.579999923706055,13.010000228881836,13.010000228881836,249400,yahoo_chart_api,BTCC.TO,12.65999984741211,13.020000457763672,12.579999923706055,13.010000228881836
2024-05-27,12.9399995803833,13.279999732971191,12.930000305175781,13.050000190734863,13.050000190734863,261100,yahoo_chart_api,BTCC.TO,12.9399995803833,13.279999732971191,12.930000305175781,13.050000190734863
2024-05-28,12.869999885559082,12.890000343322754,12.649999618530273,12.859999656677246,12.859999656677246,221900,yahoo_chart_api,BTCC.TO,12.869999885559082,12.890000343322754,12.649999618530273,12.859999656677246
2024-05-29,12.75,12.779999732971191,12.619999885559082,12.619999885559082,12.619999885559082,200800,yahoo_chart_api,BTCC.TO,12.75,12.779999732971191,12.619999885559082,12.619999885559082
2024-05-30,12.800000190734863,13.069999694824219,12.789999961853027,12.899999618530273,12.899999618530273,191100,yahoo_chart_api,BTCC.TO,12.800000190734863,13.069999694824219,12.789999961853027,12.899999618530273
2024-05-31,12.890000343322754,12.920000076293945,12.510000228881836,12.710000038146973,12.710000038146973,358000,yahoo_chart_api,BTCC.TO,12.890000343322754,12.920000076293945,12.510000228881836,12.710000038146973
2024-06-03,13.109999656677246,13.220000267028809,12.880000114440918,12.989999771118164,12.989999771118164,328100,yahoo_chart_api,BTCC.TO,13.109999656677246,13.220000267028809,12.880000114440918,12.989999771118164
2024-06-04,13.029999732971191,13.359999656677246,13.020000457763672,13.239999771118164,13.239999771118164,905200,yahoo_chart_api,BTCC.TO,13.029999732971191,13.359999656677246,13.020000457763672,13.239999771118164
2024-06-05,13.350000381469727,13.5,13.229999542236328,13.40999984741211,13.40999984741211,454400,yahoo_chart_api,BTCC.TO,13.350000381469727,13.5,13.229999542236328,13.40999984741211
2024-06-06,13.350000381469727,13.449999809265137,13.239999771118164,13.239999771118164,13.239999771118164,369800,yahoo_chart_api,BTCC.TO,13.350000381469727,13.449999809265137,13.239999771118164,13.239999771118164
2024-06-07,13.420000076293945,13.460000038146973,12.829999923706055,13.010000228881836,13.010000228881836,861400,yahoo_chart_api,BTCC.TO,13.420000076293945,13.460000038146973,12.829999923706055,13.010000228881836
2024-06-10,13.0,13.180000305175781,13.0,13.050000190734863,13.050000190734863,181100,yahoo_chart_api,BTCC.TO,13.0,13.180000305175781,13.0,13.050000190734863
2024-06-11,12.630000114440918,12.680000305175781,12.399999618530273,12.649999618530273,12.649999618530273,524600,yahoo_chart_api,BTCC.TO,12.630000114440918,12.680000305175781,12.399999618530273,12.649999618530273
2024-06-12,12.989999771118164,13.140000343322754,12.630000114440918,12.680000305175781,12.680000305175781,630100,yahoo_chart_api,BTCC.TO,12.989999771118164,13.140000343322754,12.630000114440918,12.680000305175781
2024-06-13,12.779999732971191,12.819999694824219,12.4399995803833,12.5,12.5,306300,yahoo_chart_api,BTCC.TO,12.779999732971191,12.819999694824219,12.4399995803833,12.5
2024-06-14,12.619999885559082,12.640000343322754,12.220000267028809,12.279999732971191,12.279999732971191,526500,yahoo_chart_api,BTCC.TO,12.619999885559082,12.640000343322754,12.220000267028809,12.279999732971191
2024-06-17,12.3100004196167,12.619999885559082,12.199999809265137,12.510000228881836,12.510000228881836,189200,yahoo_chart_api,BTCC.TO,12.3100004196167,12.619999885559082,12.199999809265137,12.510000228881836
2024-06-18,12.1899995803833,12.270000457763672,12.020000457763672,12.079999923706055,12.079999923706055,228900,yahoo_chart_api,BTCC.TO,12.1899995803833,12.270000457763672,12.020000457763672,12.079999923706055
2024-06-19,12.199999809265137,12.229999542236328,12.149999618530273,12.170000076293945,12.170000076293945,102600,yahoo_chart_api,BTCC.TO,12.199999809265137,12.229999542236328,12.149999618530273,12.170000076293945
2024-06-20,12.239999771118164,12.279999732971191,12.109999656677246,12.1899995803833,12.1899995803833,636600,yahoo_chart_api,BTCC.TO,12.239999771118164,12.279999732971191,12.109999656677246,12.1899995803833
2024-06-21,11.949999809265137,12.069999694824219,11.880000114440918,12.029999732971191,12.029999732971191,245000,yahoo_chart_api,BTCC.TO,11.949999809265137,12.069999694824219,11.880000114440918,12.029999732971191
2024-06-24,11.5,11.579999923706055,11.079999923706055,11.09000015258789,11.09000015258789,650900,yahoo_chart_api,BTCC.TO,11.5,11.579999923706055,11.079999923706055,11.09000015258789
2024-06-25,11.479999542236328,11.699999809265137,11.4399995803833,11.630000114440918,11.630000114440918,339000,yahoo_chart_api,BTCC.TO,11.479999542236328,11.699999809265137,11.4399995803833,11.630000114440918
2024-06-26,11.5600004196167,11.630000114440918,11.369999885559082,11.425000190734863,11.425000190734863,167300,yahoo_chart_api,BTCC.TO,11.5600004196167,11.630000114440918,11.369999885559082,11.425000190734863
2024-06-27,11.550000190734863,11.699999809265137,11.5,11.510000228881836,11.510000228881836,99700,yahoo_chart_api,BTCC.TO,11.550000190734863,11.699999809265137,11.5,11.510000228881836
2024-06-28,11.5,11.569999694824219,11.25,11.255000114440918,11.255000114440918,234400,yahoo_chart_api,BTCC.TO,11.5,11.569999694824219,11.25,11.255000114440918
2024-07-02,11.75,11.800000190734863,11.579999923706055,11.604999542236328,11.604999542236328,210100,yahoo_chart_api,BTCC.TO,11.75,11.800000190734863,11.579999923706055,11.604999542236328
2024-07-03,11.300000190734863,11.380000114440918,11.1899995803833,11.199999809265137,11.199999809265137,198200,yahoo_chart_api,BTCC.TO,11.300000190734863,11.380000114440918,11.1899995803833,11.199999809265137
2024-07-04,10.699999809265137,11.0,10.649999618530273,10.949999809265137,10.949999809265137,326800,yahoo_chart_api,BTCC.TO,10.699999809265137,11.0,10.649999618530273,10.949999809265137
2024-07-05,10.430000305175781,10.6899995803833,10.390000343322754,10.600000381469727,10.600000381469727,633900,yahoo_chart_api,BTCC.TO,10.430000305175781,10.6899995803833,10.390000343322754,10.600000381469727
2024-07-08,10.710000038146973,10.760000228881836,10.329999923706055,10.600000381469727,10.600000381469727,458500,yahoo_chart_api,BTCC.TO,10.710000038146973,10.760000228881836,10.329999923706055,10.600000381469727
2024-07-09,10.739999771118164,10.920000076293945,10.680000305175781,10.850000381469727,10.850000381469727,176800,yahoo_chart_api,BTCC.TO,10.739999771118164,10.920000076293945,10.680000305175781,10.850000381469727
2024-07-10,10.890000343322754,10.890000343322754,10.770000457763672,10.770000457763672,10.770000457763672,210500,yahoo_chart_api,BTCC.TO,10.890000343322754,10.890000343322754,10.770000457763672,10.770000457763672
2024-07-11,11.039999961853027,11.050000190734863,10.720000267028809,10.75,10.75,297000,yahoo_chart_api,BTCC.TO,11.039999961853027,11.050000190734863,10.720000267028809,10.75
2024-07-12,10.770000457763672,10.979999542236328,10.770000457763672,10.779999732971191,10.779999732971191,378900,yahoo_chart_api,BTCC.TO,10.770000457763672,10.979999542236328,10.770000457763672,10.779999732971191
2024-07-15,11.760000228881836,11.979999542236328,11.710000038146973,11.899999618530273,11.899999618530273,460900,yahoo_chart_api,BTCC.TO,11.760000228881836,11.979999542236328,11.710000038146973,11.899999618530273
2024-07-16,11.960000038146973,12.229999542236328,11.84000015258789,12.229999542236328,12.229999542236328,352000,yahoo_chart_api,BTCC.TO,11.960000038146973,12.229999542236328,11.84000015258789,12.229999542236328
2024-07-17,12.149999618530273,12.260000228881836,11.970000267028809,12.109999656677246,12.109999656677246,338000,yahoo_chart_api,BTCC.TO,12.149999618530273,12.260000228881836,11.970000267028809,12.109999656677246
2024-07-18,12.149999618530273,12.180000305175781,11.850000381469727,11.890000343322754,11.890000343322754,103500,yahoo_chart_api,BTCC.TO,12.149999618530273,12.180000305175781,11.850000381469727,11.890000343322754
2024-07-19,12.029999732971191,12.654999732971191,12.010000228881836,12.600000381469727,12.600000381469727,514000,yahoo_chart_api,BTCC.TO,12.029999732971191,12.654999732971191,12.010000228881836,12.600000381469727
2024-07-22,12.6899995803833,12.8100004196167,12.489999771118164,12.800000190734863,12.800000190734863,189400,yahoo_chart_api,BTCC.TO,12.6899995803833,12.8100004196167,12.489999771118164,12.800000190734863
2024-07-23,12.489999771118164,12.630000114440918,12.270000457763672,12.274999618530273,12.274999618530273,211900,yahoo_chart_api,BTCC.TO,12.489999771118164,12.630000114440918,12.270000457763672,12.274999618530273
2024-07-24,12.510000228881836,12.579999923706055,12.279999732971191,12.319999694824219,12.319999694824219,181800,yahoo_chart_api,BTCC.TO,12.510000228881836,12.579999923706055,12.279999732971191,12.319999694824219
2024-07-25,12.0600004196167,12.210000038146973,11.890000343322754,12.109999656677246,12.109999656677246,213900,yahoo_chart_api,BTCC.TO,12.0600004196167,12.210000038146973,11.890000343322754,12.109999656677246
2024-07-26,12.619999885559082,12.779999732971191,12.539999961853027,12.739999771118164,12.739999771118164,172500,yahoo_chart_api,BTCC.TO,12.619999885559082,12.779999732971191,12.539999961853027,12.739999771118164
2024-07-29,13.0600004196167,13.069999694824219,12.449999809265137,12.609999656677246,12.609999656677246,385000,yahoo_chart_api,BTCC.TO,13.0600004196167,13.069999694824219,12.449999809265137,12.609999656677246
2024-07-30,12.510000228881836,12.550000190734863,12.270000457763672,12.350000381469727,12.350000381469727,218300,yahoo_chart_api,BTCC.TO,12.510000228881836,12.550000190734863,12.270000457763672,12.350000381469727
2024-07-31,12.470000267028809,12.539999961853027,12.180000305175781,12.229999542236328,12.229999542236328,217100,yahoo_chart_api,BTCC.TO,12.470000267028809,12.539999961853027,12.180000305175781,12.229999542236328
2024-08-01,12.109999656677246,12.149999618530273,11.65999984741211,11.850000381469727,11.850000381469727,319500,yahoo_chart_api,BTCC.TO,12.109999656677246,12.149999618530273,11.65999984741211,11.850000381469727
2024-08-02,12.119999885559082,12.260000228881836,11.670000076293945,11.710000038146973,11.710000038146973,689800,yahoo_chart_api,BTCC.TO,12.119999885559082,12.260000228881836,11.670000076293945,11.710000038146973
2024-08-06,10.350000381469727,10.6899995803833,10.180000305175781,10.640000343322754,10.640000343322754,1609300,yahoo_chart_api,BTCC.TO,10.350000381469727,10.6899995803833,10.180000305175781,10.640000343322754
2024-08-07,10.739999771118164,10.760000228881836,10.220000267028809,10.239999771118164,10.239999771118164,549000,yahoo_chart_api,BTCC.TO,10.739999771118164,10.760000228881836,10.220000267028809,10.239999771118164
2024-08-08,10.819999694824219,11.199999809265137,10.609999656677246,11.100000381469727,11.100000381469727,632100,yahoo_chart_api,BTCC.TO,10.819999694824219,11.199999809265137,10.609999656677246,11.100000381469727
2024-08-09,11.270000457763672,11.4399995803833,11.149999618530273,11.34000015258789,11.34000015258789,183000,yahoo_chart_api,BTCC.TO,11.270000457763672,11.4399995803833,11.149999618530273,11.34000015258789
2024-08-12,11.149999618530273,11.34000015258789,10.829999923706055,11.039999961853027,11.039999961853027,302900,yahoo_chart_api,BTCC.TO,11.149999618530273,11.34000015258789,10.829999923706055,11.039999961853027
2024-08-13,11.039999961853027,11.510000228881836,11.020000457763672,11.369999885559082,11.369999885559082,227100,yahoo_chart_api,BTCC.TO,11.039999961853027,11.510000228881836,11.020000457763672,11.369999885559082
2024-08-14,11.380000114440918,11.399999618530273,10.979999542236328,11.010000228881836,11.010000228881836,269300,yahoo_chart_api,BTCC.TO,11.380000114440918,11.399999618530273,10.979999542236328,11.010000228881836
2024-08-15,11.069999694824219,11.180000305175781,10.600000381469727,10.680000305175781,10.680000305175781,425100,yahoo_chart_api,BTCC.TO,11.069999694824219,11.180000305175781,10.600000381469727,10.680000305175781
2024-08-16,10.9399995803833,11.1899995803833,10.800000190734863,11.170000076293945,11.170000076293945,244200,yahoo_chart_api,BTCC.TO,10.9399995803833,11.1899995803833,10.800000190734863,11.170000076293945
2024-08-19,10.970000267028809,11.09000015258789,10.869999885559082,11.010000228881836,11.010000228881836,150900,yahoo_chart_api,BTCC.TO,10.970000267028809,11.09000015258789,10.869999885559082,11.010000228881836
2024-08-20,11.300000190734863,11.390000343322754,10.949999809265137,11.130000114440918,11.130000114440918,213700,yahoo_chart_api,BTCC.TO,11.300000190734863,11.390000343322754,10.949999809265137,11.130000114440918
2024-08-21,11.100000381469727,11.510000228881836,11.020000457763672,11.489999771118164,11.489999771118164,302100,yahoo_chart_api,BTCC.TO,11.100000381469727,11.510000228881836,11.020000457763672,11.489999771118164
2024-08-22,11.350000381469727,11.364999771118164,11.229999542236328,11.25,11.25,135500,yahoo_chart_api,BTCC.TO,11.350000381469727,11.364999771118164,11.229999542236328,11.25
2024-08-23,11.399999618530273,11.899999618530273,11.350000381469727,11.880000114440918,11.880000114440918,578300,yahoo_chart_api,BTCC.TO,11.399999618530273,11.899999618530273,11.350000381469727,11.880000114440918
2024-08-26,11.90999984741211,11.930000305175781,11.760000228881836,11.800000190734863,11.800000190734863,153100,yahoo_chart_api,BTCC.TO,11.90999984741211,11.930000305175781,11.760000228881836,11.800000190734863
2024-08-27,11.640000343322754,11.670000076293945,11.479999542236328,11.5600004196167,11.5600004196167,170900,yahoo_chart_api,BTCC.TO,11.640000343322754,11.670000076293945,11.479999542236328,11.5600004196167
2024-08-28,11.229999542236328,11.229999542236328,10.829999923706055,11.010000228881836,11.010000228881836,261400,yahoo_chart_api,BTCC.TO,11.229999542236328,11.229999542236328,10.829999923706055,11.010000228881836
2024-08-29,11.279999732971191,11.420000076293945,11.020000457763672,11.0600004196167,11.0600004196167,176400,yahoo_chart_api,BTCC.TO,11.279999732971191,11.420000076293945,11.020000457763672,11.0600004196167
2024-08-30,11.140000343322754,11.149999618530273,10.800000190734863,10.979999542236328,10.979999542236328,376600,yahoo_chart_api,BTCC.TO,11.140000343322754,11.149999618530273,10.800000190734863,10.979999542236328
2024-09-03,11.020000457763672,11.029999732971191,10.75,10.819999694824219,10.819999694824219,395700,yahoo_chart_api,BTCC.TO,11.020000457763672,11.029999732971191,10.75,10.819999694824219
2024-09-04,10.550000190734863,10.930000305175781,10.489999771118164,10.829999923706055,10.829999923706055,264700,yahoo_chart_api,BTCC.TO,10.550000190734863,10.930000305175781,10.489999771118164,10.829999923706055
2024-09-05,10.579999923706055,10.680000305175781,10.40999984741211,10.449999809265137,10.449999809265137,228000,yahoo_chart_api,BTCC.TO,10.579999923706055,10.680000305175781,10.40999984741211,10.449999809265137
2024-09-06,10.59000015258789,10.600000381469727,9.949999809265137,10.0,10.0,846500,yahoo_chart_api,BTCC.TO,10.59000015258789,10.600000381469727,9.949999809265137,10.0
2024-09-09,10.350000381469727,10.670000076293945,10.239999771118164,10.670000076293945,10.670000076293945,509900,yahoo_chart_api,BTCC.TO,10.350000381469727,10.670000076293945,10.239999771118164,10.670000076293945
2024-09-10,10.609999656677246,10.829999923706055,10.5600004196167,10.824999809265137,10.824999809265137,162800,yahoo_chart_api,BTCC.TO,10.609999656677246,10.829999923706055,10.5600004196167,10.824999809265137
2024-09-11,10.619999885559082,10.819999694824219,10.359999656677246,10.755000114440918,10.755000114440918,218700,yahoo_chart_api,BTCC.TO,10.619999885559082,10.819999694824219,10.359999656677246,10.755000114440918
2024-09-12,10.770000457763672,10.930000305175781,10.710000038146973,10.899999618530273,10.899999618530273,161700,yahoo_chart_api,BTCC.TO,10.770000457763672,10.930000305175781,10.710000038146973,10.899999618530273
2024-09-13,10.789999961853027,11.210000038146973,10.779999732971191,11.149999618530273,11.149999618530273,506300,yahoo_chart_api,BTCC.TO,10.789999961853027,11.210000038146973,10.779999732971191,11.149999618530273
2024-09-16,10.9399995803833,10.9399995803833,10.729999542236328,10.805000305175781,10.805000305175781,289900,yahoo_chart_api,BTCC.TO,10.9399995803833,10.9399995803833,10.729999542236328,10.805000305175781
2024-09-17,11.0600004196167,11.449999809265137,11.0,11.199999809265137,11.199999809265137,570100,yahoo_chart_api,BTCC.TO,11.0600004196167,11.449999809265137,11.0,11.199999809265137
2024-09-18,11.1899995803833,11.460000038146973,11.050000190734863,11.210000038146973,11.210000038146973,631000,yahoo_chart_api,BTCC.TO,11.1899995803833,11.460000038146973,11.050000190734863,11.210000038146973
2024-09-19,11.800000190734863,11.930000305175781,11.710000038146973,11.8100004196167,11.8100004196167,573800,yahoo_chart_api,BTCC.TO,11.800000190734863,11.930000305175781,11.710000038146973,11.8100004196167
2024-09-20,11.760000228881836,11.850000381469727,11.649999618530273,11.739999771118164,11.739999771118164,249400,yahoo_chart_api,BTCC.TO,11.760000228881836,11.850000381469727,11.649999618530273,11.739999771118164
2024-09-23,11.8100004196167,11.920000076293945,11.770000457763672,11.8100004196167,11.8100004196167,261900,yahoo_chart_api,BTCC.TO,11.8100004196167,11.920000076293945,11.770000457763672,11.8100004196167
2024-09-24,11.829999923706055,12.020000457763672,11.710000038146973,12.010000228881836,12.010000228881836,365900,yahoo_chart_api,BTCC.TO,11.829999923706055,12.020000457763672,11.710000038146973,12.010000228881836
2024-09-25,11.880000114440918,11.949999809265137,11.770000457763672,11.8100004196167,11.8100004196167,155900,yahoo_chart_api,BTCC.TO,11.880000114440918,11.949999809265137,11.770000457763672,11.8100004196167
2024-09-26,12.010000228881836,12.279999732971191,11.979999542236328,12.085000038146973,12.085000038146973,745600,yahoo_chart_api,BTCC.TO,12.010000228881836,12.279999732971191,11.979999542236328,12.085000038146973
2024-09-27,12.25,12.40999984741211,12.199999809265137,12.255000114440918,12.255000114440918,508800,yahoo_chart_api,BTCC.TO,12.25,12.40999984741211,12.199999809265137,12.255000114440918
2024-09-30,11.970000267028809,11.970000267028809,11.760000228881836,11.84000015258789,11.84000015258789,572200,yahoo_chart_api,BTCC.TO,11.970000267028809,11.970000267028809,11.760000228881836,11.84000015258789
2024-10-01,11.84000015258789,11.84000015258789,11.390000343322754,11.505000114440918,11.505000114440918,741100,yahoo_chart_api,BTCC.TO,11.84000015258789,11.84000015258789,11.390000343322754,11.505000114440918
2024-10-02,11.369999885559082,11.630000114440918,11.199999809265137,11.220000267028809,11.220000267028809,412900,yahoo_chart_api,BTCC.TO,11.369999885559082,11.630000114440918,11.199999809265137,11.220000267028809
2024-10-03,11.279999732971191,11.390000343322754,11.180000305175781,11.385000228881836,11.385000228881836,164800,yahoo_chart_api,BTCC.TO,11.279999732971191,11.390000343322754,11.180000305175781,11.385000228881836
2024-10-04,11.489999771118164,11.649999618530273,11.34000015258789,11.645000457763672,11.645000457763672,247500,yahoo_chart_api,BTCC.TO,11.489999771118164,11.649999618530273,11.34000015258789,11.645000457763672
2024-10-07,11.760000228881836,12.029999732971191,11.699999809265137,11.8149995803833,11.8149995803833,292000,yahoo_chart_api,BTCC.TO,11.760000228881836,12.029999732971191,11.699999809265137,11.8149995803833
2024-10-08,11.670000076293945,11.760000228881836,11.529999732971191,11.604999542236328,11.604999542236328,245300,yahoo_chart_api,BTCC.TO,11.670000076293945,11.760000228881836,11.529999732971191,11.604999542236328
2024-10-09,11.550000190734863,11.630000114440918,11.34000015258789,11.369999885559082,11.369999885559082,197300,yahoo_chart_api,BTCC.TO,11.550000190734863,11.630000114440918,11.34000015258789,11.369999885559082
2024-10-10,11.399999618530273,11.399999618530273,10.960000038146973,11.119999885559082,11.119999885559082,309400,yahoo_chart_api,BTCC.TO,11.399999618530273,11.399999618530273,10.960000038146973,11.119999885559082
2024-10-11,11.4399995803833,11.829999923706055,11.4399995803833,11.770000457763672,11.770000457763672,465600,yahoo_chart_api,BTCC.TO,11.4399995803833,11.829999923706055,11.4399995803833,11.770000457763672
2024-10-15,12.270000457763672,12.699999809265137,12.100000381469727,12.505000114440918,12.505000114440918,1273000,yahoo_chart_api,BTCC.TO,12.270000457763672,12.699999809265137,12.100000381469727,12.505000114440918
2024-10-16,12.670000076293945,12.760000228881836,12.539999961853027,12.649999618530273,12.649999618530273,450900,yahoo_chart_api,BTCC.TO,12.670000076293945,12.760000228881836,12.539999961853027,12.649999618530273
2024-10-17,12.520000457763672,12.630000114440918,12.449999809265137,12.46500015258789,12.46500015258789,372500,yahoo_chart_api,BTCC.TO,12.520000457763672,12.630000114440918,12.449999809265137,12.46500015258789
2024-10-18,12.65999984741211,12.890000343322754,12.65999984741211,12.819999694824219,12.819999694824219,492500,yahoo_chart_api,BTCC.TO,12.65999984741211,12.890000343322754,12.65999984741211,12.819999694824219
2024-10-21,12.6899995803833,12.6899995803833,12.479999542236328,12.640000343322754,12.640000343322754,470000,yahoo_chart_api,BTCC.TO,12.6899995803833,12.6899995803833,12.479999542236328,12.640000343322754
2024-10-22,12.510000228881836,12.640000343322754,12.449999809265137,12.600000381469727,12.600000381469727,293000,yahoo_chart_api,BTCC.TO,12.510000228881836,12.640000343322754,12.449999809265137,12.600000381469727
2024-10-23,12.420000076293945,12.479999542236328,12.149999618530273,12.390000343322754,12.390000343322754,418600,yahoo_chart_api,BTCC.TO,12.420000076293945,12.479999542236328,12.149999618530273,12.390000343322754
2024-10-24,12.600000381469727,12.75,12.569999694824219,12.739999771118164,12.739999771118164,430300,yahoo_chart_api,BTCC.TO,12.600000381469727,12.75,12.569999694824219,12.739999771118164
2024-10-25,12.699999809265137,12.84000015258789,12.295000076293945,12.454999923706055,12.454999923706055,1204100,yahoo_chart_api,BTCC.TO,12.699999809265137,12.84000015258789,12.295000076293945,12.454999923706055
2024-10-28,12.84000015258789,13.050000190734863,12.779999732971191,13.0,13.0,947000,yahoo_chart_api,BTCC.TO,12.84000015258789,13.050000190734863,12.779999732971191,13.0
2024-10-29,13.279999732971191,13.739999771118164,13.220000267028809,13.529999732971191,13.529999732971191,1479100,yahoo_chart_api,BTCC.TO,13.279999732971191,13.739999771118164,13.220000267028809,13.529999732971191
2024-10-30,13.380000114440918,13.524999618530273,13.329999923706055,13.399999618530273,13.399999618530273,492600,yahoo_chart_api,BTCC.TO,13.380000114440918,13.524999618530273,13.329999923706055,13.399999618530273
2024-10-31,13.420000076293945,13.430000305175781,13.03499984741211,13.045000076293945,13.045000076293945,762700,yahoo_chart_api,BTCC.TO,13.420000076293945,13.430000305175781,13.03499984741211,13.045000076293945
2024-11-01,13.079999923706055,13.34000015258789,12.819999694824219,12.90999984741211,12.90999984741211,966600,yahoo_chart_api,BTCC.TO,13.079999923706055,13.34000015258789,12.819999694824219,12.90999984741211
2024-11-04,12.779999732971191,12.8100004196167,12.529999732971191,12.539999961853027,12.539999961853027,552100,yahoo_chart_api,BTCC.TO,12.779999732971191,12.8100004196167,12.529999732971191,12.539999961853027
2024-11-05,12.920000076293945,13.130000114440918,12.8100004196167,12.949999809265137,12.949999809265137,625000,yahoo_chart_api,BTCC.TO,12.920000076293945,13.130000114440918,12.8100004196167,12.949999809265137
2024-11-06,13.869999885559082,14.270000457763672,13.720000267028809,14.25,14.25,1405900,yahoo_chart_api,BTCC.TO,13.869999885559082,14.270000457763672,13.720000267028809,14.25
2024-11-07,13.989999771118164,14.359999656677246,13.930000305175781,14.300000190734863,14.300000190734863,693300,yahoo_chart_api,BTCC.TO,13.989999771118164,14.359999656677246,13.930000305175781,14.300000190734863
2024-11-08,14.239999771118164,14.430000305175781,14.130000114440918,14.319999694824219,14.319999694824219,741400,yahoo_chart_api,BTCC.TO,14.239999771118164,14.430000305175781,14.130000114440918,14.319999694824219
2024-11-11,15.260000228881836,16.329999923706055,15.239999771118164,16.260000228881836,16.260000228881836,2246200,yahoo_chart_api,BTCC.TO,15.260000228881836,16.329999923706055,15.239999771118164,16.260000228881836
2024-11-12,16.06999969482422,16.790000915527344,15.899999618530273,16.700000762939453,16.700000762939453,1997600,yahoo_chart_api,BTCC.TO,16.06999969482422,16.790000915527344,15.899999618530273,16.700000762939453
2024-11-13,16.780000686645508,17.450000762939453,16.690000534057617,16.760000228881836,16.760000228881836,2961700,yahoo_chart_api,BTCC.TO,16.780000686645508,17.450000762939453,16.690000534057617,16.760000228881836
2024-11-14,17.06999969482422,17.149999618530273,16.329999923706055,16.329999923706055,16.329999923706055,1719600,yahoo_chart_api,BTCC.TO,17.06999969482422,17.149999618530273,16.329999923706055,16.329999923706055
2024-11-15,16.6299991607666,17.09000015258789,16.3799991607666,17.06999969482422,17.06999969482422,1043800,yahoo_chart_api,BTCC.TO,16.6299991607666,17.09000015258789,16.3799991607666,17.06999969482422
2024-11-18,16.889999389648438,17.299999237060547,16.729999542236328,17.09000015258789,17.09000015258789,1093200,yahoo_chart_api,BTCC.TO,16.889999389648438,17.299999237060547,16.729999542236328,17.09000015258789
2024-11-19,17.079999923706055,17.56999969482422,17.040000915527344,17.280000686645508,17.280000686645508,1460400,yahoo_chart_api,BTCC.TO,17.079999923706055,17.56999969482422,17.040000915527344,17.280000686645508
2024-11-20,17.690000534057617,17.739999771118164,17.399999618530273,17.610000610351562,17.610000610351562,1111900,yahoo_chart_api,BTCC.TO,17.690000534057617,17.739999771118164,17.399999618530273,17.610000610351562
2024-11-21,18.139999389648438,18.520000457763672,17.860000610351562,18.34000015258789,18.34000015258789,1763500,yahoo_chart_api,BTCC.TO,18.139999389648438,18.520000457763672,17.860000610351562,18.34000015258789
2024-11-22,18.25,18.6200008392334,18.139999389648438,18.510000228881836,18.510000228881836,1419700,yahoo_chart_api,BTCC.TO,18.25,18.6200008392334,18.139999389648438,18.510000228881836
2024-11-25,18.18000030517578,18.190000534057617,17.610000610351562,17.719999313354492,17.719999313354492,1800800,yahoo_chart_api,BTCC.TO,18.18000030517578,18.190000534057617,17.610000610351562,17.719999313354492
2024-11-26,17.190000534057617,17.68000030517578,16.8700008392334,16.969999313354492,16.969999313354492,1724700,yahoo_chart_api,BTCC.TO,17.190000534057617,17.68000030517578,16.8700008392334,16.969999313354492
2024-11-27,17.639999389648438,18.15999984741211,17.579999923706055,18.020000457763672,18.020000457763672,951400,yahoo_chart_api,BTCC.TO,17.639999389648438,18.15999984741211,17.579999923706055,18.020000457763672
2024-11-28,17.829999923706055,17.889999389648438,17.670000076293945,17.700000762939453,17.700000762939453,382400,yahoo_chart_api,BTCC.TO,17.829999923706055,17.889999389648438,17.670000076293945,17.700000762939453
2024-11-29,18.149999618530273,18.440000534057617,18.09000015258789,18.170000076293945,18.170000076293945,704200,yahoo_chart_api,BTCC.TO,18.149999618530273,18.440000534057617,18.09000015258789,18.170000076293945
2024-12-02,17.90999984741211,18.190000534057617,17.6200008392334,17.850000381469727,17.850000381469727,787400,yahoo_chart_api,BTCC.TO,17.90999984741211,18.190000534057617,17.6200008392334,17.850000381469727
2024-12-03,17.56999969482422,17.969999313354492,17.459999084472656,17.81999969482422,17.81999969482422,790700,yahoo_chart_api,BTCC.TO,17.56999969482422,17.969999313354492,17.459999084472656,17.81999969482422
2024-12-04,17.860000610351562,18.510000228881836,17.649999618530273,18.459999084472656,18.459999084472656,989100,yahoo_chart_api,BTCC.TO,17.860000610351562,18.510000228881836,17.649999618530273,18.459999084472656
2024-12-05,19.149999618530273,19.34000015258789,18.260000228881836,18.5,18.5,2404900,yahoo_chart_api,BTCC.TO,19.149999618530273,19.34000015258789,18.260000228881836,18.5
2024-12-06,18.540000915527344,18.989999771118164,18.40999984741211,18.90999984741211,18.90999984741211,1679600,yahoo_chart_api,BTCC.TO,18.540000915527344,18.989999771118164,18.40999984741211,18.90999984741211
2024-12-09,18.479999542236328,18.709999084472656,17.920000076293945,17.93000030517578,17.93000030517578,1576100,yahoo_chart_api,BTCC.TO,18.479999542236328,18.709999084472656,17.920000076293945,17.93000030517578
2024-12-10,18.260000228881836,18.329999923706055,17.559999465942383,17.979999542236328,17.979999542236328,3304600,yahoo_chart_api,BTCC.TO,18.260000228881836,18.329999923706055,17.559999465942383,17.979999542236328
2024-12-11,18.389999389648438,18.989999771118164,18.3700008392334,18.920000076293945,18.920000076293945,983700,yahoo_chart_api,BTCC.TO,18.389999389648438,18.989999771118164,18.3700008392334,18.920000076293945
2024-12-12,18.920000076293945,19.1299991607666,18.5,18.639999389648438,18.639999389648438,1432700,yahoo_chart_api,BTCC.TO,18.920000076293945,19.1299991607666,18.5,18.639999389648438
2024-12-13,18.719999313354492,19.020000457763672,18.59000015258789,18.969999313354492,18.969999313354492,1114100,yahoo_chart_api,BTCC.TO,18.719999313354492,19.020000457763672,18.59000015258789,18.969999313354492
2024-12-16,19.450000762939453,20.139999389648438,19.450000762939453,19.729999542236328,19.729999542236328,1659900,yahoo_chart_api,BTCC.TO,19.450000762939453,20.139999389648438,19.450000762939453,19.729999542236328
2024-12-17,20.100000381469727,20.229999542236328,19.709999084472656,19.90999984741211,19.90999984741211,702200,yahoo_chart_api,BTCC.TO,20.100000381469727,20.229999542236328,19.709999084472656,19.90999984741211
2024-12-18,19.530000686645508,19.59000015258789,18.6299991607666,18.729999542236328,18.729999542236328,2087900,yahoo_chart_api,BTCC.TO,19.530000686645508,19.59000015258789,18.6299991607666,18.729999542236328
2024-12-19,19.049999237060547,19.15999984741211,17.760000228881836,17.90999984741211,17.90999984741211,1601000,yahoo_chart_api,BTCC.TO,19.049999237060547,19.15999984741211,17.760000228881836,17.90999984741211
2024-12-20,17.65999984741211,18.18000030517578,17.649999618530273,17.920000076293945,17.920000076293945,919900,yahoo_chart_api,BTCC.TO,17.65999984741211,18.18000030517578,17.649999618530273,17.920000076293945
2024-12-23,17.75,17.75,17.170000076293945,17.280000686645508,17.280000686645508,753400,yahoo_chart_api,BTCC.TO,17.75,17.75,17.170000076293945,17.280000686645508
2024-12-24,18.0,18.420000076293945,17.93000030517578,18.399999618530273,18.399999618530273,356500,yahoo_chart_api,BTCC.TO,18.0,18.420000076293945,17.93000030517578,18.399999618530273
2024-12-27,17.90999984741211,17.90999984741211,17.31999969482422,17.549999237060547,17.549999237060547,523300,yahoo_chart_api,BTCC.TO,17.90999984741211,17.90999984741211,17.31999969482422,17.549999237060547
2024-12-30,17.229999542236328,17.610000610351562,16.920000076293945,17.479999542236328,17.479999542236328,733500,yahoo_chart_api,BTCC.TO,17.229999542236328,17.610000610351562,16.920000076293945,17.479999542236328
2024-12-31,17.770000457763672,17.84000015258789,17.280000686645508,17.31999969482422,17.31999969482422,382400,yahoo_chart_api,BTCC.TO,17.770000457763672,17.84000015258789,17.280000686645508,17.31999969482422
2025-01-02,17.90999984741211,18.15999984741211,17.809999465942383,18.06999969482422,18.06999969482422,617100,yahoo_chart_api,BTCC.TO,17.90999984741211,18.15999984741211,17.809999465942383,18.06999969482422
2025-01-03,18.040000915527344,18.389999389648438,17.940000534057617,18.260000228881836,18.260000228881836,398400,yahoo_chart_api,BTCC.TO,18.040000915527344,18.389999389648438,17.940000534057617,18.260000228881836
2025-01-06,18.40999984741211,19.049999237060547,18.360000610351562,19.0,19.0,753300,yahoo_chart_api,BTCC.TO,18.40999984741211,19.049999237060547,18.360000610351562,19.0
2025-01-07,18.719999313354492,18.719999313354492,17.850000381469727,17.90999984741211,17.90999984741211,1103300,yahoo_chart_api,BTCC.TO,18.719999313354492,18.719999313354492,17.850000381469727,17.90999984741211
2025-01-08,17.719999313354492,17.81999969482422,17.15999984741211,17.43000030517578,17.43000030517578,563800,yahoo_chart_api,BTCC.TO,17.719999313354492,17.81999969482422,17.15999984741211,17.43000030517578
2025-01-09,17.15999984741211,17.549999237060547,16.924999237060547,17.09000015258789,17.09000015258789,702900,yahoo_chart_api,BTCC.TO,17.15999984741211,17.549999237060547,16.924999237060547,17.09000015258789
2025-01-10,17.520000457763672,17.780000686645508,17.1299991607666,17.579999923706055,17.579999923706055,636400,yahoo_chart_api,BTCC.TO,17.520000457763672,17.780000686645508,17.1299991607666,17.579999923706055
2025-01-13,16.899999618530273,17.3799991607666,16.549999237060547,17.360000610351562,17.360000610351562,825600,yahoo_chart_api,BTCC.TO,16.899999618530273,17.3799991607666,16.549999237060547,17.360000610351562
2025-01-14,17.969999313354492,18.040000915527344,17.68000030517578,17.90999984741211,17.90999984741211,495600,yahoo_chart_api,BTCC.TO,17.969999313354492,18.040000915527344,17.68000030517578,17.90999984741211
2025-01-15,18.31999969482422,18.700000762939453,18.299999237060547,18.489999771118164,18.489999771118164,737500,yahoo_chart_api,BTCC.TO,18.31999969482422,18.700000762939453,18.299999237060547,18.489999771118164
2025-01-16,18.440000534057617,18.68000030517578,18.065000534057617,18.649999618530273,18.649999618530273,690700,yahoo_chart_api,BTCC.TO,18.440000534057617,18.68000030517578,18.065000534057617,18.649999618530273
2025-01-17,19.040000915527344,19.65999984741211,18.979999542236328,19.450000762939453,19.450000762939453,1005100,yahoo_chart_api,BTCC.TO,19.040000915527344,19.65999984741211,18.979999542236328,19.450000762939453
2025-01-20,20.0,20.040000915527344,18.6299991607666,19.200000762939453,19.200000762939453,2689100,yahoo_chart_api,BTCC.TO,20.0,20.040000915527344,18.6299991607666,19.200000762939453
2025-01-21,19.530000686645508,19.889999389648438,19.049999237060547,19.68000030517578,19.68000030517578,1094400,yahoo_chart_api,BTCC.TO,19.530000686645508,19.889999389648438,19.049999237060547,19.68000030517578
2025-01-22,19.420000076293945,19.510000228881836,19.170000076293945,19.34000015258789,19.34000015258789,509100,yahoo_chart_api,BTCC.TO,19.420000076293945,19.510000228881836,19.170000076293945,19.34000015258789
2025-01-23,19.010000228881836,19.799999237060547,19.0,19.139999389648438,19.139999389648438,3143500,yahoo_chart_api,BTCC.TO,19.010000228881836,19.799999237060547,19.0,19.139999389648438
2025-01-24,19.520000457763672,19.8799991607666,19.40999984741211,19.440000534057617,19.440000534057617,1379500,yahoo_chart_api,BTCC.TO,19.520000457763672,19.8799991607666,19.40999984741211,19.440000534057617
2025-01-27,18.68000030517578,18.959999084472656,18.309999465942383,18.799999237060547,18.799999237060547,1249800,yahoo_chart_api,BTCC.TO,18.68000030517578,18.959999084472656,18.309999465942383,18.799999237060547
2025-01-28,19.010000228881836,19.239999771118164,18.760000228881836,18.760000228881836,18.760000228881836,563100,yahoo_chart_api,BTCC.TO,19.010000228881836,19.239999771118164,18.760000228881836,18.760000228881836
2025-01-29,18.950000762939453,19.43000030517578,18.799999237060547,19.309999465942383,19.309999465942383,618200,yahoo_chart_api,BTCC.TO,18.950000762939453,19.43000030517578,18.799999237060547,19.309999465942383
2025-01-30,19.440000534057617,19.729999542236328,19.399999618530273,19.459999084472656,19.459999084472656,549200,yahoo_chart_api,BTCC.TO,19.440000534057617,19.729999542236328,19.399999618530273,19.459999084472656
2025-01-31,19.399999618530273,19.65999984741211,18.81999969482422,18.829999923706055,18.829999923706055,730200,yahoo_chart_api,BTCC.TO,19.399999618530273,19.65999984741211,18.81999969482422,18.829999923706055
2025-02-03,17.5,18.920000076293945,17.450000762939453,18.770000457763672,18.770000457763672,1097700,yahoo_chart_api,BTCC.TO,17.5,18.920000076293945,17.450000762939453,18.770000457763672
2025-02-04,18.420000076293945,18.690000534057617,18.15999984741211,18.31999969482422,18.31999969482422,1145300,yahoo_chart_api,BTCC.TO,18.420000076293945,18.690000534057617,18.15999984741211,18.31999969482422
2025-02-05,18.309999465942383,18.389999389648438,17.8799991607666,18.040000915527344,18.040000915527344,334500,yahoo_chart_api,BTCC.TO,18.309999465942383,18.389999389648438,17.8799991607666,18.040000915527344
2025-02-06,18.18000030517578,18.299999237060547,17.739999771118164,17.940000534057617,17.940000534057617,437100,yahoo_chart_api,BTCC.TO,18.18000030517578,18.299999237060547,17.739999771118164,17.940000534057617
2025-02-07,18.360000610351562,18.559999465942383,17.700000762939453,17.709999084472656,17.709999084472656,460500,yahoo_chart_api,BTCC.TO,18.360000610351562,18.559999465942383,17.700000762939453,17.709999084472656
2025-02-10,18.06999969482422,18.149999618530273,17.920000076293945,18.040000915527344,18.040000915527344,252200,yahoo_chart_api,BTCC.TO,18.06999969482422,18.149999618530273,17.920000076293945,18.040000915527344
2025-02-11,17.93000030517578,18.030000686645508,17.559999465942383,17.670000076293945,17.670000076293945,221300,yahoo_chart_api,BTCC.TO,17.93000030517578,18.030000686645508,17.559999465942383,17.670000076293945
2025-02-12,17.520000457763672,18.09000015258789,17.489999771118164,17.969999313354492,17.969999313354492,424500,yahoo_chart_api,BTCC.TO,17.520000457763672,18.09000015258789,17.489999771118164,17.969999313354492
2025-02-13,17.770000457763672,17.8700008392334,17.649999618530273,17.81999969482422,17.81999969482422,288400,yahoo_chart_api,BTCC.TO,17.770000457763672,17.8700008392334,17.649999618530273,17.81999969482422
2025-02-14,17.889999389648438,18.30500030517578,17.809999465942383,17.979999542236328,17.979999542236328,366700,yahoo_chart_api,BTCC.TO,17.889999389648438,18.30500030517578,17.809999465942383,17.979999542236328
2025-02-18,17.8700008392334,17.8700008392334,17.270000457763672,17.389999389648438,17.389999389648438,413400,yahoo_chart_api,BTCC.TO,17.8700008392334,17.8700008392334,17.270000457763672,17.389999389648438
2025-02-19,17.81999969482422,17.8799991607666,17.649999618530273,17.770000457763672,17.770000457763672,396100,yahoo_chart_api,BTCC.TO,17.81999969482422,17.8799991607666,17.649999618530273,17.770000457763672
2025-02-20,18.079999923706055,18.270000457763672,17.895000457763672,18.209999084472656,18.209999084472656,319800,yahoo_chart_api,BTCC.TO,18.079999923706055,18.270000457763672,17.895000457763672,18.209999084472656
2025-02-21,18.31999969482422,18.3799991607666,17.520000457763672,17.520000457763672,17.520000457763672,456100,yahoo_chart_api,BTCC.TO,18.31999969482422,18.3799991607666,17.520000457763672,17.520000457763672
2025-02-24,17.649999618530273,17.700000762939453,17.31999969482422,17.389999389648438,17.389999389648438,242200,yahoo_chart_api,BTCC.TO,17.649999618530273,17.700000762939453,17.31999969482422,17.389999389648438
2025-02-25,16.469999313354492,16.469999313354492,15.850000381469727,16.209999084472656,16.209999084472656,1078900,yahoo_chart_api,BTCC.TO,16.469999313354492,16.469999313354492,15.850000381469727,16.209999084472656
2025-02-26,15.859999656677246,16.34000015258789,15.180000305175781,15.579999923706055,15.579999923706055,1028500,yahoo_chart_api,BTCC.TO,15.859999656677246,16.34000015258789,15.180000305175781,15.579999923706055
2025-02-27,15.920000076293945,15.949999809265137,15.239999771118164,15.380000114440918,15.380000114440918,592200,yahoo_chart_api,BTCC.TO,15.920000076293945,15.949999809265137,15.239999771118164,15.380000114440918
2025-02-28,15.079999923706055,15.720000267028809,14.960000038146973,15.539999961853027,15.539999961853027,667500,yahoo_chart_api,BTCC.TO,15.079999923706055,15.720000267028809,14.960000038146973,15.539999961853027
2025-03-03,17.229999542236328,17.25,15.729999542236328,15.869999885559082,15.869999885559082,1078500,yahoo_chart_api,BTCC.TO,17.229999542236328,17.25,15.729999542236328,15.869999885559082
2025-03-04,15.279999732971191,16.420000076293945,15.050000190734863,16.040000915527344,16.040000915527344,442600,yahoo_chart_api,BTCC.TO,15.279999732971191,16.420000076293945,15.050000190734863,16.040000915527344
2025-03-05,16.59000015258789,16.735000610351562,16.18000030517578,16.700000762939453,16.700000762939453,330000,yahoo_chart_api,BTCC.TO,16.59000015258789,16.735000610351562,16.18000030517578,16.700000762939453
2025-03-06,16.639999389648438,16.889999389648438,16.25,16.450000762939453,16.450000762939453,280800,yahoo_chart_api,BTCC.TO,16.639999389648438,16.889999389648438,16.25,16.450000762939453
2025-03-07,16.459999084472656,16.850000381469727,15.979999542236328,16.06999969482422,16.06999969482422,671100,yahoo_chart_api,BTCC.TO,16.459999084472656,16.850000381469727,15.979999542236328,16.06999969482422
2025-03-10,15.260000228881836,15.3100004196167,14.260000228881836,14.550000190734863,14.550000190734863,901100,yahoo_chart_api,BTCC.TO,15.260000228881836,15.3100004196167,14.260000228881836,14.550000190734863
2025-03-11,15.0,15.420000076293945,14.579999923706055,15.350000381469727,15.350000381469727,645400,yahoo_chart_api,BTCC.TO,15.0,15.420000076293945,14.579999923706055,15.350000381469727
2025-03-12,15.359999656677246,15.449999809265137,14.890000343322754,15.329999923706055,15.329999923706055,333600,yahoo_chart_api,BTCC.TO,15.359999656677246,15.449999809265137,14.890000343322754,15.329999923706055
2025-03-13,15.279999732971191,15.329999923706055,14.729999542236328,14.779999732971191,14.779999732971191,325900,yahoo_chart_api,BTCC.TO,15.279999732971191,15.329999923706055,14.729999542236328,14.779999732971191
2025-03-14,15.380000114440918,15.75,15.239999771118164,15.600000381469727,15.600000381469727,381000,yahoo_chart_api,BTCC.TO,15.380000114440918,15.75,15.239999771118164,15.600000381469727
2025-03-17,15.3100004196167,15.600000381469727,15.220000267028809,15.5600004196167,15.5600004196167,297300,yahoo_chart_api,BTCC.TO,15.3100004196167,15.600000381469727,15.220000267028809,15.5600004196167
2025-03-18,15.1899995803833,15.1899995803833,14.949999809265137,15.130000114440918,15.130000114440918,471300,yahoo_chart_api,BTCC.TO,15.1899995803833,15.1899995803833,14.949999809265137,15.130000114440918
2025-03-19,15.460000038146973,15.850000381469727,15.399999618530273,15.739999771118164,15.739999771118164,613800,yahoo_chart_api,BTCC.TO,15.460000038146973,15.850000381469727,15.399999618530273,15.739999771118164
2025-03-20,15.6899995803833,15.949999809265137,15.420000076293945,15.489999771118164,15.489999771118164,427500,yahoo_chart_api,BTCC.TO,15.6899995803833,15.949999809265137,15.420000076293945,15.489999771118164
2025-03-21,15.420000076293945,15.510000228881836,15.350000381469727,15.470000267028809,15.470000267028809,236100,yahoo_chart_api,BTCC.TO,15.420000076293945,15.510000228881836,15.350000381469727,15.470000267028809
2025-03-24,16.06999969482422,16.34000015258789,16.06999969482422,16.260000228881836,16.260000228881836,380200,yahoo_chart_api,BTCC.TO,16.06999969482422,16.34000015258789,16.06999969482422,16.260000228881836
2025-03-25,16.149999618530273,16.270000457763672,16.049999237060547,16.209999084472656,16.209999084472656,205500,yahoo_chart_api,BTCC.TO,16.149999618530273,16.270000457763672,16.049999237060547,16.209999084472656
2025-03-26,16.1299991607666,16.170000076293945,15.800000190734863,15.930000305175781,15.930000305175781,342900,yahoo_chart_api,BTCC.TO,16.1299991607666,16.170000076293945,15.800000190734863,15.930000305175781
2025-03-27,15.880000114440918,16.1200008392334,15.8100004196167,16.040000915527344,16.040000915527344,319900,yahoo_chart_api,BTCC.TO,15.880000114440918,16.1200008392334,15.8100004196167,16.040000915527344
2025-03-28,15.729999542236328,15.739999771118164,15.380000114440918,15.425000190734863,15.425000190734863,339100,yahoo_chart_api,BTCC.TO,15.729999542236328,15.739999771118164,15.380000114440918,15.425000190734863
2025-03-31,15.199999809265137,15.4399995803833,15.010000228881836,15.180000305175781,15.180000305175781,427800,yahoo_chart_api,BTCC.TO,15.199999809265137,15.4399995803833,15.010000228881836,15.180000305175781
2025-04-01,15.420000076293945,15.739999771118164,15.180000305175781,15.649999618530273,15.649999618530273,252200,yahoo_chart_api,BTCC.TO,15.420000076293945,15.739999771118164,15.180000305175781,15.649999618530273
2025-04-02,15.5600004196167,16.06999969482422,15.5600004196167,15.989999771118164,15.989999771118164,331800,yahoo_chart_api,BTCC.TO,15.5600004196167,16.06999969482422,15.5600004196167,15.989999771118164
2025-04-03,15.09000015258789,15.229999542236328,14.970000267028809,15.09000015258789,15.09000015258789,884900,yahoo_chart_api,BTCC.TO,15.09000015258789,15.229999542236328,14.970000267028809,15.09000015258789
2025-04-04,15.1899995803833,15.569999694824219,15.0600004196167,15.460000038146973,15.460000038146973,880000,yahoo_chart_api,BTCC.TO,15.1899995803833,15.569999694824219,15.0600004196167,15.460000038146973
2025-04-07,14.15999984741211,14.930000305175781,13.949999809265137,14.380000114440918,14.380000114440918,1499600,yahoo_chart_api,BTCC.TO,14.15999984741211,14.930000305175781,13.949999809265137,14.380000114440918
2025-04-08,14.739999771118164,14.779999732971191,14.029999732971191,14.130000114440918,14.130000114440918,554300,yahoo_chart_api,BTCC.TO,14.739999771118164,14.779999732971191,14.029999732971191,14.130000114440918
2025-04-09,14.149999618530273,15.28499984741211,14.135000228881836,15.15999984741211,15.15999984741211,1272900,yahoo_chart_api,BTCC.TO,14.149999618530273,15.28499984741211,14.135000228881836,15.15999984741211
2025-04-10,15.039999961853027,15.050000190734863,14.4399995803833,14.670000076293945,14.670000076293945,663200,yahoo_chart_api,BTCC.TO,15.039999961853027,15.050000190734863,14.4399995803833,14.670000076293945
2025-04-11,15.09000015258789,15.460000038146973,14.9399995803833,15.420000076293945,15.420000076293945,740600,yahoo_chart_api,BTCC.TO,15.09000015258789,15.460000038146973,14.9399995803833,15.420000076293945
2025-04-14,15.640000343322754,15.779999732971191,15.399999618530273,15.609999656677246,15.609999656677246,610700,yahoo_chart_api,BTCC.TO,15.640000343322754,15.779999732971191,15.399999618530273,15.609999656677246
2025-04-15,15.770000457763672,15.899999618530273,15.420000076293945,15.4399995803833,15.4399995803833,619200,yahoo_chart_api,BTCC.TO,15.770000457763672,15.899999618530273,15.420000076293945,15.4399995803833
2025-04-16,15.380000114440918,15.720000267028809,15.3100004196167,15.505000114440918,15.505000114440918,465500,yahoo_chart_api,BTCC.TO,15.380000114440918,15.720000267028809,15.3100004196167,15.505000114440918
2025-04-17,15.5600004196167,15.720000267028809,15.399999618530273,15.604999542236328,15.604999542236328,248500,yahoo_chart_api,BTCC.TO,15.5600004196167,15.720000267028809,15.399999618530273,15.604999542236328
2025-04-21,15.989999771118164,16.270000457763672,15.880000114440918,16.079999923706055,16.079999923706055,634500,yahoo_chart_api,BTCC.TO,15.989999771118164,16.270000457763672,15.880000114440918,16.079999923706055
2025-04-22,16.459999084472656,16.860000610351562,16.459999084472656,16.829999923706055,16.829999923706055,490000,yahoo_chart_api,BTCC.TO,16.459999084472656,16.860000610351562,16.459999084472656,16.829999923706055
2025-04-23,17.280000686645508,17.360000610351562,16.8799991607666,17.18000030517578,17.18000030517578,808800,yahoo_chart_api,BTCC.TO,17.280000686645508,17.360000610351562,16.8799991607666,17.18000030517578
2025-04-24,17.049999237060547,17.209999084472656,17.0,17.190000534057617,17.190000534057617,246000,yahoo_chart_api,BTCC.TO,17.049999237060547,17.209999084472656,17.0,17.190000534057617
2025-04-25,17.31999969482422,17.600000381469727,17.260000228881836,17.510000228881836,17.510000228881836,417000,yahoo_chart_api,BTCC.TO,17.31999969482422,17.600000381469727,17.260000228881836,17.510000228881836
2025-04-28,17.469999313354492,17.469999313354492,17.149999618530273,17.40999984741211,17.40999984741211,313200,yahoo_chart_api,BTCC.TO,17.469999313354492,17.469999313354492,17.149999618530273,17.40999984741211
2025-04-29,17.440000534057617,17.520000457763672,17.350000381469727,17.510000228881836,17.510000228881836,279500,yahoo_chart_api,BTCC.TO,17.440000534057617,17.520000457763672,17.350000381469727,17.510000228881836
2025-04-30,17.360000610351562,17.360000610351562,17.040000915527344,17.290000915527344,17.290000915527344,402000,yahoo_chart_api,BTCC.TO,17.360000610351562,17.360000610351562,17.040000915527344,17.290000915527344
2025-05-01,17.729999542236328,17.889999389648438,17.59000015258789,17.719999313354492,17.719999313354492,435300,yahoo_chart_api,BTCC.TO,17.729999542236328,17.889999389648438,17.59000015258789,17.719999313354492
2025-05-02,17.799999237060547,17.959999084472656,17.75,17.790000915527344,17.790000915527344,255400,yahoo_chart_api,BTCC.TO,17.799999237060547,17.959999084472656,17.75,17.790000915527344
2025-05-05,17.299999237060547,17.40999984741211,17.18000030517578,17.299999237060547,17.299999237060547,304800,yahoo_chart_api,BTCC.TO,17.299999237060547,17.40999984741211,17.18000030517578,17.299999237060547
2025-05-06,17.209999084472656,17.459999084472656,17.1200008392334,17.40999984741211,17.40999984741211,113100,yahoo_chart_api,BTCC.TO,17.209999084472656,17.459999084472656,17.1200008392334,17.40999984741211
2025-05-07,17.739999771118164,17.8799991607666,17.56999969482422,17.639999389648438,17.639999389648438,236100,yahoo_chart_api,BTCC.TO,17.739999771118164,17.8799991607666,17.56999969482422,17.639999389648438
2025-05-08,18.219999313354492,18.639999389648438,18.15999984741211,18.549999237060547,18.549999237060547,537600,yahoo_chart_api,BTCC.TO,18.219999313354492,18.639999389648438,18.15999984741211,18.549999237060547
2025-05-09,18.8799991607666,19.010000228881836,18.75,18.889999389648438,18.889999389648438,475500,yahoo_chart_api,BTCC.TO,18.8799991607666,19.010000228881836,18.75,18.889999389648438
2025-05-12,19.06999969482422,19.149999618530273,18.450000762939453,18.635000228881836,18.635000228881836,736200,yahoo_chart_api,BTCC.TO,19.06999969482422,19.149999618530273,18.450000762939453,18.635000228881836
2025-05-13,18.979999542236328,19.239999771118164,18.850000381469727,19.190000534057617,19.190000534057617,377500,yahoo_chart_api,BTCC.TO,18.979999542236328,19.239999771118164,18.850000381469727,19.190000534057617
2025-05-14,19.079999923706055,19.100000381469727,18.809999465942383,18.899999618530273,18.899999618530273,336300,yahoo_chart_api,BTCC.TO,19.079999923706055,19.100000381469727,18.809999465942383,18.899999618530273
2025-05-15,18.790000915527344,19.059999465942383,18.559999465942383,18.8700008392334,18.8700008392334,456800,yahoo_chart_api,BTCC.TO,18.790000915527344,19.059999465942383,18.559999465942383,18.8700008392334
2025-05-16,18.969999313354492,19.139999389648438,18.940000534057617,19.059999465942383,19.059999465942383,264800,yahoo_chart_api,BTCC.TO,18.969999313354492,19.139999389648438,18.940000534057617,19.059999465942383
2025-05-20,19.1299991607666,19.6299991607666,19.065000534057617,19.579999923706055,19.579999923706055,601900,yahoo_chart_api,BTCC.TO,19.1299991607666,19.6299991607666,19.065000534057617,19.579999923706055
2025-05-21,19.510000228881836,20.110000610351562,19.43000030517578,19.899999618530273,19.899999618530273,904200,yahoo_chart_api,BTCC.TO,19.510000228881836,20.110000610351562,19.43000030517578,19.899999618530273
2025-05-22,20.3700008392334,20.489999771118164,20.229999542236328,20.344999313354492,20.344999313354492,600700,yahoo_chart_api,BTCC.TO,20.3700008392334,20.489999771118164,20.229999542236328,20.344999313354492
2025-05-23,19.889999389648438,20.149999618530273,19.780000686645508,19.90999984741211,19.90999984741211,643100,yahoo_chart_api,BTCC.TO,19.889999389648438,20.149999618530273,19.780000686645508,19.90999984741211
2025-05-26,20.100000381469727,20.200000762939453,19.920000076293945,20.010000228881836,20.010000228881836,267500,yahoo_chart_api,BTCC.TO,20.100000381469727,20.200000762939453,19.920000076293945,20.010000228881836
2025-05-27,20.239999771118164,20.25,19.899999618530273,20.09000015258789,20.09000015258789,431400,yahoo_chart_api,BTCC.TO,20.239999771118164,20.25,19.899999618530273,20.09000015258789
2025-05-28,19.90999984741211,19.959999084472656,19.559999465942383,19.559999465942383,19.559999465942383,384200,yahoo_chart_api,BTCC.TO,19.90999984741211,19.959999084472656,19.559999465942383,19.559999465942383
2025-05-29,19.799999237060547,19.799999237060547,19.299999237060547,19.34000015258789,19.34000015258789,429900,yahoo_chart_api,BTCC.TO,19.799999237060547,19.799999237060547,19.299999237060547,19.34000015258789
2025-05-30,19.34000015258789,19.3700008392334,18.950000762939453,19.1299991607666,19.1299991607666,242200,yahoo_chart_api,BTCC.TO,19.34000015258789,19.3700008392334,18.950000762939453,19.1299991607666
2025-06-02,19.010000228881836,19.15999984741211,18.979999542236328,19.1299991607666,19.1299991607666,295900,yahoo_chart_api,BTCC.TO,19.010000228881836,19.15999984741211,18.979999542236328,19.1299991607666
2025-06-03,19.299999237060547,19.549999237060547,19.239999771118164,19.459999084472656,19.459999084472656,316000,yahoo_chart_api,BTCC.TO,19.299999237060547,19.549999237060547,19.239999771118164,19.459999084472656
2025-06-04,19.229999542236328,19.309999465942383,19.06999969482422,19.200000762939453,19.200000762939453,418000,yahoo_chart_api,BTCC.TO,19.229999542236328,19.309999465942383,19.06999969482422,19.200000762939453
2025-06-05,19.34000015258789,19.3700008392334,18.594999313354492,18.649999618530273,18.649999618530273,849600,yahoo_chart_api,BTCC.TO,19.34000015258789,19.3700008392334,18.594999313354492,18.649999618530273
2025-06-06,19.010000228881836,19.270000457763672,19.0,19.059999465942383,19.059999465942383,709000,yahoo_chart_api,BTCC.TO,19.010000228881836,19.270000457763672,19.0,19.059999465942383
2025-06-09,19.670000076293945,19.889999389648438,19.540000915527344,19.889999389648438,19.889999389648438,1012600,yahoo_chart_api,BTCC.TO,19.670000076293945,19.889999389648438,19.540000915527344,19.889999389648438
2025-06-10,20.049999237060547,20.174999237060547,19.799999237060547,20.040000915527344,20.040000915527344,1104300,yahoo_chart_api,BTCC.TO,20.049999237060547,20.174999237060547,19.799999237060547,20.040000915527344
2025-06-11,20.059999465942383,20.18000030517578,19.809999465942383,19.889999389648438,19.889999389648438,760400,yahoo_chart_api,BTCC.TO,20.059999465942383,20.18000030517578,19.809999465942383,19.889999389648438
2025-06-12,19.549999237060547,19.84000015258789,19.5,19.540000915527344,19.540000915527344,256700,yahoo_chart_api,BTCC.TO,19.549999237060547,19.84000015258789,19.5,19.540000915527344
2025-06-13,19.190000534057617,19.3799991607666,19.030000686645508,19.209999084472656,19.209999084472656,378700,yahoo_chart_api,BTCC.TO,19.190000534057617,19.3799991607666,19.030000686645508,19.209999084472656
2025-06-16,19.479999542236328,19.920000076293945,19.469999313354492,19.8799991607666,19.8799991607666,196800,yahoo_chart_api,BTCC.TO,19.479999542236328,19.920000076293945,19.469999313354492,19.8799991607666
2025-06-17,19.329999923706055,19.34000015258789,18.899999618530273,19.1299991607666,19.1299991607666,529300,yahoo_chart_api,BTCC.TO,19.329999923706055,19.34000015258789,18.899999618530273,19.1299991607666
2025-06-18,18.979999542236328,19.260000228881836,18.93000030517578,18.979999542236328,18.979999542236328,350000,yahoo_chart_api,BTCC.TO,18.979999542236328,19.260000228881836,18.93000030517578,18.979999542236328
2025-06-19,19.149999618530273,19.149999618530273,19.0,19.059999465942383,19.059999465942383,114600,yahoo_chart_api,BTCC.TO,19.149999618530273,19.149999618530273,19.0,19.059999465942383
2025-06-20,19.350000381469727,19.389999389648438,18.700000762939453,18.90999984741211,18.90999984741211,330500,yahoo_chart_api,BTCC.TO,19.350000381469727,19.389999389648438,18.700000762939453,18.90999984741211
2025-06-23,18.5,18.875,18.209999084472656,18.860000610351562,18.860000610351562,514800,yahoo_chart_api,BTCC.TO,18.5,18.875,18.209999084472656,18.860000610351562
2025-06-24,19.190000534057617,19.43000030517578,19.149999618530273,19.299999237060547,19.299999237060547,296600,yahoo_chart_api,BTCC.TO,19.190000534057617,19.43000030517578,19.149999618530273,19.299999237060547
2025-06-25,19.700000762939453,19.770000457763672,19.530000686645508,19.68000030517578,19.68000030517578,220500,yahoo_chart_api,BTCC.TO,19.700000762939453,19.770000457763672,19.530000686645508,19.68000030517578
2025-06-26,19.579999923706055,19.68000030517578,19.469999313354492,19.639999389648438,19.639999389648438,169500,yahoo_chart_api,BTCC.TO,19.579999923706055,19.68000030517578,19.469999313354492,19.639999389648438
2025-06-27,19.510000228881836,19.649999618530273,19.43000030517578,19.510000228881836,19.510000228881836,314600,yahoo_chart_api,BTCC.TO,19.510000228881836,19.649999618530273,19.43000030517578,19.510000228881836
2025-06-30,19.700000762939453,19.700000762939453,19.489999771118164,19.68000030517578,19.68000030517578,314000,yahoo_chart_api,BTCC.TO,19.700000762939453,19.700000762939453,19.489999771118164,19.68000030517578
2025-07-02,19.6299991607666,20.049999237060547,19.59000015258789,20.040000915527344,20.040000915527344,373900,yahoo_chart_api,BTCC.TO,19.6299991607666,20.049999237060547,19.59000015258789,20.040000915527344
2025-07-03,19.969999313354492,20.190000534057617,19.93000030517578,20.059999465942383,20.059999465942383,322800,yahoo_chart_api,BTCC.TO,19.969999313354492,20.190000534057617,19.93000030517578,20.059999465942383
2025-07-04,19.829999923706055,19.84000015258789,19.600000381469727,19.639999389648438,19.639999389648438,295100,yahoo_chart_api,BTCC.TO,19.829999923706055,19.84000015258789,19.600000381469727,19.639999389648438
2025-07-07,19.770000457763672,19.81999969482422,19.610000610351562,19.729999542236328,19.729999542236328,298700,yahoo_chart_api,BTCC.TO,19.770000457763672,19.81999969482422,19.610000610351562,19.729999542236328
2025-07-08,19.889999389648438,19.940000534057617,19.719999313354492,19.860000610351562,19.860000610351562,233700,yahoo_chart_api,BTCC.TO,19.889999389648438,19.940000534057617,19.719999313354492,19.860000610351562
2025-07-09,20.010000228881836,20.450000762939453,19.799999237060547,20.389999389648438,20.389999389648438,549100,yahoo_chart_api,BTCC.TO,20.010000228881836,20.450000762939453,19.799999237060547,20.389999389648438
2025-07-10,20.290000915527344,20.78499984741211,20.18000030517578,20.690000534057617,20.690000534057617,427700,yahoo_chart_api,BTCC.TO,20.290000915527344,20.78499984741211,20.18000030517578,20.690000534057617
2025-07-11,21.469999313354492,21.559999465942383,21.280000686645508,21.540000915527344,21.540000915527344,616900,yahoo_chart_api,BTCC.TO,21.469999313354492,21.559999465942383,21.280000686645508,21.540000915527344
2025-07-14,22.18000030517578,22.270000457763672,21.739999771118164,21.860000610351562,21.860000610351562,651400,yahoo_chart_api,BTCC.TO,22.18000030517578,22.270000457763672,21.739999771118164,21.860000610351562
2025-07-15,21.5,21.6299991607666,21.1200008392334,21.219999313354492,21.219999313354492,463600,yahoo_chart_api,BTCC.TO,21.5,21.6299991607666,21.1200008392334,21.219999313354492
2025-07-16,21.639999389648438,21.8700008392334,21.559999465942383,21.760000228881836,21.760000228881836,561600,yahoo_chart_api,BTCC.TO,21.639999389648438,21.8700008392334,21.559999465942383,21.760000228881836
2025-07-17,21.510000228881836,21.8700008392334,21.43000030517578,21.690000534057617,21.690000534057617,409400,yahoo_chart_api,BTCC.TO,21.510000228881836,21.8700008392334,21.43000030517578,21.690000534057617
2025-07-18,21.6299991607666,21.760000228881836,21.3700008392334,21.40999984741211,21.40999984741211,352000,yahoo_chart_api,BTCC.TO,21.6299991607666,21.760000228881836,21.3700008392334,21.40999984741211
2025-07-21,21.549999237060547,21.719999313354492,21.260000228881836,21.270000457763672,21.270000457763672,333100,yahoo_chart_api,BTCC.TO,21.549999237060547,21.719999313354492,21.260000228881836,21.270000457763672
2025-07-22,21.709999084472656,21.920000076293945,21.450000762939453,21.75,21.75,648800,yahoo_chart_api,BTCC.TO,21.709999084472656,21.920000076293945,21.450000762939453,21.75
2025-07-23,21.549999237060547,21.6299991607666,21.3700008392334,21.59000015258789,21.59000015258789,317700,yahoo_chart_api,BTCC.TO,21.549999237060547,21.6299991607666,21.3700008392334,21.59000015258789
2025-07-24,21.639999389648438,21.790000915527344,21.479999542236328,21.68000030517578,21.68000030517578,193400,yahoo_chart_api,BTCC.TO,21.639999389648438,21.790000915527344,21.479999542236328,21.68000030517578
2025-07-25,21.18000030517578,21.329999923706055,20.950000762939453,21.25,21.25,515300,yahoo_chart_api,BTCC.TO,21.18000030517578,21.329999923706055,20.950000762939453,21.25
2025-07-28,21.59000015258789,21.68000030517578,21.3799991607666,21.5,21.5,331100,yahoo_chart_api,BTCC.TO,21.59000015258789,21.68000030517578,21.3799991607666,21.5
2025-07-29,21.649999618530273,21.65999984741211,21.299999237060547,21.399999618530273,21.399999618530273,227900,yahoo_chart_api,BTCC.TO,21.649999618530273,21.65999984741211,21.299999237060547,21.399999618530273
2025-07-30,21.40999984741211,21.6299991607666,21.059999465942383,21.270000457763672,21.270000457763672,261300,yahoo_chart_api,BTCC.TO,21.40999984741211,21.6299991607666,21.059999465942383,21.270000457763672
2025-07-31,21.520000457763672,21.6299991607666,21.229999542236328,21.25,21.25,294100,yahoo_chart_api,BTCC.TO,21.520000457763672,21.6299991607666,21.229999542236328,21.25
2025-08-01,21.020000457763672,21.049999237060547,20.56999969482422,20.59000015258789,20.59000015258789,474700,yahoo_chart_api,BTCC.TO,21.020000457763672,21.049999237060547,20.56999969482422,20.59000015258789
2025-08-05,20.739999771118164,20.809999465942383,20.469999313354492,20.670000076293945,20.670000076293945,248200,yahoo_chart_api,BTCC.TO,20.739999771118164,20.809999465942383,20.469999313354492,20.670000076293945
2025-08-06,20.719999313354492,21.049999237060547,20.649999618530273,20.959999084472656,20.959999084472656,267700,yahoo_chart_api,BTCC.TO,20.719999313354492,21.049999237060547,20.649999618530273,20.959999084472656
2025-08-07,21.190000534057617,21.40999984741211,21.079999923706055,21.395000457763672,21.395000457763672,227200,yahoo_chart_api,BTCC.TO,21.190000534057617,21.40999984741211,21.079999923706055,21.395000457763672
2025-08-08,21.260000228881836,21.34000015258789,21.09000015258789,21.190000534057617,21.190000534057617,263200,yahoo_chart_api,BTCC.TO,21.260000228881836,21.34000015258789,21.09000015258789,21.190000534057617
2025-08-11,21.75,21.969999313354492,21.584999084472656,21.65999984741211,21.65999984741211,617600,yahoo_chart_api,BTCC.TO,21.75,21.969999313354492,21.584999084472656,21.65999984741211
2025-08-12,21.690000534057617,21.84000015258789,21.56999969482422,21.760000228881836,21.760000228881836,441400,yahoo_chart_api,BTCC.TO,21.690000534057617,21.84000015258789,21.56999969482422,21.760000228881836
2025-08-13,21.90999984741211,22.360000610351562,21.860000610351562,22.329999923706055,22.329999923706055,640600,yahoo_chart_api,BTCC.TO,21.90999984741211,22.360000610351562,21.860000610351562,22.329999923706055
2025-08-14,21.520000457763672,21.719999313354492,21.31999969482422,21.450000762939453,21.450000762939453,683700,yahoo_chart_api,BTCC.TO,21.520000457763672,21.719999313354492,21.31999969482422,21.450000762939453
2025-08-15,21.559999465942383,21.559999465942383,21.239999771118164,21.270000457763672,21.270000457763672,268200,yahoo_chart_api,BTCC.TO,21.559999465942383,21.559999465942383,21.239999771118164,21.270000457763672
2025-08-18,21.030000686645508,21.239999771118164,20.850000381469727,21.1299991607666,21.1299991607666,284600,yahoo_chart_api,BTCC.TO,21.030000686645508,21.239999771118164,20.850000381469727,21.1299991607666
2025-08-19,21.049999237060547,21.049999237060547,20.469999313354492,20.540000915527344,20.540000915527344,437400,yahoo_chart_api,BTCC.TO,21.049999237060547,21.049999237060547,20.469999313354492,20.540000915527344
2025-08-20,20.579999923706055,20.780000686645508,20.420000076293945,20.770000457763672,20.770000457763672,466100,yahoo_chart_api,BTCC.TO,20.579999923706055,20.780000686645508,20.420000076293945,20.770000457763672
2025-08-21,20.59000015258789,20.690000534057617,20.34000015258789,20.360000610351562,20.360000610351562,246100,yahoo_chart_api,BTCC.TO,20.59000015258789,20.690000534057617,20.34000015258789,20.360000610351562
2025-08-22,20.389999389648438,21.34000015258789,20.31999969482422,21.25,21.25,677200,yahoo_chart_api,BTCC.TO,20.389999389648438,21.34000015258789,20.31999969482422,21.25
2025-08-25,20.299999237060547,20.5,20.06999969482422,20.100000381469727,20.100000381469727,403300,yahoo_chart_api,BTCC.TO,20.299999237060547,20.5,20.06999969482422,20.100000381469727
2025-08-26,20.0,20.18000030517578,19.860000610351562,20.15999984741211,20.15999984741211,280300,yahoo_chart_api,BTCC.TO,20.0,20.18000030517578,19.860000610351562,20.15999984741211
2025-08-27,20.219999313354492,20.450000762939453,20.149999618530273,20.34000015258789,20.34000015258789,215100,yahoo_chart_api,BTCC.TO,20.219999313354492,20.450000762939453,20.149999618530273,20.34000015258789
2025-08-28,20.5,20.559999465942383,20.299999237060547,20.309999465942383,20.309999465942383,218400,yahoo_chart_api,BTCC.TO,20.5,20.559999465942383,20.299999237060547,20.309999465942383
2025-08-29,20.059999465942383,20.059999465942383,19.579999923706055,19.649999618530273,19.649999618530273,387800,yahoo_chart_api,BTCC.TO,20.059999465942383,20.059999465942383,19.579999923706055,19.649999618530273
2025-09-02,19.829999923706055,20.270000457763672,19.790000915527344,20.09000015258789,20.09000015258789,355800,yahoo_chart_api,BTCC.TO,19.829999923706055,20.270000457763672,19.790000915527344,20.09000015258789
2025-09-03,20.209999084472656,20.43000030517578,20.15999984741211,20.329999923706055,20.329999923706055,156800,yahoo_chart_api,BTCC.TO,20.209999084472656,20.43000030517578,20.15999984741211,20.329999923706055
2025-09-04,20.06999969482422,20.110000610351562,19.81999969482422,19.90999984741211,19.90999984741211,237500,yahoo_chart_api,BTCC.TO,20.06999969482422,20.110000610351562,19.81999969482422,19.90999984741211
2025-09-05,20.450000762939453,20.530000686645508,19.989999771118164,20.25,20.25,493500,yahoo_chart_api,BTCC.TO,20.450000762939453,20.530000686645508,19.989999771118164,20.25
2025-09-08,20.290000915527344,20.479999542236328,20.290000915527344,20.329999923706055,20.329999923706055,144300,yahoo_chart_api,BTCC.TO,20.290000915527344,20.479999542236328,20.290000915527344,20.329999923706055
2025-09-09,20.479999542236328,20.479999542236328,20.06999969482422,20.190000534057617,20.190000534057617,161600,yahoo_chart_api,BTCC.TO,20.479999542236328,20.479999542236328,20.06999969482422,20.190000534057617
2025-09-10,20.600000381469727,20.729999542236328,20.510000228881836,20.600000381469727,20.600000381469727,271700,yahoo_chart_api,BTCC.TO,20.600000381469727,20.729999542236328,20.510000228881836,20.600000381469727
2025-09-11,20.6200008392334,20.799999237060547,20.6200008392334,20.760000228881836,20.760000228881836,116300,yahoo_chart_api,BTCC.TO,20.6200008392334,20.799999237060547,20.6200008392334,20.760000228881836
2025-09-12,20.829999923706055,21.174999237060547,20.829999923706055,21.15999984741211,21.15999984741211,191200,yahoo_chart_api,BTCC.TO,20.829999923706055,21.174999237060547,20.829999923706055,21.15999984741211
2025-09-15,20.8700008392334,20.959999084472656,20.739999771118164,20.899999618530273,20.899999618530273,135600,yahoo_chart_api,BTCC.TO,20.8700008392334,20.959999084472656,20.739999771118164,20.899999618530273
2025-09-16,20.940000534057617,21.209999084472656,20.81999969482422,21.209999084472656,21.209999084472656,215200,yahoo_chart_api,BTCC.TO,20.940000534057617,21.209999084472656,20.81999969482422,21.209999084472656
2025-09-17,21.09000015258789,21.09000015258789,20.790000915527344,20.969999313354492,20.969999313354492,332900,yahoo_chart_api,BTCC.TO,21.09000015258789,21.09000015258789,20.790000915527344,20.969999313354492
2025-09-18,21.299999237060547,21.3799991607666,21.219999313354492,21.290000915527344,21.290000915527344,275300,yahoo_chart_api,BTCC.TO,21.299999237060547,21.3799991607666,21.219999313354492,21.290000915527344
2025-09-19,21.030000686645508,21.104999542236328,20.850000381469727,20.850000381469727,20.850000381469727,214400,yahoo_chart_api,BTCC.TO,21.030000686645508,21.104999542236328,20.850000381469727,20.850000381469727
2025-09-22,20.489999771118164,20.56999969482422,20.30500030517578,20.329999923706055,20.329999923706055,255700,yahoo_chart_api,BTCC.TO,20.489999771118164,20.56999969482422,20.30500030517578,20.329999923706055
2025-09-23,20.450000762939453,20.520000457763672,20.209999084472656,20.209999084472656,20.209999084472656,133000,yahoo_chart_api,BTCC.TO,20.450000762939453,20.520000457763672,20.209999084472656,20.209999084472656
2025-09-24,20.5,20.639999389648438,20.440000534057617,20.540000915527344,20.540000915527344,144100,yahoo_chart_api,BTCC.TO,20.5,20.639999389648438,20.440000534057617,20.540000915527344
2025-09-25,20.200000762939453,20.219999313354492,19.649999618530273,19.790000915527344,19.790000915527344,400200,yahoo_chart_api,BTCC.TO,20.200000762939453,20.219999313354492,19.649999618530273,19.790000915527344
2025-09-26,19.799999237060547,19.969999313354492,19.68000030517578,19.770000457763672,19.770000457763672,301300,yahoo_chart_api,BTCC.TO,19.799999237060547,19.969999313354492,19.68000030517578,19.770000457763672
2025-09-29,20.329999923706055,20.719999313354492,20.299999237060547,20.690000534057617,20.690000534057617,240700,yahoo_chart_api,BTCC.TO,20.329999923706055,20.719999313354492,20.299999237060547,20.690000534057617
2025-09-30,20.510000228881836,20.729999542236328,20.420000076293945,20.709999084472656,20.709999084472656,92800,yahoo_chart_api,BTCC.TO,20.510000228881836,20.729999542236328,20.420000076293945,20.709999084472656
2025-10-01,21.09000015258789,21.399999618530273,21.079999923706055,21.260000228881836,21.260000228881836,321300,yahoo_chart_api,BTCC.TO,21.09000015258789,21.399999618530273,21.079999923706055,21.260000228881836
2025-10-02,21.549999237060547,21.90999984741211,21.459999084472656,21.8799991607666,21.8799991607666,527100,yahoo_chart_api,BTCC.TO,21.549999237060547,21.90999984741211,21.459999084472656,21.8799991607666
2025-10-03,21.860000610351562,22.440000534057617,21.739999771118164,22.18000030517578,22.18000030517578,553900,yahoo_chart_api,BTCC.TO,21.860000610351562,22.440000534057617,21.739999771118164,22.18000030517578
2025-10-06,22.6200008392334,22.860000610351562,22.530000686645508,22.719999313354492,22.719999313354492,378200,yahoo_chart_api,BTCC.TO,22.6200008392334,22.860000610351562,22.530000686645508,22.719999313354492
2025-10-07,22.6299991607666,22.6299991607666,21.84000015258789,22.014999389648438,22.014999389648438,344700,yahoo_chart_api,BTCC.TO,22.6299991607666,22.6299991607666,21.84000015258789,22.014999389648438
2025-10-08,22.190000534057617,22.479999542236328,22.020000457763672,22.350000381469727,22.350000381469727,221500,yahoo_chart_api,BTCC.TO,22.190000534057617,22.479999542236328,22.020000457763672,22.350000381469727
2025-10-09,22.350000381469727,22.360000610351562,21.700000762939453,21.90999984741211,21.90999984741211,509400,yahoo_chart_api,BTCC.TO,22.350000381469727,22.360000610351562,21.700000762939453,21.90999984741211
2025-10-10,22.049999237060547,22.170000076293945,20.979999542236328,21.079999923706055,21.079999923706055,604200,yahoo_chart_api,BTCC.TO,22.049999237060547,22.170000076293945,20.979999542236328,21.079999923706055
2025-10-14,20.0,20.559999465942383,19.8799991607666,20.34000015258789,20.34000015258789,892600,yahoo_chart_api,BTCC.TO,20.0,20.559999465942383,19.8799991607666,20.34000015258789
2025-10-15,20.190000534057617,20.31999969482422,19.920000076293945,20.1299991607666,20.1299991607666,508600,yahoo_chart_api,BTCC.TO,20.190000534057617,20.31999969482422,19.920000076293945,20.1299991607666
2025-10-16,20.079999923706055,20.139999389648438,19.440000534057617,19.559999465942383,19.559999465942383,802600,yahoo_chart_api,BTCC.TO,20.079999923706055,20.139999389648438,19.440000534057617,19.559999465942383
2025-10-17,19.030000686645508,19.420000076293945,18.8799991607666,19.25,19.25,531200,yahoo_chart_api,BTCC.TO,19.030000686645508,19.420000076293945,18.8799991607666,19.25
2025-10-20,20.0,20.18000030517578,19.850000381469727,20.020000457763672,20.020000457763672,343800,yahoo_chart_api,BTCC.TO,20.0,20.18000030517578,19.850000381469727,20.020000457763672
2025-10-21,19.649999618530273,20.600000381469727,19.540000915527344,20.190000534057617,20.190000534057617,595600,yahoo_chart_api,BTCC.TO,19.649999618530273,20.600000381469727,19.540000915527344,20.190000534057617
2025-10-22,19.549999237060547,19.700000762939453,19.420000076293945,19.479999542236328,19.479999542236328,770600,yahoo_chart_api,BTCC.TO,19.549999237060547,19.700000762939453,19.420000076293945,19.479999542236328
2025-10-23,19.729999542236328,20.110000610351562,19.639999389648438,19.920000076293945,19.920000076293945,459400,yahoo_chart_api,BTCC.TO,19.729999542236328,20.110000610351562,19.639999389648438,19.920000076293945
2025-10-24,20.1200008392334,20.1200008392334,19.84000015258789,19.969999313354492,19.969999313354492,206400,yahoo_chart_api,BTCC.TO,20.1200008392334,20.1200008392334,19.84000015258789,19.969999313354492
2025-10-27,20.770000457763672,20.90999984741211,20.670000076293945,20.75,20.75,314600,yahoo_chart_api,BTCC.TO,20.770000457763672,20.90999984741211,20.670000076293945,20.75
2025-10-28,20.760000228881836,20.969999313354492,20.479999542236328,20.5,20.5,374800,yahoo_chart_api,BTCC.TO,20.760000228881836,20.969999313354492,20.479999542236328,20.5
2025-10-29,20.5,20.520000457763672,19.75,19.959999084472656,19.959999084472656,804200,yahoo_chart_api,BTCC.TO,20.5,20.520000457763672,19.75,19.959999084472656
2025-10-30,19.56999969482422,19.600000381469727,19.200000762939453,19.200000762939453,19.200000762939453,446500,yahoo_chart_api,BTCC.TO,19.56999969482422,19.600000381469727,19.200000762939453,19.200000762939453
2025-10-31,19.809999465942383,20.020000457763672,19.600000381469727,19.770000457763672,19.770000457763672,292200,yahoo_chart_api,BTCC.TO,19.809999465942383,20.020000457763672,19.600000381469727,19.770000457763672
2025-11-03,19.43000030517578,19.510000228881836,19.010000228881836,19.229999542236328,19.229999542236328,435700,yahoo_chart_api,BTCC.TO,19.43000030517578,19.510000228881836,19.010000228881836,19.229999542236328
2025-11-04,18.75,18.90999984741211,17.950000762939453,18.139999389648438,18.139999389648438,642500,yahoo_chart_api,BTCC.TO,18.75,18.90999984741211,17.950000762939453,18.139999389648438
2025-11-05,18.540000915527344,18.8799991607666,18.440000534057617,18.75,18.75,316100,yahoo_chart_api,BTCC.TO,18.540000915527344,18.8799991607666,18.440000534057617,18.75
2025-11-06,18.549999237060547,18.549999237060547,18.06999969482422,18.170000076293945,18.170000076293945,226800,yahoo_chart_api,BTCC.TO,18.549999237060547,18.549999237060547,18.06999969482422,18.170000076293945
2025-11-07,18.040000915527344,18.700000762939453,17.90999984741211,18.700000762939453,18.700000762939453,405900,yahoo_chart_api,BTCC.TO,18.040000915527344,18.700000762939453,17.90999984741211,18.700000762939453
2025-11-10,19.149999618530273,19.15999984741211,18.889999389648438,19.09000015258789,19.09000015258789,231200,yahoo_chart_api,BTCC.TO,19.149999618530273,19.15999984741211,18.889999389648438,19.09000015258789
2025-11-11,18.84000015258789,18.84000015258789,18.510000228881836,18.530000686645508,18.530000686645508,195200,yahoo_chart_api,BTCC.TO,18.84000015258789,18.84000015258789,18.510000228881836,18.530000686645508
2025-11-12,18.8799991607666,18.889999389648438,18.18000030517578,18.280000686645508,18.280000686645508,228400,yahoo_chart_api,BTCC.TO,18.8799991607666,18.889999389648438,18.18000030517578,18.280000686645508
2025-11-13,18.43000030517578,18.6299991607666,17.649999618530273,17.670000076293945,17.670000076293945,409200,yahoo_chart_api,BTCC.TO,18.43000030517578,18.6299991607666,17.649999618530273,17.670000076293945
2025-11-14,17.149999618530273,17.540000915527344,16.979999542236328,17.0,17.0,602800,yahoo_chart_api,BTCC.TO,17.149999618530273,17.540000915527344,16.979999542236328,17.0
2025-11-17,16.969999313354492,17.280000686645508,16.43000030517578,16.540000915527344,16.540000915527344,465700,yahoo_chart_api,BTCC.TO,16.969999313354492,17.280000686645508,16.43000030517578,16.540000915527344
2025-11-18,16.5,16.90999984741211,16.3799991607666,16.729999542236328,16.729999542236328,351800,yahoo_chart_api,BTCC.TO,16.5,16.90999984741211,16.3799991607666,16.729999542236328
2025-11-19,16.43000030517578,16.639999389648438,15.949999809265137,16.1299991607666,16.1299991607666,433500,yahoo_chart_api,BTCC.TO,16.43000030517578,16.639999389648438,15.949999809265137,16.1299991607666
2025-11-20,16.450000762939453,16.479999542236328,15.479999542236328,15.539999961853027,15.539999961853027,744100,yahoo_chart_api,BTCC.TO,16.450000762939453,16.479999542236328,15.479999542236328,15.539999961853027
2025-11-21,15.039999961853027,15.399999618530273,14.829999923706055,15.204999923706055,15.204999923706055,861600,yahoo_chart_api,BTCC.TO,15.039999961853027,15.399999618530273,14.829999923706055,15.204999923706055
2025-11-24,15.479999542236328,16.084999084472656,15.359999656677246,16.059999465942383,16.059999465942383,638300,yahoo_chart_api,BTCC.TO,15.479999542236328,16.084999084472656,15.359999656677246,16.059999465942383
2025-11-25,15.710000038146973,15.850000381469727,15.510000228881836,15.744999885559082,15.744999885559082,293800,yahoo_chart_api,BTCC.TO,15.710000038146973,15.850000381469727,15.510000228881836,15.744999885559082
2025-11-26,15.75,16.290000915527344,15.630000114440918,16.200000762939453,16.200000762939453,421200,yahoo_chart_api,BTCC.TO,15.75,16.290000915527344,15.630000114440918,16.200000762939453
2025-11-27,16.389999389648438,16.540000915527344,16.309999465942383,16.5,16.5,405100,yahoo_chart_api,BTCC.TO,16.389999389648438,16.540000915527344,16.309999465942383,16.5
2025-11-28,16.75,16.760000228881836,16.270000457763672,16.420000076293945,16.420000076293945,429600,yahoo_chart_api,BTCC.TO,16.75,16.760000228881836,16.270000457763672,16.420000076293945
2025-12-01,15.520000457763672,15.609999656677246,15.100000381469727,15.399999618530273,15.399999618530273,612100,yahoo_chart_api,BTCC.TO,15.520000457763672,15.609999656677246,15.100000381469727,15.399999618530273
2025-12-02,15.970000267028809,16.610000610351562,15.920000076293945,16.389999389648438,16.389999389648438,438300,yahoo_chart_api,BTCC.TO,15.970000267028809,16.610000610351562,15.920000076293945,16.389999389648438
2025-12-03,16.670000076293945,16.850000381469727,16.540000915527344,16.729999542236328,16.729999542236328,296300,yahoo_chart_api,BTCC.TO,16.670000076293945,16.850000381469727,16.540000915527344,16.729999542236328
2025-12-04,16.709999084472656,16.780000686645508,16.3799991607666,16.65999984741211,16.65999984741211,273300,yahoo_chart_api,BTCC.TO,16.709999084472656,16.780000686645508,16.3799991607666,16.65999984741211
2025-12-05,16.290000915527344,16.440000534057617,15.880000114440918,16.079999923706055,16.079999923706055,322700,yahoo_chart_api,BTCC.TO,16.290000915527344,16.440000534057617,15.880000114440918,16.079999923706055
2025-12-08,16.40999984741211,16.489999771118164,16.1299991607666,16.31999969482422,16.31999969482422,239600,yahoo_chart_api,BTCC.TO,16.40999984741211,16.489999771118164,16.1299991607666,16.31999969482422
2025-12-09,16.209999084472656,16.989999771118164,16.209999084472656,16.719999313354492,16.719999313354492,364800,yahoo_chart_api,BTCC.TO,16.209999084472656,16.989999771118164,16.209999084472656,16.719999313354492
2025-12-10,16.549999237060547,17.0,16.479999542236328,16.6299991607666,16.6299991607666,631400,yahoo_chart_api,BTCC.TO,16.549999237060547,17.0,16.479999542236328,16.6299991607666
2025-12-11,16.229999542236328,16.520000457763672,16.065000534057617,16.520000457763672,16.520000457763672,294600,yahoo_chart_api,BTCC.TO,16.229999542236328,16.520000457763672,16.065000534057617,16.520000457763672
2025-12-12,16.489999771118164,16.65999984741211,16.09000015258789,16.209999084472656,16.209999084472656,346000,yahoo_chart_api,BTCC.TO,16.489999771118164,16.65999984741211,16.09000015258789,16.209999084472656
2025-12-15,16.06999969482422,16.15999984741211,15.350000381469727,15.46500015258789,15.46500015258789,378600,yahoo_chart_api,BTCC.TO,16.06999969482422,16.15999984741211,15.350000381469727,15.46500015258789
2025-12-16,15.569999694824219,15.829999923706055,15.569999694824219,15.760000228881836,15.760000228881836,151700,yahoo_chart_api,BTCC.TO,15.569999694824219,15.829999923706055,15.569999694824219,15.760000228881836
2025-12-17,15.770000457763672,16.239999771118164,15.350000381469727,15.4399995803833,15.4399995803833,379300,yahoo_chart_api,BTCC.TO,15.770000457763672,16.239999771118164,15.350000381469727,15.4399995803833
2025-12-18,15.90999984741211,16.049999237060547,15.199999809265137,15.229999542236328,15.229999542236328,605700,yahoo_chart_api,BTCC.TO,15.90999984741211,16.049999237060547,15.199999809265137,15.229999542236328
2025-12-19,15.789999961853027,16.030000686645508,15.600000381469727,15.789999961853027,15.789999961853027,383000,yahoo_chart_api,BTCC.TO,15.789999961853027,16.030000686645508,15.600000381469727,15.789999961853027
2025-12-22,16.139999389648438,16.229999542236328,15.789999961853027,15.859999656677246,15.859999656677246,261100,yahoo_chart_api,BTCC.TO,16.139999389648438,16.229999542236328,15.789999961853027,15.859999656677246
2025-12-23,15.720000267028809,15.850000381469727,15.5600004196167,15.739999771118164,15.739999771118164,185400,yahoo_chart_api,BTCC.TO,15.720000267028809,15.850000381469727,15.5600004196167,15.739999771118164
2025-12-24,15.649999618530273,15.729999542236328,15.529999732971191,15.680000305175781,15.680000305175781,132200,yahoo_chart_api,BTCC.TO,15.649999618530273,15.729999542236328,15.529999732971191,15.680000305175781
2025-12-29,15.699999809265137,15.829999923706055,15.609999656677246,15.649999618530273,15.649999618530273,176700,yahoo_chart_api,BTCC.TO,15.699999809265137,15.829999923706055,15.609999656677246,15.649999618530273
2025-12-30,15.789999961853027,16.040000915527344,15.75,15.770000457763672,15.770000457763672,251100,yahoo_chart_api,BTCC.TO,15.789999961853027,16.040000915527344,15.75,15.770000457763672
2025-12-31,15.920000076293945,15.9399995803833,15.640000343322754,15.729999542236328,15.729999542236328,184600,yahoo_chart_api,BTCC.TO,15.920000076293945,15.9399995803833,15.640000343322754,15.729999542236328
2026-01-02,15.970000267028809,16.31999969482422,15.899999618530273,16.1200008392334,16.1200008392334,518400,yahoo_chart_api,BTCC.TO,15.970000267028809,16.31999969482422,15.899999618530273,16.1200008392334
2026-01-05,16.639999389648438,17.020000457763672,16.59000015258789,16.889999389648438,16.889999389648438,417100,yahoo_chart_api,BTCC.TO,16.639999389648438,17.020000457763672,16.59000015258789,16.889999389648438
2026-01-06,16.940000534057617,16.950000762939453,16.389999389648438,16.610000610351562,16.610000610351562,335400,yahoo_chart_api,BTCC.TO,16.940000534057617,16.950000762939453,16.389999389648438,16.610000610351562
2026-01-07,16.399999618530273,16.5,16.25,16.309999465942383,16.309999465942383,213600,yahoo_chart_api,BTCC.TO,16.399999618530273,16.5,16.25,16.309999465942383
2026-01-08,16.059999465942383,16.3799991607666,15.989999771118164,16.290000915527344,16.290000915527344,160900,yahoo_chart_api,BTCC.TO,16.059999465942383,16.3799991607666,15.989999771118164,16.290000915527344
2026-01-09,16.25,16.489999771118164,16.09000015258789,16.190000534057617,16.190000534057617,220600,yahoo_chart_api,BTCC.TO,16.25,16.489999771118164,16.09000015258789,16.190000534057617
2026-01-12,16.18000030517578,16.549999237060547,16.149999618530273,16.389999389648438,16.389999389648438,160700,yahoo_chart_api,BTCC.TO,16.18000030517578,16.549999237060547,16.149999618530273,16.389999389648438
2026-01-13,16.579999923706055,16.940000534057617,16.540000915527344,16.924999237060547,16.924999237060547,421900,yahoo_chart_api,BTCC.TO,16.579999923706055,16.940000534057617,16.540000915527344,16.924999237060547
2026-01-14,17.139999389648438,17.56999969482422,17.110000610351562,17.520000457763672,17.520000457763672,535400,yahoo_chart_api,BTCC.TO,17.139999389648438,17.56999969482422,17.110000610351562,17.520000457763672
2026-01-15,17.3799991607666,17.399999618530273,17.059999465942383,17.065000534057617,17.065000534057617,324800,yahoo_chart_api,BTCC.TO,17.3799991607666,17.399999618530273,17.059999465942383,17.065000534057617
2026-01-16,17.149999618530273,17.170000076293945,16.899999618530273,17.110000610351562,17.110000610351562,146900,yahoo_chart_api,BTCC.TO,17.149999618530273,17.170000076293945,16.899999618530273,17.110000610351562
2026-01-19,16.6200008392334,16.729999542236328,16.6200008392334,16.649999618530273,16.649999618530273,141100,yahoo_chart_api,BTCC.TO,16.6200008392334,16.729999542236328,16.6200008392334,16.649999618530273
2026-01-20,16.290000915527344,16.350000381469727,15.979999542236328,16.06999969482422,16.06999969482422,499400,yahoo_chart_api,BTCC.TO,16.290000915527344,16.350000381469727,15.979999542236328,16.06999969482422
2026-01-21,16.020000457763672,16.209999084472656,15.619999885559082,16.15999984741211,16.15999984741211,432900,yahoo_chart_api,BTCC.TO,16.020000457763672,16.209999084472656,15.619999885559082,16.15999984741211
2026-01-22,16.030000686645508,16.100000381469727,15.850000381469727,16.0,16.0,235600,yahoo_chart_api,BTCC.TO,16.030000686645508,16.100000381469727,15.850000381469727,16.0
2026-01-23,16.030000686645508,16.309999465942383,15.845000267028809,16.0,16.0,383800,yahoo_chart_api,BTCC.TO,16.030000686645508,16.309999465942383,15.845000267028809,16.0
2026-01-26,15.6899995803833,15.890000343322754,15.59000015258789,15.670000076293945,15.670000076293945,231900,yahoo_chart_api,BTCC.TO,15.6899995803833,15.890000343322754,15.59000015258789,15.670000076293945
2026-01-27,15.770000457763672,16.0,15.609999656677246,15.979999542236328,15.979999542236328,230100,yahoo_chart_api,BTCC.TO,15.770000457763672,16.0,15.609999656677246,15.979999542236328
2026-01-28,16.059999465942383,16.200000762939453,15.899999618530273,15.9399995803833,15.9399995803833,320700,yahoo_chart_api,BTCC.TO,16.059999465942383,16.200000762939453,15.899999618530273,15.9399995803833
2026-01-29,15.670000076293945,15.720000267028809,14.920000076293945,15.069999694824219,15.069999694824219,952600,yahoo_chart_api,BTCC.TO,15.670000076293945,15.720000267028809,14.920000076293945,15.069999694824219
2026-01-30,14.930000305175781,15.130000114440918,14.649999618530273,15.0,15.0,596900,yahoo_chart_api,BTCC.TO,14.930000305175781,15.130000114440918,14.649999618530273,15.0
2026-02-02,13.970000267028809,14.210000038146973,13.880000114440918,13.960000038146973,13.960000038146973,485800,yahoo_chart_api,BTCC.TO,13.970000267028809,14.210000038146973,13.880000114440918,13.960000038146973
2026-02-03,14.020000457763672,14.029999732971191,13.029999732971191,13.649999618530273,13.649999618530273,933400,yahoo_chart_api,BTCC.TO,14.020000457763672,14.029999732971191,13.029999732971191,13.649999618530273
2026-02-04,13.4399995803833,13.510000228881836,12.880000114440918,13.109999656677246,13.109999656677246,797000,yahoo_chart_api,BTCC.TO,13.4399995803833,13.510000228881836,12.880000114440918,13.109999656677246
2026-02-05,12.489999771118164,12.649999618530273,11.119999885559082,11.350000381469727,11.350000381469727,1950700,yahoo_chart_api,BTCC.TO,12.489999771118164,12.649999618530273,11.119999885559082,11.350000381469727
2026-02-06,12.0,12.760000228881836,11.989999771118164,12.520000457763672,12.520000457763672,895300,yahoo_chart_api,BTCC.TO,12.0,12.760000228881836,11.989999771118164,12.520000457763672
2026-02-09,12.34000015258789,12.699999809265137,12.220000267028809,12.640000343322754,12.640000343322754,343700,yahoo_chart_api,BTCC.TO,12.34000015258789,12.699999809265137,12.220000267028809,12.640000343322754
2026-02-10,12.34000015258789,12.5,12.15999984741211,12.289999961853027,12.289999961853027,277900,yahoo_chart_api,BTCC.TO,12.34000015258789,12.5,12.15999984741211,12.289999961853027
2026-02-11,12.130000114440918,12.180000305175781,11.739999771118164,12.0600004196167,12.0600004196167,377800,yahoo_chart_api,BTCC.TO,12.130000114440918,12.180000305175781,11.739999771118164,12.0600004196167
2026-02-12,12.130000114440918,12.170000076293945,11.630000114440918,11.670000076293945,11.670000076293945,336200,yahoo_chart_api,BTCC.TO,12.130000114440918,12.170000076293945,11.630000114440918,11.670000076293945
2026-02-13,11.989999771118164,12.380000114440918,11.9399995803833,12.270000457763672,12.270000457763672,432200,yahoo_chart_api,BTCC.TO,11.989999771118164,12.380000114440918,11.9399995803833,12.270000457763672
2026-02-17,12.149999618530273,12.170000076293945,11.899999618530273,12.095000267028809,12.095000267028809,184600,yahoo_chart_api,BTCC.TO,12.149999618530273,12.170000076293945,11.899999618530273,12.095000267028809
2026-02-18,11.979999542236328,12.1899995803833,11.75,11.824999809265137,11.824999809265137,341600,yahoo_chart_api,BTCC.TO,11.979999542236328,12.1899995803833,11.75,11.824999809265137
2026-02-19,11.770000457763672,11.979999542236328,11.710000038146973,11.960000038146973,11.960000038146973,234700,yahoo_chart_api,BTCC.TO,11.770000457763672,11.979999542236328,11.710000038146973,11.960000038146973
2026-02-20,11.930000305175781,12.130000114440918,11.920000076293945,12.069999694824219,12.069999694824219,345900,yahoo_chart_api,BTCC.TO,11.930000305175781,12.130000114440918,11.920000076293945,12.069999694824219
2026-02-23,11.800000190734863,11.8100004196167,11.399999618530273,11.489999771118164,11.489999771118164,430300,yahoo_chart_api,BTCC.TO,11.800000190734863,11.8100004196167,11.399999618530273,11.489999771118164
2026-02-24,11.199999809265137,11.510000228881836,11.199999809265137,11.5,11.5,199800,yahoo_chart_api,BTCC.TO,11.199999809265137,11.510000228881836,11.199999809265137,11.5
2026-02-25,11.859999656677246,12.404999732971191,11.8100004196167,12.345000267028809,12.345000267028809,588900,yahoo_chart_api,BTCC.TO,11.859999656677246,12.404999732971191,11.8100004196167,12.345000267028809
2026-02-26,12.140000343322754,12.180000305175781,11.880000114440918,12.010000228881836,12.010000228881836,473800,yahoo_chart_api,BTCC.TO,12.140000343322754,12.180000305175781,11.880000114440918,12.010000228881836
2026-02-27,11.800000190734863,11.8100004196167,11.619999885559082,11.6850004196167,11.6850004196167,406800,yahoo_chart_api,BTCC.TO,11.800000190734863,11.8100004196167,11.619999885559082,11.6850004196167
2026-03-02,11.630000114440918,12.489999771118164,11.630000114440918,12.335000038146973,12.335000038146973,429800,yahoo_chart_api,BTCC.TO,11.630000114440918,12.489999771118164,11.630000114440918,12.335000038146973
2026-03-03,11.970000267028809,12.289999961853027,11.800000190734863,12.149999618530273,12.149999618530273,403200,yahoo_chart_api,BTCC.TO,11.970000267028809,12.289999961853027,11.800000190734863,12.149999618530273
2026-03-04,12.770000457763672,13.180000305175781,12.720000267028809,13.020000457763672,13.020000457763672,609800,yahoo_chart_api,BTCC.TO,12.770000457763672,13.180000305175781,12.720000267028809,13.020000457763672
2026-03-05,12.9399995803833,12.949999809265137,12.579999923706055,12.699999809265137,12.699999809265137,364300,yahoo_chart_api,BTCC.TO,12.9399995803833,12.949999809265137,12.579999923706055,12.699999809265137
2026-03-06,12.300000190734863,12.300000190734863,12.069999694824219,12.140000343322754,12.140000343322754,240700,yahoo_chart_api,BTCC.TO,12.300000190734863,12.300000190734863,12.069999694824219,12.140000343322754
2026-03-09,12.199999809265137,12.369999885559082,12.170000076293945,12.300000190734863,12.300000190734863,285100,yahoo_chart_api,BTCC.TO,12.199999809265137,12.369999885559082,12.170000076293945,12.300000190734863
2026-03-10,12.609999656677246,12.770000457763672,12.350000381469727,12.460000038146973,12.460000038146973,366400,yahoo_chart_api,BTCC.TO,12.609999656677246,12.770000457763672,12.350000381469727,12.460000038146973
2026-03-11,12.489999771118164,12.699999809265137,12.420000076293945,12.569999694824219,12.569999694824219,221100,yahoo_chart_api,BTCC.TO,12.489999771118164,12.699999809265137,12.420000076293945,12.569999694824219
2026-03-12,12.5,12.569999694824219,12.359999656677246,12.555000305175781,12.555000305175781,293900,yahoo_chart_api,BTCC.TO,12.5,12.569999694824219,12.359999656677246,12.555000305175781
2026-03-13,12.989999771118164,13.170000076293945,12.630000114440918,12.680000305175781,12.680000305175781,533800,yahoo_chart_api,BTCC.TO,12.989999771118164,13.170000076293945,12.630000114440918,12.680000305175781
2026-03-16,13.140000343322754,13.25,12.989999771118164,13.154999732971191,13.154999732971191,558300,yahoo_chart_api,BTCC.TO,13.140000343322754,13.25,12.989999771118164,13.154999732971191
2026-03-17,13.130000114440918,13.300000190734863,13.069999694824219,13.270000457763672,13.270000457763672,323000,yahoo_chart_api,BTCC.TO,13.130000114440918,13.300000190734863,13.069999694824219,13.270000457763672
2026-03-18,12.9399995803833,12.9399995803833,12.640000343322754,12.65999984741211,12.65999984741211,411600,yahoo_chart_api,BTCC.TO,12.9399995803833,12.9399995803833,12.640000343322754,12.65999984741211
2026-03-19,12.350000381469727,12.5600004196167,12.25,12.5,12.5,313400,yahoo_chart_api,BTCC.TO,12.350000381469727,12.5600004196167,12.25,12.5
2026-03-20,12.520000457763672,12.539999961853027,12.34000015258789,12.479999542236328,12.479999542236328,201700,yahoo_chart_api,BTCC.TO,12.520000457763672,12.539999961853027,12.34000015258789,12.479999542236328
2026-03-23,12.5600004196167,12.760000228881836,12.470000267028809,12.569999694824219,12.569999694824219,178800,yahoo_chart_api,BTCC.TO,12.5600004196167,12.760000228881836,12.470000267028809,12.569999694824219
2026-03-24,12.529999732971191,12.569999694824219,12.25,12.329999923706055,12.329999923706055,142100,yahoo_chart_api,BTCC.TO,12.529999732971191,12.569999694824219,12.25,12.329999923706055
2026-03-25,12.710000038146973,12.789999961853027,12.5600004196167,12.59000015258789,12.59000015258789,178600,yahoo_chart_api,BTCC.TO,12.710000038146973,12.789999961853027,12.5600004196167,12.59000015258789
2026-03-26,12.34000015258789,12.40999984741211,12.09000015258789,12.175000190734863,12.175000190734863,497900,yahoo_chart_api,BTCC.TO,12.34000015258789,12.40999984741211,12.09000015258789,12.175000190734863
2026-03-27,11.850000381469727,11.850000381469727,11.640000343322754,11.729999542236328,11.729999542236328,524900,yahoo_chart_api,BTCC.TO,11.850000381469727,11.850000381469727,11.640000343322754,11.729999542236328
2026-03-30,12.039999961853027,12.079999923706055,11.765000343322754,11.789999961853027,11.789999961853027,262600,yahoo_chart_api,BTCC.TO,12.039999961853027,12.079999923706055,11.765000343322754,11.789999961853027
2026-03-31,11.84000015258789,12.149999618530273,11.800000190734863,12.029999732971191,12.029999732971191,304200,yahoo_chart_api,BTCC.TO,11.84000015258789,12.149999618530273,11.800000190734863,12.029999732971191
2026-04-01,12.15999984741211,12.279999732971191,12.0600004196167,12.09000015258789,12.09000015258789,250500,yahoo_chart_api,BTCC.TO,12.15999984741211,12.279999732971191,12.0600004196167,12.09000015258789
2026-04-02,11.75,11.970000267028809,11.670000076293945,11.90999984741211,11.90999984741211,233000,yahoo_chart_api,BTCC.TO,11.75,11.970000267028809,11.670000076293945,11.90999984741211
2026-04-06,12.25,12.479999542236328,12.25,12.369999885559082,12.369999885559082,258000,yahoo_chart_api,BTCC.TO,12.25,12.479999542236328,12.25,12.369999885559082
2026-04-07,12.15999984741211,12.260000228881836,12.020000457763672,12.239999771118164,12.239999771118164,325400,yahoo_chart_api,BTCC.TO,12.15999984741211,12.260000228881836,12.020000457763672,12.239999771118164
2026-04-08,12.84000015258789,12.880000114440918,12.550000190734863,12.649999618530273,12.649999618530273,288800,yahoo_chart_api,BTCC.TO,12.84000015258789,12.880000114440918,12.550000190734863,12.649999618530273
2026-04-09,12.630000114440918,12.859999656677246,12.520000457763672,12.789999961853027,12.789999961853027,341000,yahoo_chart_api,BTCC.TO,12.630000114440918,12.859999656677246,12.520000457763672,12.789999961853027
2026-04-10,12.850000381469727,13.010000228881836,12.770000457763672,13.010000228881836,13.010000228881836,175700,yahoo_chart_api,BTCC.TO,12.850000381469727,13.010000228881836,12.770000457763672,13.010000228881836
2026-04-13,12.630000114440918,13.039999961853027,12.569999694824219,13.010000228881836,13.010000228881836,219000,yahoo_chart_api,BTCC.TO,12.630000114440918,13.039999961853027,12.569999694824219,13.010000228881836
2026-04-14,13.239999771118164,13.5,13.119999885559082,13.1899995803833,13.1899995803833,630200,yahoo_chart_api,BTCC.TO,13.239999771118164,13.5,13.119999885559082,13.1899995803833
2026-04-15,13.25,13.359999656677246,13.079999923706055,13.3100004196167,13.3100004196167,101200,yahoo_chart_api,BTCC.TO,13.25,13.359999656677246,13.079999923706055,13.3100004196167
2026-04-16,13.279999732971191,13.369999885559082,13.0,13.359999656677246,13.359999656677246,565400,yahoo_chart_api,BTCC.TO,13.279999732971191,13.369999885559082,13.0,13.359999656677246
2026-04-17,13.569999694824219,13.869999885559082,13.520000457763672,13.739999771118164,13.739999771118164,413300,yahoo_chart_api,BTCC.TO,13.569999694824219,13.869999885559082,13.520000457763672,13.739999771118164
2026-04-20,13.359999656677246,13.5600004196167,13.270000457763672,13.539999961853027,13.539999961853027,275300,yahoo_chart_api,BTCC.TO,13.359999656677246,13.5600004196167,13.270000457763672,13.539999961853027
2026-04-21,13.479999542236328,13.5600004196167,13.270000457763672,13.319999694824219,13.319999694824219,385100,yahoo_chart_api,BTCC.TO,13.479999542236328,13.5600004196167,13.270000457763672,13.319999694824219
2026-04-22,13.890000343322754,14.069999694824219,13.880000114440918,13.970000267028809,13.970000267028809,448600,yahoo_chart_api,BTCC.TO,13.890000343322754,14.069999694824219,13.880000114440918,13.970000267028809
2026-04-23,13.770000457763672,13.930000305175781,13.640000343322754,13.770000457763672,13.770000457763672,301900,yahoo_chart_api,BTCC.TO,13.770000457763672,13.930000305175781,13.640000343322754,13.770000457763672
2026-04-24,13.859999656677246,13.869999885559082,13.720000267028809,13.75,13.75,106900,yahoo_chart_api,BTCC.TO,13.859999656677246,13.869999885559082,13.720000267028809,13.75
2026-04-27,13.779999732971191,13.859999656677246,13.5600004196167,13.630000114440918,13.630000114440918,164300,yahoo_chart_api,BTCC.TO,13.779999732971191,13.859999656677246,13.5600004196167,13.630000114440918
2026-04-28,13.510000228881836,13.529999732971191,13.399999618530273,13.5,13.5,163400,yahoo_chart_api,BTCC.TO,13.510000228881836,13.529999732971191,13.399999618530273,13.5
2026-04-29,13.609999656677246,13.609999656677246,13.279999732971191,13.364999771118164,13.364999771118164,128900,yahoo_chart_api,BTCC.TO,13.609999656677246,13.609999656677246,13.279999732971191,13.364999771118164
2026-04-30,13.470000267028809,13.569999694824219,13.460000038146973,13.529999732971191,13.529999732971191,122300,yahoo_chart_api,BTCC.TO,13.470000267028809,13.569999694824219,13.460000038146973,13.529999732971191
2026-05-01,13.859999656677246,13.960000038146973,13.819999694824219,13.869999885559082,13.869999885559082,229500,yahoo_chart_api,BTCC.TO,13.859999656677246,13.960000038146973,13.819999694824219,13.869999885559082
2026-05-04,13.989999771118164,14.270000457763672,13.890000343322754,14.15999984741211,14.15999984741211,318000,yahoo_chart_api,BTCC.TO,13.989999771118164,14.270000457763672,13.890000343322754,14.15999984741211
2026-05-05,14.430000305175781,14.460000038146973,14.350000381469727,14.460000038146973,14.460000038146973,212500,yahoo_chart_api,BTCC.TO,14.430000305175781,14.460000038146973,14.350000381469727,14.460000038146973
2026-05-06,14.5,14.510000228881836,14.369999885559082,14.430000305175781,14.430000305175781,168100,yahoo_chart_api,BTCC.TO,14.5,14.510000228881836,14.369999885559082,14.430000305175781
2026-05-07,14.3100004196167,14.319999694824219,14.100000381469727,14.1899995803833,14.1899995803833,261600,yahoo_chart_api,BTCC.TO,14.3100004196167,14.319999694824219,14.100000381469727,14.1899995803833
2026-05-08,14.09000015258789,14.229999542236328,14.069999694824219,14.170000076293945,14.170000076293945,89300,yahoo_chart_api,BTCC.TO,14.09000015258789,14.229999542236328,14.069999694824219,14.170000076293945
2026-05-11,14.34000015258789,14.510000228881836,14.229999542236328,14.5,14.5,339200,yahoo_chart_api,BTCC.TO,14.34000015258789,14.510000228881836,14.229999542236328,14.5
2026-05-12,14.289999961853027,14.300000190734863,14.130000114440918,14.279999732971191,14.279999732971191,305200,yahoo_chart_api,BTCC.TO,14.289999961853027,14.300000190734863,14.130000114440918,14.279999732971191
2026-05-13,14.180000305175781,14.180000305175781,13.920000076293945,14.069999694824219,14.069999694824219,302700,yahoo_chart_api,BTCC.TO,14.180000305175781,14.180000305175781,13.920000076293945,14.069999694824219
2026-05-14,14.109999656677246,14.5,14.079999923706055,14.390000343322754,14.390000343322754,246800,yahoo_chart_api,BTCC.TO,14.109999656677246,14.5,14.079999923706055,14.390000343322754
2026-05-15,14.130000114440918,14.140000343322754,13.890000343322754,13.970000267028809,13.970000267028809,311500,yahoo_chart_api,BTCC.TO,14.130000114440918,14.140000343322754,13.890000343322754,13.970000267028809
2026-05-19,13.550000190734863,13.600000381469727,13.449999809265137,13.569999694824219,13.569999694824219,216900,yahoo_chart_api,BTCC.TO,13.550000190734863,13.600000381469727,13.449999809265137,13.569999694824219
2026-05-20,13.630000114440918,13.729999542236328,13.59000015258789,13.699999809265137,13.699999809265137,101100,yahoo_chart_api,BTCC.TO,13.630000114440918,13.729999542236328,13.59000015258789,13.699999809265137
2026-05-21,13.640000343322754,13.770000457763672,13.539999961853027,13.720000267028809,13.720000267028809,147400,yahoo_chart_api,BTCC.TO,13.640000343322754,13.770000457763672,13.539999961853027,13.720000267028809
2026-05-22,13.630000114440918,13.649999618530273,13.350000381469727,13.380000114440918,13.380000114440918,292200,yahoo_chart_api,BTCC.TO,13.630000114440918,13.649999618530273,13.350000381469727,13.380000114440918
2026-05-25,13.630000114440918,13.729999542236328,13.619999885559082,13.649999618530273,13.649999618530273,101100,yahoo_chart_api,BTCC.TO,13.630000114440918,13.729999542236328,13.619999885559082,13.649999618530273
2026-05-26,13.550000190734863,13.774999618530273,13.359999656677246,13.390000343322754,13.390000343322754,231100,yahoo_chart_api,BTCC.TO,13.550000190734863,13.774999618530273,13.359999656677246,13.390000343322754
2026-05-27,13.25,13.300000190734863,13.149999618530273,13.21500015258789,13.21500015258789,300500,yahoo_chart_api,BTCC.TO,13.25,13.300000190734863,13.149999618530273,13.21500015258789
2026-05-28,12.899999618530273,13.0,12.789999961853027,12.949999809265137,12.949999809265137,303000,yahoo_chart_api,BTCC.TO,12.899999618530273,13.0,12.789999961853027,12.949999809265137
2026-05-29,12.859999656677246,13.100000381469727,12.789999961853027,12.960000038146973,12.960000038146973,360800,yahoo_chart_api,BTCC.TO,12.859999656677246,13.100000381469727,12.789999961853027,12.960000038146973
2026-06-01,12.670000076293945,12.680000305175781,12.449999809265137,12.59000015258789,12.59000015258789,361900,yahoo_chart_api,BTCC.TO,12.670000076293945,12.680000305175781,12.449999809265137,12.59000015258789
2026-06-02,12.149999618530273,12.170000076293945,11.710000038146973,11.850000381469727,11.850000381469727,809600,yahoo_chart_api,BTCC.TO,12.149999618530273,12.170000076293945,11.710000038146973,11.850000381469727
2026-06-03,11.789999961853027,11.8100004196167,11.489999771118164,11.515000343322754,11.515000343322754,339400,yahoo_chart_api,BTCC.TO,11.789999961853027,11.8100004196167,11.489999771118164,11.515000343322754
