ts,realized_points,open_units,close_equity_points,intrabar_stress_points,peak_close_points,close_dd_usd,intrabar_dd_usd
2003-05-06,0.000000,0,0.000000,0.000000,0.000000,0.00,0.00
2003-05-07,0.000000,0,0.000000,0.000000,0.000000,0.00,0.00
2003-05-08,0.000000,0,0.000000,0.000000,0.000000,0.00,0.00
2003-05-09,0.000000,0,0.000000,0.000000,0.000000,0.00,0.00
2003-05-11,0.000000,0,0.000000,0.000000,0.000000,0.00,0.00
2003-05-12,0.000000,0,0.000000,0.000000,0.000000,0.00,0.00
2003-05-13,0.000000,0,0.000000,0.000000,0.000000,0.00,0.00
2003-05-14,0.000000,0,0.000000,0.000000,0.000000,0.00,0.00
2003-05-15,0.000000,0,0.000000,0.000000,0.000000,0.00,0.00
2003-05-16,0.000000,0,0.000000,0.000000,0.000000,0.00,0.00
2003-05-18,0.000000,0,0.000000,0.000000,0.000000,0.00,0.00
2003-05-19,0.000000,0,0.000000,0.000000,0.000000,0.00,0.00
2003-05-20,0.000000,0,0.000000,0.000000,0.000000,0.00,0.00
2003-05-21,0.000000,0,0.000000,0.000000,0.000000,0.00,0.00
2003-05-22,0.000000,0,0.000000,0.000000,0.000000,0.00,0.00
2003-05-23,0.000000,0,0.000000,0.000000,0.000000,0.00,0.00
2003-05-25,0.000000,0,0.000000,0.000000,0.000000,0.00,0.00
2003-05-26,0.000000,0,0.000000,0.000000,0.000000,0.00,0.00
2003-05-27,0.000000,0,0.000000,0.000000,0.000000,0.00,0.00
2003-05-28,0.000000,0,0.000000,0.000000,0.000000,0.00,0.00
2003-05-29,0.000000,0,0.000000,0.000000,0.000000,0.00,0.00
2003-05-30,0.000000,0,0.000000,0.000000,0.000000,0.00,0.00
2003-06-01,0.000000,0,0.000000,0.000000,0.000000,0.00,0.00
2003-06-02,0.000000,0,0.000000,0.000000,0.000000,0.00,0.00
2003-06-03,0.000000,0,0.000000,0.000000,0.000000,0.00,0.00
2003-06-04,0.000000,0,0.000000,0.000000,0.000000,0.00,0.00
2003-06-05,0.000000,3,0.018690,-0.045030,0.018690,0.00,-6372.00
2003-06-06,0.000000,3,-0.024090,-0.028350,0.018690,-4278.00,-4704.00
2003-06-08,-0.013118,0,-0.013118,-0.013118,0.018690,-3180.75,-3180.75
2003-06-09,-0.013118,0,-0.013118,-0.013118,0.018690,-3180.75,-3180.75
2003-06-10,-0.013118,0,-0.013118,-0.013118,0.018690,-3180.75,-3180.75
2003-06-11,-0.013118,0,-0.013118,-0.013118,0.018690,-3180.75,-3180.75
2003-06-12,-0.013118,0,-0.013118,-0.013118,0.018690,-3180.75,-3180.75
2003-06-13,-0.013118,0,-0.013118,-0.013118,0.018690,-3180.75,-3180.75
2003-06-15,-0.013118,0,-0.013118,-0.013118,0.018690,-3180.75,-3180.75
2003-06-16,-0.013118,0,-0.013118,-0.013118,0.018690,-3180.75,-3180.75
2003-06-17,-0.013118,0,-0.013118,-0.013118,0.018690,-3180.75,-3180.75
2003-06-18,-0.013118,0,-0.013118,-0.013118,0.018690,-3180.75,-3180.75
2003-06-19,-0.013118,3,-0.029257,-0.039188,0.018690,-4794.75,-5787.75
2003-06-20,-0.013118,3,0.001673,-0.038017,0.018690,-1701.75,-5670.75
2003-06-22,-0.010015,2,0.003045,0.000105,0.018690,-1564.50,-1858.50
2003-06-23,-0.010015,2,0.010245,-0.000515,0.018690,-844.50,-1920.50
2003-06-24,0.002605,1,0.018045,0.009625,0.018690,-64.50,-906.50
2003-06-25,0.002605,1,0.013985,0.005585,0.018690,-470.50,-1310.50
2003-06-26,0.002605,1,0.025335,0.013385,0.025335,0.00,-1195.00
2003-06-27,0.002605,1,0.025395,0.020985,0.025395,0.00,-441.00
2003-06-29,0.002605,1,0.025295,0.024035,0.025395,-10.00,-136.00
2003-06-30,0.002605,1,0.015675,0.014435,0.025395,-972.00,-1096.00
2003-07-01,0.015595,0,0.015595,0.015595,0.025395,-980.00,-980.00
2003-07-02,0.015595,0,0.015595,0.015595,0.025395,-980.00,-980.00
2003-07-03,0.015595,0,0.015595,0.015595,0.025395,-980.00,-980.00
2003-07-04,0.015595,0,0.015595,0.015595,0.025395,-980.00,-980.00
2003-07-06,0.015595,0,0.015595,0.015595,0.025395,-980.00,-980.00
2003-07-07,0.015595,0,0.015595,0.015595,0.025395,-980.00,-980.00
2003-07-08,0.015595,0,0.015595,0.015595,0.025395,-980.00,-980.00
2003-07-09,0.015595,0,0.015595,0.015595,0.025395,-980.00,-980.00
2003-07-10,0.015595,0,0.015595,0.015595,0.025395,-980.00,-980.00
2003-07-11,0.015595,0,0.015595,0.015595,0.025395,-980.00,-980.00
2003-07-13,0.015595,0,0.015595,0.015595,0.025395,-980.00,-980.00
2003-07-14,0.015595,0,0.015595,0.015595,0.025395,-980.00,-980.00
2003-07-15,0.015595,0,0.015595,0.015595,0.025395,-980.00,-980.00
2003-07-16,0.015595,0,0.015595,0.015595,0.025395,-980.00,-980.00
2003-07-17,0.015595,0,0.015595,0.015595,0.025395,-980.00,-980.00
2003-07-18,0.015595,0,0.015595,0.015595,0.025395,-980.00,-980.00
2003-07-20,0.015595,0,0.015595,0.015595,0.025395,-980.00,-980.00
2003-07-21,0.015595,0,0.015595,0.015595,0.025395,-980.00,-980.00
2003-07-22,0.015595,0,0.015595,0.015595,0.025395,-980.00,-980.00
2003-07-23,0.015595,0,0.015595,0.015595,0.025395,-980.00,-980.00
2003-07-24,0.015595,0,0.015595,0.015595,0.025395,-980.00,-980.00
2003-07-25,0.015595,0,0.015595,0.015595,0.025395,-980.00,-980.00
2003-07-27,0.015595,0,0.015595,0.015595,0.025395,-980.00,-980.00
2003-07-28,0.015595,0,0.015595,0.015595,0.025395,-980.00,-980.00
2003-07-29,0.015595,0,0.015595,0.015595,0.025395,-980.00,-980.00
2003-07-30,0.015595,0,0.015595,0.015595,0.025395,-980.00,-980.00
2003-07-31,0.015595,0,0.015595,0.015595,0.025395,-980.00,-980.00
2003-08-01,0.015595,0,0.015595,0.015595,0.025395,-980.00,-980.00
2003-08-03,0.015595,0,0.015595,0.015595,0.025395,-980.00,-980.00
2003-08-04,0.015595,0,0.015595,0.015595,0.025395,-980.00,-980.00
2003-08-05,0.015595,0,0.015595,0.015595,0.025395,-980.00,-980.00
2003-08-06,0.015595,0,0.015595,0.015595,0.025395,-980.00,-980.00
2003-08-07,0.015595,0,0.015595,0.015595,0.025395,-980.00,-980.00
2003-08-08,0.015595,0,0.015595,0.015595,0.025395,-980.00,-980.00
2003-08-11,0.015595,0,0.015595,0.015595,0.025395,-980.00,-980.00
2003-08-12,0.015595,0,0.015595,0.015595,0.025395,-980.00,-980.00
2003-08-13,0.015595,0,0.015595,0.015595,0.025395,-980.00,-980.00
2003-08-14,0.015595,0,0.015595,0.015595,0.025395,-980.00,-980.00
2003-08-15,0.015595,0,0.015595,0.015595,0.025395,-980.00,-980.00
2003-08-17,0.015595,0,0.015595,0.015595,0.025395,-980.00,-980.00
2003-08-18,0.015595,3,0.014245,-0.024455,0.025395,-1115.00,-4985.00
2003-08-19,0.015595,3,0.016915,0.011605,0.025395,-848.00,-1379.00
2003-08-20,0.021515,2,0.026575,0.020315,0.026575,0.00,-626.00
2003-08-21,0.021515,2,0.062355,0.026495,0.062355,0.00,-3586.00
2003-08-22,0.045405,1,0.071465,0.064325,0.071465,0.00,-714.00
2003-08-24,0.045405,1,0.073265,0.071825,0.073265,0.00,-144.00
2003-08-25,0.045405,1,0.076125,0.067085,0.076125,0.00,-904.00
2003-08-26,0.045405,1,0.071385,0.067975,0.076125,-474.00,-815.00
2003-08-27,0.045405,1,0.073655,0.065895,0.076125,-247.00,-1023.00
2003-08-28,0.045405,1,0.070865,0.067635,0.076125,-526.00,-849.00
2003-08-29,0.045405,1,0.060605,0.059135,0.076125,-1552.00,-1699.00
2003-08-31,0.045405,1,0.059905,0.059395,0.076125,-1622.00,-1673.00
2003-09-01,0.059825,0,0.059825,0.059825,0.076125,-1630.00,-1630.00
2003-09-02,0.059825,0,0.059825,0.059825,0.076125,-1630.00,-1630.00
2003-09-03,0.059825,0,0.059825,0.059825,0.076125,-1630.00,-1630.00
2003-09-04,0.059825,0,0.059825,0.059825,0.076125,-1630.00,-1630.00
2003-09-05,0.059825,0,0.059825,0.059825,0.076125,-1630.00,-1630.00
2003-09-07,0.059825,0,0.059825,0.059825,0.076125,-1630.00,-1630.00
2003-09-08,0.059825,0,0.059825,0.059825,0.076125,-1630.00,-1630.00
2003-09-09,0.059825,0,0.059825,0.059825,0.076125,-1630.00,-1630.00
2003-09-10,0.059825,0,0.059825,0.059825,0.076125,-1630.00,-1630.00
2003-09-11,0.059825,0,0.059825,0.059825,0.076125,-1630.00,-1630.00
2003-09-12,0.059825,0,0.059825,0.059825,0.076125,-1630.00,-1630.00
2003-09-14,0.059825,0,0.059825,0.059825,0.076125,-1630.00,-1630.00
2003-09-15,0.059825,0,0.059825,0.059825,0.076125,-1630.00,-1630.00
2003-09-16,0.059825,0,0.059825,0.059825,0.076125,-1630.00,-1630.00
2003-09-17,0.059825,0,0.059825,0.059825,0.076125,-1630.00,-1630.00
2003-09-18,0.059825,0,0.059825,0.059825,0.076125,-1630.00,-1630.00
2003-09-19,0.059825,0,0.059825,0.059825,0.076125,-1630.00,-1630.00
2003-09-21,0.059825,0,0.059825,0.059825,0.076125,-1630.00,-1630.00
2003-09-22,0.059825,0,0.059825,0.059825,0.076125,-1630.00,-1630.00
2003-09-23,0.059825,0,0.059825,0.059825,0.076125,-1630.00,-1630.00
2003-09-24,0.059825,0,0.059825,0.059825,0.076125,-1630.00,-1630.00
2003-09-25,0.059825,0,0.059825,0.059825,0.076125,-1630.00,-1630.00
2003-09-26,0.059825,0,0.059825,0.059825,0.076125,-1630.00,-1630.00
2003-09-28,0.059825,0,0.059825,0.059825,0.076125,-1630.00,-1630.00
2003-09-29,0.059825,0,0.059825,0.059825,0.076125,-1630.00,-1630.00
2003-09-30,0.059825,0,0.059825,0.059825,0.076125,-1630.00,-1630.00
2003-10-01,0.059825,0,0.059825,0.059825,0.076125,-1630.00,-1630.00
2003-10-02,0.059825,0,0.059825,0.059825,0.076125,-1630.00,-1630.00
2003-10-03,0.059825,0,0.059825,0.059825,0.076125,-1630.00,-1630.00
2003-10-05,0.059825,0,0.059825,0.059825,0.076125,-1630.00,-1630.00
2003-10-06,0.059825,0,0.059825,0.059825,0.076125,-1630.00,-1630.00
2003-10-07,0.059825,3,0.061985,0.038555,0.076125,-1414.00,-3757.00
2003-10-08,0.059825,3,0.076055,0.060005,0.076125,-7.00,-1612.00
2003-10-09,0.065207,2,0.058707,0.048427,0.076125,-1741.75,-2769.75
2003-10-10,0.058547,0,0.058547,0.058547,0.076125,-1757.75,-1757.75
2003-10-12,0.058547,0,0.058547,0.058547,0.076125,-1757.75,-1757.75
2003-10-13,0.058547,0,0.058547,0.058547,0.076125,-1757.75,-1757.75
2003-10-14,0.058547,0,0.058547,0.058547,0.076125,-1757.75,-1757.75
2003-10-15,0.058547,0,0.058547,0.058547,0.076125,-1757.75,-1757.75
2003-10-16,0.058547,0,0.058547,0.058547,0.076125,-1757.75,-1757.75
2003-10-17,0.058547,0,0.058547,0.058547,0.076125,-1757.75,-1757.75
2003-10-19,0.058547,0,0.058547,0.058547,0.076125,-1757.75,-1757.75
2003-10-20,0.058547,0,0.058547,0.058547,0.076125,-1757.75,-1757.75
2003-10-21,0.058547,0,0.058547,0.058547,0.076125,-1757.75,-1757.75
2003-10-22,0.058547,0,0.058547,0.058547,0.076125,-1757.75,-1757.75
2003-10-23,0.058547,0,0.058547,0.058547,0.076125,-1757.75,-1757.75
2003-10-24,0.058547,0,0.058547,0.058547,0.076125,-1757.75,-1757.75
2003-10-26,0.058547,0,0.058547,0.058547,0.076125,-1757.75,-1757.75
2003-10-27,0.058547,0,0.058547,0.058547,0.076125,-1757.75,-1757.75
2003-10-28,0.058547,0,0.058547,0.058547,0.076125,-1757.75,-1757.75
2003-10-29,0.058547,0,0.058547,0.058547,0.076125,-1757.75,-1757.75
2003-10-30,0.058547,0,0.058547,0.058547,0.076125,-1757.75,-1757.75
2003-10-31,0.058547,0,0.058547,0.058547,0.076125,-1757.75,-1757.75
2003-11-02,0.058547,0,0.058547,0.058547,0.076125,-1757.75,-1757.75
2003-11-03,0.058547,0,0.058547,0.058547,0.076125,-1757.75,-1757.75
2003-11-04,0.058547,0,0.058547,0.058547,0.076125,-1757.75,-1757.75
2003-11-05,0.058547,0,0.058547,0.058547,0.076125,-1757.75,-1757.75
2003-11-06,0.058547,0,0.058547,0.058547,0.076125,-1757.75,-1757.75
2003-11-07,0.058547,0,0.058547,0.058547,0.076125,-1757.75,-1757.75
2003-11-09,0.058547,0,0.058547,0.058547,0.076125,-1757.75,-1757.75
2003-11-10,0.058547,0,0.058547,0.058547,0.076125,-1757.75,-1757.75
2003-11-11,0.058547,0,0.058547,0.058547,0.076125,-1757.75,-1757.75
2003-11-12,0.058547,3,0.067067,0.023927,0.076125,-905.75,-5219.75
2003-11-13,0.058547,3,0.094427,0.062357,0.094427,0.00,-3207.00
2003-11-14,0.063310,2,0.094390,0.085530,0.094427,-3.75,-889.75
2003-11-16,0.063310,2,0.105550,0.094710,0.105550,0.00,-1084.00
2003-11-17,0.082570,1,0.095410,0.093130,0.105550,-1014.00,-1242.00
2003-11-18,0.082570,1,0.116160,0.093980,0.116160,0.00,-2218.00
2003-11-19,0.082570,1,0.110080,0.107780,0.116160,-608.00,-838.00
2003-11-20,0.082570,1,0.110690,0.108870,0.116160,-547.00,-729.00
2003-11-21,0.082570,1,0.112050,0.106320,0.116160,-411.00,-984.00
2003-11-23,0.082570,1,0.111430,0.110750,0.116160,-473.00,-541.00
2003-11-24,0.082570,1,0.098860,0.096230,0.116160,-1730.00,-1993.00
2003-11-25,0.082570,1,0.098200,0.095880,0.116160,-1796.00,-2028.00
2003-11-26,0.082570,1,0.113340,0.098110,0.116160,-282.00,-1805.00
2003-11-27,0.082570,1,0.111830,0.109000,0.116160,-433.00,-716.00
2003-11-28,0.082570,1,0.119810,0.110380,0.119810,0.00,-943.00
2003-11-30,0.082570,1,0.123490,0.117220,0.123490,0.00,-627.00
2003-12-01,0.123410,0,0.123410,0.123410,0.123490,-8.00,-8.00
2003-12-02,0.123410,0,0.123410,0.123410,0.123490,-8.00,-8.00
2003-12-03,0.123410,0,0.123410,0.123410,0.123490,-8.00,-8.00
2003-12-04,0.123410,0,0.123410,0.123410,0.123490,-8.00,-8.00
2003-12-05,0.123410,0,0.123410,0.123410,0.123490,-8.00,-8.00
2003-12-07,0.123410,0,0.123410,0.123410,0.123490,-8.00,-8.00
2003-12-08,0.123410,0,0.123410,0.123410,0.123490,-8.00,-8.00
2003-12-09,0.123410,0,0.123410,0.123410,0.123490,-8.00,-8.00
2003-12-10,0.123410,0,0.123410,0.123410,0.123490,-8.00,-8.00
2003-12-11,0.123410,0,0.123410,0.123410,0.123490,-8.00,-8.00
2003-12-12,0.123410,0,0.123410,0.123410,0.123490,-8.00,-8.00
2003-12-14,0.123410,0,0.123410,0.123410,0.123490,-8.00,-8.00
2003-12-15,0.123410,0,0.123410,0.123410,0.123490,-8.00,-8.00
2003-12-16,0.123410,0,0.123410,0.123410,0.123490,-8.00,-8.00
2003-12-17,0.123410,0,0.123410,0.123410,0.123490,-8.00,-8.00
2003-12-18,0.123410,0,0.123410,0.123410,0.123490,-8.00,-8.00
2003-12-19,0.123410,0,0.123410,0.123410,0.123490,-8.00,-8.00
2003-12-21,0.123410,0,0.123410,0.123410,0.123490,-8.00,-8.00
2003-12-22,0.123410,0,0.123410,0.123410,0.123490,-8.00,-8.00
2003-12-23,0.123410,0,0.123410,0.123410,0.123490,-8.00,-8.00
2003-12-24,0.123410,0,0.123410,0.123410,0.123490,-8.00,-8.00
2003-12-25,0.123410,0,0.123410,0.123410,0.123490,-8.00,-8.00
2003-12-26,0.123410,0,0.123410,0.123410,0.123490,-8.00,-8.00
2003-12-28,0.123410,0,0.123410,0.123410,0.123490,-8.00,-8.00
2003-12-29,0.123410,0,0.123410,0.123410,0.123490,-8.00,-8.00
2003-12-30,0.123410,0,0.123410,0.123410,0.123490,-8.00,-8.00
2003-12-31,0.123410,0,0.123410,0.123410,0.123490,-8.00,-8.00
2004-01-01,0.123410,0,0.123410,0.123410,0.123490,-8.00,-8.00
2004-01-02,0.123410,0,0.123410,0.123410,0.123490,-8.00,-8.00
2004-01-04,0.123410,0,0.123410,0.123410,0.123490,-8.00,-8.00
2004-01-05,0.123410,0,0.123410,0.123410,0.123490,-8.00,-8.00
2004-01-06,0.123410,0,0.123410,0.123410,0.123490,-8.00,-8.00
2004-01-07,0.123410,0,0.123410,0.123410,0.123490,-8.00,-8.00
2004-01-08,0.123410,0,0.123410,0.123410,0.123490,-8.00,-8.00
2004-01-09,0.123410,0,0.123410,0.123410,0.123490,-8.00,-8.00
2004-01-11,0.123410,0,0.123410,0.123410,0.123490,-8.00,-8.00
2004-01-12,0.123410,0,0.123410,0.123410,0.123490,-8.00,-8.00
2004-01-13,0.123410,0,0.123410,0.123410,0.123490,-8.00,-8.00
2004-01-14,0.123410,0,0.123410,0.123410,0.123490,-8.00,-8.00
2004-01-15,0.123410,0,0.123410,0.123410,0.123490,-8.00,-8.00
2004-01-16,0.123410,3,0.145670,0.081620,0.145670,0.00,-6405.00
2004-01-18,0.123410,3,0.149090,0.143690,0.149090,0.00,-540.00
2004-01-19,0.127835,2,0.151535,0.136875,0.151535,0.00,-1466.00
2004-01-20,0.127835,2,0.105155,0.101855,0.151535,-4638.00,-4968.00
2004-01-21,0.104995,0,0.104995,0.104995,0.151535,-4654.00,-4654.00
2004-01-22,0.104995,3,0.124255,0.099205,0.151535,-2728.00,-5233.00
2004-01-23,0.104995,3,0.082165,0.077365,0.151535,-6937.00,-7417.00
2004-01-25,0.094040,0,0.094040,0.094040,0.151535,-5749.50,-5749.50
2004-01-26,0.094040,0,0.094040,0.094040,0.151535,-5749.50,-5749.50
2004-01-27,0.094040,0,0.094040,0.094040,0.151535,-5749.50,-5749.50
2004-01-28,0.094040,0,0.094040,0.094040,0.151535,-5749.50,-5749.50
2004-01-29,0.094040,0,0.094040,0.094040,0.151535,-5749.50,-5749.50
2004-01-30,0.094040,0,0.094040,0.094040,0.151535,-5749.50,-5749.50
2004-02-01,0.094040,0,0.094040,0.094040,0.151535,-5749.50,-5749.50
2004-02-02,0.094040,0,0.094040,0.094040,0.151535,-5749.50,-5749.50
2004-02-03,0.094040,0,0.094040,0.094040,0.151535,-5749.50,-5749.50
2004-02-04,0.094040,0,0.094040,0.094040,0.151535,-5749.50,-5749.50
2004-02-05,0.094040,0,0.094040,0.094040,0.151535,-5749.50,-5749.50
2004-02-06,0.094040,0,0.094040,0.094040,0.151535,-5749.50,-5749.50
2004-02-08,0.094040,0,0.094040,0.094040,0.151535,-5749.50,-5749.50
2004-02-09,0.094040,0,0.094040,0.094040,0.151535,-5749.50,-5749.50
2004-02-10,0.094040,0,0.094040,0.094040,0.151535,-5749.50,-5749.50
2004-02-11,0.094040,0,0.094040,0.094040,0.151535,-5749.50,-5749.50
2004-02-12,0.094040,0,0.094040,0.094040,0.151535,-5749.50,-5749.50
2004-02-13,0.094040,0,0.094040,0.094040,0.151535,-5749.50,-5749.50
2004-02-15,0.094040,0,0.094040,0.094040,0.151535,-5749.50,-5749.50
2004-02-16,0.094040,0,0.094040,0.094040,0.151535,-5749.50,-5749.50
2004-02-17,0.094040,0,0.094040,0.094040,0.151535,-5749.50,-5749.50
2004-02-18,0.094040,0,0.094040,0.094040,0.151535,-5749.50,-5749.50
2004-02-19,0.094040,0,0.094040,0.094040,0.151535,-5749.50,-5749.50
2004-02-20,0.094040,0,0.094040,0.094040,0.151535,-5749.50,-5749.50
2004-02-22,0.094040,0,0.094040,0.094040,0.151535,-5749.50,-5749.50
2004-02-23,0.094040,0,0.094040,0.094040,0.151535,-5749.50,-5749.50
2004-02-24,0.094040,0,0.094040,0.094040,0.151535,-5749.50,-5749.50
2004-02-25,0.094040,0,0.094040,0.094040,0.151535,-5749.50,-5749.50
2004-02-26,0.094040,3,0.078200,0.056600,0.151535,-7333.50,-9493.50
2004-02-27,0.094040,3,0.063860,0.059000,0.151535,-8767.50,-9253.50
2004-02-29,0.094040,3,0.051560,0.051020,0.151535,-9997.50,-10051.50
2004-03-01,0.051320,0,0.051320,0.051320,0.151535,-10021.50,-10021.50
2004-03-02,0.051320,0,0.051320,0.051320,0.151535,-10021.50,-10021.50
2004-03-03,0.051320,0,0.051320,0.051320,0.151535,-10021.50,-10021.50
2004-03-04,0.051320,0,0.051320,0.051320,0.151535,-10021.50,-10021.50
2004-03-05,0.051320,0,0.051320,0.051320,0.151535,-10021.50,-10021.50
2004-03-07,0.051320,0,0.051320,0.051320,0.151535,-10021.50,-10021.50
2004-03-08,0.051320,0,0.051320,0.051320,0.151535,-10021.50,-10021.50
2004-03-09,0.051320,0,0.051320,0.051320,0.151535,-10021.50,-10021.50
2004-03-10,0.051320,0,0.051320,0.051320,0.151535,-10021.50,-10021.50
2004-03-11,0.051320,0,0.051320,0.051320,0.151535,-10021.50,-10021.50
2004-03-12,0.051320,0,0.051320,0.051320,0.151535,-10021.50,-10021.50
2004-03-14,0.051320,0,0.051320,0.051320,0.151535,-10021.50,-10021.50
2004-03-15,0.051320,0,0.051320,0.051320,0.151535,-10021.50,-10021.50
2004-03-16,0.051320,0,0.051320,0.051320,0.151535,-10021.50,-10021.50
2004-03-17,0.051320,0,0.051320,0.051320,0.151535,-10021.50,-10021.50
2004-03-18,0.051320,0,0.051320,0.051320,0.151535,-10021.50,-10021.50
2004-03-19,0.051320,0,0.051320,0.051320,0.151535,-10021.50,-10021.50
2004-03-21,0.051320,0,0.051320,0.051320,0.151535,-10021.50,-10021.50
2004-03-22,0.051320,0,0.051320,0.051320,0.151535,-10021.50,-10021.50
2004-03-23,0.051320,0,0.051320,0.051320,0.151535,-10021.50,-10021.50
2004-03-24,0.051320,0,0.051320,0.051320,0.151535,-10021.50,-10021.50
2004-03-25,0.051320,0,0.051320,0.051320,0.151535,-10021.50,-10021.50
2004-03-26,0.051320,0,0.051320,0.051320,0.151535,-10021.50,-10021.50
2004-03-28,0.051320,0,0.051320,0.051320,0.151535,-10021.50,-10021.50
2004-03-29,0.051320,0,0.051320,0.051320,0.151535,-10021.50,-10021.50
2004-03-30,0.051320,0,0.051320,0.051320,0.151535,-10021.50,-10021.50
2004-03-31,0.051320,0,0.051320,0.051320,0.151535,-10021.50,-10021.50
2004-04-01,0.051320,0,0.051320,0.051320,0.151535,-10021.50,-10021.50
2004-04-02,0.051320,0,0.051320,0.051320,0.151535,-10021.50,-10021.50
2004-04-04,0.051320,0,0.051320,0.051320,0.151535,-10021.50,-10021.50
2004-04-05,0.051320,0,0.051320,0.051320,0.151535,-10021.50,-10021.50
2004-04-06,0.051320,0,0.051320,0.051320,0.151535,-10021.50,-10021.50
2004-04-07,0.051320,0,0.051320,0.051320,0.151535,-10021.50,-10021.50
2004-04-08,0.051320,0,0.051320,0.051320,0.151535,-10021.50,-10021.50
2004-04-09,0.051320,0,0.051320,0.051320,0.151535,-10021.50,-10021.50
2004-04-11,0.051320,0,0.051320,0.051320,0.151535,-10021.50,-10021.50
2004-04-12,0.051320,0,0.051320,0.051320,0.151535,-10021.50,-10021.50
2004-04-13,0.051320,0,0.051320,0.051320,0.151535,-10021.50,-10021.50
2004-04-14,0.051320,0,0.051320,0.051320,0.151535,-10021.50,-10021.50
2004-04-15,0.051320,0,0.051320,0.051320,0.151535,-10021.50,-10021.50
2004-04-16,0.051320,0,0.051320,0.051320,0.151535,-10021.50,-10021.50
2004-04-18,0.051320,0,0.051320,0.051320,0.151535,-10021.50,-10021.50
2004-04-19,0.051320,0,0.051320,0.051320,0.151535,-10021.50,-10021.50
2004-04-20,0.051320,0,0.051320,0.051320,0.151535,-10021.50,-10021.50
2004-04-21,0.051320,0,0.051320,0.051320,0.151535,-10021.50,-10021.50
2004-04-22,0.051320,0,0.051320,0.051320,0.151535,-10021.50,-10021.50
2004-04-23,0.051320,0,0.051320,0.051320,0.151535,-10021.50,-10021.50
2004-04-25,0.051320,0,0.051320,0.051320,0.151535,-10021.50,-10021.50
2004-04-26,0.051320,0,0.051320,0.051320,0.151535,-10021.50,-10021.50
2004-04-27,0.051320,0,0.051320,0.051320,0.151535,-10021.50,-10021.50
2004-04-28,0.051320,0,0.051320,0.051320,0.151535,-10021.50,-10021.50
2004-04-29,0.051320,0,0.051320,0.051320,0.151535,-10021.50,-10021.50
2004-04-30,0.051320,0,0.051320,0.051320,0.151535,-10021.50,-10021.50
2004-05-02,0.051320,0,0.051320,0.051320,0.151535,-10021.50,-10021.50
2004-05-03,0.051320,0,0.051320,0.051320,0.151535,-10021.50,-10021.50
2004-05-04,0.051320,0,0.051320,0.051320,0.151535,-10021.50,-10021.50
2004-05-05,0.051320,0,0.051320,0.051320,0.151535,-10021.50,-10021.50
2004-05-06,0.051320,0,0.051320,0.051320,0.151535,-10021.50,-10021.50
2004-05-07,0.051320,3,0.063500,-0.012430,0.151535,-8803.50,-16396.50
2004-05-09,0.051320,3,0.068900,0.058880,0.151535,-8263.50,-9265.50
2004-05-10,0.056210,2,0.067350,0.064270,0.151535,-8418.50,-8726.50
2004-05-11,0.056210,2,0.064930,0.062270,0.151535,-8660.50,-8926.50
2004-05-12,0.056210,2,0.058130,0.051930,0.151535,-9340.50,-9960.50
2004-05-13,0.056210,2,0.079670,0.054090,0.151535,-7186.50,-9744.50
2004-05-14,0.056210,2,0.063470,0.059830,0.151535,-8806.50,-9170.50
2004-05-16,0.056210,2,0.063990,0.060810,0.151535,-8754.50,-9072.50
2004-05-17,0.056210,2,0.032690,0.028370,0.151535,-11884.50,-12316.50
2004-05-18,0.032530,0,0.032530,0.032530,0.151535,-11900.50,-11900.50
2004-05-19,0.032530,0,0.032530,0.032530,0.151535,-11900.50,-11900.50
2004-05-20,0.032530,0,0.032530,0.032530,0.151535,-11900.50,-11900.50
2004-05-21,0.032530,0,0.032530,0.032530,0.151535,-11900.50,-11900.50
2004-05-23,0.032530,0,0.032530,0.032530,0.151535,-11900.50,-11900.50
2004-05-24,0.032530,0,0.032530,0.032530,0.151535,-11900.50,-11900.50
2004-05-25,0.032530,3,0.029620,-0.006050,0.151535,-12191.50,-15758.50
2004-05-26,0.032530,3,0.027070,0.021730,0.151535,-12446.50,-12980.50
2004-05-27,0.032530,3,0.078160,0.023320,0.151535,-7337.50,-12821.50
2004-05-28,0.037420,2,0.056300,0.053980,0.151535,-9523.50,-9755.50
2004-05-30,0.037420,2,0.059920,0.059380,0.151535,-9161.50,-9215.50
2004-05-31,0.037420,2,0.049240,0.048380,0.151535,-10229.50,-10315.50
2004-06-01,0.049080,0,0.049080,0.049080,0.151535,-10245.50,-10245.50
2004-06-02,0.049080,0,0.049080,0.049080,0.151535,-10245.50,-10245.50
2004-06-03,0.049080,0,0.049080,0.049080,0.151535,-10245.50,-10245.50
2004-06-04,0.049080,0,0.049080,0.049080,0.151535,-10245.50,-10245.50
2004-06-06,0.049080,3,0.055740,0.040410,0.151535,-9579.50,-11112.50
2004-06-07,0.049080,3,0.051360,0.047910,0.151535,-10017.50,-10362.50
2004-06-08,0.049080,3,0.037770,0.031170,0.151535,-11376.50,-12036.50
2004-06-09,0.045027,0,0.045027,0.045027,0.151535,-10650.75,-10650.75
2004-06-10,0.045027,3,0.028677,0.019347,0.151535,-12285.75,-13218.75
2004-06-11,0.045027,3,0.053577,0.028407,0.151535,-9795.75,-12312.75
2004-06-13,0.048675,2,0.059935,0.054915,0.151535,-9160.00,-9662.00
2004-06-14,0.048675,2,0.042715,0.037695,0.151535,-10882.00,-11384.00
2004-06-15,0.042555,0,0.042555,0.042555,0.151535,-10898.00,-10898.00
2004-06-16,0.042555,0,0.042555,0.042555,0.151535,-10898.00,-10898.00
2004-06-17,0.042555,0,0.042555,0.042555,0.151535,-10898.00,-10898.00
2004-06-18,0.042555,0,0.042555,0.042555,0.151535,-10898.00,-10898.00
2004-06-20,0.042555,0,0.042555,0.042555,0.151535,-10898.00,-10898.00
2004-06-21,0.042555,0,0.042555,0.042555,0.151535,-10898.00,-10898.00
2004-06-22,0.042555,0,0.042555,0.042555,0.151535,-10898.00,-10898.00
2004-06-23,0.042555,0,0.042555,0.042555,0.151535,-10898.00,-10898.00
2004-06-24,0.042555,0,0.042555,0.042555,0.151535,-10898.00,-10898.00
2004-06-25,0.042555,0,0.042555,0.042555,0.151535,-10898.00,-10898.00
2004-06-27,0.042555,0,0.042555,0.042555,0.151535,-10898.00,-10898.00
2004-06-28,0.042555,0,0.042555,0.042555,0.151535,-10898.00,-10898.00
2004-06-29,0.042555,0,0.042555,0.042555,0.151535,-10898.00,-10898.00
2004-06-30,0.042555,0,0.042555,0.042555,0.151535,-10898.00,-10898.00
2004-07-01,0.042555,0,0.042555,0.042555,0.151535,-10898.00,-10898.00
2004-07-02,0.042555,0,0.042555,0.042555,0.151535,-10898.00,-10898.00
2004-07-04,0.042555,0,0.042555,0.042555,0.151535,-10898.00,-10898.00
2004-07-05,0.042555,0,0.042555,0.042555,0.151535,-10898.00,-10898.00
2004-07-06,0.042555,0,0.042555,0.042555,0.151535,-10898.00,-10898.00
2004-07-07,0.042555,0,0.042555,0.042555,0.151535,-10898.00,-10898.00
2004-07-08,0.042555,0,0.042555,0.042555,0.151535,-10898.00,-10898.00
2004-07-09,0.042555,0,0.042555,0.042555,0.151535,-10898.00,-10898.00
2004-07-11,0.042555,0,0.042555,0.042555,0.151535,-10898.00,-10898.00
2004-07-12,0.042555,0,0.042555,0.042555,0.151535,-10898.00,-10898.00
2004-07-13,0.042555,0,0.042555,0.042555,0.151535,-10898.00,-10898.00
2004-07-14,0.042555,0,0.042555,0.042555,0.151535,-10898.00,-10898.00
2004-07-15,0.042555,0,0.042555,0.042555,0.151535,-10898.00,-10898.00
2004-07-16,0.042555,0,0.042555,0.042555,0.151535,-10898.00,-10898.00
2004-07-18,0.042555,0,0.042555,0.042555,0.151535,-10898.00,-10898.00
2004-07-19,0.042555,0,0.042555,0.042555,0.151535,-10898.00,-10898.00
2004-07-20,0.042555,0,0.042555,0.042555,0.151535,-10898.00,-10898.00
2004-07-21,0.042555,0,0.042555,0.042555,0.151535,-10898.00,-10898.00
2004-07-22,0.042555,0,0.042555,0.042555,0.151535,-10898.00,-10898.00
2004-07-23,0.042555,3,0.055185,0.001905,0.151535,-9635.00,-14963.00
2004-07-25,0.042555,3,0.050715,0.047385,0.151535,-10082.00,-10415.00
2004-07-26,0.042555,3,0.042465,0.031125,0.151535,-10907.00,-12041.00
2004-07-27,0.042555,3,0.063195,0.025395,0.151535,-8834.00,-12614.00
2004-07-28,0.047562,2,0.064242,0.058322,0.151535,-8729.25,-9321.25
2004-07-29,0.047562,2,0.066702,0.055282,0.151535,-8483.25,-9625.25
2004-07-30,0.047562,2,0.070622,0.050262,0.151535,-8091.25,-10127.25
2004-08-01,0.070462,0,0.070462,0.070462,0.151535,-8107.25,-8107.25
2004-08-02,0.070462,0,0.070462,0.070462,0.151535,-8107.25,-8107.25
2004-08-03,0.070462,0,0.070462,0.070462,0.151535,-8107.25,-8107.25
2004-08-04,0.070462,0,0.070462,0.070462,0.151535,-8107.25,-8107.25
2004-08-05,0.070462,0,0.070462,0.070462,0.151535,-8107.25,-8107.25
2004-08-06,0.070462,3,0.126112,0.055522,0.151535,-2542.25,-9601.25
2004-08-08,0.070462,3,0.124342,0.121252,0.151535,-2719.25,-3028.25
2004-08-09,0.082660,1,0.099790,0.097810,0.151535,-5174.50,-5372.50
2004-08-10,0.082660,1,0.096710,0.095280,0.151535,-5482.50,-5625.50
2004-08-11,0.082660,1,0.096080,0.092740,0.151535,-5545.50,-5879.50
2004-08-12,0.082660,1,0.096910,0.095230,0.151535,-5462.50,-5630.50
2004-08-13,0.082660,1,0.110410,0.090870,0.151535,-4112.50,-6066.50
2004-08-15,0.082660,1,0.110440,0.110050,0.151535,-4109.50,-4148.50
2004-08-16,0.082660,1,0.108920,0.104950,0.151535,-4261.50,-4658.50
2004-08-17,0.082660,1,0.108220,0.104330,0.151535,-4331.50,-4720.50
2004-08-18,0.082660,1,0.107130,0.101840,0.151535,-4440.50,-4969.50
2004-08-19,0.082660,1,0.109610,0.106420,0.151535,-4192.50,-4511.50
2004-08-20,0.082660,1,0.104900,0.101280,0.151535,-4663.50,-5025.50
2004-08-22,0.082660,1,0.104360,0.102920,0.151535,-4717.50,-4861.50
2004-08-23,0.082660,1,0.088230,0.086350,0.151535,-6330.50,-6518.50
2004-08-24,0.082660,1,0.080380,0.079200,0.151535,-7115.50,-7233.50
2004-08-25,0.080300,0,0.080300,0.080300,0.151535,-7123.50,-7123.50
2004-08-26,0.080300,0,0.080300,0.080300,0.151535,-7123.50,-7123.50
2004-08-27,0.080300,0,0.080300,0.080300,0.151535,-7123.50,-7123.50
2004-08-29,0.080300,0,0.080300,0.080300,0.151535,-7123.50,-7123.50
2004-08-30,0.080300,3,0.064760,0.058400,0.151535,-8677.50,-9313.50
2004-08-31,0.080300,3,0.025460,0.020480,0.151535,-12607.50,-13105.50
2004-09-01,0.025220,0,0.025220,0.025220,0.151535,-12631.50,-12631.50
2004-09-02,0.025220,0,0.025220,0.025220,0.151535,-12631.50,-12631.50
2004-09-03,0.025220,0,0.025220,0.025220,0.151535,-12631.50,-12631.50
2004-09-05,0.025220,0,0.025220,0.025220,0.151535,-12631.50,-12631.50
2004-09-06,0.025220,0,0.025220,0.025220,0.151535,-12631.50,-12631.50
2004-09-07,0.025220,0,0.025220,0.025220,0.151535,-12631.50,-12631.50
2004-09-08,0.025220,0,0.025220,0.025220,0.151535,-12631.50,-12631.50
2004-09-09,0.025220,3,0.029030,0.006500,0.151535,-12250.50,-14503.50
2004-09-10,0.025220,3,0.036410,0.018470,0.151535,-11512.50,-13306.50
2004-09-12,0.029647,2,0.042147,0.037027,0.151535,-10938.75,-11450.75
2004-09-13,0.029647,2,0.038527,0.029967,0.151535,-11300.75,-12156.75
2004-09-14,0.029647,2,0.035287,0.030387,0.151535,-11624.75,-12114.75
2004-09-15,0.029647,2,0.014927,0.012127,0.151535,-13660.75,-13940.75
2004-09-16,0.014767,0,0.014767,0.014767,0.151535,-13676.75,-13676.75
2004-09-17,0.014767,0,0.014767,0.014767,0.151535,-13676.75,-13676.75
2004-09-19,0.014767,0,0.014767,0.014767,0.151535,-13676.75,-13676.75
2004-09-20,0.014767,0,0.014767,0.014767,0.151535,-13676.75,-13676.75
2004-09-21,0.014767,0,0.014767,0.014767,0.151535,-13676.75,-13676.75
2004-09-22,0.014767,0,0.014767,0.014767,0.151535,-13676.75,-13676.75
2004-09-23,0.014767,0,0.014767,0.014767,0.151535,-13676.75,-13676.75
2004-09-24,0.014767,0,0.014767,0.014767,0.151535,-13676.75,-13676.75
2004-09-26,0.014767,0,0.014767,0.014767,0.151535,-13676.75,-13676.75
2004-09-27,0.014767,0,0.014767,0.014767,0.151535,-13676.75,-13676.75
2004-09-28,0.014767,0,0.014767,0.014767,0.151535,-13676.75,-13676.75
2004-09-29,0.014767,0,0.014767,0.014767,0.151535,-13676.75,-13676.75
2004-09-30,0.014767,0,0.014767,0.014767,0.151535,-13676.75,-13676.75
2004-10-01,0.014767,0,0.014767,0.014767,0.151535,-13676.75,-13676.75
2004-10-03,0.014767,0,0.014767,0.014767,0.151535,-13676.75,-13676.75
2004-10-04,0.014767,0,0.014767,0.014767,0.151535,-13676.75,-13676.75
2004-10-05,0.014767,0,0.014767,0.014767,0.151535,-13676.75,-13676.75
2004-10-06,0.014767,0,0.014767,0.014767,0.151535,-13676.75,-13676.75
2004-10-07,0.014767,0,0.014767,0.014767,0.151535,-13676.75,-13676.75
2004-10-08,0.014767,0,0.014767,0.014767,0.151535,-13676.75,-13676.75
2004-10-10,0.014767,0,0.014767,0.014767,0.151535,-13676.75,-13676.75
2004-10-11,0.014767,0,0.014767,0.014767,0.151535,-13676.75,-13676.75
2004-10-12,0.014767,0,0.014767,0.014767,0.151535,-13676.75,-13676.75
2004-10-13,0.014767,0,0.014767,0.014767,0.151535,-13676.75,-13676.75
2004-10-14,0.014767,0,0.014767,0.014767,0.151535,-13676.75,-13676.75
2004-10-15,0.014767,3,0.024547,-0.001463,0.151535,-12698.75,-15299.75
2004-10-17,0.014767,3,0.029467,0.025237,0.151535,-12206.75,-12629.75
2004-10-18,0.019115,2,0.028695,0.024375,0.151535,-12284.00,-12716.00
2004-10-19,0.019115,2,0.034735,0.022295,0.151535,-11680.00,-12924.00
2004-10-20,0.019115,2,0.048295,0.029635,0.151535,-10324.00,-12190.00
2004-10-21,0.036715,1,0.054505,0.050715,0.151535,-9703.00,-10082.00
2004-10-22,0.036715,1,0.061545,0.053235,0.151535,-8999.00,-9830.00
2004-10-24,0.036715,1,0.067085,0.062535,0.151535,-8445.00,-8900.00
2004-10-25,0.036715,1,0.071875,0.066605,0.151535,-7966.00,-8493.00
2004-10-26,0.036715,1,0.068295,0.065865,0.151535,-8324.00,-8567.00
2004-10-27,0.036715,1,0.062625,0.062525,0.151535,-8891.00,-8901.00
2004-10-28,0.036715,1,0.067895,0.057475,0.151535,-8364.00,-9406.00
2004-10-29,0.036715,1,0.072845,0.064215,0.151535,-7869.00,-8732.00
2004-10-31,0.036715,1,0.075855,0.073245,0.151535,-7568.00,-7829.00
2004-11-01,0.075775,0,0.075775,0.075775,0.151535,-7576.00,-7576.00
2004-11-02,0.075775,0,0.075775,0.075775,0.151535,-7576.00,-7576.00
2004-11-03,0.075775,0,0.075775,0.075775,0.151535,-7576.00,-7576.00
2004-11-04,0.075775,0,0.075775,0.075775,0.151535,-7576.00,-7576.00
2004-11-05,0.075775,0,0.075775,0.075775,0.151535,-7576.00,-7576.00
2004-11-07,0.075775,0,0.075775,0.075775,0.151535,-7576.00,-7576.00
2004-11-08,0.075775,0,0.075775,0.075775,0.151535,-7576.00,-7576.00
2004-11-09,0.075775,0,0.075775,0.075775,0.151535,-7576.00,-7576.00
2004-11-10,0.075775,0,0.075775,0.075775,0.151535,-7576.00,-7576.00
2004-11-11,0.075775,0,0.075775,0.075775,0.151535,-7576.00,-7576.00
2004-11-12,0.075775,0,0.075775,0.075775,0.151535,-7576.00,-7576.00
2004-11-14,0.075775,0,0.075775,0.075775,0.151535,-7576.00,-7576.00
2004-11-15,0.075775,0,0.075775,0.075775,0.151535,-7576.00,-7576.00
2004-11-16,0.075775,0,0.075775,0.075775,0.151535,-7576.00,-7576.00
2004-11-17,0.075775,0,0.075775,0.075775,0.151535,-7576.00,-7576.00
2004-11-18,0.075775,0,0.075775,0.075775,0.151535,-7576.00,-7576.00
2004-11-19,0.075775,0,0.075775,0.075775,0.151535,-7576.00,-7576.00
2004-11-21,0.075775,0,0.075775,0.075775,0.151535,-7576.00,-7576.00
2004-11-22,0.075775,0,0.075775,0.075775,0.151535,-7576.00,-7576.00
2004-11-23,0.075775,0,0.075775,0.075775,0.151535,-7576.00,-7576.00
2004-11-24,0.075775,0,0.075775,0.075775,0.151535,-7576.00,-7576.00
2004-11-25,0.075775,0,0.075775,0.075775,0.151535,-7576.00,-7576.00
2004-11-26,0.075775,0,0.075775,0.075775,0.151535,-7576.00,-7576.00
2004-11-28,0.075775,0,0.075775,0.075775,0.151535,-7576.00,-7576.00
2004-11-29,0.075775,0,0.075775,0.075775,0.151535,-7576.00,-7576.00
2004-11-30,0.075775,0,0.075775,0.075775,0.151535,-7576.00,-7576.00
2004-12-01,0.075775,0,0.075775,0.075775,0.151535,-7576.00,-7576.00
2004-12-02,0.075775,0,0.075775,0.075775,0.151535,-7576.00,-7576.00
2004-12-03,0.075775,0,0.075775,0.075775,0.151535,-7576.00,-7576.00
2004-12-05,0.075775,0,0.075775,0.075775,0.151535,-7576.00,-7576.00
2004-12-06,0.075775,0,0.075775,0.075775,0.151535,-7576.00,-7576.00
2004-12-07,0.075775,0,0.075775,0.075775,0.151535,-7576.00,-7576.00
2004-12-08,0.075775,3,0.043645,0.017665,0.151535,-10789.00,-13387.00
2004-12-09,0.075775,3,0.056275,0.039205,0.151535,-9526.00,-11233.00
2004-12-10,0.075775,3,0.080095,0.056455,0.151535,-7144.00,-9508.00
2004-12-12,0.081287,2,0.084687,0.082747,0.151535,-6684.75,-6878.75
2004-12-13,0.081287,2,0.065487,0.063507,0.151535,-8604.75,-8802.75
2004-12-14,0.065327,0,0.065327,0.065327,0.151535,-8620.75,-8620.75
2004-12-15,0.065327,0,0.065327,0.065327,0.151535,-8620.75,-8620.75
2004-12-16,0.065327,0,0.065327,0.065327,0.151535,-8620.75,-8620.75
2004-12-17,0.065327,0,0.065327,0.065327,0.151535,-8620.75,-8620.75
2004-12-19,0.065327,0,0.065327,0.065327,0.151535,-8620.75,-8620.75
2004-12-20,0.065327,0,0.065327,0.065327,0.151535,-8620.75,-8620.75
2004-12-21,0.065327,0,0.065327,0.065327,0.151535,-8620.75,-8620.75
2004-12-22,0.065327,0,0.065327,0.065327,0.151535,-8620.75,-8620.75
2004-12-23,0.065327,3,0.079607,0.041057,0.151535,-7192.75,-11047.75
2004-12-24,0.065327,3,0.086237,0.072167,0.151535,-6529.75,-7936.75
2004-12-26,0.070840,2,0.083560,0.082440,0.151535,-6797.50,-6909.50
2004-12-27,0.070840,2,0.102860,0.081180,0.151535,-4867.50,-7035.50
2004-12-28,0.070840,2,0.097020,0.093480,0.151535,-5451.50,-5805.50
2004-12-29,0.070840,2,0.099620,0.090120,0.151535,-5191.50,-6141.50
2004-12-30,0.070840,2,0.103220,0.093580,0.151535,-4831.50,-5795.50
2004-12-31,0.070840,2,0.089440,0.079520,0.151535,-6209.50,-7201.50
2005-01-02,0.089280,0,0.089280,0.089280,0.151535,-6225.50,-6225.50
2005-01-03,0.089280,0,0.089280,0.089280,0.151535,-6225.50,-6225.50
2005-01-04,0.089280,0,0.089280,0.089280,0.151535,-6225.50,-6225.50
2005-01-05,0.089280,0,0.089280,0.089280,0.151535,-6225.50,-6225.50
2005-01-06,0.089280,0,0.089280,0.089280,0.151535,-6225.50,-6225.50
2005-01-07,0.089280,0,0.089280,0.089280,0.151535,-6225.50,-6225.50
2005-01-09,0.089280,0,0.089280,0.089280,0.151535,-6225.50,-6225.50
2005-01-10,0.089280,0,0.089280,0.089280,0.151535,-6225.50,-6225.50
2005-01-11,0.089280,0,0.089280,0.089280,0.151535,-6225.50,-6225.50
2005-01-12,0.089280,0,0.089280,0.089280,0.151535,-6225.50,-6225.50
2005-01-13,0.089280,0,0.089280,0.089280,0.151535,-6225.50,-6225.50
2005-01-14,0.089280,0,0.089280,0.089280,0.151535,-6225.50,-6225.50
2005-01-16,0.089280,0,0.089280,0.089280,0.151535,-6225.50,-6225.50
2005-01-17,0.089280,0,0.089280,0.089280,0.151535,-6225.50,-6225.50
2005-01-18,0.089280,0,0.089280,0.089280,0.151535,-6225.50,-6225.50
2005-01-19,0.089280,0,0.089280,0.089280,0.151535,-6225.50,-6225.50
2005-01-20,0.089280,0,0.089280,0.089280,0.151535,-6225.50,-6225.50
2005-01-21,0.089280,0,0.089280,0.089280,0.151535,-6225.50,-6225.50
2005-01-23,0.089280,0,0.089280,0.089280,0.151535,-6225.50,-6225.50
2005-01-24,0.089280,0,0.089280,0.089280,0.151535,-6225.50,-6225.50
2005-01-25,0.089280,0,0.089280,0.089280,0.151535,-6225.50,-6225.50
2005-01-26,0.089280,0,0.089280,0.089280,0.151535,-6225.50,-6225.50
2005-01-27,0.089280,0,0.089280,0.089280,0.151535,-6225.50,-6225.50
2005-01-28,0.089280,0,0.089280,0.089280,0.151535,-6225.50,-6225.50
2005-01-30,0.089280,0,0.089280,0.089280,0.151535,-6225.50,-6225.50
2005-01-31,0.089280,0,0.089280,0.089280,0.151535,-6225.50,-6225.50
2005-02-01,0.089280,0,0.089280,0.089280,0.151535,-6225.50,-6225.50
2005-02-02,0.089280,0,0.089280,0.089280,0.151535,-6225.50,-6225.50
2005-02-03,0.089280,0,0.089280,0.089280,0.151535,-6225.50,-6225.50
2005-02-04,0.089280,0,0.089280,0.089280,0.151535,-6225.50,-6225.50
2005-02-06,0.089280,0,0.089280,0.089280,0.151535,-6225.50,-6225.50
2005-02-07,0.089280,0,0.089280,0.089280,0.151535,-6225.50,-6225.50
2005-02-08,0.089280,0,0.089280,0.089280,0.151535,-6225.50,-6225.50
2005-02-09,0.089280,0,0.089280,0.089280,0.151535,-6225.50,-6225.50
2005-02-10,0.089280,0,0.089280,0.089280,0.151535,-6225.50,-6225.50
2005-02-11,0.089280,0,0.089280,0.089280,0.151535,-6225.50,-6225.50
2005-02-13,0.089280,0,0.089280,0.089280,0.151535,-6225.50,-6225.50
2005-02-14,0.089280,0,0.089280,0.089280,0.151535,-6225.50,-6225.50
2005-02-15,0.089280,0,0.089280,0.089280,0.151535,-6225.50,-6225.50
2005-02-16,0.089280,0,0.089280,0.089280,0.151535,-6225.50,-6225.50
2005-02-17,0.089280,0,0.089280,0.089280,0.151535,-6225.50,-6225.50
2005-02-18,0.089280,0,0.089280,0.089280,0.151535,-6225.50,-6225.50
2005-02-20,0.089280,0,0.089280,0.089280,0.151535,-6225.50,-6225.50
2005-02-21,0.089280,0,0.089280,0.089280,0.151535,-6225.50,-6225.50
2005-02-22,0.089280,3,0.138960,0.077010,0.151535,-1257.50,-7452.50
2005-02-23,0.089280,3,0.121650,0.117180,0.151535,-2988.50,-3435.50
2005-02-24,0.108040,1,0.116640,0.114100,0.151535,-3489.50,-3743.50
2005-02-25,0.108040,1,0.123140,0.113230,0.151535,-2839.50,-3830.50
2005-02-27,0.108040,1,0.123680,0.121710,0.151535,-2785.50,-2982.50
2005-02-28,0.108040,1,0.120370,0.119510,0.151535,-3116.50,-3202.50
2005-03-01,0.120290,0,0.120290,0.120290,0.151535,-3124.50,-3124.50
2005-03-02,0.120290,0,0.120290,0.120290,0.151535,-3124.50,-3124.50
2005-03-03,0.120290,0,0.120290,0.120290,0.151535,-3124.50,-3124.50
2005-03-04,0.120290,0,0.120290,0.120290,0.151535,-3124.50,-3124.50
2005-03-06,0.120290,0,0.120290,0.120290,0.151535,-3124.50,-3124.50
2005-03-07,0.120290,0,0.120290,0.120290,0.151535,-3124.50,-3124.50
2005-03-08,0.120290,0,0.120290,0.120290,0.151535,-3124.50,-3124.50
2005-03-09,0.120290,0,0.120290,0.120290,0.151535,-3124.50,-3124.50
2005-03-10,0.120290,0,0.120290,0.120290,0.151535,-3124.50,-3124.50
2005-03-11,0.120290,0,0.120290,0.120290,0.151535,-3124.50,-3124.50
2005-03-13,0.120290,0,0.120290,0.120290,0.151535,-3124.50,-3124.50
2005-03-14,0.120290,0,0.120290,0.120290,0.151535,-3124.50,-3124.50
2005-03-15,0.120290,0,0.120290,0.120290,0.151535,-3124.50,-3124.50
2005-03-16,0.120290,0,0.120290,0.120290,0.151535,-3124.50,-3124.50
2005-03-17,0.120290,0,0.120290,0.120290,0.151535,-3124.50,-3124.50
2005-03-18,0.120290,0,0.120290,0.120290,0.151535,-3124.50,-3124.50
2005-03-20,0.120290,0,0.120290,0.120290,0.151535,-3124.50,-3124.50
2005-03-21,0.120290,0,0.120290,0.120290,0.151535,-3124.50,-3124.50
2005-03-22,0.120290,3,0.124730,0.079820,0.151535,-2680.50,-7171.50
2005-03-23,0.120290,3,0.150080,0.121100,0.151535,-145.50,-3043.50
2005-03-24,0.123647,2,0.155627,0.135147,0.155627,0.00,-2048.00
2005-03-25,0.137287,1,0.150607,0.149227,0.155627,-502.00,-640.00
2005-03-27,0.137287,1,0.150877,0.149797,0.155627,-475.00,-583.00
2005-03-28,0.137287,1,0.157697,0.150477,0.157697,0.00,-722.00
2005-03-29,0.137287,1,0.152637,0.150517,0.157697,-506.00,-718.00
2005-03-30,0.137287,1,0.153867,0.147717,0.157697,-383.00,-998.00
2005-03-31,0.137287,1,0.149727,0.144167,0.157697,-797.00,-1353.00
2005-04-01,0.149647,0,0.149647,0.149647,0.157697,-805.00,-805.00
2005-04-03,0.149647,0,0.149647,0.149647,0.157697,-805.00,-805.00
2005-04-04,0.149647,0,0.149647,0.149647,0.157697,-805.00,-805.00
2005-04-05,0.149647,0,0.149647,0.149647,0.157697,-805.00,-805.00
2005-04-06,0.149647,0,0.149647,0.149647,0.157697,-805.00,-805.00
2005-04-07,0.149647,0,0.149647,0.149647,0.157697,-805.00,-805.00
2005-04-08,0.149647,0,0.149647,0.149647,0.157697,-805.00,-805.00
2005-04-10,0.149647,0,0.149647,0.149647,0.157697,-805.00,-805.00
2005-04-11,0.149647,0,0.149647,0.149647,0.157697,-805.00,-805.00
2005-04-12,0.149647,0,0.149647,0.149647,0.157697,-805.00,-805.00
2005-04-13,0.149647,0,0.149647,0.149647,0.157697,-805.00,-805.00
2005-04-14,0.149647,0,0.149647,0.149647,0.157697,-805.00,-805.00
2005-04-15,0.149647,0,0.149647,0.149647,0.157697,-805.00,-805.00
2005-04-17,0.149647,0,0.149647,0.149647,0.157697,-805.00,-805.00
2005-04-18,0.149647,0,0.149647,0.149647,0.157697,-805.00,-805.00
2005-04-19,0.149647,3,0.154087,0.130297,0.157697,-361.00,-2740.00
2005-04-20,0.149647,3,0.166297,0.133297,0.166297,0.00,-3300.00
2005-04-21,0.155265,2,0.153565,0.151125,0.166297,-1273.25,-1517.25
2005-04-22,0.153405,0,0.153405,0.153405,0.166297,-1289.25,-1289.25
2005-04-24,0.153405,0,0.153405,0.153405,0.166297,-1289.25,-1289.25
2005-04-25,0.153405,0,0.153405,0.153405,0.166297,-1289.25,-1289.25
2005-04-26,0.153405,0,0.153405,0.153405,0.166297,-1289.25,-1289.25
2005-04-27,0.153405,0,0.153405,0.153405,0.166297,-1289.25,-1289.25
2005-04-28,0.153405,0,0.153405,0.153405,0.166297,-1289.25,-1289.25
2005-04-29,0.153405,0,0.153405,0.153405,0.166297,-1289.25,-1289.25
2005-05-01,0.153405,0,0.153405,0.153405,0.166297,-1289.25,-1289.25
2005-05-02,0.153405,0,0.153405,0.153405,0.166297,-1289.25,-1289.25
2005-05-03,0.153405,0,0.153405,0.153405,0.166297,-1289.25,-1289.25
2005-05-04,0.153405,0,0.153405,0.153405,0.166297,-1289.25,-1289.25
2005-05-05,0.153405,0,0.153405,0.153405,0.166297,-1289.25,-1289.25
2005-05-06,0.153405,3,0.156555,0.112815,0.166297,-974.25,-5348.25
2005-05-08,0.153405,3,0.157425,0.152685,0.166297,-887.25,-1361.25
2005-05-09,0.153405,3,0.148005,0.139035,0.166297,-1829.25,-2726.25
2005-05-10,0.151692,0,0.151692,0.151692,0.166297,-1460.50,-1460.50
2005-05-11,0.151692,0,0.151692,0.151692,0.166297,-1460.50,-1460.50
2005-05-12,0.151692,0,0.151692,0.151692,0.166297,-1460.50,-1460.50
2005-05-13,0.151692,0,0.151692,0.151692,0.166297,-1460.50,-1460.50
2005-05-15,0.151692,0,0.151692,0.151692,0.166297,-1460.50,-1460.50
2005-05-16,0.151692,0,0.151692,0.151692,0.166297,-1460.50,-1460.50
2005-05-17,0.151692,0,0.151692,0.151692,0.166297,-1460.50,-1460.50
2005-05-18,0.151692,0,0.151692,0.151692,0.166297,-1460.50,-1460.50
2005-05-19,0.151692,0,0.151692,0.151692,0.166297,-1460.50,-1460.50
2005-05-20,0.151692,0,0.151692,0.151692,0.166297,-1460.50,-1460.50
2005-05-22,0.151692,0,0.151692,0.151692,0.166297,-1460.50,-1460.50
2005-05-23,0.151692,0,0.151692,0.151692,0.166297,-1460.50,-1460.50
2005-05-24,0.151692,0,0.151692,0.151692,0.166297,-1460.50,-1460.50
2005-05-25,0.151692,0,0.151692,0.151692,0.166297,-1460.50,-1460.50
2005-05-26,0.151692,0,0.151692,0.151692,0.166297,-1460.50,-1460.50
2005-05-27,0.151692,0,0.151692,0.151692,0.166297,-1460.50,-1460.50
2005-05-29,0.151692,0,0.151692,0.151692,0.166297,-1460.50,-1460.50
2005-05-30,0.151692,0,0.151692,0.151692,0.166297,-1460.50,-1460.50
2005-05-31,0.151692,0,0.151692,0.151692,0.166297,-1460.50,-1460.50
2005-06-01,0.151692,0,0.151692,0.151692,0.166297,-1460.50,-1460.50
2005-06-02,0.151692,0,0.151692,0.151692,0.166297,-1460.50,-1460.50
2005-06-03,0.151692,0,0.151692,0.151692,0.166297,-1460.50,-1460.50
2005-06-05,0.151692,0,0.151692,0.151692,0.166297,-1460.50,-1460.50
2005-06-06,0.151692,0,0.151692,0.151692,0.166297,-1460.50,-1460.50
2005-06-07,0.151692,0,0.151692,0.151692,0.166297,-1460.50,-1460.50
2005-06-08,0.151692,0,0.151692,0.151692,0.166297,-1460.50,-1460.50
2005-06-09,0.151692,0,0.151692,0.151692,0.166297,-1460.50,-1460.50
2005-06-10,0.151692,3,0.165402,0.124992,0.166297,-89.50,-4130.50
2005-06-12,0.151692,3,0.165012,0.164202,0.166297,-128.50,-209.50
2005-06-13,0.156135,2,0.167075,0.164075,0.167075,0.00,-300.00
2005-06-14,0.156135,2,0.182195,0.157815,0.182195,0.00,-2438.00
2005-06-15,0.156135,2,0.165935,0.161615,0.182195,-1626.00,-2058.00
2005-06-16,0.156135,2,0.166855,0.154615,0.182195,-1534.00,-2758.00
2005-06-17,0.156135,2,0.131715,0.129995,0.182195,-5048.00,-5220.00
2005-06-19,0.131555,0,0.131555,0.131555,0.182195,-5064.00,-5064.00
2005-06-20,0.131555,0,0.131555,0.131555,0.182195,-5064.00,-5064.00
2005-06-21,0.131555,0,0.131555,0.131555,0.182195,-5064.00,-5064.00
2005-06-22,0.131555,0,0.131555,0.131555,0.182195,-5064.00,-5064.00
2005-06-23,0.131555,0,0.131555,0.131555,0.182195,-5064.00,-5064.00
2005-06-24,0.131555,0,0.131555,0.131555,0.182195,-5064.00,-5064.00
2005-06-26,0.131555,0,0.131555,0.131555,0.182195,-5064.00,-5064.00
2005-06-27,0.131555,0,0.131555,0.131555,0.182195,-5064.00,-5064.00
2005-06-28,0.131555,0,0.131555,0.131555,0.182195,-5064.00,-5064.00
2005-06-29,0.131555,0,0.131555,0.131555,0.182195,-5064.00,-5064.00
2005-06-30,0.131555,0,0.131555,0.131555,0.182195,-5064.00,-5064.00
2005-07-01,0.131555,0,0.131555,0.131555,0.182195,-5064.00,-5064.00
2005-07-03,0.131555,0,0.131555,0.131555,0.182195,-5064.00,-5064.00
2005-07-04,0.131555,0,0.131555,0.131555,0.182195,-5064.00,-5064.00
2005-07-05,0.131555,0,0.131555,0.131555,0.182195,-5064.00,-5064.00
2005-07-06,0.131555,0,0.131555,0.131555,0.182195,-5064.00,-5064.00
2005-07-07,0.131555,0,0.131555,0.131555,0.182195,-5064.00,-5064.00
2005-07-08,0.131555,0,0.131555,0.131555,0.182195,-5064.00,-5064.00
2005-07-10,0.131555,0,0.131555,0.131555,0.182195,-5064.00,-5064.00
2005-07-11,0.131555,0,0.131555,0.131555,0.182195,-5064.00,-5064.00
2005-07-12,0.131555,3,0.165215,0.115235,0.182195,-1698.00,-6696.00
2005-07-13,0.131555,3,0.123155,0.119015,0.182195,-5904.00,-6318.00
2005-07-14,0.131210,0,0.131210,0.131210,0.182195,-5098.50,-5098.50
2005-07-15,0.131210,0,0.131210,0.131210,0.182195,-5098.50,-5098.50
2005-07-17,0.131210,0,0.131210,0.131210,0.182195,-5098.50,-5098.50
2005-07-18,0.131210,0,0.131210,0.131210,0.182195,-5098.50,-5098.50
2005-07-19,0.131210,0,0.131210,0.131210,0.182195,-5098.50,-5098.50
2005-07-20,0.131210,0,0.131210,0.131210,0.182195,-5098.50,-5098.50
2005-07-21,0.131210,0,0.131210,0.131210,0.182195,-5098.50,-5098.50
2005-07-22,0.131210,0,0.131210,0.131210,0.182195,-5098.50,-5098.50
2005-07-24,0.131210,0,0.131210,0.131210,0.182195,-5098.50,-5098.50
2005-07-25,0.131210,0,0.131210,0.131210,0.182195,-5098.50,-5098.50
2005-07-26,0.131210,0,0.131210,0.131210,0.182195,-5098.50,-5098.50
2005-07-27,0.131210,0,0.131210,0.131210,0.182195,-5098.50,-5098.50
2005-07-28,0.131210,0,0.131210,0.131210,0.182195,-5098.50,-5098.50
2005-07-29,0.131210,0,0.131210,0.131210,0.182195,-5098.50,-5098.50
2005-07-31,0.131210,0,0.131210,0.131210,0.182195,-5098.50,-5098.50
2005-08-01,0.131210,0,0.131210,0.131210,0.182195,-5098.50,-5098.50
2005-08-02,0.131210,0,0.131210,0.131210,0.182195,-5098.50,-5098.50
2005-08-03,0.131210,0,0.131210,0.131210,0.182195,-5098.50,-5098.50
2005-08-04,0.131210,0,0.131210,0.131210,0.182195,-5098.50,-5098.50
2005-08-05,0.131210,0,0.131210,0.131210,0.182195,-5098.50,-5098.50
2005-08-07,0.131210,0,0.131210,0.131210,0.182195,-5098.50,-5098.50
2005-08-08,0.131210,0,0.131210,0.131210,0.182195,-5098.50,-5098.50
2005-08-09,0.131210,0,0.131210,0.131210,0.182195,-5098.50,-5098.50
2005-08-10,0.131210,0,0.131210,0.131210,0.182195,-5098.50,-5098.50
2005-08-11,0.131210,0,0.131210,0.131210,0.182195,-5098.50,-5098.50
2005-08-12,0.131210,0,0.131210,0.131210,0.182195,-5098.50,-5098.50
2005-08-14,0.131210,0,0.131210,0.131210,0.182195,-5098.50,-5098.50
2005-08-15,0.131210,0,0.131210,0.131210,0.182195,-5098.50,-5098.50
2005-08-16,0.131210,0,0.131210,0.131210,0.182195,-5098.50,-5098.50
2005-08-17,0.131210,0,0.131210,0.131210,0.182195,-5098.50,-5098.50
2005-08-18,0.131210,0,0.131210,0.131210,0.182195,-5098.50,-5098.50
2005-08-19,0.131210,0,0.131210,0.131210,0.182195,-5098.50,-5098.50
2005-08-21,0.131210,0,0.131210,0.131210,0.182195,-5098.50,-5098.50
2005-08-22,0.131210,0,0.131210,0.131210,0.182195,-5098.50,-5098.50
2005-08-23,0.131210,0,0.131210,0.131210,0.182195,-5098.50,-5098.50
2005-08-24,0.131210,0,0.131210,0.131210,0.182195,-5098.50,-5098.50
2005-08-25,0.131210,0,0.131210,0.131210,0.182195,-5098.50,-5098.50
2005-08-26,0.131210,0,0.131210,0.131210,0.182195,-5098.50,-5098.50
2005-08-28,0.131210,0,0.131210,0.131210,0.182195,-5098.50,-5098.50
2005-08-29,0.131210,0,0.131210,0.131210,0.182195,-5098.50,-5098.50
2005-08-30,0.131210,0,0.131210,0.131210,0.182195,-5098.50,-5098.50
2005-08-31,0.131210,0,0.131210,0.131210,0.182195,-5098.50,-5098.50
2005-09-01,0.131210,0,0.131210,0.131210,0.182195,-5098.50,-5098.50
2005-09-02,0.131210,0,0.131210,0.131210,0.182195,-5098.50,-5098.50
2005-09-04,0.131210,0,0.131210,0.131210,0.182195,-5098.50,-5098.50
2005-09-05,0.131210,0,0.131210,0.131210,0.182195,-5098.50,-5098.50
2005-09-06,0.131210,0,0.131210,0.131210,0.182195,-5098.50,-5098.50
2005-09-07,0.131210,0,0.131210,0.131210,0.182195,-5098.50,-5098.50
2005-09-08,0.131210,0,0.131210,0.131210,0.182195,-5098.50,-5098.50
2005-09-09,0.131210,0,0.131210,0.131210,0.182195,-5098.50,-5098.50
2005-09-11,0.131210,0,0.131210,0.131210,0.182195,-5098.50,-5098.50
2005-09-12,0.131210,0,0.131210,0.131210,0.182195,-5098.50,-5098.50
2005-09-13,0.131210,0,0.131210,0.131210,0.182195,-5098.50,-5098.50
2005-09-14,0.131210,0,0.131210,0.131210,0.182195,-5098.50,-5098.50
2005-09-15,0.131210,0,0.131210,0.131210,0.182195,-5098.50,-5098.50
2005-09-16,0.131210,0,0.131210,0.131210,0.182195,-5098.50,-5098.50
2005-09-18,0.131210,0,0.131210,0.131210,0.182195,-5098.50,-5098.50
2005-09-19,0.131210,0,0.131210,0.131210,0.182195,-5098.50,-5098.50
2005-09-20,0.131210,0,0.131210,0.131210,0.182195,-5098.50,-5098.50
2005-09-21,0.131210,0,0.131210,0.131210,0.182195,-5098.50,-5098.50
2005-09-22,0.131210,0,0.131210,0.131210,0.182195,-5098.50,-5098.50
2005-09-23,0.131210,0,0.131210,0.131210,0.182195,-5098.50,-5098.50
2005-09-25,0.131210,0,0.131210,0.131210,0.182195,-5098.50,-5098.50
2005-09-26,0.131210,0,0.131210,0.131210,0.182195,-5098.50,-5098.50
2005-09-27,0.131210,0,0.131210,0.131210,0.182195,-5098.50,-5098.50
2005-09-28,0.131210,0,0.131210,0.131210,0.182195,-5098.50,-5098.50
2005-09-29,0.131210,0,0.131210,0.131210,0.182195,-5098.50,-5098.50
2005-09-30,0.131210,0,0.131210,0.131210,0.182195,-5098.50,-5098.50
2005-10-02,0.131210,0,0.131210,0.131210,0.182195,-5098.50,-5098.50
2005-10-03,0.131210,0,0.131210,0.131210,0.182195,-5098.50,-5098.50
2005-10-04,0.131210,0,0.131210,0.131210,0.182195,-5098.50,-5098.50
2005-10-05,0.131210,0,0.131210,0.131210,0.182195,-5098.50,-5098.50
2005-10-06,0.131210,0,0.131210,0.131210,0.182195,-5098.50,-5098.50
2005-10-07,0.131210,0,0.131210,0.131210,0.182195,-5098.50,-5098.50
2005-10-09,0.131210,0,0.131210,0.131210,0.182195,-5098.50,-5098.50
2005-10-10,0.131210,0,0.131210,0.131210,0.182195,-5098.50,-5098.50
2005-10-11,0.131210,0,0.131210,0.131210,0.182195,-5098.50,-5098.50
2005-10-12,0.131210,0,0.131210,0.131210,0.182195,-5098.50,-5098.50
2005-10-13,0.131210,0,0.131210,0.131210,0.182195,-5098.50,-5098.50
2005-10-14,0.131210,0,0.131210,0.131210,0.182195,-5098.50,-5098.50
2005-10-16,0.131210,0,0.131210,0.131210,0.182195,-5098.50,-5098.50
2005-10-17,0.131210,0,0.131210,0.131210,0.182195,-5098.50,-5098.50
2005-10-18,0.131210,0,0.131210,0.131210,0.182195,-5098.50,-5098.50
2005-10-19,0.131210,3,0.106220,0.100340,0.182195,-7597.50,-8185.50
2005-10-20,0.131210,3,0.090140,0.089870,0.182195,-9205.50,-9232.50
2005-10-21,0.131210,3,0.114770,0.078590,0.182195,-6742.50,-10360.50
2005-10-23,0.131210,3,0.122060,0.116210,0.182195,-6013.50,-6598.50
2005-10-24,0.131210,3,0.113510,0.094850,0.182195,-6868.50,-8734.50
2005-10-25,0.131210,3,0.071900,0.065750,0.182195,-11029.50,-11644.50
2005-10-26,0.071660,0,0.071660,0.071660,0.182195,-11053.50,-11053.50
2005-10-27,0.071660,3,0.094940,0.067820,0.182195,-8725.50,-11437.50
2005-10-28,0.071660,3,0.073220,0.067580,0.182195,-10897.50,-11461.50
2005-10-30,0.075647,2,0.075447,0.071667,0.182195,-10674.75,-11052.75
2005-10-31,0.075287,0,0.075287,0.075287,0.182195,-10690.75,-10690.75
2005-11-01,0.075287,0,0.075287,0.075287,0.182195,-10690.75,-10690.75
2005-11-02,0.075287,0,0.075287,0.075287,0.182195,-10690.75,-10690.75
2005-11-03,0.075287,0,0.075287,0.075287,0.182195,-10690.75,-10690.75
2005-11-04,0.075287,0,0.075287,0.075287,0.182195,-10690.75,-10690.75
2005-11-06,0.075287,0,0.075287,0.075287,0.182195,-10690.75,-10690.75
2005-11-07,0.075287,0,0.075287,0.075287,0.182195,-10690.75,-10690.75
2005-11-08,0.075287,0,0.075287,0.075287,0.182195,-10690.75,-10690.75
2005-11-09,0.075287,0,0.075287,0.075287,0.182195,-10690.75,-10690.75
2005-11-10,0.075287,0,0.075287,0.075287,0.182195,-10690.75,-10690.75
2005-11-11,0.075287,0,0.075287,0.075287,0.182195,-10690.75,-10690.75
2005-11-13,0.075287,0,0.075287,0.075287,0.182195,-10690.75,-10690.75
2005-11-14,0.075287,0,0.075287,0.075287,0.182195,-10690.75,-10690.75
2005-11-15,0.075287,0,0.075287,0.075287,0.182195,-10690.75,-10690.75
2005-11-16,0.075287,0,0.075287,0.075287,0.182195,-10690.75,-10690.75
2005-11-17,0.075287,0,0.075287,0.075287,0.182195,-10690.75,-10690.75
2005-11-18,0.075287,0,0.075287,0.075287,0.182195,-10690.75,-10690.75
2005-11-20,0.075287,0,0.075287,0.075287,0.182195,-10690.75,-10690.75
2005-11-21,0.075287,0,0.075287,0.075287,0.182195,-10690.75,-10690.75
2005-11-22,0.075287,0,0.075287,0.075287,0.182195,-10690.75,-10690.75
2005-11-23,0.075287,0,0.075287,0.075287,0.182195,-10690.75,-10690.75
2005-11-24,0.075287,0,0.075287,0.075287,0.182195,-10690.75,-10690.75
2005-11-25,0.075287,0,0.075287,0.075287,0.182195,-10690.75,-10690.75
2005-11-27,0.075287,0,0.075287,0.075287,0.182195,-10690.75,-10690.75
2005-11-28,0.075287,0,0.075287,0.075287,0.182195,-10690.75,-10690.75
2005-11-29,0.075287,0,0.075287,0.075287,0.182195,-10690.75,-10690.75
2005-11-30,0.075287,0,0.075287,0.075287,0.182195,-10690.75,-10690.75
2005-12-01,0.075287,0,0.075287,0.075287,0.182195,-10690.75,-10690.75
2005-12-02,0.075287,0,0.075287,0.075287,0.182195,-10690.75,-10690.75
2005-12-04,0.075287,0,0.075287,0.075287,0.182195,-10690.75,-10690.75
2005-12-05,0.075287,0,0.075287,0.075287,0.182195,-10690.75,-10690.75
2005-12-06,0.075287,0,0.075287,0.075287,0.182195,-10690.75,-10690.75
2005-12-07,0.075287,0,0.075287,0.075287,0.182195,-10690.75,-10690.75
2005-12-08,0.075287,0,0.075287,0.075287,0.182195,-10690.75,-10690.75
2005-12-09,0.075287,0,0.075287,0.075287,0.182195,-10690.75,-10690.75
2005-12-11,0.075287,0,0.075287,0.075287,0.182195,-10690.75,-10690.75
2005-12-12,0.075287,0,0.075287,0.075287,0.182195,-10690.75,-10690.75
2005-12-13,0.075287,0,0.075287,0.075287,0.182195,-10690.75,-10690.75
2005-12-14,0.075287,0,0.075287,0.075287,0.182195,-10690.75,-10690.75
2005-12-15,0.075287,0,0.075287,0.075287,0.182195,-10690.75,-10690.75
2005-12-16,0.075287,0,0.075287,0.075287,0.182195,-10690.75,-10690.75
2005-12-18,0.075287,0,0.075287,0.075287,0.182195,-10690.75,-10690.75
2005-12-19,0.075287,0,0.075287,0.075287,0.182195,-10690.75,-10690.75
2005-12-20,0.075287,0,0.075287,0.075287,0.182195,-10690.75,-10690.75
2005-12-21,0.075287,0,0.075287,0.075287,0.182195,-10690.75,-10690.75
2005-12-22,0.075287,0,0.075287,0.075287,0.182195,-10690.75,-10690.75
2005-12-23,0.075287,0,0.075287,0.075287,0.182195,-10690.75,-10690.75
2005-12-25,0.075287,0,0.075287,0.075287,0.182195,-10690.75,-10690.75
2005-12-26,0.075287,0,0.075287,0.075287,0.182195,-10690.75,-10690.75
2005-12-27,0.075287,0,0.075287,0.075287,0.182195,-10690.75,-10690.75
2005-12-28,0.075287,0,0.075287,0.075287,0.182195,-10690.75,-10690.75
2005-12-29,0.075287,0,0.075287,0.075287,0.182195,-10690.75,-10690.75
2005-12-30,0.075287,0,0.075287,0.075287,0.182195,-10690.75,-10690.75
2006-01-01,0.075287,0,0.075287,0.075287,0.182195,-10690.75,-10690.75
2006-01-02,0.075287,0,0.075287,0.075287,0.182195,-10690.75,-10690.75
2006-01-03,0.075287,0,0.075287,0.075287,0.182195,-10690.75,-10690.75
2006-01-04,0.075287,0,0.075287,0.075287,0.182195,-10690.75,-10690.75
2006-01-05,0.075287,0,0.075287,0.075287,0.182195,-10690.75,-10690.75
2006-01-06,0.075287,0,0.075287,0.075287,0.182195,-10690.75,-10690.75
2006-01-08,0.075287,0,0.075287,0.075287,0.182195,-10690.75,-10690.75
2006-01-09,0.075287,0,0.075287,0.075287,0.182195,-10690.75,-10690.75
2006-01-10,0.075287,0,0.075287,0.075287,0.182195,-10690.75,-10690.75
2006-01-11,0.075287,0,0.075287,0.075287,0.182195,-10690.75,-10690.75
2006-01-12,0.075287,0,0.075287,0.075287,0.182195,-10690.75,-10690.75
2006-01-13,0.075287,0,0.075287,0.075287,0.182195,-10690.75,-10690.75
2006-01-15,0.075287,0,0.075287,0.075287,0.182195,-10690.75,-10690.75
2006-01-16,0.075287,0,0.075287,0.075287,0.182195,-10690.75,-10690.75
2006-01-17,0.075287,0,0.075287,0.075287,0.182195,-10690.75,-10690.75
2006-01-18,0.075287,0,0.075287,0.075287,0.182195,-10690.75,-10690.75
2006-01-19,0.075287,0,0.075287,0.075287,0.182195,-10690.75,-10690.75
2006-01-20,0.075287,0,0.075287,0.075287,0.182195,-10690.75,-10690.75
2006-01-22,0.075287,0,0.075287,0.075287,0.182195,-10690.75,-10690.75
2006-01-23,0.075287,0,0.075287,0.075287,0.182195,-10690.75,-10690.75
2006-01-24,0.075287,0,0.075287,0.075287,0.182195,-10690.75,-10690.75
2006-01-25,0.075287,0,0.075287,0.075287,0.182195,-10690.75,-10690.75
2006-01-26,0.075287,0,0.075287,0.075287,0.182195,-10690.75,-10690.75
2006-01-27,0.075287,0,0.075287,0.075287,0.182195,-10690.75,-10690.75
2006-01-29,0.075287,0,0.075287,0.075287,0.182195,-10690.75,-10690.75
2006-01-30,0.075287,0,0.075287,0.075287,0.182195,-10690.75,-10690.75
2006-01-31,0.075287,0,0.075287,0.075287,0.182195,-10690.75,-10690.75
2006-02-01,0.075287,0,0.075287,0.075287,0.182195,-10690.75,-10690.75
2006-02-02,0.075287,0,0.075287,0.075287,0.182195,-10690.75,-10690.75
2006-02-03,0.075287,0,0.075287,0.075287,0.182195,-10690.75,-10690.75
2006-02-05,0.075287,0,0.075287,0.075287,0.182195,-10690.75,-10690.75
2006-02-06,0.075287,0,0.075287,0.075287,0.182195,-10690.75,-10690.75
2006-02-07,0.075287,0,0.075287,0.075287,0.182195,-10690.75,-10690.75
2006-02-08,0.075287,0,0.075287,0.075287,0.182195,-10690.75,-10690.75
2006-02-09,0.075287,0,0.075287,0.075287,0.182195,-10690.75,-10690.75
2006-02-10,0.075287,0,0.075287,0.075287,0.182195,-10690.75,-10690.75
2006-02-12,0.075287,0,0.075287,0.075287,0.182195,-10690.75,-10690.75
2006-02-13,0.075287,0,0.075287,0.075287,0.182195,-10690.75,-10690.75
2006-02-14,0.075287,0,0.075287,0.075287,0.182195,-10690.75,-10690.75
2006-02-15,0.075287,0,0.075287,0.075287,0.182195,-10690.75,-10690.75
2006-02-16,0.075287,0,0.075287,0.075287,0.182195,-10690.75,-10690.75
2006-02-17,0.075287,0,0.075287,0.075287,0.182195,-10690.75,-10690.75
2006-02-19,0.075287,0,0.075287,0.075287,0.182195,-10690.75,-10690.75
2006-02-20,0.075287,0,0.075287,0.075287,0.182195,-10690.75,-10690.75
2006-02-21,0.075287,0,0.075287,0.075287,0.182195,-10690.75,-10690.75
2006-02-22,0.075287,0,0.075287,0.075287,0.182195,-10690.75,-10690.75
2006-02-23,0.075287,0,0.075287,0.075287,0.182195,-10690.75,-10690.75
2006-02-24,0.075287,0,0.075287,0.075287,0.182195,-10690.75,-10690.75
2006-02-26,0.075287,0,0.075287,0.075287,0.182195,-10690.75,-10690.75
2006-02-27,0.075287,0,0.075287,0.075287,0.182195,-10690.75,-10690.75
2006-02-28,0.075287,0,0.075287,0.075287,0.182195,-10690.75,-10690.75
2006-03-01,0.075287,0,0.075287,0.075287,0.182195,-10690.75,-10690.75
2006-03-02,0.075287,0,0.075287,0.075287,0.182195,-10690.75,-10690.75
2006-03-03,0.075287,0,0.075287,0.075287,0.182195,-10690.75,-10690.75
2006-03-05,0.075287,0,0.075287,0.075287,0.182195,-10690.75,-10690.75
2006-03-06,0.075287,0,0.075287,0.075287,0.182195,-10690.75,-10690.75
2006-03-07,0.075287,3,0.076097,0.036497,0.182195,-10609.75,-14569.75
2006-03-08,0.075287,3,0.066107,0.060737,0.182195,-11608.75,-12145.75
2006-03-09,0.075287,3,0.072707,0.057587,0.182195,-10948.75,-12460.75
2006-03-10,0.075287,3,0.070697,0.064577,0.182195,-11149.75,-11761.75
2006-03-12,0.075287,3,0.068207,0.066707,0.182195,-11398.75,-11548.75
2006-03-13,0.075287,3,0.053357,0.052187,0.182195,-12883.75,-13000.75
2006-03-14,0.075287,3,0.038207,0.033377,0.182195,-14398.75,-14881.75
2006-03-15,0.075287,3,0.021917,0.020387,0.182195,-16027.75,-16180.75
2006-03-16,0.021677,0,0.021677,0.021677,0.182195,-16051.75,-16051.75
2006-03-17,0.021677,3,0.025607,0.012737,0.182195,-15658.75,-16945.75
2006-03-19,0.021677,3,0.022757,0.019637,0.182195,-15943.75,-16255.75
2006-03-20,0.021677,3,0.018077,0.014357,0.182195,-16411.75,-16783.75
2006-03-21,0.021677,3,0.001487,-0.007243,0.182195,-18070.75,-18943.75
2006-03-22,0.021677,3,-0.007303,-0.010753,0.182195,-18949.75,-19294.75
2006-03-23,0.021677,3,-0.039193,-0.043813,0.182195,-22138.75,-22600.75
2006-03-24,0.021677,3,-0.019153,-0.045253,0.182195,-20134.75,-22744.75
2006-03-26,0.021677,3,-0.020053,-0.023083,0.182195,-20224.75,-20527.75
2006-03-27,0.021677,3,-0.026323,-0.029623,0.182195,-20851.75,-21181.75
2006-03-28,0.021677,3,-0.028333,-0.032563,0.182195,-21052.75,-21475.75
2006-03-29,0.021677,3,-0.021793,-0.035593,0.182195,-20398.75,-21778.75
2006-03-30,0.021677,3,0.020477,-0.023053,0.182195,-16171.75,-20524.75
2006-03-31,0.021677,3,0.004247,-0.004693,0.182195,-17794.75,-18688.75
2006-04-02,0.004007,0,0.004007,0.004007,0.182195,-17818.75,-17818.75
2006-04-03,0.004007,0,0.004007,0.004007,0.182195,-17818.75,-17818.75
2006-04-04,0.004007,0,0.004007,0.004007,0.182195,-17818.75,-17818.75
2006-04-05,0.004007,0,0.004007,0.004007,0.182195,-17818.75,-17818.75
2006-04-06,0.004007,0,0.004007,0.004007,0.182195,-17818.75,-17818.75
2006-04-07,0.004007,0,0.004007,0.004007,0.182195,-17818.75,-17818.75
2006-04-09,0.004007,0,0.004007,0.004007,0.182195,-17818.75,-17818.75
2006-04-10,0.004007,0,0.004007,0.004007,0.182195,-17818.75,-17818.75
2006-04-11,0.004007,0,0.004007,0.004007,0.182195,-17818.75,-17818.75
2006-04-12,0.004007,0,0.004007,0.004007,0.182195,-17818.75,-17818.75
2006-04-13,0.004007,0,0.004007,0.004007,0.182195,-17818.75,-17818.75
2006-04-14,0.004007,0,0.004007,0.004007,0.182195,-17818.75,-17818.75
2006-04-16,0.004007,0,0.004007,0.004007,0.182195,-17818.75,-17818.75
2006-04-17,0.004007,0,0.004007,0.004007,0.182195,-17818.75,-17818.75
2006-04-18,0.004007,0,0.004007,0.004007,0.182195,-17818.75,-17818.75
2006-04-19,0.004007,0,0.004007,0.004007,0.182195,-17818.75,-17818.75
2006-04-20,0.004007,0,0.004007,0.004007,0.182195,-17818.75,-17818.75
2006-04-21,0.004007,0,0.004007,0.004007,0.182195,-17818.75,-17818.75
2006-04-23,0.004007,0,0.004007,0.004007,0.182195,-17818.75,-17818.75
2006-04-24,0.004007,0,0.004007,0.004007,0.182195,-17818.75,-17818.75
2006-04-25,0.004007,0,0.004007,0.004007,0.182195,-17818.75,-17818.75
2006-04-26,0.004007,0,0.004007,0.004007,0.182195,-17818.75,-17818.75
2006-04-27,0.004007,0,0.004007,0.004007,0.182195,-17818.75,-17818.75
2006-04-28,0.004007,0,0.004007,0.004007,0.182195,-17818.75,-17818.75
2006-04-30,0.004007,0,0.004007,0.004007,0.182195,-17818.75,-17818.75
2006-05-01,0.004007,0,0.004007,0.004007,0.182195,-17818.75,-17818.75
2006-05-02,0.004007,0,0.004007,0.004007,0.182195,-17818.75,-17818.75
2006-05-03,0.004007,0,0.004007,0.004007,0.182195,-17818.75,-17818.75
2006-05-04,0.004007,0,0.004007,0.004007,0.182195,-17818.75,-17818.75
2006-05-05,0.004007,0,0.004007,0.004007,0.182195,-17818.75,-17818.75
2006-05-07,0.004007,0,0.004007,0.004007,0.182195,-17818.75,-17818.75
2006-05-08,0.004007,0,0.004007,0.004007,0.182195,-17818.75,-17818.75
2006-05-09,0.004007,0,0.004007,0.004007,0.182195,-17818.75,-17818.75
2006-05-10,0.004007,0,0.004007,0.004007,0.182195,-17818.75,-17818.75
2006-05-11,0.004007,0,0.004007,0.004007,0.182195,-17818.75,-17818.75
2006-05-12,0.004007,0,0.004007,0.004007,0.182195,-17818.75,-17818.75
2006-05-14,0.004007,0,0.004007,0.004007,0.182195,-17818.75,-17818.75
2006-05-15,0.004007,0,0.004007,0.004007,0.182195,-17818.75,-17818.75
2006-05-16,0.004007,0,0.004007,0.004007,0.182195,-17818.75,-17818.75
2006-05-17,0.004007,0,0.004007,0.004007,0.182195,-17818.75,-17818.75
2006-05-18,0.004007,0,0.004007,0.004007,0.182195,-17818.75,-17818.75
2006-05-19,0.004007,0,0.004007,0.004007,0.182195,-17818.75,-17818.75
2006-05-21,0.004007,0,0.004007,0.004007,0.182195,-17818.75,-17818.75
2006-05-22,0.004007,0,0.004007,0.004007,0.182195,-17818.75,-17818.75
2006-05-23,0.004007,0,0.004007,0.004007,0.182195,-17818.75,-17818.75
2006-05-24,0.004007,0,0.004007,0.004007,0.182195,-17818.75,-17818.75
2006-05-25,0.004007,0,0.004007,0.004007,0.182195,-17818.75,-17818.75
2006-05-26,0.004007,0,0.004007,0.004007,0.182195,-17818.75,-17818.75
2006-05-28,0.004007,0,0.004007,0.004007,0.182195,-17818.75,-17818.75
2006-05-29,0.004007,0,0.004007,0.004007,0.182195,-17818.75,-17818.75
2006-05-30,0.004007,0,0.004007,0.004007,0.182195,-17818.75,-17818.75
2006-05-31,0.004007,0,0.004007,0.004007,0.182195,-17818.75,-17818.75
2006-06-01,0.004007,0,0.004007,0.004007,0.182195,-17818.75,-17818.75
2006-06-02,0.004007,0,0.004007,0.004007,0.182195,-17818.75,-17818.75
2006-06-04,0.004007,0,0.004007,0.004007,0.182195,-17818.75,-17818.75
2006-06-05,0.004007,0,0.004007,0.004007,0.182195,-17818.75,-17818.75
2006-06-06,0.004007,0,0.004007,0.004007,0.182195,-17818.75,-17818.75
2006-06-07,0.004007,0,0.004007,0.004007,0.182195,-17818.75,-17818.75
2006-06-08,0.004007,3,0.028427,-0.019663,0.182195,-15376.75,-20185.75
2006-06-09,0.004007,3,0.030167,0.016097,0.182195,-15202.75,-16609.75
2006-06-11,0.009305,2,0.032345,0.026125,0.182195,-14985.00,-15607.00
2006-06-12,0.009305,2,0.037965,0.023885,0.182195,-14423.00,-15831.00
2006-06-13,0.009305,2,0.044545,0.030985,0.182195,-13765.00,-15121.00
2006-06-14,0.009305,2,0.032445,0.024525,0.182195,-14975.00,-15767.00
2006-06-15,0.030705,1,0.038755,0.037345,0.182195,-14344.00,-14485.00
2006-06-16,0.030705,1,0.039235,0.035885,0.182195,-14296.00,-14631.00
2006-06-18,0.030705,1,0.039485,0.038225,0.182195,-14271.00,-14397.00
2006-06-19,0.030705,1,0.045495,0.039385,0.182195,-13670.00,-14281.00
2006-06-20,0.030705,1,0.043145,0.041355,0.182195,-13905.00,-14084.00
2006-06-21,0.030705,1,0.036335,0.035265,0.182195,-14586.00,-14693.00
2006-06-22,0.030705,1,0.045145,0.035195,0.182195,-13705.00,-14700.00
2006-06-23,0.030705,1,0.052855,0.044275,0.182195,-12934.00,-13792.00
2006-06-25,0.030705,1,0.051345,0.051045,0.182195,-13085.00,-13115.00
2006-06-26,0.030705,1,0.042355,0.042235,0.182195,-13984.00,-13996.00
2006-06-27,0.030705,1,0.046105,0.041295,0.182195,-13609.00,-14090.00
2006-06-28,0.030705,1,0.048755,0.044615,0.182195,-13344.00,-13758.00
2006-06-29,0.030705,1,0.036815,0.036205,0.182195,-14538.00,-14599.00
2006-06-30,0.030705,1,0.023945,0.023625,0.182195,-15825.00,-15857.00
2006-07-02,0.023865,0,0.023865,0.023865,0.182195,-15833.00,-15833.00
2006-07-03,0.023865,0,0.023865,0.023865,0.182195,-15833.00,-15833.00
2006-07-04,0.023865,0,0.023865,0.023865,0.182195,-15833.00,-15833.00
2006-07-05,0.023865,0,0.023865,0.023865,0.182195,-15833.00,-15833.00
2006-07-06,0.023865,0,0.023865,0.023865,0.182195,-15833.00,-15833.00
2006-07-07,0.023865,3,0.019965,-0.000495,0.182195,-16223.00,-18269.00
2006-07-09,0.023865,3,0.020445,0.018825,0.182195,-16175.00,-16337.00
2006-07-10,0.023865,3,-0.001545,-0.005895,0.182195,-18374.00,-18809.00
2006-07-11,-0.001785,0,-0.001785,-0.001785,0.182195,-18398.00,-18398.00
2006-07-12,-0.001785,3,0.017115,-0.006645,0.182195,-16508.00,-18884.00
2006-07-13,-0.001785,3,0.019455,0.007935,0.182195,-16274.00,-17426.00
2006-07-14,0.005412,1,0.017162,0.012372,0.182195,-16503.25,-16982.25
2006-07-16,0.005412,1,0.018392,0.015882,0.182195,-16380.25,-16631.25
2006-07-17,0.005412,1,0.029442,0.017452,0.182195,-15275.25,-16474.25
2006-07-18,0.005412,1,0.031662,0.025782,0.182195,-15053.25,-15641.25
2006-07-19,0.005412,1,0.021992,0.020782,0.182195,-16020.25,-16141.25
2006-07-20,0.005412,1,0.018342,0.016302,0.182195,-16385.25,-16589.25
2006-07-21,0.005412,1,0.012632,0.011972,0.182195,-16956.25,-17022.25
2006-07-23,0.005412,1,0.011992,0.010552,0.182195,-17020.25,-17164.25
2006-07-24,0.005412,1,0.019382,0.012202,0.182195,-16281.25,-16999.25
2006-07-25,0.005412,1,0.023792,0.014492,0.182195,-15840.25,-16770.25
2006-07-26,0.005412,1,0.010722,0.009072,0.182195,-17147.25,-17312.25
2006-07-27,0.005412,1,0.013012,0.004562,0.182195,-16918.25,-17763.25
2006-07-28,0.005412,1,0.005782,0.004662,0.182195,-17641.25,-17753.25
2006-07-30,0.005412,1,0.004552,0.004482,0.182195,-17764.25,-17771.25
2006-07-31,0.004472,0,0.004472,0.004472,0.182195,-17772.25,-17772.25
2006-08-01,0.004472,0,0.004472,0.004472,0.182195,-17772.25,-17772.25
2006-08-02,0.004472,0,0.004472,0.004472,0.182195,-17772.25,-17772.25
2006-08-03,0.004472,0,0.004472,0.004472,0.182195,-17772.25,-17772.25
2006-08-04,0.004472,0,0.004472,0.004472,0.182195,-17772.25,-17772.25
2006-08-06,0.004472,0,0.004472,0.004472,0.182195,-17772.25,-17772.25
2006-08-07,0.004472,0,0.004472,0.004472,0.182195,-17772.25,-17772.25
2006-08-08,0.004472,0,0.004472,0.004472,0.182195,-17772.25,-17772.25
2006-08-09,0.004472,0,0.004472,0.004472,0.182195,-17772.25,-17772.25
2006-08-10,0.004472,0,0.004472,0.004472,0.182195,-17772.25,-17772.25
2006-08-11,0.004472,3,0.004052,-0.018058,0.182195,-17814.25,-20025.25
2006-08-13,0.004472,3,-0.001048,-0.003238,0.182195,-18324.25,-18543.25
2006-08-14,0.003432,0,0.003432,0.003432,0.182195,-17876.25,-17876.25
2006-08-15,0.003432,0,0.003432,0.003432,0.182195,-17876.25,-17876.25
2006-08-16,0.003432,3,0.008352,-0.016398,0.182195,-17384.25,-19859.25
2006-08-17,0.003432,3,0.002082,-0.003228,0.182195,-18011.25,-18542.25
2006-08-18,0.005172,0,0.005172,0.005172,0.182195,-17702.25,-17702.25
2006-08-20,0.005172,0,0.005172,0.005172,0.182195,-17702.25,-17702.25
2006-08-21,0.005172,0,0.005172,0.005172,0.182195,-17702.25,-17702.25
2006-08-22,0.005172,0,0.005172,0.005172,0.182195,-17702.25,-17702.25
2006-08-23,0.005172,0,0.005172,0.005172,0.182195,-17702.25,-17702.25
2006-08-24,0.005172,0,0.005172,0.005172,0.182195,-17702.25,-17702.25
2006-08-25,0.005172,0,0.005172,0.005172,0.182195,-17702.25,-17702.25
2006-08-27,0.005172,0,0.005172,0.005172,0.182195,-17702.25,-17702.25
2006-08-28,0.005172,0,0.005172,0.005172,0.182195,-17702.25,-17702.25
2006-08-29,0.005172,0,0.005172,0.005172,0.182195,-17702.25,-17702.25
2006-08-30,0.005172,0,0.005172,0.005172,0.182195,-17702.25,-17702.25
2006-08-31,0.005172,0,0.005172,0.005172,0.182195,-17702.25,-17702.25
2006-09-01,0.005172,0,0.005172,0.005172,0.182195,-17702.25,-17702.25
2006-09-03,0.005172,0,0.005172,0.005172,0.182195,-17702.25,-17702.25
2006-09-04,0.005172,0,0.005172,0.005172,0.182195,-17702.25,-17702.25
2006-09-05,0.005172,0,0.005172,0.005172,0.182195,-17702.25,-17702.25
2006-09-06,0.005172,0,0.005172,0.005172,0.182195,-17702.25,-17702.25
2006-09-07,0.005172,0,0.005172,0.005172,0.182195,-17702.25,-17702.25
2006-09-08,0.005172,0,0.005172,0.005172,0.182195,-17702.25,-17702.25
2006-09-10,0.005172,0,0.005172,0.005172,0.182195,-17702.25,-17702.25
2006-09-11,0.005172,0,0.005172,0.005172,0.182195,-17702.25,-17702.25
2006-09-12,0.005172,0,0.005172,0.005172,0.182195,-17702.25,-17702.25
2006-09-13,0.005172,0,0.005172,0.005172,0.182195,-17702.25,-17702.25
2006-09-14,0.005172,0,0.005172,0.005172,0.182195,-17702.25,-17702.25
2006-09-15,0.005172,0,0.005172,0.005172,0.182195,-17702.25,-17702.25
2006-09-17,0.005172,0,0.005172,0.005172,0.182195,-17702.25,-17702.25
2006-09-18,0.005172,0,0.005172,0.005172,0.182195,-17702.25,-17702.25
2006-09-19,0.005172,0,0.005172,0.005172,0.182195,-17702.25,-17702.25
2006-09-20,0.005172,0,0.005172,0.005172,0.182195,-17702.25,-17702.25
2006-09-21,0.005172,0,0.005172,0.005172,0.182195,-17702.25,-17702.25
2006-09-22,0.005172,0,0.005172,0.005172,0.182195,-17702.25,-17702.25
2006-09-24,0.005172,0,0.005172,0.005172,0.182195,-17702.25,-17702.25
2006-09-25,0.005172,0,0.005172,0.005172,0.182195,-17702.25,-17702.25
2006-09-26,0.005172,0,0.005172,0.005172,0.182195,-17702.25,-17702.25
2006-09-27,0.005172,0,0.005172,0.005172,0.182195,-17702.25,-17702.25
2006-09-28,0.005172,0,0.005172,0.005172,0.182195,-17702.25,-17702.25
2006-09-29,0.005172,0,0.005172,0.005172,0.182195,-17702.25,-17702.25
2006-10-01,0.005172,0,0.005172,0.005172,0.182195,-17702.25,-17702.25
2006-10-02,0.005172,0,0.005172,0.005172,0.182195,-17702.25,-17702.25
2006-10-03,0.005172,0,0.005172,0.005172,0.182195,-17702.25,-17702.25
2006-10-04,0.005172,0,0.005172,0.005172,0.182195,-17702.25,-17702.25
2006-10-05,0.005172,0,0.005172,0.005172,0.182195,-17702.25,-17702.25
2006-10-06,0.005172,0,0.005172,0.005172,0.182195,-17702.25,-17702.25
2006-10-08,0.005172,0,0.005172,0.005172,0.182195,-17702.25,-17702.25
2006-10-09,0.005172,0,0.005172,0.005172,0.182195,-17702.25,-17702.25
2006-10-10,0.005172,0,0.005172,0.005172,0.182195,-17702.25,-17702.25
2006-10-11,0.005172,0,0.005172,0.005172,0.182195,-17702.25,-17702.25
2006-10-12,0.005172,0,0.005172,0.005172,0.182195,-17702.25,-17702.25
2006-10-13,0.005172,0,0.005172,0.005172,0.182195,-17702.25,-17702.25
2006-10-15,0.005172,0,0.005172,0.005172,0.182195,-17702.25,-17702.25
2006-10-16,0.005172,0,0.005172,0.005172,0.182195,-17702.25,-17702.25
2006-10-17,0.005172,0,0.005172,0.005172,0.182195,-17702.25,-17702.25
2006-10-18,0.005172,0,0.005172,0.005172,0.182195,-17702.25,-17702.25
2006-10-19,0.005172,0,0.005172,0.005172,0.182195,-17702.25,-17702.25
2006-10-20,0.005172,0,0.005172,0.005172,0.182195,-17702.25,-17702.25
2006-10-22,0.005172,0,0.005172,0.005172,0.182195,-17702.25,-17702.25
2006-10-23,0.005172,0,0.005172,0.005172,0.182195,-17702.25,-17702.25
2006-10-24,0.005172,0,0.005172,0.005172,0.182195,-17702.25,-17702.25
2006-10-25,0.005172,0,0.005172,0.005172,0.182195,-17702.25,-17702.25
2006-10-26,0.005172,0,0.005172,0.005172,0.182195,-17702.25,-17702.25
2006-10-27,0.005172,0,0.005172,0.005172,0.182195,-17702.25,-17702.25
2006-10-29,0.005172,0,0.005172,0.005172,0.182195,-17702.25,-17702.25
2006-10-30,0.005172,0,0.005172,0.005172,0.182195,-17702.25,-17702.25
2006-10-31,0.005172,3,0.005172,-0.020178,0.182195,-17702.25,-20237.25
2006-11-01,0.004932,0,0.004932,0.004932,0.182195,-17726.25,-17726.25
2006-11-02,0.004932,0,0.004932,0.004932,0.182195,-17726.25,-17726.25
2006-11-03,0.004932,0,0.004932,0.004932,0.182195,-17726.25,-17726.25
2006-11-05,0.004932,0,0.004932,0.004932,0.182195,-17726.25,-17726.25
2006-11-06,0.004932,0,0.004932,0.004932,0.182195,-17726.25,-17726.25
2006-11-07,0.004932,0,0.004932,0.004932,0.182195,-17726.25,-17726.25
2006-11-08,0.004932,0,0.004932,0.004932,0.182195,-17726.25,-17726.25
2006-11-09,0.004932,0,0.004932,0.004932,0.182195,-17726.25,-17726.25
2006-11-10,0.004932,0,0.004932,0.004932,0.182195,-17726.25,-17726.25
2006-11-12,0.004932,0,0.004932,0.004932,0.182195,-17726.25,-17726.25
2006-11-13,0.004932,0,0.004932,0.004932,0.182195,-17726.25,-17726.25
2006-11-14,0.004932,0,0.004932,0.004932,0.182195,-17726.25,-17726.25
2006-11-15,0.004932,0,0.004932,0.004932,0.182195,-17726.25,-17726.25
2006-11-16,0.004932,0,0.004932,0.004932,0.182195,-17726.25,-17726.25
2006-11-17,0.004932,0,0.004932,0.004932,0.182195,-17726.25,-17726.25
2006-11-19,0.004932,0,0.004932,0.004932,0.182195,-17726.25,-17726.25
2006-11-20,0.004932,0,0.004932,0.004932,0.182195,-17726.25,-17726.25
2006-11-21,0.004932,0,0.004932,0.004932,0.182195,-17726.25,-17726.25
2006-11-22,0.004932,0,0.004932,0.004932,0.182195,-17726.25,-17726.25
2006-11-23,0.004932,0,0.004932,0.004932,0.182195,-17726.25,-17726.25
2006-11-24,0.004932,0,0.004932,0.004932,0.182195,-17726.25,-17726.25
2006-11-26,0.004932,0,0.004932,0.004932,0.182195,-17726.25,-17726.25
2006-11-27,0.004932,0,0.004932,0.004932,0.182195,-17726.25,-17726.25
2006-11-28,0.004932,0,0.004932,0.004932,0.182195,-17726.25,-17726.25
2006-11-29,0.004932,0,0.004932,0.004932,0.182195,-17726.25,-17726.25
2006-11-30,0.004932,0,0.004932,0.004932,0.182195,-17726.25,-17726.25
2006-12-01,0.004932,0,0.004932,0.004932,0.182195,-17726.25,-17726.25
2006-12-03,0.004932,0,0.004932,0.004932,0.182195,-17726.25,-17726.25
2006-12-04,0.004932,0,0.004932,0.004932,0.182195,-17726.25,-17726.25
2006-12-05,0.004932,0,0.004932,0.004932,0.182195,-17726.25,-17726.25
2006-12-06,0.004932,0,0.004932,0.004932,0.182195,-17726.25,-17726.25
2006-12-07,0.004932,0,0.004932,0.004932,0.182195,-17726.25,-17726.25
2006-12-08,0.004932,0,0.004932,0.004932,0.182195,-17726.25,-17726.25
2006-12-10,0.004932,0,0.004932,0.004932,0.182195,-17726.25,-17726.25
2006-12-11,0.004932,0,0.004932,0.004932,0.182195,-17726.25,-17726.25
2006-12-12,0.004932,0,0.004932,0.004932,0.182195,-17726.25,-17726.25
2006-12-13,0.004932,0,0.004932,0.004932,0.182195,-17726.25,-17726.25
2006-12-14,0.004932,0,0.004932,0.004932,0.182195,-17726.25,-17726.25
2006-12-15,0.004932,0,0.004932,0.004932,0.182195,-17726.25,-17726.25
2006-12-17,0.004932,0,0.004932,0.004932,0.182195,-17726.25,-17726.25
2006-12-18,0.004932,0,0.004932,0.004932,0.182195,-17726.25,-17726.25
2006-12-19,0.004932,0,0.004932,0.004932,0.182195,-17726.25,-17726.25
2006-12-20,0.004932,0,0.004932,0.004932,0.182195,-17726.25,-17726.25
2006-12-21,0.004932,0,0.004932,0.004932,0.182195,-17726.25,-17726.25
2006-12-22,0.004932,0,0.004932,0.004932,0.182195,-17726.25,-17726.25
2006-12-24,0.004932,0,0.004932,0.004932,0.182195,-17726.25,-17726.25
2006-12-25,0.004932,0,0.004932,0.004932,0.182195,-17726.25,-17726.25
2006-12-26,0.004932,0,0.004932,0.004932,0.182195,-17726.25,-17726.25
2006-12-27,0.004932,0,0.004932,0.004932,0.182195,-17726.25,-17726.25
2006-12-28,0.004932,0,0.004932,0.004932,0.182195,-17726.25,-17726.25
2006-12-29,0.004932,0,0.004932,0.004932,0.182195,-17726.25,-17726.25
2006-12-31,0.004932,0,0.004932,0.004932,0.182195,-17726.25,-17726.25
2007-01-01,0.004932,0,0.004932,0.004932,0.182195,-17726.25,-17726.25
2007-01-02,0.004932,0,0.004932,0.004932,0.182195,-17726.25,-17726.25
2007-01-03,0.004932,0,0.004932,0.004932,0.182195,-17726.25,-17726.25
2007-01-04,0.004932,0,0.004932,0.004932,0.182195,-17726.25,-17726.25
2007-01-05,0.004932,0,0.004932,0.004932,0.182195,-17726.25,-17726.25
2007-01-07,0.004932,0,0.004932,0.004932,0.182195,-17726.25,-17726.25
2007-01-08,0.004932,0,0.004932,0.004932,0.182195,-17726.25,-17726.25
2007-01-09,0.004932,0,0.004932,0.004932,0.182195,-17726.25,-17726.25
2007-01-10,0.004932,0,0.004932,0.004932,0.182195,-17726.25,-17726.25
2007-01-11,0.004932,0,0.004932,0.004932,0.182195,-17726.25,-17726.25
2007-01-12,0.004932,0,0.004932,0.004932,0.182195,-17726.25,-17726.25
2007-01-14,0.004932,0,0.004932,0.004932,0.182195,-17726.25,-17726.25
2007-01-15,0.004932,0,0.004932,0.004932,0.182195,-17726.25,-17726.25
2007-01-16,0.004932,0,0.004932,0.004932,0.182195,-17726.25,-17726.25
2007-01-17,0.004932,0,0.004932,0.004932,0.182195,-17726.25,-17726.25
2007-01-18,0.004932,0,0.004932,0.004932,0.182195,-17726.25,-17726.25
2007-01-19,0.004932,0,0.004932,0.004932,0.182195,-17726.25,-17726.25
2007-01-21,0.004932,0,0.004932,0.004932,0.182195,-17726.25,-17726.25
2007-01-22,0.004932,0,0.004932,0.004932,0.182195,-17726.25,-17726.25
2007-01-23,0.004932,0,0.004932,0.004932,0.182195,-17726.25,-17726.25
2007-01-24,0.004932,0,0.004932,0.004932,0.182195,-17726.25,-17726.25
2007-01-25,0.004932,0,0.004932,0.004932,0.182195,-17726.25,-17726.25
2007-01-26,0.004932,0,0.004932,0.004932,0.182195,-17726.25,-17726.25
2007-01-28,0.004932,0,0.004932,0.004932,0.182195,-17726.25,-17726.25
2007-01-29,0.004932,0,0.004932,0.004932,0.182195,-17726.25,-17726.25
2007-01-30,0.004932,0,0.004932,0.004932,0.182195,-17726.25,-17726.25
2007-01-31,0.004932,0,0.004932,0.004932,0.182195,-17726.25,-17726.25
2007-02-01,0.004932,0,0.004932,0.004932,0.182195,-17726.25,-17726.25
2007-02-02,0.004932,0,0.004932,0.004932,0.182195,-17726.25,-17726.25
2007-02-04,0.004932,0,0.004932,0.004932,0.182195,-17726.25,-17726.25
2007-02-05,0.004932,0,0.004932,0.004932,0.182195,-17726.25,-17726.25
2007-02-06,0.004932,0,0.004932,0.004932,0.182195,-17726.25,-17726.25
2007-02-07,0.004932,0,0.004932,0.004932,0.182195,-17726.25,-17726.25
2007-02-08,0.004932,0,0.004932,0.004932,0.182195,-17726.25,-17726.25
2007-02-09,0.004932,0,0.004932,0.004932,0.182195,-17726.25,-17726.25
2007-02-11,0.004932,0,0.004932,0.004932,0.182195,-17726.25,-17726.25
2007-02-12,0.004932,0,0.004932,0.004932,0.182195,-17726.25,-17726.25
2007-02-13,0.004932,0,0.004932,0.004932,0.182195,-17726.25,-17726.25
2007-02-14,0.004932,3,0.027492,-0.007008,0.182195,-15470.25,-18920.25
2007-02-15,0.004932,3,0.026322,0.021642,0.182195,-15587.25,-16055.25
2007-02-16,0.007715,2,0.022515,0.014555,0.182195,-15968.00,-16764.00
2007-02-18,0.007715,2,0.024695,0.022155,0.182195,-15750.00,-16004.00
2007-02-19,0.007715,2,0.025355,0.019415,0.182195,-15684.00,-16278.00
2007-02-20,0.007715,2,0.024595,0.020815,0.182195,-15760.00,-16138.00
2007-02-21,0.019055,1,0.026505,0.024055,0.182195,-15569.00,-15814.00
2007-02-22,0.019055,1,0.025015,0.020855,0.182195,-15718.00,-16134.00
2007-02-23,0.019055,1,0.029165,0.023025,0.182195,-15303.00,-15917.00
2007-02-25,0.019055,1,0.030895,0.029185,0.182195,-15130.00,-15301.00
2007-02-26,0.019055,1,0.032005,0.027805,0.182195,-15019.00,-15439.00
2007-02-27,0.019055,1,0.035485,0.028685,0.182195,-14671.00,-15351.00
2007-02-28,0.019055,1,0.035625,0.030765,0.182195,-14657.00,-15143.00
2007-03-01,0.035545,0,0.035545,0.035545,0.182195,-14665.00,-14665.00
2007-03-02,0.035545,0,0.035545,0.035545,0.182195,-14665.00,-14665.00
2007-03-04,0.035545,0,0.035545,0.035545,0.182195,-14665.00,-14665.00
2007-03-05,0.035545,0,0.035545,0.035545,0.182195,-14665.00,-14665.00
2007-03-06,0.035545,0,0.035545,0.035545,0.182195,-14665.00,-14665.00
2007-03-07,0.035545,0,0.035545,0.035545,0.182195,-14665.00,-14665.00
2007-03-08,0.035545,0,0.035545,0.035545,0.182195,-14665.00,-14665.00
2007-03-09,0.035545,0,0.035545,0.035545,0.182195,-14665.00,-14665.00
2007-03-11,0.035545,0,0.035545,0.035545,0.182195,-14665.00,-14665.00
2007-03-12,0.035545,0,0.035545,0.035545,0.182195,-14665.00,-14665.00
2007-03-13,0.035545,0,0.035545,0.035545,0.182195,-14665.00,-14665.00
2007-03-14,0.035545,3,0.033385,0.016765,0.182195,-14881.00,-16543.00
2007-03-15,0.035545,3,0.047335,0.021415,0.182195,-13486.00,-16078.00
2007-03-16,0.037927,2,0.052247,0.044567,0.182195,-12994.75,-13762.75
2007-03-18,0.047667,1,0.055377,0.054407,0.182195,-12681.75,-12778.75
2007-03-19,0.047667,1,0.054717,0.051567,0.182195,-12747.75,-13062.75
2007-03-20,0.047667,1,0.055117,0.050777,0.182195,-12707.75,-13141.75
2007-03-21,0.047667,1,0.063327,0.052377,0.182195,-11886.75,-12981.75
2007-03-22,0.047667,1,0.056617,0.054667,0.182195,-12557.75,-12752.75
2007-03-23,0.047667,1,0.051657,0.051387,0.182195,-13053.75,-13080.75
2007-03-25,0.047667,1,0.050847,0.049477,0.182195,-13134.75,-13271.75
2007-03-26,0.047667,1,0.056437,0.049107,0.182195,-12575.75,-13308.75
2007-03-27,0.047667,1,0.058587,0.053897,0.182195,-12360.75,-12829.75
2007-03-28,0.047667,1,0.054587,0.053827,0.182195,-12760.75,-12836.75
2007-03-29,0.047667,1,0.056617,0.053607,0.182195,-12557.75,-12858.75
2007-03-30,0.047667,1,0.059067,0.052567,0.182195,-12312.75,-12962.75
2007-04-01,0.058987,0,0.058987,0.058987,0.182195,-12320.75,-12320.75
2007-04-02,0.058987,0,0.058987,0.058987,0.182195,-12320.75,-12320.75
2007-04-03,0.058987,0,0.058987,0.058987,0.182195,-12320.75,-12320.75
2007-04-04,0.058987,0,0.058987,0.058987,0.182195,-12320.75,-12320.75
2007-04-05,0.058987,0,0.058987,0.058987,0.182195,-12320.75,-12320.75
2007-04-06,0.058987,0,0.058987,0.058987,0.182195,-12320.75,-12320.75
2007-04-08,0.058987,0,0.058987,0.058987,0.182195,-12320.75,-12320.75
2007-04-09,0.058987,0,0.058987,0.058987,0.182195,-12320.75,-12320.75
2007-04-10,0.058987,0,0.058987,0.058987,0.182195,-12320.75,-12320.75
2007-04-11,0.058987,0,0.058987,0.058987,0.182195,-12320.75,-12320.75
2007-04-12,0.058987,0,0.058987,0.058987,0.182195,-12320.75,-12320.75
2007-04-13,0.058987,0,0.058987,0.058987,0.182195,-12320.75,-12320.75
2007-04-15,0.058987,0,0.058987,0.058987,0.182195,-12320.75,-12320.75
2007-04-16,0.058987,0,0.058987,0.058987,0.182195,-12320.75,-12320.75
2007-04-17,0.058987,0,0.058987,0.058987,0.182195,-12320.75,-12320.75
2007-04-18,0.058987,0,0.058987,0.058987,0.182195,-12320.75,-12320.75
2007-04-19,0.058987,0,0.058987,0.058987,0.182195,-12320.75,-12320.75
2007-04-20,0.058987,0,0.058987,0.058987,0.182195,-12320.75,-12320.75
2007-04-22,0.058987,0,0.058987,0.058987,0.182195,-12320.75,-12320.75
2007-04-23,0.058987,0,0.058987,0.058987,0.182195,-12320.75,-12320.75
2007-04-24,0.058987,0,0.058987,0.058987,0.182195,-12320.75,-12320.75
2007-04-25,0.058987,0,0.058987,0.058987,0.182195,-12320.75,-12320.75
2007-04-26,0.058987,0,0.058987,0.058987,0.182195,-12320.75,-12320.75
2007-04-27,0.058987,0,0.058987,0.058987,0.182195,-12320.75,-12320.75
2007-04-29,0.058987,0,0.058987,0.058987,0.182195,-12320.75,-12320.75
2007-04-30,0.058987,0,0.058987,0.058987,0.182195,-12320.75,-12320.75
2007-05-01,0.058987,0,0.058987,0.058987,0.182195,-12320.75,-12320.75
2007-05-02,0.058987,0,0.058987,0.058987,0.182195,-12320.75,-12320.75
2007-05-03,0.058987,0,0.058987,0.058987,0.182195,-12320.75,-12320.75
2007-05-04,0.058987,0,0.058987,0.058987,0.182195,-12320.75,-12320.75
2007-05-06,0.058987,0,0.058987,0.058987,0.182195,-12320.75,-12320.75
2007-05-07,0.058987,0,0.058987,0.058987,0.182195,-12320.75,-12320.75
2007-05-08,0.058987,0,0.058987,0.058987,0.182195,-12320.75,-12320.75
2007-05-09,0.058987,0,0.058987,0.058987,0.182195,-12320.75,-12320.75
2007-05-10,0.058987,0,0.058987,0.058987,0.182195,-12320.75,-12320.75
2007-05-11,0.058987,0,0.058987,0.058987,0.182195,-12320.75,-12320.75
2007-05-13,0.058987,0,0.058987,0.058987,0.182195,-12320.75,-12320.75
2007-05-14,0.058987,0,0.058987,0.058987,0.182195,-12320.75,-12320.75
2007-05-15,0.058987,0,0.058987,0.058987,0.182195,-12320.75,-12320.75
2007-05-16,0.058987,0,0.058987,0.058987,0.182195,-12320.75,-12320.75
2007-05-17,0.058987,0,0.058987,0.058987,0.182195,-12320.75,-12320.75
2007-05-18,0.058987,0,0.058987,0.058987,0.182195,-12320.75,-12320.75
2007-05-20,0.058987,0,0.058987,0.058987,0.182195,-12320.75,-12320.75
2007-05-21,0.058987,0,0.058987,0.058987,0.182195,-12320.75,-12320.75
2007-05-22,0.058987,0,0.058987,0.058987,0.182195,-12320.75,-12320.75
2007-05-23,0.058987,0,0.058987,0.058987,0.182195,-12320.75,-12320.75
2007-05-24,0.058987,0,0.058987,0.058987,0.182195,-12320.75,-12320.75
2007-05-25,0.058987,0,0.058987,0.058987,0.182195,-12320.75,-12320.75
2007-05-27,0.058987,0,0.058987,0.058987,0.182195,-12320.75,-12320.75
2007-05-28,0.058987,0,0.058987,0.058987,0.182195,-12320.75,-12320.75
2007-05-29,0.058987,0,0.058987,0.058987,0.182195,-12320.75,-12320.75
2007-05-30,0.058987,0,0.058987,0.058987,0.182195,-12320.75,-12320.75
2007-05-31,0.058987,0,0.058987,0.058987,0.182195,-12320.75,-12320.75
2007-06-01,0.058987,0,0.058987,0.058987,0.182195,-12320.75,-12320.75
2007-06-03,0.058987,0,0.058987,0.058987,0.182195,-12320.75,-12320.75
2007-06-04,0.058987,0,0.058987,0.058987,0.182195,-12320.75,-12320.75
2007-06-05,0.058987,0,0.058987,0.058987,0.182195,-12320.75,-12320.75
2007-06-06,0.058987,0,0.058987,0.058987,0.182195,-12320.75,-12320.75
2007-06-07,0.058987,0,0.058987,0.058987,0.182195,-12320.75,-12320.75
2007-06-08,0.058987,3,0.065167,0.048337,0.182195,-11702.75,-13385.75
2007-06-10,0.058987,3,0.069637,0.065077,0.182195,-11255.75,-11711.75
2007-06-11,0.061575,2,0.070055,0.067735,0.182195,-11214.00,-11446.00
2007-06-12,0.061575,2,0.079855,0.066195,0.182195,-10234.00,-11600.00
2007-06-13,0.061575,2,0.078455,0.076975,0.182195,-10374.00,-10522.00
2007-06-14,0.072135,1,0.080475,0.079065,0.182195,-10172.00,-10313.00
2007-06-15,0.072135,1,0.072605,0.072505,0.182195,-10959.00,-10969.00
2007-06-17,0.072135,1,0.072725,0.072585,0.182195,-10947.00,-10961.00
2007-06-18,0.072135,1,0.069805,0.069495,0.182195,-11239.00,-11270.00
2007-06-19,0.069725,0,0.069725,0.069725,0.182195,-11247.00,-11247.00
2007-06-20,0.069725,0,0.069725,0.069725,0.182195,-11247.00,-11247.00
2007-06-21,0.069725,0,0.069725,0.069725,0.182195,-11247.00,-11247.00
2007-06-22,0.069725,0,0.069725,0.069725,0.182195,-11247.00,-11247.00
2007-06-24,0.069725,0,0.069725,0.069725,0.182195,-11247.00,-11247.00
2007-06-25,0.069725,0,0.069725,0.069725,0.182195,-11247.00,-11247.00
2007-06-26,0.069725,0,0.069725,0.069725,0.182195,-11247.00,-11247.00
2007-06-27,0.069725,0,0.069725,0.069725,0.182195,-11247.00,-11247.00
2007-06-28,0.069725,0,0.069725,0.069725,0.182195,-11247.00,-11247.00
2007-06-29,0.069725,3,0.082265,0.048875,0.182195,-9993.00,-13332.00
2007-07-01,0.082025,0,0.082025,0.082025,0.182195,-10017.00,-10017.00
2007-07-02,0.082025,0,0.082025,0.082025,0.182195,-10017.00,-10017.00
2007-07-03,0.082025,0,0.082025,0.082025,0.182195,-10017.00,-10017.00
2007-07-04,0.082025,0,0.082025,0.082025,0.182195,-10017.00,-10017.00
2007-07-05,0.082025,0,0.082025,0.082025,0.182195,-10017.00,-10017.00
2007-07-06,0.082025,0,0.082025,0.082025,0.182195,-10017.00,-10017.00
2007-07-08,0.082025,0,0.082025,0.082025,0.182195,-10017.00,-10017.00
2007-07-09,0.082025,0,0.082025,0.082025,0.182195,-10017.00,-10017.00
2007-07-10,0.082025,0,0.082025,0.082025,0.182195,-10017.00,-10017.00
2007-07-11,0.082025,0,0.082025,0.082025,0.182195,-10017.00,-10017.00
2007-07-12,0.082025,0,0.082025,0.082025,0.182195,-10017.00,-10017.00
2007-07-13,0.082025,0,0.082025,0.082025,0.182195,-10017.00,-10017.00
2007-07-15,0.082025,0,0.082025,0.082025,0.182195,-10017.00,-10017.00
2007-07-16,0.082025,0,0.082025,0.082025,0.182195,-10017.00,-10017.00
2007-07-17,0.082025,0,0.082025,0.082025,0.182195,-10017.00,-10017.00
2007-07-18,0.082025,0,0.082025,0.082025,0.182195,-10017.00,-10017.00
2007-07-19,0.082025,0,0.082025,0.082025,0.182195,-10017.00,-10017.00
2007-07-20,0.082025,0,0.082025,0.082025,0.182195,-10017.00,-10017.00
2007-07-22,0.082025,0,0.082025,0.082025,0.182195,-10017.00,-10017.00
2007-07-23,0.082025,0,0.082025,0.082025,0.182195,-10017.00,-10017.00
2007-07-24,0.082025,0,0.082025,0.082025,0.182195,-10017.00,-10017.00
2007-07-25,0.082025,0,0.082025,0.082025,0.182195,-10017.00,-10017.00
2007-07-26,0.082025,0,0.082025,0.082025,0.182195,-10017.00,-10017.00
2007-07-27,0.082025,0,0.082025,0.082025,0.182195,-10017.00,-10017.00
2007-07-29,0.082025,0,0.082025,0.082025,0.182195,-10017.00,-10017.00
2007-07-30,0.082025,0,0.082025,0.082025,0.182195,-10017.00,-10017.00
2007-07-31,0.082025,0,0.082025,0.082025,0.182195,-10017.00,-10017.00
2007-08-01,0.082025,0,0.082025,0.082025,0.182195,-10017.00,-10017.00
2007-08-02,0.082025,0,0.082025,0.082025,0.182195,-10017.00,-10017.00
2007-08-03,0.082025,0,0.082025,0.082025,0.182195,-10017.00,-10017.00
2007-08-05,0.082025,0,0.082025,0.082025,0.182195,-10017.00,-10017.00
2007-08-06,0.082025,0,0.082025,0.082025,0.182195,-10017.00,-10017.00
2007-08-07,0.082025,0,0.082025,0.082025,0.182195,-10017.00,-10017.00
2007-08-08,0.082025,0,0.082025,0.082025,0.182195,-10017.00,-10017.00
2007-08-09,0.082025,0,0.082025,0.082025,0.182195,-10017.00,-10017.00
2007-08-10,0.082025,0,0.082025,0.082025,0.182195,-10017.00,-10017.00
2007-08-12,0.082025,0,0.082025,0.082025,0.182195,-10017.00,-10017.00
2007-08-13,0.082025,3,0.090815,0.060155,0.182195,-9138.00,-12204.00
2007-08-14,0.082025,3,0.114035,0.085385,0.182195,-6816.00,-9681.00
2007-08-15,0.086492,2,0.128112,0.107352,0.182195,-5408.25,-7484.25
2007-08-16,0.104572,1,0.125342,0.123552,0.182195,-5685.25,-5864.25
2007-08-17,0.104572,1,0.120982,0.113592,0.182195,-6121.25,-6860.25
2007-08-19,0.104572,1,0.121142,0.119292,0.182195,-6105.25,-6290.25
2007-08-20,0.104572,1,0.121092,0.117432,0.182195,-6110.25,-6476.25
2007-08-21,0.104572,1,0.121612,0.116162,0.182195,-6058.25,-6603.25
2007-08-22,0.104572,1,0.113632,0.112432,0.182195,-6856.25,-6976.25
2007-08-23,0.104572,1,0.112092,0.109402,0.182195,-7010.25,-7279.25
2007-08-24,0.104572,1,0.100942,0.099912,0.182195,-8125.25,-8228.25
2007-08-26,0.100862,0,0.100862,0.100862,0.182195,-8133.25,-8133.25
2007-08-27,0.100862,0,0.100862,0.100862,0.182195,-8133.25,-8133.25
2007-08-28,0.100862,0,0.100862,0.100862,0.182195,-8133.25,-8133.25
2007-08-29,0.100862,0,0.100862,0.100862,0.182195,-8133.25,-8133.25
2007-08-30,0.100862,0,0.100862,0.100862,0.182195,-8133.25,-8133.25
2007-08-31,0.100862,0,0.100862,0.100862,0.182195,-8133.25,-8133.25
2007-09-02,0.100862,0,0.100862,0.100862,0.182195,-8133.25,-8133.25
2007-09-03,0.100862,0,0.100862,0.100862,0.182195,-8133.25,-8133.25
2007-09-04,0.100862,0,0.100862,0.100862,0.182195,-8133.25,-8133.25
2007-09-05,0.100862,0,0.100862,0.100862,0.182195,-8133.25,-8133.25
2007-09-06,0.100862,0,0.100862,0.100862,0.182195,-8133.25,-8133.25
2007-09-07,0.100862,0,0.100862,0.100862,0.182195,-8133.25,-8133.25
2007-09-09,0.100862,0,0.100862,0.100862,0.182195,-8133.25,-8133.25
2007-09-10,0.100862,0,0.100862,0.100862,0.182195,-8133.25,-8133.25
2007-09-11,0.100862,0,0.100862,0.100862,0.182195,-8133.25,-8133.25
2007-09-12,0.100862,0,0.100862,0.100862,0.182195,-8133.25,-8133.25
2007-09-13,0.100862,0,0.100862,0.100862,0.182195,-8133.25,-8133.25
2007-09-14,0.100862,0,0.100862,0.100862,0.182195,-8133.25,-8133.25
2007-09-16,0.100862,0,0.100862,0.100862,0.182195,-8133.25,-8133.25
2007-09-17,0.100862,0,0.100862,0.100862,0.182195,-8133.25,-8133.25
2007-09-18,0.100862,0,0.100862,0.100862,0.182195,-8133.25,-8133.25
2007-09-19,0.100862,0,0.100862,0.100862,0.182195,-8133.25,-8133.25
2007-09-20,0.100862,0,0.100862,0.100862,0.182195,-8133.25,-8133.25
2007-09-21,0.100862,0,0.100862,0.100862,0.182195,-8133.25,-8133.25
2007-09-23,0.100862,0,0.100862,0.100862,0.182195,-8133.25,-8133.25
2007-09-24,0.100862,0,0.100862,0.100862,0.182195,-8133.25,-8133.25
2007-09-25,0.100862,0,0.100862,0.100862,0.182195,-8133.25,-8133.25
2007-09-26,0.100862,0,0.100862,0.100862,0.182195,-8133.25,-8133.25
2007-09-27,0.100862,0,0.100862,0.100862,0.182195,-8133.25,-8133.25
2007-09-28,0.100862,0,0.100862,0.100862,0.182195,-8133.25,-8133.25
2007-09-30,0.100862,0,0.100862,0.100862,0.182195,-8133.25,-8133.25
2007-10-01,0.100862,0,0.100862,0.100862,0.182195,-8133.25,-8133.25
2007-10-02,0.100862,0,0.100862,0.100862,0.182195,-8133.25,-8133.25
2007-10-03,0.100862,0,0.100862,0.100862,0.182195,-8133.25,-8133.25
2007-10-04,0.100862,0,0.100862,0.100862,0.182195,-8133.25,-8133.25
2007-10-05,0.100862,0,0.100862,0.100862,0.182195,-8133.25,-8133.25
2007-10-07,0.100862,0,0.100862,0.100862,0.182195,-8133.25,-8133.25
2007-10-08,0.100862,0,0.100862,0.100862,0.182195,-8133.25,-8133.25
2007-10-09,0.100862,0,0.100862,0.100862,0.182195,-8133.25,-8133.25
2007-10-10,0.100862,0,0.100862,0.100862,0.182195,-8133.25,-8133.25
2007-10-11,0.100862,0,0.100862,0.100862,0.182195,-8133.25,-8133.25
2007-10-12,0.100862,0,0.100862,0.100862,0.182195,-8133.25,-8133.25
2007-10-14,0.100862,0,0.100862,0.100862,0.182195,-8133.25,-8133.25
2007-10-15,0.100862,0,0.100862,0.100862,0.182195,-8133.25,-8133.25
2007-10-16,0.100862,0,0.100862,0.100862,0.182195,-8133.25,-8133.25
2007-10-17,0.100862,0,0.100862,0.100862,0.182195,-8133.25,-8133.25
2007-10-18,0.100862,3,0.105092,0.075932,0.182195,-7710.25,-10626.25
2007-10-19,0.100862,3,0.107852,0.091082,0.182195,-7434.25,-9111.25
2007-10-21,0.100862,3,0.119222,0.109412,0.182195,-6297.25,-7278.25
2007-10-22,0.105692,2,0.085592,0.075272,0.182195,-9660.25,-10692.25
2007-10-23,0.085432,0,0.085432,0.085432,0.182195,-9676.25,-9676.25
2007-10-24,0.085432,0,0.085432,0.085432,0.182195,-9676.25,-9676.25
2007-10-25,0.085432,0,0.085432,0.085432,0.182195,-9676.25,-9676.25
2007-10-26,0.085432,0,0.085432,0.085432,0.182195,-9676.25,-9676.25
2007-10-28,0.085432,0,0.085432,0.085432,0.182195,-9676.25,-9676.25
2007-10-29,0.085432,0,0.085432,0.085432,0.182195,-9676.25,-9676.25
2007-10-30,0.085432,0,0.085432,0.085432,0.182195,-9676.25,-9676.25
2007-10-31,0.085432,0,0.085432,0.085432,0.182195,-9676.25,-9676.25
2007-11-01,0.085432,0,0.085432,0.085432,0.182195,-9676.25,-9676.25
2007-11-02,0.085432,0,0.085432,0.085432,0.182195,-9676.25,-9676.25
2007-11-04,0.085432,0,0.085432,0.085432,0.182195,-9676.25,-9676.25
2007-11-05,0.085432,0,0.085432,0.085432,0.182195,-9676.25,-9676.25
2007-11-06,0.085432,0,0.085432,0.085432,0.182195,-9676.25,-9676.25
2007-11-07,0.085432,0,0.085432,0.085432,0.182195,-9676.25,-9676.25
2007-11-08,0.085432,0,0.085432,0.085432,0.182195,-9676.25,-9676.25
2007-11-09,0.085432,0,0.085432,0.085432,0.182195,-9676.25,-9676.25
2007-11-11,0.085432,0,0.085432,0.085432,0.182195,-9676.25,-9676.25
2007-11-12,0.085432,0,0.085432,0.085432,0.182195,-9676.25,-9676.25
2007-11-13,0.085432,0,0.085432,0.085432,0.182195,-9676.25,-9676.25
2007-11-14,0.085432,0,0.085432,0.085432,0.182195,-9676.25,-9676.25
2007-11-15,0.085432,0,0.085432,0.085432,0.182195,-9676.25,-9676.25
2007-11-16,0.085432,0,0.085432,0.085432,0.182195,-9676.25,-9676.25
2007-11-18,0.085432,0,0.085432,0.085432,0.182195,-9676.25,-9676.25
2007-11-19,0.085432,0,0.085432,0.085432,0.182195,-9676.25,-9676.25
2007-11-20,0.085432,0,0.085432,0.085432,0.182195,-9676.25,-9676.25
2007-11-21,0.085432,0,0.085432,0.085432,0.182195,-9676.25,-9676.25
2007-11-22,0.085432,0,0.085432,0.085432,0.182195,-9676.25,-9676.25
2007-11-23,0.085432,0,0.085432,0.085432,0.182195,-9676.25,-9676.25
2007-11-25,0.085432,0,0.085432,0.085432,0.182195,-9676.25,-9676.25
2007-11-26,0.085432,0,0.085432,0.085432,0.182195,-9676.25,-9676.25
2007-11-27,0.085432,0,0.085432,0.085432,0.182195,-9676.25,-9676.25
2007-11-28,0.085432,0,0.085432,0.085432,0.182195,-9676.25,-9676.25
2007-11-29,0.085432,0,0.085432,0.085432,0.182195,-9676.25,-9676.25
2007-11-30,0.085432,0,0.085432,0.085432,0.182195,-9676.25,-9676.25
2007-12-02,0.085432,0,0.085432,0.085432,0.182195,-9676.25,-9676.25
2007-12-03,0.085432,0,0.085432,0.085432,0.182195,-9676.25,-9676.25
2007-12-04,0.085432,0,0.085432,0.085432,0.182195,-9676.25,-9676.25
2007-12-05,0.085432,0,0.085432,0.085432,0.182195,-9676.25,-9676.25
2007-12-06,0.085432,0,0.085432,0.085432,0.182195,-9676.25,-9676.25
2007-12-07,0.085432,0,0.085432,0.085432,0.182195,-9676.25,-9676.25
2007-12-09,0.085432,0,0.085432,0.085432,0.182195,-9676.25,-9676.25
2007-12-10,0.085432,0,0.085432,0.085432,0.182195,-9676.25,-9676.25
2007-12-11,0.085432,0,0.085432,0.085432,0.182195,-9676.25,-9676.25
2007-12-12,0.085432,0,0.085432,0.085432,0.182195,-9676.25,-9676.25
2007-12-13,0.085432,0,0.085432,0.085432,0.182195,-9676.25,-9676.25
2007-12-14,0.085432,0,0.085432,0.085432,0.182195,-9676.25,-9676.25
2007-12-16,0.085432,0,0.085432,0.085432,0.182195,-9676.25,-9676.25
2007-12-17,0.085432,0,0.085432,0.085432,0.182195,-9676.25,-9676.25
2007-12-18,0.085432,0,0.085432,0.085432,0.182195,-9676.25,-9676.25
2007-12-19,0.085432,0,0.085432,0.085432,0.182195,-9676.25,-9676.25
2007-12-20,0.085432,0,0.085432,0.085432,0.182195,-9676.25,-9676.25
2007-12-21,0.085432,0,0.085432,0.085432,0.182195,-9676.25,-9676.25
2007-12-23,0.085432,0,0.085432,0.085432,0.182195,-9676.25,-9676.25
2007-12-24,0.085432,0,0.085432,0.085432,0.182195,-9676.25,-9676.25
2007-12-25,0.085432,0,0.085432,0.085432,0.182195,-9676.25,-9676.25
2007-12-26,0.085432,0,0.085432,0.085432,0.182195,-9676.25,-9676.25
2007-12-27,0.085432,0,0.085432,0.085432,0.182195,-9676.25,-9676.25
2007-12-28,0.085432,0,0.085432,0.085432,0.182195,-9676.25,-9676.25
2007-12-30,0.085432,0,0.085432,0.085432,0.182195,-9676.25,-9676.25
2007-12-31,0.085432,0,0.085432,0.085432,0.182195,-9676.25,-9676.25
2008-01-01,0.085432,0,0.085432,0.085432,0.182195,-9676.25,-9676.25
2008-01-02,0.085432,0,0.085432,0.085432,0.182195,-9676.25,-9676.25
2008-01-03,0.085432,0,0.085432,0.085432,0.182195,-9676.25,-9676.25
2008-01-04,0.085432,0,0.085432,0.085432,0.182195,-9676.25,-9676.25
2008-01-06,0.085432,0,0.085432,0.085432,0.182195,-9676.25,-9676.25
2008-01-07,0.085432,0,0.085432,0.085432,0.182195,-9676.25,-9676.25
2008-01-08,0.085432,0,0.085432,0.085432,0.182195,-9676.25,-9676.25
2008-01-09,0.085432,0,0.085432,0.085432,0.182195,-9676.25,-9676.25
2008-01-10,0.085432,0,0.085432,0.085432,0.182195,-9676.25,-9676.25
2008-01-11,0.085432,0,0.085432,0.085432,0.182195,-9676.25,-9676.25
2008-01-13,0.085432,0,0.085432,0.085432,0.182195,-9676.25,-9676.25
2008-01-14,0.085432,0,0.085432,0.085432,0.182195,-9676.25,-9676.25
2008-01-15,0.085432,0,0.085432,0.085432,0.182195,-9676.25,-9676.25
2008-01-16,0.085432,0,0.085432,0.085432,0.182195,-9676.25,-9676.25
2008-01-17,0.085432,0,0.085432,0.085432,0.182195,-9676.25,-9676.25
2008-01-18,0.085432,0,0.085432,0.085432,0.182195,-9676.25,-9676.25
2008-01-20,0.085432,0,0.085432,0.085432,0.182195,-9676.25,-9676.25
2008-01-21,0.085432,3,0.132202,0.077632,0.182195,-4999.25,-10456.25
2008-01-22,0.085432,3,0.064342,0.051742,0.182195,-11785.25,-13045.25
2008-01-23,0.104295,0,0.104295,0.104295,0.182195,-7790.00,-7790.00
2008-01-24,0.104295,0,0.104295,0.104295,0.182195,-7790.00,-7790.00
2008-01-25,0.104295,0,0.104295,0.104295,0.182195,-7790.00,-7790.00
2008-01-27,0.104295,0,0.104295,0.104295,0.182195,-7790.00,-7790.00
2008-01-28,0.104295,3,0.105465,0.067695,0.182195,-7673.00,-11450.00
2008-01-29,0.104295,3,0.099825,0.090435,0.182195,-8237.00,-9176.00
2008-01-30,0.104295,3,0.117465,0.095295,0.182195,-6473.00,-8690.00
2008-01-31,0.109447,2,0.125667,0.113167,0.182195,-5652.75,-6902.75
2008-02-01,0.125507,0,0.125507,0.125507,0.182195,-5668.75,-5668.75
2008-02-03,0.125507,0,0.125507,0.125507,0.182195,-5668.75,-5668.75
2008-02-04,0.125507,0,0.125507,0.125507,0.182195,-5668.75,-5668.75
2008-02-05,0.125507,0,0.125507,0.125507,0.182195,-5668.75,-5668.75
2008-02-06,0.125507,0,0.125507,0.125507,0.182195,-5668.75,-5668.75
2008-02-07,0.125507,0,0.125507,0.125507,0.182195,-5668.75,-5668.75
2008-02-08,0.125507,0,0.125507,0.125507,0.182195,-5668.75,-5668.75
2008-02-10,0.125507,0,0.125507,0.125507,0.182195,-5668.75,-5668.75
2008-02-11,0.125507,0,0.125507,0.125507,0.182195,-5668.75,-5668.75
2008-02-12,0.125507,0,0.125507,0.125507,0.182195,-5668.75,-5668.75
2008-02-13,0.125507,0,0.125507,0.125507,0.182195,-5668.75,-5668.75
2008-02-14,0.125507,0,0.125507,0.125507,0.182195,-5668.75,-5668.75
2008-02-15,0.125507,0,0.125507,0.125507,0.182195,-5668.75,-5668.75
2008-02-17,0.125507,0,0.125507,0.125507,0.182195,-5668.75,-5668.75
2008-02-18,0.125507,0,0.125507,0.125507,0.182195,-5668.75,-5668.75
2008-02-19,0.125507,0,0.125507,0.125507,0.182195,-5668.75,-5668.75
2008-02-20,0.125507,0,0.125507,0.125507,0.182195,-5668.75,-5668.75
2008-02-21,0.125507,0,0.125507,0.125507,0.182195,-5668.75,-5668.75
2008-02-22,0.125507,0,0.125507,0.125507,0.182195,-5668.75,-5668.75
2008-02-24,0.125507,0,0.125507,0.125507,0.182195,-5668.75,-5668.75
2008-02-25,0.125507,0,0.125507,0.125507,0.182195,-5668.75,-5668.75
2008-02-26,0.125507,3,0.139907,0.074057,0.182195,-4228.75,-10813.75
2008-02-27,0.125507,3,0.175937,0.134657,0.182195,-625.75,-4753.75
2008-02-28,0.145730,1,0.170170,0.158100,0.182195,-1202.50,-2409.50
2008-02-29,0.145730,1,0.168660,0.165210,0.182195,-1353.50,-1698.50
2008-03-02,0.168580,0,0.168580,0.168580,0.182195,-1361.50,-1361.50
2008-03-03,0.168580,0,0.168580,0.168580,0.182195,-1361.50,-1361.50
2008-03-04,0.168580,0,0.168580,0.168580,0.182195,-1361.50,-1361.50
2008-03-05,0.168580,0,0.168580,0.168580,0.182195,-1361.50,-1361.50
2008-03-06,0.168580,0,0.168580,0.168580,0.182195,-1361.50,-1361.50
2008-03-07,0.168580,0,0.168580,0.168580,0.182195,-1361.50,-1361.50
2008-03-09,0.168580,0,0.168580,0.168580,0.182195,-1361.50,-1361.50
2008-03-10,0.168580,0,0.168580,0.168580,0.182195,-1361.50,-1361.50
2008-03-11,0.168580,0,0.168580,0.168580,0.182195,-1361.50,-1361.50
2008-03-12,0.168580,0,0.168580,0.168580,0.182195,-1361.50,-1361.50
2008-03-13,0.168580,0,0.168580,0.168580,0.182195,-1361.50,-1361.50
2008-03-14,0.168580,0,0.168580,0.168580,0.182195,-1361.50,-1361.50
2008-03-16,0.168580,0,0.168580,0.168580,0.182195,-1361.50,-1361.50
2008-03-17,0.168580,0,0.168580,0.168580,0.182195,-1361.50,-1361.50
2008-03-18,0.168580,0,0.168580,0.168580,0.182195,-1361.50,-1361.50
2008-03-19,0.168580,0,0.168580,0.168580,0.182195,-1361.50,-1361.50
2008-03-20,0.168580,0,0.168580,0.168580,0.182195,-1361.50,-1361.50
2008-03-21,0.168580,0,0.168580,0.168580,0.182195,-1361.50,-1361.50
2008-03-23,0.168580,0,0.168580,0.168580,0.182195,-1361.50,-1361.50
2008-03-24,0.168580,0,0.168580,0.168580,0.182195,-1361.50,-1361.50
2008-03-25,0.168580,0,0.168580,0.168580,0.182195,-1361.50,-1361.50
2008-03-26,0.168580,0,0.168580,0.168580,0.182195,-1361.50,-1361.50
2008-03-27,0.168580,0,0.168580,0.168580,0.182195,-1361.50,-1361.50
2008-03-28,0.168580,0,0.168580,0.168580,0.182195,-1361.50,-1361.50
2008-03-30,0.168580,0,0.168580,0.168580,0.182195,-1361.50,-1361.50
2008-03-31,0.168580,0,0.168580,0.168580,0.182195,-1361.50,-1361.50
2008-04-01,0.168580,0,0.168580,0.168580,0.182195,-1361.50,-1361.50
2008-04-02,0.168580,0,0.168580,0.168580,0.182195,-1361.50,-1361.50
2008-04-03,0.168580,0,0.168580,0.168580,0.182195,-1361.50,-1361.50
2008-04-04,0.168580,0,0.168580,0.168580,0.182195,-1361.50,-1361.50
2008-04-06,0.168580,0,0.168580,0.168580,0.182195,-1361.50,-1361.50
2008-04-07,0.168580,0,0.168580,0.168580,0.182195,-1361.50,-1361.50
2008-04-08,0.168580,0,0.168580,0.168580,0.182195,-1361.50,-1361.50
2008-04-09,0.168580,0,0.168580,0.168580,0.182195,-1361.50,-1361.50
2008-04-10,0.168580,0,0.168580,0.168580,0.182195,-1361.50,-1361.50
2008-04-11,0.168580,0,0.168580,0.168580,0.182195,-1361.50,-1361.50
2008-04-13,0.168580,0,0.168580,0.168580,0.182195,-1361.50,-1361.50
2008-04-14,0.168580,0,0.168580,0.168580,0.182195,-1361.50,-1361.50
2008-04-15,0.168580,0,0.168580,0.168580,0.182195,-1361.50,-1361.50
2008-04-16,0.168580,0,0.168580,0.168580,0.182195,-1361.50,-1361.50
2008-04-17,0.168580,0,0.168580,0.168580,0.182195,-1361.50,-1361.50
2008-04-18,0.168580,0,0.168580,0.168580,0.182195,-1361.50,-1361.50
2008-04-20,0.168580,0,0.168580,0.168580,0.182195,-1361.50,-1361.50
2008-04-21,0.168580,0,0.168580,0.168580,0.182195,-1361.50,-1361.50
2008-04-22,0.168580,0,0.168580,0.168580,0.182195,-1361.50,-1361.50
2008-04-23,0.168580,0,0.168580,0.168580,0.182195,-1361.50,-1361.50
2008-04-24,0.168580,0,0.168580,0.168580,0.182195,-1361.50,-1361.50
2008-04-25,0.168580,0,0.168580,0.168580,0.182195,-1361.50,-1361.50
2008-04-27,0.168580,0,0.168580,0.168580,0.182195,-1361.50,-1361.50
2008-04-28,0.168580,0,0.168580,0.168580,0.182195,-1361.50,-1361.50
2008-04-29,0.168580,0,0.168580,0.168580,0.182195,-1361.50,-1361.50
2008-04-30,0.168580,0,0.168580,0.168580,0.182195,-1361.50,-1361.50
2008-05-01,0.168580,0,0.168580,0.168580,0.182195,-1361.50,-1361.50
2008-05-02,0.168580,0,0.168580,0.168580,0.182195,-1361.50,-1361.50
2008-05-04,0.168580,0,0.168580,0.168580,0.182195,-1361.50,-1361.50
2008-05-05,0.168580,0,0.168580,0.168580,0.182195,-1361.50,-1361.50
2008-05-06,0.168580,0,0.168580,0.168580,0.182195,-1361.50,-1361.50
2008-05-07,0.168580,0,0.168580,0.168580,0.182195,-1361.50,-1361.50
2008-05-08,0.168580,0,0.168580,0.168580,0.182195,-1361.50,-1361.50
2008-05-09,0.168580,0,0.168580,0.168580,0.182195,-1361.50,-1361.50
2008-05-11,0.168580,0,0.168580,0.168580,0.182195,-1361.50,-1361.50
2008-05-12,0.168580,0,0.168580,0.168580,0.182195,-1361.50,-1361.50
2008-05-13,0.168580,0,0.168580,0.168580,0.182195,-1361.50,-1361.50
2008-05-14,0.168580,0,0.168580,0.168580,0.182195,-1361.50,-1361.50
2008-05-15,0.168580,0,0.168580,0.168580,0.182195,-1361.50,-1361.50
2008-05-16,0.168580,0,0.168580,0.168580,0.182195,-1361.50,-1361.50
2008-05-18,0.168580,0,0.168580,0.168580,0.182195,-1361.50,-1361.50
2008-05-19,0.168580,0,0.168580,0.168580,0.182195,-1361.50,-1361.50
2008-05-20,0.168580,3,0.169960,0.126850,0.182195,-1223.50,-5534.50
2008-05-21,0.168580,3,0.209410,0.164410,0.209410,0.00,-4500.00
2008-05-22,0.175575,2,0.193055,0.184915,0.209410,-1635.50,-2449.50
2008-05-23,0.175575,2,0.198615,0.185995,0.209410,-1079.50,-2341.50
2008-05-25,0.175575,2,0.202575,0.196195,0.209410,-683.50,-1321.50
2008-05-26,0.175575,2,0.202315,0.194875,0.209410,-709.50,-1453.50
2008-05-27,0.175575,2,0.184395,0.180955,0.209410,-2501.50,-2845.50
2008-05-28,0.175575,2,0.177955,0.168175,0.209410,-3145.50,-4123.50
2008-05-29,0.175575,2,0.150055,0.143055,0.209410,-5935.50,-6635.50
2008-05-30,0.149895,0,0.149895,0.149895,0.209410,-5951.50,-5951.50
2008-06-01,0.149895,0,0.149895,0.149895,0.209410,-5951.50,-5951.50
2008-06-02,0.149895,0,0.149895,0.149895,0.209410,-5951.50,-5951.50
2008-06-03,0.149895,0,0.149895,0.149895,0.209410,-5951.50,-5951.50
2008-06-04,0.149895,0,0.149895,0.149895,0.209410,-5951.50,-5951.50
2008-06-05,0.149895,0,0.149895,0.149895,0.209410,-5951.50,-5951.50
2008-06-06,0.149895,3,0.194055,0.132345,0.209410,-1535.50,-7706.50
2008-06-08,0.149895,3,0.195375,0.193185,0.209410,-1403.50,-1622.50
2008-06-09,0.155300,2,0.159160,0.152980,0.209410,-5025.00,-5643.00
2008-06-10,0.155300,2,0.121260,0.117200,0.209410,-8815.00,-9221.00
2008-06-11,0.121100,0,0.121100,0.121100,0.209410,-8831.00,-8831.00
2008-06-12,0.121100,3,0.109910,0.074780,0.209410,-9950.00,-13463.00
2008-06-13,0.121100,3,0.130520,0.104990,0.209410,-7889.00,-10442.00
2008-06-15,0.126505,2,0.131605,0.125665,0.209410,-7780.50,-8374.50
2008-06-16,0.126505,2,0.115485,0.104425,0.209410,-9392.50,-10498.50
2008-06-17,0.115325,0,0.115325,0.115325,0.209410,-9408.50,-9408.50
2008-06-18,0.115325,0,0.115325,0.115325,0.209410,-9408.50,-9408.50
2008-06-19,0.115325,0,0.115325,0.115325,0.209410,-9408.50,-9408.50
2008-06-20,0.115325,0,0.115325,0.115325,0.209410,-9408.50,-9408.50
2008-06-22,0.115325,0,0.115325,0.115325,0.209410,-9408.50,-9408.50
2008-06-23,0.115325,0,0.115325,0.115325,0.209410,-9408.50,-9408.50
2008-06-24,0.115325,0,0.115325,0.115325,0.209410,-9408.50,-9408.50
2008-06-25,0.115325,0,0.115325,0.115325,0.209410,-9408.50,-9408.50
2008-06-26,0.115325,0,0.115325,0.115325,0.209410,-9408.50,-9408.50
2008-06-27,0.115325,0,0.115325,0.115325,0.209410,-9408.50,-9408.50
2008-06-29,0.115325,0,0.115325,0.115325,0.209410,-9408.50,-9408.50
2008-06-30,0.115325,0,0.115325,0.115325,0.209410,-9408.50,-9408.50
2008-07-01,0.115325,0,0.115325,0.115325,0.209410,-9408.50,-9408.50
2008-07-02,0.115325,0,0.115325,0.115325,0.209410,-9408.50,-9408.50
2008-07-03,0.115325,0,0.115325,0.115325,0.209410,-9408.50,-9408.50
2008-07-04,0.115325,0,0.115325,0.115325,0.209410,-9408.50,-9408.50
2008-07-06,0.115325,0,0.115325,0.115325,0.209410,-9408.50,-9408.50
2008-07-07,0.115325,0,0.115325,0.115325,0.209410,-9408.50,-9408.50
2008-07-08,0.115325,0,0.115325,0.115325,0.209410,-9408.50,-9408.50
2008-07-09,0.115325,0,0.115325,0.115325,0.209410,-9408.50,-9408.50
2008-07-10,0.115325,0,0.115325,0.115325,0.209410,-9408.50,-9408.50
2008-07-11,0.115325,3,0.122825,0.069905,0.209410,-8658.50,-13950.50
2008-07-13,0.115325,3,0.111485,0.110405,0.209410,-9792.50,-9900.50
2008-07-14,0.115325,3,0.107945,0.093545,0.209410,-10146.50,-11586.50
2008-07-15,0.115325,3,0.116285,0.101075,0.209410,-9312.50,-10833.50
2008-07-16,0.121277,2,0.103757,0.098617,0.209410,-10565.25,-11079.25
2008-07-17,0.103597,0,0.103597,0.103597,0.209410,-10581.25,-10581.25
2008-07-18,0.103597,0,0.103597,0.103597,0.209410,-10581.25,-10581.25
2008-07-20,0.103597,0,0.103597,0.103597,0.209410,-10581.25,-10581.25
2008-07-21,0.103597,0,0.103597,0.103597,0.209410,-10581.25,-10581.25
2008-07-22,0.103597,0,0.103597,0.103597,0.209410,-10581.25,-10581.25
2008-07-23,0.103597,3,0.100447,0.065137,0.209410,-10896.25,-14427.25
2008-07-24,0.103597,3,0.099907,0.090637,0.209410,-10950.25,-11877.25
2008-07-25,0.103597,3,0.093517,0.078697,0.209410,-11589.25,-13071.25
2008-07-27,0.103597,3,0.097927,0.092797,0.209410,-11148.25,-11661.25
2008-07-28,0.103597,3,0.082147,0.074317,0.209410,-12726.25,-13509.25
2008-07-29,0.103597,3,0.128347,0.077617,0.209410,-8106.25,-13179.25
2008-07-30,0.109550,2,0.127590,0.120370,0.209410,-8182.00,-8904.00
2008-07-31,0.109550,2,0.127450,0.103790,0.209410,-8196.00,-10562.00
2008-08-01,0.127290,0,0.127290,0.127290,0.209410,-8212.00,-8212.00
2008-08-03,0.127290,0,0.127290,0.127290,0.209410,-8212.00,-8212.00
2008-08-04,0.127290,0,0.127290,0.127290,0.209410,-8212.00,-8212.00
2008-08-05,0.127290,0,0.127290,0.127290,0.209410,-8212.00,-8212.00
2008-08-06,0.127290,0,0.127290,0.127290,0.209410,-8212.00,-8212.00
2008-08-07,0.127290,0,0.127290,0.127290,0.209410,-8212.00,-8212.00
2008-08-08,0.127290,0,0.127290,0.127290,0.209410,-8212.00,-8212.00
2008-08-10,0.127290,0,0.127290,0.127290,0.209410,-8212.00,-8212.00
2008-08-11,0.127290,0,0.127290,0.127290,0.209410,-8212.00,-8212.00
2008-08-12,0.127290,0,0.127290,0.127290,0.209410,-8212.00,-8212.00
2008-08-13,0.127290,0,0.127290,0.127290,0.209410,-8212.00,-8212.00
2008-08-14,0.127290,0,0.127290,0.127290,0.209410,-8212.00,-8212.00
2008-08-15,0.127290,0,0.127290,0.127290,0.209410,-8212.00,-8212.00
2008-08-17,0.127290,0,0.127290,0.127290,0.209410,-8212.00,-8212.00
2008-08-18,0.127290,0,0.127290,0.127290,0.209410,-8212.00,-8212.00
2008-08-19,0.127290,0,0.127290,0.127290,0.209410,-8212.00,-8212.00
2008-08-20,0.127290,0,0.127290,0.127290,0.209410,-8212.00,-8212.00
2008-08-21,0.127290,0,0.127290,0.127290,0.209410,-8212.00,-8212.00
2008-08-22,0.127290,0,0.127290,0.127290,0.209410,-8212.00,-8212.00
2008-08-24,0.127290,0,0.127290,0.127290,0.209410,-8212.00,-8212.00
2008-08-25,0.127290,0,0.127290,0.127290,0.209410,-8212.00,-8212.00
2008-08-26,0.127290,0,0.127290,0.127290,0.209410,-8212.00,-8212.00
2008-08-27,0.127290,0,0.127290,0.127290,0.209410,-8212.00,-8212.00
2008-08-28,0.127290,0,0.127290,0.127290,0.209410,-8212.00,-8212.00
2008-08-29,0.127290,0,0.127290,0.127290,0.209410,-8212.00,-8212.00
2008-08-31,0.127290,0,0.127290,0.127290,0.209410,-8212.00,-8212.00
2008-09-01,0.127290,0,0.127290,0.127290,0.209410,-8212.00,-8212.00
2008-09-02,0.127290,0,0.127290,0.127290,0.209410,-8212.00,-8212.00
2008-09-03,0.127290,0,0.127290,0.127290,0.209410,-8212.00,-8212.00
2008-09-04,0.127290,0,0.127290,0.127290,0.209410,-8212.00,-8212.00
2008-09-05,0.127290,0,0.127290,0.127290,0.209410,-8212.00,-8212.00
2008-09-07,0.127290,0,0.127290,0.127290,0.209410,-8212.00,-8212.00
2008-09-08,0.127290,0,0.127290,0.127290,0.209410,-8212.00,-8212.00
2008-09-09,0.127290,0,0.127290,0.127290,0.209410,-8212.00,-8212.00
2008-09-10,0.127290,0,0.127290,0.127290,0.209410,-8212.00,-8212.00
2008-09-11,0.127290,0,0.127290,0.127290,0.209410,-8212.00,-8212.00
2008-09-12,0.127290,0,0.127290,0.127290,0.209410,-8212.00,-8212.00
2008-09-14,0.127290,0,0.127290,0.127290,0.209410,-8212.00,-8212.00
2008-09-15,0.127290,0,0.127290,0.127290,0.209410,-8212.00,-8212.00
2008-09-16,0.127290,0,0.127290,0.127290,0.209410,-8212.00,-8212.00
2008-09-17,0.127290,0,0.127290,0.127290,0.209410,-8212.00,-8212.00
2008-09-18,0.127290,0,0.127290,0.127290,0.209410,-8212.00,-8212.00
2008-09-19,0.127290,0,0.127290,0.127290,0.209410,-8212.00,-8212.00
2008-09-21,0.127290,0,0.127290,0.127290,0.209410,-8212.00,-8212.00
2008-09-22,0.127290,3,0.156630,0.051780,0.209410,-5278.00,-15763.00
2008-09-23,0.127290,3,0.121320,0.102240,0.209410,-8809.00,-10717.00
2008-09-24,0.131125,0,0.131125,0.131125,0.209410,-7828.50,-7828.50
2008-09-25,0.131125,0,0.131125,0.131125,0.209410,-7828.50,-7828.50
2008-09-26,0.131125,0,0.131125,0.131125,0.209410,-7828.50,-7828.50
2008-09-28,0.131125,0,0.131125,0.131125,0.209410,-7828.50,-7828.50
2008-09-29,0.131125,3,0.135775,0.075175,0.209410,-7363.50,-13423.50
2008-09-30,0.131125,3,0.210085,0.118135,0.210085,0.00,-9195.00
2008-10-01,0.197450,0,0.197450,0.197450,0.210085,-1263.50,-1263.50
2008-10-02,0.197450,0,0.197450,0.197450,0.210085,-1263.50,-1263.50
2008-10-03,0.197450,0,0.197450,0.197450,0.210085,-1263.50,-1263.50
2008-10-05,0.197450,0,0.197450,0.197450,0.210085,-1263.50,-1263.50
2008-10-06,0.197450,0,0.197450,0.197450,0.210085,-1263.50,-1263.50
2008-10-07,0.197450,0,0.197450,0.197450,0.210085,-1263.50,-1263.50
2008-10-08,0.197450,0,0.197450,0.197450,0.210085,-1263.50,-1263.50
2008-10-09,0.197450,0,0.197450,0.197450,0.210085,-1263.50,-1263.50
2008-10-10,0.197450,0,0.197450,0.197450,0.210085,-1263.50,-1263.50
2008-10-12,0.197450,0,0.197450,0.197450,0.210085,-1263.50,-1263.50
2008-10-13,0.197450,0,0.197450,0.197450,0.210085,-1263.50,-1263.50
2008-10-14,0.197450,0,0.197450,0.197450,0.210085,-1263.50,-1263.50
2008-10-15,0.197450,0,0.197450,0.197450,0.210085,-1263.50,-1263.50
2008-10-16,0.197450,0,0.197450,0.197450,0.210085,-1263.50,-1263.50
2008-10-17,0.197450,0,0.197450,0.197450,0.210085,-1263.50,-1263.50
2008-10-19,0.197450,0,0.197450,0.197450,0.210085,-1263.50,-1263.50
2008-10-20,0.197450,0,0.197450,0.197450,0.210085,-1263.50,-1263.50
2008-10-21,0.197450,0,0.197450,0.197450,0.210085,-1263.50,-1263.50
2008-10-22,0.197450,0,0.197450,0.197450,0.210085,-1263.50,-1263.50
2008-10-23,0.197450,0,0.197450,0.197450,0.210085,-1263.50,-1263.50
2008-10-24,0.197450,0,0.197450,0.197450,0.210085,-1263.50,-1263.50
2008-10-26,0.197450,0,0.197450,0.197450,0.210085,-1263.50,-1263.50
2008-10-27,0.197450,0,0.197450,0.197450,0.210085,-1263.50,-1263.50
2008-10-28,0.197450,0,0.197450,0.197450,0.210085,-1263.50,-1263.50
2008-10-29,0.197450,0,0.197450,0.197450,0.210085,-1263.50,-1263.50
2008-10-30,0.197450,0,0.197450,0.197450,0.210085,-1263.50,-1263.50
2008-10-31,0.197450,0,0.197450,0.197450,0.210085,-1263.50,-1263.50
2008-11-02,0.197450,0,0.197450,0.197450,0.210085,-1263.50,-1263.50
2008-11-03,0.197450,0,0.197450,0.197450,0.210085,-1263.50,-1263.50
2008-11-04,0.197450,0,0.197450,0.197450,0.210085,-1263.50,-1263.50
2008-11-05,0.197450,0,0.197450,0.197450,0.210085,-1263.50,-1263.50
2008-11-06,0.197450,0,0.197450,0.197450,0.210085,-1263.50,-1263.50
2008-11-07,0.197450,0,0.197450,0.197450,0.210085,-1263.50,-1263.50
2008-11-09,0.197450,0,0.197450,0.197450,0.210085,-1263.50,-1263.50
2008-11-10,0.197450,0,0.197450,0.197450,0.210085,-1263.50,-1263.50
2008-11-11,0.197450,3,0.201620,0.114920,0.210085,-846.50,-9516.50
2008-11-12,0.197450,3,0.217820,0.165620,0.217820,0.00,-5220.00
2008-11-13,0.197450,3,0.119120,0.099170,0.217820,-9870.00,-11865.00
2008-11-14,0.158075,0,0.158075,0.158075,0.217820,-5974.50,-5974.50
2008-11-16,0.158075,0,0.158075,0.158075,0.217820,-5974.50,-5974.50
2008-11-17,0.158075,0,0.158075,0.158075,0.217820,-5974.50,-5974.50
2008-11-18,0.158075,0,0.158075,0.158075,0.217820,-5974.50,-5974.50
2008-11-19,0.158075,0,0.158075,0.158075,0.217820,-5974.50,-5974.50
2008-11-20,0.158075,0,0.158075,0.158075,0.217820,-5974.50,-5974.50
2008-11-21,0.158075,0,0.158075,0.158075,0.217820,-5974.50,-5974.50
2008-11-23,0.158075,0,0.158075,0.158075,0.217820,-5974.50,-5974.50
2008-11-24,0.158075,0,0.158075,0.158075,0.217820,-5974.50,-5974.50
2008-11-25,0.158075,3,0.152645,0.084695,0.217820,-6517.50,-13312.50
2008-11-26,0.158075,3,0.111695,0.089345,0.217820,-10612.50,-12847.50
2008-11-27,0.158075,3,0.111395,0.101345,0.217820,-10642.50,-11647.50
2008-11-28,0.158075,3,0.050345,0.037145,0.217820,-16747.50,-18067.50
2008-11-30,0.158075,3,0.043925,0.043925,0.217820,-17389.50,-17389.50
2008-12-01,0.043685,0,0.043685,0.043685,0.217820,-17413.50,-17413.50
2008-12-02,0.043685,0,0.043685,0.043685,0.217820,-17413.50,-17413.50
2008-12-03,0.043685,0,0.043685,0.043685,0.217820,-17413.50,-17413.50
2008-12-04,0.043685,0,0.043685,0.043685,0.217820,-17413.50,-17413.50
2008-12-05,0.043685,0,0.043685,0.043685,0.217820,-17413.50,-17413.50
2008-12-07,0.043685,0,0.043685,0.043685,0.217820,-17413.50,-17413.50
2008-12-08,0.043685,0,0.043685,0.043685,0.217820,-17413.50,-17413.50
2008-12-09,0.043685,0,0.043685,0.043685,0.217820,-17413.50,-17413.50
2008-12-10,0.043685,0,0.043685,0.043685,0.217820,-17413.50,-17413.50
2008-12-11,0.043685,0,0.043685,0.043685,0.217820,-17413.50,-17413.50
2008-12-12,0.043685,0,0.043685,0.043685,0.217820,-17413.50,-17413.50
2008-12-14,0.043685,0,0.043685,0.043685,0.217820,-17413.50,-17413.50
2008-12-15,0.043685,0,0.043685,0.043685,0.217820,-17413.50,-17413.50
2008-12-16,0.043685,0,0.043685,0.043685,0.217820,-17413.50,-17413.50
2008-12-17,0.043685,0,0.043685,0.043685,0.217820,-17413.50,-17413.50
2008-12-18,0.043685,0,0.043685,0.043685,0.217820,-17413.50,-17413.50
2008-12-19,0.043685,0,0.043685,0.043685,0.217820,-17413.50,-17413.50
2008-12-21,0.043685,0,0.043685,0.043685,0.217820,-17413.50,-17413.50
2008-12-22,0.043685,0,0.043685,0.043685,0.217820,-17413.50,-17413.50
2008-12-23,0.043685,0,0.043685,0.043685,0.217820,-17413.50,-17413.50
2008-12-24,0.043685,0,0.043685,0.043685,0.217820,-17413.50,-17413.50
2008-12-25,0.043685,0,0.043685,0.043685,0.217820,-17413.50,-17413.50
2008-12-26,0.043685,0,0.043685,0.043685,0.217820,-17413.50,-17413.50
2008-12-28,0.043685,0,0.043685,0.043685,0.217820,-17413.50,-17413.50
2008-12-29,0.043685,0,0.043685,0.043685,0.217820,-17413.50,-17413.50
2008-12-30,0.043685,0,0.043685,0.043685,0.217820,-17413.50,-17413.50
2008-12-31,0.043685,0,0.043685,0.043685,0.217820,-17413.50,-17413.50
2009-01-01,0.043685,0,0.043685,0.043685,0.217820,-17413.50,-17413.50
2009-01-02,0.043685,0,0.043685,0.043685,0.217820,-17413.50,-17413.50
2009-01-04,0.043685,0,0.043685,0.043685,0.217820,-17413.50,-17413.50
2009-01-05,0.043685,0,0.043685,0.043685,0.217820,-17413.50,-17413.50
2009-01-06,0.043685,0,0.043685,0.043685,0.217820,-17413.50,-17413.50
2009-01-07,0.043685,0,0.043685,0.043685,0.217820,-17413.50,-17413.50
2009-01-08,0.043685,0,0.043685,0.043685,0.217820,-17413.50,-17413.50
2009-01-09,0.043685,0,0.043685,0.043685,0.217820,-17413.50,-17413.50
2009-01-11,0.043685,0,0.043685,0.043685,0.217820,-17413.50,-17413.50
2009-01-12,0.043685,0,0.043685,0.043685,0.217820,-17413.50,-17413.50
2009-01-13,0.043685,0,0.043685,0.043685,0.217820,-17413.50,-17413.50
2009-01-14,0.043685,0,0.043685,0.043685,0.217820,-17413.50,-17413.50
2009-01-15,0.043685,0,0.043685,0.043685,0.217820,-17413.50,-17413.50
2009-01-16,0.043685,0,0.043685,0.043685,0.217820,-17413.50,-17413.50
2009-01-18,0.043685,0,0.043685,0.043685,0.217820,-17413.50,-17413.50
2009-01-19,0.043685,0,0.043685,0.043685,0.217820,-17413.50,-17413.50
2009-01-20,0.043685,0,0.043685,0.043685,0.217820,-17413.50,-17413.50
2009-01-21,0.043685,0,0.043685,0.043685,0.217820,-17413.50,-17413.50
2009-01-22,0.043685,0,0.043685,0.043685,0.217820,-17413.50,-17413.50
2009-01-23,0.043685,0,0.043685,0.043685,0.217820,-17413.50,-17413.50
2009-01-25,0.043685,0,0.043685,0.043685,0.217820,-17413.50,-17413.50
2009-01-26,0.043685,0,0.043685,0.043685,0.217820,-17413.50,-17413.50
2009-01-27,0.043685,0,0.043685,0.043685,0.217820,-17413.50,-17413.50
2009-01-28,0.043685,0,0.043685,0.043685,0.217820,-17413.50,-17413.50
2009-01-29,0.043685,0,0.043685,0.043685,0.217820,-17413.50,-17413.50
2009-01-30,0.043685,0,0.043685,0.043685,0.217820,-17413.50,-17413.50
2009-02-01,0.043685,0,0.043685,0.043685,0.217820,-17413.50,-17413.50
2009-02-02,0.043685,0,0.043685,0.043685,0.217820,-17413.50,-17413.50
2009-02-03,0.043685,0,0.043685,0.043685,0.217820,-17413.50,-17413.50
2009-02-04,0.043685,0,0.043685,0.043685,0.217820,-17413.50,-17413.50
2009-02-05,0.043685,0,0.043685,0.043685,0.217820,-17413.50,-17413.50
2009-02-06,0.043685,0,0.043685,0.043685,0.217820,-17413.50,-17413.50
2009-02-08,0.043685,0,0.043685,0.043685,0.217820,-17413.50,-17413.50
2009-02-09,0.043685,0,0.043685,0.043685,0.217820,-17413.50,-17413.50
2009-02-10,0.043685,0,0.043685,0.043685,0.217820,-17413.50,-17413.50
2009-02-11,0.043685,0,0.043685,0.043685,0.217820,-17413.50,-17413.50
2009-02-12,0.043685,0,0.043685,0.043685,0.217820,-17413.50,-17413.50
2009-02-13,0.043685,0,0.043685,0.043685,0.217820,-17413.50,-17413.50
2009-02-15,0.043685,0,0.043685,0.043685,0.217820,-17413.50,-17413.50
2009-02-16,0.043685,0,0.043685,0.043685,0.217820,-17413.50,-17413.50
2009-02-17,0.043685,3,0.080555,0.015455,0.217820,-13726.50,-20236.50
2009-02-18,0.043685,3,0.085655,0.063305,0.217820,-13216.50,-15451.50
2009-02-19,0.052390,2,0.062170,0.041470,0.217820,-15565.00,-17635.00
2009-02-20,0.052390,2,0.028470,0.017670,0.217820,-18935.00,-20015.00
2009-02-22,0.028310,0,0.028310,0.028310,0.217820,-18951.00,-18951.00
2009-02-23,0.028310,0,0.028310,0.028310,0.217820,-18951.00,-18951.00
2009-02-24,0.028310,0,0.028310,0.028310,0.217820,-18951.00,-18951.00
2009-02-25,0.028310,0,0.028310,0.028310,0.217820,-18951.00,-18951.00
2009-02-26,0.028310,0,0.028310,0.028310,0.217820,-18951.00,-18951.00
2009-02-27,0.028310,0,0.028310,0.028310,0.217820,-18951.00,-18951.00
2009-03-01,0.028310,0,0.028310,0.028310,0.217820,-18951.00,-18951.00
2009-03-02,0.028310,0,0.028310,0.028310,0.217820,-18951.00,-18951.00
2009-03-03,0.028310,0,0.028310,0.028310,0.217820,-18951.00,-18951.00
2009-03-04,0.028310,0,0.028310,0.028310,0.217820,-18951.00,-18951.00
2009-03-05,0.028310,0,0.028310,0.028310,0.217820,-18951.00,-18951.00
2009-03-06,0.028310,3,0.019580,-0.013720,0.217820,-19824.00,-23154.00
2009-03-08,0.028310,3,0.039530,0.019670,0.217820,-17829.00,-19815.00
2009-03-09,0.028310,3,0.010430,-0.008320,0.217820,-20739.00,-22614.00
2009-03-10,0.020072,0,0.020072,0.020072,0.217820,-19774.75,-19774.75
2009-03-11,0.020072,0,0.020072,0.020072,0.217820,-19774.75,-19774.75
2009-03-12,0.020072,0,0.020072,0.020072,0.217820,-19774.75,-19774.75
2009-03-13,0.020072,0,0.020072,0.020072,0.217820,-19774.75,-19774.75
2009-03-15,0.020072,0,0.020072,0.020072,0.217820,-19774.75,-19774.75
2009-03-16,0.020072,0,0.020072,0.020072,0.217820,-19774.75,-19774.75
2009-03-17,0.020072,0,0.020072,0.020072,0.217820,-19774.75,-19774.75
2009-03-18,0.020072,0,0.020072,0.020072,0.217820,-19774.75,-19774.75
2009-03-19,0.020072,0,0.020072,0.020072,0.217820,-19774.75,-19774.75
2009-03-20,0.020072,0,0.020072,0.020072,0.217820,-19774.75,-19774.75
2009-03-22,0.020072,0,0.020072,0.020072,0.217820,-19774.75,-19774.75
2009-03-23,0.020072,0,0.020072,0.020072,0.217820,-19774.75,-19774.75
2009-03-24,0.020072,0,0.020072,0.020072,0.217820,-19774.75,-19774.75
2009-03-25,0.020072,0,0.020072,0.020072,0.217820,-19774.75,-19774.75
2009-03-26,0.020072,0,0.020072,0.020072,0.217820,-19774.75,-19774.75
2009-03-27,0.020072,0,0.020072,0.020072,0.217820,-19774.75,-19774.75
2009-03-29,0.020072,0,0.020072,0.020072,0.217820,-19774.75,-19774.75
2009-03-30,0.020072,0,0.020072,0.020072,0.217820,-19774.75,-19774.75
2009-03-31,0.020072,0,0.020072,0.020072,0.217820,-19774.75,-19774.75
2009-04-01,0.020072,0,0.020072,0.020072,0.217820,-19774.75,-19774.75
2009-04-02,0.020072,0,0.020072,0.020072,0.217820,-19774.75,-19774.75
2009-04-03,0.020072,0,0.020072,0.020072,0.217820,-19774.75,-19774.75
2009-04-05,0.020072,0,0.020072,0.020072,0.217820,-19774.75,-19774.75
2009-04-06,0.020072,0,0.020072,0.020072,0.217820,-19774.75,-19774.75
2009-04-07,0.020072,0,0.020072,0.020072,0.217820,-19774.75,-19774.75
2009-04-08,0.020072,3,-0.005308,-0.022258,0.217820,-22312.75,-24007.75
2009-04-09,0.020072,3,0.033692,-0.030658,0.217820,-18412.75,-24847.75
2009-04-10,0.020072,3,0.014642,0.013742,0.217820,-20317.75,-20407.75
2009-04-12,0.020072,3,0.023942,0.013292,0.217820,-19387.75,-20452.75
2009-04-13,0.020072,3,-0.042508,-0.047458,0.217820,-26032.75,-26527.75
2009-04-14,0.020072,3,-0.010258,-0.043108,0.217820,-22807.75,-26092.75
2009-04-15,0.020072,3,0.003542,-0.019258,0.217820,-21427.75,-23707.75
2009-04-16,0.020072,3,0.014342,-0.010408,0.217820,-20347.75,-22822.75
2009-04-17,0.020072,3,0.057092,0.012092,0.217820,-16072.75,-20572.75
2009-04-19,0.028765,2,0.060645,0.050225,0.217820,-15717.50,-16759.50
2009-04-20,0.028765,2,0.081245,0.058445,0.217820,-13657.50,-15937.50
2009-04-21,0.028765,2,0.074945,0.063345,0.217820,-14287.50,-15447.50
2009-04-22,0.028765,2,0.060545,0.054645,0.217820,-15727.50,-16317.50
2009-04-23,0.028765,2,0.037045,0.029945,0.217820,-18077.50,-18787.50
2009-04-24,0.028765,2,0.014145,0.001845,0.217820,-20367.50,-21597.50
2009-04-26,0.013985,0,0.013985,0.013985,0.217820,-20383.50,-20383.50
2009-04-27,0.013985,0,0.013985,0.013985,0.217820,-20383.50,-20383.50
2009-04-28,0.013985,0,0.013985,0.013985,0.217820,-20383.50,-20383.50
2009-04-29,0.013985,0,0.013985,0.013985,0.217820,-20383.50,-20383.50
2009-04-30,0.013985,0,0.013985,0.013985,0.217820,-20383.50,-20383.50
2009-05-01,0.013985,0,0.013985,0.013985,0.217820,-20383.50,-20383.50
2009-05-03,0.013985,0,0.013985,0.013985,0.217820,-20383.50,-20383.50
2009-05-04,0.013985,0,0.013985,0.013985,0.217820,-20383.50,-20383.50
2009-05-05,0.013985,0,0.013985,0.013985,0.217820,-20383.50,-20383.50
2009-05-06,0.013985,0,0.013985,0.013985,0.217820,-20383.50,-20383.50
2009-05-07,0.013985,0,0.013985,0.013985,0.217820,-20383.50,-20383.50
2009-05-08,0.013985,0,0.013985,0.013985,0.217820,-20383.50,-20383.50
2009-05-10,0.013985,0,0.013985,0.013985,0.217820,-20383.50,-20383.50
2009-05-11,0.013985,0,0.013985,0.013985,0.217820,-20383.50,-20383.50
2009-05-12,0.013985,0,0.013985,0.013985,0.217820,-20383.50,-20383.50
2009-05-13,0.013985,0,0.013985,0.013985,0.217820,-20383.50,-20383.50
2009-05-14,0.013985,0,0.013985,0.013985,0.217820,-20383.50,-20383.50
2009-05-15,0.013985,0,0.013985,0.013985,0.217820,-20383.50,-20383.50
2009-05-17,0.013985,0,0.013985,0.013985,0.217820,-20383.50,-20383.50
2009-05-18,0.013985,0,0.013985,0.013985,0.217820,-20383.50,-20383.50
2009-05-19,0.013985,0,0.013985,0.013985,0.217820,-20383.50,-20383.50
2009-05-20,0.013985,0,0.013985,0.013985,0.217820,-20383.50,-20383.50
2009-05-21,0.013985,0,0.013985,0.013985,0.217820,-20383.50,-20383.50
2009-05-22,0.013985,0,0.013985,0.013985,0.217820,-20383.50,-20383.50
2009-05-24,0.013985,0,0.013985,0.013985,0.217820,-20383.50,-20383.50
2009-05-25,0.013985,0,0.013985,0.013985,0.217820,-20383.50,-20383.50
2009-05-26,0.013985,0,0.013985,0.013985,0.217820,-20383.50,-20383.50
2009-05-27,0.013985,0,0.013985,0.013985,0.217820,-20383.50,-20383.50
2009-05-28,0.013985,0,0.013985,0.013985,0.217820,-20383.50,-20383.50
2009-05-29,0.013985,0,0.013985,0.013985,0.217820,-20383.50,-20383.50
2009-05-31,0.013985,0,0.013985,0.013985,0.217820,-20383.50,-20383.50
2009-06-01,0.013985,0,0.013985,0.013985,0.217820,-20383.50,-20383.50
2009-06-02,0.013985,0,0.013985,0.013985,0.217820,-20383.50,-20383.50
2009-06-03,0.013985,0,0.013985,0.013985,0.217820,-20383.50,-20383.50
2009-06-04,0.013985,0,0.013985,0.013985,0.217820,-20383.50,-20383.50
2009-06-05,0.013985,0,0.013985,0.013985,0.217820,-20383.50,-20383.50
2009-06-07,0.013985,0,0.013985,0.013985,0.217820,-20383.50,-20383.50
2009-06-08,0.013985,0,0.013985,0.013985,0.217820,-20383.50,-20383.50
2009-06-09,0.013985,0,0.013985,0.013985,0.217820,-20383.50,-20383.50
2009-06-10,0.013985,0,0.013985,0.013985,0.217820,-20383.50,-20383.50
2009-06-11,0.013985,0,0.013985,0.013985,0.217820,-20383.50,-20383.50
2009-06-12,0.013985,0,0.013985,0.013985,0.217820,-20383.50,-20383.50
2009-06-14,0.013985,0,0.013985,0.013985,0.217820,-20383.50,-20383.50
2009-06-15,0.013985,0,0.013985,0.013985,0.217820,-20383.50,-20383.50
2009-06-16,0.013985,0,0.013985,0.013985,0.217820,-20383.50,-20383.50
2009-06-17,0.013985,0,0.013985,0.013985,0.217820,-20383.50,-20383.50
2009-06-18,0.013985,0,0.013985,0.013985,0.217820,-20383.50,-20383.50
2009-06-19,0.013985,0,0.013985,0.013985,0.217820,-20383.50,-20383.50
2009-06-21,0.013985,0,0.013985,0.013985,0.217820,-20383.50,-20383.50
2009-06-22,0.013985,0,0.013985,0.013985,0.217820,-20383.50,-20383.50
2009-06-23,0.013985,0,0.013985,0.013985,0.217820,-20383.50,-20383.50
2009-06-24,0.013985,0,0.013985,0.013985,0.217820,-20383.50,-20383.50
2009-06-25,0.013985,0,0.013985,0.013985,0.217820,-20383.50,-20383.50
2009-06-26,0.013985,0,0.013985,0.013985,0.217820,-20383.50,-20383.50
2009-06-28,0.013985,0,0.013985,0.013985,0.217820,-20383.50,-20383.50
2009-06-29,0.013985,0,0.013985,0.013985,0.217820,-20383.50,-20383.50
2009-06-30,0.013985,0,0.013985,0.013985,0.217820,-20383.50,-20383.50
2009-07-01,0.013985,0,0.013985,0.013985,0.217820,-20383.50,-20383.50
2009-07-02,0.013985,0,0.013985,0.013985,0.217820,-20383.50,-20383.50
2009-07-03,0.013985,0,0.013985,0.013985,0.217820,-20383.50,-20383.50
2009-07-05,0.013985,0,0.013985,0.013985,0.217820,-20383.50,-20383.50
2009-07-06,0.013985,0,0.013985,0.013985,0.217820,-20383.50,-20383.50
2009-07-07,0.013985,0,0.013985,0.013985,0.217820,-20383.50,-20383.50
2009-07-08,0.013985,0,0.013985,0.013985,0.217820,-20383.50,-20383.50
2009-07-09,0.013985,0,0.013985,0.013985,0.217820,-20383.50,-20383.50
2009-07-10,0.013985,0,0.013985,0.013985,0.217820,-20383.50,-20383.50
2009-07-12,0.013985,0,0.013985,0.013985,0.217820,-20383.50,-20383.50
2009-07-13,0.013985,0,0.013985,0.013985,0.217820,-20383.50,-20383.50
2009-07-14,0.013985,0,0.013985,0.013985,0.217820,-20383.50,-20383.50
2009-07-15,0.013985,0,0.013985,0.013985,0.217820,-20383.50,-20383.50
2009-07-16,0.013985,0,0.013985,0.013985,0.217820,-20383.50,-20383.50
2009-07-17,0.013985,0,0.013985,0.013985,0.217820,-20383.50,-20383.50
2009-07-19,0.013985,0,0.013985,0.013985,0.217820,-20383.50,-20383.50
2009-07-20,0.013985,3,0.016415,-0.008515,0.217820,-20140.50,-22633.50
2009-07-21,0.013985,3,0.013325,0.002195,0.217820,-20449.50,-21562.50
2009-07-22,0.020157,0,0.020157,0.020157,0.217820,-19766.25,-19766.25
2009-07-23,0.020157,0,0.020157,0.020157,0.217820,-19766.25,-19766.25
2009-07-24,0.020157,0,0.020157,0.020157,0.217820,-19766.25,-19766.25
2009-07-26,0.020157,0,0.020157,0.020157,0.217820,-19766.25,-19766.25
2009-07-27,0.020157,0,0.020157,0.020157,0.217820,-19766.25,-19766.25
2009-07-28,0.020157,0,0.020157,0.020157,0.217820,-19766.25,-19766.25
2009-07-29,0.020157,0,0.020157,0.020157,0.217820,-19766.25,-19766.25
2009-07-30,0.020157,0,0.020157,0.020157,0.217820,-19766.25,-19766.25
2009-07-31,0.020157,0,0.020157,0.020157,0.217820,-19766.25,-19766.25
2009-08-02,0.020157,0,0.020157,0.020157,0.217820,-19766.25,-19766.25
2009-08-03,0.020157,0,0.020157,0.020157,0.217820,-19766.25,-19766.25
2009-08-04,0.020157,0,0.020157,0.020157,0.217820,-19766.25,-19766.25
2009-08-05,0.020157,0,0.020157,0.020157,0.217820,-19766.25,-19766.25
2009-08-06,0.020157,0,0.020157,0.020157,0.217820,-19766.25,-19766.25
2009-08-07,0.020157,3,0.026757,-0.042453,0.217820,-19106.25,-26027.25
2009-08-09,0.020157,3,0.023367,0.021597,0.217820,-19445.25,-19622.25
2009-08-10,0.020157,3,0.042207,0.015567,0.217820,-17561.25,-20225.25
2009-08-11,0.026135,2,0.036475,0.029635,0.217820,-18134.50,-18818.50
2009-08-12,0.026135,2,0.023475,0.017355,0.217820,-19434.50,-20046.50
2009-08-13,0.023315,0,0.023315,0.023315,0.217820,-19450.50,-19450.50
2009-08-14,0.023315,0,0.023315,0.023315,0.217820,-19450.50,-19450.50
2009-08-16,0.023315,0,0.023315,0.023315,0.217820,-19450.50,-19450.50
2009-08-17,0.023315,0,0.023315,0.023315,0.217820,-19450.50,-19450.50
2009-08-18,0.023315,0,0.023315,0.023315,0.217820,-19450.50,-19450.50
2009-08-19,0.023315,0,0.023315,0.023315,0.217820,-19450.50,-19450.50
2009-08-20,0.023315,0,0.023315,0.023315,0.217820,-19450.50,-19450.50
2009-08-21,0.023315,0,0.023315,0.023315,0.217820,-19450.50,-19450.50
2009-08-23,0.023315,0,0.023315,0.023315,0.217820,-19450.50,-19450.50
2009-08-24,0.023315,0,0.023315,0.023315,0.217820,-19450.50,-19450.50
2009-08-25,0.023315,0,0.023315,0.023315,0.217820,-19450.50,-19450.50
2009-08-26,0.023315,0,0.023315,0.023315,0.217820,-19450.50,-19450.50
2009-08-27,0.023315,0,0.023315,0.023315,0.217820,-19450.50,-19450.50
2009-08-28,0.023315,0,0.023315,0.023315,0.217820,-19450.50,-19450.50
2009-08-30,0.023315,0,0.023315,0.023315,0.217820,-19450.50,-19450.50
2009-08-31,0.023315,0,0.023315,0.023315,0.217820,-19450.50,-19450.50
2009-09-01,0.023315,0,0.023315,0.023315,0.217820,-19450.50,-19450.50
2009-09-02,0.023315,0,0.023315,0.023315,0.217820,-19450.50,-19450.50
2009-09-03,0.023315,0,0.023315,0.023315,0.217820,-19450.50,-19450.50
2009-09-04,0.023315,0,0.023315,0.023315,0.217820,-19450.50,-19450.50
2009-09-06,0.023315,0,0.023315,0.023315,0.217820,-19450.50,-19450.50
2009-09-07,0.023315,0,0.023315,0.023315,0.217820,-19450.50,-19450.50
2009-09-08,0.023315,0,0.023315,0.023315,0.217820,-19450.50,-19450.50
2009-09-09,0.023315,0,0.023315,0.023315,0.217820,-19450.50,-19450.50
2009-09-10,0.023315,0,0.023315,0.023315,0.217820,-19450.50,-19450.50
2009-09-11,0.023315,0,0.023315,0.023315,0.217820,-19450.50,-19450.50
2009-09-13,0.023315,0,0.023315,0.023315,0.217820,-19450.50,-19450.50
2009-09-14,0.023315,0,0.023315,0.023315,0.217820,-19450.50,-19450.50
2009-09-15,0.023315,0,0.023315,0.023315,0.217820,-19450.50,-19450.50
2009-09-16,0.023315,0,0.023315,0.023315,0.217820,-19450.50,-19450.50
2009-09-17,0.023315,0,0.023315,0.023315,0.217820,-19450.50,-19450.50
2009-09-18,0.023315,0,0.023315,0.023315,0.217820,-19450.50,-19450.50
2009-09-20,0.023315,0,0.023315,0.023315,0.217820,-19450.50,-19450.50
2009-09-21,0.023315,0,0.023315,0.023315,0.217820,-19450.50,-19450.50
2009-09-22,0.023315,0,0.023315,0.023315,0.217820,-19450.50,-19450.50
2009-09-23,0.023315,0,0.023315,0.023315,0.217820,-19450.50,-19450.50
2009-09-24,0.023315,0,0.023315,0.023315,0.217820,-19450.50,-19450.50
2009-09-25,0.023315,0,0.023315,0.023315,0.217820,-19450.50,-19450.50
2009-09-27,0.023315,0,0.023315,0.023315,0.217820,-19450.50,-19450.50
2009-09-28,0.023315,0,0.023315,0.023315,0.217820,-19450.50,-19450.50
2009-09-29,0.023315,0,0.023315,0.023315,0.217820,-19450.50,-19450.50
2009-09-30,0.023315,0,0.023315,0.023315,0.217820,-19450.50,-19450.50
2009-10-01,0.023315,0,0.023315,0.023315,0.217820,-19450.50,-19450.50
2009-10-02,0.023315,0,0.023315,0.023315,0.217820,-19450.50,-19450.50
2009-10-04,0.023315,0,0.023315,0.023315,0.217820,-19450.50,-19450.50
2009-10-05,0.023315,0,0.023315,0.023315,0.217820,-19450.50,-19450.50
2009-10-06,0.023315,0,0.023315,0.023315,0.217820,-19450.50,-19450.50
2009-10-07,0.023315,0,0.023315,0.023315,0.217820,-19450.50,-19450.50
2009-10-08,0.023315,0,0.023315,0.023315,0.217820,-19450.50,-19450.50
2009-10-09,0.023315,0,0.023315,0.023315,0.217820,-19450.50,-19450.50
2009-10-11,0.023315,0,0.023315,0.023315,0.217820,-19450.50,-19450.50
2009-10-12,0.023315,0,0.023315,0.023315,0.217820,-19450.50,-19450.50
2009-10-13,0.023315,0,0.023315,0.023315,0.217820,-19450.50,-19450.50
2009-10-14,0.023315,0,0.023315,0.023315,0.217820,-19450.50,-19450.50
2009-10-15,0.023315,0,0.023315,0.023315,0.217820,-19450.50,-19450.50
2009-10-16,0.023315,0,0.023315,0.023315,0.217820,-19450.50,-19450.50
2009-10-18,0.023315,0,0.023315,0.023315,0.217820,-19450.50,-19450.50
2009-10-19,0.023315,0,0.023315,0.023315,0.217820,-19450.50,-19450.50
2009-10-20,0.023315,0,0.023315,0.023315,0.217820,-19450.50,-19450.50
2009-10-21,0.023315,0,0.023315,0.023315,0.217820,-19450.50,-19450.50
2009-10-22,0.023315,0,0.023315,0.023315,0.217820,-19450.50,-19450.50
2009-10-23,0.023315,0,0.023315,0.023315,0.217820,-19450.50,-19450.50
2009-10-25,0.023315,0,0.023315,0.023315,0.217820,-19450.50,-19450.50
2009-10-26,0.023315,0,0.023315,0.023315,0.217820,-19450.50,-19450.50
2009-10-27,0.023315,0,0.023315,0.023315,0.217820,-19450.50,-19450.50
2009-10-28,0.023315,0,0.023315,0.023315,0.217820,-19450.50,-19450.50
2009-10-29,0.023315,0,0.023315,0.023315,0.217820,-19450.50,-19450.50
2009-10-30,0.023315,0,0.023315,0.023315,0.217820,-19450.50,-19450.50
2009-11-01,0.023315,0,0.023315,0.023315,0.217820,-19450.50,-19450.50
2009-11-02,0.023315,0,0.023315,0.023315,0.217820,-19450.50,-19450.50
2009-11-03,0.023315,0,0.023315,0.023315,0.217820,-19450.50,-19450.50
2009-11-04,0.023315,0,0.023315,0.023315,0.217820,-19450.50,-19450.50
2009-11-05,0.023315,0,0.023315,0.023315,0.217820,-19450.50,-19450.50
2009-11-06,0.023315,0,0.023315,0.023315,0.217820,-19450.50,-19450.50
2009-11-08,0.023315,0,0.023315,0.023315,0.217820,-19450.50,-19450.50
2009-11-09,0.023315,0,0.023315,0.023315,0.217820,-19450.50,-19450.50
2009-11-10,0.023315,0,0.023315,0.023315,0.217820,-19450.50,-19450.50
2009-11-11,0.023315,0,0.023315,0.023315,0.217820,-19450.50,-19450.50
2009-11-12,0.023315,0,0.023315,0.023315,0.217820,-19450.50,-19450.50
2009-11-13,0.023315,0,0.023315,0.023315,0.217820,-19450.50,-19450.50
2009-11-15,0.023315,0,0.023315,0.023315,0.217820,-19450.50,-19450.50
2009-11-16,0.023315,0,0.023315,0.023315,0.217820,-19450.50,-19450.50
2009-11-17,0.023315,0,0.023315,0.023315,0.217820,-19450.50,-19450.50
2009-11-18,0.023315,0,0.023315,0.023315,0.217820,-19450.50,-19450.50
2009-11-19,0.023315,0,0.023315,0.023315,0.217820,-19450.50,-19450.50
2009-11-20,0.023315,0,0.023315,0.023315,0.217820,-19450.50,-19450.50
2009-11-22,0.023315,0,0.023315,0.023315,0.217820,-19450.50,-19450.50
2009-11-23,0.023315,0,0.023315,0.023315,0.217820,-19450.50,-19450.50
2009-11-24,0.023315,0,0.023315,0.023315,0.217820,-19450.50,-19450.50
2009-11-25,0.023315,0,0.023315,0.023315,0.217820,-19450.50,-19450.50
2009-11-26,0.023315,0,0.023315,0.023315,0.217820,-19450.50,-19450.50
2009-11-27,0.023315,0,0.023315,0.023315,0.217820,-19450.50,-19450.50
2009-11-29,0.023315,0,0.023315,0.023315,0.217820,-19450.50,-19450.50
2009-11-30,0.023315,0,0.023315,0.023315,0.217820,-19450.50,-19450.50
2009-12-01,0.023315,0,0.023315,0.023315,0.217820,-19450.50,-19450.50
2009-12-02,0.023315,0,0.023315,0.023315,0.217820,-19450.50,-19450.50
2009-12-03,0.023315,0,0.023315,0.023315,0.217820,-19450.50,-19450.50
2009-12-04,0.023315,0,0.023315,0.023315,0.217820,-19450.50,-19450.50
2009-12-06,0.023315,0,0.023315,0.023315,0.217820,-19450.50,-19450.50
2009-12-07,0.023315,0,0.023315,0.023315,0.217820,-19450.50,-19450.50
2009-12-08,0.023315,0,0.023315,0.023315,0.217820,-19450.50,-19450.50
2009-12-09,0.023315,0,0.023315,0.023315,0.217820,-19450.50,-19450.50
2009-12-10,0.023315,0,0.023315,0.023315,0.217820,-19450.50,-19450.50
2009-12-11,0.023315,0,0.023315,0.023315,0.217820,-19450.50,-19450.50
2009-12-13,0.023315,0,0.023315,0.023315,0.217820,-19450.50,-19450.50
2009-12-14,0.023315,0,0.023315,0.023315,0.217820,-19450.50,-19450.50
2009-12-15,0.023315,0,0.023315,0.023315,0.217820,-19450.50,-19450.50
2009-12-16,0.023315,0,0.023315,0.023315,0.217820,-19450.50,-19450.50
2009-12-17,0.023315,0,0.023315,0.023315,0.217820,-19450.50,-19450.50
2009-12-18,0.023315,0,0.023315,0.023315,0.217820,-19450.50,-19450.50
2009-12-20,0.023315,0,0.023315,0.023315,0.217820,-19450.50,-19450.50
2009-12-21,0.023315,0,0.023315,0.023315,0.217820,-19450.50,-19450.50
2009-12-22,0.023315,0,0.023315,0.023315,0.217820,-19450.50,-19450.50
2009-12-23,0.023315,0,0.023315,0.023315,0.217820,-19450.50,-19450.50
2009-12-24,0.023315,0,0.023315,0.023315,0.217820,-19450.50,-19450.50
2009-12-25,0.023315,0,0.023315,0.023315,0.217820,-19450.50,-19450.50
2009-12-27,0.023315,0,0.023315,0.023315,0.217820,-19450.50,-19450.50
2009-12-28,0.023315,0,0.023315,0.023315,0.217820,-19450.50,-19450.50
2009-12-29,0.023315,0,0.023315,0.023315,0.217820,-19450.50,-19450.50
2009-12-30,0.023315,0,0.023315,0.023315,0.217820,-19450.50,-19450.50
2009-12-31,0.023315,0,0.023315,0.023315,0.217820,-19450.50,-19450.50
2010-01-01,0.023315,0,0.023315,0.023315,0.217820,-19450.50,-19450.50
2010-01-03,0.023315,0,0.023315,0.023315,0.217820,-19450.50,-19450.50
2010-01-04,0.023315,0,0.023315,0.023315,0.217820,-19450.50,-19450.50
2010-01-05,0.023315,0,0.023315,0.023315,0.217820,-19450.50,-19450.50
2010-01-06,0.023315,0,0.023315,0.023315,0.217820,-19450.50,-19450.50
2010-01-07,0.023315,0,0.023315,0.023315,0.217820,-19450.50,-19450.50
2010-01-08,0.023315,0,0.023315,0.023315,0.217820,-19450.50,-19450.50
2010-01-10,0.023315,0,0.023315,0.023315,0.217820,-19450.50,-19450.50
2010-01-11,0.023315,0,0.023315,0.023315,0.217820,-19450.50,-19450.50
2010-01-12,0.023315,0,0.023315,0.023315,0.217820,-19450.50,-19450.50
2010-01-13,0.023315,0,0.023315,0.023315,0.217820,-19450.50,-19450.50
2010-01-14,0.023315,0,0.023315,0.023315,0.217820,-19450.50,-19450.50
2010-01-15,0.023315,0,0.023315,0.023315,0.217820,-19450.50,-19450.50
2010-01-17,0.023315,0,0.023315,0.023315,0.217820,-19450.50,-19450.50
2010-01-18,0.023315,0,0.023315,0.023315,0.217820,-19450.50,-19450.50
2010-01-19,0.023315,3,0.016415,-0.023665,0.217820,-20140.50,-24148.50
2010-01-20,0.023315,3,0.066485,0.013745,0.217820,-15133.50,-20407.50
2010-01-21,0.028237,2,0.059817,0.050957,0.217820,-15800.25,-16686.25
2010-01-22,0.048137,1,0.060107,0.055667,0.217820,-15771.25,-16215.25
2010-01-24,0.048137,1,0.058547,0.056667,0.217820,-15927.25,-16115.25
2010-01-25,0.048137,1,0.059137,0.054327,0.217820,-15868.25,-16349.25
2010-01-26,0.048137,1,0.065637,0.055917,0.217820,-15218.25,-16190.25
2010-01-27,0.048137,1,0.070917,0.064147,0.217820,-14690.25,-15367.25
2010-01-28,0.048137,1,0.077517,0.068557,0.217820,-14030.25,-14926.25
2010-01-29,0.048137,1,0.087667,0.075107,0.217820,-13015.25,-14271.25
2010-01-31,0.048137,1,0.086397,0.085547,0.217820,-13142.25,-13227.25
2010-02-01,0.086317,0,0.086317,0.086317,0.217820,-13150.25,-13150.25
2010-02-02,0.086317,0,0.086317,0.086317,0.217820,-13150.25,-13150.25
2010-02-03,0.086317,0,0.086317,0.086317,0.217820,-13150.25,-13150.25
2010-02-04,0.086317,0,0.086317,0.086317,0.217820,-13150.25,-13150.25
2010-02-05,0.086317,0,0.086317,0.086317,0.217820,-13150.25,-13150.25
2010-02-07,0.086317,0,0.086317,0.086317,0.217820,-13150.25,-13150.25
2010-02-08,0.086317,0,0.086317,0.086317,0.217820,-13150.25,-13150.25
2010-02-09,0.086317,0,0.086317,0.086317,0.217820,-13150.25,-13150.25
2010-02-10,0.086317,0,0.086317,0.086317,0.217820,-13150.25,-13150.25
2010-02-11,0.086317,0,0.086317,0.086317,0.217820,-13150.25,-13150.25
2010-02-12,0.086317,0,0.086317,0.086317,0.217820,-13150.25,-13150.25
2010-02-14,0.086317,0,0.086317,0.086317,0.217820,-13150.25,-13150.25
2010-02-15,0.086317,0,0.086317,0.086317,0.217820,-13150.25,-13150.25
2010-02-16,0.086317,0,0.086317,0.086317,0.217820,-13150.25,-13150.25
2010-02-17,0.086317,0,0.086317,0.086317,0.217820,-13150.25,-13150.25
2010-02-18,0.086317,0,0.086317,0.086317,0.217820,-13150.25,-13150.25
2010-02-19,0.086317,0,0.086317,0.086317,0.217820,-13150.25,-13150.25
2010-02-21,0.086317,0,0.086317,0.086317,0.217820,-13150.25,-13150.25
2010-02-22,0.086317,0,0.086317,0.086317,0.217820,-13150.25,-13150.25
2010-02-23,0.086317,0,0.086317,0.086317,0.217820,-13150.25,-13150.25
2010-02-24,0.086317,0,0.086317,0.086317,0.217820,-13150.25,-13150.25
2010-02-25,0.086317,0,0.086317,0.086317,0.217820,-13150.25,-13150.25
2010-02-26,0.086317,0,0.086317,0.086317,0.217820,-13150.25,-13150.25
2010-02-28,0.086317,0,0.086317,0.086317,0.217820,-13150.25,-13150.25
2010-03-01,0.086317,0,0.086317,0.086317,0.217820,-13150.25,-13150.25
2010-03-02,0.086317,0,0.086317,0.086317,0.217820,-13150.25,-13150.25
2010-03-03,0.086317,0,0.086317,0.086317,0.217820,-13150.25,-13150.25
2010-03-04,0.086317,0,0.086317,0.086317,0.217820,-13150.25,-13150.25
2010-03-05,0.086317,0,0.086317,0.086317,0.217820,-13150.25,-13150.25
2010-03-07,0.086317,0,0.086317,0.086317,0.217820,-13150.25,-13150.25
2010-03-08,0.086317,0,0.086317,0.086317,0.217820,-13150.25,-13150.25
2010-03-09,0.086317,0,0.086317,0.086317,0.217820,-13150.25,-13150.25
2010-03-10,0.086317,0,0.086317,0.086317,0.217820,-13150.25,-13150.25
2010-03-11,0.086317,0,0.086317,0.086317,0.217820,-13150.25,-13150.25
2010-03-12,0.086317,0,0.086317,0.086317,0.217820,-13150.25,-13150.25
2010-03-14,0.086317,0,0.086317,0.086317,0.217820,-13150.25,-13150.25
2010-03-15,0.086317,0,0.086317,0.086317,0.217820,-13150.25,-13150.25
2010-03-16,0.086317,0,0.086317,0.086317,0.217820,-13150.25,-13150.25
2010-03-17,0.086317,0,0.086317,0.086317,0.217820,-13150.25,-13150.25
2010-03-18,0.086317,0,0.086317,0.086317,0.217820,-13150.25,-13150.25
2010-03-19,0.086317,0,0.086317,0.086317,0.217820,-13150.25,-13150.25
2010-03-21,0.086317,0,0.086317,0.086317,0.217820,-13150.25,-13150.25
2010-03-22,0.086317,0,0.086317,0.086317,0.217820,-13150.25,-13150.25
2010-03-23,0.086317,0,0.086317,0.086317,0.217820,-13150.25,-13150.25
2010-03-24,0.086317,3,0.118537,0.070987,0.217820,-9928.25,-14683.25
2010-03-25,0.086317,3,0.125497,0.100207,0.217820,-9232.25,-11761.25
2010-03-26,0.093775,2,0.099035,0.095735,0.217820,-11878.50,-12208.50
2010-03-28,0.093775,2,0.091835,0.082595,0.217820,-12598.50,-13522.50
2010-03-29,0.091675,0,0.091675,0.091675,0.217820,-12614.50,-12614.50
2010-03-30,0.091675,0,0.091675,0.091675,0.217820,-12614.50,-12614.50
2010-03-31,0.091675,0,0.091675,0.091675,0.217820,-12614.50,-12614.50
2010-04-01,0.091675,0,0.091675,0.091675,0.217820,-12614.50,-12614.50
2010-04-02,0.091675,0,0.091675,0.091675,0.217820,-12614.50,-12614.50
2010-04-04,0.091675,0,0.091675,0.091675,0.217820,-12614.50,-12614.50
2010-04-05,0.091675,0,0.091675,0.091675,0.217820,-12614.50,-12614.50
2010-04-06,0.091675,0,0.091675,0.091675,0.217820,-12614.50,-12614.50
2010-04-07,0.091675,0,0.091675,0.091675,0.217820,-12614.50,-12614.50
2010-04-08,0.091675,0,0.091675,0.091675,0.217820,-12614.50,-12614.50
2010-04-09,0.091675,0,0.091675,0.091675,0.217820,-12614.50,-12614.50
2010-04-11,0.091675,3,0.110575,0.073225,0.217820,-10724.50,-14459.50
2010-04-12,0.091675,3,0.090145,0.083635,0.217820,-12767.50,-13418.50
2010-04-13,0.093747,0,0.093747,0.093747,0.217820,-12407.25,-12407.25
2010-04-14,0.093747,0,0.093747,0.093747,0.217820,-12407.25,-12407.25
2010-04-15,0.093747,0,0.093747,0.093747,0.217820,-12407.25,-12407.25
2010-04-16,0.093747,0,0.093747,0.093747,0.217820,-12407.25,-12407.25
2010-04-18,0.093747,0,0.093747,0.093747,0.217820,-12407.25,-12407.25
2010-04-19,0.093747,3,0.086037,0.082587,0.217820,-13178.25,-13523.25
2010-04-20,0.093747,3,0.104487,0.074307,0.217820,-11333.25,-14351.25
2010-04-21,0.097000,2,0.111220,0.098580,0.217820,-10660.00,-11924.00
2010-04-22,0.097000,2,0.144140,0.104300,0.217820,-7368.00,-11352.00
2010-04-23,0.110220,1,0.117780,0.116010,0.217820,-10004.00,-10181.00
2010-04-25,0.110220,1,0.119850,0.118230,0.217820,-9797.00,-9959.00
2010-04-26,0.110220,1,0.116810,0.114650,0.217820,-10101.00,-10317.00
2010-04-27,0.110220,1,0.138310,0.116540,0.217820,-7951.00,-10128.00
2010-04-28,0.110220,1,0.136380,0.129420,0.217820,-8144.00,-8840.00
2010-04-29,0.110220,1,0.130990,0.128230,0.217820,-8683.00,-8959.00
2010-04-30,0.110220,1,0.126700,0.121780,0.217820,-9112.00,-9604.00
2010-05-02,0.126620,0,0.126620,0.126620,0.217820,-9120.00,-9120.00
2010-05-03,0.126620,0,0.126620,0.126620,0.217820,-9120.00,-9120.00
2010-05-04,0.126620,0,0.126620,0.126620,0.217820,-9120.00,-9120.00
2010-05-05,0.126620,0,0.126620,0.126620,0.217820,-9120.00,-9120.00
2010-05-06,0.126620,0,0.126620,0.126620,0.217820,-9120.00,-9120.00
2010-05-07,0.126620,0,0.126620,0.126620,0.217820,-9120.00,-9120.00
2010-05-09,0.126620,0,0.126620,0.126620,0.217820,-9120.00,-9120.00
2010-05-10,0.126620,0,0.126620,0.126620,0.217820,-9120.00,-9120.00
2010-05-11,0.126620,0,0.126620,0.126620,0.217820,-9120.00,-9120.00
2010-05-12,0.126620,0,0.126620,0.126620,0.217820,-9120.00,-9120.00
2010-05-13,0.126620,0,0.126620,0.126620,0.217820,-9120.00,-9120.00
2010-05-14,0.126620,0,0.126620,0.126620,0.217820,-9120.00,-9120.00
2010-05-16,0.126620,0,0.126620,0.126620,0.217820,-9120.00,-9120.00
2010-05-17,0.126620,0,0.126620,0.126620,0.217820,-9120.00,-9120.00
2010-05-18,0.126620,0,0.126620,0.126620,0.217820,-9120.00,-9120.00
2010-05-19,0.126620,0,0.126620,0.126620,0.217820,-9120.00,-9120.00
2010-05-20,0.126620,0,0.126620,0.126620,0.217820,-9120.00,-9120.00
2010-05-21,0.126620,0,0.126620,0.126620,0.217820,-9120.00,-9120.00
2010-05-23,0.126620,0,0.126620,0.126620,0.217820,-9120.00,-9120.00
2010-05-24,0.126620,0,0.126620,0.126620,0.217820,-9120.00,-9120.00
2010-05-25,0.126620,0,0.126620,0.126620,0.217820,-9120.00,-9120.00
2010-05-26,0.126620,0,0.126620,0.126620,0.217820,-9120.00,-9120.00
2010-05-27,0.126620,0,0.126620,0.126620,0.217820,-9120.00,-9120.00
2010-05-28,0.126620,0,0.126620,0.126620,0.217820,-9120.00,-9120.00
2010-05-30,0.126620,0,0.126620,0.126620,0.217820,-9120.00,-9120.00
2010-05-31,0.126620,0,0.126620,0.126620,0.217820,-9120.00,-9120.00
2010-06-01,0.126620,0,0.126620,0.126620,0.217820,-9120.00,-9120.00
2010-06-02,0.126620,0,0.126620,0.126620,0.217820,-9120.00,-9120.00
2010-06-03,0.126620,0,0.126620,0.126620,0.217820,-9120.00,-9120.00
2010-06-04,0.126620,0,0.126620,0.126620,0.217820,-9120.00,-9120.00
2010-06-06,0.126620,0,0.126620,0.126620,0.217820,-9120.00,-9120.00
2010-06-07,0.126620,0,0.126620,0.126620,0.217820,-9120.00,-9120.00
2010-06-08,0.126620,0,0.126620,0.126620,0.217820,-9120.00,-9120.00
2010-06-09,0.126620,0,0.126620,0.126620,0.217820,-9120.00,-9120.00
2010-06-10,0.126620,0,0.126620,0.126620,0.217820,-9120.00,-9120.00
2010-06-11,0.126620,0,0.126620,0.126620,0.217820,-9120.00,-9120.00
2010-06-13,0.126620,0,0.126620,0.126620,0.217820,-9120.00,-9120.00
2010-06-14,0.126620,0,0.126620,0.126620,0.217820,-9120.00,-9120.00
2010-06-15,0.126620,0,0.126620,0.126620,0.217820,-9120.00,-9120.00
2010-06-16,0.126620,0,0.126620,0.126620,0.217820,-9120.00,-9120.00
2010-06-17,0.126620,3,0.136670,0.092750,0.217820,-8115.00,-12507.00
2010-06-18,0.126620,3,0.137420,0.126080,0.217820,-8040.00,-9174.00
2010-06-20,0.132652,2,0.144972,0.141252,0.217820,-7284.75,-7656.75
2010-06-21,0.132652,2,0.126372,0.122372,0.217820,-9144.75,-9544.75
2010-06-22,0.126212,0,0.126212,0.126212,0.217820,-9160.75,-9160.75
2010-06-23,0.126212,0,0.126212,0.126212,0.217820,-9160.75,-9160.75
2010-06-24,0.126212,0,0.126212,0.126212,0.217820,-9160.75,-9160.75
2010-06-25,0.126212,0,0.126212,0.126212,0.217820,-9160.75,-9160.75
2010-06-27,0.126212,0,0.126212,0.126212,0.217820,-9160.75,-9160.75
2010-06-28,0.126212,0,0.126212,0.126212,0.217820,-9160.75,-9160.75
2010-06-29,0.126212,0,0.126212,0.126212,0.217820,-9160.75,-9160.75
2010-06-30,0.126212,0,0.126212,0.126212,0.217820,-9160.75,-9160.75
2010-07-01,0.126212,0,0.126212,0.126212,0.217820,-9160.75,-9160.75
2010-07-02,0.126212,0,0.126212,0.126212,0.217820,-9160.75,-9160.75
2010-07-04,0.126212,0,0.126212,0.126212,0.217820,-9160.75,-9160.75
2010-07-05,0.126212,0,0.126212,0.126212,0.217820,-9160.75,-9160.75
2010-07-06,0.126212,0,0.126212,0.126212,0.217820,-9160.75,-9160.75
2010-07-07,0.126212,0,0.126212,0.126212,0.217820,-9160.75,-9160.75
2010-07-08,0.126212,0,0.126212,0.126212,0.217820,-9160.75,-9160.75
2010-07-09,0.126212,0,0.126212,0.126212,0.217820,-9160.75,-9160.75
2010-07-11,0.126212,0,0.126212,0.126212,0.217820,-9160.75,-9160.75
2010-07-12,0.126212,0,0.126212,0.126212,0.217820,-9160.75,-9160.75
2010-07-13,0.126212,0,0.126212,0.126212,0.217820,-9160.75,-9160.75
2010-07-14,0.126212,0,0.126212,0.126212,0.217820,-9160.75,-9160.75
2010-07-15,0.126212,0,0.126212,0.126212,0.217820,-9160.75,-9160.75
2010-07-16,0.126212,0,0.126212,0.126212,0.217820,-9160.75,-9160.75
2010-07-18,0.126212,0,0.126212,0.126212,0.217820,-9160.75,-9160.75
2010-07-19,0.126212,0,0.126212,0.126212,0.217820,-9160.75,-9160.75
2010-07-20,0.126212,0,0.126212,0.126212,0.217820,-9160.75,-9160.75
2010-07-21,0.126212,0,0.126212,0.126212,0.217820,-9160.75,-9160.75
2010-07-22,0.126212,0,0.126212,0.126212,0.217820,-9160.75,-9160.75
2010-07-23,0.126212,0,0.126212,0.126212,0.217820,-9160.75,-9160.75
2010-07-25,0.126212,0,0.126212,0.126212,0.217820,-9160.75,-9160.75
2010-07-26,0.126212,0,0.126212,0.126212,0.217820,-9160.75,-9160.75
2010-07-27,0.126212,0,0.126212,0.126212,0.217820,-9160.75,-9160.75
2010-07-28,0.126212,0,0.126212,0.126212,0.217820,-9160.75,-9160.75
2010-07-29,0.126212,0,0.126212,0.126212,0.217820,-9160.75,-9160.75
2010-07-30,0.126212,0,0.126212,0.126212,0.217820,-9160.75,-9160.75
2010-08-01,0.126212,0,0.126212,0.126212,0.217820,-9160.75,-9160.75
2010-08-02,0.126212,0,0.126212,0.126212,0.217820,-9160.75,-9160.75
2010-08-03,0.126212,0,0.126212,0.126212,0.217820,-9160.75,-9160.75
2010-08-04,0.126212,0,0.126212,0.126212,0.217820,-9160.75,-9160.75
2010-08-05,0.126212,0,0.126212,0.126212,0.217820,-9160.75,-9160.75
2010-08-06,0.126212,0,0.126212,0.126212,0.217820,-9160.75,-9160.75
2010-08-08,0.126212,0,0.126212,0.126212,0.217820,-9160.75,-9160.75
2010-08-09,0.126212,0,0.126212,0.126212,0.217820,-9160.75,-9160.75
2010-08-10,0.126212,0,0.126212,0.126212,0.217820,-9160.75,-9160.75
2010-08-11,0.126212,3,0.187412,0.093122,0.217820,-3040.75,-12469.75
2010-08-12,0.126212,3,0.188942,0.161672,0.217820,-2887.75,-5614.75
2010-08-13,0.152535,1,0.182555,0.166945,0.217820,-3526.50,-5087.50
2010-08-15,0.152535,1,0.182075,0.180135,0.217820,-3574.50,-3768.50
2010-08-16,0.152535,1,0.176565,0.170515,0.217820,-4125.50,-4730.50
2010-08-17,0.152535,1,0.170735,0.165955,0.217820,-4708.50,-5186.50
2010-08-18,0.152535,1,0.178185,0.165475,0.217820,-3963.50,-5234.50
2010-08-19,0.152535,1,0.176835,0.167275,0.217820,-4098.50,-5054.50
2010-08-20,0.152535,1,0.186755,0.174345,0.217820,-3106.50,-4347.50
2010-08-22,0.152535,1,0.187795,0.186435,0.217820,-3002.50,-3138.50
2010-08-23,0.152535,1,0.194565,0.184545,0.217820,-2325.50,-3327.50
2010-08-24,0.152535,1,0.193955,0.185655,0.217820,-2386.50,-3216.50
2010-08-25,0.152535,1,0.190355,0.185155,0.217820,-2746.50,-3266.50
2010-08-26,0.152535,1,0.187295,0.181205,0.217820,-3052.50,-3661.50
2010-08-27,0.152535,1,0.181555,0.179655,0.217820,-3626.50,-3816.50
2010-08-29,0.152535,1,0.182335,0.180605,0.217820,-3548.50,-3721.50
2010-08-30,0.152535,1,0.191175,0.182025,0.217820,-2664.50,-3579.50
2010-08-31,0.152535,1,0.190285,0.183225,0.217820,-2753.50,-3459.50
2010-09-01,0.190205,0,0.190205,0.190205,0.217820,-2761.50,-2761.50
2010-09-02,0.190205,0,0.190205,0.190205,0.217820,-2761.50,-2761.50
2010-09-03,0.190205,0,0.190205,0.190205,0.217820,-2761.50,-2761.50
2010-09-05,0.190205,0,0.190205,0.190205,0.217820,-2761.50,-2761.50
2010-09-06,0.190205,0,0.190205,0.190205,0.217820,-2761.50,-2761.50
2010-09-07,0.190205,0,0.190205,0.190205,0.217820,-2761.50,-2761.50
2010-09-08,0.190205,3,0.171395,0.159635,0.217820,-4642.50,-5818.50
2010-09-09,0.190205,3,0.185075,0.158765,0.217820,-3274.50,-5905.50
2010-09-10,0.190205,3,0.184445,0.164585,0.217820,-3337.50,-5323.50
2010-09-12,0.190205,3,0.161105,0.160775,0.217820,-5671.50,-5704.50
2010-09-13,0.190205,3,0.129755,0.120965,0.217820,-8806.50,-9685.50
2010-09-14,0.190205,3,0.090125,0.078125,0.217820,-12769.50,-13969.50
2010-09-15,0.089885,0,0.089885,0.089885,0.217820,-12793.50,-12793.50
2010-09-16,0.089885,3,0.107645,0.080015,0.217820,-11017.50,-13780.50
2010-09-17,0.089885,3,0.102425,0.093635,0.217820,-11539.50,-12418.50
2010-09-19,0.095717,2,0.102957,0.100937,0.217820,-11486.25,-11688.25
2010-09-20,0.095717,2,0.106837,0.100857,0.217820,-11098.25,-11696.25
2010-09-21,0.095717,2,0.150977,0.105877,0.217820,-6684.25,-11194.25
2010-09-22,0.119257,1,0.157947,0.145197,0.217820,-5987.25,-7262.25
2010-09-23,0.119257,1,0.147847,0.147617,0.217820,-6997.25,-7020.25
2010-09-24,0.119257,1,0.167537,0.147027,0.217820,-5028.25,-7079.25
2010-09-26,0.119257,1,0.166367,0.165437,0.217820,-5145.25,-5238.25
2010-09-27,0.119257,1,0.161547,0.161017,0.217820,-5627.25,-5680.25
2010-09-28,0.119257,1,0.175937,0.156467,0.217820,-4188.25,-6135.25
2010-09-29,0.119257,1,0.181097,0.175067,0.217820,-3672.25,-4275.25
2010-09-30,0.119257,1,0.181647,0.174637,0.217820,-3617.25,-4318.25
2010-10-01,0.181567,0,0.181567,0.181567,0.217820,-3625.25,-3625.25
2010-10-03,0.181567,0,0.181567,0.181567,0.217820,-3625.25,-3625.25
2010-10-04,0.181567,0,0.181567,0.181567,0.217820,-3625.25,-3625.25
2010-10-05,0.181567,0,0.181567,0.181567,0.217820,-3625.25,-3625.25
2010-10-06,0.181567,0,0.181567,0.181567,0.217820,-3625.25,-3625.25
2010-10-07,0.181567,0,0.181567,0.181567,0.217820,-3625.25,-3625.25
2010-10-08,0.181567,0,0.181567,0.181567,0.217820,-3625.25,-3625.25
2010-10-10,0.181567,0,0.181567,0.181567,0.217820,-3625.25,-3625.25
2010-10-11,0.181567,0,0.181567,0.181567,0.217820,-3625.25,-3625.25
2010-10-12,0.181567,0,0.181567,0.181567,0.217820,-3625.25,-3625.25
2010-10-13,0.181567,0,0.181567,0.181567,0.217820,-3625.25,-3625.25
2010-10-14,0.181567,0,0.181567,0.181567,0.217820,-3625.25,-3625.25
2010-10-15,0.181567,0,0.181567,0.181567,0.217820,-3625.25,-3625.25
2010-10-17,0.181567,0,0.181567,0.181567,0.217820,-3625.25,-3625.25
2010-10-18,0.181567,0,0.181567,0.181567,0.217820,-3625.25,-3625.25
2010-10-19,0.181567,0,0.181567,0.181567,0.217820,-3625.25,-3625.25
2010-10-20,0.181567,0,0.181567,0.181567,0.217820,-3625.25,-3625.25
2010-10-21,0.181567,0,0.181567,0.181567,0.217820,-3625.25,-3625.25
2010-10-22,0.181567,0,0.181567,0.181567,0.217820,-3625.25,-3625.25
2010-10-24,0.181567,0,0.181567,0.181567,0.217820,-3625.25,-3625.25
2010-10-25,0.181567,0,0.181567,0.181567,0.217820,-3625.25,-3625.25
2010-10-26,0.181567,0,0.181567,0.181567,0.217820,-3625.25,-3625.25
2010-10-27,0.181567,0,0.181567,0.181567,0.217820,-3625.25,-3625.25
2010-10-28,0.181567,0,0.181567,0.181567,0.217820,-3625.25,-3625.25
2010-10-29,0.181567,0,0.181567,0.181567,0.217820,-3625.25,-3625.25
2010-10-31,0.181567,0,0.181567,0.181567,0.217820,-3625.25,-3625.25
2010-11-01,0.181567,0,0.181567,0.181567,0.217820,-3625.25,-3625.25
2010-11-02,0.181567,0,0.181567,0.181567,0.217820,-3625.25,-3625.25
2010-11-03,0.181567,0,0.181567,0.181567,0.217820,-3625.25,-3625.25
2010-11-04,0.181567,0,0.181567,0.181567,0.217820,-3625.25,-3625.25
2010-11-05,0.181567,0,0.181567,0.181567,0.217820,-3625.25,-3625.25
2010-11-07,0.181567,0,0.181567,0.181567,0.217820,-3625.25,-3625.25
2010-11-08,0.181567,3,0.181267,0.115387,0.217820,-3655.25,-10243.25
2010-11-09,0.181567,3,0.209647,0.148627,0.217820,-817.25,-6919.25
2010-11-10,0.188610,2,0.206290,0.195970,0.217820,-1153.00,-2185.00
2010-11-11,0.188610,2,0.237170,0.196890,0.237170,0.00,-4028.00
2010-11-12,0.188610,2,0.223090,0.205810,0.237170,-1408.00,-3136.00
2010-11-14,0.216990,1,0.234410,0.232420,0.237170,-276.00,-475.00
2010-11-15,0.216990,1,0.245890,0.228200,0.245890,0.00,-1769.00
2010-11-16,0.216990,1,0.253780,0.237710,0.253780,0.00,-1607.00
2010-11-17,0.216990,1,0.247940,0.246650,0.253780,-584.00,-713.00
2010-11-18,0.216990,1,0.237510,0.236480,0.253780,-1627.00,-1730.00
2010-11-19,0.216990,1,0.236020,0.230070,0.253780,-1776.00,-2371.00
2010-11-21,0.216990,1,0.229060,0.228860,0.253780,-2472.00,-2492.00
2010-11-22,0.216990,1,0.243230,0.224590,0.253780,-1055.00,-2919.00
2010-11-23,0.216990,1,0.264630,0.241780,0.264630,0.00,-2285.00
2010-11-24,0.216990,1,0.267420,0.261090,0.267420,0.00,-633.00
2010-11-25,0.216990,1,0.269240,0.264480,0.269240,0.00,-476.00
2010-11-26,0.216990,1,0.279230,0.268210,0.279230,0.00,-1102.00
2010-11-28,0.216990,1,0.279490,0.274460,0.279490,0.00,-503.00
2010-11-29,0.216990,1,0.293200,0.273190,0.293200,0.00,-2001.00
2010-11-30,0.216990,1,0.303650,0.288210,0.303650,0.00,-1544.00
2010-12-01,0.303570,0,0.303570,0.303570,0.303650,-8.00,-8.00
2010-12-02,0.303570,0,0.303570,0.303570,0.303650,-8.00,-8.00
2010-12-03,0.303570,0,0.303570,0.303570,0.303650,-8.00,-8.00
2010-12-05,0.303570,0,0.303570,0.303570,0.303650,-8.00,-8.00
2010-12-06,0.303570,0,0.303570,0.303570,0.303650,-8.00,-8.00
2010-12-07,0.303570,0,0.303570,0.303570,0.303650,-8.00,-8.00
2010-12-08,0.303570,0,0.303570,0.303570,0.303650,-8.00,-8.00
2010-12-09,0.303570,0,0.303570,0.303570,0.303650,-8.00,-8.00
2010-12-10,0.303570,0,0.303570,0.303570,0.303650,-8.00,-8.00
2010-12-12,0.303570,0,0.303570,0.303570,0.303650,-8.00,-8.00
2010-12-13,0.303570,0,0.303570,0.303570,0.303650,-8.00,-8.00
2010-12-14,0.303570,0,0.303570,0.303570,0.303650,-8.00,-8.00
2010-12-15,0.303570,0,0.303570,0.303570,0.303650,-8.00,-8.00
2010-12-16,0.303570,0,0.303570,0.303570,0.303650,-8.00,-8.00
2010-12-17,0.303570,0,0.303570,0.303570,0.303650,-8.00,-8.00
2010-12-19,0.303570,0,0.303570,0.303570,0.303650,-8.00,-8.00
2010-12-20,0.303570,0,0.303570,0.303570,0.303650,-8.00,-8.00
2010-12-21,0.303570,0,0.303570,0.303570,0.303650,-8.00,-8.00
2010-12-22,0.303570,0,0.303570,0.303570,0.303650,-8.00,-8.00
2010-12-23,0.303570,0,0.303570,0.303570,0.303650,-8.00,-8.00
2010-12-24,0.303570,0,0.303570,0.303570,0.303650,-8.00,-8.00
2010-12-26,0.303570,0,0.303570,0.303570,0.303650,-8.00,-8.00
2010-12-27,0.303570,0,0.303570,0.303570,0.303650,-8.00,-8.00
2010-12-28,0.303570,0,0.303570,0.303570,0.303650,-8.00,-8.00
2010-12-29,0.303570,0,0.303570,0.303570,0.303650,-8.00,-8.00
2010-12-30,0.303570,0,0.303570,0.303570,0.303650,-8.00,-8.00
2010-12-31,0.303570,0,0.303570,0.303570,0.303650,-8.00,-8.00
2011-01-02,0.303570,0,0.303570,0.303570,0.303650,-8.00,-8.00
2011-01-03,0.303570,0,0.303570,0.303570,0.303650,-8.00,-8.00
2011-01-04,0.303570,0,0.303570,0.303570,0.303650,-8.00,-8.00
2011-01-05,0.303570,0,0.303570,0.303570,0.303650,-8.00,-8.00
2011-01-06,0.303570,0,0.303570,0.303570,0.303650,-8.00,-8.00
2011-01-07,0.303570,0,0.303570,0.303570,0.303650,-8.00,-8.00
2011-01-09,0.303570,0,0.303570,0.303570,0.303650,-8.00,-8.00
2011-01-10,0.303570,0,0.303570,0.303570,0.303650,-8.00,-8.00
2011-01-11,0.303570,0,0.303570,0.303570,0.303650,-8.00,-8.00
2011-01-12,0.303570,0,0.303570,0.303570,0.303650,-8.00,-8.00
2011-01-13,0.303570,0,0.303570,0.303570,0.303650,-8.00,-8.00
2011-01-14,0.303570,3,0.290640,0.268860,0.303650,-1301.00,-3479.00
2011-01-16,0.303570,3,0.288120,0.281130,0.303650,-1553.00,-2252.00
2011-01-17,0.303570,3,0.258870,0.247830,0.303650,-4478.00,-5582.00
2011-01-18,0.303570,3,0.287880,0.250410,0.303650,-1577.00,-5324.00
2011-01-19,0.303570,3,0.310050,0.287430,0.310050,0.00,-2262.00
2011-01-20,0.307995,2,0.315015,0.301175,0.315015,0.00,-1384.00
2011-01-21,0.307995,2,0.346095,0.311715,0.346095,0.00,-3438.00
2011-01-23,0.325905,1,0.344785,0.343165,0.346095,-131.00,-293.00
2011-01-24,0.325905,1,0.347145,0.336985,0.347145,0.00,-1016.00
2011-01-25,0.325905,1,0.351375,0.340335,0.351375,0.00,-1104.00
2011-01-26,0.325905,1,0.353885,0.347405,0.353885,0.00,-648.00
2011-01-27,0.325905,1,0.355075,0.346765,0.355075,0.00,-831.00
2011-01-28,0.325905,1,0.343905,0.341225,0.355075,-1117.00,-1385.00
2011-01-30,0.325905,1,0.340065,0.340015,0.355075,-1501.00,-1506.00
2011-01-31,0.325905,1,0.354265,0.339905,0.355075,-81.00,-1517.00
2011-02-01,0.354185,0,0.354185,0.354185,0.355075,-89.00,-89.00
2011-02-02,0.354185,0,0.354185,0.354185,0.355075,-89.00,-89.00
2011-02-03,0.354185,0,0.354185,0.354185,0.355075,-89.00,-89.00
2011-02-04,0.354185,0,0.354185,0.354185,0.355075,-89.00,-89.00
2011-02-06,0.354185,0,0.354185,0.354185,0.355075,-89.00,-89.00
2011-02-07,0.354185,0,0.354185,0.354185,0.355075,-89.00,-89.00
2011-02-08,0.354185,0,0.354185,0.354185,0.355075,-89.00,-89.00
2011-02-09,0.354185,0,0.354185,0.354185,0.355075,-89.00,-89.00
2011-02-10,0.354185,0,0.354185,0.354185,0.355075,-89.00,-89.00
2011-02-11,0.354185,0,0.354185,0.354185,0.355075,-89.00,-89.00
2011-02-13,0.354185,0,0.354185,0.354185,0.355075,-89.00,-89.00
2011-02-14,0.354185,0,0.354185,0.354185,0.355075,-89.00,-89.00
2011-02-15,0.354185,0,0.354185,0.354185,0.355075,-89.00,-89.00
2011-02-16,0.354185,0,0.354185,0.354185,0.355075,-89.00,-89.00
2011-02-17,0.354185,0,0.354185,0.354185,0.355075,-89.00,-89.00
2011-02-18,0.354185,0,0.354185,0.354185,0.355075,-89.00,-89.00
2011-02-20,0.354185,0,0.354185,0.354185,0.355075,-89.00,-89.00
2011-02-21,0.354185,0,0.354185,0.354185,0.355075,-89.00,-89.00
2011-02-22,0.354185,0,0.354185,0.354185,0.355075,-89.00,-89.00
2011-02-23,0.354185,0,0.354185,0.354185,0.355075,-89.00,-89.00
2011-02-24,0.354185,0,0.354185,0.354185,0.355075,-89.00,-89.00
2011-02-25,0.354185,0,0.354185,0.354185,0.355075,-89.00,-89.00
2011-02-27,0.354185,0,0.354185,0.354185,0.355075,-89.00,-89.00
2011-02-28,0.354185,0,0.354185,0.354185,0.355075,-89.00,-89.00
2011-03-01,0.354185,0,0.354185,0.354185,0.355075,-89.00,-89.00
2011-03-02,0.354185,0,0.354185,0.354185,0.355075,-89.00,-89.00
2011-03-03,0.354185,0,0.354185,0.354185,0.355075,-89.00,-89.00
2011-03-04,0.354185,0,0.354185,0.354185,0.355075,-89.00,-89.00
2011-03-06,0.354185,0,0.354185,0.354185,0.355075,-89.00,-89.00
2011-03-07,0.354185,0,0.354185,0.354185,0.355075,-89.00,-89.00
2011-03-08,0.354185,0,0.354185,0.354185,0.355075,-89.00,-89.00
2011-03-09,0.354185,0,0.354185,0.354185,0.355075,-89.00,-89.00
2011-03-10,0.354185,0,0.354185,0.354185,0.355075,-89.00,-89.00
2011-03-11,0.354185,0,0.354185,0.354185,0.355075,-89.00,-89.00
2011-03-13,0.354185,0,0.354185,0.354185,0.355075,-89.00,-89.00
2011-03-14,0.354185,0,0.354185,0.354185,0.355075,-89.00,-89.00
2011-03-15,0.354185,0,0.354185,0.354185,0.355075,-89.00,-89.00
2011-03-16,0.354185,0,0.354185,0.354185,0.355075,-89.00,-89.00
2011-03-17,0.354185,0,0.354185,0.354185,0.355075,-89.00,-89.00
2011-03-18,0.354185,0,0.354185,0.354185,0.355075,-89.00,-89.00
2011-03-20,0.354185,0,0.354185,0.354185,0.355075,-89.00,-89.00
2011-03-21,0.354185,0,0.354185,0.354185,0.355075,-89.00,-89.00
2011-03-22,0.354185,0,0.354185,0.354185,0.355075,-89.00,-89.00
2011-03-23,0.354185,0,0.354185,0.354185,0.355075,-89.00,-89.00
2011-03-24,0.354185,0,0.354185,0.354185,0.355075,-89.00,-89.00
2011-03-25,0.354185,0,0.354185,0.354185,0.355075,-89.00,-89.00
2011-03-27,0.354185,0,0.354185,0.354185,0.355075,-89.00,-89.00
2011-03-28,0.354185,0,0.354185,0.354185,0.355075,-89.00,-89.00
2011-03-29,0.354185,0,0.354185,0.354185,0.355075,-89.00,-89.00
2011-03-30,0.354185,0,0.354185,0.354185,0.355075,-89.00,-89.00
2011-03-31,0.354185,0,0.354185,0.354185,0.355075,-89.00,-89.00
2011-04-01,0.354185,0,0.354185,0.354185,0.355075,-89.00,-89.00
2011-04-03,0.354185,0,0.354185,0.354185,0.355075,-89.00,-89.00
2011-04-04,0.354185,0,0.354185,0.354185,0.355075,-89.00,-89.00
2011-04-05,0.354185,0,0.354185,0.354185,0.355075,-89.00,-89.00
2011-04-06,0.354185,0,0.354185,0.354185,0.355075,-89.00,-89.00
2011-04-07,0.354185,0,0.354185,0.354185,0.355075,-89.00,-89.00
2011-04-08,0.354185,0,0.354185,0.354185,0.355075,-89.00,-89.00
2011-04-10,0.354185,0,0.354185,0.354185,0.355075,-89.00,-89.00
2011-04-11,0.354185,0,0.354185,0.354185,0.355075,-89.00,-89.00
2011-04-12,0.354185,0,0.354185,0.354185,0.355075,-89.00,-89.00
2011-04-13,0.354185,0,0.354185,0.354185,0.355075,-89.00,-89.00
2011-04-14,0.354185,0,0.354185,0.354185,0.355075,-89.00,-89.00
2011-04-15,0.354185,0,0.354185,0.354185,0.355075,-89.00,-89.00
2011-04-17,0.354185,0,0.354185,0.354185,0.355075,-89.00,-89.00
2011-04-18,0.354185,0,0.354185,0.354185,0.355075,-89.00,-89.00
2011-04-19,0.354185,0,0.354185,0.354185,0.355075,-89.00,-89.00
2011-04-20,0.354185,0,0.354185,0.354185,0.355075,-89.00,-89.00
2011-04-21,0.354185,0,0.354185,0.354185,0.355075,-89.00,-89.00
2011-04-22,0.354185,0,0.354185,0.354185,0.355075,-89.00,-89.00
2011-04-24,0.354185,0,0.354185,0.354185,0.355075,-89.00,-89.00
2011-04-25,0.354185,0,0.354185,0.354185,0.355075,-89.00,-89.00
2011-04-26,0.354185,0,0.354185,0.354185,0.355075,-89.00,-89.00
2011-04-27,0.354185,0,0.354185,0.354185,0.355075,-89.00,-89.00
2011-04-28,0.354185,0,0.354185,0.354185,0.355075,-89.00,-89.00
2011-04-29,0.354185,0,0.354185,0.354185,0.355075,-89.00,-89.00
2011-05-01,0.354185,0,0.354185,0.354185,0.355075,-89.00,-89.00
2011-05-02,0.354185,0,0.354185,0.354185,0.355075,-89.00,-89.00
2011-05-03,0.354185,0,0.354185,0.354185,0.355075,-89.00,-89.00
2011-05-04,0.354185,0,0.354185,0.354185,0.355075,-89.00,-89.00
2011-05-05,0.354185,3,0.413045,0.311015,0.413045,0.00,-10203.00
2011-05-06,0.354185,3,0.485975,0.404165,0.485975,0.00,-8181.00
2011-05-08,0.372482,1,0.409062,0.408302,0.485975,-7691.25,-7767.25
2011-05-09,0.372482,1,0.411082,0.403792,0.485975,-7489.25,-8218.25
2011-05-10,0.372482,1,0.407912,0.406012,0.485975,-7806.25,-7996.25
2011-05-11,0.372482,1,0.427212,0.405602,0.485975,-5876.25,-8037.25
2011-05-12,0.372482,1,0.424952,0.420322,0.485975,-6102.25,-6565.25
2011-05-13,0.372482,1,0.436242,0.414042,0.485975,-4973.25,-7193.25
2011-05-15,0.372482,1,0.441272,0.438682,0.485975,-4470.25,-4729.25
2011-05-16,0.372482,1,0.433372,0.423452,0.485975,-5260.25,-6252.25
2011-05-17,0.372482,1,0.421242,0.420292,0.485975,-6473.25,-6568.25
2011-05-18,0.372482,1,0.422102,0.419252,0.485975,-6387.25,-6672.25
2011-05-19,0.372482,1,0.415332,0.414222,0.485975,-7064.25,-7175.25
2011-05-20,0.372482,1,0.432262,0.413352,0.485975,-5371.25,-7262.25
2011-05-22,0.372482,1,0.436232,0.433442,0.485975,-4974.25,-5253.25
2011-05-23,0.372482,1,0.446532,0.434412,0.485975,-3944.25,-5156.25
2011-05-24,0.372482,1,0.438682,0.434632,0.485975,-4729.25,-5134.25
2011-05-25,0.372482,1,0.441012,0.436062,0.485975,-4496.25,-4991.25
2011-05-26,0.372482,1,0.433512,0.427262,0.485975,-5246.25,-5871.25
2011-05-27,0.372482,1,0.416242,0.415892,0.485975,-6973.25,-7008.25
2011-05-29,0.372482,1,0.418932,0.415752,0.485975,-6704.25,-7022.25
2011-05-30,0.372482,1,0.414592,0.412822,0.485975,-7138.25,-7315.25
2011-05-31,0.372482,1,0.405472,0.404212,0.485975,-8050.25,-8176.25
2011-06-01,0.405392,0,0.405392,0.405392,0.485975,-8058.25,-8058.25
2011-06-02,0.405392,0,0.405392,0.405392,0.485975,-8058.25,-8058.25
2011-06-03,0.405392,0,0.405392,0.405392,0.485975,-8058.25,-8058.25
2011-06-05,0.405392,0,0.405392,0.405392,0.485975,-8058.25,-8058.25
2011-06-06,0.405392,0,0.405392,0.405392,0.485975,-8058.25,-8058.25
2011-06-07,0.405392,0,0.405392,0.405392,0.485975,-8058.25,-8058.25
2011-06-08,0.405392,0,0.405392,0.405392,0.485975,-8058.25,-8058.25
2011-06-09,0.405392,0,0.405392,0.405392,0.485975,-8058.25,-8058.25
2011-06-10,0.405392,0,0.405392,0.405392,0.485975,-8058.25,-8058.25
2011-06-12,0.405392,0,0.405392,0.405392,0.485975,-8058.25,-8058.25
2011-06-13,0.405392,0,0.405392,0.405392,0.485975,-8058.25,-8058.25
2011-06-14,0.405392,0,0.405392,0.405392,0.485975,-8058.25,-8058.25
2011-06-15,0.405392,3,0.440192,0.366302,0.485975,-4578.25,-11967.25
2011-06-16,0.405392,3,0.437312,0.431462,0.485975,-4866.25,-5451.25
2011-06-17,0.413687,2,0.413947,0.407427,0.485975,-7202.75,-7854.75
2011-06-19,0.413687,2,0.423747,0.416527,0.485975,-6222.75,-6944.75
2011-06-20,0.413687,2,0.402907,0.398887,0.485975,-8306.75,-8708.75
2011-06-21,0.402747,0,0.402747,0.402747,0.485975,-8322.75,-8322.75
2011-06-22,0.402747,0,0.402747,0.402747,0.485975,-8322.75,-8322.75
2011-06-23,0.402747,0,0.402747,0.402747,0.485975,-8322.75,-8322.75
2011-06-24,0.402747,0,0.402747,0.402747,0.485975,-8322.75,-8322.75
2011-06-26,0.402747,0,0.402747,0.402747,0.485975,-8322.75,-8322.75
2011-06-27,0.402747,0,0.402747,0.402747,0.485975,-8322.75,-8322.75
2011-06-28,0.402747,0,0.402747,0.402747,0.485975,-8322.75,-8322.75
2011-06-29,0.402747,0,0.402747,0.402747,0.485975,-8322.75,-8322.75
2011-06-30,0.402747,0,0.402747,0.402747,0.485975,-8322.75,-8322.75
2011-07-01,0.402747,0,0.402747,0.402747,0.485975,-8322.75,-8322.75
2011-07-03,0.402747,0,0.402747,0.402747,0.485975,-8322.75,-8322.75
2011-07-04,0.402747,0,0.402747,0.402747,0.485975,-8322.75,-8322.75
2011-07-05,0.402747,0,0.402747,0.402747,0.485975,-8322.75,-8322.75
2011-07-06,0.402747,0,0.402747,0.402747,0.485975,-8322.75,-8322.75
2011-07-07,0.402747,0,0.402747,0.402747,0.485975,-8322.75,-8322.75
2011-07-08,0.402747,0,0.402747,0.402747,0.485975,-8322.75,-8322.75
2011-07-10,0.402747,0,0.402747,0.402747,0.485975,-8322.75,-8322.75
2011-07-11,0.402747,0,0.402747,0.402747,0.485975,-8322.75,-8322.75
2011-07-12,0.402747,0,0.402747,0.402747,0.485975,-8322.75,-8322.75
2011-07-13,0.402747,0,0.402747,0.402747,0.485975,-8322.75,-8322.75
2011-07-14,0.402747,0,0.402747,0.402747,0.485975,-8322.75,-8322.75
2011-07-15,0.402747,0,0.402747,0.402747,0.485975,-8322.75,-8322.75
2011-07-17,0.402747,0,0.402747,0.402747,0.485975,-8322.75,-8322.75
2011-07-18,0.402747,0,0.402747,0.402747,0.485975,-8322.75,-8322.75
2011-07-19,0.402747,0,0.402747,0.402747,0.485975,-8322.75,-8322.75
2011-07-20,0.402747,0,0.402747,0.402747,0.485975,-8322.75,-8322.75
2011-07-21,0.402747,0,0.402747,0.402747,0.485975,-8322.75,-8322.75
2011-07-22,0.402747,0,0.402747,0.402747,0.485975,-8322.75,-8322.75
2011-07-24,0.402747,0,0.402747,0.402747,0.485975,-8322.75,-8322.75
2011-07-25,0.402747,0,0.402747,0.402747,0.485975,-8322.75,-8322.75
2011-07-26,0.402747,0,0.402747,0.402747,0.485975,-8322.75,-8322.75
2011-07-27,0.402747,0,0.402747,0.402747,0.485975,-8322.75,-8322.75
2011-07-28,0.402747,0,0.402747,0.402747,0.485975,-8322.75,-8322.75
2011-07-29,0.402747,0,0.402747,0.402747,0.485975,-8322.75,-8322.75
2011-07-31,0.402747,0,0.402747,0.402747,0.485975,-8322.75,-8322.75
2011-08-01,0.402747,0,0.402747,0.402747,0.485975,-8322.75,-8322.75
2011-08-02,0.402747,0,0.402747,0.402747,0.485975,-8322.75,-8322.75
2011-08-03,0.402747,0,0.402747,0.402747,0.485975,-8322.75,-8322.75
2011-08-04,0.402747,0,0.402747,0.402747,0.485975,-8322.75,-8322.75
2011-08-05,0.402747,0,0.402747,0.402747,0.485975,-8322.75,-8322.75
2011-08-07,0.402747,0,0.402747,0.402747,0.485975,-8322.75,-8322.75
2011-08-08,0.402747,0,0.402747,0.402747,0.485975,-8322.75,-8322.75
2011-08-09,0.402747,0,0.402747,0.402747,0.485975,-8322.75,-8322.75
2011-08-10,0.402747,0,0.402747,0.402747,0.485975,-8322.75,-8322.75
2011-08-11,0.402747,0,0.402747,0.402747,0.485975,-8322.75,-8322.75
2011-08-12,0.402747,0,0.402747,0.402747,0.485975,-8322.75,-8322.75
2011-08-14,0.402747,0,0.402747,0.402747,0.485975,-8322.75,-8322.75
2011-08-15,0.402747,3,0.398127,0.346047,0.485975,-8784.75,-13992.75
2011-08-16,0.402747,3,0.381057,0.373137,0.485975,-10491.75,-11283.75
2011-08-17,0.402747,3,0.395277,0.365337,0.485975,-9069.75,-12063.75
2011-08-18,0.402747,3,0.355737,0.348297,0.485975,-13023.75,-13767.75
2011-08-19,0.402747,3,0.385767,0.344577,0.485975,-10020.75,-14139.75
2011-08-21,0.402747,3,0.376767,0.375147,0.485975,-10920.75,-11082.75
2011-08-22,0.402747,3,0.374067,0.371067,0.485975,-11190.75,-11490.75
2011-08-23,0.402747,3,0.398247,0.374037,0.485975,-8772.75,-11193.75
2011-08-24,0.402747,3,0.389217,0.382497,0.485975,-9675.75,-10347.75
2011-08-25,0.402747,3,0.383277,0.365247,0.485975,-10269.75,-12072.75
2011-08-26,0.402747,3,0.416487,0.366027,0.485975,-6948.75,-11994.75
2011-08-28,0.402747,3,0.411027,0.410247,0.485975,-7494.75,-7572.75
2011-08-29,0.402747,3,0.421737,0.406737,0.485975,-6423.75,-7923.75
2011-08-30,0.410360,2,0.407640,0.396820,0.485975,-7833.50,-8915.50
2011-08-31,0.407480,0,0.407480,0.407480,0.485975,-7849.50,-7849.50
2011-09-01,0.407480,0,0.407480,0.407480,0.485975,-7849.50,-7849.50
2011-09-02,0.407480,0,0.407480,0.407480,0.485975,-7849.50,-7849.50
2011-09-04,0.407480,0,0.407480,0.407480,0.485975,-7849.50,-7849.50
2011-09-05,0.407480,0,0.407480,0.407480,0.485975,-7849.50,-7849.50
2011-09-06,0.407480,0,0.407480,0.407480,0.485975,-7849.50,-7849.50
2011-09-07,0.407480,0,0.407480,0.407480,0.485975,-7849.50,-7849.50
2011-09-08,0.407480,0,0.407480,0.407480,0.485975,-7849.50,-7849.50
2011-09-09,0.407480,0,0.407480,0.407480,0.485975,-7849.50,-7849.50
2011-09-11,0.407480,0,0.407480,0.407480,0.485975,-7849.50,-7849.50
2011-09-12,0.407480,0,0.407480,0.407480,0.485975,-7849.50,-7849.50
2011-09-13,0.407480,0,0.407480,0.407480,0.485975,-7849.50,-7849.50
2011-09-14,0.407480,0,0.407480,0.407480,0.485975,-7849.50,-7849.50
2011-09-15,0.407480,0,0.407480,0.407480,0.485975,-7849.50,-7849.50
2011-09-16,0.407480,0,0.407480,0.407480,0.485975,-7849.50,-7849.50
2011-09-18,0.407480,0,0.407480,0.407480,0.485975,-7849.50,-7849.50
2011-09-19,0.407480,0,0.407480,0.407480,0.485975,-7849.50,-7849.50
2011-09-20,0.407480,0,0.407480,0.407480,0.485975,-7849.50,-7849.50
2011-09-21,0.407480,0,0.407480,0.407480,0.485975,-7849.50,-7849.50
2011-09-22,0.407480,0,0.407480,0.407480,0.485975,-7849.50,-7849.50
2011-09-23,0.407480,0,0.407480,0.407480,0.485975,-7849.50,-7849.50
2011-09-25,0.407480,0,0.407480,0.407480,0.485975,-7849.50,-7849.50
2011-09-26,0.407480,0,0.407480,0.407480,0.485975,-7849.50,-7849.50
2011-09-27,0.407480,0,0.407480,0.407480,0.485975,-7849.50,-7849.50
2011-09-28,0.407480,0,0.407480,0.407480,0.485975,-7849.50,-7849.50
2011-09-29,0.407480,0,0.407480,0.407480,0.485975,-7849.50,-7849.50
2011-09-30,0.407480,0,0.407480,0.407480,0.485975,-7849.50,-7849.50
2011-10-02,0.407480,0,0.407480,0.407480,0.485975,-7849.50,-7849.50
2011-10-03,0.407480,0,0.407480,0.407480,0.485975,-7849.50,-7849.50
2011-10-04,0.407480,0,0.407480,0.407480,0.485975,-7849.50,-7849.50
2011-10-05,0.407480,0,0.407480,0.407480,0.485975,-7849.50,-7849.50
2011-10-06,0.407480,0,0.407480,0.407480,0.485975,-7849.50,-7849.50
2011-10-07,0.407480,0,0.407480,0.407480,0.485975,-7849.50,-7849.50
2011-10-09,0.407480,0,0.407480,0.407480,0.485975,-7849.50,-7849.50
2011-10-10,0.407480,0,0.407480,0.407480,0.485975,-7849.50,-7849.50
2011-10-11,0.407480,0,0.407480,0.407480,0.485975,-7849.50,-7849.50
2011-10-12,0.407480,0,0.407480,0.407480,0.485975,-7849.50,-7849.50
2011-10-13,0.407480,0,0.407480,0.407480,0.485975,-7849.50,-7849.50
2011-10-14,0.407480,0,0.407480,0.407480,0.485975,-7849.50,-7849.50
2011-10-16,0.407480,0,0.407480,0.407480,0.485975,-7849.50,-7849.50
2011-10-17,0.407480,0,0.407480,0.407480,0.485975,-7849.50,-7849.50
2011-10-18,0.407480,0,0.407480,0.407480,0.485975,-7849.50,-7849.50
2011-10-19,0.407480,0,0.407480,0.407480,0.485975,-7849.50,-7849.50
2011-10-20,0.407480,0,0.407480,0.407480,0.485975,-7849.50,-7849.50
2011-10-21,0.407480,0,0.407480,0.407480,0.485975,-7849.50,-7849.50
2011-10-23,0.407480,0,0.407480,0.407480,0.485975,-7849.50,-7849.50
2011-10-24,0.407480,0,0.407480,0.407480,0.485975,-7849.50,-7849.50
2011-10-25,0.407480,0,0.407480,0.407480,0.485975,-7849.50,-7849.50
2011-10-26,0.407480,0,0.407480,0.407480,0.485975,-7849.50,-7849.50
2011-10-27,0.407480,0,0.407480,0.407480,0.485975,-7849.50,-7849.50
2011-10-28,0.407480,0,0.407480,0.407480,0.485975,-7849.50,-7849.50
2011-10-30,0.407480,0,0.407480,0.407480,0.485975,-7849.50,-7849.50
2011-10-31,0.407480,0,0.407480,0.407480,0.485975,-7849.50,-7849.50
2011-11-01,0.407480,0,0.407480,0.407480,0.485975,-7849.50,-7849.50
2011-11-02,0.407480,0,0.407480,0.407480,0.485975,-7849.50,-7849.50
2011-11-03,0.407480,0,0.407480,0.407480,0.485975,-7849.50,-7849.50
2011-11-04,0.407480,0,0.407480,0.407480,0.485975,-7849.50,-7849.50
2011-11-06,0.407480,0,0.407480,0.407480,0.485975,-7849.50,-7849.50
2011-11-07,0.407480,0,0.407480,0.407480,0.485975,-7849.50,-7849.50
2011-11-08,0.407480,0,0.407480,0.407480,0.485975,-7849.50,-7849.50
2011-11-09,0.407480,0,0.407480,0.407480,0.485975,-7849.50,-7849.50
2011-11-10,0.407480,0,0.407480,0.407480,0.485975,-7849.50,-7849.50
2011-11-11,0.407480,0,0.407480,0.407480,0.485975,-7849.50,-7849.50
2011-11-13,0.407480,0,0.407480,0.407480,0.485975,-7849.50,-7849.50
2011-11-14,0.407480,0,0.407480,0.407480,0.485975,-7849.50,-7849.50
2011-11-15,0.407480,0,0.407480,0.407480,0.485975,-7849.50,-7849.50
2011-11-16,0.407480,0,0.407480,0.407480,0.485975,-7849.50,-7849.50
2011-11-17,0.407480,0,0.407480,0.407480,0.485975,-7849.50,-7849.50
2011-11-18,0.407480,0,0.407480,0.407480,0.485975,-7849.50,-7849.50
2011-11-20,0.407480,0,0.407480,0.407480,0.485975,-7849.50,-7849.50
2011-11-21,0.407480,0,0.407480,0.407480,0.485975,-7849.50,-7849.50
2011-11-22,0.407480,0,0.407480,0.407480,0.485975,-7849.50,-7849.50
2011-11-23,0.407480,0,0.407480,0.407480,0.485975,-7849.50,-7849.50
2011-11-24,0.407480,0,0.407480,0.407480,0.485975,-7849.50,-7849.50
2011-11-25,0.407480,0,0.407480,0.407480,0.485975,-7849.50,-7849.50
2011-11-27,0.407480,0,0.407480,0.407480,0.485975,-7849.50,-7849.50
2011-11-28,0.407480,0,0.407480,0.407480,0.485975,-7849.50,-7849.50
2011-11-29,0.407480,0,0.407480,0.407480,0.485975,-7849.50,-7849.50
2011-11-30,0.407480,0,0.407480,0.407480,0.485975,-7849.50,-7849.50
2011-12-01,0.407480,0,0.407480,0.407480,0.485975,-7849.50,-7849.50
2011-12-02,0.407480,0,0.407480,0.407480,0.485975,-7849.50,-7849.50
2011-12-04,0.407480,0,0.407480,0.407480,0.485975,-7849.50,-7849.50
2011-12-05,0.407480,0,0.407480,0.407480,0.485975,-7849.50,-7849.50
2011-12-06,0.407480,0,0.407480,0.407480,0.485975,-7849.50,-7849.50
2011-12-07,0.407480,0,0.407480,0.407480,0.485975,-7849.50,-7849.50
2011-12-08,0.407480,0,0.407480,0.407480,0.485975,-7849.50,-7849.50
2011-12-09,0.407480,0,0.407480,0.407480,0.485975,-7849.50,-7849.50
2011-12-11,0.407480,0,0.407480,0.407480,0.485975,-7849.50,-7849.50
2011-12-12,0.407480,0,0.407480,0.407480,0.485975,-7849.50,-7849.50
2011-12-13,0.407480,0,0.407480,0.407480,0.485975,-7849.50,-7849.50
2011-12-14,0.407480,0,0.407480,0.407480,0.485975,-7849.50,-7849.50
2011-12-15,0.407480,0,0.407480,0.407480,0.485975,-7849.50,-7849.50
2011-12-16,0.407480,0,0.407480,0.407480,0.485975,-7849.50,-7849.50
2011-12-18,0.407480,0,0.407480,0.407480,0.485975,-7849.50,-7849.50
2011-12-19,0.407480,0,0.407480,0.407480,0.485975,-7849.50,-7849.50
2011-12-20,0.407480,0,0.407480,0.407480,0.485975,-7849.50,-7849.50
2011-12-21,0.407480,0,0.407480,0.407480,0.485975,-7849.50,-7849.50
2011-12-22,0.407480,0,0.407480,0.407480,0.485975,-7849.50,-7849.50
2011-12-23,0.407480,0,0.407480,0.407480,0.485975,-7849.50,-7849.50
2011-12-25,0.407480,0,0.407480,0.407480,0.485975,-7849.50,-7849.50
2011-12-26,0.407480,0,0.407480,0.407480,0.485975,-7849.50,-7849.50
2011-12-27,0.407480,0,0.407480,0.407480,0.485975,-7849.50,-7849.50
2011-12-28,0.407480,0,0.407480,0.407480,0.485975,-7849.50,-7849.50
2011-12-29,0.407480,0,0.407480,0.407480,0.485975,-7849.50,-7849.50
2011-12-30,0.407480,0,0.407480,0.407480,0.485975,-7849.50,-7849.50
2012-01-01,0.407480,0,0.407480,0.407480,0.485975,-7849.50,-7849.50
2012-01-02,0.407480,0,0.407480,0.407480,0.485975,-7849.50,-7849.50
2012-01-03,0.407480,0,0.407480,0.407480,0.485975,-7849.50,-7849.50
2012-01-04,0.407480,0,0.407480,0.407480,0.485975,-7849.50,-7849.50
2012-01-05,0.407480,0,0.407480,0.407480,0.485975,-7849.50,-7849.50
2012-01-06,0.407480,0,0.407480,0.407480,0.485975,-7849.50,-7849.50
2012-01-08,0.407480,0,0.407480,0.407480,0.485975,-7849.50,-7849.50
2012-01-09,0.407480,0,0.407480,0.407480,0.485975,-7849.50,-7849.50
2012-01-10,0.407480,0,0.407480,0.407480,0.485975,-7849.50,-7849.50
2012-01-11,0.407480,0,0.407480,0.407480,0.485975,-7849.50,-7849.50
2012-01-12,0.407480,0,0.407480,0.407480,0.485975,-7849.50,-7849.50
2012-01-13,0.407480,0,0.407480,0.407480,0.485975,-7849.50,-7849.50
2012-01-15,0.407480,0,0.407480,0.407480,0.485975,-7849.50,-7849.50
2012-01-16,0.407480,0,0.407480,0.407480,0.485975,-7849.50,-7849.50
2012-01-17,0.407480,0,0.407480,0.407480,0.485975,-7849.50,-7849.50
2012-01-18,0.407480,0,0.407480,0.407480,0.485975,-7849.50,-7849.50
2012-01-19,0.407480,0,0.407480,0.407480,0.485975,-7849.50,-7849.50
2012-01-20,0.407480,0,0.407480,0.407480,0.485975,-7849.50,-7849.50
2012-01-22,0.407480,0,0.407480,0.407480,0.485975,-7849.50,-7849.50
2012-01-23,0.407480,0,0.407480,0.407480,0.485975,-7849.50,-7849.50
2012-01-24,0.407480,0,0.407480,0.407480,0.485975,-7849.50,-7849.50
2012-01-25,0.407480,3,0.416330,0.363920,0.485975,-6964.50,-12205.50
2012-01-26,0.407480,3,0.411560,0.411500,0.485975,-7441.50,-7447.50
2012-01-27,0.411372,2,0.439352,0.411672,0.485975,-4662.25,-7430.25
2012-01-29,0.411372,2,0.437352,0.437292,0.485975,-4862.25,-4868.25
2012-01-30,0.411372,2,0.423792,0.412012,0.485975,-6218.25,-7396.25
2012-01-31,0.411372,2,0.411272,0.404812,0.485975,-7470.25,-8116.25
2012-02-01,0.411112,0,0.411112,0.411112,0.485975,-7486.25,-7486.25
2012-02-02,0.411112,0,0.411112,0.411112,0.485975,-7486.25,-7486.25
2012-02-03,0.411112,0,0.411112,0.411112,0.485975,-7486.25,-7486.25
2012-02-05,0.411112,0,0.411112,0.411112,0.485975,-7486.25,-7486.25
2012-02-06,0.411112,0,0.411112,0.411112,0.485975,-7486.25,-7486.25
2012-02-07,0.411112,0,0.411112,0.411112,0.485975,-7486.25,-7486.25
2012-02-08,0.411112,0,0.411112,0.411112,0.485975,-7486.25,-7486.25
2012-02-09,0.411112,0,0.411112,0.411112,0.485975,-7486.25,-7486.25
2012-02-10,0.411112,0,0.411112,0.411112,0.485975,-7486.25,-7486.25
2012-02-12,0.411112,0,0.411112,0.411112,0.485975,-7486.25,-7486.25
2012-02-13,0.411112,0,0.411112,0.411112,0.485975,-7486.25,-7486.25
2012-02-14,0.411112,0,0.411112,0.411112,0.485975,-7486.25,-7486.25
2012-02-15,0.411112,0,0.411112,0.411112,0.485975,-7486.25,-7486.25
2012-02-16,0.411112,3,0.380812,0.372352,0.485975,-10516.25,-11362.25
2012-02-17,0.411112,3,0.376132,0.359872,0.485975,-10984.25,-12610.25
2012-02-19,0.411112,3,0.351922,0.347872,0.485975,-13405.25,-13810.25
2012-02-20,0.351682,0,0.351682,0.351682,0.485975,-13429.25,-13429.25
2012-02-21,0.351682,3,0.360892,0.342532,0.485975,-12508.25,-14344.25
2012-02-22,0.351682,3,0.362932,0.349702,0.485975,-12304.25,-13627.25
2012-02-23,0.351682,3,0.398602,0.355972,0.485975,-8737.25,-13000.25
2012-02-24,0.356397,2,0.402117,0.384257,0.485975,-8385.75,-10171.75
2012-02-26,0.375467,1,0.400457,0.399287,0.485975,-8551.75,-8668.75
2012-02-27,0.375467,1,0.394447,0.390297,0.485975,-9152.75,-9567.75
2012-02-28,0.375467,1,0.401527,0.392727,0.485975,-8444.75,-9324.75
2012-02-29,0.375467,1,0.386097,0.385187,0.485975,-9987.75,-10078.75
2012-03-01,0.386017,0,0.386017,0.386017,0.485975,-9995.75,-9995.75
2012-03-02,0.386017,0,0.386017,0.386017,0.485975,-9995.75,-9995.75
2012-03-04,0.386017,0,0.386017,0.386017,0.485975,-9995.75,-9995.75
2012-03-05,0.386017,0,0.386017,0.386017,0.485975,-9995.75,-9995.75
2012-03-06,0.386017,0,0.386017,0.386017,0.485975,-9995.75,-9995.75
2012-03-07,0.386017,0,0.386017,0.386017,0.485975,-9995.75,-9995.75
2012-03-08,0.386017,0,0.386017,0.386017,0.485975,-9995.75,-9995.75
2012-03-09,0.386017,0,0.386017,0.386017,0.485975,-9995.75,-9995.75
2012-03-11,0.386017,0,0.386017,0.386017,0.485975,-9995.75,-9995.75
2012-03-12,0.386017,0,0.386017,0.386017,0.485975,-9995.75,-9995.75
2012-03-13,0.386017,0,0.386017,0.386017,0.485975,-9995.75,-9995.75
2012-03-14,0.386017,0,0.386017,0.386017,0.485975,-9995.75,-9995.75
2012-03-15,0.386017,0,0.386017,0.386017,0.485975,-9995.75,-9995.75
2012-03-16,0.386017,0,0.386017,0.386017,0.485975,-9995.75,-9995.75
2012-03-18,0.386017,0,0.386017,0.386017,0.485975,-9995.75,-9995.75
2012-03-19,0.386017,0,0.386017,0.386017,0.485975,-9995.75,-9995.75
2012-03-20,0.386017,0,0.386017,0.386017,0.485975,-9995.75,-9995.75
2012-03-21,0.386017,0,0.386017,0.386017,0.485975,-9995.75,-9995.75
2012-03-22,0.386017,0,0.386017,0.386017,0.485975,-9995.75,-9995.75
2012-03-23,0.386017,0,0.386017,0.386017,0.485975,-9995.75,-9995.75
2012-03-25,0.386017,0,0.386017,0.386017,0.485975,-9995.75,-9995.75
2012-03-26,0.386017,3,0.386287,0.336907,0.485975,-9968.75,-14906.75
2012-03-27,0.386017,3,0.377947,0.372937,0.485975,-10802.75,-11303.75
2012-03-28,0.386017,3,0.376927,0.362467,0.485975,-10904.75,-12350.75
2012-03-29,0.386017,3,0.373447,0.355027,0.485975,-11252.75,-13094.75
2012-03-30,0.386017,3,0.381457,0.372157,0.485975,-10451.75,-11381.75
2012-04-01,0.381217,0,0.381217,0.381217,0.485975,-10475.75,-10475.75
2012-04-02,0.381217,0,0.381217,0.381217,0.485975,-10475.75,-10475.75
2012-04-03,0.381217,0,0.381217,0.381217,0.485975,-10475.75,-10475.75
2012-04-04,0.381217,0,0.381217,0.381217,0.485975,-10475.75,-10475.75
2012-04-05,0.381217,0,0.381217,0.381217,0.485975,-10475.75,-10475.75
2012-04-06,0.381217,0,0.381217,0.381217,0.485975,-10475.75,-10475.75
2012-04-08,0.381217,0,0.381217,0.381217,0.485975,-10475.75,-10475.75
2012-04-09,0.381217,0,0.381217,0.381217,0.485975,-10475.75,-10475.75
2012-04-10,0.381217,0,0.381217,0.381217,0.485975,-10475.75,-10475.75
2012-04-11,0.381217,0,0.381217,0.381217,0.485975,-10475.75,-10475.75
2012-04-12,0.381217,0,0.381217,0.381217,0.485975,-10475.75,-10475.75
2012-04-13,0.381217,0,0.381217,0.381217,0.485975,-10475.75,-10475.75
2012-04-15,0.381217,0,0.381217,0.381217,0.485975,-10475.75,-10475.75
2012-04-16,0.381217,0,0.381217,0.381217,0.485975,-10475.75,-10475.75
2012-04-17,0.381217,0,0.381217,0.381217,0.485975,-10475.75,-10475.75
2012-04-18,0.381217,0,0.381217,0.381217,0.485975,-10475.75,-10475.75
2012-04-19,0.381217,0,0.381217,0.381217,0.485975,-10475.75,-10475.75
2012-04-20,0.381217,0,0.381217,0.381217,0.485975,-10475.75,-10475.75
2012-04-22,0.381217,0,0.381217,0.381217,0.485975,-10475.75,-10475.75
2012-04-23,0.381217,0,0.381217,0.381217,0.485975,-10475.75,-10475.75
2012-04-24,0.381217,0,0.381217,0.381217,0.485975,-10475.75,-10475.75
2012-04-25,0.381217,0,0.381217,0.381217,0.485975,-10475.75,-10475.75
2012-04-26,0.381217,0,0.381217,0.381217,0.485975,-10475.75,-10475.75
2012-04-27,0.381217,0,0.381217,0.381217,0.485975,-10475.75,-10475.75
2012-04-29,0.381217,0,0.381217,0.381217,0.485975,-10475.75,-10475.75
2012-04-30,0.381217,0,0.381217,0.381217,0.485975,-10475.75,-10475.75
2012-05-01,0.381217,0,0.381217,0.381217,0.485975,-10475.75,-10475.75
2012-05-02,0.381217,0,0.381217,0.381217,0.485975,-10475.75,-10475.75
2012-05-03,0.381217,0,0.381217,0.381217,0.485975,-10475.75,-10475.75
2012-05-04,0.381217,0,0.381217,0.381217,0.485975,-10475.75,-10475.75
2012-05-06,0.381217,0,0.381217,0.381217,0.485975,-10475.75,-10475.75
2012-05-07,0.381217,0,0.381217,0.381217,0.485975,-10475.75,-10475.75
2012-05-08,0.381217,0,0.381217,0.381217,0.485975,-10475.75,-10475.75
2012-05-09,0.381217,0,0.381217,0.381217,0.485975,-10475.75,-10475.75
2012-05-10,0.381217,0,0.381217,0.381217,0.485975,-10475.75,-10475.75
2012-05-11,0.381217,0,0.381217,0.381217,0.485975,-10475.75,-10475.75
2012-05-13,0.381217,0,0.381217,0.381217,0.485975,-10475.75,-10475.75
2012-05-14,0.381217,0,0.381217,0.381217,0.485975,-10475.75,-10475.75
2012-05-15,0.381217,0,0.381217,0.381217,0.485975,-10475.75,-10475.75
2012-05-16,0.381217,0,0.381217,0.381217,0.485975,-10475.75,-10475.75
2012-05-17,0.381217,0,0.381217,0.381217,0.485975,-10475.75,-10475.75
2012-05-18,0.381217,0,0.381217,0.381217,0.485975,-10475.75,-10475.75
2012-05-20,0.381217,0,0.381217,0.381217,0.485975,-10475.75,-10475.75
2012-05-21,0.381217,0,0.381217,0.381217,0.485975,-10475.75,-10475.75
2012-05-22,0.381217,0,0.381217,0.381217,0.485975,-10475.75,-10475.75
2012-05-23,0.381217,0,0.381217,0.381217,0.485975,-10475.75,-10475.75
2012-05-24,0.381217,0,0.381217,0.381217,0.485975,-10475.75,-10475.75
2012-05-25,0.381217,0,0.381217,0.381217,0.485975,-10475.75,-10475.75
2012-05-27,0.381217,0,0.381217,0.381217,0.485975,-10475.75,-10475.75
2012-05-28,0.381217,0,0.381217,0.381217,0.485975,-10475.75,-10475.75
2012-05-29,0.381217,0,0.381217,0.381217,0.485975,-10475.75,-10475.75
2012-05-30,0.381217,0,0.381217,0.381217,0.485975,-10475.75,-10475.75
2012-05-31,0.381217,0,0.381217,0.381217,0.485975,-10475.75,-10475.75
2012-06-01,0.381217,0,0.381217,0.381217,0.485975,-10475.75,-10475.75
2012-06-03,0.381217,0,0.381217,0.381217,0.485975,-10475.75,-10475.75
2012-06-04,0.381217,0,0.381217,0.381217,0.485975,-10475.75,-10475.75
2012-06-05,0.381217,0,0.381217,0.381217,0.485975,-10475.75,-10475.75
2012-06-06,0.381217,0,0.381217,0.381217,0.485975,-10475.75,-10475.75
2012-06-07,0.381217,0,0.381217,0.381217,0.485975,-10475.75,-10475.75
2012-06-08,0.381217,0,0.381217,0.381217,0.485975,-10475.75,-10475.75
2012-06-10,0.381217,0,0.381217,0.381217,0.485975,-10475.75,-10475.75
2012-06-11,0.381217,0,0.381217,0.381217,0.485975,-10475.75,-10475.75
2012-06-12,0.381217,0,0.381217,0.381217,0.485975,-10475.75,-10475.75
2012-06-13,0.381217,0,0.381217,0.381217,0.485975,-10475.75,-10475.75
2012-06-14,0.381217,0,0.381217,0.381217,0.485975,-10475.75,-10475.75
2012-06-15,0.381217,0,0.381217,0.381217,0.485975,-10475.75,-10475.75
2012-06-17,0.381217,0,0.381217,0.381217,0.485975,-10475.75,-10475.75
2012-06-18,0.381217,0,0.381217,0.381217,0.485975,-10475.75,-10475.75
2012-06-19,0.381217,0,0.381217,0.381217,0.485975,-10475.75,-10475.75
2012-06-20,0.381217,0,0.381217,0.381217,0.485975,-10475.75,-10475.75
2012-06-21,0.381217,0,0.381217,0.381217,0.485975,-10475.75,-10475.75
2012-06-22,0.381217,0,0.381217,0.381217,0.485975,-10475.75,-10475.75
2012-06-24,0.381217,0,0.381217,0.381217,0.485975,-10475.75,-10475.75
2012-06-25,0.381217,0,0.381217,0.381217,0.485975,-10475.75,-10475.75
2012-06-26,0.381217,0,0.381217,0.381217,0.485975,-10475.75,-10475.75
2012-06-27,0.381217,0,0.381217,0.381217,0.485975,-10475.75,-10475.75
2012-06-28,0.381217,0,0.381217,0.381217,0.485975,-10475.75,-10475.75
2012-06-29,0.381217,0,0.381217,0.381217,0.485975,-10475.75,-10475.75
2012-07-01,0.381217,0,0.381217,0.381217,0.485975,-10475.75,-10475.75
2012-07-02,0.381217,0,0.381217,0.381217,0.485975,-10475.75,-10475.75
2012-07-03,0.381217,0,0.381217,0.381217,0.485975,-10475.75,-10475.75
2012-07-04,0.381217,0,0.381217,0.381217,0.485975,-10475.75,-10475.75
2012-07-05,0.381217,0,0.381217,0.381217,0.485975,-10475.75,-10475.75
2012-07-06,0.381217,0,0.381217,0.381217,0.485975,-10475.75,-10475.75
2012-07-08,0.381217,0,0.381217,0.381217,0.485975,-10475.75,-10475.75
2012-07-09,0.381217,0,0.381217,0.381217,0.485975,-10475.75,-10475.75
2012-07-10,0.381217,0,0.381217,0.381217,0.485975,-10475.75,-10475.75
2012-07-11,0.381217,0,0.381217,0.381217,0.485975,-10475.75,-10475.75
2012-07-12,0.381217,0,0.381217,0.381217,0.485975,-10475.75,-10475.75
2012-07-13,0.381217,0,0.381217,0.381217,0.485975,-10475.75,-10475.75
2012-07-15,0.381217,0,0.381217,0.381217,0.485975,-10475.75,-10475.75
2012-07-16,0.381217,0,0.381217,0.381217,0.485975,-10475.75,-10475.75
2012-07-17,0.381217,0,0.381217,0.381217,0.485975,-10475.75,-10475.75
2012-07-18,0.381217,0,0.381217,0.381217,0.485975,-10475.75,-10475.75
2012-07-19,0.381217,0,0.381217,0.381217,0.485975,-10475.75,-10475.75
2012-07-20,0.381217,0,0.381217,0.381217,0.485975,-10475.75,-10475.75
2012-07-22,0.381217,0,0.381217,0.381217,0.485975,-10475.75,-10475.75
2012-07-23,0.381217,0,0.381217,0.381217,0.485975,-10475.75,-10475.75
2012-07-24,0.381217,0,0.381217,0.381217,0.485975,-10475.75,-10475.75
2012-07-25,0.381217,0,0.381217,0.381217,0.485975,-10475.75,-10475.75
2012-07-26,0.381217,0,0.381217,0.381217,0.485975,-10475.75,-10475.75
2012-07-27,0.381217,0,0.381217,0.381217,0.485975,-10475.75,-10475.75
2012-07-29,0.381217,0,0.381217,0.381217,0.485975,-10475.75,-10475.75
2012-07-30,0.381217,0,0.381217,0.381217,0.485975,-10475.75,-10475.75
2012-07-31,0.381217,0,0.381217,0.381217,0.485975,-10475.75,-10475.75
2012-08-01,0.381217,0,0.381217,0.381217,0.485975,-10475.75,-10475.75
2012-08-02,0.381217,0,0.381217,0.381217,0.485975,-10475.75,-10475.75
2012-08-03,0.381217,0,0.381217,0.381217,0.485975,-10475.75,-10475.75
2012-08-05,0.381217,0,0.381217,0.381217,0.485975,-10475.75,-10475.75
2012-08-06,0.381217,0,0.381217,0.381217,0.485975,-10475.75,-10475.75
2012-08-07,0.381217,0,0.381217,0.381217,0.485975,-10475.75,-10475.75
2012-08-08,0.381217,0,0.381217,0.381217,0.485975,-10475.75,-10475.75
2012-08-09,0.381217,0,0.381217,0.381217,0.485975,-10475.75,-10475.75
2012-08-10,0.381217,0,0.381217,0.381217,0.485975,-10475.75,-10475.75
2012-08-12,0.381217,0,0.381217,0.381217,0.485975,-10475.75,-10475.75
2012-08-13,0.381217,0,0.381217,0.381217,0.485975,-10475.75,-10475.75
2012-08-14,0.381217,0,0.381217,0.381217,0.485975,-10475.75,-10475.75
2012-08-15,0.381217,0,0.381217,0.381217,0.485975,-10475.75,-10475.75
2012-08-16,0.381217,0,0.381217,0.381217,0.485975,-10475.75,-10475.75
2012-08-17,0.381217,0,0.381217,0.381217,0.485975,-10475.75,-10475.75
2012-08-19,0.381217,0,0.381217,0.381217,0.485975,-10475.75,-10475.75
2012-08-20,0.381217,0,0.381217,0.381217,0.485975,-10475.75,-10475.75
2012-08-21,0.381217,0,0.381217,0.381217,0.485975,-10475.75,-10475.75
2012-08-22,0.381217,0,0.381217,0.381217,0.485975,-10475.75,-10475.75
2012-08-23,0.381217,0,0.381217,0.381217,0.485975,-10475.75,-10475.75
2012-08-24,0.381217,0,0.381217,0.381217,0.485975,-10475.75,-10475.75
2012-08-26,0.381217,0,0.381217,0.381217,0.485975,-10475.75,-10475.75
2012-08-27,0.381217,0,0.381217,0.381217,0.485975,-10475.75,-10475.75
2012-08-28,0.381217,0,0.381217,0.381217,0.485975,-10475.75,-10475.75
2012-08-29,0.381217,0,0.381217,0.381217,0.485975,-10475.75,-10475.75
2012-08-30,0.381217,0,0.381217,0.381217,0.485975,-10475.75,-10475.75
2012-08-31,0.381217,0,0.381217,0.381217,0.485975,-10475.75,-10475.75
2012-09-02,0.381217,0,0.381217,0.381217,0.485975,-10475.75,-10475.75
2012-09-03,0.381217,0,0.381217,0.381217,0.485975,-10475.75,-10475.75
2012-09-04,0.381217,0,0.381217,0.381217,0.485975,-10475.75,-10475.75
2012-09-05,0.381217,0,0.381217,0.381217,0.485975,-10475.75,-10475.75
2012-09-06,0.381217,3,0.382087,0.361267,0.485975,-10388.75,-12470.75
2012-09-07,0.381217,3,0.437497,0.380827,0.485975,-4847.75,-10514.75
2012-09-09,0.393777,1,0.410527,0.410107,0.485975,-7544.75,-7586.75
2012-09-10,0.393777,1,0.407147,0.406477,0.485975,-7882.75,-7949.75
2012-09-11,0.393777,1,0.416117,0.406857,0.485975,-6985.75,-7911.75
2012-09-12,0.393777,1,0.421207,0.415007,0.485975,-6476.75,-7096.75
2012-09-13,0.393777,1,0.430277,0.418437,0.485975,-5569.75,-6753.75
2012-09-14,0.393777,1,0.444007,0.429407,0.485975,-4196.75,-5656.75
2012-09-16,0.393777,1,0.442357,0.441907,0.485975,-4361.75,-4406.75
2012-09-17,0.393777,1,0.441807,0.439357,0.485975,-4416.75,-4661.75
2012-09-18,0.393777,1,0.435627,0.433917,0.485975,-5034.75,-5205.75
2012-09-19,0.393777,1,0.436727,0.430317,0.485975,-4924.75,-5565.75
2012-09-20,0.393777,1,0.428357,0.423117,0.485975,-5761.75,-6285.75
2012-09-21,0.393777,1,0.428937,0.426517,0.485975,-5703.75,-5945.75
2012-09-23,0.393777,1,0.427687,0.427557,0.485975,-5828.75,-5841.75
2012-09-24,0.393777,1,0.425047,0.420057,0.485975,-6092.75,-6591.75
2012-09-25,0.393777,1,0.420837,0.419727,0.485975,-6513.75,-6624.75
2012-09-26,0.393777,1,0.418797,0.414517,0.485975,-6717.75,-7145.75
2012-09-27,0.393777,1,0.422227,0.414087,0.485975,-6374.75,-7188.75
2012-09-28,0.393777,1,0.416927,0.414887,0.485975,-6904.75,-7108.75
2012-09-30,0.393777,1,0.411727,0.411397,0.485975,-7424.75,-7457.75
2012-10-01,0.411647,0,0.411647,0.411647,0.485975,-7432.75,-7432.75
2012-10-02,0.411647,0,0.411647,0.411647,0.485975,-7432.75,-7432.75
2012-10-03,0.411647,0,0.411647,0.411647,0.485975,-7432.75,-7432.75
2012-10-04,0.411647,0,0.411647,0.411647,0.485975,-7432.75,-7432.75
2012-10-05,0.411647,0,0.411647,0.411647,0.485975,-7432.75,-7432.75
2012-10-07,0.411647,0,0.411647,0.411647,0.485975,-7432.75,-7432.75
2012-10-08,0.411647,0,0.411647,0.411647,0.485975,-7432.75,-7432.75
2012-10-09,0.411647,0,0.411647,0.411647,0.485975,-7432.75,-7432.75
2012-10-10,0.411647,0,0.411647,0.411647,0.485975,-7432.75,-7432.75
2012-10-11,0.411647,0,0.411647,0.411647,0.485975,-7432.75,-7432.75
2012-10-12,0.411647,0,0.411647,0.411647,0.485975,-7432.75,-7432.75
2012-10-14,0.411647,0,0.411647,0.411647,0.485975,-7432.75,-7432.75
2012-10-15,0.411647,0,0.411647,0.411647,0.485975,-7432.75,-7432.75
2012-10-16,0.411647,0,0.411647,0.411647,0.485975,-7432.75,-7432.75
2012-10-17,0.411647,0,0.411647,0.411647,0.485975,-7432.75,-7432.75
2012-10-18,0.411647,0,0.411647,0.411647,0.485975,-7432.75,-7432.75
2012-10-19,0.411647,0,0.411647,0.411647,0.485975,-7432.75,-7432.75
2012-10-21,0.411647,0,0.411647,0.411647,0.485975,-7432.75,-7432.75
2012-10-22,0.411647,0,0.411647,0.411647,0.485975,-7432.75,-7432.75
2012-10-23,0.411647,0,0.411647,0.411647,0.485975,-7432.75,-7432.75
2012-10-24,0.411647,0,0.411647,0.411647,0.485975,-7432.75,-7432.75
2012-10-25,0.411647,0,0.411647,0.411647,0.485975,-7432.75,-7432.75
2012-10-26,0.411647,0,0.411647,0.411647,0.485975,-7432.75,-7432.75
2012-10-28,0.411647,0,0.411647,0.411647,0.485975,-7432.75,-7432.75
2012-10-29,0.411647,0,0.411647,0.411647,0.485975,-7432.75,-7432.75
2012-10-30,0.411647,0,0.411647,0.411647,0.485975,-7432.75,-7432.75
2012-10-31,0.411647,0,0.411647,0.411647,0.485975,-7432.75,-7432.75
2012-11-01,0.411647,0,0.411647,0.411647,0.485975,-7432.75,-7432.75
2012-11-02,0.411647,0,0.411647,0.411647,0.485975,-7432.75,-7432.75
2012-11-04,0.411647,0,0.411647,0.411647,0.485975,-7432.75,-7432.75
2012-11-05,0.411647,0,0.411647,0.411647,0.485975,-7432.75,-7432.75
2012-11-06,0.411647,0,0.411647,0.411647,0.485975,-7432.75,-7432.75
2012-11-07,0.411647,0,0.411647,0.411647,0.485975,-7432.75,-7432.75
2012-11-08,0.411647,0,0.411647,0.411647,0.485975,-7432.75,-7432.75
2012-11-09,0.411647,0,0.411647,0.411647,0.485975,-7432.75,-7432.75
2012-11-11,0.411647,0,0.411647,0.411647,0.485975,-7432.75,-7432.75
2012-11-12,0.411647,0,0.411647,0.411647,0.485975,-7432.75,-7432.75
2012-11-13,0.411647,0,0.411647,0.411647,0.485975,-7432.75,-7432.75
2012-11-14,0.411647,0,0.411647,0.411647,0.485975,-7432.75,-7432.75
2012-11-15,0.411647,0,0.411647,0.411647,0.485975,-7432.75,-7432.75
2012-11-16,0.411647,0,0.411647,0.411647,0.485975,-7432.75,-7432.75
2012-11-18,0.411647,0,0.411647,0.411647,0.485975,-7432.75,-7432.75
2012-11-19,0.411647,0,0.411647,0.411647,0.485975,-7432.75,-7432.75
2012-11-20,0.411647,0,0.411647,0.411647,0.485975,-7432.75,-7432.75
2012-11-21,0.411647,0,0.411647,0.411647,0.485975,-7432.75,-7432.75
2012-11-22,0.411647,0,0.411647,0.411647,0.485975,-7432.75,-7432.75
2012-11-23,0.411647,3,0.409007,0.377357,0.485975,-7696.75,-10861.75
2012-11-25,0.411647,3,0.408107,0.405947,0.485975,-7786.75,-8002.75
2012-11-26,0.411647,3,0.413327,0.400127,0.485975,-7264.75,-8584.75
2012-11-27,0.411647,3,0.398087,0.391427,0.485975,-8788.75,-9454.75
2012-11-28,0.411647,3,0.401987,0.380927,0.485975,-8398.75,-10504.75
2012-11-29,0.411647,3,0.408437,0.398567,0.485975,-7753.75,-8740.75
2012-11-30,0.411647,3,0.412727,0.407327,0.485975,-7324.75,-7864.75
2012-12-02,0.416287,0,0.416287,0.416287,0.485975,-6968.75,-6968.75
2012-12-03,0.416287,0,0.416287,0.416287,0.485975,-6968.75,-6968.75
2012-12-04,0.416287,0,0.416287,0.416287,0.485975,-6968.75,-6968.75
2012-12-05,0.416287,0,0.416287,0.416287,0.485975,-6968.75,-6968.75
2012-12-06,0.416287,3,0.422467,0.384937,0.485975,-6350.75,-10103.75
2012-12-07,0.416287,3,0.433237,0.419167,0.485975,-5273.75,-6680.75
2012-12-09,0.419367,2,0.434487,0.434387,0.485975,-5148.75,-5158.75
2012-12-10,0.419367,2,0.428367,0.426467,0.485975,-5760.75,-5950.75
2012-12-11,0.419367,2,0.413467,0.412847,0.485975,-7250.75,-7312.75
2012-12-12,0.413307,0,0.413307,0.413307,0.485975,-7266.75,-7266.75
2012-12-13,0.413307,0,0.413307,0.413307,0.485975,-7266.75,-7266.75
2012-12-14,0.413307,3,0.429687,0.400797,0.485975,-5628.75,-8517.75
2012-12-16,0.413307,3,0.430557,0.429747,0.485975,-5541.75,-5622.75
2012-12-17,0.416387,2,0.426947,0.423567,0.485975,-5902.75,-6240.75
2012-12-18,0.416387,2,0.440487,0.425967,0.485975,-4548.75,-6000.75
2012-12-19,0.428917,1,0.439387,0.436917,0.485975,-4658.75,-4905.75
2012-12-20,0.428917,1,0.441777,0.438417,0.485975,-4419.75,-4755.75
2012-12-21,0.428917,1,0.436787,0.433967,0.485975,-4918.75,-5200.75
2012-12-23,0.428917,1,0.436087,0.435307,0.485975,-4988.75,-5066.75
2012-12-24,0.428917,1,0.435997,0.435237,0.485975,-4997.75,-5073.75
2012-12-25,0.428917,1,0.436097,0.435157,0.485975,-4987.75,-5081.75
2012-12-26,0.428917,1,0.440877,0.435197,0.485975,-4509.75,-5077.75
2012-12-27,0.428917,1,0.442897,0.438227,0.485975,-4307.75,-4774.75
2012-12-28,0.428917,1,0.439517,0.434667,0.485975,-4645.75,-5130.75
2012-12-30,0.428917,1,0.440707,0.439027,0.485975,-4526.75,-4694.75
2012-12-31,0.428917,1,0.437607,0.435497,0.485975,-4836.75,-5047.75
2013-01-01,0.437527,0,0.437527,0.437527,0.485975,-4844.75,-4844.75
2013-01-02,0.437527,0,0.437527,0.437527,0.485975,-4844.75,-4844.75
2013-01-03,0.437527,0,0.437527,0.437527,0.485975,-4844.75,-4844.75
2013-01-04,0.437527,0,0.437527,0.437527,0.485975,-4844.75,-4844.75
2013-01-06,0.437527,0,0.437527,0.437527,0.485975,-4844.75,-4844.75
2013-01-07,0.437527,0,0.437527,0.437527,0.485975,-4844.75,-4844.75
2013-01-08,0.437527,0,0.437527,0.437527,0.485975,-4844.75,-4844.75
2013-01-09,0.437527,0,0.437527,0.437527,0.485975,-4844.75,-4844.75
2013-01-10,0.437527,0,0.437527,0.437527,0.485975,-4844.75,-4844.75
2013-01-11,0.437527,3,0.450487,0.422137,0.485975,-3548.75,-6383.75
2013-01-13,0.437527,3,0.455137,0.452707,0.485975,-3083.75,-3326.75
2013-01-14,0.444380,2,0.459920,0.451660,0.485975,-2605.50,-3431.50
2013-01-15,0.444380,2,0.446300,0.438940,0.485975,-3967.50,-4703.50
2013-01-16,0.444380,2,0.441440,0.435840,0.485975,-4453.50,-5013.50
2013-01-17,0.441280,0,0.441280,0.441280,0.485975,-4469.50,-4469.50
2013-01-18,0.441280,0,0.441280,0.441280,0.485975,-4469.50,-4469.50
2013-01-20,0.441280,0,0.441280,0.441280,0.485975,-4469.50,-4469.50
2013-01-21,0.441280,0,0.441280,0.441280,0.485975,-4469.50,-4469.50
2013-01-22,0.441280,0,0.441280,0.441280,0.485975,-4469.50,-4469.50
2013-01-23,0.441280,0,0.441280,0.441280,0.485975,-4469.50,-4469.50
2013-01-24,0.441280,0,0.441280,0.441280,0.485975,-4469.50,-4469.50
2013-01-25,0.441280,0,0.441280,0.441280,0.485975,-4469.50,-4469.50
2013-01-27,0.441280,0,0.441280,0.441280,0.485975,-4469.50,-4469.50
2013-01-28,0.441280,0,0.441280,0.441280,0.485975,-4469.50,-4469.50
2013-01-29,0.441280,0,0.441280,0.441280,0.485975,-4469.50,-4469.50
2013-01-30,0.441280,0,0.441280,0.441280,0.485975,-4469.50,-4469.50
2013-01-31,0.441280,0,0.441280,0.441280,0.485975,-4469.50,-4469.50
2013-02-01,0.441280,0,0.441280,0.441280,0.485975,-4469.50,-4469.50
2013-02-03,0.441280,0,0.441280,0.441280,0.485975,-4469.50,-4469.50
2013-02-04,0.441280,0,0.441280,0.441280,0.485975,-4469.50,-4469.50
2013-02-05,0.441280,0,0.441280,0.441280,0.485975,-4469.50,-4469.50
2013-02-06,0.441280,0,0.441280,0.441280,0.485975,-4469.50,-4469.50
2013-02-07,0.441280,0,0.441280,0.441280,0.485975,-4469.50,-4469.50
2013-02-08,0.441280,0,0.441280,0.441280,0.485975,-4469.50,-4469.50
2013-02-10,0.441280,0,0.441280,0.441280,0.485975,-4469.50,-4469.50
2013-02-11,0.441280,0,0.441280,0.441280,0.485975,-4469.50,-4469.50
2013-02-12,0.441280,0,0.441280,0.441280,0.485975,-4469.50,-4469.50
2013-02-13,0.441280,0,0.441280,0.441280,0.485975,-4469.50,-4469.50
2013-02-14,0.441280,0,0.441280,0.441280,0.485975,-4469.50,-4469.50
2013-02-15,0.441280,0,0.441280,0.441280,0.485975,-4469.50,-4469.50
2013-02-17,0.441280,0,0.441280,0.441280,0.485975,-4469.50,-4469.50
2013-02-18,0.441280,0,0.441280,0.441280,0.485975,-4469.50,-4469.50
2013-02-19,0.441280,0,0.441280,0.441280,0.485975,-4469.50,-4469.50
2013-02-20,0.441280,0,0.441280,0.441280,0.485975,-4469.50,-4469.50
2013-02-21,0.441280,0,0.441280,0.441280,0.485975,-4469.50,-4469.50
2013-02-22,0.441280,0,0.441280,0.441280,0.485975,-4469.50,-4469.50
2013-02-24,0.441280,0,0.441280,0.441280,0.485975,-4469.50,-4469.50
2013-02-25,0.441280,0,0.441280,0.441280,0.485975,-4469.50,-4469.50
2013-02-26,0.441280,0,0.441280,0.441280,0.485975,-4469.50,-4469.50
2013-02-27,0.441280,0,0.441280,0.441280,0.485975,-4469.50,-4469.50
2013-02-28,0.441280,0,0.441280,0.441280,0.485975,-4469.50,-4469.50
2013-03-01,0.441280,0,0.441280,0.441280,0.485975,-4469.50,-4469.50
2013-03-03,0.441280,0,0.441280,0.441280,0.485975,-4469.50,-4469.50
2013-03-04,0.441280,0,0.441280,0.441280,0.485975,-4469.50,-4469.50
2013-03-05,0.441280,0,0.441280,0.441280,0.485975,-4469.50,-4469.50
2013-03-06,0.441280,0,0.441280,0.441280,0.485975,-4469.50,-4469.50
2013-03-07,0.441280,3,0.443260,0.403330,0.485975,-4271.50,-8264.50
2013-03-08,0.441280,3,0.412210,0.397390,0.485975,-7376.50,-8858.50
2013-03-10,0.441280,3,0.407140,0.404740,0.485975,-7883.50,-8123.50
2013-03-11,0.441280,3,0.420610,0.406060,0.485975,-6536.50,-7991.50
2013-03-12,0.441280,3,0.420010,0.408340,0.485975,-6596.50,-7763.50
2013-03-13,0.441280,3,0.398680,0.387970,0.485975,-8729.50,-9800.50
2013-03-14,0.398440,0,0.398440,0.398440,0.485975,-8753.50,-8753.50
2013-03-15,0.398440,0,0.398440,0.398440,0.485975,-8753.50,-8753.50
2013-03-17,0.398440,3,0.402760,0.390670,0.485975,-8321.50,-9530.50
2013-03-18,0.398440,3,0.386950,0.371770,0.485975,-9902.50,-11420.50
2013-03-19,0.398440,3,0.410830,0.379150,0.485975,-7514.50,-10682.50
2013-03-20,0.401735,2,0.394955,0.387995,0.485975,-9102.00,-9798.00
2013-03-21,0.394795,0,0.394795,0.394795,0.485975,-9118.00,-9118.00
2013-03-22,0.394795,0,0.394795,0.394795,0.485975,-9118.00,-9118.00
2013-03-24,0.394795,0,0.394795,0.394795,0.485975,-9118.00,-9118.00
2013-03-25,0.394795,0,0.394795,0.394795,0.485975,-9118.00,-9118.00
2013-03-26,0.394795,0,0.394795,0.394795,0.485975,-9118.00,-9118.00
2013-03-27,0.394795,0,0.394795,0.394795,0.485975,-9118.00,-9118.00
2013-03-28,0.394795,0,0.394795,0.394795,0.485975,-9118.00,-9118.00
2013-03-29,0.394795,0,0.394795,0.394795,0.485975,-9118.00,-9118.00
2013-03-31,0.394795,0,0.394795,0.394795,0.485975,-9118.00,-9118.00
2013-04-01,0.394795,0,0.394795,0.394795,0.485975,-9118.00,-9118.00
2013-04-02,0.394795,0,0.394795,0.394795,0.485975,-9118.00,-9118.00
2013-04-03,0.394795,0,0.394795,0.394795,0.485975,-9118.00,-9118.00
2013-04-04,0.394795,0,0.394795,0.394795,0.485975,-9118.00,-9118.00
2013-04-05,0.394795,0,0.394795,0.394795,0.485975,-9118.00,-9118.00
2013-04-07,0.394795,0,0.394795,0.394795,0.485975,-9118.00,-9118.00
2013-04-08,0.394795,0,0.394795,0.394795,0.485975,-9118.00,-9118.00
2013-04-09,0.394795,0,0.394795,0.394795,0.485975,-9118.00,-9118.00
2013-04-10,0.394795,0,0.394795,0.394795,0.485975,-9118.00,-9118.00
2013-04-11,0.394795,0,0.394795,0.394795,0.485975,-9118.00,-9118.00
2013-04-12,0.394795,0,0.394795,0.394795,0.485975,-9118.00,-9118.00
2013-04-14,0.394795,0,0.394795,0.394795,0.485975,-9118.00,-9118.00
2013-04-15,0.394795,0,0.394795,0.394795,0.485975,-9118.00,-9118.00
2013-04-16,0.394795,0,0.394795,0.394795,0.485975,-9118.00,-9118.00
2013-04-17,0.394795,0,0.394795,0.394795,0.485975,-9118.00,-9118.00
2013-04-18,0.394795,0,0.394795,0.394795,0.485975,-9118.00,-9118.00
2013-04-19,0.394795,0,0.394795,0.394795,0.485975,-9118.00,-9118.00
2013-04-21,0.394795,0,0.394795,0.394795,0.485975,-9118.00,-9118.00
2013-04-22,0.394795,0,0.394795,0.394795,0.485975,-9118.00,-9118.00
2013-04-23,0.394795,0,0.394795,0.394795,0.485975,-9118.00,-9118.00
2013-04-24,0.394795,0,0.394795,0.394795,0.485975,-9118.00,-9118.00
2013-04-25,0.394795,0,0.394795,0.394795,0.485975,-9118.00,-9118.00
2013-04-26,0.394795,0,0.394795,0.394795,0.485975,-9118.00,-9118.00
2013-04-28,0.394795,0,0.394795,0.394795,0.485975,-9118.00,-9118.00
2013-04-29,0.394795,0,0.394795,0.394795,0.485975,-9118.00,-9118.00
2013-04-30,0.394795,0,0.394795,0.394795,0.485975,-9118.00,-9118.00
2013-05-01,0.394795,0,0.394795,0.394795,0.485975,-9118.00,-9118.00
2013-05-02,0.394795,0,0.394795,0.394795,0.485975,-9118.00,-9118.00
2013-05-03,0.394795,0,0.394795,0.394795,0.485975,-9118.00,-9118.00
2013-05-05,0.394795,0,0.394795,0.394795,0.485975,-9118.00,-9118.00
2013-05-06,0.394795,0,0.394795,0.394795,0.485975,-9118.00,-9118.00
2013-05-07,0.394795,0,0.394795,0.394795,0.485975,-9118.00,-9118.00
2013-05-08,0.394795,0,0.394795,0.394795,0.485975,-9118.00,-9118.00
2013-05-09,0.394795,0,0.394795,0.394795,0.485975,-9118.00,-9118.00
2013-05-10,0.394795,0,0.394795,0.394795,0.485975,-9118.00,-9118.00
2013-05-12,0.394795,0,0.394795,0.394795,0.485975,-9118.00,-9118.00
2013-05-13,0.394795,0,0.394795,0.394795,0.485975,-9118.00,-9118.00
2013-05-14,0.394795,0,0.394795,0.394795,0.485975,-9118.00,-9118.00
2013-05-15,0.394795,0,0.394795,0.394795,0.485975,-9118.00,-9118.00
2013-05-16,0.394795,0,0.394795,0.394795,0.485975,-9118.00,-9118.00
2013-05-17,0.394795,0,0.394795,0.394795,0.485975,-9118.00,-9118.00
2013-05-19,0.394795,0,0.394795,0.394795,0.485975,-9118.00,-9118.00
2013-05-20,0.394795,0,0.394795,0.394795,0.485975,-9118.00,-9118.00
2013-05-21,0.394795,0,0.394795,0.394795,0.485975,-9118.00,-9118.00
2013-05-22,0.394795,0,0.394795,0.394795,0.485975,-9118.00,-9118.00
2013-05-23,0.394795,0,0.394795,0.394795,0.485975,-9118.00,-9118.00
2013-05-24,0.394795,0,0.394795,0.394795,0.485975,-9118.00,-9118.00
2013-05-26,0.394795,0,0.394795,0.394795,0.485975,-9118.00,-9118.00
2013-05-27,0.394795,0,0.394795,0.394795,0.485975,-9118.00,-9118.00
2013-05-28,0.394795,0,0.394795,0.394795,0.485975,-9118.00,-9118.00
2013-05-29,0.394795,0,0.394795,0.394795,0.485975,-9118.00,-9118.00
2013-05-30,0.394795,0,0.394795,0.394795,0.485975,-9118.00,-9118.00
2013-05-31,0.394795,0,0.394795,0.394795,0.485975,-9118.00,-9118.00
2013-06-02,0.394795,0,0.394795,0.394795,0.485975,-9118.00,-9118.00
2013-06-03,0.394795,0,0.394795,0.394795,0.485975,-9118.00,-9118.00
2013-06-04,0.394795,0,0.394795,0.394795,0.485975,-9118.00,-9118.00
2013-06-05,0.394795,0,0.394795,0.394795,0.485975,-9118.00,-9118.00
2013-06-06,0.394795,0,0.394795,0.394795,0.485975,-9118.00,-9118.00
2013-06-07,0.394795,0,0.394795,0.394795,0.485975,-9118.00,-9118.00
2013-06-09,0.394795,0,0.394795,0.394795,0.485975,-9118.00,-9118.00
2013-06-10,0.394795,0,0.394795,0.394795,0.485975,-9118.00,-9118.00
2013-06-11,0.394795,0,0.394795,0.394795,0.485975,-9118.00,-9118.00
2013-06-12,0.394795,0,0.394795,0.394795,0.485975,-9118.00,-9118.00
2013-06-13,0.394795,0,0.394795,0.394795,0.485975,-9118.00,-9118.00
2013-06-14,0.394795,0,0.394795,0.394795,0.485975,-9118.00,-9118.00
2013-06-16,0.394795,0,0.394795,0.394795,0.485975,-9118.00,-9118.00
2013-06-17,0.394795,0,0.394795,0.394795,0.485975,-9118.00,-9118.00
2013-06-18,0.394795,0,0.394795,0.394795,0.485975,-9118.00,-9118.00
2013-06-19,0.394795,0,0.394795,0.394795,0.485975,-9118.00,-9118.00
2013-06-20,0.394795,0,0.394795,0.394795,0.485975,-9118.00,-9118.00
2013-06-21,0.394795,0,0.394795,0.394795,0.485975,-9118.00,-9118.00
2013-06-23,0.394795,0,0.394795,0.394795,0.485975,-9118.00,-9118.00
2013-06-24,0.394795,0,0.394795,0.394795,0.485975,-9118.00,-9118.00
2013-06-25,0.394795,0,0.394795,0.394795,0.485975,-9118.00,-9118.00
2013-06-26,0.394795,0,0.394795,0.394795,0.485975,-9118.00,-9118.00
2013-06-27,0.394795,0,0.394795,0.394795,0.485975,-9118.00,-9118.00
2013-06-28,0.394795,0,0.394795,0.394795,0.485975,-9118.00,-9118.00
2013-06-30,0.394795,0,0.394795,0.394795,0.485975,-9118.00,-9118.00
2013-07-01,0.394795,0,0.394795,0.394795,0.485975,-9118.00,-9118.00
2013-07-02,0.394795,0,0.394795,0.394795,0.485975,-9118.00,-9118.00
2013-07-03,0.394795,0,0.394795,0.394795,0.485975,-9118.00,-9118.00
2013-07-04,0.394795,0,0.394795,0.394795,0.485975,-9118.00,-9118.00
2013-07-05,0.394795,0,0.394795,0.394795,0.485975,-9118.00,-9118.00
2013-07-07,0.394795,0,0.394795,0.394795,0.485975,-9118.00,-9118.00
2013-07-08,0.394795,0,0.394795,0.394795,0.485975,-9118.00,-9118.00
2013-07-09,0.394795,0,0.394795,0.394795,0.485975,-9118.00,-9118.00
2013-07-10,0.394795,3,0.406315,0.300835,0.485975,-7966.00,-18514.00
2013-07-11,0.394795,3,0.397405,0.373075,0.485975,-8857.00,-11290.00
2013-07-12,0.398600,2,0.396580,0.382800,0.485975,-8939.50,-10317.50
2013-07-14,0.396420,0,0.396420,0.396420,0.485975,-8955.50,-8955.50
2013-07-15,0.396420,0,0.396420,0.396420,0.485975,-8955.50,-8955.50
2013-07-16,0.396420,0,0.396420,0.396420,0.485975,-8955.50,-8955.50
2013-07-17,0.396420,0,0.396420,0.396420,0.485975,-8955.50,-8955.50
2013-07-18,0.396420,0,0.396420,0.396420,0.485975,-8955.50,-8955.50
2013-07-19,0.396420,0,0.396420,0.396420,0.485975,-8955.50,-8955.50
2013-07-21,0.396420,0,0.396420,0.396420,0.485975,-8955.50,-8955.50
2013-07-22,0.396420,0,0.396420,0.396420,0.485975,-8955.50,-8955.50
2013-07-23,0.396420,0,0.396420,0.396420,0.485975,-8955.50,-8955.50
2013-07-24,0.396420,0,0.396420,0.396420,0.485975,-8955.50,-8955.50
2013-07-25,0.396420,0,0.396420,0.396420,0.485975,-8955.50,-8955.50
2013-07-26,0.396420,0,0.396420,0.396420,0.485975,-8955.50,-8955.50
2013-07-28,0.396420,0,0.396420,0.396420,0.485975,-8955.50,-8955.50
2013-07-29,0.396420,0,0.396420,0.396420,0.485975,-8955.50,-8955.50
2013-07-30,0.396420,0,0.396420,0.396420,0.485975,-8955.50,-8955.50
2013-07-31,0.396420,0,0.396420,0.396420,0.485975,-8955.50,-8955.50
2013-08-01,0.396420,0,0.396420,0.396420,0.485975,-8955.50,-8955.50
2013-08-02,0.396420,0,0.396420,0.396420,0.485975,-8955.50,-8955.50
2013-08-04,0.396420,0,0.396420,0.396420,0.485975,-8955.50,-8955.50
2013-08-05,0.396420,0,0.396420,0.396420,0.485975,-8955.50,-8955.50
2013-08-06,0.396420,0,0.396420,0.396420,0.485975,-8955.50,-8955.50
2013-08-07,0.396420,0,0.396420,0.396420,0.485975,-8955.50,-8955.50
2013-08-08,0.396420,0,0.396420,0.396420,0.485975,-8955.50,-8955.50
2013-08-09,0.396420,0,0.396420,0.396420,0.485975,-8955.50,-8955.50
2013-08-11,0.396420,0,0.396420,0.396420,0.485975,-8955.50,-8955.50
2013-08-12,0.396420,0,0.396420,0.396420,0.485975,-8955.50,-8955.50
2013-08-13,0.396420,0,0.396420,0.396420,0.485975,-8955.50,-8955.50
2013-08-14,0.396420,0,0.396420,0.396420,0.485975,-8955.50,-8955.50
2013-08-15,0.396420,0,0.396420,0.396420,0.485975,-8955.50,-8955.50
2013-08-16,0.396420,0,0.396420,0.396420,0.485975,-8955.50,-8955.50
2013-08-18,0.396420,0,0.396420,0.396420,0.485975,-8955.50,-8955.50
2013-08-19,0.396420,0,0.396420,0.396420,0.485975,-8955.50,-8955.50
2013-08-20,0.396420,0,0.396420,0.396420,0.485975,-8955.50,-8955.50
2013-08-21,0.396420,0,0.396420,0.396420,0.485975,-8955.50,-8955.50
2013-08-22,0.396420,0,0.396420,0.396420,0.485975,-8955.50,-8955.50
2013-08-23,0.396420,0,0.396420,0.396420,0.485975,-8955.50,-8955.50
2013-08-25,0.396420,0,0.396420,0.396420,0.485975,-8955.50,-8955.50
2013-08-26,0.396420,0,0.396420,0.396420,0.485975,-8955.50,-8955.50
2013-08-27,0.396420,0,0.396420,0.396420,0.485975,-8955.50,-8955.50
2013-08-28,0.396420,0,0.396420,0.396420,0.485975,-8955.50,-8955.50
2013-08-29,0.396420,0,0.396420,0.396420,0.485975,-8955.50,-8955.50
2013-08-30,0.396420,3,0.386910,0.376710,0.485975,-9906.50,-10926.50
2013-09-01,0.386670,0,0.386670,0.386670,0.485975,-9930.50,-9930.50
2013-09-02,0.386670,0,0.386670,0.386670,0.485975,-9930.50,-9930.50
2013-09-03,0.386670,0,0.386670,0.386670,0.485975,-9930.50,-9930.50
2013-09-04,0.386670,0,0.386670,0.386670,0.485975,-9930.50,-9930.50
2013-09-05,0.386670,0,0.386670,0.386670,0.485975,-9930.50,-9930.50
2013-09-06,0.386670,0,0.386670,0.386670,0.485975,-9930.50,-9930.50
2013-09-08,0.386670,0,0.386670,0.386670,0.485975,-9930.50,-9930.50
2013-09-09,0.386670,3,0.395220,0.368490,0.485975,-9075.50,-11748.50
2013-09-10,0.386670,3,0.398730,0.387480,0.485975,-8724.50,-9849.50
2013-09-11,0.388812,2,0.406092,0.392172,0.485975,-7988.25,-9380.25
2013-09-12,0.397592,1,0.404712,0.400402,0.485975,-8126.25,-8557.25
2013-09-13,0.397592,1,0.404182,0.400262,0.485975,-8179.25,-8571.25
2013-09-15,0.397592,1,0.410722,0.410152,0.485975,-7525.25,-7582.25
2013-09-16,0.397592,1,0.408422,0.407892,0.485975,-7755.25,-7808.25
2013-09-17,0.397592,1,0.410542,0.407362,0.485975,-7543.25,-7861.25
2013-09-18,0.397592,1,0.427242,0.408682,0.485975,-5873.25,-7729.25
2013-09-19,0.397592,1,0.428222,0.425812,0.485975,-5775.25,-6016.25
2013-09-20,0.397592,1,0.427082,0.424652,0.485975,-5889.25,-6132.25
2013-09-22,0.397592,1,0.428222,0.427292,0.485975,-5775.25,-5868.25
2013-09-23,0.397592,1,0.424542,0.422782,0.485975,-6143.25,-6319.25
2013-09-24,0.397592,1,0.422192,0.421282,0.485975,-6378.25,-6469.25
2013-09-25,0.397592,1,0.426612,0.421012,0.485975,-5936.25,-6496.25
2013-09-26,0.397592,1,0.423622,0.422082,0.485975,-6235.25,-6389.25
2013-09-27,0.397592,1,0.426982,0.422282,0.485975,-5899.25,-6369.25
2013-09-29,0.397592,1,0.424322,0.422552,0.485975,-6165.25,-6342.25
2013-09-30,0.397592,1,0.427242,0.422662,0.485975,-5873.25,-6331.25
2013-10-01,0.427162,0,0.427162,0.427162,0.485975,-5881.25,-5881.25
2013-10-02,0.427162,0,0.427162,0.427162,0.485975,-5881.25,-5881.25
2013-10-03,0.427162,0,0.427162,0.427162,0.485975,-5881.25,-5881.25
2013-10-04,0.427162,0,0.427162,0.427162,0.485975,-5881.25,-5881.25
2013-10-06,0.427162,0,0.427162,0.427162,0.485975,-5881.25,-5881.25
2013-10-07,0.427162,0,0.427162,0.427162,0.485975,-5881.25,-5881.25
2013-10-08,0.427162,0,0.427162,0.427162,0.485975,-5881.25,-5881.25
2013-10-09,0.427162,0,0.427162,0.427162,0.485975,-5881.25,-5881.25
2013-10-10,0.427162,0,0.427162,0.427162,0.485975,-5881.25,-5881.25
2013-10-11,0.427162,0,0.427162,0.427162,0.485975,-5881.25,-5881.25
2013-10-13,0.427162,0,0.427162,0.427162,0.485975,-5881.25,-5881.25
2013-10-14,0.427162,0,0.427162,0.427162,0.485975,-5881.25,-5881.25
2013-10-15,0.427162,0,0.427162,0.427162,0.485975,-5881.25,-5881.25
2013-10-16,0.427162,0,0.427162,0.427162,0.485975,-5881.25,-5881.25
2013-10-17,0.427162,3,0.433822,0.388102,0.485975,-5215.25,-9787.25
2013-10-18,0.427162,3,0.438682,0.431122,0.485975,-4729.25,-5485.25
2013-10-20,0.430632,2,0.437652,0.437632,0.485975,-4832.25,-4834.25
2013-10-21,0.430632,2,0.435852,0.431612,0.485975,-5012.25,-5436.25
2013-10-22,0.430632,2,0.457052,0.433892,0.485975,-2892.25,-5208.25
2013-10-23,0.444722,1,0.457972,0.454222,0.485975,-2800.25,-3175.25
2013-10-24,0.444722,1,0.460292,0.456522,0.485975,-2568.25,-2945.25
2013-10-25,0.444722,1,0.460312,0.457522,0.485975,-2566.25,-2845.25
2013-10-27,0.444722,1,0.460572,0.460132,0.485975,-2540.25,-2584.25
2013-10-28,0.444722,1,0.458922,0.457622,0.485975,-2705.25,-2835.25
2013-10-29,0.444722,1,0.454382,0.453742,0.485975,-3159.25,-3223.25
2013-10-30,0.444722,1,0.452472,0.449722,0.485975,-3350.25,-3625.25
2013-10-31,0.444722,1,0.438022,0.437622,0.485975,-4795.25,-4835.25
2013-11-01,0.437942,0,0.437942,0.437942,0.485975,-4803.25,-4803.25
2013-11-03,0.437942,0,0.437942,0.437942,0.485975,-4803.25,-4803.25
2013-11-04,0.437942,0,0.437942,0.437942,0.485975,-4803.25,-4803.25
2013-11-05,0.437942,0,0.437942,0.437942,0.485975,-4803.25,-4803.25
2013-11-06,0.437942,0,0.437942,0.437942,0.485975,-4803.25,-4803.25
2013-11-07,0.437942,0,0.437942,0.437942,0.485975,-4803.25,-4803.25
2013-11-08,0.437942,0,0.437942,0.437942,0.485975,-4803.25,-4803.25
2013-11-10,0.437942,0,0.437942,0.437942,0.485975,-4803.25,-4803.25
2013-11-11,0.437942,0,0.437942,0.437942,0.485975,-4803.25,-4803.25
2013-11-12,0.437942,0,0.437942,0.437942,0.485975,-4803.25,-4803.25
2013-11-13,0.437942,0,0.437942,0.437942,0.485975,-4803.25,-4803.25
2013-11-14,0.437942,0,0.437942,0.437942,0.485975,-4803.25,-4803.25
2013-11-15,0.437942,0,0.437942,0.437942,0.485975,-4803.25,-4803.25
2013-11-17,0.437942,0,0.437942,0.437942,0.485975,-4803.25,-4803.25
2013-11-18,0.437942,0,0.437942,0.437942,0.485975,-4803.25,-4803.25
2013-11-19,0.437942,0,0.437942,0.437942,0.485975,-4803.25,-4803.25
2013-11-20,0.437942,0,0.437942,0.437942,0.485975,-4803.25,-4803.25
2013-11-21,0.437942,0,0.437942,0.437942,0.485975,-4803.25,-4803.25
2013-11-22,0.437942,0,0.437942,0.437942,0.485975,-4803.25,-4803.25
2013-11-24,0.437942,0,0.437942,0.437942,0.485975,-4803.25,-4803.25
2013-11-25,0.437942,0,0.437942,0.437942,0.485975,-4803.25,-4803.25
2013-11-26,0.437942,0,0.437942,0.437942,0.485975,-4803.25,-4803.25
2013-11-27,0.437942,3,0.435392,0.430772,0.485975,-5058.25,-5520.25
2013-11-28,0.437942,3,0.444302,0.432542,0.485975,-4167.25,-5343.25
2013-11-29,0.441360,2,0.443020,0.441040,0.485975,-4295.50,-4493.50
2013-12-01,0.442860,0,0.442860,0.442860,0.485975,-4311.50,-4311.50
2013-12-02,0.442860,0,0.442860,0.442860,0.485975,-4311.50,-4311.50
2013-12-03,0.442860,0,0.442860,0.442860,0.485975,-4311.50,-4311.50
2013-12-04,0.442860,0,0.442860,0.442860,0.485975,-4311.50,-4311.50
2013-12-05,0.442860,0,0.442860,0.442860,0.485975,-4311.50,-4311.50
2013-12-06,0.442860,0,0.442860,0.442860,0.485975,-4311.50,-4311.50
2013-12-08,0.442860,0,0.442860,0.442860,0.485975,-4311.50,-4311.50
2013-12-09,0.442860,0,0.442860,0.442860,0.485975,-4311.50,-4311.50
2013-12-10,0.442860,0,0.442860,0.442860,0.485975,-4311.50,-4311.50
2013-12-11,0.442860,0,0.442860,0.442860,0.485975,-4311.50,-4311.50
2013-12-12,0.442860,0,0.442860,0.442860,0.485975,-4311.50,-4311.50
2013-12-13,0.442860,0,0.442860,0.442860,0.485975,-4311.50,-4311.50
2013-12-15,0.442860,0,0.442860,0.442860,0.485975,-4311.50,-4311.50
2013-12-16,0.442860,0,0.442860,0.442860,0.485975,-4311.50,-4311.50
2013-12-17,0.442860,0,0.442860,0.442860,0.485975,-4311.50,-4311.50
2013-12-18,0.442860,0,0.442860,0.442860,0.485975,-4311.50,-4311.50
2013-12-19,0.442860,0,0.442860,0.442860,0.485975,-4311.50,-4311.50
2013-12-20,0.442860,0,0.442860,0.442860,0.485975,-4311.50,-4311.50
2013-12-22,0.442860,0,0.442860,0.442860,0.485975,-4311.50,-4311.50
2013-12-23,0.442860,0,0.442860,0.442860,0.485975,-4311.50,-4311.50
2013-12-24,0.442860,0,0.442860,0.442860,0.485975,-4311.50,-4311.50
2013-12-25,0.442860,0,0.442860,0.442860,0.485975,-4311.50,-4311.50
2013-12-26,0.442860,0,0.442860,0.442860,0.485975,-4311.50,-4311.50
2013-12-27,0.442860,0,0.442860,0.442860,0.485975,-4311.50,-4311.50
2013-12-29,0.442860,0,0.442860,0.442860,0.485975,-4311.50,-4311.50
2013-12-30,0.442860,0,0.442860,0.442860,0.485975,-4311.50,-4311.50
2013-12-31,0.442860,0,0.442860,0.442860,0.485975,-4311.50,-4311.50
2014-01-01,0.442860,0,0.442860,0.442860,0.485975,-4311.50,-4311.50
2014-01-02,0.442860,0,0.442860,0.442860,0.485975,-4311.50,-4311.50
2014-01-03,0.442860,0,0.442860,0.442860,0.485975,-4311.50,-4311.50
2014-01-05,0.442860,0,0.442860,0.442860,0.485975,-4311.50,-4311.50
2014-01-06,0.442860,0,0.442860,0.442860,0.485975,-4311.50,-4311.50
2014-01-07,0.442860,0,0.442860,0.442860,0.485975,-4311.50,-4311.50
2014-01-08,0.442860,0,0.442860,0.442860,0.485975,-4311.50,-4311.50
2014-01-09,0.442860,0,0.442860,0.442860,0.485975,-4311.50,-4311.50
2014-01-10,0.442860,0,0.442860,0.442860,0.485975,-4311.50,-4311.50
2014-01-12,0.442860,0,0.442860,0.442860,0.485975,-4311.50,-4311.50
2014-01-13,0.442860,0,0.442860,0.442860,0.485975,-4311.50,-4311.50
2014-01-14,0.442860,0,0.442860,0.442860,0.485975,-4311.50,-4311.50
2014-01-15,0.442860,0,0.442860,0.442860,0.485975,-4311.50,-4311.50
2014-01-16,0.442860,0,0.442860,0.442860,0.485975,-4311.50,-4311.50
2014-01-17,0.442860,0,0.442860,0.442860,0.485975,-4311.50,-4311.50
2014-01-19,0.442860,0,0.442860,0.442860,0.485975,-4311.50,-4311.50
2014-01-20,0.442860,0,0.442860,0.442860,0.485975,-4311.50,-4311.50
2014-01-21,0.442860,0,0.442860,0.442860,0.485975,-4311.50,-4311.50
2014-01-22,0.442860,0,0.442860,0.442860,0.485975,-4311.50,-4311.50
2014-01-23,0.442860,0,0.442860,0.442860,0.485975,-4311.50,-4311.50
2014-01-24,0.442860,0,0.442860,0.442860,0.485975,-4311.50,-4311.50
2014-01-26,0.442860,0,0.442860,0.442860,0.485975,-4311.50,-4311.50
2014-01-27,0.442860,0,0.442860,0.442860,0.485975,-4311.50,-4311.50
2014-01-28,0.442860,0,0.442860,0.442860,0.485975,-4311.50,-4311.50
2014-01-29,0.442860,0,0.442860,0.442860,0.485975,-4311.50,-4311.50
2014-01-30,0.442860,0,0.442860,0.442860,0.485975,-4311.50,-4311.50
2014-01-31,0.442860,0,0.442860,0.442860,0.485975,-4311.50,-4311.50
2014-02-02,0.442860,0,0.442860,0.442860,0.485975,-4311.50,-4311.50
2014-02-03,0.442860,0,0.442860,0.442860,0.485975,-4311.50,-4311.50
2014-02-04,0.442860,0,0.442860,0.442860,0.485975,-4311.50,-4311.50
2014-02-05,0.442860,0,0.442860,0.442860,0.485975,-4311.50,-4311.50
2014-02-06,0.442860,0,0.442860,0.442860,0.485975,-4311.50,-4311.50
2014-02-07,0.442860,0,0.442860,0.442860,0.485975,-4311.50,-4311.50
2014-02-09,0.442860,0,0.442860,0.442860,0.485975,-4311.50,-4311.50
2014-02-10,0.442860,0,0.442860,0.442860,0.485975,-4311.50,-4311.50
2014-02-11,0.442860,0,0.442860,0.442860,0.485975,-4311.50,-4311.50
2014-02-12,0.442860,0,0.442860,0.442860,0.485975,-4311.50,-4311.50
2014-02-13,0.442860,0,0.442860,0.442860,0.485975,-4311.50,-4311.50
2014-02-14,0.442860,0,0.442860,0.442860,0.485975,-4311.50,-4311.50
2014-02-16,0.442860,0,0.442860,0.442860,0.485975,-4311.50,-4311.50
2014-02-17,0.442860,0,0.442860,0.442860,0.485975,-4311.50,-4311.50
2014-02-18,0.442860,0,0.442860,0.442860,0.485975,-4311.50,-4311.50
2014-02-19,0.442860,0,0.442860,0.442860,0.485975,-4311.50,-4311.50
2014-02-20,0.442860,0,0.442860,0.442860,0.485975,-4311.50,-4311.50
2014-02-21,0.442860,0,0.442860,0.442860,0.485975,-4311.50,-4311.50
2014-02-23,0.442860,0,0.442860,0.442860,0.485975,-4311.50,-4311.50
2014-02-24,0.442860,0,0.442860,0.442860,0.485975,-4311.50,-4311.50
2014-02-25,0.442860,0,0.442860,0.442860,0.485975,-4311.50,-4311.50
2014-02-26,0.442860,0,0.442860,0.442860,0.485975,-4311.50,-4311.50
2014-02-27,0.442860,0,0.442860,0.442860,0.485975,-4311.50,-4311.50
2014-02-28,0.442860,0,0.442860,0.442860,0.485975,-4311.50,-4311.50
2014-03-02,0.442860,0,0.442860,0.442860,0.485975,-4311.50,-4311.50
2014-03-03,0.442860,0,0.442860,0.442860,0.485975,-4311.50,-4311.50
2014-03-04,0.442860,0,0.442860,0.442860,0.485975,-4311.50,-4311.50
2014-03-05,0.442860,0,0.442860,0.442860,0.485975,-4311.50,-4311.50
2014-03-06,0.442860,3,0.464040,0.421410,0.485975,-2193.50,-6456.50
2014-03-07,0.442860,3,0.467640,0.460680,0.485975,-1833.50,-2529.50
2014-03-09,0.451695,1,0.460135,0.459395,0.485975,-2584.00,-2658.00
2014-03-10,0.451695,1,0.460015,0.458585,0.485975,-2596.00,-2739.00
2014-03-11,0.451695,1,0.458055,0.455805,0.485975,-2792.00,-3017.00
2014-03-12,0.451695,1,0.462655,0.456755,0.485975,-2332.00,-2922.00
2014-03-13,0.451695,1,0.458925,0.456985,0.485975,-2705.00,-2899.00
2014-03-14,0.451695,1,0.463685,0.457185,0.485975,-2229.00,-2879.00
2014-03-16,0.451695,1,0.463325,0.462695,0.485975,-2265.00,-2328.00
2014-03-17,0.451695,1,0.464955,0.460335,0.485975,-2102.00,-2564.00
2014-03-18,0.451695,1,0.465345,0.460415,0.485975,-2063.00,-2556.00
2014-03-19,0.451695,1,0.454235,0.453395,0.485975,-3174.00,-3258.00
2014-03-20,0.451695,1,0.450285,0.447365,0.485975,-3569.00,-3861.00
2014-03-21,0.450205,0,0.450205,0.450205,0.485975,-3577.00,-3577.00
2014-03-23,0.450205,0,0.450205,0.450205,0.485975,-3577.00,-3577.00
2014-03-24,0.450205,0,0.450205,0.450205,0.485975,-3577.00,-3577.00
2014-03-25,0.450205,0,0.450205,0.450205,0.485975,-3577.00,-3577.00
2014-03-26,0.450205,0,0.450205,0.450205,0.485975,-3577.00,-3577.00
2014-03-27,0.450205,0,0.450205,0.450205,0.485975,-3577.00,-3577.00
2014-03-28,0.450205,3,0.441295,0.434515,0.485975,-4468.00,-5146.00
2014-03-30,0.450205,3,0.440485,0.437335,0.485975,-4549.00,-4864.00
2014-03-31,0.450205,3,0.434245,0.424405,0.485975,-5173.00,-6157.00
2014-04-01,0.434005,0,0.434005,0.434005,0.485975,-5197.00,-5197.00
2014-04-02,0.434005,0,0.434005,0.434005,0.485975,-5197.00,-5197.00
2014-04-03,0.434005,0,0.434005,0.434005,0.485975,-5197.00,-5197.00
2014-04-04,0.434005,0,0.434005,0.434005,0.485975,-5197.00,-5197.00
2014-04-06,0.434005,0,0.434005,0.434005,0.485975,-5197.00,-5197.00
2014-04-07,0.434005,0,0.434005,0.434005,0.485975,-5197.00,-5197.00
2014-04-08,0.434005,0,0.434005,0.434005,0.485975,-5197.00,-5197.00
2014-04-09,0.434005,3,0.443605,0.421885,0.485975,-4237.00,-6409.00
2014-04-10,0.434005,3,0.453865,0.438715,0.485975,-3211.00,-4726.00
2014-04-11,0.436985,2,0.449785,0.445625,0.485975,-3619.00,-4035.00
2014-04-13,0.436985,2,0.442325,0.441245,0.485975,-4365.00,-4473.00
2014-04-14,0.436985,2,0.436025,0.434545,0.485975,-4995.00,-5143.00
2014-04-15,0.435865,0,0.435865,0.435865,0.485975,-5011.00,-5011.00
2014-04-16,0.435865,0,0.435865,0.435865,0.485975,-5011.00,-5011.00
2014-04-17,0.435865,0,0.435865,0.435865,0.485975,-5011.00,-5011.00
2014-04-18,0.435865,0,0.435865,0.435865,0.485975,-5011.00,-5011.00
2014-04-20,0.435865,0,0.435865,0.435865,0.485975,-5011.00,-5011.00
2014-04-21,0.435865,0,0.435865,0.435865,0.485975,-5011.00,-5011.00
2014-04-22,0.435865,0,0.435865,0.435865,0.485975,-5011.00,-5011.00
2014-04-23,0.435865,0,0.435865,0.435865,0.485975,-5011.00,-5011.00
2014-04-24,0.435865,0,0.435865,0.435865,0.485975,-5011.00,-5011.00
2014-04-25,0.435865,0,0.435865,0.435865,0.485975,-5011.00,-5011.00
2014-04-27,0.435865,0,0.435865,0.435865,0.485975,-5011.00,-5011.00
2014-04-28,0.435865,0,0.435865,0.435865,0.485975,-5011.00,-5011.00
2014-04-29,0.435865,0,0.435865,0.435865,0.485975,-5011.00,-5011.00
2014-04-30,0.435865,0,0.435865,0.435865,0.485975,-5011.00,-5011.00
2014-05-01,0.435865,0,0.435865,0.435865,0.485975,-5011.00,-5011.00
2014-05-02,0.435865,0,0.435865,0.435865,0.485975,-5011.00,-5011.00
2014-05-04,0.435865,0,0.435865,0.435865,0.485975,-5011.00,-5011.00
2014-05-05,0.435865,0,0.435865,0.435865,0.485975,-5011.00,-5011.00
2014-05-06,0.435865,0,0.435865,0.435865,0.485975,-5011.00,-5011.00
2014-05-07,0.435865,0,0.435865,0.435865,0.485975,-5011.00,-5011.00
2014-05-08,0.435865,0,0.435865,0.435865,0.485975,-5011.00,-5011.00
2014-05-09,0.435865,3,0.452905,0.426385,0.485975,-3307.00,-5959.00
2014-05-11,0.435865,3,0.451405,0.451195,0.485975,-3457.00,-3478.00
2014-05-12,0.437720,2,0.449060,0.445180,0.485975,-3691.50,-4079.50
2014-05-13,0.437720,2,0.458580,0.445860,0.485975,-2739.50,-4011.50
2014-05-14,0.445350,1,0.454800,0.453480,0.485975,-3117.50,-3249.50
2014-05-15,0.445350,1,0.454870,0.453340,0.485975,-3110.50,-3263.50
2014-05-16,0.445350,1,0.457300,0.453880,0.485975,-2867.50,-3209.50
2014-05-18,0.445350,1,0.456270,0.456270,0.485975,-2970.50,-2970.50
2014-05-19,0.445350,1,0.455320,0.453150,0.485975,-3065.50,-3282.50
2014-05-20,0.445350,1,0.456230,0.455180,0.485975,-2974.50,-3079.50
2014-05-21,0.445350,1,0.458390,0.454250,0.485975,-2758.50,-3172.50
2014-05-22,0.445350,1,0.461230,0.457860,0.485975,-2474.50,-2811.50
2014-05-23,0.445350,1,0.463810,0.461220,0.485975,-2216.50,-2475.50
2014-05-25,0.445350,1,0.463810,0.463490,0.485975,-2216.50,-2248.50
2014-05-26,0.445350,1,0.461380,0.461120,0.485975,-2459.50,-2485.50
2014-05-27,0.445350,1,0.463200,0.459710,0.485975,-2277.50,-2626.50
2014-05-28,0.445350,1,0.467370,0.462780,0.485975,-1860.50,-2319.50
2014-05-29,0.445350,1,0.466300,0.464010,0.485975,-1967.50,-2196.50
2014-05-30,0.445350,1,0.463250,0.461560,0.485975,-2272.50,-2441.50
2014-06-01,0.463170,0,0.463170,0.463170,0.485975,-2280.50,-2280.50
2014-06-02,0.463170,0,0.463170,0.463170,0.485975,-2280.50,-2280.50
2014-06-03,0.463170,0,0.463170,0.463170,0.485975,-2280.50,-2280.50
2014-06-04,0.463170,0,0.463170,0.463170,0.485975,-2280.50,-2280.50
2014-06-05,0.463170,0,0.463170,0.463170,0.485975,-2280.50,-2280.50
2014-06-06,0.463170,0,0.463170,0.463170,0.485975,-2280.50,-2280.50
2014-06-08,0.463170,0,0.463170,0.463170,0.485975,-2280.50,-2280.50
2014-06-09,0.463170,3,0.461700,0.438780,0.485975,-2427.50,-4719.50
2014-06-10,0.463170,3,0.477630,0.458850,0.485975,-834.50,-2712.50
2014-06-11,0.464607,2,0.474947,0.470667,0.485975,-1102.75,-1530.75
2014-06-12,0.470567,1,0.474257,0.472117,0.485975,-1171.75,-1385.75
2014-06-13,0.470567,1,0.475767,0.471407,0.485975,-1020.75,-1456.75
2014-06-15,0.470567,1,0.475717,0.475237,0.485975,-1025.75,-1073.75
2014-06-16,0.470567,1,0.471737,0.471367,0.485975,-1423.75,-1460.75
2014-06-17,0.470567,1,0.474437,0.470607,0.485975,-1153.75,-1536.75
2014-06-18,0.470567,1,0.470357,0.469377,0.485975,-1561.75,-1659.75
2014-06-19,0.470277,0,0.470277,0.470277,0.485975,-1569.75,-1569.75
2014-06-20,0.470277,0,0.470277,0.470277,0.485975,-1569.75,-1569.75
2014-06-22,0.470277,0,0.470277,0.470277,0.485975,-1569.75,-1569.75
2014-06-23,0.470277,0,0.470277,0.470277,0.485975,-1569.75,-1569.75
2014-06-24,0.470277,0,0.470277,0.470277,0.485975,-1569.75,-1569.75
2014-06-25,0.470277,3,0.464247,0.456057,0.485975,-2172.75,-2991.75
2014-06-26,0.470277,3,0.459327,0.448767,0.485975,-2664.75,-3720.75
2014-06-27,0.470277,3,0.470367,0.458907,0.485975,-1560.75,-2706.75
2014-06-29,0.470277,3,0.468927,0.468657,0.485975,-1704.75,-1731.75
2014-06-30,0.470277,3,0.483327,0.467967,0.485975,-264.75,-1800.75
2014-07-01,0.480255,0,0.480255,0.480255,0.485975,-572.00,-572.00
2014-07-02,0.480255,0,0.480255,0.480255,0.485975,-572.00,-572.00
2014-07-03,0.480255,0,0.480255,0.480255,0.485975,-572.00,-572.00
2014-07-04,0.480255,0,0.480255,0.480255,0.485975,-572.00,-572.00
2014-07-06,0.480255,0,0.480255,0.480255,0.485975,-572.00,-572.00
2014-07-07,0.480255,0,0.480255,0.480255,0.485975,-572.00,-572.00
2014-07-08,0.480255,0,0.480255,0.480255,0.485975,-572.00,-572.00
2014-07-09,0.480255,0,0.480255,0.480255,0.485975,-572.00,-572.00
2014-07-10,0.480255,0,0.480255,0.480255,0.485975,-572.00,-572.00
2014-07-11,0.480255,0,0.480255,0.480255,0.485975,-572.00,-572.00
2014-07-13,0.480255,0,0.480255,0.480255,0.485975,-572.00,-572.00
2014-07-14,0.480255,0,0.480255,0.480255,0.485975,-572.00,-572.00
2014-07-15,0.480255,0,0.480255,0.480255,0.485975,-572.00,-572.00
2014-07-16,0.480255,0,0.480255,0.480255,0.485975,-572.00,-572.00
2014-07-17,0.480255,0,0.480255,0.480255,0.485975,-572.00,-572.00
2014-07-18,0.480255,0,0.480255,0.480255,0.485975,-572.00,-572.00
2014-07-20,0.480255,0,0.480255,0.480255,0.485975,-572.00,-572.00
2014-07-21,0.480255,0,0.480255,0.480255,0.485975,-572.00,-572.00
2014-07-22,0.480255,0,0.480255,0.480255,0.485975,-572.00,-572.00
2014-07-23,0.480255,0,0.480255,0.480255,0.485975,-572.00,-572.00
2014-07-24,0.480255,0,0.480255,0.480255,0.485975,-572.00,-572.00
2014-07-25,0.480255,0,0.480255,0.480255,0.485975,-572.00,-572.00
2014-07-27,0.480255,0,0.480255,0.480255,0.485975,-572.00,-572.00
2014-07-28,0.480255,0,0.480255,0.480255,0.485975,-572.00,-572.00
2014-07-29,0.480255,0,0.480255,0.480255,0.485975,-572.00,-572.00
2014-07-30,0.480255,0,0.480255,0.480255,0.485975,-572.00,-572.00
2014-07-31,0.480255,0,0.480255,0.480255,0.485975,-572.00,-572.00
2014-08-01,0.480255,0,0.480255,0.480255,0.485975,-572.00,-572.00
2014-08-03,0.480255,0,0.480255,0.480255,0.485975,-572.00,-572.00
2014-08-04,0.480255,0,0.480255,0.480255,0.485975,-572.00,-572.00
2014-08-05,0.480255,0,0.480255,0.480255,0.485975,-572.00,-572.00
2014-08-06,0.480255,0,0.480255,0.480255,0.485975,-572.00,-572.00
2014-08-07,0.480255,0,0.480255,0.480255,0.485975,-572.00,-572.00
2014-08-08,0.480255,0,0.480255,0.480255,0.485975,-572.00,-572.00
2014-08-10,0.480255,0,0.480255,0.480255,0.485975,-572.00,-572.00
2014-08-11,0.480255,0,0.480255,0.480255,0.485975,-572.00,-572.00
2014-08-12,0.480255,0,0.480255,0.480255,0.485975,-572.00,-572.00
2014-08-13,0.480255,0,0.480255,0.480255,0.485975,-572.00,-572.00
2014-08-14,0.480255,0,0.480255,0.480255,0.485975,-572.00,-572.00
2014-08-15,0.480255,0,0.480255,0.480255,0.485975,-572.00,-572.00
2014-08-17,0.480255,0,0.480255,0.480255,0.485975,-572.00,-572.00
2014-08-18,0.480255,0,0.480255,0.480255,0.485975,-572.00,-572.00
2014-08-19,0.480255,0,0.480255,0.480255,0.485975,-572.00,-572.00
2014-08-20,0.480255,0,0.480255,0.480255,0.485975,-572.00,-572.00
2014-08-21,0.480255,0,0.480255,0.480255,0.485975,-572.00,-572.00
2014-08-22,0.480255,0,0.480255,0.480255,0.485975,-572.00,-572.00
2014-08-24,0.480255,0,0.480255,0.480255,0.485975,-572.00,-572.00
2014-08-25,0.480255,0,0.480255,0.480255,0.485975,-572.00,-572.00
2014-08-26,0.480255,0,0.480255,0.480255,0.485975,-572.00,-572.00
2014-08-27,0.480255,0,0.480255,0.480255,0.485975,-572.00,-572.00
2014-08-28,0.480255,0,0.480255,0.480255,0.485975,-572.00,-572.00
2014-08-29,0.480255,0,0.480255,0.480255,0.485975,-572.00,-572.00
2014-08-31,0.480255,0,0.480255,0.480255,0.485975,-572.00,-572.00
2014-09-01,0.480255,0,0.480255,0.480255,0.485975,-572.00,-572.00
2014-09-02,0.480255,0,0.480255,0.480255,0.485975,-572.00,-572.00
2014-09-03,0.480255,0,0.480255,0.480255,0.485975,-572.00,-572.00
2014-09-04,0.480255,0,0.480255,0.480255,0.485975,-572.00,-572.00
2014-09-05,0.480255,0,0.480255,0.480255,0.485975,-572.00,-572.00
2014-09-07,0.480255,0,0.480255,0.480255,0.485975,-572.00,-572.00
2014-09-08,0.480255,0,0.480255,0.480255,0.485975,-572.00,-572.00
2014-09-09,0.480255,0,0.480255,0.480255,0.485975,-572.00,-572.00
2014-09-10,0.480255,0,0.480255,0.480255,0.485975,-572.00,-572.00
2014-09-11,0.480255,0,0.480255,0.480255,0.485975,-572.00,-572.00
2014-09-12,0.480255,0,0.480255,0.480255,0.485975,-572.00,-572.00
2014-09-14,0.480255,0,0.480255,0.480255,0.485975,-572.00,-572.00
2014-09-15,0.480255,0,0.480255,0.480255,0.485975,-572.00,-572.00
2014-09-16,0.480255,0,0.480255,0.480255,0.485975,-572.00,-572.00
2014-09-17,0.480255,0,0.480255,0.480255,0.485975,-572.00,-572.00
2014-09-18,0.480255,0,0.480255,0.480255,0.485975,-572.00,-572.00
2014-09-19,0.480255,0,0.480255,0.480255,0.485975,-572.00,-572.00
2014-09-21,0.480255,0,0.480255,0.480255,0.485975,-572.00,-572.00
2014-09-22,0.480255,0,0.480255,0.480255,0.485975,-572.00,-572.00
2014-09-23,0.480255,0,0.480255,0.480255,0.485975,-572.00,-572.00
2014-09-24,0.480255,0,0.480255,0.480255,0.485975,-572.00,-572.00
2014-09-25,0.480255,0,0.480255,0.480255,0.485975,-572.00,-572.00
2014-09-26,0.480255,0,0.480255,0.480255,0.485975,-572.00,-572.00
2014-09-28,0.480255,0,0.480255,0.480255,0.485975,-572.00,-572.00
2014-09-29,0.480255,0,0.480255,0.480255,0.485975,-572.00,-572.00
2014-09-30,0.480255,0,0.480255,0.480255,0.485975,-572.00,-572.00
2014-10-01,0.480255,0,0.480255,0.480255,0.485975,-572.00,-572.00
2014-10-02,0.480255,0,0.480255,0.480255,0.485975,-572.00,-572.00
2014-10-03,0.480255,0,0.480255,0.480255,0.485975,-572.00,-572.00
2014-10-05,0.480255,0,0.480255,0.480255,0.485975,-572.00,-572.00
2014-10-06,0.480255,0,0.480255,0.480255,0.485975,-572.00,-572.00
2014-10-07,0.480255,0,0.480255,0.480255,0.485975,-572.00,-572.00
2014-10-08,0.480255,0,0.480255,0.480255,0.485975,-572.00,-572.00
2014-10-09,0.480255,0,0.480255,0.480255,0.485975,-572.00,-572.00
2014-10-10,0.480255,0,0.480255,0.480255,0.485975,-572.00,-572.00
2014-10-12,0.480255,0,0.480255,0.480255,0.485975,-572.00,-572.00
2014-10-13,0.480255,0,0.480255,0.480255,0.485975,-572.00,-572.00
2014-10-14,0.480255,0,0.480255,0.480255,0.485975,-572.00,-572.00
2014-10-15,0.480255,0,0.480255,0.480255,0.485975,-572.00,-572.00
2014-10-16,0.480255,0,0.480255,0.480255,0.485975,-572.00,-572.00
2014-10-17,0.480255,0,0.480255,0.480255,0.485975,-572.00,-572.00
2014-10-19,0.480255,0,0.480255,0.480255,0.485975,-572.00,-572.00
2014-10-20,0.480255,0,0.480255,0.480255,0.485975,-572.00,-572.00
2014-10-21,0.480255,0,0.480255,0.480255,0.485975,-572.00,-572.00
2014-10-22,0.480255,0,0.480255,0.480255,0.485975,-572.00,-572.00
2014-10-23,0.480255,0,0.480255,0.480255,0.485975,-572.00,-572.00
2014-10-24,0.480255,0,0.480255,0.480255,0.485975,-572.00,-572.00
2014-10-26,0.480255,0,0.480255,0.480255,0.485975,-572.00,-572.00
2014-10-27,0.480255,0,0.480255,0.480255,0.485975,-572.00,-572.00
2014-10-28,0.480255,0,0.480255,0.480255,0.485975,-572.00,-572.00
2014-10-29,0.480255,0,0.480255,0.480255,0.485975,-572.00,-572.00
2014-10-30,0.480255,0,0.480255,0.480255,0.485975,-572.00,-572.00
2014-10-31,0.480255,3,0.473655,0.447705,0.485975,-1232.00,-3827.00
2014-11-02,0.473415,0,0.473415,0.473415,0.485975,-1256.00,-1256.00
2014-11-03,0.473415,0,0.473415,0.473415,0.485975,-1256.00,-1256.00
2014-11-04,0.473415,0,0.473415,0.473415,0.485975,-1256.00,-1256.00
2014-11-05,0.473415,0,0.473415,0.473415,0.485975,-1256.00,-1256.00
2014-11-06,0.473415,0,0.473415,0.473415,0.485975,-1256.00,-1256.00
2014-11-07,0.473415,0,0.473415,0.473415,0.485975,-1256.00,-1256.00
2014-11-09,0.473415,0,0.473415,0.473415,0.485975,-1256.00,-1256.00
2014-11-10,0.473415,0,0.473415,0.473415,0.485975,-1256.00,-1256.00
2014-11-11,0.473415,0,0.473415,0.473415,0.485975,-1256.00,-1256.00
2014-11-12,0.473415,0,0.473415,0.473415,0.485975,-1256.00,-1256.00
2014-11-13,0.473415,0,0.473415,0.473415,0.485975,-1256.00,-1256.00
2014-11-14,0.473415,0,0.473415,0.473415,0.485975,-1256.00,-1256.00
2014-11-16,0.473415,0,0.473415,0.473415,0.485975,-1256.00,-1256.00
2014-11-17,0.473415,3,0.435195,0.433245,0.485975,-5078.00,-5273.00
2014-11-18,0.473415,3,0.459855,0.434925,0.485975,-2612.00,-5105.00
2014-11-19,0.473415,3,0.462345,0.453885,0.485975,-2363.00,-3209.00
2014-11-20,0.473415,3,0.463125,0.451455,0.485975,-2285.00,-3452.00
2014-11-21,0.473415,3,0.416325,0.412695,0.485975,-6965.00,-7328.00
2014-11-23,0.416085,0,0.416085,0.416085,0.485975,-6989.00,-6989.00
2014-11-24,0.416085,3,0.397395,0.394155,0.485975,-8858.00,-9182.00
2014-11-25,0.416085,3,0.383685,0.381465,0.485975,-10229.00,-10451.00
2014-11-26,0.416085,3,0.376275,0.368175,0.485975,-10970.00,-11780.00
2014-11-27,0.416085,3,0.389685,0.370485,0.485975,-9629.00,-11549.00
2014-11-28,0.416085,3,0.392625,0.380475,0.485975,-9335.00,-10550.00
2014-11-30,0.416085,3,0.396555,0.388305,0.485975,-8942.00,-9767.00
2014-12-01,0.396315,0,0.396315,0.396315,0.485975,-8966.00,-8966.00
2014-12-02,0.396315,0,0.396315,0.396315,0.485975,-8966.00,-8966.00
2014-12-03,0.396315,0,0.396315,0.396315,0.485975,-8966.00,-8966.00
2014-12-04,0.396315,0,0.396315,0.396315,0.485975,-8966.00,-8966.00
2014-12-05,0.396315,0,0.396315,0.396315,0.485975,-8966.00,-8966.00
2014-12-07,0.396315,0,0.396315,0.396315,0.485975,-8966.00,-8966.00
2014-12-08,0.396315,0,0.396315,0.396315,0.485975,-8966.00,-8966.00
2014-12-09,0.396315,0,0.396315,0.396315,0.485975,-8966.00,-8966.00
2014-12-10,0.396315,0,0.396315,0.396315,0.485975,-8966.00,-8966.00
2014-12-11,0.396315,0,0.396315,0.396315,0.485975,-8966.00,-8966.00
2014-12-12,0.396315,0,0.396315,0.396315,0.485975,-8966.00,-8966.00
2014-12-14,0.396315,0,0.396315,0.396315,0.485975,-8966.00,-8966.00
2014-12-15,0.396315,0,0.396315,0.396315,0.485975,-8966.00,-8966.00
2014-12-16,0.396315,3,0.397455,0.374925,0.485975,-8852.00,-11105.00
2014-12-17,0.396315,3,0.345315,0.340545,0.485975,-14066.00,-14543.00
2014-12-18,0.396315,3,0.330765,0.323985,0.485975,-15521.00,-16199.00
2014-12-19,0.330525,0,0.330525,0.330525,0.485975,-15545.00,-15545.00
2014-12-21,0.330525,3,0.330015,0.329445,0.485975,-15596.00,-15653.00
2014-12-22,0.330525,3,0.330465,0.315615,0.485975,-15551.00,-17036.00
2014-12-23,0.330525,3,0.344805,0.323685,0.485975,-14117.00,-16229.00
2014-12-24,0.335592,2,0.341932,0.336132,0.485975,-14404.25,-14984.25
2014-12-25,0.335592,2,0.338572,0.334492,0.485975,-14740.25,-15148.25
2014-12-26,0.335592,2,0.344612,0.335792,0.485975,-14136.25,-15018.25
2014-12-28,0.335592,2,0.346512,0.344072,0.485975,-13946.25,-14190.25
2014-12-29,0.335592,2,0.349492,0.335952,0.485975,-13648.25,-15002.25
2014-12-30,0.335592,2,0.347892,0.342692,0.485975,-13808.25,-14328.25
2014-12-31,0.335592,2,0.360632,0.346212,0.485975,-12534.25,-13976.25
2015-01-01,0.360472,0,0.360472,0.360472,0.485975,-12550.25,-12550.25
2015-01-02,0.360472,0,0.360472,0.360472,0.485975,-12550.25,-12550.25
2015-01-04,0.360472,0,0.360472,0.360472,0.485975,-12550.25,-12550.25
2015-01-05,0.360472,0,0.360472,0.360472,0.485975,-12550.25,-12550.25
2015-01-06,0.360472,0,0.360472,0.360472,0.485975,-12550.25,-12550.25
2015-01-07,0.360472,0,0.360472,0.360472,0.485975,-12550.25,-12550.25
2015-01-08,0.360472,0,0.360472,0.360472,0.485975,-12550.25,-12550.25
2015-01-09,0.360472,0,0.360472,0.360472,0.485975,-12550.25,-12550.25
2015-01-11,0.360472,0,0.360472,0.360472,0.485975,-12550.25,-12550.25
2015-01-12,0.360472,0,0.360472,0.360472,0.485975,-12550.25,-12550.25
2015-01-13,0.360472,0,0.360472,0.360472,0.485975,-12550.25,-12550.25
2015-01-14,0.360472,0,0.360472,0.360472,0.485975,-12550.25,-12550.25
2015-01-15,0.360472,0,0.360472,0.360472,0.485975,-12550.25,-12550.25
2015-01-16,0.360472,0,0.360472,0.360472,0.485975,-12550.25,-12550.25
2015-01-18,0.360472,0,0.360472,0.360472,0.485975,-12550.25,-12550.25
2015-01-19,0.360472,0,0.360472,0.360472,0.485975,-12550.25,-12550.25
2015-01-20,0.360472,0,0.360472,0.360472,0.485975,-12550.25,-12550.25
2015-01-21,0.360472,0,0.360472,0.360472,0.485975,-12550.25,-12550.25
2015-01-22,0.360472,0,0.360472,0.360472,0.485975,-12550.25,-12550.25
2015-01-23,0.360472,0,0.360472,0.360472,0.485975,-12550.25,-12550.25
2015-01-25,0.360472,0,0.360472,0.360472,0.485975,-12550.25,-12550.25
2015-01-26,0.360472,0,0.360472,0.360472,0.485975,-12550.25,-12550.25
2015-01-27,0.360472,0,0.360472,0.360472,0.485975,-12550.25,-12550.25
2015-01-28,0.360472,0,0.360472,0.360472,0.485975,-12550.25,-12550.25
2015-01-29,0.360472,0,0.360472,0.360472,0.485975,-12550.25,-12550.25
2015-01-30,0.360472,0,0.360472,0.360472,0.485975,-12550.25,-12550.25
2015-02-01,0.360472,0,0.360472,0.360472,0.485975,-12550.25,-12550.25
2015-02-02,0.360472,0,0.360472,0.360472,0.485975,-12550.25,-12550.25
2015-02-03,0.360472,0,0.360472,0.360472,0.485975,-12550.25,-12550.25
2015-02-04,0.360472,0,0.360472,0.360472,0.485975,-12550.25,-12550.25
2015-02-05,0.360472,0,0.360472,0.360472,0.485975,-12550.25,-12550.25
2015-02-06,0.360472,0,0.360472,0.360472,0.485975,-12550.25,-12550.25
2015-02-08,0.360472,0,0.360472,0.360472,0.485975,-12550.25,-12550.25
2015-02-09,0.360472,0,0.360472,0.360472,0.485975,-12550.25,-12550.25
2015-02-10,0.360472,0,0.360472,0.360472,0.485975,-12550.25,-12550.25
2015-02-11,0.360472,0,0.360472,0.360472,0.485975,-12550.25,-12550.25
2015-02-12,0.360472,0,0.360472,0.360472,0.485975,-12550.25,-12550.25
2015-02-13,0.360472,0,0.360472,0.360472,0.485975,-12550.25,-12550.25
2015-02-15,0.360472,0,0.360472,0.360472,0.485975,-12550.25,-12550.25
2015-02-16,0.360472,0,0.360472,0.360472,0.485975,-12550.25,-12550.25
2015-02-17,0.360472,0,0.360472,0.360472,0.485975,-12550.25,-12550.25
2015-02-18,0.360472,0,0.360472,0.360472,0.485975,-12550.25,-12550.25
2015-02-19,0.360472,0,0.360472,0.360472,0.485975,-12550.25,-12550.25
2015-02-20,0.360472,0,0.360472,0.360472,0.485975,-12550.25,-12550.25
2015-02-22,0.360472,0,0.360472,0.360472,0.485975,-12550.25,-12550.25
2015-02-23,0.360472,0,0.360472,0.360472,0.485975,-12550.25,-12550.25
2015-02-24,0.360472,0,0.360472,0.360472,0.485975,-12550.25,-12550.25
2015-02-25,0.360472,0,0.360472,0.360472,0.485975,-12550.25,-12550.25
2015-02-26,0.360472,0,0.360472,0.360472,0.485975,-12550.25,-12550.25
2015-02-27,0.360472,0,0.360472,0.360472,0.485975,-12550.25,-12550.25
2015-03-01,0.360472,0,0.360472,0.360472,0.485975,-12550.25,-12550.25
2015-03-02,0.360472,0,0.360472,0.360472,0.485975,-12550.25,-12550.25
2015-03-03,0.360472,0,0.360472,0.360472,0.485975,-12550.25,-12550.25
2015-03-04,0.360472,0,0.360472,0.360472,0.485975,-12550.25,-12550.25
2015-03-05,0.360472,0,0.360472,0.360472,0.485975,-12550.25,-12550.25
2015-03-06,0.360472,0,0.360472,0.360472,0.485975,-12550.25,-12550.25
2015-03-08,0.360472,0,0.360472,0.360472,0.485975,-12550.25,-12550.25
2015-03-09,0.360472,0,0.360472,0.360472,0.485975,-12550.25,-12550.25
2015-03-10,0.360472,0,0.360472,0.360472,0.485975,-12550.25,-12550.25
2015-03-11,0.360472,0,0.360472,0.360472,0.485975,-12550.25,-12550.25
2015-03-12,0.360472,0,0.360472,0.360472,0.485975,-12550.25,-12550.25
2015-03-13,0.360472,0,0.360472,0.360472,0.485975,-12550.25,-12550.25
2015-03-15,0.360472,0,0.360472,0.360472,0.485975,-12550.25,-12550.25
2015-03-16,0.360472,0,0.360472,0.360472,0.485975,-12550.25,-12550.25
2015-03-17,0.360472,0,0.360472,0.360472,0.485975,-12550.25,-12550.25
2015-03-18,0.360472,0,0.360472,0.360472,0.485975,-12550.25,-12550.25
2015-03-19,0.360472,0,0.360472,0.360472,0.485975,-12550.25,-12550.25
2015-03-20,0.360472,0,0.360472,0.360472,0.485975,-12550.25,-12550.25
2015-03-22,0.360472,0,0.360472,0.360472,0.485975,-12550.25,-12550.25
2015-03-23,0.360472,0,0.360472,0.360472,0.485975,-12550.25,-12550.25
2015-03-24,0.360472,0,0.360472,0.360472,0.485975,-12550.25,-12550.25
2015-03-25,0.360472,0,0.360472,0.360472,0.485975,-12550.25,-12550.25
2015-03-26,0.360472,0,0.360472,0.360472,0.485975,-12550.25,-12550.25
2015-03-27,0.360472,0,0.360472,0.360472,0.485975,-12550.25,-12550.25
2015-03-29,0.360472,0,0.360472,0.360472,0.485975,-12550.25,-12550.25
2015-03-30,0.360472,0,0.360472,0.360472,0.485975,-12550.25,-12550.25
2015-03-31,0.360472,0,0.360472,0.360472,0.485975,-12550.25,-12550.25
2015-04-01,0.360472,0,0.360472,0.360472,0.485975,-12550.25,-12550.25
2015-04-02,0.360472,0,0.360472,0.360472,0.485975,-12550.25,-12550.25
2015-04-03,0.360472,0,0.360472,0.360472,0.485975,-12550.25,-12550.25
2015-04-05,0.360472,0,0.360472,0.360472,0.485975,-12550.25,-12550.25
2015-04-06,0.360472,0,0.360472,0.360472,0.485975,-12550.25,-12550.25
2015-04-07,0.360472,0,0.360472,0.360472,0.485975,-12550.25,-12550.25
2015-04-08,0.360472,0,0.360472,0.360472,0.485975,-12550.25,-12550.25
2015-04-09,0.360472,3,0.376012,0.339382,0.485975,-10996.25,-14659.25
2015-04-10,0.360472,3,0.395302,0.370852,0.485975,-9067.25,-11512.25
2015-04-12,0.368117,2,0.390497,0.388377,0.485975,-9547.75,-9759.75
2015-04-13,0.368117,2,0.397397,0.387977,0.485975,-8857.75,-9799.75
2015-04-14,0.368117,2,0.382457,0.370297,0.485975,-10351.75,-11567.75
2015-04-15,0.368117,2,0.376517,0.371437,0.485975,-10945.75,-11453.75
2015-04-16,0.368117,2,0.360177,0.348277,0.485975,-12579.75,-13769.75
2015-04-17,0.360017,0,0.360017,0.360017,0.485975,-12595.75,-12595.75
2015-04-19,0.360017,0,0.360017,0.360017,0.485975,-12595.75,-12595.75
2015-04-20,0.360017,0,0.360017,0.360017,0.485975,-12595.75,-12595.75
2015-04-21,0.360017,0,0.360017,0.360017,0.485975,-12595.75,-12595.75
2015-04-22,0.360017,0,0.360017,0.360017,0.485975,-12595.75,-12595.75
2015-04-23,0.360017,0,0.360017,0.360017,0.485975,-12595.75,-12595.75
2015-04-24,0.360017,0,0.360017,0.360017,0.485975,-12595.75,-12595.75
2015-04-26,0.360017,0,0.360017,0.360017,0.485975,-12595.75,-12595.75
2015-04-27,0.360017,0,0.360017,0.360017,0.485975,-12595.75,-12595.75
2015-04-28,0.360017,0,0.360017,0.360017,0.485975,-12595.75,-12595.75
2015-04-29,0.360017,3,0.385517,0.339737,0.485975,-10045.75,-14623.75
2015-04-30,0.360017,3,0.415367,0.373247,0.485975,-7060.75,-11272.75
2015-05-01,0.404402,0,0.404402,0.404402,0.485975,-8157.25,-8157.25
2015-05-03,0.404402,0,0.404402,0.404402,0.485975,-8157.25,-8157.25
2015-05-04,0.404402,0,0.404402,0.404402,0.485975,-8157.25,-8157.25
2015-05-05,0.404402,0,0.404402,0.404402,0.485975,-8157.25,-8157.25
2015-05-06,0.404402,3,0.419102,0.369872,0.485975,-6687.25,-11610.25
2015-05-07,0.404402,3,0.390692,0.385832,0.485975,-9528.25,-10014.25
2015-05-08,0.399212,0,0.399212,0.399212,0.485975,-8676.25,-8676.25
2015-05-10,0.399212,0,0.399212,0.399212,0.485975,-8676.25,-8676.25
2015-05-11,0.399212,0,0.399212,0.399212,0.485975,-8676.25,-8676.25
2015-05-12,0.399212,0,0.399212,0.399212,0.485975,-8676.25,-8676.25
2015-05-13,0.399212,0,0.399212,0.399212,0.485975,-8676.25,-8676.25
2015-05-14,0.399212,0,0.399212,0.399212,0.485975,-8676.25,-8676.25
2015-05-15,0.399212,0,0.399212,0.399212,0.485975,-8676.25,-8676.25
2015-05-17,0.399212,0,0.399212,0.399212,0.485975,-8676.25,-8676.25
2015-05-18,0.399212,0,0.399212,0.399212,0.485975,-8676.25,-8676.25
2015-05-19,0.399212,3,0.393272,0.338252,0.485975,-9270.25,-14772.25
2015-05-20,0.399212,3,0.405662,0.390362,0.485975,-8031.25,-9561.25
2015-05-21,0.403322,2,0.406042,0.391602,0.485975,-7993.25,-9437.25
2015-05-22,0.403322,2,0.426382,0.386202,0.485975,-5959.25,-9977.25
2015-05-24,0.403322,2,0.429642,0.425962,0.485975,-5633.25,-6001.25
2015-05-25,0.403322,2,0.434222,0.426522,0.485975,-5175.25,-5945.25
2015-05-26,0.403322,2,0.450582,0.433742,0.485975,-3539.25,-5223.25
2015-05-27,0.419972,1,0.442492,0.439342,0.485975,-4348.25,-4663.25
2015-05-28,0.419972,1,0.436002,0.434822,0.485975,-4997.25,-5115.25
2015-05-29,0.419972,1,0.433932,0.431622,0.485975,-5204.25,-5435.25
2015-05-31,0.419972,1,0.436532,0.433392,0.485975,-4944.25,-5258.25
2015-06-01,0.436452,0,0.436452,0.436452,0.485975,-4952.25,-4952.25
2015-06-02,0.436452,0,0.436452,0.436452,0.485975,-4952.25,-4952.25
2015-06-03,0.436452,0,0.436452,0.436452,0.485975,-4952.25,-4952.25
2015-06-04,0.436452,0,0.436452,0.436452,0.485975,-4952.25,-4952.25
2015-06-05,0.436452,0,0.436452,0.436452,0.485975,-4952.25,-4952.25
2015-06-07,0.436452,0,0.436452,0.436452,0.485975,-4952.25,-4952.25
2015-06-08,0.436452,0,0.436452,0.436452,0.485975,-4952.25,-4952.25
2015-06-09,0.436452,0,0.436452,0.436452,0.485975,-4952.25,-4952.25
2015-06-10,0.436452,0,0.436452,0.436452,0.485975,-4952.25,-4952.25
2015-06-11,0.436452,0,0.436452,0.436452,0.485975,-4952.25,-4952.25
2015-06-12,0.436452,0,0.436452,0.436452,0.485975,-4952.25,-4952.25
2015-06-14,0.436452,0,0.436452,0.436452,0.485975,-4952.25,-4952.25
2015-06-15,0.436452,0,0.436452,0.436452,0.485975,-4952.25,-4952.25
2015-06-16,0.436452,0,0.436452,0.436452,0.485975,-4952.25,-4952.25
2015-06-17,0.436452,0,0.436452,0.436452,0.485975,-4952.25,-4952.25
2015-06-18,0.436452,0,0.436452,0.436452,0.485975,-4952.25,-4952.25
2015-06-19,0.436452,0,0.436452,0.436452,0.485975,-4952.25,-4952.25
2015-06-21,0.436452,0,0.436452,0.436452,0.485975,-4952.25,-4952.25
2015-06-22,0.436452,0,0.436452,0.436452,0.485975,-4952.25,-4952.25
2015-06-23,0.436452,0,0.436452,0.436452,0.485975,-4952.25,-4952.25
2015-06-24,0.436452,0,0.436452,0.436452,0.485975,-4952.25,-4952.25
2015-06-25,0.436452,0,0.436452,0.436452,0.485975,-4952.25,-4952.25
2015-06-26,0.436452,0,0.436452,0.436452,0.485975,-4952.25,-4952.25
2015-06-28,0.436452,0,0.436452,0.436452,0.485975,-4952.25,-4952.25
2015-06-29,0.436452,0,0.436452,0.436452,0.485975,-4952.25,-4952.25
2015-06-30,0.436452,0,0.436452,0.436452,0.485975,-4952.25,-4952.25
2015-07-01,0.436452,0,0.436452,0.436452,0.485975,-4952.25,-4952.25
2015-07-02,0.436452,0,0.436452,0.436452,0.485975,-4952.25,-4952.25
2015-07-03,0.436452,0,0.436452,0.436452,0.485975,-4952.25,-4952.25
2015-07-05,0.436452,0,0.436452,0.436452,0.485975,-4952.25,-4952.25
2015-07-06,0.436452,0,0.436452,0.436452,0.485975,-4952.25,-4952.25
2015-07-07,0.436452,0,0.436452,0.436452,0.485975,-4952.25,-4952.25
2015-07-08,0.436452,0,0.436452,0.436452,0.485975,-4952.25,-4952.25
2015-07-09,0.436452,0,0.436452,0.436452,0.485975,-4952.25,-4952.25
2015-07-10,0.436452,3,0.430602,0.401502,0.485975,-5537.25,-8447.25
2015-07-12,0.436452,3,0.423792,0.412572,0.485975,-6218.25,-7340.25
2015-07-13,0.436452,3,0.379782,0.379332,0.485975,-10619.25,-10664.25
2015-07-14,0.379542,0,0.379542,0.379542,0.485975,-10643.25,-10643.25
2015-07-15,0.379542,3,0.400122,0.370752,0.485975,-8585.25,-11522.25
2015-07-16,0.379542,3,0.416412,0.396942,0.485975,-6956.25,-8903.25
2015-07-17,0.396802,1,0.414632,0.406732,0.485975,-7134.25,-7924.25
2015-07-19,0.396802,1,0.414422,0.413022,0.485975,-7155.25,-7295.25
2015-07-20,0.396802,1,0.414092,0.410402,0.485975,-7188.25,-7557.25
2015-07-21,0.396802,1,0.403782,0.400572,0.485975,-8219.25,-8540.25
2015-07-22,0.396802,1,0.405022,0.400762,0.485975,-8095.25,-8521.25
2015-07-23,0.396802,1,0.398712,0.395632,0.485975,-8726.25,-9034.25
2015-07-24,0.396802,1,0.399302,0.397852,0.485975,-8667.25,-8812.25
2015-07-26,0.396802,1,0.400212,0.399152,0.485975,-8576.25,-8682.25
2015-07-27,0.396802,1,0.388582,0.384502,0.485975,-9739.25,-10147.25
2015-07-28,0.388502,0,0.388502,0.388502,0.485975,-9747.25,-9747.25
2015-07-29,0.388502,0,0.388502,0.388502,0.485975,-9747.25,-9747.25
2015-07-30,0.388502,0,0.388502,0.388502,0.485975,-9747.25,-9747.25
2015-07-31,0.388502,0,0.388502,0.388502,0.485975,-9747.25,-9747.25
2015-08-02,0.388502,0,0.388502,0.388502,0.485975,-9747.25,-9747.25
2015-08-03,0.388502,0,0.388502,0.388502,0.485975,-9747.25,-9747.25
2015-08-04,0.388502,0,0.388502,0.388502,0.485975,-9747.25,-9747.25
2015-08-05,0.388502,0,0.388502,0.388502,0.485975,-9747.25,-9747.25
2015-08-06,0.388502,0,0.388502,0.388502,0.485975,-9747.25,-9747.25
2015-08-07,0.388502,0,0.388502,0.388502,0.485975,-9747.25,-9747.25
2015-08-09,0.388502,0,0.388502,0.388502,0.485975,-9747.25,-9747.25
2015-08-10,0.388502,3,0.394412,0.367382,0.485975,-9156.25,-11859.25
2015-08-11,0.388502,3,0.402272,0.377882,0.485975,-8370.25,-10809.25
2015-08-12,0.391352,2,0.423112,0.397032,0.485975,-6286.25,-8894.25
2015-08-13,0.402962,1,0.419192,0.411382,0.485975,-6678.25,-7459.25
2015-08-14,0.402962,1,0.414172,0.413162,0.485975,-7180.25,-7281.25
2015-08-16,0.402962,1,0.412782,0.412512,0.485975,-7319.25,-7346.25
2015-08-17,0.402962,1,0.410932,0.409262,0.485975,-7504.25,-7671.25
2015-08-18,0.402962,1,0.406362,0.405132,0.485975,-7961.25,-8084.25
2015-08-19,0.402962,1,0.415192,0.405162,0.485975,-7078.25,-8081.25
2015-08-20,0.402962,1,0.426872,0.414102,0.485975,-5910.25,-7187.25
2015-08-21,0.402962,1,0.441662,0.426382,0.485975,-4431.25,-5959.25
2015-08-23,0.402962,1,0.440992,0.440352,0.485975,-4498.25,-4562.25
2015-08-24,0.402962,1,0.461422,0.440302,0.485975,-2455.25,-4567.25
2015-08-25,0.402962,1,0.458682,0.443062,0.485975,-2729.25,-4291.25
2015-08-26,0.402962,1,0.437262,0.432522,0.485975,-4871.25,-5345.25
2015-08-27,0.402962,1,0.427682,0.423682,0.485975,-5829.25,-6229.25
2015-08-28,0.402962,1,0.421382,0.418972,0.485975,-6459.25,-6700.25
2015-08-30,0.402962,1,0.424492,0.420312,0.485975,-6148.25,-6566.25
2015-08-31,0.402962,1,0.425782,0.421412,0.485975,-6019.25,-6456.25
2015-09-01,0.425702,0,0.425702,0.425702,0.485975,-6027.25,-6027.25
2015-09-02,0.425702,0,0.425702,0.425702,0.485975,-6027.25,-6027.25
2015-09-03,0.425702,0,0.425702,0.425702,0.485975,-6027.25,-6027.25
2015-09-04,0.425702,0,0.425702,0.425702,0.485975,-6027.25,-6027.25
2015-09-06,0.425702,0,0.425702,0.425702,0.485975,-6027.25,-6027.25
2015-09-07,0.425702,0,0.425702,0.425702,0.485975,-6027.25,-6027.25
2015-09-08,0.425702,0,0.425702,0.425702,0.485975,-6027.25,-6027.25
2015-09-09,0.425702,0,0.425702,0.425702,0.485975,-6027.25,-6027.25
2015-09-10,0.425702,0,0.425702,0.425702,0.485975,-6027.25,-6027.25
2015-09-11,0.425702,0,0.425702,0.425702,0.485975,-6027.25,-6027.25
2015-09-13,0.425702,0,0.425702,0.425702,0.485975,-6027.25,-6027.25
2015-09-14,0.425702,0,0.425702,0.425702,0.485975,-6027.25,-6027.25
2015-09-15,0.425702,0,0.425702,0.425702,0.485975,-6027.25,-6027.25
2015-09-16,0.425702,0,0.425702,0.425702,0.485975,-6027.25,-6027.25
2015-09-17,0.425702,0,0.425702,0.425702,0.485975,-6027.25,-6027.25
2015-09-18,0.425702,0,0.425702,0.425702,0.485975,-6027.25,-6027.25
2015-09-20,0.425702,0,0.425702,0.425702,0.485975,-6027.25,-6027.25
2015-09-21,0.425702,0,0.425702,0.425702,0.485975,-6027.25,-6027.25
2015-09-22,0.425702,0,0.425702,0.425702,0.485975,-6027.25,-6027.25
2015-09-23,0.425702,0,0.425702,0.425702,0.485975,-6027.25,-6027.25
2015-09-24,0.425702,0,0.425702,0.425702,0.485975,-6027.25,-6027.25
2015-09-25,0.425702,0,0.425702,0.425702,0.485975,-6027.25,-6027.25
2015-09-27,0.425702,0,0.425702,0.425702,0.485975,-6027.25,-6027.25
2015-09-28,0.425702,0,0.425702,0.425702,0.485975,-6027.25,-6027.25
2015-09-29,0.425702,0,0.425702,0.425702,0.485975,-6027.25,-6027.25
2015-09-30,0.425702,0,0.425702,0.425702,0.485975,-6027.25,-6027.25
2015-10-01,0.425702,0,0.425702,0.425702,0.485975,-6027.25,-6027.25
2015-10-02,0.425702,0,0.425702,0.425702,0.485975,-6027.25,-6027.25
2015-10-04,0.425702,0,0.425702,0.425702,0.485975,-6027.25,-6027.25
2015-10-05,0.425702,0,0.425702,0.425702,0.485975,-6027.25,-6027.25
2015-10-06,0.425702,0,0.425702,0.425702,0.485975,-6027.25,-6027.25
2015-10-07,0.425702,0,0.425702,0.425702,0.485975,-6027.25,-6027.25
2015-10-08,0.425702,0,0.425702,0.425702,0.485975,-6027.25,-6027.25
2015-10-09,0.425702,0,0.425702,0.425702,0.485975,-6027.25,-6027.25
2015-10-11,0.425702,0,0.425702,0.425702,0.485975,-6027.25,-6027.25
2015-10-12,0.425702,0,0.425702,0.425702,0.485975,-6027.25,-6027.25
2015-10-13,0.425702,0,0.425702,0.425702,0.485975,-6027.25,-6027.25
2015-10-14,0.425702,0,0.425702,0.425702,0.485975,-6027.25,-6027.25
2015-10-15,0.425702,0,0.425702,0.425702,0.485975,-6027.25,-6027.25
2015-10-16,0.425702,0,0.425702,0.425702,0.485975,-6027.25,-6027.25
2015-10-18,0.425702,0,0.425702,0.425702,0.485975,-6027.25,-6027.25
2015-10-19,0.425702,0,0.425702,0.425702,0.485975,-6027.25,-6027.25
2015-10-20,0.425702,0,0.425702,0.425702,0.485975,-6027.25,-6027.25
2015-10-21,0.425702,0,0.425702,0.425702,0.485975,-6027.25,-6027.25
2015-10-22,0.425702,3,0.441662,0.360932,0.485975,-4431.25,-12504.25
2015-10-23,0.425702,3,0.461252,0.424262,0.485975,-2472.25,-6171.25
2015-10-25,0.430212,2,0.453492,0.452312,0.485975,-3248.25,-3366.25
2015-10-26,0.430212,2,0.445432,0.443572,0.485975,-4054.25,-4240.25
2015-10-27,0.430212,2,0.450712,0.441532,0.485975,-3526.25,-4444.25
2015-10-28,0.430212,2,0.472492,0.438092,0.485975,-1348.25,-4788.25
2015-10-29,0.448462,1,0.463102,0.462182,0.485975,-2287.25,-2379.25
2015-10-30,0.448462,1,0.461632,0.454742,0.485975,-2434.25,-3123.25
2015-11-01,0.461552,0,0.461552,0.461552,0.485975,-2442.25,-2442.25
2015-11-02,0.461552,0,0.461552,0.461552,0.485975,-2442.25,-2442.25
2015-11-03,0.461552,0,0.461552,0.461552,0.485975,-2442.25,-2442.25
2015-11-04,0.461552,0,0.461552,0.461552,0.485975,-2442.25,-2442.25
2015-11-05,0.461552,0,0.461552,0.461552,0.485975,-2442.25,-2442.25
2015-11-06,0.461552,0,0.461552,0.461552,0.485975,-2442.25,-2442.25
2015-11-08,0.461552,0,0.461552,0.461552,0.485975,-2442.25,-2442.25
2015-11-09,0.461552,0,0.461552,0.461552,0.485975,-2442.25,-2442.25
2015-11-10,0.461552,0,0.461552,0.461552,0.485975,-2442.25,-2442.25
2015-11-11,0.461552,0,0.461552,0.461552,0.485975,-2442.25,-2442.25
2015-11-12,0.461552,0,0.461552,0.461552,0.485975,-2442.25,-2442.25
2015-11-13,0.461552,0,0.461552,0.461552,0.485975,-2442.25,-2442.25
2015-11-15,0.461552,0,0.461552,0.461552,0.485975,-2442.25,-2442.25
2015-11-16,0.461552,0,0.461552,0.461552,0.485975,-2442.25,-2442.25
2015-11-17,0.461552,0,0.461552,0.461552,0.485975,-2442.25,-2442.25
2015-11-18,0.461552,0,0.461552,0.461552,0.485975,-2442.25,-2442.25
2015-11-19,0.461552,0,0.461552,0.461552,0.485975,-2442.25,-2442.25
2015-11-20,0.461552,0,0.461552,0.461552,0.485975,-2442.25,-2442.25
2015-11-22,0.461552,0,0.461552,0.461552,0.485975,-2442.25,-2442.25
2015-11-23,0.461552,0,0.461552,0.461552,0.485975,-2442.25,-2442.25
2015-11-24,0.461552,0,0.461552,0.461552,0.485975,-2442.25,-2442.25
2015-11-25,0.461552,0,0.461552,0.461552,0.485975,-2442.25,-2442.25
2015-11-26,0.461552,0,0.461552,0.461552,0.485975,-2442.25,-2442.25
2015-11-27,0.461552,0,0.461552,0.461552,0.485975,-2442.25,-2442.25
2015-11-29,0.461552,0,0.461552,0.461552,0.485975,-2442.25,-2442.25
2015-11-30,0.461552,0,0.461552,0.461552,0.485975,-2442.25,-2442.25
2015-12-01,0.461552,0,0.461552,0.461552,0.485975,-2442.25,-2442.25
2015-12-02,0.461552,0,0.461552,0.461552,0.485975,-2442.25,-2442.25
2015-12-03,0.461552,0,0.461552,0.461552,0.485975,-2442.25,-2442.25
2015-12-04,0.461552,0,0.461552,0.461552,0.485975,-2442.25,-2442.25
2015-12-06,0.461552,0,0.461552,0.461552,0.485975,-2442.25,-2442.25
2015-12-07,0.461552,0,0.461552,0.461552,0.485975,-2442.25,-2442.25
2015-12-08,0.461552,0,0.461552,0.461552,0.485975,-2442.25,-2442.25
2015-12-09,0.461552,0,0.461552,0.461552,0.485975,-2442.25,-2442.25
2015-12-10,0.461552,0,0.461552,0.461552,0.485975,-2442.25,-2442.25
2015-12-11,0.461552,0,0.461552,0.461552,0.485975,-2442.25,-2442.25
2015-12-13,0.461552,0,0.461552,0.461552,0.485975,-2442.25,-2442.25
2015-12-14,0.461552,0,0.461552,0.461552,0.485975,-2442.25,-2442.25
2015-12-15,0.461552,0,0.461552,0.461552,0.485975,-2442.25,-2442.25
2015-12-16,0.461552,0,0.461552,0.461552,0.485975,-2442.25,-2442.25
2015-12-17,0.461552,0,0.461552,0.461552,0.485975,-2442.25,-2442.25
2015-12-18,0.461552,0,0.461552,0.461552,0.485975,-2442.25,-2442.25
2015-12-20,0.461552,0,0.461552,0.461552,0.485975,-2442.25,-2442.25
2015-12-21,0.461552,0,0.461552,0.461552,0.485975,-2442.25,-2442.25
2015-12-22,0.461552,0,0.461552,0.461552,0.485975,-2442.25,-2442.25
2015-12-23,0.461552,0,0.461552,0.461552,0.485975,-2442.25,-2442.25
2015-12-24,0.461552,0,0.461552,0.461552,0.485975,-2442.25,-2442.25
2015-12-25,0.461552,0,0.461552,0.461552,0.485975,-2442.25,-2442.25
2015-12-27,0.461552,0,0.461552,0.461552,0.485975,-2442.25,-2442.25
2015-12-28,0.461552,0,0.461552,0.461552,0.485975,-2442.25,-2442.25
2015-12-29,0.461552,0,0.461552,0.461552,0.485975,-2442.25,-2442.25
2015-12-30,0.461552,0,0.461552,0.461552,0.485975,-2442.25,-2442.25
2015-12-31,0.461552,0,0.461552,0.461552,0.485975,-2442.25,-2442.25
2016-01-03,0.461552,0,0.461552,0.461552,0.485975,-2442.25,-2442.25
2016-01-04,0.461552,0,0.461552,0.461552,0.485975,-2442.25,-2442.25
2016-01-05,0.461552,0,0.461552,0.461552,0.485975,-2442.25,-2442.25
2016-01-06,0.461552,0,0.461552,0.461552,0.485975,-2442.25,-2442.25
2016-01-07,0.461552,0,0.461552,0.461552,0.485975,-2442.25,-2442.25
2016-01-08,0.461552,0,0.461552,0.461552,0.485975,-2442.25,-2442.25
2016-01-10,0.461552,0,0.461552,0.461552,0.485975,-2442.25,-2442.25
2016-01-11,0.461552,0,0.461552,0.461552,0.485975,-2442.25,-2442.25
2016-01-12,0.461552,0,0.461552,0.461552,0.485975,-2442.25,-2442.25
2016-01-13,0.461552,0,0.461552,0.461552,0.485975,-2442.25,-2442.25
2016-01-14,0.461552,0,0.461552,0.461552,0.485975,-2442.25,-2442.25
2016-01-15,0.461552,0,0.461552,0.461552,0.485975,-2442.25,-2442.25
2016-01-17,0.461552,0,0.461552,0.461552,0.485975,-2442.25,-2442.25
2016-01-18,0.461552,0,0.461552,0.461552,0.485975,-2442.25,-2442.25
2016-01-19,0.461552,0,0.461552,0.461552,0.485975,-2442.25,-2442.25
2016-01-20,0.461552,0,0.461552,0.461552,0.485975,-2442.25,-2442.25
2016-01-21,0.461552,0,0.461552,0.461552,0.485975,-2442.25,-2442.25
2016-01-22,0.461552,0,0.461552,0.461552,0.485975,-2442.25,-2442.25
2016-01-24,0.461552,0,0.461552,0.461552,0.485975,-2442.25,-2442.25
2016-01-25,0.461552,0,0.461552,0.461552,0.485975,-2442.25,-2442.25
2016-01-26,0.461552,0,0.461552,0.461552,0.485975,-2442.25,-2442.25
2016-01-27,0.461552,0,0.461552,0.461552,0.485975,-2442.25,-2442.25
2016-01-28,0.461552,0,0.461552,0.461552,0.485975,-2442.25,-2442.25
2016-01-29,0.461552,0,0.461552,0.461552,0.485975,-2442.25,-2442.25
2016-01-31,0.461552,0,0.461552,0.461552,0.485975,-2442.25,-2442.25
2016-02-01,0.461552,0,0.461552,0.461552,0.485975,-2442.25,-2442.25
2016-02-02,0.461552,0,0.461552,0.461552,0.485975,-2442.25,-2442.25
2016-02-03,0.461552,0,0.461552,0.461552,0.485975,-2442.25,-2442.25
2016-02-04,0.461552,0,0.461552,0.461552,0.485975,-2442.25,-2442.25
2016-02-05,0.461552,0,0.461552,0.461552,0.485975,-2442.25,-2442.25
2016-02-07,0.461552,0,0.461552,0.461552,0.485975,-2442.25,-2442.25
2016-02-08,0.461552,0,0.461552,0.461552,0.485975,-2442.25,-2442.25
2016-02-09,0.461552,0,0.461552,0.461552,0.485975,-2442.25,-2442.25
2016-02-10,0.461552,0,0.461552,0.461552,0.485975,-2442.25,-2442.25
2016-02-11,0.461552,0,0.461552,0.461552,0.485975,-2442.25,-2442.25
2016-02-12,0.461552,0,0.461552,0.461552,0.485975,-2442.25,-2442.25
2016-02-14,0.461552,0,0.461552,0.461552,0.485975,-2442.25,-2442.25
2016-02-15,0.461552,0,0.461552,0.461552,0.485975,-2442.25,-2442.25
2016-02-16,0.461552,0,0.461552,0.461552,0.485975,-2442.25,-2442.25
2016-02-17,0.461552,0,0.461552,0.461552,0.485975,-2442.25,-2442.25
2016-02-18,0.461552,0,0.461552,0.461552,0.485975,-2442.25,-2442.25
2016-02-19,0.461552,0,0.461552,0.461552,0.485975,-2442.25,-2442.25
2016-02-21,0.461552,0,0.461552,0.461552,0.485975,-2442.25,-2442.25
2016-02-22,0.461552,0,0.461552,0.461552,0.485975,-2442.25,-2442.25
2016-02-23,0.461552,0,0.461552,0.461552,0.485975,-2442.25,-2442.25
2016-02-24,0.461552,0,0.461552,0.461552,0.485975,-2442.25,-2442.25
2016-02-25,0.461552,0,0.461552,0.461552,0.485975,-2442.25,-2442.25
2016-02-26,0.461552,0,0.461552,0.461552,0.485975,-2442.25,-2442.25
2016-02-28,0.461552,0,0.461552,0.461552,0.485975,-2442.25,-2442.25
2016-02-29,0.461552,0,0.461552,0.461552,0.485975,-2442.25,-2442.25
2016-03-01,0.461552,0,0.461552,0.461552,0.485975,-2442.25,-2442.25
2016-03-02,0.461552,0,0.461552,0.461552,0.485975,-2442.25,-2442.25
2016-03-03,0.461552,0,0.461552,0.461552,0.485975,-2442.25,-2442.25
2016-03-04,0.461552,0,0.461552,0.461552,0.485975,-2442.25,-2442.25
2016-03-06,0.461552,0,0.461552,0.461552,0.485975,-2442.25,-2442.25
2016-03-07,0.461552,0,0.461552,0.461552,0.485975,-2442.25,-2442.25
2016-03-08,0.461552,0,0.461552,0.461552,0.485975,-2442.25,-2442.25
2016-03-09,0.461552,0,0.461552,0.461552,0.485975,-2442.25,-2442.25
2016-03-10,0.461552,3,0.356282,0.343802,0.485975,-12969.25,-14217.25
2016-03-11,0.356042,0,0.356042,0.356042,0.485975,-12993.25,-12993.25
2016-03-13,0.356042,3,0.364892,0.355532,0.485975,-12108.25,-13044.25
2016-03-14,0.356042,3,0.345332,0.338732,0.485975,-14064.25,-14724.25
2016-03-15,0.356042,3,0.347462,0.336932,0.485975,-13851.25,-14904.25
2016-03-16,0.356042,3,0.380192,0.332732,0.485975,-10578.25,-15324.25
2016-03-17,0.359652,2,0.395572,0.373632,0.485975,-9040.25,-11234.25
2016-03-18,0.374302,1,0.387702,0.386362,0.485975,-9827.25,-9961.25
2016-03-20,0.374302,1,0.388182,0.386492,0.485975,-9779.25,-9948.25
2016-03-21,0.374302,1,0.384232,0.384042,0.485975,-10174.25,-10193.25
2016-03-22,0.374302,1,0.382852,0.379592,0.485975,-10312.25,-10638.25
2016-03-23,0.374302,1,0.378532,0.376682,0.485975,-10744.25,-10929.25
2016-03-24,0.374302,1,0.377182,0.375162,0.485975,-10879.25,-11081.25
2016-03-25,0.374302,1,0.376982,0.376032,0.485975,-10899.25,-10994.25
2016-03-27,0.374302,1,0.376452,0.376332,0.485975,-10952.25,-10964.25
2016-03-28,0.374302,1,0.380812,0.376042,0.485975,-10516.25,-10993.25
2016-03-29,0.374302,1,0.389662,0.377642,0.485975,-9631.25,-10833.25
2016-03-30,0.374302,1,0.394012,0.389372,0.485975,-9196.25,-9660.25
2016-03-31,0.374302,1,0.398592,0.391752,0.485975,-8738.25,-9422.25
2016-04-01,0.398512,0,0.398512,0.398512,0.485975,-8746.25,-8746.25
2016-04-03,0.398512,0,0.398512,0.398512,0.485975,-8746.25,-8746.25
2016-04-04,0.398512,0,0.398512,0.398512,0.485975,-8746.25,-8746.25
2016-04-05,0.398512,0,0.398512,0.398512,0.485975,-8746.25,-8746.25
2016-04-06,0.398512,0,0.398512,0.398512,0.485975,-8746.25,-8746.25
2016-04-07,0.398512,3,0.377152,0.368392,0.485975,-10882.25,-11758.25
2016-04-08,0.398512,3,0.385612,0.371842,0.485975,-10036.25,-11413.25
2016-04-10,0.398512,3,0.388522,0.385822,0.485975,-9745.25,-10015.25
2016-04-11,0.398512,3,0.390172,0.378802,0.485975,-9580.25,-10717.25
2016-04-12,0.398512,3,0.382042,0.370702,0.485975,-10393.25,-11527.25
2016-04-13,0.389882,0,0.389882,0.389882,0.485975,-9609.25,-9609.25
2016-04-14,0.389882,3,0.393692,0.384782,0.485975,-9228.25,-10119.25
2016-04-15,0.389882,3,0.388532,0.378152,0.485975,-9744.25,-10782.25
2016-04-17,0.391332,0,0.391332,0.391332,0.485975,-9464.25,-9464.25
2016-04-18,0.391332,0,0.391332,0.391332,0.485975,-9464.25,-9464.25
2016-04-19,0.391332,0,0.391332,0.391332,0.485975,-9464.25,-9464.25
2016-04-20,0.391332,0,0.391332,0.391332,0.485975,-9464.25,-9464.25
2016-04-21,0.391332,0,0.391332,0.391332,0.485975,-9464.25,-9464.25
2016-04-22,0.391332,0,0.391332,0.391332,0.485975,-9464.25,-9464.25
2016-04-24,0.391332,0,0.391332,0.391332,0.485975,-9464.25,-9464.25
2016-04-25,0.391332,0,0.391332,0.391332,0.485975,-9464.25,-9464.25
2016-04-26,0.391332,0,0.391332,0.391332,0.485975,-9464.25,-9464.25
2016-04-27,0.391332,0,0.391332,0.391332,0.485975,-9464.25,-9464.25
2016-04-28,0.391332,0,0.391332,0.391332,0.485975,-9464.25,-9464.25
2016-04-29,0.391332,0,0.391332,0.391332,0.485975,-9464.25,-9464.25
2016-05-01,0.391332,0,0.391332,0.391332,0.485975,-9464.25,-9464.25
2016-05-02,0.391332,0,0.391332,0.391332,0.485975,-9464.25,-9464.25
2016-05-03,0.391332,0,0.391332,0.391332,0.485975,-9464.25,-9464.25
2016-05-04,0.391332,0,0.391332,0.391332,0.485975,-9464.25,-9464.25
2016-05-05,0.391332,0,0.391332,0.391332,0.485975,-9464.25,-9464.25
2016-05-06,0.391332,0,0.391332,0.391332,0.485975,-9464.25,-9464.25
2016-05-08,0.391332,0,0.391332,0.391332,0.485975,-9464.25,-9464.25
2016-05-09,0.391332,0,0.391332,0.391332,0.485975,-9464.25,-9464.25
2016-05-10,0.391332,0,0.391332,0.391332,0.485975,-9464.25,-9464.25
2016-05-11,0.391332,0,0.391332,0.391332,0.485975,-9464.25,-9464.25
2016-05-12,0.391332,0,0.391332,0.391332,0.485975,-9464.25,-9464.25
2016-05-13,0.391332,0,0.391332,0.391332,0.485975,-9464.25,-9464.25
2016-05-15,0.391332,0,0.391332,0.391332,0.485975,-9464.25,-9464.25
2016-05-16,0.391332,0,0.391332,0.391332,0.485975,-9464.25,-9464.25
2016-05-17,0.391332,0,0.391332,0.391332,0.485975,-9464.25,-9464.25
2016-05-18,0.391332,0,0.391332,0.391332,0.485975,-9464.25,-9464.25
2016-05-19,0.391332,0,0.391332,0.391332,0.485975,-9464.25,-9464.25
2016-05-20,0.391332,0,0.391332,0.391332,0.485975,-9464.25,-9464.25
2016-05-22,0.391332,0,0.391332,0.391332,0.485975,-9464.25,-9464.25
2016-05-23,0.391332,0,0.391332,0.391332,0.485975,-9464.25,-9464.25
2016-05-24,0.391332,0,0.391332,0.391332,0.485975,-9464.25,-9464.25
2016-05-25,0.391332,0,0.391332,0.391332,0.485975,-9464.25,-9464.25
2016-05-26,0.391332,0,0.391332,0.391332,0.485975,-9464.25,-9464.25
2016-05-27,0.391332,0,0.391332,0.391332,0.485975,-9464.25,-9464.25
2016-05-29,0.391332,0,0.391332,0.391332,0.485975,-9464.25,-9464.25
2016-05-30,0.391332,0,0.391332,0.391332,0.485975,-9464.25,-9464.25
2016-05-31,0.391332,0,0.391332,0.391332,0.485975,-9464.25,-9464.25
2016-06-01,0.391332,0,0.391332,0.391332,0.485975,-9464.25,-9464.25
2016-06-02,0.391332,0,0.391332,0.391332,0.485975,-9464.25,-9464.25
2016-06-03,0.391332,0,0.391332,0.391332,0.485975,-9464.25,-9464.25
2016-06-05,0.391332,0,0.391332,0.391332,0.485975,-9464.25,-9464.25
2016-06-06,0.391332,0,0.391332,0.391332,0.485975,-9464.25,-9464.25
2016-06-07,0.391332,0,0.391332,0.391332,0.485975,-9464.25,-9464.25
2016-06-08,0.391332,0,0.391332,0.391332,0.485975,-9464.25,-9464.25
2016-06-09,0.391332,0,0.391332,0.391332,0.485975,-9464.25,-9464.25
2016-06-10,0.391332,0,0.391332,0.391332,0.485975,-9464.25,-9464.25
2016-06-12,0.391332,0,0.391332,0.391332,0.485975,-9464.25,-9464.25
2016-06-13,0.391332,0,0.391332,0.391332,0.485975,-9464.25,-9464.25
2016-06-14,0.391332,0,0.391332,0.391332,0.485975,-9464.25,-9464.25
2016-06-15,0.391332,0,0.391332,0.391332,0.485975,-9464.25,-9464.25
2016-06-16,0.391332,0,0.391332,0.391332,0.485975,-9464.25,-9464.25
2016-06-17,0.391332,0,0.391332,0.391332,0.485975,-9464.25,-9464.25
2016-06-19,0.391332,0,0.391332,0.391332,0.485975,-9464.25,-9464.25
2016-06-20,0.391332,0,0.391332,0.391332,0.485975,-9464.25,-9464.25
2016-06-21,0.391332,0,0.391332,0.391332,0.485975,-9464.25,-9464.25
2016-06-22,0.391332,0,0.391332,0.391332,0.485975,-9464.25,-9464.25
2016-06-23,0.391332,0,0.391332,0.391332,0.485975,-9464.25,-9464.25
2016-06-24,0.391332,3,0.398142,0.324372,0.485975,-8783.25,-16160.25
2016-06-26,0.391332,3,0.413772,0.403092,0.485975,-7220.25,-8288.25
2016-06-27,0.397750,2,0.417810,0.403810,0.485975,-6816.50,-8216.50
2016-06-28,0.397750,2,0.405490,0.398230,0.485975,-8048.50,-8774.50
2016-06-29,0.397750,2,0.396150,0.394490,0.485975,-8982.50,-9148.50
2016-06-30,0.395990,0,0.395990,0.395990,0.485975,-8998.50,-8998.50
2016-07-01,0.395990,0,0.395990,0.395990,0.485975,-8998.50,-8998.50
2016-07-03,0.395990,0,0.395990,0.395990,0.485975,-8998.50,-8998.50
2016-07-04,0.395990,0,0.395990,0.395990,0.485975,-8998.50,-8998.50
2016-07-05,0.395990,0,0.395990,0.395990,0.485975,-8998.50,-8998.50
2016-07-06,0.395990,0,0.395990,0.395990,0.485975,-8998.50,-8998.50
2016-07-07,0.395990,0,0.395990,0.395990,0.485975,-8998.50,-8998.50
2016-07-08,0.395990,0,0.395990,0.395990,0.485975,-8998.50,-8998.50
2016-07-10,0.395990,0,0.395990,0.395990,0.485975,-8998.50,-8998.50
2016-07-11,0.395990,0,0.395990,0.395990,0.485975,-8998.50,-8998.50
2016-07-12,0.395990,0,0.395990,0.395990,0.485975,-8998.50,-8998.50
2016-07-13,0.395990,0,0.395990,0.395990,0.485975,-8998.50,-8998.50
2016-07-14,0.395990,0,0.395990,0.395990,0.485975,-8998.50,-8998.50
2016-07-15,0.395990,0,0.395990,0.395990,0.485975,-8998.50,-8998.50
2016-07-17,0.395990,0,0.395990,0.395990,0.485975,-8998.50,-8998.50
2016-07-18,0.395990,0,0.395990,0.395990,0.485975,-8998.50,-8998.50
2016-07-19,0.395990,0,0.395990,0.395990,0.485975,-8998.50,-8998.50
2016-07-20,0.395990,0,0.395990,0.395990,0.485975,-8998.50,-8998.50
2016-07-21,0.395990,0,0.395990,0.395990,0.485975,-8998.50,-8998.50
2016-07-22,0.395990,0,0.395990,0.395990,0.485975,-8998.50,-8998.50
2016-07-24,0.395990,0,0.395990,0.395990,0.485975,-8998.50,-8998.50
2016-07-25,0.395990,0,0.395990,0.395990,0.485975,-8998.50,-8998.50
2016-07-26,0.395990,0,0.395990,0.395990,0.485975,-8998.50,-8998.50
2016-07-27,0.395990,0,0.395990,0.395990,0.485975,-8998.50,-8998.50
2016-07-28,0.395990,0,0.395990,0.395990,0.485975,-8998.50,-8998.50
2016-07-29,0.395990,3,0.396950,0.366980,0.485975,-8902.50,-11899.50
2016-07-31,0.395990,3,0.395300,0.394850,0.485975,-9067.50,-9112.50
2016-08-01,0.395060,0,0.395060,0.395060,0.485975,-9091.50,-9091.50
2016-08-02,0.395060,0,0.395060,0.395060,0.485975,-9091.50,-9091.50
2016-08-03,0.395060,0,0.395060,0.395060,0.485975,-9091.50,-9091.50
2016-08-04,0.395060,0,0.395060,0.395060,0.485975,-9091.50,-9091.50
2016-08-05,0.395060,0,0.395060,0.395060,0.485975,-9091.50,-9091.50
2016-08-07,0.395060,0,0.395060,0.395060,0.485975,-9091.50,-9091.50
2016-08-08,0.395060,0,0.395060,0.395060,0.485975,-9091.50,-9091.50
2016-08-09,0.395060,0,0.395060,0.395060,0.485975,-9091.50,-9091.50
2016-08-10,0.395060,0,0.395060,0.395060,0.485975,-9091.50,-9091.50
2016-08-11,0.395060,0,0.395060,0.395060,0.485975,-9091.50,-9091.50
2016-08-12,0.395060,0,0.395060,0.395060,0.485975,-9091.50,-9091.50
2016-08-14,0.395060,0,0.395060,0.395060,0.485975,-9091.50,-9091.50
2016-08-15,0.395060,0,0.395060,0.395060,0.485975,-9091.50,-9091.50
2016-08-16,0.395060,3,0.407720,0.378170,0.485975,-7825.50,-10780.50
2016-08-17,0.395060,3,0.414620,0.397160,0.485975,-7135.50,-8881.50
2016-08-18,0.397315,2,0.420075,0.409595,0.485975,-6590.00,-7638.00
2016-08-19,0.406545,1,0.415335,0.413595,0.485975,-7064.00,-7238.00
2016-08-21,0.406545,1,0.412945,0.412605,0.485975,-7303.00,-7337.00
2016-08-22,0.406545,1,0.414895,0.410275,0.485975,-7108.00,-7570.00
2016-08-23,0.406545,1,0.413335,0.413135,0.485975,-7264.00,-7284.00
2016-08-24,0.406545,1,0.409265,0.407695,0.485975,-7671.00,-7828.00
2016-08-25,0.406545,1,0.411825,0.409095,0.485975,-7415.00,-7688.00
2016-08-26,0.406545,1,0.402685,0.401215,0.485975,-8329.00,-8476.00
2016-08-28,0.402605,0,0.402605,0.402605,0.485975,-8337.00,-8337.00
2016-08-29,0.402605,0,0.402605,0.402605,0.485975,-8337.00,-8337.00
2016-08-30,0.402605,3,0.399815,0.387545,0.485975,-8616.00,-9843.00
2016-08-31,0.402605,3,0.397895,0.395135,0.485975,-8808.00,-9084.00
2016-09-01,0.397655,0,0.397655,0.397655,0.485975,-8832.00,-8832.00
2016-09-02,0.397655,0,0.397655,0.397655,0.485975,-8832.00,-8832.00
2016-09-04,0.397655,0,0.397655,0.397655,0.485975,-8832.00,-8832.00
2016-09-05,0.397655,0,0.397655,0.397655,0.485975,-8832.00,-8832.00
2016-09-06,0.397655,0,0.397655,0.397655,0.485975,-8832.00,-8832.00
2016-09-07,0.397655,0,0.397655,0.397655,0.485975,-8832.00,-8832.00
2016-09-08,0.397655,0,0.397655,0.397655,0.485975,-8832.00,-8832.00
2016-09-09,0.397655,0,0.397655,0.397655,0.485975,-8832.00,-8832.00
2016-09-11,0.397655,0,0.397655,0.397655,0.485975,-8832.00,-8832.00
2016-09-12,0.397655,0,0.397655,0.397655,0.485975,-8832.00,-8832.00
2016-09-13,0.397655,0,0.397655,0.397655,0.485975,-8832.00,-8832.00
2016-09-14,0.397655,0,0.397655,0.397655,0.485975,-8832.00,-8832.00
2016-09-15,0.397655,0,0.397655,0.397655,0.485975,-8832.00,-8832.00
2016-09-16,0.397655,0,0.397655,0.397655,0.485975,-8832.00,-8832.00
2016-09-18,0.397655,0,0.397655,0.397655,0.485975,-8832.00,-8832.00
2016-09-19,0.397655,0,0.397655,0.397655,0.485975,-8832.00,-8832.00
2016-09-20,0.397655,0,0.397655,0.397655,0.485975,-8832.00,-8832.00
2016-09-21,0.397655,3,0.379205,0.376925,0.485975,-10677.00,-10905.00
2016-09-22,0.397655,3,0.373475,0.358715,0.485975,-11250.00,-12726.00
2016-09-23,0.397655,3,0.368795,0.363755,0.485975,-11718.00,-12222.00
2016-09-25,0.397655,3,0.364715,0.363605,0.485975,-12126.00,-12237.00
2016-09-26,0.397655,3,0.360905,0.352145,0.485975,-12507.00,-13383.00
2016-09-27,0.397655,3,0.370805,0.358235,0.485975,-11517.00,-12774.00
2016-09-28,0.397655,3,0.368915,0.364835,0.485975,-11706.00,-12114.00
2016-09-29,0.397655,3,0.370325,0.360995,0.485975,-11565.00,-12498.00
2016-09-30,0.397655,3,0.364145,0.360695,0.485975,-12183.00,-12528.00
2016-10-02,0.363905,0,0.363905,0.363905,0.485975,-12207.00,-12207.00
2016-10-03,0.363905,0,0.363905,0.363905,0.485975,-12207.00,-12207.00
2016-10-04,0.363905,0,0.363905,0.363905,0.485975,-12207.00,-12207.00
2016-10-05,0.363905,0,0.363905,0.363905,0.485975,-12207.00,-12207.00
2016-10-06,0.363905,0,0.363905,0.363905,0.485975,-12207.00,-12207.00
2016-10-07,0.363905,0,0.363905,0.363905,0.485975,-12207.00,-12207.00
2016-10-09,0.363905,0,0.363905,0.363905,0.485975,-12207.00,-12207.00
2016-10-10,0.363905,0,0.363905,0.363905,0.485975,-12207.00,-12207.00
2016-10-11,0.363905,0,0.363905,0.363905,0.485975,-12207.00,-12207.00
2016-10-12,0.363905,0,0.363905,0.363905,0.485975,-12207.00,-12207.00
2016-10-13,0.363905,0,0.363905,0.363905,0.485975,-12207.00,-12207.00
2016-10-14,0.363905,0,0.363905,0.363905,0.485975,-12207.00,-12207.00
2016-10-16,0.363905,0,0.363905,0.363905,0.485975,-12207.00,-12207.00
2016-10-17,0.363905,0,0.363905,0.363905,0.485975,-12207.00,-12207.00
2016-10-18,0.363905,0,0.363905,0.363905,0.485975,-12207.00,-12207.00
2016-10-19,0.363905,0,0.363905,0.363905,0.485975,-12207.00,-12207.00
2016-10-20,0.363905,0,0.363905,0.363905,0.485975,-12207.00,-12207.00
2016-10-21,0.363905,0,0.363905,0.363905,0.485975,-12207.00,-12207.00
2016-10-23,0.363905,0,0.363905,0.363905,0.485975,-12207.00,-12207.00
2016-10-24,0.363905,0,0.363905,0.363905,0.485975,-12207.00,-12207.00
2016-10-25,0.363905,0,0.363905,0.363905,0.485975,-12207.00,-12207.00
2016-10-26,0.363905,0,0.363905,0.363905,0.485975,-12207.00,-12207.00
2016-10-27,0.363905,0,0.363905,0.363905,0.485975,-12207.00,-12207.00
2016-10-28,0.363905,0,0.363905,0.363905,0.485975,-12207.00,-12207.00
2016-10-30,0.363905,0,0.363905,0.363905,0.485975,-12207.00,-12207.00
2016-10-31,0.363905,0,0.363905,0.363905,0.485975,-12207.00,-12207.00
2016-11-01,0.363905,0,0.363905,0.363905,0.485975,-12207.00,-12207.00
2016-11-02,0.363905,0,0.363905,0.363905,0.485975,-12207.00,-12207.00
2016-11-03,0.363905,0,0.363905,0.363905,0.485975,-12207.00,-12207.00
2016-11-04,0.363905,0,0.363905,0.363905,0.485975,-12207.00,-12207.00
2016-11-06,0.363905,0,0.363905,0.363905,0.485975,-12207.00,-12207.00
2016-11-07,0.363905,0,0.363905,0.363905,0.485975,-12207.00,-12207.00
2016-11-08,0.363905,0,0.363905,0.363905,0.485975,-12207.00,-12207.00
2016-11-09,0.363905,3,0.375965,0.261995,0.485975,-11001.00,-22398.00
2016-11-10,0.363905,3,0.385655,0.365735,0.485975,-10032.00,-12024.00
2016-11-11,0.367985,2,0.389625,0.375265,0.485975,-9635.00,-11071.00
2016-11-13,0.367985,2,0.395425,0.391925,0.485975,-9055.00,-9405.00
2016-11-14,0.367985,2,0.410845,0.394785,0.485975,-7513.00,-9119.00
2016-11-15,0.384515,1,0.408055,0.398835,0.485975,-7792.00,-8714.00
2016-11-16,0.384515,1,0.409875,0.404545,0.485975,-7610.00,-8143.00
2016-11-17,0.384515,1,0.418295,0.405945,0.485975,-6768.00,-8003.00
2016-11-18,0.384515,1,0.421835,0.416215,0.485975,-6414.00,-6976.00
2016-11-20,0.384515,1,0.422195,0.421055,0.485975,-6378.00,-6492.00
2016-11-21,0.384515,1,0.416755,0.415585,0.485975,-6922.00,-7039.00
2016-11-22,0.384515,1,0.417175,0.414705,0.485975,-6880.00,-7127.00
2016-11-23,0.384515,1,0.426305,0.416135,0.485975,-5967.00,-6984.00
2016-11-24,0.384515,1,0.424485,0.421975,0.485975,-6149.00,-6400.00
2016-11-25,0.384515,1,0.421485,0.417765,0.485975,-6449.00,-6821.00
2016-11-27,0.384515,1,0.419585,0.419385,0.485975,-6639.00,-6659.00
2016-11-28,0.384515,1,0.418605,0.411935,0.485975,-6737.00,-7404.00
2016-11-29,0.384515,1,0.415775,0.415075,0.485975,-7020.00,-7090.00
2016-11-30,0.384515,1,0.421465,0.413835,0.485975,-6451.00,-7214.00
2016-12-01,0.421385,0,0.421385,0.421385,0.485975,-6459.00,-6459.00
2016-12-02,0.421385,0,0.421385,0.421385,0.485975,-6459.00,-6459.00
2016-12-04,0.421385,0,0.421385,0.421385,0.485975,-6459.00,-6459.00
2016-12-05,0.421385,0,0.421385,0.421385,0.485975,-6459.00,-6459.00
2016-12-06,0.421385,0,0.421385,0.421385,0.485975,-6459.00,-6459.00
2016-12-07,0.421385,0,0.421385,0.421385,0.485975,-6459.00,-6459.00
2016-12-08,0.421385,0,0.421385,0.421385,0.485975,-6459.00,-6459.00
2016-12-09,0.421385,0,0.421385,0.421385,0.485975,-6459.00,-6459.00
2016-12-11,0.421385,0,0.421385,0.421385,0.485975,-6459.00,-6459.00
2016-12-12,0.421385,0,0.421385,0.421385,0.485975,-6459.00,-6459.00
2016-12-13,0.421385,0,0.421385,0.421385,0.485975,-6459.00,-6459.00
2016-12-14,0.421385,3,0.419375,0.372005,0.485975,-6660.00,-11397.00
2016-12-15,0.421385,3,0.447995,0.416165,0.485975,-3798.00,-6981.00
2016-12-16,0.425922,2,0.437342,0.432162,0.485975,-4863.25,-5381.25
2016-12-18,0.425922,2,0.437682,0.435602,0.485975,-4829.25,-5037.25
2016-12-19,0.425922,2,0.446462,0.431102,0.485975,-3951.25,-5487.25
2016-12-20,0.425922,2,0.448882,0.443442,0.485975,-3709.25,-4253.25
2016-12-21,0.425922,2,0.441742,0.436782,0.485975,-4423.25,-4919.25
2016-12-22,0.425922,2,0.439442,0.427142,0.485975,-4653.25,-5883.25
2016-12-23,0.425922,2,0.436362,0.433202,0.485975,-4961.25,-5277.25
2016-12-25,0.425922,2,0.436542,0.435462,0.485975,-4943.25,-5051.25
2016-12-26,0.425922,2,0.436242,0.433522,0.485975,-4973.25,-5245.25
2016-12-27,0.425922,2,0.434722,0.434342,0.485975,-5125.25,-5163.25
2016-12-28,0.425922,2,0.444142,0.431042,0.485975,-4183.25,-5493.25
2016-12-29,0.425922,2,0.413842,0.396482,0.485975,-7213.25,-8949.25
2016-12-30,0.413682,0,0.413682,0.413682,0.485975,-7229.25,-7229.25
2017-01-01,0.413682,0,0.413682,0.413682,0.485975,-7229.25,-7229.25
2017-01-02,0.413682,0,0.413682,0.413682,0.485975,-7229.25,-7229.25
2017-01-03,0.413682,0,0.413682,0.413682,0.485975,-7229.25,-7229.25
2017-01-04,0.413682,0,0.413682,0.413682,0.485975,-7229.25,-7229.25
2017-01-05,0.413682,0,0.413682,0.413682,0.485975,-7229.25,-7229.25
2017-01-06,0.413682,0,0.413682,0.413682,0.485975,-7229.25,-7229.25
2017-01-08,0.413682,0,0.413682,0.413682,0.485975,-7229.25,-7229.25
2017-01-09,0.413682,0,0.413682,0.413682,0.485975,-7229.25,-7229.25
2017-01-10,0.413682,0,0.413682,0.413682,0.485975,-7229.25,-7229.25
2017-01-11,0.413682,0,0.413682,0.413682,0.485975,-7229.25,-7229.25
2017-01-12,0.413682,0,0.413682,0.413682,0.485975,-7229.25,-7229.25
2017-01-13,0.413682,0,0.413682,0.413682,0.485975,-7229.25,-7229.25
2017-01-15,0.413682,0,0.413682,0.413682,0.485975,-7229.25,-7229.25
2017-01-16,0.413682,0,0.413682,0.413682,0.485975,-7229.25,-7229.25
2017-01-17,0.413682,0,0.413682,0.413682,0.485975,-7229.25,-7229.25
2017-01-18,0.413682,0,0.413682,0.413682,0.485975,-7229.25,-7229.25
2017-01-19,0.413682,0,0.413682,0.413682,0.485975,-7229.25,-7229.25
2017-01-20,0.413682,0,0.413682,0.413682,0.485975,-7229.25,-7229.25
2017-01-22,0.413682,0,0.413682,0.413682,0.485975,-7229.25,-7229.25
2017-01-23,0.413682,0,0.413682,0.413682,0.485975,-7229.25,-7229.25
2017-01-24,0.413682,0,0.413682,0.413682,0.485975,-7229.25,-7229.25
2017-01-25,0.413682,0,0.413682,0.413682,0.485975,-7229.25,-7229.25
2017-01-26,0.413682,0,0.413682,0.413682,0.485975,-7229.25,-7229.25
2017-01-27,0.413682,0,0.413682,0.413682,0.485975,-7229.25,-7229.25
2017-01-29,0.413682,0,0.413682,0.413682,0.485975,-7229.25,-7229.25
2017-01-30,0.413682,0,0.413682,0.413682,0.485975,-7229.25,-7229.25
2017-01-31,0.413682,0,0.413682,0.413682,0.485975,-7229.25,-7229.25
2017-02-01,0.413682,0,0.413682,0.413682,0.485975,-7229.25,-7229.25
2017-02-02,0.413682,0,0.413682,0.413682,0.485975,-7229.25,-7229.25
2017-02-03,0.413682,0,0.413682,0.413682,0.485975,-7229.25,-7229.25
2017-02-05,0.413682,0,0.413682,0.413682,0.485975,-7229.25,-7229.25
2017-02-06,0.413682,0,0.413682,0.413682,0.485975,-7229.25,-7229.25
2017-02-07,0.413682,0,0.413682,0.413682,0.485975,-7229.25,-7229.25
2017-02-08,0.413682,0,0.413682,0.413682,0.485975,-7229.25,-7229.25
2017-02-09,0.413682,0,0.413682,0.413682,0.485975,-7229.25,-7229.25
2017-02-10,0.413682,0,0.413682,0.413682,0.485975,-7229.25,-7229.25
2017-02-12,0.413682,0,0.413682,0.413682,0.485975,-7229.25,-7229.25
2017-02-13,0.413682,0,0.413682,0.413682,0.485975,-7229.25,-7229.25
2017-02-14,0.413682,0,0.413682,0.413682,0.485975,-7229.25,-7229.25
2017-02-15,0.413682,0,0.413682,0.413682,0.485975,-7229.25,-7229.25
2017-02-16,0.413682,0,0.413682,0.413682,0.485975,-7229.25,-7229.25
2017-02-17,0.413682,0,0.413682,0.413682,0.485975,-7229.25,-7229.25
2017-02-19,0.413682,0,0.413682,0.413682,0.485975,-7229.25,-7229.25
2017-02-20,0.413682,0,0.413682,0.413682,0.485975,-7229.25,-7229.25
2017-02-21,0.413682,0,0.413682,0.413682,0.485975,-7229.25,-7229.25
2017-02-22,0.413682,0,0.413682,0.413682,0.485975,-7229.25,-7229.25
2017-02-23,0.413682,0,0.413682,0.413682,0.485975,-7229.25,-7229.25
2017-02-24,0.413682,0,0.413682,0.413682,0.485975,-7229.25,-7229.25
2017-02-26,0.413682,0,0.413682,0.413682,0.485975,-7229.25,-7229.25
2017-02-27,0.413682,0,0.413682,0.413682,0.485975,-7229.25,-7229.25
2017-02-28,0.413682,0,0.413682,0.413682,0.485975,-7229.25,-7229.25
2017-03-01,0.413682,0,0.413682,0.413682,0.485975,-7229.25,-7229.25
2017-03-02,0.413682,0,0.413682,0.413682,0.485975,-7229.25,-7229.25
2017-03-03,0.413682,0,0.413682,0.413682,0.485975,-7229.25,-7229.25
2017-03-05,0.413682,0,0.413682,0.413682,0.485975,-7229.25,-7229.25
2017-03-06,0.413682,0,0.413682,0.413682,0.485975,-7229.25,-7229.25
2017-03-07,0.413682,0,0.413682,0.413682,0.485975,-7229.25,-7229.25
2017-03-08,0.413682,0,0.413682,0.413682,0.485975,-7229.25,-7229.25
2017-03-09,0.413682,0,0.413682,0.413682,0.485975,-7229.25,-7229.25
2017-03-10,0.413682,0,0.413682,0.413682,0.485975,-7229.25,-7229.25
2017-03-12,0.413682,0,0.413682,0.413682,0.485975,-7229.25,-7229.25
2017-03-13,0.413682,0,0.413682,0.413682,0.485975,-7229.25,-7229.25
2017-03-14,0.413682,0,0.413682,0.413682,0.485975,-7229.25,-7229.25
2017-03-15,0.413682,0,0.413682,0.413682,0.485975,-7229.25,-7229.25
2017-03-16,0.413682,0,0.413682,0.413682,0.485975,-7229.25,-7229.25
2017-03-17,0.413682,0,0.413682,0.413682,0.485975,-7229.25,-7229.25
2017-03-19,0.413682,0,0.413682,0.413682,0.485975,-7229.25,-7229.25
2017-03-20,0.413682,0,0.413682,0.413682,0.485975,-7229.25,-7229.25
2017-03-21,0.413682,0,0.413682,0.413682,0.485975,-7229.25,-7229.25
2017-03-22,0.413682,0,0.413682,0.413682,0.485975,-7229.25,-7229.25
2017-03-23,0.413682,0,0.413682,0.413682,0.485975,-7229.25,-7229.25
2017-03-24,0.413682,0,0.413682,0.413682,0.485975,-7229.25,-7229.25
2017-03-26,0.413682,0,0.413682,0.413682,0.485975,-7229.25,-7229.25
2017-03-27,0.413682,0,0.413682,0.413682,0.485975,-7229.25,-7229.25
2017-03-28,0.413682,0,0.413682,0.413682,0.485975,-7229.25,-7229.25
2017-03-29,0.413682,0,0.413682,0.413682,0.485975,-7229.25,-7229.25
2017-03-30,0.413682,0,0.413682,0.413682,0.485975,-7229.25,-7229.25
2017-03-31,0.413682,0,0.413682,0.413682,0.485975,-7229.25,-7229.25
2017-04-02,0.413682,0,0.413682,0.413682,0.485975,-7229.25,-7229.25
2017-04-03,0.413682,0,0.413682,0.413682,0.485975,-7229.25,-7229.25
2017-04-04,0.413682,0,0.413682,0.413682,0.485975,-7229.25,-7229.25
2017-04-05,0.413682,0,0.413682,0.413682,0.485975,-7229.25,-7229.25
2017-04-06,0.413682,0,0.413682,0.413682,0.485975,-7229.25,-7229.25
2017-04-07,0.413682,0,0.413682,0.413682,0.485975,-7229.25,-7229.25
2017-04-09,0.413682,0,0.413682,0.413682,0.485975,-7229.25,-7229.25
2017-04-10,0.413682,0,0.413682,0.413682,0.485975,-7229.25,-7229.25
2017-04-11,0.413682,0,0.413682,0.413682,0.485975,-7229.25,-7229.25
2017-04-12,0.413682,0,0.413682,0.413682,0.485975,-7229.25,-7229.25
2017-04-13,0.413682,0,0.413682,0.413682,0.485975,-7229.25,-7229.25
2017-04-14,0.413682,0,0.413682,0.413682,0.485975,-7229.25,-7229.25
2017-04-16,0.413682,0,0.413682,0.413682,0.485975,-7229.25,-7229.25
2017-04-17,0.413682,0,0.413682,0.413682,0.485975,-7229.25,-7229.25
2017-04-18,0.413682,3,0.426342,0.399282,0.485975,-5963.25,-8669.25
2017-04-19,0.413682,3,0.422472,0.418062,0.485975,-6350.25,-6791.25
2017-04-20,0.419742,1,0.422632,0.421912,0.485975,-6334.25,-6406.25
2017-04-21,0.419742,1,0.423592,0.419442,0.485975,-6238.25,-6653.25
2017-04-23,0.419742,1,0.438552,0.437702,0.485975,-4742.25,-4827.25
2017-04-24,0.419742,1,0.437712,0.433292,0.485975,-4826.25,-5268.25
2017-04-25,0.419742,1,0.443972,0.436342,0.485975,-4200.25,-4963.25
2017-04-26,0.419742,1,0.442052,0.436792,0.485975,-4392.25,-4918.25
2017-04-27,0.419742,1,0.437722,0.436392,0.485975,-4825.25,-4958.25
2017-04-28,0.419742,1,0.440832,0.436932,0.485975,-4514.25,-4904.25
2017-04-30,0.419742,1,0.441792,0.440272,0.485975,-4418.25,-4570.25
2017-05-01,0.441712,0,0.441712,0.441712,0.485975,-4426.25,-4426.25
2017-05-02,0.441712,0,0.441712,0.441712,0.485975,-4426.25,-4426.25
2017-05-03,0.441712,0,0.441712,0.441712,0.485975,-4426.25,-4426.25
2017-05-04,0.441712,0,0.441712,0.441712,0.485975,-4426.25,-4426.25
2017-05-05,0.441712,0,0.441712,0.441712,0.485975,-4426.25,-4426.25
2017-05-07,0.441712,0,0.441712,0.441712,0.485975,-4426.25,-4426.25
2017-05-08,0.441712,0,0.441712,0.441712,0.485975,-4426.25,-4426.25
2017-05-09,0.441712,3,0.440242,0.426082,0.485975,-4573.25,-5989.25
2017-05-10,0.441712,3,0.445942,0.436672,0.485975,-4003.25,-4930.25
2017-05-11,0.443027,2,0.446427,0.440687,0.485975,-3954.75,-4528.75
2017-05-12,0.443027,2,0.433067,0.432427,0.485975,-5290.75,-5354.75
2017-05-14,0.432907,0,0.432907,0.432907,0.485975,-5306.75,-5306.75
2017-05-15,0.432907,3,0.445837,0.428617,0.485975,-4013.75,-5735.75
2017-05-16,0.432907,3,0.479857,0.445567,0.485975,-611.75,-4040.75
2017-05-17,0.439692,1,0.461422,0.454172,0.485975,-2455.25,-3180.25
2017-05-18,0.439692,1,0.457022,0.453582,0.485975,-2895.25,-3239.25
2017-05-19,0.439692,1,0.466662,0.455962,0.485975,-1931.25,-3001.25
2017-05-21,0.439692,1,0.466332,0.465172,0.485975,-1964.25,-2080.25
2017-05-22,0.439692,1,0.469742,0.462152,0.485975,-1623.25,-2382.25
2017-05-23,0.439692,1,0.463892,0.463512,0.485975,-2208.25,-2246.25
2017-05-24,0.439692,1,0.469052,0.462862,0.485975,-1692.25,-2311.25
2017-05-25,0.439692,1,0.467012,0.465382,0.485975,-1896.25,-2059.25
2017-05-26,0.439692,1,0.464002,0.462062,0.485975,-2197.25,-2391.25
2017-05-28,0.439692,1,0.463612,0.462732,0.485975,-2236.25,-2324.25
2017-05-29,0.439692,1,0.458912,0.458782,0.485975,-2706.25,-2719.25
2017-05-30,0.439692,1,0.463292,0.456952,0.485975,-2268.25,-2902.25
2017-05-31,0.439692,1,0.469912,0.462462,0.485975,-1606.25,-2351.25
2017-06-01,0.469832,0,0.469832,0.469832,0.485975,-1614.25,-1614.25
2017-06-02,0.469832,0,0.469832,0.469832,0.485975,-1614.25,-1614.25
2017-06-04,0.469832,0,0.469832,0.469832,0.485975,-1614.25,-1614.25
2017-06-05,0.469832,0,0.469832,0.469832,0.485975,-1614.25,-1614.25
2017-06-06,0.469832,0,0.469832,0.469832,0.485975,-1614.25,-1614.25
2017-06-07,0.469832,0,0.469832,0.469832,0.485975,-1614.25,-1614.25
2017-06-08,0.469832,0,0.469832,0.469832,0.485975,-1614.25,-1614.25
2017-06-09,0.469832,0,0.469832,0.469832,0.485975,-1614.25,-1614.25
2017-06-11,0.469832,0,0.469832,0.469832,0.485975,-1614.25,-1614.25
2017-06-12,0.469832,0,0.469832,0.469832,0.485975,-1614.25,-1614.25
2017-06-13,0.469832,0,0.469832,0.469832,0.485975,-1614.25,-1614.25
2017-06-14,0.469832,3,0.448172,0.442202,0.485975,-3780.25,-4377.25
2017-06-15,0.469832,3,0.428882,0.423932,0.485975,-5709.25,-6204.25
2017-06-16,0.428642,0,0.428642,0.428642,0.485975,-5733.25,-5733.25
2017-06-18,0.428642,3,0.428072,0.426872,0.485975,-5790.25,-5910.25
2017-06-19,0.428642,3,0.445892,0.425402,0.485975,-4008.25,-6057.25
2017-06-20,0.430645,2,0.443785,0.438085,0.485975,-4219.00,-4789.00
2017-06-21,0.438865,1,0.442395,0.442165,0.485975,-4358.00,-4381.00
2017-06-22,0.438865,1,0.444095,0.441275,0.485975,-4188.00,-4470.00
2017-06-23,0.438865,1,0.439885,0.438175,0.485975,-4609.00,-4780.00
2017-06-25,0.438865,1,0.439095,0.439075,0.485975,-4688.00,-4690.00
2017-06-26,0.438865,1,0.440785,0.437085,0.485975,-4519.00,-4889.00
2017-06-27,0.438865,1,0.425375,0.424125,0.485975,-6060.00,-6185.00
2017-06-28,0.425295,0,0.425295,0.425295,0.485975,-6068.00,-6068.00
2017-06-29,0.425295,0,0.425295,0.425295,0.485975,-6068.00,-6068.00
2017-06-30,0.425295,0,0.425295,0.425295,0.485975,-6068.00,-6068.00
2017-07-02,0.425295,0,0.425295,0.425295,0.485975,-6068.00,-6068.00
2017-07-03,0.425295,0,0.425295,0.425295,0.485975,-6068.00,-6068.00
2017-07-04,0.425295,0,0.425295,0.425295,0.485975,-6068.00,-6068.00
2017-07-05,0.425295,0,0.425295,0.425295,0.485975,-6068.00,-6068.00
2017-07-06,0.425295,0,0.425295,0.425295,0.485975,-6068.00,-6068.00
2017-07-07,0.425295,3,0.417165,0.411165,0.485975,-6881.00,-7481.00
2017-07-09,0.425295,3,0.418305,0.415005,0.485975,-6767.00,-7097.00
2017-07-10,0.425295,3,0.416175,0.411795,0.485975,-6980.00,-7418.00
2017-07-11,0.425295,3,0.439425,0.412125,0.485975,-4655.00,-7385.00
2017-07-12,0.427492,2,0.425872,0.420472,0.485975,-6010.25,-6550.25
2017-07-13,0.425712,0,0.425712,0.425712,0.485975,-6026.25,-6026.25
2017-07-14,0.425712,0,0.425712,0.425712,0.485975,-6026.25,-6026.25
2017-07-16,0.425712,0,0.425712,0.425712,0.485975,-6026.25,-6026.25
2017-07-17,0.425712,0,0.425712,0.425712,0.485975,-6026.25,-6026.25
2017-07-18,0.425712,0,0.425712,0.425712,0.485975,-6026.25,-6026.25
2017-07-19,0.425712,0,0.425712,0.425712,0.485975,-6026.25,-6026.25
2017-07-20,0.425712,0,0.425712,0.425712,0.485975,-6026.25,-6026.25
2017-07-21,0.425712,0,0.425712,0.425712,0.485975,-6026.25,-6026.25
2017-07-23,0.425712,0,0.425712,0.425712,0.485975,-6026.25,-6026.25
2017-07-24,0.425712,0,0.425712,0.425712,0.485975,-6026.25,-6026.25
2017-07-25,0.425712,0,0.425712,0.425712,0.485975,-6026.25,-6026.25
2017-07-26,0.425712,0,0.425712,0.425712,0.485975,-6026.25,-6026.25
2017-07-27,0.425712,0,0.425712,0.425712,0.485975,-6026.25,-6026.25
2017-07-28,0.425712,0,0.425712,0.425712,0.485975,-6026.25,-6026.25
2017-07-30,0.425712,0,0.425712,0.425712,0.485975,-6026.25,-6026.25
2017-07-31,0.425712,0,0.425712,0.425712,0.485975,-6026.25,-6026.25
2017-08-01,0.425712,0,0.425712,0.425712,0.485975,-6026.25,-6026.25
2017-08-02,0.425712,0,0.425712,0.425712,0.485975,-6026.25,-6026.25
2017-08-03,0.425712,0,0.425712,0.425712,0.485975,-6026.25,-6026.25
2017-08-04,0.425712,0,0.425712,0.425712,0.485975,-6026.25,-6026.25
2017-08-06,0.425712,0,0.425712,0.425712,0.485975,-6026.25,-6026.25
2017-08-07,0.425712,0,0.425712,0.425712,0.485975,-6026.25,-6026.25
2017-08-08,0.425712,0,0.425712,0.425712,0.485975,-6026.25,-6026.25
2017-08-09,0.425712,0,0.425712,0.425712,0.485975,-6026.25,-6026.25
2017-08-10,0.425712,0,0.425712,0.425712,0.485975,-6026.25,-6026.25
2017-08-11,0.425712,0,0.425712,0.425712,0.485975,-6026.25,-6026.25
2017-08-13,0.425712,0,0.425712,0.425712,0.485975,-6026.25,-6026.25
2017-08-14,0.425712,0,0.425712,0.425712,0.485975,-6026.25,-6026.25
2017-08-15,0.425712,0,0.425712,0.425712,0.485975,-6026.25,-6026.25
2017-08-16,0.425712,0,0.425712,0.425712,0.485975,-6026.25,-6026.25
2017-08-17,0.425712,0,0.425712,0.425712,0.485975,-6026.25,-6026.25
2017-08-18,0.425712,0,0.425712,0.425712,0.485975,-6026.25,-6026.25
2017-08-20,0.425712,0,0.425712,0.425712,0.485975,-6026.25,-6026.25
2017-08-21,0.425712,0,0.425712,0.425712,0.485975,-6026.25,-6026.25
2017-08-22,0.425712,0,0.425712,0.425712,0.485975,-6026.25,-6026.25
2017-08-23,0.425712,0,0.425712,0.425712,0.485975,-6026.25,-6026.25
2017-08-24,0.425712,0,0.425712,0.425712,0.485975,-6026.25,-6026.25
2017-08-25,0.425712,3,0.429252,0.384672,0.485975,-5672.25,-10130.25
2017-08-27,0.425712,3,0.438012,0.434772,0.485975,-4796.25,-5120.25
2017-08-28,0.428762,2,0.439502,0.430102,0.485975,-4647.25,-5587.25
2017-08-29,0.428762,2,0.440682,0.436042,0.485975,-4529.25,-4993.25
2017-08-30,0.441172,1,0.439222,0.438202,0.485975,-4675.25,-4777.25
2017-08-31,0.439142,0,0.439142,0.439142,0.485975,-4683.25,-4683.25
2017-09-01,0.439142,0,0.439142,0.439142,0.485975,-4683.25,-4683.25
2017-09-03,0.439142,0,0.439142,0.439142,0.485975,-4683.25,-4683.25
2017-09-04,0.439142,0,0.439142,0.439142,0.485975,-4683.25,-4683.25
2017-09-05,0.439142,0,0.439142,0.439142,0.485975,-4683.25,-4683.25
2017-09-06,0.439142,0,0.439142,0.439142,0.485975,-4683.25,-4683.25
2017-09-07,0.439142,0,0.439142,0.439142,0.485975,-4683.25,-4683.25
2017-09-08,0.439142,0,0.439142,0.439142,0.485975,-4683.25,-4683.25
2017-09-10,0.439142,0,0.439142,0.439142,0.485975,-4683.25,-4683.25
2017-09-11,0.439142,0,0.439142,0.439142,0.485975,-4683.25,-4683.25
2017-09-12,0.439142,0,0.439142,0.439142,0.485975,-4683.25,-4683.25
2017-09-13,0.439142,0,0.439142,0.439142,0.485975,-4683.25,-4683.25
2017-09-14,0.439142,3,0.417782,0.417242,0.485975,-6819.25,-6873.25
2017-09-15,0.439142,3,0.410672,0.397892,0.485975,-7530.25,-8808.25
2017-09-17,0.439142,3,0.412742,0.408992,0.485975,-7323.25,-7698.25
2017-09-18,0.439142,3,0.406082,0.403322,0.485975,-7989.25,-8265.25
2017-09-19,0.439142,3,0.396332,0.392162,0.485975,-8964.25,-9381.25
2017-09-20,0.396092,0,0.396092,0.396092,0.485975,-8988.25,-8988.25
2017-09-21,0.396092,0,0.396092,0.396092,0.485975,-8988.25,-8988.25
2017-09-22,0.396092,3,0.386102,0.383192,0.485975,-9987.25,-10278.25
2017-09-24,0.396092,3,0.380132,0.370532,0.485975,-10584.25,-11544.25
2017-09-25,0.396092,3,0.358772,0.351692,0.485975,-12720.25,-13428.25
2017-09-26,0.396092,3,0.337262,0.329342,0.485975,-14871.25,-15663.25
2017-09-27,0.337022,0,0.337022,0.337022,0.485975,-14895.25,-14895.25
2017-09-28,0.337022,0,0.337022,0.337022,0.485975,-14895.25,-14895.25
2017-09-29,0.337022,0,0.337022,0.337022,0.485975,-14895.25,-14895.25
2017-10-01,0.337022,0,0.337022,0.337022,0.485975,-14895.25,-14895.25
2017-10-02,0.337022,0,0.337022,0.337022,0.485975,-14895.25,-14895.25
2017-10-03,0.337022,0,0.337022,0.337022,0.485975,-14895.25,-14895.25
2017-10-04,0.337022,0,0.337022,0.337022,0.485975,-14895.25,-14895.25
2017-10-05,0.337022,0,0.337022,0.337022,0.485975,-14895.25,-14895.25
2017-10-06,0.337022,0,0.337022,0.337022,0.485975,-14895.25,-14895.25
2017-10-08,0.337022,0,0.337022,0.337022,0.485975,-14895.25,-14895.25
2017-10-09,0.337022,0,0.337022,0.337022,0.485975,-14895.25,-14895.25
2017-10-10,0.337022,3,0.336482,0.314612,0.485975,-14949.25,-17136.25
2017-10-11,0.337022,3,0.351692,0.331022,0.485975,-13428.25,-15495.25
2017-10-12,0.339927,2,0.343067,0.341927,0.485975,-14290.75,-14404.75
2017-10-13,0.339927,2,0.340707,0.337947,0.485975,-14526.75,-14802.75
2017-10-15,0.339927,2,0.339787,0.338007,0.485975,-14618.75,-14796.75
2017-10-16,0.339627,0,0.339627,0.339627,0.485975,-14634.75,-14634.75
2017-10-17,0.339627,0,0.339627,0.339627,0.485975,-14634.75,-14634.75
2017-10-18,0.339627,0,0.339627,0.339627,0.485975,-14634.75,-14634.75
2017-10-19,0.339627,0,0.339627,0.339627,0.485975,-14634.75,-14634.75
2017-10-20,0.339627,0,0.339627,0.339627,0.485975,-14634.75,-14634.75
2017-10-22,0.339627,0,0.339627,0.339627,0.485975,-14634.75,-14634.75
2017-10-23,0.339627,0,0.339627,0.339627,0.485975,-14634.75,-14634.75
2017-10-24,0.339627,0,0.339627,0.339627,0.485975,-14634.75,-14634.75
2017-10-25,0.339627,0,0.339627,0.339627,0.485975,-14634.75,-14634.75
2017-10-26,0.339627,3,0.357117,0.297417,0.485975,-12885.75,-18855.75
2017-10-27,0.339627,3,0.365937,0.355317,0.485975,-12003.75,-13065.75
2017-10-29,0.354362,1,0.363402,0.362432,0.485975,-12257.25,-12354.25
2017-10-30,0.354362,1,0.358842,0.358172,0.485975,-12713.25,-12780.25
2017-10-31,0.354362,1,0.358782,0.357832,0.485975,-12719.25,-12814.25
2017-11-01,0.358702,0,0.358702,0.358702,0.485975,-12727.25,-12727.25
2017-11-02,0.358702,0,0.358702,0.358702,0.485975,-12727.25,-12727.25
2017-11-03,0.358702,0,0.358702,0.358702,0.485975,-12727.25,-12727.25
2017-11-05,0.358702,0,0.358702,0.358702,0.485975,-12727.25,-12727.25
2017-11-06,0.358702,0,0.358702,0.358702,0.485975,-12727.25,-12727.25
2017-11-07,0.358702,0,0.358702,0.358702,0.485975,-12727.25,-12727.25
2017-11-08,0.358702,0,0.358702,0.358702,0.485975,-12727.25,-12727.25
2017-11-09,0.358702,0,0.358702,0.358702,0.485975,-12727.25,-12727.25
2017-11-10,0.358702,0,0.358702,0.358702,0.485975,-12727.25,-12727.25
2017-11-12,0.358702,0,0.358702,0.358702,0.485975,-12727.25,-12727.25
2017-11-13,0.358702,0,0.358702,0.358702,0.485975,-12727.25,-12727.25
2017-11-14,0.358702,3,0.388732,0.350302,0.485975,-9724.25,-13567.25
2017-11-15,0.358702,3,0.386332,0.382042,0.485975,-9964.25,-10393.25
2017-11-16,0.369975,1,0.378735,0.376615,0.485975,-10724.00,-10936.00
2017-11-17,0.369975,1,0.379715,0.378305,0.485975,-10626.00,-10767.00
2017-11-19,0.369975,1,0.374365,0.373155,0.485975,-11161.00,-11282.00
2017-11-20,0.369975,1,0.374635,0.373415,0.485975,-11134.00,-11256.00
2017-11-21,0.369975,1,0.375085,0.372205,0.485975,-11089.00,-11377.00
2017-11-22,0.369975,1,0.382385,0.374385,0.485975,-10359.00,-11159.00
2017-11-23,0.369975,1,0.385955,0.382245,0.485975,-10002.00,-10373.00
2017-11-24,0.369975,1,0.393785,0.384595,0.485975,-9219.00,-10138.00
2017-11-26,0.369975,1,0.393665,0.393315,0.485975,-9231.00,-9266.00
2017-11-27,0.369975,1,0.391335,0.389955,0.485975,-9464.00,-9602.00
2017-11-28,0.369975,1,0.385835,0.383635,0.485975,-10014.00,-10234.00
2017-11-29,0.369975,1,0.386125,0.382595,0.485975,-9985.00,-10338.00
2017-11-30,0.369975,1,0.390715,0.381825,0.485975,-9526.00,-10415.00
2017-12-01,0.390635,0,0.390635,0.390635,0.485975,-9534.00,-9534.00
2017-12-03,0.390635,0,0.390635,0.390635,0.485975,-9534.00,-9534.00
2017-12-04,0.390635,0,0.390635,0.390635,0.485975,-9534.00,-9534.00
2017-12-05,0.390635,0,0.390635,0.390635,0.485975,-9534.00,-9534.00
2017-12-06,0.390635,0,0.390635,0.390635,0.485975,-9534.00,-9534.00
2017-12-07,0.390635,0,0.390635,0.390635,0.485975,-9534.00,-9534.00
2017-12-08,0.390635,0,0.390635,0.390635,0.485975,-9534.00,-9534.00
2017-12-10,0.390635,0,0.390635,0.390635,0.485975,-9534.00,-9534.00
2017-12-11,0.390635,0,0.390635,0.390635,0.485975,-9534.00,-9534.00
2017-12-12,0.390635,0,0.390635,0.390635,0.485975,-9534.00,-9534.00
2017-12-13,0.390635,0,0.390635,0.390635,0.485975,-9534.00,-9534.00
2017-12-14,0.390635,0,0.390635,0.390635,0.485975,-9534.00,-9534.00
2017-12-15,0.390635,0,0.390635,0.390635,0.485975,-9534.00,-9534.00
2017-12-17,0.390635,0,0.390635,0.390635,0.485975,-9534.00,-9534.00
2017-12-18,0.390635,0,0.390635,0.390635,0.485975,-9534.00,-9534.00
2017-12-19,0.390635,0,0.390635,0.390635,0.485975,-9534.00,-9534.00
2017-12-20,0.390635,0,0.390635,0.390635,0.485975,-9534.00,-9534.00
2017-12-21,0.390635,0,0.390635,0.390635,0.485975,-9534.00,-9534.00
2017-12-22,0.390635,0,0.390635,0.390635,0.485975,-9534.00,-9534.00
2017-12-24,0.390635,0,0.390635,0.390635,0.485975,-9534.00,-9534.00
2017-12-25,0.390635,0,0.390635,0.390635,0.485975,-9534.00,-9534.00
2017-12-26,0.390635,0,0.390635,0.390635,0.485975,-9534.00,-9534.00
2017-12-27,0.390635,0,0.390635,0.390635,0.485975,-9534.00,-9534.00
2017-12-28,0.390635,3,0.390335,0.377615,0.485975,-9564.00,-10836.00
2017-12-29,0.390635,3,0.408065,0.389585,0.485975,-7791.00,-9639.00
2018-01-01,0.404805,0,0.404805,0.404805,0.485975,-8117.00,-8117.00
2018-01-02,0.404805,0,0.404805,0.404805,0.485975,-8117.00,-8117.00
2018-01-03,0.404805,0,0.404805,0.404805,0.485975,-8117.00,-8117.00
2018-01-04,0.404805,0,0.404805,0.404805,0.485975,-8117.00,-8117.00
2018-01-05,0.404805,0,0.404805,0.404805,0.485975,-8117.00,-8117.00
2018-01-07,0.404805,0,0.404805,0.404805,0.485975,-8117.00,-8117.00
2018-01-08,0.404805,3,0.414045,0.389355,0.485975,-7193.00,-9662.00
2018-01-09,0.404805,3,0.426465,0.412335,0.485975,-5951.00,-7364.00
2018-01-10,0.414715,1,0.419195,0.412985,0.485975,-6678.00,-7299.00
2018-01-11,0.414715,1,0.410505,0.408885,0.485975,-7547.00,-7709.00
2018-01-12,0.410425,0,0.410425,0.410425,0.485975,-7555.00,-7555.00
2018-01-14,0.410425,3,0.409975,0.409645,0.485975,-7600.00,-7633.00
2018-01-15,0.410425,3,0.432355,0.408685,0.485975,-5362.00,-7729.00
2018-01-16,0.420335,1,0.428065,0.420515,0.485975,-5791.00,-6546.00
2018-01-17,0.420335,1,0.419015,0.417495,0.485975,-6696.00,-6848.00
2018-01-18,0.418935,0,0.418935,0.418935,0.485975,-6704.00,-6704.00
2018-01-19,0.418935,0,0.418935,0.418935,0.485975,-6704.00,-6704.00
2018-01-21,0.418935,0,0.418935,0.418935,0.485975,-6704.00,-6704.00
2018-01-22,0.418935,0,0.418935,0.418935,0.485975,-6704.00,-6704.00
2018-01-23,0.418935,0,0.418935,0.418935,0.485975,-6704.00,-6704.00
2018-01-24,0.418935,0,0.418935,0.418935,0.485975,-6704.00,-6704.00
2018-01-25,0.418935,0,0.418935,0.418935,0.485975,-6704.00,-6704.00
2018-01-26,0.418935,0,0.418935,0.418935,0.485975,-6704.00,-6704.00
2018-01-28,0.418935,0,0.418935,0.418935,0.485975,-6704.00,-6704.00
2018-01-29,0.418935,0,0.418935,0.418935,0.485975,-6704.00,-6704.00
2018-01-30,0.418935,0,0.418935,0.418935,0.485975,-6704.00,-6704.00
2018-01-31,0.418935,0,0.418935,0.418935,0.485975,-6704.00,-6704.00
2018-02-01,0.418935,0,0.418935,0.418935,0.485975,-6704.00,-6704.00
2018-02-02,0.418935,0,0.418935,0.418935,0.485975,-6704.00,-6704.00
2018-02-04,0.418935,0,0.418935,0.418935,0.485975,-6704.00,-6704.00
2018-02-05,0.418935,0,0.418935,0.418935,0.485975,-6704.00,-6704.00
2018-02-06,0.418935,0,0.418935,0.418935,0.485975,-6704.00,-6704.00
2018-02-07,0.418935,0,0.418935,0.418935,0.485975,-6704.00,-6704.00
2018-02-08,0.418935,0,0.418935,0.418935,0.485975,-6704.00,-6704.00
2018-02-09,0.418935,0,0.418935,0.418935,0.485975,-6704.00,-6704.00
2018-02-11,0.418935,0,0.418935,0.418935,0.485975,-6704.00,-6704.00
2018-02-12,0.418935,0,0.418935,0.418935,0.485975,-6704.00,-6704.00
2018-02-13,0.418935,0,0.418935,0.418935,0.485975,-6704.00,-6704.00
2018-02-14,0.418935,0,0.418935,0.418935,0.485975,-6704.00,-6704.00
2018-02-15,0.418935,0,0.418935,0.418935,0.485975,-6704.00,-6704.00
2018-02-16,0.418935,3,0.383265,0.379965,0.485975,-10271.00,-10601.00
2018-02-18,0.418935,3,0.385545,0.382455,0.485975,-10043.00,-10352.00
2018-02-19,0.418935,3,0.382095,0.372735,0.485975,-10388.00,-11324.00
2018-02-20,0.418935,3,0.362625,0.358005,0.485975,-12335.00,-12797.00
2018-02-21,0.362385,0,0.362385,0.362385,0.485975,-12359.00,-12359.00
2018-02-22,0.362385,3,0.348825,0.340905,0.485975,-13715.00,-14507.00
2018-02-23,0.362385,3,0.358395,0.347025,0.485975,-12758.00,-13895.00
2018-02-25,0.362385,3,0.360015,0.358095,0.485975,-12596.00,-12788.00
2018-02-26,0.362385,3,0.352035,0.340005,0.485975,-13394.00,-14597.00
2018-02-27,0.362385,3,0.378735,0.342645,0.485975,-10724.00,-14333.00
2018-02-28,0.365752,2,0.383532,0.373592,0.485975,-10244.25,-11238.25
2018-03-01,0.383372,0,0.383372,0.383372,0.485975,-10260.25,-10260.25
2018-03-02,0.383372,0,0.383372,0.383372,0.485975,-10260.25,-10260.25
2018-03-04,0.383372,0,0.383372,0.383372,0.485975,-10260.25,-10260.25
2018-03-05,0.383372,0,0.383372,0.383372,0.485975,-10260.25,-10260.25
2018-03-06,0.383372,0,0.383372,0.383372,0.485975,-10260.25,-10260.25
2018-03-07,0.383372,0,0.383372,0.383372,0.485975,-10260.25,-10260.25
2018-03-08,0.383372,0,0.383372,0.383372,0.485975,-10260.25,-10260.25
2018-03-09,0.383372,0,0.383372,0.383372,0.485975,-10260.25,-10260.25
2018-03-11,0.383372,0,0.383372,0.383372,0.485975,-10260.25,-10260.25
2018-03-12,0.383372,0,0.383372,0.383372,0.485975,-10260.25,-10260.25
2018-03-13,0.383372,0,0.383372,0.383372,0.485975,-10260.25,-10260.25
2018-03-14,0.383372,0,0.383372,0.383372,0.485975,-10260.25,-10260.25
2018-03-15,0.383372,0,0.383372,0.383372,0.485975,-10260.25,-10260.25
2018-03-16,0.383372,0,0.383372,0.383372,0.485975,-10260.25,-10260.25
2018-03-18,0.383372,0,0.383372,0.383372,0.485975,-10260.25,-10260.25
2018-03-19,0.383372,0,0.383372,0.383372,0.485975,-10260.25,-10260.25
2018-03-20,0.383372,0,0.383372,0.383372,0.485975,-10260.25,-10260.25
2018-03-21,0.383372,0,0.383372,0.383372,0.485975,-10260.25,-10260.25
2018-03-22,0.383372,0,0.383372,0.383372,0.485975,-10260.25,-10260.25
2018-03-23,0.383372,0,0.383372,0.383372,0.485975,-10260.25,-10260.25
2018-03-25,0.383372,0,0.383372,0.383372,0.485975,-10260.25,-10260.25
2018-03-26,0.383372,0,0.383372,0.383372,0.485975,-10260.25,-10260.25
2018-03-27,0.383372,0,0.383372,0.383372,0.485975,-10260.25,-10260.25
2018-03-28,0.383372,0,0.383372,0.383372,0.485975,-10260.25,-10260.25
2018-03-29,0.383372,0,0.383372,0.383372,0.485975,-10260.25,-10260.25
2018-03-30,0.383372,0,0.383372,0.383372,0.485975,-10260.25,-10260.25
2018-04-01,0.383372,0,0.383372,0.383372,0.485975,-10260.25,-10260.25
2018-04-02,0.383372,0,0.383372,0.383372,0.485975,-10260.25,-10260.25
2018-04-03,0.383372,0,0.383372,0.383372,0.485975,-10260.25,-10260.25
2018-04-04,0.383372,0,0.383372,0.383372,0.485975,-10260.25,-10260.25
2018-04-05,0.383372,0,0.383372,0.383372,0.485975,-10260.25,-10260.25
2018-04-06,0.383372,0,0.383372,0.383372,0.485975,-10260.25,-10260.25
2018-04-08,0.383372,0,0.383372,0.383372,0.485975,-10260.25,-10260.25
2018-04-09,0.383372,0,0.383372,0.383372,0.485975,-10260.25,-10260.25
2018-04-10,0.383372,3,0.388682,0.370682,0.485975,-9729.25,-11529.25
2018-04-11,0.383372,3,0.391442,0.383972,0.485975,-9453.25,-10200.25
2018-04-12,0.385582,2,0.382482,0.376442,0.485975,-10349.25,-10953.25
2018-04-13,0.382322,0,0.382322,0.382322,0.485975,-10365.25,-10365.25
2018-04-15,0.382322,0,0.382322,0.382322,0.485975,-10365.25,-10365.25
2018-04-16,0.382322,0,0.382322,0.382322,0.485975,-10365.25,-10365.25
2018-04-17,0.382322,0,0.382322,0.382322,0.485975,-10365.25,-10365.25
2018-04-18,0.382322,0,0.382322,0.382322,0.485975,-10365.25,-10365.25
2018-04-19,0.382322,0,0.382322,0.382322,0.485975,-10365.25,-10365.25
2018-04-20,0.382322,3,0.373022,0.352532,0.485975,-11295.25,-13344.25
2018-04-22,0.382322,3,0.376292,0.372002,0.485975,-10968.25,-11397.25
2018-04-23,0.382322,3,0.395642,0.371582,0.485975,-9033.25,-11439.25
2018-04-24,0.384532,2,0.387812,0.386292,0.485975,-9816.25,-9968.25
2018-04-25,0.384532,2,0.401132,0.387812,0.485975,-8484.25,-9816.25
2018-04-26,0.393582,1,0.408132,0.397952,0.485975,-7784.25,-8802.25
2018-04-27,0.393582,1,0.406032,0.405672,0.485975,-7994.25,-8030.25
2018-04-29,0.393582,1,0.406682,0.406042,0.485975,-7929.25,-7993.25
2018-04-30,0.393582,1,0.410792,0.405082,0.485975,-7518.25,-8089.25
2018-05-01,0.410712,0,0.410712,0.410712,0.485975,-7526.25,-7526.25
2018-05-02,0.410712,0,0.410712,0.410712,0.485975,-7526.25,-7526.25
2018-05-03,0.410712,0,0.410712,0.410712,0.485975,-7526.25,-7526.25
2018-05-04,0.410712,0,0.410712,0.410712,0.485975,-7526.25,-7526.25
2018-05-06,0.410712,0,0.410712,0.410712,0.485975,-7526.25,-7526.25
2018-05-07,0.410712,0,0.410712,0.410712,0.485975,-7526.25,-7526.25
2018-05-08,0.410712,0,0.410712,0.410712,0.485975,-7526.25,-7526.25
2018-05-09,0.410712,0,0.410712,0.410712,0.485975,-7526.25,-7526.25
2018-05-10,0.410712,0,0.410712,0.410712,0.485975,-7526.25,-7526.25
2018-05-11,0.410712,0,0.410712,0.410712,0.485975,-7526.25,-7526.25
2018-05-13,0.410712,0,0.410712,0.410712,0.485975,-7526.25,-7526.25
2018-05-14,0.410712,0,0.410712,0.410712,0.485975,-7526.25,-7526.25
2018-05-15,0.410712,0,0.410712,0.410712,0.485975,-7526.25,-7526.25
2018-05-16,0.410712,0,0.410712,0.410712,0.485975,-7526.25,-7526.25
2018-05-17,0.410712,0,0.410712,0.410712,0.485975,-7526.25,-7526.25
2018-05-18,0.410712,0,0.410712,0.410712,0.485975,-7526.25,-7526.25
2018-05-20,0.410712,0,0.410712,0.410712,0.485975,-7526.25,-7526.25
2018-05-21,0.410712,0,0.410712,0.410712,0.485975,-7526.25,-7526.25
2018-05-22,0.410712,0,0.410712,0.410712,0.485975,-7526.25,-7526.25
2018-05-23,0.410712,0,0.410712,0.410712,0.485975,-7526.25,-7526.25
2018-05-24,0.410712,0,0.410712,0.410712,0.485975,-7526.25,-7526.25
2018-05-25,0.410712,0,0.410712,0.410712,0.485975,-7526.25,-7526.25
2018-05-27,0.410712,0,0.410712,0.410712,0.485975,-7526.25,-7526.25
2018-05-28,0.410712,0,0.410712,0.410712,0.485975,-7526.25,-7526.25
2018-05-29,0.410712,0,0.410712,0.410712,0.485975,-7526.25,-7526.25
2018-05-30,0.410712,0,0.410712,0.410712,0.485975,-7526.25,-7526.25
2018-05-31,0.410712,0,0.410712,0.410712,0.485975,-7526.25,-7526.25
2018-06-01,0.410712,0,0.410712,0.410712,0.485975,-7526.25,-7526.25
2018-06-03,0.410712,0,0.410712,0.410712,0.485975,-7526.25,-7526.25
2018-06-04,0.410712,0,0.410712,0.410712,0.485975,-7526.25,-7526.25
2018-06-05,0.410712,0,0.410712,0.410712,0.485975,-7526.25,-7526.25
2018-06-06,0.410712,0,0.410712,0.410712,0.485975,-7526.25,-7526.25
2018-06-07,0.410712,0,0.410712,0.410712,0.485975,-7526.25,-7526.25
2018-06-08,0.410712,0,0.410712,0.410712,0.485975,-7526.25,-7526.25
2018-06-10,0.410712,0,0.410712,0.410712,0.485975,-7526.25,-7526.25
2018-06-11,0.410712,0,0.410712,0.410712,0.485975,-7526.25,-7526.25
2018-06-12,0.410712,0,0.410712,0.410712,0.485975,-7526.25,-7526.25
2018-06-13,0.410712,0,0.410712,0.410712,0.485975,-7526.25,-7526.25
2018-06-14,0.410712,3,0.426792,0.340302,0.485975,-5918.25,-14567.25
2018-06-15,0.410712,3,0.414012,0.407712,0.485975,-7196.25,-7826.25
2018-06-17,0.413827,2,0.418607,0.416807,0.485975,-6736.75,-6916.75
2018-06-18,0.413827,2,0.411247,0.409007,0.485975,-7472.75,-7696.75
2018-06-19,0.411087,0,0.411087,0.411087,0.485975,-7488.75,-7488.75
2018-06-20,0.411087,0,0.411087,0.411087,0.485975,-7488.75,-7488.75
2018-06-21,0.411087,0,0.411087,0.411087,0.485975,-7488.75,-7488.75
2018-06-22,0.411087,0,0.411087,0.411087,0.485975,-7488.75,-7488.75
2018-06-24,0.411087,0,0.411087,0.411087,0.485975,-7488.75,-7488.75
2018-06-25,0.411087,0,0.411087,0.411087,0.485975,-7488.75,-7488.75
2018-06-26,0.411087,0,0.411087,0.411087,0.485975,-7488.75,-7488.75
2018-06-27,0.411087,0,0.411087,0.411087,0.485975,-7488.75,-7488.75
2018-06-28,0.411087,0,0.411087,0.411087,0.485975,-7488.75,-7488.75
2018-06-29,0.411087,0,0.411087,0.411087,0.485975,-7488.75,-7488.75
2018-07-01,0.411087,0,0.411087,0.411087,0.485975,-7488.75,-7488.75
2018-07-02,0.411087,0,0.411087,0.411087,0.485975,-7488.75,-7488.75
2018-07-03,0.411087,0,0.411087,0.411087,0.485975,-7488.75,-7488.75
2018-07-04,0.411087,0,0.411087,0.411087,0.485975,-7488.75,-7488.75
2018-07-05,0.411087,0,0.411087,0.411087,0.485975,-7488.75,-7488.75
2018-07-06,0.411087,0,0.411087,0.411087,0.485975,-7488.75,-7488.75
2018-07-08,0.411087,0,0.411087,0.411087,0.485975,-7488.75,-7488.75
2018-07-09,0.411087,0,0.411087,0.411087,0.485975,-7488.75,-7488.75
2018-07-10,0.411087,0,0.411087,0.411087,0.485975,-7488.75,-7488.75
2018-07-11,0.411087,0,0.411087,0.411087,0.485975,-7488.75,-7488.75
2018-07-12,0.411087,0,0.411087,0.411087,0.485975,-7488.75,-7488.75
2018-07-13,0.411087,0,0.411087,0.411087,0.485975,-7488.75,-7488.75
2018-07-15,0.411087,0,0.411087,0.411087,0.485975,-7488.75,-7488.75
2018-07-16,0.411087,0,0.411087,0.411087,0.485975,-7488.75,-7488.75
2018-07-17,0.411087,0,0.411087,0.411087,0.485975,-7488.75,-7488.75
2018-07-18,0.411087,0,0.411087,0.411087,0.485975,-7488.75,-7488.75
2018-07-19,0.411087,3,0.392067,0.384837,0.485975,-9390.75,-10113.75
2018-07-20,0.411087,3,0.372507,0.366777,0.485975,-11346.75,-11919.75
2018-07-22,0.372267,0,0.372267,0.372267,0.485975,-11370.75,-11370.75
2018-07-23,0.372267,3,0.358137,0.355197,0.485975,-12783.75,-13077.75
2018-07-24,0.372267,3,0.355467,0.346467,0.485975,-13050.75,-13950.75
2018-07-25,0.372267,3,0.371487,0.349317,0.485975,-11448.75,-13665.75
2018-07-26,0.372267,3,0.343227,0.341487,0.485975,-14274.75,-14448.75
2018-07-27,0.372267,3,0.346887,0.336207,0.485975,-13908.75,-14976.75
2018-07-29,0.372267,3,0.347847,0.345867,0.485975,-13812.75,-14010.75
2018-07-30,0.372267,3,0.362247,0.344487,0.485975,-12372.75,-14148.75
2018-07-31,0.372267,3,0.356817,0.355257,0.485975,-12915.75,-13071.75
2018-08-01,0.356577,0,0.356577,0.356577,0.485975,-12939.75,-12939.75
2018-08-02,0.356577,0,0.356577,0.356577,0.485975,-12939.75,-12939.75
2018-08-03,0.356577,0,0.356577,0.356577,0.485975,-12939.75,-12939.75
2018-08-05,0.356577,0,0.356577,0.356577,0.485975,-12939.75,-12939.75
2018-08-06,0.356577,0,0.356577,0.356577,0.485975,-12939.75,-12939.75
2018-08-07,0.356577,0,0.356577,0.356577,0.485975,-12939.75,-12939.75
2018-08-08,0.356577,0,0.356577,0.356577,0.485975,-12939.75,-12939.75
2018-08-09,0.356577,0,0.356577,0.356577,0.485975,-12939.75,-12939.75
2018-08-10,0.356577,0,0.356577,0.356577,0.485975,-12939.75,-12939.75
2018-08-12,0.356577,0,0.356577,0.356577,0.485975,-12939.75,-12939.75
2018-08-13,0.356577,0,0.356577,0.356577,0.485975,-12939.75,-12939.75
2018-08-14,0.356577,0,0.356577,0.356577,0.485975,-12939.75,-12939.75
2018-08-15,0.356577,0,0.356577,0.356577,0.485975,-12939.75,-12939.75
2018-08-16,0.356577,0,0.356577,0.356577,0.485975,-12939.75,-12939.75
2018-08-17,0.356577,0,0.356577,0.356577,0.485975,-12939.75,-12939.75
2018-08-19,0.356577,0,0.356577,0.356577,0.485975,-12939.75,-12939.75
2018-08-20,0.356577,0,0.356577,0.356577,0.485975,-12939.75,-12939.75
2018-08-21,0.356577,0,0.356577,0.356577,0.485975,-12939.75,-12939.75
2018-08-22,0.356577,0,0.356577,0.356577,0.485975,-12939.75,-12939.75
2018-08-23,0.356577,0,0.356577,0.356577,0.485975,-12939.75,-12939.75
2018-08-24,0.356577,0,0.356577,0.356577,0.485975,-12939.75,-12939.75
2018-08-26,0.356577,0,0.356577,0.356577,0.485975,-12939.75,-12939.75
2018-08-27,0.356577,0,0.356577,0.356577,0.485975,-12939.75,-12939.75
2018-08-28,0.356577,3,0.354687,0.345477,0.485975,-13128.75,-14049.75
2018-08-29,0.356577,3,0.359517,0.342327,0.485975,-12645.75,-14364.75
2018-08-30,0.356577,3,0.346347,0.339237,0.485975,-13962.75,-14673.75
2018-08-31,0.356577,3,0.326637,0.322077,0.485975,-15933.75,-16389.75
2018-09-02,0.326397,0,0.326397,0.326397,0.485975,-15957.75,-15957.75
2018-09-03,0.326397,0,0.326397,0.326397,0.485975,-15957.75,-15957.75
2018-09-04,0.326397,0,0.326397,0.326397,0.485975,-15957.75,-15957.75
2018-09-05,0.326397,0,0.326397,0.326397,0.485975,-15957.75,-15957.75
2018-09-06,0.326397,0,0.326397,0.326397,0.485975,-15957.75,-15957.75
2018-09-07,0.326397,0,0.326397,0.326397,0.485975,-15957.75,-15957.75
2018-09-09,0.326397,0,0.326397,0.326397,0.485975,-15957.75,-15957.75
2018-09-10,0.326397,3,0.307347,0.300567,0.485975,-17862.75,-18540.75
2018-09-11,0.326397,3,0.306747,0.292167,0.485975,-17922.75,-19380.75
2018-09-12,0.326397,3,0.297807,0.290517,0.485975,-18816.75,-19545.75
2018-09-13,0.326397,3,0.278067,0.275127,0.485975,-20790.75,-21084.75
2018-09-14,0.277827,0,0.277827,0.277827,0.485975,-20814.75,-20814.75
2018-09-16,0.277827,3,0.276477,0.276027,0.485975,-20949.75,-20994.75
2018-09-17,0.277827,3,0.290007,0.274857,0.485975,-19596.75,-21111.75
2018-09-18,0.280200,2,0.290120,0.285040,0.485975,-19585.50,-20093.50
2018-09-19,0.280200,2,0.289420,0.284620,0.485975,-19655.50,-20135.50
2018-09-20,0.280200,2,0.309720,0.289000,0.485975,-17625.50,-19697.50
2018-09-21,0.289900,1,0.301840,0.300380,0.485975,-18413.50,-18559.50
2018-09-23,0.289900,1,0.301960,0.300890,0.485975,-18401.50,-18508.50
2018-09-24,0.289900,1,0.302340,0.299520,0.485975,-18363.50,-18645.50
2018-09-25,0.289900,1,0.303390,0.300210,0.485975,-18258.50,-18576.50
2018-09-26,0.289900,1,0.301800,0.299700,0.485975,-18417.50,-18627.50
2018-09-27,0.289900,1,0.290710,0.290420,0.485975,-19526.50,-19555.50
2018-09-28,0.289900,1,0.287300,0.284090,0.485975,-19867.50,-20188.50
2018-09-30,0.287220,0,0.287220,0.287220,0.485975,-19875.50,-19875.50
2018-10-01,0.287220,0,0.287220,0.287220,0.485975,-19875.50,-19875.50
2018-10-02,0.287220,0,0.287220,0.287220,0.485975,-19875.50,-19875.50
2018-10-03,0.287220,0,0.287220,0.287220,0.485975,-19875.50,-19875.50
2018-10-04,0.287220,0,0.287220,0.287220,0.485975,-19875.50,-19875.50
2018-10-05,0.287220,0,0.287220,0.287220,0.485975,-19875.50,-19875.50
2018-10-07,0.287220,0,0.287220,0.287220,0.485975,-19875.50,-19875.50
2018-10-08,0.287220,0,0.287220,0.287220,0.485975,-19875.50,-19875.50
2018-10-09,0.287220,0,0.287220,0.287220,0.485975,-19875.50,-19875.50
2018-10-10,0.287220,0,0.287220,0.287220,0.485975,-19875.50,-19875.50
2018-10-11,0.287220,0,0.287220,0.287220,0.485975,-19875.50,-19875.50
2018-10-12,0.287220,0,0.287220,0.287220,0.485975,-19875.50,-19875.50
2018-10-14,0.287220,0,0.287220,0.287220,0.485975,-19875.50,-19875.50
2018-10-15,0.287220,0,0.287220,0.287220,0.485975,-19875.50,-19875.50
2018-10-16,0.287220,0,0.287220,0.287220,0.485975,-19875.50,-19875.50
2018-10-17,0.287220,0,0.287220,0.287220,0.485975,-19875.50,-19875.50
2018-10-18,0.287220,0,0.287220,0.287220,0.485975,-19875.50,-19875.50
2018-10-19,0.287220,0,0.287220,0.287220,0.485975,-19875.50,-19875.50
2018-10-21,0.287220,0,0.287220,0.287220,0.485975,-19875.50,-19875.50
2018-10-22,0.287220,0,0.287220,0.287220,0.485975,-19875.50,-19875.50
2018-10-23,0.287220,0,0.287220,0.287220,0.485975,-19875.50,-19875.50
2018-10-24,0.287220,0,0.287220,0.287220,0.485975,-19875.50,-19875.50
2018-10-25,0.287220,0,0.287220,0.287220,0.485975,-19875.50,-19875.50
2018-10-26,0.287220,0,0.287220,0.287220,0.485975,-19875.50,-19875.50
2018-10-28,0.287220,0,0.287220,0.287220,0.485975,-19875.50,-19875.50
2018-10-29,0.287220,0,0.287220,0.287220,0.485975,-19875.50,-19875.50
2018-10-30,0.287220,0,0.287220,0.287220,0.485975,-19875.50,-19875.50
2018-10-31,0.287220,0,0.287220,0.287220,0.485975,-19875.50,-19875.50
2018-11-01,0.287220,0,0.287220,0.287220,0.485975,-19875.50,-19875.50
2018-11-02,0.287220,0,0.287220,0.287220,0.485975,-19875.50,-19875.50
2018-11-04,0.287220,0,0.287220,0.287220,0.485975,-19875.50,-19875.50
2018-11-05,0.287220,0,0.287220,0.287220,0.485975,-19875.50,-19875.50
2018-11-06,0.287220,0,0.287220,0.287220,0.485975,-19875.50,-19875.50
2018-11-07,0.287220,0,0.287220,0.287220,0.485975,-19875.50,-19875.50
2018-11-08,0.287220,0,0.287220,0.287220,0.485975,-19875.50,-19875.50
2018-11-09,0.287220,0,0.287220,0.287220,0.485975,-19875.50,-19875.50
2018-11-11,0.287220,0,0.287220,0.287220,0.485975,-19875.50,-19875.50
2018-11-12,0.287220,3,0.313920,0.281820,0.485975,-17205.50,-20415.50
2018-11-13,0.287220,3,0.287700,0.284610,0.485975,-19827.50,-20136.50
2018-11-14,0.290727,2,0.290807,0.283727,0.485975,-19516.75,-20224.75
2018-11-15,0.290727,2,0.288367,0.280787,0.485975,-19760.75,-20518.75
2018-11-16,0.288207,0,0.288207,0.288207,0.485975,-19776.75,-19776.75
2018-11-18,0.288207,0,0.288207,0.288207,0.485975,-19776.75,-19776.75
2018-11-19,0.288207,3,0.287667,0.269607,0.485975,-19830.75,-21636.75
2018-11-20,0.288207,3,0.263097,0.259077,0.485975,-22287.75,-22689.75
2018-11-21,0.288207,3,0.267987,0.261147,0.485975,-21798.75,-22482.75
2018-11-22,0.288207,3,0.272247,0.267057,0.485975,-21372.75,-21891.75
2018-11-23,0.288207,3,0.252117,0.249717,0.485975,-23385.75,-23625.75
2018-11-25,0.288207,3,0.252687,0.250617,0.485975,-23328.75,-23535.75
2018-11-26,0.288207,3,0.251397,0.248967,0.485975,-23457.75,-23700.75
2018-11-27,0.288207,3,0.240537,0.234717,0.485975,-24543.75,-25125.75
2018-11-28,0.240297,0,0.240297,0.240297,0.485975,-24567.75,-24567.75
2018-11-29,0.240297,0,0.240297,0.240297,0.485975,-24567.75,-24567.75
2018-11-30,0.240297,0,0.240297,0.240297,0.485975,-24567.75,-24567.75
2018-12-02,0.240297,0,0.240297,0.240297,0.485975,-24567.75,-24567.75
2018-12-03,0.240297,0,0.240297,0.240297,0.485975,-24567.75,-24567.75
2018-12-04,0.240297,0,0.240297,0.240297,0.485975,-24567.75,-24567.75
2018-12-05,0.240297,0,0.240297,0.240297,0.485975,-24567.75,-24567.75
2018-12-06,0.240297,0,0.240297,0.240297,0.485975,-24567.75,-24567.75
2018-12-07,0.240297,3,0.227397,0.222747,0.485975,-25857.75,-26322.75
2018-12-09,0.240297,3,0.234507,0.231837,0.485975,-25146.75,-25413.75
2018-12-10,0.240297,3,0.221397,0.219777,0.485975,-26457.75,-26619.75
2018-12-11,0.240297,3,0.211137,0.206517,0.485975,-27483.75,-27945.75
2018-12-12,0.240297,3,0.226407,0.209097,0.485975,-25956.75,-27687.75
2018-12-13,0.240297,3,0.223557,0.213957,0.485975,-26241.75,-27201.75
2018-12-14,0.240297,3,0.206007,0.195627,0.485975,-27996.75,-29034.75
2018-12-16,0.205767,0,0.205767,0.205767,0.485975,-28020.75,-28020.75
2018-12-17,0.205767,3,0.192237,0.189717,0.485975,-29373.75,-29625.75
2018-12-18,0.205767,3,0.184287,0.176367,0.485975,-30168.75,-30960.75
2018-12-19,0.205767,3,0.181077,0.165267,0.485975,-30489.75,-32070.75
2018-12-20,0.205767,3,0.160077,0.151257,0.485975,-32589.75,-33471.75
2018-12-21,0.159837,0,0.159837,0.159837,0.485975,-32613.75,-32613.75
2018-12-23,0.159837,0,0.159837,0.159837,0.485975,-32613.75,-32613.75
2018-12-24,0.159837,0,0.159837,0.159837,0.485975,-32613.75,-32613.75
2018-12-25,0.159837,0,0.159837,0.159837,0.485975,-32613.75,-32613.75
2018-12-26,0.159837,0,0.159837,0.159837,0.485975,-32613.75,-32613.75
2018-12-27,0.159837,0,0.159837,0.159837,0.485975,-32613.75,-32613.75
2018-12-28,0.159837,0,0.159837,0.159837,0.485975,-32613.75,-32613.75
2018-12-30,0.159837,0,0.159837,0.159837,0.485975,-32613.75,-32613.75
2018-12-31,0.159837,0,0.159837,0.159837,0.485975,-32613.75,-32613.75
2019-01-01,0.159837,0,0.159837,0.159837,0.485975,-32613.75,-32613.75
2019-01-02,0.159837,0,0.159837,0.159837,0.485975,-32613.75,-32613.75
2019-01-03,0.159837,0,0.159837,0.159837,0.485975,-32613.75,-32613.75
2019-01-04,0.159837,0,0.159837,0.159837,0.485975,-32613.75,-32613.75
2019-01-06,0.159837,0,0.159837,0.159837,0.485975,-32613.75,-32613.75
2019-01-07,0.159837,0,0.159837,0.159837,0.485975,-32613.75,-32613.75
2019-01-08,0.159837,0,0.159837,0.159837,0.485975,-32613.75,-32613.75
2019-01-09,0.159837,0,0.159837,0.159837,0.485975,-32613.75,-32613.75
2019-01-10,0.159837,0,0.159837,0.159837,0.485975,-32613.75,-32613.75
2019-01-11,0.159837,0,0.159837,0.159837,0.485975,-32613.75,-32613.75
2019-01-13,0.159837,0,0.159837,0.159837,0.485975,-32613.75,-32613.75
2019-01-14,0.159837,0,0.159837,0.159837,0.485975,-32613.75,-32613.75
2019-01-15,0.159837,0,0.159837,0.159837,0.485975,-32613.75,-32613.75
2019-01-16,0.159837,0,0.159837,0.159837,0.485975,-32613.75,-32613.75
2019-01-17,0.159837,0,0.159837,0.159837,0.485975,-32613.75,-32613.75
2019-01-18,0.159837,0,0.159837,0.159837,0.485975,-32613.75,-32613.75
2019-01-20,0.159837,0,0.159837,0.159837,0.485975,-32613.75,-32613.75
2019-01-21,0.159837,0,0.159837,0.159837,0.485975,-32613.75,-32613.75
2019-01-22,0.159837,0,0.159837,0.159837,0.485975,-32613.75,-32613.75
2019-01-23,0.159837,0,0.159837,0.159837,0.485975,-32613.75,-32613.75
2019-01-24,0.159837,3,0.158787,0.135177,0.485975,-32718.75,-35079.75
2019-01-25,0.159837,3,0.131607,0.127287,0.485975,-35436.75,-35868.75
2019-01-27,0.159837,3,0.128757,0.128547,0.485975,-35721.75,-35742.75
2019-01-28,0.159837,3,0.123747,0.119487,0.485975,-36222.75,-36648.75
2019-01-29,0.159837,3,0.122127,0.117537,0.485975,-36384.75,-36843.75
2019-01-30,0.159837,3,0.106977,0.102087,0.485975,-37899.75,-38388.75
2019-01-31,0.159837,3,0.118107,0.098337,0.485975,-36786.75,-38763.75
2019-02-01,0.117867,0,0.117867,0.117867,0.485975,-36810.75,-36810.75
2019-02-03,0.117867,0,0.117867,0.117867,0.485975,-36810.75,-36810.75
2019-02-04,0.117867,0,0.117867,0.117867,0.485975,-36810.75,-36810.75
2019-02-05,0.117867,0,0.117867,0.117867,0.485975,-36810.75,-36810.75
2019-02-06,0.117867,0,0.117867,0.117867,0.485975,-36810.75,-36810.75
2019-02-07,0.117867,0,0.117867,0.117867,0.485975,-36810.75,-36810.75
2019-02-08,0.117867,0,0.117867,0.117867,0.485975,-36810.75,-36810.75
2019-02-10,0.117867,0,0.117867,0.117867,0.485975,-36810.75,-36810.75
2019-02-11,0.117867,0,0.117867,0.117867,0.485975,-36810.75,-36810.75
2019-02-12,0.117867,0,0.117867,0.117867,0.485975,-36810.75,-36810.75
2019-02-13,0.117867,0,0.117867,0.117867,0.485975,-36810.75,-36810.75
2019-02-14,0.117867,0,0.117867,0.117867,0.485975,-36810.75,-36810.75
2019-02-15,0.117867,0,0.117867,0.117867,0.485975,-36810.75,-36810.75
2019-02-17,0.117867,0,0.117867,0.117867,0.485975,-36810.75,-36810.75
2019-02-18,0.117867,0,0.117867,0.117867,0.485975,-36810.75,-36810.75
2019-02-19,0.117867,0,0.117867,0.117867,0.485975,-36810.75,-36810.75
2019-02-20,0.117867,0,0.117867,0.117867,0.485975,-36810.75,-36810.75
2019-02-21,0.117867,0,0.117867,0.117867,0.485975,-36810.75,-36810.75
2019-02-22,0.117867,0,0.117867,0.117867,0.485975,-36810.75,-36810.75
2019-02-24,0.117867,0,0.117867,0.117867,0.485975,-36810.75,-36810.75
2019-02-25,0.117867,0,0.117867,0.117867,0.485975,-36810.75,-36810.75
2019-02-26,0.117867,0,0.117867,0.117867,0.485975,-36810.75,-36810.75
2019-02-27,0.117867,0,0.117867,0.117867,0.485975,-36810.75,-36810.75
2019-02-28,0.117867,0,0.117867,0.117867,0.485975,-36810.75,-36810.75
2019-03-01,0.117867,0,0.117867,0.117867,0.485975,-36810.75,-36810.75
2019-03-03,0.117867,0,0.117867,0.117867,0.485975,-36810.75,-36810.75
2019-03-04,0.117867,0,0.117867,0.117867,0.485975,-36810.75,-36810.75
2019-03-05,0.117867,0,0.117867,0.117867,0.485975,-36810.75,-36810.75
2019-03-06,0.117867,0,0.117867,0.117867,0.485975,-36810.75,-36810.75
2019-03-07,0.117867,0,0.117867,0.117867,0.485975,-36810.75,-36810.75
2019-03-08,0.117867,0,0.117867,0.117867,0.485975,-36810.75,-36810.75
2019-03-10,0.117867,0,0.117867,0.117867,0.485975,-36810.75,-36810.75
2019-03-11,0.117867,0,0.117867,0.117867,0.485975,-36810.75,-36810.75
2019-03-12,0.117867,0,0.117867,0.117867,0.485975,-36810.75,-36810.75
2019-03-13,0.117867,0,0.117867,0.117867,0.485975,-36810.75,-36810.75
2019-03-14,0.117867,0,0.117867,0.117867,0.485975,-36810.75,-36810.75
2019-03-15,0.117867,0,0.117867,0.117867,0.485975,-36810.75,-36810.75
2019-03-17,0.117867,0,0.117867,0.117867,0.485975,-36810.75,-36810.75
2019-03-18,0.117867,0,0.117867,0.117867,0.485975,-36810.75,-36810.75
2019-03-19,0.117867,0,0.117867,0.117867,0.485975,-36810.75,-36810.75
2019-03-20,0.117867,3,0.123807,0.095907,0.485975,-36216.75,-39006.75
2019-03-21,0.117867,3,0.107397,0.098037,0.485975,-37857.75,-38793.75
2019-03-22,0.113145,0,0.113145,0.113145,0.485975,-37283.00,-37283.00
2019-03-24,0.113145,3,0.111225,0.109545,0.485975,-37475.00,-37643.00
2019-03-25,0.113145,3,0.105345,0.100455,0.485975,-38063.00,-38552.00
2019-03-26,0.113145,3,0.117735,0.102105,0.485975,-36824.00,-38387.00
2019-03-27,0.115562,2,0.122962,0.116282,0.485975,-36301.25,-36969.25
2019-03-28,0.115562,2,0.127422,0.121142,0.485975,-35855.25,-36483.25
2019-03-29,0.115562,2,0.129802,0.124062,0.485975,-35617.25,-36191.25
2019-03-31,0.115562,2,0.128762,0.127142,0.485975,-35721.25,-35883.25
2019-04-01,0.128602,0,0.128602,0.128602,0.485975,-35737.25,-35737.25
2019-04-02,0.128602,0,0.128602,0.128602,0.485975,-35737.25,-35737.25
2019-04-03,0.128602,0,0.128602,0.128602,0.485975,-35737.25,-35737.25
2019-04-04,0.128602,0,0.128602,0.128602,0.485975,-35737.25,-35737.25
2019-04-05,0.128602,0,0.128602,0.128602,0.485975,-35737.25,-35737.25
2019-04-07,0.128602,0,0.128602,0.128602,0.485975,-35737.25,-35737.25
2019-04-08,0.128602,0,0.128602,0.128602,0.485975,-35737.25,-35737.25
2019-04-09,0.128602,0,0.128602,0.128602,0.485975,-35737.25,-35737.25
2019-04-10,0.128602,0,0.128602,0.128602,0.485975,-35737.25,-35737.25
2019-04-11,0.128602,0,0.128602,0.128602,0.485975,-35737.25,-35737.25
2019-04-12,0.128602,0,0.128602,0.128602,0.485975,-35737.25,-35737.25
2019-04-14,0.128602,0,0.128602,0.128602,0.485975,-35737.25,-35737.25
2019-04-15,0.128602,0,0.128602,0.128602,0.485975,-35737.25,-35737.25
2019-04-16,0.128602,0,0.128602,0.128602,0.485975,-35737.25,-35737.25
2019-04-17,0.128602,0,0.128602,0.128602,0.485975,-35737.25,-35737.25
2019-04-18,0.128602,0,0.128602,0.128602,0.485975,-35737.25,-35737.25
2019-04-19,0.128602,0,0.128602,0.128602,0.485975,-35737.25,-35737.25
2019-04-21,0.128602,0,0.128602,0.128602,0.485975,-35737.25,-35737.25
2019-04-22,0.128602,0,0.128602,0.128602,0.485975,-35737.25,-35737.25
2019-04-23,0.128602,0,0.128602,0.128602,0.485975,-35737.25,-35737.25
2019-04-24,0.128602,3,0.137662,0.116422,0.485975,-34831.25,-36955.25
2019-04-25,0.128602,3,0.143062,0.134962,0.485975,-34291.25,-35101.25
2019-04-26,0.130310,2,0.138430,0.132230,0.485975,-34754.50,-35374.50
2019-04-28,0.137350,1,0.140760,0.140540,0.485975,-34521.50,-34543.50
2019-04-29,0.137350,1,0.137220,0.137010,0.485975,-34875.50,-34896.50
2019-04-30,0.137140,0,0.137140,0.137140,0.485975,-34883.50,-34883.50
2019-05-01,0.137140,0,0.137140,0.137140,0.485975,-34883.50,-34883.50
2019-05-02,0.137140,0,0.137140,0.137140,0.485975,-34883.50,-34883.50
2019-05-03,0.137140,0,0.137140,0.137140,0.485975,-34883.50,-34883.50
2019-05-05,0.137140,0,0.137140,0.137140,0.485975,-34883.50,-34883.50
2019-05-06,0.137140,0,0.137140,0.137140,0.485975,-34883.50,-34883.50
2019-05-07,0.137140,0,0.137140,0.137140,0.485975,-34883.50,-34883.50
2019-05-08,0.137140,0,0.137140,0.137140,0.485975,-34883.50,-34883.50
2019-05-09,0.137140,0,0.137140,0.137140,0.485975,-34883.50,-34883.50
2019-05-10,0.137140,0,0.137140,0.137140,0.485975,-34883.50,-34883.50
2019-05-12,0.137140,0,0.137140,0.137140,0.485975,-34883.50,-34883.50
2019-05-13,0.137140,0,0.137140,0.137140,0.485975,-34883.50,-34883.50
2019-05-14,0.137140,0,0.137140,0.137140,0.485975,-34883.50,-34883.50
2019-05-15,0.137140,0,0.137140,0.137140,0.485975,-34883.50,-34883.50
2019-05-16,0.137140,0,0.137140,0.137140,0.485975,-34883.50,-34883.50
2019-05-17,0.137140,0,0.137140,0.137140,0.485975,-34883.50,-34883.50
2019-05-19,0.137140,0,0.137140,0.137140,0.485975,-34883.50,-34883.50
2019-05-20,0.137140,0,0.137140,0.137140,0.485975,-34883.50,-34883.50
2019-05-21,0.137140,0,0.137140,0.137140,0.485975,-34883.50,-34883.50
2019-05-22,0.137140,0,0.137140,0.137140,0.485975,-34883.50,-34883.50
2019-05-23,0.137140,0,0.137140,0.137140,0.485975,-34883.50,-34883.50
2019-05-24,0.137140,0,0.137140,0.137140,0.485975,-34883.50,-34883.50
2019-05-26,0.137140,0,0.137140,0.137140,0.485975,-34883.50,-34883.50
2019-05-27,0.137140,0,0.137140,0.137140,0.485975,-34883.50,-34883.50
2019-05-28,0.137140,0,0.137140,0.137140,0.485975,-34883.50,-34883.50
2019-05-29,0.137140,0,0.137140,0.137140,0.485975,-34883.50,-34883.50
2019-05-30,0.137140,0,0.137140,0.137140,0.485975,-34883.50,-34883.50
2019-05-31,0.137140,0,0.137140,0.137140,0.485975,-34883.50,-34883.50
2019-06-02,0.137140,0,0.137140,0.137140,0.485975,-34883.50,-34883.50
2019-06-03,0.137140,0,0.137140,0.137140,0.485975,-34883.50,-34883.50
2019-06-04,0.137140,0,0.137140,0.137140,0.485975,-34883.50,-34883.50
2019-06-05,0.137140,0,0.137140,0.137140,0.485975,-34883.50,-34883.50
2019-06-06,0.137140,0,0.137140,0.137140,0.485975,-34883.50,-34883.50
2019-06-07,0.137140,0,0.137140,0.137140,0.485975,-34883.50,-34883.50
2019-06-09,0.137140,0,0.137140,0.137140,0.485975,-34883.50,-34883.50
2019-06-10,0.137140,0,0.137140,0.137140,0.485975,-34883.50,-34883.50
2019-06-11,0.137140,0,0.137140,0.137140,0.485975,-34883.50,-34883.50
2019-06-12,0.137140,0,0.137140,0.137140,0.485975,-34883.50,-34883.50
2019-06-13,0.137140,0,0.137140,0.137140,0.485975,-34883.50,-34883.50
2019-06-14,0.137140,0,0.137140,0.137140,0.485975,-34883.50,-34883.50
2019-06-16,0.137140,0,0.137140,0.137140,0.485975,-34883.50,-34883.50
2019-06-17,0.137140,0,0.137140,0.137140,0.485975,-34883.50,-34883.50
2019-06-18,0.137140,0,0.137140,0.137140,0.485975,-34883.50,-34883.50
2019-06-19,0.137140,0,0.137140,0.137140,0.485975,-34883.50,-34883.50
2019-06-20,0.137140,0,0.137140,0.137140,0.485975,-34883.50,-34883.50
2019-06-21,0.137140,0,0.137140,0.137140,0.485975,-34883.50,-34883.50
2019-06-23,0.137140,0,0.137140,0.137140,0.485975,-34883.50,-34883.50
2019-06-24,0.137140,0,0.137140,0.137140,0.485975,-34883.50,-34883.50
2019-06-25,0.137140,0,0.137140,0.137140,0.485975,-34883.50,-34883.50
2019-06-26,0.137140,0,0.137140,0.137140,0.485975,-34883.50,-34883.50
2019-06-27,0.137140,0,0.137140,0.137140,0.485975,-34883.50,-34883.50
2019-06-28,0.137140,0,0.137140,0.137140,0.485975,-34883.50,-34883.50
2019-06-30,0.137140,0,0.137140,0.137140,0.485975,-34883.50,-34883.50
2019-07-01,0.137140,0,0.137140,0.137140,0.485975,-34883.50,-34883.50
2019-07-02,0.137140,0,0.137140,0.137140,0.485975,-34883.50,-34883.50
2019-07-03,0.137140,0,0.137140,0.137140,0.485975,-34883.50,-34883.50
2019-07-04,0.137140,0,0.137140,0.137140,0.485975,-34883.50,-34883.50
2019-07-05,0.137140,0,0.137140,0.137140,0.485975,-34883.50,-34883.50
2019-07-07,0.137140,0,0.137140,0.137140,0.485975,-34883.50,-34883.50
2019-07-08,0.137140,0,0.137140,0.137140,0.485975,-34883.50,-34883.50
2019-07-09,0.137140,0,0.137140,0.137140,0.485975,-34883.50,-34883.50
2019-07-10,0.137140,0,0.137140,0.137140,0.485975,-34883.50,-34883.50
2019-07-11,0.137140,0,0.137140,0.137140,0.485975,-34883.50,-34883.50
2019-07-12,0.137140,0,0.137140,0.137140,0.485975,-34883.50,-34883.50
2019-07-14,0.137140,0,0.137140,0.137140,0.485975,-34883.50,-34883.50
2019-07-15,0.137140,0,0.137140,0.137140,0.485975,-34883.50,-34883.50
2019-07-16,0.137140,0,0.137140,0.137140,0.485975,-34883.50,-34883.50
2019-07-17,0.137140,0,0.137140,0.137140,0.485975,-34883.50,-34883.50
2019-07-18,0.137140,0,0.137140,0.137140,0.485975,-34883.50,-34883.50
2019-07-19,0.137140,0,0.137140,0.137140,0.485975,-34883.50,-34883.50
2019-07-21,0.137140,0,0.137140,0.137140,0.485975,-34883.50,-34883.50
2019-07-22,0.137140,0,0.137140,0.137140,0.485975,-34883.50,-34883.50
2019-07-23,0.137140,0,0.137140,0.137140,0.485975,-34883.50,-34883.50
2019-07-24,0.137140,0,0.137140,0.137140,0.485975,-34883.50,-34883.50
2019-07-25,0.137140,0,0.137140,0.137140,0.485975,-34883.50,-34883.50
2019-07-26,0.137140,0,0.137140,0.137140,0.485975,-34883.50,-34883.50
2019-07-28,0.137140,0,0.137140,0.137140,0.485975,-34883.50,-34883.50
2019-07-29,0.137140,0,0.137140,0.137140,0.485975,-34883.50,-34883.50
2019-07-30,0.137140,0,0.137140,0.137140,0.485975,-34883.50,-34883.50
2019-07-31,0.137140,0,0.137140,0.137140,0.485975,-34883.50,-34883.50
2019-08-01,0.137140,0,0.137140,0.137140,0.485975,-34883.50,-34883.50
2019-08-02,0.137140,0,0.137140,0.137140,0.485975,-34883.50,-34883.50
2019-08-04,0.137140,0,0.137140,0.137140,0.485975,-34883.50,-34883.50
2019-08-05,0.137140,0,0.137140,0.137140,0.485975,-34883.50,-34883.50
2019-08-06,0.137140,0,0.137140,0.137140,0.485975,-34883.50,-34883.50
2019-08-07,0.137140,0,0.137140,0.137140,0.485975,-34883.50,-34883.50
2019-08-08,0.137140,0,0.137140,0.137140,0.485975,-34883.50,-34883.50
2019-08-09,0.137140,0,0.137140,0.137140,0.485975,-34883.50,-34883.50
2019-08-11,0.137140,0,0.137140,0.137140,0.485975,-34883.50,-34883.50
2019-08-12,0.137140,0,0.137140,0.137140,0.485975,-34883.50,-34883.50
2019-08-13,0.137140,0,0.137140,0.137140,0.485975,-34883.50,-34883.50
2019-08-14,0.137140,0,0.137140,0.137140,0.485975,-34883.50,-34883.50
2019-08-15,0.137140,0,0.137140,0.137140,0.485975,-34883.50,-34883.50
2019-08-16,0.137140,0,0.137140,0.137140,0.485975,-34883.50,-34883.50
2019-08-18,0.137140,0,0.137140,0.137140,0.485975,-34883.50,-34883.50
2019-08-19,0.137140,0,0.137140,0.137140,0.485975,-34883.50,-34883.50
2019-08-20,0.137140,0,0.137140,0.137140,0.485975,-34883.50,-34883.50
2019-08-21,0.137140,0,0.137140,0.137140,0.485975,-34883.50,-34883.50
2019-08-22,0.137140,0,0.137140,0.137140,0.485975,-34883.50,-34883.50
2019-08-23,0.137140,0,0.137140,0.137140,0.485975,-34883.50,-34883.50
2019-08-25,0.137140,0,0.137140,0.137140,0.485975,-34883.50,-34883.50
2019-08-26,0.137140,0,0.137140,0.137140,0.485975,-34883.50,-34883.50
2019-08-27,0.137140,0,0.137140,0.137140,0.485975,-34883.50,-34883.50
2019-08-28,0.137140,0,0.137140,0.137140,0.485975,-34883.50,-34883.50
2019-08-29,0.137140,0,0.137140,0.137140,0.485975,-34883.50,-34883.50
2019-08-30,0.137140,3,0.148750,0.127180,0.485975,-33722.50,-35879.50
2019-09-01,0.148510,0,0.148510,0.148510,0.485975,-33746.50,-33746.50
2019-09-02,0.148510,0,0.148510,0.148510,0.485975,-33746.50,-33746.50
2019-09-03,0.148510,0,0.148510,0.148510,0.485975,-33746.50,-33746.50
2019-09-04,0.148510,0,0.148510,0.148510,0.485975,-33746.50,-33746.50
2019-09-05,0.148510,0,0.148510,0.148510,0.485975,-33746.50,-33746.50
2019-09-06,0.148510,0,0.148510,0.148510,0.485975,-33746.50,-33746.50
2019-09-08,0.148510,0,0.148510,0.148510,0.485975,-33746.50,-33746.50
2019-09-09,0.148510,0,0.148510,0.148510,0.485975,-33746.50,-33746.50
2019-09-10,0.148510,0,0.148510,0.148510,0.485975,-33746.50,-33746.50
2019-09-11,0.148510,0,0.148510,0.148510,0.485975,-33746.50,-33746.50
2019-09-12,0.148510,0,0.148510,0.148510,0.485975,-33746.50,-33746.50
2019-09-13,0.148510,0,0.148510,0.148510,0.485975,-33746.50,-33746.50
2019-09-15,0.148510,0,0.148510,0.148510,0.485975,-33746.50,-33746.50
2019-09-16,0.148510,0,0.148510,0.148510,0.485975,-33746.50,-33746.50
2019-09-17,0.148510,0,0.148510,0.148510,0.485975,-33746.50,-33746.50
2019-09-18,0.148510,0,0.148510,0.148510,0.485975,-33746.50,-33746.50
2019-09-19,0.148510,0,0.148510,0.148510,0.485975,-33746.50,-33746.50
2019-09-20,0.148510,0,0.148510,0.148510,0.485975,-33746.50,-33746.50
2019-09-22,0.148510,0,0.148510,0.148510,0.485975,-33746.50,-33746.50
2019-09-23,0.148510,0,0.148510,0.148510,0.485975,-33746.50,-33746.50
2019-09-24,0.148510,0,0.148510,0.148510,0.485975,-33746.50,-33746.50
2019-09-25,0.148510,0,0.148510,0.148510,0.485975,-33746.50,-33746.50
2019-09-26,0.148510,3,0.149620,0.136120,0.485975,-33635.50,-34985.50
2019-09-27,0.148510,3,0.145270,0.138700,0.485975,-34070.50,-34727.50
2019-09-29,0.147875,0,0.147875,0.147875,0.485975,-33810.00,-33810.00
2019-09-30,0.147875,0,0.147875,0.147875,0.485975,-33810.00,-33810.00
2019-10-01,0.147875,0,0.147875,0.147875,0.485975,-33810.00,-33810.00
2019-10-02,0.147875,0,0.147875,0.147875,0.485975,-33810.00,-33810.00
2019-10-03,0.147875,0,0.147875,0.147875,0.485975,-33810.00,-33810.00
2019-10-04,0.147875,0,0.147875,0.147875,0.485975,-33810.00,-33810.00
2019-10-06,0.147875,0,0.147875,0.147875,0.485975,-33810.00,-33810.00
2019-10-07,0.147875,0,0.147875,0.147875,0.485975,-33810.00,-33810.00
2019-10-08,0.147875,0,0.147875,0.147875,0.485975,-33810.00,-33810.00
2019-10-09,0.147875,0,0.147875,0.147875,0.485975,-33810.00,-33810.00
2019-10-10,0.147875,0,0.147875,0.147875,0.485975,-33810.00,-33810.00
2019-10-11,0.147875,0,0.147875,0.147875,0.485975,-33810.00,-33810.00
2019-10-13,0.147875,0,0.147875,0.147875,0.485975,-33810.00,-33810.00
2019-10-14,0.147875,0,0.147875,0.147875,0.485975,-33810.00,-33810.00
2019-10-15,0.147875,0,0.147875,0.147875,0.485975,-33810.00,-33810.00
2019-10-16,0.147875,0,0.147875,0.147875,0.485975,-33810.00,-33810.00
2019-10-17,0.147875,0,0.147875,0.147875,0.485975,-33810.00,-33810.00
2019-10-18,0.147875,0,0.147875,0.147875,0.485975,-33810.00,-33810.00
2019-10-20,0.147875,0,0.147875,0.147875,0.485975,-33810.00,-33810.00
2019-10-21,0.147875,0,0.147875,0.147875,0.485975,-33810.00,-33810.00
2019-10-22,0.147875,0,0.147875,0.147875,0.485975,-33810.00,-33810.00
2019-10-23,0.147875,0,0.147875,0.147875,0.485975,-33810.00,-33810.00
2019-10-24,0.147875,0,0.147875,0.147875,0.485975,-33810.00,-33810.00
2019-10-25,0.147875,0,0.147875,0.147875,0.485975,-33810.00,-33810.00
2019-10-27,0.147875,0,0.147875,0.147875,0.485975,-33810.00,-33810.00
2019-10-28,0.147875,0,0.147875,0.147875,0.485975,-33810.00,-33810.00
2019-10-29,0.147875,0,0.147875,0.147875,0.485975,-33810.00,-33810.00
2019-10-30,0.147875,0,0.147875,0.147875,0.485975,-33810.00,-33810.00
2019-10-31,0.147875,0,0.147875,0.147875,0.485975,-33810.00,-33810.00
2019-11-01,0.147875,0,0.147875,0.147875,0.485975,-33810.00,-33810.00
2019-11-03,0.147875,0,0.147875,0.147875,0.485975,-33810.00,-33810.00
2019-11-04,0.147875,0,0.147875,0.147875,0.485975,-33810.00,-33810.00
2019-11-05,0.147875,0,0.147875,0.147875,0.485975,-33810.00,-33810.00
2019-11-06,0.147875,0,0.147875,0.147875,0.485975,-33810.00,-33810.00
2019-11-07,0.147875,0,0.147875,0.147875,0.485975,-33810.00,-33810.00
2019-11-08,0.147875,0,0.147875,0.147875,0.485975,-33810.00,-33810.00
2019-11-10,0.147875,0,0.147875,0.147875,0.485975,-33810.00,-33810.00
2019-11-11,0.147875,0,0.147875,0.147875,0.485975,-33810.00,-33810.00
2019-11-12,0.147875,0,0.147875,0.147875,0.485975,-33810.00,-33810.00
2019-11-13,0.147875,0,0.147875,0.147875,0.485975,-33810.00,-33810.00
2019-11-14,0.147875,0,0.147875,0.147875,0.485975,-33810.00,-33810.00
2019-11-15,0.147875,0,0.147875,0.147875,0.485975,-33810.00,-33810.00
2019-11-17,0.147875,0,0.147875,0.147875,0.485975,-33810.00,-33810.00
2019-11-18,0.147875,0,0.147875,0.147875,0.485975,-33810.00,-33810.00
2019-11-19,0.147875,0,0.147875,0.147875,0.485975,-33810.00,-33810.00
2019-11-20,0.147875,0,0.147875,0.147875,0.485975,-33810.00,-33810.00
2019-11-21,0.147875,0,0.147875,0.147875,0.485975,-33810.00,-33810.00
2019-11-22,0.147875,0,0.147875,0.147875,0.485975,-33810.00,-33810.00
2019-11-24,0.147875,0,0.147875,0.147875,0.485975,-33810.00,-33810.00
2019-11-25,0.147875,0,0.147875,0.147875,0.485975,-33810.00,-33810.00
2019-11-26,0.147875,0,0.147875,0.147875,0.485975,-33810.00,-33810.00
2019-11-27,0.147875,0,0.147875,0.147875,0.485975,-33810.00,-33810.00
2019-11-28,0.147875,0,0.147875,0.147875,0.485975,-33810.00,-33810.00
2019-11-29,0.147875,0,0.147875,0.147875,0.485975,-33810.00,-33810.00
2019-12-01,0.147875,0,0.147875,0.147875,0.485975,-33810.00,-33810.00
2019-12-02,0.147875,0,0.147875,0.147875,0.485975,-33810.00,-33810.00
2019-12-03,0.147875,0,0.147875,0.147875,0.485975,-33810.00,-33810.00
2019-12-04,0.147875,0,0.147875,0.147875,0.485975,-33810.00,-33810.00
2019-12-05,0.147875,0,0.147875,0.147875,0.485975,-33810.00,-33810.00
2019-12-06,0.147875,0,0.147875,0.147875,0.485975,-33810.00,-33810.00
2019-12-08,0.147875,0,0.147875,0.147875,0.485975,-33810.00,-33810.00
2019-12-09,0.147875,0,0.147875,0.147875,0.485975,-33810.00,-33810.00
2019-12-10,0.147875,0,0.147875,0.147875,0.485975,-33810.00,-33810.00
2019-12-11,0.147875,0,0.147875,0.147875,0.485975,-33810.00,-33810.00
2019-12-12,0.147875,0,0.147875,0.147875,0.485975,-33810.00,-33810.00
2019-12-13,0.147875,0,0.147875,0.147875,0.485975,-33810.00,-33810.00
2019-12-15,0.147875,0,0.147875,0.147875,0.485975,-33810.00,-33810.00
2019-12-16,0.147875,0,0.147875,0.147875,0.485975,-33810.00,-33810.00
2019-12-17,0.147875,0,0.147875,0.147875,0.485975,-33810.00,-33810.00
2019-12-18,0.147875,0,0.147875,0.147875,0.485975,-33810.00,-33810.00
2019-12-19,0.147875,0,0.147875,0.147875,0.485975,-33810.00,-33810.00
2019-12-20,0.147875,0,0.147875,0.147875,0.485975,-33810.00,-33810.00
2019-12-22,0.147875,0,0.147875,0.147875,0.485975,-33810.00,-33810.00
2019-12-23,0.147875,0,0.147875,0.147875,0.485975,-33810.00,-33810.00
2019-12-24,0.147875,0,0.147875,0.147875,0.485975,-33810.00,-33810.00
2019-12-25,0.147875,0,0.147875,0.147875,0.485975,-33810.00,-33810.00
2019-12-26,0.147875,0,0.147875,0.147875,0.485975,-33810.00,-33810.00
2019-12-27,0.147875,0,0.147875,0.147875,0.485975,-33810.00,-33810.00
2019-12-29,0.147875,0,0.147875,0.147875,0.485975,-33810.00,-33810.00
2019-12-30,0.147875,0,0.147875,0.147875,0.485975,-33810.00,-33810.00
2019-12-31,0.147875,0,0.147875,0.147875,0.485975,-33810.00,-33810.00
2020-01-01,0.147875,0,0.147875,0.147875,0.485975,-33810.00,-33810.00
2020-01-02,0.147875,0,0.147875,0.147875,0.485975,-33810.00,-33810.00
2020-01-03,0.147875,0,0.147875,0.147875,0.485975,-33810.00,-33810.00
2020-01-05,0.147875,0,0.147875,0.147875,0.485975,-33810.00,-33810.00
2020-01-06,0.147875,0,0.147875,0.147875,0.485975,-33810.00,-33810.00
2020-01-07,0.147875,0,0.147875,0.147875,0.485975,-33810.00,-33810.00
2020-01-08,0.147875,0,0.147875,0.147875,0.485975,-33810.00,-33810.00
2020-01-09,0.147875,0,0.147875,0.147875,0.485975,-33810.00,-33810.00
2020-01-10,0.147875,0,0.147875,0.147875,0.485975,-33810.00,-33810.00
2020-01-12,0.147875,0,0.147875,0.147875,0.485975,-33810.00,-33810.00
2020-01-13,0.147875,0,0.147875,0.147875,0.485975,-33810.00,-33810.00
2020-01-14,0.147875,0,0.147875,0.147875,0.485975,-33810.00,-33810.00
2020-01-15,0.147875,0,0.147875,0.147875,0.485975,-33810.00,-33810.00
2020-01-16,0.147875,0,0.147875,0.147875,0.485975,-33810.00,-33810.00
2020-01-17,0.147875,0,0.147875,0.147875,0.485975,-33810.00,-33810.00
2020-01-19,0.147875,0,0.147875,0.147875,0.485975,-33810.00,-33810.00
2020-01-20,0.147875,0,0.147875,0.147875,0.485975,-33810.00,-33810.00
2020-01-21,0.147875,0,0.147875,0.147875,0.485975,-33810.00,-33810.00
2020-01-22,0.147875,0,0.147875,0.147875,0.485975,-33810.00,-33810.00
2020-01-23,0.147875,0,0.147875,0.147875,0.485975,-33810.00,-33810.00
2020-01-24,0.147875,0,0.147875,0.147875,0.485975,-33810.00,-33810.00
2020-01-26,0.147875,0,0.147875,0.147875,0.485975,-33810.00,-33810.00
2020-01-27,0.147875,0,0.147875,0.147875,0.485975,-33810.00,-33810.00
2020-01-28,0.147875,0,0.147875,0.147875,0.485975,-33810.00,-33810.00
2020-01-29,0.147875,0,0.147875,0.147875,0.485975,-33810.00,-33810.00
2020-01-30,0.147875,0,0.147875,0.147875,0.485975,-33810.00,-33810.00
2020-01-31,0.147875,0,0.147875,0.147875,0.485975,-33810.00,-33810.00
2020-02-02,0.147875,0,0.147875,0.147875,0.485975,-33810.00,-33810.00
2020-02-03,0.147875,0,0.147875,0.147875,0.485975,-33810.00,-33810.00
2020-02-04,0.147875,0,0.147875,0.147875,0.485975,-33810.00,-33810.00
2020-02-05,0.147875,0,0.147875,0.147875,0.485975,-33810.00,-33810.00
2020-02-06,0.147875,0,0.147875,0.147875,0.485975,-33810.00,-33810.00
2020-02-07,0.147875,0,0.147875,0.147875,0.485975,-33810.00,-33810.00
2020-02-09,0.147875,0,0.147875,0.147875,0.485975,-33810.00,-33810.00
2020-02-10,0.147875,0,0.147875,0.147875,0.485975,-33810.00,-33810.00
2020-02-11,0.147875,0,0.147875,0.147875,0.485975,-33810.00,-33810.00
2020-02-12,0.147875,0,0.147875,0.147875,0.485975,-33810.00,-33810.00
2020-02-13,0.147875,0,0.147875,0.147875,0.485975,-33810.00,-33810.00
2020-02-14,0.147875,0,0.147875,0.147875,0.485975,-33810.00,-33810.00
2020-02-16,0.147875,0,0.147875,0.147875,0.485975,-33810.00,-33810.00
2020-02-17,0.147875,0,0.147875,0.147875,0.485975,-33810.00,-33810.00
2020-02-18,0.147875,0,0.147875,0.147875,0.485975,-33810.00,-33810.00
2020-02-19,0.147875,0,0.147875,0.147875,0.485975,-33810.00,-33810.00
2020-02-20,0.147875,0,0.147875,0.147875,0.485975,-33810.00,-33810.00
2020-02-21,0.147875,0,0.147875,0.147875,0.485975,-33810.00,-33810.00
2020-02-23,0.147875,0,0.147875,0.147875,0.485975,-33810.00,-33810.00
2020-02-24,0.147875,0,0.147875,0.147875,0.485975,-33810.00,-33810.00
2020-02-25,0.147875,0,0.147875,0.147875,0.485975,-33810.00,-33810.00
2020-02-26,0.147875,0,0.147875,0.147875,0.485975,-33810.00,-33810.00
2020-02-27,0.147875,0,0.147875,0.147875,0.485975,-33810.00,-33810.00
2020-02-28,0.147875,0,0.147875,0.147875,0.485975,-33810.00,-33810.00
2020-03-01,0.147875,0,0.147875,0.147875,0.485975,-33810.00,-33810.00
2020-03-02,0.147875,0,0.147875,0.147875,0.485975,-33810.00,-33810.00
2020-03-03,0.147875,0,0.147875,0.147875,0.485975,-33810.00,-33810.00
2020-03-04,0.147875,0,0.147875,0.147875,0.485975,-33810.00,-33810.00
2020-03-05,0.147875,0,0.147875,0.147875,0.485975,-33810.00,-33810.00
2020-03-06,0.147875,0,0.147875,0.147875,0.485975,-33810.00,-33810.00
2020-03-08,0.147875,0,0.147875,0.147875,0.485975,-33810.00,-33810.00
2020-03-09,0.147875,0,0.147875,0.147875,0.485975,-33810.00,-33810.00
2020-03-10,0.147875,0,0.147875,0.147875,0.485975,-33810.00,-33810.00
2020-03-11,0.147875,0,0.147875,0.147875,0.485975,-33810.00,-33810.00
2020-03-12,0.147875,0,0.147875,0.147875,0.485975,-33810.00,-33810.00
2020-03-13,0.147875,0,0.147875,0.147875,0.485975,-33810.00,-33810.00
2020-03-15,0.147875,0,0.147875,0.147875,0.485975,-33810.00,-33810.00
2020-03-16,0.147875,0,0.147875,0.147875,0.485975,-33810.00,-33810.00
2020-03-17,0.147875,3,0.153905,0.101975,0.485975,-33207.00,-38400.00
2020-03-18,0.147875,3,0.175445,0.145175,0.485975,-31053.00,-34080.00
2020-03-19,0.169885,1,0.208055,0.178595,0.485975,-27792.00,-30738.00
2020-03-20,0.169885,1,0.204205,0.190405,0.485975,-28177.00,-29557.00
2020-03-22,0.169885,1,0.204635,0.203055,0.485975,-28134.00,-28292.00
2020-03-23,0.169885,1,0.197145,0.190705,0.485975,-28883.00,-29527.00
2020-03-24,0.169885,1,0.193725,0.184705,0.485975,-29225.00,-30127.00
2020-03-25,0.169885,1,0.184655,0.184115,0.485975,-30132.00,-30186.00
2020-03-26,0.169885,1,0.168745,0.167605,0.485975,-31723.00,-31837.00
2020-03-27,0.168665,0,0.168665,0.168665,0.485975,-31731.00,-31731.00
2020-03-29,0.168665,0,0.168665,0.168665,0.485975,-31731.00,-31731.00
2020-03-30,0.168665,0,0.168665,0.168665,0.485975,-31731.00,-31731.00
2020-03-31,0.168665,0,0.168665,0.168665,0.485975,-31731.00,-31731.00
2020-04-01,0.168665,0,0.168665,0.168665,0.485975,-31731.00,-31731.00
2020-04-02,0.168665,0,0.168665,0.168665,0.485975,-31731.00,-31731.00
2020-04-03,0.168665,0,0.168665,0.168665,0.485975,-31731.00,-31731.00
2020-04-05,0.168665,0,0.168665,0.168665,0.485975,-31731.00,-31731.00
2020-04-06,0.168665,0,0.168665,0.168665,0.485975,-31731.00,-31731.00
2020-04-07,0.168665,0,0.168665,0.168665,0.485975,-31731.00,-31731.00
2020-04-08,0.168665,0,0.168665,0.168665,0.485975,-31731.00,-31731.00
2020-04-09,0.168665,0,0.168665,0.168665,0.485975,-31731.00,-31731.00
2020-04-10,0.168665,0,0.168665,0.168665,0.485975,-31731.00,-31731.00
2020-04-12,0.168665,0,0.168665,0.168665,0.485975,-31731.00,-31731.00
2020-04-13,0.168665,0,0.168665,0.168665,0.485975,-31731.00,-31731.00
2020-04-14,0.168665,0,0.168665,0.168665,0.485975,-31731.00,-31731.00
2020-04-15,0.168665,0,0.168665,0.168665,0.485975,-31731.00,-31731.00
2020-04-16,0.168665,0,0.168665,0.168665,0.485975,-31731.00,-31731.00
2020-04-17,0.168665,0,0.168665,0.168665,0.485975,-31731.00,-31731.00
2020-04-19,0.168665,0,0.168665,0.168665,0.485975,-31731.00,-31731.00
2020-04-20,0.168665,0,0.168665,0.168665,0.485975,-31731.00,-31731.00
2020-04-21,0.168665,0,0.168665,0.168665,0.485975,-31731.00,-31731.00
2020-04-22,0.168665,0,0.168665,0.168665,0.485975,-31731.00,-31731.00
2020-04-23,0.168665,0,0.168665,0.168665,0.485975,-31731.00,-31731.00
2020-04-24,0.168665,0,0.168665,0.168665,0.485975,-31731.00,-31731.00
2020-04-26,0.168665,0,0.168665,0.168665,0.485975,-31731.00,-31731.00
2020-04-27,0.168665,0,0.168665,0.168665,0.485975,-31731.00,-31731.00
2020-04-28,0.168665,0,0.168665,0.168665,0.485975,-31731.00,-31731.00
2020-04-29,0.168665,0,0.168665,0.168665,0.485975,-31731.00,-31731.00
2020-04-30,0.168665,0,0.168665,0.168665,0.485975,-31731.00,-31731.00
2020-05-01,0.168665,0,0.168665,0.168665,0.485975,-31731.00,-31731.00
2020-05-03,0.168665,0,0.168665,0.168665,0.485975,-31731.00,-31731.00
2020-05-04,0.168665,0,0.168665,0.168665,0.485975,-31731.00,-31731.00
2020-05-05,0.168665,0,0.168665,0.168665,0.485975,-31731.00,-31731.00
2020-05-06,0.168665,0,0.168665,0.168665,0.485975,-31731.00,-31731.00
2020-05-07,0.168665,0,0.168665,0.168665,0.485975,-31731.00,-31731.00
2020-05-08,0.168665,0,0.168665,0.168665,0.485975,-31731.00,-31731.00
2020-05-10,0.168665,0,0.168665,0.168665,0.485975,-31731.00,-31731.00
2020-05-11,0.168665,0,0.168665,0.168665,0.485975,-31731.00,-31731.00
2020-05-12,0.168665,0,0.168665,0.168665,0.485975,-31731.00,-31731.00
2020-05-13,0.168665,0,0.168665,0.168665,0.485975,-31731.00,-31731.00
2020-05-14,0.168665,0,0.168665,0.168665,0.485975,-31731.00,-31731.00
2020-05-15,0.168665,0,0.168665,0.168665,0.485975,-31731.00,-31731.00
2020-05-17,0.168665,0,0.168665,0.168665,0.485975,-31731.00,-31731.00
2020-05-18,0.168665,0,0.168665,0.168665,0.485975,-31731.00,-31731.00
2020-05-19,0.168665,0,0.168665,0.168665,0.485975,-31731.00,-31731.00
2020-05-20,0.168665,0,0.168665,0.168665,0.485975,-31731.00,-31731.00
2020-05-21,0.168665,0,0.168665,0.168665,0.485975,-31731.00,-31731.00
2020-05-22,0.168665,0,0.168665,0.168665,0.485975,-31731.00,-31731.00
2020-05-24,0.168665,0,0.168665,0.168665,0.485975,-31731.00,-31731.00
2020-05-25,0.168665,0,0.168665,0.168665,0.485975,-31731.00,-31731.00
2020-05-26,0.168665,0,0.168665,0.168665,0.485975,-31731.00,-31731.00
2020-05-27,0.168665,3,0.168005,0.143225,0.485975,-31797.00,-34275.00
2020-05-28,0.168665,3,0.186395,0.160505,0.485975,-29958.00,-32547.00
2020-05-29,0.171672,2,0.188632,0.181872,0.485975,-29734.25,-30410.25
2020-05-31,0.183912,1,0.193592,0.192262,0.485975,-29238.25,-29371.25
2020-06-01,0.193512,0,0.193512,0.193512,0.485975,-29246.25,-29246.25
2020-06-02,0.193512,0,0.193512,0.193512,0.485975,-29246.25,-29246.25
2020-06-03,0.193512,0,0.193512,0.193512,0.485975,-29246.25,-29246.25
2020-06-04,0.193512,0,0.193512,0.193512,0.485975,-29246.25,-29246.25
2020-06-05,0.193512,0,0.193512,0.193512,0.485975,-29246.25,-29246.25
2020-06-07,0.193512,0,0.193512,0.193512,0.485975,-29246.25,-29246.25
2020-06-08,0.193512,0,0.193512,0.193512,0.485975,-29246.25,-29246.25
2020-06-09,0.193512,0,0.193512,0.193512,0.485975,-29246.25,-29246.25
2020-06-10,0.193512,0,0.193512,0.193512,0.485975,-29246.25,-29246.25
2020-06-11,0.193512,0,0.193512,0.193512,0.485975,-29246.25,-29246.25
2020-06-12,0.193512,0,0.193512,0.193512,0.485975,-29246.25,-29246.25
2020-06-14,0.193512,0,0.193512,0.193512,0.485975,-29246.25,-29246.25
2020-06-15,0.193512,0,0.193512,0.193512,0.485975,-29246.25,-29246.25
2020-06-16,0.193512,0,0.193512,0.193512,0.485975,-29246.25,-29246.25
2020-06-17,0.193512,0,0.193512,0.193512,0.485975,-29246.25,-29246.25
2020-06-18,0.193512,0,0.193512,0.193512,0.485975,-29246.25,-29246.25
2020-06-19,0.193512,0,0.193512,0.193512,0.485975,-29246.25,-29246.25
2020-06-21,0.193512,0,0.193512,0.193512,0.485975,-29246.25,-29246.25
2020-06-22,0.193512,0,0.193512,0.193512,0.485975,-29246.25,-29246.25
2020-06-23,0.193512,0,0.193512,0.193512,0.485975,-29246.25,-29246.25
2020-06-24,0.193512,0,0.193512,0.193512,0.485975,-29246.25,-29246.25
2020-06-25,0.193512,0,0.193512,0.193512,0.485975,-29246.25,-29246.25
2020-06-26,0.193512,0,0.193512,0.193512,0.485975,-29246.25,-29246.25
2020-06-28,0.193512,0,0.193512,0.193512,0.485975,-29246.25,-29246.25
2020-06-29,0.193512,0,0.193512,0.193512,0.485975,-29246.25,-29246.25
2020-06-30,0.193512,0,0.193512,0.193512,0.485975,-29246.25,-29246.25
2020-07-01,0.193512,0,0.193512,0.193512,0.485975,-29246.25,-29246.25
2020-07-02,0.193512,0,0.193512,0.193512,0.485975,-29246.25,-29246.25
2020-07-03,0.193512,0,0.193512,0.193512,0.485975,-29246.25,-29246.25
2020-07-05,0.193512,0,0.193512,0.193512,0.485975,-29246.25,-29246.25
2020-07-06,0.193512,0,0.193512,0.193512,0.485975,-29246.25,-29246.25
2020-07-07,0.193512,0,0.193512,0.193512,0.485975,-29246.25,-29246.25
2020-07-08,0.193512,0,0.193512,0.193512,0.485975,-29246.25,-29246.25
2020-07-09,0.193512,0,0.193512,0.193512,0.485975,-29246.25,-29246.25
2020-07-10,0.193512,0,0.193512,0.193512,0.485975,-29246.25,-29246.25
2020-07-12,0.193512,0,0.193512,0.193512,0.485975,-29246.25,-29246.25
2020-07-13,0.193512,0,0.193512,0.193512,0.485975,-29246.25,-29246.25
2020-07-14,0.193512,0,0.193512,0.193512,0.485975,-29246.25,-29246.25
2020-07-15,0.193512,0,0.193512,0.193512,0.485975,-29246.25,-29246.25
2020-07-16,0.193512,0,0.193512,0.193512,0.485975,-29246.25,-29246.25
2020-07-17,0.193512,0,0.193512,0.193512,0.485975,-29246.25,-29246.25
2020-07-19,0.193512,0,0.193512,0.193512,0.485975,-29246.25,-29246.25
2020-07-20,0.193512,0,0.193512,0.193512,0.485975,-29246.25,-29246.25
2020-07-21,0.193512,0,0.193512,0.193512,0.485975,-29246.25,-29246.25
2020-07-22,0.193512,0,0.193512,0.193512,0.485975,-29246.25,-29246.25
2020-07-23,0.193512,0,0.193512,0.193512,0.485975,-29246.25,-29246.25
2020-07-24,0.193512,0,0.193512,0.193512,0.485975,-29246.25,-29246.25
2020-07-26,0.193512,0,0.193512,0.193512,0.485975,-29246.25,-29246.25
2020-07-27,0.193512,0,0.193512,0.193512,0.485975,-29246.25,-29246.25
2020-07-28,0.193512,0,0.193512,0.193512,0.485975,-29246.25,-29246.25
2020-07-29,0.193512,0,0.193512,0.193512,0.485975,-29246.25,-29246.25
2020-07-30,0.193512,0,0.193512,0.193512,0.485975,-29246.25,-29246.25
2020-07-31,0.193512,0,0.193512,0.193512,0.485975,-29246.25,-29246.25
2020-08-02,0.193512,0,0.193512,0.193512,0.485975,-29246.25,-29246.25
2020-08-03,0.193512,0,0.193512,0.193512,0.485975,-29246.25,-29246.25
2020-08-04,0.193512,0,0.193512,0.193512,0.485975,-29246.25,-29246.25
2020-08-05,0.193512,0,0.193512,0.193512,0.485975,-29246.25,-29246.25
2020-08-06,0.193512,0,0.193512,0.193512,0.485975,-29246.25,-29246.25
2020-08-07,0.193512,0,0.193512,0.193512,0.485975,-29246.25,-29246.25
2020-08-09,0.193512,0,0.193512,0.193512,0.485975,-29246.25,-29246.25
2020-08-10,0.193512,0,0.193512,0.193512,0.485975,-29246.25,-29246.25
2020-08-11,0.193512,0,0.193512,0.193512,0.485975,-29246.25,-29246.25
2020-08-12,0.193512,0,0.193512,0.193512,0.485975,-29246.25,-29246.25
2020-08-13,0.193512,0,0.193512,0.193512,0.485975,-29246.25,-29246.25
2020-08-14,0.193512,0,0.193512,0.193512,0.485975,-29246.25,-29246.25
2020-08-16,0.193512,0,0.193512,0.193512,0.485975,-29246.25,-29246.25
2020-08-17,0.193512,0,0.193512,0.193512,0.485975,-29246.25,-29246.25
2020-08-18,0.193512,0,0.193512,0.193512,0.485975,-29246.25,-29246.25
2020-08-19,0.193512,0,0.193512,0.193512,0.485975,-29246.25,-29246.25
2020-08-20,0.193512,0,0.193512,0.193512,0.485975,-29246.25,-29246.25
2020-08-21,0.193512,0,0.193512,0.193512,0.485975,-29246.25,-29246.25
2020-08-23,0.193512,0,0.193512,0.193512,0.485975,-29246.25,-29246.25
2020-08-24,0.193512,0,0.193512,0.193512,0.485975,-29246.25,-29246.25
2020-08-25,0.193512,0,0.193512,0.193512,0.485975,-29246.25,-29246.25
2020-08-26,0.193512,0,0.193512,0.193512,0.485975,-29246.25,-29246.25
2020-08-27,0.193512,0,0.193512,0.193512,0.485975,-29246.25,-29246.25
2020-08-28,0.193512,0,0.193512,0.193512,0.485975,-29246.25,-29246.25
2020-08-30,0.193512,0,0.193512,0.193512,0.485975,-29246.25,-29246.25
2020-08-31,0.193512,0,0.193512,0.193512,0.485975,-29246.25,-29246.25
2020-09-01,0.193512,0,0.193512,0.193512,0.485975,-29246.25,-29246.25
2020-09-02,0.193512,0,0.193512,0.193512,0.485975,-29246.25,-29246.25
2020-09-03,0.193512,0,0.193512,0.193512,0.485975,-29246.25,-29246.25
2020-09-04,0.193512,0,0.193512,0.193512,0.485975,-29246.25,-29246.25
2020-09-06,0.193512,0,0.193512,0.193512,0.485975,-29246.25,-29246.25
2020-09-07,0.193512,0,0.193512,0.193512,0.485975,-29246.25,-29246.25
2020-09-08,0.193512,0,0.193512,0.193512,0.485975,-29246.25,-29246.25
2020-09-09,0.193512,0,0.193512,0.193512,0.485975,-29246.25,-29246.25
2020-09-10,0.193512,0,0.193512,0.193512,0.485975,-29246.25,-29246.25
2020-09-11,0.193512,0,0.193512,0.193512,0.485975,-29246.25,-29246.25
2020-09-13,0.193512,0,0.193512,0.193512,0.485975,-29246.25,-29246.25
2020-09-14,0.193512,0,0.193512,0.193512,0.485975,-29246.25,-29246.25
2020-09-15,0.193512,0,0.193512,0.193512,0.485975,-29246.25,-29246.25
2020-09-16,0.193512,0,0.193512,0.193512,0.485975,-29246.25,-29246.25
2020-09-17,0.193512,0,0.193512,0.193512,0.485975,-29246.25,-29246.25
2020-09-18,0.193512,0,0.193512,0.193512,0.485975,-29246.25,-29246.25
2020-09-20,0.193512,0,0.193512,0.193512,0.485975,-29246.25,-29246.25
2020-09-21,0.193512,0,0.193512,0.193512,0.485975,-29246.25,-29246.25
2020-09-22,0.193512,0,0.193512,0.193512,0.485975,-29246.25,-29246.25
2020-09-23,0.193512,0,0.193512,0.193512,0.485975,-29246.25,-29246.25
2020-09-24,0.193512,0,0.193512,0.193512,0.485975,-29246.25,-29246.25
2020-09-25,0.193512,0,0.193512,0.193512,0.485975,-29246.25,-29246.25
2020-09-27,0.193512,0,0.193512,0.193512,0.485975,-29246.25,-29246.25
2020-09-28,0.193512,0,0.193512,0.193512,0.485975,-29246.25,-29246.25
2020-09-29,0.193512,0,0.193512,0.193512,0.485975,-29246.25,-29246.25
2020-09-30,0.193512,0,0.193512,0.193512,0.485975,-29246.25,-29246.25
2020-10-01,0.193512,0,0.193512,0.193512,0.485975,-29246.25,-29246.25
2020-10-02,0.193512,0,0.193512,0.193512,0.485975,-29246.25,-29246.25
2020-10-04,0.193512,0,0.193512,0.193512,0.485975,-29246.25,-29246.25
2020-10-05,0.193512,0,0.193512,0.193512,0.485975,-29246.25,-29246.25
2020-10-06,0.193512,0,0.193512,0.193512,0.485975,-29246.25,-29246.25
2020-10-07,0.193512,0,0.193512,0.193512,0.485975,-29246.25,-29246.25
2020-10-08,0.193512,0,0.193512,0.193512,0.485975,-29246.25,-29246.25
2020-10-09,0.193512,0,0.193512,0.193512,0.485975,-29246.25,-29246.25
2020-10-11,0.193512,0,0.193512,0.193512,0.485975,-29246.25,-29246.25
2020-10-12,0.193512,0,0.193512,0.193512,0.485975,-29246.25,-29246.25
2020-10-13,0.193512,0,0.193512,0.193512,0.485975,-29246.25,-29246.25
2020-10-14,0.193512,0,0.193512,0.193512,0.485975,-29246.25,-29246.25
2020-10-15,0.193512,3,0.190242,0.174822,0.485975,-29573.25,-31115.25
2020-10-16,0.193512,3,0.188202,0.178302,0.485975,-29777.25,-30767.25
2020-10-18,0.193512,3,0.187482,0.185892,0.485975,-29849.25,-30008.25
2020-10-19,0.193512,3,0.171672,0.164082,0.485975,-31430.25,-32189.25
2020-10-20,0.193512,3,0.153462,0.149952,0.485975,-33251.25,-33602.25
2020-10-21,0.153222,0,0.153222,0.153222,0.485975,-33275.25,-33275.25
2020-10-22,0.153222,3,0.142092,0.141132,0.485975,-34388.25,-34484.25
2020-10-23,0.153222,3,0.154872,0.133692,0.485975,-33110.25,-35228.25
2020-10-25,0.153222,3,0.152082,0.149472,0.485975,-33389.25,-33650.25
2020-10-26,0.153222,3,0.140442,0.138672,0.485975,-34553.25,-34730.25
2020-10-27,0.153222,3,0.132162,0.128562,0.485975,-35381.25,-35741.25
2020-10-28,0.153222,3,0.122172,0.113052,0.485975,-36380.25,-37292.25
2020-10-29,0.153222,3,0.101202,0.092742,0.485975,-38477.25,-39323.25
2020-10-30,0.100962,0,0.100962,0.100962,0.485975,-38501.25,-38501.25
2020-11-01,0.100962,0,0.100962,0.100962,0.485975,-38501.25,-38501.25
2020-11-02,0.100962,0,0.100962,0.100962,0.485975,-38501.25,-38501.25
2020-11-03,0.100962,0,0.100962,0.100962,0.485975,-38501.25,-38501.25
2020-11-04,0.100962,0,0.100962,0.100962,0.485975,-38501.25,-38501.25
2020-11-05,0.100962,0,0.100962,0.100962,0.485975,-38501.25,-38501.25
2020-11-06,0.100962,0,0.100962,0.100962,0.485975,-38501.25,-38501.25
2020-11-08,0.100962,0,0.100962,0.100962,0.485975,-38501.25,-38501.25
2020-11-09,0.100962,0,0.100962,0.100962,0.485975,-38501.25,-38501.25
2020-11-10,0.100962,0,0.100962,0.100962,0.485975,-38501.25,-38501.25
2020-11-11,0.100962,0,0.100962,0.100962,0.485975,-38501.25,-38501.25
2020-11-12,0.100962,0,0.100962,0.100962,0.485975,-38501.25,-38501.25
2020-11-13,0.100962,0,0.100962,0.100962,0.485975,-38501.25,-38501.25
2020-11-15,0.100962,0,0.100962,0.100962,0.485975,-38501.25,-38501.25
2020-11-16,0.100962,0,0.100962,0.100962,0.485975,-38501.25,-38501.25
2020-11-17,0.100962,0,0.100962,0.100962,0.485975,-38501.25,-38501.25
2020-11-18,0.100962,0,0.100962,0.100962,0.485975,-38501.25,-38501.25
2020-11-19,0.100962,0,0.100962,0.100962,0.485975,-38501.25,-38501.25
2020-11-20,0.100962,0,0.100962,0.100962,0.485975,-38501.25,-38501.25
2020-11-22,0.100962,0,0.100962,0.100962,0.485975,-38501.25,-38501.25
2020-11-23,0.100962,0,0.100962,0.100962,0.485975,-38501.25,-38501.25
2020-11-24,0.100962,0,0.100962,0.100962,0.485975,-38501.25,-38501.25
2020-11-25,0.100962,0,0.100962,0.100962,0.485975,-38501.25,-38501.25
2020-11-26,0.100962,0,0.100962,0.100962,0.485975,-38501.25,-38501.25
2020-11-27,0.100962,0,0.100962,0.100962,0.485975,-38501.25,-38501.25
2020-11-29,0.100962,0,0.100962,0.100962,0.485975,-38501.25,-38501.25
2020-11-30,0.100962,0,0.100962,0.100962,0.485975,-38501.25,-38501.25
2020-12-01,0.100962,0,0.100962,0.100962,0.485975,-38501.25,-38501.25
2020-12-02,0.100962,0,0.100962,0.100962,0.485975,-38501.25,-38501.25
2020-12-03,0.100962,0,0.100962,0.100962,0.485975,-38501.25,-38501.25
2020-12-04,0.100962,0,0.100962,0.100962,0.485975,-38501.25,-38501.25
2020-12-06,0.100962,0,0.100962,0.100962,0.485975,-38501.25,-38501.25
2020-12-07,0.100962,0,0.100962,0.100962,0.485975,-38501.25,-38501.25
2020-12-08,0.100962,0,0.100962,0.100962,0.485975,-38501.25,-38501.25
2020-12-09,0.100962,0,0.100962,0.100962,0.485975,-38501.25,-38501.25
2020-12-10,0.100962,0,0.100962,0.100962,0.485975,-38501.25,-38501.25
2020-12-11,0.100962,0,0.100962,0.100962,0.485975,-38501.25,-38501.25
2020-12-13,0.100962,0,0.100962,0.100962,0.485975,-38501.25,-38501.25
2020-12-14,0.100962,0,0.100962,0.100962,0.485975,-38501.25,-38501.25
2020-12-15,0.100962,0,0.100962,0.100962,0.485975,-38501.25,-38501.25
2020-12-16,0.100962,0,0.100962,0.100962,0.485975,-38501.25,-38501.25
2020-12-17,0.100962,0,0.100962,0.100962,0.485975,-38501.25,-38501.25
2020-12-18,0.100962,0,0.100962,0.100962,0.485975,-38501.25,-38501.25
2020-12-20,0.100962,0,0.100962,0.100962,0.485975,-38501.25,-38501.25
2020-12-21,0.100962,0,0.100962,0.100962,0.485975,-38501.25,-38501.25
2020-12-22,0.100962,0,0.100962,0.100962,0.485975,-38501.25,-38501.25
2020-12-23,0.100962,0,0.100962,0.100962,0.485975,-38501.25,-38501.25
2020-12-24,0.100962,0,0.100962,0.100962,0.485975,-38501.25,-38501.25
2020-12-25,0.100962,0,0.100962,0.100962,0.485975,-38501.25,-38501.25
2020-12-27,0.100962,0,0.100962,0.100962,0.485975,-38501.25,-38501.25
2020-12-28,0.100962,0,0.100962,0.100962,0.485975,-38501.25,-38501.25
2020-12-29,0.100962,0,0.100962,0.100962,0.485975,-38501.25,-38501.25
2020-12-30,0.100962,0,0.100962,0.100962,0.485975,-38501.25,-38501.25
2020-12-31,0.100962,0,0.100962,0.100962,0.485975,-38501.25,-38501.25
2021-01-03,0.100962,0,0.100962,0.100962,0.485975,-38501.25,-38501.25
2021-01-04,0.100962,0,0.100962,0.100962,0.485975,-38501.25,-38501.25
2021-01-05,0.100962,0,0.100962,0.100962,0.485975,-38501.25,-38501.25
2021-01-06,0.100962,0,0.100962,0.100962,0.485975,-38501.25,-38501.25
2021-01-07,0.100962,0,0.100962,0.100962,0.485975,-38501.25,-38501.25
2021-01-08,0.100962,3,0.104592,0.084462,0.485975,-38138.25,-40151.25
2021-01-10,0.100962,3,0.113712,0.101292,0.485975,-37226.25,-38468.25
2021-01-11,0.102892,2,0.116692,0.108832,0.485975,-36928.25,-37714.25
2021-01-12,0.110822,1,0.112922,0.112802,0.485975,-37305.25,-37317.25
2021-01-13,0.110822,1,0.117582,0.111502,0.485975,-36839.25,-37447.25
2021-01-14,0.110822,1,0.118712,0.115932,0.485975,-36726.25,-37004.25
2021-01-15,0.110822,1,0.126292,0.117532,0.485975,-35968.25,-36844.25
2021-01-17,0.110822,1,0.127152,0.125122,0.485975,-35882.25,-36085.25
2021-01-18,0.110822,1,0.126012,0.125102,0.485975,-35996.25,-36087.25
2021-01-19,0.110822,1,0.119862,0.119292,0.485975,-36611.25,-36668.25
2021-01-20,0.110822,1,0.122332,0.117962,0.485975,-36364.25,-36801.25
2021-01-21,0.110822,1,0.117232,0.116472,0.485975,-36874.25,-36950.25
2021-01-22,0.110822,1,0.117102,0.114832,0.485975,-36887.25,-37114.25
2021-01-24,0.110822,1,0.117092,0.116612,0.485975,-36888.25,-36936.25
2021-01-25,0.110822,1,0.119512,0.115452,0.485975,-36646.25,-37052.25
2021-01-26,0.110822,1,0.117452,0.116192,0.485975,-36852.25,-36978.25
2021-01-27,0.110822,1,0.123502,0.116812,0.485975,-36247.25,-36916.25
2021-01-28,0.110822,1,0.121682,0.119532,0.485975,-36429.25,-36644.25
2021-01-29,0.110822,1,0.120792,0.118172,0.485975,-36518.25,-36780.25
2021-01-31,0.110822,1,0.121502,0.120512,0.485975,-36447.25,-36546.25
2021-02-01,0.121422,0,0.121422,0.121422,0.485975,-36455.25,-36455.25
2021-02-02,0.121422,0,0.121422,0.121422,0.485975,-36455.25,-36455.25
2021-02-03,0.121422,0,0.121422,0.121422,0.485975,-36455.25,-36455.25
2021-02-04,0.121422,0,0.121422,0.121422,0.485975,-36455.25,-36455.25
2021-02-05,0.121422,0,0.121422,0.121422,0.485975,-36455.25,-36455.25
2021-02-07,0.121422,0,0.121422,0.121422,0.485975,-36455.25,-36455.25
2021-02-08,0.121422,0,0.121422,0.121422,0.485975,-36455.25,-36455.25
2021-02-09,0.121422,0,0.121422,0.121422,0.485975,-36455.25,-36455.25
2021-02-10,0.121422,3,0.116202,0.113142,0.485975,-36977.25,-37283.25
2021-02-11,0.121422,3,0.119622,0.114522,0.485975,-36635.25,-37145.25
2021-02-12,0.121422,3,0.115812,0.104952,0.485975,-37016.25,-38102.25
2021-02-14,0.121422,3,0.116622,0.116232,0.485975,-36935.25,-36974.25
2021-02-15,0.121422,3,0.120102,0.115512,0.485975,-36587.25,-37046.25
2021-02-16,0.121422,3,0.106902,0.106272,0.485975,-37907.25,-37970.25
2021-02-17,0.121422,3,0.094152,0.087462,0.485975,-39182.25,-39851.25
2021-02-18,0.121422,3,0.108012,0.091152,0.485975,-37796.25,-39482.25
2021-02-19,0.121422,3,0.115512,0.105192,0.485975,-37046.25,-38078.25
2021-02-21,0.121422,3,0.117912,0.114732,0.485975,-36806.25,-37124.25
2021-02-22,0.121422,3,0.129642,0.107832,0.485975,-35633.25,-37814.25
2021-02-23,0.121422,3,0.125682,0.121092,0.485975,-36029.25,-36488.25
2021-02-24,0.124660,2,0.131240,0.119220,0.485975,-35473.50,-36675.50
2021-02-25,0.124660,2,0.128920,0.128560,0.485975,-35705.50,-35741.50
2021-02-26,0.124660,2,0.111460,0.109800,0.485975,-37451.50,-37617.50
2021-02-28,0.111300,0,0.111300,0.111300,0.485975,-37467.50,-37467.50
2021-03-01,0.111300,0,0.111300,0.111300,0.485975,-37467.50,-37467.50
2021-03-02,0.111300,0,0.111300,0.111300,0.485975,-37467.50,-37467.50
2021-03-03,0.111300,0,0.111300,0.111300,0.485975,-37467.50,-37467.50
2021-03-04,0.111300,0,0.111300,0.111300,0.485975,-37467.50,-37467.50
2021-03-05,0.111300,0,0.111300,0.111300,0.485975,-37467.50,-37467.50
2021-03-07,0.111300,0,0.111300,0.111300,0.485975,-37467.50,-37467.50
2021-03-08,0.111300,0,0.111300,0.111300,0.485975,-37467.50,-37467.50
2021-03-09,0.111300,0,0.111300,0.111300,0.485975,-37467.50,-37467.50
2021-03-10,0.111300,0,0.111300,0.111300,0.485975,-37467.50,-37467.50
2021-03-11,0.111300,0,0.111300,0.111300,0.485975,-37467.50,-37467.50
2021-03-12,0.111300,0,0.111300,0.111300,0.485975,-37467.50,-37467.50
2021-03-14,0.111300,0,0.111300,0.111300,0.485975,-37467.50,-37467.50
2021-03-15,0.111300,0,0.111300,0.111300,0.485975,-37467.50,-37467.50
2021-03-16,0.111300,0,0.111300,0.111300,0.485975,-37467.50,-37467.50
2021-03-17,0.111300,0,0.111300,0.111300,0.485975,-37467.50,-37467.50
2021-03-18,0.111300,0,0.111300,0.111300,0.485975,-37467.50,-37467.50
2021-03-19,0.111300,0,0.111300,0.111300,0.485975,-37467.50,-37467.50
2021-03-21,0.111300,0,0.111300,0.111300,0.485975,-37467.50,-37467.50
2021-03-22,0.111300,0,0.111300,0.111300,0.485975,-37467.50,-37467.50
2021-03-23,0.111300,0,0.111300,0.111300,0.485975,-37467.50,-37467.50
2021-03-24,0.111300,0,0.111300,0.111300,0.485975,-37467.50,-37467.50
2021-03-25,0.111300,0,0.111300,0.111300,0.485975,-37467.50,-37467.50
2021-03-26,0.111300,0,0.111300,0.111300,0.485975,-37467.50,-37467.50
2021-03-28,0.111300,0,0.111300,0.111300,0.485975,-37467.50,-37467.50
2021-03-29,0.111300,0,0.111300,0.111300,0.485975,-37467.50,-37467.50
2021-03-30,0.111300,0,0.111300,0.111300,0.485975,-37467.50,-37467.50
2021-03-31,0.111300,0,0.111300,0.111300,0.485975,-37467.50,-37467.50
2021-04-01,0.111300,0,0.111300,0.111300,0.485975,-37467.50,-37467.50
2021-04-02,0.111300,0,0.111300,0.111300,0.485975,-37467.50,-37467.50
2021-04-04,0.111300,0,0.111300,0.111300,0.485975,-37467.50,-37467.50
2021-04-05,0.111300,0,0.111300,0.111300,0.485975,-37467.50,-37467.50
2021-04-06,0.111300,0,0.111300,0.111300,0.485975,-37467.50,-37467.50
2021-04-07,0.111300,0,0.111300,0.111300,0.485975,-37467.50,-37467.50
2021-04-08,0.111300,0,0.111300,0.111300,0.485975,-37467.50,-37467.50
2021-04-09,0.111300,0,0.111300,0.111300,0.485975,-37467.50,-37467.50
2021-04-11,0.111300,0,0.111300,0.111300,0.485975,-37467.50,-37467.50
2021-04-12,0.111300,0,0.111300,0.111300,0.485975,-37467.50,-37467.50
2021-04-13,0.111300,0,0.111300,0.111300,0.485975,-37467.50,-37467.50
2021-04-14,0.111300,0,0.111300,0.111300,0.485975,-37467.50,-37467.50
2021-04-15,0.111300,0,0.111300,0.111300,0.485975,-37467.50,-37467.50
2021-04-16,0.111300,0,0.111300,0.111300,0.485975,-37467.50,-37467.50
2021-04-18,0.111300,0,0.111300,0.111300,0.485975,-37467.50,-37467.50
2021-04-19,0.111300,0,0.111300,0.111300,0.485975,-37467.50,-37467.50
2021-04-20,0.111300,0,0.111300,0.111300,0.485975,-37467.50,-37467.50
2021-04-21,0.111300,0,0.111300,0.111300,0.485975,-37467.50,-37467.50
2021-04-22,0.111300,0,0.111300,0.111300,0.485975,-37467.50,-37467.50
2021-04-23,0.111300,0,0.111300,0.111300,0.485975,-37467.50,-37467.50
2021-04-25,0.111300,0,0.111300,0.111300,0.485975,-37467.50,-37467.50
2021-04-26,0.111300,0,0.111300,0.111300,0.485975,-37467.50,-37467.50
2021-04-27,0.111300,0,0.111300,0.111300,0.485975,-37467.50,-37467.50
2021-04-28,0.111300,0,0.111300,0.111300,0.485975,-37467.50,-37467.50
2021-04-29,0.111300,0,0.111300,0.111300,0.485975,-37467.50,-37467.50
2021-04-30,0.111300,0,0.111300,0.111300,0.485975,-37467.50,-37467.50
2021-05-02,0.111300,0,0.111300,0.111300,0.485975,-37467.50,-37467.50
2021-05-03,0.111300,0,0.111300,0.111300,0.485975,-37467.50,-37467.50
2021-05-04,0.111300,0,0.111300,0.111300,0.485975,-37467.50,-37467.50
2021-05-05,0.111300,0,0.111300,0.111300,0.485975,-37467.50,-37467.50
2021-05-06,0.111300,0,0.111300,0.111300,0.485975,-37467.50,-37467.50
2021-05-07,0.111300,3,0.136920,0.104280,0.485975,-34905.50,-38169.50
2021-05-09,0.111300,3,0.139590,0.136470,0.485975,-34638.50,-34950.50
2021-05-10,0.120797,1,0.127237,0.125897,0.485975,-35873.75,-36007.75
2021-05-11,0.120797,1,0.127587,0.125487,0.485975,-35838.75,-36048.75
2021-05-12,0.120797,1,0.120957,0.119737,0.485975,-36501.75,-36623.75
2021-05-13,0.120797,1,0.120857,0.118327,0.485975,-36511.75,-36764.75
2021-05-14,0.120797,1,0.127387,0.120267,0.485975,-35858.75,-36570.75
2021-05-16,0.120797,1,0.128167,0.126867,0.485975,-35780.75,-35910.75
2021-05-17,0.120797,1,0.128817,0.125777,0.485975,-35715.75,-36019.75
2021-05-18,0.120797,1,0.135417,0.128527,0.485975,-35055.75,-35744.75
2021-05-19,0.120797,1,0.130227,0.129167,0.485975,-35574.75,-35680.75
2021-05-20,0.120797,1,0.135677,0.130077,0.485975,-35029.75,-35589.75
2021-05-21,0.120797,1,0.130967,0.129257,0.485975,-35500.75,-35671.75
2021-05-23,0.120797,1,0.131237,0.130407,0.485975,-35473.75,-35556.75
2021-05-24,0.120797,1,0.134587,0.130677,0.485975,-35138.75,-35529.75
2021-05-25,0.120797,1,0.137867,0.134317,0.485975,-34810.75,-35165.75
2021-05-26,0.120797,1,0.132387,0.131387,0.485975,-35358.75,-35458.75
2021-05-27,0.120797,1,0.132457,0.130697,0.485975,-35351.75,-35527.75
2021-05-28,0.120797,1,0.132237,0.126437,0.485975,-35373.75,-35953.75
2021-05-30,0.120797,1,0.132107,0.132087,0.485975,-35386.75,-35388.75
2021-05-31,0.120797,1,0.136437,0.131507,0.485975,-34953.75,-35446.75
2021-06-01,0.136357,0,0.136357,0.136357,0.485975,-34961.75,-34961.75
2021-06-02,0.136357,0,0.136357,0.136357,0.485975,-34961.75,-34961.75
2021-06-03,0.136357,0,0.136357,0.136357,0.485975,-34961.75,-34961.75
2021-06-04,0.136357,0,0.136357,0.136357,0.485975,-34961.75,-34961.75
2021-06-06,0.136357,0,0.136357,0.136357,0.485975,-34961.75,-34961.75
2021-06-07,0.136357,0,0.136357,0.136357,0.485975,-34961.75,-34961.75
2021-06-08,0.136357,0,0.136357,0.136357,0.485975,-34961.75,-34961.75
2021-06-09,0.136357,0,0.136357,0.136357,0.485975,-34961.75,-34961.75
2021-06-10,0.136357,0,0.136357,0.136357,0.485975,-34961.75,-34961.75
2021-06-11,0.136357,0,0.136357,0.136357,0.485975,-34961.75,-34961.75
2021-06-13,0.136357,0,0.136357,0.136357,0.485975,-34961.75,-34961.75
2021-06-14,0.136357,0,0.136357,0.136357,0.485975,-34961.75,-34961.75
2021-06-15,0.136357,0,0.136357,0.136357,0.485975,-34961.75,-34961.75
2021-06-16,0.136357,0,0.136357,0.136357,0.485975,-34961.75,-34961.75
2021-06-17,0.136357,0,0.136357,0.136357,0.485975,-34961.75,-34961.75
2021-06-18,0.136357,0,0.136357,0.136357,0.485975,-34961.75,-34961.75
2021-06-20,0.136357,0,0.136357,0.136357,0.485975,-34961.75,-34961.75
2021-06-21,0.136357,0,0.136357,0.136357,0.485975,-34961.75,-34961.75
2021-06-22,0.136357,0,0.136357,0.136357,0.485975,-34961.75,-34961.75
2021-06-23,0.136357,0,0.136357,0.136357,0.485975,-34961.75,-34961.75
2021-06-24,0.136357,0,0.136357,0.136357,0.485975,-34961.75,-34961.75
2021-06-25,0.136357,0,0.136357,0.136357,0.485975,-34961.75,-34961.75
2021-06-27,0.136357,0,0.136357,0.136357,0.485975,-34961.75,-34961.75
2021-06-28,0.136357,0,0.136357,0.136357,0.485975,-34961.75,-34961.75
2021-06-29,0.136357,0,0.136357,0.136357,0.485975,-34961.75,-34961.75
2021-06-30,0.136357,0,0.136357,0.136357,0.485975,-34961.75,-34961.75
2021-07-01,0.136357,0,0.136357,0.136357,0.485975,-34961.75,-34961.75
2021-07-02,0.136357,0,0.136357,0.136357,0.485975,-34961.75,-34961.75
2021-07-04,0.136357,0,0.136357,0.136357,0.485975,-34961.75,-34961.75
2021-07-05,0.136357,0,0.136357,0.136357,0.485975,-34961.75,-34961.75
2021-07-06,0.136357,0,0.136357,0.136357,0.485975,-34961.75,-34961.75
2021-07-07,0.136357,0,0.136357,0.136357,0.485975,-34961.75,-34961.75
2021-07-08,0.136357,0,0.136357,0.136357,0.485975,-34961.75,-34961.75
2021-07-09,0.136357,0,0.136357,0.136357,0.485975,-34961.75,-34961.75
2021-07-11,0.136357,0,0.136357,0.136357,0.485975,-34961.75,-34961.75
2021-07-12,0.136357,0,0.136357,0.136357,0.485975,-34961.75,-34961.75
2021-07-13,0.136357,0,0.136357,0.136357,0.485975,-34961.75,-34961.75
2021-07-14,0.136357,0,0.136357,0.136357,0.485975,-34961.75,-34961.75
2021-07-15,0.136357,0,0.136357,0.136357,0.485975,-34961.75,-34961.75
2021-07-16,0.136357,0,0.136357,0.136357,0.485975,-34961.75,-34961.75
2021-07-18,0.136357,0,0.136357,0.136357,0.485975,-34961.75,-34961.75
2021-07-19,0.136357,0,0.136357,0.136357,0.485975,-34961.75,-34961.75
2021-07-20,0.136357,0,0.136357,0.136357,0.485975,-34961.75,-34961.75
2021-07-21,0.136357,0,0.136357,0.136357,0.485975,-34961.75,-34961.75
2021-07-22,0.136357,0,0.136357,0.136357,0.485975,-34961.75,-34961.75
2021-07-23,0.136357,0,0.136357,0.136357,0.485975,-34961.75,-34961.75
2021-07-25,0.136357,0,0.136357,0.136357,0.485975,-34961.75,-34961.75
2021-07-26,0.136357,0,0.136357,0.136357,0.485975,-34961.75,-34961.75
2021-07-27,0.136357,0,0.136357,0.136357,0.485975,-34961.75,-34961.75
2021-07-28,0.136357,0,0.136357,0.136357,0.485975,-34961.75,-34961.75
2021-07-29,0.136357,3,0.138157,0.123247,0.485975,-34781.75,-36272.75
2021-07-30,0.136357,3,0.131077,0.126517,0.485975,-35489.75,-35945.75
2021-08-01,0.134537,0,0.134537,0.134537,0.485975,-35143.75,-35143.75
2021-08-02,0.134537,0,0.134537,0.134537,0.485975,-35143.75,-35143.75
2021-08-03,0.134537,0,0.134537,0.134537,0.485975,-35143.75,-35143.75
2021-08-04,0.134537,0,0.134537,0.134537,0.485975,-35143.75,-35143.75
2021-08-05,0.134537,0,0.134537,0.134537,0.485975,-35143.75,-35143.75
2021-08-06,0.134537,0,0.134537,0.134537,0.485975,-35143.75,-35143.75
2021-08-08,0.134537,0,0.134537,0.134537,0.485975,-35143.75,-35143.75
2021-08-09,0.134537,0,0.134537,0.134537,0.485975,-35143.75,-35143.75
2021-08-10,0.134537,0,0.134537,0.134537,0.485975,-35143.75,-35143.75
2021-08-11,0.134537,0,0.134537,0.134537,0.485975,-35143.75,-35143.75
2021-08-12,0.134537,0,0.134537,0.134537,0.485975,-35143.75,-35143.75
2021-08-13,0.134537,0,0.134537,0.134537,0.485975,-35143.75,-35143.75
2021-08-15,0.134537,0,0.134537,0.134537,0.485975,-35143.75,-35143.75
2021-08-16,0.134537,0,0.134537,0.134537,0.485975,-35143.75,-35143.75
2021-08-17,0.134537,0,0.134537,0.134537,0.485975,-35143.75,-35143.75
2021-08-18,0.134537,0,0.134537,0.134537,0.485975,-35143.75,-35143.75
2021-08-19,0.134537,0,0.134537,0.134537,0.485975,-35143.75,-35143.75
2021-08-20,0.134537,0,0.134537,0.134537,0.485975,-35143.75,-35143.75
2021-08-22,0.134537,0,0.134537,0.134537,0.485975,-35143.75,-35143.75
2021-08-23,0.134537,0,0.134537,0.134537,0.485975,-35143.75,-35143.75
2021-08-24,0.134537,0,0.134537,0.134537,0.485975,-35143.75,-35143.75
2021-08-25,0.134537,0,0.134537,0.134537,0.485975,-35143.75,-35143.75
2021-08-26,0.134537,0,0.134537,0.134537,0.485975,-35143.75,-35143.75
2021-08-27,0.134537,0,0.134537,0.134537,0.485975,-35143.75,-35143.75
2021-08-29,0.134537,0,0.134537,0.134537,0.485975,-35143.75,-35143.75
2021-08-30,0.134537,0,0.134537,0.134537,0.485975,-35143.75,-35143.75
2021-08-31,0.134537,0,0.134537,0.134537,0.485975,-35143.75,-35143.75
2021-09-01,0.134537,0,0.134537,0.134537,0.485975,-35143.75,-35143.75
2021-09-02,0.134537,0,0.134537,0.134537,0.485975,-35143.75,-35143.75
2021-09-03,0.134537,0,0.134537,0.134537,0.485975,-35143.75,-35143.75
2021-09-05,0.134537,0,0.134537,0.134537,0.485975,-35143.75,-35143.75
2021-09-06,0.134537,0,0.134537,0.134537,0.485975,-35143.75,-35143.75
2021-09-07,0.134537,0,0.134537,0.134537,0.485975,-35143.75,-35143.75
2021-09-08,0.134537,0,0.134537,0.134537,0.485975,-35143.75,-35143.75
2021-09-09,0.134537,0,0.134537,0.134537,0.485975,-35143.75,-35143.75
2021-09-10,0.134537,0,0.134537,0.134537,0.485975,-35143.75,-35143.75
2021-09-12,0.134537,0,0.134537,0.134537,0.485975,-35143.75,-35143.75
2021-09-13,0.134537,0,0.134537,0.134537,0.485975,-35143.75,-35143.75
2021-09-14,0.134537,0,0.134537,0.134537,0.485975,-35143.75,-35143.75
2021-09-15,0.134537,0,0.134537,0.134537,0.485975,-35143.75,-35143.75
2021-09-16,0.134537,0,0.134537,0.134537,0.485975,-35143.75,-35143.75
2021-09-17,0.134537,0,0.134537,0.134537,0.485975,-35143.75,-35143.75
2021-09-19,0.134537,0,0.134537,0.134537,0.485975,-35143.75,-35143.75
2021-09-20,0.134537,0,0.134537,0.134537,0.485975,-35143.75,-35143.75
2021-09-21,0.134537,0,0.134537,0.134537,0.485975,-35143.75,-35143.75
2021-09-22,0.134537,0,0.134537,0.134537,0.485975,-35143.75,-35143.75
2021-09-23,0.134537,0,0.134537,0.134537,0.485975,-35143.75,-35143.75
2021-09-24,0.134537,0,0.134537,0.134537,0.485975,-35143.75,-35143.75
2021-09-26,0.134537,0,0.134537,0.134537,0.485975,-35143.75,-35143.75
2021-09-27,0.134537,0,0.134537,0.134537,0.485975,-35143.75,-35143.75
2021-09-28,0.134537,0,0.134537,0.134537,0.485975,-35143.75,-35143.75
2021-09-29,0.134537,0,0.134537,0.134537,0.485975,-35143.75,-35143.75
2021-09-30,0.134537,0,0.134537,0.134537,0.485975,-35143.75,-35143.75
2021-10-01,0.134537,0,0.134537,0.134537,0.485975,-35143.75,-35143.75
2021-10-03,0.134537,0,0.134537,0.134537,0.485975,-35143.75,-35143.75
2021-10-04,0.134537,0,0.134537,0.134537,0.485975,-35143.75,-35143.75
2021-10-05,0.134537,0,0.134537,0.134537,0.485975,-35143.75,-35143.75
2021-10-06,0.134537,0,0.134537,0.134537,0.485975,-35143.75,-35143.75
2021-10-07,0.134537,0,0.134537,0.134537,0.485975,-35143.75,-35143.75
2021-10-08,0.134537,0,0.134537,0.134537,0.485975,-35143.75,-35143.75
2021-10-10,0.134537,0,0.134537,0.134537,0.485975,-35143.75,-35143.75
2021-10-11,0.134537,0,0.134537,0.134537,0.485975,-35143.75,-35143.75
2021-10-12,0.134537,0,0.134537,0.134537,0.485975,-35143.75,-35143.75
2021-10-13,0.134537,0,0.134537,0.134537,0.485975,-35143.75,-35143.75
2021-10-14,0.134537,0,0.134537,0.134537,0.485975,-35143.75,-35143.75
2021-10-15,0.134537,0,0.134537,0.134537,0.485975,-35143.75,-35143.75
2021-10-17,0.134537,0,0.134537,0.134537,0.485975,-35143.75,-35143.75
2021-10-18,0.134537,0,0.134537,0.134537,0.485975,-35143.75,-35143.75
2021-10-19,0.134537,3,0.131897,0.126407,0.485975,-35407.75,-35956.75
2021-10-20,0.134537,3,0.138197,0.127547,0.485975,-34777.75,-35842.75
2021-10-21,0.134537,3,0.129887,0.128327,0.485975,-35608.75,-35764.75
2021-10-22,0.133137,0,0.133137,0.133137,0.485975,-35283.75,-35283.75
2021-10-24,0.133137,0,0.133137,0.133137,0.485975,-35283.75,-35283.75
2021-10-25,0.133137,0,0.133137,0.133137,0.485975,-35283.75,-35283.75
2021-10-26,0.133137,0,0.133137,0.133137,0.485975,-35283.75,-35283.75
2021-10-27,0.133137,0,0.133137,0.133137,0.485975,-35283.75,-35283.75
2021-10-28,0.133137,0,0.133137,0.133137,0.485975,-35283.75,-35283.75
2021-10-29,0.133137,3,0.136077,0.094977,0.485975,-34989.75,-39099.75
2021-10-31,0.133137,3,0.135087,0.132687,0.485975,-35088.75,-35328.75
2021-11-01,0.134847,0,0.134847,0.134847,0.485975,-35112.75,-35112.75
2021-11-02,0.134847,0,0.134847,0.134847,0.485975,-35112.75,-35112.75
2021-11-03,0.134847,0,0.134847,0.134847,0.485975,-35112.75,-35112.75
2021-11-04,0.134847,0,0.134847,0.134847,0.485975,-35112.75,-35112.75
2021-11-05,0.134847,0,0.134847,0.134847,0.485975,-35112.75,-35112.75
2021-11-07,0.134847,0,0.134847,0.134847,0.485975,-35112.75,-35112.75
2021-11-08,0.134847,0,0.134847,0.134847,0.485975,-35112.75,-35112.75
2021-11-09,0.134847,0,0.134847,0.134847,0.485975,-35112.75,-35112.75
2021-11-10,0.134847,0,0.134847,0.134847,0.485975,-35112.75,-35112.75
2021-11-11,0.134847,0,0.134847,0.134847,0.485975,-35112.75,-35112.75
2021-11-12,0.134847,0,0.134847,0.134847,0.485975,-35112.75,-35112.75
2021-11-14,0.134847,0,0.134847,0.134847,0.485975,-35112.75,-35112.75
2021-11-15,0.134847,0,0.134847,0.134847,0.485975,-35112.75,-35112.75
2021-11-16,0.134847,0,0.134847,0.134847,0.485975,-35112.75,-35112.75
2021-11-17,0.134847,0,0.134847,0.134847,0.485975,-35112.75,-35112.75
2021-11-18,0.134847,0,0.134847,0.134847,0.485975,-35112.75,-35112.75
2021-11-19,0.134847,0,0.134847,0.134847,0.485975,-35112.75,-35112.75
2021-11-21,0.134847,0,0.134847,0.134847,0.485975,-35112.75,-35112.75
2021-11-22,0.134847,0,0.134847,0.134847,0.485975,-35112.75,-35112.75
2021-11-23,0.134847,0,0.134847,0.134847,0.485975,-35112.75,-35112.75
2021-11-24,0.134847,0,0.134847,0.134847,0.485975,-35112.75,-35112.75
2021-11-25,0.134847,0,0.134847,0.134847,0.485975,-35112.75,-35112.75
2021-11-26,0.134847,0,0.134847,0.134847,0.485975,-35112.75,-35112.75
2021-11-28,0.134847,0,0.134847,0.134847,0.485975,-35112.75,-35112.75
2021-11-29,0.134847,0,0.134847,0.134847,0.485975,-35112.75,-35112.75
2021-11-30,0.134847,0,0.134847,0.134847,0.485975,-35112.75,-35112.75
2021-12-01,0.134847,0,0.134847,0.134847,0.485975,-35112.75,-35112.75
2021-12-02,0.134847,0,0.134847,0.134847,0.485975,-35112.75,-35112.75
2021-12-03,0.134847,0,0.134847,0.134847,0.485975,-35112.75,-35112.75
2021-12-05,0.134847,0,0.134847,0.134847,0.485975,-35112.75,-35112.75
2021-12-06,0.134847,0,0.134847,0.134847,0.485975,-35112.75,-35112.75
2021-12-07,0.134847,0,0.134847,0.134847,0.485975,-35112.75,-35112.75
2021-12-08,0.134847,0,0.134847,0.134847,0.485975,-35112.75,-35112.75
2021-12-09,0.134847,0,0.134847,0.134847,0.485975,-35112.75,-35112.75
2021-12-10,0.134847,0,0.134847,0.134847,0.485975,-35112.75,-35112.75
2021-12-12,0.134847,0,0.134847,0.134847,0.485975,-35112.75,-35112.75
2021-12-13,0.134847,0,0.134847,0.134847,0.485975,-35112.75,-35112.75
2021-12-14,0.134847,0,0.134847,0.134847,0.485975,-35112.75,-35112.75
2021-12-15,0.134847,0,0.134847,0.134847,0.485975,-35112.75,-35112.75
2021-12-16,0.134847,3,0.127017,0.111267,0.485975,-35895.75,-37470.75
2021-12-17,0.134847,3,0.098037,0.097437,0.485975,-38793.75,-38853.75
2021-12-19,0.097797,0,0.097797,0.097797,0.485975,-38817.75,-38817.75
2021-12-20,0.097797,3,0.087417,0.079437,0.485975,-39855.75,-40653.75
2021-12-21,0.097797,3,0.084417,0.079767,0.485975,-40155.75,-40620.75
2021-12-22,0.097797,3,0.072597,0.067857,0.485975,-41337.75,-41811.75
2021-12-23,0.097797,3,0.073707,0.067887,0.485975,-41226.75,-41808.75
2021-12-24,0.097797,3,0.077487,0.067557,0.485975,-40848.75,-41841.75
2021-12-26,0.097797,3,0.073617,0.072747,0.485975,-41235.75,-41322.75
2021-12-27,0.097797,3,0.071727,0.070227,0.485975,-41424.75,-41574.75
2021-12-28,0.097797,3,0.076647,0.070617,0.485975,-40932.75,-41535.75
2021-12-29,0.097797,3,0.062697,0.059907,0.485975,-42327.75,-42606.75
2021-12-30,0.097797,3,0.073887,0.062637,0.485975,-41208.75,-42333.75
2021-12-31,0.097797,3,0.060537,0.054657,0.485975,-42543.75,-43131.75
2022-01-02,0.060297,0,0.060297,0.060297,0.485975,-42567.75,-42567.75
2022-01-03,0.060297,0,0.060297,0.060297,0.485975,-42567.75,-42567.75
2022-01-04,0.060297,0,0.060297,0.060297,0.485975,-42567.75,-42567.75
2022-01-05,0.060297,0,0.060297,0.060297,0.485975,-42567.75,-42567.75
2022-01-06,0.060297,0,0.060297,0.060297,0.485975,-42567.75,-42567.75
2022-01-07,0.060297,0,0.060297,0.060297,0.485975,-42567.75,-42567.75
2022-01-09,0.060297,0,0.060297,0.060297,0.485975,-42567.75,-42567.75
2022-01-10,0.060297,0,0.060297,0.060297,0.485975,-42567.75,-42567.75
2022-01-11,0.060297,0,0.060297,0.060297,0.485975,-42567.75,-42567.75
2022-01-12,0.060297,0,0.060297,0.060297,0.485975,-42567.75,-42567.75
2022-01-13,0.060297,0,0.060297,0.060297,0.485975,-42567.75,-42567.75
2022-01-14,0.060297,0,0.060297,0.060297,0.485975,-42567.75,-42567.75
2022-01-16,0.060297,0,0.060297,0.060297,0.485975,-42567.75,-42567.75
2022-01-17,0.060297,0,0.060297,0.060297,0.485975,-42567.75,-42567.75
2022-01-18,0.060297,0,0.060297,0.060297,0.485975,-42567.75,-42567.75
2022-01-19,0.060297,0,0.060297,0.060297,0.485975,-42567.75,-42567.75
2022-01-20,0.060297,0,0.060297,0.060297,0.485975,-42567.75,-42567.75
2022-01-21,0.060297,0,0.060297,0.060297,0.485975,-42567.75,-42567.75
2022-01-23,0.060297,0,0.060297,0.060297,0.485975,-42567.75,-42567.75
2022-01-24,0.060297,0,0.060297,0.060297,0.485975,-42567.75,-42567.75
2022-01-25,0.060297,3,0.051057,0.044697,0.485975,-43491.75,-44127.75
2022-01-26,0.060297,3,0.069747,0.048687,0.485975,-41622.75,-43728.75
2022-01-27,0.062880,2,0.088380,0.068640,0.485975,-39759.50,-41733.50
2022-01-28,0.073420,1,0.086120,0.083270,0.485975,-39985.50,-40270.50
2022-01-30,0.073420,1,0.085430,0.085380,0.485975,-40054.50,-40059.50
2022-01-31,0.073420,1,0.077700,0.075840,0.485975,-40827.50,-41013.50
2022-02-01,0.077620,0,0.077620,0.077620,0.485975,-40835.50,-40835.50
2022-02-02,0.077620,0,0.077620,0.077620,0.485975,-40835.50,-40835.50
2022-02-03,0.077620,0,0.077620,0.077620,0.485975,-40835.50,-40835.50
2022-02-04,0.077620,0,0.077620,0.077620,0.485975,-40835.50,-40835.50
2022-02-06,0.077620,0,0.077620,0.077620,0.485975,-40835.50,-40835.50
2022-02-07,0.077620,0,0.077620,0.077620,0.485975,-40835.50,-40835.50
2022-02-08,0.077620,0,0.077620,0.077620,0.485975,-40835.50,-40835.50
2022-02-09,0.077620,0,0.077620,0.077620,0.485975,-40835.50,-40835.50
2022-02-10,0.077620,0,0.077620,0.077620,0.485975,-40835.50,-40835.50
2022-02-11,0.077620,0,0.077620,0.077620,0.485975,-40835.50,-40835.50
2022-02-13,0.077620,0,0.077620,0.077620,0.485975,-40835.50,-40835.50
2022-02-14,0.077620,0,0.077620,0.077620,0.485975,-40835.50,-40835.50
2022-02-15,0.077620,0,0.077620,0.077620,0.485975,-40835.50,-40835.50
2022-02-16,0.077620,0,0.077620,0.077620,0.485975,-40835.50,-40835.50
2022-02-17,0.077620,0,0.077620,0.077620,0.485975,-40835.50,-40835.50
2022-02-18,0.077620,0,0.077620,0.077620,0.485975,-40835.50,-40835.50
2022-02-20,0.077620,0,0.077620,0.077620,0.485975,-40835.50,-40835.50
2022-02-21,0.077620,0,0.077620,0.077620,0.485975,-40835.50,-40835.50
2022-02-22,0.077620,0,0.077620,0.077620,0.485975,-40835.50,-40835.50
2022-02-23,0.077620,0,0.077620,0.077620,0.485975,-40835.50,-40835.50
2022-02-24,0.077620,3,0.086710,0.052060,0.485975,-39926.50,-43391.50
2022-02-25,0.077620,3,0.062290,0.061690,0.485975,-42368.50,-42428.50
2022-02-27,0.077620,3,0.089860,0.087400,0.485975,-39611.50,-39857.50
2022-02-28,0.083312,2,0.084652,0.078192,0.485975,-40132.25,-40778.25
2022-03-01,0.084492,0,0.084492,0.084492,0.485975,-40148.25,-40148.25
2022-03-02,0.084492,0,0.084492,0.084492,0.485975,-40148.25,-40148.25
2022-03-03,0.084492,0,0.084492,0.084492,0.485975,-40148.25,-40148.25
2022-03-04,0.084492,0,0.084492,0.084492,0.485975,-40148.25,-40148.25
2022-03-06,0.084492,0,0.084492,0.084492,0.485975,-40148.25,-40148.25
2022-03-07,0.084492,0,0.084492,0.084492,0.485975,-40148.25,-40148.25
2022-03-08,0.084492,0,0.084492,0.084492,0.485975,-40148.25,-40148.25
2022-03-09,0.084492,0,0.084492,0.084492,0.485975,-40148.25,-40148.25
2022-03-10,0.084492,0,0.084492,0.084492,0.485975,-40148.25,-40148.25
2022-03-11,0.084492,0,0.084492,0.084492,0.485975,-40148.25,-40148.25
2022-03-13,0.084492,0,0.084492,0.084492,0.485975,-40148.25,-40148.25
2022-03-14,0.084492,0,0.084492,0.084492,0.485975,-40148.25,-40148.25
2022-03-15,0.084492,0,0.084492,0.084492,0.485975,-40148.25,-40148.25
2022-03-16,0.084492,0,0.084492,0.084492,0.485975,-40148.25,-40148.25
2022-03-17,0.084492,0,0.084492,0.084492,0.485975,-40148.25,-40148.25
2022-03-18,0.084492,0,0.084492,0.084492,0.485975,-40148.25,-40148.25
2022-03-20,0.084492,0,0.084492,0.084492,0.485975,-40148.25,-40148.25
2022-03-21,0.084492,0,0.084492,0.084492,0.485975,-40148.25,-40148.25
2022-03-22,0.084492,0,0.084492,0.084492,0.485975,-40148.25,-40148.25
2022-03-23,0.084492,0,0.084492,0.084492,0.485975,-40148.25,-40148.25
2022-03-24,0.084492,0,0.084492,0.084492,0.485975,-40148.25,-40148.25
2022-03-25,0.084492,0,0.084492,0.084492,0.485975,-40148.25,-40148.25
2022-03-27,0.084492,0,0.084492,0.084492,0.485975,-40148.25,-40148.25
2022-03-28,0.084492,0,0.084492,0.084492,0.485975,-40148.25,-40148.25
2022-03-29,0.084492,0,0.084492,0.084492,0.485975,-40148.25,-40148.25
2022-03-30,0.084492,0,0.084492,0.084492,0.485975,-40148.25,-40148.25
2022-03-31,0.084492,0,0.084492,0.084492,0.485975,-40148.25,-40148.25
2022-04-01,0.084492,0,0.084492,0.084492,0.485975,-40148.25,-40148.25
2022-04-03,0.084492,0,0.084492,0.084492,0.485975,-40148.25,-40148.25
2022-04-04,0.084492,0,0.084492,0.084492,0.485975,-40148.25,-40148.25
2022-04-05,0.084492,0,0.084492,0.084492,0.485975,-40148.25,-40148.25
2022-04-06,0.084492,0,0.084492,0.084492,0.485975,-40148.25,-40148.25
2022-04-07,0.084492,0,0.084492,0.084492,0.485975,-40148.25,-40148.25
2022-04-08,0.084492,0,0.084492,0.084492,0.485975,-40148.25,-40148.25
2022-04-10,0.084492,0,0.084492,0.084492,0.485975,-40148.25,-40148.25
2022-04-11,0.084492,0,0.084492,0.084492,0.485975,-40148.25,-40148.25
2022-04-12,0.084492,0,0.084492,0.084492,0.485975,-40148.25,-40148.25
2022-04-13,0.084492,0,0.084492,0.084492,0.485975,-40148.25,-40148.25
2022-04-14,0.084492,0,0.084492,0.084492,0.485975,-40148.25,-40148.25
2022-04-15,0.084492,0,0.084492,0.084492,0.485975,-40148.25,-40148.25
2022-04-17,0.084492,0,0.084492,0.084492,0.485975,-40148.25,-40148.25
2022-04-18,0.084492,0,0.084492,0.084492,0.485975,-40148.25,-40148.25
2022-04-19,0.084492,0,0.084492,0.084492,0.485975,-40148.25,-40148.25
2022-04-20,0.084492,0,0.084492,0.084492,0.485975,-40148.25,-40148.25
2022-04-21,0.084492,0,0.084492,0.084492,0.485975,-40148.25,-40148.25
2022-04-22,0.084492,0,0.084492,0.084492,0.485975,-40148.25,-40148.25
2022-04-24,0.084492,0,0.084492,0.084492,0.485975,-40148.25,-40148.25
2022-04-25,0.084492,0,0.084492,0.084492,0.485975,-40148.25,-40148.25
2022-04-26,0.084492,0,0.084492,0.084492,0.485975,-40148.25,-40148.25
2022-04-27,0.084492,0,0.084492,0.084492,0.485975,-40148.25,-40148.25
2022-04-28,0.084492,0,0.084492,0.084492,0.485975,-40148.25,-40148.25
2022-04-29,0.084492,0,0.084492,0.084492,0.485975,-40148.25,-40148.25
2022-05-01,0.084492,0,0.084492,0.084492,0.485975,-40148.25,-40148.25
2022-05-02,0.084492,0,0.084492,0.084492,0.485975,-40148.25,-40148.25
2022-05-03,0.084492,0,0.084492,0.084492,0.485975,-40148.25,-40148.25
2022-05-04,0.084492,0,0.084492,0.084492,0.485975,-40148.25,-40148.25
2022-05-05,0.084492,0,0.084492,0.084492,0.485975,-40148.25,-40148.25
2022-05-06,0.084492,3,0.067932,0.051852,0.485975,-41804.25,-43412.25
2022-05-08,0.084492,3,0.071892,0.068712,0.485975,-41408.25,-41726.25
2022-05-09,0.084492,3,0.062562,0.053772,0.485975,-42341.25,-43220.25
2022-05-10,0.084492,3,0.072822,0.055932,0.485975,-41315.25,-43004.25
2022-05-11,0.084492,3,0.077982,0.058362,0.485975,-40799.25,-42761.25
2022-05-12,0.084492,3,0.117972,0.072732,0.485975,-36800.25,-41324.25
2022-05-13,0.095290,1,0.103130,0.102340,0.485975,-38284.50,-38363.50
2022-05-15,0.095290,1,0.104490,0.102910,0.485975,-38148.50,-38306.50
2022-05-16,0.095290,1,0.100390,0.099990,0.485975,-38558.50,-38598.50
2022-05-17,0.095290,1,0.089420,0.088730,0.485975,-39655.50,-39724.50
2022-05-18,0.089340,0,0.089340,0.089340,0.485975,-39663.50,-39663.50
2022-05-19,0.089340,3,0.089880,0.055530,0.485975,-39609.50,-43044.50
2022-05-20,0.089340,3,0.084330,0.075870,0.485975,-40164.50,-41010.50
2022-05-22,0.089340,3,0.086700,0.082590,0.485975,-39927.50,-40338.50
2022-05-23,0.089340,3,0.121140,0.086400,0.485975,-36483.50,-39957.50
2022-05-24,0.100137,1,0.115627,0.108447,0.485975,-37034.75,-37752.75
2022-05-25,0.100137,1,0.111057,0.106577,0.485975,-37491.75,-37939.75
2022-05-26,0.100137,1,0.115607,0.108607,0.485975,-37036.75,-37736.75
2022-05-27,0.100137,1,0.115537,0.112047,0.485975,-37043.75,-37392.75
2022-05-29,0.100137,1,0.115267,0.114977,0.485975,-37070.75,-37099.75
2022-05-30,0.100137,1,0.119657,0.115037,0.485975,-36631.75,-37093.75
2022-05-31,0.100137,1,0.115767,0.110257,0.485975,-37020.75,-37571.75
2022-06-01,0.115687,0,0.115687,0.115687,0.485975,-37028.75,-37028.75
2022-06-02,0.115687,0,0.115687,0.115687,0.485975,-37028.75,-37028.75
2022-06-03,0.115687,0,0.115687,0.115687,0.485975,-37028.75,-37028.75
2022-06-05,0.115687,0,0.115687,0.115687,0.485975,-37028.75,-37028.75
2022-06-06,0.115687,0,0.115687,0.115687,0.485975,-37028.75,-37028.75
2022-06-07,0.115687,0,0.115687,0.115687,0.485975,-37028.75,-37028.75
2022-06-08,0.115687,0,0.115687,0.115687,0.485975,-37028.75,-37028.75
2022-06-09,0.115687,0,0.115687,0.115687,0.485975,-37028.75,-37028.75
2022-06-10,0.115687,0,0.115687,0.115687,0.485975,-37028.75,-37028.75
2022-06-12,0.115687,0,0.115687,0.115687,0.485975,-37028.75,-37028.75
2022-06-13,0.115687,0,0.115687,0.115687,0.485975,-37028.75,-37028.75
2022-06-14,0.115687,0,0.115687,0.115687,0.485975,-37028.75,-37028.75
2022-06-15,0.115687,0,0.115687,0.115687,0.485975,-37028.75,-37028.75
2022-06-16,0.115687,0,0.115687,0.115687,0.485975,-37028.75,-37028.75
2022-06-17,0.115687,0,0.115687,0.115687,0.485975,-37028.75,-37028.75
2022-06-19,0.115687,0,0.115687,0.115687,0.485975,-37028.75,-37028.75
2022-06-20,0.115687,0,0.115687,0.115687,0.485975,-37028.75,-37028.75
2022-06-21,0.115687,0,0.115687,0.115687,0.485975,-37028.75,-37028.75
2022-06-22,0.115687,0,0.115687,0.115687,0.485975,-37028.75,-37028.75
2022-06-23,0.115687,0,0.115687,0.115687,0.485975,-37028.75,-37028.75
2022-06-24,0.115687,0,0.115687,0.115687,0.485975,-37028.75,-37028.75
2022-06-26,0.115687,0,0.115687,0.115687,0.485975,-37028.75,-37028.75
2022-06-27,0.115687,0,0.115687,0.115687,0.485975,-37028.75,-37028.75
2022-06-28,0.115687,0,0.115687,0.115687,0.485975,-37028.75,-37028.75
2022-06-29,0.115687,0,0.115687,0.115687,0.485975,-37028.75,-37028.75
2022-06-30,0.115687,0,0.115687,0.115687,0.485975,-37028.75,-37028.75
2022-07-01,0.115687,0,0.115687,0.115687,0.485975,-37028.75,-37028.75
2022-07-03,0.115687,0,0.115687,0.115687,0.485975,-37028.75,-37028.75
2022-07-04,0.115687,0,0.115687,0.115687,0.485975,-37028.75,-37028.75
2022-07-05,0.115687,0,0.115687,0.115687,0.485975,-37028.75,-37028.75
2022-07-06,0.115687,0,0.115687,0.115687,0.485975,-37028.75,-37028.75
2022-07-07,0.115687,0,0.115687,0.115687,0.485975,-37028.75,-37028.75
2022-07-08,0.115687,0,0.115687,0.115687,0.485975,-37028.75,-37028.75
2022-07-10,0.115687,0,0.115687,0.115687,0.485975,-37028.75,-37028.75
2022-07-11,0.115687,0,0.115687,0.115687,0.485975,-37028.75,-37028.75
2022-07-12,0.115687,0,0.115687,0.115687,0.485975,-37028.75,-37028.75
2022-07-13,0.115687,0,0.115687,0.115687,0.485975,-37028.75,-37028.75
2022-07-14,0.115687,0,0.115687,0.115687,0.485975,-37028.75,-37028.75
2022-07-15,0.115687,0,0.115687,0.115687,0.485975,-37028.75,-37028.75
2022-07-17,0.115687,0,0.115687,0.115687,0.485975,-37028.75,-37028.75
2022-07-18,0.115687,0,0.115687,0.115687,0.485975,-37028.75,-37028.75
2022-07-19,0.115687,0,0.115687,0.115687,0.485975,-37028.75,-37028.75
2022-07-20,0.115687,0,0.115687,0.115687,0.485975,-37028.75,-37028.75
2022-07-21,0.115687,0,0.115687,0.115687,0.485975,-37028.75,-37028.75
2022-07-22,0.115687,0,0.115687,0.115687,0.485975,-37028.75,-37028.75
2022-07-24,0.115687,0,0.115687,0.115687,0.485975,-37028.75,-37028.75
2022-07-25,0.115687,0,0.115687,0.115687,0.485975,-37028.75,-37028.75
2022-07-26,0.115687,0,0.115687,0.115687,0.485975,-37028.75,-37028.75
2022-07-27,0.115687,0,0.115687,0.115687,0.485975,-37028.75,-37028.75
2022-07-28,0.115687,0,0.115687,0.115687,0.485975,-37028.75,-37028.75
2022-07-29,0.115687,0,0.115687,0.115687,0.485975,-37028.75,-37028.75
2022-07-31,0.115687,0,0.115687,0.115687,0.485975,-37028.75,-37028.75
2022-08-01,0.115687,0,0.115687,0.115687,0.485975,-37028.75,-37028.75
2022-08-02,0.115687,0,0.115687,0.115687,0.485975,-37028.75,-37028.75
2022-08-03,0.115687,0,0.115687,0.115687,0.485975,-37028.75,-37028.75
2022-08-04,0.115687,0,0.115687,0.115687,0.485975,-37028.75,-37028.75
2022-08-05,0.115687,0,0.115687,0.115687,0.485975,-37028.75,-37028.75
2022-08-07,0.115687,0,0.115687,0.115687,0.485975,-37028.75,-37028.75
2022-08-08,0.115687,0,0.115687,0.115687,0.485975,-37028.75,-37028.75
2022-08-09,0.115687,0,0.115687,0.115687,0.485975,-37028.75,-37028.75
2022-08-10,0.115687,0,0.115687,0.115687,0.485975,-37028.75,-37028.75
2022-08-11,0.115687,0,0.115687,0.115687,0.485975,-37028.75,-37028.75
2022-08-12,0.115687,0,0.115687,0.115687,0.485975,-37028.75,-37028.75
2022-08-14,0.115687,0,0.115687,0.115687,0.485975,-37028.75,-37028.75
2022-08-15,0.115687,0,0.115687,0.115687,0.485975,-37028.75,-37028.75
2022-08-16,0.115687,3,0.101617,0.093997,0.485975,-38435.75,-39197.75
2022-08-17,0.115687,3,0.099247,0.091567,0.485975,-38672.75,-39440.75
2022-08-18,0.115687,3,0.125647,0.094567,0.485975,-36032.75,-39140.75
2022-08-19,0.119900,2,0.137880,0.125320,0.485975,-34809.50,-36065.50
2022-08-21,0.119900,2,0.137200,0.136320,0.485975,-34877.50,-34965.50
2022-08-22,0.119900,2,0.156800,0.135080,0.485975,-32917.50,-35089.50
2022-08-23,0.136960,1,0.152590,0.147400,0.485975,-33338.50,-33857.50
2022-08-24,0.136960,1,0.152440,0.149280,0.485975,-33353.50,-33669.50
2022-08-25,0.136960,1,0.152150,0.145870,0.485975,-33382.50,-34010.50
2022-08-26,0.136960,1,0.152980,0.140230,0.485975,-33299.50,-34574.50
2022-08-28,0.136960,1,0.155620,0.152510,0.485975,-33035.50,-33346.50
2022-08-29,0.136960,1,0.148140,0.146300,0.485975,-33783.50,-33967.50
2022-08-30,0.136960,1,0.146870,0.143740,0.485975,-33910.50,-34223.50
2022-08-31,0.136960,1,0.145410,0.141310,0.485975,-34056.50,-34466.50
2022-09-01,0.145330,0,0.145330,0.145330,0.485975,-34064.50,-34064.50
2022-09-02,0.145330,0,0.145330,0.145330,0.485975,-34064.50,-34064.50
2022-09-04,0.145330,0,0.145330,0.145330,0.485975,-34064.50,-34064.50
2022-09-05,0.145330,0,0.145330,0.145330,0.485975,-34064.50,-34064.50
2022-09-06,0.145330,0,0.145330,0.145330,0.485975,-34064.50,-34064.50
2022-09-07,0.145330,0,0.145330,0.145330,0.485975,-34064.50,-34064.50
2022-09-08,0.145330,0,0.145330,0.145330,0.485975,-34064.50,-34064.50
2022-09-09,0.145330,3,0.143500,0.133240,0.485975,-34247.50,-35273.50
2022-09-11,0.145330,3,0.151810,0.148630,0.485975,-33416.50,-33734.50
2022-09-12,0.148897,2,0.164977,0.151757,0.485975,-32099.75,-33421.75
2022-09-13,0.163377,1,0.156297,0.154057,0.485975,-32967.75,-33191.75
2022-09-14,0.156217,0,0.156217,0.156217,0.485975,-32975.75,-32975.75
2022-09-15,0.156217,0,0.156217,0.156217,0.485975,-32975.75,-32975.75
2022-09-16,0.156217,0,0.156217,0.156217,0.485975,-32975.75,-32975.75
2022-09-18,0.156217,0,0.156217,0.156217,0.485975,-32975.75,-32975.75
2022-09-19,0.156217,0,0.156217,0.156217,0.485975,-32975.75,-32975.75
2022-09-20,0.156217,0,0.156217,0.156217,0.485975,-32975.75,-32975.75
2022-09-21,0.156217,3,0.177697,0.134587,0.485975,-30827.75,-35138.75
2022-09-22,0.156217,3,0.175597,0.154867,0.485975,-31037.75,-33110.75
2022-09-23,0.159785,2,0.202665,0.170025,0.485975,-28331.00,-31595.00
2022-09-25,0.174265,1,0.196005,0.193575,0.485975,-28997.00,-29240.00
2022-09-26,0.174265,1,0.202555,0.194425,0.485975,-28342.00,-29155.00
2022-09-27,0.174265,1,0.205025,0.197485,0.485975,-28095.00,-28849.00
2022-09-28,0.174265,1,0.194015,0.189475,0.485975,-29196.00,-29650.00
2022-09-29,0.174265,1,0.181645,0.180185,0.485975,-30433.00,-30579.00
2022-09-30,0.174265,1,0.184425,0.179185,0.485975,-30155.00,-30679.00
2022-10-02,0.184345,0,0.184345,0.184345,0.485975,-30163.00,-30163.00
2022-10-03,0.184345,0,0.184345,0.184345,0.485975,-30163.00,-30163.00
2022-10-04,0.184345,0,0.184345,0.184345,0.485975,-30163.00,-30163.00
2022-10-05,0.184345,0,0.184345,0.184345,0.485975,-30163.00,-30163.00
2022-10-06,0.184345,0,0.184345,0.184345,0.485975,-30163.00,-30163.00
2022-10-07,0.184345,0,0.184345,0.184345,0.485975,-30163.00,-30163.00
2022-10-09,0.184345,0,0.184345,0.184345,0.485975,-30163.00,-30163.00
2022-10-10,0.184345,0,0.184345,0.184345,0.485975,-30163.00,-30163.00
2022-10-11,0.184345,0,0.184345,0.184345,0.485975,-30163.00,-30163.00
2022-10-12,0.184345,0,0.184345,0.184345,0.485975,-30163.00,-30163.00
2022-10-13,0.184345,0,0.184345,0.184345,0.485975,-30163.00,-30163.00
2022-10-14,0.184345,0,0.184345,0.184345,0.485975,-30163.00,-30163.00
2022-10-16,0.184345,0,0.184345,0.184345,0.485975,-30163.00,-30163.00
2022-10-17,0.184345,0,0.184345,0.184345,0.485975,-30163.00,-30163.00
2022-10-18,0.184345,0,0.184345,0.184345,0.485975,-30163.00,-30163.00
2022-10-19,0.184345,0,0.184345,0.184345,0.485975,-30163.00,-30163.00
2022-10-20,0.184345,0,0.184345,0.184345,0.485975,-30163.00,-30163.00
2022-10-21,0.184345,0,0.184345,0.184345,0.485975,-30163.00,-30163.00
2022-10-23,0.184345,0,0.184345,0.184345,0.485975,-30163.00,-30163.00
2022-10-24,0.184345,0,0.184345,0.184345,0.485975,-30163.00,-30163.00
2022-10-25,0.184345,0,0.184345,0.184345,0.485975,-30163.00,-30163.00
2022-10-26,0.184345,3,0.212425,0.167485,0.485975,-27355.00,-31849.00
2022-10-27,0.184345,3,0.174505,0.171715,0.485975,-31147.00,-31426.00
2022-10-28,0.183730,0,0.183730,0.183730,0.485975,-30224.50,-30224.50
2022-10-30,0.183730,0,0.183730,0.183730,0.485975,-30224.50,-30224.50
2022-10-31,0.183730,0,0.183730,0.183730,0.485975,-30224.50,-30224.50
2022-11-01,0.183730,0,0.183730,0.183730,0.485975,-30224.50,-30224.50
2022-11-02,0.183730,0,0.183730,0.183730,0.485975,-30224.50,-30224.50
2022-11-03,0.183730,0,0.183730,0.183730,0.485975,-30224.50,-30224.50
2022-11-04,0.183730,0,0.183730,0.183730,0.485975,-30224.50,-30224.50
2022-11-06,0.183730,0,0.183730,0.183730,0.485975,-30224.50,-30224.50
2022-11-07,0.183730,0,0.183730,0.183730,0.485975,-30224.50,-30224.50
2022-11-08,0.183730,0,0.183730,0.183730,0.485975,-30224.50,-30224.50
2022-11-09,0.183730,0,0.183730,0.183730,0.485975,-30224.50,-30224.50
2022-11-10,0.183730,0,0.183730,0.183730,0.485975,-30224.50,-30224.50
2022-11-11,0.183730,0,0.183730,0.183730,0.485975,-30224.50,-30224.50
2022-11-13,0.183730,0,0.183730,0.183730,0.485975,-30224.50,-30224.50
2022-11-14,0.183730,0,0.183730,0.183730,0.485975,-30224.50,-30224.50
2022-11-15,0.183730,0,0.183730,0.183730,0.485975,-30224.50,-30224.50
2022-11-16,0.183730,0,0.183730,0.183730,0.485975,-30224.50,-30224.50
2022-11-17,0.183730,0,0.183730,0.183730,0.485975,-30224.50,-30224.50
2022-11-18,0.183730,0,0.183730,0.183730,0.485975,-30224.50,-30224.50
2022-11-20,0.183730,0,0.183730,0.183730,0.485975,-30224.50,-30224.50
2022-11-21,0.183730,0,0.183730,0.183730,0.485975,-30224.50,-30224.50
2022-11-22,0.183730,0,0.183730,0.183730,0.485975,-30224.50,-30224.50
2022-11-23,0.183730,0,0.183730,0.183730,0.485975,-30224.50,-30224.50
2022-11-24,0.183730,0,0.183730,0.183730,0.485975,-30224.50,-30224.50
2022-11-25,0.183730,0,0.183730,0.183730,0.485975,-30224.50,-30224.50
2022-11-27,0.183730,0,0.183730,0.183730,0.485975,-30224.50,-30224.50
2022-11-28,0.183730,0,0.183730,0.183730,0.485975,-30224.50,-30224.50
2022-11-29,0.183730,0,0.183730,0.183730,0.485975,-30224.50,-30224.50
2022-11-30,0.183730,0,0.183730,0.183730,0.485975,-30224.50,-30224.50
2022-12-01,0.183730,0,0.183730,0.183730,0.485975,-30224.50,-30224.50
2022-12-02,0.183730,0,0.183730,0.183730,0.485975,-30224.50,-30224.50
2022-12-04,0.183730,0,0.183730,0.183730,0.485975,-30224.50,-30224.50
2022-12-05,0.183730,0,0.183730,0.183730,0.485975,-30224.50,-30224.50
2022-12-06,0.183730,0,0.183730,0.183730,0.485975,-30224.50,-30224.50
2022-12-07,0.183730,0,0.183730,0.183730,0.485975,-30224.50,-30224.50
2022-12-08,0.183730,0,0.183730,0.183730,0.485975,-30224.50,-30224.50
2022-12-09,0.183730,0,0.183730,0.183730,0.485975,-30224.50,-30224.50
2022-12-11,0.183730,0,0.183730,0.183730,0.485975,-30224.50,-30224.50
2022-12-12,0.183730,0,0.183730,0.183730,0.485975,-30224.50,-30224.50
2022-12-13,0.183730,0,0.183730,0.183730,0.485975,-30224.50,-30224.50
2022-12-14,0.183730,0,0.183730,0.183730,0.485975,-30224.50,-30224.50
2022-12-15,0.183730,0,0.183730,0.183730,0.485975,-30224.50,-30224.50
2022-12-16,0.183730,0,0.183730,0.183730,0.485975,-30224.50,-30224.50
2022-12-18,0.183730,0,0.183730,0.183730,0.485975,-30224.50,-30224.50
2022-12-19,0.183730,0,0.183730,0.183730,0.485975,-30224.50,-30224.50
2022-12-20,0.183730,0,0.183730,0.183730,0.485975,-30224.50,-30224.50
2022-12-21,0.183730,0,0.183730,0.183730,0.485975,-30224.50,-30224.50
2022-12-22,0.183730,0,0.183730,0.183730,0.485975,-30224.50,-30224.50
2022-12-23,0.183730,0,0.183730,0.183730,0.485975,-30224.50,-30224.50
2022-12-25,0.183730,0,0.183730,0.183730,0.485975,-30224.50,-30224.50
2022-12-26,0.183730,0,0.183730,0.183730,0.485975,-30224.50,-30224.50
2022-12-27,0.183730,0,0.183730,0.183730,0.485975,-30224.50,-30224.50
2022-12-28,0.183730,0,0.183730,0.183730,0.485975,-30224.50,-30224.50
2022-12-29,0.183730,0,0.183730,0.183730,0.485975,-30224.50,-30224.50
2022-12-30,0.183730,0,0.183730,0.183730,0.485975,-30224.50,-30224.50
2023-01-01,0.183730,0,0.183730,0.183730,0.485975,-30224.50,-30224.50
2023-01-02,0.183730,0,0.183730,0.183730,0.485975,-30224.50,-30224.50
2023-01-03,0.183730,0,0.183730,0.183730,0.485975,-30224.50,-30224.50
2023-01-04,0.183730,0,0.183730,0.183730,0.485975,-30224.50,-30224.50
2023-01-05,0.183730,0,0.183730,0.183730,0.485975,-30224.50,-30224.50
2023-01-06,0.183730,0,0.183730,0.183730,0.485975,-30224.50,-30224.50
2023-01-08,0.183730,0,0.183730,0.183730,0.485975,-30224.50,-30224.50
2023-01-09,0.183730,3,0.190870,0.166480,0.485975,-29510.50,-31949.50
2023-01-10,0.183730,3,0.192550,0.184660,0.485975,-29342.50,-30131.50
2023-01-11,0.188392,2,0.199672,0.191712,0.485975,-28630.25,-29426.25
2023-01-12,0.188392,2,0.218532,0.192572,0.485975,-26744.25,-29340.25
2023-01-13,0.188392,2,0.212672,0.202692,0.485975,-27330.25,-28328.25
2023-01-15,0.188392,2,0.211132,0.210652,0.485975,-27484.25,-27532.25
2023-01-16,0.188392,2,0.212512,0.206892,0.485975,-27346.25,-27908.25
2023-01-17,0.188392,2,0.204492,0.201512,0.485975,-28148.25,-28446.25
2023-01-18,0.188392,2,0.206072,0.199852,0.485975,-27990.25,-28612.25
2023-01-19,0.188392,2,0.213292,0.203052,0.485975,-27268.25,-28292.25
2023-01-20,0.188392,2,0.217612,0.207072,0.485975,-26836.25,-27890.25
2023-01-22,0.188392,2,0.219492,0.218852,0.485975,-26648.25,-26712.25
2023-01-23,0.188392,2,0.220852,0.215852,0.485975,-26512.25,-27012.25
2023-01-24,0.207252,1,0.225342,0.219862,0.485975,-26063.25,-26611.25
2023-01-25,0.207252,1,0.228432,0.222082,0.485975,-25754.25,-26389.25
2023-01-26,0.207252,1,0.225672,0.221422,0.485975,-26030.25,-26455.25
2023-01-27,0.207252,1,0.222862,0.220142,0.485975,-26311.25,-26583.25
2023-01-29,0.207252,1,0.223542,0.222322,0.485975,-26243.25,-26365.25
2023-01-30,0.207252,1,0.221362,0.220262,0.485975,-26461.25,-26571.25
2023-01-31,0.207252,1,0.222432,0.216562,0.485975,-26354.25,-26941.25
2023-02-01,0.222352,0,0.222352,0.222352,0.485975,-26362.25,-26362.25
2023-02-02,0.222352,0,0.222352,0.222352,0.485975,-26362.25,-26362.25
2023-02-03,0.222352,0,0.222352,0.222352,0.485975,-26362.25,-26362.25
2023-02-05,0.222352,0,0.222352,0.222352,0.485975,-26362.25,-26362.25
2023-02-06,0.222352,0,0.222352,0.222352,0.485975,-26362.25,-26362.25
2023-02-07,0.222352,0,0.222352,0.222352,0.485975,-26362.25,-26362.25
2023-02-08,0.222352,0,0.222352,0.222352,0.485975,-26362.25,-26362.25
2023-02-09,0.222352,0,0.222352,0.222352,0.485975,-26362.25,-26362.25
2023-02-10,0.222352,0,0.222352,0.222352,0.485975,-26362.25,-26362.25
2023-02-12,0.222352,0,0.222352,0.222352,0.485975,-26362.25,-26362.25
2023-02-13,0.222352,0,0.222352,0.222352,0.485975,-26362.25,-26362.25
2023-02-14,0.222352,0,0.222352,0.222352,0.485975,-26362.25,-26362.25
2023-02-15,0.222352,0,0.222352,0.222352,0.485975,-26362.25,-26362.25
2023-02-16,0.222352,0,0.222352,0.222352,0.485975,-26362.25,-26362.25
2023-02-17,0.222352,0,0.222352,0.222352,0.485975,-26362.25,-26362.25
2023-02-19,0.222352,0,0.222352,0.222352,0.485975,-26362.25,-26362.25
2023-02-20,0.222352,0,0.222352,0.222352,0.485975,-26362.25,-26362.25
2023-02-21,0.222352,0,0.222352,0.222352,0.485975,-26362.25,-26362.25
2023-02-22,0.222352,0,0.222352,0.222352,0.485975,-26362.25,-26362.25
2023-02-23,0.222352,0,0.222352,0.222352,0.485975,-26362.25,-26362.25
2023-02-24,0.222352,0,0.222352,0.222352,0.485975,-26362.25,-26362.25
2023-02-26,0.222352,0,0.222352,0.222352,0.485975,-26362.25,-26362.25
2023-02-27,0.222352,0,0.222352,0.222352,0.485975,-26362.25,-26362.25
2023-02-28,0.222352,0,0.222352,0.222352,0.485975,-26362.25,-26362.25
2023-03-01,0.222352,0,0.222352,0.222352,0.485975,-26362.25,-26362.25
2023-03-02,0.222352,0,0.222352,0.222352,0.485975,-26362.25,-26362.25
2023-03-03,0.222352,0,0.222352,0.222352,0.485975,-26362.25,-26362.25
2023-03-05,0.222352,0,0.222352,0.222352,0.485975,-26362.25,-26362.25
2023-03-06,0.222352,0,0.222352,0.222352,0.485975,-26362.25,-26362.25
2023-03-07,0.222352,3,0.227422,0.183562,0.485975,-25855.25,-30241.25
2023-03-08,0.222352,3,0.227212,0.219712,0.485975,-25876.25,-26626.25
2023-03-09,0.225437,2,0.221317,0.220237,0.485975,-26465.75,-26573.75
2023-03-10,0.221157,0,0.221157,0.221157,0.485975,-26481.75,-26481.75
2023-03-12,0.221157,3,0.218037,0.215937,0.485975,-26793.75,-27003.75
2023-03-13,0.221157,3,0.230577,0.208737,0.485975,-25539.75,-27723.75
2023-03-14,0.224242,2,0.231302,0.221702,0.485975,-25467.25,-26427.25
2023-03-15,0.224242,2,0.202242,0.189122,0.485975,-28373.25,-29685.25
2023-03-16,0.202082,0,0.202082,0.202082,0.485975,-28389.25,-28389.25
2023-03-17,0.202082,0,0.202082,0.202082,0.485975,-28389.25,-28389.25
2023-03-19,0.202082,0,0.202082,0.202082,0.485975,-28389.25,-28389.25
2023-03-20,0.202082,0,0.202082,0.202082,0.485975,-28389.25,-28389.25
2023-03-21,0.202082,0,0.202082,0.202082,0.485975,-28389.25,-28389.25
2023-03-22,0.202082,0,0.202082,0.202082,0.485975,-28389.25,-28389.25
2023-03-23,0.202082,0,0.202082,0.202082,0.485975,-28389.25,-28389.25
2023-03-24,0.202082,0,0.202082,0.202082,0.485975,-28389.25,-28389.25
2023-03-26,0.202082,0,0.202082,0.202082,0.485975,-28389.25,-28389.25
2023-03-27,0.202082,0,0.202082,0.202082,0.485975,-28389.25,-28389.25
2023-03-28,0.202082,0,0.202082,0.202082,0.485975,-28389.25,-28389.25
2023-03-29,0.202082,0,0.202082,0.202082,0.485975,-28389.25,-28389.25
2023-03-30,0.202082,0,0.202082,0.202082,0.485975,-28389.25,-28389.25
2023-03-31,0.202082,0,0.202082,0.202082,0.485975,-28389.25,-28389.25
2023-04-02,0.202082,0,0.202082,0.202082,0.485975,-28389.25,-28389.25
2023-04-03,0.202082,0,0.202082,0.202082,0.485975,-28389.25,-28389.25
2023-04-04,0.202082,0,0.202082,0.202082,0.485975,-28389.25,-28389.25
2023-04-05,0.202082,0,0.202082,0.202082,0.485975,-28389.25,-28389.25
2023-04-06,0.202082,0,0.202082,0.202082,0.485975,-28389.25,-28389.25
2023-04-07,0.202082,0,0.202082,0.202082,0.485975,-28389.25,-28389.25
2023-04-09,0.202082,0,0.202082,0.202082,0.485975,-28389.25,-28389.25
2023-04-10,0.202082,0,0.202082,0.202082,0.485975,-28389.25,-28389.25
2023-04-11,0.202082,0,0.202082,0.202082,0.485975,-28389.25,-28389.25
2023-04-12,0.202082,0,0.202082,0.202082,0.485975,-28389.25,-28389.25
2023-04-13,0.202082,0,0.202082,0.202082,0.485975,-28389.25,-28389.25
2023-04-14,0.202082,0,0.202082,0.202082,0.485975,-28389.25,-28389.25
2023-04-16,0.202082,0,0.202082,0.202082,0.485975,-28389.25,-28389.25
2023-04-17,0.202082,0,0.202082,0.202082,0.485975,-28389.25,-28389.25
2023-04-18,0.202082,0,0.202082,0.202082,0.485975,-28389.25,-28389.25
2023-04-19,0.202082,0,0.202082,0.202082,0.485975,-28389.25,-28389.25
2023-04-20,0.202082,0,0.202082,0.202082,0.485975,-28389.25,-28389.25
2023-04-21,0.202082,0,0.202082,0.202082,0.485975,-28389.25,-28389.25
2023-04-23,0.202082,0,0.202082,0.202082,0.485975,-28389.25,-28389.25
2023-04-24,0.202082,0,0.202082,0.202082,0.485975,-28389.25,-28389.25
2023-04-25,0.202082,0,0.202082,0.202082,0.485975,-28389.25,-28389.25
2023-04-26,0.202082,0,0.202082,0.202082,0.485975,-28389.25,-28389.25
2023-04-27,0.202082,0,0.202082,0.202082,0.485975,-28389.25,-28389.25
2023-04-28,0.202082,0,0.202082,0.202082,0.485975,-28389.25,-28389.25
2023-04-30,0.202082,0,0.202082,0.202082,0.485975,-28389.25,-28389.25
2023-05-01,0.202082,0,0.202082,0.202082,0.485975,-28389.25,-28389.25
2023-05-02,0.202082,0,0.202082,0.202082,0.485975,-28389.25,-28389.25
2023-05-03,0.202082,0,0.202082,0.202082,0.485975,-28389.25,-28389.25
2023-05-04,0.202082,0,0.202082,0.202082,0.485975,-28389.25,-28389.25
2023-05-05,0.202082,0,0.202082,0.202082,0.485975,-28389.25,-28389.25
2023-05-07,0.202082,0,0.202082,0.202082,0.485975,-28389.25,-28389.25
2023-05-08,0.202082,0,0.202082,0.202082,0.485975,-28389.25,-28389.25
2023-05-09,0.202082,3,0.195362,0.184502,0.485975,-29061.25,-30147.25
2023-05-10,0.202082,3,0.189992,0.182672,0.485975,-29598.25,-30330.25
2023-05-11,0.202082,3,0.211052,0.185282,0.485975,-27492.25,-30069.25
2023-05-12,0.205747,2,0.224627,0.207087,0.485975,-26134.75,-27888.75
2023-05-14,0.205747,2,0.223627,0.221807,0.485975,-26234.75,-26416.75
2023-05-15,0.205747,2,0.219467,0.216007,0.485975,-26650.75,-26996.75
2023-05-16,0.205747,2,0.221107,0.213247,0.485975,-26486.75,-27272.75
2023-05-17,0.205747,2,0.226607,0.219447,0.485975,-25936.75,-26652.75
2023-05-18,0.205747,2,0.239187,0.224587,0.485975,-24678.75,-26138.75
2023-05-19,0.220617,1,0.234637,0.231957,0.485975,-25133.75,-25401.75
2023-05-22,0.220617,1,0.233787,0.231697,0.485975,-25218.75,-25427.75
2023-05-23,0.220617,1,0.237917,0.232787,0.485975,-24805.75,-25318.75
2023-05-24,0.220617,1,0.239277,0.234707,0.485975,-24669.75,-25126.75
2023-05-25,0.220617,1,0.242487,0.239267,0.485975,-24348.75,-24670.75
2023-05-26,0.220617,1,0.242557,0.238977,0.485975,-24341.75,-24699.75
2023-05-28,0.220617,1,0.242687,0.241907,0.485975,-24328.75,-24406.75
2023-05-29,0.220617,1,0.244157,0.240487,0.485975,-24181.75,-24548.75
2023-05-30,0.220617,1,0.241667,0.240177,0.485975,-24430.75,-24579.75
2023-05-31,0.220617,1,0.245497,0.241267,0.485975,-24047.75,-24470.75
2023-06-01,0.245417,0,0.245417,0.245417,0.485975,-24055.75,-24055.75
2023-06-02,0.245417,0,0.245417,0.245417,0.485975,-24055.75,-24055.75
2023-06-04,0.245417,0,0.245417,0.245417,0.485975,-24055.75,-24055.75
2023-06-05,0.245417,0,0.245417,0.245417,0.485975,-24055.75,-24055.75
2023-06-06,0.245417,0,0.245417,0.245417,0.485975,-24055.75,-24055.75
2023-06-07,0.245417,0,0.245417,0.245417,0.485975,-24055.75,-24055.75
2023-06-08,0.245417,0,0.245417,0.245417,0.485975,-24055.75,-24055.75
2023-06-09,0.245417,0,0.245417,0.245417,0.485975,-24055.75,-24055.75
2023-06-11,0.245417,0,0.245417,0.245417,0.485975,-24055.75,-24055.75
2023-06-12,0.245417,0,0.245417,0.245417,0.485975,-24055.75,-24055.75
2023-06-13,0.245417,0,0.245417,0.245417,0.485975,-24055.75,-24055.75
2023-06-14,0.245417,0,0.245417,0.245417,0.485975,-24055.75,-24055.75
2023-06-15,0.245417,0,0.245417,0.245417,0.485975,-24055.75,-24055.75
2023-06-16,0.245417,0,0.245417,0.245417,0.485975,-24055.75,-24055.75
2023-06-18,0.245417,0,0.245417,0.245417,0.485975,-24055.75,-24055.75
2023-06-19,0.245417,0,0.245417,0.245417,0.485975,-24055.75,-24055.75
2023-06-20,0.245417,0,0.245417,0.245417,0.485975,-24055.75,-24055.75
2023-06-21,0.245417,0,0.245417,0.245417,0.485975,-24055.75,-24055.75
2023-06-22,0.245417,0,0.245417,0.245417,0.485975,-24055.75,-24055.75
2023-06-23,0.245417,0,0.245417,0.245417,0.485975,-24055.75,-24055.75
2023-06-25,0.245417,0,0.245417,0.245417,0.485975,-24055.75,-24055.75
2023-06-26,0.245417,0,0.245417,0.245417,0.485975,-24055.75,-24055.75
2023-06-27,0.245417,0,0.245417,0.245417,0.485975,-24055.75,-24055.75
2023-06-28,0.245417,0,0.245417,0.245417,0.485975,-24055.75,-24055.75
2023-06-29,0.245417,0,0.245417,0.245417,0.485975,-24055.75,-24055.75
2023-06-30,0.245417,0,0.245417,0.245417,0.485975,-24055.75,-24055.75
2023-07-02,0.245417,0,0.245417,0.245417,0.485975,-24055.75,-24055.75
2023-07-03,0.245417,0,0.245417,0.245417,0.485975,-24055.75,-24055.75
2023-07-04,0.245417,0,0.245417,0.245417,0.485975,-24055.75,-24055.75
2023-07-05,0.245417,0,0.245417,0.245417,0.485975,-24055.75,-24055.75
2023-07-06,0.245417,0,0.245417,0.245417,0.485975,-24055.75,-24055.75
2023-07-07,0.245417,3,0.254597,0.225287,0.485975,-23137.75,-26068.75
2023-07-09,0.245417,3,0.255287,0.252107,0.485975,-23068.75,-23386.75
2023-07-10,0.246940,2,0.261180,0.248820,0.485975,-22479.50,-23715.50
2023-07-11,0.253240,1,0.261200,0.257520,0.485975,-22477.50,-22845.50
2023-07-12,0.253240,1,0.273890,0.261030,0.485975,-21208.50,-22494.50
2023-07-13,0.253240,1,0.282180,0.272820,0.485975,-20379.50,-21315.50
2023-07-14,0.253240,1,0.282190,0.280250,0.485975,-20378.50,-20572.50
2023-07-16,0.253240,1,0.282570,0.282160,0.485975,-20340.50,-20381.50
2023-07-17,0.253240,1,0.283570,0.280170,0.485975,-20240.50,-20580.50
2023-07-18,0.253240,1,0.282650,0.280730,0.485975,-20332.50,-20524.50
2023-07-19,0.253240,1,0.280330,0.277260,0.485975,-20564.50,-20871.50
2023-07-20,0.253240,1,0.273280,0.271680,0.485975,-21269.50,-21429.50
2023-07-21,0.253240,1,0.272280,0.270630,0.485975,-21369.50,-21534.50
2023-07-23,0.253240,1,0.272270,0.271810,0.485975,-21370.50,-21416.50
2023-07-24,0.253240,1,0.266140,0.265810,0.485975,-21983.50,-22016.50
2023-07-25,0.253240,1,0.264830,0.261910,0.485975,-22114.50,-22406.50
2023-07-26,0.253240,1,0.267630,0.263610,0.485975,-21834.50,-22236.50
2023-07-27,0.253240,1,0.257650,0.256420,0.485975,-22832.50,-22955.50
2023-07-28,0.253240,1,0.261090,0.254190,0.485975,-22488.50,-23178.50
2023-07-30,0.253240,1,0.262220,0.260790,0.485975,-22375.50,-22518.50
2023-07-31,0.253240,1,0.259500,0.259150,0.485975,-22647.50,-22682.50
2023-08-01,0.259420,0,0.259420,0.259420,0.485975,-22655.50,-22655.50
2023-08-02,0.259420,0,0.259420,0.259420,0.485975,-22655.50,-22655.50
2023-08-03,0.259420,0,0.259420,0.259420,0.485975,-22655.50,-22655.50
2023-08-04,0.259420,0,0.259420,0.259420,0.485975,-22655.50,-22655.50
2023-08-06,0.259420,0,0.259420,0.259420,0.485975,-22655.50,-22655.50
2023-08-07,0.259420,0,0.259420,0.259420,0.485975,-22655.50,-22655.50
2023-08-08,0.259420,0,0.259420,0.259420,0.485975,-22655.50,-22655.50
2023-08-09,0.259420,0,0.259420,0.259420,0.485975,-22655.50,-22655.50
2023-08-10,0.259420,0,0.259420,0.259420,0.485975,-22655.50,-22655.50
2023-08-11,0.259420,0,0.259420,0.259420,0.485975,-22655.50,-22655.50
2023-08-13,0.259420,0,0.259420,0.259420,0.485975,-22655.50,-22655.50
2023-08-14,0.259420,3,0.260740,0.245050,0.485975,-22523.50,-24092.50
2023-08-15,0.259420,3,0.261910,0.247330,0.485975,-22406.50,-23864.50
2023-08-16,0.259420,3,0.270760,0.252700,0.485975,-21521.50,-23327.50
2023-08-17,0.262025,2,0.269585,0.260845,0.485975,-21639.00,-22513.00
2023-08-18,0.262025,2,0.270885,0.265685,0.485975,-21509.00,-22029.00
2023-08-20,0.262025,2,0.269465,0.268745,0.485975,-21651.00,-21723.00
2023-08-21,0.262025,2,0.264945,0.261725,0.485975,-22103.00,-22425.00
2023-08-22,0.262025,2,0.275165,0.258385,0.485975,-21081.00,-22759.00
2023-08-23,0.262025,2,0.271365,0.270185,0.485975,-21461.00,-21579.00
2023-08-24,0.272655,1,0.283965,0.276225,0.485975,-20201.00,-20975.00
2023-08-25,0.272655,1,0.284805,0.279695,0.485975,-20117.00,-20628.00
2023-08-27,0.272655,1,0.284185,0.283765,0.485975,-20179.00,-20221.00
2023-08-28,0.272655,1,0.281315,0.280885,0.485975,-20466.00,-20509.00
2023-08-29,0.272655,1,0.276955,0.274675,0.485975,-20902.00,-21130.00
2023-08-30,0.272655,1,0.270925,0.269325,0.485975,-21505.00,-21665.00
2023-08-31,0.270845,0,0.270845,0.270845,0.485975,-21513.00,-21513.00
2023-09-01,0.270845,0,0.270845,0.270845,0.485975,-21513.00,-21513.00
2023-09-03,0.270845,0,0.270845,0.270845,0.485975,-21513.00,-21513.00
2023-09-04,0.270845,0,0.270845,0.270845,0.485975,-21513.00,-21513.00
2023-09-05,0.270845,0,0.270845,0.270845,0.485975,-21513.00,-21513.00
2023-09-06,0.270845,0,0.270845,0.270845,0.485975,-21513.00,-21513.00
2023-09-07,0.270845,0,0.270845,0.270845,0.485975,-21513.00,-21513.00
2023-09-08,0.270845,0,0.270845,0.270845,0.485975,-21513.00,-21513.00
2023-09-10,0.270845,0,0.270845,0.270845,0.485975,-21513.00,-21513.00
2023-09-11,0.270845,0,0.270845,0.270845,0.485975,-21513.00,-21513.00
2023-09-12,0.270845,0,0.270845,0.270845,0.485975,-21513.00,-21513.00
2023-09-13,0.270845,0,0.270845,0.270845,0.485975,-21513.00,-21513.00
2023-09-14,0.270845,0,0.270845,0.270845,0.485975,-21513.00,-21513.00
2023-09-15,0.270845,0,0.270845,0.270845,0.485975,-21513.00,-21513.00
2023-09-17,0.270845,0,0.270845,0.270845,0.485975,-21513.00,-21513.00
2023-09-18,0.270845,0,0.270845,0.270845,0.485975,-21513.00,-21513.00
2023-09-19,0.270845,0,0.270845,0.270845,0.485975,-21513.00,-21513.00
2023-09-20,0.270845,0,0.270845,0.270845,0.485975,-21513.00,-21513.00
2023-09-21,0.270845,0,0.270845,0.270845,0.485975,-21513.00,-21513.00
2023-09-22,0.270845,0,0.270845,0.270845,0.485975,-21513.00,-21513.00
2023-09-24,0.270845,0,0.270845,0.270845,0.485975,-21513.00,-21513.00
2023-09-25,0.270845,0,0.270845,0.270845,0.485975,-21513.00,-21513.00
2023-09-26,0.270845,0,0.270845,0.270845,0.485975,-21513.00,-21513.00
2023-09-27,0.270845,0,0.270845,0.270845,0.485975,-21513.00,-21513.00
2023-09-28,0.270845,0,0.270845,0.270845,0.485975,-21513.00,-21513.00
2023-09-29,0.270845,0,0.270845,0.270845,0.485975,-21513.00,-21513.00
2023-10-01,0.270845,0,0.270845,0.270845,0.485975,-21513.00,-21513.00
2023-10-02,0.270845,0,0.270845,0.270845,0.485975,-21513.00,-21513.00
2023-10-03,0.270845,0,0.270845,0.270845,0.485975,-21513.00,-21513.00
2023-10-04,0.270845,0,0.270845,0.270845,0.485975,-21513.00,-21513.00
2023-10-05,0.270845,0,0.270845,0.270845,0.485975,-21513.00,-21513.00
2023-10-06,0.270845,0,0.270845,0.270845,0.485975,-21513.00,-21513.00
2023-10-08,0.270845,0,0.270845,0.270845,0.485975,-21513.00,-21513.00
2023-10-09,0.270845,0,0.270845,0.270845,0.485975,-21513.00,-21513.00
2023-10-10,0.270845,0,0.270845,0.270845,0.485975,-21513.00,-21513.00
2023-10-11,0.270845,0,0.270845,0.270845,0.485975,-21513.00,-21513.00
2023-10-12,0.270845,0,0.270845,0.270845,0.485975,-21513.00,-21513.00
2023-10-13,0.270845,0,0.270845,0.270845,0.485975,-21513.00,-21513.00
2023-10-15,0.270845,0,0.270845,0.270845,0.485975,-21513.00,-21513.00
2023-10-16,0.270845,0,0.270845,0.270845,0.485975,-21513.00,-21513.00
2023-10-17,0.270845,0,0.270845,0.270845,0.485975,-21513.00,-21513.00
2023-10-18,0.270845,0,0.270845,0.270845,0.485975,-21513.00,-21513.00
2023-10-19,0.270845,0,0.270845,0.270845,0.485975,-21513.00,-21513.00
2023-10-20,0.270845,0,0.270845,0.270845,0.485975,-21513.00,-21513.00
2023-10-22,0.270845,0,0.270845,0.270845,0.485975,-21513.00,-21513.00
2023-10-23,0.270845,0,0.270845,0.270845,0.485975,-21513.00,-21513.00
2023-10-24,0.270845,0,0.270845,0.270845,0.485975,-21513.00,-21513.00
2023-10-25,0.270845,0,0.270845,0.270845,0.485975,-21513.00,-21513.00
2023-10-26,0.270845,0,0.270845,0.270845,0.485975,-21513.00,-21513.00
2023-10-27,0.270845,0,0.270845,0.270845,0.485975,-21513.00,-21513.00
2023-10-29,0.270845,0,0.270845,0.270845,0.485975,-21513.00,-21513.00
2023-10-30,0.270845,0,0.270845,0.270845,0.485975,-21513.00,-21513.00
2023-10-31,0.270845,0,0.270845,0.270845,0.485975,-21513.00,-21513.00
2023-11-01,0.270845,0,0.270845,0.270845,0.485975,-21513.00,-21513.00
2023-11-02,0.270845,0,0.270845,0.270845,0.485975,-21513.00,-21513.00
2023-11-03,0.270845,0,0.270845,0.270845,0.485975,-21513.00,-21513.00
2023-11-05,0.270845,0,0.270845,0.270845,0.485975,-21513.00,-21513.00
2023-11-06,0.270845,0,0.270845,0.270845,0.485975,-21513.00,-21513.00
2023-11-07,0.270845,0,0.270845,0.270845,0.485975,-21513.00,-21513.00
2023-11-08,0.270845,0,0.270845,0.270845,0.485975,-21513.00,-21513.00
2023-11-09,0.270845,0,0.270845,0.270845,0.485975,-21513.00,-21513.00
2023-11-10,0.270845,0,0.270845,0.270845,0.485975,-21513.00,-21513.00
2023-11-12,0.270845,0,0.270845,0.270845,0.485975,-21513.00,-21513.00
2023-11-13,0.270845,0,0.270845,0.270845,0.485975,-21513.00,-21513.00
2023-11-14,0.270845,0,0.270845,0.270845,0.485975,-21513.00,-21513.00
2023-11-15,0.270845,0,0.270845,0.270845,0.485975,-21513.00,-21513.00
2023-11-16,0.270845,0,0.270845,0.270845,0.485975,-21513.00,-21513.00
2023-11-17,0.270845,0,0.270845,0.270845,0.485975,-21513.00,-21513.00
2023-11-19,0.270845,0,0.270845,0.270845,0.485975,-21513.00,-21513.00
2023-11-20,0.270845,0,0.270845,0.270845,0.485975,-21513.00,-21513.00
2023-11-21,0.270845,0,0.270845,0.270845,0.485975,-21513.00,-21513.00
2023-11-22,0.270845,0,0.270845,0.270845,0.485975,-21513.00,-21513.00
2023-11-23,0.270845,0,0.270845,0.270845,0.485975,-21513.00,-21513.00
2023-11-24,0.270845,0,0.270845,0.270845,0.485975,-21513.00,-21513.00
2023-11-26,0.270845,0,0.270845,0.270845,0.485975,-21513.00,-21513.00
2023-11-27,0.270845,0,0.270845,0.270845,0.485975,-21513.00,-21513.00
2023-11-28,0.270845,0,0.270845,0.270845,0.485975,-21513.00,-21513.00
2023-11-29,0.270845,0,0.270845,0.270845,0.485975,-21513.00,-21513.00
2023-11-30,0.270845,0,0.270845,0.270845,0.485975,-21513.00,-21513.00
2023-12-01,0.270845,0,0.270845,0.270845,0.485975,-21513.00,-21513.00
2023-12-03,0.270845,0,0.270845,0.270845,0.485975,-21513.00,-21513.00
2023-12-04,0.270845,0,0.270845,0.270845,0.485975,-21513.00,-21513.00
2023-12-05,0.270845,0,0.270845,0.270845,0.485975,-21513.00,-21513.00
2023-12-06,0.270845,0,0.270845,0.270845,0.485975,-21513.00,-21513.00
2023-12-07,0.270845,0,0.270845,0.270845,0.485975,-21513.00,-21513.00
2023-12-08,0.270845,0,0.270845,0.270845,0.485975,-21513.00,-21513.00
2023-12-10,0.270845,0,0.270845,0.270845,0.485975,-21513.00,-21513.00
2023-12-11,0.270845,0,0.270845,0.270845,0.485975,-21513.00,-21513.00
2023-12-12,0.270845,0,0.270845,0.270845,0.485975,-21513.00,-21513.00
2023-12-13,0.270845,0,0.270845,0.270845,0.485975,-21513.00,-21513.00
2023-12-14,0.270845,3,0.294965,0.260735,0.485975,-19101.00,-22524.00
2023-12-15,0.270845,3,0.264665,0.263555,0.485975,-22131.00,-22242.00
2023-12-17,0.269212,0,0.269212,0.269212,0.485975,-21676.25,-21676.25
2023-12-18,0.269212,0,0.269212,0.269212,0.485975,-21676.25,-21676.25
2023-12-19,0.269212,0,0.269212,0.269212,0.485975,-21676.25,-21676.25
2023-12-20,0.269212,0,0.269212,0.269212,0.485975,-21676.25,-21676.25
2023-12-21,0.269212,0,0.269212,0.269212,0.485975,-21676.25,-21676.25
2023-12-22,0.269212,0,0.269212,0.269212,0.485975,-21676.25,-21676.25
2023-12-24,0.269212,0,0.269212,0.269212,0.485975,-21676.25,-21676.25
2023-12-25,0.269212,0,0.269212,0.269212,0.485975,-21676.25,-21676.25
2023-12-26,0.269212,0,0.269212,0.269212,0.485975,-21676.25,-21676.25
2023-12-27,0.269212,0,0.269212,0.269212,0.485975,-21676.25,-21676.25
2023-12-28,0.269212,0,0.269212,0.269212,0.485975,-21676.25,-21676.25
2023-12-29,0.269212,0,0.269212,0.269212,0.485975,-21676.25,-21676.25
2024-01-01,0.269212,0,0.269212,0.269212,0.485975,-21676.25,-21676.25
2024-01-02,0.269212,0,0.269212,0.269212,0.485975,-21676.25,-21676.25
2024-01-03,0.269212,0,0.269212,0.269212,0.485975,-21676.25,-21676.25
2024-01-04,0.269212,0,0.269212,0.269212,0.485975,-21676.25,-21676.25
2024-01-05,0.269212,0,0.269212,0.269212,0.485975,-21676.25,-21676.25
2024-01-07,0.269212,0,0.269212,0.269212,0.485975,-21676.25,-21676.25
2024-01-08,0.269212,0,0.269212,0.269212,0.485975,-21676.25,-21676.25
2024-01-09,0.269212,0,0.269212,0.269212,0.485975,-21676.25,-21676.25
2024-01-10,0.269212,0,0.269212,0.269212,0.485975,-21676.25,-21676.25
2024-01-11,0.269212,0,0.269212,0.269212,0.485975,-21676.25,-21676.25
2024-01-12,0.269212,0,0.269212,0.269212,0.485975,-21676.25,-21676.25
2024-01-14,0.269212,0,0.269212,0.269212,0.485975,-21676.25,-21676.25
2024-01-15,0.269212,0,0.269212,0.269212,0.485975,-21676.25,-21676.25
2024-01-16,0.269212,0,0.269212,0.269212,0.485975,-21676.25,-21676.25
2024-01-17,0.269212,0,0.269212,0.269212,0.485975,-21676.25,-21676.25
2024-01-18,0.269212,0,0.269212,0.269212,0.485975,-21676.25,-21676.25
2024-01-19,0.269212,0,0.269212,0.269212,0.485975,-21676.25,-21676.25
2024-01-21,0.269212,0,0.269212,0.269212,0.485975,-21676.25,-21676.25
2024-01-22,0.269212,0,0.269212,0.269212,0.485975,-21676.25,-21676.25
2024-01-23,0.269212,0,0.269212,0.269212,0.485975,-21676.25,-21676.25
2024-01-24,0.269212,0,0.269212,0.269212,0.485975,-21676.25,-21676.25
2024-01-25,0.269212,0,0.269212,0.269212,0.485975,-21676.25,-21676.25
2024-01-26,0.269212,0,0.269212,0.269212,0.485975,-21676.25,-21676.25
2024-01-28,0.269212,0,0.269212,0.269212,0.485975,-21676.25,-21676.25
2024-01-29,0.269212,0,0.269212,0.269212,0.485975,-21676.25,-21676.25
2024-01-30,0.269212,0,0.269212,0.269212,0.485975,-21676.25,-21676.25
2024-01-31,0.269212,0,0.269212,0.269212,0.485975,-21676.25,-21676.25
2024-02-01,0.269212,0,0.269212,0.269212,0.485975,-21676.25,-21676.25
2024-02-02,0.269212,0,0.269212,0.269212,0.485975,-21676.25,-21676.25
2024-02-04,0.269212,0,0.269212,0.269212,0.485975,-21676.25,-21676.25
2024-02-05,0.269212,0,0.269212,0.269212,0.485975,-21676.25,-21676.25
2024-02-06,0.269212,0,0.269212,0.269212,0.485975,-21676.25,-21676.25
2024-02-07,0.269212,0,0.269212,0.269212,0.485975,-21676.25,-21676.25
2024-02-08,0.269212,0,0.269212,0.269212,0.485975,-21676.25,-21676.25
2024-02-09,0.269212,0,0.269212,0.269212,0.485975,-21676.25,-21676.25
2024-02-11,0.269212,0,0.269212,0.269212,0.485975,-21676.25,-21676.25
2024-02-12,0.269212,0,0.269212,0.269212,0.485975,-21676.25,-21676.25
2024-02-13,0.269212,0,0.269212,0.269212,0.485975,-21676.25,-21676.25
2024-02-14,0.269212,0,0.269212,0.269212,0.485975,-21676.25,-21676.25
2024-02-15,0.269212,0,0.269212,0.269212,0.485975,-21676.25,-21676.25
2024-02-16,0.269212,0,0.269212,0.269212,0.485975,-21676.25,-21676.25
2024-02-18,0.269212,0,0.269212,0.269212,0.485975,-21676.25,-21676.25
2024-02-19,0.269212,0,0.269212,0.269212,0.485975,-21676.25,-21676.25
2024-02-20,0.269212,0,0.269212,0.269212,0.485975,-21676.25,-21676.25
2024-02-21,0.269212,0,0.269212,0.269212,0.485975,-21676.25,-21676.25
2024-02-22,0.269212,0,0.269212,0.269212,0.485975,-21676.25,-21676.25
2024-02-23,0.269212,0,0.269212,0.269212,0.485975,-21676.25,-21676.25
2024-02-25,0.269212,0,0.269212,0.269212,0.485975,-21676.25,-21676.25
2024-02-26,0.269212,0,0.269212,0.269212,0.485975,-21676.25,-21676.25
2024-02-27,0.269212,0,0.269212,0.269212,0.485975,-21676.25,-21676.25
2024-02-28,0.269212,0,0.269212,0.269212,0.485975,-21676.25,-21676.25
2024-02-29,0.269212,0,0.269212,0.269212,0.485975,-21676.25,-21676.25
2024-03-01,0.269212,0,0.269212,0.269212,0.485975,-21676.25,-21676.25
2024-03-03,0.269212,0,0.269212,0.269212,0.485975,-21676.25,-21676.25
2024-03-04,0.269212,0,0.269212,0.269212,0.485975,-21676.25,-21676.25
2024-03-05,0.269212,0,0.269212,0.269212,0.485975,-21676.25,-21676.25
2024-03-06,0.269212,0,0.269212,0.269212,0.485975,-21676.25,-21676.25
2024-03-07,0.269212,0,0.269212,0.269212,0.485975,-21676.25,-21676.25
2024-03-08,0.269212,0,0.269212,0.269212,0.485975,-21676.25,-21676.25
2024-03-10,0.269212,0,0.269212,0.269212,0.485975,-21676.25,-21676.25
2024-03-11,0.269212,0,0.269212,0.269212,0.485975,-21676.25,-21676.25
2024-03-12,0.269212,0,0.269212,0.269212,0.485975,-21676.25,-21676.25
2024-03-13,0.269212,0,0.269212,0.269212,0.485975,-21676.25,-21676.25
2024-03-14,0.269212,0,0.269212,0.269212,0.485975,-21676.25,-21676.25
2024-03-15,0.269212,0,0.269212,0.269212,0.485975,-21676.25,-21676.25
2024-03-17,0.269212,0,0.269212,0.269212,0.485975,-21676.25,-21676.25
2024-03-18,0.269212,0,0.269212,0.269212,0.485975,-21676.25,-21676.25
2024-03-19,0.269212,0,0.269212,0.269212,0.485975,-21676.25,-21676.25
2024-03-20,0.269212,0,0.269212,0.269212,0.485975,-21676.25,-21676.25
2024-03-21,0.269212,0,0.269212,0.269212,0.485975,-21676.25,-21676.25
2024-03-22,0.269212,0,0.269212,0.269212,0.485975,-21676.25,-21676.25
2024-03-24,0.269212,0,0.269212,0.269212,0.485975,-21676.25,-21676.25
2024-03-25,0.269212,0,0.269212,0.269212,0.485975,-21676.25,-21676.25
2024-03-26,0.269212,0,0.269212,0.269212,0.485975,-21676.25,-21676.25
2024-03-27,0.269212,0,0.269212,0.269212,0.485975,-21676.25,-21676.25
2024-03-28,0.269212,3,0.271282,0.260662,0.485975,-21469.25,-22531.25
2024-03-29,0.269212,3,0.271672,0.267082,0.485975,-21430.25,-21889.25
2024-03-31,0.270857,2,0.271857,0.271157,0.485975,-21411.75,-21481.75
2024-04-01,0.271697,0,0.271697,0.271697,0.485975,-21427.75,-21427.75
2024-04-02,0.271697,0,0.271697,0.271697,0.485975,-21427.75,-21427.75
2024-04-03,0.271697,0,0.271697,0.271697,0.485975,-21427.75,-21427.75
2024-04-04,0.271697,0,0.271697,0.271697,0.485975,-21427.75,-21427.75
2024-04-05,0.271697,0,0.271697,0.271697,0.485975,-21427.75,-21427.75
2024-04-07,0.271697,0,0.271697,0.271697,0.485975,-21427.75,-21427.75
2024-04-08,0.271697,0,0.271697,0.271697,0.485975,-21427.75,-21427.75
2024-04-09,0.271697,0,0.271697,0.271697,0.485975,-21427.75,-21427.75
2024-04-10,0.271697,0,0.271697,0.271697,0.485975,-21427.75,-21427.75
2024-04-11,0.271697,3,0.271247,0.262127,0.485975,-21472.75,-22384.75
2024-04-12,0.271697,3,0.297497,0.270617,0.485975,-18847.75,-21535.75
2024-04-14,0.274530,2,0.290230,0.289150,0.485975,-19574.50,-19682.50
2024-04-15,0.274530,2,0.294490,0.286410,0.485975,-19148.50,-19956.50
2024-04-16,0.274530,2,0.295230,0.288730,0.485975,-19074.50,-19724.50
2024-04-17,0.286070,1,0.291630,0.290560,0.485975,-19434.50,-19541.50
2024-04-18,0.286070,1,0.294270,0.289520,0.485975,-19170.50,-19645.50
2024-04-19,0.286070,1,0.293260,0.290770,0.485975,-19271.50,-19520.50
2024-04-21,0.286070,1,0.292770,0.292380,0.485975,-19320.50,-19359.50
2024-04-22,0.286070,1,0.293150,0.291460,0.485975,-19282.50,-19451.50
2024-04-23,0.286070,1,0.288280,0.287400,0.485975,-19769.50,-19857.50
2024-04-24,0.286070,1,0.288530,0.287100,0.485975,-19744.50,-19887.50
2024-04-25,0.286070,1,0.285850,0.284500,0.485975,-20012.50,-20147.50
2024-04-26,0.285770,0,0.285770,0.285770,0.485975,-20020.50,-20020.50
2024-04-28,0.285770,0,0.285770,0.285770,0.485975,-20020.50,-20020.50
2024-04-29,0.285770,0,0.285770,0.285770,0.485975,-20020.50,-20020.50
2024-04-30,0.285770,0,0.285770,0.285770,0.485975,-20020.50,-20020.50
2024-05-01,0.285770,0,0.285770,0.285770,0.485975,-20020.50,-20020.50
2024-05-02,0.285770,0,0.285770,0.285770,0.485975,-20020.50,-20020.50
2024-05-03,0.285770,0,0.285770,0.285770,0.485975,-20020.50,-20020.50
2024-05-05,0.285770,0,0.285770,0.285770,0.485975,-20020.50,-20020.50
2024-05-06,0.285770,0,0.285770,0.285770,0.485975,-20020.50,-20020.50
2024-05-07,0.285770,0,0.285770,0.285770,0.485975,-20020.50,-20020.50
2024-05-08,0.285770,0,0.285770,0.285770,0.485975,-20020.50,-20020.50
2024-05-09,0.285770,0,0.285770,0.285770,0.485975,-20020.50,-20020.50
2024-05-10,0.285770,0,0.285770,0.285770,0.485975,-20020.50,-20020.50
2024-05-12,0.285770,0,0.285770,0.285770,0.485975,-20020.50,-20020.50
2024-05-13,0.285770,0,0.285770,0.285770,0.485975,-20020.50,-20020.50
2024-05-14,0.285770,0,0.285770,0.285770,0.485975,-20020.50,-20020.50
2024-05-15,0.285770,0,0.285770,0.285770,0.485975,-20020.50,-20020.50
2024-05-16,0.285770,0,0.285770,0.285770,0.485975,-20020.50,-20020.50
2024-05-17,0.285770,0,0.285770,0.285770,0.485975,-20020.50,-20020.50
2024-05-19,0.285770,0,0.285770,0.285770,0.485975,-20020.50,-20020.50
2024-05-20,0.285770,0,0.285770,0.285770,0.485975,-20020.50,-20020.50
2024-05-21,0.285770,0,0.285770,0.285770,0.485975,-20020.50,-20020.50
2024-05-22,0.285770,0,0.285770,0.285770,0.485975,-20020.50,-20020.50
2024-05-23,0.285770,0,0.285770,0.285770,0.485975,-20020.50,-20020.50
2024-05-24,0.285770,0,0.285770,0.285770,0.485975,-20020.50,-20020.50
2024-05-26,0.285770,0,0.285770,0.285770,0.485975,-20020.50,-20020.50
2024-05-27,0.285770,0,0.285770,0.285770,0.485975,-20020.50,-20020.50
2024-05-28,0.285770,0,0.285770,0.285770,0.485975,-20020.50,-20020.50
2024-05-29,0.285770,0,0.285770,0.285770,0.485975,-20020.50,-20020.50
2024-05-30,0.285770,0,0.285770,0.285770,0.485975,-20020.50,-20020.50
2024-05-31,0.285770,0,0.285770,0.285770,0.485975,-20020.50,-20020.50
2024-06-03,0.285770,0,0.285770,0.285770,0.485975,-20020.50,-20020.50
2024-06-04,0.285770,0,0.285770,0.285770,0.485975,-20020.50,-20020.50
2024-06-05,0.285770,0,0.285770,0.285770,0.485975,-20020.50,-20020.50
2024-06-06,0.285770,0,0.285770,0.285770,0.485975,-20020.50,-20020.50
2024-06-07,0.285770,0,0.285770,0.285770,0.485975,-20020.50,-20020.50
2024-06-09,0.285770,0,0.285770,0.285770,0.485975,-20020.50,-20020.50
2024-06-10,0.285770,0,0.285770,0.285770,0.485975,-20020.50,-20020.50
2024-06-11,0.285770,0,0.285770,0.285770,0.485975,-20020.50,-20020.50
2024-06-12,0.285770,0,0.285770,0.285770,0.485975,-20020.50,-20020.50
2024-06-13,0.285770,0,0.285770,0.285770,0.485975,-20020.50,-20020.50
2024-06-14,0.285770,0,0.285770,0.285770,0.485975,-20020.50,-20020.50
2024-06-16,0.285770,0,0.285770,0.285770,0.485975,-20020.50,-20020.50
2024-06-17,0.285770,0,0.285770,0.285770,0.485975,-20020.50,-20020.50
2024-06-18,0.285770,0,0.285770,0.285770,0.485975,-20020.50,-20020.50
2024-06-19,0.285770,0,0.285770,0.285770,0.485975,-20020.50,-20020.50
2024-06-20,0.285770,0,0.285770,0.285770,0.485975,-20020.50,-20020.50
2024-06-21,0.285770,0,0.285770,0.285770,0.485975,-20020.50,-20020.50
2024-06-23,0.285770,0,0.285770,0.285770,0.485975,-20020.50,-20020.50
2024-06-24,0.285770,0,0.285770,0.285770,0.485975,-20020.50,-20020.50
2024-06-25,0.285770,0,0.285770,0.285770,0.485975,-20020.50,-20020.50
2024-06-26,0.285770,0,0.285770,0.285770,0.485975,-20020.50,-20020.50
2024-06-27,0.285770,0,0.285770,0.285770,0.485975,-20020.50,-20020.50
2024-06-28,0.285770,0,0.285770,0.285770,0.485975,-20020.50,-20020.50
2024-06-30,0.285770,0,0.285770,0.285770,0.485975,-20020.50,-20020.50
2024-07-01,0.285770,0,0.285770,0.285770,0.485975,-20020.50,-20020.50
2024-07-02,0.285770,0,0.285770,0.285770,0.485975,-20020.50,-20020.50
2024-07-03,0.285770,0,0.285770,0.285770,0.485975,-20020.50,-20020.50
2024-07-04,0.285770,0,0.285770,0.285770,0.485975,-20020.50,-20020.50
2024-07-05,0.285770,0,0.285770,0.285770,0.485975,-20020.50,-20020.50
2024-07-07,0.285770,0,0.285770,0.285770,0.485975,-20020.50,-20020.50
2024-07-08,0.285770,0,0.285770,0.285770,0.485975,-20020.50,-20020.50
2024-07-09,0.285770,0,0.285770,0.285770,0.485975,-20020.50,-20020.50
2024-07-10,0.285770,0,0.285770,0.285770,0.485975,-20020.50,-20020.50
2024-07-11,0.285770,0,0.285770,0.285770,0.485975,-20020.50,-20020.50
2024-07-12,0.285770,0,0.285770,0.285770,0.485975,-20020.50,-20020.50
2024-07-14,0.285770,0,0.285770,0.285770,0.485975,-20020.50,-20020.50
2024-07-15,0.285770,0,0.285770,0.285770,0.485975,-20020.50,-20020.50
2024-07-16,0.285770,0,0.285770,0.285770,0.485975,-20020.50,-20020.50
2024-07-17,0.285770,0,0.285770,0.285770,0.485975,-20020.50,-20020.50
2024-07-18,0.285770,0,0.285770,0.285770,0.485975,-20020.50,-20020.50
2024-07-19,0.285770,0,0.285770,0.285770,0.485975,-20020.50,-20020.50
2024-07-21,0.285770,0,0.285770,0.285770,0.485975,-20020.50,-20020.50
2024-07-22,0.285770,0,0.285770,0.285770,0.485975,-20020.50,-20020.50
2024-07-23,0.285770,0,0.285770,0.285770,0.485975,-20020.50,-20020.50
2024-07-24,0.285770,0,0.285770,0.285770,0.485975,-20020.50,-20020.50
2024-07-25,0.285770,0,0.285770,0.285770,0.485975,-20020.50,-20020.50
2024-07-26,0.285770,0,0.285770,0.285770,0.485975,-20020.50,-20020.50
2024-07-28,0.285770,0,0.285770,0.285770,0.485975,-20020.50,-20020.50
2024-07-29,0.285770,0,0.285770,0.285770,0.485975,-20020.50,-20020.50
2024-07-30,0.285770,0,0.285770,0.285770,0.485975,-20020.50,-20020.50
2024-07-31,0.285770,0,0.285770,0.285770,0.485975,-20020.50,-20020.50
2024-08-01,0.285770,0,0.285770,0.285770,0.485975,-20020.50,-20020.50
2024-08-02,0.285770,0,0.285770,0.285770,0.485975,-20020.50,-20020.50
2024-08-04,0.285770,0,0.285770,0.285770,0.485975,-20020.50,-20020.50
2024-08-05,0.285770,0,0.285770,0.285770,0.485975,-20020.50,-20020.50
2024-08-06,0.285770,0,0.285770,0.285770,0.485975,-20020.50,-20020.50
2024-08-07,0.285770,0,0.285770,0.285770,0.485975,-20020.50,-20020.50
2024-08-08,0.285770,0,0.285770,0.285770,0.485975,-20020.50,-20020.50
2024-08-09,0.285770,0,0.285770,0.285770,0.485975,-20020.50,-20020.50
2024-08-11,0.285770,0,0.285770,0.285770,0.485975,-20020.50,-20020.50
2024-08-12,0.285770,0,0.285770,0.285770,0.485975,-20020.50,-20020.50
2024-08-13,0.285770,0,0.285770,0.285770,0.485975,-20020.50,-20020.50
2024-08-14,0.285770,0,0.285770,0.285770,0.485975,-20020.50,-20020.50
2024-08-15,0.285770,0,0.285770,0.285770,0.485975,-20020.50,-20020.50
2024-08-16,0.285770,0,0.285770,0.285770,0.485975,-20020.50,-20020.50
2024-08-18,0.285770,0,0.285770,0.285770,0.485975,-20020.50,-20020.50
2024-08-19,0.285770,0,0.285770,0.285770,0.485975,-20020.50,-20020.50
2024-08-20,0.285770,0,0.285770,0.285770,0.485975,-20020.50,-20020.50
2024-08-21,0.285770,0,0.285770,0.285770,0.485975,-20020.50,-20020.50
2024-08-22,0.285770,0,0.285770,0.285770,0.485975,-20020.50,-20020.50
2024-08-23,0.285770,0,0.285770,0.285770,0.485975,-20020.50,-20020.50
2024-08-25,0.285770,0,0.285770,0.285770,0.485975,-20020.50,-20020.50
2024-08-26,0.285770,0,0.285770,0.285770,0.485975,-20020.50,-20020.50
2024-08-27,0.285770,0,0.285770,0.285770,0.485975,-20020.50,-20020.50
2024-08-28,0.285770,0,0.285770,0.285770,0.485975,-20020.50,-20020.50
2024-08-29,0.285770,0,0.285770,0.285770,0.485975,-20020.50,-20020.50
2024-08-30,0.285770,0,0.285770,0.285770,0.485975,-20020.50,-20020.50
2024-09-01,0.285770,0,0.285770,0.285770,0.485975,-20020.50,-20020.50
2024-09-02,0.285770,0,0.285770,0.285770,0.485975,-20020.50,-20020.50
2024-09-03,0.285770,0,0.285770,0.285770,0.485975,-20020.50,-20020.50
2024-09-04,0.285770,0,0.285770,0.285770,0.485975,-20020.50,-20020.50
2024-09-05,0.285770,0,0.285770,0.285770,0.485975,-20020.50,-20020.50
2024-09-06,0.285770,0,0.285770,0.285770,0.485975,-20020.50,-20020.50
2024-09-08,0.285770,0,0.285770,0.285770,0.485975,-20020.50,-20020.50
2024-09-09,0.285770,0,0.285770,0.285770,0.485975,-20020.50,-20020.50
2024-09-10,0.285770,3,0.287630,0.278750,0.485975,-19834.50,-20722.50
2024-09-11,0.285770,3,0.290570,0.277160,0.485975,-19540.50,-20881.50
2024-09-12,0.286975,2,0.276435,0.276395,0.485975,-20954.00,-20958.00
2024-09-13,0.276275,0,0.276275,0.276275,0.485975,-20970.00,-20970.00
2024-09-15,0.276275,3,0.279245,0.275345,0.485975,-20673.00,-21063.00
2024-09-16,0.276275,3,0.291785,0.279065,0.485975,-19419.00,-20691.00
2024-09-17,0.282510,1,0.286970,0.285860,0.485975,-19900.50,-20011.50
2024-09-18,0.282510,1,0.286160,0.284430,0.485975,-19981.50,-20154.50
2024-09-19,0.282510,1,0.290700,0.281600,0.485975,-19527.50,-20437.50
2024-09-20,0.282510,1,0.291030,0.288370,0.485975,-19494.50,-19760.50
2024-09-22,0.282510,1,0.290680,0.290570,0.485975,-19529.50,-19540.50
2024-09-23,0.282510,1,0.285860,0.283080,0.485975,-20011.50,-20289.50
2024-09-24,0.282510,1,0.293860,0.285100,0.485975,-19211.50,-20087.50
2024-09-25,0.282510,1,0.287730,0.286920,0.485975,-19824.50,-19905.50
2024-09-26,0.282510,1,0.292460,0.287340,0.485975,-19351.50,-19863.50
2024-09-27,0.282510,1,0.290960,0.287250,0.485975,-19501.50,-19872.50
2024-09-29,0.282510,1,0.291660,0.290030,0.485975,-19431.50,-19594.50
2024-09-30,0.282510,1,0.288420,0.286130,0.485975,-19755.50,-19984.50
2024-10-01,0.288340,0,0.288340,0.288340,0.485975,-19763.50,-19763.50
2024-10-02,0.288340,0,0.288340,0.288340,0.485975,-19763.50,-19763.50
2024-10-03,0.288340,0,0.288340,0.288340,0.485975,-19763.50,-19763.50
2024-10-04,0.288340,0,0.288340,0.288340,0.485975,-19763.50,-19763.50
2024-10-06,0.288340,0,0.288340,0.288340,0.485975,-19763.50,-19763.50
2024-10-07,0.288340,0,0.288340,0.288340,0.485975,-19763.50,-19763.50
2024-10-08,0.288340,0,0.288340,0.288340,0.485975,-19763.50,-19763.50
2024-10-09,0.288340,0,0.288340,0.288340,0.485975,-19763.50,-19763.50
2024-10-10,0.288340,0,0.288340,0.288340,0.485975,-19763.50,-19763.50
2024-10-11,0.288340,0,0.288340,0.288340,0.485975,-19763.50,-19763.50
2024-10-13,0.288340,0,0.288340,0.288340,0.485975,-19763.50,-19763.50
2024-10-14,0.288340,0,0.288340,0.288340,0.485975,-19763.50,-19763.50
2024-10-15,0.288340,0,0.288340,0.288340,0.485975,-19763.50,-19763.50
2024-10-16,0.288340,0,0.288340,0.288340,0.485975,-19763.50,-19763.50
2024-10-17,0.288340,0,0.288340,0.288340,0.485975,-19763.50,-19763.50
2024-10-18,0.288340,0,0.288340,0.288340,0.485975,-19763.50,-19763.50
2024-10-20,0.288340,0,0.288340,0.288340,0.485975,-19763.50,-19763.50
2024-10-21,0.288340,0,0.288340,0.288340,0.485975,-19763.50,-19763.50
2024-10-22,0.288340,0,0.288340,0.288340,0.485975,-19763.50,-19763.50
2024-10-23,0.288340,0,0.288340,0.288340,0.485975,-19763.50,-19763.50
2024-10-24,0.288340,0,0.288340,0.288340,0.485975,-19763.50,-19763.50
2024-10-25,0.288340,0,0.288340,0.288340,0.485975,-19763.50,-19763.50
2024-10-27,0.288340,0,0.288340,0.288340,0.485975,-19763.50,-19763.50
2024-10-28,0.288340,0,0.288340,0.288340,0.485975,-19763.50,-19763.50
2024-10-29,0.288340,0,0.288340,0.288340,0.485975,-19763.50,-19763.50
2024-10-30,0.288340,0,0.288340,0.288340,0.485975,-19763.50,-19763.50
2024-10-31,0.288340,0,0.288340,0.288340,0.485975,-19763.50,-19763.50
2024-11-01,0.288340,0,0.288340,0.288340,0.485975,-19763.50,-19763.50
2024-11-03,0.288340,0,0.288340,0.288340,0.485975,-19763.50,-19763.50
2024-11-04,0.288340,0,0.288340,0.288340,0.485975,-19763.50,-19763.50
2024-11-05,0.288340,0,0.288340,0.288340,0.485975,-19763.50,-19763.50
2024-11-06,0.288340,3,0.318370,0.257650,0.485975,-16760.50,-22832.50
2024-11-07,0.288340,3,0.299200,0.290410,0.485975,-18677.50,-19556.50
2024-11-08,0.298575,1,0.309915,0.301995,0.485975,-17606.00,-18398.00
2024-11-10,0.298575,1,0.310415,0.310045,0.485975,-17556.00,-17593.00
2024-11-11,0.298575,1,0.315425,0.308965,0.485975,-17055.00,-17701.00
2024-11-12,0.298575,1,0.320075,0.315425,0.485975,-16590.00,-17055.00
2024-11-13,0.298575,1,0.325165,0.316335,0.485975,-16081.00,-16964.00
2024-11-14,0.298575,1,0.328785,0.323485,0.485975,-15719.00,-16249.00
2024-11-15,0.298575,1,0.327795,0.322435,0.485975,-15818.00,-16354.00
2024-11-17,0.298575,1,0.328115,0.327895,0.485975,-15786.00,-15808.00
2024-11-18,0.298575,1,0.322285,0.321025,0.485975,-16369.00,-16495.00
2024-11-19,0.298575,1,0.321035,0.320935,0.485975,-16494.00,-16504.00
2024-11-20,0.298575,1,0.327175,0.320765,0.485975,-15880.00,-16521.00
2024-11-21,0.298575,1,0.334835,0.326255,0.485975,-15114.00,-15972.00
2024-11-22,0.298575,1,0.339805,0.331925,0.485975,-14617.00,-15405.00
2024-11-24,0.298575,1,0.333805,0.331605,0.485975,-15217.00,-15437.00
2024-11-25,0.298575,1,0.337365,0.328705,0.485975,-14861.00,-15727.00
2024-11-26,0.298575,1,0.332555,0.327265,0.485975,-15342.00,-15871.00
2024-11-27,0.298575,1,0.325545,0.322975,0.485975,-16043.00,-16300.00
2024-11-28,0.298575,1,0.325735,0.325465,0.485975,-16024.00,-16051.00
2024-11-29,0.298575,1,0.324255,0.322025,0.485975,-16172.00,-16395.00
2024-12-01,0.324175,0,0.324175,0.324175,0.485975,-16180.00,-16180.00
2024-12-02,0.324175,0,0.324175,0.324175,0.485975,-16180.00,-16180.00
2024-12-03,0.324175,0,0.324175,0.324175,0.485975,-16180.00,-16180.00
2024-12-04,0.324175,0,0.324175,0.324175,0.485975,-16180.00,-16180.00
2024-12-05,0.324175,0,0.324175,0.324175,0.485975,-16180.00,-16180.00
2024-12-06,0.324175,0,0.324175,0.324175,0.485975,-16180.00,-16180.00
2024-12-08,0.324175,0,0.324175,0.324175,0.485975,-16180.00,-16180.00
2024-12-09,0.324175,0,0.324175,0.324175,0.485975,-16180.00,-16180.00
2024-12-10,0.324175,0,0.324175,0.324175,0.485975,-16180.00,-16180.00
2024-12-11,0.324175,0,0.324175,0.324175,0.485975,-16180.00,-16180.00
2024-12-12,0.324175,0,0.324175,0.324175,0.485975,-16180.00,-16180.00
2024-12-13,0.324175,3,0.311845,0.305125,0.485975,-17413.00,-18085.00
2024-12-15,0.324175,3,0.309475,0.309145,0.485975,-17650.00,-17683.00
2024-12-16,0.324175,3,0.307255,0.304945,0.485975,-17872.00,-18103.00
2024-12-17,0.324175,3,0.314035,0.302065,0.485975,-17194.00,-18391.00
2024-12-18,0.324175,3,0.357175,0.308545,0.485975,-12880.00,-17743.00
2024-12-19,0.338110,1,0.347740,0.341950,0.485975,-13823.50,-14402.50
2024-12-20,0.338110,1,0.341630,0.339430,0.485975,-14434.50,-14654.50
2024-12-22,0.338110,1,0.340810,0.339660,0.485975,-14516.50,-14631.50
2024-12-23,0.338110,1,0.343770,0.339650,0.485975,-14220.50,-14632.50
2024-12-24,0.338110,1,0.344650,0.343190,0.485975,-14132.50,-14278.50
2024-12-25,0.338110,1,0.344260,0.343110,0.485975,-14171.50,-14286.50
2024-12-26,0.338110,1,0.342010,0.341160,0.485975,-14396.50,-14481.50
2024-12-27,0.338110,1,0.341920,0.339770,0.485975,-14405.50,-14620.50
2024-12-29,0.338110,1,0.341250,0.340710,0.485975,-14472.50,-14526.50
2024-12-30,0.338110,1,0.343610,0.338340,0.485975,-14236.50,-14763.50
2024-12-31,0.338110,1,0.348910,0.341740,0.485975,-13706.50,-14423.50
2025-01-01,0.348830,0,0.348830,0.348830,0.485975,-13714.50,-13714.50
2025-01-02,0.348830,0,0.348830,0.348830,0.485975,-13714.50,-13714.50
2025-01-03,0.348830,0,0.348830,0.348830,0.485975,-13714.50,-13714.50
2025-01-05,0.348830,0,0.348830,0.348830,0.485975,-13714.50,-13714.50
2025-01-06,0.348830,0,0.348830,0.348830,0.485975,-13714.50,-13714.50
2025-01-07,0.348830,0,0.348830,0.348830,0.485975,-13714.50,-13714.50
2025-01-08,0.348830,0,0.348830,0.348830,0.485975,-13714.50,-13714.50
2025-01-09,0.348830,0,0.348830,0.348830,0.485975,-13714.50,-13714.50
2025-01-10,0.348830,3,0.343910,0.322370,0.485975,-14206.50,-16360.50
2025-01-12,0.348830,3,0.343040,0.341870,0.485975,-14293.50,-14410.50
2025-01-13,0.348830,3,0.336740,0.332690,0.485975,-14923.50,-15328.50
2025-01-14,0.344337,0,0.344337,0.344337,0.485975,-14163.75,-14163.75
2025-01-15,0.344337,0,0.344337,0.344337,0.485975,-14163.75,-14163.75
2025-01-16,0.344337,0,0.344337,0.344337,0.485975,-14163.75,-14163.75
2025-01-17,0.344337,0,0.344337,0.344337,0.485975,-14163.75,-14163.75
2025-01-19,0.344337,0,0.344337,0.344337,0.485975,-14163.75,-14163.75
2025-01-20,0.344337,3,0.357867,0.315087,0.485975,-12810.75,-17088.75
2025-01-21,0.344337,3,0.353337,0.334227,0.485975,-13263.75,-15174.75
2025-01-22,0.348065,2,0.354465,0.352885,0.485975,-13151.00,-13309.00
2025-01-23,0.348065,2,0.356045,0.347305,0.485975,-12993.00,-13867.00
2025-01-24,0.348065,2,0.371305,0.355225,0.485975,-11467.00,-13075.00
2025-01-26,0.348065,2,0.366385,0.365945,0.485975,-11959.00,-12003.00
2025-01-27,0.348065,2,0.360305,0.358585,0.485975,-12567.00,-12739.00
2025-01-28,0.363185,1,0.368325,0.366985,0.485975,-11765.00,-11899.00
2025-01-29,0.363185,1,0.368065,0.363835,0.485975,-11791.00,-12214.00
2025-01-30,0.363185,1,0.365275,0.364115,0.485975,-12070.00,-12186.00
2025-01-31,0.363185,1,0.361635,0.360575,0.485975,-12434.00,-12540.00
2025-02-02,0.361555,0,0.361555,0.361555,0.485975,-12442.00,-12442.00
2025-02-03,0.361555,0,0.361555,0.361555,0.485975,-12442.00,-12442.00
2025-02-04,0.361555,0,0.361555,0.361555,0.485975,-12442.00,-12442.00
2025-02-05,0.361555,0,0.361555,0.361555,0.485975,-12442.00,-12442.00
2025-02-06,0.361555,0,0.361555,0.361555,0.485975,-12442.00,-12442.00
2025-02-07,0.361555,0,0.361555,0.361555,0.485975,-12442.00,-12442.00
2025-02-09,0.361555,0,0.361555,0.361555,0.485975,-12442.00,-12442.00
2025-02-10,0.361555,0,0.361555,0.361555,0.485975,-12442.00,-12442.00
2025-02-11,0.361555,0,0.361555,0.361555,0.485975,-12442.00,-12442.00
2025-02-12,0.361555,0,0.361555,0.361555,0.485975,-12442.00,-12442.00
2025-02-13,0.361555,0,0.361555,0.361555,0.485975,-12442.00,-12442.00
2025-02-14,0.361555,0,0.361555,0.361555,0.485975,-12442.00,-12442.00
2025-02-16,0.361555,0,0.361555,0.361555,0.485975,-12442.00,-12442.00
2025-02-17,0.361555,0,0.361555,0.361555,0.485975,-12442.00,-12442.00
2025-02-18,0.361555,0,0.361555,0.361555,0.485975,-12442.00,-12442.00
2025-02-19,0.361555,0,0.361555,0.361555,0.485975,-12442.00,-12442.00
2025-02-20,0.361555,0,0.361555,0.361555,0.485975,-12442.00,-12442.00
2025-02-21,0.361555,0,0.361555,0.361555,0.485975,-12442.00,-12442.00
2025-02-23,0.361555,0,0.361555,0.361555,0.485975,-12442.00,-12442.00
2025-02-24,0.361555,0,0.361555,0.361555,0.485975,-12442.00,-12442.00
2025-02-25,0.361555,0,0.361555,0.361555,0.485975,-12442.00,-12442.00
2025-02-26,0.361555,0,0.361555,0.361555,0.485975,-12442.00,-12442.00
2025-02-27,0.361555,0,0.361555,0.361555,0.485975,-12442.00,-12442.00
2025-02-28,0.361555,0,0.361555,0.361555,0.485975,-12442.00,-12442.00
2025-03-02,0.361555,0,0.361555,0.361555,0.485975,-12442.00,-12442.00
2025-03-03,0.361555,0,0.361555,0.361555,0.485975,-12442.00,-12442.00
2025-03-04,0.361555,0,0.361555,0.361555,0.485975,-12442.00,-12442.00
2025-03-05,0.361555,0,0.361555,0.361555,0.485975,-12442.00,-12442.00
2025-03-06,0.361555,0,0.361555,0.361555,0.485975,-12442.00,-12442.00
2025-03-07,0.361555,0,0.361555,0.361555,0.485975,-12442.00,-12442.00
2025-03-09,0.361555,0,0.361555,0.361555,0.485975,-12442.00,-12442.00
2025-03-10,0.361555,0,0.361555,0.361555,0.485975,-12442.00,-12442.00
2025-03-11,0.361555,0,0.361555,0.361555,0.485975,-12442.00,-12442.00
2025-03-12,0.361555,0,0.361555,0.361555,0.485975,-12442.00,-12442.00
2025-03-13,0.361555,0,0.361555,0.361555,0.485975,-12442.00,-12442.00
2025-03-14,0.361555,0,0.361555,0.361555,0.485975,-12442.00,-12442.00
2025-03-16,0.361555,0,0.361555,0.361555,0.485975,-12442.00,-12442.00
2025-03-17,0.361555,0,0.361555,0.361555,0.485975,-12442.00,-12442.00
2025-03-18,0.361555,0,0.361555,0.361555,0.485975,-12442.00,-12442.00
2025-03-19,0.361555,0,0.361555,0.361555,0.485975,-12442.00,-12442.00
2025-03-20,0.361555,0,0.361555,0.361555,0.485975,-12442.00,-12442.00
2025-03-21,0.361555,0,0.361555,0.361555,0.485975,-12442.00,-12442.00
2025-03-23,0.361555,0,0.361555,0.361555,0.485975,-12442.00,-12442.00
2025-03-24,0.361555,0,0.361555,0.361555,0.485975,-12442.00,-12442.00
2025-03-25,0.361555,0,0.361555,0.361555,0.485975,-12442.00,-12442.00
2025-03-26,0.361555,0,0.361555,0.361555,0.485975,-12442.00,-12442.00
2025-03-27,0.361555,0,0.361555,0.361555,0.485975,-12442.00,-12442.00
2025-03-28,0.361555,0,0.361555,0.361555,0.485975,-12442.00,-12442.00
2025-03-30,0.361555,0,0.361555,0.361555,0.485975,-12442.00,-12442.00
2025-03-31,0.361555,0,0.361555,0.361555,0.485975,-12442.00,-12442.00
2025-04-01,0.361555,0,0.361555,0.361555,0.485975,-12442.00,-12442.00
2025-04-02,0.361555,0,0.361555,0.361555,0.485975,-12442.00,-12442.00
2025-04-03,0.361555,0,0.361555,0.361555,0.485975,-12442.00,-12442.00
2025-04-04,0.361555,0,0.361555,0.361555,0.485975,-12442.00,-12442.00
2025-04-06,0.361555,0,0.361555,0.361555,0.485975,-12442.00,-12442.00
2025-04-07,0.361555,0,0.361555,0.361555,0.485975,-12442.00,-12442.00
2025-04-08,0.361555,0,0.361555,0.361555,0.485975,-12442.00,-12442.00
2025-04-09,0.361555,0,0.361555,0.361555,0.485975,-12442.00,-12442.00
2025-04-10,0.361555,0,0.361555,0.361555,0.485975,-12442.00,-12442.00
2025-04-11,0.361555,0,0.361555,0.361555,0.485975,-12442.00,-12442.00
2025-04-13,0.361555,0,0.361555,0.361555,0.485975,-12442.00,-12442.00
2025-04-14,0.361555,0,0.361555,0.361555,0.485975,-12442.00,-12442.00
2025-04-15,0.361555,0,0.361555,0.361555,0.485975,-12442.00,-12442.00
2025-04-16,0.361555,0,0.361555,0.361555,0.485975,-12442.00,-12442.00
2025-04-17,0.361555,0,0.361555,0.361555,0.485975,-12442.00,-12442.00
2025-04-18,0.361555,0,0.361555,0.361555,0.485975,-12442.00,-12442.00
2025-04-20,0.361555,0,0.361555,0.361555,0.485975,-12442.00,-12442.00
2025-04-21,0.361555,0,0.361555,0.361555,0.485975,-12442.00,-12442.00
2025-04-22,0.361555,0,0.361555,0.361555,0.485975,-12442.00,-12442.00
2025-04-23,0.361555,0,0.361555,0.361555,0.485975,-12442.00,-12442.00
2025-04-24,0.361555,0,0.361555,0.361555,0.485975,-12442.00,-12442.00
2025-04-25,0.361555,0,0.361555,0.361555,0.485975,-12442.00,-12442.00
2025-04-27,0.361555,0,0.361555,0.361555,0.485975,-12442.00,-12442.00
2025-04-28,0.361555,0,0.361555,0.361555,0.485975,-12442.00,-12442.00
2025-04-29,0.361555,0,0.361555,0.361555,0.485975,-12442.00,-12442.00
2025-04-30,0.361555,0,0.361555,0.361555,0.485975,-12442.00,-12442.00
2025-05-01,0.361555,0,0.361555,0.361555,0.485975,-12442.00,-12442.00
2025-05-02,0.361555,0,0.361555,0.361555,0.485975,-12442.00,-12442.00
2025-05-04,0.361555,0,0.361555,0.361555,0.485975,-12442.00,-12442.00
2025-05-05,0.361555,0,0.361555,0.361555,0.485975,-12442.00,-12442.00
2025-05-06,0.361555,0,0.361555,0.361555,0.485975,-12442.00,-12442.00
2025-05-07,0.361555,0,0.361555,0.361555,0.485975,-12442.00,-12442.00
2025-05-08,0.361555,3,0.373225,0.340405,0.485975,-11275.00,-14557.00
2025-05-09,0.361555,3,0.367435,0.353395,0.485975,-11854.00,-13258.00
2025-05-11,0.364362,2,0.371962,0.370222,0.485975,-11401.25,-11575.25
2025-05-12,0.364362,2,0.398422,0.368962,0.485975,-8755.25,-11701.25
2025-05-13,0.375802,1,0.383802,0.382652,0.485975,-10217.25,-10332.25
2025-05-14,0.375802,1,0.384242,0.375812,0.485975,-10173.25,-11016.25
2025-05-15,0.375802,1,0.383182,0.379572,0.485975,-10279.25,-10640.25
2025-05-16,0.375802,1,0.386242,0.380412,0.485975,-9973.25,-10556.25
2025-05-18,0.375802,1,0.383522,0.382972,0.485975,-10245.25,-10300.25
2025-05-19,0.375802,1,0.379152,0.373572,0.485975,-10682.25,-11240.25
2025-05-20,0.375802,1,0.373552,0.373362,0.485975,-11242.25,-11261.25
2025-05-21,0.373472,0,0.373472,0.373472,0.485975,-11250.25,-11250.25
2025-05-22,0.373472,0,0.373472,0.373472,0.485975,-11250.25,-11250.25
2025-05-23,0.373472,0,0.373472,0.373472,0.485975,-11250.25,-11250.25
2025-05-25,0.373472,3,0.371522,0.366752,0.485975,-11445.25,-11922.25
2025-05-26,0.373472,3,0.375692,0.369842,0.485975,-11028.25,-11613.25
2025-05-27,0.376280,2,0.367420,0.364700,0.485975,-11855.50,-12127.50
2025-05-28,0.367260,0,0.367260,0.367260,0.485975,-11871.50,-11871.50
2025-05-29,0.367260,0,0.367260,0.367260,0.485975,-11871.50,-11871.50
2025-05-30,0.367260,0,0.367260,0.367260,0.485975,-11871.50,-11871.50
2025-06-01,0.367260,0,0.367260,0.367260,0.485975,-11871.50,-11871.50
2025-06-02,0.367260,0,0.367260,0.367260,0.485975,-11871.50,-11871.50
2025-06-03,0.367260,0,0.367260,0.367260,0.485975,-11871.50,-11871.50
2025-06-04,0.367260,0,0.367260,0.367260,0.485975,-11871.50,-11871.50
2025-06-05,0.367260,0,0.367260,0.367260,0.485975,-11871.50,-11871.50
2025-06-06,0.367260,0,0.367260,0.367260,0.485975,-11871.50,-11871.50
2025-06-08,0.367260,0,0.367260,0.367260,0.485975,-11871.50,-11871.50
2025-06-09,0.367260,0,0.367260,0.367260,0.485975,-11871.50,-11871.50
2025-06-10,0.367260,0,0.367260,0.367260,0.485975,-11871.50,-11871.50
2025-06-11,0.367260,0,0.367260,0.367260,0.485975,-11871.50,-11871.50
2025-06-12,0.367260,0,0.367260,0.367260,0.485975,-11871.50,-11871.50
2025-06-13,0.367260,0,0.367260,0.367260,0.485975,-11871.50,-11871.50
2025-06-15,0.367260,0,0.367260,0.367260,0.485975,-11871.50,-11871.50
2025-06-16,0.367260,0,0.367260,0.367260,0.485975,-11871.50,-11871.50
2025-06-17,0.367260,0,0.367260,0.367260,0.485975,-11871.50,-11871.50
2025-06-18,0.367260,0,0.367260,0.367260,0.485975,-11871.50,-11871.50
2025-06-19,0.367260,0,0.367260,0.367260,0.485975,-11871.50,-11871.50
2025-06-20,0.367260,0,0.367260,0.367260,0.485975,-11871.50,-11871.50
2025-06-22,0.367260,0,0.367260,0.367260,0.485975,-11871.50,-11871.50
2025-06-23,0.367260,0,0.367260,0.367260,0.485975,-11871.50,-11871.50
2025-06-24,0.367260,0,0.367260,0.367260,0.485975,-11871.50,-11871.50
2025-06-25,0.367260,0,0.367260,0.367260,0.485975,-11871.50,-11871.50
2025-06-26,0.367260,0,0.367260,0.367260,0.485975,-11871.50,-11871.50
2025-06-27,0.367260,0,0.367260,0.367260,0.485975,-11871.50,-11871.50
2025-06-29,0.367260,0,0.367260,0.367260,0.485975,-11871.50,-11871.50
2025-06-30,0.367260,0,0.367260,0.367260,0.485975,-11871.50,-11871.50
2025-07-01,0.367260,0,0.367260,0.367260,0.485975,-11871.50,-11871.50
2025-07-02,0.367260,0,0.367260,0.367260,0.485975,-11871.50,-11871.50
2025-07-03,0.367260,0,0.367260,0.367260,0.485975,-11871.50,-11871.50
2025-07-04,0.367260,0,0.367260,0.367260,0.485975,-11871.50,-11871.50
2025-07-06,0.367260,0,0.367260,0.367260,0.485975,-11871.50,-11871.50
2025-07-07,0.367260,0,0.367260,0.367260,0.485975,-11871.50,-11871.50
2025-07-08,0.367260,0,0.367260,0.367260,0.485975,-11871.50,-11871.50
2025-07-09,0.367260,0,0.367260,0.367260,0.485975,-11871.50,-11871.50
2025-07-10,0.367260,0,0.367260,0.367260,0.485975,-11871.50,-11871.50
2025-07-11,0.367260,0,0.367260,0.367260,0.485975,-11871.50,-11871.50
2025-07-13,0.367260,0,0.367260,0.367260,0.485975,-11871.50,-11871.50
2025-07-14,0.367260,0,0.367260,0.367260,0.485975,-11871.50,-11871.50
2025-07-15,0.367260,0,0.367260,0.367260,0.485975,-11871.50,-11871.50
2025-07-16,0.367260,0,0.367260,0.367260,0.485975,-11871.50,-11871.50
2025-07-17,0.367260,0,0.367260,0.367260,0.485975,-11871.50,-11871.50
2025-07-18,0.367260,0,0.367260,0.367260,0.485975,-11871.50,-11871.50
2025-07-20,0.367260,0,0.367260,0.367260,0.485975,-11871.50,-11871.50
2025-07-21,0.367260,0,0.367260,0.367260,0.485975,-11871.50,-11871.50
2025-07-22,0.367260,0,0.367260,0.367260,0.485975,-11871.50,-11871.50
2025-07-23,0.367260,0,0.367260,0.367260,0.485975,-11871.50,-11871.50
2025-07-24,0.367260,0,0.367260,0.367260,0.485975,-11871.50,-11871.50
2025-07-25,0.367260,0,0.367260,0.367260,0.485975,-11871.50,-11871.50
2025-07-27,0.367260,0,0.367260,0.367260,0.485975,-11871.50,-11871.50
2025-07-28,0.367260,0,0.367260,0.367260,0.485975,-11871.50,-11871.50
2025-07-29,0.367260,0,0.367260,0.367260,0.485975,-11871.50,-11871.50
2025-07-30,0.367260,0,0.367260,0.367260,0.485975,-11871.50,-11871.50
2025-07-31,0.367260,0,0.367260,0.367260,0.485975,-11871.50,-11871.50
2025-08-01,0.367260,0,0.367260,0.367260,0.485975,-11871.50,-11871.50
2025-08-03,0.367260,0,0.367260,0.367260,0.485975,-11871.50,-11871.50
2025-08-04,0.367260,0,0.367260,0.367260,0.485975,-11871.50,-11871.50
2025-08-05,0.367260,0,0.367260,0.367260,0.485975,-11871.50,-11871.50
2025-08-06,0.367260,0,0.367260,0.367260,0.485975,-11871.50,-11871.50
2025-08-07,0.367260,0,0.367260,0.367260,0.485975,-11871.50,-11871.50
2025-08-08,0.367260,0,0.367260,0.367260,0.485975,-11871.50,-11871.50
2025-08-10,0.367260,0,0.367260,0.367260,0.485975,-11871.50,-11871.50
2025-08-11,0.367260,0,0.367260,0.367260,0.485975,-11871.50,-11871.50
2025-08-12,0.367260,0,0.367260,0.367260,0.485975,-11871.50,-11871.50
2025-08-13,0.367260,0,0.367260,0.367260,0.485975,-11871.50,-11871.50
2025-08-14,0.367260,0,0.367260,0.367260,0.485975,-11871.50,-11871.50
2025-08-15,0.367260,0,0.367260,0.367260,0.485975,-11871.50,-11871.50
2025-08-17,0.367260,0,0.367260,0.367260,0.485975,-11871.50,-11871.50
2025-08-18,0.367260,0,0.367260,0.367260,0.485975,-11871.50,-11871.50
2025-08-19,0.367260,0,0.367260,0.367260,0.485975,-11871.50,-11871.50
2025-08-20,0.367260,0,0.367260,0.367260,0.485975,-11871.50,-11871.50
2025-08-21,0.367260,0,0.367260,0.367260,0.485975,-11871.50,-11871.50
2025-08-22,0.367260,0,0.367260,0.367260,0.485975,-11871.50,-11871.50
2025-08-24,0.367260,0,0.367260,0.367260,0.485975,-11871.50,-11871.50
2025-08-25,0.367260,0,0.367260,0.367260,0.485975,-11871.50,-11871.50
2025-08-26,0.367260,0,0.367260,0.367260,0.485975,-11871.50,-11871.50
2025-08-27,0.367260,0,0.367260,0.367260,0.485975,-11871.50,-11871.50
2025-08-28,0.367260,0,0.367260,0.367260,0.485975,-11871.50,-11871.50
2025-08-29,0.367260,0,0.367260,0.367260,0.485975,-11871.50,-11871.50
2025-08-31,0.367260,0,0.367260,0.367260,0.485975,-11871.50,-11871.50
2025-09-01,0.367260,0,0.367260,0.367260,0.485975,-11871.50,-11871.50
2025-09-02,0.367260,0,0.367260,0.367260,0.485975,-11871.50,-11871.50
2025-09-03,0.367260,0,0.367260,0.367260,0.485975,-11871.50,-11871.50
2025-09-04,0.367260,0,0.367260,0.367260,0.485975,-11871.50,-11871.50
2025-09-05,0.367260,0,0.367260,0.367260,0.485975,-11871.50,-11871.50
2025-09-07,0.367260,0,0.367260,0.367260,0.485975,-11871.50,-11871.50
2025-09-08,0.367260,0,0.367260,0.367260,0.485975,-11871.50,-11871.50
2025-09-09,0.367260,0,0.367260,0.367260,0.485975,-11871.50,-11871.50
2025-09-10,0.367260,0,0.367260,0.367260,0.485975,-11871.50,-11871.50
2025-09-11,0.367260,0,0.367260,0.367260,0.485975,-11871.50,-11871.50
2025-09-12,0.367260,0,0.367260,0.367260,0.485975,-11871.50,-11871.50
2025-09-14,0.367260,0,0.367260,0.367260,0.485975,-11871.50,-11871.50
2025-09-15,0.367260,0,0.367260,0.367260,0.485975,-11871.50,-11871.50
2025-09-16,0.367260,0,0.367260,0.367260,0.485975,-11871.50,-11871.50
2025-09-17,0.367260,0,0.367260,0.367260,0.485975,-11871.50,-11871.50
2025-09-18,0.367260,0,0.367260,0.367260,0.485975,-11871.50,-11871.50
2025-09-19,0.367260,0,0.367260,0.367260,0.485975,-11871.50,-11871.50
2025-09-21,0.367260,0,0.367260,0.367260,0.485975,-11871.50,-11871.50
2025-09-22,0.367260,0,0.367260,0.367260,0.485975,-11871.50,-11871.50
2025-09-23,0.367260,0,0.367260,0.367260,0.485975,-11871.50,-11871.50
2025-09-24,0.367260,0,0.367260,0.367260,0.485975,-11871.50,-11871.50
2025-09-25,0.367260,0,0.367260,0.367260,0.485975,-11871.50,-11871.50
2025-09-26,0.367260,0,0.367260,0.367260,0.485975,-11871.50,-11871.50
2025-09-28,0.367260,0,0.367260,0.367260,0.485975,-11871.50,-11871.50
2025-09-29,0.367260,0,0.367260,0.367260,0.485975,-11871.50,-11871.50
2025-09-30,0.367260,0,0.367260,0.367260,0.485975,-11871.50,-11871.50
2025-10-01,0.367260,0,0.367260,0.367260,0.485975,-11871.50,-11871.50
2025-10-02,0.367260,0,0.367260,0.367260,0.485975,-11871.50,-11871.50
2025-10-03,0.367260,0,0.367260,0.367260,0.485975,-11871.50,-11871.50
2025-10-05,0.367260,0,0.367260,0.367260,0.485975,-11871.50,-11871.50
2025-10-06,0.367260,0,0.367260,0.367260,0.485975,-11871.50,-11871.50
2025-10-07,0.367260,0,0.367260,0.367260,0.485975,-11871.50,-11871.50
2025-10-08,0.367260,0,0.367260,0.367260,0.485975,-11871.50,-11871.50
2025-10-09,0.367260,0,0.367260,0.367260,0.485975,-11871.50,-11871.50
2025-10-10,0.367260,0,0.367260,0.367260,0.485975,-11871.50,-11871.50
2025-10-12,0.367260,0,0.367260,0.367260,0.485975,-11871.50,-11871.50
2025-10-13,0.367260,0,0.367260,0.367260,0.485975,-11871.50,-11871.50
2025-10-14,0.367260,0,0.367260,0.367260,0.485975,-11871.50,-11871.50
2025-10-15,0.367260,0,0.367260,0.367260,0.485975,-11871.50,-11871.50
2025-10-16,0.367260,0,0.367260,0.367260,0.485975,-11871.50,-11871.50
2025-10-17,0.367260,0,0.367260,0.367260,0.485975,-11871.50,-11871.50
2025-10-19,0.367260,0,0.367260,0.367260,0.485975,-11871.50,-11871.50
2025-10-20,0.367260,0,0.367260,0.367260,0.485975,-11871.50,-11871.50
2025-10-21,0.367260,0,0.367260,0.367260,0.485975,-11871.50,-11871.50
2025-10-22,0.367260,0,0.367260,0.367260,0.485975,-11871.50,-11871.50
2025-10-23,0.367260,0,0.367260,0.367260,0.485975,-11871.50,-11871.50
2025-10-24,0.367260,0,0.367260,0.367260,0.485975,-11871.50,-11871.50
2025-10-26,0.367260,0,0.367260,0.367260,0.485975,-11871.50,-11871.50
2025-10-27,0.367260,0,0.367260,0.367260,0.485975,-11871.50,-11871.50
2025-10-28,0.367260,0,0.367260,0.367260,0.485975,-11871.50,-11871.50
2025-10-29,0.367260,0,0.367260,0.367260,0.485975,-11871.50,-11871.50
2025-10-30,0.367260,0,0.367260,0.367260,0.485975,-11871.50,-11871.50
2025-10-31,0.367260,0,0.367260,0.367260,0.485975,-11871.50,-11871.50
2025-11-03,0.367260,0,0.367260,0.367260,0.485975,-11871.50,-11871.50
2025-11-04,0.367260,0,0.367260,0.367260,0.485975,-11871.50,-11871.50
2025-11-05,0.367260,0,0.367260,0.367260,0.485975,-11871.50,-11871.50
2025-11-06,0.367260,0,0.367260,0.367260,0.485975,-11871.50,-11871.50
2025-11-07,0.367260,0,0.367260,0.367260,0.485975,-11871.50,-11871.50
2025-11-09,0.367260,0,0.367260,0.367260,0.485975,-11871.50,-11871.50
2025-11-10,0.367260,0,0.367260,0.367260,0.485975,-11871.50,-11871.50
2025-11-11,0.367260,0,0.367260,0.367260,0.485975,-11871.50,-11871.50
2025-11-12,0.367260,0,0.367260,0.367260,0.485975,-11871.50,-11871.50
2025-11-13,0.367260,0,0.367260,0.367260,0.485975,-11871.50,-11871.50
2025-11-14,0.367260,0,0.367260,0.367260,0.485975,-11871.50,-11871.50
2025-11-16,0.367260,0,0.367260,0.367260,0.485975,-11871.50,-11871.50
2025-11-17,0.367260,0,0.367260,0.367260,0.485975,-11871.50,-11871.50
2025-11-18,0.367260,0,0.367260,0.367260,0.485975,-11871.50,-11871.50
2025-11-19,0.367260,0,0.367260,0.367260,0.485975,-11871.50,-11871.50
2025-11-20,0.367260,0,0.367260,0.367260,0.485975,-11871.50,-11871.50
2025-11-21,0.367260,0,0.367260,0.367260,0.485975,-11871.50,-11871.50
2025-11-23,0.367260,0,0.367260,0.367260,0.485975,-11871.50,-11871.50
2025-11-24,0.367260,0,0.367260,0.367260,0.485975,-11871.50,-11871.50
2025-11-25,0.367260,0,0.367260,0.367260,0.485975,-11871.50,-11871.50
2025-11-26,0.367260,0,0.367260,0.367260,0.485975,-11871.50,-11871.50
2025-11-27,0.367260,0,0.367260,0.367260,0.485975,-11871.50,-11871.50
2025-11-28,0.367260,0,0.367260,0.367260,0.485975,-11871.50,-11871.50
2025-11-30,0.367260,0,0.367260,0.367260,0.485975,-11871.50,-11871.50
2025-12-01,0.367260,0,0.367260,0.367260,0.485975,-11871.50,-11871.50
2025-12-02,0.367260,0,0.367260,0.367260,0.485975,-11871.50,-11871.50
2025-12-03,0.367260,0,0.367260,0.367260,0.485975,-11871.50,-11871.50
2025-12-04,0.367260,0,0.367260,0.367260,0.485975,-11871.50,-11871.50
2025-12-05,0.367260,0,0.367260,0.367260,0.485975,-11871.50,-11871.50
2025-12-07,0.367260,0,0.367260,0.367260,0.485975,-11871.50,-11871.50
2025-12-08,0.367260,0,0.367260,0.367260,0.485975,-11871.50,-11871.50
2025-12-09,0.367260,0,0.367260,0.367260,0.485975,-11871.50,-11871.50
2025-12-10,0.367260,0,0.367260,0.367260,0.485975,-11871.50,-11871.50
2025-12-11,0.367260,0,0.367260,0.367260,0.485975,-11871.50,-11871.50
2025-12-12,0.367260,0,0.367260,0.367260,0.485975,-11871.50,-11871.50
2025-12-14,0.367260,0,0.367260,0.367260,0.485975,-11871.50,-11871.50
2025-12-15,0.367260,0,0.367260,0.367260,0.485975,-11871.50,-11871.50
2025-12-16,0.367260,0,0.367260,0.367260,0.485975,-11871.50,-11871.50
2025-12-17,0.367260,0,0.367260,0.367260,0.485975,-11871.50,-11871.50
2025-12-18,0.367260,0,0.367260,0.367260,0.485975,-11871.50,-11871.50
2025-12-19,0.367260,0,0.367260,0.367260,0.485975,-11871.50,-11871.50
2025-12-21,0.367260,0,0.367260,0.367260,0.485975,-11871.50,-11871.50
2025-12-22,0.367260,0,0.367260,0.367260,0.485975,-11871.50,-11871.50
2025-12-23,0.367260,0,0.367260,0.367260,0.485975,-11871.50,-11871.50
2025-12-24,0.367260,0,0.367260,0.367260,0.485975,-11871.50,-11871.50
2025-12-25,0.367260,0,0.367260,0.367260,0.485975,-11871.50,-11871.50
2025-12-26,0.367260,0,0.367260,0.367260,0.485975,-11871.50,-11871.50
2025-12-28,0.367260,0,0.367260,0.367260,0.485975,-11871.50,-11871.50
2025-12-29,0.367260,0,0.367260,0.367260,0.485975,-11871.50,-11871.50
2025-12-30,0.367260,0,0.367260,0.367260,0.485975,-11871.50,-11871.50
2025-12-31,0.367260,0,0.367260,0.367260,0.485975,-11871.50,-11871.50
2026-01-01,0.367260,0,0.367260,0.367260,0.485975,-11871.50,-11871.50
2026-01-02,0.367260,0,0.367260,0.367260,0.485975,-11871.50,-11871.50
2026-01-04,0.367260,0,0.367260,0.367260,0.485975,-11871.50,-11871.50
2026-01-05,0.367260,0,0.367260,0.367260,0.485975,-11871.50,-11871.50
2026-01-06,0.367260,0,0.367260,0.367260,0.485975,-11871.50,-11871.50
2026-01-07,0.367260,0,0.367260,0.367260,0.485975,-11871.50,-11871.50
2026-01-08,0.367260,0,0.367260,0.367260,0.485975,-11871.50,-11871.50
2026-01-09,0.367260,0,0.367260,0.367260,0.485975,-11871.50,-11871.50
2026-01-11,0.367260,0,0.367260,0.367260,0.485975,-11871.50,-11871.50
2026-01-12,0.367260,0,0.367260,0.367260,0.485975,-11871.50,-11871.50
2026-01-13,0.367260,0,0.367260,0.367260,0.485975,-11871.50,-11871.50
2026-01-14,0.367260,0,0.367260,0.367260,0.485975,-11871.50,-11871.50
2026-01-15,0.367260,0,0.367260,0.367260,0.485975,-11871.50,-11871.50
2026-01-16,0.367260,0,0.367260,0.367260,0.485975,-11871.50,-11871.50
2026-01-18,0.367260,0,0.367260,0.367260,0.485975,-11871.50,-11871.50
2026-01-19,0.367260,0,0.367260,0.367260,0.485975,-11871.50,-11871.50
2026-01-20,0.367260,3,0.355860,0.327480,0.485975,-13011.50,-15849.50
2026-01-21,0.367260,3,0.339600,0.338670,0.485975,-14637.50,-14730.50
2026-01-22,0.339360,0,0.339360,0.339360,0.485975,-14661.50,-14661.50
2026-01-23,0.339360,0,0.339360,0.339360,0.485975,-14661.50,-14661.50
2026-01-25,0.339360,0,0.339360,0.339360,0.485975,-14661.50,-14661.50
2026-01-26,0.339360,0,0.339360,0.339360,0.485975,-14661.50,-14661.50
2026-01-27,0.339360,0,0.339360,0.339360,0.485975,-14661.50,-14661.50
2026-01-28,0.339360,0,0.339360,0.339360,0.485975,-14661.50,-14661.50
2026-01-29,0.339360,0,0.339360,0.339360,0.485975,-14661.50,-14661.50
2026-01-30,0.339360,0,0.339360,0.339360,0.485975,-14661.50,-14661.50
2026-02-01,0.339360,0,0.339360,0.339360,0.485975,-14661.50,-14661.50
2026-02-02,0.339360,0,0.339360,0.339360,0.485975,-14661.50,-14661.50
2026-02-03,0.339360,0,0.339360,0.339360,0.485975,-14661.50,-14661.50
2026-02-04,0.339360,0,0.339360,0.339360,0.485975,-14661.50,-14661.50
2026-02-05,0.339360,0,0.339360,0.339360,0.485975,-14661.50,-14661.50
2026-02-06,0.339360,0,0.339360,0.339360,0.485975,-14661.50,-14661.50
2026-02-08,0.339360,0,0.339360,0.339360,0.485975,-14661.50,-14661.50
2026-02-09,0.339360,3,0.348000,0.321690,0.485975,-13797.50,-16428.50
2026-02-10,0.339360,3,0.343200,0.342900,0.485975,-14277.50,-14307.50
2026-02-11,0.341762,2,0.341722,0.333422,0.485975,-14425.25,-15255.25
2026-02-12,0.341562,0,0.341562,0.341562,0.485975,-14441.25,-14441.25
2026-02-13,0.341562,0,0.341562,0.341562,0.485975,-14441.25,-14441.25
2026-02-15,0.341562,0,0.341562,0.341562,0.485975,-14441.25,-14441.25
2026-02-16,0.341562,0,0.341562,0.341562,0.485975,-14441.25,-14441.25
2026-02-17,0.341562,0,0.341562,0.341562,0.485975,-14441.25,-14441.25
2026-02-18,0.341562,0,0.341562,0.341562,0.485975,-14441.25,-14441.25
2026-02-19,0.341562,3,0.343812,0.332022,0.485975,-14216.25,-15395.25
2026-02-20,0.341562,3,0.339852,0.332052,0.485975,-14612.25,-15392.25
2026-02-22,0.342665,0,0.342665,0.342665,0.485975,-14331.00,-14331.00
2026-02-23,0.342665,0,0.342665,0.342665,0.485975,-14331.00,-14331.00
2026-02-24,0.342665,0,0.342665,0.342665,0.485975,-14331.00,-14331.00
2026-02-25,0.342665,0,0.342665,0.342665,0.485975,-14331.00,-14331.00
2026-02-26,0.342665,0,0.342665,0.342665,0.485975,-14331.00,-14331.00
2026-02-27,0.342665,0,0.342665,0.342665,0.485975,-14331.00,-14331.00
2026-03-01,0.342665,0,0.342665,0.342665,0.485975,-14331.00,-14331.00
2026-03-02,0.342665,0,0.342665,0.342665,0.485975,-14331.00,-14331.00
2026-03-03,0.342665,0,0.342665,0.342665,0.485975,-14331.00,-14331.00
2026-03-04,0.342665,0,0.342665,0.342665,0.485975,-14331.00,-14331.00
2026-03-05,0.342665,0,0.342665,0.342665,0.485975,-14331.00,-14331.00
2026-03-06,0.342665,0,0.342665,0.342665,0.485975,-14331.00,-14331.00
2026-03-08,0.342665,0,0.342665,0.342665,0.485975,-14331.00,-14331.00
2026-03-09,0.342665,0,0.342665,0.342665,0.485975,-14331.00,-14331.00
2026-03-10,0.342665,0,0.342665,0.342665,0.485975,-14331.00,-14331.00
2026-03-11,0.342665,0,0.342665,0.342665,0.485975,-14331.00,-14331.00
2026-03-12,0.342665,0,0.342665,0.342665,0.485975,-14331.00,-14331.00
2026-03-13,0.342665,0,0.342665,0.342665,0.485975,-14331.00,-14331.00
2026-03-15,0.342665,0,0.342665,0.342665,0.485975,-14331.00,-14331.00
2026-03-16,0.342665,0,0.342665,0.342665,0.485975,-14331.00,-14331.00
2026-03-17,0.342665,0,0.342665,0.342665,0.485975,-14331.00,-14331.00
2026-03-18,0.342665,0,0.342665,0.342665,0.485975,-14331.00,-14331.00
2026-03-19,0.342665,0,0.342665,0.342665,0.485975,-14331.00,-14331.00
2026-03-20,0.342665,0,0.342665,0.342665,0.485975,-14331.00,-14331.00
2026-03-22,0.342665,0,0.342665,0.342665,0.485975,-14331.00,-14331.00
2026-03-23,0.342665,0,0.342665,0.342665,0.485975,-14331.00,-14331.00
2026-03-24,0.342665,0,0.342665,0.342665,0.485975,-14331.00,-14331.00
2026-03-25,0.342665,0,0.342665,0.342665,0.485975,-14331.00,-14331.00
2026-03-26,0.342665,0,0.342665,0.342665,0.485975,-14331.00,-14331.00
2026-03-27,0.342665,0,0.342665,0.342665,0.485975,-14331.00,-14331.00
2026-03-29,0.342665,0,0.342665,0.342665,0.485975,-14331.00,-14331.00
2026-03-30,0.342665,0,0.342665,0.342665,0.485975,-14331.00,-14331.00
2026-03-31,0.342665,0,0.342665,0.342665,0.485975,-14331.00,-14331.00
