strategy,side,entry_ts,exit_ts,entry,exit,qty,reason,points,usd
ma3_ema9_21_50_15m_follow_pmc,short,2015-01-02 03:00:00-05:00,2015-01-02 16:15:00-05:00,1.2061899999999999,1.2031500000000002,1.0,session_end,0.0030399999999997096,302.49999999997095
ma3_ema9_21_50_15m_follow_pmc,short,2015-01-05 03:00:00-05:00,2015-01-05 08:30:00-05:00,1.19616,1.19591,1.0,stack_break,0.00024999999999986144,23.499999999986144
ma3_ema9_21_50_15m_follow_pmc,short,2015-01-05 10:45:00-05:00,2015-01-05 15:45:00-05:00,1.1935399999999998,1.19358,1.0,stack_break,-4.000000000026205e-05,-5.500000000026205
ma3_ema9_21_50_15m_follow_pmc,short,2015-01-06 10:00:00-05:00,2015-01-06 16:15:00-05:00,1.1914099999999999,1.1919700000000002,1.0,session_end,-0.000560000000000338,-57.5000000000338
ma3_ema9_21_50_15m_follow_pmc,short,2015-01-07 03:00:00-05:00,2015-01-07 08:15:00-05:00,1.18698,1.1888,1.0,stack_break,-0.0018200000000001548,-183.5000000000155
ma3_ema9_21_50_15m_follow_pmc,short,2015-01-07 09:00:00-05:00,2015-01-07 16:15:00-05:00,1.1864199999999998,1.18035,1.0,session_end,0.006069999999999798,605.4999999999798
ma3_ema9_21_50_15m_follow_pmc,short,2015-01-08 03:00:00-05:00,2015-01-08 15:15:00-05:00,1.1821499999999998,1.17938,1.0,stack_break,0.002769999999999717,275.4999999999717
ma3_ema9_21_50_15m_follow_pmc,short,2015-01-09 14:45:00-05:00,2015-01-09 16:00:00-05:00,1.17841,1.18344,1.0,stack_break,-0.00503000000000009,-504.500000000009
ma3_ema9_21_50_15m_follow_pmc,short,2015-01-12 09:15:00-05:00,2015-01-12 15:00:00-05:00,1.18106,1.1825,1.0,stack_break,-0.0014400000000001079,-145.5000000000108
ma3_ema9_21_50_15m_follow_pmc,short,2015-01-13 09:15:00-05:00,2015-01-13 16:15:00-05:00,1.1819199999999999,1.17819,1.0,session_end,0.003729999999999789,371.4999999999789
ma3_ema9_21_50_15m_follow_pmc,short,2015-01-14 03:00:00-05:00,2015-01-14 03:30:00-05:00,1.1772699999999998,1.1778300000000002,1.0,stack_break,-0.000560000000000338,-57.5000000000338
ma3_ema9_21_50_15m_follow_pmc,short,2015-01-14 10:00:00-05:00,2015-01-14 13:45:00-05:00,1.1736199999999999,1.18002,1.0,stack_break,-0.006400000000000183,-641.5000000000183
ma3_ema9_21_50_15m_follow_pmc,short,2015-01-15 03:00:00-05:00,2015-01-15 16:15:00-05:00,1.17786,1.1583700000000001,1.0,session_end,0.019489999999999785,1947.4999999999786
ma3_ema9_21_50_15m_follow_pmc,short,2015-01-16 06:30:00-05:00,2015-01-16 07:00:00-05:00,1.16262,1.16406,1.0,stack_break,-0.0014400000000001079,-145.5000000000108
ma3_ema9_21_50_15m_follow_pmc,short,2015-01-16 09:15:00-05:00,2015-01-16 16:15:00-05:00,1.1613799999999999,1.1497000000000002,1.0,session_end,0.01167999999999969,1166.499999999969
ma3_ema9_21_50_15m_follow_pmc,short,2015-01-19 03:30:00-05:00,2015-01-19 07:15:00-05:00,1.15563,1.15676,1.0,stack_break,-0.0011300000000000754,-114.50000000000753
ma3_ema9_21_50_15m_follow_pmc,short,2015-01-20 03:00:00-05:00,2015-01-20 08:15:00-05:00,1.1584899999999998,1.1591200000000002,1.0,stack_break,-0.0006300000000003525,-64.50000000003524
ma3_ema9_21_50_15m_follow_pmc,short,2015-01-20 08:30:00-05:00,2015-01-20 08:45:00-05:00,1.1578799999999998,1.1588900000000002,1.0,stack_break,-0.0010100000000003995,-102.50000000003995
ma3_ema9_21_50_15m_follow_pmc,short,2015-01-20 12:15:00-05:00,2015-01-20 14:00:00-05:00,1.15794,1.16006,1.0,stack_break,-0.002120000000000122,-213.50000000001216
ma3_ema9_21_50_15m_follow_pmc,short,2015-01-20 15:30:00-05:00,2015-01-20 16:15:00-05:00,1.1581599999999999,1.15798,1.0,session_end,0.00017999999999984695,16.499999999984695
ma3_ema9_21_50_15m_follow_pmc,short,2015-01-22 06:45:00-05:00,2015-01-22 09:15:00-05:00,1.15854,1.1609500000000001,1.0,stack_break,-0.0024100000000002453,-242.50000000002453
ma3_ema9_21_50_15m_follow_pmc,short,2015-01-22 14:30:00-05:00,2015-01-22 16:15:00-05:00,1.1481,1.14249,1.0,session_end,0.005609999999999893,559.4999999999893
ma3_ema9_21_50_15m_follow_pmc,short,2015-01-23 03:00:00-05:00,2015-01-23 15:45:00-05:00,1.13659,1.12711,1.0,stack_break,0.009479999999999933,946.4999999999933
ma3_ema9_21_50_15m_follow_pmc,short,2015-01-26 03:00:00-05:00,2015-01-26 04:45:00-05:00,1.11607,1.1177100000000002,1.0,stack_break,-0.0016400000000003079,-165.50000000003078
ma3_ema9_21_50_15m_follow_pmc,short,2015-01-27 03:00:00-05:00,2015-01-27 08:00:00-05:00,1.1244599999999998,1.1251900000000001,1.0,stack_break,-0.0007300000000003415,-74.50000000003415
ma3_ema9_21_50_15m_follow_pmc,short,2015-01-28 03:45:00-05:00,2015-01-28 06:30:00-05:00,1.1336799999999998,1.1376000000000002,1.0,stack_break,-0.003920000000000368,-393.5000000000368
ma3_ema9_21_50_15m_follow_pmc,short,2015-01-28 15:00:00-05:00,2015-01-28 16:15:00-05:00,1.13316,1.1344400000000001,1.0,session_end,-0.0012800000000001699,-129.500000000017
ma3_ema9_21_50_15m_follow_pmc,short,2015-01-29 03:00:00-05:00,2015-01-29 07:30:00-05:00,1.1285699999999999,1.12986,1.0,stack_break,-0.0012900000000002354,-130.50000000002353
ma3_ema9_21_50_15m_follow_pmc,short,2015-01-29 08:45:00-05:00,2015-01-29 09:00:00-05:00,1.12709,1.1294300000000002,1.0,stack_break,-0.002340000000000231,-235.50000000002308
ma3_ema9_21_50_15m_follow_pmc,short,2015-01-30 14:15:00-05:00,2015-01-30 16:15:00-05:00,1.13221,1.1286800000000001,1.0,session_end,0.003529999999999811,351.4999999999811
ma3_ema9_21_50_15m_follow_pmc,long,2015-02-02 03:00:00-05:00,2015-02-02 06:15:00-05:00,1.13178,1.13055,1.0,stack_break,-0.0012300000000000644,-124.50000000000644
ma3_ema9_21_50_15m_follow_pmc,long,2015-02-02 08:15:00-05:00,2015-02-02 13:15:00-05:00,1.1315600000000001,1.13154,1.0,stack_break,-2.0000000000131024e-05,-3.5000000000131024
ma3_ema9_21_50_15m_follow_pmc,long,2015-02-02 15:15:00-05:00,2015-02-02 16:15:00-05:00,1.13504,1.13428,1.0,session_end,-0.0007600000000000939,-77.5000000000094
ma3_ema9_21_50_15m_follow_pmc,long,2015-02-03 03:00:00-05:00,2015-02-03 04:00:00-05:00,1.1344100000000001,1.1334899999999999,1.0,stack_break,-0.000920000000000254,-93.5000000000254
ma3_ema9_21_50_15m_follow_pmc,long,2015-02-03 11:15:00-05:00,2015-02-03 16:15:00-05:00,1.1349200000000002,1.14459,1.0,session_end,0.009669999999999845,965.4999999999845
ma3_ema9_21_50_15m_follow_pmc,long,2015-02-04 05:00:00-05:00,2015-02-04 08:30:00-05:00,1.14684,1.14604,1.0,stack_break,-0.0008000000000001339,-81.50000000001339
ma3_ema9_21_50_15m_follow_pmc,long,2015-02-05 10:30:00-05:00,2015-02-05 16:15:00-05:00,1.13898,1.1429999999999998,1.0,session_end,0.0040199999999996905,400.4999999999691
ma3_ema9_21_50_15m_follow_pmc,long,2015-02-06 05:15:00-05:00,2015-02-06 07:00:00-05:00,1.1470600000000002,1.14631,1.0,stack_break,-0.0007500000000002505,-76.50000000002504
ma3_ema9_21_50_15m_follow_pmc,long,2015-02-09 09:15:00-05:00,2015-02-09 11:15:00-05:00,1.1344200000000002,1.1320299999999999,1.0,stack_break,-0.0023900000000003363,-240.50000000003362
ma3_ema9_21_50_15m_follow_pmc,short,2015-02-09 13:00:00-05:00,2015-02-09 15:30:00-05:00,1.1281899999999998,1.13287,1.0,stack_break,-0.0046800000000002395,-469.50000000002393
ma3_ema9_21_50_15m_follow_pmc,long,2015-02-10 03:00:00-05:00,2015-02-10 07:45:00-05:00,1.13371,1.13232,1.0,stack_break,-0.0013900000000000023,-140.50000000000023
ma3_ema9_21_50_15m_follow_pmc,short,2015-02-10 10:15:00-05:00,2015-02-10 15:00:00-05:00,1.12841,1.13101,1.0,stack_break,-0.0026000000000001577,-261.5000000000158
ma3_ema9_21_50_15m_follow_pmc,long,2015-02-11 03:00:00-05:00,2015-02-11 04:45:00-05:00,1.1325200000000002,1.13183,1.0,stack_break,-0.0006900000000003015,-70.50000000003016
ma3_ema9_21_50_15m_follow_pmc,long,2015-02-12 06:15:00-05:00,2015-02-12 16:15:00-05:00,1.13159,1.1375199999999999,1.0,session_end,0.005929999999999769,591.4999999999769
ma3_ema9_21_50_15m_follow_pmc,long,2015-02-13 04:00:00-05:00,2015-02-13 11:00:00-05:00,1.14056,1.14119,1.0,stack_break,0.0006299999999999084,61.49999999999084
ma3_ema9_21_50_15m_follow_pmc,long,2015-02-16 03:00:00-05:00,2015-02-16 10:15:00-05:00,1.1418100000000002,1.14038,1.0,stack_break,-0.0014300000000002644,-144.50000000002643
ma3_ema9_21_50_15m_follow_pmc,long,2015-02-16 12:00:00-05:00,2015-02-16 13:15:00-05:00,1.14178,1.14116,1.0,stack_break,-0.0006200000000000649,-63.500000000006494
ma3_ema9_21_50_15m_follow_pmc,long,2015-02-17 09:45:00-05:00,2015-02-17 15:45:00-05:00,1.1394000000000002,1.13814,1.0,stack_break,-0.001260000000000261,-127.50000000002609
ma3_ema9_21_50_15m_follow_pmc,long,2015-02-18 06:15:00-05:00,2015-02-18 07:15:00-05:00,1.141,1.13943,1.0,stack_break,-0.0015700000000000713,-158.50000000000713
ma3_ema9_21_50_15m_follow_pmc,long,2015-02-19 03:00:00-05:00,2015-02-19 10:30:00-05:00,1.1422700000000001,1.13912,1.0,stack_break,-0.003150000000000208,-316.5000000000208
ma3_ema9_21_50_15m_follow_pmc,long,2015-02-23 03:00:00-05:00,2015-02-23 05:45:00-05:00,1.1392200000000001,1.13749,1.0,stack_break,-0.0017300000000002314,-174.50000000002314
ma3_ema9_21_50_15m_follow_pmc,long,2015-02-24 16:00:00-05:00,2015-02-24 16:15:00-05:00,1.1340100000000002,1.13373,1.0,session_end,-0.00028000000000028,-29.500000000028002
ma3_ema9_21_50_15m_follow_pmc,long,2015-02-25 03:00:00-05:00,2015-02-25 11:15:00-05:00,1.1348,1.13475,1.0,stack_break,-5.0000000000105516e-05,-6.500000000010552
ma3_ema9_21_50_15m_follow_pmc,long,2015-02-25 16:00:00-05:00,2015-02-25 16:15:00-05:00,1.13626,1.13571,1.0,session_end,-0.0005500000000000504,-56.500000000005045
ma3_ema9_21_50_15m_follow_pmc,long,2015-02-26 03:00:00-05:00,2015-02-26 06:45:00-05:00,1.13647,1.1363299999999998,1.0,stack_break,-0.00014000000000025103,-15.500000000025103
ma3_ema9_21_50_15m_follow_pmc,long,2015-02-26 07:30:00-05:00,2015-02-26 07:45:00-05:00,1.1368900000000002,1.13635,1.0,stack_break,-0.000540000000000207,-55.5000000000207
ma3_ema9_21_50_15m_follow_pmc,short,2015-02-26 14:15:00-05:00,2015-02-26 16:15:00-05:00,1.1245399999999999,1.12149,1.0,session_end,0.003049999999999775,303.4999999999775
ma3_ema9_21_50_15m_follow_pmc,short,2015-02-27 08:30:00-05:00,2015-02-27 08:45:00-05:00,1.12022,1.1212300000000002,1.0,stack_break,-0.0010100000000001774,-102.50000000001774
ma3_ema9_21_50_15m_follow_pmc,short,2015-02-27 15:00:00-05:00,2015-02-27 16:15:00-05:00,1.11934,1.12139,1.0,session_end,-0.0020500000000001073,-206.50000000001074
ma3_ema9_21_50_15m_follow_pmc,short,2015-03-02 03:00:00-05:00,2015-03-02 05:15:00-05:00,1.1172099999999998,1.1179100000000002,1.0,stack_break,-0.000700000000000367,-71.50000000003669
ma3_ema9_21_50_15m_follow_pmc,short,2015-03-02 07:45:00-05:00,2015-03-02 08:45:00-05:00,1.1172099999999998,1.1192900000000001,1.0,stack_break,-0.002080000000000304,-209.50000000003038
ma3_ema9_21_50_15m_follow_pmc,long,2015-03-02 10:00:00-05:00,2015-03-02 15:45:00-05:00,1.1211200000000001,1.1194,1.0,stack_break,-0.0017200000000001658,-173.5000000000166
ma3_ema9_21_50_15m_follow_pmc,long,2015-03-03 05:00:00-05:00,2015-03-03 09:00:00-05:00,1.1198100000000002,1.1184999999999998,1.0,stack_break,-0.0013100000000003664,-132.50000000003664
ma3_ema9_21_50_15m_follow_pmc,short,2015-03-03 09:45:00-05:00,2015-03-03 15:00:00-05:00,1.1179999999999999,1.1187600000000002,1.0,stack_break,-0.000760000000000316,-77.5000000000316
ma3_ema9_21_50_15m_follow_pmc,short,2015-03-04 03:00:00-05:00,2015-03-04 16:15:00-05:00,1.11767,1.10718,1.0,session_end,0.010489999999999888,1047.4999999999889
ma3_ema9_21_50_15m_follow_pmc,short,2015-03-05 03:00:00-05:00,2015-03-05 12:45:00-05:00,1.1072,1.10541,1.0,stack_break,0.0017899999999999583,177.49999999999582
ma3_ema9_21_50_15m_follow_pmc,short,2015-03-05 14:30:00-05:00,2015-03-05 16:15:00-05:00,1.10158,1.1027200000000001,1.0,session_end,-0.001140000000000141,-115.5000000000141
ma3_ema9_21_50_15m_follow_pmc,short,2015-03-06 03:00:00-05:00,2015-03-06 16:15:00-05:00,1.10241,1.08637,1.0,session_end,0.016039999999999832,1602.4999999999832
ma3_ema9_21_50_15m_follow_pmc,short,2015-03-09 04:00:00-04:00,2015-03-09 06:30:00-04:00,1.0837299999999999,1.0850700000000002,1.0,stack_break,-0.001340000000000341,-135.5000000000341
ma3_ema9_21_50_15m_follow_pmc,short,2015-03-09 15:15:00-04:00,2015-03-09 16:15:00-04:00,1.08499,1.0846500000000001,1.0,session_end,0.0003399999999997849,32.49999999997849
ma3_ema9_21_50_15m_follow_pmc,short,2015-03-10 04:00:00-04:00,2015-03-10 16:15:00-04:00,1.0794599999999999,1.07094,1.0,session_end,0.008519999999999861,850.4999999999861
ma3_ema9_21_50_15m_follow_pmc,short,2015-03-11 04:00:00-04:00,2015-03-11 07:15:00-04:00,1.0683999999999998,1.0691400000000002,1.0,stack_break,-0.000740000000000407,-75.5000000000407
ma3_ema9_21_50_15m_follow_pmc,short,2015-03-11 07:30:00-04:00,2015-03-11 16:15:00-04:00,1.0677999999999999,1.05743,1.0,session_end,0.010369999999999768,1035.4999999999768
ma3_ema9_21_50_15m_follow_pmc,short,2015-03-12 04:00:00-04:00,2015-03-12 06:45:00-04:00,1.05107,1.0538,1.0,stack_break,-0.0027300000000001212,-274.5000000000121
ma3_ema9_21_50_15m_follow_pmc,short,2015-03-13 05:00:00-04:00,2015-03-13 08:45:00-04:00,1.0603799999999999,1.0612700000000002,1.0,stack_break,-0.0008900000000002795,-90.50000000002794
ma3_ema9_21_50_15m_follow_pmc,short,2015-03-13 10:45:00-04:00,2015-03-13 16:15:00-04:00,1.0592199999999998,1.05187,1.0,session_end,0.007349999999999746,733.4999999999745
ma3_ema9_21_50_15m_follow_pmc,short,2015-03-17 04:30:00-04:00,2015-03-17 07:15:00-04:00,1.0561999999999998,1.05807,1.0,stack_break,-0.0018700000000002603,-188.50000000002603
ma3_ema9_21_50_15m_follow_pmc,short,2015-03-18 06:15:00-04:00,2015-03-18 08:30:00-04:00,1.05808,1.0602500000000001,1.0,stack_break,-0.0021700000000002273,-218.50000000002274
ma3_ema9_21_50_15m_follow_pmc,short,2015-03-19 08:00:00-04:00,2015-03-19 16:15:00-04:00,1.06903,1.0621600000000002,1.0,session_end,0.00686999999999971,685.499999999971
ma3_ema9_21_50_15m_follow_pmc,short,2015-03-23 08:30:00-04:00,2015-03-23 10:00:00-04:00,1.0776,1.0825900000000002,1.0,stack_break,-0.004990000000000272,-500.50000000002717
ma3_ema9_21_50_15m_follow_pmc,short,2015-03-24 15:15:00-04:00,2015-03-24 16:15:00-04:00,1.0914499999999998,1.0908000000000002,1.0,session_end,0.0006499999999995953,63.49999999995953
ma3_ema9_21_50_15m_follow_pmc,short,2015-03-25 07:15:00-04:00,2015-03-25 08:00:00-04:00,1.09113,1.0934000000000001,1.0,stack_break,-0.0022700000000002163,-228.50000000002163
ma3_ema9_21_50_15m_follow_pmc,short,2015-03-26 14:30:00-04:00,2015-03-26 16:15:00-04:00,1.09225,1.09176,1.0,session_end,0.0004899999999998794,47.49999999998794
ma3_ema9_21_50_15m_follow_pmc,short,2015-03-27 04:00:00-04:00,2015-03-27 05:00:00-04:00,1.0881999999999998,1.08864,1.0,stack_break,-0.000440000000000218,-45.5000000000218
ma3_ema9_21_50_15m_follow_pmc,short,2015-03-27 06:30:00-04:00,2015-03-27 12:15:00-04:00,1.08781,1.0861100000000001,1.0,stack_break,0.0016999999999998128,168.49999999998127
ma3_ema9_21_50_15m_follow_pmc,short,2015-03-30 03:00:00-04:00,2015-03-30 16:15:00-04:00,1.0874599999999999,1.08129,1.0,session_end,0.006169999999999787,615.4999999999786
ma3_ema9_21_50_15m_follow_pmc,short,2015-03-31 03:00:00-04:00,2015-03-31 16:15:00-04:00,1.0820699999999999,1.0745500000000001,1.0,session_end,0.007519999999999749,750.4999999999749
ma3_ema9_21_50_15m_follow_pmc,long,2015-04-01 03:00:00-04:00,2015-04-01 07:30:00-04:00,1.07847,1.0757899999999998,1.0,stack_break,-0.0026800000000002377,-269.50000000002376
ma3_ema9_21_50_15m_follow_pmc,short,2015-04-01 09:00:00-04:00,2015-04-01 12:30:00-04:00,1.0724999999999998,1.0778800000000002,1.0,stack_break,-0.0053800000000003845,-539.5000000000384
ma3_ema9_21_50_15m_follow_pmc,long,2015-04-01 12:45:00-04:00,2015-04-01 16:15:00-04:00,1.07898,1.0764999999999998,1.0,session_end,-0.0024800000000002598,-249.50000000002598
ma3_ema9_21_50_15m_follow_pmc,long,2015-04-02 04:00:00-04:00,2015-04-02 16:15:00-04:00,1.07738,1.0872199999999999,1.0,session_end,0.009839999999999849,982.4999999999849
ma3_ema9_21_50_15m_follow_pmc,long,2015-04-03 04:45:00-04:00,2015-04-03 16:15:00-04:00,1.0878800000000002,1.0988,1.0,session_end,0.010919999999999819,1090.4999999999818
ma3_ema9_21_50_15m_follow_pmc,long,2015-04-06 08:45:00-04:00,2015-04-06 16:15:00-04:00,1.0980400000000001,1.1005099999999999,1.0,session_end,0.00246999999999975,245.49999999997502
ma3_ema9_21_50_15m_follow_pmc,long,2015-04-08 06:15:00-04:00,2015-04-08 12:15:00-04:00,1.08447,1.0842999999999998,1.0,stack_break,-0.00017000000000022553,-18.500000000022553
ma3_ema9_21_50_15m_follow_pmc,long,2015-04-08 12:30:00-04:00,2015-04-08 14:00:00-04:00,1.0864200000000002,1.08446,1.0,stack_break,-0.001960000000000184,-197.5000000000184
ma3_ema9_21_50_15m_follow_pmc,short,2015-04-09 08:00:00-04:00,2015-04-09 11:30:00-04:00,1.0736599999999998,1.07738,1.0,stack_break,-0.0037200000000001676,-373.50000000001677
ma3_ema9_21_50_15m_follow_pmc,short,2015-04-09 14:00:00-04:00,2015-04-09 16:15:00-04:00,1.07316,1.06665,1.0,session_end,0.006509999999999794,649.4999999999794
ma3_ema9_21_50_15m_follow_pmc,short,2015-04-10 06:45:00-04:00,2015-04-10 14:45:00-04:00,1.06626,1.06139,1.0,stack_break,0.00486999999999993,485.499999999993
ma3_ema9_21_50_15m_follow_pmc,short,2015-04-13 03:00:00-04:00,2015-04-13 07:30:00-04:00,1.05967,1.0612400000000002,1.0,stack_break,-0.0015700000000002934,-158.50000000002933
ma3_ema9_21_50_15m_follow_pmc,short,2015-04-13 08:15:00-04:00,2015-04-13 13:30:00-04:00,1.05653,1.06,1.0,stack_break,-0.003470000000000084,-348.5000000000084
ma3_ema9_21_50_15m_follow_pmc,short,2015-04-14 04:30:00-04:00,2015-04-14 09:45:00-04:00,1.0555899999999998,1.05682,1.0,stack_break,-0.0012300000000002864,-124.50000000002865
ma3_ema9_21_50_15m_follow_pmc,short,2015-04-15 03:30:00-04:00,2015-04-15 06:45:00-04:00,1.06348,1.06455,1.0,stack_break,-0.0010700000000001264,-108.50000000001265
ma3_ema9_21_50_15m_follow_pmc,short,2015-04-15 07:45:00-04:00,2015-04-15 13:30:00-04:00,1.0609499999999998,1.0635000000000001,1.0,stack_break,-0.0025500000000002743,-256.5000000000274
ma3_ema9_21_50_15m_follow_pmc,short,2015-04-15 15:45:00-04:00,2015-04-15 16:15:00-04:00,1.06019,1.0595100000000002,1.0,session_end,0.0006799999999997919,66.4999999999792
ma3_ema9_21_50_15m_follow_pmc,short,2015-04-16 08:00:00-04:00,2015-04-16 10:45:00-04:00,1.0631799999999998,1.06943,1.0,stack_break,-0.006250000000000311,-626.500000000031
ma3_ema9_21_50_15m_follow_pmc,long,2015-04-16 12:45:00-04:00,2015-04-16 16:15:00-04:00,1.07566,1.0740399999999999,1.0,session_end,-0.0016200000000001769,-163.50000000001768
ma3_ema9_21_50_15m_follow_pmc,long,2015-04-17 03:00:00-04:00,2015-04-17 07:15:00-04:00,1.07695,1.07547,1.0,stack_break,-0.0014800000000001479,-149.50000000001478
ma3_ema9_21_50_15m_follow_pmc,long,2015-04-17 07:30:00-04:00,2015-04-17 13:00:00-04:00,1.07772,1.077,1.0,stack_break,-0.0007200000000000539,-73.5000000000054
ma3_ema9_21_50_15m_follow_pmc,short,2015-04-20 11:00:00-04:00,2015-04-20 15:30:00-04:00,1.0737599999999998,1.0765600000000002,1.0,stack_break,-0.0028000000000003578,-281.50000000003575
ma3_ema9_21_50_15m_follow_pmc,short,2015-04-21 03:00:00-04:00,2015-04-21 12:15:00-04:00,1.0729099999999998,1.0701800000000001,1.0,stack_break,0.002729999999999677,271.4999999999677
ma3_ema9_21_50_15m_follow_pmc,long,2015-04-21 15:30:00-04:00,2015-04-21 16:15:00-04:00,1.07566,1.07527,1.0,session_end,-0.0003900000000001125,-40.50000000001125
ma3_ema9_21_50_15m_follow_pmc,short,2015-04-22 03:00:00-04:00,2015-04-22 05:15:00-04:00,1.07314,1.0735700000000001,1.0,stack_break,-0.0004300000000001525,-44.50000000001525
ma3_ema9_21_50_15m_follow_pmc,long,2015-04-22 05:45:00-04:00,2015-04-22 12:30:00-04:00,1.0744200000000002,1.0732899999999999,1.0,stack_break,-0.0011300000000002974,-114.50000000002974
ma3_ema9_21_50_15m_follow_pmc,short,2015-04-22 14:15:00-04:00,2015-04-22 16:15:00-04:00,1.0731499999999998,1.07302,1.0,session_end,0.00012999999999974143,11.499999999974143
ma3_ema9_21_50_15m_follow_pmc,short,2015-04-23 03:00:00-04:00,2015-04-23 05:45:00-04:00,1.06911,1.0716700000000001,1.0,stack_break,-0.0025600000000001177,-257.50000000001177
ma3_ema9_21_50_15m_follow_pmc,short,2015-04-23 06:45:00-04:00,2015-04-23 09:15:00-04:00,1.07011,1.07277,1.0,stack_break,-0.0026600000000001067,-267.5000000000107
ma3_ema9_21_50_15m_follow_pmc,long,2015-04-23 10:15:00-04:00,2015-04-23 16:15:00-04:00,1.0752000000000002,1.0804999999999998,1.0,session_end,0.005299999999999638,528.4999999999638
ma3_ema9_21_50_15m_follow_pmc,long,2015-04-24 06:45:00-04:00,2015-04-24 11:00:00-04:00,1.0864,1.0828799999999998,1.0,stack_break,-0.0035200000000001896,-353.500000000019
ma3_ema9_21_50_15m_follow_pmc,long,2015-04-24 13:30:00-04:00,2015-04-24 14:15:00-04:00,1.0856800000000002,1.0812199999999998,1.0,stack_break,-0.004460000000000353,-447.50000000003524
ma3_ema9_21_50_15m_follow_pmc,long,2015-04-24 15:15:00-04:00,2015-04-24 16:15:00-04:00,1.0865500000000001,1.0872899999999999,1.0,session_end,0.0007399999999997409,72.49999999997408
ma3_ema9_21_50_15m_follow_pmc,long,2015-04-27 06:00:00-04:00,2015-04-27 08:15:00-04:00,1.08728,1.08571,1.0,stack_break,-0.0015700000000000713,-158.50000000000713
ma3_ema9_21_50_15m_follow_pmc,long,2015-04-27 15:15:00-04:00,2015-04-27 16:15:00-04:00,1.08918,1.0889099999999998,1.0,session_end,-0.0002700000000002145,-28.50000000002145
ma3_ema9_21_50_15m_follow_pmc,long,2015-04-28 06:15:00-04:00,2015-04-28 07:15:00-04:00,1.0883200000000002,1.0864299999999998,1.0,stack_break,-0.0018900000000003914,-190.50000000003914
ma3_ema9_21_50_15m_follow_pmc,long,2015-04-28 07:30:00-04:00,2015-04-28 08:45:00-04:00,1.08959,1.08645,1.0,stack_break,-0.0031400000000001427,-315.50000000001427
ma3_ema9_21_50_15m_follow_pmc,long,2015-04-28 09:00:00-04:00,2015-04-28 16:15:00-04:00,1.08877,1.09764,1.0,session_end,0.008869999999999933,885.4999999999934
ma3_ema9_21_50_15m_follow_pmc,long,2015-04-29 07:15:00-04:00,2015-04-29 16:15:00-04:00,1.0979500000000002,1.11729,1.0,session_end,0.01933999999999969,1932.499999999969
ma3_ema9_21_50_15m_follow_pmc,long,2015-04-30 03:00:00-04:00,2015-04-30 03:15:00-04:00,1.11165,1.1113799999999998,1.0,stack_break,-0.0002700000000002145,-28.50000000002145
ma3_ema9_21_50_15m_follow_pmc,long,2015-04-30 07:45:00-04:00,2015-04-30 13:30:00-04:00,1.1156400000000002,1.11448,1.0,stack_break,-0.001160000000000272,-117.5000000000272
ma3_ema9_21_50_15m_follow_pmc,long,2015-04-30 15:15:00-04:00,2015-04-30 16:15:00-04:00,1.12115,1.1163699999999999,1.0,session_end,-0.0047800000000002285,-479.50000000002285
ma3_ema9_21_50_15m_follow_pmc,long,2015-05-01 06:15:00-04:00,2015-05-01 14:45:00-04:00,1.12247,1.1222899999999998,1.0,stack_break,-0.00018000000000029104,-19.500000000029104
ma3_ema9_21_50_15m_follow_pmc,short,2015-05-04 03:00:00-04:00,2015-05-04 06:00:00-04:00,1.11906,1.1197300000000001,1.0,stack_break,-0.0006700000000001705,-68.50000000001705
ma3_ema9_21_50_15m_follow_pmc,short,2015-05-04 07:30:00-04:00,2015-05-04 13:15:00-04:00,1.1167699999999998,1.11847,1.0,stack_break,-0.0017000000000002569,-171.5000000000257
ma3_ema9_21_50_15m_follow_pmc,short,2015-05-04 16:00:00-04:00,2015-05-04 16:15:00-04:00,1.1151099999999998,1.1141,1.0,session_end,0.0010099999999997333,99.49999999997334
ma3_ema9_21_50_15m_follow_pmc,short,2015-05-05 03:00:00-04:00,2015-05-05 11:15:00-04:00,1.1142999999999998,1.1127,1.0,stack_break,0.0015999999999998238,158.49999999998238
ma3_ema9_21_50_15m_follow_pmc,long,2015-05-06 03:15:00-04:00,2015-05-06 09:45:00-04:00,1.12149,1.12049,1.0,stack_break,-0.001000000000000112,-101.5000000000112
ma3_ema9_21_50_15m_follow_pmc,long,2015-05-06 11:30:00-04:00,2015-05-06 11:45:00-04:00,1.1232600000000001,1.12231,1.0,stack_break,-0.0009500000000002284,-96.50000000002285
ma3_ema9_21_50_15m_follow_pmc,long,2015-05-06 12:30:00-04:00,2015-05-06 16:15:00-04:00,1.1268,1.13468,1.0,session_end,0.007879999999999887,786.4999999999887
ma3_ema9_21_50_15m_follow_pmc,long,2015-05-07 03:45:00-04:00,2015-05-07 11:15:00-04:00,1.13456,1.1342299999999998,1.0,stack_break,-0.0003300000000001635,-34.50000000001635
ma3_ema9_21_50_15m_follow_pmc,short,2015-05-08 03:15:00-04:00,2015-05-08 08:30:00-04:00,1.1210699999999998,1.1239100000000002,1.0,stack_break,-0.0028400000000003978,-285.5000000000398
ma3_ema9_21_50_15m_follow_pmc,long,2015-05-08 14:00:00-04:00,2015-05-08 14:15:00-04:00,1.1246,1.12188,1.0,stack_break,-0.0027200000000000557,-273.50000000000557
ma3_ema9_21_50_15m_follow_pmc,short,2015-05-08 14:45:00-04:00,2015-05-08 16:00:00-04:00,1.1201699999999999,1.12474,1.0,stack_break,-0.004570000000000185,-458.50000000001853
ma3_ema9_21_50_15m_follow_pmc,short,2015-05-11 03:00:00-04:00,2015-05-11 07:15:00-04:00,1.11534,1.11878,1.0,stack_break,-0.0034400000000001096,-345.50000000001097
ma3_ema9_21_50_15m_follow_pmc,short,2015-05-11 10:45:00-04:00,2015-05-11 14:45:00-04:00,1.1153899999999999,1.1160500000000002,1.0,stack_break,-0.000660000000000327,-67.5000000000327
ma3_ema9_21_50_15m_follow_pmc,short,2015-05-11 15:30:00-04:00,2015-05-11 16:15:00-04:00,1.11486,1.11437,1.0,session_end,0.0004899999999998794,47.49999999998794
ma3_ema9_21_50_15m_follow_pmc,long,2015-05-12 07:45:00-04:00,2015-05-12 16:15:00-04:00,1.12176,1.12407,1.0,session_end,0.002309999999999812,229.4999999999812
ma3_ema9_21_50_15m_follow_pmc,long,2015-05-13 03:00:00-04:00,2015-05-13 09:00:00-04:00,1.1231300000000002,1.12334,1.0,stack_break,0.00020999999999982144,19.499999999982144
ma3_ema9_21_50_15m_follow_pmc,long,2015-05-13 12:45:00-04:00,2015-05-13 16:15:00-04:00,1.12698,1.1373199999999999,1.0,session_end,0.010339999999999794,1032.4999999999793
ma3_ema9_21_50_15m_follow_pmc,long,2015-05-14 03:00:00-04:00,2015-05-14 14:15:00-04:00,1.13527,1.13974,1.0,stack_break,0.004469999999999974,445.4999999999974
ma3_ema9_21_50_15m_follow_pmc,long,2015-05-15 03:00:00-04:00,2015-05-15 06:00:00-04:00,1.1407100000000001,1.1392499999999999,1.0,stack_break,-0.0014600000000002389,-147.50000000002387
ma3_ema9_21_50_15m_follow_pmc,long,2015-05-15 15:30:00-04:00,2015-05-15 16:15:00-04:00,1.14274,1.14279,1.0,session_end,4.999999999988347e-05,3.499999999988347
ma3_ema9_21_50_15m_follow_pmc,long,2015-05-18 06:30:00-04:00,2015-05-18 07:00:00-04:00,1.1439100000000002,1.1426599999999998,1.0,stack_break,-0.0012500000000004174,-126.50000000004175
ma3_ema9_21_50_15m_follow_pmc,short,2015-05-19 07:45:00-04:00,2015-05-19 16:15:00-04:00,1.1194,1.11542,1.0,session_end,0.0039799999999998725,396.49999999998727
ma3_ema9_21_50_15m_follow_pmc,short,2015-05-20 03:00:00-04:00,2015-05-20 03:15:00-04:00,1.1145299999999998,1.1145100000000001,1.0,stack_break,1.9999999999686935e-05,0.4999999999686935
ma3_ema9_21_50_15m_follow_pmc,short,2015-05-20 04:30:00-04:00,2015-05-20 10:45:00-04:00,1.1137299999999999,1.11192,1.0,stack_break,0.0018099999999998673,179.49999999998673
ma3_ema9_21_50_15m_follow_pmc,short,2015-05-20 11:00:00-04:00,2015-05-20 12:45:00-04:00,1.11039,1.1136100000000002,1.0,stack_break,-0.0032200000000002227,-323.5000000000223
ma3_ema9_21_50_15m_follow_pmc,short,2015-05-20 14:15:00-04:00,2015-05-20 16:15:00-04:00,1.11041,1.10782,1.0,session_end,0.00258999999999987,257.49999999998704
ma3_ema9_21_50_15m_follow_pmc,short,2015-05-22 13:30:00-04:00,2015-05-22 16:15:00-04:00,1.1038,1.1031700000000002,1.0,session_end,0.0006299999999996864,61.49999999996864
ma3_ema9_21_50_15m_follow_pmc,short,2015-05-25 03:00:00-04:00,2015-05-25 06:30:00-04:00,1.09836,1.09918,1.0,stack_break,-0.0008200000000000429,-83.50000000000429
ma3_ema9_21_50_15m_follow_pmc,short,2015-05-25 08:15:00-04:00,2015-05-25 13:00:00-04:00,1.09703,1.0990300000000002,1.0,stack_break,-0.002000000000000224,-201.5000000000224
ma3_ema9_21_50_15m_follow_pmc,short,2015-05-25 14:15:00-04:00,2015-05-25 16:15:00-04:00,1.09709,1.0972300000000001,1.0,session_end,-0.00014000000000025103,-15.500000000025103
ma3_ema9_21_50_15m_follow_pmc,short,2015-05-26 03:00:00-04:00,2015-05-26 12:00:00-04:00,1.09472,1.09281,1.0,stack_break,0.0019099999999998563,189.49999999998562
ma3_ema9_21_50_15m_follow_pmc,short,2015-05-26 13:15:00-04:00,2015-05-26 16:15:00-04:00,1.09031,1.0874400000000002,1.0,session_end,0.002869999999999706,285.4999999999706
ma3_ema9_21_50_15m_follow_pmc,short,2015-05-27 03:00:00-04:00,2015-05-27 03:45:00-04:00,1.0876199999999998,1.0887300000000002,1.0,stack_break,-0.0011100000000003885,-112.50000000003885
ma3_ema9_21_50_15m_follow_pmc,short,2015-05-27 12:15:00-04:00,2015-05-27 16:00:00-04:00,1.08656,1.08962,1.0,stack_break,-0.0030600000000000627,-307.50000000000625
ma3_ema9_21_50_15m_follow_pmc,short,2015-05-28 13:00:00-04:00,2015-05-28 16:15:00-04:00,1.08883,1.08929,1.0,session_end,-0.000460000000000127,-47.5000000000127
ma3_ema9_21_50_15m_follow_pmc,short,2015-06-01 03:00:00-04:00,2015-06-01 05:00:00-04:00,1.0951199999999999,1.0960800000000002,1.0,stack_break,-0.000960000000000294,-97.50000000002939
ma3_ema9_21_50_15m_follow_pmc,short,2015-06-01 06:45:00-04:00,2015-06-01 12:30:00-04:00,1.0944399999999999,1.09399,1.0,stack_break,0.0004499999999998394,43.49999999998394
ma3_ema9_21_50_15m_follow_pmc,short,2015-06-01 15:00:00-04:00,2015-06-01 16:15:00-04:00,1.0907099999999998,1.0910300000000002,1.0,session_end,-0.00032000000000032003,-33.500000000032
ma3_ema9_21_50_15m_follow_pmc,short,2015-06-02 03:00:00-04:00,2015-06-02 03:30:00-04:00,1.0925999999999998,1.09281,1.0,stack_break,-0.00021000000000026553,-22.500000000026553
ma3_ema9_21_50_15m_follow_pmc,long,2015-06-02 07:30:00-04:00,2015-06-02 16:15:00-04:00,1.0985900000000002,1.1127399999999998,1.0,session_end,0.014149999999999663,1413.4999999999663
ma3_ema9_21_50_15m_follow_pmc,long,2015-06-03 03:00:00-04:00,2015-06-03 07:30:00-04:00,1.1159100000000002,1.11319,1.0,stack_break,-0.0027200000000002778,-273.5000000000278
ma3_ema9_21_50_15m_follow_pmc,long,2015-06-03 14:00:00-04:00,2015-06-03 16:15:00-04:00,1.12,1.128,1.0,session_end,0.007999999999999785,798.4999999999785
ma3_ema9_21_50_15m_follow_pmc,long,2015-06-04 03:00:00-04:00,2015-06-04 07:00:00-04:00,1.1265800000000001,1.1250099999999998,1.0,stack_break,-0.0015700000000002934,-158.50000000002933
ma3_ema9_21_50_15m_follow_pmc,long,2015-06-04 08:30:00-04:00,2015-06-04 13:15:00-04:00,1.13056,1.12882,1.0,stack_break,-0.0017400000000000748,-175.50000000000747
ma3_ema9_21_50_15m_follow_pmc,long,2015-06-05 08:15:00-04:00,2015-06-05 11:30:00-04:00,1.12748,1.1223699999999999,1.0,stack_break,-0.00511000000000017,-512.500000000017
ma3_ema9_21_50_15m_follow_pmc,long,2015-06-08 07:45:00-04:00,2015-06-08 16:15:00-04:00,1.1162800000000002,1.12316,1.0,session_end,0.006879999999999775,686.4999999999775
ma3_ema9_21_50_15m_follow_pmc,long,2015-06-09 03:00:00-04:00,2015-06-09 07:30:00-04:00,1.13206,1.12778,1.0,stack_break,-0.0042800000000000615,-429.50000000000614
ma3_ema9_21_50_15m_follow_pmc,long,2015-06-10 03:00:00-04:00,2015-06-10 04:00:00-04:00,1.1291900000000001,1.12818,1.0,stack_break,-0.0010100000000001774,-102.50000000001774
ma3_ema9_21_50_15m_follow_pmc,long,2015-06-10 05:15:00-04:00,2015-06-10 10:30:00-04:00,1.1295700000000002,1.13058,1.0,stack_break,0.0010099999999997333,99.49999999997334
ma3_ema9_21_50_15m_follow_pmc,long,2015-06-10 13:45:00-04:00,2015-06-10 15:00:00-04:00,1.13379,1.12747,1.0,stack_break,-0.006320000000000103,-633.5000000000103
ma3_ema9_21_50_15m_follow_pmc,long,2015-06-10 15:30:00-04:00,2015-06-10 16:15:00-04:00,1.13318,1.13059,1.0,session_end,-0.0025900000000000922,-260.5000000000092
ma3_ema9_21_50_15m_follow_pmc,long,2015-06-12 03:45:00-04:00,2015-06-12 05:15:00-04:00,1.1261400000000001,1.12295,1.0,stack_break,-0.003190000000000248,-320.50000000002484
ma3_ema9_21_50_15m_follow_pmc,long,2015-06-12 15:15:00-04:00,2015-06-12 16:15:00-04:00,1.12708,1.12761,1.0,session_end,0.0005299999999999194,51.49999999999194
ma3_ema9_21_50_15m_follow_pmc,long,2015-06-15 09:00:00-04:00,2015-06-15 11:00:00-04:00,1.1245100000000001,1.1215899999999999,1.0,stack_break,-0.0029200000000002557,-293.5000000000256
ma3_ema9_21_50_15m_follow_pmc,long,2015-06-15 14:00:00-04:00,2015-06-15 16:15:00-04:00,1.12324,1.12618,1.0,session_end,0.0029399999999999427,292.49999999999426
ma3_ema9_21_50_15m_follow_pmc,long,2015-06-16 04:15:00-04:00,2015-06-16 06:30:00-04:00,1.1279000000000001,1.1265999999999998,1.0,stack_break,-0.001300000000000301,-131.5000000000301
ma3_ema9_21_50_15m_follow_pmc,long,2015-06-16 07:15:00-04:00,2015-06-16 09:15:00-04:00,1.13105,1.1257499999999998,1.0,stack_break,-0.0053000000000003045,-531.5000000000305
ma3_ema9_21_50_15m_follow_pmc,long,2015-06-17 03:00:00-04:00,2015-06-17 06:45:00-04:00,1.12544,1.1246999999999998,1.0,stack_break,-0.000740000000000185,-75.5000000000185
ma3_ema9_21_50_15m_follow_pmc,long,2015-06-17 07:15:00-04:00,2015-06-17 11:30:00-04:00,1.12592,1.1253199999999999,1.0,stack_break,-0.000600000000000156,-61.500000000015596
ma3_ema9_21_50_15m_follow_pmc,long,2015-06-17 12:15:00-04:00,2015-06-17 14:45:00-04:00,1.12714,1.1241899999999998,1.0,stack_break,-0.00295000000000023,-296.500000000023
ma3_ema9_21_50_15m_follow_pmc,long,2015-06-18 03:00:00-04:00,2015-06-18 07:00:00-04:00,1.1356000000000002,1.1343699999999999,1.0,stack_break,-0.0012300000000002864,-124.50000000002865
ma3_ema9_21_50_15m_follow_pmc,long,2015-06-18 08:00:00-04:00,2015-06-18 16:15:00-04:00,1.1364500000000002,1.1400499999999998,1.0,session_end,0.0035999999999996035,358.4999999999603
ma3_ema9_21_50_15m_follow_pmc,long,2015-06-22 03:00:00-04:00,2015-06-22 08:00:00-04:00,1.1376600000000001,1.1349999999999998,1.0,stack_break,-0.0026600000000003288,-267.50000000003286
ma3_ema9_21_50_15m_follow_pmc,long,2015-06-22 15:00:00-04:00,2015-06-22 16:15:00-04:00,1.13999,1.1372799999999998,1.0,session_end,-0.0027100000000002122,-272.5000000000212
ma3_ema9_21_50_15m_follow_pmc,long,2015-06-24 06:15:00-04:00,2015-06-24 11:15:00-04:00,1.1194000000000002,1.1200199999999998,1.0,stack_break,0.0006199999999996209,60.499999999962085
ma3_ema9_21_50_15m_follow_pmc,long,2015-06-24 12:00:00-04:00,2015-06-24 13:15:00-04:00,1.12138,1.11933,1.0,stack_break,-0.0020500000000001073,-206.50000000001074
ma3_ema9_21_50_15m_follow_pmc,long,2015-06-25 03:00:00-04:00,2015-06-25 06:00:00-04:00,1.12101,1.11974,1.0,stack_break,-0.0012700000000001044,-128.50000000001043
ma3_ema9_21_50_15m_follow_pmc,long,2015-06-25 09:00:00-04:00,2015-06-25 09:15:00-04:00,1.12108,1.1188699999999998,1.0,stack_break,-0.0022100000000002673,-222.50000000002672
ma3_ema9_21_50_15m_follow_pmc,long,2015-06-25 13:45:00-04:00,2015-06-25 14:30:00-04:00,1.12088,1.11936,1.0,stack_break,-0.0015200000000001879,-153.5000000000188
ma3_ema9_21_50_15m_follow_pmc,long,2015-06-25 15:00:00-04:00,2015-06-25 15:15:00-04:00,1.1202100000000002,1.11917,1.0,stack_break,-0.001040000000000152,-105.50000000001519
ma3_ema9_21_50_15m_follow_pmc,long,2015-06-26 08:15:00-04:00,2015-06-26 13:15:00-04:00,1.1209200000000001,1.11754,1.0,stack_break,-0.0033800000000001607,-339.5000000000161
ma3_ema9_21_50_15m_follow_pmc,long,2015-06-29 09:00:00-04:00,2015-06-29 16:15:00-04:00,1.11185,1.11753,1.0,session_end,0.005679999999999907,566.4999999999907
ma3_ema9_21_50_15m_follow_pmc,long,2015-06-30 13:30:00-04:00,2015-06-30 15:15:00-04:00,1.1227900000000002,1.11357,1.0,stack_break,-0.009220000000000228,-923.5000000000229
ma3_ema9_21_50_15m_follow_pmc,short,2015-07-01 06:15:00-04:00,2015-07-01 09:45:00-04:00,1.1129399999999998,1.11382,1.0,stack_break,-0.0008800000000002139,-89.5000000000214
ma3_ema9_21_50_15m_follow_pmc,short,2015-07-01 10:30:00-04:00,2015-07-01 16:15:00-04:00,1.11207,1.1081400000000001,1.0,session_end,0.003929999999999767,391.4999999999767
ma3_ema9_21_50_15m_follow_pmc,short,2015-07-02 08:00:00-04:00,2015-07-02 09:00:00-04:00,1.10527,1.10739,1.0,stack_break,-0.002120000000000122,-213.50000000001216
ma3_ema9_21_50_15m_follow_pmc,short,2015-07-06 05:15:00-04:00,2015-07-06 06:00:00-04:00,1.10292,1.10565,1.0,stack_break,-0.0027300000000001212,-274.5000000000121
ma3_ema9_21_50_15m_follow_pmc,short,2015-07-06 11:00:00-04:00,2015-07-06 14:45:00-04:00,1.1027399999999998,1.10497,1.0,stack_break,-0.0022300000000001763,-224.50000000001762
ma3_ema9_21_50_15m_follow_pmc,short,2015-07-07 03:00:00-04:00,2015-07-07 16:15:00-04:00,1.1036199999999998,1.0954300000000001,1.0,session_end,0.008189999999999698,817.4999999999698
ma3_ema9_21_50_15m_follow_pmc,short,2015-07-09 09:00:00-04:00,2015-07-09 14:15:00-04:00,1.1040999999999999,1.1065,1.0,stack_break,-0.0024000000000001798,-241.50000000001796
ma3_ema9_21_50_15m_follow_pmc,short,2015-07-09 15:00:00-04:00,2015-07-09 16:15:00-04:00,1.1037,1.1025,1.0,session_end,0.0011999999999998678,118.49999999998678
ma3_ema9_21_50_15m_follow_pmc,long,2015-07-10 09:30:00-04:00,2015-07-10 15:45:00-04:00,1.1143,1.1143699999999999,1.0,stack_break,6.999999999979245e-05,5.499999999979245
ma3_ema9_21_50_15m_follow_pmc,short,2015-07-13 03:00:00-04:00,2015-07-13 03:30:00-04:00,1.11222,1.1145500000000002,1.0,stack_break,-0.0023300000000001653,-234.50000000001654
ma3_ema9_21_50_15m_follow_pmc,long,2015-07-13 06:15:00-04:00,2015-07-13 08:15:00-04:00,1.11434,1.1088699999999998,1.0,stack_break,-0.005470000000000308,-548.5000000000308
ma3_ema9_21_50_15m_follow_pmc,short,2015-07-13 08:30:00-04:00,2015-07-13 16:15:00-04:00,1.1066999999999998,1.1020500000000002,1.0,session_end,0.004649999999999599,463.49999999995987
ma3_ema9_21_50_15m_follow_pmc,short,2015-07-14 06:30:00-04:00,2015-07-14 08:45:00-04:00,1.0972799999999998,1.1020500000000002,1.0,stack_break,-0.004770000000000385,-478.5000000000385
ma3_ema9_21_50_15m_follow_pmc,short,2015-07-15 03:00:00-04:00,2015-07-15 06:45:00-04:00,1.09977,1.10139,1.0,stack_break,-0.0016200000000001769,-163.50000000001768
ma3_ema9_21_50_15m_follow_pmc,short,2015-07-15 07:15:00-04:00,2015-07-15 07:30:00-04:00,1.09957,1.1007200000000001,1.0,stack_break,-0.0011500000000002064,-116.50000000002063
ma3_ema9_21_50_15m_follow_pmc,short,2015-07-15 13:00:00-04:00,2015-07-15 16:15:00-04:00,1.09791,1.0965,1.0,session_end,0.0014099999999999113,139.49999999999113
ma3_ema9_21_50_15m_follow_pmc,short,2015-07-16 03:00:00-04:00,2015-07-16 14:45:00-04:00,1.0929,1.0908900000000001,1.0,stack_break,0.0020099999999998452,199.49999999998454
ma3_ema9_21_50_15m_follow_pmc,short,2015-07-17 07:15:00-04:00,2015-07-17 07:30:00-04:00,1.0881399999999999,1.08938,1.0,stack_break,-0.0012400000000001299,-125.50000000001299
ma3_ema9_21_50_15m_follow_pmc,short,2015-07-17 10:45:00-04:00,2015-07-17 16:15:00-04:00,1.08737,1.08492,1.0,session_end,0.002449999999999841,243.4999999999841
ma3_ema9_21_50_15m_follow_pmc,short,2015-07-20 03:00:00-04:00,2015-07-20 06:45:00-04:00,1.08287,1.08335,1.0,stack_break,-0.00048000000000003595,-49.500000000003595
ma3_ema9_21_50_15m_follow_pmc,short,2015-07-21 03:00:00-04:00,2015-07-21 07:30:00-04:00,1.0829799999999998,1.0831600000000001,1.0,stack_break,-0.00018000000000029104,-19.500000000029104
ma3_ema9_21_50_15m_follow_pmc,short,2015-07-22 12:15:00-04:00,2015-07-22 16:15:00-04:00,1.0915499999999998,1.08858,1.0,session_end,0.002969999999999695,295.49999999996953
ma3_ema9_21_50_15m_follow_pmc,short,2015-07-24 03:15:00-04:00,2015-07-24 14:15:00-04:00,1.09741,1.09613,1.0,stack_break,0.0012799999999999478,126.49999999999478
ma3_ema9_21_50_15m_follow_pmc,short,2015-07-28 04:15:00-04:00,2015-07-28 15:45:00-04:00,1.1072799999999998,1.10494,1.0,stack_break,0.0023399999999997867,232.49999999997868
ma3_ema9_21_50_15m_follow_pmc,short,2015-07-29 06:45:00-04:00,2015-07-29 09:45:00-04:00,1.10422,1.1066,1.0,stack_break,-0.0023800000000000487,-239.5000000000049
ma3_ema9_21_50_15m_follow_pmc,short,2015-07-29 11:45:00-04:00,2015-07-29 16:15:00-04:00,1.1043999999999998,1.1025900000000002,1.0,session_end,0.0018099999999996452,179.49999999996453
ma3_ema9_21_50_15m_follow_pmc,short,2015-07-30 03:00:00-04:00,2015-07-30 09:30:00-04:00,1.0973499999999998,1.09807,1.0,stack_break,-0.000720000000000276,-73.5000000000276
ma3_ema9_21_50_15m_follow_pmc,short,2015-07-30 11:15:00-04:00,2015-07-30 16:15:00-04:00,1.0959699999999999,1.0914700000000002,1.0,session_end,0.0044999999999997264,448.49999999997266
ma3_ema9_21_50_15m_follow_pmc,short,2015-08-03 03:00:00-04:00,2015-08-03 04:00:00-04:00,1.09768,1.0986900000000002,1.0,stack_break,-0.0010100000000001774,-102.50000000001774
ma3_ema9_21_50_15m_follow_pmc,short,2015-08-03 05:45:00-04:00,2015-08-03 06:00:00-04:00,1.0974199999999998,1.0982,1.0,stack_break,-0.000780000000000225,-79.5000000000225
ma3_ema9_21_50_15m_follow_pmc,short,2015-08-03 06:15:00-04:00,2015-08-03 07:15:00-04:00,1.0976499999999998,1.09897,1.0,stack_break,-0.00132000000000021,-133.50000000002098
ma3_ema9_21_50_15m_follow_pmc,short,2015-08-03 08:15:00-04:00,2015-08-03 14:15:00-04:00,1.09716,1.0971700000000002,1.0,stack_break,-1.0000000000287557e-05,-2.5000000000287557
ma3_ema9_21_50_15m_follow_pmc,short,2015-08-04 03:00:00-04:00,2015-08-04 06:00:00-04:00,1.0944299999999998,1.09542,1.0,stack_break,-0.0009900000000002684,-100.50000000002684
ma3_ema9_21_50_15m_follow_pmc,long,2015-08-04 11:30:00-04:00,2015-08-04 14:00:00-04:00,1.0984200000000002,1.09656,1.0,stack_break,-0.0018600000000001948,-187.5000000000195
ma3_ema9_21_50_15m_follow_pmc,short,2015-08-05 03:00:00-04:00,2015-08-05 11:45:00-04:00,1.0862999999999998,1.0865900000000002,1.0,stack_break,-0.00029000000000034554,-30.500000000034554
ma3_ema9_21_50_15m_follow_pmc,short,2015-08-05 15:15:00-04:00,2015-08-05 16:15:00-04:00,1.08665,1.0868200000000001,1.0,session_end,-0.00017000000000022553,-18.500000000022553
ma3_ema9_21_50_15m_follow_pmc,short,2015-08-06 09:30:00-04:00,2015-08-06 14:15:00-04:00,1.08903,1.0913700000000002,1.0,stack_break,-0.002340000000000231,-235.50000000002308
ma3_ema9_21_50_15m_follow_pmc,short,2015-08-07 06:00:00-04:00,2015-08-07 07:45:00-04:00,1.0917599999999998,1.0946200000000001,1.0,stack_break,-0.0028600000000003067,-287.5000000000307
ma3_ema9_21_50_15m_follow_pmc,short,2015-08-07 13:00:00-04:00,2015-08-07 15:30:00-04:00,1.0885999999999998,1.09335,1.0,stack_break,-0.004750000000000254,-476.5000000000254
ma3_ema9_21_50_15m_follow_pmc,short,2015-08-10 10:30:00-04:00,2015-08-10 14:15:00-04:00,1.09367,1.09749,1.0,stack_break,-0.0038200000000001566,-383.5000000000157
ma3_ema9_21_50_15m_follow_pmc,long,2015-08-10 15:15:00-04:00,2015-08-10 16:15:00-04:00,1.0983800000000001,1.0993899999999999,1.0,session_end,0.0010099999999997333,99.49999999997334
ma3_ema9_21_50_15m_follow_pmc,short,2015-08-11 03:30:00-04:00,2015-08-11 07:45:00-04:00,1.09812,1.10207,1.0,stack_break,-0.00395000000000012,-396.500000000012
ma3_ema9_21_50_15m_follow_pmc,long,2015-08-11 08:15:00-04:00,2015-08-11 16:15:00-04:00,1.10399,1.1041699999999999,1.0,session_end,0.00017999999999984695,16.499999999984695
ma3_ema9_21_50_15m_follow_pmc,long,2015-08-12 03:00:00-04:00,2015-08-12 16:15:00-04:00,1.1053000000000002,1.1198899999999998,1.0,session_end,0.014589999999999659,1457.499999999966
ma3_ema9_21_50_15m_follow_pmc,long,2015-08-14 04:30:00-04:00,2015-08-14 06:45:00-04:00,1.1153700000000002,1.11476,1.0,stack_break,-0.0006100000000002215,-62.50000000002215
ma3_ema9_21_50_15m_follow_pmc,long,2015-08-14 07:15:00-04:00,2015-08-14 08:00:00-04:00,1.11568,1.11468,1.0,stack_break,-0.001000000000000112,-101.5000000000112
ma3_ema9_21_50_15m_follow_pmc,long,2015-08-14 10:30:00-04:00,2015-08-14 13:30:00-04:00,1.11549,1.1140599999999998,1.0,stack_break,-0.0014300000000002644,-144.50000000002643
ma3_ema9_21_50_15m_follow_pmc,long,2015-08-17 13:15:00-04:00,2015-08-17 14:30:00-04:00,1.11084,1.1081999999999999,1.0,stack_break,-0.0026400000000001977,-265.5000000000198
ma3_ema9_21_50_15m_follow_pmc,long,2015-08-19 03:15:00-04:00,2015-08-19 09:45:00-04:00,1.1048200000000001,1.1034899999999999,1.0,stack_break,-0.0013300000000002754,-134.50000000002754
ma3_ema9_21_50_15m_follow_pmc,long,2015-08-19 15:45:00-04:00,2015-08-19 16:15:00-04:00,1.10549,1.1060299999999998,1.0,session_end,0.0005399999999997629,52.49999999997629
ma3_ema9_21_50_15m_follow_pmc,long,2015-08-20 03:00:00-04:00,2015-08-20 06:45:00-04:00,1.1134600000000001,1.1127699999999998,1.0,stack_break,-0.0006900000000003015,-70.50000000003016
ma3_ema9_21_50_15m_follow_pmc,long,2015-08-20 09:30:00-04:00,2015-08-20 16:15:00-04:00,1.1149900000000001,1.1199999999999999,1.0,session_end,0.005009999999999737,499.4999999999737
ma3_ema9_21_50_15m_follow_pmc,long,2015-08-21 03:00:00-04:00,2015-08-21 08:00:00-04:00,1.12741,1.12556,1.0,stack_break,-0.0018500000000001293,-186.50000000001293
ma3_ema9_21_50_15m_follow_pmc,long,2015-08-21 10:45:00-04:00,2015-08-21 16:15:00-04:00,1.12857,1.13533,1.0,session_end,0.006759999999999877,674.4999999999877
ma3_ema9_21_50_15m_follow_pmc,long,2015-08-24 03:00:00-04:00,2015-08-24 16:15:00-04:00,1.1483700000000001,1.15777,1.0,session_end,0.009399999999999853,938.4999999999853
ma3_ema9_21_50_15m_follow_pmc,long,2015-08-26 03:00:00-04:00,2015-08-26 04:45:00-04:00,1.1531500000000001,1.15085,1.0,stack_break,-0.0023000000000001908,-231.50000000001907
ma3_ema9_21_50_15m_follow_pmc,long,2015-08-28 05:30:00-04:00,2015-08-28 12:00:00-04:00,1.1262500000000002,1.1256499999999998,1.0,stack_break,-0.000600000000000378,-61.5000000000378
ma3_ema9_21_50_15m_follow_pmc,long,2015-08-31 03:00:00-04:00,2015-08-31 07:45:00-04:00,1.1236700000000002,1.12195,1.0,stack_break,-0.0017200000000001658,-173.5000000000166
ma3_ema9_21_50_15m_follow_pmc,long,2015-08-31 14:00:00-04:00,2015-08-31 15:00:00-04:00,1.12385,1.11903,1.0,stack_break,-0.0048200000000000465,-483.50000000000466
ma3_ema9_21_50_15m_follow_pmc,long,2015-09-01 03:00:00-04:00,2015-09-01 10:00:00-04:00,1.12666,1.1258,1.0,stack_break,-0.0008600000000000829,-87.5000000000083
ma3_ema9_21_50_15m_follow_pmc,short,2015-09-03 03:00:00-04:00,2015-09-03 05:30:00-04:00,1.12154,1.1228,1.0,stack_break,-0.0012600000000000389,-127.5000000000039
ma3_ema9_21_50_15m_follow_pmc,long,2015-09-03 08:45:00-04:00,2015-09-03 11:00:00-04:00,1.12396,1.12235,1.0,stack_break,-0.0016100000000001113,-162.50000000001114
ma3_ema9_21_50_15m_follow_pmc,long,2015-09-03 12:15:00-04:00,2015-09-03 13:00:00-04:00,1.1234700000000002,1.1141699999999999,1.0,stack_break,-0.009300000000000308,-931.5000000000308
ma3_ema9_21_50_15m_follow_pmc,short,2015-09-03 13:00:00-04:00,2015-09-03 16:15:00-04:00,1.1141699999999999,1.1104200000000002,1.0,session_end,0.003749999999999698,373.4999999999698
ma3_ema9_21_50_15m_follow_pmc,short,2015-09-04 03:30:00-04:00,2015-09-04 04:00:00-04:00,1.1122699999999999,1.11288,1.0,stack_break,-0.0006100000000002215,-62.50000000002215
ma3_ema9_21_50_15m_follow_pmc,short,2015-09-04 04:15:00-04:00,2015-09-04 04:30:00-04:00,1.11246,1.11284,1.0,stack_break,-0.00038000000000004697,-39.5000000000047
ma3_ema9_21_50_15m_follow_pmc,short,2015-09-04 13:00:00-04:00,2015-09-04 16:15:00-04:00,1.11012,1.11209,1.0,session_end,-0.0019700000000000273,-198.50000000000273
ma3_ema9_21_50_15m_follow_pmc,short,2015-09-07 06:30:00-04:00,2015-09-07 08:15:00-04:00,1.11289,1.11562,1.0,stack_break,-0.0027300000000001212,-274.5000000000121
ma3_ema9_21_50_15m_follow_pmc,short,2015-09-08 10:30:00-04:00,2015-09-08 14:15:00-04:00,1.1157199999999998,1.11765,1.0,stack_break,-0.0019300000000002093,-194.50000000002092
ma3_ema9_21_50_15m_follow_pmc,short,2015-09-09 03:45:00-04:00,2015-09-09 08:30:00-04:00,1.1177499999999998,1.1179800000000002,1.0,stack_break,-0.00023000000000039655,-24.500000000039655
ma3_ema9_21_50_15m_follow_pmc,short,2015-09-09 10:45:00-04:00,2015-09-09 15:15:00-04:00,1.1158,1.11646,1.0,stack_break,-0.000660000000000105,-67.50000000001049
ma3_ema9_21_50_15m_follow_pmc,long,2015-09-10 06:45:00-04:00,2015-09-10 07:30:00-04:00,1.1224900000000002,1.1207799999999999,1.0,stack_break,-0.0017100000000003224,-172.50000000003223
ma3_ema9_21_50_15m_follow_pmc,short,2015-09-10 09:45:00-04:00,2015-09-10 13:15:00-04:00,1.11923,1.1210600000000002,1.0,stack_break,-0.0018300000000002203,-184.50000000002203
ma3_ema9_21_50_15m_follow_pmc,long,2015-09-10 15:30:00-04:00,2015-09-10 16:15:00-04:00,1.1262500000000002,1.12614,1.0,session_end,-0.00011000000000027654,-12.500000000027654
ma3_ema9_21_50_15m_follow_pmc,long,2015-09-11 03:00:00-04:00,2015-09-11 09:45:00-04:00,1.1280400000000002,1.1274099999999998,1.0,stack_break,-0.0006300000000003525,-64.50000000003524
ma3_ema9_21_50_15m_follow_pmc,long,2015-09-11 14:15:00-04:00,2015-09-11 16:15:00-04:00,1.12968,1.1337899999999999,1.0,session_end,0.004109999999999836,409.49999999998363
ma3_ema9_21_50_15m_follow_pmc,long,2015-09-14 03:00:00-04:00,2015-09-14 06:00:00-04:00,1.1343100000000002,1.13408,1.0,stack_break,-0.0002300000000001745,-24.50000000001745
ma3_ema9_21_50_15m_follow_pmc,long,2015-09-14 06:30:00-04:00,2015-09-14 08:30:00-04:00,1.1350600000000002,1.13401,1.0,stack_break,-0.0010500000000002174,-106.50000000002174
ma3_ema9_21_50_15m_follow_pmc,long,2015-09-15 04:00:00-04:00,2015-09-15 07:00:00-04:00,1.13271,1.13005,1.0,stack_break,-0.0026600000000001067,-267.5000000000107
ma3_ema9_21_50_15m_follow_pmc,long,2015-09-15 12:30:00-04:00,2015-09-15 13:00:00-04:00,1.13247,1.13008,1.0,stack_break,-0.0023900000000001143,-240.50000000001143
ma3_ema9_21_50_15m_follow_pmc,long,2015-09-16 03:30:00-04:00,2015-09-16 06:45:00-04:00,1.1297100000000002,1.12717,1.0,stack_break,-0.0025400000000002088,-255.50000000002086
ma3_ema9_21_50_15m_follow_pmc,short,2015-09-16 11:15:00-04:00,2015-09-16 13:30:00-04:00,1.12177,1.1279100000000002,1.0,stack_break,-0.006140000000000256,-615.5000000000257
ma3_ema9_21_50_15m_follow_pmc,long,2015-09-16 14:45:00-04:00,2015-09-16 16:15:00-04:00,1.1308600000000002,1.13008,1.0,session_end,-0.000780000000000225,-79.5000000000225
ma3_ema9_21_50_15m_follow_pmc,long,2015-09-17 03:00:00-04:00,2015-09-17 05:15:00-04:00,1.13121,1.1295799999999998,1.0,stack_break,-0.0016300000000002424,-164.50000000002424
ma3_ema9_21_50_15m_follow_pmc,long,2015-09-17 07:30:00-04:00,2015-09-17 15:30:00-04:00,1.13006,1.13061,1.0,stack_break,0.0005499999999998284,53.49999999998284
ma3_ema9_21_50_15m_follow_pmc,long,2015-09-18 03:00:00-04:00,2015-09-18 03:30:00-04:00,1.1402700000000001,1.13998,1.0,stack_break,-0.0002900000000001235,-30.50000000001235
ma3_ema9_21_50_15m_follow_pmc,long,2015-09-18 05:30:00-04:00,2015-09-18 12:45:00-04:00,1.1408600000000002,1.1414399999999998,1.0,stack_break,0.0005799999999995809,56.499999999958085
ma3_ema9_21_50_15m_follow_pmc,short,2015-09-21 14:45:00-04:00,2015-09-21 16:15:00-04:00,1.1214899999999999,1.1204100000000001,1.0,session_end,0.0010799999999997478,106.49999999997479
ma3_ema9_21_50_15m_follow_pmc,short,2015-09-22 05:45:00-04:00,2015-09-22 09:30:00-04:00,1.1188999999999998,1.11939,1.0,stack_break,-0.0004900000000003235,-50.50000000003235
ma3_ema9_21_50_15m_follow_pmc,short,2015-09-22 10:30:00-04:00,2015-09-22 16:15:00-04:00,1.1174799999999998,1.11345,1.0,session_end,0.004029999999999756,401.4999999999756
ma3_ema9_21_50_15m_follow_pmc,short,2015-09-23 03:00:00-04:00,2015-09-23 03:15:00-04:00,1.1130799999999998,1.11339,1.0,stack_break,-0.0003100000000002545,-32.50000000002545
ma3_ema9_21_50_15m_follow_pmc,short,2015-09-23 06:30:00-04:00,2015-09-23 07:15:00-04:00,1.1120999999999999,1.11436,1.0,stack_break,-0.0022600000000001508,-227.50000000001506
ma3_ema9_21_50_15m_follow_pmc,short,2015-09-23 08:30:00-04:00,2015-09-23 10:30:00-04:00,1.1118899999999998,1.1136000000000001,1.0,stack_break,-0.0017100000000003224,-172.50000000003223
ma3_ema9_21_50_15m_follow_pmc,long,2015-09-24 11:15:00-04:00,2015-09-24 16:15:00-04:00,1.1229200000000001,1.1248099999999999,1.0,session_end,0.0018899999999997252,187.49999999997252
ma3_ema9_21_50_15m_follow_pmc,short,2015-09-25 03:00:00-04:00,2015-09-25 10:45:00-04:00,1.1178199999999998,1.1165900000000002,1.0,stack_break,0.0012299999999996203,121.49999999996203
ma3_ema9_21_50_15m_follow_pmc,short,2015-09-25 12:45:00-04:00,2015-09-25 14:00:00-04:00,1.1130399999999998,1.1182800000000002,1.0,stack_break,-0.0052400000000003555,-525.5000000000356
ma3_ema9_21_50_15m_follow_pmc,short,2015-09-28 05:45:00-04:00,2015-09-28 09:00:00-04:00,1.1176499999999998,1.1194600000000001,1.0,stack_break,-0.0018100000000003114,-182.50000000003115
ma3_ema9_21_50_15m_follow_pmc,short,2015-09-28 11:00:00-04:00,2015-09-28 14:45:00-04:00,1.11787,1.1192300000000002,1.0,stack_break,-0.00136000000000025,-137.50000000002498
ma3_ema9_21_50_15m_follow_pmc,long,2015-09-28 15:45:00-04:00,2015-09-28 16:15:00-04:00,1.12314,1.1233799999999998,1.0,session_end,0.00023999999999979593,22.499999999979593
ma3_ema9_21_50_15m_follow_pmc,long,2015-09-29 03:00:00-04:00,2015-09-29 08:45:00-04:00,1.12538,1.1239999999999999,1.0,stack_break,-0.0013800000000001589,-139.5000000000159
ma3_ema9_21_50_15m_follow_pmc,short,2015-09-29 10:45:00-04:00,2015-09-29 15:45:00-04:00,1.12218,1.1233600000000001,1.0,stack_break,-0.001180000000000181,-119.50000000001809
ma3_ema9_21_50_15m_follow_pmc,long,2015-09-30 03:00:00-04:00,2015-09-30 05:30:00-04:00,1.1251900000000001,1.1242699999999999,1.0,stack_break,-0.000920000000000254,-93.5000000000254
ma3_ema9_21_50_15m_follow_pmc,short,2015-09-30 07:15:00-04:00,2015-09-30 16:15:00-04:00,1.12208,1.11603,1.0,session_end,0.006049999999999889,603.4999999999889
ma3_ema9_21_50_15m_follow_pmc,short,2015-10-01 03:00:00-04:00,2015-10-01 09:15:00-04:00,1.11608,1.1162500000000002,1.0,stack_break,-0.00017000000000022553,-18.500000000022553
ma3_ema9_21_50_15m_follow_pmc,short,2015-10-01 10:30:00-04:00,2015-10-01 10:45:00-04:00,1.11485,1.1154600000000001,1.0,stack_break,-0.0006100000000002215,-62.50000000002215
ma3_ema9_21_50_15m_follow_pmc,short,2015-10-01 11:15:00-04:00,2015-10-01 12:00:00-04:00,1.11469,1.11623,1.0,stack_break,-0.0015400000000000968,-155.5000000000097
ma3_ema9_21_50_15m_follow_pmc,long,2015-10-01 14:00:00-04:00,2015-10-01 16:15:00-04:00,1.1184100000000001,1.1200899999999998,1.0,session_end,0.0016799999999996817,166.49999999996817
ma3_ema9_21_50_15m_follow_pmc,long,2015-10-02 03:00:00-04:00,2015-10-02 03:45:00-04:00,1.11925,1.1179899999999998,1.0,stack_break,-0.001260000000000261,-127.50000000002609
ma3_ema9_21_50_15m_follow_pmc,short,2015-10-02 06:45:00-04:00,2015-10-02 12:45:00-04:00,1.1169699999999998,1.1248600000000002,1.0,stack_break,-0.007890000000000397,-790.5000000000397
ma3_ema9_21_50_15m_follow_pmc,long,2015-10-02 13:00:00-04:00,2015-10-02 16:15:00-04:00,1.1294300000000002,1.12747,1.0,session_end,-0.001960000000000184,-197.5000000000184
ma3_ema9_21_50_15m_follow_pmc,long,2015-10-05 03:00:00-04:00,2015-10-05 11:45:00-04:00,1.124,1.12269,1.0,stack_break,-0.0013100000000001444,-132.50000000001444
ma3_ema9_21_50_15m_follow_pmc,long,2015-10-06 08:15:00-04:00,2015-10-06 16:15:00-04:00,1.12196,1.1262999999999999,1.0,session_end,0.0043399999999997885,432.49999999997885
ma3_ema9_21_50_15m_follow_pmc,long,2015-10-07 03:00:00-04:00,2015-10-07 05:30:00-04:00,1.1269300000000002,1.1263299999999998,1.0,stack_break,-0.000600000000000378,-61.5000000000378
ma3_ema9_21_50_15m_follow_pmc,long,2015-10-08 03:00:00-04:00,2015-10-08 12:30:00-04:00,1.1252000000000002,1.12563,1.0,stack_break,0.0004299999999997084,41.49999999997084
ma3_ema9_21_50_15m_follow_pmc,long,2015-10-08 16:00:00-04:00,2015-10-08 16:15:00-04:00,1.12762,1.12821,1.0,session_end,0.0005899999999998684,57.49999999998684
ma3_ema9_21_50_15m_follow_pmc,long,2015-10-09 04:30:00-04:00,2015-10-09 07:15:00-04:00,1.1284500000000002,1.1278199999999998,1.0,stack_break,-0.0006300000000003525,-64.50000000003524
ma3_ema9_21_50_15m_follow_pmc,long,2015-10-09 07:30:00-04:00,2015-10-09 16:15:00-04:00,1.13091,1.13625,1.0,session_end,0.0053399999999999,532.49999999999
ma3_ema9_21_50_15m_follow_pmc,long,2015-10-12 03:00:00-04:00,2015-10-12 07:15:00-04:00,1.1373700000000002,1.13627,1.0,stack_break,-0.001100000000000323,-111.50000000003229
ma3_ema9_21_50_15m_follow_pmc,long,2015-10-12 08:00:00-04:00,2015-10-12 11:45:00-04:00,1.13782,1.13702,1.0,stack_break,-0.0008000000000001339,-81.50000000001339
ma3_ema9_21_50_15m_follow_pmc,long,2015-10-13 06:00:00-04:00,2015-10-13 12:15:00-04:00,1.1372300000000002,1.1372799999999998,1.0,stack_break,4.9999999999661426e-05,3.4999999999661426
ma3_ema9_21_50_15m_follow_pmc,long,2015-10-13 12:45:00-04:00,2015-10-13 14:15:00-04:00,1.1394600000000001,1.13729,1.0,stack_break,-0.0021700000000002273,-218.50000000002274
ma3_ema9_21_50_15m_follow_pmc,long,2015-10-14 03:00:00-04:00,2015-10-14 04:45:00-04:00,1.1394600000000001,1.1385999999999998,1.0,stack_break,-0.000860000000000305,-87.5000000000305
ma3_ema9_21_50_15m_follow_pmc,long,2015-10-14 05:15:00-04:00,2015-10-14 16:15:00-04:00,1.13898,1.1434799999999998,1.0,session_end,0.0044999999999997264,448.49999999997266
ma3_ema9_21_50_15m_follow_pmc,long,2015-10-15 03:00:00-04:00,2015-10-15 07:45:00-04:00,1.1485100000000001,1.1441599999999998,1.0,stack_break,-0.004350000000000298,-436.5000000000298
ma3_ema9_21_50_15m_follow_pmc,long,2015-10-19 06:15:00-04:00,2015-10-19 07:45:00-04:00,1.13727,1.1350699999999998,1.0,stack_break,-0.002200000000000202,-221.50000000002018
ma3_ema9_21_50_15m_follow_pmc,long,2015-10-20 03:00:00-04:00,2015-10-20 05:45:00-04:00,1.13352,1.1327699999999998,1.0,stack_break,-0.0007500000000002505,-76.50000000002504
ma3_ema9_21_50_15m_follow_pmc,long,2015-10-20 07:30:00-04:00,2015-10-20 14:15:00-04:00,1.1346100000000001,1.1348399999999998,1.0,stack_break,0.00022999999999973042,21.499999999973042
ma3_ema9_21_50_15m_follow_pmc,long,2015-10-21 03:00:00-04:00,2015-10-21 06:15:00-04:00,1.1357700000000002,1.13495,1.0,stack_break,-0.000820000000000265,-83.50000000002649
ma3_ema9_21_50_15m_follow_pmc,long,2015-10-21 07:45:00-04:00,2015-10-21 09:45:00-04:00,1.1370300000000002,1.13451,1.0,stack_break,-0.0025200000000002998,-253.50000000002998
ma3_ema9_21_50_15m_follow_pmc,short,2015-10-22 13:45:00-04:00,2015-10-22 16:15:00-04:00,1.1169,1.1136400000000002,1.0,session_end,0.0032599999999998186,324.49999999998187
ma3_ema9_21_50_15m_follow_pmc,short,2015-10-23 03:00:00-04:00,2015-10-23 03:15:00-04:00,1.1107099999999999,1.11135,1.0,stack_break,-0.000640000000000196,-65.5000000000196
ma3_ema9_21_50_15m_follow_pmc,short,2015-10-23 07:45:00-04:00,2015-10-23 08:30:00-04:00,1.11007,1.11193,1.0,stack_break,-0.0018600000000001948,-187.5000000000195
ma3_ema9_21_50_15m_follow_pmc,short,2015-10-23 11:00:00-04:00,2015-10-23 16:15:00-04:00,1.11015,1.10183,1.0,session_end,0.008319999999999883,830.4999999999883
ma3_ema9_21_50_15m_follow_pmc,short,2015-10-26 12:00:00-04:00,2015-10-26 14:45:00-04:00,1.10248,1.1043500000000002,1.0,stack_break,-0.0018700000000002603,-188.50000000002603
ma3_ema9_21_50_15m_follow_pmc,short,2015-10-27 09:45:00-04:00,2015-10-27 12:00:00-04:00,1.1039999999999999,1.1061400000000001,1.0,stack_break,-0.002140000000000253,-215.5000000000253
ma3_ema9_21_50_15m_follow_pmc,short,2015-10-27 14:15:00-04:00,2015-10-27 16:15:00-04:00,1.1044399999999999,1.10491,1.0,session_end,-0.0004700000000001925,-48.50000000001925
ma3_ema9_21_50_15m_follow_pmc,short,2015-10-28 04:00:00-04:00,2015-10-28 07:15:00-04:00,1.10377,1.10402,1.0,stack_break,-0.0002500000000000835,-26.50000000000835
ma3_ema9_21_50_15m_follow_pmc,short,2015-10-29 04:00:00-04:00,2015-10-29 05:45:00-04:00,1.09252,1.0932300000000001,1.0,stack_break,-0.0007100000000002105,-72.50000000002105
ma3_ema9_21_50_15m_follow_pmc,short,2015-10-29 08:45:00-04:00,2015-10-29 09:00:00-04:00,1.09297,1.09397,1.0,stack_break,-0.001000000000000112,-101.5000000000112
ma3_ema9_21_50_15m_follow_pmc,long,2015-11-02 03:00:00-05:00,2015-11-02 09:15:00-05:00,1.1032700000000002,1.10178,1.0,stack_break,-0.0014900000000002134,-150.50000000002134
ma3_ema9_21_50_15m_follow_pmc,long,2015-11-02 13:45:00-05:00,2015-11-02 16:15:00-05:00,1.10358,1.1032099999999998,1.0,session_end,-0.0003700000000002035,-38.50000000002035
ma3_ema9_21_50_15m_follow_pmc,long,2015-11-03 07:15:00-05:00,2015-11-03 09:00:00-05:00,1.1024800000000001,1.09997,1.0,stack_break,-0.0025100000000002343,-252.50000000002342
ma3_ema9_21_50_15m_follow_pmc,short,2015-11-03 09:00:00-05:00,2015-11-03 16:15:00-05:00,1.09997,1.0951300000000002,1.0,session_end,0.004839999999999733,482.49999999997334
ma3_ema9_21_50_15m_follow_pmc,short,2015-11-04 03:00:00-05:00,2015-11-04 06:15:00-05:00,1.09408,1.09552,1.0,stack_break,-0.0014400000000001079,-145.5000000000108
ma3_ema9_21_50_15m_follow_pmc,short,2015-11-04 06:30:00-05:00,2015-11-04 16:15:00-05:00,1.0948799999999999,1.0863500000000001,1.0,session_end,0.008529999999999704,851.4999999999704
ma3_ema9_21_50_15m_follow_pmc,short,2015-11-05 07:00:00-05:00,2015-11-05 09:15:00-05:00,1.0859999999999999,1.0889900000000001,1.0,stack_break,-0.0029900000000002702,-300.500000000027
ma3_ema9_21_50_15m_follow_pmc,short,2015-11-05 10:45:00-05:00,2015-11-05 12:15:00-05:00,1.08567,1.0880400000000001,1.0,stack_break,-0.0023700000000002053,-238.50000000002052
ma3_ema9_21_50_15m_follow_pmc,short,2015-11-06 07:15:00-05:00,2015-11-06 12:00:00-05:00,1.08687,1.0884500000000001,1.0,stack_break,-0.0015800000000001369,-159.5000000000137
ma3_ema9_21_50_15m_follow_pmc,short,2015-11-06 13:15:00-05:00,2015-11-06 16:15:00-05:00,1.0871899999999999,1.0743900000000002,1.0,session_end,0.0127999999999997,1278.49999999997
ma3_ema9_21_50_15m_follow_pmc,short,2015-11-09 14:45:00-05:00,2015-11-09 16:15:00-05:00,1.0730799999999998,1.0745300000000002,1.0,session_end,-0.0014500000000003954,-146.50000000003953
ma3_ema9_21_50_15m_follow_pmc,short,2015-11-10 03:00:00-05:00,2015-11-10 08:00:00-05:00,1.07533,1.07556,1.0,stack_break,-0.0002300000000001745,-24.50000000001745
ma3_ema9_21_50_15m_follow_pmc,short,2015-11-10 09:30:00-05:00,2015-11-10 16:15:00-05:00,1.0734299999999999,1.0695100000000002,1.0,session_end,0.0039199999999997015,390.49999999997016
ma3_ema9_21_50_15m_follow_pmc,short,2015-11-11 12:00:00-05:00,2015-11-11 15:00:00-05:00,1.0715199999999998,1.07443,1.0,stack_break,-0.00291000000000019,-292.50000000001904
ma3_ema9_21_50_15m_follow_pmc,short,2015-11-12 08:45:00-05:00,2015-11-12 14:45:00-05:00,1.0742699999999998,1.07356,1.0,stack_break,0.0007099999999997664,69.49999999997664
ma3_ema9_21_50_15m_follow_pmc,short,2015-11-13 08:00:00-05:00,2015-11-13 11:45:00-05:00,1.07738,1.0797800000000002,1.0,stack_break,-0.0024000000000001798,-241.50000000001796
ma3_ema9_21_50_15m_follow_pmc,short,2015-11-13 13:30:00-05:00,2015-11-13 13:45:00-05:00,1.0764699999999998,1.0791700000000002,1.0,stack_break,-0.0027000000000003688,-271.5000000000369
ma3_ema9_21_50_15m_follow_pmc,short,2015-11-13 14:00:00-05:00,2015-11-13 16:15:00-05:00,1.07493,1.07321,1.0,session_end,0.0017199999999999438,170.49999999999437
ma3_ema9_21_50_15m_follow_pmc,short,2015-11-16 03:00:00-05:00,2015-11-16 06:30:00-05:00,1.07195,1.0726200000000001,1.0,stack_break,-0.0006700000000001705,-68.50000000001705
ma3_ema9_21_50_15m_follow_pmc,short,2015-11-16 10:00:00-05:00,2015-11-16 12:00:00-05:00,1.07226,1.07328,1.0,stack_break,-0.0010200000000000209,-103.50000000000209
ma3_ema9_21_50_15m_follow_pmc,short,2015-11-16 13:30:00-05:00,2015-11-16 16:15:00-05:00,1.0723699999999998,1.0721,1.0,session_end,0.0002699999999997704,25.499999999977042
ma3_ema9_21_50_15m_follow_pmc,short,2015-11-17 03:00:00-05:00,2015-11-17 10:30:00-05:00,1.0663699999999998,1.06681,1.0,stack_break,-0.000440000000000218,-45.5000000000218
ma3_ema9_21_50_15m_follow_pmc,short,2015-11-17 15:45:00-05:00,2015-11-17 16:15:00-05:00,1.0654199999999998,1.0648700000000002,1.0,session_end,0.0005499999999996064,53.499999999960636
ma3_ema9_21_50_15m_follow_pmc,short,2015-11-18 03:00:00-05:00,2015-11-18 05:45:00-05:00,1.06361,1.06458,1.0,stack_break,-0.0009700000000001374,-98.50000000001374
ma3_ema9_21_50_15m_follow_pmc,short,2015-11-20 04:00:00-05:00,2015-11-20 06:45:00-05:00,1.07148,1.07224,1.0,stack_break,-0.0007600000000000939,-77.5000000000094
ma3_ema9_21_50_15m_follow_pmc,short,2015-11-20 07:15:00-05:00,2015-11-20 14:45:00-05:00,1.07116,1.0705600000000002,1.0,stack_break,0.0005999999999997119,58.49999999997119
ma3_ema9_21_50_15m_follow_pmc,short,2015-11-20 15:15:00-05:00,2015-11-20 16:15:00-05:00,1.0685699999999998,1.06698,1.0,session_end,0.0015899999999997583,157.49999999997584
ma3_ema9_21_50_15m_follow_pmc,short,2015-11-23 03:00:00-05:00,2015-11-23 08:15:00-05:00,1.0603099999999999,1.06284,1.0,stack_break,-0.0025300000000001432,-254.50000000001432
ma3_ema9_21_50_15m_follow_pmc,short,2015-11-24 06:45:00-05:00,2015-11-24 07:45:00-05:00,1.0622999999999998,1.0636700000000001,1.0,stack_break,-0.0013700000000003154,-138.50000000003155
ma3_ema9_21_50_15m_follow_pmc,short,2015-11-25 10:00:00-05:00,2015-11-25 16:15:00-05:00,1.0619399999999999,1.0602900000000002,1.0,session_end,0.0016499999999997073,163.49999999997073
ma3_ema9_21_50_15m_follow_pmc,short,2015-11-26 08:00:00-05:00,2015-11-26 12:30:00-05:00,1.06049,1.0618500000000002,1.0,stack_break,-0.00136000000000025,-137.50000000002498
ma3_ema9_21_50_15m_follow_pmc,short,2015-11-26 13:15:00-05:00,2015-11-26 13:30:00-05:00,1.06093,1.0615100000000002,1.0,stack_break,-0.000580000000000247,-59.5000000000247
ma3_ema9_21_50_15m_follow_pmc,short,2015-11-27 10:15:00-05:00,2015-11-27 16:15:00-05:00,1.0582799999999999,1.05945,1.0,session_end,-0.0011700000000001154,-118.50000000001154
ma3_ema9_21_50_15m_follow_pmc,short,2015-11-30 03:00:00-05:00,2015-11-30 05:00:00-05:00,1.0578699999999999,1.0588300000000002,1.0,stack_break,-0.000960000000000294,-97.50000000002939
ma3_ema9_21_50_15m_follow_pmc,short,2015-11-30 07:00:00-05:00,2015-11-30 08:00:00-05:00,1.05792,1.0589300000000001,1.0,stack_break,-0.0010100000000001774,-102.50000000001774
ma3_ema9_21_50_15m_follow_pmc,short,2015-11-30 09:15:00-05:00,2015-11-30 14:00:00-05:00,1.0576599999999998,1.05814,1.0,stack_break,-0.000480000000000258,-49.5000000000258
ma3_ema9_21_50_15m_follow_pmc,short,2015-11-30 15:45:00-05:00,2015-11-30 16:15:00-05:00,1.05731,1.0562,1.0,session_end,0.0011099999999999444,109.49999999999443
ma3_ema9_21_50_15m_follow_pmc,long,2015-12-01 03:00:00-05:00,2015-12-01 16:15:00-05:00,1.05848,1.06073,1.0,session_end,0.0022499999999998632,223.49999999998633
ma3_ema9_21_50_15m_follow_pmc,long,2015-12-02 09:45:00-05:00,2015-12-02 10:15:00-05:00,1.0627700000000002,1.0605399999999998,1.0,stack_break,-0.0022300000000003983,-224.50000000003985
ma3_ema9_21_50_15m_follow_pmc,short,2015-12-02 15:30:00-05:00,2015-12-02 16:15:00-05:00,1.0569,1.05728,1.0,session_end,-0.00038000000000004697,-39.5000000000047
ma3_ema9_21_50_15m_follow_pmc,short,2015-12-03 09:30:00-05:00,2015-12-03 13:00:00-05:00,1.0565399999999998,1.06637,1.0,stack_break,-0.009830000000000227,-984.5000000000227
ma3_ema9_21_50_15m_follow_pmc,long,2015-12-03 13:30:00-05:00,2015-12-03 16:15:00-05:00,1.0678200000000002,1.0856999999999999,1.0,session_end,0.017879999999999674,1786.4999999999675
ma3_ema9_21_50_15m_follow_pmc,long,2015-12-04 04:00:00-05:00,2015-12-04 07:30:00-05:00,1.0931000000000002,1.09052,1.0,stack_break,-0.0025800000000002488,-259.5000000000249
ma3_ema9_21_50_15m_follow_pmc,long,2015-12-04 14:30:00-05:00,2015-12-04 16:15:00-05:00,1.0930600000000001,1.0897599999999998,1.0,session_end,-0.0033000000000003027,-331.50000000003024
ma3_ema9_21_50_15m_follow_pmc,long,2015-12-08 03:00:00-05:00,2015-12-08 10:45:00-05:00,1.0851300000000001,1.08422,1.0,stack_break,-0.0009100000000001884,-92.50000000001884
ma3_ema9_21_50_15m_follow_pmc,long,2015-12-08 12:45:00-05:00,2015-12-08 16:15:00-05:00,1.08687,1.0867399999999998,1.0,session_end,-0.00013000000000018552,-14.500000000018552
ma3_ema9_21_50_15m_follow_pmc,long,2015-12-09 03:00:00-05:00,2015-12-09 16:15:00-05:00,1.0910900000000001,1.0963699999999998,1.0,session_end,0.005279999999999729,526.4999999999729
ma3_ema9_21_50_15m_follow_pmc,long,2015-12-11 08:30:00-05:00,2015-12-11 16:15:00-05:00,1.0955100000000002,1.0997899999999998,1.0,session_end,0.0042799999999996174,426.49999999996174
ma3_ema9_21_50_15m_follow_pmc,long,2015-12-14 12:45:00-05:00,2015-12-14 16:15:00-05:00,1.0988600000000002,1.1025099999999999,1.0,session_end,0.003649999999999709,363.4999999999709
ma3_ema9_21_50_15m_follow_pmc,long,2015-12-15 03:00:00-05:00,2015-12-15 11:00:00-05:00,1.10084,1.1017599999999999,1.0,stack_break,0.0009199999999998099,90.49999999998099
ma3_ema9_21_50_15m_follow_pmc,long,2015-12-16 07:45:00-05:00,2015-12-16 08:00:00-05:00,1.0954300000000001,1.0938199999999998,1.0,stack_break,-0.0016100000000003334,-162.50000000003334
ma3_ema9_21_50_15m_follow_pmc,long,2015-12-18 03:00:00-05:00,2015-12-18 08:45:00-05:00,1.0841,1.0815599999999999,1.0,stack_break,-0.0025400000000002088,-255.50000000002086
ma3_ema9_21_50_15m_follow_pmc,long,2015-12-21 03:00:00-05:00,2015-12-21 09:00:00-05:00,1.08674,1.0853199999999998,1.0,stack_break,-0.0014200000000001989,-143.5000000000199
ma3_ema9_21_50_15m_follow_pmc,long,2015-12-21 13:30:00-05:00,2015-12-21 16:15:00-05:00,1.0869700000000002,1.0913899999999999,1.0,session_end,0.0044199999999996464,440.49999999996464
ma3_ema9_21_50_15m_follow_pmc,long,2015-12-22 03:00:00-05:00,2015-12-22 06:15:00-05:00,1.09152,1.0910099999999998,1.0,stack_break,-0.0005100000000002325,-52.50000000002325
ma3_ema9_21_50_15m_follow_pmc,long,2015-12-22 08:30:00-05:00,2015-12-22 09:00:00-05:00,1.0918500000000002,1.09123,1.0,stack_break,-0.000620000000000287,-63.5000000000287
ma3_ema9_21_50_15m_follow_pmc,long,2015-12-22 09:15:00-05:00,2015-12-22 16:15:00-05:00,1.09189,1.09649,1.0,session_end,0.0045999999999999375,458.49999999999375
ma3_ema9_21_50_15m_follow_pmc,long,2015-12-24 03:00:00-05:00,2015-12-24 12:45:00-05:00,1.0921900000000002,1.0935599999999999,1.0,stack_break,0.0013699999999996493,135.49999999996493
ma3_ema9_21_50_15m_follow_pmc,long,2015-12-24 15:15:00-05:00,2015-12-24 16:15:00-05:00,1.09539,1.09524,1.0,session_end,-0.0001500000000000945,-16.50000000000945
ma3_ema9_21_50_15m_follow_pmc,long,2015-12-25 04:30:00-05:00,2015-12-27 22:15:00-05:00,1.0964,1.09523,1.0,session_end,-0.0011700000000001154,-118.50000000001154
ma3_ema9_21_50_15m_follow_pmc,long,2015-12-28 03:00:00-05:00,2015-12-28 07:15:00-05:00,1.09728,1.0967099999999999,1.0,stack_break,-0.0005700000000001815,-58.50000000001815
ma3_ema9_21_50_15m_follow_pmc,long,2015-12-28 09:30:00-05:00,2015-12-28 13:30:00-05:00,1.0975700000000002,1.0960599999999998,1.0,stack_break,-0.0015100000000003444,-152.50000000003445
ma3_ema9_21_50_15m_follow_pmc,long,2015-12-29 03:00:00-05:00,2015-12-29 05:15:00-05:00,1.0975700000000002,1.09726,1.0,stack_break,-0.0003100000000002545,-32.50000000002545
ma3_ema9_21_50_15m_follow_pmc,long,2015-12-29 09:00:00-05:00,2015-12-29 11:00:00-05:00,1.0986,1.09699,1.0,stack_break,-0.0016100000000001113,-162.50000000001114
ma3_ema9_21_50_15m_follow_pmc,long,2015-12-30 08:30:00-05:00,2015-12-30 10:45:00-05:00,1.0942200000000002,1.09259,1.0,stack_break,-0.0016300000000002424,-164.50000000002424
ma3_ema9_21_50_15m_follow_pmc,long,2015-12-31 04:15:00-05:00,2015-12-31 08:30:00-05:00,1.0932300000000001,1.0919599999999998,1.0,stack_break,-0.0012700000000003264,-128.50000000003263
ma3_ema9_21_50_15m_follow_pmc,long,2016-01-04 06:00:00-05:00,2016-01-04 13:15:00-05:00,1.0905,1.0899599999999998,1.0,stack_break,-0.000540000000000207,-55.5000000000207
ma3_ema9_21_50_15m_follow_pmc,short,2016-01-04 14:45:00-05:00,2016-01-04 16:15:00-05:00,1.08523,1.0805,1.0,session_end,0.004729999999999901,471.4999999999901
ma3_ema9_21_50_15m_follow_pmc,short,2016-01-05 03:00:00-05:00,2016-01-05 06:00:00-05:00,1.0815599999999999,1.0832000000000002,1.0,stack_break,-0.0016400000000003079,-165.50000000003078
ma3_ema9_21_50_15m_follow_pmc,short,2016-01-05 07:30:00-05:00,2016-01-05 16:15:00-05:00,1.0810499999999998,1.07214,1.0,session_end,0.008909999999999751,889.4999999999751
ma3_ema9_21_50_15m_follow_pmc,short,2016-01-06 04:30:00-05:00,2016-01-06 12:00:00-05:00,1.07473,1.0746600000000002,1.0,stack_break,6.999999999979245e-05,5.499999999979245
ma3_ema9_21_50_15m_follow_pmc,long,2016-01-07 09:45:00-05:00,2016-01-07 16:15:00-05:00,1.08586,1.0832499999999998,1.0,session_end,-0.0026100000000002233,-262.50000000002234
ma3_ema9_21_50_15m_follow_pmc,short,2016-01-08 13:45:00-05:00,2016-01-08 15:15:00-05:00,1.08222,1.08745,1.0,stack_break,-0.005230000000000068,-524.5000000000068
ma3_ema9_21_50_15m_follow_pmc,long,2016-01-11 03:00:00-05:00,2016-01-11 03:15:00-05:00,1.0923,1.0919599999999998,1.0,stack_break,-0.000340000000000229,-35.5000000000229
ma3_ema9_21_50_15m_follow_pmc,short,2016-01-11 16:00:00-05:00,2016-01-11 16:15:00-05:00,1.0850799999999998,1.08504,1.0,session_end,3.999999999981796e-05,2.499999999981796
ma3_ema9_21_50_15m_follow_pmc,long,2016-01-12 05:45:00-05:00,2016-01-12 09:45:00-05:00,1.08831,1.0865099999999999,1.0,stack_break,-0.0018000000000002458,-181.50000000002458
ma3_ema9_21_50_15m_follow_pmc,short,2016-01-12 10:30:00-05:00,2016-01-12 16:15:00-05:00,1.0851099999999998,1.08281,1.0,session_end,0.0022999999999997467,228.49999999997468
ma3_ema9_21_50_15m_follow_pmc,short,2016-01-13 03:00:00-05:00,2016-01-13 06:45:00-05:00,1.08229,1.0838400000000001,1.0,stack_break,-0.0015500000000001624,-156.50000000001623
ma3_ema9_21_50_15m_follow_pmc,short,2016-01-13 07:15:00-05:00,2016-01-13 14:15:00-05:00,1.0825999999999998,1.08275,1.0,stack_break,-0.00015000000000031655,-16.500000000031655
ma3_ema9_21_50_15m_follow_pmc,long,2016-01-13 15:45:00-05:00,2016-01-13 16:15:00-05:00,1.0869300000000002,1.08469,1.0,session_end,-0.002240000000000242,-225.5000000000242
ma3_ema9_21_50_15m_follow_pmc,long,2016-01-14 03:00:00-05:00,2016-01-14 06:30:00-05:00,1.08853,1.08709,1.0,stack_break,-0.0014400000000001079,-145.5000000000108
ma3_ema9_21_50_15m_follow_pmc,long,2016-01-14 09:15:00-05:00,2016-01-14 13:45:00-05:00,1.09244,1.0893799999999998,1.0,stack_break,-0.0030600000000002847,-307.5000000000285
ma3_ema9_21_50_15m_follow_pmc,long,2016-01-15 03:45:00-05:00,2016-01-15 16:15:00-05:00,1.0881,1.09455,1.0,session_end,0.006449999999999845,643.4999999999844
ma3_ema9_21_50_15m_follow_pmc,long,2016-01-19 03:30:00-05:00,2016-01-19 04:15:00-05:00,1.0901500000000002,1.0889099999999998,1.0,stack_break,-0.001240000000000352,-125.50000000003519
ma3_ema9_21_50_15m_follow_pmc,long,2016-01-19 15:45:00-05:00,2016-01-19 16:15:00-05:00,1.08973,1.0897,1.0,session_end,-3.0000000000196536e-05,-4.500000000019654
ma3_ema9_21_50_15m_follow_pmc,long,2016-01-20 03:00:00-05:00,2016-01-20 10:00:00-05:00,1.0928300000000002,1.09316,1.0,stack_break,0.0003299999999997194,31.49999999997194
ma3_ema9_21_50_15m_follow_pmc,long,2016-01-21 07:30:00-05:00,2016-01-21 10:45:00-05:00,1.09105,1.08913,1.0,stack_break,-0.0019200000000001438,-193.50000000001438
ma3_ema9_21_50_15m_follow_pmc,long,2016-01-21 11:30:00-05:00,2016-01-21 13:45:00-05:00,1.0900100000000001,1.08887,1.0,stack_break,-0.001140000000000141,-115.5000000000141
ma3_ema9_21_50_15m_follow_pmc,short,2016-01-21 14:00:00-05:00,2016-01-21 16:15:00-05:00,1.0807399999999998,1.0822,1.0,session_end,-0.0014600000000002389,-147.50000000002387
ma3_ema9_21_50_15m_follow_pmc,short,2016-01-22 03:00:00-05:00,2016-01-22 09:30:00-05:00,1.0835499999999998,1.0858500000000002,1.0,stack_break,-0.002300000000000413,-231.50000000004127
ma3_ema9_21_50_15m_follow_pmc,short,2016-01-22 11:45:00-05:00,2016-01-22 16:15:00-05:00,1.0828799999999998,1.08227,1.0,session_end,0.0006099999999997774,59.49999999997774
ma3_ema9_21_50_15m_follow_pmc,long,2016-01-26 07:00:00-05:00,2016-01-26 09:30:00-05:00,1.08582,1.08402,1.0,stack_break,-0.0018000000000000238,-181.5000000000024
ma3_ema9_21_50_15m_follow_pmc,short,2016-01-26 11:15:00-05:00,2016-01-26 16:15:00-05:00,1.0825399999999998,1.0849900000000001,1.0,session_end,-0.0024500000000002853,-246.50000000002854
ma3_ema9_21_50_15m_follow_pmc,long,2016-01-27 03:00:00-05:00,2016-01-27 06:00:00-05:00,1.08634,1.08558,1.0,stack_break,-0.0007600000000000939,-77.5000000000094
ma3_ema9_21_50_15m_follow_pmc,long,2016-01-27 07:30:00-05:00,2016-01-27 16:15:00-05:00,1.0866300000000002,1.08743,1.0,session_end,0.0007999999999996898,78.49999999996899
ma3_ema9_21_50_15m_follow_pmc,long,2016-01-28 09:30:00-05:00,2016-01-28 16:15:00-05:00,1.09226,1.0939599999999998,1.0,session_end,0.0016999999999998128,168.49999999998127
ma3_ema9_21_50_15m_follow_pmc,short,2016-01-29 14:30:00-05:00,2016-01-29 16:15:00-05:00,1.0854599999999999,1.08187,1.0,session_end,0.00358999999999976,357.499999999976
ma3_ema9_21_50_15m_follow_pmc,long,2016-02-01 07:30:00-05:00,2016-02-01 16:15:00-05:00,1.0853400000000002,1.0890799999999998,1.0,session_end,0.0037399999999996325,372.4999999999633
ma3_ema9_21_50_15m_follow_pmc,long,2016-02-02 03:00:00-05:00,2016-02-02 08:30:00-05:00,1.0901200000000002,1.09015,1.0,stack_break,2.9999999999752447e-05,1.4999999999752447
ma3_ema9_21_50_15m_follow_pmc,long,2016-02-02 08:45:00-05:00,2016-02-02 16:15:00-05:00,1.0908300000000002,1.09042,1.0,session_end,-0.0004100000000002435,-42.50000000002435
ma3_ema9_21_50_15m_follow_pmc,long,2016-02-03 03:00:00-05:00,2016-02-03 04:15:00-05:00,1.09261,1.09143,1.0,stack_break,-0.001180000000000181,-119.50000000001809
ma3_ema9_21_50_15m_follow_pmc,long,2016-02-03 07:00:00-05:00,2016-02-03 07:30:00-05:00,1.0923900000000002,1.0917199999999998,1.0,stack_break,-0.0006700000000003925,-68.50000000003925
ma3_ema9_21_50_15m_follow_pmc,long,2016-02-03 11:00:00-05:00,2016-02-03 16:15:00-05:00,1.0928200000000001,1.1049799999999999,1.0,session_end,0.012159999999999727,1214.4999999999727
ma3_ema9_21_50_15m_follow_pmc,long,2016-02-04 08:30:00-05:00,2016-02-04 16:15:00-05:00,1.11155,1.1172099999999998,1.0,session_end,0.005659999999999776,564.4999999999776
ma3_ema9_21_50_15m_follow_pmc,long,2016-02-05 08:15:00-05:00,2016-02-05 08:30:00-05:00,1.1206,1.11886,1.0,stack_break,-0.0017400000000000748,-175.50000000000747
ma3_ema9_21_50_15m_follow_pmc,long,2016-02-05 12:15:00-05:00,2016-02-05 13:00:00-05:00,1.11976,1.1192,1.0,stack_break,-0.000560000000000116,-57.500000000011596
ma3_ema9_21_50_15m_follow_pmc,long,2016-02-05 13:15:00-05:00,2016-02-05 14:00:00-05:00,1.11972,1.1146999999999998,1.0,stack_break,-0.0050200000000002465,-503.50000000002467
ma3_ema9_21_50_15m_follow_pmc,long,2016-02-08 09:30:00-05:00,2016-02-08 11:45:00-05:00,1.11688,1.11161,1.0,stack_break,-0.005270000000000108,-528.5000000000108
ma3_ema9_21_50_15m_follow_pmc,long,2016-02-09 03:00:00-05:00,2016-02-09 07:15:00-05:00,1.12183,1.1197899999999998,1.0,stack_break,-0.002040000000000264,-205.50000000002638
ma3_ema9_21_50_15m_follow_pmc,long,2016-02-09 11:15:00-05:00,2016-02-09 16:15:00-05:00,1.1206800000000001,1.1309399999999998,1.0,session_end,0.010259999999999714,1024.4999999999714
ma3_ema9_21_50_15m_follow_pmc,long,2016-02-10 03:00:00-05:00,2016-02-10 04:30:00-05:00,1.13016,1.1292499999999999,1.0,stack_break,-0.0009100000000001884,-92.50000000001884
ma3_ema9_21_50_15m_follow_pmc,long,2016-02-11 03:00:00-05:00,2016-02-11 07:45:00-05:00,1.1286200000000002,1.12835,1.0,stack_break,-0.0002700000000002145,-28.50000000002145
ma3_ema9_21_50_15m_follow_pmc,long,2016-02-11 08:30:00-05:00,2016-02-11 16:15:00-05:00,1.1300400000000002,1.13414,1.0,session_end,0.0040999999999997705,408.49999999997704
ma3_ema9_21_50_15m_follow_pmc,long,2016-02-16 09:30:00-05:00,2016-02-16 12:30:00-05:00,1.11793,1.11595,1.0,stack_break,-0.001980000000000093,-199.50000000000927
ma3_ema9_21_50_15m_follow_pmc,long,2016-02-16 14:00:00-05:00,2016-02-16 15:15:00-05:00,1.1176300000000001,1.11415,1.0,stack_break,-0.0034800000000001496,-349.50000000001495
ma3_ema9_21_50_15m_follow_pmc,long,2016-02-17 04:45:00-05:00,2016-02-17 09:30:00-05:00,1.11633,1.11431,1.0,stack_break,-0.002020000000000133,-203.50000000001327
ma3_ema9_21_50_15m_follow_pmc,long,2016-02-18 03:45:00-05:00,2016-02-18 08:30:00-05:00,1.1139700000000001,1.1131099999999998,1.0,stack_break,-0.000860000000000305,-87.5000000000305
ma3_ema9_21_50_15m_follow_pmc,long,2016-02-19 03:00:00-05:00,2016-02-19 07:15:00-05:00,1.1124100000000001,1.1111399999999998,1.0,stack_break,-0.0012700000000003264,-128.50000000003263
ma3_ema9_21_50_15m_follow_pmc,long,2016-02-19 08:45:00-05:00,2016-02-19 09:15:00-05:00,1.11274,1.11028,1.0,stack_break,-0.0024600000000001288,-247.50000000001288
ma3_ema9_21_50_15m_follow_pmc,long,2016-02-23 03:45:00-05:00,2016-02-23 07:15:00-05:00,1.10467,1.10306,1.0,stack_break,-0.0016100000000001113,-162.50000000001114
ma3_ema9_21_50_15m_follow_pmc,long,2016-02-23 08:30:00-05:00,2016-02-23 08:45:00-05:00,1.10467,1.10343,1.0,stack_break,-0.0012400000000001299,-125.50000000001299
ma3_ema9_21_50_15m_follow_pmc,long,2016-02-23 09:00:00-05:00,2016-02-23 09:15:00-05:00,1.10426,1.103,1.0,stack_break,-0.0012600000000000389,-127.5000000000039
ma3_ema9_21_50_15m_follow_pmc,long,2016-02-24 04:45:00-05:00,2016-02-24 06:45:00-05:00,1.1021100000000001,1.1010099999999998,1.0,stack_break,-0.001100000000000323,-111.50000000003229
ma3_ema9_21_50_15m_follow_pmc,long,2016-02-25 03:00:00-05:00,2016-02-25 08:15:00-05:00,1.1021200000000002,1.10154,1.0,stack_break,-0.000580000000000247,-59.5000000000247
ma3_ema9_21_50_15m_follow_pmc,long,2016-02-25 08:30:00-05:00,2016-02-25 08:45:00-05:00,1.10267,1.1017899999999998,1.0,stack_break,-0.0008800000000002139,-89.5000000000214
ma3_ema9_21_50_15m_follow_pmc,long,2016-02-25 11:45:00-05:00,2016-02-25 14:15:00-05:00,1.10311,1.10083,1.0,stack_break,-0.0022800000000000598,-229.50000000000597
ma3_ema9_21_50_15m_follow_pmc,long,2016-02-26 03:00:00-05:00,2016-02-26 08:45:00-05:00,1.10484,1.1021299999999998,1.0,stack_break,-0.0027100000000002122,-272.5000000000212
ma3_ema9_21_50_15m_follow_pmc,long,2016-02-29 08:15:00-05:00,2016-02-29 08:45:00-05:00,1.09565,1.0928,1.0,stack_break,-0.002850000000000019,-286.50000000000193
ma3_ema9_21_50_15m_follow_pmc,short,2016-03-01 04:30:00-05:00,2016-03-01 06:00:00-05:00,1.0877199999999998,1.0884900000000002,1.0,stack_break,-0.0007700000000003815,-78.50000000003814
ma3_ema9_21_50_15m_follow_pmc,short,2016-03-01 07:30:00-05:00,2016-03-01 13:15:00-05:00,1.08741,1.08779,1.0,stack_break,-0.00038000000000004697,-39.5000000000047
ma3_ema9_21_50_15m_follow_pmc,short,2016-03-01 14:45:00-05:00,2016-03-01 16:15:00-05:00,1.0855299999999999,1.08548,1.0,session_end,4.999999999988347e-05,3.499999999988347
ma3_ema9_21_50_15m_follow_pmc,short,2016-03-02 03:45:00-05:00,2016-03-02 08:30:00-05:00,1.08602,1.0874700000000002,1.0,stack_break,-0.0014500000000001734,-146.50000000001734
ma3_ema9_21_50_15m_follow_pmc,short,2016-03-02 11:15:00-05:00,2016-03-02 16:15:00-05:00,1.08561,1.08285,1.0,session_end,0.0027599999999998737,274.4999999999874
ma3_ema9_21_50_15m_follow_pmc,short,2016-03-03 06:00:00-05:00,2016-03-03 08:15:00-05:00,1.0857299999999999,1.0871700000000002,1.0,stack_break,-0.00144000000000033,-145.500000000033
ma3_ema9_21_50_15m_follow_pmc,long,2016-03-03 12:45:00-05:00,2016-03-03 16:15:00-05:00,1.0891000000000002,1.0930499999999999,1.0,session_end,0.003949999999999676,393.4999999999676
ma3_ema9_21_50_15m_follow_pmc,long,2016-03-04 06:00:00-05:00,2016-03-04 08:45:00-05:00,1.09539,1.0934499999999998,1.0,stack_break,-0.0019400000000002748,-195.50000000002748
ma3_ema9_21_50_15m_follow_pmc,long,2016-03-04 09:45:00-05:00,2016-03-04 14:00:00-05:00,1.0965600000000002,1.09263,1.0,stack_break,-0.003930000000000211,-394.5000000000211
ma3_ema9_21_50_15m_follow_pmc,long,2016-03-04 14:15:00-05:00,2016-03-04 16:15:00-05:00,1.09958,1.10072,1.0,session_end,0.0011399999999999189,112.49999999999189
ma3_ema9_21_50_15m_follow_pmc,long,2016-03-07 06:30:00-05:00,2016-03-07 07:30:00-05:00,1.09935,1.09788,1.0,stack_break,-0.0014700000000000824,-148.50000000000824
ma3_ema9_21_50_15m_follow_pmc,long,2016-03-08 03:00:00-05:00,2016-03-08 10:15:00-05:00,1.1025900000000002,1.1014,1.0,stack_break,-0.0011900000000002464,-120.50000000002464
ma3_ema9_21_50_15m_follow_pmc,long,2016-03-08 13:30:00-05:00,2016-03-08 16:15:00-05:00,1.10331,1.10519,1.0,session_end,0.0018799999999998818,186.49999999998818
ma3_ema9_21_50_15m_follow_pmc,short,2016-03-10 13:15:00-05:00,2016-03-10 14:45:00-05:00,1.08377,1.10359,1.0,stack_break,-0.01982000000000017,-1983.500000000017
ma3_ema9_21_50_15m_follow_pmc,long,2016-03-10 15:30:00-05:00,2016-03-10 16:15:00-05:00,1.11125,1.11407,1.0,session_end,0.0028199999999998226,280.49999999998226
ma3_ema9_21_50_15m_follow_pmc,long,2016-03-11 03:00:00-05:00,2016-03-11 03:45:00-05:00,1.1182500000000002,1.1171799999999998,1.0,stack_break,-0.0010700000000003485,-108.50000000003485
ma3_ema9_21_50_15m_follow_pmc,long,2016-03-14 04:00:00-04:00,2016-03-14 07:30:00-04:00,1.1158400000000002,1.11543,1.0,stack_break,-0.0004100000000002435,-42.50000000002435
ma3_ema9_21_50_15m_follow_pmc,long,2016-03-15 08:45:00-04:00,2016-03-15 09:45:00-04:00,1.1111000000000002,1.1094,1.0,stack_break,-0.0017000000000002569,-171.5000000000257
ma3_ema9_21_50_15m_follow_pmc,long,2016-03-17 04:00:00-04:00,2016-03-17 16:15:00-04:00,1.12256,1.1316899999999999,1.0,session_end,0.00912999999999986,911.499999999986
ma3_ema9_21_50_15m_follow_pmc,long,2016-03-18 04:00:00-04:00,2016-03-18 04:45:00-04:00,1.13206,1.13109,1.0,stack_break,-0.0009700000000001374,-98.50000000001374
ma3_ema9_21_50_15m_follow_pmc,long,2016-03-22 06:00:00-04:00,2016-03-22 08:15:00-04:00,1.12552,1.1243599999999998,1.0,stack_break,-0.001160000000000272,-117.5000000000272
ma3_ema9_21_50_15m_follow_pmc,long,2016-03-25 11:00:00-04:00,2016-03-25 13:15:00-04:00,1.11717,1.1162699999999999,1.0,stack_break,-0.0009000000000001229,-91.50000000001229
ma3_ema9_21_50_15m_follow_pmc,long,2016-03-25 14:15:00-04:00,2016-03-25 14:45:00-04:00,1.11691,1.1164999999999998,1.0,stack_break,-0.0004100000000002435,-42.50000000002435
ma3_ema9_21_50_15m_follow_pmc,long,2016-03-25 15:00:00-04:00,2016-03-25 15:15:00-04:00,1.11677,1.11649,1.0,stack_break,-0.000280000000000058,-29.500000000005798
ma3_ema9_21_50_15m_follow_pmc,long,2016-03-28 06:45:00-04:00,2016-03-28 11:15:00-04:00,1.1163800000000001,1.11621,1.0,stack_break,-0.00017000000000022553,-18.500000000022553
ma3_ema9_21_50_15m_follow_pmc,long,2016-03-28 12:30:00-04:00,2016-03-28 16:15:00-04:00,1.1170600000000002,1.1208999999999998,1.0,session_end,0.0038399999999996215,382.49999999996214
ma3_ema9_21_50_15m_follow_pmc,long,2016-03-29 04:00:00-04:00,2016-03-29 04:30:00-04:00,1.12006,1.11892,1.0,stack_break,-0.001140000000000141,-115.5000000000141
ma3_ema9_21_50_15m_follow_pmc,long,2016-03-29 11:15:00-04:00,2016-03-29 15:30:00-04:00,1.12056,1.1189699999999998,1.0,stack_break,-0.0015900000000002024,-160.50000000002024
ma3_ema9_21_50_15m_follow_pmc,long,2016-03-30 03:00:00-04:00,2016-03-30 13:30:00-04:00,1.1291200000000001,1.1309099999999999,1.0,stack_break,0.0017899999999997362,177.49999999997362
ma3_ema9_21_50_15m_follow_pmc,long,2016-03-30 14:15:00-04:00,2016-03-30 16:15:00-04:00,1.13284,1.1329999999999998,1.0,session_end,0.00015999999999971593,14.499999999971593
ma3_ema9_21_50_15m_follow_pmc,long,2016-03-31 08:15:00-04:00,2016-03-31 16:15:00-04:00,1.13399,1.13878,1.0,session_end,0.00478999999999985,477.499999999985
ma3_ema9_21_50_15m_follow_pmc,short,2016-04-01 03:15:00-04:00,2016-04-01 06:00:00-04:00,1.13716,1.13815,1.0,stack_break,-0.0009900000000000464,-100.50000000000463
ma3_ema9_21_50_15m_follow_pmc,long,2016-04-01 06:15:00-04:00,2016-04-01 13:45:00-04:00,1.13805,1.13774,1.0,stack_break,-0.00031000000000003247,-32.50000000000325
ma3_ema9_21_50_15m_follow_pmc,short,2016-04-01 14:45:00-04:00,2016-04-01 16:15:00-04:00,1.13513,1.1382500000000002,1.0,session_end,-0.0031200000000002337,-313.50000000002336
ma3_ema9_21_50_15m_follow_pmc,long,2016-04-04 03:00:00-04:00,2016-04-04 04:00:00-04:00,1.14046,1.1387999999999998,1.0,stack_break,-0.0016600000000002169,-167.50000000002169
ma3_ema9_21_50_15m_follow_pmc,short,2016-04-04 07:15:00-04:00,2016-04-04 12:45:00-04:00,1.13771,1.1384200000000002,1.0,stack_break,-0.0007100000000002105,-72.50000000002105
ma3_ema9_21_50_15m_follow_pmc,long,2016-04-04 14:00:00-04:00,2016-04-04 16:15:00-04:00,1.14047,1.1383699999999999,1.0,session_end,-0.002100000000000213,-211.5000000000213
ma3_ema9_21_50_15m_follow_pmc,long,2016-04-05 03:00:00-04:00,2016-04-05 04:30:00-04:00,1.1399100000000002,1.1384299999999998,1.0,stack_break,-0.00148000000000037,-149.500000000037
ma3_ema9_21_50_15m_follow_pmc,short,2016-04-05 07:00:00-04:00,2016-04-05 13:00:00-04:00,1.1377199999999998,1.13806,1.0,stack_break,-0.000340000000000229,-35.5000000000229
ma3_ema9_21_50_15m_follow_pmc,short,2016-04-05 14:15:00-04:00,2016-04-05 15:15:00-04:00,1.13479,1.1375300000000002,1.0,stack_break,-0.0027400000000001867,-275.50000000001864
ma3_ema9_21_50_15m_follow_pmc,short,2016-04-06 03:00:00-04:00,2016-04-06 13:30:00-04:00,1.13736,1.1369,1.0,stack_break,0.00045999999999990493,44.49999999999049
ma3_ema9_21_50_15m_follow_pmc,long,2016-04-06 14:30:00-04:00,2016-04-06 16:15:00-04:00,1.1398700000000002,1.14292,1.0,session_end,0.003049999999999775,303.4999999999775
ma3_ema9_21_50_15m_follow_pmc,long,2016-04-07 03:00:00-04:00,2016-04-07 04:00:00-04:00,1.14032,1.1397499999999998,1.0,stack_break,-0.0005700000000001815,-58.50000000001815
ma3_ema9_21_50_15m_follow_pmc,long,2016-04-07 05:00:00-04:00,2016-04-07 08:30:00-04:00,1.14043,1.1387299999999998,1.0,stack_break,-0.0017000000000002569,-171.5000000000257
ma3_ema9_21_50_15m_follow_pmc,short,2016-04-07 11:15:00-04:00,2016-04-07 15:45:00-04:00,1.1374499999999999,1.13961,1.0,stack_break,-0.002160000000000162,-217.50000000001617
ma3_ema9_21_50_15m_follow_pmc,short,2016-04-08 03:00:00-04:00,2016-04-08 06:30:00-04:00,1.1363899999999998,1.1374900000000001,1.0,stack_break,-0.001100000000000323,-111.50000000003229
ma3_ema9_21_50_15m_follow_pmc,short,2016-04-08 07:15:00-04:00,2016-04-08 08:15:00-04:00,1.13573,1.13867,1.0,stack_break,-0.0029400000000001647,-295.5000000000165
ma3_ema9_21_50_15m_follow_pmc,long,2016-04-08 09:00:00-04:00,2016-04-08 11:30:00-04:00,1.1388200000000002,1.1361899999999998,1.0,stack_break,-0.0026300000000003543,-264.5000000000354
ma3_ema9_21_50_15m_follow_pmc,short,2016-04-08 12:15:00-04:00,2016-04-08 13:45:00-04:00,1.1367399999999999,1.13914,1.0,stack_break,-0.0024000000000001798,-241.50000000001796
ma3_ema9_21_50_15m_follow_pmc,long,2016-04-08 13:45:00-04:00,2016-04-08 16:15:00-04:00,1.13914,1.1406299999999998,1.0,session_end,0.0014899999999997693,147.49999999997692
ma3_ema9_21_50_15m_follow_pmc,long,2016-04-11 03:00:00-04:00,2016-04-11 07:45:00-04:00,1.14131,1.1403899999999998,1.0,stack_break,-0.000920000000000254,-93.5000000000254
ma3_ema9_21_50_15m_follow_pmc,long,2016-04-11 13:45:00-04:00,2016-04-11 16:15:00-04:00,1.1407,1.14095,1.0,session_end,0.00024999999999986144,23.499999999986144
ma3_ema9_21_50_15m_follow_pmc,long,2016-04-12 03:00:00-04:00,2016-04-12 03:45:00-04:00,1.14117,1.14048,1.0,stack_break,-0.0006900000000000794,-70.50000000000794
ma3_ema9_21_50_15m_follow_pmc,long,2016-04-12 06:15:00-04:00,2016-04-12 11:00:00-04:00,1.14125,1.14164,1.0,stack_break,0.00038999999999989043,37.49999999998904
ma3_ema9_21_50_15m_follow_pmc,short,2016-04-12 14:15:00-04:00,2016-04-12 16:15:00-04:00,1.13662,1.1397400000000002,1.0,session_end,-0.0031200000000002337,-313.50000000002336
ma3_ema9_21_50_15m_follow_pmc,short,2016-04-13 03:00:00-04:00,2016-04-13 16:15:00-04:00,1.1369399999999998,1.1277300000000001,1.0,session_end,0.009209999999999718,919.4999999999718
ma3_ema9_21_50_15m_follow_pmc,short,2016-04-14 03:00:00-04:00,2016-04-14 09:30:00-04:00,1.12649,1.1269600000000002,1.0,stack_break,-0.0004700000000001925,-48.50000000001925
ma3_ema9_21_50_15m_follow_pmc,short,2016-04-14 10:15:00-04:00,2016-04-14 10:30:00-04:00,1.1255099999999998,1.12622,1.0,stack_break,-0.0007100000000002105,-72.50000000002105
ma3_ema9_21_50_15m_follow_pmc,short,2016-04-14 15:30:00-04:00,2016-04-14 16:15:00-04:00,1.1262999999999999,1.1261700000000001,1.0,session_end,0.00012999999999974143,11.499999999974143
ma3_ema9_21_50_15m_follow_pmc,short,2016-04-15 03:00:00-04:00,2016-04-15 04:15:00-04:00,1.1259599999999998,1.12626,1.0,stack_break,-0.000300000000000189,-31.5000000000189
ma3_ema9_21_50_15m_follow_pmc,short,2016-04-15 04:30:00-04:00,2016-04-15 04:45:00-04:00,1.1258899999999998,1.1261500000000002,1.0,stack_break,-0.00026000000000037105,-27.500000000037105
ma3_ema9_21_50_15m_follow_pmc,short,2016-04-15 05:00:00-04:00,2016-04-15 05:15:00-04:00,1.1258199999999998,1.12627,1.0,stack_break,-0.0004500000000002835,-46.50000000002835
ma3_ema9_21_50_15m_follow_pmc,short,2016-04-15 06:15:00-04:00,2016-04-15 06:30:00-04:00,1.12587,1.1263200000000002,1.0,stack_break,-0.0004500000000002835,-46.50000000002835
ma3_ema9_21_50_15m_follow_pmc,short,2016-04-15 07:30:00-04:00,2016-04-15 08:45:00-04:00,1.12506,1.1263500000000002,1.0,stack_break,-0.0012900000000002354,-130.50000000002353
ma3_ema9_21_50_15m_follow_pmc,short,2016-04-18 04:00:00-04:00,2016-04-18 07:30:00-04:00,1.12848,1.1301400000000001,1.0,stack_break,-0.0016600000000002169,-167.50000000002169
ma3_ema9_21_50_15m_follow_pmc,long,2016-04-19 14:15:00-04:00,2016-04-19 16:15:00-04:00,1.13819,1.1373399999999998,1.0,session_end,-0.0008500000000002395,-86.50000000002395
ma3_ema9_21_50_15m_follow_pmc,short,2016-04-20 08:30:00-04:00,2016-04-20 09:30:00-04:00,1.13594,1.1363,1.0,stack_break,-0.000360000000000138,-37.5000000000138
ma3_ema9_21_50_15m_follow_pmc,long,2016-04-20 12:45:00-04:00,2016-04-20 13:45:00-04:00,1.13802,1.1354199999999999,1.0,stack_break,-0.0026000000000001577,-261.5000000000158
ma3_ema9_21_50_15m_follow_pmc,short,2016-04-20 14:15:00-04:00,2016-04-20 16:15:00-04:00,1.1341899999999998,1.1330500000000001,1.0,session_end,0.0011399999999996968,112.49999999996967
ma3_ema9_21_50_15m_follow_pmc,short,2016-04-21 03:00:00-04:00,2016-04-21 07:45:00-04:00,1.1297599999999999,1.13026,1.0,stack_break,-0.000500000000000167,-51.5000000000167
ma3_ema9_21_50_15m_follow_pmc,short,2016-04-21 08:00:00-04:00,2016-04-21 10:15:00-04:00,1.12899,1.13057,1.0,stack_break,-0.0015800000000001369,-159.5000000000137
ma3_ema9_21_50_15m_follow_pmc,long,2016-04-21 13:00:00-04:00,2016-04-21 14:45:00-04:00,1.1382500000000002,1.1281899999999998,1.0,stack_break,-0.010060000000000402,-1007.5000000000402
ma3_ema9_21_50_15m_follow_pmc,short,2016-04-21 16:00:00-04:00,2016-04-21 16:15:00-04:00,1.1291799999999999,1.1303100000000001,1.0,session_end,-0.0011300000000002974,-114.50000000002974
ma3_ema9_21_50_15m_follow_pmc,short,2016-04-22 06:45:00-04:00,2016-04-22 16:15:00-04:00,1.1295099999999998,1.124,1.0,session_end,0.005509999999999682,549.4999999999682
ma3_ema9_21_50_15m_follow_pmc,short,2016-04-26 07:30:00-04:00,2016-04-26 07:45:00-04:00,1.1261599999999998,1.12698,1.0,stack_break,-0.000820000000000265,-83.50000000002649
ma3_ema9_21_50_15m_follow_pmc,short,2016-04-28 03:00:00-04:00,2016-04-28 03:45:00-04:00,1.13028,1.1336300000000001,1.0,stack_break,-0.003350000000000186,-336.50000000001864
ma3_ema9_21_50_15m_follow_pmc,short,2016-04-28 15:15:00-04:00,2016-04-28 16:15:00-04:00,1.13136,1.13253,1.0,session_end,-0.0011700000000001154,-118.50000000001154
ma3_ema9_21_50_15m_follow_pmc,long,2016-04-29 03:00:00-04:00,2016-04-29 09:30:00-04:00,1.13815,1.1377499999999998,1.0,stack_break,-0.000400000000000178,-41.5000000000178
ma3_ema9_21_50_15m_follow_pmc,long,2016-04-29 10:30:00-04:00,2016-04-29 16:15:00-04:00,1.1396000000000002,1.14387,1.0,session_end,0.004269999999999774,425.4999999999774
ma3_ema9_21_50_15m_follow_pmc,long,2016-05-02 03:00:00-04:00,2016-05-02 07:00:00-04:00,1.1468200000000002,1.1457899999999999,1.0,stack_break,-0.0010300000000003084,-104.50000000003084
ma3_ema9_21_50_15m_follow_pmc,long,2016-05-02 08:30:00-04:00,2016-05-02 16:15:00-04:00,1.1482800000000002,1.15164,1.0,session_end,0.0033599999999998076,334.4999999999808
ma3_ema9_21_50_15m_follow_pmc,long,2016-05-03 03:00:00-04:00,2016-05-03 04:45:00-04:00,1.15388,1.15231,1.0,stack_break,-0.0015700000000000713,-158.50000000000713
ma3_ema9_21_50_15m_follow_pmc,long,2016-05-03 05:00:00-04:00,2016-05-03 12:30:00-04:00,1.15385,1.15658,1.0,stack_break,0.002729999999999899,271.49999999998994
ma3_ema9_21_50_15m_follow_pmc,long,2016-05-04 14:00:00-04:00,2016-05-04 14:15:00-04:00,1.151,1.14858,1.0,stack_break,-0.0024200000000000887,-243.50000000000887
ma3_ema9_21_50_15m_follow_pmc,short,2016-05-05 08:45:00-04:00,2016-05-05 16:15:00-04:00,1.1445299999999998,1.1403800000000002,1.0,session_end,0.004149999999999654,413.4999999999654
ma3_ema9_21_50_15m_follow_pmc,short,2016-05-06 05:45:00-04:00,2016-05-06 06:45:00-04:00,1.14,1.14142,1.0,stack_break,-0.0014200000000001989,-143.5000000000199
ma3_ema9_21_50_15m_follow_pmc,long,2016-05-06 12:45:00-04:00,2016-05-06 14:45:00-04:00,1.14592,1.1410699999999998,1.0,stack_break,-0.004850000000000243,-486.50000000002433
ma3_ema9_21_50_15m_follow_pmc,short,2016-05-09 03:00:00-04:00,2016-05-09 03:15:00-04:00,1.1396,1.1397400000000002,1.0,stack_break,-0.00014000000000025103,-15.500000000025103
ma3_ema9_21_50_15m_follow_pmc,short,2016-05-09 08:00:00-04:00,2016-05-09 13:00:00-04:00,1.1387099999999999,1.1405500000000002,1.0,stack_break,-0.0018400000000002859,-185.5000000000286
ma3_ema9_21_50_15m_follow_pmc,short,2016-05-09 14:15:00-04:00,2016-05-09 14:45:00-04:00,1.13902,1.1401400000000002,1.0,stack_break,-0.001120000000000232,-113.50000000002319
ma3_ema9_21_50_15m_follow_pmc,short,2016-05-10 03:00:00-04:00,2016-05-10 06:45:00-04:00,1.13713,1.1387200000000002,1.0,stack_break,-0.0015900000000002024,-160.50000000002024
ma3_ema9_21_50_15m_follow_pmc,short,2016-05-10 10:45:00-04:00,2016-05-10 14:00:00-04:00,1.13763,1.1389200000000002,1.0,stack_break,-0.0012900000000002354,-130.50000000002353
ma3_ema9_21_50_15m_follow_pmc,short,2016-05-12 07:15:00-04:00,2016-05-12 14:30:00-04:00,1.1411,1.14057,1.0,stack_break,0.0005299999999999194,51.49999999999194
ma3_ema9_21_50_15m_follow_pmc,short,2016-05-12 15:30:00-04:00,2016-05-12 16:15:00-04:00,1.13913,1.1380700000000001,1.0,session_end,0.0010599999999998388,104.49999999998388
ma3_ema9_21_50_15m_follow_pmc,short,2016-05-13 03:00:00-04:00,2016-05-13 05:30:00-04:00,1.1371099999999998,1.1375600000000001,1.0,stack_break,-0.0004500000000002835,-46.50000000002835
ma3_ema9_21_50_15m_follow_pmc,short,2016-05-13 05:45:00-04:00,2016-05-13 16:15:00-04:00,1.13737,1.12962,1.0,session_end,0.007749999999999924,773.4999999999924
ma3_ema9_21_50_15m_follow_pmc,short,2016-05-16 03:15:00-04:00,2016-05-16 05:30:00-04:00,1.1305999999999998,1.13124,1.0,stack_break,-0.000640000000000196,-65.5000000000196
ma3_ema9_21_50_15m_follow_pmc,short,2016-05-17 03:45:00-04:00,2016-05-17 06:45:00-04:00,1.13163,1.1325800000000001,1.0,stack_break,-0.0009500000000002284,-96.50000000002285
ma3_ema9_21_50_15m_follow_pmc,short,2016-05-17 12:45:00-04:00,2016-05-17 14:00:00-04:00,1.13066,1.1337000000000002,1.0,stack_break,-0.0030400000000001537,-305.50000000001535
ma3_ema9_21_50_15m_follow_pmc,short,2016-05-18 03:00:00-04:00,2016-05-18 11:45:00-04:00,1.1286399999999999,1.1284200000000002,1.0,stack_break,0.0002199999999996649,20.49999999996649
ma3_ema9_21_50_15m_follow_pmc,short,2016-05-18 14:00:00-04:00,2016-05-18 14:30:00-04:00,1.12702,1.1289500000000001,1.0,stack_break,-0.0019300000000002093,-194.50000000002092
ma3_ema9_21_50_15m_follow_pmc,short,2016-05-19 03:00:00-04:00,2016-05-19 09:15:00-04:00,1.1223699999999999,1.12246,1.0,stack_break,-9.000000000014552e-05,-10.500000000014552
ma3_ema9_21_50_15m_follow_pmc,short,2016-05-19 09:45:00-04:00,2016-05-19 10:00:00-04:00,1.1215799999999998,1.1222500000000002,1.0,stack_break,-0.0006700000000003925,-68.50000000003925
ma3_ema9_21_50_15m_follow_pmc,short,2016-05-19 10:15:00-04:00,2016-05-19 15:00:00-04:00,1.12147,1.12219,1.0,stack_break,-0.0007200000000000539,-73.5000000000054
ma3_ema9_21_50_15m_follow_pmc,short,2016-05-19 15:30:00-04:00,2016-05-19 16:00:00-04:00,1.1199899999999998,1.1208600000000002,1.0,stack_break,-0.0008700000000003705,-88.50000000003705
ma3_ema9_21_50_15m_follow_pmc,short,2016-05-20 05:15:00-04:00,2016-05-20 06:15:00-04:00,1.1200899999999998,1.12094,1.0,stack_break,-0.0008500000000002395,-86.50000000002395
ma3_ema9_21_50_15m_follow_pmc,short,2016-05-23 09:00:00-04:00,2016-05-23 16:15:00-04:00,1.1206299999999998,1.11942,1.0,session_end,0.0012099999999997113,119.49999999997112
ma3_ema9_21_50_15m_follow_pmc,short,2016-05-24 03:00:00-04:00,2016-05-24 05:45:00-04:00,1.1208399999999998,1.1212600000000001,1.0,stack_break,-0.000420000000000309,-43.5000000000309
ma3_ema9_21_50_15m_follow_pmc,short,2016-05-24 06:00:00-04:00,2016-05-24 06:15:00-04:00,1.12093,1.12145,1.0,stack_break,-0.000520000000000076,-53.500000000007596
ma3_ema9_21_50_15m_follow_pmc,short,2016-05-24 07:15:00-04:00,2016-05-24 16:15:00-04:00,1.1202299999999998,1.11436,1.0,session_end,0.00586999999999982,585.499999999982
ma3_ema9_21_50_15m_follow_pmc,short,2016-05-25 08:00:00-04:00,2016-05-25 08:15:00-04:00,1.1141899999999998,1.1153000000000002,1.0,stack_break,-0.0011100000000003885,-112.50000000003885
ma3_ema9_21_50_15m_follow_pmc,short,2016-05-25 08:45:00-04:00,2016-05-25 13:00:00-04:00,1.1142999999999998,1.1151000000000002,1.0,stack_break,-0.000800000000000356,-81.5000000000356
ma3_ema9_21_50_15m_follow_pmc,short,2016-05-25 14:45:00-04:00,2016-05-25 15:30:00-04:00,1.1129499999999999,1.11603,1.0,stack_break,-0.0030800000000001937,-309.5000000000194
ma3_ema9_21_50_15m_follow_pmc,short,2016-05-27 08:00:00-04:00,2016-05-27 16:15:00-04:00,1.11784,1.11399,1.0,session_end,0.003849999999999909,383.4999999999909
ma3_ema9_21_50_15m_follow_pmc,short,2016-05-30 03:00:00-04:00,2016-05-30 06:45:00-04:00,1.11031,1.1112000000000002,1.0,stack_break,-0.0008900000000002795,-90.50000000002794
ma3_ema9_21_50_15m_follow_pmc,short,2016-05-31 06:15:00-04:00,2016-05-31 10:15:00-04:00,1.1132099999999998,1.11461,1.0,stack_break,-0.00140000000000029,-141.500000000029
ma3_ema9_21_50_15m_follow_pmc,short,2016-06-01 03:00:00-04:00,2016-06-01 07:00:00-04:00,1.11229,1.1130300000000002,1.0,stack_break,-0.000740000000000185,-75.5000000000185
ma3_ema9_21_50_15m_follow_pmc,long,2016-06-01 08:30:00-04:00,2016-06-01 16:15:00-04:00,1.11474,1.11631,1.0,session_end,0.0015699999999998493,155.49999999998494
ma3_ema9_21_50_15m_follow_pmc,long,2016-06-02 03:00:00-04:00,2016-06-02 06:45:00-04:00,1.1208600000000002,1.11964,1.0,stack_break,-0.001220000000000221,-123.50000000002208
ma3_ema9_21_50_15m_follow_pmc,long,2016-06-02 07:30:00-04:00,2016-06-02 10:45:00-04:00,1.1206800000000001,1.1199599999999998,1.0,stack_break,-0.000720000000000276,-73.5000000000276
ma3_ema9_21_50_15m_follow_pmc,long,2016-06-03 12:45:00-04:00,2016-06-03 16:15:00-04:00,1.1226200000000002,1.1330699999999998,1.0,session_end,0.010449999999999626,1043.4999999999627
ma3_ema9_21_50_15m_follow_pmc,long,2016-06-06 07:30:00-04:00,2016-06-06 10:45:00-04:00,1.13548,1.1337,1.0,stack_break,-0.0017800000000001148,-179.50000000001148
ma3_ema9_21_50_15m_follow_pmc,long,2016-06-06 12:45:00-04:00,2016-06-06 16:15:00-04:00,1.1357300000000001,1.1353099999999998,1.0,session_end,-0.000420000000000309,-43.5000000000309
ma3_ema9_21_50_15m_follow_pmc,long,2016-06-07 07:00:00-04:00,2016-06-07 07:15:00-04:00,1.1360000000000001,1.1355499999999998,1.0,stack_break,-0.0004500000000002835,-46.50000000002835
ma3_ema9_21_50_15m_follow_pmc,long,2016-06-07 07:30:00-04:00,2016-06-07 11:45:00-04:00,1.1369200000000002,1.13462,1.0,stack_break,-0.0023000000000001908,-231.50000000001907
ma3_ema9_21_50_15m_follow_pmc,long,2016-06-08 03:00:00-04:00,2016-06-08 16:15:00-04:00,1.13701,1.1400299999999999,1.0,session_end,0.0030199999999998006,300.49999999998005
ma3_ema9_21_50_15m_follow_pmc,long,2016-06-09 03:00:00-04:00,2016-06-09 05:30:00-04:00,1.1415000000000002,1.14011,1.0,stack_break,-0.0013900000000002244,-140.50000000002245
ma3_ema9_21_50_15m_follow_pmc,long,2016-06-13 08:30:00-04:00,2016-06-13 13:15:00-04:00,1.127,1.12465,1.0,stack_break,-0.0023500000000000743,-236.50000000000742
ma3_ema9_21_50_15m_follow_pmc,long,2016-06-13 14:30:00-04:00,2016-06-13 16:15:00-04:00,1.12847,1.12801,1.0,session_end,-0.000460000000000127,-47.5000000000127
ma3_ema9_21_50_15m_follow_pmc,long,2016-06-14 03:00:00-04:00,2016-06-14 05:15:00-04:00,1.1294700000000002,1.1287999999999998,1.0,stack_break,-0.0006700000000003925,-68.50000000003925
ma3_ema9_21_50_15m_follow_pmc,long,2016-06-15 07:30:00-04:00,2016-06-15 14:00:00-04:00,1.12189,1.12188,1.0,stack_break,-1.0000000000065512e-05,-2.500000000006551
ma3_ema9_21_50_15m_follow_pmc,long,2016-06-15 14:15:00-04:00,2016-06-15 16:15:00-04:00,1.12301,1.12377,1.0,session_end,0.0007599999999998719,74.49999999998718
ma3_ema9_21_50_15m_follow_pmc,long,2016-06-16 03:00:00-04:00,2016-06-16 08:45:00-04:00,1.12744,1.12661,1.0,stack_break,-0.0008300000000001084,-84.50000000001084
ma3_ema9_21_50_15m_follow_pmc,long,2016-06-17 03:00:00-04:00,2016-06-17 06:00:00-04:00,1.1263,1.1246699999999998,1.0,stack_break,-0.0016300000000002424,-164.50000000002424
ma3_ema9_21_50_15m_follow_pmc,long,2016-06-17 09:00:00-04:00,2016-06-17 09:30:00-04:00,1.1257400000000002,1.12428,1.0,stack_break,-0.0014600000000002389,-147.50000000002387
ma3_ema9_21_50_15m_follow_pmc,long,2016-06-17 10:00:00-04:00,2016-06-17 16:00:00-04:00,1.1253000000000002,1.12512,1.0,stack_break,-0.00018000000000029104,-19.500000000029104
ma3_ema9_21_50_15m_follow_pmc,long,2016-06-20 03:00:00-04:00,2016-06-20 07:00:00-04:00,1.13595,1.13394,1.0,stack_break,-0.0020100000000000673,-202.50000000000674
ma3_ema9_21_50_15m_follow_pmc,long,2016-06-20 13:30:00-04:00,2016-06-20 15:30:00-04:00,1.1350600000000002,1.13222,1.0,stack_break,-0.0028400000000001757,-285.50000000001756
ma3_ema9_21_50_15m_follow_pmc,long,2016-06-21 03:00:00-04:00,2016-06-21 11:15:00-04:00,1.1337400000000002,1.1323599999999998,1.0,stack_break,-0.001380000000000381,-139.50000000003809
ma3_ema9_21_50_15m_follow_pmc,long,2016-06-22 08:15:00-04:00,2016-06-22 15:45:00-04:00,1.12751,1.12699,1.0,stack_break,-0.000520000000000076,-53.500000000007596
ma3_ema9_21_50_15m_follow_pmc,long,2016-06-23 03:00:00-04:00,2016-06-23 08:00:00-04:00,1.1340000000000001,1.1332,1.0,stack_break,-0.0008000000000001339,-81.50000000001339
ma3_ema9_21_50_15m_follow_pmc,long,2016-06-23 09:15:00-04:00,2016-06-23 15:15:00-04:00,1.1351,1.1349399999999998,1.0,stack_break,-0.00016000000000016001,-17.500000000016
ma3_ema9_21_50_15m_follow_pmc,short,2016-06-24 03:00:00-04:00,2016-06-24 08:30:00-04:00,1.10971,1.1137800000000002,1.0,stack_break,-0.00407000000000024,-408.500000000024
ma3_ema9_21_50_15m_follow_pmc,short,2016-06-24 11:00:00-04:00,2016-06-24 14:45:00-04:00,1.10648,1.1101100000000002,1.0,stack_break,-0.003630000000000244,-364.50000000002444
ma3_ema9_21_50_15m_follow_pmc,short,2016-06-27 03:00:00-04:00,2016-06-27 06:30:00-04:00,1.0997299999999999,1.10284,1.0,stack_break,-0.003110000000000168,-312.5000000000168
ma3_ema9_21_50_15m_follow_pmc,short,2016-06-27 10:30:00-04:00,2016-06-27 16:15:00-04:00,1.10289,1.1021800000000002,1.0,session_end,0.0007099999999997664,69.49999999997664
ma3_ema9_21_50_15m_follow_pmc,short,2016-06-29 03:00:00-04:00,2016-06-29 03:15:00-04:00,1.10608,1.10657,1.0,stack_break,-0.0004900000000001015,-50.50000000001015
ma3_ema9_21_50_15m_follow_pmc,short,2016-06-30 05:30:00-04:00,2016-06-30 08:15:00-04:00,1.11007,1.1114700000000002,1.0,stack_break,-0.00140000000000029,-141.500000000029
ma3_ema9_21_50_15m_follow_pmc,long,2016-06-30 10:30:00-04:00,2016-06-30 12:45:00-04:00,1.1139800000000002,1.1090799999999998,1.0,stack_break,-0.0049000000000003485,-491.50000000003485
ma3_ema9_21_50_15m_follow_pmc,short,2016-06-30 14:30:00-04:00,2016-06-30 16:15:00-04:00,1.1096899999999998,1.10331,1.0,session_end,0.00637999999999983,636.4999999999831
ma3_ema9_21_50_15m_follow_pmc,long,2016-07-01 03:15:00-04:00,2016-07-01 04:00:00-04:00,1.1103800000000001,1.1092799999999998,1.0,stack_break,-0.001100000000000323,-111.50000000003229
ma3_ema9_21_50_15m_follow_pmc,short,2016-07-01 05:45:00-04:00,2016-07-01 08:00:00-04:00,1.10919,1.1115700000000002,1.0,stack_break,-0.002380000000000271,-239.5000000000271
ma3_ema9_21_50_15m_follow_pmc,long,2016-07-01 08:45:00-04:00,2016-07-01 16:15:00-04:00,1.1109600000000002,1.1147099999999999,1.0,session_end,0.003749999999999698,373.4999999999698
ma3_ema9_21_50_15m_follow_pmc,long,2016-07-04 03:00:00-04:00,2016-07-04 07:15:00-04:00,1.1137800000000002,1.1125699999999998,1.0,stack_break,-0.0012100000000003774,-122.50000000003774
ma3_ema9_21_50_15m_follow_pmc,short,2016-07-04 09:00:00-04:00,2016-07-04 12:00:00-04:00,1.1101599999999998,1.11385,1.0,stack_break,-0.003690000000000193,-370.5000000000193
ma3_ema9_21_50_15m_follow_pmc,long,2016-07-04 12:45:00-04:00,2016-07-04 16:15:00-04:00,1.1142500000000002,1.11425,1.0,session_end,-2.220446049250313e-16,-1.5000000000222045
ma3_ema9_21_50_15m_follow_pmc,long,2016-07-05 08:00:00-04:00,2016-07-05 14:45:00-04:00,1.1164,1.1127799999999999,1.0,stack_break,-0.0036200000000001786,-363.50000000001785
ma3_ema9_21_50_15m_follow_pmc,short,2016-07-05 15:30:00-04:00,2016-07-05 16:15:00-04:00,1.1101699999999999,1.10769,1.0,session_end,0.0024799999999998157,246.49999999998158
ma3_ema9_21_50_15m_follow_pmc,short,2016-07-06 03:00:00-04:00,2016-07-06 06:45:00-04:00,1.10541,1.1059100000000002,1.0,stack_break,-0.000500000000000167,-51.5000000000167
ma3_ema9_21_50_15m_follow_pmc,short,2016-07-06 09:45:00-04:00,2016-07-06 11:00:00-04:00,1.10527,1.10708,1.0,stack_break,-0.0018100000000000893,-182.50000000000892
ma3_ema9_21_50_15m_follow_pmc,short,2016-07-06 14:45:00-04:00,2016-07-06 15:30:00-04:00,1.10563,1.10816,1.0,stack_break,-0.0025300000000001432,-254.50000000001432
ma3_ema9_21_50_15m_follow_pmc,long,2016-07-07 04:45:00-04:00,2016-07-07 06:30:00-04:00,1.1104,1.10869,1.0,stack_break,-0.0017100000000001003,-172.50000000001003
ma3_ema9_21_50_15m_follow_pmc,short,2016-07-07 07:45:00-04:00,2016-07-07 10:30:00-04:00,1.1075599999999999,1.10904,1.0,stack_break,-0.0014800000000001479,-149.50000000001478
ma3_ema9_21_50_15m_follow_pmc,short,2016-07-07 10:45:00-04:00,2016-07-07 13:30:00-04:00,1.10802,1.1094000000000002,1.0,stack_break,-0.0013800000000001589,-139.5000000000159
ma3_ema9_21_50_15m_follow_pmc,short,2016-07-07 14:45:00-04:00,2016-07-07 16:15:00-04:00,1.10757,1.10629,1.0,session_end,0.0012799999999999478,126.49999999999478
ma3_ema9_21_50_15m_follow_pmc,short,2016-07-08 10:30:00-04:00,2016-07-08 16:15:00-04:00,1.10622,1.1036700000000002,1.0,session_end,0.00254999999999983,253.499999999983
ma3_ema9_21_50_15m_follow_pmc,short,2016-07-11 05:30:00-04:00,2016-07-11 11:15:00-04:00,1.1046099999999999,1.10501,1.0,stack_break,-0.000400000000000178,-41.5000000000178
ma3_ema9_21_50_15m_follow_pmc,long,2016-07-12 07:30:00-04:00,2016-07-12 11:45:00-04:00,1.11131,1.10828,1.0,stack_break,-0.003030000000000088,-304.5000000000088
ma3_ema9_21_50_15m_follow_pmc,short,2016-07-12 15:45:00-04:00,2016-07-12 16:15:00-04:00,1.10624,1.1075700000000002,1.0,session_end,-0.0013300000000002754,-134.50000000002754
ma3_ema9_21_50_15m_follow_pmc,short,2016-07-13 03:00:00-04:00,2016-07-13 04:00:00-04:00,1.1059599999999998,1.10684,1.0,stack_break,-0.0008800000000002139,-89.5000000000214
ma3_ema9_21_50_15m_follow_pmc,short,2016-07-13 07:15:00-04:00,2016-07-13 10:00:00-04:00,1.1055799999999998,1.1076000000000001,1.0,stack_break,-0.002020000000000355,-203.50000000003547
ma3_ema9_21_50_15m_follow_pmc,long,2016-07-13 14:45:00-04:00,2016-07-13 16:15:00-04:00,1.11063,1.1113,1.0,session_end,0.0006699999999999484,65.49999999999484
ma3_ema9_21_50_15m_follow_pmc,long,2016-07-14 03:00:00-04:00,2016-07-14 07:30:00-04:00,1.11131,1.10927,1.0,stack_break,-0.0020400000000000418,-205.50000000000418
ma3_ema9_21_50_15m_follow_pmc,long,2016-07-14 09:30:00-04:00,2016-07-14 14:15:00-04:00,1.1115400000000002,1.11119,1.0,stack_break,-0.0003500000000002945,-36.50000000002945
ma3_ema9_21_50_15m_follow_pmc,long,2016-07-15 03:00:00-04:00,2016-07-15 12:15:00-04:00,1.11379,1.11238,1.0,stack_break,-0.0014100000000001334,-142.50000000001333
ma3_ema9_21_50_15m_follow_pmc,short,2016-07-15 13:45:00-04:00,2016-07-15 16:15:00-04:00,1.1075599999999999,1.1058700000000001,1.0,session_end,0.0016899999999997473,167.49999999997473
ma3_ema9_21_50_15m_follow_pmc,short,2016-07-18 07:00:00-04:00,2016-07-18 14:00:00-04:00,1.10578,1.1056300000000001,1.0,stack_break,0.00014999999999987246,13.499999999987246
ma3_ema9_21_50_15m_follow_pmc,short,2016-07-19 08:00:00-04:00,2016-07-19 16:15:00-04:00,1.10608,1.10148,1.0,session_end,0.0045999999999999375,458.49999999999375
ma3_ema9_21_50_15m_follow_pmc,short,2016-07-20 03:00:00-04:00,2016-07-20 05:15:00-04:00,1.10036,1.10165,1.0,stack_break,-0.0012900000000000134,-130.50000000000134
ma3_ema9_21_50_15m_follow_pmc,short,2016-07-20 07:15:00-04:00,2016-07-20 10:45:00-04:00,1.09897,1.1009300000000002,1.0,stack_break,-0.001960000000000184,-197.5000000000184
ma3_ema9_21_50_15m_follow_pmc,short,2016-07-20 13:15:00-04:00,2016-07-20 14:45:00-04:00,1.09961,1.10193,1.0,stack_break,-0.0023200000000000998,-233.50000000000998
ma3_ema9_21_50_15m_follow_pmc,short,2016-07-21 12:15:00-04:00,2016-07-21 13:00:00-04:00,1.10103,1.1057000000000001,1.0,stack_break,-0.004670000000000174,-468.5000000000174
ma3_ema9_21_50_15m_follow_pmc,short,2016-07-21 14:30:00-04:00,2016-07-21 16:15:00-04:00,1.10056,1.10149,1.0,session_end,-0.0009300000000000974,-94.50000000000975
ma3_ema9_21_50_15m_follow_pmc,short,2016-07-22 11:30:00-04:00,2016-07-22 16:15:00-04:00,1.10158,1.09668,1.0,session_end,0.004899999999999904,488.49999999999045
ma3_ema9_21_50_15m_follow_pmc,short,2016-07-25 03:00:00-04:00,2016-07-25 03:45:00-04:00,1.09653,1.09711,1.0,stack_break,-0.0005800000000000249,-59.500000000002494
ma3_ema9_21_50_15m_follow_pmc,short,2016-07-25 07:45:00-04:00,2016-07-25 08:45:00-04:00,1.0962599999999998,1.0979100000000002,1.0,stack_break,-0.0016500000000003734,-166.50000000003735
ma3_ema9_21_50_15m_follow_pmc,short,2016-07-26 14:45:00-04:00,2016-07-26 16:15:00-04:00,1.0990099999999998,1.0982900000000002,1.0,session_end,0.0007199999999996098,70.49999999996098
ma3_ema9_21_50_15m_follow_pmc,long,2016-07-28 07:45:00-04:00,2016-07-28 11:30:00-04:00,1.1116100000000002,1.1082699999999999,1.0,stack_break,-0.0033400000000003427,-335.5000000000343
ma3_ema9_21_50_15m_follow_pmc,long,2016-07-28 14:15:00-04:00,2016-07-28 15:45:00-04:00,1.1105,1.10872,1.0,stack_break,-0.0017800000000001148,-179.50000000001148
ma3_ema9_21_50_15m_follow_pmc,long,2016-07-29 10:00:00-04:00,2016-07-29 16:15:00-04:00,1.1108500000000001,1.1168399999999998,1.0,session_end,0.005989999999999718,597.4999999999718
ma3_ema9_21_50_15m_follow_pmc,long,2016-08-01 03:00:00-04:00,2016-08-01 03:15:00-04:00,1.11708,1.1170499999999999,1.0,stack_break,-3.0000000000196536e-05,-4.500000000019654
ma3_ema9_21_50_15m_follow_pmc,long,2016-08-01 04:30:00-04:00,2016-08-01 06:30:00-04:00,1.11768,1.11632,1.0,stack_break,-0.0013600000000000279,-137.50000000000279
ma3_ema9_21_50_15m_follow_pmc,short,2016-08-01 11:45:00-04:00,2016-08-01 14:45:00-04:00,1.1158199999999998,1.1170300000000002,1.0,stack_break,-0.0012100000000003774,-122.50000000003774
ma3_ema9_21_50_15m_follow_pmc,long,2016-08-01 15:15:00-04:00,2016-08-01 16:15:00-04:00,1.11751,1.1174,1.0,session_end,-0.0001100000000000545,-12.50000000000545
ma3_ema9_21_50_15m_follow_pmc,long,2016-08-02 03:00:00-04:00,2016-08-02 16:15:00-04:00,1.1168900000000002,1.12258,1.0,session_end,0.005689999999999751,567.4999999999751
ma3_ema9_21_50_15m_follow_pmc,short,2016-08-03 14:45:00-04:00,2016-08-03 16:15:00-04:00,1.1164399999999999,1.11697,1.0,session_end,-0.0005300000000001415,-54.50000000001415
ma3_ema9_21_50_15m_follow_pmc,short,2016-08-04 03:00:00-04:00,2016-08-04 13:15:00-04:00,1.1144999999999998,1.1144100000000001,1.0,stack_break,8.999999999970143e-05,7.499999999970143
ma3_ema9_21_50_15m_follow_pmc,short,2016-08-05 13:15:00-04:00,2016-08-05 16:15:00-04:00,1.10832,1.108,1.0,session_end,0.00031999999999987594,30.499999999987594
ma3_ema9_21_50_15m_follow_pmc,short,2016-08-08 07:15:00-04:00,2016-08-08 16:15:00-04:00,1.10838,1.10776,1.0,session_end,0.0006199999999998429,60.49999999998429
ma3_ema9_21_50_15m_follow_pmc,short,2016-08-09 03:00:00-04:00,2016-08-09 04:30:00-04:00,1.10791,1.10854,1.0,stack_break,-0.0006300000000001305,-64.50000000001305
ma3_ema9_21_50_15m_follow_pmc,short,2016-08-09 05:45:00-04:00,2016-08-09 09:00:00-04:00,1.10788,1.10921,1.0,stack_break,-0.0013300000000000534,-134.50000000000534
ma3_ema9_21_50_15m_follow_pmc,short,2016-08-09 12:45:00-04:00,2016-08-09 14:00:00-04:00,1.10754,1.1094700000000002,1.0,stack_break,-0.0019300000000002093,-194.50000000002092
ma3_ema9_21_50_15m_follow_pmc,long,2016-08-10 09:45:00-04:00,2016-08-10 15:15:00-04:00,1.11759,1.11608,1.0,stack_break,-0.0015100000000001224,-152.50000000001222
ma3_ema9_21_50_15m_follow_pmc,short,2016-08-11 05:30:00-04:00,2016-08-11 13:15:00-04:00,1.1164999999999998,1.1158800000000002,1.0,stack_break,0.0006199999999996209,60.499999999962085
ma3_ema9_21_50_15m_follow_pmc,long,2016-08-11 15:15:00-04:00,2016-08-11 16:15:00-04:00,1.1181100000000002,1.1167399999999998,1.0,session_end,-0.0013700000000003154,-138.50000000003155
ma3_ema9_21_50_15m_follow_pmc,short,2016-08-12 03:00:00-04:00,2016-08-12 03:30:00-04:00,1.1137299999999999,1.1143100000000001,1.0,stack_break,-0.000580000000000247,-59.5000000000247
ma3_ema9_21_50_15m_follow_pmc,short,2016-08-12 05:00:00-04:00,2016-08-12 05:45:00-04:00,1.1136899999999998,1.114,1.0,stack_break,-0.0003100000000002545,-32.50000000002545
ma3_ema9_21_50_15m_follow_pmc,short,2016-08-12 06:45:00-04:00,2016-08-12 07:30:00-04:00,1.1135499999999998,1.1145,1.0,stack_break,-0.0009500000000002284,-96.50000000002285
ma3_ema9_21_50_15m_follow_pmc,long,2016-08-12 12:45:00-04:00,2016-08-12 16:15:00-04:00,1.1187,1.11703,1.0,session_end,-0.0016700000000000603,-168.50000000000603
ma3_ema9_21_50_15m_follow_pmc,short,2016-08-15 03:00:00-04:00,2016-08-15 06:15:00-04:00,1.11547,1.1161100000000002,1.0,stack_break,-0.000640000000000196,-65.5000000000196
ma3_ema9_21_50_15m_follow_pmc,long,2016-08-15 07:30:00-04:00,2016-08-15 16:15:00-04:00,1.1174400000000002,1.11978,1.0,session_end,0.0023399999999997867,232.49999999997868
ma3_ema9_21_50_15m_follow_pmc,long,2016-08-16 03:15:00-04:00,2016-08-16 15:15:00-04:00,1.1188900000000002,1.1258599999999999,1.0,stack_break,0.006969999999999699,695.4999999999699
ma3_ema9_21_50_15m_follow_pmc,long,2016-08-16 15:45:00-04:00,2016-08-16 16:15:00-04:00,1.1280100000000002,1.12756,1.0,session_end,-0.0004500000000002835,-46.50000000002835
ma3_ema9_21_50_15m_follow_pmc,long,2016-08-17 03:00:00-04:00,2016-08-17 03:15:00-04:00,1.12748,1.1272199999999999,1.0,stack_break,-0.000260000000000149,-27.5000000000149
ma3_ema9_21_50_15m_follow_pmc,long,2016-08-17 13:00:00-04:00,2016-08-17 16:00:00-04:00,1.12741,1.1264299999999998,1.0,stack_break,-0.000980000000000203,-99.5000000000203
ma3_ema9_21_50_15m_follow_pmc,long,2016-08-18 03:00:00-04:00,2016-08-18 13:30:00-04:00,1.1305,1.13106,1.0,stack_break,0.0005599999999998939,54.49999999998939
ma3_ema9_21_50_15m_follow_pmc,long,2016-08-18 15:00:00-04:00,2016-08-18 16:15:00-04:00,1.1327,1.1332099999999998,1.0,session_end,0.0005099999999997884,49.49999999997884
ma3_ema9_21_50_15m_follow_pmc,long,2016-08-22 12:30:00-04:00,2016-08-22 16:15:00-04:00,1.1308,1.1315899999999999,1.0,session_end,0.0007899999999998464,77.49999999998464
ma3_ema9_21_50_15m_follow_pmc,long,2016-08-23 03:00:00-04:00,2016-08-23 10:00:00-04:00,1.1330500000000001,1.13316,1.0,stack_break,0.00010999999999983245,9.499999999983245
ma3_ema9_21_50_15m_follow_pmc,long,2016-08-23 12:00:00-04:00,2016-08-23 13:45:00-04:00,1.13437,1.13266,1.0,stack_break,-0.0017100000000001003,-172.50000000001003
ma3_ema9_21_50_15m_follow_pmc,long,2016-08-25 03:30:00-04:00,2016-08-25 15:30:00-04:00,1.12752,1.12811,1.0,stack_break,0.0005899999999998684,57.49999999998684
ma3_ema9_21_50_15m_follow_pmc,long,2016-08-26 03:00:00-04:00,2016-08-26 08:45:00-04:00,1.1290200000000001,1.1288699999999998,1.0,stack_break,-0.00015000000000031655,-16.500000000031655
ma3_ema9_21_50_15m_follow_pmc,long,2016-08-26 13:00:00-04:00,2016-08-26 14:15:00-04:00,1.1308500000000001,1.1253499999999999,1.0,stack_break,-0.0055000000000002824,-551.5000000000282
ma3_ema9_21_50_15m_follow_pmc,long,2016-08-26 14:30:00-04:00,2016-08-26 15:15:00-04:00,1.1331,1.1277899999999998,1.0,stack_break,-0.005310000000000148,-532.5000000000148
ma3_ema9_21_50_15m_follow_pmc,short,2016-08-29 12:45:00-04:00,2016-08-29 16:15:00-04:00,1.11655,1.11823,1.0,session_end,-0.0016800000000001258,-169.5000000000126
ma3_ema9_21_50_15m_follow_pmc,short,2016-08-30 06:15:00-04:00,2016-08-30 16:15:00-04:00,1.11659,1.11507,1.0,session_end,0.0015199999999999658,150.4999999999966
ma3_ema9_21_50_15m_follow_pmc,short,2016-08-31 07:00:00-04:00,2016-08-31 15:45:00-04:00,1.11415,1.11471,1.0,stack_break,-0.000560000000000116,-57.500000000011596
ma3_ema9_21_50_15m_follow_pmc,long,2016-09-01 03:00:00-04:00,2016-09-01 04:15:00-04:00,1.1158700000000001,1.1155599999999999,1.0,stack_break,-0.0003100000000002545,-32.50000000002545
ma3_ema9_21_50_15m_follow_pmc,short,2016-09-01 06:30:00-04:00,2016-09-01 11:15:00-04:00,1.11482,1.11497,1.0,stack_break,-0.0001500000000000945,-16.50000000000945
ma3_ema9_21_50_15m_follow_pmc,short,2016-09-01 12:45:00-04:00,2016-09-01 14:30:00-04:00,1.1138,1.11646,1.0,stack_break,-0.0026600000000001067,-267.5000000000107
ma3_ema9_21_50_15m_follow_pmc,long,2016-09-01 14:45:00-04:00,2016-09-01 16:15:00-04:00,1.1189900000000002,1.1195799999999998,1.0,session_end,0.0005899999999996464,57.499999999964636
ma3_ema9_21_50_15m_follow_pmc,long,2016-09-02 03:00:00-04:00,2016-09-02 06:30:00-04:00,1.11955,1.1194499999999998,1.0,stack_break,-0.00010000000000021103,-11.500000000021103
ma3_ema9_21_50_15m_follow_pmc,long,2016-09-02 12:45:00-04:00,2016-09-02 14:45:00-04:00,1.1238000000000001,1.1168699999999998,1.0,stack_break,-0.006930000000000325,-694.5000000000325
ma3_ema9_21_50_15m_follow_pmc,short,2016-09-02 15:45:00-04:00,2016-09-02 16:15:00-04:00,1.11537,1.1157400000000002,1.0,session_end,-0.0003700000000002035,-38.50000000002035
ma3_ema9_21_50_15m_follow_pmc,long,2016-09-05 06:00:00-04:00,2016-09-05 10:00:00-04:00,1.11802,1.1168699999999998,1.0,stack_break,-0.0011500000000002064,-116.50000000002063
ma3_ema9_21_50_15m_follow_pmc,short,2016-09-05 13:15:00-04:00,2016-09-05 16:15:00-04:00,1.1149099999999998,1.11518,1.0,session_end,-0.0002700000000002145,-28.50000000002145
ma3_ema9_21_50_15m_follow_pmc,short,2016-09-06 05:30:00-04:00,2016-09-06 07:15:00-04:00,1.1146999999999998,1.1154600000000001,1.0,stack_break,-0.000760000000000316,-77.5000000000316
ma3_ema9_21_50_15m_follow_pmc,long,2016-09-06 07:45:00-04:00,2016-09-06 13:00:00-04:00,1.11667,1.11554,1.0,stack_break,-0.0011300000000000754,-114.50000000000753
ma3_ema9_21_50_15m_follow_pmc,long,2016-09-06 13:45:00-04:00,2016-09-06 16:15:00-04:00,1.1166200000000002,1.1235199999999999,1.0,session_end,0.006899999999999684,688.4999999999684
ma3_ema9_21_50_15m_follow_pmc,long,2016-09-07 03:00:00-04:00,2016-09-07 07:45:00-04:00,1.12545,1.12476,1.0,stack_break,-0.0006900000000000794,-70.50000000000794
ma3_ema9_21_50_15m_follow_pmc,long,2016-09-07 11:45:00-04:00,2016-09-07 12:15:00-04:00,1.12504,1.1234799999999998,1.0,stack_break,-0.0015600000000002279,-157.5000000000228
ma3_ema9_21_50_15m_follow_pmc,long,2016-09-07 13:45:00-04:00,2016-09-07 15:30:00-04:00,1.12532,1.12414,1.0,stack_break,-0.001180000000000181,-119.50000000001809
ma3_ema9_21_50_15m_follow_pmc,long,2016-09-08 03:00:00-04:00,2016-09-08 15:00:00-04:00,1.12538,1.12631,1.0,stack_break,0.0009299999999998754,91.49999999998754
ma3_ema9_21_50_15m_follow_pmc,long,2016-09-09 03:00:00-04:00,2016-09-09 07:45:00-04:00,1.12783,1.1272499999999999,1.0,stack_break,-0.000580000000000247,-59.5000000000247
ma3_ema9_21_50_15m_follow_pmc,long,2016-09-09 08:00:00-04:00,2016-09-09 08:30:00-04:00,1.1278100000000002,1.1273499999999999,1.0,stack_break,-0.000460000000000349,-47.5000000000349
ma3_ema9_21_50_15m_follow_pmc,long,2016-09-12 03:00:00-04:00,2016-09-12 09:30:00-04:00,1.1238700000000001,1.12357,1.0,stack_break,-0.000300000000000189,-31.5000000000189
ma3_ema9_21_50_15m_follow_pmc,long,2016-09-13 12:30:00-04:00,2016-09-13 16:15:00-04:00,1.12473,1.12418,1.0,session_end,-0.0005500000000000504,-56.500000000005045
ma3_ema9_21_50_15m_follow_pmc,long,2016-09-14 05:45:00-04:00,2016-09-14 09:00:00-04:00,1.12271,1.1215,1.0,stack_break,-0.0012100000000001554,-122.50000000001555
ma3_ema9_21_50_15m_follow_pmc,long,2016-09-14 09:45:00-04:00,2016-09-14 12:30:00-04:00,1.12345,1.12204,1.0,stack_break,-0.0014100000000001334,-142.50000000001333
ma3_ema9_21_50_15m_follow_pmc,long,2016-09-14 14:00:00-04:00,2016-09-14 16:15:00-04:00,1.12294,1.12717,1.0,session_end,0.004229999999999956,421.4999999999956
ma3_ema9_21_50_15m_follow_pmc,long,2016-09-15 06:45:00-04:00,2016-09-15 07:00:00-04:00,1.12498,1.1234799999999998,1.0,stack_break,-0.0015000000000002789,-151.50000000002788
ma3_ema9_21_50_15m_follow_pmc,long,2016-09-15 12:30:00-04:00,2016-09-15 14:30:00-04:00,1.12541,1.1235199999999999,1.0,stack_break,-0.0018900000000001693,-190.50000000001694
ma3_ema9_21_50_15m_follow_pmc,short,2016-09-19 08:15:00-04:00,2016-09-19 10:00:00-04:00,1.1155599999999999,1.1168300000000002,1.0,stack_break,-0.0012700000000003264,-128.50000000003263
ma3_ema9_21_50_15m_follow_pmc,long,2016-09-19 13:30:00-04:00,2016-09-19 16:15:00-04:00,1.1176400000000002,1.1177899999999998,1.0,session_end,0.0001499999999996504,13.499999999965041
ma3_ema9_21_50_15m_follow_pmc,long,2016-09-20 07:00:00-04:00,2016-09-20 10:45:00-04:00,1.1180700000000001,1.1175499999999998,1.0,stack_break,-0.000520000000000298,-53.5000000000298
ma3_ema9_21_50_15m_follow_pmc,short,2016-09-21 03:00:00-04:00,2016-09-21 08:00:00-04:00,1.1152,1.1152900000000001,1.0,stack_break,-9.000000000014552e-05,-10.500000000014552
ma3_ema9_21_50_15m_follow_pmc,short,2016-09-21 11:45:00-04:00,2016-09-21 12:00:00-04:00,1.1141599999999998,1.11481,1.0,stack_break,-0.0006500000000002615,-66.50000000002615
ma3_ema9_21_50_15m_follow_pmc,short,2016-09-21 14:00:00-04:00,2016-09-21 16:00:00-04:00,1.11395,1.1165100000000001,1.0,stack_break,-0.0025600000000001177,-257.50000000001177
ma3_ema9_21_50_15m_follow_pmc,long,2016-09-22 03:00:00-04:00,2016-09-22 16:15:00-04:00,1.1188200000000001,1.1227299999999998,1.0,session_end,0.003909999999999636,389.4999999999636
ma3_ema9_21_50_15m_follow_pmc,long,2016-09-23 10:45:00-04:00,2016-09-23 16:15:00-04:00,1.12158,1.1220899999999998,1.0,session_end,0.0005099999999997884,49.49999999997884
ma3_ema9_21_50_15m_follow_pmc,long,2016-09-26 03:00:00-04:00,2016-09-26 03:15:00-04:00,1.1232000000000002,1.1230799999999999,1.0,stack_break,-0.00012000000000034206,-13.500000000034206
ma3_ema9_21_50_15m_follow_pmc,long,2016-09-26 08:15:00-04:00,2016-09-26 16:15:00-04:00,1.12355,1.1266699999999998,1.0,session_end,0.0031199999999997896,310.49999999997897
ma3_ema9_21_50_15m_follow_pmc,long,2016-09-28 12:30:00-04:00,2016-09-28 15:00:00-04:00,1.1225100000000001,1.1203299999999998,1.0,stack_break,-0.002180000000000293,-219.50000000002927
ma3_ema9_21_50_15m_follow_pmc,long,2016-09-29 03:00:00-04:00,2016-09-29 06:45:00-04:00,1.1223200000000002,1.12205,1.0,stack_break,-0.0002700000000002145,-28.50000000002145
ma3_ema9_21_50_15m_follow_pmc,long,2016-09-29 15:15:00-04:00,2016-09-29 16:15:00-04:00,1.12318,1.12435,1.0,session_end,0.0011699999999998933,115.49999999998934
ma3_ema9_21_50_15m_follow_pmc,long,2016-09-30 15:15:00-04:00,2016-09-30 16:15:00-04:00,1.1241500000000002,1.12373,1.0,session_end,-0.000420000000000309,-43.5000000000309
ma3_ema9_21_50_15m_follow_pmc,short,2016-10-03 14:15:00-04:00,2016-10-03 16:15:00-04:00,1.1216799999999998,1.12101,1.0,session_end,0.0006699999999997264,65.49999999997263
ma3_ema9_21_50_15m_follow_pmc,short,2016-10-04 03:00:00-04:00,2016-10-04 16:00:00-04:00,1.1198,1.1204,1.0,stack_break,-0.000600000000000156,-61.500000000015596
ma3_ema9_21_50_15m_follow_pmc,short,2016-10-05 14:30:00-04:00,2016-10-05 16:15:00-04:00,1.1192099999999998,1.11968,1.0,session_end,-0.0004700000000001925,-48.50000000001925
ma3_ema9_21_50_15m_follow_pmc,short,2016-10-06 03:00:00-04:00,2016-10-06 16:15:00-04:00,1.12024,1.11599,1.0,session_end,0.004249999999999865,423.49999999998647
ma3_ema9_21_50_15m_follow_pmc,short,2016-10-07 03:00:00-04:00,2016-10-07 09:30:00-04:00,1.11272,1.11295,1.0,stack_break,-0.0002300000000001745,-24.50000000001745
ma3_ema9_21_50_15m_follow_pmc,short,2016-10-10 07:45:00-04:00,2016-10-10 16:15:00-04:00,1.1174899999999999,1.1157800000000002,1.0,session_end,0.0017099999999996562,169.4999999999656
ma3_ema9_21_50_15m_follow_pmc,short,2016-10-11 03:00:00-04:00,2016-10-11 05:30:00-04:00,1.1125699999999998,1.1133700000000002,1.0,stack_break,-0.000800000000000356,-81.5000000000356
ma3_ema9_21_50_15m_follow_pmc,short,2016-10-11 06:00:00-04:00,2016-10-11 16:15:00-04:00,1.1123699999999999,1.10633,1.0,session_end,0.006039999999999823,602.4999999999824
ma3_ema9_21_50_15m_follow_pmc,short,2016-10-12 03:00:00-04:00,2016-10-12 14:45:00-04:00,1.10476,1.1031600000000001,1.0,stack_break,0.0015999999999998238,158.49999999998238
ma3_ema9_21_50_15m_follow_pmc,short,2016-10-12 15:00:00-04:00,2016-10-12 16:15:00-04:00,1.1020599999999998,1.1015300000000001,1.0,session_end,0.0005299999999996974,51.49999999996974
ma3_ema9_21_50_15m_follow_pmc,short,2016-10-13 06:00:00-04:00,2016-10-13 10:30:00-04:00,1.1014,1.1026500000000001,1.0,stack_break,-0.0012500000000001954,-126.50000000001954
ma3_ema9_21_50_15m_follow_pmc,short,2016-10-14 04:30:00-04:00,2016-10-14 15:00:00-04:00,1.1028099999999998,1.1017700000000001,1.0,stack_break,0.0010399999999997078,102.49999999997078
ma3_ema9_21_50_15m_follow_pmc,short,2016-10-14 15:15:00-04:00,2016-10-14 16:15:00-04:00,1.1003699999999998,1.0985500000000001,1.0,session_end,0.0018199999999997107,180.49999999997107
ma3_ema9_21_50_15m_follow_pmc,short,2016-10-17 03:00:00-04:00,2016-10-17 03:15:00-04:00,1.0976499999999998,1.09779,1.0,stack_break,-0.00014000000000025103,-15.500000000025103
ma3_ema9_21_50_15m_follow_pmc,short,2016-10-17 08:30:00-04:00,2016-10-17 08:45:00-04:00,1.09767,1.09868,1.0,stack_break,-0.0010100000000001774,-102.50000000001774
ma3_ema9_21_50_15m_follow_pmc,short,2016-10-18 12:00:00-04:00,2016-10-18 16:15:00-04:00,1.09981,1.0997800000000002,1.0,session_end,2.9999999999752447e-05,1.4999999999752447
ma3_ema9_21_50_15m_follow_pmc,short,2016-10-19 05:15:00-04:00,2016-10-19 08:00:00-04:00,1.09795,1.09887,1.0,stack_break,-0.0009200000000000319,-93.50000000000318
ma3_ema9_21_50_15m_follow_pmc,short,2016-10-19 12:15:00-04:00,2016-10-19 16:15:00-04:00,1.09744,1.09643,1.0,session_end,0.0010099999999999554,99.49999999999554
ma3_ema9_21_50_15m_follow_pmc,short,2016-10-20 04:45:00-04:00,2016-10-20 08:15:00-04:00,1.0965999999999998,1.0975700000000002,1.0,stack_break,-0.0009700000000003595,-98.50000000003595
ma3_ema9_21_50_15m_follow_pmc,short,2016-10-20 14:15:00-04:00,2016-10-20 16:15:00-04:00,1.09499,1.09349,1.0,session_end,0.0014999999999998348,148.4999999999835
ma3_ema9_21_50_15m_follow_pmc,short,2016-10-21 03:00:00-04:00,2016-10-21 16:15:00-04:00,1.0896599999999999,1.0868300000000002,1.0,session_end,0.002829999999999666,281.49999999996663
ma3_ema9_21_50_15m_follow_pmc,short,2016-10-24 03:00:00-04:00,2016-10-24 06:15:00-04:00,1.0863299999999998,1.0876400000000002,1.0,stack_break,-0.0013100000000003664,-132.50000000003664
ma3_ema9_21_50_15m_follow_pmc,short,2016-10-25 13:00:00-04:00,2016-10-25 16:00:00-04:00,1.08687,1.0887300000000002,1.0,stack_break,-0.0018600000000001948,-187.5000000000195
ma3_ema9_21_50_15m_follow_pmc,short,2016-10-27 03:00:00-04:00,2016-10-27 06:00:00-04:00,1.0894899999999998,1.0905500000000001,1.0,stack_break,-0.001060000000000283,-107.5000000000283
ma3_ema9_21_50_15m_follow_pmc,short,2016-10-31 08:15:00-04:00,2016-10-31 16:15:00-04:00,1.0959999999999999,1.0967300000000002,1.0,session_end,-0.0007300000000003415,-74.50000000003415
ma3_ema9_21_50_15m_follow_pmc,short,2016-11-01 04:30:00-04:00,2016-11-01 06:45:00-04:00,1.09631,1.09701,1.0,stack_break,-0.000700000000000145,-71.5000000000145
ma3_ema9_21_50_15m_follow_pmc,short,2016-11-01 07:00:00-04:00,2016-11-01 07:45:00-04:00,1.09648,1.0974300000000001,1.0,stack_break,-0.0009500000000002284,-96.50000000002285
ma3_ema9_21_50_15m_follow_pmc,long,2016-11-01 07:45:00-04:00,2016-11-01 16:15:00-04:00,1.0974300000000001,1.10456,1.0,session_end,0.007129999999999859,711.4999999999859
ma3_ema9_21_50_15m_follow_pmc,long,2016-11-02 04:00:00-04:00,2016-11-02 16:15:00-04:00,1.10671,1.1116599999999999,1.0,session_end,0.004949999999999788,493.4999999999788
ma3_ema9_21_50_15m_follow_pmc,long,2016-11-03 04:00:00-04:00,2016-11-03 08:45:00-04:00,1.11236,1.11059,1.0,stack_break,-0.0017700000000000493,-178.50000000000495
ma3_ema9_21_50_15m_follow_pmc,long,2016-11-04 09:15:00-04:00,2016-11-04 09:30:00-04:00,1.11,1.1090499999999999,1.0,stack_break,-0.0009500000000002284,-96.50000000002285
ma3_ema9_21_50_15m_follow_pmc,long,2016-11-04 10:45:00-04:00,2016-11-04 11:00:00-04:00,1.11012,1.10943,1.0,stack_break,-0.0006900000000000794,-70.50000000000794
ma3_ema9_21_50_15m_follow_pmc,long,2016-11-04 12:15:00-04:00,2016-11-04 13:00:00-04:00,1.11029,1.1089799999999999,1.0,stack_break,-0.0013100000000001444,-132.50000000001444
ma3_ema9_21_50_15m_follow_pmc,long,2016-11-04 14:30:00-04:00,2016-11-04 16:15:00-04:00,1.11047,1.11222,1.0,session_end,0.0017499999999999183,173.49999999999181
ma3_ema9_21_50_15m_follow_pmc,long,2016-11-08 08:00:00-05:00,2016-11-08 11:15:00-05:00,1.10542,1.1043299999999998,1.0,stack_break,-0.0010900000000002574,-110.50000000002575
ma3_ema9_21_50_15m_follow_pmc,long,2016-11-08 16:00:00-05:00,2016-11-08 16:15:00-05:00,1.1050200000000001,1.10428,1.0,session_end,-0.000740000000000185,-75.5000000000185
ma3_ema9_21_50_15m_follow_pmc,long,2016-11-09 03:00:00-05:00,2016-11-09 08:30:00-05:00,1.11494,1.10893,1.0,stack_break,-0.006010000000000071,-602.500000000007
ma3_ema9_21_50_15m_follow_pmc,short,2016-11-09 14:45:00-05:00,2016-11-09 16:15:00-05:00,1.09649,1.0947500000000001,1.0,session_end,0.0017399999999998528,172.49999999998528
ma3_ema9_21_50_15m_follow_pmc,short,2016-11-10 05:30:00-05:00,2016-11-10 06:00:00-05:00,1.0927099999999998,1.09375,1.0,stack_break,-0.001040000000000152,-105.50000000001519
ma3_ema9_21_50_15m_follow_pmc,short,2016-11-10 08:30:00-05:00,2016-11-10 16:15:00-05:00,1.09262,1.08762,1.0,session_end,0.004999999999999893,498.4999999999893
ma3_ema9_21_50_15m_follow_pmc,short,2016-11-11 09:45:00-05:00,2016-11-11 13:45:00-05:00,1.08821,1.0903500000000002,1.0,stack_break,-0.002140000000000253,-215.5000000000253
ma3_ema9_21_50_15m_follow_pmc,short,2016-11-11 15:15:00-05:00,2016-11-11 16:15:00-05:00,1.0872899999999999,1.0853700000000002,1.0,session_end,0.0019199999999996997,190.49999999997
ma3_ema9_21_50_15m_follow_pmc,short,2016-11-14 03:00:00-05:00,2016-11-14 13:45:00-05:00,1.08029,1.0779,1.0,stack_break,0.002389999999999892,237.49999999998923
ma3_ema9_21_50_15m_follow_pmc,short,2016-11-14 14:00:00-05:00,2016-11-14 16:15:00-05:00,1.0767099999999998,1.0725,1.0,session_end,0.004209999999999825,419.4999999999825
ma3_ema9_21_50_15m_follow_pmc,short,2016-11-15 14:15:00-05:00,2016-11-15 16:15:00-05:00,1.07323,1.07299,1.0,session_end,0.00023999999999979593,22.499999999979593
ma3_ema9_21_50_15m_follow_pmc,short,2016-11-16 08:15:00-05:00,2016-11-16 16:15:00-05:00,1.0706499999999999,1.06749,1.0,session_end,0.0031599999999998296,314.49999999998295
ma3_ema9_21_50_15m_follow_pmc,short,2016-11-17 04:15:00-05:00,2016-11-17 06:00:00-05:00,1.06921,1.0701200000000002,1.0,stack_break,-0.0009100000000001884,-92.50000000001884
ma3_ema9_21_50_15m_follow_pmc,short,2016-11-17 06:45:00-05:00,2016-11-17 08:15:00-05:00,1.0690099999999998,1.0710600000000001,1.0,stack_break,-0.0020500000000003293,-206.50000000003294
ma3_ema9_21_50_15m_follow_pmc,short,2016-11-17 15:30:00-05:00,2016-11-17 16:15:00-05:00,1.06923,1.0676500000000002,1.0,session_end,0.0015799999999996928,156.49999999996928
ma3_ema9_21_50_15m_follow_pmc,short,2016-11-18 03:00:00-05:00,2016-11-18 09:45:00-05:00,1.0595199999999998,1.06061,1.0,stack_break,-0.0010900000000002574,-110.50000000002575
ma3_ema9_21_50_15m_follow_pmc,short,2016-11-18 10:15:00-05:00,2016-11-18 10:30:00-05:00,1.05975,1.06027,1.0,stack_break,-0.000520000000000076,-53.500000000007596
ma3_ema9_21_50_15m_follow_pmc,short,2016-11-18 15:30:00-05:00,2016-11-18 16:15:00-05:00,1.06005,1.05794,1.0,session_end,0.0021099999999998342,209.49999999998343
ma3_ema9_21_50_15m_follow_pmc,short,2016-11-21 04:30:00-05:00,2016-11-21 06:15:00-05:00,1.0591499999999998,1.0602900000000002,1.0,stack_break,-0.001140000000000363,-115.5000000000363
ma3_ema9_21_50_15m_follow_pmc,short,2016-11-22 07:30:00-05:00,2016-11-22 09:15:00-05:00,1.06097,1.06404,1.0,stack_break,-0.003070000000000128,-308.50000000001285
ma3_ema9_21_50_15m_follow_pmc,short,2016-11-22 13:15:00-05:00,2016-11-22 16:15:00-05:00,1.0610199999999999,1.0588300000000002,1.0,session_end,0.002189999999999692,217.49999999996922
ma3_ema9_21_50_15m_follow_pmc,short,2016-11-23 09:15:00-05:00,2016-11-23 11:45:00-05:00,1.06107,1.0629000000000002,1.0,stack_break,-0.0018300000000002203,-184.50000000002203
ma3_ema9_21_50_15m_follow_pmc,short,2016-11-23 13:15:00-05:00,2016-11-23 16:15:00-05:00,1.0609499999999998,1.0534100000000002,1.0,session_end,0.007539999999999658,752.4999999999658
ma3_ema9_21_50_15m_follow_pmc,short,2016-11-24 03:00:00-05:00,2016-11-24 05:30:00-05:00,1.0529499999999998,1.0544,1.0,stack_break,-0.0014500000000001734,-146.50000000001734
ma3_ema9_21_50_15m_follow_pmc,short,2016-11-24 08:00:00-05:00,2016-11-24 09:00:00-05:00,1.05331,1.0563,1.0,stack_break,-0.002990000000000048,-300.50000000000483
ma3_ema9_21_50_15m_follow_pmc,short,2016-11-28 12:15:00-05:00,2016-11-28 16:15:00-05:00,1.06039,1.0585200000000001,1.0,session_end,0.0018699999999998163,185.49999999998164
ma3_ema9_21_50_15m_follow_pmc,short,2016-11-29 03:30:00-05:00,2016-11-29 06:30:00-05:00,1.05931,1.06091,1.0,stack_break,-0.0016000000000000458,-161.50000000000458
ma3_ema9_21_50_15m_follow_pmc,short,2016-11-29 07:45:00-05:00,2016-11-29 08:30:00-05:00,1.0592,1.06061,1.0,stack_break,-0.0014100000000001334,-142.50000000001333
ma3_ema9_21_50_15m_follow_pmc,short,2016-11-29 09:15:00-05:00,2016-11-29 11:30:00-05:00,1.0590899999999999,1.06065,1.0,stack_break,-0.0015600000000002279,-157.5000000000228
ma3_ema9_21_50_15m_follow_pmc,short,2016-11-29 12:15:00-05:00,2016-11-29 15:30:00-05:00,1.0591899999999999,1.06187,1.0,stack_break,-0.0026800000000002377,-269.50000000002376
ma3_ema9_21_50_15m_follow_pmc,short,2016-11-30 08:00:00-05:00,2016-11-30 09:00:00-05:00,1.0629799999999998,1.06556,1.0,stack_break,-0.0025800000000002488,-259.5000000000249
ma3_ema9_21_50_15m_follow_pmc,short,2016-11-30 14:30:00-05:00,2016-11-30 16:15:00-05:00,1.0607199999999999,1.0603500000000001,1.0,session_end,0.0003699999999997594,35.49999999997594
ma3_ema9_21_50_15m_follow_pmc,long,2016-12-01 06:15:00-05:00,2016-12-01 14:45:00-05:00,1.0613400000000002,1.06046,1.0,stack_break,-0.0008800000000002139,-89.5000000000214
ma3_ema9_21_50_15m_follow_pmc,long,2016-12-02 03:00:00-05:00,2016-12-02 08:15:00-05:00,1.06712,1.06727,1.0,stack_break,0.00014999999999987246,13.499999999987246
ma3_ema9_21_50_15m_follow_pmc,short,2016-12-05 03:00:00-05:00,2016-12-05 07:30:00-05:00,1.05538,1.05855,1.0,stack_break,-0.003170000000000117,-318.5000000000117
ma3_ema9_21_50_15m_follow_pmc,long,2016-12-05 09:15:00-05:00,2016-12-05 16:15:00-05:00,1.06373,1.07243,1.0,session_end,0.00869999999999993,868.499999999993
ma3_ema9_21_50_15m_follow_pmc,long,2016-12-06 03:00:00-05:00,2016-12-06 04:15:00-05:00,1.07658,1.0754299999999999,1.0,stack_break,-0.0011500000000002064,-116.50000000002063
ma3_ema9_21_50_15m_follow_pmc,long,2016-12-06 08:30:00-05:00,2016-12-06 12:00:00-05:00,1.0776000000000001,1.0735999999999999,1.0,stack_break,-0.004000000000000226,-401.50000000002257
ma3_ema9_21_50_15m_follow_pmc,long,2016-12-07 09:30:00-05:00,2016-12-07 11:15:00-05:00,1.0728000000000002,1.0713899999999998,1.0,stack_break,-0.0014100000000003554,-142.50000000003553
ma3_ema9_21_50_15m_follow_pmc,long,2016-12-07 12:45:00-05:00,2016-12-07 16:15:00-05:00,1.0724900000000002,1.07666,1.0,session_end,0.004169999999999785,415.4999999999785
ma3_ema9_21_50_15m_follow_pmc,long,2016-12-08 03:00:00-05:00,2016-12-08 07:30:00-05:00,1.0765600000000002,1.07635,1.0,stack_break,-0.00021000000000026553,-22.500000000026553
ma3_ema9_21_50_15m_follow_pmc,long,2016-12-08 08:45:00-05:00,2016-12-08 13:30:00-05:00,1.0776000000000001,1.0752899999999999,1.0,stack_break,-0.0023100000000002563,-232.50000000002564
ma3_ema9_21_50_15m_follow_pmc,short,2016-12-09 12:00:00-05:00,2016-12-09 16:15:00-05:00,1.0581699999999998,1.0536400000000001,1.0,session_end,0.004529999999999701,451.4999999999701
ma3_ema9_21_50_15m_follow_pmc,long,2016-12-12 10:15:00-05:00,2016-12-12 16:15:00-05:00,1.0595500000000002,1.06033,1.0,session_end,0.0007799999999997809,76.49999999997809
ma3_ema9_21_50_15m_follow_pmc,long,2016-12-13 07:15:00-05:00,2016-12-13 08:45:00-05:00,1.0639,1.0620699999999998,1.0,stack_break,-0.0018300000000002203,-184.50000000002203
ma3_ema9_21_50_15m_follow_pmc,long,2016-12-13 15:45:00-05:00,2016-12-13 16:15:00-05:00,1.06353,1.0642099999999999,1.0,session_end,0.0006799999999997919,66.4999999999792
ma3_ema9_21_50_15m_follow_pmc,long,2016-12-14 03:00:00-05:00,2016-12-14 09:00:00-05:00,1.06379,1.0615999999999999,1.0,stack_break,-0.0021900000000001363,-220.50000000001364
ma3_ema9_21_50_15m_follow_pmc,long,2016-12-14 11:45:00-05:00,2016-12-14 16:15:00-05:00,1.0641200000000002,1.0650799999999998,1.0,session_end,0.0009599999999996278,94.49999999996278
ma3_ema9_21_50_15m_follow_pmc,short,2016-12-15 03:00:00-05:00,2016-12-15 16:15:00-05:00,1.05161,1.0411100000000002,1.0,session_end,0.010499999999999732,1048.4999999999732
ma3_ema9_21_50_15m_follow_pmc,short,2016-12-16 15:30:00-05:00,2016-12-16 16:15:00-05:00,1.0431599999999999,1.04123,1.0,session_end,0.0019299999999997652,191.49999999997652
ma3_ema9_21_50_15m_follow_pmc,short,2016-12-19 11:15:00-05:00,2016-12-19 16:15:00-05:00,1.0443799999999999,1.0439,1.0,session_end,0.0004799999999998139,46.49999999998139
ma3_ema9_21_50_15m_follow_pmc,short,2016-12-20 05:15:00-05:00,2016-12-20 16:15:00-05:00,1.04015,1.0379900000000002,1.0,session_end,0.0021599999999997177,214.49999999997178
ma3_ema9_21_50_15m_follow_pmc,short,2016-12-23 14:30:00-05:00,2016-12-23 16:15:00-05:00,1.0433199999999998,1.04607,1.0,session_end,-0.0027500000000002522,-276.50000000002524
ma3_ema9_21_50_15m_follow_pmc,short,2016-12-26 10:15:00-05:00,2016-12-26 14:45:00-05:00,1.0445799999999998,1.04617,1.0,stack_break,-0.0015900000000002024,-160.50000000002024
ma3_ema9_21_50_15m_follow_pmc,short,2016-12-27 03:00:00-05:00,2016-12-27 06:45:00-05:00,1.0433999999999999,1.04482,1.0,stack_break,-0.0014200000000001989,-143.5000000000199
ma3_ema9_21_50_15m_follow_pmc,short,2016-12-27 13:30:00-05:00,2016-12-27 15:00:00-05:00,1.04457,1.04499,1.0,stack_break,-0.00042000000000008697,-43.5000000000087
ma3_ema9_21_50_15m_follow_pmc,short,2016-12-28 09:15:00-05:00,2016-12-28 16:15:00-05:00,1.04409,1.03939,1.0,session_end,0.0046999999999999265,468.49999999999267
ma3_ema9_21_50_15m_follow_pmc,short,2017-01-02 06:00:00-05:00,2017-01-02 16:15:00-05:00,1.0512899999999998,1.04695,1.0,session_end,0.0043399999999997885,432.49999999997885
ma3_ema9_21_50_15m_follow_pmc,short,2017-01-03 08:30:00-05:00,2017-01-03 16:15:00-05:00,1.0456899999999998,1.0382,1.0,session_end,0.007489999999999775,747.4999999999775
ma3_ema9_21_50_15m_follow_pmc,short,2017-01-04 03:00:00-05:00,2017-01-04 05:00:00-05:00,1.0403099999999998,1.0407300000000002,1.0,stack_break,-0.000420000000000309,-43.5000000000309
ma3_ema9_21_50_15m_follow_pmc,short,2017-01-04 05:15:00-05:00,2017-01-04 05:45:00-05:00,1.0401999999999998,1.04057,1.0,stack_break,-0.0003700000000002035,-38.50000000002035
ma3_ema9_21_50_15m_follow_pmc,long,2017-01-05 03:15:00-05:00,2017-01-05 09:15:00-05:00,1.05183,1.05161,1.0,stack_break,-0.000220000000000109,-23.5000000000109
ma3_ema9_21_50_15m_follow_pmc,short,2017-01-05 12:00:00-05:00,2017-01-05 14:00:00-05:00,1.0498699999999999,1.0539,1.0,stack_break,-0.0040300000000002,-404.50000000002
ma3_ema9_21_50_15m_follow_pmc,long,2017-01-05 14:00:00-05:00,2017-01-05 16:15:00-05:00,1.0539,1.05975,1.0,session_end,0.005849999999999911,583.4999999999911
ma3_ema9_21_50_15m_follow_pmc,long,2017-01-06 08:45:00-05:00,2017-01-06 12:30:00-05:00,1.0593700000000001,1.05798,1.0,stack_break,-0.0013900000000002244,-140.50000000002245
ma3_ema9_21_50_15m_follow_pmc,short,2017-01-09 10:45:00-05:00,2017-01-09 14:15:00-05:00,1.0512599999999999,1.05345,1.0,stack_break,-0.0021900000000001363,-220.50000000001364
ma3_ema9_21_50_15m_follow_pmc,long,2017-01-09 15:45:00-05:00,2017-01-09 16:15:00-05:00,1.0545300000000002,1.05582,1.0,session_end,0.0012899999999997913,127.49999999997914
ma3_ema9_21_50_15m_follow_pmc,long,2017-01-10 03:00:00-05:00,2017-01-10 08:00:00-05:00,1.06075,1.05958,1.0,stack_break,-0.0011700000000001154,-118.50000000001154
ma3_ema9_21_50_15m_follow_pmc,long,2017-01-10 08:45:00-05:00,2017-01-10 09:00:00-05:00,1.0608600000000001,1.05948,1.0,stack_break,-0.0013800000000001589,-139.5000000000159
ma3_ema9_21_50_15m_follow_pmc,short,2017-01-11 12:30:00-05:00,2017-01-11 16:15:00-05:00,1.0505499999999999,1.0466600000000001,1.0,session_end,0.003889999999999727,387.4999999999727
ma3_ema9_21_50_15m_follow_pmc,long,2017-01-12 03:00:00-05:00,2017-01-12 16:15:00-05:00,1.0606000000000002,1.0651199999999998,1.0,session_end,0.004519999999999635,450.49999999996356
ma3_ema9_21_50_15m_follow_pmc,long,2017-01-13 08:00:00-05:00,2017-01-13 15:00:00-05:00,1.06372,1.06191,1.0,stack_break,-0.0018100000000000893,-182.50000000000892
ma3_ema9_21_50_15m_follow_pmc,long,2017-01-17 03:00:00-05:00,2017-01-17 16:15:00-05:00,1.06156,1.0694199999999998,1.0,session_end,0.007859999999999756,784.4999999999756
ma3_ema9_21_50_15m_follow_pmc,long,2017-01-19 09:45:00-05:00,2017-01-19 14:00:00-05:00,1.0664500000000001,1.0619699999999999,1.0,stack_break,-0.0044800000000002616,-449.50000000002615
ma3_ema9_21_50_15m_follow_pmc,long,2017-01-20 03:00:00-05:00,2017-01-20 08:45:00-05:00,1.0679,1.0664699999999998,1.0,stack_break,-0.0014300000000002644,-144.50000000002643
ma3_ema9_21_50_15m_follow_pmc,long,2017-01-23 03:00:00-05:00,2017-01-23 09:15:00-05:00,1.0741,1.07303,1.0,stack_break,-0.0010700000000001264,-108.50000000001265
ma3_ema9_21_50_15m_follow_pmc,long,2017-01-23 16:00:00-05:00,2017-01-23 16:15:00-05:00,1.0742600000000002,1.0744699999999998,1.0,session_end,0.0002099999999995994,19.49999999995994
ma3_ema9_21_50_15m_follow_pmc,long,2017-01-24 03:00:00-05:00,2017-01-24 05:00:00-05:00,1.07607,1.07517,1.0,stack_break,-0.0009000000000001229,-91.50000000001229
ma3_ema9_21_50_15m_follow_pmc,long,2017-01-24 15:15:00-05:00,2017-01-24 16:15:00-05:00,1.0765200000000001,1.0753199999999998,1.0,session_end,-0.001200000000000312,-121.50000000003119
ma3_ema9_21_50_15m_follow_pmc,long,2017-01-25 10:15:00-05:00,2017-01-25 14:30:00-05:00,1.0750000000000002,1.0725099999999999,1.0,stack_break,-0.0024900000000003253,-250.50000000003251
ma3_ema9_21_50_15m_follow_pmc,long,2017-01-26 03:00:00-05:00,2017-01-26 06:30:00-05:00,1.0756800000000002,1.0747399999999998,1.0,stack_break,-0.000940000000000385,-95.5000000000385
ma3_ema9_21_50_15m_follow_pmc,long,2017-01-27 11:45:00-05:00,2017-01-27 16:15:00-05:00,1.06915,1.07008,1.0,session_end,0.0009299999999998754,91.49999999998754
ma3_ema9_21_50_15m_follow_pmc,long,2017-01-30 03:00:00-05:00,2017-01-30 06:45:00-05:00,1.0731700000000002,1.07209,1.0,stack_break,-0.001080000000000192,-109.50000000001918
ma3_ema9_21_50_15m_follow_pmc,long,2017-01-31 03:15:00-05:00,2017-01-31 05:15:00-05:00,1.07061,1.0695899999999998,1.0,stack_break,-0.001020000000000243,-103.5000000000243
ma3_ema9_21_50_15m_follow_pmc,long,2017-01-31 05:30:00-05:00,2017-01-31 07:15:00-05:00,1.0701100000000001,1.06907,1.0,stack_break,-0.001040000000000152,-105.50000000001519
ma3_ema9_21_50_15m_follow_pmc,long,2017-01-31 08:30:00-05:00,2017-01-31 16:15:00-05:00,1.0711700000000002,1.08063,1.0,session_end,0.009459999999999802,944.4999999999802
ma3_ema9_21_50_15m_follow_pmc,long,2017-02-01 12:30:00-05:00,2017-02-01 13:30:00-05:00,1.0803600000000002,1.0775899999999998,1.0,stack_break,-0.0027700000000003833,-278.5000000000383
ma3_ema9_21_50_15m_follow_pmc,short,2017-02-01 14:00:00-05:00,2017-02-01 16:15:00-05:00,1.07731,1.07555,1.0,session_end,0.0017599999999999838,174.49999999999838
ma3_ema9_21_50_15m_follow_pmc,long,2017-02-02 09:00:00-05:00,2017-02-02 16:15:00-05:00,1.0809000000000002,1.0809099999999998,1.0,session_end,9.999999999621423e-06,-0.5000000000378577
ma3_ema9_21_50_15m_follow_pmc,short,2017-02-03 03:00:00-05:00,2017-02-03 14:00:00-05:00,1.0757599999999998,1.0762600000000002,1.0,stack_break,-0.000500000000000389,-51.5000000000389
ma3_ema9_21_50_15m_follow_pmc,short,2017-02-06 07:15:00-05:00,2017-02-06 16:15:00-05:00,1.07669,1.0740100000000001,1.0,session_end,0.0026799999999997937,266.49999999997937
ma3_ema9_21_50_15m_follow_pmc,short,2017-02-07 03:00:00-05:00,2017-02-07 15:45:00-05:00,1.0723399999999998,1.0680200000000002,1.0,stack_break,0.0043199999999996574,430.4999999999657
ma3_ema9_21_50_15m_follow_pmc,short,2017-02-08 05:15:00-05:00,2017-02-08 13:30:00-05:00,1.0676599999999998,1.06677,1.0,stack_break,0.0008899999999998354,87.49999999998354
ma3_ema9_21_50_15m_follow_pmc,short,2017-02-09 06:00:00-05:00,2017-02-09 09:00:00-05:00,1.06788,1.06976,1.0,stack_break,-0.0018800000000001038,-189.50000000001037
ma3_ema9_21_50_15m_follow_pmc,short,2017-02-09 12:45:00-05:00,2017-02-09 13:30:00-05:00,1.0677999999999999,1.06939,1.0,stack_break,-0.0015900000000002024,-160.50000000002024
ma3_ema9_21_50_15m_follow_pmc,short,2017-02-09 13:45:00-05:00,2017-02-09 16:15:00-05:00,1.06755,1.06621,1.0,session_end,0.0013399999999998968,132.49999999998968
ma3_ema9_21_50_15m_follow_pmc,short,2017-02-10 05:45:00-05:00,2017-02-10 16:15:00-05:00,1.06547,1.0623900000000002,1.0,session_end,0.0030799999999997496,306.499999999975
ma3_ema9_21_50_15m_follow_pmc,short,2017-02-13 03:00:00-05:00,2017-02-13 06:15:00-05:00,1.0618699999999999,1.0626900000000001,1.0,stack_break,-0.000820000000000265,-83.50000000002649
ma3_ema9_21_50_15m_follow_pmc,short,2017-02-13 14:30:00-05:00,2017-02-13 16:15:00-05:00,1.0616599999999998,1.0608300000000002,1.0,session_end,0.0008299999999996643,81.49999999996643
ma3_ema9_21_50_15m_follow_pmc,short,2017-02-14 03:00:00-05:00,2017-02-14 03:45:00-05:00,1.05975,1.0601800000000001,1.0,stack_break,-0.0004300000000001525,-44.50000000001525
ma3_ema9_21_50_15m_follow_pmc,short,2017-02-14 15:30:00-05:00,2017-02-14 16:15:00-05:00,1.05923,1.0561800000000001,1.0,session_end,0.003049999999999775,303.4999999999775
ma3_ema9_21_50_15m_follow_pmc,short,2017-02-15 03:00:00-05:00,2017-02-15 03:30:00-05:00,1.0574,1.0582500000000001,1.0,stack_break,-0.0008500000000002395,-86.50000000002395
ma3_ema9_21_50_15m_follow_pmc,short,2017-02-15 07:45:00-05:00,2017-02-15 15:30:00-05:00,1.05714,1.0567300000000002,1.0,stack_break,0.0004099999999997994,39.49999999997994
ma3_ema9_21_50_15m_follow_pmc,short,2017-02-17 08:45:00-05:00,2017-02-17 14:15:00-05:00,1.0643999999999998,1.06594,1.0,stack_break,-0.001540000000000319,-155.5000000000319
ma3_ema9_21_50_15m_follow_pmc,short,2017-02-17 15:30:00-05:00,2017-02-17 16:15:00-05:00,1.0633899999999998,1.0629300000000002,1.0,session_end,0.0004599999999996829,44.49999999996829
ma3_ema9_21_50_15m_follow_pmc,short,2017-02-20 03:00:00-05:00,2017-02-20 05:30:00-05:00,1.0609499999999998,1.06186,1.0,stack_break,-0.0009100000000001884,-92.50000000001884
ma3_ema9_21_50_15m_follow_pmc,short,2017-02-20 06:30:00-05:00,2017-02-20 07:30:00-05:00,1.061,1.0622600000000002,1.0,stack_break,-0.001260000000000261,-127.50000000002609
ma3_ema9_21_50_15m_follow_pmc,short,2017-02-20 13:15:00-05:00,2017-02-20 15:15:00-05:00,1.0609199999999999,1.06211,1.0,stack_break,-0.0011900000000002464,-120.50000000002464
ma3_ema9_21_50_15m_follow_pmc,short,2017-02-21 03:00:00-05:00,2017-02-21 16:15:00-05:00,1.05819,1.0534700000000001,1.0,session_end,0.0047199999999998354,470.4999999999835
ma3_ema9_21_50_15m_follow_pmc,short,2017-02-22 05:30:00-05:00,2017-02-22 14:30:00-05:00,1.05433,1.0515700000000001,1.0,stack_break,0.0027599999999998737,274.4999999999874
ma3_ema9_21_50_15m_follow_pmc,short,2017-02-22 15:45:00-05:00,2017-02-22 16:00:00-05:00,1.0498599999999998,1.05386,1.0,stack_break,-0.004000000000000226,-401.50000000002257
ma3_ema9_21_50_15m_follow_pmc,short,2017-02-23 10:30:00-05:00,2017-02-23 12:30:00-05:00,1.0543099999999999,1.0563300000000002,1.0,stack_break,-0.002020000000000355,-203.50000000003547
ma3_ema9_21_50_15m_follow_pmc,short,2017-02-27 04:15:00-05:00,2017-02-27 04:45:00-05:00,1.05625,1.0567000000000002,1.0,stack_break,-0.0004500000000002835,-46.50000000002835
ma3_ema9_21_50_15m_follow_pmc,short,2017-02-28 03:00:00-05:00,2017-02-28 04:30:00-05:00,1.0583099999999999,1.05884,1.0,stack_break,-0.0005300000000001415,-54.50000000001415
ma3_ema9_21_50_15m_follow_pmc,short,2017-02-28 09:45:00-05:00,2017-02-28 10:45:00-05:00,1.0584799999999999,1.0600800000000001,1.0,stack_break,-0.0016000000000002679,-161.50000000002677
ma3_ema9_21_50_15m_follow_pmc,short,2017-03-01 03:30:00-05:00,2017-03-01 16:00:00-05:00,1.05619,1.0550400000000002,1.0,stack_break,0.0011499999999997623,113.49999999997624
ma3_ema9_21_50_15m_follow_pmc,short,2017-03-02 03:00:00-05:00,2017-03-02 08:30:00-05:00,1.05276,1.05379,1.0,stack_break,-0.0010300000000000864,-104.50000000000864
ma3_ema9_21_50_15m_follow_pmc,short,2017-03-02 10:00:00-05:00,2017-03-02 16:15:00-05:00,1.05262,1.05278,1.0,session_end,-0.00016000000000016001,-17.500000000016
ma3_ema9_21_50_15m_follow_pmc,long,2017-03-03 14:00:00-05:00,2017-03-03 16:15:00-05:00,1.05736,1.0559399999999999,1.0,session_end,-0.0014200000000001989,-143.5000000000199
ma3_ema9_21_50_15m_follow_pmc,long,2017-03-06 03:00:00-05:00,2017-03-06 04:30:00-05:00,1.0607600000000001,1.06039,1.0,stack_break,-0.0003700000000002035,-38.50000000002035
ma3_ema9_21_50_15m_follow_pmc,long,2017-03-06 08:45:00-05:00,2017-03-06 10:30:00-05:00,1.06328,1.0590899999999999,1.0,stack_break,-0.004190000000000138,-420.5000000000138
ma3_ema9_21_50_15m_follow_pmc,long,2017-03-07 06:45:00-05:00,2017-03-07 09:45:00-05:00,1.0589000000000002,1.0577699999999999,1.0,stack_break,-0.0011300000000002974,-114.50000000002974
ma3_ema9_21_50_15m_follow_pmc,short,2017-03-07 10:15:00-05:00,2017-03-07 16:15:00-05:00,1.0563799999999999,1.0580900000000002,1.0,session_end,-0.0017100000000003224,-172.50000000003223
ma3_ema9_21_50_15m_follow_pmc,short,2017-03-08 03:00:00-05:00,2017-03-08 15:45:00-05:00,1.0567199999999999,1.05593,1.0,stack_break,0.0007899999999998464,77.49999999998464
ma3_ema9_21_50_15m_follow_pmc,short,2017-03-09 03:00:00-05:00,2017-03-09 08:30:00-05:00,1.05388,1.05465,1.0,stack_break,-0.0007700000000001594,-78.50000000001594
ma3_ema9_21_50_15m_follow_pmc,long,2017-03-09 14:15:00-05:00,2017-03-09 16:15:00-05:00,1.0582500000000001,1.05795,1.0,session_end,-0.000300000000000189,-31.5000000000189
ma3_ema9_21_50_15m_follow_pmc,long,2017-03-10 03:00:00-05:00,2017-03-10 16:15:00-05:00,1.0594800000000002,1.06555,1.0,session_end,0.006069999999999798,605.4999999999798
ma3_ema9_21_50_15m_follow_pmc,long,2017-03-13 04:00:00-04:00,2017-03-13 08:45:00-04:00,1.0698800000000002,1.0677999999999999,1.0,stack_break,-0.002080000000000304,-209.50000000003038
ma3_ema9_21_50_15m_follow_pmc,long,2017-03-15 07:15:00-04:00,2017-03-15 11:00:00-04:00,1.06272,1.06185,1.0,stack_break,-0.0008700000000001484,-88.50000000001484
ma3_ema9_21_50_15m_follow_pmc,long,2017-03-15 12:30:00-04:00,2017-03-15 13:15:00-04:00,1.06315,1.06188,1.0,stack_break,-0.0012700000000001044,-128.50000000001043
ma3_ema9_21_50_15m_follow_pmc,long,2017-03-15 15:30:00-04:00,2017-03-15 16:15:00-04:00,1.0627600000000001,1.0629099999999998,1.0,session_end,0.0001499999999996504,13.499999999965041
ma3_ema9_21_50_15m_follow_pmc,long,2017-03-16 04:00:00-04:00,2017-03-16 04:15:00-04:00,1.07227,1.0720599999999998,1.0,stack_break,-0.00021000000000026553,-22.500000000026553
ma3_ema9_21_50_15m_follow_pmc,long,2017-03-16 05:45:00-04:00,2017-03-16 08:30:00-04:00,1.07299,1.07205,1.0,stack_break,-0.0009400000000001629,-95.50000000001629
ma3_ema9_21_50_15m_follow_pmc,long,2017-03-16 11:45:00-04:00,2017-03-16 12:45:00-04:00,1.0729600000000001,1.0717599999999998,1.0,stack_break,-0.001200000000000312,-121.50000000003119
ma3_ema9_21_50_15m_follow_pmc,long,2017-03-16 13:00:00-04:00,2017-03-16 16:15:00-04:00,1.0728600000000001,1.0735899999999998,1.0,session_end,0.0007299999999996754,71.49999999996754
ma3_ema9_21_50_15m_follow_pmc,long,2017-03-17 04:00:00-04:00,2017-03-17 08:00:00-04:00,1.07726,1.0757199999999998,1.0,stack_break,-0.001540000000000319,-155.5000000000319
ma3_ema9_21_50_15m_follow_pmc,long,2017-03-17 09:45:00-04:00,2017-03-17 11:15:00-04:00,1.0778100000000002,1.0762999999999998,1.0,stack_break,-0.0015100000000003444,-152.50000000003445
ma3_ema9_21_50_15m_follow_pmc,long,2017-03-20 04:00:00-04:00,2017-03-20 10:00:00-04:00,1.0761200000000002,1.07599,1.0,stack_break,-0.00013000000000018552,-14.500000000018552
ma3_ema9_21_50_15m_follow_pmc,long,2017-03-21 04:00:00-04:00,2017-03-21 16:15:00-04:00,1.0755400000000002,1.0807099999999998,1.0,session_end,0.005169999999999675,515.4999999999675
ma3_ema9_21_50_15m_follow_pmc,long,2017-03-22 07:15:00-04:00,2017-03-22 09:00:00-04:00,1.08139,1.07954,1.0,stack_break,-0.0018500000000001293,-186.50000000001293
ma3_ema9_21_50_15m_follow_pmc,long,2017-03-22 14:45:00-04:00,2017-03-22 16:15:00-04:00,1.0813300000000001,1.0797999999999999,1.0,session_end,-0.0015300000000002534,-154.50000000002535
ma3_ema9_21_50_15m_follow_pmc,long,2017-03-24 09:00:00-04:00,2017-03-24 16:15:00-04:00,1.08061,1.0805699999999998,1.0,session_end,-4.000000000026205e-05,-5.500000000026205
ma3_ema9_21_50_15m_follow_pmc,long,2017-03-27 03:00:00-04:00,2017-03-27 16:15:00-04:00,1.0846,1.08821,1.0,session_end,0.003609999999999891,359.4999999999891
ma3_ema9_21_50_15m_follow_pmc,long,2017-03-28 14:45:00-04:00,2017-03-28 16:00:00-04:00,1.08643,1.0852799999999998,1.0,stack_break,-0.0011500000000002064,-116.50000000002063
ma3_ema9_21_50_15m_follow_pmc,long,2017-03-31 16:00:00-04:00,2017-03-31 16:15:00-04:00,1.06938,1.0696299999999999,1.0,session_end,0.00024999999999986144,23.499999999986144
ma3_ema9_21_50_15m_follow_pmc,long,2017-04-03 04:30:00-04:00,2017-04-03 06:45:00-04:00,1.06786,1.06707,1.0,stack_break,-0.0007900000000000684,-80.50000000000685
ma3_ema9_21_50_15m_follow_pmc,short,2017-04-03 11:30:00-04:00,2017-04-03 14:30:00-04:00,1.06521,1.0675100000000002,1.0,stack_break,-0.0023000000000001908,-231.50000000001907
ma3_ema9_21_50_15m_follow_pmc,short,2017-04-03 15:15:00-04:00,2017-04-03 16:15:00-04:00,1.06473,1.06566,1.0,session_end,-0.0009300000000000974,-94.50000000000975
ma3_ema9_21_50_15m_follow_pmc,long,2017-04-04 03:00:00-04:00,2017-04-04 03:15:00-04:00,1.06671,1.06633,1.0,stack_break,-0.00038000000000004697,-39.5000000000047
ma3_ema9_21_50_15m_follow_pmc,long,2017-04-04 05:15:00-04:00,2017-04-04 06:15:00-04:00,1.06722,1.06629,1.0,stack_break,-0.0009300000000000974,-94.50000000000975
ma3_ema9_21_50_15m_follow_pmc,short,2017-04-04 08:00:00-04:00,2017-04-04 15:15:00-04:00,1.06473,1.06617,1.0,stack_break,-0.0014400000000001079,-145.5000000000108
ma3_ema9_21_50_15m_follow_pmc,long,2017-04-05 03:00:00-04:00,2017-04-05 04:45:00-04:00,1.0678800000000002,1.0674,1.0,stack_break,-0.000480000000000258,-49.5000000000258
ma3_ema9_21_50_15m_follow_pmc,long,2017-04-05 07:30:00-04:00,2017-04-05 09:30:00-04:00,1.06875,1.0667,1.0,stack_break,-0.0020500000000001073,-206.50000000001074
ma3_ema9_21_50_15m_follow_pmc,long,2017-04-06 03:00:00-04:00,2017-04-06 05:45:00-04:00,1.0674400000000002,1.0671899999999999,1.0,stack_break,-0.00025000000000030553,-26.500000000030553
ma3_ema9_21_50_15m_follow_pmc,long,2017-04-06 06:30:00-04:00,2017-04-06 07:30:00-04:00,1.06772,1.0644099999999999,1.0,stack_break,-0.003310000000000146,-332.5000000000146
ma3_ema9_21_50_15m_follow_pmc,short,2017-04-06 07:45:00-04:00,2017-04-06 11:15:00-04:00,1.06429,1.06655,1.0,stack_break,-0.0022600000000001508,-227.50000000001506
ma3_ema9_21_50_15m_follow_pmc,short,2017-04-06 15:30:00-04:00,2017-04-06 16:15:00-04:00,1.0650899999999999,1.06485,1.0,session_end,0.00023999999999979593,22.499999999979593
ma3_ema9_21_50_15m_follow_pmc,short,2017-04-07 04:00:00-04:00,2017-04-07 05:15:00-04:00,1.06435,1.06491,1.0,stack_break,-0.000560000000000116,-57.500000000011596
ma3_ema9_21_50_15m_follow_pmc,short,2017-04-07 07:30:00-04:00,2017-04-07 16:15:00-04:00,1.06368,1.06172,1.0,session_end,0.0019599999999999618,194.4999999999962
ma3_ema9_21_50_15m_follow_pmc,short,2017-04-10 03:00:00-04:00,2017-04-10 05:00:00-04:00,1.0575899999999998,1.0584900000000002,1.0,stack_break,-0.000900000000000345,-91.5000000000345
ma3_ema9_21_50_15m_follow_pmc,short,2017-04-10 09:00:00-04:00,2017-04-10 09:15:00-04:00,1.0581099999999999,1.0587700000000002,1.0,stack_break,-0.000660000000000327,-67.5000000000327
ma3_ema9_21_50_15m_follow_pmc,short,2017-04-10 10:00:00-04:00,2017-04-10 13:45:00-04:00,1.0579599999999998,1.0587000000000002,1.0,stack_break,-0.000740000000000407,-75.5000000000407
ma3_ema9_21_50_15m_follow_pmc,short,2017-04-11 03:00:00-04:00,2017-04-11 08:15:00-04:00,1.0583799999999999,1.0591300000000001,1.0,stack_break,-0.0007500000000002505,-76.50000000002504
ma3_ema9_21_50_15m_follow_pmc,short,2017-04-12 03:15:00-04:00,2017-04-12 06:15:00-04:00,1.05975,1.06105,1.0,stack_break,-0.0013000000000000789,-131.5000000000079
ma3_ema9_21_50_15m_follow_pmc,short,2017-04-12 11:45:00-04:00,2017-04-12 14:45:00-04:00,1.05985,1.06136,1.0,stack_break,-0.0015100000000001224,-152.50000000001222
ma3_ema9_21_50_15m_follow_pmc,long,2017-04-13 03:00:00-04:00,2017-04-13 07:15:00-04:00,1.0674700000000001,1.0651199999999998,1.0,stack_break,-0.0023500000000002963,-236.50000000002962
ma3_ema9_21_50_15m_follow_pmc,short,2017-04-13 09:45:00-04:00,2017-04-13 16:15:00-04:00,1.06429,1.06302,1.0,session_end,0.0012699999999998823,125.49999999998823
ma3_ema9_21_50_15m_follow_pmc,short,2017-04-14 04:00:00-04:00,2017-04-14 08:00:00-04:00,1.0612499999999998,1.0620800000000001,1.0,stack_break,-0.0008300000000003305,-84.50000000003305
ma3_ema9_21_50_15m_follow_pmc,long,2017-04-17 14:15:00-04:00,2017-04-17 16:15:00-04:00,1.0655700000000001,1.0657599999999998,1.0,session_end,0.00018999999999969042,17.49999999996904
ma3_ema9_21_50_15m_follow_pmc,long,2017-04-18 09:30:00-04:00,2017-04-18 16:15:00-04:00,1.0653700000000002,1.0705099999999999,1.0,session_end,0.0051399999999997,512.49999999997
ma3_ema9_21_50_15m_follow_pmc,long,2017-04-19 07:30:00-04:00,2017-04-19 09:00:00-04:00,1.0728900000000001,1.0716599999999998,1.0,stack_break,-0.0012300000000002864,-124.50000000002865
ma3_ema9_21_50_15m_follow_pmc,long,2017-04-19 11:00:00-04:00,2017-04-19 13:30:00-04:00,1.07285,1.07191,1.0,stack_break,-0.0009400000000001629,-95.50000000001629
ma3_ema9_21_50_15m_follow_pmc,long,2017-04-20 04:15:00-04:00,2017-04-20 13:00:00-04:00,1.0720900000000002,1.07442,1.0,stack_break,0.002329999999999721,231.49999999997212
ma3_ema9_21_50_15m_follow_pmc,long,2017-04-20 13:15:00-04:00,2017-04-20 16:15:00-04:00,1.07511,1.07591,1.0,session_end,0.0007999999999999119,78.49999999999119
ma3_ema9_21_50_15m_follow_pmc,long,2017-04-24 03:00:00-04:00,2017-04-24 12:00:00-04:00,1.0829300000000002,1.0848499999999999,1.0,stack_break,0.0019199999999996997,190.49999999997
ma3_ema9_21_50_15m_follow_pmc,long,2017-04-24 13:30:00-04:00,2017-04-24 16:15:00-04:00,1.08691,1.0843099999999999,1.0,session_end,-0.0026000000000001577,-261.5000000000158
ma3_ema9_21_50_15m_follow_pmc,long,2017-04-25 05:30:00-04:00,2017-04-25 16:15:00-04:00,1.08678,1.09395,1.0,session_end,0.007169999999999899,715.4999999999899
ma3_ema9_21_50_15m_follow_pmc,long,2017-04-26 03:00:00-04:00,2017-04-26 07:15:00-04:00,1.0938800000000002,1.09286,1.0,stack_break,-0.001020000000000243,-103.5000000000243
ma3_ema9_21_50_15m_follow_pmc,long,2017-04-27 03:00:00-04:00,2017-04-27 05:00:00-04:00,1.09129,1.0903999999999998,1.0,stack_break,-0.0008900000000002795,-90.50000000002794
ma3_ema9_21_50_15m_follow_pmc,long,2017-04-27 07:45:00-04:00,2017-04-27 09:45:00-04:00,1.09149,1.0892799999999998,1.0,stack_break,-0.0022100000000002673,-222.50000000002672
ma3_ema9_21_50_15m_follow_pmc,long,2017-04-28 07:45:00-04:00,2017-04-28 14:30:00-04:00,1.0885600000000002,1.08968,1.0,stack_break,0.0011199999999997878,110.49999999997878
ma3_ema9_21_50_15m_follow_pmc,short,2017-05-01 03:00:00-04:00,2017-05-01 09:00:00-04:00,1.0892899999999999,1.08965,1.0,stack_break,-0.000360000000000138,-37.5000000000138
ma3_ema9_21_50_15m_follow_pmc,long,2017-05-01 12:30:00-04:00,2017-05-01 16:15:00-04:00,1.09104,1.0909499999999999,1.0,session_end,-9.000000000014552e-05,-10.500000000014552
ma3_ema9_21_50_15m_follow_pmc,long,2017-05-02 03:00:00-04:00,2017-05-02 08:15:00-04:00,1.0910600000000001,1.0905799999999999,1.0,stack_break,-0.000480000000000258,-49.5000000000258
ma3_ema9_21_50_15m_follow_pmc,long,2017-05-02 09:45:00-04:00,2017-05-02 12:00:00-04:00,1.0919800000000002,1.09076,1.0,stack_break,-0.001220000000000221,-123.50000000002208
ma3_ema9_21_50_15m_follow_pmc,short,2017-05-02 14:30:00-04:00,2017-05-02 16:15:00-04:00,1.0894,1.09094,1.0,session_end,-0.0015400000000000968,-155.5000000000097
ma3_ema9_21_50_15m_follow_pmc,long,2017-05-03 03:00:00-04:00,2017-05-03 06:00:00-04:00,1.0933000000000002,1.0925799999999999,1.0,stack_break,-0.000720000000000276,-73.5000000000276
ma3_ema9_21_50_15m_follow_pmc,short,2017-05-04 03:00:00-04:00,2017-05-04 03:30:00-04:00,1.08916,1.0892700000000002,1.0,stack_break,-0.00011000000000027654,-12.500000000027654
ma3_ema9_21_50_15m_follow_pmc,short,2017-05-04 07:00:00-04:00,2017-05-04 08:15:00-04:00,1.08764,1.09163,1.0,stack_break,-0.00399000000000016,-400.50000000001603
ma3_ema9_21_50_15m_follow_pmc,long,2017-05-04 08:45:00-04:00,2017-05-04 16:15:00-04:00,1.09135,1.0967399999999998,1.0,session_end,0.005389999999999784,537.4999999999784
ma3_ema9_21_50_15m_follow_pmc,long,2017-05-05 03:30:00-04:00,2017-05-05 07:00:00-04:00,1.0983500000000002,1.0973899999999999,1.0,stack_break,-0.000960000000000294,-97.50000000002939
ma3_ema9_21_50_15m_follow_pmc,long,2017-05-05 14:30:00-04:00,2017-05-05 16:15:00-04:00,1.09861,1.0996,1.0,session_end,0.0009899999999998244,97.49999999998244
ma3_ema9_21_50_15m_follow_pmc,short,2017-05-09 06:45:00-04:00,2017-05-09 16:15:00-04:00,1.0904999999999998,1.0874100000000002,1.0,session_end,0.003089999999999593,307.4999999999593
ma3_ema9_21_50_15m_follow_pmc,short,2017-05-10 09:15:00-04:00,2017-05-10 16:15:00-04:00,1.0869199999999999,1.08735,1.0,session_end,-0.0004300000000001525,-44.50000000001525
ma3_ema9_21_50_15m_follow_pmc,short,2017-05-11 12:00:00-04:00,2017-05-11 15:30:00-04:00,1.08652,1.08728,1.0,stack_break,-0.0007600000000000939,-77.5000000000094
ma3_ema9_21_50_15m_follow_pmc,short,2017-05-12 07:45:00-04:00,2017-05-12 09:45:00-04:00,1.0859999999999999,1.0870700000000002,1.0,stack_break,-0.0010700000000003485,-108.50000000003485
ma3_ema9_21_50_15m_follow_pmc,long,2017-05-12 13:15:00-04:00,2017-05-12 16:15:00-04:00,1.09172,1.0925699999999998,1.0,session_end,0.0008499999999997954,83.49999999997954
ma3_ema9_21_50_15m_follow_pmc,long,2017-05-15 03:00:00-04:00,2017-05-15 16:15:00-04:00,1.0927600000000002,1.09774,1.0,session_end,0.004979999999999762,496.49999999997624
ma3_ema9_21_50_15m_follow_pmc,long,2017-05-16 03:00:00-04:00,2017-05-16 16:15:00-04:00,1.09851,1.1072099999999998,1.0,session_end,0.008699999999999708,868.4999999999708
ma3_ema9_21_50_15m_follow_pmc,long,2017-05-17 03:00:00-04:00,2017-05-17 08:00:00-04:00,1.1114000000000002,1.1082599999999998,1.0,stack_break,-0.0031400000000003647,-315.5000000000365
ma3_ema9_21_50_15m_follow_pmc,long,2017-05-17 11:15:00-04:00,2017-05-17 16:15:00-04:00,1.1107600000000002,1.1133,1.0,session_end,0.0025399999999997647,252.49999999997647
ma3_ema9_21_50_15m_follow_pmc,long,2017-05-18 04:15:00-04:00,2017-05-18 04:30:00-04:00,1.1161400000000001,1.11553,1.0,stack_break,-0.0006100000000002215,-62.50000000002215
ma3_ema9_21_50_15m_follow_pmc,long,2017-05-19 07:00:00-04:00,2017-05-19 16:15:00-04:00,1.11263,1.11895,1.0,session_end,0.006319999999999881,630.4999999999882
ma3_ema9_21_50_15m_follow_pmc,long,2017-05-22 10:45:00-04:00,2017-05-22 16:15:00-04:00,1.1225500000000002,1.1235,1.0,session_end,0.0009499999999997844,93.49999999997843
ma3_ema9_21_50_15m_follow_pmc,long,2017-05-23 03:00:00-04:00,2017-05-23 06:30:00-04:00,1.1252700000000002,1.12295,1.0,stack_break,-0.002320000000000322,-233.50000000003217
ma3_ema9_21_50_15m_follow_pmc,long,2017-05-23 08:00:00-04:00,2017-05-23 11:30:00-04:00,1.12575,1.12373,1.0,stack_break,-0.002020000000000133,-203.50000000001327
ma3_ema9_21_50_15m_follow_pmc,long,2017-05-24 13:00:00-04:00,2017-05-24 15:30:00-04:00,1.12009,1.11828,1.0,stack_break,-0.0018100000000000893,-182.50000000000892
ma3_ema9_21_50_15m_follow_pmc,long,2017-05-25 03:00:00-04:00,2017-05-25 10:00:00-04:00,1.12392,1.1222599999999998,1.0,stack_break,-0.0016600000000002169,-167.50000000002169
ma3_ema9_21_50_15m_follow_pmc,long,2017-05-26 08:15:00-04:00,2017-05-26 12:00:00-04:00,1.1218000000000001,1.1205699999999998,1.0,stack_break,-0.0012300000000002864,-124.50000000002865
ma3_ema9_21_50_15m_follow_pmc,long,2017-05-29 09:00:00-04:00,2017-05-29 14:00:00-04:00,1.11843,1.11727,1.0,stack_break,-0.0011600000000000499,-117.50000000000499
ma3_ema9_21_50_15m_follow_pmc,long,2017-05-30 10:15:00-04:00,2017-05-30 16:15:00-04:00,1.11661,1.11822,1.0,session_end,0.0016099999999998893,159.49999999998892
ma3_ema9_21_50_15m_follow_pmc,long,2017-05-31 07:15:00-04:00,2017-05-31 16:15:00-04:00,1.1187500000000001,1.1234799999999998,1.0,session_end,0.004729999999999679,471.4999999999679
ma3_ema9_21_50_15m_follow_pmc,long,2017-06-01 03:00:00-04:00,2017-06-01 06:15:00-04:00,1.1245500000000002,1.12354,1.0,stack_break,-0.0010100000000001774,-102.50000000001774
ma3_ema9_21_50_15m_follow_pmc,short,2017-06-01 09:00:00-04:00,2017-06-01 16:15:00-04:00,1.1226999999999998,1.1213700000000002,1.0,session_end,0.0013299999999996093,131.49999999996092
ma3_ema9_21_50_15m_follow_pmc,short,2017-06-02 12:00:00-04:00,2017-06-02 12:45:00-04:00,1.1211099999999998,1.12416,1.0,stack_break,-0.003050000000000219,-306.50000000002194
ma3_ema9_21_50_15m_follow_pmc,long,2017-06-02 12:45:00-04:00,2017-06-02 16:15:00-04:00,1.12416,1.12713,1.0,session_end,0.002969999999999917,295.4999999999917
ma3_ema9_21_50_15m_follow_pmc,long,2017-06-05 08:00:00-04:00,2017-06-05 08:15:00-04:00,1.12732,1.12639,1.0,stack_break,-0.0009300000000000974,-94.50000000000975
ma3_ema9_21_50_15m_follow_pmc,long,2017-06-06 03:00:00-04:00,2017-06-06 07:30:00-04:00,1.12749,1.12563,1.0,stack_break,-0.0018600000000001948,-187.5000000000195
ma3_ema9_21_50_15m_follow_pmc,long,2017-06-06 14:15:00-04:00,2017-06-06 16:15:00-04:00,1.1269,1.12655,1.0,session_end,-0.0003500000000000725,-36.50000000000725
ma3_ema9_21_50_15m_follow_pmc,short,2017-06-07 10:30:00-04:00,2017-06-07 14:30:00-04:00,1.1231099999999998,1.1265800000000001,1.0,stack_break,-0.003470000000000306,-348.50000000003064
ma3_ema9_21_50_15m_follow_pmc,long,2017-06-08 03:15:00-04:00,2017-06-08 04:30:00-04:00,1.1261100000000002,1.1253099999999998,1.0,stack_break,-0.000800000000000356,-81.5000000000356
ma3_ema9_21_50_15m_follow_pmc,long,2017-06-08 05:45:00-04:00,2017-06-08 09:00:00-04:00,1.1258700000000001,1.12448,1.0,stack_break,-0.0013900000000002244,-140.50000000002245
ma3_ema9_21_50_15m_follow_pmc,short,2017-06-08 10:15:00-04:00,2017-06-08 16:15:00-04:00,1.1230699999999998,1.1217700000000002,1.0,session_end,0.0012999999999996348,128.49999999996348
ma3_ema9_21_50_15m_follow_pmc,short,2017-06-09 03:00:00-04:00,2017-06-09 04:30:00-04:00,1.1192799999999998,1.1204100000000001,1.0,stack_break,-0.0011300000000002974,-114.50000000002974
ma3_ema9_21_50_15m_follow_pmc,short,2017-06-09 07:15:00-04:00,2017-06-09 15:15:00-04:00,1.1190699999999998,1.1184200000000002,1.0,stack_break,0.0006499999999995953,63.49999999995953
ma3_ema9_21_50_15m_follow_pmc,short,2017-06-12 15:30:00-04:00,2017-06-12 16:15:00-04:00,1.12018,1.12047,1.0,session_end,-0.0002900000000001235,-30.50000000001235
ma3_ema9_21_50_15m_follow_pmc,short,2017-06-13 03:00:00-04:00,2017-06-13 07:45:00-04:00,1.1196899999999999,1.1208500000000001,1.0,stack_break,-0.001160000000000272,-117.5000000000272
ma3_ema9_21_50_15m_follow_pmc,short,2017-06-14 10:00:00-04:00,2017-06-14 13:00:00-04:00,1.12039,1.12596,1.0,stack_break,-0.005570000000000075,-558.5000000000075
ma3_ema9_21_50_15m_follow_pmc,long,2017-06-14 13:00:00-04:00,2017-06-14 16:15:00-04:00,1.12596,1.1277,1.0,session_end,0.0017399999999998528,172.49999999998528
ma3_ema9_21_50_15m_follow_pmc,short,2017-06-15 03:00:00-04:00,2017-06-15 04:15:00-04:00,1.12184,1.12237,1.0,stack_break,-0.0005300000000001415,-54.50000000001415
ma3_ema9_21_50_15m_follow_pmc,short,2017-06-15 05:30:00-04:00,2017-06-15 16:15:00-04:00,1.1215899999999999,1.1150600000000002,1.0,session_end,0.006529999999999703,651.4999999999702
ma3_ema9_21_50_15m_follow_pmc,short,2017-06-16 03:45:00-04:00,2017-06-16 07:00:00-04:00,1.11468,1.11562,1.0,stack_break,-0.0009400000000001629,-95.50000000001629
ma3_ema9_21_50_15m_follow_pmc,short,2017-06-19 10:15:00-04:00,2017-06-19 10:45:00-04:00,1.11919,1.11985,1.0,stack_break,-0.000660000000000105,-67.50000000001049
ma3_ema9_21_50_15m_follow_pmc,short,2017-06-19 13:00:00-04:00,2017-06-19 16:15:00-04:00,1.1179,1.1162200000000002,1.0,session_end,0.0016799999999996817,166.49999999996817
ma3_ema9_21_50_15m_follow_pmc,short,2017-06-20 07:45:00-04:00,2017-06-20 09:30:00-04:00,1.1146299999999998,1.1158400000000002,1.0,stack_break,-0.0012100000000003774,-122.50000000003774
ma3_ema9_21_50_15m_follow_pmc,short,2017-06-20 11:30:00-04:00,2017-06-20 16:15:00-04:00,1.11499,1.11212,1.0,session_end,0.002869999999999928,285.49999999999284
ma3_ema9_21_50_15m_follow_pmc,short,2017-06-21 05:30:00-04:00,2017-06-21 09:15:00-04:00,1.1131099999999998,1.1143500000000002,1.0,stack_break,-0.001240000000000352,-125.50000000003519
ma3_ema9_21_50_15m_follow_pmc,short,2017-06-22 13:30:00-04:00,2017-06-22 16:15:00-04:00,1.11597,1.11494,1.0,session_end,0.0010299999999998644,101.49999999998644
ma3_ema9_21_50_15m_follow_pmc,short,2017-06-26 06:45:00-04:00,2017-06-26 07:15:00-04:00,1.1186099999999999,1.11951,1.0,stack_break,-0.0009000000000001229,-91.50000000001229
ma3_ema9_21_50_15m_follow_pmc,short,2017-06-26 09:30:00-04:00,2017-06-26 13:00:00-04:00,1.11845,1.12162,1.0,stack_break,-0.003170000000000117,-318.5000000000117
ma3_ema9_21_50_15m_follow_pmc,long,2017-06-27 08:45:00-04:00,2017-06-27 16:15:00-04:00,1.12436,1.1321899999999998,1.0,session_end,0.007829999999999782,781.4999999999782
ma3_ema9_21_50_15m_follow_pmc,long,2017-06-28 03:00:00-04:00,2017-06-28 11:15:00-04:00,1.13517,1.1355799999999998,1.0,stack_break,0.0004099999999997994,39.49999999997994
ma3_ema9_21_50_15m_follow_pmc,long,2017-06-28 11:30:00-04:00,2017-06-28 12:45:00-04:00,1.13677,1.1327399999999999,1.0,stack_break,-0.0040300000000002,-404.50000000002
ma3_ema9_21_50_15m_follow_pmc,long,2017-06-28 14:30:00-04:00,2017-06-28 16:15:00-04:00,1.13762,1.1364599999999998,1.0,session_end,-0.001160000000000272,-117.5000000000272
ma3_ema9_21_50_15m_follow_pmc,long,2017-06-29 03:00:00-04:00,2017-06-29 11:00:00-04:00,1.1407900000000002,1.1406699999999999,1.0,stack_break,-0.00012000000000034206,-13.500000000034206
ma3_ema9_21_50_15m_follow_pmc,long,2017-06-29 14:30:00-04:00,2017-06-29 16:15:00-04:00,1.14203,1.1419,1.0,session_end,-0.00013000000000018552,-14.500000000018552
ma3_ema9_21_50_15m_follow_pmc,long,2017-06-30 03:00:00-04:00,2017-06-30 06:00:00-04:00,1.14375,1.14322,1.0,stack_break,-0.0005300000000001415,-54.50000000001415
ma3_ema9_21_50_15m_follow_pmc,short,2017-07-03 03:00:00-04:00,2017-07-03 16:15:00-04:00,1.14157,1.13663,1.0,session_end,0.0049399999999999444,492.49999999999443
ma3_ema9_21_50_15m_follow_pmc,short,2017-07-04 03:15:00-04:00,2017-07-04 03:45:00-04:00,1.1365299999999998,1.1370300000000002,1.0,stack_break,-0.000500000000000389,-51.5000000000389
ma3_ema9_21_50_15m_follow_pmc,short,2017-07-04 05:45:00-04:00,2017-07-04 16:15:00-04:00,1.13529,1.1349300000000002,1.0,session_end,0.0003599999999996939,34.49999999996939
ma3_ema9_21_50_15m_follow_pmc,short,2017-07-05 09:15:00-04:00,2017-07-05 15:45:00-04:00,1.13249,1.1339700000000001,1.0,stack_break,-0.0014800000000001479,-149.50000000001478
ma3_ema9_21_50_15m_follow_pmc,short,2017-07-06 03:00:00-04:00,2017-07-06 07:30:00-04:00,1.1337899999999999,1.1352000000000002,1.0,stack_break,-0.0014100000000003554,-142.50000000003553
ma3_ema9_21_50_15m_follow_pmc,long,2017-07-07 12:45:00-04:00,2017-07-07 13:30:00-04:00,1.1432900000000001,1.1386699999999998,1.0,stack_break,-0.0046200000000002905,-463.50000000002905
ma3_ema9_21_50_15m_follow_pmc,short,2017-07-07 13:30:00-04:00,2017-07-07 16:15:00-04:00,1.1386699999999998,1.1398000000000001,1.0,session_end,-0.0011300000000002974,-114.50000000002974
ma3_ema9_21_50_15m_follow_pmc,short,2017-07-10 05:00:00-04:00,2017-07-10 05:15:00-04:00,1.14008,1.14054,1.0,stack_break,-0.000460000000000127,-47.5000000000127
ma3_ema9_21_50_15m_follow_pmc,short,2017-07-10 07:00:00-04:00,2017-07-10 07:45:00-04:00,1.1398599999999999,1.1406,1.0,stack_break,-0.000740000000000185,-75.5000000000185
ma3_ema9_21_50_15m_follow_pmc,short,2017-07-10 08:00:00-04:00,2017-07-10 08:15:00-04:00,1.1398599999999999,1.14171,1.0,stack_break,-0.0018500000000001293,-186.50000000001293
ma3_ema9_21_50_15m_follow_pmc,short,2017-07-10 09:30:00-04:00,2017-07-10 16:15:00-04:00,1.1396799999999998,1.13961,1.0,session_end,6.999999999979245e-05,5.499999999979245
ma3_ema9_21_50_15m_follow_pmc,short,2017-07-11 03:00:00-04:00,2017-07-11 08:15:00-04:00,1.1392799999999998,1.1392900000000001,1.0,stack_break,-1.0000000000287557e-05,-2.5000000000287557
ma3_ema9_21_50_15m_follow_pmc,long,2017-07-11 15:45:00-04:00,2017-07-11 16:15:00-04:00,1.14328,1.14303,1.0,session_end,-0.0002500000000000835,-26.50000000000835
ma3_ema9_21_50_15m_follow_pmc,long,2017-07-12 03:00:00-04:00,2017-07-12 06:45:00-04:00,1.14778,1.1467299999999998,1.0,stack_break,-0.0010500000000002174,-106.50000000002174
ma3_ema9_21_50_15m_follow_pmc,short,2017-07-12 13:30:00-04:00,2017-07-12 16:15:00-04:00,1.14208,1.1411900000000001,1.0,session_end,0.0008899999999998354,87.49999999998354
ma3_ema9_21_50_15m_follow_pmc,long,2017-07-13 03:00:00-04:00,2017-07-13 08:15:00-04:00,1.14352,1.1420299999999999,1.0,stack_break,-0.0014900000000002134,-150.50000000002134
ma3_ema9_21_50_15m_follow_pmc,short,2017-07-13 09:00:00-04:00,2017-07-13 16:15:00-04:00,1.14055,1.13854,1.0,session_end,0.0020099999999998452,199.49999999998454
ma3_ema9_21_50_15m_follow_pmc,long,2017-07-14 12:45:00-04:00,2017-07-14 16:15:00-04:00,1.1439000000000001,1.1452499999999999,1.0,session_end,0.0013499999999997403,133.49999999997402
ma3_ema9_21_50_15m_follow_pmc,long,2017-07-17 12:00:00-04:00,2017-07-17 16:15:00-04:00,1.1470500000000001,1.14693,1.0,session_end,-0.00012000000000012001,-13.500000000012001
ma3_ema9_21_50_15m_follow_pmc,long,2017-07-18 03:00:00-04:00,2017-07-18 16:15:00-04:00,1.1536600000000001,1.1577499999999998,1.0,session_end,0.004089999999999705,407.4999999999705
ma3_ema9_21_50_15m_follow_pmc,long,2017-07-20 13:45:00-04:00,2017-07-20 16:15:00-04:00,1.15701,1.16316,1.0,session_end,0.006149999999999878,613.4999999999877
ma3_ema9_21_50_15m_follow_pmc,long,2017-07-21 03:00:00-04:00,2017-07-21 05:00:00-04:00,1.16304,1.16252,1.0,stack_break,-0.000520000000000076,-53.500000000007596
ma3_ema9_21_50_15m_follow_pmc,long,2017-07-21 05:15:00-04:00,2017-07-21 12:45:00-04:00,1.16293,1.1636099999999998,1.0,stack_break,0.0006799999999997919,66.4999999999792
ma3_ema9_21_50_15m_follow_pmc,long,2017-07-21 14:30:00-04:00,2017-07-21 16:15:00-04:00,1.16501,1.1655099999999998,1.0,session_end,0.0004999999999997229,48.49999999997229
ma3_ema9_21_50_15m_follow_pmc,long,2017-07-24 04:00:00-04:00,2017-07-24 06:15:00-04:00,1.1673600000000002,1.16682,1.0,stack_break,-0.000540000000000207,-55.5000000000207
ma3_ema9_21_50_15m_follow_pmc,long,2017-07-25 03:15:00-04:00,2017-07-25 09:45:00-04:00,1.16544,1.16513,1.0,stack_break,-0.00031000000000003247,-32.50000000000325
ma3_ema9_21_50_15m_follow_pmc,long,2017-07-25 10:00:00-04:00,2017-07-25 10:15:00-04:00,1.1658400000000002,1.1651399999999998,1.0,stack_break,-0.000700000000000367,-71.50000000003669
ma3_ema9_21_50_15m_follow_pmc,long,2017-07-25 11:45:00-04:00,2017-07-25 15:45:00-04:00,1.1657700000000002,1.1652699999999998,1.0,stack_break,-0.000500000000000389,-51.5000000000389
ma3_ema9_21_50_15m_follow_pmc,long,2017-07-27 03:00:00-04:00,2017-07-27 07:00:00-04:00,1.1744800000000002,1.1737099999999998,1.0,stack_break,-0.0007700000000003815,-78.50000000003814
ma3_ema9_21_50_15m_follow_pmc,long,2017-07-28 05:45:00-04:00,2017-07-28 16:15:00-04:00,1.1693,1.1754699999999998,1.0,session_end,0.006169999999999787,615.4999999999786
ma3_ema9_21_50_15m_follow_pmc,long,2017-07-31 14:15:00-04:00,2017-07-31 16:15:00-04:00,1.1752500000000001,1.1821899999999999,1.0,session_end,0.006939999999999724,692.4999999999724
ma3_ema9_21_50_15m_follow_pmc,long,2017-08-01 03:00:00-04:00,2017-08-01 06:30:00-04:00,1.18317,1.1815099999999998,1.0,stack_break,-0.0016600000000002169,-167.50000000002169
ma3_ema9_21_50_15m_follow_pmc,short,2017-08-01 10:45:00-04:00,2017-08-01 12:00:00-04:00,1.18062,1.1822000000000001,1.0,stack_break,-0.0015800000000001369,-159.5000000000137
ma3_ema9_21_50_15m_follow_pmc,short,2017-08-01 12:15:00-04:00,2017-08-01 14:30:00-04:00,1.1813399999999998,1.1832500000000001,1.0,stack_break,-0.0019100000000003003,-192.50000000003004
ma3_ema9_21_50_15m_follow_pmc,long,2017-08-01 14:30:00-04:00,2017-08-01 15:00:00-04:00,1.1832500000000001,1.1803499999999998,1.0,stack_break,-0.0029000000000003467,-291.5000000000347
ma3_ema9_21_50_15m_follow_pmc,short,2017-08-01 15:00:00-04:00,2017-08-01 16:15:00-04:00,1.1803499999999998,1.1798600000000001,1.0,session_end,0.0004899999999996574,47.49999999996574
ma3_ema9_21_50_15m_follow_pmc,short,2017-08-02 03:00:00-04:00,2017-08-02 04:00:00-04:00,1.1799899999999999,1.18141,1.0,stack_break,-0.0014200000000001989,-143.5000000000199
ma3_ema9_21_50_15m_follow_pmc,long,2017-08-02 04:30:00-04:00,2017-08-02 12:00:00-04:00,1.18226,1.1822499999999998,1.0,stack_break,-1.0000000000287557e-05,-2.5000000000287557
ma3_ema9_21_50_15m_follow_pmc,long,2017-08-02 14:30:00-04:00,2017-08-02 16:15:00-04:00,1.1850100000000001,1.1860899999999999,1.0,session_end,0.0010799999999997478,106.49999999997479
ma3_ema9_21_50_15m_follow_pmc,long,2017-08-03 12:30:00-04:00,2017-08-03 16:15:00-04:00,1.18626,1.18773,1.0,session_end,0.0014699999999998603,145.49999999998602
ma3_ema9_21_50_15m_follow_pmc,long,2017-08-04 03:00:00-04:00,2017-08-04 10:45:00-04:00,1.1875900000000001,1.18767,1.0,stack_break,7.999999999985796e-05,6.499999999985796
ma3_ema9_21_50_15m_follow_pmc,short,2017-08-04 14:15:00-04:00,2017-08-04 16:15:00-04:00,1.17861,1.1756000000000002,1.0,session_end,0.003009999999999735,299.4999999999735
ma3_ema9_21_50_15m_follow_pmc,short,2017-08-07 06:30:00-04:00,2017-08-07 08:15:00-04:00,1.17871,1.18076,1.0,stack_break,-0.0020500000000001073,-206.50000000001074
ma3_ema9_21_50_15m_follow_pmc,short,2017-08-07 14:00:00-04:00,2017-08-07 16:15:00-04:00,1.1788299999999998,1.1787100000000001,1.0,session_end,0.00011999999999967592,10.499999999967592
ma3_ema9_21_50_15m_follow_pmc,short,2017-08-08 14:45:00-04:00,2017-08-08 16:15:00-04:00,1.1750299999999998,1.17253,1.0,session_end,0.0024999999999997247,248.49999999997246
ma3_ema9_21_50_15m_follow_pmc,short,2017-08-09 03:00:00-04:00,2017-08-09 06:30:00-04:00,1.17316,1.17459,1.0,stack_break,-0.0014300000000000423,-144.50000000000423
ma3_ema9_21_50_15m_follow_pmc,short,2017-08-09 08:45:00-04:00,2017-08-09 10:30:00-04:00,1.1727699999999999,1.1748500000000002,1.0,stack_break,-0.002080000000000304,-209.50000000003038
ma3_ema9_21_50_15m_follow_pmc,short,2017-08-09 11:30:00-04:00,2017-08-09 13:15:00-04:00,1.1735399999999998,1.17446,1.0,stack_break,-0.000920000000000254,-93.5000000000254
ma3_ema9_21_50_15m_follow_pmc,short,2017-08-09 13:30:00-04:00,2017-08-09 15:45:00-04:00,1.1706999999999999,1.1743800000000002,1.0,stack_break,-0.0036800000000003497,-369.50000000003496
ma3_ema9_21_50_15m_follow_pmc,short,2017-08-10 04:00:00-04:00,2017-08-10 12:45:00-04:00,1.1740899999999999,1.1737600000000001,1.0,stack_break,0.0003299999999997194,31.49999999997194
ma3_ema9_21_50_15m_follow_pmc,short,2017-08-11 08:00:00-04:00,2017-08-11 11:30:00-04:00,1.1757399999999998,1.1764700000000001,1.0,stack_break,-0.0007300000000003415,-74.50000000003415
ma3_ema9_21_50_15m_follow_pmc,long,2017-08-11 13:00:00-04:00,2017-08-11 16:15:00-04:00,1.1832600000000002,1.18071,1.0,session_end,-0.0025500000000002743,-256.5000000000274
ma3_ema9_21_50_15m_follow_pmc,long,2017-08-14 03:00:00-04:00,2017-08-14 05:00:00-04:00,1.1831200000000002,1.18227,1.0,stack_break,-0.0008500000000002395,-86.50000000002395
ma3_ema9_21_50_15m_follow_pmc,long,2017-08-14 07:15:00-04:00,2017-08-14 08:00:00-04:00,1.1836600000000002,1.18017,1.0,stack_break,-0.003490000000000215,-350.5000000000215
ma3_ema9_21_50_15m_follow_pmc,short,2017-08-14 08:30:00-04:00,2017-08-14 16:15:00-04:00,1.1796499999999999,1.17862,1.0,session_end,0.0010299999999998644,101.49999999998644
ma3_ema9_21_50_15m_follow_pmc,short,2017-08-15 05:00:00-04:00,2017-08-15 16:15:00-04:00,1.17811,1.17355,1.0,session_end,0.0045599999999998975,454.49999999998977
ma3_ema9_21_50_15m_follow_pmc,short,2017-08-16 03:30:00-04:00,2017-08-16 03:45:00-04:00,1.17363,1.1739400000000002,1.0,stack_break,-0.0003100000000002545,-32.50000000002545
ma3_ema9_21_50_15m_follow_pmc,short,2017-08-16 06:45:00-04:00,2017-08-16 07:45:00-04:00,1.1724899999999998,1.17528,1.0,stack_break,-0.0027900000000002922,-280.5000000000292
ma3_ema9_21_50_15m_follow_pmc,short,2017-08-16 08:15:00-04:00,2017-08-16 16:15:00-04:00,1.17227,1.16995,1.0,session_end,0.0023199999999998777,230.49999999998778
ma3_ema9_21_50_15m_follow_pmc,short,2017-08-17 08:45:00-04:00,2017-08-17 14:45:00-04:00,1.17403,1.17249,1.0,stack_break,0.0015399999999998748,152.4999999999875
ma3_ema9_21_50_15m_follow_pmc,short,2017-08-21 06:30:00-04:00,2017-08-21 11:15:00-04:00,1.17428,1.1759600000000001,1.0,stack_break,-0.0016800000000001258,-169.5000000000126
ma3_ema9_21_50_15m_follow_pmc,short,2017-08-22 07:15:00-04:00,2017-08-22 16:15:00-04:00,1.1790299999999998,1.17636,1.0,session_end,0.002669999999999728,265.49999999997283
ma3_ema9_21_50_15m_follow_pmc,short,2017-08-23 03:00:00-04:00,2017-08-23 03:15:00-04:00,1.1761,1.17643,1.0,stack_break,-0.0003300000000001635,-34.50000000001635
ma3_ema9_21_50_15m_follow_pmc,short,2017-08-23 06:30:00-04:00,2017-08-23 08:00:00-04:00,1.17523,1.17721,1.0,stack_break,-0.001980000000000093,-199.50000000000927
ma3_ema9_21_50_15m_follow_pmc,short,2017-08-24 04:30:00-04:00,2017-08-24 12:00:00-04:00,1.1799099999999998,1.1805800000000002,1.0,stack_break,-0.0006700000000003925,-68.50000000003925
ma3_ema9_21_50_15m_follow_pmc,short,2017-08-25 03:00:00-04:00,2017-08-25 05:30:00-04:00,1.17933,1.1797300000000002,1.0,stack_break,-0.000400000000000178,-41.5000000000178
ma3_ema9_21_50_15m_follow_pmc,short,2017-08-25 06:00:00-04:00,2017-08-25 09:30:00-04:00,1.17952,1.1800300000000001,1.0,stack_break,-0.0005100000000002325,-52.50000000002325
ma3_ema9_21_50_15m_follow_pmc,long,2017-08-25 14:30:00-04:00,2017-08-25 16:15:00-04:00,1.1854600000000002,1.18736,1.0,session_end,0.0018999999999997907,188.49999999997908
ma3_ema9_21_50_15m_follow_pmc,long,2017-08-28 06:15:00-04:00,2017-08-28 12:00:00-04:00,1.19317,1.1925299999999999,1.0,stack_break,-0.000640000000000196,-65.5000000000196
ma3_ema9_21_50_15m_follow_pmc,long,2017-08-28 13:15:00-04:00,2017-08-28 16:15:00-04:00,1.1934600000000002,1.19739,1.0,session_end,0.003929999999999767,391.4999999999767
ma3_ema9_21_50_15m_follow_pmc,long,2017-08-29 04:45:00-04:00,2017-08-29 14:15:00-04:00,1.1971500000000002,1.2024,1.0,stack_break,0.005249999999999755,523.4999999999754
ma3_ema9_21_50_15m_follow_pmc,short,2017-09-01 07:00:00-04:00,2017-09-01 09:45:00-04:00,1.18864,1.19001,1.0,stack_break,-0.0013700000000000934,-138.50000000000932
ma3_ema9_21_50_15m_follow_pmc,long,2017-09-01 10:15:00-04:00,2017-09-01 14:00:00-04:00,1.1925400000000002,1.1879099999999998,1.0,stack_break,-0.004630000000000356,-464.5000000000356
ma3_ema9_21_50_15m_follow_pmc,short,2017-09-01 14:30:00-04:00,2017-09-01 16:15:00-04:00,1.18718,1.18767,1.0,session_end,-0.0004900000000001015,-50.50000000001015
ma3_ema9_21_50_15m_follow_pmc,long,2017-09-04 08:45:00-04:00,2017-09-04 13:00:00-04:00,1.19158,1.1894099999999999,1.0,stack_break,-0.0021700000000002273,-218.50000000002274
ma3_ema9_21_50_15m_follow_pmc,long,2017-09-04 15:15:00-04:00,2017-09-04 16:15:00-04:00,1.1912800000000001,1.19153,1.0,session_end,0.00024999999999986144,23.499999999986144
ma3_ema9_21_50_15m_follow_pmc,long,2017-09-05 04:00:00-04:00,2017-09-05 06:45:00-04:00,1.19106,1.18967,1.0,stack_break,-0.0013900000000000023,-140.50000000000023
ma3_ema9_21_50_15m_follow_pmc,short,2017-09-05 08:00:00-04:00,2017-09-05 12:45:00-04:00,1.18749,1.18994,1.0,stack_break,-0.0024500000000000632,-246.5000000000063
ma3_ema9_21_50_15m_follow_pmc,long,2017-09-05 14:45:00-04:00,2017-09-05 16:15:00-04:00,1.1913600000000002,1.19116,1.0,session_end,-0.00020000000000020002,-21.500000000020002
ma3_ema9_21_50_15m_follow_pmc,long,2017-09-06 06:15:00-04:00,2017-09-06 14:00:00-04:00,1.1924800000000002,1.1926299999999999,1.0,stack_break,0.0001499999999996504,13.499999999965041
ma3_ema9_21_50_15m_follow_pmc,long,2017-09-06 15:30:00-04:00,2017-09-06 16:15:00-04:00,1.1941300000000001,1.19424,1.0,session_end,0.00010999999999983245,9.499999999983245
ma3_ema9_21_50_15m_follow_pmc,long,2017-09-07 03:00:00-04:00,2017-09-07 06:15:00-04:00,1.19262,1.19213,1.0,stack_break,-0.0004900000000001015,-50.50000000001015
ma3_ema9_21_50_15m_follow_pmc,long,2017-09-07 07:15:00-04:00,2017-09-07 16:15:00-04:00,1.1930800000000001,1.2027999999999999,1.0,session_end,0.009719999999999729,970.4999999999729
ma3_ema9_21_50_15m_follow_pmc,long,2017-09-08 03:00:00-04:00,2017-09-08 08:00:00-04:00,1.20543,1.2051299999999998,1.0,stack_break,-0.000300000000000189,-31.5000000000189
ma3_ema9_21_50_15m_follow_pmc,long,2017-09-08 10:15:00-04:00,2017-09-08 13:00:00-04:00,1.20615,1.20482,1.0,stack_break,-0.0013300000000000534,-134.50000000000534
ma3_ema9_21_50_15m_follow_pmc,long,2017-09-12 08:15:00-04:00,2017-09-12 09:30:00-04:00,1.1973900000000002,1.1956499999999999,1.0,stack_break,-0.0017400000000002969,-175.50000000002967
ma3_ema9_21_50_15m_follow_pmc,long,2017-09-13 03:00:00-04:00,2017-09-13 10:00:00-04:00,1.19799,1.19701,1.0,stack_break,-0.000980000000000203,-99.5000000000203
ma3_ema9_21_50_15m_follow_pmc,long,2017-09-13 11:45:00-04:00,2017-09-13 13:15:00-04:00,1.1981000000000002,1.1970599999999998,1.0,stack_break,-0.001040000000000374,-105.5000000000374
ma3_ema9_21_50_15m_follow_pmc,short,2017-09-13 15:30:00-04:00,2017-09-13 16:15:00-04:00,1.19068,1.19009,1.0,session_end,0.0005899999999998684,57.49999999998684
ma3_ema9_21_50_15m_follow_pmc,short,2017-09-14 03:00:00-04:00,2017-09-14 07:15:00-04:00,1.18794,1.1885100000000002,1.0,stack_break,-0.0005700000000001815,-58.50000000001815
ma3_ema9_21_50_15m_follow_pmc,short,2017-09-14 12:45:00-04:00,2017-09-14 16:15:00-04:00,1.18481,1.18859,1.0,session_end,-0.0037800000000001166,-379.50000000001165
ma3_ema9_21_50_15m_follow_pmc,long,2017-09-15 03:00:00-04:00,2017-09-15 04:15:00-04:00,1.1914600000000002,1.19074,1.0,stack_break,-0.000720000000000276,-73.5000000000276
ma3_ema9_21_50_15m_follow_pmc,long,2017-09-15 06:00:00-04:00,2017-09-15 16:15:00-04:00,1.1914200000000001,1.1958,1.0,session_end,0.0043799999999998285,436.49999999998283
ma3_ema9_21_50_15m_follow_pmc,long,2017-09-18 03:00:00-04:00,2017-09-18 05:00:00-04:00,1.19486,1.1941199999999998,1.0,stack_break,-0.000740000000000185,-75.5000000000185
ma3_ema9_21_50_15m_follow_pmc,long,2017-09-18 06:45:00-04:00,2017-09-18 07:30:00-04:00,1.1950200000000002,1.19373,1.0,stack_break,-0.0012900000000002354,-130.50000000002353
ma3_ema9_21_50_15m_follow_pmc,long,2017-09-18 11:15:00-04:00,2017-09-18 16:15:00-04:00,1.19588,1.19383,1.0,session_end,-0.0020500000000001073,-206.50000000001074
ma3_ema9_21_50_15m_follow_pmc,long,2017-09-19 03:00:00-04:00,2017-09-19 11:45:00-04:00,1.1965100000000002,1.19654,1.0,stack_break,2.9999999999752447e-05,1.4999999999752447
ma3_ema9_21_50_15m_follow_pmc,long,2017-09-20 03:00:00-04:00,2017-09-20 07:45:00-04:00,1.20096,1.1998399999999998,1.0,stack_break,-0.001120000000000232,-113.50000000002319
ma3_ema9_21_50_15m_follow_pmc,long,2017-09-20 09:00:00-04:00,2017-09-20 11:00:00-04:00,1.2010500000000002,1.2000099999999998,1.0,stack_break,-0.001040000000000374,-105.5000000000374
ma3_ema9_21_50_15m_follow_pmc,short,2017-09-21 03:00:00-04:00,2017-09-21 07:00:00-04:00,1.1878099999999998,1.1894200000000001,1.0,stack_break,-0.0016100000000003334,-162.50000000003334
ma3_ema9_21_50_15m_follow_pmc,long,2017-09-21 10:45:00-04:00,2017-09-21 11:45:00-04:00,1.1913500000000001,1.18926,1.0,stack_break,-0.0020900000000001473,-210.50000000001472
ma3_ema9_21_50_15m_follow_pmc,long,2017-09-21 12:45:00-04:00,2017-09-21 16:15:00-04:00,1.1909800000000001,1.19482,1.0,session_end,0.0038399999999998435,382.49999999998437
ma3_ema9_21_50_15m_follow_pmc,long,2017-09-22 03:00:00-04:00,2017-09-22 11:45:00-04:00,1.1955300000000002,1.1973099999999999,1.0,stack_break,0.0017799999999996707,176.4999999999671
ma3_ema9_21_50_15m_follow_pmc,short,2017-09-25 07:15:00-04:00,2017-09-25 16:15:00-04:00,1.19084,1.1852600000000002,1.0,session_end,0.005579999999999696,556.4999999999696
ma3_ema9_21_50_15m_follow_pmc,short,2017-09-26 05:30:00-04:00,2017-09-26 16:15:00-04:00,1.1846899999999998,1.17723,1.0,session_end,0.0074599999999998,744.49999999998
ma3_ema9_21_50_15m_follow_pmc,short,2017-09-27 03:00:00-04:00,2017-09-27 04:00:00-04:00,1.1788299999999998,1.1790100000000001,1.0,stack_break,-0.00018000000000029104,-19.500000000029104
ma3_ema9_21_50_15m_follow_pmc,short,2017-09-27 04:45:00-04:00,2017-09-27 16:15:00-04:00,1.17847,1.17466,1.0,session_end,0.003809999999999869,379.4999999999869
ma3_ema9_21_50_15m_follow_pmc,short,2017-09-28 03:00:00-04:00,2017-09-28 07:15:00-04:00,1.17379,1.17446,1.0,stack_break,-0.0006700000000001705,-68.50000000001705
ma3_ema9_21_50_15m_follow_pmc,short,2017-09-28 07:30:00-04:00,2017-09-28 07:45:00-04:00,1.17265,1.1748200000000002,1.0,stack_break,-0.0021700000000002273,-218.50000000002274
ma3_ema9_21_50_15m_follow_pmc,short,2017-09-29 06:30:00-04:00,2017-09-29 07:00:00-04:00,1.17736,1.1794200000000001,1.0,stack_break,-0.002060000000000173,-207.50000000001728
ma3_ema9_21_50_15m_follow_pmc,short,2017-10-02 03:00:00-04:00,2017-10-02 13:15:00-04:00,1.17783,1.17581,1.0,stack_break,0.0020199999999999108,200.49999999999108
ma3_ema9_21_50_15m_follow_pmc,short,2017-10-02 15:15:00-04:00,2017-10-02 16:15:00-04:00,1.1732699999999998,1.1744700000000001,1.0,session_end,-0.001200000000000312,-121.50000000003119
ma3_ema9_21_50_15m_follow_pmc,short,2017-10-03 03:00:00-04:00,2017-10-03 07:15:00-04:00,1.1711699999999998,1.17233,1.0,stack_break,-0.001160000000000272,-117.5000000000272
ma3_ema9_21_50_15m_follow_pmc,short,2017-10-04 16:00:00-04:00,2017-10-04 16:15:00-04:00,1.1757399999999998,1.17615,1.0,session_end,-0.0004100000000002435,-42.50000000002435
ma3_ema9_21_50_15m_follow_pmc,short,2017-10-05 03:00:00-04:00,2017-10-05 05:30:00-04:00,1.17567,1.1762800000000002,1.0,stack_break,-0.0006100000000002215,-62.50000000002215
ma3_ema9_21_50_15m_follow_pmc,short,2017-10-05 06:15:00-04:00,2017-10-05 07:15:00-04:00,1.1755099999999998,1.1764400000000002,1.0,stack_break,-0.0009300000000003195,-94.50000000003195
ma3_ema9_21_50_15m_follow_pmc,short,2017-10-05 11:30:00-04:00,2017-10-05 16:15:00-04:00,1.17413,1.1707400000000001,1.0,session_end,0.003389999999999782,337.49999999997823
ma3_ema9_21_50_15m_follow_pmc,short,2017-10-06 03:15:00-04:00,2017-10-06 10:00:00-04:00,1.17068,1.1702700000000001,1.0,stack_break,0.0004099999999997994,39.49999999997994
ma3_ema9_21_50_15m_follow_pmc,short,2017-10-06 13:00:00-04:00,2017-10-06 14:45:00-04:00,1.16739,1.1723000000000001,1.0,stack_break,-0.004910000000000192,-492.5000000000192
ma3_ema9_21_50_15m_follow_pmc,short,2017-10-09 08:00:00-04:00,2017-10-09 09:15:00-04:00,1.17248,1.1735600000000002,1.0,stack_break,-0.001080000000000192,-109.50000000001918
ma3_ema9_21_50_15m_follow_pmc,long,2017-10-10 15:15:00-04:00,2017-10-10 16:15:00-04:00,1.1815600000000002,1.1802499999999998,1.0,session_end,-0.0013100000000003664,-132.50000000003664
ma3_ema9_21_50_15m_follow_pmc,long,2017-10-11 05:00:00-04:00,2017-10-11 10:15:00-04:00,1.1816000000000002,1.18051,1.0,stack_break,-0.0010900000000002574,-110.50000000002575
ma3_ema9_21_50_15m_follow_pmc,long,2017-10-11 12:00:00-04:00,2017-10-11 16:15:00-04:00,1.18245,1.18474,1.0,session_end,0.0022899999999999032,227.49999999999034
ma3_ema9_21_50_15m_follow_pmc,long,2017-10-12 03:00:00-04:00,2017-10-12 07:30:00-04:00,1.1873600000000002,1.1859099999999998,1.0,stack_break,-0.0014500000000003954,-146.50000000003953
ma3_ema9_21_50_15m_follow_pmc,long,2017-10-13 03:30:00-04:00,2017-10-13 07:00:00-04:00,1.1849800000000001,1.18367,1.0,stack_break,-0.0013100000000001444,-132.50000000001444
ma3_ema9_21_50_15m_follow_pmc,short,2017-10-13 12:00:00-04:00,2017-10-13 13:00:00-04:00,1.1808299999999998,1.18731,1.0,stack_break,-0.006480000000000263,-649.5000000000264
ma3_ema9_21_50_15m_follow_pmc,long,2017-10-13 13:45:00-04:00,2017-10-13 16:15:00-04:00,1.1870900000000002,1.1834399999999998,1.0,session_end,-0.003650000000000375,-366.5000000000375
ma3_ema9_21_50_15m_follow_pmc,short,2017-10-16 03:00:00-04:00,2017-10-16 11:15:00-04:00,1.1804199999999998,1.1801400000000002,1.0,stack_break,0.0002799999999996139,26.49999999996139
ma3_ema9_21_50_15m_follow_pmc,short,2017-10-16 15:15:00-04:00,2017-10-16 15:30:00-04:00,1.17973,1.1804700000000001,1.0,stack_break,-0.000740000000000185,-75.5000000000185
ma3_ema9_21_50_15m_follow_pmc,short,2017-10-17 03:00:00-04:00,2017-10-17 16:15:00-04:00,1.1781499999999998,1.1754200000000001,1.0,session_end,0.002729999999999677,271.4999999999677
ma3_ema9_21_50_15m_follow_pmc,short,2017-10-18 06:15:00-04:00,2017-10-18 06:45:00-04:00,1.17657,1.17697,1.0,stack_break,-0.000400000000000178,-41.5000000000178
ma3_ema9_21_50_15m_follow_pmc,short,2017-10-18 07:00:00-04:00,2017-10-18 13:00:00-04:00,1.1756799999999998,1.1768800000000001,1.0,stack_break,-0.001200000000000312,-121.50000000003119
ma3_ema9_21_50_15m_follow_pmc,long,2017-10-19 07:15:00-04:00,2017-10-19 08:45:00-04:00,1.18191,1.1780199999999998,1.0,stack_break,-0.003890000000000171,-390.5000000000171
ma3_ema9_21_50_15m_follow_pmc,long,2017-10-19 10:30:00-04:00,2017-10-19 16:15:00-04:00,1.18148,1.1840799999999998,1.0,session_end,0.0025999999999997137,258.49999999997135
ma3_ema9_21_50_15m_follow_pmc,short,2017-10-20 03:00:00-04:00,2017-10-20 12:00:00-04:00,1.1810299999999998,1.18185,1.0,stack_break,-0.000820000000000265,-83.50000000002649
ma3_ema9_21_50_15m_follow_pmc,short,2017-10-20 13:30:00-04:00,2017-10-20 16:15:00-04:00,1.1802599999999999,1.17697,1.0,session_end,0.003289999999999793,327.4999999999793
ma3_ema9_21_50_15m_follow_pmc,short,2017-10-23 03:00:00-04:00,2017-10-23 03:15:00-04:00,1.17682,1.1769100000000001,1.0,stack_break,-9.000000000014552e-05,-10.500000000014552
ma3_ema9_21_50_15m_follow_pmc,short,2017-10-23 07:15:00-04:00,2017-10-23 14:45:00-04:00,1.1756499999999999,1.1751800000000001,1.0,stack_break,0.0004699999999997484,45.49999999997484
ma3_ema9_21_50_15m_follow_pmc,short,2017-10-25 03:00:00-04:00,2017-10-25 06:00:00-04:00,1.17607,1.1765700000000001,1.0,stack_break,-0.000500000000000167,-51.5000000000167
ma3_ema9_21_50_15m_follow_pmc,long,2017-10-25 15:00:00-04:00,2017-10-25 16:15:00-04:00,1.1815200000000001,1.1805599999999998,1.0,session_end,-0.000960000000000294,-97.50000000002939
ma3_ema9_21_50_15m_follow_pmc,long,2017-10-26 03:00:00-04:00,2017-10-26 07:45:00-04:00,1.18293,1.1817199999999999,1.0,stack_break,-0.0012100000000001554,-122.50000000001555
ma3_ema9_21_50_15m_follow_pmc,short,2017-10-26 10:15:00-04:00,2017-10-26 16:15:00-04:00,1.18084,1.16988,1.0,session_end,0.010959999999999859,1094.499999999986
ma3_ema9_21_50_15m_follow_pmc,short,2017-10-27 03:00:00-04:00,2017-10-27 16:15:00-04:00,1.16373,1.15825,1.0,session_end,0.005479999999999929,546.499999999993
ma3_ema9_21_50_15m_follow_pmc,short,2017-10-30 15:30:00-04:00,2017-10-30 15:45:00-04:00,1.16129,1.1623700000000001,1.0,stack_break,-0.001080000000000192,-109.50000000001918
ma3_ema9_21_50_15m_follow_pmc,short,2017-10-31 05:15:00-04:00,2017-10-31 07:00:00-04:00,1.16248,1.1645400000000001,1.0,stack_break,-0.002060000000000173,-207.50000000001728
ma3_ema9_21_50_15m_follow_pmc,short,2017-10-31 10:30:00-04:00,2017-10-31 13:45:00-04:00,1.1632399999999998,1.16408,1.0,stack_break,-0.0008400000000001739,-85.5000000000174
ma3_ema9_21_50_15m_follow_pmc,short,2017-11-01 04:00:00-04:00,2017-11-01 07:30:00-04:00,1.1630999999999998,1.16396,1.0,stack_break,-0.000860000000000305,-87.5000000000305
ma3_ema9_21_50_15m_follow_pmc,short,2017-11-01 10:15:00-04:00,2017-11-01 11:15:00-04:00,1.16346,1.1643000000000001,1.0,stack_break,-0.0008400000000001739,-85.5000000000174
ma3_ema9_21_50_15m_follow_pmc,short,2017-11-01 11:45:00-04:00,2017-11-01 16:15:00-04:00,1.1633499999999999,1.1615000000000002,1.0,session_end,0.0018499999999996852,183.4999999999685
ma3_ema9_21_50_15m_follow_pmc,long,2017-11-02 04:00:00-04:00,2017-11-02 08:15:00-04:00,1.16557,1.16369,1.0,stack_break,-0.0018800000000001038,-189.50000000001037
ma3_ema9_21_50_15m_follow_pmc,long,2017-11-02 11:30:00-04:00,2017-11-02 16:15:00-04:00,1.1653200000000001,1.16725,1.0,session_end,0.0019299999999997652,191.49999999997652
ma3_ema9_21_50_15m_follow_pmc,long,2017-11-03 05:15:00-04:00,2017-11-03 07:45:00-04:00,1.1662400000000002,1.1654799999999998,1.0,stack_break,-0.000760000000000316,-77.5000000000316
ma3_ema9_21_50_15m_follow_pmc,short,2017-11-03 08:15:00-04:00,2017-11-03 12:45:00-04:00,1.16464,1.16857,1.0,stack_break,-0.003930000000000211,-394.5000000000211
ma3_ema9_21_50_15m_follow_pmc,short,2017-11-03 14:15:00-04:00,2017-11-03 16:15:00-04:00,1.1635499999999999,1.16198,1.0,session_end,0.0015699999999998493,155.49999999998494
ma3_ema9_21_50_15m_follow_pmc,short,2017-11-06 05:15:00-05:00,2017-11-06 16:15:00-05:00,1.16078,1.1586,1.0,session_end,0.0021799999999998487,216.49999999998488
ma3_ema9_21_50_15m_follow_pmc,short,2017-11-07 07:30:00-05:00,2017-11-07 15:15:00-05:00,1.1596099999999998,1.15782,1.0,stack_break,0.0017899999999997362,177.49999999997362
ma3_ema9_21_50_15m_follow_pmc,short,2017-11-08 13:30:00-05:00,2017-11-08 15:30:00-05:00,1.15875,1.1603700000000001,1.0,stack_break,-0.0016200000000001769,-163.50000000001768
ma3_ema9_21_50_15m_follow_pmc,short,2017-11-09 04:45:00-05:00,2017-11-09 05:00:00-05:00,1.1591099999999999,1.15962,1.0,stack_break,-0.0005100000000002325,-52.50000000002325
ma3_ema9_21_50_15m_follow_pmc,short,2017-11-10 09:00:00-05:00,2017-11-10 10:00:00-05:00,1.1636399999999998,1.16487,1.0,stack_break,-0.0012300000000002864,-124.50000000002865
ma3_ema9_21_50_15m_follow_pmc,long,2017-11-10 10:15:00-05:00,2017-11-10 12:45:00-05:00,1.16581,1.1642,1.0,stack_break,-0.0016100000000001113,-162.50000000001114
ma3_ema9_21_50_15m_follow_pmc,long,2017-11-10 13:30:00-05:00,2017-11-10 16:15:00-05:00,1.1652600000000002,1.16614,1.0,session_end,0.0008799999999997699,86.49999999997698
ma3_ema9_21_50_15m_follow_pmc,short,2017-11-13 03:15:00-05:00,2017-11-13 06:00:00-05:00,1.16489,1.1658300000000001,1.0,stack_break,-0.0009400000000001629,-95.50000000001629
ma3_ema9_21_50_15m_follow_pmc,short,2017-11-13 07:00:00-05:00,2017-11-13 12:15:00-05:00,1.1649699999999998,1.16511,1.0,stack_break,-0.00014000000000025103,-15.500000000025103
ma3_ema9_21_50_15m_follow_pmc,long,2017-11-13 13:30:00-05:00,2017-11-13 16:15:00-05:00,1.1658600000000001,1.16645,1.0,session_end,0.0005899999999998684,57.49999999998684
ma3_ema9_21_50_15m_follow_pmc,long,2017-11-14 03:00:00-05:00,2017-11-14 07:15:00-05:00,1.1672200000000001,1.1666699999999999,1.0,stack_break,-0.0005500000000002725,-56.50000000002725
ma3_ema9_21_50_15m_follow_pmc,long,2017-11-14 07:45:00-05:00,2017-11-14 16:15:00-05:00,1.1687,1.17526,1.0,session_end,0.006559999999999899,654.4999999999899
ma3_ema9_21_50_15m_follow_pmc,long,2017-11-15 03:00:00-05:00,2017-11-15 06:00:00-05:00,1.17965,1.1787299999999998,1.0,stack_break,-0.000920000000000254,-93.5000000000254
ma3_ema9_21_50_15m_follow_pmc,long,2017-11-15 07:15:00-05:00,2017-11-15 15:00:00-05:00,1.17948,1.1822199999999998,1.0,stack_break,0.0027399999999997426,272.49999999997425
ma3_ema9_21_50_15m_follow_pmc,long,2017-11-17 03:00:00-05:00,2017-11-17 08:00:00-05:00,1.18151,1.17899,1.0,stack_break,-0.0025200000000000777,-253.5000000000078
ma3_ema9_21_50_15m_follow_pmc,long,2017-11-17 11:15:00-05:00,2017-11-17 12:15:00-05:00,1.1812,1.1792999999999998,1.0,stack_break,-0.0019000000000002348,-191.50000000002348
ma3_ema9_21_50_15m_follow_pmc,long,2017-11-20 09:30:00-05:00,2017-11-20 14:30:00-05:00,1.1795200000000001,1.1771299999999998,1.0,stack_break,-0.0023900000000003363,-240.50000000003362
ma3_ema9_21_50_15m_follow_pmc,long,2017-11-21 08:45:00-05:00,2017-11-21 09:00:00-05:00,1.17486,1.17387,1.0,stack_break,-0.0009900000000000464,-100.50000000000463
ma3_ema9_21_50_15m_follow_pmc,long,2017-11-22 04:45:00-05:00,2017-11-22 11:30:00-05:00,1.17419,1.1747999999999998,1.0,stack_break,0.0006099999999997774,59.49999999997774
ma3_ema9_21_50_15m_follow_pmc,long,2017-11-22 14:30:00-05:00,2017-11-22 16:15:00-05:00,1.17585,1.1786599999999998,1.0,session_end,0.002809999999999757,279.4999999999757
ma3_ema9_21_50_15m_follow_pmc,long,2017-11-23 03:00:00-05:00,2017-11-23 16:15:00-05:00,1.18201,1.18396,1.0,session_end,0.0019499999999998963,193.49999999998963
ma3_ema9_21_50_15m_follow_pmc,long,2017-11-24 03:00:00-05:00,2017-11-24 07:00:00-05:00,1.18544,1.1847299999999998,1.0,stack_break,-0.0007100000000002105,-72.50000000002105
ma3_ema9_21_50_15m_follow_pmc,long,2017-11-24 09:00:00-05:00,2017-11-24 16:15:00-05:00,1.1857300000000002,1.1938499999999999,1.0,session_end,0.008119999999999683,810.4999999999683
ma3_ema9_21_50_15m_follow_pmc,long,2017-11-27 04:15:00-05:00,2017-11-27 07:30:00-05:00,1.1926500000000002,1.19187,1.0,stack_break,-0.000780000000000225,-79.5000000000225
ma3_ema9_21_50_15m_follow_pmc,long,2017-11-27 08:15:00-05:00,2017-11-27 15:45:00-05:00,1.1926700000000001,1.1930699999999999,1.0,stack_break,0.0003999999999997339,38.49999999997339
ma3_ema9_21_50_15m_follow_pmc,long,2017-11-29 08:30:00-05:00,2017-11-29 11:15:00-05:00,1.18704,1.18482,1.0,stack_break,-0.0022200000000001108,-223.50000000001108
ma3_ema9_21_50_15m_follow_pmc,long,2017-11-30 03:00:00-05:00,2017-11-30 08:45:00-05:00,1.1870900000000002,1.1852399999999998,1.0,stack_break,-0.0018500000000003514,-186.50000000003513
ma3_ema9_21_50_15m_follow_pmc,long,2017-11-30 14:45:00-05:00,2017-11-30 16:15:00-05:00,1.18818,1.1922499999999998,1.0,session_end,0.004069999999999796,405.4999999999796
ma3_ema9_21_50_15m_follow_pmc,long,2017-12-01 03:00:00-05:00,2017-12-01 10:15:00-05:00,1.19117,1.1900499999999998,1.0,stack_break,-0.001120000000000232,-113.50000000002319
ma3_ema9_21_50_15m_follow_pmc,short,2017-12-01 12:45:00-05:00,2017-12-01 16:15:00-05:00,1.1895399999999998,1.1868800000000002,1.0,session_end,0.0026599999999996626,264.49999999996624
ma3_ema9_21_50_15m_follow_pmc,short,2017-12-04 03:00:00-05:00,2017-12-04 16:15:00-05:00,1.1869399999999999,1.18479,1.0,session_end,0.0021499999999998742,213.49999999998744
ma3_ema9_21_50_15m_follow_pmc,short,2017-12-05 08:45:00-05:00,2017-12-05 11:45:00-05:00,1.1853099999999999,1.18737,1.0,stack_break,-0.002060000000000173,-207.50000000001728
ma3_ema9_21_50_15m_follow_pmc,short,2017-12-05 13:15:00-05:00,2017-12-05 16:15:00-05:00,1.18455,1.18306,1.0,session_end,0.0014899999999999913,147.49999999999915
ma3_ema9_21_50_15m_follow_pmc,short,2017-12-06 08:45:00-05:00,2017-12-06 16:15:00-05:00,1.1814399999999998,1.1788900000000002,1.0,session_end,0.002549999999999608,253.4999999999608
ma3_ema9_21_50_15m_follow_pmc,short,2017-12-07 05:45:00-05:00,2017-12-07 14:30:00-05:00,1.1797399999999998,1.1791800000000001,1.0,stack_break,0.0005599999999996719,54.49999999996719
ma3_ema9_21_50_15m_follow_pmc,short,2017-12-08 03:00:00-05:00,2017-12-08 14:00:00-05:00,1.17681,1.17551,1.0,stack_break,0.0012999999999998568,128.49999999998568
ma3_ema9_21_50_15m_follow_pmc,short,2017-12-12 03:00:00-05:00,2017-12-12 06:00:00-05:00,1.1767699999999999,1.17754,1.0,stack_break,-0.0007700000000001594,-78.50000000001594
ma3_ema9_21_50_15m_follow_pmc,short,2017-12-12 06:15:00-05:00,2017-12-12 06:30:00-05:00,1.17718,1.17748,1.0,stack_break,-0.000300000000000189,-31.5000000000189
ma3_ema9_21_50_15m_follow_pmc,short,2017-12-12 12:00:00-05:00,2017-12-12 16:15:00-05:00,1.17733,1.1729900000000002,1.0,session_end,0.0043399999999997885,432.49999999997885
ma3_ema9_21_50_15m_follow_pmc,short,2017-12-13 09:15:00-05:00,2017-12-13 14:00:00-05:00,1.174,1.177,1.0,stack_break,-0.0030000000000001137,-301.50000000001137
ma3_ema9_21_50_15m_follow_pmc,short,2017-12-14 15:30:00-05:00,2017-12-14 16:15:00-05:00,1.17922,1.17754,1.0,session_end,0.0016799999999999038,166.4999999999904
ma3_ema9_21_50_15m_follow_pmc,short,2017-12-15 04:30:00-05:00,2017-12-15 07:00:00-05:00,1.178,1.1785,1.0,stack_break,-0.000500000000000167,-51.5000000000167
ma3_ema9_21_50_15m_follow_pmc,short,2017-12-15 15:30:00-05:00,2017-12-15 16:15:00-05:00,1.17762,1.1767200000000002,1.0,session_end,0.0008999999999996788,88.49999999996788
ma3_ema9_21_50_15m_follow_pmc,short,2017-12-19 03:00:00-05:00,2017-12-19 03:15:00-05:00,1.1786299999999998,1.17897,1.0,stack_break,-0.000340000000000229,-35.5000000000229
ma3_ema9_21_50_15m_follow_pmc,long,2017-12-20 16:00:00-05:00,2017-12-20 16:15:00-05:00,1.1899000000000002,1.18811,1.0,session_end,-0.0017900000000001803,-180.50000000001802
ma3_ema9_21_50_15m_follow_pmc,short,2017-12-21 06:00:00-05:00,2017-12-21 08:30:00-05:00,1.1864299999999999,1.18741,1.0,stack_break,-0.000980000000000203,-99.5000000000203
ma3_ema9_21_50_15m_follow_pmc,short,2017-12-21 13:00:00-05:00,2017-12-21 16:15:00-05:00,1.18535,1.1861400000000002,1.0,session_end,-0.0007900000000002905,-80.50000000002905
ma3_ema9_21_50_15m_follow_pmc,short,2017-12-22 03:00:00-05:00,2017-12-22 07:00:00-05:00,1.1845899999999998,1.1856300000000002,1.0,stack_break,-0.001040000000000374,-105.5000000000374
ma3_ema9_21_50_15m_follow_pmc,short,2017-12-22 10:15:00-05:00,2017-12-22 13:00:00-05:00,1.1845899999999998,1.1853900000000002,1.0,stack_break,-0.000800000000000356,-81.5000000000356
ma3_ema9_21_50_15m_follow_pmc,short,2017-12-22 13:15:00-05:00,2017-12-22 14:30:00-05:00,1.18491,1.1854900000000002,1.0,stack_break,-0.000580000000000247,-59.5000000000247
ma3_ema9_21_50_15m_follow_pmc,short,2017-12-22 15:00:00-05:00,2017-12-22 16:15:00-05:00,1.18474,1.1836200000000001,1.0,session_end,0.0011199999999997878,110.49999999997878
ma3_ema9_21_50_15m_follow_pmc,short,2017-12-25 03:00:00-05:00,2017-12-25 03:30:00-05:00,1.18506,1.18568,1.0,stack_break,-0.0006200000000000649,-63.500000000006494
ma3_ema9_21_50_15m_follow_pmc,short,2017-12-26 11:00:00-05:00,2017-12-26 15:00:00-05:00,1.18597,1.18747,1.0,stack_break,-0.0015000000000000568,-151.50000000000568
ma3_ema9_21_50_15m_follow_pmc,short,2017-12-27 03:00:00-05:00,2017-12-27 03:15:00-05:00,1.1859799999999998,1.18649,1.0,stack_break,-0.0005100000000002325,-52.50000000002325
ma3_ema9_21_50_15m_follow_pmc,long,2017-12-27 12:45:00-05:00,2017-12-27 16:15:00-05:00,1.18994,1.1889699999999999,1.0,session_end,-0.0009700000000001374,-98.50000000001374
ma3_ema9_21_50_15m_follow_pmc,long,2017-12-28 03:00:00-05:00,2017-12-28 16:15:00-05:00,1.1906,1.19389,1.0,session_end,0.003289999999999793,327.4999999999793
ma3_ema9_21_50_15m_follow_pmc,long,2017-12-29 03:45:00-05:00,2017-12-29 16:15:00-05:00,1.19453,1.20084,1.0,session_end,0.006309999999999816,629.4999999999816
ma3_ema9_21_50_15m_follow_pmc,long,2018-01-02 03:00:00-05:00,2018-01-02 15:00:00-05:00,1.2009800000000002,1.2046299999999999,1.0,stack_break,0.003649999999999709,363.4999999999709
ma3_ema9_21_50_15m_follow_pmc,long,2018-01-03 06:00:00-05:00,2018-01-03 07:30:00-05:00,1.2057300000000002,1.2040899999999999,1.0,stack_break,-0.0016400000000003079,-165.50000000003078
ma3_ema9_21_50_15m_follow_pmc,long,2018-01-04 06:45:00-05:00,2018-01-04 16:15:00-05:00,1.20283,1.20752,1.0,session_end,0.004689999999999861,467.4999999999861
ma3_ema9_21_50_15m_follow_pmc,long,2018-01-05 03:00:00-05:00,2018-01-05 06:30:00-05:00,1.2071100000000001,1.20695,1.0,stack_break,-0.00016000000000016001,-17.500000000016
ma3_ema9_21_50_15m_follow_pmc,short,2018-01-08 08:15:00-05:00,2018-01-08 16:15:00-05:00,1.19945,1.1978000000000002,1.0,session_end,0.0016499999999997073,163.49999999997073
ma3_ema9_21_50_15m_follow_pmc,short,2018-01-09 05:15:00-05:00,2018-01-09 16:15:00-05:00,1.19665,1.1930800000000001,1.0,session_end,0.003569999999999851,355.4999999999851
ma3_ema9_21_50_15m_follow_pmc,short,2018-01-10 06:45:00-05:00,2018-01-10 08:30:00-05:00,1.19278,1.1946,1.0,stack_break,-0.0018200000000001548,-183.5000000000155
ma3_ema9_21_50_15m_follow_pmc,long,2018-01-10 11:15:00-05:00,2018-01-10 16:15:00-05:00,1.2001300000000001,1.1980099999999998,1.0,session_end,-0.002120000000000344,-213.5000000000344
ma3_ema9_21_50_15m_follow_pmc,short,2018-01-11 04:30:00-05:00,2018-01-11 11:15:00-05:00,1.1949999999999998,1.1947500000000002,1.0,stack_break,0.0002499999999996394,23.49999999996394
ma3_ema9_21_50_15m_follow_pmc,short,2018-01-11 12:30:00-05:00,2018-01-11 12:45:00-05:00,1.1942,1.1969,1.0,stack_break,-0.0027000000000001467,-271.50000000001467
ma3_ema9_21_50_15m_follow_pmc,long,2018-01-11 13:15:00-05:00,2018-01-11 16:15:00-05:00,1.2003700000000002,1.2043499999999998,1.0,session_end,0.0039799999999996505,396.49999999996504
ma3_ema9_21_50_15m_follow_pmc,long,2018-01-12 03:00:00-05:00,2018-01-12 06:45:00-05:00,1.2047800000000002,1.2043,1.0,stack_break,-0.000480000000000258,-49.5000000000258
ma3_ema9_21_50_15m_follow_pmc,long,2018-01-12 07:30:00-05:00,2018-01-12 16:15:00-05:00,1.20628,1.2142899999999999,1.0,session_end,0.00800999999999985,799.4999999999851
ma3_ema9_21_50_15m_follow_pmc,long,2018-01-15 03:00:00-05:00,2018-01-15 16:15:00-05:00,1.2195500000000001,1.2283,1.0,session_end,0.008749999999999813,873.4999999999814
ma3_ema9_21_50_15m_follow_pmc,long,2018-01-16 03:15:00-05:00,2018-01-16 03:30:00-05:00,1.22669,1.2262899999999999,1.0,stack_break,-0.000400000000000178,-41.5000000000178
ma3_ema9_21_50_15m_follow_pmc,long,2018-01-16 03:45:00-05:00,2018-01-16 04:00:00-05:00,1.2269500000000002,1.22579,1.0,stack_break,-0.001160000000000272,-117.5000000000272
ma3_ema9_21_50_15m_follow_pmc,long,2018-01-16 05:15:00-05:00,2018-01-16 06:15:00-05:00,1.2269500000000002,1.22609,1.0,stack_break,-0.000860000000000305,-87.5000000000305
ma3_ema9_21_50_15m_follow_pmc,long,2018-01-16 06:45:00-05:00,2018-01-16 07:30:00-05:00,1.22679,1.22258,1.0,stack_break,-0.004210000000000047,-422.5000000000047
ma3_ema9_21_50_15m_follow_pmc,long,2018-01-17 03:00:00-05:00,2018-01-17 04:15:00-05:00,1.2282700000000002,1.2267599999999999,1.0,stack_break,-0.0015100000000003444,-152.50000000003445
ma3_ema9_21_50_15m_follow_pmc,long,2018-01-18 10:15:00-05:00,2018-01-18 16:15:00-05:00,1.22143,1.2236699999999998,1.0,session_end,0.0022399999999997977,222.49999999997976
ma3_ema9_21_50_15m_follow_pmc,long,2018-01-19 03:00:00-05:00,2018-01-19 12:30:00-05:00,1.22418,1.2258499999999999,1.0,stack_break,0.0016699999999998383,165.49999999998383
ma3_ema9_21_50_15m_follow_pmc,long,2018-01-22 09:45:00-05:00,2018-01-22 13:30:00-05:00,1.22523,1.2238499999999999,1.0,stack_break,-0.0013800000000001589,-139.5000000000159
ma3_ema9_21_50_15m_follow_pmc,long,2018-01-22 14:00:00-05:00,2018-01-22 15:00:00-05:00,1.2251400000000001,1.2241099999999998,1.0,stack_break,-0.0010300000000003084,-104.50000000003084
ma3_ema9_21_50_15m_follow_pmc,long,2018-01-22 16:00:00-05:00,2018-01-22 16:15:00-05:00,1.2258300000000002,1.22501,1.0,session_end,-0.000820000000000265,-83.50000000002649
ma3_ema9_21_50_15m_follow_pmc,long,2018-01-23 03:00:00-05:00,2018-01-23 03:45:00-05:00,1.2255600000000002,1.22562,1.0,stack_break,5.999999999972694e-05,4.499999999972694
ma3_ema9_21_50_15m_follow_pmc,long,2018-01-23 04:00:00-05:00,2018-01-23 04:15:00-05:00,1.22628,1.2257399999999998,1.0,stack_break,-0.000540000000000207,-55.5000000000207
ma3_ema9_21_50_15m_follow_pmc,long,2018-01-23 06:45:00-05:00,2018-01-23 07:00:00-05:00,1.22658,1.2252299999999998,1.0,stack_break,-0.0013500000000001844,-136.50000000001845
ma3_ema9_21_50_15m_follow_pmc,long,2018-01-23 14:45:00-05:00,2018-01-23 16:15:00-05:00,1.2266000000000001,1.2291299999999998,1.0,session_end,0.002529999999999699,251.49999999996993
ma3_ema9_21_50_15m_follow_pmc,long,2018-01-24 03:00:00-05:00,2018-01-24 16:15:00-05:00,1.2316,1.2379799999999999,1.0,session_end,0.00637999999999983,636.4999999999831
ma3_ema9_21_50_15m_follow_pmc,long,2018-01-25 03:00:00-05:00,2018-01-25 08:15:00-05:00,1.2419600000000002,1.2412299999999998,1.0,stack_break,-0.0007300000000003415,-74.50000000003415
ma3_ema9_21_50_15m_follow_pmc,long,2018-01-25 14:00:00-05:00,2018-01-25 16:15:00-05:00,1.2493400000000001,1.25036,1.0,session_end,0.0010199999999997988,100.49999999997988
ma3_ema9_21_50_15m_follow_pmc,long,2018-01-26 06:45:00-05:00,2018-01-26 12:45:00-05:00,1.2447700000000002,1.2440099999999998,1.0,stack_break,-0.000760000000000316,-77.5000000000316
ma3_ema9_21_50_15m_follow_pmc,long,2018-01-30 10:30:00-05:00,2018-01-30 16:15:00-05:00,1.2405700000000002,1.24129,1.0,session_end,0.0007199999999998319,70.49999999998319
ma3_ema9_21_50_15m_follow_pmc,long,2018-01-31 03:00:00-05:00,2018-01-31 16:15:00-05:00,1.24059,1.2455999999999998,1.0,session_end,0.005009999999999737,499.4999999999737
ma3_ema9_21_50_15m_follow_pmc,short,2018-02-01 06:30:00-05:00,2018-02-01 09:00:00-05:00,1.24115,1.24302,1.0,stack_break,-0.0018700000000000383,-188.50000000000384
ma3_ema9_21_50_15m_follow_pmc,long,2018-02-01 09:45:00-05:00,2018-02-01 16:15:00-05:00,1.24468,1.24695,1.0,session_end,0.0022699999999999942,225.49999999999943
ma3_ema9_21_50_15m_follow_pmc,long,2018-02-02 07:30:00-05:00,2018-02-02 09:30:00-05:00,1.25122,1.2488,1.0,stack_break,-0.0024200000000000887,-243.50000000000887
ma3_ema9_21_50_15m_follow_pmc,short,2018-02-02 16:00:00-05:00,2018-02-02 16:15:00-05:00,1.2414299999999998,1.2439300000000002,1.0,session_end,-0.002500000000000391,-251.50000000003908
ma3_ema9_21_50_15m_follow_pmc,long,2018-02-05 09:45:00-05:00,2018-02-05 12:15:00-05:00,1.24695,1.2447199999999998,1.0,stack_break,-0.0022300000000001763,-224.50000000001762
ma3_ema9_21_50_15m_follow_pmc,short,2018-02-05 14:45:00-05:00,2018-02-05 16:15:00-05:00,1.24148,1.2423700000000002,1.0,session_end,-0.0008900000000002795,-90.50000000002794
ma3_ema9_21_50_15m_follow_pmc,short,2018-02-06 03:00:00-05:00,2018-02-06 07:00:00-05:00,1.2362399999999998,1.2381600000000001,1.0,stack_break,-0.0019200000000003659,-193.50000000003658
ma3_ema9_21_50_15m_follow_pmc,long,2018-02-06 09:00:00-05:00,2018-02-06 12:30:00-05:00,1.24215,1.2357699999999998,1.0,stack_break,-0.006380000000000274,-639.5000000000274
ma3_ema9_21_50_15m_follow_pmc,short,2018-02-06 12:45:00-05:00,2018-02-06 16:15:00-05:00,1.2357799999999999,1.2344300000000001,1.0,session_end,0.0013499999999997403,133.49999999997402
ma3_ema9_21_50_15m_follow_pmc,short,2018-02-07 09:30:00-05:00,2018-02-07 16:15:00-05:00,1.2367499999999998,1.22961,1.0,session_end,0.007139999999999702,712.4999999999702
ma3_ema9_21_50_15m_follow_pmc,short,2018-02-08 04:45:00-05:00,2018-02-08 06:30:00-05:00,1.226,1.22754,1.0,stack_break,-0.0015400000000000968,-155.5000000000097
ma3_ema9_21_50_15m_follow_pmc,short,2018-02-08 07:15:00-05:00,2018-02-08 07:30:00-05:00,1.2267599999999999,1.22873,1.0,stack_break,-0.0019700000000002493,-198.50000000002493
ma3_ema9_21_50_15m_follow_pmc,short,2018-02-08 08:30:00-05:00,2018-02-08 13:45:00-05:00,1.2259799999999998,1.2269500000000002,1.0,stack_break,-0.0009700000000003595,-98.50000000003595
ma3_ema9_21_50_15m_follow_pmc,short,2018-02-09 03:00:00-05:00,2018-02-09 03:45:00-05:00,1.22475,1.2257900000000002,1.0,stack_break,-0.001040000000000152,-105.50000000001519
ma3_ema9_21_50_15m_follow_pmc,short,2018-02-09 05:30:00-05:00,2018-02-09 05:45:00-05:00,1.2250899999999998,1.22597,1.0,stack_break,-0.0008800000000002139,-89.5000000000214
ma3_ema9_21_50_15m_follow_pmc,short,2018-02-09 12:15:00-05:00,2018-02-09 14:15:00-05:00,1.2234299999999998,1.2269100000000002,1.0,stack_break,-0.0034800000000003717,-349.5000000000372
ma3_ema9_21_50_15m_follow_pmc,short,2018-02-09 15:15:00-05:00,2018-02-09 16:15:00-05:00,1.2255099999999999,1.2244000000000002,1.0,session_end,0.0011099999999997223,109.49999999997223
ma3_ema9_21_50_15m_follow_pmc,short,2018-02-12 13:00:00-05:00,2018-02-12 16:15:00-05:00,1.2254999999999998,1.2274900000000002,1.0,session_end,-0.0019900000000003804,-200.50000000003803
ma3_ema9_21_50_15m_follow_pmc,short,2018-02-14 10:45:00-05:00,2018-02-14 16:00:00-05:00,1.2348299999999999,1.23889,1.0,stack_break,-0.004060000000000175,-407.50000000001745
ma3_ema9_21_50_15m_follow_pmc,long,2018-02-15 03:00:00-05:00,2018-02-15 12:15:00-05:00,1.2465600000000001,1.24695,1.0,stack_break,0.00038999999999989043,37.49999999998904
ma3_ema9_21_50_15m_follow_pmc,long,2018-02-15 13:30:00-05:00,2018-02-15 13:45:00-05:00,1.24927,1.2471599999999998,1.0,stack_break,-0.0021100000000002783,-212.50000000002782
ma3_ema9_21_50_15m_follow_pmc,long,2018-02-15 15:15:00-05:00,2018-02-15 16:15:00-05:00,1.2497800000000001,1.24778,1.0,session_end,-0.002000000000000224,-201.5000000000224
ma3_ema9_21_50_15m_follow_pmc,long,2018-02-16 03:00:00-05:00,2018-02-16 09:00:00-05:00,1.25339,1.25236,1.0,stack_break,-0.0010300000000000864,-104.50000000000864
ma3_ema9_21_50_15m_follow_pmc,long,2018-02-16 09:15:00-05:00,2018-02-16 09:45:00-05:00,1.2538500000000001,1.25298,1.0,stack_break,-0.0008700000000001484,-88.50000000001484
ma3_ema9_21_50_15m_follow_pmc,long,2018-02-16 10:00:00-05:00,2018-02-16 10:15:00-05:00,1.2537900000000002,1.2527199999999998,1.0,stack_break,-0.0010700000000003485,-108.50000000003485
ma3_ema9_21_50_15m_follow_pmc,short,2018-02-19 05:00:00-05:00,2018-02-19 11:00:00-05:00,1.24115,1.2419200000000001,1.0,stack_break,-0.0007700000000001594,-78.50000000001594
ma3_ema9_21_50_15m_follow_pmc,short,2018-02-19 13:30:00-05:00,2018-02-19 16:15:00-05:00,1.24088,1.2395800000000001,1.0,session_end,0.0012999999999998568,128.49999999998568
ma3_ema9_21_50_15m_follow_pmc,short,2018-02-20 03:00:00-05:00,2018-02-20 16:15:00-05:00,1.23837,1.2341700000000002,1.0,session_end,0.0041999999999997595,418.49999999997596
ma3_ema9_21_50_15m_follow_pmc,short,2018-02-21 03:15:00-05:00,2018-02-21 14:45:00-05:00,1.2333599999999998,1.2332200000000002,1.0,stack_break,0.0001399999999995849,12.49999999995849
ma3_ema9_21_50_15m_follow_pmc,short,2018-02-22 03:00:00-05:00,2018-02-22 09:15:00-05:00,1.2280099999999998,1.2283400000000002,1.0,stack_break,-0.00033000000000038554,-34.500000000038554
ma3_ema9_21_50_15m_follow_pmc,short,2018-02-22 13:15:00-05:00,2018-02-22 14:00:00-05:00,1.22641,1.2291,1.0,stack_break,-0.002690000000000081,-270.50000000000813
ma3_ema9_21_50_15m_follow_pmc,short,2018-02-23 04:00:00-05:00,2018-02-23 09:15:00-05:00,1.23053,1.2317600000000002,1.0,stack_break,-0.0012300000000002864,-124.50000000002865
ma3_ema9_21_50_15m_follow_pmc,short,2018-02-23 11:30:00-05:00,2018-02-23 13:00:00-05:00,1.2295099999999999,1.2312100000000001,1.0,stack_break,-0.0017000000000002569,-171.5000000000257
ma3_ema9_21_50_15m_follow_pmc,short,2018-02-23 13:15:00-05:00,2018-02-23 15:45:00-05:00,1.22999,1.23116,1.0,stack_break,-0.0011700000000001154,-118.50000000001154
ma3_ema9_21_50_15m_follow_pmc,short,2018-02-26 15:15:00-05:00,2018-02-26 16:15:00-05:00,1.2305199999999998,1.2289400000000001,1.0,session_end,0.0015799999999996928,156.49999999996928
ma3_ema9_21_50_15m_follow_pmc,short,2018-02-27 12:30:00-05:00,2018-02-27 16:15:00-05:00,1.2316799999999999,1.2240300000000002,1.0,session_end,0.007649999999999713,763.4999999999712
ma3_ema9_21_50_15m_follow_pmc,short,2018-02-28 03:00:00-05:00,2018-02-28 07:15:00-05:00,1.2223799999999998,1.22341,1.0,stack_break,-0.0010300000000003084,-104.50000000003084
ma3_ema9_21_50_15m_follow_pmc,short,2018-02-28 08:30:00-05:00,2018-02-28 12:30:00-05:00,1.22115,1.2225000000000001,1.0,stack_break,-0.0013500000000001844,-136.50000000001845
ma3_ema9_21_50_15m_follow_pmc,short,2018-02-28 12:45:00-05:00,2018-02-28 14:45:00-05:00,1.22148,1.2222000000000002,1.0,stack_break,-0.000720000000000276,-73.5000000000276
ma3_ema9_21_50_15m_follow_pmc,short,2018-02-28 15:00:00-05:00,2018-02-28 16:15:00-05:00,1.2216699999999998,1.2194600000000002,1.0,session_end,0.002209999999999601,219.49999999996012
ma3_ema9_21_50_15m_follow_pmc,short,2018-03-01 03:15:00-05:00,2018-03-01 04:45:00-05:00,1.21888,1.2194,1.0,stack_break,-0.000520000000000076,-53.500000000007596
ma3_ema9_21_50_15m_follow_pmc,short,2018-03-01 06:15:00-05:00,2018-03-01 07:15:00-05:00,1.2189999999999999,1.22042,1.0,stack_break,-0.0014200000000001989,-143.5000000000199
ma3_ema9_21_50_15m_follow_pmc,long,2018-03-01 09:00:00-05:00,2018-03-01 09:15:00-05:00,1.2200300000000002,1.2192399999999999,1.0,stack_break,-0.0007900000000002905,-80.50000000002905
ma3_ema9_21_50_15m_follow_pmc,short,2018-03-01 09:45:00-05:00,2018-03-01 16:15:00-05:00,1.21881,1.21791,1.0,session_end,0.0008999999999999009,88.49999999999008
ma3_ema9_21_50_15m_follow_pmc,long,2018-03-02 03:00:00-05:00,2018-03-02 07:15:00-05:00,1.2272500000000002,1.22607,1.0,stack_break,-0.001180000000000181,-119.50000000001809
ma3_ema9_21_50_15m_follow_pmc,long,2018-03-02 09:45:00-05:00,2018-03-02 16:15:00-05:00,1.22791,1.2309299999999999,1.0,session_end,0.0030199999999998006,300.49999999998005
ma3_ema9_21_50_15m_follow_pmc,long,2018-03-06 03:00:00-05:00,2018-03-06 07:00:00-05:00,1.2351,1.2339499999999999,1.0,stack_break,-0.0011500000000002064,-116.50000000002063
ma3_ema9_21_50_15m_follow_pmc,long,2018-03-06 11:15:00-05:00,2018-03-06 16:15:00-05:00,1.23486,1.24002,1.0,session_end,0.005159999999999831,514.4999999999832
ma3_ema9_21_50_15m_follow_pmc,long,2018-03-07 03:00:00-05:00,2018-03-07 08:15:00-05:00,1.2415500000000002,1.24036,1.0,stack_break,-0.0011900000000002464,-120.50000000002464
ma3_ema9_21_50_15m_follow_pmc,long,2018-03-07 10:15:00-05:00,2018-03-07 12:30:00-05:00,1.2422600000000001,1.2406899999999998,1.0,stack_break,-0.0015700000000002934,-158.50000000002933
ma3_ema9_21_50_15m_follow_pmc,long,2018-03-12 04:00:00-04:00,2018-03-12 10:30:00-04:00,1.2321900000000001,1.2312699999999999,1.0,stack_break,-0.000920000000000254,-93.5000000000254
ma3_ema9_21_50_15m_follow_pmc,long,2018-03-13 11:00:00-04:00,2018-03-13 16:15:00-04:00,1.23458,1.2395999999999998,1.0,session_end,0.005019999999999802,500.4999999999802
ma3_ema9_21_50_15m_follow_pmc,long,2018-03-14 04:00:00-04:00,2018-03-14 07:00:00-04:00,1.24048,1.2394999999999998,1.0,stack_break,-0.000980000000000203,-99.5000000000203
ma3_ema9_21_50_15m_follow_pmc,long,2018-03-15 04:00:00-04:00,2018-03-15 06:30:00-04:00,1.23815,1.23685,1.0,stack_break,-0.0013000000000000789,-131.5000000000079
ma3_ema9_21_50_15m_follow_pmc,long,2018-03-16 09:15:00-04:00,2018-03-16 13:30:00-04:00,1.23205,1.22986,1.0,stack_break,-0.0021900000000001363,-220.50000000001364
ma3_ema9_21_50_15m_follow_pmc,long,2018-03-19 10:30:00-04:00,2018-03-19 16:15:00-04:00,1.2299200000000001,1.23285,1.0,session_end,0.002929999999999877,291.4999999999877
ma3_ema9_21_50_15m_follow_pmc,long,2018-03-20 04:00:00-04:00,2018-03-20 05:15:00-04:00,1.2345400000000002,1.2336999999999998,1.0,stack_break,-0.000840000000000396,-85.50000000003959
ma3_ema9_21_50_15m_follow_pmc,long,2018-03-20 07:00:00-04:00,2018-03-20 09:45:00-04:00,1.23476,1.2335299999999998,1.0,stack_break,-0.0012300000000002864,-124.50000000002865
ma3_ema9_21_50_15m_follow_pmc,long,2018-03-21 07:30:00-04:00,2018-03-21 16:15:00-04:00,1.2271500000000002,1.22678,1.0,session_end,-0.0003700000000002035,-38.50000000002035
ma3_ema9_21_50_15m_follow_pmc,long,2018-03-22 04:00:00-04:00,2018-03-22 06:15:00-04:00,1.23597,1.2344199999999999,1.0,stack_break,-0.0015500000000001624,-156.50000000001623
ma3_ema9_21_50_15m_follow_pmc,long,2018-03-22 07:30:00-04:00,2018-03-22 09:30:00-04:00,1.2364600000000001,1.2345599999999999,1.0,stack_break,-0.0019000000000002348,-191.50000000002348
ma3_ema9_21_50_15m_follow_pmc,long,2018-03-23 04:00:00-04:00,2018-03-23 08:15:00-04:00,1.2335800000000001,1.2322099999999998,1.0,stack_break,-0.0013700000000003154,-138.50000000003155
ma3_ema9_21_50_15m_follow_pmc,long,2018-03-23 09:15:00-04:00,2018-03-23 10:00:00-04:00,1.2336900000000002,1.23243,1.0,stack_break,-0.001260000000000261,-127.50000000002609
ma3_ema9_21_50_15m_follow_pmc,long,2018-03-23 12:00:00-04:00,2018-03-23 16:15:00-04:00,1.23459,1.23589,1.0,session_end,0.0012999999999998568,128.49999999998568
ma3_ema9_21_50_15m_follow_pmc,long,2018-03-26 03:00:00-04:00,2018-03-26 06:30:00-04:00,1.23696,1.2362199999999999,1.0,stack_break,-0.000740000000000185,-75.5000000000185
ma3_ema9_21_50_15m_follow_pmc,long,2018-03-26 07:30:00-04:00,2018-03-26 16:15:00-04:00,1.2379300000000002,1.2437399999999998,1.0,session_end,0.005809999999999649,579.4999999999649
ma3_ema9_21_50_15m_follow_pmc,long,2018-03-27 03:45:00-04:00,2018-03-27 06:00:00-04:00,1.2453500000000002,1.2443099999999998,1.0,stack_break,-0.001040000000000374,-105.5000000000374
ma3_ema9_21_50_15m_follow_pmc,long,2018-03-27 07:00:00-04:00,2018-03-27 09:00:00-04:00,1.2471500000000002,1.24294,1.0,stack_break,-0.004210000000000269,-422.5000000000269
ma3_ema9_21_50_15m_follow_pmc,long,2018-03-28 03:00:00-04:00,2018-03-28 05:45:00-04:00,1.2417900000000002,1.24067,1.0,stack_break,-0.001120000000000232,-113.50000000002319
ma3_ema9_21_50_15m_follow_pmc,long,2018-03-30 03:00:00-04:00,2018-03-30 14:30:00-04:00,1.2313900000000002,1.2318699999999998,1.0,stack_break,0.00047999999999959186,46.499999999959186
ma3_ema9_21_50_15m_follow_pmc,long,2018-04-02 03:00:00-04:00,2018-04-02 04:15:00-04:00,1.2322300000000002,1.2317099999999999,1.0,stack_break,-0.000520000000000298,-53.5000000000298
ma3_ema9_21_50_15m_follow_pmc,short,2018-04-02 04:30:00-04:00,2018-04-02 07:30:00-04:00,1.23158,1.23215,1.0,stack_break,-0.0005700000000001815,-58.50000000001815
ma3_ema9_21_50_15m_follow_pmc,long,2018-04-02 08:15:00-04:00,2018-04-02 14:15:00-04:00,1.23302,1.2319399999999998,1.0,stack_break,-0.001080000000000192,-109.50000000001918
ma3_ema9_21_50_15m_follow_pmc,short,2018-04-02 15:30:00-04:00,2018-04-02 16:15:00-04:00,1.23043,1.2288800000000002,1.0,session_end,0.0015499999999997183,153.49999999997183
ma3_ema9_21_50_15m_follow_pmc,long,2018-04-03 07:15:00-04:00,2018-04-03 10:15:00-04:00,1.23214,1.23068,1.0,stack_break,-0.0014600000000000168,-147.50000000000168
ma3_ema9_21_50_15m_follow_pmc,short,2018-04-03 11:30:00-04:00,2018-04-03 16:15:00-04:00,1.22918,1.22632,1.0,session_end,0.0028599999999998627,284.49999999998624
ma3_ema9_21_50_15m_follow_pmc,short,2018-04-04 06:45:00-04:00,2018-04-04 08:15:00-04:00,1.22687,1.2293500000000002,1.0,stack_break,-0.0024800000000002598,-249.50000000002598
ma3_ema9_21_50_15m_follow_pmc,short,2018-04-05 03:00:00-04:00,2018-04-05 10:00:00-04:00,1.2276999999999998,1.22831,1.0,stack_break,-0.0006100000000002215,-62.50000000002215
ma3_ema9_21_50_15m_follow_pmc,short,2018-04-05 12:00:00-04:00,2018-04-05 16:15:00-04:00,1.2258099999999998,1.22292,1.0,session_end,0.002889999999999837,287.49999999998374
ma3_ema9_21_50_15m_follow_pmc,short,2018-04-06 04:45:00-04:00,2018-04-06 10:00:00-04:00,1.2238,1.22421,1.0,stack_break,-0.00041000000000002146,-42.500000000002146
ma3_ema9_21_50_15m_follow_pmc,short,2018-04-06 12:15:00-04:00,2018-04-06 12:45:00-04:00,1.2232399999999999,1.2252900000000002,1.0,stack_break,-0.0020500000000003293,-206.50000000003294
ma3_ema9_21_50_15m_follow_pmc,short,2018-04-09 11:30:00-04:00,2018-04-09 12:00:00-04:00,1.2267899999999998,1.22801,1.0,stack_break,-0.001220000000000221,-123.50000000002208
ma3_ema9_21_50_15m_follow_pmc,long,2018-04-09 14:15:00-04:00,2018-04-09 16:15:00-04:00,1.23255,1.2319,1.0,session_end,-0.0006500000000000394,-66.50000000000395
ma3_ema9_21_50_15m_follow_pmc,short,2018-04-10 06:30:00-04:00,2018-04-10 07:45:00-04:00,1.2304,1.23269,1.0,stack_break,-0.0022900000000001253,-230.50000000001253
ma3_ema9_21_50_15m_follow_pmc,long,2018-04-10 07:45:00-04:00,2018-04-10 16:15:00-04:00,1.23269,1.23373,1.0,session_end,0.0010399999999999299,102.49999999999298
ma3_ema9_21_50_15m_follow_pmc,long,2018-04-11 03:00:00-04:00,2018-04-11 16:15:00-04:00,1.23598,1.23816,1.0,session_end,0.0021799999999998487,216.49999999998488
ma3_ema9_21_50_15m_follow_pmc,short,2018-04-12 12:15:00-04:00,2018-04-12 16:15:00-04:00,1.23156,1.2318200000000001,1.0,session_end,-0.000260000000000149,-27.5000000000149
ma3_ema9_21_50_15m_follow_pmc,long,2018-04-13 08:15:00-04:00,2018-04-13 11:30:00-04:00,1.23442,1.23148,1.0,stack_break,-0.0029400000000001647,-295.5000000000165
ma3_ema9_21_50_15m_follow_pmc,short,2018-04-13 11:45:00-04:00,2018-04-13 16:15:00-04:00,1.23148,1.23205,1.0,session_end,-0.0005700000000001815,-58.50000000001815
ma3_ema9_21_50_15m_follow_pmc,long,2018-04-16 03:00:00-04:00,2018-04-16 05:15:00-04:00,1.2338200000000001,1.2331299999999998,1.0,stack_break,-0.0006900000000003015,-70.50000000003016
ma3_ema9_21_50_15m_follow_pmc,long,2018-04-16 08:15:00-04:00,2018-04-16 16:15:00-04:00,1.2358200000000001,1.23687,1.0,session_end,0.0010499999999997733,103.49999999997733
ma3_ema9_21_50_15m_follow_pmc,long,2018-04-17 03:30:00-04:00,2018-04-17 03:45:00-04:00,1.2382700000000002,1.2380099999999998,1.0,stack_break,-0.00026000000000037105,-27.500000000037105
ma3_ema9_21_50_15m_follow_pmc,long,2018-04-17 04:30:00-04:00,2018-04-17 09:45:00-04:00,1.2385300000000001,1.2383099999999998,1.0,stack_break,-0.00022000000000033104,-23.500000000033104
ma3_ema9_21_50_15m_follow_pmc,long,2018-04-18 03:00:00-04:00,2018-04-18 06:45:00-04:00,1.2380200000000001,1.23687,1.0,stack_break,-0.0011500000000002064,-116.50000000002063
ma3_ema9_21_50_15m_follow_pmc,long,2018-04-18 12:00:00-04:00,2018-04-18 16:15:00-04:00,1.2388000000000001,1.2376399999999999,1.0,session_end,-0.001160000000000272,-117.5000000000272
ma3_ema9_21_50_15m_follow_pmc,long,2018-04-19 04:45:00-04:00,2018-04-19 06:45:00-04:00,1.2382900000000001,1.23681,1.0,stack_break,-0.0014800000000001479,-149.50000000001478
ma3_ema9_21_50_15m_follow_pmc,long,2018-04-19 07:30:00-04:00,2018-04-19 09:00:00-04:00,1.2392800000000002,1.2366499999999998,1.0,stack_break,-0.0026300000000003543,-264.5000000000354
ma3_ema9_21_50_15m_follow_pmc,short,2018-04-20 09:15:00-04:00,2018-04-20 16:15:00-04:00,1.2311699999999999,1.2283300000000001,1.0,session_end,0.0028399999999997316,282.49999999997317
ma3_ema9_21_50_15m_follow_pmc,short,2018-04-23 03:00:00-04:00,2018-04-23 07:15:00-04:00,1.2276099999999999,1.2280000000000002,1.0,stack_break,-0.0003900000000003345,-40.50000000003345
ma3_ema9_21_50_15m_follow_pmc,short,2018-04-23 08:15:00-04:00,2018-04-23 16:15:00-04:00,1.22626,1.2218,1.0,session_end,0.0044599999999999085,444.49999999999085
ma3_ema9_21_50_15m_follow_pmc,short,2018-04-24 03:00:00-04:00,2018-04-24 03:30:00-04:00,1.22075,1.22097,1.0,stack_break,-0.000220000000000109,-23.5000000000109
ma3_ema9_21_50_15m_follow_pmc,short,2018-04-24 07:45:00-04:00,2018-04-24 10:30:00-04:00,1.2202799999999998,1.2213900000000002,1.0,stack_break,-0.0011100000000003885,-112.50000000003885
ma3_ema9_21_50_15m_follow_pmc,short,2018-04-24 13:15:00-04:00,2018-04-24 13:30:00-04:00,1.2202199999999999,1.2212800000000001,1.0,stack_break,-0.001060000000000283,-107.5000000000283
ma3_ema9_21_50_15m_follow_pmc,short,2018-04-25 04:30:00-04:00,2018-04-25 16:15:00-04:00,1.2221099999999998,1.2177,1.0,session_end,0.004409999999999803,439.4999999999803
ma3_ema9_21_50_15m_follow_pmc,short,2018-04-26 08:00:00-04:00,2018-04-26 10:00:00-04:00,1.2167599999999998,1.2182300000000001,1.0,stack_break,-0.0014700000000003044,-148.50000000003044
ma3_ema9_21_50_15m_follow_pmc,short,2018-04-26 12:30:00-04:00,2018-04-26 13:00:00-04:00,1.2166199999999998,1.2190800000000002,1.0,stack_break,-0.002460000000000351,-247.50000000003507
ma3_ema9_21_50_15m_follow_pmc,short,2018-04-26 14:30:00-04:00,2018-04-26 16:15:00-04:00,1.2123799999999998,1.21141,1.0,session_end,0.0009699999999996933,95.49999999996933
ma3_ema9_21_50_15m_follow_pmc,short,2018-04-27 03:00:00-04:00,2018-04-27 03:15:00-04:00,1.21088,1.21126,1.0,stack_break,-0.00038000000000004697,-39.5000000000047
ma3_ema9_21_50_15m_follow_pmc,short,2018-04-27 06:15:00-04:00,2018-04-27 14:00:00-04:00,1.2107299999999999,1.2091900000000002,1.0,stack_break,0.0015399999999996528,152.49999999996527
ma3_ema9_21_50_15m_follow_pmc,short,2018-04-27 14:15:00-04:00,2018-04-27 15:00:00-04:00,1.20799,1.2115600000000002,1.0,stack_break,-0.003570000000000295,-358.5000000000295
ma3_ema9_21_50_15m_follow_pmc,short,2018-04-30 09:15:00-04:00,2018-04-30 16:15:00-04:00,1.2104199999999998,1.2076,1.0,session_end,0.0028199999999998226,280.49999999998226
ma3_ema9_21_50_15m_follow_pmc,short,2018-05-01 03:00:00-04:00,2018-05-01 16:15:00-04:00,1.20769,1.2000700000000002,1.0,session_end,0.007619999999999738,760.4999999999739
ma3_ema9_21_50_15m_follow_pmc,short,2018-05-02 06:15:00-04:00,2018-05-02 07:15:00-04:00,1.1995699999999998,1.2009,1.0,stack_break,-0.0013300000000002754,-134.50000000002754
ma3_ema9_21_50_15m_follow_pmc,short,2018-05-02 11:15:00-04:00,2018-05-02 13:15:00-04:00,1.2001099999999998,1.20096,1.0,stack_break,-0.0008500000000002395,-86.50000000002395
ma3_ema9_21_50_15m_follow_pmc,short,2018-05-02 13:30:00-04:00,2018-05-02 16:15:00-04:00,1.1999799999999998,1.1969400000000001,1.0,session_end,0.0030399999999997096,302.49999999997095
ma3_ema9_21_50_15m_follow_pmc,short,2018-05-03 14:30:00-04:00,2018-05-03 16:15:00-04:00,1.1973799999999999,1.19707,1.0,session_end,0.00030999999999981043,29.499999999981043
ma3_ema9_21_50_15m_follow_pmc,short,2018-05-04 06:45:00-04:00,2018-05-04 12:45:00-04:00,1.19719,1.19876,1.0,stack_break,-0.0015700000000000713,-158.50000000000713
ma3_ema9_21_50_15m_follow_pmc,short,2018-05-04 13:15:00-04:00,2018-05-04 16:15:00-04:00,1.19634,1.1945100000000002,1.0,session_end,0.0018299999999997763,181.49999999997763
ma3_ema9_21_50_15m_follow_pmc,short,2018-05-07 06:15:00-04:00,2018-05-07 16:15:00-04:00,1.1950299999999998,1.19256,1.0,session_end,0.00246999999999975,245.49999999997502
ma3_ema9_21_50_15m_follow_pmc,short,2018-05-08 03:00:00-04:00,2018-05-08 06:45:00-04:00,1.1922899999999998,1.1925100000000002,1.0,stack_break,-0.00022000000000033104,-23.500000000033104
ma3_ema9_21_50_15m_follow_pmc,short,2018-05-08 07:45:00-04:00,2018-05-08 16:15:00-04:00,1.1910699999999999,1.18662,1.0,session_end,0.004449999999999843,443.4999999999843
ma3_ema9_21_50_15m_follow_pmc,short,2018-05-09 03:00:00-04:00,2018-05-09 09:30:00-04:00,1.1852099999999999,1.1859300000000002,1.0,stack_break,-0.000720000000000276,-73.5000000000276
ma3_ema9_21_50_15m_follow_pmc,short,2018-05-11 07:15:00-04:00,2018-05-11 09:00:00-04:00,1.18953,1.1922100000000002,1.0,stack_break,-0.0026800000000002377,-269.50000000002376
ma3_ema9_21_50_15m_follow_pmc,short,2018-05-15 03:00:00-04:00,2018-05-15 16:15:00-04:00,1.1932999999999998,1.18619,1.0,session_end,0.007109999999999728,709.4999999999727
ma3_ema9_21_50_15m_follow_pmc,short,2018-05-16 03:00:00-04:00,2018-05-16 05:00:00-04:00,1.18262,1.1832600000000002,1.0,stack_break,-0.000640000000000196,-65.5000000000196
ma3_ema9_21_50_15m_follow_pmc,short,2018-05-16 09:45:00-04:00,2018-05-16 16:15:00-04:00,1.18116,1.17843,1.0,session_end,0.002729999999999899,271.49999999998994
ma3_ema9_21_50_15m_follow_pmc,short,2018-05-17 07:45:00-04:00,2018-05-17 08:00:00-04:00,1.18064,1.1829100000000001,1.0,stack_break,-0.0022700000000002163,-228.50000000002163
ma3_ema9_21_50_15m_follow_pmc,short,2018-05-17 10:15:00-04:00,2018-05-17 16:15:00-04:00,1.18023,1.17972,1.0,session_end,0.0005099999999997884,49.49999999997884
ma3_ema9_21_50_15m_follow_pmc,short,2018-05-18 10:15:00-04:00,2018-05-18 16:15:00-04:00,1.1779199999999999,1.17754,1.0,session_end,0.0003799999999998249,36.49999999998249
ma3_ema9_21_50_15m_follow_pmc,short,2018-05-21 03:00:00-04:00,2018-05-21 10:30:00-04:00,1.17526,1.17469,1.0,stack_break,0.0005699999999999594,55.49999999999594
ma3_ema9_21_50_15m_follow_pmc,short,2018-05-22 07:00:00-04:00,2018-05-22 08:00:00-04:00,1.17638,1.1810200000000002,1.0,stack_break,-0.0046400000000001995,-465.50000000001995
ma3_ema9_21_50_15m_follow_pmc,short,2018-05-22 15:00:00-04:00,2018-05-22 16:15:00-04:00,1.1774499999999999,1.17822,1.0,session_end,-0.0007700000000001594,-78.50000000001594
ma3_ema9_21_50_15m_follow_pmc,short,2018-05-23 03:00:00-04:00,2018-05-23 16:15:00-04:00,1.1756,1.16938,1.0,session_end,0.006219999999999892,620.4999999999892
ma3_ema9_21_50_15m_follow_pmc,short,2018-05-24 03:00:00-04:00,2018-05-24 03:15:00-04:00,1.17074,1.1707,1.0,stack_break,3.999999999981796e-05,2.499999999981796
ma3_ema9_21_50_15m_follow_pmc,short,2018-05-24 06:00:00-04:00,2018-05-24 06:30:00-04:00,1.1697799999999998,1.1708800000000001,1.0,stack_break,-0.001100000000000323,-111.50000000003229
ma3_ema9_21_50_15m_follow_pmc,short,2018-05-25 03:00:00-04:00,2018-05-25 09:15:00-04:00,1.17096,1.1727100000000001,1.0,stack_break,-0.0017500000000001403,-176.50000000001404
ma3_ema9_21_50_15m_follow_pmc,short,2018-05-25 11:45:00-04:00,2018-05-25 16:15:00-04:00,1.16957,1.16669,1.0,session_end,0.0028799999999999937,286.4999999999994
ma3_ema9_21_50_15m_follow_pmc,short,2018-05-28 09:30:00-04:00,2018-05-28 16:15:00-04:00,1.1663899999999998,1.1628800000000001,1.0,session_end,0.00350999999999968,349.499999999968
ma3_ema9_21_50_15m_follow_pmc,short,2018-05-29 03:00:00-04:00,2018-05-29 04:00:00-04:00,1.1625599999999998,1.16318,1.0,stack_break,-0.000620000000000287,-63.5000000000287
ma3_ema9_21_50_15m_follow_pmc,short,2018-05-29 06:45:00-04:00,2018-05-29 13:30:00-04:00,1.16024,1.15771,1.0,stack_break,0.002529999999999921,251.49999999999213
ma3_ema9_21_50_15m_follow_pmc,short,2018-05-29 15:45:00-04:00,2018-05-29 16:15:00-04:00,1.1550099999999999,1.1549200000000002,1.0,session_end,8.999999999970143e-05,7.499999999970143
ma3_ema9_21_50_15m_follow_pmc,short,2018-05-30 03:00:00-04:00,2018-05-30 05:00:00-04:00,1.1521599999999999,1.1542000000000001,1.0,stack_break,-0.002040000000000264,-205.50000000002638
ma3_ema9_21_50_15m_follow_pmc,short,2018-05-31 15:30:00-04:00,2018-05-31 16:15:00-04:00,1.16573,1.1672600000000002,1.0,session_end,-0.0015300000000002534,-154.50000000002535
ma3_ema9_21_50_15m_follow_pmc,long,2018-06-01 03:00:00-04:00,2018-06-01 03:15:00-04:00,1.1694,1.1682899999999998,1.0,stack_break,-0.0011100000000001664,-112.50000000001664
ma3_ema9_21_50_15m_follow_pmc,short,2018-06-01 05:00:00-04:00,2018-06-01 07:45:00-04:00,1.1678799999999998,1.16961,1.0,stack_break,-0.0017300000000002314,-174.50000000002314
ma3_ema9_21_50_15m_follow_pmc,long,2018-06-01 10:15:00-04:00,2018-06-01 12:30:00-04:00,1.1715600000000002,1.1667999999999998,1.0,stack_break,-0.0047600000000003195,-477.50000000003195
ma3_ema9_21_50_15m_follow_pmc,short,2018-06-01 12:45:00-04:00,2018-06-01 16:15:00-04:00,1.1649299999999998,1.16789,1.0,session_end,-0.0029600000000002957,-297.50000000002956
ma3_ema9_21_50_15m_follow_pmc,long,2018-06-04 03:30:00-04:00,2018-06-04 14:45:00-04:00,1.1693500000000001,1.17092,1.0,stack_break,0.0015699999999998493,155.49999999998494
ma3_ema9_21_50_15m_follow_pmc,short,2018-06-05 03:00:00-04:00,2018-06-05 07:15:00-04:00,1.16878,1.1705,1.0,stack_break,-0.0017200000000001658,-173.5000000000166
ma3_ema9_21_50_15m_follow_pmc,long,2018-06-05 08:45:00-04:00,2018-06-05 10:45:00-04:00,1.1709800000000001,1.16889,1.0,stack_break,-0.0020900000000001473,-210.50000000001472
ma3_ema9_21_50_15m_follow_pmc,short,2018-06-05 11:15:00-04:00,2018-06-05 16:15:00-04:00,1.1678799999999998,1.16985,1.0,session_end,-0.0019700000000002493,-198.50000000002493
ma3_ema9_21_50_15m_follow_pmc,long,2018-06-06 03:00:00-04:00,2018-06-06 05:00:00-04:00,1.1721300000000001,1.1717899999999999,1.0,stack_break,-0.000340000000000229,-35.5000000000229
ma3_ema9_21_50_15m_follow_pmc,long,2018-06-06 06:30:00-04:00,2018-06-06 16:15:00-04:00,1.17301,1.1777399999999998,1.0,session_end,0.004729999999999679,471.4999999999679
ma3_ema9_21_50_15m_follow_pmc,long,2018-06-07 03:00:00-04:00,2018-06-07 14:30:00-04:00,1.1791600000000002,1.1807899999999998,1.0,stack_break,0.0016299999999995762,161.49999999995762
ma3_ema9_21_50_15m_follow_pmc,long,2018-06-07 15:30:00-04:00,2018-06-07 16:15:00-04:00,1.1827,1.1817,1.0,session_end,-0.001000000000000112,-101.5000000000112
ma3_ema9_21_50_15m_follow_pmc,long,2018-06-11 03:00:00-04:00,2018-06-11 09:30:00-04:00,1.1796900000000001,1.17905,1.0,stack_break,-0.000640000000000196,-65.5000000000196
ma3_ema9_21_50_15m_follow_pmc,long,2018-06-11 13:45:00-04:00,2018-06-11 16:15:00-04:00,1.1803400000000002,1.17997,1.0,session_end,-0.0003700000000002035,-38.50000000002035
ma3_ema9_21_50_15m_follow_pmc,long,2018-06-12 08:15:00-04:00,2018-06-12 15:30:00-04:00,1.17955,1.17814,1.0,stack_break,-0.0014100000000001334,-142.50000000001333
ma3_ema9_21_50_15m_follow_pmc,long,2018-06-12 16:00:00-04:00,2018-06-12 16:15:00-04:00,1.17923,1.1791999999999998,1.0,session_end,-3.0000000000196536e-05,-4.500000000019654
ma3_ema9_21_50_15m_follow_pmc,long,2018-06-13 11:00:00-04:00,2018-06-13 16:15:00-04:00,1.17635,1.17827,1.0,session_end,0.0019199999999999218,190.49999999999218
ma3_ema9_21_50_15m_follow_pmc,long,2018-06-14 03:00:00-04:00,2018-06-14 12:15:00-04:00,1.17937,1.17291,1.0,stack_break,-0.006460000000000132,-647.5000000000132
ma3_ema9_21_50_15m_follow_pmc,short,2018-06-14 13:15:00-04:00,2018-06-14 16:15:00-04:00,1.1683999999999999,1.16351,1.0,session_end,0.004889999999999839,487.4999999999839
ma3_ema9_21_50_15m_follow_pmc,short,2018-06-15 03:00:00-04:00,2018-06-15 08:15:00-04:00,1.1563599999999998,1.1592300000000002,1.0,stack_break,-0.0028700000000003723,-288.50000000003723
ma3_ema9_21_50_15m_follow_pmc,short,2018-06-18 03:00:00-04:00,2018-06-18 05:15:00-04:00,1.15842,1.1593,1.0,stack_break,-0.0008799999999999919,-89.49999999999919
ma3_ema9_21_50_15m_follow_pmc,short,2018-06-18 07:00:00-04:00,2018-06-18 09:30:00-04:00,1.15818,1.1601400000000002,1.0,stack_break,-0.001960000000000184,-197.5000000000184
ma3_ema9_21_50_15m_follow_pmc,short,2018-06-19 07:15:00-04:00,2018-06-19 15:00:00-04:00,1.1576499999999998,1.15663,1.0,stack_break,0.0010199999999997988,100.49999999997988
ma3_ema9_21_50_15m_follow_pmc,short,2018-06-20 04:30:00-04:00,2018-06-20 12:30:00-04:00,1.15703,1.15833,1.0,stack_break,-0.0013000000000000789,-131.5000000000079
ma3_ema9_21_50_15m_follow_pmc,short,2018-06-21 03:00:00-04:00,2018-06-21 13:00:00-04:00,1.15689,1.1589500000000001,1.0,stack_break,-0.002060000000000173,-207.50000000001728
ma3_ema9_21_50_15m_follow_pmc,short,2018-06-25 05:45:00-04:00,2018-06-25 09:00:00-04:00,1.16448,1.16613,1.0,stack_break,-0.0016500000000001513,-166.50000000001512
ma3_ema9_21_50_15m_follow_pmc,short,2018-06-25 11:00:00-04:00,2018-06-25 11:15:00-04:00,1.16417,1.1656000000000002,1.0,stack_break,-0.0014300000000002644,-144.50000000002643
ma3_ema9_21_50_15m_follow_pmc,long,2018-06-25 12:30:00-04:00,2018-06-25 16:15:00-04:00,1.1696900000000001,1.1696,1.0,session_end,-9.000000000014552e-05,-10.500000000014552
ma3_ema9_21_50_15m_follow_pmc,long,2018-06-26 03:00:00-04:00,2018-06-26 06:45:00-04:00,1.17179,1.1694399999999998,1.0,stack_break,-0.0023500000000002963,-236.50000000002962
ma3_ema9_21_50_15m_follow_pmc,short,2018-06-26 08:15:00-04:00,2018-06-26 16:15:00-04:00,1.1683199999999998,1.16747,1.0,session_end,0.0008499999999997954,83.49999999997954
ma3_ema9_21_50_15m_follow_pmc,short,2018-06-27 05:30:00-04:00,2018-06-27 06:30:00-04:00,1.1641499999999998,1.1663400000000002,1.0,stack_break,-0.0021900000000003583,-220.50000000003584
ma3_ema9_21_50_15m_follow_pmc,short,2018-06-27 08:45:00-04:00,2018-06-27 16:15:00-04:00,1.16397,1.1587500000000002,1.0,session_end,0.00521999999999978,520.4999999999781
ma3_ema9_21_50_15m_follow_pmc,short,2018-06-28 05:30:00-04:00,2018-06-28 10:15:00-04:00,1.1559799999999998,1.1575000000000002,1.0,stack_break,-0.00152000000000041,-153.50000000004098
ma3_ema9_21_50_15m_follow_pmc,short,2018-07-02 04:00:00-04:00,2018-07-02 16:15:00-04:00,1.1656099999999998,1.1606200000000002,1.0,session_end,0.004989999999999606,497.4999999999606
ma3_ema9_21_50_15m_follow_pmc,short,2018-07-04 09:00:00-04:00,2018-07-04 15:00:00-04:00,1.1642499999999998,1.16466,1.0,stack_break,-0.0004100000000002435,-42.50000000002435
ma3_ema9_21_50_15m_follow_pmc,short,2018-07-04 15:30:00-04:00,2018-07-04 16:15:00-04:00,1.1641499999999998,1.16415,1.0,session_end,-2.220446049250313e-16,-1.5000000000222045
ma3_ema9_21_50_15m_follow_pmc,long,2018-07-05 06:15:00-04:00,2018-07-05 16:15:00-04:00,1.17002,1.1696399999999998,1.0,session_end,-0.000380000000000269,-39.5000000000269
ma3_ema9_21_50_15m_follow_pmc,long,2018-07-06 05:00:00-04:00,2018-07-06 05:15:00-04:00,1.1694900000000001,1.16861,1.0,stack_break,-0.0008800000000002139,-89.5000000000214
ma3_ema9_21_50_15m_follow_pmc,long,2018-07-06 05:30:00-04:00,2018-07-06 16:15:00-04:00,1.16914,1.17357,1.0,session_end,0.004429999999999934,441.4999999999934
ma3_ema9_21_50_15m_follow_pmc,long,2018-07-09 03:00:00-04:00,2018-07-09 14:15:00-04:00,1.1759700000000002,1.1757199999999999,1.0,stack_break,-0.00025000000000030553,-26.500000000030553
ma3_ema9_21_50_15m_follow_pmc,long,2018-07-11 13:45:00-04:00,2018-07-11 15:45:00-04:00,1.17501,1.1718,1.0,stack_break,-0.003210000000000157,-322.5000000000157
ma3_ema9_21_50_15m_follow_pmc,short,2018-07-12 03:00:00-04:00,2018-07-12 04:45:00-04:00,1.1674399999999998,1.1680000000000001,1.0,stack_break,-0.000560000000000338,-57.5000000000338
ma3_ema9_21_50_15m_follow_pmc,short,2018-07-12 10:00:00-04:00,2018-07-12 14:00:00-04:00,1.16739,1.16805,1.0,stack_break,-0.000660000000000105,-67.50000000001049
ma3_ema9_21_50_15m_follow_pmc,short,2018-07-13 03:30:00-04:00,2018-07-13 13:15:00-04:00,1.1664999999999999,1.1643400000000002,1.0,stack_break,0.0021599999999997177,214.49999999997178
ma3_ema9_21_50_15m_follow_pmc,long,2018-07-16 03:30:00-04:00,2018-07-16 16:15:00-04:00,1.1685400000000001,1.17089,1.0,session_end,0.002349999999999852,233.49999999998522
ma3_ema9_21_50_15m_follow_pmc,long,2018-07-17 03:45:00-04:00,2018-07-17 11:15:00-04:00,1.17137,1.17176,1.0,stack_break,0.00038999999999989043,37.49999999998904
ma3_ema9_21_50_15m_follow_pmc,short,2018-07-17 15:15:00-04:00,2018-07-17 16:15:00-04:00,1.1682599999999999,1.1663000000000001,1.0,session_end,0.0019599999999997397,194.49999999997397
ma3_ema9_21_50_15m_follow_pmc,short,2018-07-18 03:00:00-04:00,2018-07-18 14:00:00-04:00,1.16566,1.1634200000000001,1.0,stack_break,0.0022399999999997977,222.49999999997976
ma3_ema9_21_50_15m_follow_pmc,short,2018-07-19 06:45:00-04:00,2018-07-19 15:00:00-04:00,1.16315,1.16135,1.0,stack_break,0.0017999999999998018,178.49999999998016
ma3_ema9_21_50_15m_follow_pmc,long,2018-07-20 13:00:00-04:00,2018-07-20 16:15:00-04:00,1.1699000000000002,1.1707299999999998,1.0,session_end,0.0008299999999996643,81.49999999996643
ma3_ema9_21_50_15m_follow_pmc,long,2018-07-23 03:00:00-04:00,2018-07-23 05:15:00-04:00,1.17371,1.1731099999999999,1.0,stack_break,-0.000600000000000156,-61.500000000015596
ma3_ema9_21_50_15m_follow_pmc,short,2018-07-24 05:00:00-04:00,2018-07-24 08:15:00-04:00,1.16793,1.16911,1.0,stack_break,-0.001180000000000181,-119.50000000001809
ma3_ema9_21_50_15m_follow_pmc,long,2018-07-24 11:00:00-04:00,2018-07-24 16:15:00-04:00,1.1701400000000002,1.1678199999999999,1.0,session_end,-0.002320000000000322,-233.50000000003217
ma3_ema9_21_50_15m_follow_pmc,short,2018-07-25 03:00:00-04:00,2018-07-25 06:15:00-04:00,1.1682199999999998,1.1686100000000001,1.0,stack_break,-0.0003900000000003345,-40.50000000003345
ma3_ema9_21_50_15m_follow_pmc,long,2018-07-25 07:15:00-04:00,2018-07-25 12:45:00-04:00,1.1699000000000002,1.1688699999999999,1.0,stack_break,-0.0010300000000003084,-104.50000000003084
ma3_ema9_21_50_15m_follow_pmc,long,2018-07-25 13:15:00-04:00,2018-07-25 15:00:00-04:00,1.16992,1.16814,1.0,stack_break,-0.0017800000000001148,-179.50000000001148
ma3_ema9_21_50_15m_follow_pmc,short,2018-07-25 15:45:00-04:00,2018-07-25 16:15:00-04:00,1.16695,1.1677700000000002,1.0,session_end,-0.000820000000000265,-83.50000000002649
ma3_ema9_21_50_15m_follow_pmc,long,2018-07-26 03:00:00-04:00,2018-07-26 05:45:00-04:00,1.1730900000000002,1.1729999999999998,1.0,stack_break,-9.000000000036756e-05,-10.500000000036756
ma3_ema9_21_50_15m_follow_pmc,long,2018-07-26 06:00:00-04:00,2018-07-26 07:15:00-04:00,1.1735900000000001,1.17231,1.0,stack_break,-0.0012800000000001699,-129.500000000017
ma3_ema9_21_50_15m_follow_pmc,short,2018-07-26 13:45:00-04:00,2018-07-26 16:15:00-04:00,1.1675399999999998,1.16518,1.0,session_end,0.0023599999999996957,234.49999999996956
ma3_ema9_21_50_15m_follow_pmc,short,2018-07-27 06:15:00-04:00,2018-07-27 07:45:00-04:00,1.1645599999999998,1.1655600000000002,1.0,stack_break,-0.001000000000000334,-101.5000000000334
ma3_ema9_21_50_15m_follow_pmc,short,2018-07-27 08:30:00-04:00,2018-07-27 13:30:00-04:00,1.16414,1.1645,1.0,stack_break,-0.000360000000000138,-37.5000000000138
ma3_ema9_21_50_15m_follow_pmc,long,2018-07-30 10:00:00-04:00,2018-07-30 16:15:00-04:00,1.16876,1.1714099999999998,1.0,session_end,0.002649999999999819,263.4999999999819
ma3_ema9_21_50_15m_follow_pmc,long,2018-07-31 03:00:00-04:00,2018-07-31 03:15:00-04:00,1.1707500000000002,1.17062,1.0,stack_break,-0.00013000000000018552,-14.500000000018552
ma3_ema9_21_50_15m_follow_pmc,long,2018-07-31 05:00:00-04:00,2018-07-31 13:45:00-04:00,1.17151,1.17122,1.0,stack_break,-0.0002900000000001235,-30.50000000001235
ma3_ema9_21_50_15m_follow_pmc,short,2018-08-01 03:00:00-04:00,2018-08-01 08:00:00-04:00,1.16831,1.1692300000000002,1.0,stack_break,-0.000920000000000254,-93.5000000000254
ma3_ema9_21_50_15m_follow_pmc,short,2018-08-01 10:00:00-04:00,2018-08-01 10:30:00-04:00,1.16791,1.1685500000000002,1.0,stack_break,-0.000640000000000196,-65.5000000000196
ma3_ema9_21_50_15m_follow_pmc,short,2018-08-01 10:45:00-04:00,2018-08-01 11:15:00-04:00,1.1681599999999999,1.1687800000000002,1.0,stack_break,-0.000620000000000287,-63.5000000000287
ma3_ema9_21_50_15m_follow_pmc,short,2018-08-01 14:15:00-04:00,2018-08-01 16:15:00-04:00,1.16803,1.1666400000000001,1.0,session_end,0.0013899999999997803,137.49999999997803
ma3_ema9_21_50_15m_follow_pmc,short,2018-08-02 03:00:00-04:00,2018-08-02 16:15:00-04:00,1.16566,1.16144,1.0,session_end,0.0042199999999998905,420.49999999998903
ma3_ema9_21_50_15m_follow_pmc,short,2018-08-03 03:00:00-04:00,2018-08-03 03:45:00-04:00,1.1585299999999998,1.1590900000000002,1.0,stack_break,-0.000560000000000338,-57.5000000000338
ma3_ema9_21_50_15m_follow_pmc,short,2018-08-03 06:30:00-04:00,2018-08-03 11:30:00-04:00,1.15804,1.15964,1.0,stack_break,-0.0016000000000000458,-161.50000000000458
ma3_ema9_21_50_15m_follow_pmc,short,2018-08-03 14:00:00-04:00,2018-08-03 15:00:00-04:00,1.15712,1.15938,1.0,stack_break,-0.0022600000000001508,-227.50000000001506
ma3_ema9_21_50_15m_follow_pmc,short,2018-08-06 03:00:00-04:00,2018-08-06 08:15:00-04:00,1.1562999999999999,1.1565100000000001,1.0,stack_break,-0.00021000000000026553,-22.500000000026553
ma3_ema9_21_50_15m_follow_pmc,short,2018-08-06 09:15:00-04:00,2018-08-06 10:00:00-04:00,1.15564,1.15636,1.0,stack_break,-0.0007200000000000539,-73.5000000000054
ma3_ema9_21_50_15m_follow_pmc,short,2018-08-06 10:30:00-04:00,2018-08-06 14:45:00-04:00,1.15461,1.1561000000000001,1.0,stack_break,-0.0014900000000002134,-150.50000000002134
ma3_ema9_21_50_15m_follow_pmc,short,2018-08-08 10:00:00-04:00,2018-08-08 15:30:00-04:00,1.1595799999999998,1.1608800000000001,1.0,stack_break,-0.001300000000000301,-131.5000000000301
ma3_ema9_21_50_15m_follow_pmc,short,2018-08-09 07:15:00-04:00,2018-08-09 16:15:00-04:00,1.1598799999999998,1.1565200000000002,1.0,session_end,0.0033599999999995855,334.49999999995856
ma3_ema9_21_50_15m_follow_pmc,short,2018-08-10 03:00:00-04:00,2018-08-10 03:45:00-04:00,1.1530699999999998,1.15354,1.0,stack_break,-0.0004700000000001925,-48.50000000001925
ma3_ema9_21_50_15m_follow_pmc,short,2018-08-10 04:45:00-04:00,2018-08-10 16:15:00-04:00,1.15302,1.13969,1.0,session_end,0.013329999999999842,1331.499999999984
ma3_ema9_21_50_15m_follow_pmc,short,2018-08-13 03:00:00-04:00,2018-08-13 06:30:00-04:00,1.13756,1.13978,1.0,stack_break,-0.0022200000000001108,-223.50000000001108
ma3_ema9_21_50_15m_follow_pmc,short,2018-08-13 08:00:00-04:00,2018-08-13 10:45:00-04:00,1.13723,1.1386200000000002,1.0,stack_break,-0.0013900000000002244,-140.50000000002245
ma3_ema9_21_50_15m_follow_pmc,short,2018-08-13 11:30:00-04:00,2018-08-13 12:15:00-04:00,1.1377499999999998,1.13985,1.0,stack_break,-0.002100000000000213,-211.5000000000213
ma3_ema9_21_50_15m_follow_pmc,short,2018-08-14 09:45:00-04:00,2018-08-14 10:45:00-04:00,1.1393399999999998,1.14118,1.0,stack_break,-0.0018400000000002859,-185.5000000000286
ma3_ema9_21_50_15m_follow_pmc,short,2018-08-14 11:30:00-04:00,2018-08-14 16:15:00-04:00,1.14015,1.135,1.0,session_end,0.005149999999999988,513.4999999999987
ma3_ema9_21_50_15m_follow_pmc,short,2018-08-15 03:00:00-04:00,2018-08-15 07:15:00-04:00,1.13278,1.1338700000000002,1.0,stack_break,-0.0010900000000002574,-110.50000000002575
ma3_ema9_21_50_15m_follow_pmc,short,2018-08-15 09:00:00-04:00,2018-08-15 16:00:00-04:00,1.13238,1.13271,1.0,stack_break,-0.0003300000000001635,-34.50000000001635
ma3_ema9_21_50_15m_follow_pmc,short,2018-08-20 06:45:00-04:00,2018-08-20 12:15:00-04:00,1.1414199999999999,1.14212,1.0,stack_break,-0.000700000000000145,-71.5000000000145
ma3_ema9_21_50_15m_follow_pmc,short,2018-08-23 03:00:00-04:00,2018-08-23 08:00:00-04:00,1.1557099999999998,1.1568100000000001,1.0,stack_break,-0.001100000000000323,-111.50000000003229
ma3_ema9_21_50_15m_follow_pmc,short,2018-08-23 08:45:00-04:00,2018-08-23 10:45:00-04:00,1.15547,1.15659,1.0,stack_break,-0.0011200000000000099,-113.500000000001
ma3_ema9_21_50_15m_follow_pmc,short,2018-08-23 15:00:00-04:00,2018-08-23 15:15:00-04:00,1.15607,1.15761,1.0,stack_break,-0.0015400000000000968,-155.5000000000097
ma3_ema9_21_50_15m_follow_pmc,short,2018-08-27 07:00:00-04:00,2018-08-27 12:00:00-04:00,1.16072,1.1618600000000001,1.0,stack_break,-0.001140000000000141,-115.5000000000141
ma3_ema9_21_50_15m_follow_pmc,long,2018-08-28 07:15:00-04:00,2018-08-28 16:15:00-04:00,1.169,1.17194,1.0,session_end,0.0029399999999999427,292.49999999999426
ma3_ema9_21_50_15m_follow_pmc,short,2018-08-29 05:30:00-04:00,2018-08-29 14:00:00-04:00,1.16871,1.1673900000000001,1.0,stack_break,0.0013199999999997658,130.49999999997658
ma3_ema9_21_50_15m_follow_pmc,long,2018-08-29 15:15:00-04:00,2018-08-29 16:15:00-04:00,1.16917,1.1698099999999998,1.0,session_end,0.0006399999999997519,62.49999999997519
ma3_ema9_21_50_15m_follow_pmc,long,2018-08-30 07:30:00-04:00,2018-08-30 08:45:00-04:00,1.1713,1.1678799999999998,1.0,stack_break,-0.0034200000000002007,-343.50000000002007
ma3_ema9_21_50_15m_follow_pmc,short,2018-08-30 08:45:00-04:00,2018-08-30 16:15:00-04:00,1.1678799999999998,1.1646800000000002,1.0,session_end,0.0031999999999996476,318.49999999996476
ma3_ema9_21_50_15m_follow_pmc,short,2018-08-31 03:15:00-04:00,2018-08-31 05:15:00-04:00,1.16618,1.16815,1.0,stack_break,-0.0019700000000000273,-198.50000000000273
ma3_ema9_21_50_15m_follow_pmc,short,2018-08-31 11:00:00-04:00,2018-08-31 16:15:00-04:00,1.16597,1.15969,1.0,session_end,0.006279999999999841,626.4999999999841
ma3_ema9_21_50_15m_follow_pmc,short,2018-09-03 03:00:00-04:00,2018-09-03 04:45:00-04:00,1.1598,1.1603500000000002,1.0,stack_break,-0.0005500000000002725,-56.50000000002725
ma3_ema9_21_50_15m_follow_pmc,short,2018-09-03 07:45:00-04:00,2018-09-03 08:00:00-04:00,1.1597,1.1617600000000001,1.0,stack_break,-0.002060000000000173,-207.50000000001728
ma3_ema9_21_50_15m_follow_pmc,long,2018-09-03 09:00:00-04:00,2018-09-03 10:00:00-04:00,1.16117,1.16014,1.0,stack_break,-0.0010300000000000864,-104.50000000000864
ma3_ema9_21_50_15m_follow_pmc,short,2018-09-03 10:15:00-04:00,2018-09-03 11:00:00-04:00,1.1597799999999998,1.16144,1.0,stack_break,-0.0016600000000002169,-167.50000000002169
ma3_ema9_21_50_15m_follow_pmc,long,2018-09-03 11:00:00-04:00,2018-09-03 16:15:00-04:00,1.16144,1.16187,1.0,session_end,0.00042999999999993044,41.499999999993044
ma3_ema9_21_50_15m_follow_pmc,short,2018-09-04 03:00:00-04:00,2018-09-04 16:15:00-04:00,1.1597199999999999,1.1565500000000002,1.0,session_end,0.003169999999999673,315.4999999999673
ma3_ema9_21_50_15m_follow_pmc,long,2018-09-05 03:00:00-04:00,2018-09-05 06:00:00-04:00,1.1605500000000002,1.1588699999999998,1.0,stack_break,-0.0016800000000003479,-169.5000000000348
ma3_ema9_21_50_15m_follow_pmc,short,2018-09-05 07:30:00-04:00,2018-09-05 11:00:00-04:00,1.1560599999999999,1.15876,1.0,stack_break,-0.0027000000000001467,-271.50000000001467
ma3_ema9_21_50_15m_follow_pmc,long,2018-09-05 13:30:00-04:00,2018-09-05 16:15:00-04:00,1.16192,1.16194,1.0,session_end,1.999999999990898e-05,0.49999999999089795
ma3_ema9_21_50_15m_follow_pmc,long,2018-09-06 03:00:00-04:00,2018-09-06 04:30:00-04:00,1.1648800000000001,1.16353,1.0,stack_break,-0.0013500000000001844,-136.50000000001845
ma3_ema9_21_50_15m_follow_pmc,long,2018-09-06 09:00:00-04:00,2018-09-06 09:45:00-04:00,1.16419,1.16268,1.0,stack_break,-0.0015100000000001224,-152.50000000001222
ma3_ema9_21_50_15m_follow_pmc,long,2018-09-06 12:45:00-04:00,2018-09-06 15:30:00-04:00,1.16473,1.1608999999999998,1.0,stack_break,-0.003830000000000222,-384.5000000000222
ma3_ema9_21_50_15m_follow_pmc,long,2018-09-07 06:00:00-04:00,2018-09-07 11:15:00-04:00,1.16259,1.16265,1.0,stack_break,5.999999999994898e-05,4.499999999994898
ma3_ema9_21_50_15m_follow_pmc,short,2018-09-07 12:45:00-04:00,2018-09-07 16:15:00-04:00,1.1591399999999998,1.1570200000000002,1.0,session_end,0.0021199999999996777,210.49999999996777
ma3_ema9_21_50_15m_follow_pmc,short,2018-09-10 03:00:00-04:00,2018-09-10 08:00:00-04:00,1.1550999999999998,1.1561000000000001,1.0,stack_break,-0.001000000000000334,-101.5000000000334
ma3_ema9_21_50_15m_follow_pmc,long,2018-09-10 13:15:00-04:00,2018-09-10 16:15:00-04:00,1.1613,1.1602299999999999,1.0,session_end,-0.0010700000000001264,-108.50000000001265
ma3_ema9_21_50_15m_follow_pmc,short,2018-09-11 03:00:00-04:00,2018-09-11 04:00:00-04:00,1.1583899999999998,1.15978,1.0,stack_break,-0.0013900000000002244,-140.50000000002245
ma3_ema9_21_50_15m_follow_pmc,long,2018-09-11 05:00:00-04:00,2018-09-11 10:15:00-04:00,1.1603800000000002,1.1595099999999998,1.0,stack_break,-0.0008700000000003705,-88.50000000003705
ma3_ema9_21_50_15m_follow_pmc,short,2018-09-11 11:45:00-04:00,2018-09-11 16:15:00-04:00,1.15837,1.1589600000000002,1.0,session_end,-0.0005900000000003125,-60.50000000003125
ma3_ema9_21_50_15m_follow_pmc,short,2018-09-12 03:00:00-04:00,2018-09-12 08:15:00-04:00,1.1590799999999999,1.1599000000000002,1.0,stack_break,-0.000820000000000265,-83.50000000002649
ma3_ema9_21_50_15m_follow_pmc,short,2018-09-12 11:15:00-04:00,2018-09-12 13:30:00-04:00,1.1579899999999999,1.15999,1.0,stack_break,-0.002000000000000224,-201.5000000000224
ma3_ema9_21_50_15m_follow_pmc,long,2018-09-12 14:15:00-04:00,2018-09-12 16:15:00-04:00,1.16026,1.16252,1.0,session_end,0.0022599999999999287,224.49999999999287
ma3_ema9_21_50_15m_follow_pmc,long,2018-09-13 03:00:00-04:00,2018-09-13 05:15:00-04:00,1.1635300000000002,1.1624899999999998,1.0,stack_break,-0.001040000000000374,-105.5000000000374
ma3_ema9_21_50_15m_follow_pmc,long,2018-09-13 13:00:00-04:00,2018-09-13 16:15:00-04:00,1.1668200000000002,1.16712,1.0,session_end,0.0002999999999997449,28.49999999997449
ma3_ema9_21_50_15m_follow_pmc,long,2018-09-14 03:00:00-04:00,2018-09-14 11:00:00-04:00,1.1692600000000002,1.1698499999999998,1.0,stack_break,0.0005899999999996464,57.499999999964636
ma3_ema9_21_50_15m_follow_pmc,long,2018-09-17 08:45:00-04:00,2018-09-17 16:15:00-04:00,1.16537,1.1685999999999999,1.0,session_end,0.003229999999999844,321.4999999999844
ma3_ema9_21_50_15m_follow_pmc,long,2018-09-18 03:15:00-04:00,2018-09-18 08:00:00-04:00,1.16867,1.1674099999999998,1.0,stack_break,-0.001260000000000261,-127.50000000002609
ma3_ema9_21_50_15m_follow_pmc,long,2018-09-18 12:00:00-04:00,2018-09-18 16:00:00-04:00,1.1700300000000001,1.16916,1.0,stack_break,-0.0008700000000001484,-88.50000000001484
ma3_ema9_21_50_15m_follow_pmc,long,2018-09-19 06:15:00-04:00,2018-09-19 11:45:00-04:00,1.1684,1.16759,1.0,stack_break,-0.0008100000000001994,-82.50000000001995
ma3_ema9_21_50_15m_follow_pmc,long,2018-09-20 03:00:00-04:00,2018-09-20 16:15:00-04:00,1.1682400000000002,1.17418,1.0,session_end,0.005939999999999834,592.4999999999834
ma3_ema9_21_50_15m_follow_pmc,long,2018-09-21 03:00:00-04:00,2018-09-21 08:15:00-04:00,1.17785,1.17715,1.0,stack_break,-0.000700000000000145,-71.5000000000145
ma3_ema9_21_50_15m_follow_pmc,long,2018-09-21 08:45:00-04:00,2018-09-21 10:30:00-04:00,1.17955,1.17752,1.0,stack_break,-0.0020300000000001983,-204.50000000001984
ma3_ema9_21_50_15m_follow_pmc,long,2018-09-24 09:00:00-04:00,2018-09-24 16:15:00-04:00,1.17645,1.17742,1.0,session_end,0.0009699999999999154,95.49999999999153
ma3_ema9_21_50_15m_follow_pmc,long,2018-09-25 08:15:00-04:00,2018-09-25 16:15:00-04:00,1.1769,1.17692,1.0,session_end,1.999999999990898e-05,0.49999999999089795
ma3_ema9_21_50_15m_follow_pmc,long,2018-09-26 08:15:00-04:00,2018-09-26 10:15:00-04:00,1.17683,1.17624,1.0,stack_break,-0.0005900000000000905,-60.500000000009045
ma3_ema9_21_50_15m_follow_pmc,short,2018-09-28 09:45:00-04:00,2018-09-28 15:30:00-04:00,1.1597499999999998,1.1623800000000002,1.0,stack_break,-0.0026300000000003543,-264.5000000000354
ma3_ema9_21_50_15m_follow_pmc,short,2018-10-01 03:00:00-04:00,2018-10-01 09:15:00-04:00,1.16001,1.1608200000000002,1.0,stack_break,-0.0008100000000001994,-82.50000000001995
ma3_ema9_21_50_15m_follow_pmc,long,2018-10-01 10:15:00-04:00,2018-10-01 13:45:00-04:00,1.16158,1.15994,1.0,stack_break,-0.0016400000000000858,-165.50000000000858
ma3_ema9_21_50_15m_follow_pmc,long,2018-10-01 14:00:00-04:00,2018-10-01 14:30:00-04:00,1.16087,1.1595,1.0,stack_break,-0.0013700000000000934,-138.50000000000932
ma3_ema9_21_50_15m_follow_pmc,short,2018-10-01 15:00:00-04:00,2018-10-01 16:15:00-04:00,1.1579,1.1566800000000002,1.0,session_end,0.0012199999999997768,120.49999999997769
ma3_ema9_21_50_15m_follow_pmc,short,2018-10-02 03:00:00-04:00,2018-10-02 13:00:00-04:00,1.15715,1.15381,1.0,stack_break,0.0033399999999998986,332.4999999999899
ma3_ema9_21_50_15m_follow_pmc,short,2018-10-03 11:30:00-04:00,2018-10-03 16:15:00-04:00,1.1542899999999998,1.1524,1.0,session_end,0.0018899999999997252,187.49999999997252
ma3_ema9_21_50_15m_follow_pmc,short,2018-10-04 03:00:00-04:00,2018-10-04 07:00:00-04:00,1.14659,1.1483800000000002,1.0,stack_break,-0.0017900000000001803,-180.50000000001802
ma3_ema9_21_50_15m_follow_pmc,short,2018-10-05 05:30:00-04:00,2018-10-05 12:00:00-04:00,1.1504599999999998,1.15103,1.0,stack_break,-0.0005700000000001815,-58.50000000001815
ma3_ema9_21_50_15m_follow_pmc,short,2018-10-08 03:45:00-04:00,2018-10-08 16:15:00-04:00,1.1512399999999998,1.14745,1.0,session_end,0.003789999999999738,377.4999999999738
ma3_ema9_21_50_15m_follow_pmc,short,2018-10-09 07:00:00-04:00,2018-10-09 14:45:00-04:00,1.14776,1.14823,1.0,stack_break,-0.0004700000000001925,-48.50000000001925
ma3_ema9_21_50_15m_follow_pmc,short,2018-10-10 09:15:00-04:00,2018-10-10 11:45:00-04:00,1.14841,1.15046,1.0,stack_break,-0.0020500000000001073,-206.50000000001074
ma3_ema9_21_50_15m_follow_pmc,long,2018-10-12 03:00:00-04:00,2018-10-12 06:30:00-04:00,1.1607,1.1587599999999998,1.0,stack_break,-0.0019400000000002748,-195.50000000002748
ma3_ema9_21_50_15m_follow_pmc,short,2018-10-12 10:00:00-04:00,2018-10-12 16:15:00-04:00,1.15835,1.1559400000000002,1.0,session_end,0.002409999999999801,239.4999999999801
ma3_ema9_21_50_15m_follow_pmc,short,2018-10-15 03:00:00-04:00,2018-10-15 06:30:00-04:00,1.1549299999999998,1.15568,1.0,stack_break,-0.0007500000000002505,-76.50000000002504
ma3_ema9_21_50_15m_follow_pmc,short,2018-10-16 04:00:00-04:00,2018-10-16 07:45:00-04:00,1.1573,1.15935,1.0,stack_break,-0.0020500000000001073,-206.50000000001074
ma3_ema9_21_50_15m_follow_pmc,short,2018-10-16 10:00:00-04:00,2018-10-16 12:00:00-04:00,1.15703,1.15846,1.0,stack_break,-0.0014300000000000423,-144.50000000000423
ma3_ema9_21_50_15m_follow_pmc,long,2018-10-16 13:30:00-04:00,2018-10-16 15:30:00-04:00,1.1617000000000002,1.15774,1.0,stack_break,-0.003960000000000186,-397.50000000001853
ma3_ema9_21_50_15m_follow_pmc,short,2018-10-17 03:00:00-04:00,2018-10-17 09:00:00-04:00,1.15635,1.1569,1.0,stack_break,-0.0005500000000000504,-56.500000000005045
ma3_ema9_21_50_15m_follow_pmc,short,2018-10-17 09:30:00-04:00,2018-10-17 10:15:00-04:00,1.1554099999999998,1.1567,1.0,stack_break,-0.0012900000000002354,-130.50000000002353
ma3_ema9_21_50_15m_follow_pmc,short,2018-10-17 11:00:00-04:00,2018-10-17 16:15:00-04:00,1.1557199999999999,1.15381,1.0,session_end,0.0019099999999998563,189.49999999998562
ma3_ema9_21_50_15m_follow_pmc,short,2018-10-18 03:00:00-04:00,2018-10-18 08:00:00-04:00,1.1498199999999998,1.15084,1.0,stack_break,-0.001020000000000243,-103.5000000000243
ma3_ema9_21_50_15m_follow_pmc,short,2018-10-18 13:45:00-04:00,2018-10-18 16:15:00-04:00,1.1494199999999999,1.1494700000000002,1.0,session_end,-5.000000000032756e-05,-6.500000000032756
ma3_ema9_21_50_15m_follow_pmc,short,2018-10-19 03:00:00-04:00,2018-10-19 03:30:00-04:00,1.14583,1.14595,1.0,stack_break,-0.00012000000000012001,-13.500000000012001
ma3_ema9_21_50_15m_follow_pmc,short,2018-10-19 03:45:00-04:00,2018-10-19 05:00:00-04:00,1.14564,1.14623,1.0,stack_break,-0.0005900000000000905,-60.500000000009045
ma3_ema9_21_50_15m_follow_pmc,short,2018-10-19 07:30:00-04:00,2018-10-19 10:30:00-04:00,1.1436899999999999,1.14602,1.0,stack_break,-0.0023300000000001653,-234.50000000001654
ma3_ema9_21_50_15m_follow_pmc,short,2018-10-22 11:45:00-04:00,2018-10-22 16:15:00-04:00,1.14946,1.1467800000000001,1.0,session_end,0.0026799999999997937,266.49999999997937
ma3_ema9_21_50_15m_follow_pmc,short,2018-10-23 03:00:00-04:00,2018-10-23 08:00:00-04:00,1.1459599999999999,1.147,1.0,stack_break,-0.001040000000000152,-105.50000000001519
ma3_ema9_21_50_15m_follow_pmc,short,2018-10-23 14:45:00-04:00,2018-10-23 15:30:00-04:00,1.14533,1.14839,1.0,stack_break,-0.0030600000000000627,-307.50000000000625
ma3_ema9_21_50_15m_follow_pmc,short,2018-10-24 03:00:00-04:00,2018-10-24 04:30:00-04:00,1.14637,1.1471900000000002,1.0,stack_break,-0.000820000000000265,-83.50000000002649
ma3_ema9_21_50_15m_follow_pmc,short,2018-10-24 05:45:00-04:00,2018-10-24 16:15:00-04:00,1.1466299999999998,1.1389,1.0,session_end,0.007729999999999793,771.4999999999793
ma3_ema9_21_50_15m_follow_pmc,short,2018-10-25 14:00:00-04:00,2018-10-25 16:15:00-04:00,1.1375899999999999,1.1375700000000002,1.0,session_end,1.9999999999686935e-05,0.4999999999686935
ma3_ema9_21_50_15m_follow_pmc,short,2018-10-26 03:00:00-04:00,2018-10-26 06:45:00-04:00,1.13679,1.13738,1.0,stack_break,-0.0005900000000000905,-60.500000000009045
ma3_ema9_21_50_15m_follow_pmc,short,2018-10-26 10:00:00-04:00,2018-10-26 14:45:00-04:00,1.1356799999999998,1.13751,1.0,stack_break,-0.0018300000000002203,-184.50000000002203
ma3_ema9_21_50_15m_follow_pmc,short,2018-10-29 09:30:00-04:00,2018-10-29 10:45:00-04:00,1.1371499999999999,1.1413300000000002,1.0,stack_break,-0.004180000000000295,-419.50000000002944
ma3_ema9_21_50_15m_follow_pmc,short,2018-10-29 13:15:00-04:00,2018-10-29 16:15:00-04:00,1.13834,1.13887,1.0,session_end,-0.0005300000000001415,-54.50000000001415
ma3_ema9_21_50_15m_follow_pmc,short,2018-10-30 06:45:00-04:00,2018-10-30 13:45:00-04:00,1.1374,1.1372000000000002,1.0,stack_break,0.00019999999999975593,18.499999999975593
ma3_ema9_21_50_15m_follow_pmc,short,2018-10-31 04:00:00-04:00,2018-10-31 07:45:00-04:00,1.13418,1.13525,1.0,stack_break,-0.0010700000000001264,-108.50000000001265
ma3_ema9_21_50_15m_follow_pmc,short,2018-10-31 10:15:00-04:00,2018-10-31 12:15:00-04:00,1.1335799999999998,1.1347600000000002,1.0,stack_break,-0.001180000000000403,-119.5000000000403
ma3_ema9_21_50_15m_follow_pmc,short,2018-10-31 12:30:00-04:00,2018-10-31 16:15:00-04:00,1.13344,1.1331200000000001,1.0,session_end,0.00031999999999987594,30.499999999987594
ma3_ema9_21_50_15m_follow_pmc,long,2018-11-01 04:00:00-04:00,2018-11-01 16:15:00-04:00,1.1348500000000001,1.13957,1.0,session_end,0.0047199999999998354,470.4999999999835
ma3_ema9_21_50_15m_follow_pmc,long,2018-11-02 05:00:00-04:00,2018-11-02 13:15:00-04:00,1.1408600000000002,1.14173,1.0,stack_break,0.0008699999999997043,85.49999999997044
ma3_ema9_21_50_15m_follow_pmc,long,2018-11-05 16:00:00-05:00,2018-11-05 16:15:00-05:00,1.1399700000000001,1.1399499999999998,1.0,session_end,-2.000000000035307e-05,-3.500000000035307
ma3_ema9_21_50_15m_follow_pmc,long,2018-11-06 07:15:00-05:00,2018-11-06 10:30:00-05:00,1.1414700000000002,1.13963,1.0,stack_break,-0.0018400000000002859,-185.5000000000286
ma3_ema9_21_50_15m_follow_pmc,long,2018-11-06 12:45:00-05:00,2018-11-06 16:15:00-05:00,1.1419100000000002,1.1416099999999998,1.0,session_end,-0.00030000000000041105,-31.500000000041105
ma3_ema9_21_50_15m_follow_pmc,long,2018-11-07 03:15:00-05:00,2018-11-07 15:00:00-05:00,1.14419,1.1462299999999999,1.0,stack_break,0.0020399999999998197,202.49999999998198
ma3_ema9_21_50_15m_follow_pmc,long,2018-11-07 15:45:00-05:00,2018-11-07 16:00:00-05:00,1.1481800000000002,1.14784,1.0,stack_break,-0.000340000000000229,-35.5000000000229
ma3_ema9_21_50_15m_follow_pmc,short,2018-11-12 05:30:00-05:00,2018-11-12 16:15:00-05:00,1.131,1.12525,1.0,session_end,0.005749999999999922,573.4999999999922
ma3_ema9_21_50_15m_follow_pmc,short,2018-11-13 08:30:00-05:00,2018-11-13 11:45:00-05:00,1.1227699999999998,1.1246500000000001,1.0,stack_break,-0.0018800000000003259,-189.50000000003257
ma3_ema9_21_50_15m_follow_pmc,short,2018-11-14 09:30:00-05:00,2018-11-14 13:30:00-05:00,1.1280599999999998,1.1297100000000002,1.0,stack_break,-0.0016500000000003734,-166.50000000003735
ma3_ema9_21_50_15m_follow_pmc,long,2018-11-14 15:15:00-05:00,2018-11-14 16:15:00-05:00,1.13388,1.1306299999999998,1.0,session_end,-0.003250000000000197,-326.5000000000197
ma3_ema9_21_50_15m_follow_pmc,long,2018-11-15 03:00:00-05:00,2018-11-15 09:30:00-05:00,1.1330500000000001,1.13198,1.0,stack_break,-0.0010700000000001264,-108.50000000001265
ma3_ema9_21_50_15m_follow_pmc,short,2018-11-15 10:30:00-05:00,2018-11-15 16:00:00-05:00,1.12821,1.1317700000000002,1.0,stack_break,-0.0035600000000002296,-357.50000000002296
ma3_ema9_21_50_15m_follow_pmc,long,2018-11-16 03:00:00-05:00,2018-11-16 10:45:00-05:00,1.13365,1.13296,1.0,stack_break,-0.0006900000000000794,-70.50000000000794
ma3_ema9_21_50_15m_follow_pmc,long,2018-11-16 14:00:00-05:00,2018-11-16 16:15:00-05:00,1.1370200000000001,1.13943,1.0,session_end,0.002409999999999801,239.4999999999801
ma3_ema9_21_50_15m_follow_pmc,long,2018-11-19 08:15:00-05:00,2018-11-19 16:15:00-05:00,1.1407900000000002,1.14516,1.0,session_end,0.004369999999999763,435.4999999999763
ma3_ema9_21_50_15m_follow_pmc,long,2018-11-20 04:00:00-05:00,2018-11-20 04:45:00-05:00,1.14561,1.14472,1.0,stack_break,-0.0008900000000000574,-90.50000000000574
ma3_ema9_21_50_15m_follow_pmc,long,2018-11-20 06:45:00-05:00,2018-11-20 09:15:00-05:00,1.1453300000000002,1.14295,1.0,stack_break,-0.002380000000000271,-239.5000000000271
ma3_ema9_21_50_15m_follow_pmc,long,2018-11-21 07:45:00-05:00,2018-11-21 11:00:00-05:00,1.13976,1.13753,1.0,stack_break,-0.0022300000000001763,-224.50000000001762
ma3_ema9_21_50_15m_follow_pmc,long,2018-11-21 11:45:00-05:00,2018-11-21 16:15:00-05:00,1.14134,1.1391799999999999,1.0,session_end,-0.002160000000000162,-217.50000000001617
ma3_ema9_21_50_15m_follow_pmc,long,2018-11-22 03:15:00-05:00,2018-11-22 13:45:00-05:00,1.13979,1.14041,1.0,stack_break,0.0006199999999998429,60.49999999998429
ma3_ema9_21_50_15m_follow_pmc,long,2018-11-22 14:45:00-05:00,2018-11-22 15:15:00-05:00,1.14141,1.14028,1.0,stack_break,-0.0011300000000000754,-114.50000000000753
ma3_ema9_21_50_15m_follow_pmc,long,2018-11-23 03:00:00-05:00,2018-11-23 08:45:00-05:00,1.14115,1.1392099999999998,1.0,stack_break,-0.0019400000000002748,-195.50000000002748
ma3_ema9_21_50_15m_follow_pmc,long,2018-11-26 07:00:00-05:00,2018-11-26 14:45:00-05:00,1.1352000000000002,1.13554,1.0,stack_break,0.0003399999999997849,32.49999999997849
ma3_ema9_21_50_15m_follow_pmc,short,2018-11-27 08:15:00-05:00,2018-11-27 13:15:00-05:00,1.1310399999999998,1.13294,1.0,stack_break,-0.0019000000000002348,-191.50000000002348
ma3_ema9_21_50_15m_follow_pmc,short,2018-11-27 15:00:00-05:00,2018-11-27 16:15:00-05:00,1.1306399999999999,1.1288,1.0,session_end,0.0018399999999998418,182.49999999998417
ma3_ema9_21_50_15m_follow_pmc,short,2018-11-28 03:00:00-05:00,2018-11-28 04:00:00-05:00,1.1290099999999998,1.12949,1.0,stack_break,-0.000480000000000258,-49.5000000000258
ma3_ema9_21_50_15m_follow_pmc,short,2018-11-28 04:30:00-05:00,2018-11-28 05:00:00-05:00,1.1291,1.12949,1.0,stack_break,-0.0003900000000001125,-40.50000000001125
ma3_ema9_21_50_15m_follow_pmc,short,2018-11-28 07:45:00-05:00,2018-11-28 11:30:00-05:00,1.1284299999999998,1.1289500000000001,1.0,stack_break,-0.000520000000000298,-53.5000000000298
ma3_ema9_21_50_15m_follow_pmc,short,2018-11-28 11:45:00-05:00,2018-11-28 12:00:00-05:00,1.12838,1.12891,1.0,stack_break,-0.0005300000000001415,-54.50000000001415
ma3_ema9_21_50_15m_follow_pmc,short,2018-11-28 12:15:00-05:00,2018-11-28 16:15:00-05:00,1.1280999999999999,1.12759,1.0,session_end,0.0005099999999997884,49.49999999997884
ma3_ema9_21_50_15m_follow_pmc,long,2018-11-29 03:00:00-05:00,2018-11-29 09:30:00-05:00,1.1374700000000002,1.1369099999999999,1.0,stack_break,-0.000560000000000338,-57.5000000000338
ma3_ema9_21_50_15m_follow_pmc,long,2018-11-29 13:15:00-05:00,2018-11-29 16:15:00-05:00,1.1385800000000001,1.13872,1.0,session_end,0.00013999999999980695,12.499999999980695
ma3_ema9_21_50_15m_follow_pmc,long,2018-11-30 03:00:00-05:00,2018-11-30 06:45:00-05:00,1.1394900000000001,1.13906,1.0,stack_break,-0.0004300000000001525,-44.50000000001525
ma3_ema9_21_50_15m_follow_pmc,long,2018-11-30 07:00:00-05:00,2018-11-30 07:30:00-05:00,1.1395300000000002,1.1389699999999998,1.0,stack_break,-0.000560000000000338,-57.5000000000338
ma3_ema9_21_50_15m_follow_pmc,long,2018-12-03 03:00:00-05:00,2018-12-03 10:45:00-05:00,1.1353300000000002,1.13466,1.0,stack_break,-0.0006700000000001705,-68.50000000001705
ma3_ema9_21_50_15m_follow_pmc,long,2018-12-04 03:00:00-05:00,2018-12-04 15:00:00-05:00,1.1369,1.13899,1.0,stack_break,0.0020899999999999253,207.49999999999253
ma3_ema9_21_50_15m_follow_pmc,long,2018-12-05 11:30:00-05:00,2018-12-05 15:15:00-05:00,1.1358100000000002,1.1319299999999999,1.0,stack_break,-0.0038800000000003276,-389.50000000003274
ma3_ema9_21_50_15m_follow_pmc,long,2018-12-06 05:30:00-05:00,2018-12-06 06:30:00-05:00,1.1351200000000001,1.1337499999999998,1.0,stack_break,-0.0013700000000003154,-138.50000000003155
ma3_ema9_21_50_15m_follow_pmc,long,2018-12-06 13:30:00-05:00,2018-12-06 16:15:00-05:00,1.1360400000000002,1.1379299999999999,1.0,session_end,0.0018899999999997252,187.49999999997252
ma3_ema9_21_50_15m_follow_pmc,long,2018-12-07 04:00:00-05:00,2018-12-07 05:15:00-05:00,1.1380400000000002,1.13729,1.0,stack_break,-0.0007500000000002505,-76.50000000002504
ma3_ema9_21_50_15m_follow_pmc,long,2018-12-07 09:00:00-05:00,2018-12-07 10:00:00-05:00,1.1382500000000002,1.1366399999999999,1.0,stack_break,-0.0016100000000003334,-162.50000000003334
ma3_ema9_21_50_15m_follow_pmc,long,2018-12-07 12:00:00-05:00,2018-12-07 16:15:00-05:00,1.13829,1.1392,1.0,session_end,0.0009099999999999664,89.49999999999665
ma3_ema9_21_50_15m_follow_pmc,long,2018-12-10 03:00:00-05:00,2018-12-10 08:45:00-05:00,1.1436700000000002,1.1417599999999999,1.0,stack_break,-0.0019100000000003003,-192.50000000003004
ma3_ema9_21_50_15m_follow_pmc,long,2018-12-10 13:30:00-05:00,2018-12-10 14:00:00-05:00,1.14236,1.14119,1.0,stack_break,-0.0011700000000001154,-118.50000000001154
ma3_ema9_21_50_15m_follow_pmc,long,2018-12-11 08:45:00-05:00,2018-12-11 14:15:00-05:00,1.1383400000000001,1.1369099999999999,1.0,stack_break,-0.0014300000000002644,-144.50000000002643
ma3_ema9_21_50_15m_follow_pmc,long,2018-12-12 11:15:00-05:00,2018-12-12 16:15:00-05:00,1.1335600000000001,1.1364699999999999,1.0,session_end,0.002909999999999746,289.4999999999746
ma3_ema9_21_50_15m_follow_pmc,long,2018-12-13 04:00:00-05:00,2018-12-13 04:15:00-05:00,1.1370500000000001,1.1367099999999999,1.0,stack_break,-0.000340000000000229,-35.5000000000229
ma3_ema9_21_50_15m_follow_pmc,long,2018-12-13 07:15:00-05:00,2018-12-13 13:15:00-05:00,1.13698,1.13665,1.0,stack_break,-0.0003300000000001635,-34.50000000001635
ma3_ema9_21_50_15m_follow_pmc,short,2018-12-14 09:00:00-05:00,2018-12-14 16:15:00-05:00,1.13102,1.12979,1.0,session_end,0.0012299999999998423,121.49999999998423
ma3_ema9_21_50_15m_follow_pmc,long,2018-12-17 08:15:00-05:00,2018-12-17 16:15:00-05:00,1.13209,1.13354,1.0,session_end,0.0014499999999999513,143.49999999999514
ma3_ema9_21_50_15m_follow_pmc,long,2018-12-18 03:00:00-05:00,2018-12-18 05:30:00-05:00,1.1354700000000002,1.13431,1.0,stack_break,-0.001160000000000272,-117.5000000000272
ma3_ema9_21_50_15m_follow_pmc,long,2018-12-18 08:30:00-05:00,2018-12-18 15:00:00-05:00,1.13667,1.13696,1.0,stack_break,0.00028999999999990145,27.499999999990145
ma3_ema9_21_50_15m_follow_pmc,long,2018-12-19 03:00:00-05:00,2018-12-19 16:15:00-05:00,1.1384400000000001,1.14211,1.0,session_end,0.00366999999999984,365.499999999984
ma3_ema9_21_50_15m_follow_pmc,long,2018-12-20 07:30:00-05:00,2018-12-20 15:15:00-05:00,1.14165,1.1443999999999999,1.0,stack_break,0.002749999999999808,273.4999999999808
ma3_ema9_21_50_15m_follow_pmc,long,2018-12-21 07:00:00-05:00,2018-12-21 09:30:00-05:00,1.14554,1.14302,1.0,stack_break,-0.0025200000000000777,-253.5000000000078
ma3_ema9_21_50_15m_follow_pmc,long,2018-12-24 06:15:00-05:00,2018-12-24 07:00:00-05:00,1.13924,1.13827,1.0,stack_break,-0.0009700000000001374,-98.50000000001374
ma3_ema9_21_50_15m_follow_pmc,long,2018-12-24 08:45:00-05:00,2018-12-24 16:15:00-05:00,1.13982,1.14129,1.0,session_end,0.0014699999999998603,145.49999999998602
ma3_ema9_21_50_15m_follow_pmc,long,2018-12-25 03:00:00-05:00,2018-12-25 08:00:00-05:00,1.14155,1.13981,1.0,stack_break,-0.0017400000000000748,-175.50000000000747
ma3_ema9_21_50_15m_follow_pmc,long,2018-12-26 03:00:00-05:00,2018-12-26 05:00:00-05:00,1.14138,1.1405399999999999,1.0,stack_break,-0.0008400000000001739,-85.5000000000174
ma3_ema9_21_50_15m_follow_pmc,long,2018-12-27 04:00:00-05:00,2018-12-27 13:15:00-05:00,1.13837,1.1369799999999999,1.0,stack_break,-0.0013900000000002244,-140.50000000002245
ma3_ema9_21_50_15m_follow_pmc,long,2018-12-27 14:30:00-05:00,2018-12-27 16:15:00-05:00,1.1397700000000002,1.1401199999999998,1.0,session_end,0.0003499999999996284,33.49999999996284
ma3_ema9_21_50_15m_follow_pmc,long,2018-12-28 03:00:00-05:00,2018-12-28 09:30:00-05:00,1.1459300000000001,1.1436099999999998,1.0,stack_break,-0.002320000000000322,-233.50000000003217
ma3_ema9_21_50_15m_follow_pmc,long,2018-12-28 11:00:00-05:00,2018-12-28 13:45:00-05:00,1.1469500000000001,1.1438899999999999,1.0,stack_break,-0.0030600000000002847,-307.5000000000285
ma3_ema9_21_50_15m_follow_pmc,long,2018-12-28 14:45:00-05:00,2018-12-28 15:00:00-05:00,1.14656,1.14435,1.0,stack_break,-0.0022100000000000453,-222.50000000000452
ma3_ema9_21_50_15m_follow_pmc,long,2018-12-31 11:15:00-05:00,2018-12-31 15:15:00-05:00,1.14514,1.1433099999999998,1.0,stack_break,-0.0018300000000002203,-184.50000000002203
ma3_ema9_21_50_15m_follow_pmc,short,2019-01-02 04:00:00-05:00,2019-01-02 06:00:00-05:00,1.14454,1.14697,1.0,stack_break,-0.0024300000000001543,-244.50000000001543
ma3_ema9_21_50_15m_follow_pmc,long,2019-01-02 06:00:00-05:00,2019-01-02 09:00:00-05:00,1.14697,1.14384,1.0,stack_break,-0.003130000000000077,-314.50000000000773
ma3_ema9_21_50_15m_follow_pmc,short,2019-01-02 10:00:00-05:00,2019-01-02 16:15:00-05:00,1.1424999999999998,1.1354700000000002,1.0,session_end,0.007029999999999648,701.4999999999648
ma3_ema9_21_50_15m_follow_pmc,short,2019-01-03 12:30:00-05:00,2019-01-03 15:00:00-05:00,1.13425,1.1363,1.0,stack_break,-0.0020500000000001073,-206.50000000001074
ma3_ema9_21_50_15m_follow_pmc,short,2019-01-04 14:15:00-05:00,2019-01-04 16:15:00-05:00,1.1363899999999998,1.1409200000000002,1.0,session_end,-0.004530000000000367,-454.5000000000367
ma3_ema9_21_50_15m_follow_pmc,long,2019-01-07 14:30:00-05:00,2019-01-07 16:15:00-05:00,1.14653,1.14594,1.0,session_end,-0.0005900000000000905,-60.500000000009045
ma3_ema9_21_50_15m_follow_pmc,short,2019-01-08 03:15:00-05:00,2019-01-08 09:30:00-05:00,1.1450399999999998,1.1455000000000002,1.0,stack_break,-0.000460000000000349,-47.5000000000349
ma3_ema9_21_50_15m_follow_pmc,short,2019-01-08 11:00:00-05:00,2019-01-08 12:00:00-05:00,1.1444999999999999,1.1457300000000001,1.0,stack_break,-0.0012300000000002864,-124.50000000002865
ma3_ema9_21_50_15m_follow_pmc,short,2019-01-08 13:30:00-05:00,2019-01-08 16:15:00-05:00,1.1436199999999999,1.14419,1.0,session_end,-0.0005700000000001815,-58.50000000001815
ma3_ema9_21_50_15m_follow_pmc,long,2019-01-09 07:30:00-05:00,2019-01-09 11:00:00-05:00,1.14649,1.14475,1.0,stack_break,-0.0017400000000000748,-175.50000000000747
ma3_ema9_21_50_15m_follow_pmc,short,2019-01-09 12:45:00-05:00,2019-01-09 14:15:00-05:00,1.1449099999999999,1.14659,1.0,stack_break,-0.0016800000000001258,-169.5000000000126
ma3_ema9_21_50_15m_follow_pmc,long,2019-01-09 14:15:00-05:00,2019-01-09 16:15:00-05:00,1.14659,1.15146,1.0,session_end,0.00486999999999993,485.499999999993
ma3_ema9_21_50_15m_follow_pmc,long,2019-01-10 03:00:00-05:00,2019-01-10 07:30:00-05:00,1.15552,1.15505,1.0,stack_break,-0.0004700000000001925,-48.50000000001925
ma3_ema9_21_50_15m_follow_pmc,long,2019-01-11 03:30:00-05:00,2019-01-11 10:00:00-05:00,1.1520700000000001,1.1518499999999998,1.0,stack_break,-0.00022000000000033104,-23.500000000033104
ma3_ema9_21_50_15m_follow_pmc,long,2019-01-11 11:00:00-05:00,2019-01-11 14:30:00-05:00,1.15273,1.14916,1.0,stack_break,-0.003570000000000073,-358.50000000000733
ma3_ema9_21_50_15m_follow_pmc,short,2019-01-14 10:15:00-05:00,2019-01-14 16:00:00-05:00,1.14617,1.1467500000000002,1.0,stack_break,-0.000580000000000247,-59.5000000000247
ma3_ema9_21_50_15m_follow_pmc,long,2019-01-15 03:00:00-05:00,2019-01-15 06:45:00-05:00,1.14836,1.14756,1.0,stack_break,-0.0008000000000001339,-81.50000000001339
ma3_ema9_21_50_15m_follow_pmc,short,2019-01-15 08:45:00-05:00,2019-01-15 15:15:00-05:00,1.1457499999999998,1.1450300000000002,1.0,stack_break,0.0007199999999996098,70.49999999996098
ma3_ema9_21_50_15m_follow_pmc,short,2019-01-15 15:45:00-05:00,2019-01-15 16:15:00-05:00,1.1429999999999998,1.14351,1.0,session_end,-0.0005100000000002325,-52.50000000002325
ma3_ema9_21_50_15m_follow_pmc,short,2019-01-16 03:00:00-05:00,2019-01-16 05:15:00-05:00,1.14014,1.14107,1.0,stack_break,-0.0009300000000000974,-94.50000000000975
ma3_ema9_21_50_15m_follow_pmc,short,2019-01-16 07:15:00-05:00,2019-01-16 09:00:00-05:00,1.13967,1.14124,1.0,stack_break,-0.0015700000000000713,-158.50000000000713
ma3_ema9_21_50_15m_follow_pmc,short,2019-01-16 11:15:00-05:00,2019-01-16 16:00:00-05:00,1.13966,1.14029,1.0,stack_break,-0.0006300000000001305,-64.50000000001305
ma3_ema9_21_50_15m_follow_pmc,short,2019-01-17 03:00:00-05:00,2019-01-17 09:00:00-05:00,1.13882,1.13951,1.0,stack_break,-0.0006900000000000794,-70.50000000000794
ma3_ema9_21_50_15m_follow_pmc,short,2019-01-17 15:30:00-05:00,2019-01-17 16:15:00-05:00,1.1389699999999998,1.1380100000000002,1.0,session_end,0.0009599999999996278,94.49999999996278
ma3_ema9_21_50_15m_follow_pmc,short,2019-01-18 15:15:00-05:00,2019-01-18 16:15:00-05:00,1.1373,1.13667,1.0,session_end,0.0006299999999999084,61.49999999999084
ma3_ema9_21_50_15m_follow_pmc,short,2019-01-21 11:45:00-05:00,2019-01-21 16:15:00-05:00,1.13695,1.13663,1.0,session_end,0.00031999999999987594,30.499999999987594
ma3_ema9_21_50_15m_follow_pmc,short,2019-01-22 04:00:00-05:00,2019-01-22 09:45:00-05:00,1.13621,1.13639,1.0,stack_break,-0.000180000000000069,-19.5000000000069
ma3_ema9_21_50_15m_follow_pmc,short,2019-01-22 12:45:00-05:00,2019-01-22 13:00:00-05:00,1.13591,1.1363,1.0,stack_break,-0.0003900000000001125,-40.50000000001125
ma3_ema9_21_50_15m_follow_pmc,short,2019-01-22 13:15:00-05:00,2019-01-22 16:00:00-05:00,1.13537,1.1364100000000001,1.0,stack_break,-0.001040000000000152,-105.50000000001519
ma3_ema9_21_50_15m_follow_pmc,short,2019-01-23 09:45:00-05:00,2019-01-23 12:15:00-05:00,1.136,1.13656,1.0,stack_break,-0.000560000000000116,-57.500000000011596
ma3_ema9_21_50_15m_follow_pmc,short,2019-01-23 14:15:00-05:00,2019-01-23 15:30:00-05:00,1.1353499999999999,1.13657,1.0,stack_break,-0.001220000000000221,-123.50000000002208
ma3_ema9_21_50_15m_follow_pmc,short,2019-01-24 08:00:00-05:00,2019-01-24 15:00:00-05:00,1.13722,1.13677,1.0,stack_break,0.0004499999999998394,43.49999999998394
ma3_ema9_21_50_15m_follow_pmc,short,2019-01-29 13:30:00-05:00,2019-01-29 16:15:00-05:00,1.1421199999999998,1.14182,1.0,session_end,0.0002999999999997449,28.49999999997449
ma3_ema9_21_50_15m_follow_pmc,short,2019-01-30 09:45:00-05:00,2019-01-30 12:45:00-05:00,1.1429799999999999,1.14385,1.0,stack_break,-0.0008700000000001484,-88.50000000001484
ma3_ema9_21_50_15m_follow_pmc,short,2019-01-30 13:30:00-05:00,2019-01-30 16:15:00-05:00,1.14286,1.14247,1.0,session_end,0.00038999999999989043,37.49999999998904
ma3_ema9_21_50_15m_follow_pmc,long,2019-01-31 03:00:00-05:00,2019-01-31 09:15:00-05:00,1.14952,1.1489099999999999,1.0,stack_break,-0.0006100000000002215,-62.50000000002215
ma3_ema9_21_50_15m_follow_pmc,long,2019-01-31 14:15:00-05:00,2019-01-31 15:00:00-05:00,1.14954,1.14855,1.0,stack_break,-0.0009900000000000464,-100.50000000000463
ma3_ema9_21_50_15m_follow_pmc,short,2019-02-01 03:00:00-05:00,2019-02-01 08:00:00-05:00,1.14418,1.1443800000000002,1.0,stack_break,-0.00020000000000020002,-21.500000000020002
ma3_ema9_21_50_15m_follow_pmc,long,2019-02-01 10:15:00-05:00,2019-02-01 15:45:00-05:00,1.1471200000000001,1.1455099999999998,1.0,stack_break,-0.0016100000000003334,-162.50000000003334
ma3_ema9_21_50_15m_follow_pmc,short,2019-02-04 04:15:00-05:00,2019-02-04 09:30:00-05:00,1.14465,1.14507,1.0,stack_break,-0.00042000000000008697,-43.5000000000087
ma3_ema9_21_50_15m_follow_pmc,short,2019-02-04 09:45:00-05:00,2019-02-04 10:00:00-05:00,1.14435,1.1448600000000002,1.0,stack_break,-0.0005100000000002325,-52.50000000002325
ma3_ema9_21_50_15m_follow_pmc,short,2019-02-04 10:15:00-05:00,2019-02-04 11:30:00-05:00,1.14431,1.14481,1.0,stack_break,-0.000500000000000167,-51.5000000000167
ma3_ema9_21_50_15m_follow_pmc,short,2019-02-04 13:30:00-05:00,2019-02-04 13:45:00-05:00,1.1443999999999999,1.1450200000000001,1.0,stack_break,-0.000620000000000287,-63.5000000000287
ma3_ema9_21_50_15m_follow_pmc,short,2019-02-04 14:30:00-05:00,2019-02-04 16:15:00-05:00,1.14373,1.14291,1.0,session_end,0.0008199999999998209,80.4999999999821
ma3_ema9_21_50_15m_follow_pmc,short,2019-02-05 04:15:00-05:00,2019-02-05 14:00:00-05:00,1.14326,1.14315,1.0,stack_break,0.00010999999999983245,9.499999999983245
ma3_ema9_21_50_15m_follow_pmc,short,2019-02-05 15:15:00-05:00,2019-02-05 16:15:00-05:00,1.1411499999999999,1.141,1.0,session_end,0.00014999999999987246,13.499999999987246
ma3_ema9_21_50_15m_follow_pmc,short,2019-02-06 03:00:00-05:00,2019-02-06 16:15:00-05:00,1.14015,1.1379700000000001,1.0,session_end,0.0021799999999998487,216.49999999998488
ma3_ema9_21_50_15m_follow_pmc,short,2019-02-07 03:00:00-05:00,2019-02-07 15:15:00-05:00,1.1359599999999999,1.13501,1.0,stack_break,0.0009499999999997844,93.49999999997843
ma3_ema9_21_50_15m_follow_pmc,short,2019-02-08 03:00:00-05:00,2019-02-08 05:00:00-05:00,1.1336199999999999,1.1341,1.0,stack_break,-0.000480000000000258,-49.5000000000258
ma3_ema9_21_50_15m_follow_pmc,short,2019-02-08 05:45:00-05:00,2019-02-08 11:30:00-05:00,1.13387,1.13432,1.0,stack_break,-0.00045000000000006146,-46.500000000006146
ma3_ema9_21_50_15m_follow_pmc,short,2019-02-11 04:00:00-05:00,2019-02-11 06:45:00-05:00,1.13204,1.1326900000000002,1.0,stack_break,-0.0006500000000002615,-66.50000000002615
ma3_ema9_21_50_15m_follow_pmc,short,2019-02-11 08:15:00-05:00,2019-02-11 16:15:00-05:00,1.13191,1.12759,1.0,session_end,0.0043199999999998795,430.49999999998795
ma3_ema9_21_50_15m_follow_pmc,short,2019-02-12 05:00:00-05:00,2019-02-12 06:30:00-05:00,1.1275899999999999,1.1283,1.0,stack_break,-0.0007100000000002105,-72.50000000002105
ma3_ema9_21_50_15m_follow_pmc,short,2019-02-12 08:45:00-05:00,2019-02-12 11:15:00-05:00,1.12678,1.1285,1.0,stack_break,-0.0017200000000001658,-173.5000000000166
ma3_ema9_21_50_15m_follow_pmc,short,2019-02-13 10:15:00-05:00,2019-02-13 16:15:00-05:00,1.1317599999999999,1.1287800000000001,1.0,session_end,0.0029799999999997606,296.49999999997607
ma3_ema9_21_50_15m_follow_pmc,short,2019-02-14 08:45:00-05:00,2019-02-14 11:45:00-05:00,1.1260599999999998,1.12758,1.0,stack_break,-0.0015200000000001879,-153.5000000000188
ma3_ema9_21_50_15m_follow_pmc,short,2019-02-14 12:15:00-05:00,2019-02-14 13:45:00-05:00,1.1268699999999998,1.1285500000000002,1.0,stack_break,-0.0016800000000003479,-169.5000000000348
ma3_ema9_21_50_15m_follow_pmc,short,2019-02-15 04:45:00-05:00,2019-02-15 16:15:00-05:00,1.1285399999999999,1.1263800000000002,1.0,session_end,0.0021599999999997177,214.49999999997178
ma3_ema9_21_50_15m_follow_pmc,short,2019-02-19 03:00:00-05:00,2019-02-19 08:45:00-05:00,1.1297799999999998,1.13199,1.0,stack_break,-0.0022100000000002673,-222.50000000002672
ma3_ema9_21_50_15m_follow_pmc,short,2019-02-19 11:45:00-05:00,2019-02-19 14:45:00-05:00,1.12824,1.1312200000000001,1.0,stack_break,-0.0029800000000002047,-299.50000000002046
ma3_ema9_21_50_15m_follow_pmc,short,2019-02-20 12:15:00-05:00,2019-02-20 15:45:00-05:00,1.1334499999999998,1.1346500000000002,1.0,stack_break,-0.001200000000000312,-121.50000000003119
ma3_ema9_21_50_15m_follow_pmc,short,2019-02-21 03:00:00-05:00,2019-02-21 04:15:00-05:00,1.1336799999999998,1.13483,1.0,stack_break,-0.0011500000000002064,-116.50000000002063
ma3_ema9_21_50_15m_follow_pmc,short,2019-02-21 06:15:00-05:00,2019-02-21 08:30:00-05:00,1.1334099999999998,1.1357400000000002,1.0,stack_break,-0.0023300000000003873,-234.50000000003874
ma3_ema9_21_50_15m_follow_pmc,short,2019-02-21 10:00:00-05:00,2019-02-21 11:45:00-05:00,1.13289,1.1342500000000002,1.0,stack_break,-0.00136000000000025,-137.50000000002498
ma3_ema9_21_50_15m_follow_pmc,short,2019-02-22 04:45:00-05:00,2019-02-22 06:45:00-05:00,1.13327,1.13388,1.0,stack_break,-0.0006099999999999994,-62.49999999999994
ma3_ema9_21_50_15m_follow_pmc,short,2019-02-22 13:00:00-05:00,2019-02-22 16:00:00-05:00,1.1328999999999998,1.13542,1.0,stack_break,-0.0025200000000002998,-253.50000000002998
ma3_ema9_21_50_15m_follow_pmc,short,2019-02-26 07:30:00-05:00,2019-02-26 10:00:00-05:00,1.1352099999999998,1.1362,1.0,stack_break,-0.0009900000000002684,-100.50000000002684
ma3_ema9_21_50_15m_follow_pmc,short,2019-02-27 06:30:00-05:00,2019-02-27 08:30:00-05:00,1.1375,1.13897,1.0,stack_break,-0.0014700000000000824,-148.50000000000824
ma3_ema9_21_50_15m_follow_pmc,short,2019-02-28 06:00:00-05:00,2019-02-28 08:00:00-05:00,1.1374,1.1380100000000002,1.0,stack_break,-0.0006100000000002215,-62.50000000002215
ma3_ema9_21_50_15m_follow_pmc,short,2019-03-01 03:00:00-05:00,2019-03-01 05:15:00-05:00,1.13648,1.13745,1.0,stack_break,-0.0009700000000001374,-98.50000000001374
ma3_ema9_21_50_15m_follow_pmc,short,2019-03-01 07:15:00-05:00,2019-03-01 11:15:00-05:00,1.1362899999999998,1.13742,1.0,stack_break,-0.0011300000000002974,-114.50000000002974
ma3_ema9_21_50_15m_follow_pmc,long,2019-03-01 12:30:00-05:00,2019-03-01 16:15:00-05:00,1.13871,1.13868,1.0,session_end,-3.0000000000196536e-05,-4.500000000019654
ma3_ema9_21_50_15m_follow_pmc,short,2019-03-04 03:00:00-05:00,2019-03-04 16:15:00-05:00,1.1367399999999999,1.1321700000000001,1.0,session_end,0.004569999999999741,455.4999999999741
ma3_ema9_21_50_15m_follow_pmc,short,2019-03-05 03:00:00-05:00,2019-03-05 11:45:00-05:00,1.13333,1.1330200000000001,1.0,stack_break,0.00030999999999981043,29.499999999981043
ma3_ema9_21_50_15m_follow_pmc,short,2019-03-05 15:15:00-05:00,2019-03-05 16:15:00-05:00,1.1313799999999998,1.1303800000000002,1.0,session_end,0.0009999999999996678,98.49999999996678
ma3_ema9_21_50_15m_follow_pmc,short,2019-03-06 03:00:00-05:00,2019-03-06 08:00:00-05:00,1.12967,1.1303200000000002,1.0,stack_break,-0.0006500000000002615,-66.50000000002615
ma3_ema9_21_50_15m_follow_pmc,short,2019-03-07 04:00:00-05:00,2019-03-07 08:45:00-05:00,1.13032,1.13124,1.0,stack_break,-0.0009200000000000319,-93.50000000000318
ma3_ema9_21_50_15m_follow_pmc,short,2019-03-07 13:00:00-05:00,2019-03-07 16:15:00-05:00,1.1282899999999998,1.12314,1.0,session_end,0.005149999999999766,513.4999999999766
ma3_ema9_21_50_15m_follow_pmc,short,2019-03-08 03:00:00-05:00,2019-03-08 03:45:00-05:00,1.11991,1.11993,1.0,stack_break,-2.0000000000131024e-05,-3.5000000000131024
ma3_ema9_21_50_15m_follow_pmc,short,2019-03-13 08:15:00-04:00,2019-03-13 08:45:00-04:00,1.1277899999999998,1.12942,1.0,stack_break,-0.0016300000000002424,-164.50000000002424
ma3_ema9_21_50_15m_follow_pmc,short,2019-03-14 10:15:00-04:00,2019-03-14 16:15:00-04:00,1.13109,1.1303400000000001,1.0,session_end,0.0007499999999998064,73.49999999998064
ma3_ema9_21_50_15m_follow_pmc,short,2019-03-20 04:00:00-04:00,2019-03-20 10:30:00-04:00,1.1345299999999998,1.1351900000000001,1.0,stack_break,-0.000660000000000327,-67.5000000000327
ma3_ema9_21_50_15m_follow_pmc,long,2019-03-21 04:00:00-04:00,2019-03-21 05:30:00-04:00,1.1423100000000002,1.1420499999999998,1.0,stack_break,-0.00026000000000037105,-27.500000000037105
ma3_ema9_21_50_15m_follow_pmc,long,2019-03-21 07:45:00-04:00,2019-03-21 08:15:00-04:00,1.14287,1.14069,1.0,stack_break,-0.0021800000000000708,-219.50000000000708
ma3_ema9_21_50_15m_follow_pmc,short,2019-03-21 15:15:00-04:00,2019-03-21 16:15:00-04:00,1.1371,1.1361100000000002,1.0,session_end,0.0009899999999998244,97.49999999998244
ma3_ema9_21_50_15m_follow_pmc,long,2019-03-22 05:45:00-04:00,2019-03-22 08:45:00-04:00,1.1377700000000002,1.13293,1.0,stack_break,-0.0048400000000001775,-485.50000000001774
ma3_ema9_21_50_15m_follow_pmc,short,2019-03-22 08:45:00-04:00,2019-03-22 16:15:00-04:00,1.13293,1.1283400000000001,1.0,session_end,0.004589999999999872,457.4999999999872
ma3_ema9_21_50_15m_follow_pmc,short,2019-03-26 05:30:00-04:00,2019-03-26 10:15:00-04:00,1.131,1.13165,1.0,stack_break,-0.0006500000000000394,-66.50000000000395
ma3_ema9_21_50_15m_follow_pmc,short,2019-03-26 12:45:00-04:00,2019-03-26 16:15:00-04:00,1.13007,1.12805,1.0,session_end,0.0020199999999999108,200.49999999999108
ma3_ema9_21_50_15m_follow_pmc,short,2019-03-27 04:00:00-04:00,2019-03-27 07:15:00-04:00,1.12547,1.12647,1.0,stack_break,-0.001000000000000112,-101.5000000000112
ma3_ema9_21_50_15m_follow_pmc,short,2019-03-27 07:30:00-04:00,2019-03-27 08:30:00-04:00,1.12573,1.12728,1.0,stack_break,-0.0015500000000001624,-156.50000000001623
ma3_ema9_21_50_15m_follow_pmc,short,2019-03-27 14:00:00-04:00,2019-03-27 16:15:00-04:00,1.12506,1.12483,1.0,session_end,0.00022999999999995246,21.499999999995246
ma3_ema9_21_50_15m_follow_pmc,short,2019-03-28 08:15:00-04:00,2019-03-28 10:30:00-04:00,1.12391,1.12541,1.0,stack_break,-0.0015000000000000568,-151.50000000000568
ma3_ema9_21_50_15m_follow_pmc,short,2019-03-28 11:00:00-04:00,2019-03-28 16:15:00-04:00,1.1248699999999998,1.12348,1.0,session_end,0.0013899999999997803,137.49999999997803
ma3_ema9_21_50_15m_follow_pmc,short,2019-03-29 04:00:00-04:00,2019-03-29 05:30:00-04:00,1.1226999999999998,1.12321,1.0,stack_break,-0.0005100000000002325,-52.50000000002325
ma3_ema9_21_50_15m_follow_pmc,short,2019-03-29 09:00:00-04:00,2019-03-29 12:00:00-04:00,1.1225399999999999,1.1232900000000001,1.0,stack_break,-0.0007500000000002505,-76.50000000002504
ma3_ema9_21_50_15m_follow_pmc,long,2019-04-01 03:00:00-04:00,2019-04-01 11:15:00-04:00,1.12311,1.12303,1.0,stack_break,-8.000000000008001e-05,-9.500000000008
ma3_ema9_21_50_15m_follow_pmc,long,2019-04-01 14:00:00-04:00,2019-04-01 14:15:00-04:00,1.1240700000000001,1.12268,1.0,stack_break,-0.0013900000000002244,-140.50000000002245
ma3_ema9_21_50_15m_follow_pmc,short,2019-04-01 14:45:00-04:00,2019-04-01 16:15:00-04:00,1.12217,1.1211300000000002,1.0,session_end,0.0010399999999997078,102.49999999997078
ma3_ema9_21_50_15m_follow_pmc,short,2019-04-02 03:00:00-04:00,2019-04-02 06:00:00-04:00,1.1203299999999998,1.1209200000000001,1.0,stack_break,-0.0005900000000003125,-60.50000000003125
ma3_ema9_21_50_15m_follow_pmc,short,2019-04-02 07:00:00-04:00,2019-04-02 10:30:00-04:00,1.1200299999999999,1.12026,1.0,stack_break,-0.0002300000000001745,-24.50000000001745
ma3_ema9_21_50_15m_follow_pmc,short,2019-04-02 10:45:00-04:00,2019-04-02 11:00:00-04:00,1.11995,1.1203800000000002,1.0,stack_break,-0.0004300000000001525,-44.50000000001525
ma3_ema9_21_50_15m_follow_pmc,short,2019-04-02 11:30:00-04:00,2019-04-02 11:45:00-04:00,1.11997,1.12033,1.0,stack_break,-0.000360000000000138,-37.5000000000138
ma3_ema9_21_50_15m_follow_pmc,short,2019-04-02 14:45:00-04:00,2019-04-02 16:15:00-04:00,1.1188699999999998,1.11888,1.0,session_end,-1.0000000000287557e-05,-2.5000000000287557
ma3_ema9_21_50_15m_follow_pmc,long,2019-04-03 04:45:00-04:00,2019-04-03 13:45:00-04:00,1.1224,1.1232199999999999,1.0,stack_break,0.0008199999999998209,80.4999999999821
ma3_ema9_21_50_15m_follow_pmc,long,2019-04-04 03:00:00-04:00,2019-04-04 03:15:00-04:00,1.12412,1.1237,1.0,stack_break,-0.00042000000000008697,-43.5000000000087
ma3_ema9_21_50_15m_follow_pmc,long,2019-04-04 06:00:00-04:00,2019-04-04 06:15:00-04:00,1.12444,1.12378,1.0,stack_break,-0.000660000000000105,-67.50000000001049
ma3_ema9_21_50_15m_follow_pmc,long,2019-04-04 08:00:00-04:00,2019-04-04 08:15:00-04:00,1.12444,1.12353,1.0,stack_break,-0.0009100000000001884,-92.50000000001884
ma3_ema9_21_50_15m_follow_pmc,short,2019-04-04 12:30:00-04:00,2019-04-04 16:15:00-04:00,1.1216199999999998,1.1217400000000002,1.0,session_end,-0.00012000000000034206,-13.500000000034206
ma3_ema9_21_50_15m_follow_pmc,long,2019-04-05 03:00:00-04:00,2019-04-05 12:15:00-04:00,1.12253,1.1226099999999999,1.0,stack_break,7.999999999985796e-05,6.499999999985796
ma3_ema9_21_50_15m_follow_pmc,long,2019-04-05 12:30:00-04:00,2019-04-05 13:00:00-04:00,1.12325,1.12217,1.0,stack_break,-0.001080000000000192,-109.50000000001918
ma3_ema9_21_50_15m_follow_pmc,long,2019-04-05 13:15:00-04:00,2019-04-05 14:00:00-04:00,1.1238100000000002,1.12217,1.0,stack_break,-0.0016400000000003079,-165.50000000003078
ma3_ema9_21_50_15m_follow_pmc,short,2019-04-05 15:30:00-04:00,2019-04-05 16:15:00-04:00,1.12136,1.12176,1.0,session_end,-0.000400000000000178,-41.5000000000178
ma3_ema9_21_50_15m_follow_pmc,long,2019-04-08 03:15:00-04:00,2019-04-08 16:15:00-04:00,1.1225,1.1260199999999998,1.0,session_end,0.0035199999999997456,350.49999999997453
ma3_ema9_21_50_15m_follow_pmc,long,2019-04-09 03:00:00-04:00,2019-04-09 06:30:00-04:00,1.1266,1.12601,1.0,stack_break,-0.0005900000000000905,-60.500000000009045
ma3_ema9_21_50_15m_follow_pmc,long,2019-04-09 06:45:00-04:00,2019-04-09 15:45:00-04:00,1.1264100000000001,1.12679,1.0,stack_break,0.0003799999999998249,36.49999999998249
ma3_ema9_21_50_15m_follow_pmc,long,2019-04-09 16:00:00-04:00,2019-04-09 16:15:00-04:00,1.1279400000000002,1.12767,1.0,session_end,-0.0002700000000002145,-28.50000000002145
ma3_ema9_21_50_15m_follow_pmc,long,2019-04-10 07:45:00-04:00,2019-04-10 13:15:00-04:00,1.12701,1.12581,1.0,stack_break,-0.0012000000000000899,-121.50000000000898
ma3_ema9_21_50_15m_follow_pmc,long,2019-04-11 03:00:00-04:00,2019-04-11 10:45:00-04:00,1.12766,1.12757,1.0,stack_break,-9.000000000014552e-05,-10.500000000014552
ma3_ema9_21_50_15m_follow_pmc,long,2019-04-11 11:15:00-04:00,2019-04-11 11:30:00-04:00,1.12837,1.1276599999999999,1.0,stack_break,-0.0007100000000002105,-72.50000000002105
ma3_ema9_21_50_15m_follow_pmc,long,2019-04-12 03:00:00-04:00,2019-04-12 16:15:00-04:00,1.1289,1.13028,1.0,session_end,0.0013799999999999368,136.4999999999937
ma3_ema9_21_50_15m_follow_pmc,long,2019-04-15 03:00:00-04:00,2019-04-15 06:30:00-04:00,1.1312600000000002,1.1304599999999998,1.0,stack_break,-0.000800000000000356,-81.5000000000356
ma3_ema9_21_50_15m_follow_pmc,long,2019-04-15 06:45:00-04:00,2019-04-15 11:00:00-04:00,1.13115,1.1309699999999998,1.0,stack_break,-0.00018000000000029104,-19.500000000029104
ma3_ema9_21_50_15m_follow_pmc,long,2019-04-16 07:00:00-04:00,2019-04-16 09:30:00-04:00,1.1307500000000001,1.1284299999999998,1.0,stack_break,-0.002320000000000322,-233.50000000003217
ma3_ema9_21_50_15m_follow_pmc,long,2019-04-17 03:00:00-04:00,2019-04-17 12:00:00-04:00,1.13012,1.13055,1.0,stack_break,0.00042999999999993044,41.499999999993044
ma3_ema9_21_50_15m_follow_pmc,long,2019-04-18 07:15:00-04:00,2019-04-18 07:45:00-04:00,1.13009,1.1276499999999998,1.0,stack_break,-0.0024400000000002198,-245.50000000002197
ma3_ema9_21_50_15m_follow_pmc,long,2019-04-19 07:15:00-04:00,2019-04-19 16:15:00-04:00,1.1242800000000002,1.1243699999999999,1.0,session_end,8.999999999970143e-05,7.499999999970143
ma3_ema9_21_50_15m_follow_pmc,long,2019-04-22 08:15:00-04:00,2019-04-22 16:15:00-04:00,1.1247,1.12577,1.0,session_end,0.0010699999999999044,105.49999999999044
ma3_ema9_21_50_15m_follow_pmc,short,2019-04-23 13:15:00-04:00,2019-04-23 16:15:00-04:00,1.12163,1.1214000000000002,1.0,session_end,0.00022999999999973042,21.499999999973042
ma3_ema9_21_50_15m_follow_pmc,short,2019-04-24 03:00:00-04:00,2019-04-24 09:15:00-04:00,1.12123,1.12158,1.0,stack_break,-0.0003500000000000725,-36.50000000000725
ma3_ema9_21_50_15m_follow_pmc,short,2019-04-24 11:00:00-04:00,2019-04-24 16:15:00-04:00,1.12113,1.11918,1.0,session_end,0.0019499999999998963,193.49999999998963
ma3_ema9_21_50_15m_follow_pmc,short,2019-04-25 03:00:00-04:00,2019-04-25 03:15:00-04:00,1.1158199999999998,1.11593,1.0,stack_break,-0.00011000000000027654,-12.500000000027654
ma3_ema9_21_50_15m_follow_pmc,short,2019-04-25 05:00:00-04:00,2019-04-25 05:15:00-04:00,1.1151399999999998,1.1158000000000001,1.0,stack_break,-0.000660000000000327,-67.5000000000327
ma3_ema9_21_50_15m_follow_pmc,short,2019-04-25 05:30:00-04:00,2019-04-25 06:30:00-04:00,1.1153099999999998,1.1157700000000002,1.0,stack_break,-0.000460000000000349,-47.5000000000349
ma3_ema9_21_50_15m_follow_pmc,short,2019-04-25 06:45:00-04:00,2019-04-25 07:00:00-04:00,1.1153,1.11579,1.0,stack_break,-0.0004900000000001015,-50.50000000001015
ma3_ema9_21_50_15m_follow_pmc,short,2019-04-25 07:45:00-04:00,2019-04-25 14:30:00-04:00,1.11496,1.1145500000000002,1.0,stack_break,0.0004099999999997994,39.49999999997994
ma3_ema9_21_50_15m_follow_pmc,short,2019-04-26 12:30:00-04:00,2019-04-26 13:15:00-04:00,1.1130499999999999,1.11473,1.0,stack_break,-0.0016800000000001258,-169.5000000000126
ma3_ema9_21_50_15m_follow_pmc,short,2019-04-29 13:00:00-04:00,2019-04-29 13:45:00-04:00,1.11469,1.1158700000000001,1.0,stack_break,-0.001180000000000181,-119.50000000001809
ma3_ema9_21_50_15m_follow_pmc,short,2019-04-29 14:15:00-04:00,2019-04-29 15:15:00-04:00,1.11517,1.1164500000000002,1.0,stack_break,-0.0012800000000001699,-129.500000000017
ma3_ema9_21_50_15m_follow_pmc,long,2019-04-30 12:15:00-04:00,2019-04-30 15:45:00-04:00,1.12239,1.12038,1.0,stack_break,-0.0020100000000000673,-202.50000000000674
ma3_ema9_21_50_15m_follow_pmc,long,2019-05-01 03:30:00-04:00,2019-05-01 06:45:00-04:00,1.1219700000000001,1.1213799999999998,1.0,stack_break,-0.0005900000000003125,-60.50000000003125
ma3_ema9_21_50_15m_follow_pmc,long,2019-05-01 07:30:00-04:00,2019-05-01 13:30:00-04:00,1.12244,1.1224399999999999,1.0,stack_break,-2.220446049250313e-16,-1.5000000000222045
ma3_ema9_21_50_15m_follow_pmc,long,2019-05-01 14:15:00-04:00,2019-05-01 16:15:00-04:00,1.1238000000000001,1.1244399999999999,1.0,session_end,0.0006399999999997519,62.49999999997519
ma3_ema9_21_50_15m_follow_pmc,short,2019-05-02 03:00:00-04:00,2019-05-02 04:00:00-04:00,1.12008,1.1206800000000001,1.0,stack_break,-0.000600000000000156,-61.500000000015596
ma3_ema9_21_50_15m_follow_pmc,short,2019-05-02 06:30:00-04:00,2019-05-02 08:15:00-04:00,1.11971,1.1212000000000002,1.0,stack_break,-0.0014900000000002134,-150.50000000002134
ma3_ema9_21_50_15m_follow_pmc,short,2019-05-02 10:30:00-04:00,2019-05-02 12:30:00-04:00,1.1198899999999998,1.1210600000000002,1.0,stack_break,-0.0011700000000003374,-118.50000000003374
ma3_ema9_21_50_15m_follow_pmc,short,2019-05-02 12:45:00-04:00,2019-05-02 16:15:00-04:00,1.11997,1.1182400000000001,1.0,session_end,0.0017299999999997873,171.49999999997874
ma3_ema9_21_50_15m_follow_pmc,short,2019-05-03 03:30:00-04:00,2019-05-03 14:00:00-04:00,1.11723,1.1164200000000002,1.0,stack_break,0.0008099999999997554,79.49999999997553
ma3_ema9_21_50_15m_follow_pmc,long,2019-05-07 06:45:00-04:00,2019-05-07 08:15:00-04:00,1.12165,1.11947,1.0,stack_break,-0.0021800000000000708,-219.50000000000708
ma3_ema9_21_50_15m_follow_pmc,short,2019-05-07 09:45:00-04:00,2019-05-07 16:15:00-04:00,1.1197499999999998,1.1178400000000002,1.0,session_end,0.0019099999999996342,189.49999999996342
ma3_ema9_21_50_15m_follow_pmc,short,2019-05-09 03:00:00-04:00,2019-05-09 05:30:00-04:00,1.1185699999999998,1.11968,1.0,stack_break,-0.0011100000000001664,-112.50000000001664
ma3_ema9_21_50_15m_follow_pmc,short,2019-05-09 08:30:00-04:00,2019-05-09 12:45:00-04:00,1.11801,1.1196700000000002,1.0,stack_break,-0.0016600000000002169,-167.50000000002169
ma3_ema9_21_50_15m_follow_pmc,long,2019-05-09 14:15:00-04:00,2019-05-09 16:15:00-04:00,1.1238700000000001,1.1226399999999999,1.0,session_end,-0.0012300000000002864,-124.50000000002865
ma3_ema9_21_50_15m_follow_pmc,long,2019-05-10 03:00:00-04:00,2019-05-10 07:00:00-04:00,1.1229600000000002,1.1220199999999998,1.0,stack_break,-0.000940000000000385,-95.5000000000385
ma3_ema9_21_50_15m_follow_pmc,long,2019-05-10 07:30:00-04:00,2019-05-10 08:30:00-04:00,1.12311,1.12217,1.0,stack_break,-0.0009400000000001629,-95.50000000001629
ma3_ema9_21_50_15m_follow_pmc,long,2019-05-10 09:15:00-04:00,2019-05-10 16:15:00-04:00,1.12332,1.1239999999999999,1.0,session_end,0.0006799999999997919,66.4999999999792
ma3_ema9_21_50_15m_follow_pmc,long,2019-05-13 10:30:00-04:00,2019-05-13 16:00:00-04:00,1.1236300000000001,1.1234099999999998,1.0,stack_break,-0.00022000000000033104,-23.500000000033104
ma3_ema9_21_50_15m_follow_pmc,long,2019-05-14 03:45:00-04:00,2019-05-14 08:00:00-04:00,1.12399,1.1231,1.0,stack_break,-0.0008900000000000574,-90.50000000000574
ma3_ema9_21_50_15m_follow_pmc,long,2019-05-14 08:15:00-04:00,2019-05-14 10:30:00-04:00,1.12389,1.12327,1.0,stack_break,-0.0006200000000000649,-63.500000000006494
ma3_ema9_21_50_15m_follow_pmc,short,2019-05-14 12:30:00-04:00,2019-05-14 16:15:00-04:00,1.12076,1.12091,1.0,session_end,-0.0001500000000000945,-16.50000000000945
ma3_ema9_21_50_15m_follow_pmc,short,2019-05-15 03:00:00-04:00,2019-05-15 03:45:00-04:00,1.1204399999999999,1.12087,1.0,stack_break,-0.0004300000000001525,-44.50000000001525
ma3_ema9_21_50_15m_follow_pmc,short,2019-05-15 07:30:00-04:00,2019-05-15 08:15:00-04:00,1.1199199999999998,1.1214400000000002,1.0,stack_break,-0.00152000000000041,-153.50000000004098
ma3_ema9_21_50_15m_follow_pmc,short,2019-05-15 10:15:00-04:00,2019-05-15 14:45:00-04:00,1.1200299999999999,1.12199,1.0,stack_break,-0.001960000000000184,-197.5000000000184
ma3_ema9_21_50_15m_follow_pmc,long,2019-05-16 09:00:00-04:00,2019-05-16 11:15:00-04:00,1.1217700000000002,1.12062,1.0,stack_break,-0.0011500000000002064,-116.50000000002063
ma3_ema9_21_50_15m_follow_pmc,short,2019-05-16 12:45:00-04:00,2019-05-16 16:15:00-04:00,1.1203599999999998,1.11792,1.0,session_end,0.0024399999999997757,242.49999999997758
ma3_ema9_21_50_15m_follow_pmc,short,2019-05-17 06:15:00-04:00,2019-05-17 07:00:00-04:00,1.11727,1.1179700000000001,1.0,stack_break,-0.000700000000000145,-71.5000000000145
ma3_ema9_21_50_15m_follow_pmc,short,2019-05-17 08:45:00-04:00,2019-05-17 13:15:00-04:00,1.1173,1.11755,1.0,stack_break,-0.0002500000000000835,-26.50000000000835
ma3_ema9_21_50_15m_follow_pmc,short,2019-05-17 14:30:00-04:00,2019-05-17 16:15:00-04:00,1.11629,1.11653,1.0,session_end,-0.00024000000000001798,-25.500000000001798
ma3_ema9_21_50_15m_follow_pmc,short,2019-05-20 03:00:00-04:00,2019-05-20 08:00:00-04:00,1.11594,1.1160100000000002,1.0,stack_break,-7.000000000023654e-05,-8.500000000023654
ma3_ema9_21_50_15m_follow_pmc,short,2019-05-20 11:00:00-04:00,2019-05-20 12:00:00-04:00,1.11557,1.11595,1.0,stack_break,-0.00038000000000004697,-39.5000000000047
ma3_ema9_21_50_15m_follow_pmc,short,2019-05-21 04:15:00-04:00,2019-05-21 12:45:00-04:00,1.1162599999999998,1.11548,1.0,stack_break,0.0007799999999997809,76.49999999997809
ma3_ema9_21_50_15m_follow_pmc,short,2019-05-22 05:15:00-04:00,2019-05-22 09:15:00-04:00,1.1155499999999998,1.11592,1.0,stack_break,-0.0003700000000002035,-38.50000000002035
ma3_ema9_21_50_15m_follow_pmc,short,2019-05-22 15:45:00-04:00,2019-05-22 16:15:00-04:00,1.11527,1.11585,1.0,session_end,-0.0005800000000000249,-59.500000000002494
ma3_ema9_21_50_15m_follow_pmc,short,2019-05-23 03:00:00-04:00,2019-05-23 15:00:00-04:00,1.11503,1.11478,1.0,stack_break,0.00024999999999986144,23.499999999986144
ma3_ema9_21_50_15m_follow_pmc,short,2019-05-27 13:45:00-04:00,2019-05-27 16:15:00-04:00,1.1191,1.1192000000000002,1.0,session_end,-0.00010000000000021103,-11.500000000021103
ma3_ema9_21_50_15m_follow_pmc,short,2019-05-28 03:00:00-04:00,2019-05-28 08:45:00-04:00,1.11812,1.11884,1.0,stack_break,-0.0007200000000000539,-73.5000000000054
ma3_ema9_21_50_15m_follow_pmc,short,2019-05-28 15:15:00-04:00,2019-05-28 16:15:00-04:00,1.11709,1.11775,1.0,session_end,-0.000660000000000105,-67.50000000001049
ma3_ema9_21_50_15m_follow_pmc,short,2019-05-29 03:00:00-04:00,2019-05-29 16:15:00-04:00,1.11628,1.1137100000000002,1.0,session_end,0.002569999999999739,255.4999999999739
ma3_ema9_21_50_15m_follow_pmc,short,2019-05-30 05:30:00-04:00,2019-05-30 10:00:00-04:00,1.11354,1.1139800000000002,1.0,stack_break,-0.000440000000000218,-45.5000000000218
ma3_ema9_21_50_15m_follow_pmc,short,2019-05-30 13:15:00-04:00,2019-05-30 16:15:00-04:00,1.11275,1.11383,1.0,session_end,-0.001080000000000192,-109.50000000001918
ma3_ema9_21_50_15m_follow_pmc,short,2019-05-31 04:15:00-04:00,2019-05-31 07:15:00-04:00,1.1129,1.11345,1.0,stack_break,-0.0005500000000000504,-56.500000000005045
ma3_ema9_21_50_15m_follow_pmc,long,2019-06-03 03:00:00-04:00,2019-06-03 06:00:00-04:00,1.11863,1.1175899999999999,1.0,stack_break,-0.001040000000000152,-105.50000000001519
ma3_ema9_21_50_15m_follow_pmc,long,2019-06-03 09:30:00-04:00,2019-06-03 09:45:00-04:00,1.11796,1.1173,1.0,stack_break,-0.000660000000000105,-67.50000000001049
ma3_ema9_21_50_15m_follow_pmc,long,2019-06-03 10:30:00-04:00,2019-06-03 16:15:00-04:00,1.1178000000000001,1.1203599999999998,1.0,session_end,0.0025599999999996736,254.49999999996737
ma3_ema9_21_50_15m_follow_pmc,long,2019-06-04 03:00:00-04:00,2019-06-04 09:30:00-04:00,1.1251900000000001,1.1243999999999998,1.0,stack_break,-0.0007900000000002905,-80.50000000002905
ma3_ema9_21_50_15m_follow_pmc,long,2019-06-04 11:45:00-04:00,2019-06-04 12:30:00-04:00,1.12593,1.1238299999999999,1.0,stack_break,-0.002100000000000213,-211.5000000000213
ma3_ema9_21_50_15m_follow_pmc,long,2019-06-05 03:00:00-04:00,2019-06-05 11:30:00-04:00,1.12639,1.1260299999999999,1.0,stack_break,-0.000360000000000138,-37.5000000000138
ma3_ema9_21_50_15m_follow_pmc,long,2019-06-05 12:45:00-04:00,2019-06-05 14:30:00-04:00,1.12921,1.12617,1.0,stack_break,-0.0030400000000001537,-305.50000000001535
ma3_ema9_21_50_15m_follow_pmc,long,2019-06-06 10:00:00-04:00,2019-06-06 16:15:00-04:00,1.12369,1.1290799999999999,1.0,session_end,0.005389999999999784,537.4999999999784
ma3_ema9_21_50_15m_follow_pmc,long,2019-06-07 12:45:00-04:00,2019-06-07 16:15:00-04:00,1.13026,1.13232,1.0,session_end,0.0020599999999999508,204.49999999999508
ma3_ema9_21_50_15m_follow_pmc,long,2019-06-10 15:45:00-04:00,2019-06-10 16:15:00-04:00,1.1313900000000001,1.13089,1.0,session_end,-0.000500000000000167,-51.5000000000167
ma3_ema9_21_50_15m_follow_pmc,long,2019-06-11 03:45:00-04:00,2019-06-11 09:45:00-04:00,1.13159,1.1313399999999998,1.0,stack_break,-0.00025000000000030553,-26.500000000030553
ma3_ema9_21_50_15m_follow_pmc,long,2019-06-11 10:15:00-04:00,2019-06-11 11:45:00-04:00,1.13196,1.13139,1.0,stack_break,-0.0005700000000001815,-58.50000000001815
ma3_ema9_21_50_15m_follow_pmc,long,2019-06-11 13:45:00-04:00,2019-06-11 14:15:00-04:00,1.13212,1.1314,1.0,stack_break,-0.0007200000000000539,-73.5000000000054
ma3_ema9_21_50_15m_follow_pmc,long,2019-06-12 03:00:00-04:00,2019-06-12 09:45:00-04:00,1.1328900000000002,1.1327099999999999,1.0,stack_break,-0.00018000000000029104,-19.500000000029104
ma3_ema9_21_50_15m_follow_pmc,long,2019-06-14 08:30:00-04:00,2019-06-14 09:30:00-04:00,1.1288900000000002,1.1261899999999998,1.0,stack_break,-0.0027000000000003688,-271.5000000000369
ma3_ema9_21_50_15m_follow_pmc,long,2019-06-17 12:15:00-04:00,2019-06-17 16:15:00-04:00,1.1233700000000002,1.12343,1.0,session_end,5.999999999972694e-05,4.499999999972694
ma3_ema9_21_50_15m_follow_pmc,long,2019-06-18 03:00:00-04:00,2019-06-18 08:30:00-04:00,1.1233300000000002,1.1198,1.0,stack_break,-0.003530000000000255,-354.5000000000255
ma3_ema9_21_50_15m_follow_pmc,long,2019-06-19 09:00:00-04:00,2019-06-19 16:15:00-04:00,1.1201,1.12134,1.0,session_end,0.0012399999999999078,122.49999999999079
ma3_ema9_21_50_15m_follow_pmc,long,2019-06-20 03:00:00-04:00,2019-06-20 15:30:00-04:00,1.12639,1.1280899999999998,1.0,stack_break,0.0016999999999998128,168.49999999998127
ma3_ema9_21_50_15m_follow_pmc,long,2019-06-21 03:00:00-04:00,2019-06-21 06:00:00-04:00,1.1304200000000002,1.12954,1.0,stack_break,-0.0008800000000002139,-89.5000000000214
ma3_ema9_21_50_15m_follow_pmc,long,2019-06-21 07:45:00-04:00,2019-06-21 16:15:00-04:00,1.1311300000000002,1.1327699999999998,1.0,session_end,0.0016399999999996417,162.4999999999642
ma3_ema9_21_50_15m_follow_pmc,long,2019-06-24 03:00:00-04:00,2019-06-24 06:00:00-04:00,1.13803,1.1374799999999998,1.0,stack_break,-0.0005500000000002725,-56.50000000002725
ma3_ema9_21_50_15m_follow_pmc,long,2019-06-24 06:30:00-04:00,2019-06-24 13:45:00-04:00,1.13864,1.1383299999999998,1.0,stack_break,-0.0003100000000002545,-32.50000000002545
ma3_ema9_21_50_15m_follow_pmc,long,2019-06-24 15:15:00-04:00,2019-06-24 16:15:00-04:00,1.1389600000000002,1.13895,1.0,session_end,-1.0000000000287557e-05,-2.5000000000287557
ma3_ema9_21_50_15m_follow_pmc,long,2019-06-25 03:00:00-04:00,2019-06-25 06:15:00-04:00,1.1403,1.1393799999999998,1.0,stack_break,-0.000920000000000254,-93.5000000000254
ma3_ema9_21_50_15m_follow_pmc,long,2019-06-26 15:15:00-04:00,2019-06-26 16:15:00-04:00,1.1377700000000002,1.1387099999999999,1.0,session_end,0.0009399999999997188,92.49999999997189
ma3_ema9_21_50_15m_follow_pmc,long,2019-06-27 10:00:00-04:00,2019-06-27 13:15:00-04:00,1.13748,1.13614,1.0,stack_break,-0.0013400000000001189,-135.50000000001188
ma3_ema9_21_50_15m_follow_pmc,long,2019-06-28 07:15:00-04:00,2019-06-28 12:15:00-04:00,1.1381400000000002,1.1371,1.0,stack_break,-0.001040000000000152,-105.50000000001519
ma3_ema9_21_50_15m_follow_pmc,long,2019-06-28 13:15:00-04:00,2019-06-28 16:15:00-04:00,1.13863,1.13746,1.0,session_end,-0.0011700000000001154,-118.50000000001154
ma3_ema9_21_50_15m_follow_pmc,short,2019-07-01 03:00:00-04:00,2019-07-01 11:30:00-04:00,1.1352399999999998,1.13524,1.0,stack_break,-2.220446049250313e-16,-1.5000000000222045
ma3_ema9_21_50_15m_follow_pmc,short,2019-07-01 14:30:00-04:00,2019-07-01 16:15:00-04:00,1.13316,1.1307,1.0,session_end,0.0024599999999999067,244.49999999999068
ma3_ema9_21_50_15m_follow_pmc,short,2019-07-02 03:00:00-04:00,2019-07-02 05:30:00-04:00,1.12771,1.12914,1.0,stack_break,-0.0014300000000000423,-144.50000000000423
ma3_ema9_21_50_15m_follow_pmc,short,2019-07-03 04:00:00-04:00,2019-07-03 10:00:00-04:00,1.12878,1.12898,1.0,stack_break,-0.00020000000000020002,-21.500000000020002
ma3_ema9_21_50_15m_follow_pmc,short,2019-07-03 15:45:00-04:00,2019-07-03 16:15:00-04:00,1.12801,1.12748,1.0,session_end,0.0005299999999999194,51.49999999999194
ma3_ema9_21_50_15m_follow_pmc,short,2019-07-04 06:30:00-04:00,2019-07-04 08:45:00-04:00,1.12828,1.1287200000000002,1.0,stack_break,-0.000440000000000218,-45.5000000000218
ma3_ema9_21_50_15m_follow_pmc,short,2019-07-04 09:15:00-04:00,2019-07-04 10:45:00-04:00,1.1279199999999998,1.12888,1.0,stack_break,-0.000960000000000294,-97.50000000002939
ma3_ema9_21_50_15m_follow_pmc,short,2019-07-04 13:30:00-04:00,2019-07-04 16:15:00-04:00,1.1275799999999998,1.12827,1.0,session_end,-0.0006900000000003015,-70.50000000003016
ma3_ema9_21_50_15m_follow_pmc,short,2019-07-05 03:00:00-04:00,2019-07-05 16:15:00-04:00,1.12798,1.1216400000000002,1.0,session_end,0.00633999999999979,632.4999999999791
ma3_ema9_21_50_15m_follow_pmc,short,2019-07-08 03:00:00-04:00,2019-07-08 03:15:00-04:00,1.12249,1.1227500000000001,1.0,stack_break,-0.000260000000000149,-27.5000000000149
ma3_ema9_21_50_15m_follow_pmc,short,2019-07-08 06:45:00-04:00,2019-07-08 08:15:00-04:00,1.1221999999999999,1.12314,1.0,stack_break,-0.0009400000000001629,-95.50000000001629
ma3_ema9_21_50_15m_follow_pmc,short,2019-07-08 10:45:00-04:00,2019-07-08 16:15:00-04:00,1.12232,1.1207900000000002,1.0,session_end,0.0015299999999998093,151.49999999998093
ma3_ema9_21_50_15m_follow_pmc,short,2019-07-09 03:00:00-04:00,2019-07-09 05:00:00-04:00,1.1211399999999998,1.12179,1.0,stack_break,-0.0006500000000002615,-66.50000000002615
ma3_ema9_21_50_15m_follow_pmc,short,2019-07-09 06:45:00-04:00,2019-07-09 13:45:00-04:00,1.1209099999999999,1.12097,1.0,stack_break,-6.000000000017103e-05,-7.500000000017103
ma3_ema9_21_50_15m_follow_pmc,short,2019-07-10 03:00:00-04:00,2019-07-10 03:15:00-04:00,1.1205299999999998,1.1209500000000001,1.0,stack_break,-0.000420000000000309,-43.5000000000309
ma3_ema9_21_50_15m_follow_pmc,short,2019-07-11 14:45:00-04:00,2019-07-11 16:15:00-04:00,1.1256899999999999,1.1261100000000002,1.0,session_end,-0.000420000000000309,-43.5000000000309
ma3_ema9_21_50_15m_follow_pmc,short,2019-07-12 10:45:00-04:00,2019-07-12 16:15:00-04:00,1.1254499999999998,1.1254000000000002,1.0,session_end,4.9999999999661426e-05,3.4999999999661426
ma3_ema9_21_50_15m_follow_pmc,short,2019-07-15 13:45:00-04:00,2019-07-15 16:15:00-04:00,1.12683,1.1259700000000001,1.0,session_end,0.0008599999999998609,84.49999999998609
ma3_ema9_21_50_15m_follow_pmc,short,2019-07-16 03:00:00-04:00,2019-07-16 03:15:00-04:00,1.12604,1.1263,1.0,stack_break,-0.000260000000000149,-27.5000000000149
ma3_ema9_21_50_15m_follow_pmc,short,2019-07-16 05:30:00-04:00,2019-07-16 06:30:00-04:00,1.1258199999999998,1.12622,1.0,stack_break,-0.000400000000000178,-41.5000000000178
ma3_ema9_21_50_15m_follow_pmc,short,2019-07-16 06:45:00-04:00,2019-07-16 16:15:00-04:00,1.12563,1.12117,1.0,session_end,0.0044599999999999085,444.49999999999085
ma3_ema9_21_50_15m_follow_pmc,short,2019-07-17 03:30:00-04:00,2019-07-17 03:45:00-04:00,1.12095,1.12139,1.0,stack_break,-0.000440000000000218,-45.5000000000218
ma3_ema9_21_50_15m_follow_pmc,short,2019-07-17 07:00:00-04:00,2019-07-17 09:45:00-04:00,1.1206999999999998,1.1215600000000001,1.0,stack_break,-0.000860000000000305,-87.5000000000305
ma3_ema9_21_50_15m_follow_pmc,short,2019-07-18 11:00:00-04:00,2019-07-18 16:15:00-04:00,1.1210099999999998,1.12273,1.0,session_end,-0.0017200000000001658,-173.5000000000166
ma3_ema9_21_50_15m_follow_pmc,short,2019-07-19 09:45:00-04:00,2019-07-19 16:15:00-04:00,1.1241999999999999,1.1222400000000001,1.0,session_end,0.0019599999999997397,194.49999999997397
ma3_ema9_21_50_15m_follow_pmc,short,2019-07-22 03:00:00-04:00,2019-07-22 04:00:00-04:00,1.12163,1.12202,1.0,stack_break,-0.0003900000000001125,-40.50000000001125
ma3_ema9_21_50_15m_follow_pmc,short,2019-07-22 06:45:00-04:00,2019-07-22 07:15:00-04:00,1.1212099999999998,1.1222500000000002,1.0,stack_break,-0.001040000000000374,-105.5000000000374
ma3_ema9_21_50_15m_follow_pmc,short,2019-07-22 09:30:00-04:00,2019-07-22 10:15:00-04:00,1.12137,1.12182,1.0,stack_break,-0.00045000000000006146,-46.500000000006146
ma3_ema9_21_50_15m_follow_pmc,short,2019-07-22 12:00:00-04:00,2019-07-22 13:45:00-04:00,1.1209399999999998,1.12223,1.0,stack_break,-0.0012900000000002354,-130.50000000002353
ma3_ema9_21_50_15m_follow_pmc,short,2019-07-23 03:00:00-04:00,2019-07-23 16:15:00-04:00,1.11978,1.1156400000000002,1.0,session_end,0.0041399999999998105,412.49999999998107
ma3_ema9_21_50_15m_follow_pmc,short,2019-07-24 03:00:00-04:00,2019-07-24 06:45:00-04:00,1.11435,1.1151000000000002,1.0,stack_break,-0.0007500000000002505,-76.50000000002504
ma3_ema9_21_50_15m_follow_pmc,short,2019-07-24 07:45:00-04:00,2019-07-24 11:00:00-04:00,1.11336,1.11491,1.0,stack_break,-0.0015500000000001624,-156.50000000001623
ma3_ema9_21_50_15m_follow_pmc,short,2019-07-24 13:15:00-04:00,2019-07-24 13:30:00-04:00,1.11412,1.11447,1.0,stack_break,-0.0003500000000000725,-36.50000000000725
ma3_ema9_21_50_15m_follow_pmc,short,2019-07-24 15:45:00-04:00,2019-07-24 16:15:00-04:00,1.1140999999999999,1.11416,1.0,session_end,-6.000000000017103e-05,-7.500000000017103
ma3_ema9_21_50_15m_follow_pmc,short,2019-07-25 03:00:00-04:00,2019-07-25 10:45:00-04:00,1.1135899999999999,1.1144200000000002,1.0,stack_break,-0.0008300000000003305,-84.50000000003305
ma3_ema9_21_50_15m_follow_pmc,short,2019-07-25 12:30:00-04:00,2019-07-25 13:30:00-04:00,1.1113099999999998,1.1157000000000001,1.0,stack_break,-0.004390000000000338,-440.5000000000338
ma3_ema9_21_50_15m_follow_pmc,short,2019-07-26 07:00:00-04:00,2019-07-26 16:15:00-04:00,1.11398,1.1121,1.0,session_end,0.0018799999999998818,186.49999999998818
ma3_ema9_21_50_15m_follow_pmc,short,2019-07-29 05:00:00-04:00,2019-07-29 14:15:00-04:00,1.11258,1.1128300000000002,1.0,stack_break,-0.00025000000000030553,-26.500000000030553
ma3_ema9_21_50_15m_follow_pmc,short,2019-07-30 06:45:00-04:00,2019-07-30 08:30:00-04:00,1.1137499999999998,1.11454,1.0,stack_break,-0.0007900000000002905,-80.50000000002905
ma3_ema9_21_50_15m_follow_pmc,short,2019-07-31 09:00:00-04:00,2019-07-31 16:15:00-04:00,1.1143999999999998,1.1127900000000002,1.0,session_end,0.0016099999999996673,159.49999999996672
ma3_ema9_21_50_15m_follow_pmc,short,2019-08-01 03:00:00-04:00,2019-08-01 14:15:00-04:00,1.1048399999999998,1.1053300000000001,1.0,stack_break,-0.0004900000000003235,-50.50000000003235
ma3_ema9_21_50_15m_follow_pmc,long,2019-08-02 03:00:00-04:00,2019-08-02 03:15:00-04:00,1.10768,1.10736,1.0,stack_break,-0.000320000000000098,-33.5000000000098
ma3_ema9_21_50_15m_follow_pmc,long,2019-08-02 06:30:00-04:00,2019-08-02 13:30:00-04:00,1.10864,1.1088799999999999,1.0,stack_break,0.00023999999999979593,22.499999999979593
ma3_ema9_21_50_15m_follow_pmc,long,2019-08-02 14:00:00-04:00,2019-08-02 16:15:00-04:00,1.1101800000000002,1.11099,1.0,session_end,0.0008099999999997554,79.49999999997553
ma3_ema9_21_50_15m_follow_pmc,long,2019-08-05 03:00:00-04:00,2019-08-05 07:30:00-04:00,1.1118700000000001,1.11181,1.0,stack_break,-6.000000000017103e-05,-7.500000000017103
ma3_ema9_21_50_15m_follow_pmc,long,2019-08-05 08:00:00-04:00,2019-08-05 16:15:00-04:00,1.11271,1.1196199999999998,1.0,session_end,0.00690999999999975,689.499999999975
ma3_ema9_21_50_15m_follow_pmc,long,2019-08-06 03:00:00-04:00,2019-08-06 04:15:00-04:00,1.12301,1.12085,1.0,stack_break,-0.002160000000000162,-217.50000000001617
ma3_ema9_21_50_15m_follow_pmc,long,2019-08-07 03:00:00-04:00,2019-08-07 06:15:00-04:00,1.12078,1.1204399999999999,1.0,stack_break,-0.000340000000000229,-35.5000000000229
ma3_ema9_21_50_15m_follow_pmc,long,2019-08-07 14:00:00-04:00,2019-08-07 16:15:00-04:00,1.1227900000000002,1.1233099999999998,1.0,session_end,0.0005199999999996319,50.49999999996319
ma3_ema9_21_50_15m_follow_pmc,long,2019-08-08 04:15:00-04:00,2019-08-08 06:45:00-04:00,1.1211200000000001,1.1202299999999998,1.0,stack_break,-0.0008900000000002795,-90.50000000002794
ma3_ema9_21_50_15m_follow_pmc,long,2019-08-08 07:45:00-04:00,2019-08-08 10:45:00-04:00,1.12168,1.1206699999999998,1.0,stack_break,-0.0010100000000001774,-102.50000000001774
ma3_ema9_21_50_15m_follow_pmc,long,2019-08-09 10:00:00-04:00,2019-08-09 14:15:00-04:00,1.12054,1.11929,1.0,stack_break,-0.0012500000000001954,-126.50000000001954
ma3_ema9_21_50_15m_follow_pmc,long,2019-08-09 15:15:00-04:00,2019-08-09 16:15:00-04:00,1.1202100000000002,1.1218199999999998,1.0,session_end,0.0016099999999996673,159.49999999996672
ma3_ema9_21_50_15m_follow_pmc,long,2019-08-12 03:00:00-04:00,2019-08-12 07:15:00-04:00,1.12094,1.1199199999999998,1.0,stack_break,-0.001020000000000243,-103.5000000000243
ma3_ema9_21_50_15m_follow_pmc,long,2019-08-12 13:45:00-04:00,2019-08-12 16:15:00-04:00,1.1216000000000002,1.12103,1.0,session_end,-0.0005700000000001815,-58.50000000001815
ma3_ema9_21_50_15m_follow_pmc,long,2019-08-13 11:00:00-04:00,2019-08-13 14:15:00-04:00,1.1215300000000001,1.1188999999999998,1.0,stack_break,-0.0026300000000003543,-264.5000000000354
ma3_ema9_21_50_15m_follow_pmc,long,2019-08-14 09:45:00-04:00,2019-08-14 11:45:00-04:00,1.11823,1.1170699999999998,1.0,stack_break,-0.001160000000000272,-117.5000000000272
ma3_ema9_21_50_15m_follow_pmc,long,2019-08-14 12:00:00-04:00,2019-08-14 14:15:00-04:00,1.11836,1.11574,1.0,stack_break,-0.0026200000000000667,-263.50000000000665
ma3_ema9_21_50_15m_follow_pmc,long,2019-08-15 06:45:00-04:00,2019-08-15 07:30:00-04:00,1.11507,1.11425,1.0,stack_break,-0.0008200000000000429,-83.50000000000429
ma3_ema9_21_50_15m_follow_pmc,long,2019-08-15 08:15:00-04:00,2019-08-15 09:30:00-04:00,1.11508,1.1145399999999999,1.0,stack_break,-0.000540000000000207,-55.5000000000207
ma3_ema9_21_50_15m_follow_pmc,long,2019-08-15 09:45:00-04:00,2019-08-15 12:45:00-04:00,1.1148200000000001,1.1138599999999999,1.0,stack_break,-0.000960000000000294,-97.50000000002939
ma3_ema9_21_50_15m_follow_pmc,short,2019-08-16 13:00:00-04:00,2019-08-16 15:00:00-04:00,1.10696,1.10976,1.0,stack_break,-0.0028000000000001357,-281.5000000000136
ma3_ema9_21_50_15m_follow_pmc,long,2019-08-19 03:30:00-04:00,2019-08-19 03:45:00-04:00,1.1094000000000002,1.10906,1.0,stack_break,-0.000340000000000229,-35.5000000000229
ma3_ema9_21_50_15m_follow_pmc,long,2019-08-19 07:00:00-04:00,2019-08-19 13:30:00-04:00,1.1094400000000002,1.1095599999999999,1.0,stack_break,0.00011999999999967592,10.499999999967592
ma3_ema9_21_50_15m_follow_pmc,short,2019-08-20 14:00:00-04:00,2019-08-20 14:30:00-04:00,1.10673,1.10914,1.0,stack_break,-0.0024100000000000232,-242.50000000000233
ma3_ema9_21_50_15m_follow_pmc,long,2019-08-20 15:30:00-04:00,2019-08-20 16:15:00-04:00,1.10958,1.10903,1.0,session_end,-0.0005500000000000504,-56.500000000005045
ma3_ema9_21_50_15m_follow_pmc,long,2019-08-21 03:00:00-04:00,2019-08-21 04:15:00-04:00,1.1099800000000002,1.1094499999999998,1.0,stack_break,-0.0005300000000003635,-54.50000000003635
ma3_ema9_21_50_15m_follow_pmc,long,2019-08-21 08:45:00-04:00,2019-08-21 14:45:00-04:00,1.11047,1.1094499999999998,1.0,stack_break,-0.001020000000000243,-103.5000000000243
ma3_ema9_21_50_15m_follow_pmc,long,2019-08-22 08:30:00-04:00,2019-08-22 10:15:00-04:00,1.1105800000000001,1.10821,1.0,stack_break,-0.0023700000000002053,-238.50000000002052
ma3_ema9_21_50_15m_follow_pmc,short,2019-08-22 11:15:00-04:00,2019-08-22 14:00:00-04:00,1.10656,1.10877,1.0,stack_break,-0.0022100000000000453,-222.50000000000452
ma3_ema9_21_50_15m_follow_pmc,short,2019-08-23 03:45:00-04:00,2019-08-23 13:45:00-04:00,1.10693,1.10698,1.0,stack_break,-5.0000000000105516e-05,-6.500000000010552
ma3_ema9_21_50_15m_follow_pmc,long,2019-08-23 15:15:00-04:00,2019-08-23 16:15:00-04:00,1.11112,1.11344,1.0,session_end,0.0023199999999998777,230.49999999998778
ma3_ema9_21_50_15m_follow_pmc,long,2019-08-26 03:00:00-04:00,2019-08-26 03:15:00-04:00,1.11443,1.1137599999999999,1.0,stack_break,-0.0006700000000001705,-68.50000000001705
ma3_ema9_21_50_15m_follow_pmc,long,2019-08-26 05:30:00-04:00,2019-08-26 07:15:00-04:00,1.1144500000000002,1.1130799999999998,1.0,stack_break,-0.0013700000000003154,-138.50000000003155
ma3_ema9_21_50_15m_follow_pmc,long,2019-08-27 08:30:00-04:00,2019-08-27 12:00:00-04:00,1.1109600000000002,1.1102599999999998,1.0,stack_break,-0.000700000000000367,-71.50000000003669
ma3_ema9_21_50_15m_follow_pmc,long,2019-08-28 10:45:00-04:00,2019-08-28 12:00:00-04:00,1.10941,1.1085699999999998,1.0,stack_break,-0.0008400000000001739,-85.5000000000174
ma3_ema9_21_50_15m_follow_pmc,long,2019-08-29 03:00:00-04:00,2019-08-29 03:15:00-04:00,1.1082200000000002,1.10818,1.0,stack_break,-4.000000000026205e-05,-5.500000000026205
ma3_ema9_21_50_15m_follow_pmc,long,2019-08-29 04:15:00-04:00,2019-08-29 05:00:00-04:00,1.10846,1.10812,1.0,stack_break,-0.00034000000000000696,-35.500000000000696
ma3_ema9_21_50_15m_follow_pmc,long,2019-08-29 06:00:00-04:00,2019-08-29 07:15:00-04:00,1.10853,1.10777,1.0,stack_break,-0.0007600000000000939,-77.5000000000094
ma3_ema9_21_50_15m_follow_pmc,short,2019-08-29 11:30:00-04:00,2019-08-29 16:15:00-04:00,1.10696,1.10593,1.0,session_end,0.0010299999999998644,101.49999999998644
ma3_ema9_21_50_15m_follow_pmc,short,2019-08-30 03:00:00-04:00,2019-08-30 14:15:00-04:00,1.1044999999999998,1.1046600000000002,1.0,stack_break,-0.00016000000000038206,-17.500000000038206
ma3_ema9_21_50_15m_follow_pmc,short,2019-08-30 14:45:00-04:00,2019-08-30 16:15:00-04:00,1.1036599999999999,1.0990000000000002,1.0,session_end,0.004659999999999664,464.49999999996646
ma3_ema9_21_50_15m_follow_pmc,short,2019-09-02 05:45:00-04:00,2019-09-02 16:15:00-04:00,1.0987399999999998,1.0969000000000002,1.0,session_end,0.0018399999999996197,182.49999999996197
ma3_ema9_21_50_15m_follow_pmc,short,2019-09-03 03:00:00-04:00,2019-09-03 09:00:00-04:00,1.0932099999999998,1.09491,1.0,stack_break,-0.0017000000000002569,-171.5000000000257
ma3_ema9_21_50_15m_follow_pmc,short,2019-09-03 10:30:00-04:00,2019-09-03 13:45:00-04:00,1.09391,1.0944900000000002,1.0,stack_break,-0.000580000000000247,-59.5000000000247
ma3_ema9_21_50_15m_follow_pmc,long,2019-09-04 08:15:00-04:00,2019-09-04 16:15:00-04:00,1.09932,1.10231,1.0,session_end,0.002989999999999826,297.4999999999826
ma3_ema9_21_50_15m_follow_pmc,long,2019-09-05 08:00:00-04:00,2019-09-05 15:45:00-04:00,1.1043100000000001,1.1044999999999998,1.0,stack_break,0.00018999999999969042,17.49999999996904
ma3_ema9_21_50_15m_follow_pmc,long,2019-09-06 06:30:00-04:00,2019-09-06 09:45:00-04:00,1.10427,1.10337,1.0,stack_break,-0.0009000000000001229,-91.50000000001229
ma3_ema9_21_50_15m_follow_pmc,long,2019-09-06 14:00:00-04:00,2019-09-06 16:15:00-04:00,1.10548,1.1039599999999998,1.0,session_end,-0.0015200000000001879,-153.5000000000188
ma3_ema9_21_50_15m_follow_pmc,long,2019-09-09 08:30:00-04:00,2019-09-09 11:30:00-04:00,1.1033600000000001,1.10238,1.0,stack_break,-0.000980000000000203,-99.5000000000203
ma3_ema9_21_50_15m_follow_pmc,long,2019-09-09 12:00:00-04:00,2019-09-09 16:15:00-04:00,1.1033000000000002,1.1058999999999999,1.0,session_end,0.0025999999999997137,258.49999999997135
ma3_ema9_21_50_15m_follow_pmc,long,2019-09-10 07:30:00-04:00,2019-09-10 08:30:00-04:00,1.10546,1.10388,1.0,stack_break,-0.0015800000000001369,-159.5000000000137
ma3_ema9_21_50_15m_follow_pmc,long,2019-09-11 03:00:00-04:00,2019-09-11 06:45:00-04:00,1.10511,1.10431,1.0,stack_break,-0.0008000000000001339,-81.50000000001339
ma3_ema9_21_50_15m_follow_pmc,long,2019-09-12 04:30:00-04:00,2019-09-12 06:45:00-04:00,1.1014000000000002,1.10083,1.0,stack_break,-0.0005700000000001815,-58.50000000001815
ma3_ema9_21_50_15m_follow_pmc,long,2019-09-12 07:30:00-04:00,2019-09-12 12:15:00-04:00,1.10173,1.09655,1.0,stack_break,-0.0051800000000001845,-519.5000000000184
ma3_ema9_21_50_15m_follow_pmc,short,2019-09-12 12:30:00-04:00,2019-09-12 14:30:00-04:00,1.0963399999999999,1.1051700000000002,1.0,stack_break,-0.008830000000000338,-884.5000000000338
ma3_ema9_21_50_15m_follow_pmc,long,2019-09-12 15:00:00-04:00,2019-09-12 16:15:00-04:00,1.1057000000000001,1.1068099999999998,1.0,session_end,0.0011099999999997223,109.49999999997223
ma3_ema9_21_50_15m_follow_pmc,long,2019-09-13 03:00:00-04:00,2019-09-13 13:15:00-04:00,1.10661,1.1085699999999998,1.0,stack_break,0.0019599999999997397,194.49999999997397
ma3_ema9_21_50_15m_follow_pmc,long,2019-09-17 09:15:00-04:00,2019-09-17 16:15:00-04:00,1.10148,1.10628,1.0,session_end,0.0047999999999999154,478.49999999999153
ma3_ema9_21_50_15m_follow_pmc,long,2019-09-18 16:00:00-04:00,2019-09-18 16:15:00-04:00,1.1064,1.1059899999999998,1.0,session_end,-0.0004100000000002435,-42.50000000002435
ma3_ema9_21_50_15m_follow_pmc,long,2019-09-19 07:00:00-04:00,2019-09-19 15:00:00-04:00,1.1048900000000001,1.10509,1.0,stack_break,0.00019999999999975593,18.499999999975593
ma3_ema9_21_50_15m_follow_pmc,long,2019-09-20 03:00:00-04:00,2019-09-20 09:15:00-04:00,1.1056300000000001,1.10472,1.0,stack_break,-0.0009100000000001884,-92.50000000001884
ma3_ema9_21_50_15m_follow_pmc,long,2019-09-23 06:15:00-04:00,2019-09-23 07:15:00-04:00,1.10251,1.10141,1.0,stack_break,-0.001100000000000101,-111.50000000001009
ma3_ema9_21_50_15m_follow_pmc,short,2019-09-23 07:45:00-04:00,2019-09-23 14:45:00-04:00,1.09862,1.0993000000000002,1.0,stack_break,-0.000680000000000236,-69.50000000002359
ma3_ema9_21_50_15m_follow_pmc,short,2019-09-24 06:30:00-04:00,2019-09-24 08:15:00-04:00,1.09858,1.0992700000000002,1.0,stack_break,-0.0006900000000003015,-70.50000000003016
ma3_ema9_21_50_15m_follow_pmc,long,2019-09-24 09:30:00-04:00,2019-09-24 11:15:00-04:00,1.0997000000000001,1.09876,1.0,stack_break,-0.0009400000000001629,-95.50000000001629
ma3_ema9_21_50_15m_follow_pmc,long,2019-09-24 11:45:00-04:00,2019-09-24 16:15:00-04:00,1.09959,1.09978,1.0,session_end,0.00018999999999991246,17.499999999991246
ma3_ema9_21_50_15m_follow_pmc,short,2019-09-25 12:00:00-04:00,2019-09-25 16:15:00-04:00,1.09863,1.0950300000000002,1.0,session_end,0.0035999999999998256,358.49999999998255
ma3_ema9_21_50_15m_follow_pmc,short,2019-09-26 06:45:00-04:00,2019-09-26 13:15:00-04:00,1.0949399999999998,1.09477,1.0,stack_break,0.00016999999999978144,15.499999999978144
ma3_ema9_21_50_15m_follow_pmc,short,2019-09-26 15:45:00-04:00,2019-09-26 16:15:00-04:00,1.0932899999999999,1.0938700000000001,1.0,session_end,-0.000580000000000247,-59.5000000000247
ma3_ema9_21_50_15m_follow_pmc,short,2019-09-27 03:00:00-04:00,2019-09-27 04:00:00-04:00,1.0919899999999998,1.0923100000000001,1.0,stack_break,-0.00032000000000032003,-33.500000000032
ma3_ema9_21_50_15m_follow_pmc,short,2019-09-27 06:30:00-04:00,2019-09-27 08:45:00-04:00,1.09133,1.0926600000000002,1.0,stack_break,-0.0013300000000002754,-134.50000000002754
ma3_ema9_21_50_15m_follow_pmc,short,2019-09-30 03:00:00-04:00,2019-09-30 06:00:00-04:00,1.09331,1.0938800000000002,1.0,stack_break,-0.0005700000000001815,-58.50000000001815
ma3_ema9_21_50_15m_follow_pmc,short,2019-09-30 06:30:00-04:00,2019-09-30 07:00:00-04:00,1.09333,1.0942200000000002,1.0,stack_break,-0.0008900000000002795,-90.50000000002794
ma3_ema9_21_50_15m_follow_pmc,short,2019-09-30 09:15:00-04:00,2019-09-30 16:15:00-04:00,1.0932899999999999,1.09041,1.0,session_end,0.0028799999999997716,286.49999999997715
ma3_ema9_21_50_15m_follow_pmc,short,2019-10-01 03:00:00-04:00,2019-10-01 09:15:00-04:00,1.0887499999999999,1.08936,1.0,stack_break,-0.0006100000000002215,-62.50000000002215
ma3_ema9_21_50_15m_follow_pmc,long,2019-10-01 11:15:00-04:00,2019-10-01 14:00:00-04:00,1.0902800000000001,1.0887799999999999,1.0,stack_break,-0.0015000000000002789,-151.50000000002788
ma3_ema9_21_50_15m_follow_pmc,long,2019-10-01 14:15:00-04:00,2019-10-01 16:15:00-04:00,1.09101,1.0930199999999999,1.0,session_end,0.0020099999999998452,199.49999999998454
ma3_ema9_21_50_15m_follow_pmc,long,2019-10-02 03:00:00-04:00,2019-10-02 04:45:00-04:00,1.09365,1.09314,1.0,stack_break,-0.0005100000000000104,-52.500000000001044
ma3_ema9_21_50_15m_follow_pmc,long,2019-10-02 13:45:00-04:00,2019-10-02 16:15:00-04:00,1.09409,1.09507,1.0,session_end,0.0009799999999999809,96.4999999999981
ma3_ema9_21_50_15m_follow_pmc,long,2019-10-03 09:30:00-04:00,2019-10-03 10:15:00-04:00,1.0959800000000002,1.09463,1.0,stack_break,-0.0013500000000001844,-136.50000000001845
ma3_ema9_21_50_15m_follow_pmc,long,2019-10-03 11:30:00-04:00,2019-10-03 16:15:00-04:00,1.0965900000000002,1.0988499999999999,1.0,session_end,0.0022599999999997067,224.49999999997067
ma3_ema9_21_50_15m_follow_pmc,long,2019-10-04 03:00:00-04:00,2019-10-04 05:00:00-04:00,1.09796,1.0973199999999999,1.0,stack_break,-0.000640000000000196,-65.5000000000196
ma3_ema9_21_50_15m_follow_pmc,long,2019-10-04 09:45:00-04:00,2019-10-04 13:00:00-04:00,1.09813,1.09632,1.0,stack_break,-0.0018100000000000893,-182.50000000000892
ma3_ema9_21_50_15m_follow_pmc,long,2019-10-04 15:30:00-04:00,2019-10-04 16:15:00-04:00,1.0985500000000001,1.0972,1.0,session_end,-0.0013500000000001844,-136.50000000001845
ma3_ema9_21_50_15m_follow_pmc,long,2019-10-07 03:00:00-04:00,2019-10-07 04:00:00-04:00,1.0985800000000001,1.0978599999999998,1.0,stack_break,-0.000720000000000276,-73.5000000000276
ma3_ema9_21_50_15m_follow_pmc,long,2019-10-07 12:30:00-04:00,2019-10-07 16:15:00-04:00,1.0992600000000001,1.0983699999999998,1.0,session_end,-0.0008900000000002795,-90.50000000002794
ma3_ema9_21_50_15m_follow_pmc,long,2019-10-08 06:30:00-04:00,2019-10-08 13:30:00-04:00,1.09813,1.09737,1.0,stack_break,-0.0007600000000000939,-77.5000000000094
ma3_ema9_21_50_15m_follow_pmc,long,2019-10-09 04:15:00-04:00,2019-10-09 06:30:00-04:00,1.09637,1.0956599999999999,1.0,stack_break,-0.0007100000000002105,-72.50000000002105
ma3_ema9_21_50_15m_follow_pmc,long,2019-10-09 07:30:00-04:00,2019-10-09 16:15:00-04:00,1.0970300000000002,1.0976,1.0,session_end,0.0005699999999997374,55.49999999997374
ma3_ema9_21_50_15m_follow_pmc,long,2019-10-10 03:00:00-04:00,2019-10-10 15:15:00-04:00,1.09897,1.1011,1.0,stack_break,0.0021299999999999653,211.49999999999653
ma3_ema9_21_50_15m_follow_pmc,long,2019-10-11 03:00:00-04:00,2019-10-11 08:00:00-04:00,1.1017800000000002,1.101,1.0,stack_break,-0.000780000000000225,-79.5000000000225
ma3_ema9_21_50_15m_follow_pmc,long,2019-10-11 10:00:00-04:00,2019-10-11 16:15:00-04:00,1.10169,1.10395,1.0,session_end,0.0022599999999999287,224.49999999999287
ma3_ema9_21_50_15m_follow_pmc,long,2019-10-14 10:30:00-04:00,2019-10-14 12:15:00-04:00,1.1039400000000001,1.10256,1.0,stack_break,-0.0013800000000001589,-139.5000000000159
ma3_ema9_21_50_15m_follow_pmc,long,2019-10-15 03:00:00-04:00,2019-10-15 07:45:00-04:00,1.1026600000000002,1.10201,1.0,stack_break,-0.0006500000000002615,-66.50000000002615
ma3_ema9_21_50_15m_follow_pmc,long,2019-10-16 04:45:00-04:00,2019-10-16 05:00:00-04:00,1.10318,1.1028799999999999,1.0,stack_break,-0.000300000000000189,-31.5000000000189
ma3_ema9_21_50_15m_follow_pmc,long,2019-10-16 05:15:00-04:00,2019-10-16 09:30:00-04:00,1.1031000000000002,1.10269,1.0,stack_break,-0.0004100000000002435,-42.50000000002435
ma3_ema9_21_50_15m_follow_pmc,long,2019-10-16 13:00:00-04:00,2019-10-16 16:15:00-04:00,1.1043500000000002,1.1072799999999998,1.0,session_end,0.002929999999999655,291.4999999999655
ma3_ema9_21_50_15m_follow_pmc,long,2019-10-17 03:00:00-04:00,2019-10-17 05:00:00-04:00,1.10782,1.1074499999999998,1.0,stack_break,-0.0003700000000002035,-38.50000000002035
ma3_ema9_21_50_15m_follow_pmc,long,2019-10-17 08:00:00-04:00,2019-10-17 16:15:00-04:00,1.10819,1.1127399999999998,1.0,session_end,0.004549999999999832,453.4999999999832
ma3_ema9_21_50_15m_follow_pmc,long,2019-10-18 03:00:00-04:00,2019-10-18 03:15:00-04:00,1.1126600000000002,1.1122999999999998,1.0,stack_break,-0.00036000000000036003,-37.500000000036
ma3_ema9_21_50_15m_follow_pmc,long,2019-10-18 03:30:00-04:00,2019-10-18 05:00:00-04:00,1.11274,1.11212,1.0,stack_break,-0.0006200000000000649,-63.500000000006494
ma3_ema9_21_50_15m_follow_pmc,long,2019-10-18 08:45:00-04:00,2019-10-18 16:15:00-04:00,1.1129300000000002,1.1153099999999998,1.0,session_end,0.0023799999999996047,236.49999999996047
ma3_ema9_21_50_15m_follow_pmc,long,2019-10-21 03:30:00-04:00,2019-10-21 06:15:00-04:00,1.1158400000000002,1.11523,1.0,stack_break,-0.0006100000000002215,-62.50000000002215
ma3_ema9_21_50_15m_follow_pmc,long,2019-10-21 08:00:00-04:00,2019-10-21 13:15:00-04:00,1.1159700000000001,1.11598,1.0,stack_break,9.999999999843467e-06,-0.5000000000156533
ma3_ema9_21_50_15m_follow_pmc,long,2019-10-22 06:00:00-04:00,2019-10-22 07:30:00-04:00,1.11534,1.11458,1.0,stack_break,-0.0007600000000000939,-77.5000000000094
ma3_ema9_21_50_15m_follow_pmc,long,2019-10-24 03:00:00-04:00,2019-10-24 06:15:00-04:00,1.11385,1.1131799999999998,1.0,stack_break,-0.0006700000000001705,-68.50000000001705
ma3_ema9_21_50_15m_follow_pmc,long,2019-10-24 07:30:00-04:00,2019-10-24 08:45:00-04:00,1.11552,1.11248,1.0,stack_break,-0.0030400000000001537,-305.50000000001535
ma3_ema9_21_50_15m_follow_pmc,long,2019-10-24 13:30:00-04:00,2019-10-24 14:00:00-04:00,1.1144200000000002,1.11246,1.0,stack_break,-0.001960000000000184,-197.5000000000184
ma3_ema9_21_50_15m_follow_pmc,long,2019-10-25 08:15:00-04:00,2019-10-25 12:00:00-04:00,1.11173,1.1106999999999998,1.0,stack_break,-0.0010300000000003084,-104.50000000003084
ma3_ema9_21_50_15m_follow_pmc,long,2019-10-28 07:15:00-04:00,2019-10-28 13:45:00-04:00,1.1089900000000001,1.10909,1.0,stack_break,9.999999999976694e-05,8.499999999976694
ma3_ema9_21_50_15m_follow_pmc,long,2019-10-28 14:15:00-04:00,2019-10-28 15:15:00-04:00,1.10938,1.1090099999999998,1.0,stack_break,-0.0003700000000002035,-38.50000000002035
ma3_ema9_21_50_15m_follow_pmc,long,2019-10-29 14:30:00-04:00,2019-10-29 16:15:00-04:00,1.1100400000000001,1.1117,1.0,session_end,0.0016599999999997728,164.49999999997726
ma3_ema9_21_50_15m_follow_pmc,long,2019-10-30 06:00:00-04:00,2019-10-30 12:00:00-04:00,1.1111000000000002,1.1111499999999999,1.0,stack_break,4.9999999999661426e-05,3.4999999999661426
ma3_ema9_21_50_15m_follow_pmc,long,2019-10-30 15:00:00-04:00,2019-10-30 15:15:00-04:00,1.11165,1.1111799999999998,1.0,stack_break,-0.0004700000000001925,-48.50000000001925
ma3_ema9_21_50_15m_follow_pmc,long,2019-10-30 15:30:00-04:00,2019-10-30 16:15:00-04:00,1.112,1.1123299999999998,1.0,session_end,0.0003299999999997194,31.49999999997194
ma3_ema9_21_50_15m_follow_pmc,long,2019-10-31 04:00:00-04:00,2019-10-31 07:00:00-04:00,1.1166900000000002,1.11604,1.0,stack_break,-0.0006500000000002615,-66.50000000002615
ma3_ema9_21_50_15m_follow_pmc,long,2019-10-31 07:15:00-04:00,2019-10-31 11:30:00-04:00,1.1164500000000002,1.11607,1.0,stack_break,-0.000380000000000269,-39.5000000000269
ma3_ema9_21_50_15m_follow_pmc,long,2019-11-01 04:00:00-04:00,2019-11-01 09:00:00-04:00,1.1163800000000001,1.1158,1.0,stack_break,-0.000580000000000247,-59.5000000000247
ma3_ema9_21_50_15m_follow_pmc,short,2019-11-01 10:15:00-04:00,2019-11-01 14:45:00-04:00,1.1147999999999998,1.1161100000000002,1.0,stack_break,-0.0013100000000003664,-132.50000000003664
ma3_ema9_21_50_15m_follow_pmc,long,2019-11-01 15:30:00-04:00,2019-11-01 16:15:00-04:00,1.11688,1.11703,1.0,session_end,0.00014999999999987246,13.499999999987246
ma3_ema9_21_50_15m_follow_pmc,long,2019-11-04 03:00:00-05:00,2019-11-04 08:30:00-05:00,1.1170200000000001,1.11519,1.0,stack_break,-0.0018300000000002203,-184.50000000002203
ma3_ema9_21_50_15m_follow_pmc,short,2019-11-04 14:00:00-05:00,2019-11-04 16:15:00-05:00,1.11543,1.11572,1.0,session_end,-0.0002900000000001235,-30.50000000001235
ma3_ema9_21_50_15m_follow_pmc,short,2019-11-05 03:00:00-05:00,2019-11-05 06:45:00-05:00,1.1121699999999999,1.11288,1.0,stack_break,-0.0007100000000002105,-72.50000000002105
ma3_ema9_21_50_15m_follow_pmc,short,2019-11-05 11:15:00-05:00,2019-11-05 16:15:00-05:00,1.1121299999999998,1.10756,1.0,session_end,0.004569999999999741,455.4999999999741
ma3_ema9_21_50_15m_follow_pmc,short,2019-11-06 05:00:00-05:00,2019-11-06 06:45:00-05:00,1.1069799999999999,1.1077800000000002,1.0,stack_break,-0.000800000000000356,-81.5000000000356
ma3_ema9_21_50_15m_follow_pmc,short,2019-11-07 03:00:00-05:00,2019-11-07 07:45:00-05:00,1.1058999999999999,1.1068600000000002,1.0,stack_break,-0.000960000000000294,-97.50000000002939
ma3_ema9_21_50_15m_follow_pmc,short,2019-11-07 15:30:00-05:00,2019-11-07 16:15:00-05:00,1.1057199999999998,1.10446,1.0,session_end,0.0012599999999998168,124.49999999998168
ma3_ema9_21_50_15m_follow_pmc,short,2019-11-08 05:15:00-05:00,2019-11-08 06:15:00-05:00,1.10475,1.10531,1.0,stack_break,-0.000560000000000116,-57.500000000011596
ma3_ema9_21_50_15m_follow_pmc,short,2019-11-08 07:45:00-05:00,2019-11-08 16:15:00-05:00,1.1048699999999998,1.1020800000000002,1.0,session_end,0.002789999999999626,277.4999999999626
ma3_ema9_21_50_15m_follow_pmc,short,2019-11-11 03:00:00-05:00,2019-11-11 03:45:00-05:00,1.10211,1.10223,1.0,stack_break,-0.00012000000000012001,-13.500000000012001
ma3_ema9_21_50_15m_follow_pmc,short,2019-11-12 03:00:00-05:00,2019-11-12 05:00:00-05:00,1.10272,1.10339,1.0,stack_break,-0.0006700000000001705,-68.50000000001705
ma3_ema9_21_50_15m_follow_pmc,short,2019-11-12 08:00:00-05:00,2019-11-12 16:15:00-05:00,1.10289,1.1010700000000002,1.0,session_end,0.0018199999999997107,180.49999999997107
ma3_ema9_21_50_15m_follow_pmc,short,2019-11-13 03:00:00-05:00,2019-11-13 03:15:00-05:00,1.1011,1.10152,1.0,stack_break,-0.00042000000000008697,-43.5000000000087
ma3_ema9_21_50_15m_follow_pmc,short,2019-11-13 07:45:00-05:00,2019-11-13 10:15:00-05:00,1.10097,1.1018100000000002,1.0,stack_break,-0.0008400000000001739,-85.5000000000174
ma3_ema9_21_50_15m_follow_pmc,short,2019-11-13 12:00:00-05:00,2019-11-13 16:15:00-05:00,1.1008499999999999,1.1009600000000002,1.0,session_end,-0.00011000000000027654,-12.500000000027654
ma3_ema9_21_50_15m_follow_pmc,short,2019-11-14 03:00:00-05:00,2019-11-14 08:15:00-05:00,1.09997,1.10105,1.0,stack_break,-0.001080000000000192,-109.50000000001918
ma3_ema9_21_50_15m_follow_pmc,short,2019-11-14 10:30:00-05:00,2019-11-14 14:45:00-05:00,1.10002,1.10033,1.0,stack_break,-0.00031000000000003247,-32.50000000000325
ma3_ema9_21_50_15m_follow_pmc,short,2019-11-14 15:45:00-05:00,2019-11-14 16:00:00-05:00,1.09971,1.0999800000000002,1.0,stack_break,-0.0002700000000002145,-28.50000000002145
ma3_ema9_21_50_15m_follow_pmc,short,2019-11-19 09:45:00-05:00,2019-11-19 12:15:00-05:00,1.10655,1.10775,1.0,stack_break,-0.0012000000000000899,-121.50000000000898
ma3_ema9_21_50_15m_follow_pmc,short,2019-11-20 03:00:00-05:00,2019-11-20 15:00:00-05:00,1.1074599999999999,1.10721,1.0,stack_break,0.00024999999999986144,23.499999999986144
ma3_ema9_21_50_15m_follow_pmc,short,2019-11-21 16:00:00-05:00,2019-11-21 16:15:00-05:00,1.1070499999999999,1.10758,1.0,session_end,-0.0005300000000001415,-54.50000000001415
ma3_ema9_21_50_15m_follow_pmc,short,2019-11-22 09:45:00-05:00,2019-11-22 16:15:00-05:00,1.1051199999999999,1.1033700000000002,1.0,session_end,0.0017499999999996962,173.49999999996962
ma3_ema9_21_50_15m_follow_pmc,short,2019-11-25 03:30:00-05:00,2019-11-25 06:00:00-05:00,1.1019599999999998,1.10264,1.0,stack_break,-0.000680000000000236,-69.50000000002359
ma3_ema9_21_50_15m_follow_pmc,short,2019-11-25 09:30:00-05:00,2019-11-25 15:30:00-05:00,1.1018599999999998,1.1023,1.0,stack_break,-0.000440000000000218,-45.5000000000218
ma3_ema9_21_50_15m_follow_pmc,short,2019-11-26 03:00:00-05:00,2019-11-26 03:30:00-05:00,1.1010099999999998,1.1013000000000002,1.0,stack_break,-0.00029000000000034554,-30.500000000034554
ma3_ema9_21_50_15m_follow_pmc,short,2019-11-27 03:00:00-05:00,2019-11-27 16:15:00-05:00,1.1016,1.0999500000000002,1.0,session_end,0.0016499999999997073,163.49999999997073
ma3_ema9_21_50_15m_follow_pmc,short,2019-11-28 13:15:00-05:00,2019-11-28 16:15:00-05:00,1.10021,1.10071,1.0,session_end,-0.000500000000000167,-51.5000000000167
ma3_ema9_21_50_15m_follow_pmc,short,2019-11-29 09:15:00-05:00,2019-11-29 15:45:00-05:00,1.10049,1.1011000000000002,1.0,stack_break,-0.0006100000000002215,-62.50000000002215
ma3_ema9_21_50_15m_follow_pmc,long,2019-12-02 03:00:00-05:00,2019-12-02 03:45:00-05:00,1.1018100000000002,1.10168,1.0,stack_break,-0.00013000000000018552,-14.500000000018552
ma3_ema9_21_50_15m_follow_pmc,long,2019-12-02 04:30:00-05:00,2019-12-02 06:45:00-05:00,1.1020400000000001,1.1016599999999999,1.0,stack_break,-0.000380000000000269,-39.5000000000269
ma3_ema9_21_50_15m_follow_pmc,long,2019-12-02 08:00:00-05:00,2019-12-02 09:00:00-05:00,1.10213,1.10158,1.0,stack_break,-0.0005500000000000504,-56.500000000005045
ma3_ema9_21_50_15m_follow_pmc,short,2019-12-02 10:45:00-05:00,2019-12-02 13:30:00-05:00,1.10141,1.1023800000000001,1.0,stack_break,-0.0009700000000001374,-98.50000000001374
ma3_ema9_21_50_15m_follow_pmc,long,2019-12-02 14:00:00-05:00,2019-12-02 16:15:00-05:00,1.1030600000000002,1.10717,1.0,session_end,0.004109999999999836,409.49999999998363
ma3_ema9_21_50_15m_follow_pmc,long,2019-12-03 04:30:00-05:00,2019-12-03 06:00:00-05:00,1.10772,1.1073,1.0,stack_break,-0.00042000000000008697,-43.5000000000087
ma3_ema9_21_50_15m_follow_pmc,long,2019-12-03 07:00:00-05:00,2019-12-03 11:00:00-05:00,1.10766,1.1069799999999999,1.0,stack_break,-0.000680000000000236,-69.50000000002359
ma3_ema9_21_50_15m_follow_pmc,long,2019-12-03 14:45:00-05:00,2019-12-03 16:15:00-05:00,1.1083900000000002,1.1082699999999999,1.0,session_end,-0.00012000000000034206,-13.500000000034206
ma3_ema9_21_50_15m_follow_pmc,long,2019-12-04 09:15:00-05:00,2019-12-04 09:30:00-05:00,1.1087300000000002,1.1075799999999998,1.0,stack_break,-0.0011500000000004285,-116.50000000004285
ma3_ema9_21_50_15m_follow_pmc,long,2019-12-04 13:45:00-05:00,2019-12-04 16:15:00-05:00,1.10887,1.10875,1.0,session_end,-0.00012000000000012001,-13.500000000012001
ma3_ema9_21_50_15m_follow_pmc,long,2019-12-05 03:00:00-05:00,2019-12-05 07:00:00-05:00,1.1083,1.1080699999999999,1.0,stack_break,-0.0002300000000001745,-24.50000000001745
ma3_ema9_21_50_15m_follow_pmc,long,2019-12-05 07:45:00-05:00,2019-12-05 08:15:00-05:00,1.1084900000000002,1.10797,1.0,stack_break,-0.000520000000000298,-53.5000000000298
ma3_ema9_21_50_15m_follow_pmc,long,2019-12-05 08:30:00-05:00,2019-12-05 16:15:00-05:00,1.10853,1.1091799999999998,1.0,session_end,0.0006499999999998174,63.49999999998174
ma3_ema9_21_50_15m_follow_pmc,long,2019-12-06 03:00:00-05:00,2019-12-06 06:45:00-05:00,1.1108,1.1103399999999999,1.0,stack_break,-0.000460000000000127,-47.5000000000127
ma3_ema9_21_50_15m_follow_pmc,long,2019-12-06 08:45:00-05:00,2019-12-06 09:30:00-05:00,1.1106500000000001,1.1101299999999998,1.0,stack_break,-0.000520000000000298,-53.5000000000298
ma3_ema9_21_50_15m_follow_pmc,long,2019-12-09 08:30:00-05:00,2019-12-09 16:15:00-05:00,1.10677,1.10702,1.0,session_end,0.00024999999999986144,23.499999999986144
ma3_ema9_21_50_15m_follow_pmc,long,2019-12-10 03:00:00-05:00,2019-12-10 07:00:00-05:00,1.1069,1.1065699999999998,1.0,stack_break,-0.0003300000000001635,-34.50000000001635
ma3_ema9_21_50_15m_follow_pmc,long,2019-12-10 07:30:00-05:00,2019-12-10 16:15:00-05:00,1.10697,1.10886,1.0,session_end,0.0018899999999999473,187.4999999999947
ma3_ema9_21_50_15m_follow_pmc,long,2019-12-11 03:00:00-05:00,2019-12-11 04:30:00-05:00,1.1093300000000001,1.10909,1.0,stack_break,-0.00024000000000024002,-25.500000000024002
ma3_ema9_21_50_15m_follow_pmc,long,2019-12-11 15:30:00-05:00,2019-12-11 16:15:00-05:00,1.10928,1.10849,1.0,session_end,-0.0007900000000000684,-80.50000000000685
ma3_ema9_21_50_15m_follow_pmc,long,2019-12-12 03:00:00-05:00,2019-12-12 08:30:00-05:00,1.1141,1.11363,1.0,stack_break,-0.0004700000000001925,-48.50000000001925
ma3_ema9_21_50_15m_follow_pmc,long,2019-12-12 13:30:00-05:00,2019-12-12 15:30:00-05:00,1.1137800000000002,1.11214,1.0,stack_break,-0.0016400000000003079,-165.50000000003078
ma3_ema9_21_50_15m_follow_pmc,long,2019-12-13 03:00:00-05:00,2019-12-13 07:00:00-05:00,1.1178400000000002,1.11686,1.0,stack_break,-0.000980000000000203,-99.5000000000203
ma3_ema9_21_50_15m_follow_pmc,long,2019-12-13 08:45:00-05:00,2019-12-13 13:45:00-05:00,1.11739,1.11733,1.0,stack_break,-6.000000000017103e-05,-7.500000000017103
ma3_ema9_21_50_15m_follow_pmc,long,2019-12-16 07:00:00-05:00,2019-12-16 09:30:00-05:00,1.11406,1.1128099999999999,1.0,stack_break,-0.0012500000000001954,-126.50000000001954
ma3_ema9_21_50_15m_follow_pmc,long,2019-12-16 10:45:00-05:00,2019-12-16 16:15:00-05:00,1.1140700000000001,1.1134499999999998,1.0,session_end,-0.000620000000000287,-63.5000000000287
ma3_ema9_21_50_15m_follow_pmc,long,2019-12-17 03:45:00-05:00,2019-12-17 08:00:00-05:00,1.11464,1.11431,1.0,stack_break,-0.0003300000000001635,-34.50000000001635
ma3_ema9_21_50_15m_follow_pmc,long,2019-12-17 10:30:00-05:00,2019-12-17 15:15:00-05:00,1.11539,1.1152099999999998,1.0,stack_break,-0.00018000000000029104,-19.500000000029104
ma3_ema9_21_50_15m_follow_pmc,long,2019-12-17 16:00:00-05:00,2019-12-17 16:15:00-05:00,1.1157000000000001,1.11489,1.0,session_end,-0.0008100000000001994,-82.50000000001995
ma3_ema9_21_50_15m_follow_pmc,long,2019-12-19 03:15:00-05:00,2019-12-19 12:45:00-05:00,1.1127200000000002,1.11177,1.0,stack_break,-0.0009500000000002284,-96.50000000002285
ma3_ema9_21_50_15m_follow_pmc,long,2019-12-23 08:00:00-05:00,2019-12-23 11:45:00-05:00,1.1083200000000002,1.1077299999999999,1.0,stack_break,-0.0005900000000003125,-60.50000000003125
ma3_ema9_21_50_15m_follow_pmc,long,2019-12-23 15:30:00-05:00,2019-12-23 16:15:00-05:00,1.1091700000000002,1.10862,1.0,session_end,-0.0005500000000002725,-56.50000000002725
ma3_ema9_21_50_15m_follow_pmc,long,2019-12-25 04:30:00-05:00,2019-12-25 07:00:00-05:00,1.10864,1.1083299999999998,1.0,stack_break,-0.0003100000000002545,-32.50000000002545
ma3_ema9_21_50_15m_follow_pmc,long,2019-12-26 03:00:00-05:00,2019-12-26 05:15:00-05:00,1.10911,1.10889,1.0,stack_break,-0.000220000000000109,-23.5000000000109
ma3_ema9_21_50_15m_follow_pmc,long,2019-12-26 08:30:00-05:00,2019-12-26 10:45:00-05:00,1.1093300000000001,1.1085099999999999,1.0,stack_break,-0.000820000000000265,-83.50000000002649
ma3_ema9_21_50_15m_follow_pmc,long,2019-12-26 13:45:00-05:00,2019-12-26 16:15:00-05:00,1.10951,1.10984,1.0,session_end,0.00032999999999994145,31.499999999994145
ma3_ema9_21_50_15m_follow_pmc,long,2019-12-27 03:00:00-05:00,2019-12-27 16:15:00-05:00,1.1115700000000002,1.11608,1.0,session_end,0.004509999999999792,449.4999999999792
ma3_ema9_21_50_15m_follow_pmc,long,2019-12-30 03:00:00-05:00,2019-12-30 09:45:00-05:00,1.1204900000000002,1.11899,1.0,stack_break,-0.0015000000000002789,-151.50000000002788
ma3_ema9_21_50_15m_follow_pmc,long,2019-12-30 15:00:00-05:00,2019-12-30 16:15:00-05:00,1.12026,1.1203299999999998,1.0,session_end,6.999999999979245e-05,5.499999999979245
ma3_ema9_21_50_15m_follow_pmc,long,2019-12-31 03:00:00-05:00,2019-12-31 04:30:00-05:00,1.12125,1.1203699999999999,1.0,stack_break,-0.0008800000000002139,-89.5000000000214
ma3_ema9_21_50_15m_follow_pmc,long,2019-12-31 06:45:00-05:00,2019-12-31 08:00:00-05:00,1.12067,1.12042,1.0,stack_break,-0.0002500000000000835,-26.50000000000835
ma3_ema9_21_50_15m_follow_pmc,long,2019-12-31 08:45:00-05:00,2019-12-31 16:15:00-05:00,1.1208500000000001,1.12272,1.0,session_end,0.0018699999999998163,185.49999999998164
ma3_ema9_21_50_15m_follow_pmc,long,2020-01-02 03:00:00-05:00,2020-01-02 04:00:00-05:00,1.12243,1.12133,1.0,stack_break,-0.001100000000000101,-111.50000000001009
ma3_ema9_21_50_15m_follow_pmc,short,2020-01-02 05:15:00-05:00,2020-01-02 16:15:00-05:00,1.12007,1.1201800000000002,1.0,session_end,-0.00011000000000027654,-12.500000000027654
ma3_ema9_21_50_15m_follow_pmc,short,2020-01-03 05:00:00-05:00,2020-01-03 15:00:00-05:00,1.11712,1.11522,1.0,stack_break,0.0018999999999997907,188.49999999997908
ma3_ema9_21_50_15m_follow_pmc,short,2020-01-07 06:30:00-05:00,2020-01-07 16:15:00-05:00,1.11862,1.11426,1.0,session_end,0.0043599999999999195,434.4999999999919
ma3_ema9_21_50_15m_follow_pmc,short,2020-01-08 04:45:00-05:00,2020-01-08 16:15:00-05:00,1.11496,1.11203,1.0,session_end,0.002929999999999877,291.4999999999877
ma3_ema9_21_50_15m_follow_pmc,short,2020-01-09 07:15:00-05:00,2020-01-09 08:00:00-05:00,1.1112,1.1120400000000001,1.0,stack_break,-0.0008400000000001739,-85.5000000000174
ma3_ema9_21_50_15m_follow_pmc,short,2020-01-09 08:30:00-05:00,2020-01-09 13:15:00-05:00,1.11073,1.11141,1.0,stack_break,-0.0006800000000000139,-69.50000000000139
ma3_ema9_21_50_15m_follow_pmc,short,2020-01-09 13:30:00-05:00,2020-01-09 13:45:00-05:00,1.1107099999999999,1.11124,1.0,stack_break,-0.0005300000000001415,-54.50000000001415
ma3_ema9_21_50_15m_follow_pmc,short,2020-01-09 14:45:00-05:00,2020-01-09 16:15:00-05:00,1.1104299999999998,1.1102100000000001,1.0,session_end,0.0002199999999996649,20.49999999996649
ma3_ema9_21_50_15m_follow_pmc,short,2020-01-10 03:00:00-05:00,2020-01-10 03:30:00-05:00,1.11048,1.1108200000000001,1.0,stack_break,-0.000340000000000229,-35.5000000000229
ma3_ema9_21_50_15m_follow_pmc,short,2020-01-10 08:45:00-05:00,2020-01-10 14:00:00-05:00,1.10987,1.1106,1.0,stack_break,-0.0007300000000001194,-74.50000000001194
ma3_ema9_21_50_15m_follow_pmc,short,2020-01-10 14:30:00-05:00,2020-01-10 15:00:00-05:00,1.1093,1.10996,1.0,stack_break,-0.000660000000000105,-67.50000000001049
ma3_ema9_21_50_15m_follow_pmc,short,2020-01-13 11:15:00-05:00,2020-01-13 13:15:00-05:00,1.1118,1.1126200000000002,1.0,stack_break,-0.000820000000000265,-83.50000000002649
ma3_ema9_21_50_15m_follow_pmc,short,2020-01-14 10:15:00-05:00,2020-01-14 16:15:00-05:00,1.11309,1.1122,1.0,session_end,0.0008899999999998354,87.49999999998354
ma3_ema9_21_50_15m_follow_pmc,short,2020-01-15 09:00:00-05:00,2020-01-15 09:45:00-05:00,1.11229,1.11318,1.0,stack_break,-0.0008900000000000574,-90.50000000000574
ma3_ema9_21_50_15m_follow_pmc,short,2020-01-15 10:15:00-05:00,2020-01-15 11:00:00-05:00,1.1126299999999998,1.11322,1.0,stack_break,-0.0005900000000003125,-60.50000000003125
ma3_ema9_21_50_15m_follow_pmc,short,2020-01-16 07:00:00-05:00,2020-01-16 09:00:00-05:00,1.11473,1.1158100000000002,1.0,stack_break,-0.001080000000000192,-109.50000000001918
ma3_ema9_21_50_15m_follow_pmc,short,2020-01-16 15:45:00-05:00,2020-01-16 16:15:00-05:00,1.1134799999999998,1.114,1.0,session_end,-0.000520000000000298,-53.5000000000298
ma3_ema9_21_50_15m_follow_pmc,short,2020-01-17 03:45:00-05:00,2020-01-17 06:45:00-05:00,1.1133,1.1138400000000002,1.0,stack_break,-0.000540000000000207,-55.5000000000207
ma3_ema9_21_50_15m_follow_pmc,short,2020-01-17 09:30:00-05:00,2020-01-17 16:15:00-05:00,1.1135,1.1095300000000001,1.0,session_end,0.003969999999999807,395.4999999999807
ma3_ema9_21_50_15m_follow_pmc,short,2020-01-20 08:30:00-05:00,2020-01-20 16:15:00-05:00,1.1089099999999998,1.10826,1.0,session_end,0.0006499999999998174,63.49999999998174
ma3_ema9_21_50_15m_follow_pmc,short,2020-01-21 09:30:00-05:00,2020-01-21 10:45:00-05:00,1.1089,1.11057,1.0,stack_break,-0.0016700000000000603,-168.50000000000603
ma3_ema9_21_50_15m_follow_pmc,short,2020-01-22 03:00:00-05:00,2020-01-22 06:00:00-05:00,1.10778,1.1085500000000001,1.0,stack_break,-0.0007700000000001594,-78.50000000001594
ma3_ema9_21_50_15m_follow_pmc,short,2020-01-22 07:15:00-05:00,2020-01-22 10:00:00-05:00,1.1079999999999999,1.1088300000000002,1.0,stack_break,-0.0008300000000003305,-84.50000000003305
ma3_ema9_21_50_15m_follow_pmc,short,2020-01-22 12:15:00-05:00,2020-01-22 13:30:00-05:00,1.1077899999999998,1.10887,1.0,stack_break,-0.001080000000000192,-109.50000000001918
ma3_ema9_21_50_15m_follow_pmc,short,2020-01-22 15:15:00-05:00,2020-01-22 16:15:00-05:00,1.10726,1.1077000000000001,1.0,session_end,-0.000440000000000218,-45.5000000000218
ma3_ema9_21_50_15m_follow_pmc,short,2020-01-23 04:15:00-05:00,2020-01-23 07:45:00-05:00,1.1081999999999999,1.10922,1.0,stack_break,-0.001020000000000243,-103.5000000000243
ma3_ema9_21_50_15m_follow_pmc,short,2020-01-23 09:15:00-05:00,2020-01-23 11:15:00-05:00,1.10829,1.1092300000000002,1.0,stack_break,-0.0009400000000001629,-95.50000000001629
ma3_ema9_21_50_15m_follow_pmc,short,2020-01-23 14:30:00-05:00,2020-01-23 16:15:00-05:00,1.1075199999999998,1.1044,1.0,session_end,0.0031199999999997896,310.49999999997897
ma3_ema9_21_50_15m_follow_pmc,short,2020-01-24 03:00:00-05:00,2020-01-24 08:45:00-05:00,1.10516,1.10566,1.0,stack_break,-0.000500000000000167,-51.5000000000167
ma3_ema9_21_50_15m_follow_pmc,short,2020-01-24 09:15:00-05:00,2020-01-24 16:15:00-05:00,1.10455,1.10247,1.0,session_end,0.0020799999999998597,206.49999999998596
ma3_ema9_21_50_15m_follow_pmc,short,2020-01-27 03:45:00-05:00,2020-01-27 07:30:00-05:00,1.10275,1.10335,1.0,stack_break,-0.000600000000000156,-61.500000000015596
ma3_ema9_21_50_15m_follow_pmc,short,2020-01-27 09:15:00-05:00,2020-01-27 14:00:00-05:00,1.1021299999999998,1.1029300000000002,1.0,stack_break,-0.000800000000000356,-81.5000000000356
ma3_ema9_21_50_15m_follow_pmc,short,2020-01-27 15:00:00-05:00,2020-01-27 16:15:00-05:00,1.1020899999999998,1.10125,1.0,session_end,0.0008399999999997299,82.49999999997299
ma3_ema9_21_50_15m_follow_pmc,short,2020-01-28 07:45:00-05:00,2020-01-28 16:15:00-05:00,1.1013799999999998,1.1000500000000002,1.0,session_end,0.0013299999999996093,131.49999999996092
ma3_ema9_21_50_15m_follow_pmc,short,2020-01-29 05:00:00-05:00,2020-01-29 16:00:00-05:00,1.1012199999999999,1.1005800000000001,1.0,stack_break,0.0006399999999997519,62.49999999997519
ma3_ema9_21_50_15m_follow_pmc,short,2020-01-31 04:15:00-05:00,2020-01-31 08:45:00-05:00,1.1023399999999999,1.1027500000000001,1.0,stack_break,-0.0004100000000002435,-42.50000000002435
ma3_ema9_21_50_15m_follow_pmc,short,2020-01-31 09:15:00-05:00,2020-01-31 09:45:00-05:00,1.10204,1.1029000000000002,1.0,stack_break,-0.000860000000000305,-87.5000000000305
ma3_ema9_21_50_15m_follow_pmc,short,2020-02-03 09:15:00-05:00,2020-02-03 16:15:00-05:00,1.10641,1.1058000000000001,1.0,session_end,0.0006099999999997774,59.49999999997774
ma3_ema9_21_50_15m_follow_pmc,short,2020-02-04 03:00:00-05:00,2020-02-04 05:45:00-05:00,1.1056,1.10617,1.0,stack_break,-0.0005700000000001815,-58.50000000001815
ma3_ema9_21_50_15m_follow_pmc,short,2020-02-04 07:30:00-05:00,2020-02-04 16:15:00-05:00,1.1052499999999998,1.1037000000000001,1.0,session_end,0.0015499999999997183,153.49999999997183
ma3_ema9_21_50_15m_follow_pmc,short,2020-02-05 03:00:00-05:00,2020-02-05 08:15:00-05:00,1.1034,1.10392,1.0,stack_break,-0.000520000000000076,-53.500000000007596
ma3_ema9_21_50_15m_follow_pmc,short,2020-02-05 10:00:00-05:00,2020-02-05 16:15:00-05:00,1.10235,1.1003100000000001,1.0,session_end,0.0020399999999998197,202.49999999998198
ma3_ema9_21_50_15m_follow_pmc,short,2020-02-06 03:00:00-05:00,2020-02-06 07:15:00-05:00,1.09971,1.0999700000000001,1.0,stack_break,-0.000260000000000149,-27.5000000000149
ma3_ema9_21_50_15m_follow_pmc,short,2020-02-06 12:15:00-05:00,2020-02-06 13:15:00-05:00,1.0998199999999998,1.10026,1.0,stack_break,-0.000440000000000218,-45.5000000000218
ma3_ema9_21_50_15m_follow_pmc,short,2020-02-06 14:30:00-05:00,2020-02-06 16:15:00-05:00,1.0997899999999998,1.0978700000000001,1.0,session_end,0.0019199999999996997,190.49999999997
ma3_ema9_21_50_15m_follow_pmc,short,2020-02-07 06:15:00-05:00,2020-02-07 15:00:00-05:00,1.09811,1.09721,1.0,stack_break,0.0008999999999999009,88.49999999999008
ma3_ema9_21_50_15m_follow_pmc,short,2020-02-10 08:15:00-05:00,2020-02-10 16:15:00-05:00,1.0946699999999998,1.09236,1.0,session_end,0.002309999999999812,229.4999999999812
ma3_ema9_21_50_15m_follow_pmc,short,2020-02-11 05:00:00-05:00,2020-02-11 09:45:00-05:00,1.0910199999999999,1.0914100000000002,1.0,stack_break,-0.0003900000000003345,-40.50000000003345
ma3_ema9_21_50_15m_follow_pmc,short,2020-02-11 13:30:00-05:00,2020-02-11 15:15:00-05:00,1.0902999999999998,1.09193,1.0,stack_break,-0.0016300000000002424,-164.50000000002424
ma3_ema9_21_50_15m_follow_pmc,short,2020-02-12 04:30:00-05:00,2020-02-12 08:45:00-05:00,1.0914599999999999,1.09223,1.0,stack_break,-0.0007700000000001594,-78.50000000001594
ma3_ema9_21_50_15m_follow_pmc,short,2020-02-12 12:30:00-05:00,2020-02-12 16:15:00-05:00,1.09123,1.08966,1.0,session_end,0.0015699999999998493,155.49999999998494
ma3_ema9_21_50_15m_follow_pmc,short,2020-02-13 03:00:00-05:00,2020-02-13 07:30:00-05:00,1.0871499999999998,1.08745,1.0,stack_break,-0.000300000000000189,-31.5000000000189
ma3_ema9_21_50_15m_follow_pmc,short,2020-02-13 12:00:00-05:00,2020-02-13 16:15:00-05:00,1.0867699999999998,1.08494,1.0,session_end,0.0018299999999997763,181.49999999997763
ma3_ema9_21_50_15m_follow_pmc,short,2020-02-14 03:00:00-05:00,2020-02-14 07:00:00-05:00,1.0834899999999998,1.0838500000000002,1.0,stack_break,-0.00036000000000036003,-37.500000000036
ma3_ema9_21_50_15m_follow_pmc,short,2020-02-14 12:30:00-05:00,2020-02-14 13:30:00-05:00,1.08333,1.08424,1.0,stack_break,-0.0009100000000001884,-92.50000000001884
ma3_ema9_21_50_15m_follow_pmc,short,2020-02-17 03:00:00-05:00,2020-02-17 03:15:00-05:00,1.0838899999999998,1.0839400000000001,1.0,stack_break,-5.000000000032756e-05,-6.500000000032756
ma3_ema9_21_50_15m_follow_pmc,short,2020-02-17 07:00:00-05:00,2020-02-17 08:15:00-05:00,1.0835499999999998,1.0840500000000002,1.0,stack_break,-0.000500000000000389,-51.5000000000389
ma3_ema9_21_50_15m_follow_pmc,short,2020-02-17 13:45:00-05:00,2020-02-17 16:15:00-05:00,1.0836999999999999,1.0831000000000002,1.0,session_end,0.0005999999999997119,58.49999999997119
ma3_ema9_21_50_15m_follow_pmc,short,2020-02-18 03:00:00-05:00,2020-02-18 04:45:00-05:00,1.0827099999999998,1.08325,1.0,stack_break,-0.000540000000000207,-55.5000000000207
ma3_ema9_21_50_15m_follow_pmc,short,2020-02-18 08:45:00-05:00,2020-02-18 16:15:00-05:00,1.0828799999999998,1.0823,1.0,session_end,0.0005799999999998029,56.49999999998029
ma3_ema9_21_50_15m_follow_pmc,short,2020-02-19 05:00:00-05:00,2020-02-19 08:00:00-05:00,1.0795499999999998,1.0802800000000001,1.0,stack_break,-0.0007300000000003415,-74.50000000003415
ma3_ema9_21_50_15m_follow_pmc,short,2020-02-19 11:30:00-05:00,2020-02-19 16:15:00-05:00,1.0793199999999998,1.0791300000000001,1.0,session_end,0.00018999999999969042,17.49999999996904
ma3_ema9_21_50_15m_follow_pmc,short,2020-02-20 04:30:00-05:00,2020-02-20 09:45:00-05:00,1.0796,1.08034,1.0,stack_break,-0.000740000000000185,-75.5000000000185
ma3_ema9_21_50_15m_follow_pmc,short,2020-02-20 11:30:00-05:00,2020-02-20 14:15:00-05:00,1.0789799999999998,1.0806900000000002,1.0,stack_break,-0.0017100000000003224,-172.50000000003223
ma3_ema9_21_50_15m_follow_pmc,short,2020-02-24 03:00:00-05:00,2020-02-24 09:15:00-05:00,1.08265,1.0829000000000002,1.0,stack_break,-0.00025000000000030553,-26.500000000030553
ma3_ema9_21_50_15m_follow_pmc,short,2020-02-24 10:45:00-05:00,2020-02-24 12:45:00-05:00,1.0814,1.08267,1.0,stack_break,-0.0012700000000001044,-128.50000000001043
ma3_ema9_21_50_15m_follow_pmc,short,2020-02-24 13:30:00-05:00,2020-02-24 14:45:00-05:00,1.08174,1.0833700000000002,1.0,stack_break,-0.0016300000000002424,-164.50000000002424
ma3_ema9_21_50_15m_follow_pmc,short,2020-02-25 10:45:00-05:00,2020-02-25 16:00:00-05:00,1.08371,1.08508,1.0,stack_break,-0.0013700000000000934,-138.50000000000932
ma3_ema9_21_50_15m_follow_pmc,short,2020-02-26 14:45:00-05:00,2020-02-26 16:15:00-05:00,1.08608,1.0864900000000002,1.0,session_end,-0.0004100000000002435,-42.50000000002435
ma3_ema9_21_50_15m_follow_pmc,short,2020-02-28 14:00:00-05:00,2020-02-28 16:15:00-05:00,1.0973099999999998,1.0982200000000002,1.0,session_end,-0.0009100000000004105,-92.50000000004104
ma3_ema9_21_50_15m_follow_pmc,long,2020-03-02 03:00:00-05:00,2020-03-02 06:00:00-05:00,1.1061400000000001,1.10441,1.0,stack_break,-0.0017300000000002314,-174.50000000002314
ma3_ema9_21_50_15m_follow_pmc,long,2020-03-02 07:45:00-05:00,2020-03-02 16:15:00-05:00,1.10636,1.11309,1.0,session_end,0.006729999999999903,671.4999999999902
ma3_ema9_21_50_15m_follow_pmc,long,2020-03-03 04:45:00-05:00,2020-03-03 07:30:00-05:00,1.1148,1.11259,1.0,stack_break,-0.0022100000000000453,-222.50000000000452
ma3_ema9_21_50_15m_follow_pmc,long,2020-03-03 15:30:00-05:00,2020-03-03 16:15:00-05:00,1.11888,1.1172399999999998,1.0,session_end,-0.0016400000000003079,-165.50000000003078
ma3_ema9_21_50_15m_follow_pmc,long,2020-03-04 09:45:00-05:00,2020-03-04 10:00:00-05:00,1.1167600000000002,1.1154499999999998,1.0,stack_break,-0.0013100000000003664,-132.50000000003664
ma3_ema9_21_50_15m_follow_pmc,long,2020-03-05 03:00:00-05:00,2020-03-05 06:00:00-05:00,1.11429,1.1134499999999998,1.0,stack_break,-0.0008400000000001739,-85.5000000000174
ma3_ema9_21_50_15m_follow_pmc,long,2020-03-05 09:45:00-05:00,2020-03-05 16:15:00-05:00,1.11586,1.11873,1.0,session_end,0.002869999999999928,285.49999999999284
ma3_ema9_21_50_15m_follow_pmc,long,2020-03-06 03:00:00-05:00,2020-03-06 07:00:00-05:00,1.1236400000000002,1.12245,1.0,stack_break,-0.0011900000000002464,-120.50000000002464
ma3_ema9_21_50_15m_follow_pmc,long,2020-03-06 08:15:00-05:00,2020-03-06 16:15:00-05:00,1.1235000000000002,1.13096,1.0,session_end,0.0074599999999998,744.49999999998
ma3_ema9_21_50_15m_follow_pmc,long,2020-03-09 04:00:00-04:00,2020-03-09 09:30:00-04:00,1.1417400000000002,1.1378199999999998,1.0,stack_break,-0.003920000000000368,-393.5000000000368
ma3_ema9_21_50_15m_follow_pmc,long,2020-03-09 11:00:00-04:00,2020-03-09 16:15:00-04:00,1.1414600000000001,1.14149,1.0,session_end,2.9999999999752447e-05,1.4999999999752447
ma3_ema9_21_50_15m_follow_pmc,long,2020-03-11 05:00:00-04:00,2020-03-11 08:30:00-04:00,1.13352,1.1312399999999998,1.0,stack_break,-0.002280000000000282,-229.5000000000282
ma3_ema9_21_50_15m_follow_pmc,long,2020-03-11 12:30:00-04:00,2020-03-11 15:00:00-04:00,1.13395,1.1322699999999999,1.0,stack_break,-0.0016800000000001258,-169.5000000000126
ma3_ema9_21_50_15m_follow_pmc,long,2020-03-12 04:00:00-04:00,2020-03-12 06:30:00-04:00,1.1314300000000002,1.1290099999999998,1.0,stack_break,-0.002420000000000311,-243.5000000000311
ma3_ema9_21_50_15m_follow_pmc,long,2020-03-12 08:00:00-04:00,2020-03-12 08:45:00-04:00,1.1317700000000002,1.12594,1.0,stack_break,-0.005830000000000224,-584.5000000000224
ma3_ema9_21_50_15m_follow_pmc,long,2020-03-13 04:30:00-04:00,2020-03-13 07:45:00-04:00,1.1208900000000002,1.11778,1.0,stack_break,-0.003110000000000168,-312.5000000000168
ma3_ema9_21_50_15m_follow_pmc,long,2020-03-13 09:30:00-04:00,2020-03-13 09:45:00-04:00,1.1197400000000002,1.11835,1.0,stack_break,-0.0013900000000002244,-140.50000000002245
ma3_ema9_21_50_15m_follow_pmc,long,2020-03-16 07:15:00-04:00,2020-03-16 13:30:00-04:00,1.1138100000000002,1.11516,1.0,stack_break,0.0013499999999997403,133.49999999997402
ma3_ema9_21_50_15m_follow_pmc,long,2020-03-17 04:00:00-04:00,2020-03-17 06:30:00-04:00,1.1182100000000001,1.1165699999999998,1.0,stack_break,-0.0016400000000003079,-165.50000000003078
ma3_ema9_21_50_15m_follow_pmc,short,2020-03-17 11:30:00-04:00,2020-03-17 16:15:00-04:00,1.10046,1.09704,1.0,session_end,0.0034199999999999786,340.49999999999784
ma3_ema9_21_50_15m_follow_pmc,long,2020-03-18 05:15:00-04:00,2020-03-18 07:15:00-04:00,1.10312,1.1005099999999999,1.0,stack_break,-0.0026100000000002233,-262.50000000002234
ma3_ema9_21_50_15m_follow_pmc,short,2020-03-18 08:00:00-04:00,2020-03-18 16:15:00-04:00,1.0992,1.0837100000000002,1.0,session_end,0.015489999999999782,1547.4999999999782
ma3_ema9_21_50_15m_follow_pmc,short,2020-03-19 04:00:00-04:00,2020-03-19 06:45:00-04:00,1.09032,1.09285,1.0,stack_break,-0.0025300000000001432,-254.50000000001432
ma3_ema9_21_50_15m_follow_pmc,short,2020-03-19 08:00:00-04:00,2020-03-19 16:15:00-04:00,1.0872,1.0702200000000002,1.0,session_end,0.016979999999999773,1696.4999999999773
ma3_ema9_21_50_15m_follow_pmc,short,2020-03-20 13:15:00-04:00,2020-03-20 16:15:00-04:00,1.07097,1.06969,1.0,session_end,0.0012799999999999478,126.49999999999478
ma3_ema9_21_50_15m_follow_pmc,short,2020-03-23 10:00:00-04:00,2020-03-23 12:45:00-04:00,1.06778,1.07745,1.0,stack_break,-0.009670000000000067,-968.5000000000067
ma3_ema9_21_50_15m_follow_pmc,short,2020-03-24 16:00:00-04:00,2020-03-24 16:15:00-04:00,1.07821,1.0797400000000001,1.0,session_end,-0.0015300000000002534,-154.50000000002535
ma3_ema9_21_50_15m_follow_pmc,short,2020-03-25 15:45:00-04:00,2020-03-25 16:15:00-04:00,1.0789,1.08355,1.0,session_end,-0.004650000000000043,-466.5000000000043
ma3_ema9_21_50_15m_follow_pmc,long,2020-03-27 04:00:00-04:00,2020-03-27 07:30:00-04:00,1.1075000000000002,1.10371,1.0,stack_break,-0.003790000000000182,-380.5000000000182
ma3_ema9_21_50_15m_follow_pmc,short,2020-03-27 09:45:00-04:00,2020-03-27 15:45:00-04:00,1.09984,1.1036100000000002,1.0,stack_break,-0.003770000000000273,-378.5000000000273
ma3_ema9_21_50_15m_follow_pmc,short,2020-03-30 13:15:00-04:00,2020-03-30 16:15:00-04:00,1.1012899999999999,1.10125,1.0,session_end,3.999999999981796e-05,2.499999999981796
ma3_ema9_21_50_15m_follow_pmc,short,2020-03-31 03:15:00-04:00,2020-03-31 15:30:00-04:00,1.10245,1.0998800000000002,1.0,stack_break,0.002569999999999739,255.4999999999739
ma3_ema9_21_50_15m_follow_pmc,long,2020-04-01 04:30:00-04:00,2020-04-01 05:15:00-04:00,1.1027600000000002,1.1015499999999998,1.0,stack_break,-0.0012100000000003774,-122.50000000003774
ma3_ema9_21_50_15m_follow_pmc,short,2020-04-01 07:15:00-04:00,2020-04-01 16:15:00-04:00,1.09899,1.0934400000000002,1.0,session_end,0.005549999999999722,553.4999999999721
ma3_ema9_21_50_15m_follow_pmc,short,2020-04-02 03:00:00-04:00,2020-04-02 06:00:00-04:00,1.0932899999999999,1.0944800000000001,1.0,stack_break,-0.0011900000000002464,-120.50000000002464
ma3_ema9_21_50_15m_follow_pmc,short,2020-04-02 07:30:00-04:00,2020-04-02 07:45:00-04:00,1.09351,1.09502,1.0,stack_break,-0.0015100000000001224,-152.50000000001222
ma3_ema9_21_50_15m_follow_pmc,short,2020-04-02 08:00:00-04:00,2020-04-02 16:15:00-04:00,1.0938299999999999,1.0865200000000002,1.0,session_end,0.007309999999999706,729.4999999999706
ma3_ema9_21_50_15m_follow_pmc,short,2020-04-03 04:00:00-04:00,2020-04-03 16:15:00-04:00,1.0838999999999999,1.07935,1.0,session_end,0.004549999999999832,453.4999999999832
ma3_ema9_21_50_15m_follow_pmc,short,2020-04-06 09:00:00-04:00,2020-04-06 15:45:00-04:00,1.07879,1.0813400000000002,1.0,stack_break,-0.0025500000000002743,-256.5000000000274
ma3_ema9_21_50_15m_follow_pmc,short,2020-04-08 03:00:00-04:00,2020-04-08 10:00:00-04:00,1.0871099999999998,1.0871000000000002,1.0,stack_break,9.999999999621423e-06,-0.5000000000378577
ma3_ema9_21_50_15m_follow_pmc,short,2020-04-09 03:00:00-04:00,2020-04-09 03:45:00-04:00,1.08554,1.0866300000000002,1.0,stack_break,-0.0010900000000002574,-110.50000000002575
ma3_ema9_21_50_15m_follow_pmc,short,2020-04-09 06:15:00-04:00,2020-04-09 08:00:00-04:00,1.08571,1.0871000000000002,1.0,stack_break,-0.0013900000000002244,-140.50000000002245
ma3_ema9_21_50_15m_follow_pmc,short,2020-04-13 03:00:00-04:00,2020-04-13 04:45:00-04:00,1.09283,1.09358,1.0,stack_break,-0.0007500000000000284,-76.50000000000284
ma3_ema9_21_50_15m_follow_pmc,short,2020-04-13 10:30:00-04:00,2020-04-13 16:15:00-04:00,1.09059,1.09051,1.0,session_end,7.999999999985796e-05,6.499999999985796
ma3_ema9_21_50_15m_follow_pmc,short,2020-04-15 06:45:00-04:00,2020-04-15 16:15:00-04:00,1.09615,1.09084,1.0,session_end,0.005309999999999926,529.4999999999926
ma3_ema9_21_50_15m_follow_pmc,short,2020-04-16 03:00:00-04:00,2020-04-16 07:00:00-04:00,1.08804,1.09041,1.0,stack_break,-0.0023700000000002053,-238.50000000002052
ma3_ema9_21_50_15m_follow_pmc,short,2020-04-16 07:30:00-04:00,2020-04-16 12:30:00-04:00,1.0872499999999998,1.08875,1.0,stack_break,-0.0015000000000002789,-151.50000000002788
ma3_ema9_21_50_15m_follow_pmc,short,2020-04-16 15:00:00-04:00,2020-04-16 16:15:00-04:00,1.08676,1.08389,1.0,session_end,0.002869999999999928,285.49999999999284
ma3_ema9_21_50_15m_follow_pmc,short,2020-04-17 07:30:00-04:00,2020-04-17 12:30:00-04:00,1.0833499999999998,1.0865500000000001,1.0,stack_break,-0.0032000000000003137,-321.5000000000314
ma3_ema9_21_50_15m_follow_pmc,short,2020-04-20 03:00:00-04:00,2020-04-20 04:45:00-04:00,1.08632,1.08715,1.0,stack_break,-0.0008300000000001084,-84.50000000001084
ma3_ema9_21_50_15m_follow_pmc,short,2020-04-20 06:00:00-04:00,2020-04-20 08:45:00-04:00,1.0852799999999998,1.0863900000000002,1.0,stack_break,-0.0011100000000003885,-112.50000000003885
ma3_ema9_21_50_15m_follow_pmc,short,2020-04-20 12:15:00-04:00,2020-04-20 14:45:00-04:00,1.08534,1.0871000000000002,1.0,stack_break,-0.0017600000000002058,-177.50000000002058
ma3_ema9_21_50_15m_follow_pmc,short,2020-04-21 03:00:00-04:00,2020-04-21 10:00:00-04:00,1.08306,1.0841900000000002,1.0,stack_break,-0.0011300000000002974,-114.50000000002974
ma3_ema9_21_50_15m_follow_pmc,short,2020-04-21 10:15:00-04:00,2020-04-21 14:15:00-04:00,1.08323,1.0871000000000002,1.0,stack_break,-0.003870000000000262,-388.5000000000262
ma3_ema9_21_50_15m_follow_pmc,short,2020-04-22 04:45:00-04:00,2020-04-22 06:30:00-04:00,1.0847399999999998,1.08573,1.0,stack_break,-0.0009900000000002684,-100.50000000002684
ma3_ema9_21_50_15m_follow_pmc,short,2020-04-22 15:00:00-04:00,2020-04-22 16:15:00-04:00,1.0834,1.08284,1.0,session_end,0.0005599999999998939,54.49999999998939
ma3_ema9_21_50_15m_follow_pmc,short,2020-04-23 03:00:00-04:00,2020-04-23 05:30:00-04:00,1.08093,1.08281,1.0,stack_break,-0.0018800000000001038,-189.50000000001037
ma3_ema9_21_50_15m_follow_pmc,short,2020-04-23 07:45:00-04:00,2020-04-23 14:15:00-04:00,1.07882,1.0801500000000002,1.0,stack_break,-0.0013300000000002754,-134.50000000002754
ma3_ema9_21_50_15m_follow_pmc,short,2020-04-24 03:00:00-04:00,2020-04-24 10:15:00-04:00,1.0773599999999999,1.07657,1.0,stack_break,0.0007899999999998464,77.49999999998464
ma3_ema9_21_50_15m_follow_pmc,short,2020-04-28 03:00:00-04:00,2020-04-28 08:15:00-04:00,1.0826099999999999,1.08407,1.0,stack_break,-0.0014600000000002389,-147.50000000002387
ma3_ema9_21_50_15m_follow_pmc,short,2020-04-30 04:30:00-04:00,2020-04-30 07:15:00-04:00,1.08557,1.0880500000000002,1.0,stack_break,-0.0024800000000002598,-249.50000000002598
ma3_ema9_21_50_15m_follow_pmc,short,2020-04-30 13:45:00-04:00,2020-04-30 15:00:00-04:00,1.08489,1.0898100000000002,1.0,stack_break,-0.0049200000000002575,-493.50000000002575
ma3_ema9_21_50_15m_follow_pmc,long,2020-05-01 04:30:00-04:00,2020-05-01 16:15:00-04:00,1.0945500000000001,1.09947,1.0,session_end,0.004919999999999813,490.49999999998136
ma3_ema9_21_50_15m_follow_pmc,short,2020-05-04 03:15:00-04:00,2020-05-04 16:15:00-04:00,1.09442,1.09091,1.0,session_end,0.003509999999999902,349.4999999999902
ma3_ema9_21_50_15m_follow_pmc,short,2020-05-05 04:15:00-04:00,2020-05-05 06:45:00-04:00,1.09031,1.0912000000000002,1.0,stack_break,-0.0008900000000002795,-90.50000000002794
ma3_ema9_21_50_15m_follow_pmc,short,2020-05-05 07:15:00-04:00,2020-05-05 14:00:00-04:00,1.0893,1.08847,1.0,stack_break,0.0008299999999998864,81.49999999998863
ma3_ema9_21_50_15m_follow_pmc,short,2020-05-05 15:15:00-04:00,2020-05-05 16:15:00-04:00,1.0843299999999998,1.0844,1.0,session_end,-7.000000000023654e-05,-8.500000000023654
ma3_ema9_21_50_15m_follow_pmc,short,2020-05-06 03:00:00-04:00,2020-05-06 13:30:00-04:00,1.08384,1.0812700000000002,1.0,stack_break,0.002569999999999739,255.4999999999739
ma3_ema9_21_50_15m_follow_pmc,short,2020-05-06 14:45:00-04:00,2020-05-06 16:15:00-04:00,1.0796599999999998,1.0807600000000002,1.0,session_end,-0.001100000000000323,-111.50000000003229
ma3_ema9_21_50_15m_follow_pmc,short,2020-05-07 05:30:00-04:00,2020-05-07 07:30:00-04:00,1.0794199999999998,1.0815800000000002,1.0,stack_break,-0.002160000000000384,-217.50000000003837
ma3_ema9_21_50_15m_follow_pmc,short,2020-05-07 08:30:00-04:00,2020-05-07 08:45:00-04:00,1.07924,1.0802500000000002,1.0,stack_break,-0.0010100000000001774,-102.50000000001774
ma3_ema9_21_50_15m_follow_pmc,short,2020-05-07 09:15:00-04:00,2020-05-07 16:15:00-04:00,1.0796,1.0809900000000001,1.0,session_end,-0.0013900000000002244,-140.50000000002245
ma3_ema9_21_50_15m_follow_pmc,short,2020-05-08 14:30:00-04:00,2020-05-08 15:00:00-04:00,1.08282,1.08495,1.0,stack_break,-0.0021300000000001873,-214.50000000001873
ma3_ema9_21_50_15m_follow_pmc,short,2020-05-11 08:00:00-04:00,2020-05-11 13:45:00-04:00,1.0832199999999998,1.08321,1.0,stack_break,9.999999999843467e-06,-0.5000000000156533
ma3_ema9_21_50_15m_follow_pmc,short,2020-05-11 15:00:00-04:00,2020-05-11 16:15:00-04:00,1.0817299999999999,1.0813000000000001,1.0,session_end,0.0004299999999997084,41.49999999997084
ma3_ema9_21_50_15m_follow_pmc,short,2020-05-12 03:00:00-04:00,2020-05-12 04:15:00-04:00,1.07958,1.0805900000000002,1.0,stack_break,-0.0010100000000001774,-102.50000000001774
ma3_ema9_21_50_15m_follow_pmc,short,2020-05-13 07:45:00-04:00,2020-05-13 10:45:00-04:00,1.08443,1.0852000000000002,1.0,stack_break,-0.0007700000000001594,-78.50000000001594
ma3_ema9_21_50_15m_follow_pmc,short,2020-05-14 03:00:00-04:00,2020-05-14 08:45:00-04:00,1.0812799999999998,1.0819500000000002,1.0,stack_break,-0.0006700000000003925,-68.50000000003925
ma3_ema9_21_50_15m_follow_pmc,short,2020-05-14 10:30:00-04:00,2020-05-14 14:45:00-04:00,1.0794199999999998,1.0808000000000002,1.0,stack_break,-0.001380000000000381,-139.50000000003809
ma3_ema9_21_50_15m_follow_pmc,short,2020-05-18 08:30:00-04:00,2020-05-18 12:15:00-04:00,1.08103,1.0821100000000001,1.0,stack_break,-0.001080000000000192,-109.50000000001918
ma3_ema9_21_50_15m_follow_pmc,long,2020-05-19 09:15:00-04:00,2020-05-19 13:45:00-04:00,1.0951700000000002,1.0928799999999999,1.0,stack_break,-0.0022900000000003473,-230.50000000003473
ma3_ema9_21_50_15m_follow_pmc,long,2020-05-20 06:15:00-04:00,2020-05-20 16:15:00-04:00,1.09464,1.0977999999999999,1.0,session_end,0.0031599999999998296,314.49999999998295
ma3_ema9_21_50_15m_follow_pmc,long,2020-05-21 11:00:00-04:00,2020-05-21 15:00:00-04:00,1.0984500000000001,1.0953799999999998,1.0,stack_break,-0.0030700000000003502,-308.500000000035
ma3_ema9_21_50_15m_follow_pmc,short,2020-05-22 03:00:00-04:00,2020-05-22 16:15:00-04:00,1.09398,1.0893700000000002,1.0,session_end,0.004609999999999781,459.4999999999781
ma3_ema9_21_50_15m_follow_pmc,short,2020-05-25 03:00:00-04:00,2020-05-25 09:45:00-04:00,1.08927,1.08973,1.0,stack_break,-0.000460000000000127,-47.5000000000127
ma3_ema9_21_50_15m_follow_pmc,long,2020-05-26 09:00:00-04:00,2020-05-26 16:15:00-04:00,1.09464,1.0968799999999999,1.0,session_end,0.0022399999999997977,222.49999999997976
ma3_ema9_21_50_15m_follow_pmc,long,2020-05-27 10:00:00-04:00,2020-05-27 15:15:00-04:00,1.10026,1.0971499999999998,1.0,stack_break,-0.003110000000000168,-312.5000000000168
ma3_ema9_21_50_15m_follow_pmc,long,2020-05-28 03:00:00-04:00,2020-05-28 04:45:00-04:00,1.1016700000000001,1.10072,1.0,stack_break,-0.0009500000000002284,-96.50000000002285
ma3_ema9_21_50_15m_follow_pmc,long,2020-05-28 06:30:00-04:00,2020-05-28 08:00:00-04:00,1.10219,1.1004699999999998,1.0,stack_break,-0.0017200000000001658,-173.5000000000166
ma3_ema9_21_50_15m_follow_pmc,long,2020-05-28 12:30:00-04:00,2020-05-28 16:15:00-04:00,1.10176,1.1072099999999998,1.0,session_end,0.005449999999999733,543.4999999999733
ma3_ema9_21_50_15m_follow_pmc,long,2020-05-29 03:00:00-04:00,2020-05-29 14:15:00-04:00,1.10861,1.1112499999999998,1.0,stack_break,0.0026399999999997537,262.4999999999754
ma3_ema9_21_50_15m_follow_pmc,long,2020-05-29 14:30:00-04:00,2020-05-29 15:30:00-04:00,1.11273,1.1108699999999998,1.0,stack_break,-0.0018600000000001948,-187.5000000000195
ma3_ema9_21_50_15m_follow_pmc,long,2020-06-01 03:00:00-04:00,2020-06-01 09:45:00-04:00,1.1139100000000002,1.1122699999999999,1.0,stack_break,-0.0016400000000003079,-165.50000000003078
ma3_ema9_21_50_15m_follow_pmc,short,2020-06-01 11:00:00-04:00,2020-06-01 14:45:00-04:00,1.1109399999999998,1.1130000000000002,1.0,stack_break,-0.002060000000000395,-207.50000000003948
ma3_ema9_21_50_15m_follow_pmc,long,2020-06-02 05:45:00-04:00,2020-06-02 07:15:00-04:00,1.1136000000000001,1.11178,1.0,stack_break,-0.0018200000000001548,-183.5000000000155
ma3_ema9_21_50_15m_follow_pmc,long,2020-06-02 08:30:00-04:00,2020-06-02 16:15:00-04:00,1.1134600000000001,1.1164699999999999,1.0,session_end,0.003009999999999735,299.4999999999735
ma3_ema9_21_50_15m_follow_pmc,long,2020-06-03 03:00:00-04:00,2020-06-03 11:30:00-04:00,1.11922,1.11947,1.0,stack_break,0.00024999999999986144,23.499999999986144
ma3_ema9_21_50_15m_follow_pmc,long,2020-06-03 14:15:00-04:00,2020-06-03 16:15:00-04:00,1.12253,1.1242299999999998,1.0,session_end,0.0016999999999998128,168.49999999998127
ma3_ema9_21_50_15m_follow_pmc,long,2020-06-04 12:30:00-04:00,2020-06-04 16:15:00-04:00,1.1247200000000002,1.1320599999999998,1.0,session_end,0.00733999999999968,732.499999999968
ma3_ema9_21_50_15m_follow_pmc,long,2020-06-05 04:15:00-04:00,2020-06-05 09:15:00-04:00,1.13395,1.13286,1.0,stack_break,-0.0010900000000000354,-110.50000000000354
ma3_ema9_21_50_15m_follow_pmc,long,2020-06-08 14:15:00-04:00,2020-06-08 16:15:00-04:00,1.13124,1.1294099999999998,1.0,session_end,-0.0018300000000002203,-184.50000000002203
ma3_ema9_21_50_15m_follow_pmc,long,2020-06-09 13:30:00-04:00,2020-06-09 16:15:00-04:00,1.1309200000000001,1.13472,1.0,session_end,0.0037999999999998035,378.49999999998033
ma3_ema9_21_50_15m_follow_pmc,long,2020-06-10 03:00:00-04:00,2020-06-10 15:15:00-04:00,1.13432,1.1351,1.0,stack_break,0.0007800000000000029,76.50000000000028
ma3_ema9_21_50_15m_follow_pmc,long,2020-06-11 03:00:00-04:00,2020-06-11 04:15:00-04:00,1.1393900000000001,1.13574,1.0,stack_break,-0.003650000000000153,-366.5000000000153
ma3_ema9_21_50_15m_follow_pmc,long,2020-06-11 09:45:00-04:00,2020-06-11 12:00:00-04:00,1.13907,1.136,1.0,stack_break,-0.003070000000000128,-308.50000000001285
ma3_ema9_21_50_15m_follow_pmc,long,2020-06-11 14:45:00-04:00,2020-06-11 16:15:00-04:00,1.13954,1.1377,1.0,session_end,-0.0018400000000000638,-185.50000000000637
ma3_ema9_21_50_15m_follow_pmc,long,2020-06-12 08:45:00-04:00,2020-06-12 11:30:00-04:00,1.1329200000000001,1.1299,1.0,stack_break,-0.0030200000000002447,-303.50000000002444
ma3_ema9_21_50_15m_follow_pmc,long,2020-06-15 14:15:00-04:00,2020-06-15 16:15:00-04:00,1.1279400000000002,1.12716,1.0,session_end,-0.000780000000000225,-79.5000000000225
ma3_ema9_21_50_15m_follow_pmc,long,2020-06-16 03:00:00-04:00,2020-06-16 08:15:00-04:00,1.1341100000000002,1.1319299999999999,1.0,stack_break,-0.002180000000000293,-219.50000000002927
ma3_ema9_21_50_15m_follow_pmc,long,2020-06-17 06:45:00-04:00,2020-06-17 09:15:00-04:00,1.1282,1.12578,1.0,stack_break,-0.0024200000000000887,-243.50000000000887
ma3_ema9_21_50_15m_follow_pmc,long,2020-06-18 03:45:00-04:00,2020-06-18 08:30:00-04:00,1.12471,1.1233499999999998,1.0,stack_break,-0.00136000000000025,-137.50000000002498
ma3_ema9_21_50_15m_follow_pmc,long,2020-06-18 09:30:00-04:00,2020-06-18 11:45:00-04:00,1.1252900000000001,1.1240299999999999,1.0,stack_break,-0.001260000000000261,-127.50000000002609
ma3_ema9_21_50_15m_follow_pmc,long,2020-06-19 07:15:00-04:00,2020-06-19 08:30:00-04:00,1.1216300000000001,1.1204599999999998,1.0,stack_break,-0.0011700000000003374,-118.50000000003374
ma3_ema9_21_50_15m_follow_pmc,long,2020-06-19 08:45:00-04:00,2020-06-19 10:30:00-04:00,1.12149,1.12073,1.0,stack_break,-0.0007600000000000939,-77.5000000000094
ma3_ema9_21_50_15m_follow_pmc,long,2020-06-19 12:45:00-04:00,2020-06-19 15:00:00-04:00,1.12437,1.11899,1.0,stack_break,-0.005380000000000162,-539.5000000000163
ma3_ema9_21_50_15m_follow_pmc,long,2020-06-22 05:00:00-04:00,2020-06-22 16:15:00-04:00,1.1198800000000002,1.12607,1.0,session_end,0.006189999999999696,617.4999999999695
ma3_ema9_21_50_15m_follow_pmc,long,2020-06-23 03:15:00-04:00,2020-06-23 06:00:00-04:00,1.12748,1.12605,1.0,stack_break,-0.0014300000000000423,-144.50000000000423
ma3_ema9_21_50_15m_follow_pmc,long,2020-06-23 07:00:00-04:00,2020-06-23 16:15:00-04:00,1.1268200000000002,1.1320899999999998,1.0,session_end,0.005269999999999664,525.4999999999663
ma3_ema9_21_50_15m_follow_pmc,long,2020-06-24 03:00:00-04:00,2020-06-24 07:45:00-04:00,1.13209,1.12998,1.0,stack_break,-0.0021100000000000563,-212.50000000000563
ma3_ema9_21_50_15m_follow_pmc,long,2020-06-26 05:45:00-04:00,2020-06-26 06:30:00-04:00,1.12246,1.12161,1.0,stack_break,-0.0008500000000000174,-86.50000000000173
ma3_ema9_21_50_15m_follow_pmc,long,2020-06-26 09:00:00-04:00,2020-06-26 12:00:00-04:00,1.12342,1.1212799999999998,1.0,stack_break,-0.002140000000000253,-215.5000000000253
ma3_ema9_21_50_15m_follow_pmc,long,2020-06-29 03:00:00-04:00,2020-06-29 14:30:00-04:00,1.12464,1.1252199999999999,1.0,stack_break,0.0005799999999998029,56.49999999998029
ma3_ema9_21_50_15m_follow_pmc,long,2020-06-30 16:00:00-04:00,2020-06-30 16:15:00-04:00,1.1242500000000002,1.12373,1.0,session_end,-0.000520000000000298,-53.5000000000298
ma3_ema9_21_50_15m_follow_pmc,long,2020-07-01 03:00:00-04:00,2020-07-01 04:15:00-04:00,1.1239700000000001,1.12259,1.0,stack_break,-0.0013800000000001589,-139.5000000000159
ma3_ema9_21_50_15m_follow_pmc,short,2020-07-01 05:00:00-04:00,2020-07-01 08:30:00-04:00,1.12231,1.12423,1.0,stack_break,-0.0019200000000001438,-193.50000000001438
ma3_ema9_21_50_15m_follow_pmc,short,2020-07-01 09:45:00-04:00,2020-07-01 14:00:00-04:00,1.12204,1.12271,1.0,stack_break,-0.0006700000000001705,-68.50000000001705
ma3_ema9_21_50_15m_follow_pmc,long,2020-07-01 14:45:00-04:00,2020-07-01 16:15:00-04:00,1.1272000000000002,1.12554,1.0,session_end,-0.0016600000000002169,-167.50000000002169
ma3_ema9_21_50_15m_follow_pmc,long,2020-07-02 03:00:00-04:00,2020-07-02 13:30:00-04:00,1.1260400000000002,1.12544,1.0,stack_break,-0.000600000000000156,-61.500000000015596
ma3_ema9_21_50_15m_follow_pmc,short,2020-07-02 15:15:00-04:00,2020-07-02 16:15:00-04:00,1.12275,1.1231200000000001,1.0,session_end,-0.0003700000000002035,-38.50000000002035
ma3_ema9_21_50_15m_follow_pmc,short,2020-07-03 04:45:00-04:00,2020-07-03 07:30:00-04:00,1.12326,1.1245,1.0,stack_break,-0.0012400000000001299,-125.50000000001299
ma3_ema9_21_50_15m_follow_pmc,short,2020-07-03 07:45:00-04:00,2020-07-03 14:00:00-04:00,1.12327,1.1239100000000002,1.0,stack_break,-0.000640000000000196,-65.5000000000196
ma3_ema9_21_50_15m_follow_pmc,long,2020-07-03 15:30:00-04:00,2020-07-03 16:15:00-04:00,1.12461,1.12428,1.0,session_end,-0.0003300000000001635,-34.50000000001635
ma3_ema9_21_50_15m_follow_pmc,long,2020-07-06 03:00:00-04:00,2020-07-06 16:15:00-04:00,1.1278400000000002,1.1306699999999998,1.0,session_end,0.002829999999999666,281.49999999996663
ma3_ema9_21_50_15m_follow_pmc,long,2020-07-07 03:00:00-04:00,2020-07-07 03:15:00-04:00,1.1309900000000002,1.13075,1.0,stack_break,-0.00024000000000024002,-25.500000000024002
ma3_ema9_21_50_15m_follow_pmc,long,2020-07-08 08:15:00-04:00,2020-07-08 09:45:00-04:00,1.1288500000000001,1.1271,1.0,stack_break,-0.0017500000000001403,-176.50000000001404
ma3_ema9_21_50_15m_follow_pmc,long,2020-07-08 12:00:00-04:00,2020-07-08 16:15:00-04:00,1.1288500000000001,1.1325999999999998,1.0,session_end,0.003749999999999698,373.4999999999698
ma3_ema9_21_50_15m_follow_pmc,long,2020-07-09 03:00:00-04:00,2020-07-09 08:00:00-04:00,1.1344500000000002,1.1332099999999998,1.0,stack_break,-0.001240000000000352,-125.50000000003519
ma3_ema9_21_50_15m_follow_pmc,long,2020-07-10 10:45:00-04:00,2020-07-10 16:15:00-04:00,1.1293000000000002,1.1314,1.0,session_end,0.0020999999999997687,208.49999999997686
ma3_ema9_21_50_15m_follow_pmc,long,2020-07-13 03:00:00-04:00,2020-07-13 08:15:00-04:00,1.1325900000000002,1.1317,1.0,stack_break,-0.0008900000000002795,-90.50000000002794
ma3_ema9_21_50_15m_follow_pmc,long,2020-07-13 11:00:00-04:00,2020-07-13 16:15:00-04:00,1.1325800000000001,1.1364999999999998,1.0,session_end,0.0039199999999997015,390.49999999997016
ma3_ema9_21_50_15m_follow_pmc,long,2020-07-14 09:45:00-04:00,2020-07-14 16:15:00-04:00,1.1359400000000002,1.14052,1.0,session_end,0.0045799999999998064,456.4999999999807
ma3_ema9_21_50_15m_follow_pmc,long,2020-07-15 03:00:00-04:00,2020-07-15 03:30:00-04:00,1.14037,1.1401299999999999,1.0,stack_break,-0.00024000000000024002,-25.500000000024002
ma3_ema9_21_50_15m_follow_pmc,long,2020-07-15 07:00:00-04:00,2020-07-15 14:45:00-04:00,1.1411900000000001,1.1423299999999998,1.0,stack_break,0.0011399999999996968,112.49999999996967
ma3_ema9_21_50_15m_follow_pmc,long,2020-07-16 14:00:00-04:00,2020-07-16 16:15:00-04:00,1.14293,1.1429799999999999,1.0,session_end,4.999999999988347e-05,3.499999999988347
ma3_ema9_21_50_15m_follow_pmc,long,2020-07-17 09:00:00-04:00,2020-07-17 16:15:00-04:00,1.14087,1.14354,1.0,session_end,0.00266999999999995,265.499999999995
ma3_ema9_21_50_15m_follow_pmc,long,2020-07-20 05:30:00-04:00,2020-07-20 13:00:00-04:00,1.14413,1.1439899999999998,1.0,stack_break,-0.00014000000000025103,-15.500000000025103
ma3_ema9_21_50_15m_follow_pmc,long,2020-07-21 03:00:00-04:00,2020-07-21 04:30:00-04:00,1.14603,1.14312,1.0,stack_break,-0.00291000000000019,-292.50000000001904
ma3_ema9_21_50_15m_follow_pmc,long,2020-07-21 07:45:00-04:00,2020-07-21 08:00:00-04:00,1.14528,1.14347,1.0,stack_break,-0.0018100000000000893,-182.50000000000892
ma3_ema9_21_50_15m_follow_pmc,long,2020-07-21 14:30:00-04:00,2020-07-21 16:15:00-04:00,1.14666,1.14936,1.0,session_end,0.0026999999999999247,268.4999999999925
ma3_ema9_21_50_15m_follow_pmc,long,2020-07-22 03:00:00-04:00,2020-07-22 06:45:00-04:00,1.1540700000000002,1.15245,1.0,stack_break,-0.0016200000000001769,-163.50000000001768
ma3_ema9_21_50_15m_follow_pmc,long,2020-07-22 10:15:00-04:00,2020-07-22 16:15:00-04:00,1.1545400000000001,1.15879,1.0,session_end,0.004249999999999865,423.49999999998647
ma3_ema9_21_50_15m_follow_pmc,long,2020-07-23 03:00:00-04:00,2020-07-23 03:15:00-04:00,1.15711,1.1567399999999999,1.0,stack_break,-0.0003700000000002035,-38.50000000002035
ma3_ema9_21_50_15m_follow_pmc,long,2020-07-23 03:45:00-04:00,2020-07-23 12:00:00-04:00,1.1574300000000002,1.1574,1.0,stack_break,-3.0000000000196536e-05,-4.500000000019654
ma3_ema9_21_50_15m_follow_pmc,long,2020-07-23 15:15:00-04:00,2020-07-23 16:15:00-04:00,1.1591,1.1619199999999998,1.0,session_end,0.0028199999999998226,280.49999999998226
ma3_ema9_21_50_15m_follow_pmc,long,2020-07-24 03:00:00-04:00,2020-07-24 05:00:00-04:00,1.1614900000000001,1.1599199999999998,1.0,stack_break,-0.0015700000000002934,-158.50000000002933
ma3_ema9_21_50_15m_follow_pmc,long,2020-07-24 07:00:00-04:00,2020-07-24 09:00:00-04:00,1.16121,1.16001,1.0,stack_break,-0.0012000000000000899,-121.50000000000898
ma3_ema9_21_50_15m_follow_pmc,long,2020-07-24 13:15:00-04:00,2020-07-24 16:15:00-04:00,1.1615000000000002,1.1634499999999999,1.0,session_end,0.0019499999999996742,193.49999999996743
ma3_ema9_21_50_15m_follow_pmc,long,2020-07-27 03:00:00-04:00,2020-07-27 09:30:00-04:00,1.1706100000000002,1.16864,1.0,stack_break,-0.0019700000000002493,-198.50000000002493
ma3_ema9_21_50_15m_follow_pmc,long,2020-07-27 10:30:00-04:00,2020-07-27 16:15:00-04:00,1.17103,1.17475,1.0,session_end,0.0037199999999999456,370.49999999999454
ma3_ema9_21_50_15m_follow_pmc,long,2020-07-28 03:00:00-04:00,2020-07-28 03:15:00-04:00,1.17547,1.17454,1.0,stack_break,-0.0009300000000000974,-94.50000000000975
ma3_ema9_21_50_15m_follow_pmc,long,2020-07-29 03:45:00-04:00,2020-07-29 11:30:00-04:00,1.17323,1.17295,1.0,stack_break,-0.000280000000000058,-29.500000000005798
ma3_ema9_21_50_15m_follow_pmc,long,2020-07-29 13:45:00-04:00,2020-07-29 16:15:00-04:00,1.1753900000000002,1.1766899999999998,1.0,session_end,0.0012999999999996348,128.49999999996348
ma3_ema9_21_50_15m_follow_pmc,long,2020-07-30 14:00:00-04:00,2020-07-30 16:15:00-04:00,1.18042,1.1791399999999999,1.0,session_end,-0.0012800000000001699,-129.500000000017
ma3_ema9_21_50_15m_follow_pmc,long,2020-07-31 03:00:00-04:00,2020-07-31 08:45:00-04:00,1.1894600000000002,1.18672,1.0,stack_break,-0.0027400000000001867,-275.50000000001864
ma3_ema9_21_50_15m_follow_pmc,short,2020-08-03 03:00:00-04:00,2020-08-03 04:45:00-04:00,1.1767999999999998,1.17781,1.0,stack_break,-0.0010100000000001774,-102.50000000001774
ma3_ema9_21_50_15m_follow_pmc,short,2020-08-03 06:15:00-04:00,2020-08-03 09:00:00-04:00,1.17691,1.1777900000000001,1.0,stack_break,-0.0008800000000002139,-89.5000000000214
ma3_ema9_21_50_15m_follow_pmc,short,2020-08-03 09:45:00-04:00,2020-08-03 16:00:00-04:00,1.1755,1.17432,1.0,stack_break,0.0011799999999999589,116.49999999999588
ma3_ema9_21_50_15m_follow_pmc,long,2020-08-04 05:15:00-04:00,2020-08-04 11:30:00-04:00,1.1776200000000001,1.17708,1.0,stack_break,-0.000540000000000207,-55.5000000000207
ma3_ema9_21_50_15m_follow_pmc,short,2020-08-04 13:15:00-04:00,2020-08-04 16:15:00-04:00,1.1730299999999998,1.1766,1.0,session_end,-0.003570000000000295,-358.5000000000295
ma3_ema9_21_50_15m_follow_pmc,long,2020-08-05 03:00:00-04:00,2020-08-05 16:15:00-04:00,1.1818000000000002,1.1896799999999998,1.0,session_end,0.007879999999999665,786.4999999999665
ma3_ema9_21_50_15m_follow_pmc,long,2020-08-06 04:15:00-04:00,2020-08-06 07:45:00-04:00,1.18751,1.1859099999999998,1.0,stack_break,-0.0016000000000002679,-161.50000000002677
ma3_ema9_21_50_15m_follow_pmc,short,2020-08-07 13:45:00-04:00,2020-08-07 16:15:00-04:00,1.17743,1.17785,1.0,session_end,-0.00042000000000008697,-43.5000000000087
ma3_ema9_21_50_15m_follow_pmc,long,2020-08-10 06:30:00-04:00,2020-08-10 07:00:00-04:00,1.17974,1.1775099999999998,1.0,stack_break,-0.0022300000000001763,-224.50000000001762
ma3_ema9_21_50_15m_follow_pmc,short,2020-08-10 07:15:00-04:00,2020-08-10 14:00:00-04:00,1.17692,1.1772900000000002,1.0,stack_break,-0.0003700000000002035,-38.50000000002035
ma3_ema9_21_50_15m_follow_pmc,short,2020-08-10 16:00:00-04:00,2020-08-10 16:15:00-04:00,1.1751399999999999,1.17557,1.0,session_end,-0.0004300000000001525,-44.50000000001525
ma3_ema9_21_50_15m_follow_pmc,short,2020-08-11 07:00:00-04:00,2020-08-11 08:30:00-04:00,1.17285,1.1766100000000002,1.0,stack_break,-0.0037600000000002076,-377.50000000002075
ma3_ema9_21_50_15m_follow_pmc,long,2020-08-11 09:30:00-04:00,2020-08-11 14:45:00-04:00,1.17808,1.17675,1.0,stack_break,-0.0013300000000000534,-134.50000000000534
ma3_ema9_21_50_15m_follow_pmc,short,2020-08-12 03:00:00-04:00,2020-08-12 07:30:00-04:00,1.17291,1.1731,1.0,stack_break,-0.0001900000000001345,-20.50000000001345
ma3_ema9_21_50_15m_follow_pmc,long,2020-08-12 11:15:00-04:00,2020-08-12 16:15:00-04:00,1.17765,1.17926,1.0,session_end,0.0016099999999998893,159.49999999998892
ma3_ema9_21_50_15m_follow_pmc,long,2020-08-13 03:00:00-04:00,2020-08-13 15:45:00-04:00,1.1807500000000002,1.18268,1.0,stack_break,0.0019299999999997652,191.49999999997652
ma3_ema9_21_50_15m_follow_pmc,long,2020-08-14 13:30:00-04:00,2020-08-14 16:15:00-04:00,1.1833300000000002,1.18295,1.0,session_end,-0.000380000000000269,-39.5000000000269
ma3_ema9_21_50_15m_follow_pmc,long,2020-08-17 03:00:00-04:00,2020-08-17 08:15:00-04:00,1.1859600000000001,1.18509,1.0,stack_break,-0.0008700000000001484,-88.50000000001484
ma3_ema9_21_50_15m_follow_pmc,long,2020-08-17 12:30:00-04:00,2020-08-17 16:15:00-04:00,1.1854,1.18675,1.0,session_end,0.0013499999999999623,133.49999999999625
ma3_ema9_21_50_15m_follow_pmc,long,2020-08-18 03:00:00-04:00,2020-08-18 16:15:00-04:00,1.1890800000000001,1.1925599999999998,1.0,session_end,0.0034799999999997056,346.49999999997056
ma3_ema9_21_50_15m_follow_pmc,long,2020-08-19 06:30:00-04:00,2020-08-19 07:30:00-04:00,1.19428,1.1928699999999999,1.0,stack_break,-0.0014100000000001334,-142.50000000001333
ma3_ema9_21_50_15m_follow_pmc,long,2020-08-19 08:45:00-04:00,2020-08-19 11:30:00-04:00,1.19398,1.1932999999999998,1.0,stack_break,-0.000680000000000236,-69.50000000002359
ma3_ema9_21_50_15m_follow_pmc,long,2020-08-19 14:00:00-04:00,2020-08-19 15:00:00-04:00,1.19469,1.1898199999999999,1.0,stack_break,-0.004870000000000152,-488.5000000000152
ma3_ema9_21_50_15m_follow_pmc,long,2020-08-21 03:00:00-04:00,2020-08-21 07:30:00-04:00,1.18686,1.18509,1.0,stack_break,-0.0017700000000000493,-178.50000000000495
ma3_ema9_21_50_15m_follow_pmc,short,2020-08-21 12:15:00-04:00,2020-08-21 16:15:00-04:00,1.17716,1.17721,1.0,session_end,-5.0000000000105516e-05,-6.500000000010552
ma3_ema9_21_50_15m_follow_pmc,long,2020-08-24 03:00:00-04:00,2020-08-24 03:45:00-04:00,1.17985,1.17906,1.0,stack_break,-0.0007900000000000684,-80.50000000000685
ma3_ema9_21_50_15m_follow_pmc,long,2020-08-24 07:00:00-04:00,2020-08-24 14:45:00-04:00,1.1804100000000002,1.18197,1.0,stack_break,0.0015599999999997838,154.49999999997837
ma3_ema9_21_50_15m_follow_pmc,long,2020-08-25 04:15:00-04:00,2020-08-25 12:45:00-04:00,1.1811800000000001,1.18119,1.0,stack_break,9.999999999843467e-06,-0.5000000000156533
ma3_ema9_21_50_15m_follow_pmc,long,2020-08-25 13:30:00-04:00,2020-08-25 15:45:00-04:00,1.1837300000000002,1.18149,1.0,stack_break,-0.002240000000000242,-225.5000000000242
ma3_ema9_21_50_15m_follow_pmc,long,2020-08-27 05:00:00-04:00,2020-08-27 05:15:00-04:00,1.18347,1.18309,1.0,stack_break,-0.00038000000000004697,-39.5000000000047
ma3_ema9_21_50_15m_follow_pmc,long,2020-08-27 08:45:00-04:00,2020-08-27 10:15:00-04:00,1.18374,1.18244,1.0,stack_break,-0.0013000000000000789,-131.5000000000079
ma3_ema9_21_50_15m_follow_pmc,long,2020-08-27 13:45:00-04:00,2020-08-27 14:00:00-04:00,1.1870500000000002,1.1805899999999998,1.0,stack_break,-0.006460000000000354,-647.5000000000355
ma3_ema9_21_50_15m_follow_pmc,short,2020-08-27 14:30:00-04:00,2020-08-27 16:15:00-04:00,1.17705,1.1823100000000002,1.0,session_end,-0.0052600000000002645,-527.5000000000265
ma3_ema9_21_50_15m_follow_pmc,long,2020-08-28 03:00:00-04:00,2020-08-28 14:00:00-04:00,1.18331,1.1886599999999998,1.0,stack_break,0.005349999999999744,533.4999999999744
ma3_ema9_21_50_15m_follow_pmc,long,2020-08-28 15:30:00-04:00,2020-08-28 16:15:00-04:00,1.1903100000000002,1.19013,1.0,session_end,-0.00018000000000029104,-19.500000000029104
ma3_ema9_21_50_15m_follow_pmc,long,2020-08-31 03:00:00-04:00,2020-08-31 05:15:00-04:00,1.1909200000000002,1.1899899999999999,1.0,stack_break,-0.0009300000000003195,-94.50000000003195
ma3_ema9_21_50_15m_follow_pmc,long,2020-08-31 09:45:00-04:00,2020-08-31 16:15:00-04:00,1.1912500000000001,1.19492,1.0,session_end,0.00366999999999984,365.499999999984
ma3_ema9_21_50_15m_follow_pmc,long,2020-09-01 03:00:00-04:00,2020-09-01 09:00:00-04:00,1.19937,1.1970299999999998,1.0,stack_break,-0.002340000000000231,-235.50000000002308
ma3_ema9_21_50_15m_follow_pmc,long,2020-09-01 11:00:00-04:00,2020-09-01 14:15:00-04:00,1.19846,1.1955699999999998,1.0,stack_break,-0.0028900000000002812,-290.50000000002814
ma3_ema9_21_50_15m_follow_pmc,short,2020-09-02 03:00:00-04:00,2020-09-02 16:15:00-04:00,1.19038,1.18399,1.0,session_end,0.006389999999999896,637.4999999999895
ma3_ema9_21_50_15m_follow_pmc,short,2020-09-03 03:00:00-04:00,2020-09-03 09:00:00-04:00,1.18272,1.18338,1.0,stack_break,-0.000660000000000105,-67.50000000001049
ma3_ema9_21_50_15m_follow_pmc,short,2020-09-03 11:30:00-04:00,2020-09-03 13:00:00-04:00,1.18088,1.18321,1.0,stack_break,-0.0023300000000001653,-234.50000000001654
ma3_ema9_21_50_15m_follow_pmc,short,2020-09-04 08:00:00-04:00,2020-09-04 09:00:00-04:00,1.1840499999999998,1.1855200000000001,1.0,stack_break,-0.0014700000000003044,-148.50000000003044
ma3_ema9_21_50_15m_follow_pmc,short,2020-09-04 12:45:00-04:00,2020-09-04 16:15:00-04:00,1.18377,1.18182,1.0,session_end,0.0019499999999998963,193.49999999998963
ma3_ema9_21_50_15m_follow_pmc,short,2020-09-07 03:15:00-04:00,2020-09-07 08:00:00-04:00,1.1832799999999999,1.1843400000000002,1.0,stack_break,-0.001060000000000283,-107.5000000000283
ma3_ema9_21_50_15m_follow_pmc,short,2020-09-07 09:45:00-04:00,2020-09-07 16:15:00-04:00,1.1831299999999998,1.1817600000000001,1.0,session_end,0.0013699999999996493,135.49999999996493
ma3_ema9_21_50_15m_follow_pmc,short,2020-09-08 03:00:00-04:00,2020-09-08 06:30:00-04:00,1.1806599999999998,1.18178,1.0,stack_break,-0.001120000000000232,-113.50000000002319
ma3_ema9_21_50_15m_follow_pmc,short,2020-09-08 10:00:00-04:00,2020-09-08 16:15:00-04:00,1.1801199999999998,1.1789,1.0,session_end,0.0012199999999997768,120.49999999997769
ma3_ema9_21_50_15m_follow_pmc,short,2020-09-09 06:45:00-04:00,2020-09-09 13:00:00-04:00,1.1767299999999998,1.17836,1.0,stack_break,-0.0016300000000002424,-164.50000000002424
ma3_ema9_21_50_15m_follow_pmc,short,2020-09-11 15:45:00-04:00,2020-09-11 16:15:00-04:00,1.18335,1.1830800000000001,1.0,session_end,0.0002699999999997704,25.499999999977042
ma3_ema9_21_50_15m_follow_pmc,short,2020-09-15 14:15:00-04:00,2020-09-15 16:15:00-04:00,1.1857199999999999,1.1847800000000002,1.0,session_end,0.0009399999999997188,92.49999999997189
ma3_ema9_21_50_15m_follow_pmc,short,2020-09-16 03:00:00-04:00,2020-09-16 03:15:00-04:00,1.1845599999999998,1.1846800000000002,1.0,stack_break,-0.00012000000000034206,-13.500000000034206
ma3_ema9_21_50_15m_follow_pmc,short,2020-09-16 14:45:00-04:00,2020-09-16 16:15:00-04:00,1.1817499999999999,1.18354,1.0,session_end,-0.0017900000000001803,-180.50000000001802
ma3_ema9_21_50_15m_follow_pmc,short,2020-09-17 03:00:00-04:00,2020-09-17 07:45:00-04:00,1.17679,1.1785500000000002,1.0,stack_break,-0.0017600000000002058,-177.50000000002058
ma3_ema9_21_50_15m_follow_pmc,short,2020-09-18 12:30:00-04:00,2020-09-18 15:00:00-04:00,1.1832799999999999,1.1859600000000001,1.0,stack_break,-0.0026800000000002377,-269.50000000002376
ma3_ema9_21_50_15m_follow_pmc,short,2020-09-21 08:15:00-04:00,2020-09-21 16:15:00-04:00,1.18308,1.17389,1.0,session_end,0.00918999999999981,917.4999999999809
ma3_ema9_21_50_15m_follow_pmc,short,2020-09-22 03:00:00-04:00,2020-09-22 03:45:00-04:00,1.1760899999999999,1.17703,1.0,stack_break,-0.0009400000000001629,-95.50000000001629
ma3_ema9_21_50_15m_follow_pmc,short,2020-09-22 05:45:00-04:00,2020-09-22 11:15:00-04:00,1.1759199999999999,1.1758000000000002,1.0,stack_break,0.00011999999999967592,10.499999999967592
ma3_ema9_21_50_15m_follow_pmc,short,2020-09-22 12:45:00-04:00,2020-09-22 13:15:00-04:00,1.1739799999999998,1.1749200000000002,1.0,stack_break,-0.000940000000000385,-95.5000000000385
ma3_ema9_21_50_15m_follow_pmc,short,2020-09-22 14:15:00-04:00,2020-09-22 16:15:00-04:00,1.17282,1.17029,1.0,session_end,0.002529999999999921,251.49999999999213
ma3_ema9_21_50_15m_follow_pmc,short,2020-09-23 03:00:00-04:00,2020-09-23 07:45:00-04:00,1.1677,1.16958,1.0,stack_break,-0.0018800000000001038,-189.50000000001037
ma3_ema9_21_50_15m_follow_pmc,short,2020-09-23 13:15:00-04:00,2020-09-23 16:15:00-04:00,1.16946,1.1678400000000002,1.0,session_end,0.0016199999999997328,160.49999999997328
ma3_ema9_21_50_15m_follow_pmc,short,2020-09-24 03:00:00-04:00,2020-09-24 08:15:00-04:00,1.16621,1.1668,1.0,stack_break,-0.0005900000000000905,-60.500000000009045
ma3_ema9_21_50_15m_follow_pmc,short,2020-09-24 08:30:00-04:00,2020-09-24 15:45:00-04:00,1.16495,1.1651,1.0,stack_break,-0.0001500000000000945,-16.50000000000945
ma3_ema9_21_50_15m_follow_pmc,short,2020-09-25 09:15:00-04:00,2020-09-25 16:15:00-04:00,1.1655099999999998,1.1623500000000002,1.0,session_end,0.0031599999999996076,314.4999999999608
ma3_ema9_21_50_15m_follow_pmc,short,2020-09-28 07:00:00-04:00,2020-09-28 09:00:00-04:00,1.1629399999999999,1.1642800000000002,1.0,stack_break,-0.001340000000000341,-135.5000000000341
ma3_ema9_21_50_15m_follow_pmc,short,2020-09-30 08:00:00-04:00,2020-09-30 15:00:00-04:00,1.17258,1.17284,1.0,stack_break,-0.000260000000000149,-27.5000000000149
ma3_ema9_21_50_15m_follow_pmc,long,2020-10-01 03:00:00-04:00,2020-10-01 08:15:00-04:00,1.1736600000000001,1.17366,1.0,stack_break,-2.220446049250313e-16,-1.5000000000222045
ma3_ema9_21_50_15m_follow_pmc,long,2020-10-01 10:45:00-04:00,2020-10-01 14:30:00-04:00,1.17449,1.17383,1.0,stack_break,-0.000660000000000105,-67.50000000001049
ma3_ema9_21_50_15m_follow_pmc,short,2020-10-02 03:15:00-04:00,2020-10-02 07:15:00-04:00,1.1719199999999999,1.17392,1.0,stack_break,-0.002000000000000224,-201.5000000000224
ma3_ema9_21_50_15m_follow_pmc,short,2020-10-02 08:15:00-04:00,2020-10-02 12:30:00-04:00,1.1721,1.1730600000000002,1.0,stack_break,-0.000960000000000294,-97.50000000002939
ma3_ema9_21_50_15m_follow_pmc,short,2020-10-02 13:00:00-04:00,2020-10-02 16:15:00-04:00,1.1710099999999999,1.17057,1.0,session_end,0.0004399999999997739,42.49999999997739
ma3_ema9_21_50_15m_follow_pmc,long,2020-10-05 03:00:00-04:00,2020-10-05 07:15:00-04:00,1.17307,1.1719899999999999,1.0,stack_break,-0.001080000000000192,-109.50000000001918
ma3_ema9_21_50_15m_follow_pmc,long,2020-10-05 08:15:00-04:00,2020-10-05 16:15:00-04:00,1.1735000000000002,1.17848,1.0,session_end,0.004979999999999762,496.49999999997624
ma3_ema9_21_50_15m_follow_pmc,long,2020-10-06 03:00:00-04:00,2020-10-06 06:30:00-04:00,1.17896,1.1782599999999999,1.0,stack_break,-0.000700000000000145,-71.5000000000145
ma3_ema9_21_50_15m_follow_pmc,long,2020-10-06 12:00:00-04:00,2020-10-06 16:00:00-04:00,1.17938,1.17847,1.0,stack_break,-0.0009100000000001884,-92.50000000001884
ma3_ema9_21_50_15m_follow_pmc,long,2020-10-07 08:45:00-04:00,2020-10-07 16:15:00-04:00,1.17591,1.17647,1.0,session_end,0.0005599999999998939,54.49999999998939
ma3_ema9_21_50_15m_follow_pmc,long,2020-10-08 03:15:00-04:00,2020-10-08 08:15:00-04:00,1.1770800000000001,1.1762199999999998,1.0,stack_break,-0.000860000000000305,-87.5000000000305
ma3_ema9_21_50_15m_follow_pmc,long,2020-10-09 03:00:00-04:00,2020-10-09 16:15:00-04:00,1.17771,1.18167,1.0,session_end,0.0039599999999999635,394.49999999999636
ma3_ema9_21_50_15m_follow_pmc,long,2020-10-12 03:45:00-04:00,2020-10-12 07:00:00-04:00,1.18199,1.1813999999999998,1.0,stack_break,-0.0005900000000003125,-60.50000000003125
ma3_ema9_21_50_15m_follow_pmc,short,2020-10-14 10:00:00-04:00,2020-10-14 12:00:00-04:00,1.1720599999999999,1.17442,1.0,stack_break,-0.0023600000000001398,-237.50000000001398
ma3_ema9_21_50_15m_follow_pmc,long,2020-10-14 13:00:00-04:00,2020-10-14 16:15:00-04:00,1.1767400000000001,1.1755099999999998,1.0,session_end,-0.0012300000000002864,-124.50000000002865
ma3_ema9_21_50_15m_follow_pmc,long,2020-10-15 05:15:00-04:00,2020-10-15 07:00:00-04:00,1.17528,1.1738799999999998,1.0,stack_break,-0.00140000000000029,-141.500000000029
ma3_ema9_21_50_15m_follow_pmc,short,2020-10-15 08:45:00-04:00,2020-10-15 16:15:00-04:00,1.1713399999999998,1.1701700000000002,1.0,session_end,0.0011699999999996713,115.49999999996713
ma3_ema9_21_50_15m_follow_pmc,short,2020-10-16 03:15:00-04:00,2020-10-16 06:15:00-04:00,1.17028,1.1706800000000002,1.0,stack_break,-0.000400000000000178,-41.5000000000178
ma3_ema9_21_50_15m_follow_pmc,short,2020-10-16 06:30:00-04:00,2020-10-16 07:45:00-04:00,1.1704599999999998,1.17144,1.0,stack_break,-0.000980000000000203,-99.5000000000203
ma3_ema9_21_50_15m_follow_pmc,long,2020-10-16 11:45:00-04:00,2020-10-16 15:30:00-04:00,1.17314,1.1718099999999998,1.0,stack_break,-0.0013300000000002754,-134.50000000002754
ma3_ema9_21_50_15m_follow_pmc,short,2020-10-19 03:00:00-04:00,2020-10-19 08:00:00-04:00,1.17119,1.1719700000000002,1.0,stack_break,-0.000780000000000225,-79.5000000000225
ma3_ema9_21_50_15m_follow_pmc,long,2020-10-19 08:45:00-04:00,2020-10-19 16:15:00-04:00,1.1736300000000002,1.1787999999999998,1.0,session_end,0.005169999999999675,515.4999999999675
ma3_ema9_21_50_15m_follow_pmc,long,2020-10-20 04:00:00-04:00,2020-10-20 07:30:00-04:00,1.17741,1.17618,1.0,stack_break,-0.0012300000000000644,-124.50000000000644
ma3_ema9_21_50_15m_follow_pmc,long,2020-10-20 08:30:00-04:00,2020-10-20 16:15:00-04:00,1.17798,1.18237,1.0,session_end,0.004389999999999894,437.4999999999894
ma3_ema9_21_50_15m_follow_pmc,long,2020-10-21 03:00:00-04:00,2020-10-21 10:15:00-04:00,1.1839000000000002,1.18427,1.0,stack_break,0.0003699999999997594,35.49999999997594
ma3_ema9_21_50_15m_follow_pmc,long,2020-10-21 11:00:00-04:00,2020-10-21 16:15:00-04:00,1.1858600000000001,1.18712,1.0,session_end,0.0012599999999998168,124.49999999998168
ma3_ema9_21_50_15m_follow_pmc,long,2020-10-23 08:45:00-04:00,2020-10-23 14:45:00-04:00,1.18385,1.18275,1.0,stack_break,-0.001100000000000101,-111.50000000001009
ma3_ema9_21_50_15m_follow_pmc,long,2020-10-27 04:00:00-04:00,2020-10-27 08:15:00-04:00,1.18202,1.1816399999999998,1.0,stack_break,-0.000380000000000269,-39.5000000000269
ma3_ema9_21_50_15m_follow_pmc,long,2020-10-27 12:45:00-04:00,2020-10-27 16:15:00-04:00,1.1830900000000002,1.1832699999999998,1.0,session_end,0.0001799999999996249,16.49999999996249
ma3_ema9_21_50_15m_follow_pmc,short,2020-10-28 12:45:00-04:00,2020-10-28 16:15:00-04:00,1.1722599999999999,1.1753300000000002,1.0,session_end,-0.0030700000000003502,-308.500000000035
ma3_ema9_21_50_15m_follow_pmc,long,2020-10-29 04:00:00-04:00,2020-10-29 07:30:00-04:00,1.17511,1.1746599999999998,1.0,stack_break,-0.0004500000000002835,-46.50000000002835
ma3_ema9_21_50_15m_follow_pmc,short,2020-10-29 11:00:00-04:00,2020-10-29 16:15:00-04:00,1.17197,1.1658600000000001,1.0,session_end,0.006109999999999838,609.4999999999837
ma3_ema9_21_50_15m_follow_pmc,short,2020-10-30 07:15:00-04:00,2020-10-30 13:15:00-04:00,1.16767,1.1698400000000002,1.0,stack_break,-0.0021700000000002273,-218.50000000002274
ma3_ema9_21_50_15m_follow_pmc,short,2020-10-30 16:00:00-04:00,2020-10-30 16:15:00-04:00,1.1655499999999999,1.1648200000000002,1.0,session_end,0.0007299999999996754,71.49999999996754
ma3_ema9_21_50_15m_follow_pmc,short,2020-11-02 03:30:00-05:00,2020-11-02 10:00:00-05:00,1.16421,1.1642800000000002,1.0,stack_break,-7.000000000023654e-05,-8.500000000023654
ma3_ema9_21_50_15m_follow_pmc,long,2020-11-02 12:30:00-05:00,2020-11-02 14:30:00-05:00,1.16538,1.16333,1.0,stack_break,-0.0020500000000001073,-206.50000000001074
ma3_ema9_21_50_15m_follow_pmc,short,2020-11-02 14:45:00-05:00,2020-11-02 16:15:00-05:00,1.1631699999999998,1.16358,1.0,session_end,-0.0004100000000002435,-42.50000000002435
ma3_ema9_21_50_15m_follow_pmc,long,2020-11-03 03:00:00-05:00,2020-11-03 16:15:00-05:00,1.16507,1.17274,1.0,session_end,0.007669999999999844,765.4999999999843
ma3_ema9_21_50_15m_follow_pmc,short,2020-11-04 03:00:00-05:00,2020-11-04 09:00:00-05:00,1.1613099999999998,1.16849,1.0,stack_break,-0.007180000000000186,-719.5000000000186
ma3_ema9_21_50_15m_follow_pmc,long,2020-11-04 12:00:00-05:00,2020-11-04 16:15:00-05:00,1.17057,1.17052,1.0,session_end,-5.0000000000105516e-05,-6.500000000010552
ma3_ema9_21_50_15m_follow_pmc,long,2020-11-05 03:15:00-05:00,2020-11-05 16:15:00-05:00,1.17331,1.1825999999999999,1.0,session_end,0.009289999999999798,927.4999999999799
ma3_ema9_21_50_15m_follow_pmc,long,2020-11-06 03:30:00-05:00,2020-11-06 06:45:00-05:00,1.18222,1.1818899999999999,1.0,stack_break,-0.0003300000000001635,-34.50000000001635
ma3_ema9_21_50_15m_follow_pmc,long,2020-11-06 07:00:00-05:00,2020-11-06 16:15:00-05:00,1.1829800000000001,1.18732,1.0,session_end,0.0043399999999997885,432.49999999997885
ma3_ema9_21_50_15m_follow_pmc,long,2020-11-09 03:00:00-05:00,2020-11-09 06:30:00-05:00,1.18914,1.1883499999999998,1.0,stack_break,-0.0007900000000002905,-80.50000000002905
ma3_ema9_21_50_15m_follow_pmc,long,2020-11-09 07:00:00-05:00,2020-11-09 08:45:00-05:00,1.1891500000000002,1.18821,1.0,stack_break,-0.0009400000000001629,-95.50000000001629
ma3_ema9_21_50_15m_follow_pmc,long,2020-11-09 14:00:00-05:00,2020-11-09 15:30:00-05:00,1.1892800000000001,1.1862,1.0,stack_break,-0.0030800000000001937,-309.5000000000194
ma3_ema9_21_50_15m_follow_pmc,long,2020-11-11 03:00:00-05:00,2020-11-11 06:45:00-05:00,1.1824800000000002,1.1817199999999999,1.0,stack_break,-0.000760000000000316,-77.5000000000316
ma3_ema9_21_50_15m_follow_pmc,long,2020-11-11 07:15:00-05:00,2020-11-11 07:45:00-05:00,1.1826800000000002,1.18207,1.0,stack_break,-0.0006100000000002215,-62.50000000002215
ma3_ema9_21_50_15m_follow_pmc,long,2020-11-12 03:00:00-05:00,2020-11-12 04:15:00-05:00,1.17789,1.17743,1.0,stack_break,-0.000460000000000127,-47.5000000000127
ma3_ema9_21_50_15m_follow_pmc,long,2020-11-12 09:15:00-05:00,2020-11-12 14:45:00-05:00,1.17906,1.17902,1.0,stack_break,-4.0000000000040004e-05,-5.500000000004
ma3_ema9_21_50_15m_follow_pmc,long,2020-11-12 15:45:00-05:00,2020-11-12 16:15:00-05:00,1.1804700000000001,1.18101,1.0,session_end,0.0005399999999997629,52.49999999997629
ma3_ema9_21_50_15m_follow_pmc,long,2020-11-13 06:15:00-05:00,2020-11-13 06:30:00-05:00,1.18062,1.18028,1.0,stack_break,-0.00034000000000000696,-35.500000000000696
ma3_ema9_21_50_15m_follow_pmc,long,2020-11-13 06:45:00-05:00,2020-11-13 07:30:00-05:00,1.1807500000000002,1.1801,1.0,stack_break,-0.0006500000000002615,-66.50000000002615
ma3_ema9_21_50_15m_follow_pmc,long,2020-11-13 07:45:00-05:00,2020-11-13 13:45:00-05:00,1.1806,1.1812099999999999,1.0,stack_break,0.0006099999999997774,59.49999999997774
ma3_ema9_21_50_15m_follow_pmc,long,2020-11-13 14:00:00-05:00,2020-11-13 16:15:00-05:00,1.18202,1.1823199999999998,1.0,session_end,0.0002999999999997449,28.49999999997449
ma3_ema9_21_50_15m_follow_pmc,long,2020-11-16 03:00:00-05:00,2020-11-16 07:45:00-05:00,1.18497,1.18448,1.0,stack_break,-0.0004900000000001015,-50.50000000001015
ma3_ema9_21_50_15m_follow_pmc,long,2020-11-16 08:00:00-05:00,2020-11-16 10:15:00-05:00,1.18506,1.1844299999999999,1.0,stack_break,-0.0006300000000001305,-64.50000000001305
ma3_ema9_21_50_15m_follow_pmc,long,2020-11-17 03:00:00-05:00,2020-11-17 05:45:00-05:00,1.1866500000000002,1.18562,1.0,stack_break,-0.0010300000000003084,-104.50000000003084
ma3_ema9_21_50_15m_follow_pmc,long,2020-11-17 09:00:00-05:00,2020-11-17 15:45:00-05:00,1.1865500000000002,1.1867899999999998,1.0,stack_break,0.0002399999999995739,22.49999999995739
ma3_ema9_21_50_15m_follow_pmc,long,2020-11-18 05:45:00-05:00,2020-11-18 12:00:00-05:00,1.1874500000000001,1.1875,1.0,stack_break,4.999999999988347e-05,3.499999999988347
ma3_ema9_21_50_15m_follow_pmc,long,2020-11-20 03:00:00-05:00,2020-11-20 08:00:00-05:00,1.1871600000000002,1.18678,1.0,stack_break,-0.000380000000000269,-39.5000000000269
ma3_ema9_21_50_15m_follow_pmc,long,2020-11-23 03:00:00-05:00,2020-11-23 08:15:00-05:00,1.1872600000000002,1.18675,1.0,stack_break,-0.0005100000000002325,-52.50000000002325
ma3_ema9_21_50_15m_follow_pmc,long,2020-11-23 09:45:00-05:00,2020-11-23 15:15:00-05:00,1.18798,1.1861899999999999,1.0,stack_break,-0.0017900000000001803,-180.50000000001802
ma3_ema9_21_50_15m_follow_pmc,long,2020-11-24 06:45:00-05:00,2020-11-24 13:15:00-05:00,1.18558,1.1864599999999998,1.0,stack_break,0.0008799999999997699,86.49999999997698
ma3_ema9_21_50_15m_follow_pmc,long,2020-11-25 03:00:00-05:00,2020-11-25 06:45:00-05:00,1.19022,1.1892299999999998,1.0,stack_break,-0.0009900000000002684,-100.50000000002684
ma3_ema9_21_50_15m_follow_pmc,long,2020-11-25 08:00:00-05:00,2020-11-25 10:00:00-05:00,1.1907100000000002,1.1895399999999998,1.0,stack_break,-0.0011700000000003374,-118.50000000003374
ma3_ema9_21_50_15m_follow_pmc,long,2020-11-25 14:15:00-05:00,2020-11-25 16:15:00-05:00,1.1903700000000002,1.1899899999999999,1.0,session_end,-0.000380000000000269,-39.5000000000269
ma3_ema9_21_50_15m_follow_pmc,long,2020-11-26 03:00:00-05:00,2020-11-26 09:15:00-05:00,1.19246,1.1914699999999998,1.0,stack_break,-0.0009900000000002684,-100.50000000002684
ma3_ema9_21_50_15m_follow_pmc,long,2020-11-27 03:00:00-05:00,2020-11-27 10:45:00-05:00,1.19137,1.1918199999999999,1.0,stack_break,0.0004499999999998394,43.49999999998394
ma3_ema9_21_50_15m_follow_pmc,long,2020-11-27 11:30:00-05:00,2020-11-27 12:15:00-05:00,1.1924100000000002,1.1921599999999999,1.0,stack_break,-0.00025000000000030553,-26.500000000030553
ma3_ema9_21_50_15m_follow_pmc,long,2020-11-27 13:45:00-05:00,2020-11-27 16:15:00-05:00,1.1928500000000002,1.19461,1.0,session_end,0.0017599999999997618,174.49999999997618
ma3_ema9_21_50_15m_follow_pmc,long,2020-11-30 03:00:00-05:00,2020-11-30 07:30:00-05:00,1.1970200000000002,1.19641,1.0,stack_break,-0.0006100000000002215,-62.50000000002215
ma3_ema9_21_50_15m_follow_pmc,long,2020-11-30 08:15:00-05:00,2020-11-30 16:15:00-05:00,1.1971900000000002,1.19579,1.0,session_end,-0.00140000000000029,-141.500000000029
ma3_ema9_21_50_15m_follow_pmc,long,2020-12-01 04:45:00-05:00,2020-12-01 12:00:00-05:00,1.19578,1.1960799999999998,1.0,stack_break,0.0002999999999997449,28.49999999997449
ma3_ema9_21_50_15m_follow_pmc,long,2020-12-01 12:15:00-05:00,2020-12-01 16:15:00-05:00,1.1971800000000001,1.2034999999999998,1.0,session_end,0.006319999999999659,630.4999999999659
ma3_ema9_21_50_15m_follow_pmc,long,2020-12-02 03:00:00-05:00,2020-12-02 07:15:00-05:00,1.20785,1.2066599999999998,1.0,stack_break,-0.0011900000000002464,-120.50000000002464
ma3_ema9_21_50_15m_follow_pmc,long,2020-12-02 07:45:00-05:00,2020-12-02 08:30:00-05:00,1.2077900000000001,1.20624,1.0,stack_break,-0.0015500000000001624,-156.50000000001623
ma3_ema9_21_50_15m_follow_pmc,long,2020-12-02 14:15:00-05:00,2020-12-02 16:15:00-05:00,1.20679,1.2075999999999998,1.0,session_end,0.0008099999999997554,79.49999999997553
ma3_ema9_21_50_15m_follow_pmc,long,2020-12-03 03:00:00-05:00,2020-12-03 09:45:00-05:00,1.21175,1.2105899999999998,1.0,stack_break,-0.001160000000000272,-117.5000000000272
ma3_ema9_21_50_15m_follow_pmc,long,2020-12-03 12:00:00-05:00,2020-12-03 16:15:00-05:00,1.21286,1.2161899999999999,1.0,session_end,0.003329999999999833,331.4999999999833
ma3_ema9_21_50_15m_follow_pmc,long,2020-12-04 06:15:00-05:00,2020-12-04 14:00:00-05:00,1.2149800000000002,1.21532,1.0,stack_break,0.0003399999999997849,32.49999999997849
ma3_ema9_21_50_15m_follow_pmc,long,2020-12-07 14:45:00-05:00,2020-12-07 16:15:00-05:00,1.21375,1.21328,1.0,session_end,-0.0004700000000001925,-48.50000000001925
ma3_ema9_21_50_15m_follow_pmc,long,2020-12-08 09:30:00-05:00,2020-12-08 12:15:00-05:00,1.2132100000000001,1.21084,1.0,stack_break,-0.0023700000000002053,-238.50000000002052
ma3_ema9_21_50_15m_follow_pmc,long,2020-12-08 13:45:00-05:00,2020-12-08 15:45:00-05:00,1.21246,1.21068,1.0,stack_break,-0.0017800000000001148,-179.50000000001148
ma3_ema9_21_50_15m_follow_pmc,long,2020-12-09 03:00:00-05:00,2020-12-09 10:15:00-05:00,1.2119000000000002,1.2123599999999999,1.0,stack_break,0.0004599999999996829,44.49999999996829
ma3_ema9_21_50_15m_follow_pmc,long,2020-12-10 04:45:00-05:00,2020-12-10 09:30:00-05:00,1.2097300000000002,1.2085899999999998,1.0,stack_break,-0.001140000000000363,-115.5000000000363
ma3_ema9_21_50_15m_follow_pmc,long,2020-12-10 09:45:00-05:00,2020-12-10 12:15:00-05:00,1.20998,1.2089299999999998,1.0,stack_break,-0.0010500000000002174,-106.50000000002174
ma3_ema9_21_50_15m_follow_pmc,long,2020-12-10 13:15:00-05:00,2020-12-10 16:15:00-05:00,1.21131,1.2129599999999998,1.0,session_end,0.0016499999999997073,163.49999999997073
ma3_ema9_21_50_15m_follow_pmc,long,2020-12-11 03:00:00-05:00,2020-12-11 08:00:00-05:00,1.21533,1.21329,1.0,stack_break,-0.0020400000000000418,-205.50000000000418
ma3_ema9_21_50_15m_follow_pmc,long,2020-12-14 03:00:00-05:00,2020-12-14 15:45:00-05:00,1.2131800000000001,1.21353,1.0,stack_break,0.00034999999999985043,33.49999999998504
ma3_ema9_21_50_15m_follow_pmc,long,2020-12-15 03:00:00-05:00,2020-12-15 04:45:00-05:00,1.21587,1.2147599999999998,1.0,stack_break,-0.0011100000000001664,-112.50000000001664
ma3_ema9_21_50_15m_follow_pmc,long,2020-12-15 10:45:00-05:00,2020-12-15 13:15:00-05:00,1.21605,1.2127999999999999,1.0,stack_break,-0.003250000000000197,-326.5000000000197
ma3_ema9_21_50_15m_follow_pmc,long,2020-12-15 16:00:00-05:00,2020-12-15 16:15:00-05:00,1.21571,1.21518,1.0,session_end,-0.0005300000000001415,-54.50000000001415
ma3_ema9_21_50_15m_follow_pmc,long,2020-12-16 03:15:00-05:00,2020-12-16 16:15:00-05:00,1.21567,1.2185599999999999,1.0,session_end,0.002889999999999837,287.49999999998374
ma3_ema9_21_50_15m_follow_pmc,long,2020-12-17 03:00:00-05:00,2020-12-17 16:15:00-05:00,1.2208800000000002,1.22451,1.0,session_end,0.0036299999999998,361.49999999998
ma3_ema9_21_50_15m_follow_pmc,long,2020-12-18 09:15:00-05:00,2020-12-18 10:30:00-05:00,1.22601,1.22461,1.0,stack_break,-0.0014000000000000679,-141.5000000000068
ma3_ema9_21_50_15m_follow_pmc,long,2020-12-18 11:00:00-05:00,2020-12-18 14:15:00-05:00,1.2256900000000002,1.2246,1.0,stack_break,-0.0010900000000002574,-110.50000000002575
ma3_ema9_21_50_15m_follow_pmc,long,2020-12-21 15:45:00-05:00,2020-12-21 16:15:00-05:00,1.2217600000000002,1.2210899999999998,1.0,session_end,-0.0006700000000003925,-68.50000000003925
ma3_ema9_21_50_15m_follow_pmc,long,2020-12-22 12:15:00-05:00,2020-12-22 15:00:00-05:00,1.2241700000000002,1.22148,1.0,stack_break,-0.0026900000000003033,-270.50000000003035
ma3_ema9_21_50_15m_follow_pmc,long,2020-12-23 06:15:00-05:00,2020-12-23 11:15:00-05:00,1.2189400000000001,1.2178799999999999,1.0,stack_break,-0.001060000000000283,-107.5000000000283
ma3_ema9_21_50_15m_follow_pmc,long,2020-12-23 12:00:00-05:00,2020-12-23 13:00:00-05:00,1.2193900000000002,1.2182,1.0,stack_break,-0.0011900000000002464,-120.50000000002464
ma3_ema9_21_50_15m_follow_pmc,long,2020-12-23 15:00:00-05:00,2020-12-23 16:15:00-05:00,1.22144,1.21877,1.0,session_end,-0.0026700000000001722,-268.5000000000172
ma3_ema9_21_50_15m_follow_pmc,long,2020-12-24 03:00:00-05:00,2020-12-24 09:00:00-05:00,1.22137,1.2194999999999998,1.0,stack_break,-0.0018700000000002603,-188.50000000002603
ma3_ema9_21_50_15m_follow_pmc,long,2020-12-25 03:30:00-05:00,2020-12-27 22:15:00-05:00,1.21985,1.2185499999999998,1.0,session_end,-0.001300000000000301,-131.5000000000301
ma3_ema9_21_50_15m_follow_pmc,long,2020-12-28 03:00:00-05:00,2020-12-28 11:15:00-05:00,1.22136,1.2212399999999999,1.0,stack_break,-0.00012000000000012001,-13.500000000012001
ma3_ema9_21_50_15m_follow_pmc,long,2020-12-28 14:45:00-05:00,2020-12-28 16:15:00-05:00,1.22231,1.2214299999999998,1.0,session_end,-0.0008800000000002139,-89.5000000000214
ma3_ema9_21_50_15m_follow_pmc,long,2020-12-29 03:00:00-05:00,2020-12-29 16:15:00-05:00,1.22364,1.2240799999999998,1.0,session_end,0.0004399999999997739,42.49999999997739
ma3_ema9_21_50_15m_follow_pmc,long,2020-12-30 03:00:00-05:00,2020-12-30 08:15:00-05:00,1.2286000000000001,1.22671,1.0,stack_break,-0.0018900000000001693,-190.50000000001694
ma3_ema9_21_50_15m_follow_pmc,long,2020-12-30 11:15:00-05:00,2020-12-30 11:30:00-05:00,1.2279200000000001,1.22691,1.0,stack_break,-0.0010100000000001774,-102.50000000001774
ma3_ema9_21_50_15m_follow_pmc,long,2020-12-30 12:45:00-05:00,2020-12-30 16:15:00-05:00,1.2280900000000001,1.2301499999999999,1.0,session_end,0.0020599999999997287,204.49999999997289
ma3_ema9_21_50_15m_follow_pmc,long,2020-12-31 03:00:00-05:00,2020-12-31 03:30:00-05:00,1.2298600000000002,1.22887,1.0,stack_break,-0.0009900000000002684,-100.50000000002684
ma3_ema9_21_50_15m_follow_pmc,long,2020-12-31 08:00:00-05:00,2020-12-31 09:30:00-05:00,1.2295500000000001,1.2281799999999998,1.0,stack_break,-0.0013700000000003154,-138.50000000003155
ma3_ema9_21_50_15m_follow_pmc,long,2021-01-04 03:15:00-05:00,2021-01-04 15:45:00-05:00,1.2254900000000002,1.2267299999999999,1.0,stack_break,0.0012399999999996858,122.49999999996858
ma3_ema9_21_50_15m_follow_pmc,long,2021-01-05 03:30:00-05:00,2021-01-05 08:15:00-05:00,1.22744,1.22607,1.0,stack_break,-0.0013700000000000934,-138.50000000000932
ma3_ema9_21_50_15m_follow_pmc,long,2021-01-05 08:30:00-05:00,2021-01-05 13:45:00-05:00,1.22696,1.2264499999999998,1.0,stack_break,-0.0005100000000002325,-52.50000000002325
ma3_ema9_21_50_15m_follow_pmc,long,2021-01-06 05:30:00-05:00,2021-01-06 14:30:00-05:00,1.22994,1.22996,1.0,stack_break,1.999999999990898e-05,0.49999999999089795
ma3_ema9_21_50_15m_follow_pmc,long,2021-01-07 03:00:00-05:00,2021-01-07 03:30:00-05:00,1.2325400000000002,1.2325899999999999,1.0,stack_break,4.9999999999661426e-05,3.4999999999661426
ma3_ema9_21_50_15m_follow_pmc,long,2021-01-08 14:45:00-05:00,2021-01-08 15:30:00-05:00,1.2279900000000001,1.2241,1.0,stack_break,-0.003890000000000171,-390.5000000000171
ma3_ema9_21_50_15m_follow_pmc,short,2021-01-11 03:00:00-05:00,2021-01-11 07:30:00-05:00,1.2172599999999998,1.2192900000000002,1.0,stack_break,-0.0020300000000004204,-204.50000000004204
ma3_ema9_21_50_15m_follow_pmc,short,2021-01-11 10:00:00-05:00,2021-01-11 16:15:00-05:00,1.2170599999999998,1.2152800000000001,1.0,session_end,0.0017799999999996707,176.4999999999671
ma3_ema9_21_50_15m_follow_pmc,short,2021-01-12 03:00:00-05:00,2021-01-12 06:45:00-05:00,1.2145599999999999,1.2152200000000002,1.0,stack_break,-0.000660000000000327,-67.5000000000327
ma3_ema9_21_50_15m_follow_pmc,short,2021-01-12 11:30:00-05:00,2021-01-12 13:30:00-05:00,1.21467,1.21602,1.0,stack_break,-0.0013500000000001844,-136.50000000001845
ma3_ema9_21_50_15m_follow_pmc,short,2021-01-12 14:00:00-05:00,2021-01-12 16:00:00-05:00,1.2145199999999998,1.21594,1.0,stack_break,-0.0014200000000001989,-143.5000000000199
ma3_ema9_21_50_15m_follow_pmc,long,2021-01-13 03:00:00-05:00,2021-01-13 06:15:00-05:00,1.2217,1.22081,1.0,stack_break,-0.0008900000000000574,-90.50000000000574
ma3_ema9_21_50_15m_follow_pmc,long,2021-01-13 06:45:00-05:00,2021-01-13 08:30:00-05:00,1.22161,1.22067,1.0,stack_break,-0.0009400000000001629,-95.50000000001629
ma3_ema9_21_50_15m_follow_pmc,short,2021-01-13 10:15:00-05:00,2021-01-13 16:15:00-05:00,1.21908,1.2161700000000002,1.0,session_end,0.002909999999999746,289.4999999999746
ma3_ema9_21_50_15m_follow_pmc,short,2021-01-14 03:00:00-05:00,2021-01-14 09:15:00-05:00,1.21501,1.2158600000000002,1.0,stack_break,-0.0008500000000002395,-86.50000000002395
ma3_ema9_21_50_15m_follow_pmc,short,2021-01-14 12:30:00-05:00,2021-01-14 16:15:00-05:00,1.2148599999999998,1.21341,1.0,session_end,0.0014499999999997293,143.49999999997294
ma3_ema9_21_50_15m_follow_pmc,short,2021-01-15 04:30:00-05:00,2021-01-15 16:15:00-05:00,1.21444,1.20926,1.0,session_end,0.005179999999999962,516.4999999999962
ma3_ema9_21_50_15m_follow_pmc,short,2021-01-18 03:00:00-05:00,2021-01-18 03:15:00-05:00,1.20804,1.20822,1.0,stack_break,-0.000180000000000069,-19.5000000000069
ma3_ema9_21_50_15m_follow_pmc,short,2021-01-18 03:30:00-05:00,2021-01-18 07:15:00-05:00,1.20755,1.20787,1.0,stack_break,-0.000320000000000098,-33.5000000000098
ma3_ema9_21_50_15m_follow_pmc,short,2021-01-18 08:15:00-05:00,2021-01-18 15:30:00-05:00,1.20688,1.20716,1.0,stack_break,-0.000280000000000058,-29.500000000005798
ma3_ema9_21_50_15m_follow_pmc,short,2021-01-20 10:30:00-05:00,2021-01-20 16:15:00-05:00,1.21176,1.2102000000000002,1.0,session_end,0.0015599999999997838,154.49999999997837
ma3_ema9_21_50_15m_follow_pmc,short,2021-01-22 14:30:00-05:00,2021-01-22 15:30:00-05:00,1.21563,1.2183400000000002,1.0,stack_break,-0.0027100000000002122,-272.5000000000212
ma3_ema9_21_50_15m_follow_pmc,short,2021-01-25 09:45:00-05:00,2021-01-25 16:15:00-05:00,1.21553,1.21323,1.0,session_end,0.0022999999999999687,228.49999999999687
ma3_ema9_21_50_15m_follow_pmc,short,2021-01-26 04:45:00-05:00,2021-01-26 10:45:00-05:00,1.21346,1.21326,1.0,stack_break,0.00019999999999997797,18.499999999997797
ma3_ema9_21_50_15m_follow_pmc,short,2021-01-26 11:00:00-05:00,2021-01-26 11:45:00-05:00,1.2125599999999999,1.21419,1.0,stack_break,-0.0016300000000002424,-164.50000000002424
ma3_ema9_21_50_15m_follow_pmc,short,2021-01-27 08:30:00-05:00,2021-01-27 16:15:00-05:00,1.21504,1.20906,1.0,session_end,0.005979999999999874,596.4999999999874
ma3_ema9_21_50_15m_follow_pmc,short,2021-01-28 03:00:00-05:00,2021-01-28 07:00:00-05:00,1.2094999999999998,1.20998,1.0,stack_break,-0.000480000000000258,-49.5000000000258
ma3_ema9_21_50_15m_follow_pmc,short,2021-01-28 07:30:00-05:00,2021-01-28 08:30:00-05:00,1.2089599999999998,1.2105400000000002,1.0,stack_break,-0.001580000000000359,-159.5000000000359
ma3_ema9_21_50_15m_follow_pmc,short,2021-01-29 03:00:00-05:00,2021-01-29 09:00:00-05:00,1.2102799999999998,1.21141,1.0,stack_break,-0.0011300000000002974,-114.50000000002974
ma3_ema9_21_50_15m_follow_pmc,short,2021-02-01 07:30:00-05:00,2021-02-01 16:15:00-05:00,1.2122099999999998,1.2081600000000001,1.0,session_end,0.004049999999999665,403.4999999999665
ma3_ema9_21_50_15m_follow_pmc,short,2021-02-02 06:45:00-05:00,2021-02-02 09:00:00-05:00,1.2069699999999999,1.2079300000000002,1.0,stack_break,-0.000960000000000294,-97.50000000002939
ma3_ema9_21_50_15m_follow_pmc,short,2021-02-02 10:15:00-05:00,2021-02-02 16:15:00-05:00,1.2066899999999998,1.2027500000000002,1.0,session_end,0.0039399999999996105,392.49999999996106
ma3_ema9_21_50_15m_follow_pmc,short,2021-02-03 07:45:00-05:00,2021-02-03 15:15:00-05:00,1.2032999999999998,1.2029100000000001,1.0,stack_break,0.0003899999999996684,37.49999999996684
ma3_ema9_21_50_15m_follow_pmc,short,2021-02-03 15:45:00-05:00,2021-02-03 16:15:00-05:00,1.2009699999999999,1.20137,1.0,session_end,-0.000400000000000178,-41.5000000000178
ma3_ema9_21_50_15m_follow_pmc,short,2021-02-04 04:15:00-05:00,2021-02-04 16:15:00-05:00,1.2016799999999999,1.19782,1.0,session_end,0.0038599999999997525,384.4999999999753
ma3_ema9_21_50_15m_follow_pmc,short,2021-02-05 03:00:00-05:00,2021-02-05 07:00:00-05:00,1.1954999999999998,1.19643,1.0,stack_break,-0.0009300000000003195,-94.50000000003195
ma3_ema9_21_50_15m_follow_pmc,short,2021-02-08 10:30:00-05:00,2021-02-08 14:30:00-05:00,1.2023899999999998,1.2045000000000001,1.0,stack_break,-0.0021100000000002783,-212.50000000002782
ma3_ema9_21_50_15m_follow_pmc,long,2021-02-10 03:00:00-05:00,2021-02-10 10:15:00-05:00,1.21256,1.2121199999999999,1.0,stack_break,-0.000440000000000218,-45.5000000000218
ma3_ema9_21_50_15m_follow_pmc,long,2021-02-10 14:00:00-05:00,2021-02-10 16:15:00-05:00,1.2134800000000001,1.2130599999999998,1.0,session_end,-0.000420000000000309,-43.5000000000309
ma3_ema9_21_50_15m_follow_pmc,short,2021-02-11 03:00:00-05:00,2021-02-11 04:15:00-05:00,1.2119,1.21236,1.0,stack_break,-0.000460000000000127,-47.5000000000127
ma3_ema9_21_50_15m_follow_pmc,long,2021-02-11 06:15:00-05:00,2021-02-11 11:30:00-05:00,1.2127400000000002,1.21213,1.0,stack_break,-0.0006100000000002215,-62.50000000002215
ma3_ema9_21_50_15m_follow_pmc,long,2021-02-11 11:45:00-05:00,2021-02-11 16:15:00-05:00,1.21282,1.2131699999999999,1.0,session_end,0.00034999999999985043,33.49999999998504
ma3_ema9_21_50_15m_follow_pmc,short,2021-02-12 03:15:00-05:00,2021-02-12 06:30:00-05:00,1.21193,1.2126800000000002,1.0,stack_break,-0.0007500000000002505,-76.50000000002504
ma3_ema9_21_50_15m_follow_pmc,short,2021-02-12 08:15:00-05:00,2021-02-12 16:15:00-05:00,1.21148,1.21191,1.0,session_end,-0.0004300000000001525,-44.50000000001525
ma3_ema9_21_50_15m_follow_pmc,long,2021-02-15 03:00:00-05:00,2021-02-15 11:15:00-05:00,1.2130200000000002,1.2132999999999998,1.0,stack_break,0.0002799999999996139,26.49999999996139
ma3_ema9_21_50_15m_follow_pmc,long,2021-02-15 11:45:00-05:00,2021-02-15 12:15:00-05:00,1.2138200000000001,1.2130599999999998,1.0,stack_break,-0.000760000000000316,-77.5000000000316
ma3_ema9_21_50_15m_follow_pmc,long,2021-02-16 03:00:00-05:00,2021-02-16 06:00:00-05:00,1.2146000000000001,1.21349,1.0,stack_break,-0.0011100000000001664,-112.50000000001664
ma3_ema9_21_50_15m_follow_pmc,long,2021-02-16 09:00:00-05:00,2021-02-16 13:45:00-05:00,1.2146700000000001,1.21318,1.0,stack_break,-0.0014900000000002134,-150.50000000002134
ma3_ema9_21_50_15m_follow_pmc,short,2021-02-16 14:30:00-05:00,2021-02-16 16:15:00-05:00,1.21037,1.21191,1.0,session_end,-0.0015400000000000968,-155.5000000000097
ma3_ema9_21_50_15m_follow_pmc,short,2021-02-17 03:00:00-05:00,2021-02-17 16:15:00-05:00,1.2094399999999998,1.20317,1.0,session_end,0.006269999999999776,625.4999999999776
ma3_ema9_21_50_15m_follow_pmc,short,2021-02-18 03:30:00-05:00,2021-02-18 06:15:00-05:00,1.20387,1.20455,1.0,stack_break,-0.0006800000000000139,-69.50000000000139
ma3_ema9_21_50_15m_follow_pmc,long,2021-02-19 09:00:00-05:00,2021-02-19 15:00:00-05:00,1.21266,1.21224,1.0,stack_break,-0.00042000000000008697,-43.5000000000087
ma3_ema9_21_50_15m_follow_pmc,short,2021-02-22 07:30:00-05:00,2021-02-22 11:00:00-05:00,1.21111,1.21314,1.0,stack_break,-0.0020300000000001983,-204.50000000001984
ma3_ema9_21_50_15m_follow_pmc,long,2021-02-22 11:45:00-05:00,2021-02-22 16:15:00-05:00,1.21381,1.2138499999999999,1.0,session_end,3.999999999981796e-05,2.499999999981796
ma3_ema9_21_50_15m_follow_pmc,long,2021-02-23 03:00:00-05:00,2021-02-23 07:00:00-05:00,1.2174500000000001,1.2165899999999998,1.0,stack_break,-0.000860000000000305,-87.5000000000305
ma3_ema9_21_50_15m_follow_pmc,long,2021-02-23 07:15:00-05:00,2021-02-23 08:45:00-05:00,1.21713,1.2158499999999999,1.0,stack_break,-0.0012800000000001699,-129.500000000017
ma3_ema9_21_50_15m_follow_pmc,long,2021-02-24 03:00:00-05:00,2021-02-24 04:45:00-05:00,1.21551,1.2149899999999998,1.0,stack_break,-0.000520000000000298,-53.5000000000298
ma3_ema9_21_50_15m_follow_pmc,long,2021-02-24 07:45:00-05:00,2021-02-24 13:30:00-05:00,1.21557,1.21424,1.0,stack_break,-0.0013300000000000534,-134.50000000000534
ma3_ema9_21_50_15m_follow_pmc,short,2021-02-24 15:30:00-05:00,2021-02-24 16:15:00-05:00,1.2112699999999998,1.21222,1.0,session_end,-0.0009500000000002284,-96.50000000002285
ma3_ema9_21_50_15m_follow_pmc,long,2021-02-25 03:30:00-05:00,2021-02-25 16:15:00-05:00,1.21638,1.2219399999999998,1.0,session_end,0.005559999999999787,554.4999999999787
ma3_ema9_21_50_15m_follow_pmc,short,2021-02-26 10:30:00-05:00,2021-02-26 16:15:00-05:00,1.2117699999999998,1.2132500000000002,1.0,session_end,-0.00148000000000037,-149.500000000037
ma3_ema9_21_50_15m_follow_pmc,short,2021-03-01 04:15:00-05:00,2021-03-01 07:00:00-05:00,1.2081799999999998,1.2089800000000002,1.0,stack_break,-0.000800000000000356,-81.5000000000356
ma3_ema9_21_50_15m_follow_pmc,short,2021-03-01 08:30:00-05:00,2021-03-01 16:15:00-05:00,1.20704,1.20516,1.0,session_end,0.0018799999999998818,186.49999999998818
ma3_ema9_21_50_15m_follow_pmc,short,2021-03-02 03:00:00-05:00,2021-03-02 11:30:00-05:00,1.20328,1.20256,1.0,stack_break,0.0007199999999998319,70.49999999998319
ma3_ema9_21_50_15m_follow_pmc,long,2021-03-03 07:45:00-05:00,2021-03-03 09:00:00-05:00,1.2094200000000002,1.2077099999999998,1.0,stack_break,-0.0017100000000003224,-172.50000000003223
ma3_ema9_21_50_15m_follow_pmc,long,2021-03-03 10:00:00-05:00,2021-03-03 11:45:00-05:00,1.2106100000000002,1.20803,1.0,stack_break,-0.0025800000000002488,-259.5000000000249
ma3_ema9_21_50_15m_follow_pmc,short,2021-03-03 12:30:00-05:00,2021-03-03 16:15:00-05:00,1.2063499999999998,1.2074,1.0,session_end,-0.0010500000000002174,-106.50000000002174
ma3_ema9_21_50_15m_follow_pmc,short,2021-03-04 03:00:00-05:00,2021-03-04 06:30:00-05:00,1.2052999999999998,1.20587,1.0,stack_break,-0.0005700000000001815,-58.50000000001815
ma3_ema9_21_50_15m_follow_pmc,short,2021-03-04 08:15:00-05:00,2021-03-04 16:15:00-05:00,1.2052299999999998,1.2041300000000001,1.0,session_end,0.0010999999999996568,108.49999999996568
ma3_ema9_21_50_15m_follow_pmc,short,2021-03-05 03:00:00-05:00,2021-03-05 16:15:00-05:00,1.19573,1.19096,1.0,session_end,0.004769999999999941,475.4999999999941
ma3_ema9_21_50_15m_follow_pmc,short,2021-03-08 03:00:00-05:00,2021-03-08 15:30:00-05:00,1.1904599999999999,1.18805,1.0,stack_break,0.002409999999999801,239.4999999999801
ma3_ema9_21_50_15m_follow_pmc,short,2021-03-08 16:00:00-05:00,2021-03-08 16:15:00-05:00,1.18644,1.18571,1.0,session_end,0.0007299999999998974,71.49999999998974
ma3_ema9_21_50_15m_follow_pmc,short,2021-03-09 03:00:00-05:00,2021-03-09 03:15:00-05:00,1.1851099999999999,1.18547,1.0,stack_break,-0.000360000000000138,-37.5000000000138
ma3_ema9_21_50_15m_follow_pmc,short,2021-03-10 03:00:00-05:00,2021-03-10 09:00:00-05:00,1.1881599999999999,1.1888400000000001,1.0,stack_break,-0.000680000000000236,-69.50000000002359
ma3_ema9_21_50_15m_follow_pmc,short,2021-03-12 04:45:00-05:00,2021-03-12 16:15:00-05:00,1.19655,1.1938300000000002,1.0,session_end,0.0027199999999998337,270.49999999998334
ma3_ema9_21_50_15m_follow_pmc,short,2021-03-15 05:45:00-04:00,2021-03-15 16:15:00-04:00,1.1934799999999999,1.19177,1.0,session_end,0.0017099999999998783,169.49999999998784
ma3_ema9_21_50_15m_follow_pmc,short,2021-03-16 07:45:00-04:00,2021-03-16 10:30:00-04:00,1.1917399999999998,1.1934,1.0,stack_break,-0.0016600000000002169,-167.50000000002169
ma3_ema9_21_50_15m_follow_pmc,short,2021-03-16 14:15:00-04:00,2021-03-16 16:15:00-04:00,1.19034,1.1894200000000001,1.0,session_end,0.0009199999999998099,90.49999999998099
ma3_ema9_21_50_15m_follow_pmc,short,2021-03-17 04:00:00-04:00,2021-03-17 05:15:00-04:00,1.19007,1.1904100000000002,1.0,stack_break,-0.000340000000000229,-35.5000000000229
ma3_ema9_21_50_15m_follow_pmc,short,2021-03-17 06:15:00-04:00,2021-03-17 06:45:00-04:00,1.1897399999999998,1.19079,1.0,stack_break,-0.0010500000000002174,-106.50000000002174
ma3_ema9_21_50_15m_follow_pmc,short,2021-03-17 08:00:00-04:00,2021-03-17 09:45:00-04:00,1.18946,1.19144,1.0,stack_break,-0.001980000000000093,-199.50000000000927
ma3_ema9_21_50_15m_follow_pmc,short,2021-03-17 12:15:00-04:00,2021-03-17 13:15:00-04:00,1.18925,1.19123,1.0,stack_break,-0.001980000000000093,-199.50000000000927
ma3_ema9_21_50_15m_follow_pmc,short,2021-03-18 09:15:00-04:00,2021-03-18 16:15:00-04:00,1.1944299999999999,1.19255,1.0,session_end,0.0018799999999998818,186.49999999998818
ma3_ema9_21_50_15m_follow_pmc,short,2021-03-19 04:00:00-04:00,2021-03-19 04:45:00-04:00,1.1914399999999998,1.1918000000000002,1.0,stack_break,-0.00036000000000036003,-37.500000000036
ma3_ema9_21_50_15m_follow_pmc,short,2021-03-19 10:15:00-04:00,2021-03-19 16:15:00-04:00,1.1892299999999998,1.1909500000000002,1.0,session_end,-0.0017200000000003879,-173.5000000000388
ma3_ema9_21_50_15m_follow_pmc,short,2021-03-22 07:00:00-04:00,2021-03-22 09:00:00-04:00,1.18868,1.19015,1.0,stack_break,-0.0014700000000000824,-148.50000000000824
ma3_ema9_21_50_15m_follow_pmc,short,2021-03-23 05:30:00-04:00,2021-03-23 16:15:00-04:00,1.1922599999999999,1.18723,1.0,session_end,0.005029999999999868,501.4999999999868
ma3_ema9_21_50_15m_follow_pmc,short,2021-03-24 04:00:00-04:00,2021-03-24 16:00:00-04:00,1.1847899999999998,1.18365,1.0,stack_break,0.0011399999999996968,112.49999999996967
ma3_ema9_21_50_15m_follow_pmc,short,2021-03-25 07:00:00-04:00,2021-03-25 16:15:00-04:00,1.1817199999999999,1.17755,1.0,session_end,0.004169999999999785,415.4999999999785
ma3_ema9_21_50_15m_follow_pmc,short,2021-03-26 12:15:00-04:00,2021-03-26 14:15:00-04:00,1.1774499999999999,1.1786400000000001,1.0,stack_break,-0.0011900000000002464,-120.50000000002464
ma3_ema9_21_50_15m_follow_pmc,short,2021-03-29 03:00:00-04:00,2021-03-29 08:00:00-04:00,1.1787699999999999,1.1787500000000002,1.0,stack_break,1.9999999999686935e-05,0.4999999999686935
ma3_ema9_21_50_15m_follow_pmc,short,2021-03-29 08:30:00-04:00,2021-03-29 12:30:00-04:00,1.17794,1.1784800000000002,1.0,stack_break,-0.000540000000000207,-55.5000000000207
ma3_ema9_21_50_15m_follow_pmc,short,2021-03-29 15:15:00-04:00,2021-03-29 16:15:00-04:00,1.1762499999999998,1.1778700000000002,1.0,session_end,-0.001620000000000399,-163.5000000000399
ma3_ema9_21_50_15m_follow_pmc,short,2021-03-30 04:30:00-04:00,2021-03-30 16:15:00-04:00,1.17641,1.17239,1.0,session_end,0.0040199999999999125,400.49999999999125
ma3_ema9_21_50_15m_follow_pmc,short,2021-03-31 03:00:00-04:00,2021-03-31 07:00:00-04:00,1.17106,1.17226,1.0,stack_break,-0.0012000000000000899,-121.50000000000898
ma3_ema9_21_50_15m_follow_pmc,short,2021-04-01 03:00:00-04:00,2021-04-01 07:30:00-04:00,1.17231,1.17303,1.0,stack_break,-0.0007200000000000539,-73.5000000000054
ma3_ema9_21_50_15m_follow_pmc,long,2021-04-01 08:15:00-04:00,2021-04-01 16:15:00-04:00,1.1740400000000002,1.1770299999999998,1.0,session_end,0.002989999999999604,297.49999999996044
ma3_ema9_21_50_15m_follow_pmc,long,2021-04-02 03:30:00-04:00,2021-04-02 07:30:00-04:00,1.17789,1.1771299999999998,1.0,stack_break,-0.000760000000000316,-77.5000000000316
ma3_ema9_21_50_15m_follow_pmc,long,2021-04-02 08:00:00-04:00,2021-04-02 11:45:00-04:00,1.17789,1.1773399999999998,1.0,stack_break,-0.0005500000000002725,-56.50000000002725
ma3_ema9_21_50_15m_follow_pmc,long,2021-04-05 03:00:00-04:00,2021-04-05 05:15:00-04:00,1.17677,1.1758899999999999,1.0,stack_break,-0.0008800000000002139,-89.5000000000214
ma3_ema9_21_50_15m_follow_pmc,long,2021-04-05 13:15:00-04:00,2021-04-05 16:15:00-04:00,1.1780400000000002,1.1809299999999998,1.0,session_end,0.002889999999999615,287.4999999999615
ma3_ema9_21_50_15m_follow_pmc,long,2021-04-06 06:30:00-04:00,2021-04-06 07:15:00-04:00,1.1816900000000001,1.1803499999999998,1.0,stack_break,-0.001340000000000341,-135.5000000000341
ma3_ema9_21_50_15m_follow_pmc,long,2021-04-06 08:15:00-04:00,2021-04-06 09:00:00-04:00,1.18161,1.1799499999999998,1.0,stack_break,-0.0016600000000002169,-167.50000000002169
ma3_ema9_21_50_15m_follow_pmc,long,2021-04-06 09:15:00-04:00,2021-04-06 11:15:00-04:00,1.18157,1.18045,1.0,stack_break,-0.0011200000000000099,-113.500000000001
ma3_ema9_21_50_15m_follow_pmc,long,2021-04-06 12:45:00-04:00,2021-04-06 16:15:00-04:00,1.18161,1.18498,1.0,session_end,0.003369999999999873,335.4999999999873
ma3_ema9_21_50_15m_follow_pmc,long,2021-04-07 03:00:00-04:00,2021-04-07 03:15:00-04:00,1.18706,1.1866199999999998,1.0,stack_break,-0.000440000000000218,-45.5000000000218
ma3_ema9_21_50_15m_follow_pmc,long,2021-04-07 05:30:00-04:00,2021-04-07 16:15:00-04:00,1.1871900000000002,1.18861,1.0,session_end,0.0014199999999997548,140.49999999997547
ma3_ema9_21_50_15m_follow_pmc,long,2021-04-08 07:30:00-04:00,2021-04-08 10:15:00-04:00,1.1889,1.1864599999999998,1.0,stack_break,-0.0024400000000002198,-245.50000000002197
ma3_ema9_21_50_15m_follow_pmc,long,2021-04-08 13:00:00-04:00,2021-04-08 16:15:00-04:00,1.18843,1.1903199999999998,1.0,session_end,0.0018899999999997252,187.49999999997252
ma3_ema9_21_50_15m_follow_pmc,long,2021-04-12 10:45:00-04:00,2021-04-12 16:15:00-04:00,1.1905700000000001,1.1905599999999998,1.0,session_end,-1.0000000000287557e-05,-2.5000000000287557
ma3_ema9_21_50_15m_follow_pmc,long,2021-04-13 13:15:00-04:00,2021-04-13 16:15:00-04:00,1.1925400000000002,1.1939,1.0,session_end,0.0013599999999998058,134.4999999999806
ma3_ema9_21_50_15m_follow_pmc,long,2021-04-14 03:00:00-04:00,2021-04-14 10:00:00-04:00,1.19594,1.19522,1.0,stack_break,-0.0007200000000000539,-73.5000000000054
ma3_ema9_21_50_15m_follow_pmc,long,2021-04-14 13:00:00-04:00,2021-04-14 14:45:00-04:00,1.19646,1.19546,1.0,stack_break,-0.001000000000000112,-101.5000000000112
ma3_ema9_21_50_15m_follow_pmc,long,2021-04-14 15:00:00-04:00,2021-04-14 16:15:00-04:00,1.1967400000000001,1.1972699999999998,1.0,session_end,0.0005299999999996974,51.49999999996974
ma3_ema9_21_50_15m_follow_pmc,long,2021-04-15 07:15:00-04:00,2021-04-15 10:45:00-04:00,1.19795,1.19699,1.0,stack_break,-0.0009600000000000719,-97.50000000000719
ma3_ema9_21_50_15m_follow_pmc,long,2021-04-16 08:15:00-04:00,2021-04-16 16:00:00-04:00,1.1985000000000001,1.1975699999999998,1.0,stack_break,-0.0009300000000003195,-94.50000000003195
ma3_ema9_21_50_15m_follow_pmc,long,2021-04-19 07:45:00-04:00,2021-04-19 16:15:00-04:00,1.1982400000000002,1.2027599999999998,1.0,session_end,0.004519999999999635,450.49999999996356
ma3_ema9_21_50_15m_follow_pmc,long,2021-04-20 03:00:00-04:00,2021-04-20 10:30:00-04:00,1.2047400000000001,1.20545,1.0,stack_break,0.0007099999999997664,69.49999999997664
ma3_ema9_21_50_15m_follow_pmc,long,2021-04-22 03:00:00-04:00,2021-04-22 04:45:00-04:00,1.20449,1.2034399999999998,1.0,stack_break,-0.0010500000000002174,-106.50000000002174
ma3_ema9_21_50_15m_follow_pmc,long,2021-04-22 07:30:00-04:00,2021-04-22 09:15:00-04:00,1.20469,1.20261,1.0,stack_break,-0.002080000000000082,-209.50000000000819
ma3_ema9_21_50_15m_follow_pmc,long,2021-04-22 10:30:00-04:00,2021-04-22 14:00:00-04:00,1.2054200000000002,1.2027899999999998,1.0,stack_break,-0.0026300000000003543,-264.5000000000354
ma3_ema9_21_50_15m_follow_pmc,long,2021-04-23 03:45:00-04:00,2021-04-23 15:30:00-04:00,1.2023000000000001,1.20542,1.0,stack_break,0.0031199999999997896,310.49999999997897
ma3_ema9_21_50_15m_follow_pmc,long,2021-04-23 15:45:00-04:00,2021-04-23 16:15:00-04:00,1.20622,1.2069899999999998,1.0,session_end,0.0007699999999997154,75.49999999997154
ma3_ema9_21_50_15m_follow_pmc,long,2021-04-26 03:00:00-04:00,2021-04-26 07:15:00-04:00,1.2111,1.20932,1.0,stack_break,-0.0017800000000001148,-179.50000000001148
ma3_ema9_21_50_15m_follow_pmc,long,2021-04-27 12:30:00-04:00,2021-04-27 16:15:00-04:00,1.20873,1.20746,1.0,session_end,-0.0012700000000001044,-128.50000000001043
ma3_ema9_21_50_15m_follow_pmc,long,2021-04-28 15:00:00-04:00,2021-04-28 16:15:00-04:00,1.2093500000000001,1.20955,1.0,session_end,0.00019999999999975593,18.499999999975593
ma3_ema9_21_50_15m_follow_pmc,long,2021-04-29 03:00:00-04:00,2021-04-29 04:15:00-04:00,1.2139600000000002,1.21254,1.0,stack_break,-0.0014200000000001989,-143.5000000000199
ma3_ema9_21_50_15m_follow_pmc,long,2021-04-29 06:15:00-04:00,2021-04-29 06:30:00-04:00,1.21368,1.21277,1.0,stack_break,-0.0009100000000001884,-92.50000000001884
ma3_ema9_21_50_15m_follow_pmc,long,2021-04-29 11:45:00-04:00,2021-04-29 14:00:00-04:00,1.21316,1.2118799999999998,1.0,stack_break,-0.0012800000000001699,-129.500000000017
ma3_ema9_21_50_15m_follow_pmc,short,2021-05-03 06:30:00-04:00,2021-05-03 07:15:00-04:00,1.2015699999999998,1.20408,1.0,stack_break,-0.0025100000000002343,-252.50000000002342
ma3_ema9_21_50_15m_follow_pmc,long,2021-05-03 09:15:00-04:00,2021-05-03 16:15:00-04:00,1.2049400000000001,1.2057499999999999,1.0,session_end,0.0008099999999997554,79.49999999997553
ma3_ema9_21_50_15m_follow_pmc,short,2021-05-04 08:00:00-04:00,2021-05-04 13:15:00-04:00,1.20105,1.2026800000000002,1.0,stack_break,-0.0016300000000002424,-164.50000000002424
ma3_ema9_21_50_15m_follow_pmc,long,2021-05-05 03:30:00-04:00,2021-05-05 06:00:00-04:00,1.2022700000000002,1.20153,1.0,stack_break,-0.000740000000000185,-75.5000000000185
ma3_ema9_21_50_15m_follow_pmc,short,2021-05-05 06:30:00-04:00,2021-05-05 11:00:00-04:00,1.2007199999999998,1.2015300000000002,1.0,stack_break,-0.0008100000000004215,-82.50000000004215
ma3_ema9_21_50_15m_follow_pmc,short,2021-05-05 13:00:00-04:00,2021-05-05 16:15:00-04:00,1.19956,1.20029,1.0,session_end,-0.0007300000000001194,-74.50000000001194
ma3_ema9_21_50_15m_follow_pmc,short,2021-05-06 03:45:00-04:00,2021-05-06 06:00:00-04:00,1.1997499999999999,1.20083,1.0,stack_break,-0.001080000000000192,-109.50000000001918
ma3_ema9_21_50_15m_follow_pmc,long,2021-05-06 07:30:00-04:00,2021-05-06 16:15:00-04:00,1.20239,1.20464,1.0,session_end,0.0022499999999998632,223.49999999998633
ma3_ema9_21_50_15m_follow_pmc,long,2021-05-07 03:00:00-04:00,2021-05-07 06:15:00-04:00,1.20628,1.20597,1.0,stack_break,-0.00031000000000003247,-32.50000000000325
ma3_ema9_21_50_15m_follow_pmc,long,2021-05-07 07:30:00-04:00,2021-05-07 12:15:00-04:00,1.20863,1.20627,1.0,stack_break,-0.0023600000000001398,-237.50000000001398
ma3_ema9_21_50_15m_follow_pmc,long,2021-05-07 12:45:00-04:00,2021-05-07 16:15:00-04:00,1.21106,1.2162499999999998,1.0,session_end,0.005189999999999806,517.4999999999806
ma3_ema9_21_50_15m_follow_pmc,long,2021-05-10 09:00:00-04:00,2021-05-10 15:30:00-04:00,1.21714,1.21566,1.0,stack_break,-0.0014800000000001479,-149.50000000001478
ma3_ema9_21_50_15m_follow_pmc,long,2021-05-10 16:00:00-04:00,2021-05-10 16:15:00-04:00,1.2170800000000002,1.21688,1.0,session_end,-0.00020000000000020002,-21.500000000020002
ma3_ema9_21_50_15m_follow_pmc,long,2021-05-11 09:15:00-04:00,2021-05-11 16:15:00-04:00,1.21646,1.21647,1.0,session_end,9.999999999843467e-06,-0.5000000000156533
ma3_ema9_21_50_15m_follow_pmc,long,2021-05-13 07:30:00-04:00,2021-05-13 09:15:00-04:00,1.21028,1.20624,1.0,stack_break,-0.0040400000000000436,-405.5000000000044
ma3_ema9_21_50_15m_follow_pmc,long,2021-05-13 14:00:00-04:00,2021-05-13 15:45:00-04:00,1.20852,1.20702,1.0,stack_break,-0.0015000000000000568,-151.50000000000568
ma3_ema9_21_50_15m_follow_pmc,long,2021-05-14 03:00:00-04:00,2021-05-14 16:15:00-04:00,1.2076900000000002,1.2139,1.0,session_end,0.006209999999999827,619.4999999999827
ma3_ema9_21_50_15m_follow_pmc,long,2021-05-17 07:30:00-04:00,2021-05-17 13:15:00-04:00,1.21442,1.2141899999999999,1.0,stack_break,-0.0002300000000001745,-24.50000000001745
ma3_ema9_21_50_15m_follow_pmc,long,2021-05-18 03:00:00-04:00,2021-05-18 16:00:00-04:00,1.21639,1.2203199999999998,1.0,stack_break,0.003929999999999767,391.4999999999767
ma3_ema9_21_50_15m_follow_pmc,long,2021-05-19 03:45:00-04:00,2021-05-19 08:30:00-04:00,1.2229100000000002,1.2221499999999998,1.0,stack_break,-0.000760000000000316,-77.5000000000316
ma3_ema9_21_50_15m_follow_pmc,long,2021-05-20 08:00:00-04:00,2021-05-20 10:30:00-04:00,1.21998,1.21837,1.0,stack_break,-0.0016100000000001113,-162.50000000001114
ma3_ema9_21_50_15m_follow_pmc,long,2021-05-20 11:00:00-04:00,2021-05-20 16:15:00-04:00,1.2195200000000002,1.2221499999999998,1.0,session_end,0.002629999999999688,261.4999999999688
ma3_ema9_21_50_15m_follow_pmc,long,2021-05-21 03:00:00-04:00,2021-05-21 07:15:00-04:00,1.2229700000000001,1.2226899999999998,1.0,stack_break,-0.00028000000000028,-29.500000000028002
ma3_ema9_21_50_15m_follow_pmc,long,2021-05-21 10:45:00-04:00,2021-05-21 11:15:00-04:00,1.2231,1.22175,1.0,stack_break,-0.0013500000000001844,-136.50000000001845
ma3_ema9_21_50_15m_follow_pmc,long,2021-05-24 07:15:00-04:00,2021-05-24 16:15:00-04:00,1.2192800000000001,1.22101,1.0,session_end,0.0017299999999997873,171.49999999997874
ma3_ema9_21_50_15m_follow_pmc,long,2021-05-25 03:00:00-04:00,2021-05-25 14:30:00-04:00,1.22259,1.22478,1.0,stack_break,0.0021899999999999142,217.49999999999142
ma3_ema9_21_50_15m_follow_pmc,long,2021-05-26 03:15:00-04:00,2021-05-26 06:45:00-04:00,1.2250500000000002,1.22474,1.0,stack_break,-0.0003100000000002545,-32.50000000002545
ma3_ema9_21_50_15m_follow_pmc,long,2021-05-27 08:30:00-04:00,2021-05-27 09:30:00-04:00,1.2205700000000002,1.21874,1.0,stack_break,-0.0018300000000002203,-184.50000000002203
ma3_ema9_21_50_15m_follow_pmc,long,2021-05-27 11:00:00-04:00,2021-05-27 13:00:00-04:00,1.22046,1.2188999999999999,1.0,stack_break,-0.0015600000000002279,-157.5000000000228
ma3_ema9_21_50_15m_follow_pmc,long,2021-05-28 09:30:00-04:00,2021-05-28 10:15:00-04:00,1.2196500000000001,1.21858,1.0,stack_break,-0.0010700000000001264,-108.50000000001265
ma3_ema9_21_50_15m_follow_pmc,long,2021-05-31 03:00:00-04:00,2021-05-31 06:45:00-04:00,1.22014,1.21935,1.0,stack_break,-0.0007900000000000684,-80.50000000000685
ma3_ema9_21_50_15m_follow_pmc,long,2021-05-31 09:15:00-04:00,2021-05-31 09:30:00-04:00,1.21994,1.21888,1.0,stack_break,-0.001060000000000061,-107.50000000000608
ma3_ema9_21_50_15m_follow_pmc,long,2021-05-31 12:45:00-04:00,2021-05-31 16:15:00-04:00,1.2200900000000001,1.2229599999999998,1.0,session_end,0.002869999999999706,285.4999999999706
ma3_ema9_21_50_15m_follow_pmc,long,2021-06-01 07:30:00-04:00,2021-06-01 08:45:00-04:00,1.2235900000000002,1.2215699999999998,1.0,stack_break,-0.002020000000000355,-203.50000000003547
ma3_ema9_21_50_15m_follow_pmc,long,2021-06-01 09:15:00-04:00,2021-06-01 10:45:00-04:00,1.22344,1.22234,1.0,stack_break,-0.001100000000000101,-111.50000000001009
ma3_ema9_21_50_15m_follow_pmc,short,2021-06-01 12:15:00-04:00,2021-06-01 14:15:00-04:00,1.22214,1.22476,1.0,stack_break,-0.0026200000000000667,-263.50000000000665
ma3_ema9_21_50_15m_follow_pmc,long,2021-06-01 14:15:00-04:00,2021-06-01 16:15:00-04:00,1.22476,1.22386,1.0,session_end,-0.0009000000000001229,-91.50000000001229
ma3_ema9_21_50_15m_follow_pmc,short,2021-06-02 05:15:00-04:00,2021-06-02 14:00:00-04:00,1.22163,1.21984,1.0,stack_break,0.0017899999999999583,177.49999999999582
ma3_ema9_21_50_15m_follow_pmc,short,2021-06-03 04:45:00-04:00,2021-06-03 16:15:00-04:00,1.2203799999999998,1.21231,1.0,session_end,0.0080699999999998,805.49999999998
ma3_ema9_21_50_15m_follow_pmc,short,2021-06-04 03:00:00-04:00,2021-06-04 12:30:00-04:00,1.2119,1.21184,1.0,stack_break,5.999999999994898e-05,4.499999999994898
ma3_ema9_21_50_15m_follow_pmc,short,2021-06-07 07:30:00-04:00,2021-06-07 11:45:00-04:00,1.21478,1.2169400000000001,1.0,stack_break,-0.002160000000000162,-217.50000000001617
ma3_ema9_21_50_15m_follow_pmc,short,2021-06-08 04:15:00-04:00,2021-06-08 12:15:00-04:00,1.21782,1.21787,1.0,stack_break,-5.0000000000105516e-05,-6.500000000010552
ma3_ema9_21_50_15m_follow_pmc,short,2021-06-10 03:00:00-04:00,2021-06-10 11:15:00-04:00,1.2167899999999998,1.21703,1.0,stack_break,-0.00024000000000024002,-25.500000000024002
ma3_ema9_21_50_15m_follow_pmc,short,2021-06-10 13:45:00-04:00,2021-06-10 14:00:00-04:00,1.21474,1.2174800000000001,1.0,stack_break,-0.0027400000000001867,-275.50000000001864
ma3_ema9_21_50_15m_follow_pmc,short,2021-06-11 09:15:00-04:00,2021-06-11 16:15:00-04:00,1.21647,1.21004,1.0,session_end,0.006429999999999936,641.4999999999936
ma3_ema9_21_50_15m_follow_pmc,short,2021-06-14 03:00:00-04:00,2021-06-14 07:30:00-04:00,1.21024,1.21031,1.0,stack_break,-7.00000000000145e-05,-8.50000000000145
ma3_ema9_21_50_15m_follow_pmc,short,2021-06-15 11:45:00-04:00,2021-06-15 14:45:00-04:00,1.21102,1.21249,1.0,stack_break,-0.0014700000000000824,-148.50000000000824
ma3_ema9_21_50_15m_follow_pmc,short,2021-06-16 03:00:00-04:00,2021-06-16 05:00:00-04:00,1.2117699999999998,1.2128,1.0,stack_break,-0.0010300000000003084,-104.50000000003084
ma3_ema9_21_50_15m_follow_pmc,short,2021-06-16 11:00:00-04:00,2021-06-16 15:00:00-04:00,1.21149,1.21242,1.0,stack_break,-0.0009300000000000974,-94.50000000000975
ma3_ema9_21_50_15m_follow_pmc,short,2021-06-16 15:15:00-04:00,2021-06-16 16:15:00-04:00,1.21166,1.21192,1.0,session_end,-0.000260000000000149,-27.5000000000149
ma3_ema9_21_50_15m_follow_pmc,short,2021-06-17 03:00:00-04:00,2021-06-17 16:15:00-04:00,1.2000899999999999,1.19089,1.0,session_end,0.009199999999999875,918.4999999999875
ma3_ema9_21_50_15m_follow_pmc,short,2021-06-18 05:30:00-04:00,2021-06-18 08:45:00-04:00,1.19024,1.19215,1.0,stack_break,-0.0019100000000000783,-192.50000000000784
ma3_ema9_21_50_15m_follow_pmc,short,2021-06-18 12:30:00-04:00,2021-06-18 16:15:00-04:00,1.1895399999999998,1.18727,1.0,session_end,0.002269999999999772,225.4999999999772
ma3_ema9_21_50_15m_follow_pmc,short,2021-06-21 03:00:00-04:00,2021-06-21 06:30:00-04:00,1.1865299999999999,1.1871900000000002,1.0,stack_break,-0.000660000000000327,-67.5000000000327
ma3_ema9_21_50_15m_follow_pmc,short,2021-06-22 05:45:00-04:00,2021-06-22 13:45:00-04:00,1.1896,1.1907,1.0,stack_break,-0.001100000000000101,-111.50000000001009
ma3_ema9_21_50_15m_follow_pmc,short,2021-06-23 04:45:00-04:00,2021-06-23 07:00:00-04:00,1.1919499999999998,1.1934600000000002,1.0,stack_break,-0.0015100000000003444,-152.50000000003445
ma3_ema9_21_50_15m_follow_pmc,short,2021-06-23 07:30:00-04:00,2021-06-23 07:45:00-04:00,1.19152,1.1936000000000002,1.0,stack_break,-0.002080000000000304,-209.50000000003038
ma3_ema9_21_50_15m_follow_pmc,short,2021-06-24 03:00:00-04:00,2021-06-24 06:45:00-04:00,1.19237,1.1934500000000001,1.0,stack_break,-0.001080000000000192,-109.50000000001918
ma3_ema9_21_50_15m_follow_pmc,short,2021-06-28 03:00:00-04:00,2021-06-28 07:15:00-04:00,1.19233,1.1931900000000002,1.0,stack_break,-0.000860000000000305,-87.5000000000305
ma3_ema9_21_50_15m_follow_pmc,short,2021-06-28 12:00:00-04:00,2021-06-28 15:30:00-04:00,1.1909999999999998,1.1933500000000001,1.0,stack_break,-0.0023500000000002963,-236.50000000002962
ma3_ema9_21_50_15m_follow_pmc,short,2021-06-29 03:00:00-04:00,2021-06-29 07:00:00-04:00,1.1913099999999999,1.19178,1.0,stack_break,-0.0004700000000001925,-48.50000000001925
ma3_ema9_21_50_15m_follow_pmc,short,2021-06-29 07:30:00-04:00,2021-06-29 15:45:00-04:00,1.1912099999999999,1.1910500000000002,1.0,stack_break,0.00015999999999971593,14.499999999971593
ma3_ema9_21_50_15m_follow_pmc,short,2021-06-30 06:15:00-04:00,2021-06-30 16:15:00-04:00,1.18936,1.1850500000000002,1.0,session_end,0.004309999999999814,429.4999999999814
ma3_ema9_21_50_15m_follow_pmc,short,2021-07-01 03:00:00-04:00,2021-07-01 07:45:00-04:00,1.18492,1.18567,1.0,stack_break,-0.0007500000000000284,-76.50000000000284
ma3_ema9_21_50_15m_follow_pmc,short,2021-07-01 08:30:00-04:00,2021-07-01 10:00:00-04:00,1.18431,1.18531,1.0,stack_break,-0.001000000000000112,-101.5000000000112
ma3_ema9_21_50_15m_follow_pmc,long,2021-07-01 11:30:00-04:00,2021-07-01 15:45:00-04:00,1.1869500000000002,1.18519,1.0,stack_break,-0.0017600000000002058,-177.50000000002058
ma3_ema9_21_50_15m_follow_pmc,short,2021-07-02 03:00:00-04:00,2021-07-02 05:45:00-04:00,1.1841499999999998,1.1846700000000001,1.0,stack_break,-0.000520000000000298,-53.5000000000298
ma3_ema9_21_50_15m_follow_pmc,short,2021-07-02 06:15:00-04:00,2021-07-02 13:15:00-04:00,1.18397,1.1854300000000002,1.0,stack_break,-0.0014600000000002389,-147.50000000002387
ma3_ema9_21_50_15m_follow_pmc,long,2021-07-05 07:00:00-04:00,2021-07-05 13:00:00-04:00,1.1865700000000001,1.1865299999999999,1.0,stack_break,-4.000000000026205e-05,-5.500000000026205
ma3_ema9_21_50_15m_follow_pmc,long,2021-07-06 03:15:00-04:00,2021-07-06 08:30:00-04:00,1.1871900000000002,1.18596,1.0,stack_break,-0.0012300000000002864,-124.50000000002865
ma3_ema9_21_50_15m_follow_pmc,short,2021-07-06 09:15:00-04:00,2021-07-06 16:15:00-04:00,1.1845199999999998,1.18147,1.0,session_end,0.003049999999999775,303.4999999999775
ma3_ema9_21_50_15m_follow_pmc,short,2021-07-07 03:15:00-04:00,2021-07-07 03:45:00-04:00,1.18187,1.18229,1.0,stack_break,-0.00042000000000008697,-43.5000000000087
ma3_ema9_21_50_15m_follow_pmc,short,2021-07-07 07:45:00-04:00,2021-07-07 08:45:00-04:00,1.1820199999999998,1.1826100000000002,1.0,stack_break,-0.0005900000000003125,-60.50000000003125
ma3_ema9_21_50_15m_follow_pmc,short,2021-07-07 09:00:00-04:00,2021-07-07 10:15:00-04:00,1.18183,1.18283,1.0,stack_break,-0.001000000000000112,-101.5000000000112
ma3_ema9_21_50_15m_follow_pmc,short,2021-07-07 10:30:00-04:00,2021-07-07 12:30:00-04:00,1.1822899999999998,1.1831600000000002,1.0,stack_break,-0.0008700000000003705,-88.50000000003705
ma3_ema9_21_50_15m_follow_pmc,short,2021-07-07 13:15:00-04:00,2021-07-07 16:15:00-04:00,1.1815699999999998,1.1802000000000001,1.0,session_end,0.0013699999999996493,135.49999999996493
ma3_ema9_21_50_15m_follow_pmc,short,2021-07-08 03:00:00-04:00,2021-07-08 05:15:00-04:00,1.17878,1.1795300000000002,1.0,stack_break,-0.0007500000000002505,-76.50000000002504
ma3_ema9_21_50_15m_follow_pmc,long,2021-07-08 13:45:00-04:00,2021-07-08 16:15:00-04:00,1.1858000000000002,1.1839099999999998,1.0,session_end,-0.0018900000000003914,-190.50000000003914
ma3_ema9_21_50_15m_follow_pmc,short,2021-07-09 04:15:00-04:00,2021-07-09 08:45:00-04:00,1.18384,1.18395,1.0,stack_break,-0.0001100000000000545,-12.50000000000545
ma3_ema9_21_50_15m_follow_pmc,short,2021-07-09 09:15:00-04:00,2021-07-09 09:30:00-04:00,1.1830299999999998,1.1836000000000002,1.0,stack_break,-0.0005700000000004035,-58.50000000004035
ma3_ema9_21_50_15m_follow_pmc,short,2021-07-09 09:45:00-04:00,2021-07-09 10:00:00-04:00,1.1834099999999999,1.18436,1.0,stack_break,-0.0009500000000002284,-96.50000000002285
ma3_ema9_21_50_15m_follow_pmc,long,2021-07-09 10:30:00-04:00,2021-07-09 16:15:00-04:00,1.1859600000000001,1.18597,1.0,session_end,9.999999999843467e-06,-0.5000000000156533
ma3_ema9_21_50_15m_follow_pmc,long,2021-07-12 08:30:00-04:00,2021-07-12 10:15:00-04:00,1.1875900000000001,1.1852099999999999,1.0,stack_break,-0.002380000000000271,-239.5000000000271
ma3_ema9_21_50_15m_follow_pmc,short,2021-07-12 10:15:00-04:00,2021-07-12 14:15:00-04:00,1.1852099999999999,1.1866,1.0,stack_break,-0.0013900000000002244,-140.50000000002245
ma3_ema9_21_50_15m_follow_pmc,long,2021-07-13 03:00:00-04:00,2021-07-13 05:45:00-04:00,1.1873500000000001,1.1862599999999999,1.0,stack_break,-0.0010900000000002574,-110.50000000002575
ma3_ema9_21_50_15m_follow_pmc,short,2021-07-13 08:15:00-04:00,2021-07-13 16:15:00-04:00,1.1849599999999998,1.1813300000000002,1.0,session_end,0.003629999999999578,361.4999999999578
ma3_ema9_21_50_15m_follow_pmc,short,2021-07-14 03:00:00-04:00,2021-07-14 03:15:00-04:00,1.17807,1.1784400000000002,1.0,stack_break,-0.0003700000000002035,-38.50000000002035
ma3_ema9_21_50_15m_follow_pmc,short,2021-07-14 09:45:00-04:00,2021-07-14 10:15:00-04:00,1.17845,1.1795600000000002,1.0,stack_break,-0.0011100000000001664,-112.50000000001664
ma3_ema9_21_50_15m_follow_pmc,short,2021-07-15 11:45:00-04:00,2021-07-15 16:15:00-04:00,1.18139,1.1807200000000002,1.0,session_end,0.0006699999999997264,65.49999999997263
ma3_ema9_21_50_15m_follow_pmc,short,2021-07-16 03:00:00-04:00,2021-07-16 04:30:00-04:00,1.1806699999999999,1.1812600000000002,1.0,stack_break,-0.0005900000000003125,-60.50000000003125
ma3_ema9_21_50_15m_follow_pmc,short,2021-07-16 06:15:00-04:00,2021-07-16 09:15:00-04:00,1.1805899999999998,1.1815900000000001,1.0,stack_break,-0.001000000000000334,-101.5000000000334
ma3_ema9_21_50_15m_follow_pmc,short,2021-07-16 11:15:00-04:00,2021-07-16 16:00:00-04:00,1.18013,1.18089,1.0,stack_break,-0.0007600000000000939,-77.5000000000094
ma3_ema9_21_50_15m_follow_pmc,short,2021-07-19 03:00:00-04:00,2021-07-19 05:15:00-04:00,1.1801499999999998,1.18059,1.0,stack_break,-0.000440000000000218,-45.5000000000218
ma3_ema9_21_50_15m_follow_pmc,short,2021-07-19 06:00:00-04:00,2021-07-19 13:45:00-04:00,1.1801899999999999,1.1811800000000001,1.0,stack_break,-0.0009900000000002684,-100.50000000002684
ma3_ema9_21_50_15m_follow_pmc,short,2021-07-20 03:30:00-04:00,2021-07-20 09:15:00-04:00,1.1790299999999998,1.1790500000000002,1.0,stack_break,-2.000000000035307e-05,-3.500000000035307
ma3_ema9_21_50_15m_follow_pmc,short,2021-07-20 11:15:00-04:00,2021-07-20 16:15:00-04:00,1.17787,1.17768,1.0,session_end,0.00018999999999991246,17.499999999991246
ma3_ema9_21_50_15m_follow_pmc,short,2021-07-21 03:00:00-04:00,2021-07-21 09:30:00-04:00,1.17712,1.17751,1.0,stack_break,-0.0003900000000001125,-40.50000000001125
ma3_ema9_21_50_15m_follow_pmc,short,2021-07-21 13:00:00-04:00,2021-07-21 14:00:00-04:00,1.176,1.1783000000000001,1.0,stack_break,-0.0023000000000001908,-231.50000000001907
ma3_ema9_21_50_15m_follow_pmc,short,2021-07-22 10:45:00-04:00,2021-07-22 11:00:00-04:00,1.17871,1.1794,1.0,stack_break,-0.0006900000000000794,-70.50000000000794
ma3_ema9_21_50_15m_follow_pmc,short,2021-07-22 11:15:00-04:00,2021-07-22 13:30:00-04:00,1.17916,1.18256,1.0,stack_break,-0.0034000000000000696,-341.50000000000693
ma3_ema9_21_50_15m_follow_pmc,short,2021-07-22 16:00:00-04:00,2021-07-22 16:15:00-04:00,1.17682,1.17656,1.0,session_end,0.00025999999999992696,24.499999999992696
ma3_ema9_21_50_15m_follow_pmc,short,2021-07-23 03:45:00-04:00,2021-07-23 08:15:00-04:00,1.1772099999999999,1.17795,1.0,stack_break,-0.000740000000000185,-75.5000000000185
ma3_ema9_21_50_15m_follow_pmc,short,2021-07-23 10:00:00-04:00,2021-07-23 13:00:00-04:00,1.17662,1.17795,1.0,stack_break,-0.0013300000000000534,-134.50000000000534
ma3_ema9_21_50_15m_follow_pmc,short,2021-07-23 14:15:00-04:00,2021-07-23 16:15:00-04:00,1.17638,1.17616,1.0,session_end,0.00021999999999988695,20.499999999988695
ma3_ema9_21_50_15m_follow_pmc,short,2021-07-27 06:30:00-04:00,2021-07-27 12:00:00-04:00,1.1794799999999999,1.17974,1.0,stack_break,-0.000260000000000149,-27.5000000000149
ma3_ema9_21_50_15m_follow_pmc,short,2021-07-28 07:00:00-04:00,2021-07-28 09:30:00-04:00,1.18085,1.1825,1.0,stack_break,-0.0016500000000001513,-166.50000000001512
ma3_ema9_21_50_15m_follow_pmc,short,2021-07-28 10:45:00-04:00,2021-07-28 16:15:00-04:00,1.18085,1.18086,1.0,session_end,-1.0000000000065512e-05,-2.500000000006551
ma3_ema9_21_50_15m_follow_pmc,long,2021-07-29 04:30:00-04:00,2021-07-29 16:15:00-04:00,1.18567,1.18847,1.0,session_end,0.0027999999999999137,278.49999999999136
ma3_ema9_21_50_15m_follow_pmc,long,2021-07-30 07:45:00-04:00,2021-07-30 12:30:00-04:00,1.1894500000000001,1.18888,1.0,stack_break,-0.0005700000000001815,-58.50000000001815
ma3_ema9_21_50_15m_follow_pmc,long,2021-08-02 04:45:00-04:00,2021-08-02 13:30:00-04:00,1.1872600000000002,1.18786,1.0,stack_break,0.0005999999999997119,58.49999999997119
ma3_ema9_21_50_15m_follow_pmc,long,2021-08-03 05:00:00-04:00,2021-08-03 07:30:00-04:00,1.1880700000000002,1.1872699999999998,1.0,stack_break,-0.000800000000000356,-81.5000000000356
ma3_ema9_21_50_15m_follow_pmc,long,2021-08-03 07:45:00-04:00,2021-08-03 13:45:00-04:00,1.1878700000000002,1.1873099999999999,1.0,stack_break,-0.000560000000000338,-57.5000000000338
ma3_ema9_21_50_15m_follow_pmc,short,2021-08-03 14:45:00-04:00,2021-08-03 16:15:00-04:00,1.18638,1.1859400000000002,1.0,session_end,0.0004399999999997739,42.49999999997739
ma3_ema9_21_50_15m_follow_pmc,long,2021-08-04 03:45:00-04:00,2021-08-04 08:30:00-04:00,1.1875200000000001,1.1859199999999999,1.0,stack_break,-0.0016000000000002679,-161.50000000002677
ma3_ema9_21_50_15m_follow_pmc,short,2021-08-04 08:45:00-04:00,2021-08-04 12:30:00-04:00,1.1849999999999998,1.18723,1.0,stack_break,-0.0022300000000001763,-224.50000000001762
ma3_ema9_21_50_15m_follow_pmc,long,2021-08-04 13:15:00-04:00,2021-08-04 15:00:00-04:00,1.1889800000000001,1.1844299999999999,1.0,stack_break,-0.004550000000000276,-456.5000000000276
ma3_ema9_21_50_15m_follow_pmc,short,2021-08-04 15:15:00-04:00,2021-08-04 16:15:00-04:00,1.1845299999999999,1.1839600000000001,1.0,session_end,0.0005699999999997374,55.49999999997374
ma3_ema9_21_50_15m_follow_pmc,short,2021-08-05 03:00:00-04:00,2021-08-05 05:30:00-04:00,1.1831699999999998,1.18382,1.0,stack_break,-0.0006500000000002615,-66.50000000002615
ma3_ema9_21_50_15m_follow_pmc,short,2021-08-05 06:00:00-04:00,2021-08-05 07:15:00-04:00,1.18343,1.1840400000000002,1.0,stack_break,-0.0006100000000002215,-62.50000000002215
ma3_ema9_21_50_15m_follow_pmc,short,2021-08-05 10:15:00-04:00,2021-08-05 10:30:00-04:00,1.1832999999999998,1.18426,1.0,stack_break,-0.000960000000000294,-97.50000000002939
ma3_ema9_21_50_15m_follow_pmc,short,2021-08-06 03:00:00-04:00,2021-08-06 07:00:00-04:00,1.1820199999999998,1.1828800000000002,1.0,stack_break,-0.000860000000000305,-87.5000000000305
ma3_ema9_21_50_15m_follow_pmc,short,2021-08-06 07:30:00-04:00,2021-08-06 16:15:00-04:00,1.1820499999999998,1.17618,1.0,session_end,0.00586999999999982,585.499999999982
ma3_ema9_21_50_15m_follow_pmc,short,2021-08-09 08:30:00-04:00,2021-08-09 09:00:00-04:00,1.1751699999999998,1.1761100000000002,1.0,stack_break,-0.000940000000000385,-95.5000000000385
ma3_ema9_21_50_15m_follow_pmc,short,2021-08-09 09:15:00-04:00,2021-08-09 10:15:00-04:00,1.17529,1.17622,1.0,stack_break,-0.0009300000000000974,-94.50000000000975
ma3_ema9_21_50_15m_follow_pmc,short,2021-08-09 10:30:00-04:00,2021-08-09 11:45:00-04:00,1.1756199999999999,1.17629,1.0,stack_break,-0.0006700000000001705,-68.50000000001705
ma3_ema9_21_50_15m_follow_pmc,short,2021-08-09 14:45:00-04:00,2021-08-09 16:15:00-04:00,1.17522,1.17483,1.0,session_end,0.00038999999999989043,37.49999999998904
ma3_ema9_21_50_15m_follow_pmc,short,2021-08-10 03:00:00-04:00,2021-08-10 04:00:00-04:00,1.1735099999999998,1.1740000000000002,1.0,stack_break,-0.0004900000000003235,-50.50000000003235
ma3_ema9_21_50_15m_follow_pmc,short,2021-08-10 06:30:00-04:00,2021-08-10 06:45:00-04:00,1.17342,1.17412,1.0,stack_break,-0.000700000000000145,-71.5000000000145
ma3_ema9_21_50_15m_follow_pmc,short,2021-08-10 07:30:00-04:00,2021-08-10 16:15:00-04:00,1.17329,1.1720000000000002,1.0,session_end,0.0012899999999997913,127.49999999997914
ma3_ema9_21_50_15m_follow_pmc,short,2021-08-11 05:00:00-04:00,2021-08-11 12:30:00-04:00,1.1717899999999999,1.1718700000000002,1.0,stack_break,-8.000000000030205e-05,-9.500000000030205
ma3_ema9_21_50_15m_follow_pmc,short,2021-08-12 12:00:00-04:00,2021-08-12 16:15:00-04:00,1.1732799999999999,1.1736700000000002,1.0,session_end,-0.0003900000000003345,-40.50000000003345
ma3_ema9_21_50_15m_follow_pmc,short,2021-08-13 08:15:00-04:00,2021-08-13 09:00:00-04:00,1.17336,1.17405,1.0,stack_break,-0.0006900000000000794,-70.50000000000794
ma3_ema9_21_50_15m_follow_pmc,short,2021-08-16 08:15:00-04:00,2021-08-16 15:00:00-04:00,1.17796,1.17879,1.0,stack_break,-0.0008300000000001084,-84.50000000001084
ma3_ema9_21_50_15m_follow_pmc,short,2021-08-17 03:00:00-04:00,2021-08-17 08:30:00-04:00,1.17719,1.17808,1.0,stack_break,-0.0008900000000000574,-90.50000000000574
ma3_ema9_21_50_15m_follow_pmc,short,2021-08-17 10:45:00-04:00,2021-08-17 16:15:00-04:00,1.17641,1.1713,1.0,session_end,0.005109999999999948,509.49999999999477
ma3_ema9_21_50_15m_follow_pmc,short,2021-08-18 10:30:00-04:00,2021-08-18 12:45:00-04:00,1.17142,1.1724500000000002,1.0,stack_break,-0.0010300000000003084,-104.50000000003084
ma3_ema9_21_50_15m_follow_pmc,short,2021-08-18 13:45:00-04:00,2021-08-18 16:15:00-04:00,1.1712799999999999,1.17026,1.0,session_end,0.0010199999999997988,100.49999999997988
ma3_ema9_21_50_15m_follow_pmc,short,2021-08-19 03:00:00-04:00,2021-08-19 08:45:00-04:00,1.16787,1.16934,1.0,stack_break,-0.0014700000000000824,-148.50000000000824
ma3_ema9_21_50_15m_follow_pmc,short,2021-08-20 03:00:00-04:00,2021-08-20 03:30:00-04:00,1.16757,1.1683800000000002,1.0,stack_break,-0.0008100000000001994,-82.50000000001995
ma3_ema9_21_50_15m_follow_pmc,short,2021-08-20 08:45:00-04:00,2021-08-20 15:00:00-04:00,1.16757,1.16812,1.0,stack_break,-0.0005500000000000504,-56.500000000005045
ma3_ema9_21_50_15m_follow_pmc,short,2021-08-24 08:45:00-04:00,2021-08-24 12:00:00-04:00,1.1733099999999999,1.1739600000000001,1.0,stack_break,-0.0006500000000002615,-66.50000000002615
ma3_ema9_21_50_15m_follow_pmc,short,2021-08-25 03:00:00-04:00,2021-08-25 06:45:00-04:00,1.17369,1.1745,1.0,stack_break,-0.0008100000000001994,-82.50000000001995
ma3_ema9_21_50_15m_follow_pmc,short,2021-08-25 07:00:00-04:00,2021-08-25 08:45:00-04:00,1.1739,1.17548,1.0,stack_break,-0.0015800000000001369,-159.5000000000137
ma3_ema9_21_50_15m_follow_pmc,short,2021-08-25 11:45:00-04:00,2021-08-25 14:30:00-04:00,1.17346,1.1752200000000002,1.0,stack_break,-0.0017600000000002058,-177.50000000002058
ma3_ema9_21_50_15m_follow_pmc,short,2021-08-26 13:45:00-04:00,2021-08-26 16:15:00-04:00,1.1753399999999998,1.1760300000000001,1.0,session_end,-0.0006900000000003015,-70.50000000003016
ma3_ema9_21_50_15m_follow_pmc,short,2021-08-27 09:45:00-04:00,2021-08-27 11:45:00-04:00,1.17526,1.1759600000000001,1.0,stack_break,-0.000700000000000145,-71.5000000000145
ma3_ema9_21_50_15m_follow_pmc,short,2021-08-27 13:30:00-04:00,2021-08-27 14:30:00-04:00,1.17346,1.18001,1.0,stack_break,-0.006550000000000056,-656.5000000000056
ma3_ema9_21_50_15m_follow_pmc,short,2021-08-30 13:15:00-04:00,2021-08-30 16:15:00-04:00,1.1783499999999998,1.1794300000000002,1.0,session_end,-0.001080000000000414,-109.5000000000414
ma3_ema9_21_50_15m_follow_pmc,short,2021-08-31 16:00:00-04:00,2021-08-31 16:15:00-04:00,1.17966,1.17992,1.0,session_end,-0.000260000000000149,-27.5000000000149
ma3_ema9_21_50_15m_follow_pmc,short,2021-09-01 03:00:00-04:00,2021-09-01 08:15:00-04:00,1.1800799999999998,1.1806,1.0,stack_break,-0.000520000000000298,-53.5000000000298
ma3_ema9_21_50_15m_follow_pmc,long,2021-09-01 09:45:00-04:00,2021-09-01 16:15:00-04:00,1.18164,1.18508,1.0,session_end,0.0034399999999998876,342.49999999998875
ma3_ema9_21_50_15m_follow_pmc,long,2021-09-02 06:30:00-04:00,2021-09-02 13:00:00-04:00,1.1842700000000002,1.1841499999999998,1.0,stack_break,-0.00012000000000034206,-13.500000000034206
ma3_ema9_21_50_15m_follow_pmc,long,2021-09-02 13:30:00-04:00,2021-09-02 16:15:00-04:00,1.1851,1.1859799999999998,1.0,session_end,0.0008799999999997699,86.49999999997698
ma3_ema9_21_50_15m_follow_pmc,long,2021-09-03 03:00:00-04:00,2021-09-03 05:30:00-04:00,1.18809,1.18752,1.0,stack_break,-0.0005700000000001815,-58.50000000001815
ma3_ema9_21_50_15m_follow_pmc,long,2021-09-03 06:00:00-04:00,2021-09-03 06:45:00-04:00,1.18811,1.1874699999999998,1.0,stack_break,-0.000640000000000196,-65.5000000000196
ma3_ema9_21_50_15m_follow_pmc,long,2021-09-03 07:15:00-04:00,2021-09-03 08:00:00-04:00,1.18816,1.1873999999999998,1.0,stack_break,-0.000760000000000316,-77.5000000000316
ma3_ema9_21_50_15m_follow_pmc,long,2021-09-03 09:00:00-04:00,2021-09-03 09:15:00-04:00,1.1881000000000002,1.18729,1.0,stack_break,-0.0008100000000001994,-82.50000000001995
ma3_ema9_21_50_15m_follow_pmc,long,2021-09-03 12:45:00-04:00,2021-09-03 16:15:00-04:00,1.1899600000000001,1.1882899999999998,1.0,session_end,-0.0016700000000002824,-168.50000000002825
ma3_ema9_21_50_15m_follow_pmc,long,2021-09-07 03:00:00-04:00,2021-09-07 05:30:00-04:00,1.18812,1.1873099999999999,1.0,stack_break,-0.0008100000000001994,-82.50000000001995
ma3_ema9_21_50_15m_follow_pmc,short,2021-09-08 14:45:00-04:00,2021-09-08 16:15:00-04:00,1.18062,1.18164,1.0,session_end,-0.0010200000000000209,-103.50000000000209
ma3_ema9_21_50_15m_follow_pmc,long,2021-09-09 08:30:00-04:00,2021-09-09 13:15:00-04:00,1.18287,1.18238,1.0,stack_break,-0.0004900000000001015,-50.50000000001015
ma3_ema9_21_50_15m_follow_pmc,short,2021-09-09 15:00:00-04:00,2021-09-09 16:15:00-04:00,1.18062,1.1827100000000002,1.0,session_end,-0.0020900000000001473,-210.50000000001472
ma3_ema9_21_50_15m_follow_pmc,long,2021-09-10 03:30:00-04:00,2021-09-10 11:15:00-04:00,1.1831200000000002,1.18288,1.0,stack_break,-0.00024000000000024002,-25.500000000024002
ma3_ema9_21_50_15m_follow_pmc,long,2021-09-10 12:45:00-04:00,2021-09-10 13:15:00-04:00,1.18389,1.1822499999999998,1.0,stack_break,-0.0016400000000003079,-165.50000000003078
ma3_ema9_21_50_15m_follow_pmc,short,2021-09-13 03:00:00-04:00,2021-09-13 14:00:00-04:00,1.18023,1.1796200000000001,1.0,stack_break,0.0006099999999997774,59.49999999997774
ma3_ema9_21_50_15m_follow_pmc,long,2021-09-13 15:45:00-04:00,2021-09-13 16:15:00-04:00,1.18161,1.18078,1.0,session_end,-0.0008300000000001084,-84.50000000001084
ma3_ema9_21_50_15m_follow_pmc,long,2021-09-14 03:00:00-04:00,2021-09-14 06:30:00-04:00,1.18175,1.1807999999999998,1.0,stack_break,-0.0009500000000002284,-96.50000000002285
ma3_ema9_21_50_15m_follow_pmc,long,2021-09-14 07:00:00-04:00,2021-09-14 10:30:00-04:00,1.1815900000000001,1.1806999999999999,1.0,stack_break,-0.0008900000000002795,-90.50000000002794
ma3_ema9_21_50_15m_follow_pmc,short,2021-09-14 12:15:00-04:00,2021-09-14 12:45:00-04:00,1.1807699999999999,1.1828200000000002,1.0,stack_break,-0.0020500000000003293,-206.50000000003294
ma3_ema9_21_50_15m_follow_pmc,long,2021-09-14 13:00:00-04:00,2021-09-14 16:15:00-04:00,1.18334,1.18228,1.0,session_end,-0.001060000000000061,-107.50000000000608
ma3_ema9_21_50_15m_follow_pmc,short,2021-09-15 05:15:00-04:00,2021-09-15 07:00:00-04:00,1.1804899999999998,1.1808800000000002,1.0,stack_break,-0.0003900000000003345,-40.50000000003345
ma3_ema9_21_50_15m_follow_pmc,long,2021-09-15 08:15:00-04:00,2021-09-15 13:30:00-04:00,1.1817700000000002,1.1812399999999998,1.0,stack_break,-0.0005300000000003635,-54.50000000003635
ma3_ema9_21_50_15m_follow_pmc,long,2021-09-16 03:00:00-04:00,2021-09-16 04:00:00-04:00,1.18181,1.18125,1.0,stack_break,-0.000560000000000116,-57.500000000011596
ma3_ema9_21_50_15m_follow_pmc,short,2021-09-16 04:45:00-04:00,2021-09-16 16:15:00-04:00,1.18092,1.17639,1.0,session_end,0.004529999999999923,451.49999999999227
ma3_ema9_21_50_15m_follow_pmc,short,2021-09-17 14:15:00-04:00,2021-09-17 16:15:00-04:00,1.17543,1.1733600000000002,1.0,session_end,0.0020699999999997942,205.49999999997942
ma3_ema9_21_50_15m_follow_pmc,short,2021-09-20 03:00:00-04:00,2021-09-20 13:15:00-04:00,1.1712699999999998,1.17147,1.0,stack_break,-0.00020000000000020002,-21.500000000020002
ma3_ema9_21_50_15m_follow_pmc,short,2021-09-21 15:15:00-04:00,2021-09-21 16:15:00-04:00,1.1724199999999998,1.17249,1.0,session_end,-7.000000000023654e-05,-8.500000000023654
ma3_ema9_21_50_15m_follow_pmc,short,2021-09-22 03:30:00-04:00,2021-09-22 07:15:00-04:00,1.1723199999999998,1.1727,1.0,stack_break,-0.000380000000000269,-39.5000000000269
ma3_ema9_21_50_15m_follow_pmc,short,2021-09-23 03:00:00-04:00,2021-09-23 03:30:00-04:00,1.1697099999999998,1.1702700000000001,1.0,stack_break,-0.000560000000000338,-57.5000000000338
ma3_ema9_21_50_15m_follow_pmc,short,2021-09-24 07:15:00-04:00,2021-09-24 16:15:00-04:00,1.1732799999999999,1.1713500000000001,1.0,session_end,0.0019299999999997652,191.49999999997652
ma3_ema9_21_50_15m_follow_pmc,short,2021-09-27 06:45:00-04:00,2021-09-27 14:45:00-04:00,1.1713099999999999,1.1704400000000001,1.0,stack_break,0.0008699999999997043,85.49999999997044
ma3_ema9_21_50_15m_follow_pmc,short,2021-09-27 15:30:00-04:00,2021-09-27 16:15:00-04:00,1.16984,1.17005,1.0,session_end,-0.00021000000000004349,-22.50000000000435
ma3_ema9_21_50_15m_follow_pmc,short,2021-09-28 03:00:00-04:00,2021-09-28 05:00:00-04:00,1.1689699999999998,1.16971,1.0,stack_break,-0.000740000000000185,-75.5000000000185
ma3_ema9_21_50_15m_follow_pmc,short,2021-09-28 07:00:00-04:00,2021-09-28 14:45:00-04:00,1.1683199999999998,1.1692600000000002,1.0,stack_break,-0.000940000000000385,-95.5000000000385
ma3_ema9_21_50_15m_follow_pmc,short,2021-09-28 15:15:00-04:00,2021-09-28 16:15:00-04:00,1.16725,1.16818,1.0,session_end,-0.0009300000000000974,-94.50000000000975
ma3_ema9_21_50_15m_follow_pmc,short,2021-09-29 07:15:00-04:00,2021-09-29 16:15:00-04:00,1.1675099999999998,1.16147,1.0,session_end,0.006039999999999823,602.4999999999824
ma3_ema9_21_50_15m_follow_pmc,short,2021-09-30 06:15:00-04:00,2021-09-30 08:15:00-04:00,1.1597,1.16049,1.0,stack_break,-0.0007900000000000684,-80.50000000000685
ma3_ema9_21_50_15m_follow_pmc,short,2021-09-30 09:30:00-04:00,2021-09-30 15:30:00-04:00,1.16004,1.15955,1.0,stack_break,0.0004899999999998794,47.49999999998794
ma3_ema9_21_50_15m_follow_pmc,short,2021-09-30 16:00:00-04:00,2021-09-30 16:15:00-04:00,1.1578099999999998,1.15781,1.0,session_end,-2.220446049250313e-16,-1.5000000000222045
ma3_ema9_21_50_15m_follow_pmc,long,2021-10-01 07:30:00-04:00,2021-10-01 16:15:00-04:00,1.15853,1.15946,1.0,session_end,0.0009299999999998754,91.49999999998754
ma3_ema9_21_50_15m_follow_pmc,long,2021-10-04 07:00:00-04:00,2021-10-04 16:15:00-04:00,1.16086,1.16194,1.0,session_end,0.0010799999999999699,106.49999999999699
ma3_ema9_21_50_15m_follow_pmc,short,2021-10-06 07:30:00-04:00,2021-10-06 16:15:00-04:00,1.1571699999999998,1.1547200000000002,1.0,session_end,0.002449999999999619,243.49999999996191
ma3_ema9_21_50_15m_follow_pmc,short,2021-10-07 06:00:00-04:00,2021-10-07 07:00:00-04:00,1.15519,1.1566500000000002,1.0,stack_break,-0.0014600000000002389,-147.50000000002387
ma3_ema9_21_50_15m_follow_pmc,short,2021-10-08 03:00:00-04:00,2021-10-08 09:30:00-04:00,1.15522,1.15609,1.0,stack_break,-0.0008700000000001484,-88.50000000001484
ma3_ema9_21_50_15m_follow_pmc,long,2021-10-08 12:45:00-04:00,2021-10-08 16:15:00-04:00,1.1576300000000002,1.1569699999999998,1.0,session_end,-0.000660000000000327,-67.5000000000327
ma3_ema9_21_50_15m_follow_pmc,long,2021-10-11 05:30:00-04:00,2021-10-11 08:45:00-04:00,1.1575000000000002,1.1566299999999998,1.0,stack_break,-0.0008700000000003705,-88.50000000003705
ma3_ema9_21_50_15m_follow_pmc,short,2021-10-11 09:45:00-04:00,2021-10-11 12:30:00-04:00,1.15559,1.15738,1.0,stack_break,-0.0017900000000001803,-180.50000000001802
ma3_ema9_21_50_15m_follow_pmc,short,2021-10-11 13:00:00-04:00,2021-10-11 13:45:00-04:00,1.15634,1.15704,1.0,stack_break,-0.000700000000000145,-71.5000000000145
ma3_ema9_21_50_15m_follow_pmc,long,2021-10-11 14:30:00-04:00,2021-10-11 16:15:00-04:00,1.15809,1.1570799999999999,1.0,session_end,-0.0010100000000001774,-102.50000000001774
ma3_ema9_21_50_15m_follow_pmc,short,2021-10-12 03:00:00-04:00,2021-10-12 03:15:00-04:00,1.1555199999999999,1.15571,1.0,stack_break,-0.0001900000000001345,-20.50000000001345
ma3_ema9_21_50_15m_follow_pmc,short,2021-10-12 11:15:00-04:00,2021-10-12 16:15:00-04:00,1.15506,1.15409,1.0,session_end,0.0009699999999999154,95.49999999999153
ma3_ema9_21_50_15m_follow_pmc,long,2021-10-13 15:15:00-04:00,2021-10-13 16:15:00-04:00,1.15747,1.15671,1.0,session_end,-0.0007600000000000939,-77.5000000000094
ma3_ema9_21_50_15m_follow_pmc,long,2021-10-14 06:45:00-04:00,2021-10-14 12:45:00-04:00,1.15958,1.16037,1.0,stack_break,0.0007899999999998464,77.49999999998464
ma3_ema9_21_50_15m_follow_pmc,long,2021-10-15 03:00:00-04:00,2021-10-15 09:45:00-04:00,1.1606400000000001,1.1603999999999999,1.0,stack_break,-0.00024000000000024002,-25.500000000024002
ma3_ema9_21_50_15m_follow_pmc,long,2021-10-15 11:15:00-04:00,2021-10-15 11:45:00-04:00,1.1609500000000001,1.1603599999999998,1.0,stack_break,-0.0005900000000003125,-60.50000000003125
ma3_ema9_21_50_15m_follow_pmc,long,2021-10-18 12:30:00-04:00,2021-10-18 16:15:00-04:00,1.1604400000000001,1.1608299999999998,1.0,session_end,0.0003899999999996684,37.49999999996684
ma3_ema9_21_50_15m_follow_pmc,long,2021-10-19 03:00:00-04:00,2021-10-19 13:00:00-04:00,1.16374,1.1648699999999999,1.0,stack_break,0.0011299999999998533,111.49999999998533
ma3_ema9_21_50_15m_follow_pmc,long,2021-10-20 04:00:00-04:00,2021-10-20 07:15:00-04:00,1.1645100000000002,1.1638,1.0,stack_break,-0.0007100000000002105,-72.50000000002105
ma3_ema9_21_50_15m_follow_pmc,long,2021-10-20 14:30:00-04:00,2021-10-20 16:15:00-04:00,1.1645800000000002,1.16434,1.0,session_end,-0.00024000000000024002,-25.500000000024002
ma3_ema9_21_50_15m_follow_pmc,long,2021-10-21 03:00:00-04:00,2021-10-21 05:15:00-04:00,1.1666200000000002,1.16508,1.0,stack_break,-0.001540000000000319,-155.5000000000319
ma3_ema9_21_50_15m_follow_pmc,long,2021-10-22 07:30:00-04:00,2021-10-22 12:30:00-04:00,1.1638000000000002,1.16295,1.0,stack_break,-0.0008500000000002395,-86.50000000002395
ma3_ema9_21_50_15m_follow_pmc,long,2021-10-22 14:00:00-04:00,2021-10-22 16:15:00-04:00,1.16449,1.1629699999999998,1.0,session_end,-0.0015200000000001879,-153.5000000000188
ma3_ema9_21_50_15m_follow_pmc,long,2021-10-25 03:00:00-04:00,2021-10-25 07:15:00-04:00,1.1645100000000002,1.1642299999999999,1.0,stack_break,-0.00028000000000028,-29.500000000028002
ma3_ema9_21_50_15m_follow_pmc,long,2021-10-25 08:00:00-04:00,2021-10-25 09:15:00-04:00,1.16625,1.16478,1.0,stack_break,-0.0014700000000000824,-148.50000000000824
ma3_ema9_21_50_15m_follow_pmc,long,2021-10-26 10:15:00-04:00,2021-10-26 14:30:00-04:00,1.16171,1.16055,1.0,stack_break,-0.0011600000000000499,-117.50000000000499
ma3_ema9_21_50_15m_follow_pmc,long,2021-10-27 04:00:00-04:00,2021-10-27 06:30:00-04:00,1.1603100000000002,1.15977,1.0,stack_break,-0.000540000000000207,-55.5000000000207
ma3_ema9_21_50_15m_follow_pmc,long,2021-10-27 06:45:00-04:00,2021-10-27 09:00:00-04:00,1.16033,1.1596499999999998,1.0,stack_break,-0.000680000000000236,-69.50000000002359
ma3_ema9_21_50_15m_follow_pmc,long,2021-10-27 12:30:00-04:00,2021-10-27 15:30:00-04:00,1.16175,1.1592699999999998,1.0,stack_break,-0.0024800000000002598,-249.50000000002598
ma3_ema9_21_50_15m_follow_pmc,long,2021-10-28 04:30:00-04:00,2021-10-28 07:00:00-04:00,1.1605400000000001,1.1601499999999998,1.0,stack_break,-0.0003900000000003345,-40.50000000003345
ma3_ema9_21_50_15m_follow_pmc,long,2021-10-28 08:00:00-04:00,2021-10-28 09:00:00-04:00,1.1612200000000001,1.1591699999999998,1.0,stack_break,-0.0020500000000003293,-206.50000000003294
ma3_ema9_21_50_15m_follow_pmc,long,2021-10-28 13:00:00-04:00,2021-10-28 16:15:00-04:00,1.1627,1.16834,1.0,session_end,0.005639999999999867,562.4999999999867
ma3_ema9_21_50_15m_follow_pmc,short,2021-10-29 15:15:00-04:00,2021-10-29 16:15:00-04:00,1.1571699999999998,1.1548500000000002,1.0,session_end,0.0023199999999996557,230.49999999996555
ma3_ema9_21_50_15m_follow_pmc,short,2021-11-01 04:00:00-04:00,2021-11-01 06:15:00-04:00,1.1553,1.15609,1.0,stack_break,-0.0007900000000000684,-80.50000000000685
ma3_ema9_21_50_15m_follow_pmc,short,2021-11-01 07:15:00-04:00,2021-11-01 08:15:00-04:00,1.15522,1.15625,1.0,stack_break,-0.0010300000000000864,-104.50000000000864
ma3_ema9_21_50_15m_follow_pmc,long,2021-11-01 11:00:00-04:00,2021-11-01 16:15:00-04:00,1.1567200000000002,1.15898,1.0,session_end,0.0022599999999997067,224.49999999997067
ma3_ema9_21_50_15m_follow_pmc,long,2021-11-02 04:45:00-04:00,2021-11-02 09:15:00-04:00,1.16032,1.15855,1.0,stack_break,-0.0017700000000000493,-178.50000000000495
ma3_ema9_21_50_15m_follow_pmc,long,2021-11-02 12:30:00-04:00,2021-11-02 14:00:00-04:00,1.16049,1.1593799999999999,1.0,stack_break,-0.0011100000000001664,-112.50000000001664
ma3_ema9_21_50_15m_follow_pmc,long,2021-11-03 08:45:00-04:00,2021-11-03 13:15:00-04:00,1.1588200000000002,1.15794,1.0,stack_break,-0.0008800000000002139,-89.5000000000214
ma3_ema9_21_50_15m_follow_pmc,short,2021-11-04 08:30:00-04:00,2021-11-04 13:45:00-04:00,1.1553,1.1565400000000001,1.0,stack_break,-0.0012400000000001299,-125.50000000001299
ma3_ema9_21_50_15m_follow_pmc,short,2021-11-04 14:30:00-04:00,2021-11-04 16:15:00-04:00,1.15502,1.1547200000000002,1.0,session_end,0.0002999999999997449,28.49999999997449
ma3_ema9_21_50_15m_follow_pmc,short,2021-11-05 04:00:00-04:00,2021-11-05 05:15:00-04:00,1.15431,1.15564,1.0,stack_break,-0.0013300000000000534,-134.50000000000534
ma3_ema9_21_50_15m_follow_pmc,long,2021-11-05 07:45:00-04:00,2021-11-05 09:30:00-04:00,1.15619,1.15421,1.0,stack_break,-0.001980000000000093,-199.50000000000927
ma3_ema9_21_50_15m_follow_pmc,short,2021-11-05 09:30:00-04:00,2021-11-05 16:00:00-04:00,1.15421,1.1548200000000002,1.0,stack_break,-0.0006100000000002215,-62.50000000002215
ma3_ema9_21_50_15m_follow_pmc,long,2021-11-08 05:30:00-05:00,2021-11-08 08:30:00-05:00,1.1563,1.1553399999999998,1.0,stack_break,-0.000960000000000294,-97.50000000002939
ma3_ema9_21_50_15m_follow_pmc,long,2021-11-08 09:15:00-05:00,2021-11-08 16:15:00-05:00,1.15738,1.15889,1.0,session_end,0.0015099999999999003,149.49999999999002
ma3_ema9_21_50_15m_follow_pmc,long,2021-11-09 04:15:00-05:00,2021-11-09 08:45:00-05:00,1.15873,1.15852,1.0,stack_break,-0.00021000000000004349,-22.50000000000435
ma3_ema9_21_50_15m_follow_pmc,long,2021-11-09 15:15:00-05:00,2021-11-09 15:45:00-05:00,1.1601400000000002,1.1583199999999998,1.0,stack_break,-0.0018200000000003769,-183.5000000000377
ma3_ema9_21_50_15m_follow_pmc,short,2021-11-10 11:45:00-05:00,2021-11-10 16:15:00-05:00,1.1555,1.1518300000000001,1.0,session_end,0.00366999999999984,365.499999999984
ma3_ema9_21_50_15m_follow_pmc,short,2021-11-11 03:00:00-05:00,2021-11-11 06:45:00-05:00,1.1475799999999998,1.1482700000000001,1.0,stack_break,-0.0006900000000003015,-70.50000000003016
ma3_ema9_21_50_15m_follow_pmc,short,2021-11-11 08:00:00-05:00,2021-11-11 15:45:00-05:00,1.14699,1.1468,1.0,stack_break,0.00018999999999991246,17.499999999991246
ma3_ema9_21_50_15m_follow_pmc,short,2021-11-12 03:00:00-05:00,2021-11-12 06:45:00-05:00,1.1441199999999998,1.14433,1.0,stack_break,-0.00021000000000026553,-22.500000000026553
ma3_ema9_21_50_15m_follow_pmc,short,2021-11-12 10:00:00-05:00,2021-11-12 10:45:00-05:00,1.1437,1.1448200000000002,1.0,stack_break,-0.001120000000000232,-113.50000000002319
ma3_ema9_21_50_15m_follow_pmc,short,2021-11-12 11:15:00-05:00,2021-11-12 12:00:00-05:00,1.14418,1.1452200000000001,1.0,stack_break,-0.001040000000000152,-105.50000000001519
ma3_ema9_21_50_15m_follow_pmc,short,2021-11-12 14:30:00-05:00,2021-11-12 15:45:00-05:00,1.14398,1.1450500000000001,1.0,stack_break,-0.0010700000000001264,-108.50000000001265
ma3_ema9_21_50_15m_follow_pmc,short,2021-11-12 16:00:00-05:00,2021-11-12 16:15:00-05:00,1.14438,1.14436,1.0,session_end,1.999999999990898e-05,0.49999999999089795
ma3_ema9_21_50_15m_follow_pmc,short,2021-11-15 10:30:00-05:00,2021-11-15 16:15:00-05:00,1.14455,1.1420400000000002,1.0,session_end,0.00250999999999979,249.49999999997902
ma3_ema9_21_50_15m_follow_pmc,short,2021-11-16 06:45:00-05:00,2021-11-16 16:15:00-05:00,1.1375,1.13515,1.0,session_end,0.002349999999999852,233.49999999998522
ma3_ema9_21_50_15m_follow_pmc,short,2021-11-17 03:30:00-05:00,2021-11-17 08:45:00-05:00,1.1313799999999998,1.13185,1.0,stack_break,-0.0004700000000001925,-48.50000000001925
ma3_ema9_21_50_15m_follow_pmc,short,2021-11-17 14:15:00-05:00,2021-11-17 16:15:00-05:00,1.1301999999999999,1.13088,1.0,session_end,-0.000680000000000236,-69.50000000002359
ma3_ema9_21_50_15m_follow_pmc,short,2021-11-19 05:00:00-05:00,2021-11-19 15:45:00-05:00,1.1355499999999998,1.1308900000000002,1.0,stack_break,0.004659999999999664,464.49999999996646
ma3_ema9_21_50_15m_follow_pmc,short,2021-11-22 03:00:00-05:00,2021-11-22 09:45:00-05:00,1.12703,1.12836,1.0,stack_break,-0.0013300000000000534,-134.50000000000534
ma3_ema9_21_50_15m_follow_pmc,short,2021-11-22 13:45:00-05:00,2021-11-22 16:15:00-05:00,1.12754,1.12497,1.0,session_end,0.002569999999999961,255.49999999999613
ma3_ema9_21_50_15m_follow_pmc,short,2021-11-23 03:00:00-05:00,2021-11-23 07:45:00-05:00,1.1234799999999998,1.12593,1.0,stack_break,-0.0024500000000002853,-246.50000000002854
ma3_ema9_21_50_15m_follow_pmc,short,2021-11-24 03:00:00-05:00,2021-11-24 06:00:00-05:00,1.1238499999999998,1.12447,1.0,stack_break,-0.000620000000000287,-63.5000000000287
ma3_ema9_21_50_15m_follow_pmc,short,2021-11-24 09:00:00-05:00,2021-11-24 16:15:00-05:00,1.12347,1.11958,1.0,session_end,0.003889999999999949,387.4999999999949
ma3_ema9_21_50_15m_follow_pmc,short,2021-11-29 03:00:00-05:00,2021-11-29 10:00:00-05:00,1.1278599999999999,1.12866,1.0,stack_break,-0.0008000000000001339,-81.50000000001339
ma3_ema9_21_50_15m_follow_pmc,short,2021-11-29 13:45:00-05:00,2021-11-29 16:15:00-05:00,1.1278199999999998,1.127,1.0,session_end,0.0008199999999998209,80.4999999999821
ma3_ema9_21_50_15m_follow_pmc,short,2021-12-01 03:00:00-05:00,2021-12-01 05:00:00-05:00,1.13204,1.13297,1.0,stack_break,-0.0009300000000000974,-94.50000000000975
ma3_ema9_21_50_15m_follow_pmc,long,2021-12-01 05:15:00-05:00,2021-12-01 08:00:00-05:00,1.13334,1.13242,1.0,stack_break,-0.0009200000000000319,-93.50000000000318
ma3_ema9_21_50_15m_follow_pmc,long,2021-12-01 08:15:00-05:00,2021-12-01 09:00:00-05:00,1.13507,1.13078,1.0,stack_break,-0.004290000000000127,-430.50000000001273
ma3_ema9_21_50_15m_follow_pmc,short,2021-12-01 09:15:00-05:00,2021-12-01 14:15:00-05:00,1.1312099999999998,1.1340400000000002,1.0,stack_break,-0.0028300000000003322,-284.5000000000332
ma3_ema9_21_50_15m_follow_pmc,long,2021-12-01 14:45:00-05:00,2021-12-01 16:15:00-05:00,1.1341800000000002,1.1333099999999998,1.0,session_end,-0.0008700000000003705,-88.50000000003705
ma3_ema9_21_50_15m_follow_pmc,long,2021-12-02 03:00:00-05:00,2021-12-02 05:30:00-05:00,1.1334700000000002,1.13197,1.0,stack_break,-0.0015000000000002789,-151.50000000002788
ma3_ema9_21_50_15m_follow_pmc,short,2021-12-02 06:15:00-05:00,2021-12-02 10:30:00-05:00,1.1318199999999998,1.13327,1.0,stack_break,-0.0014500000000001734,-146.50000000001734
ma3_ema9_21_50_15m_follow_pmc,long,2021-12-02 11:15:00-05:00,2021-12-02 16:00:00-05:00,1.1335000000000002,1.13238,1.0,stack_break,-0.001120000000000232,-113.50000000002319
ma3_ema9_21_50_15m_follow_pmc,short,2021-12-03 03:00:00-05:00,2021-12-03 10:30:00-05:00,1.12943,1.1301,1.0,stack_break,-0.0006700000000001705,-68.50000000001705
ma3_ema9_21_50_15m_follow_pmc,long,2021-12-03 13:45:00-05:00,2021-12-03 15:00:00-05:00,1.1332300000000002,1.12896,1.0,stack_break,-0.004270000000000218,-428.5000000000218
ma3_ema9_21_50_15m_follow_pmc,short,2021-12-03 15:30:00-05:00,2021-12-03 16:15:00-05:00,1.1274199999999999,1.12776,1.0,session_end,-0.000340000000000229,-35.5000000000229
ma3_ema9_21_50_15m_follow_pmc,short,2021-12-06 03:00:00-05:00,2021-12-06 09:30:00-05:00,1.1293499999999999,1.12934,1.0,stack_break,9.999999999843467e-06,-0.5000000000156533
ma3_ema9_21_50_15m_follow_pmc,short,2021-12-06 13:30:00-05:00,2021-12-06 14:15:00-05:00,1.1286299999999998,1.1298300000000001,1.0,stack_break,-0.001200000000000312,-121.50000000003119
ma3_ema9_21_50_15m_follow_pmc,short,2021-12-06 14:45:00-05:00,2021-12-06 16:15:00-05:00,1.12899,1.1270900000000001,1.0,session_end,0.0018999999999997907,188.49999999997908
ma3_ema9_21_50_15m_follow_pmc,short,2021-12-07 09:30:00-05:00,2021-12-07 16:15:00-05:00,1.126,1.12474,1.0,session_end,0.0012599999999998168,124.49999999998168
ma3_ema9_21_50_15m_follow_pmc,short,2021-12-09 07:45:00-05:00,2021-12-09 16:15:00-05:00,1.1324599999999998,1.12864,1.0,session_end,0.0038199999999997125,380.49999999997124
ma3_ema9_21_50_15m_follow_pmc,short,2021-12-10 07:30:00-05:00,2021-12-10 14:15:00-05:00,1.1290399999999998,1.1294700000000002,1.0,stack_break,-0.0004300000000003745,-44.50000000003745
ma3_ema9_21_50_15m_follow_pmc,short,2021-12-13 03:45:00-05:00,2021-12-13 13:45:00-05:00,1.12957,1.1283200000000002,1.0,stack_break,0.0012499999999997513,123.49999999997513
ma3_ema9_21_50_15m_follow_pmc,short,2021-12-14 03:00:00-05:00,2021-12-14 07:00:00-05:00,1.12787,1.12816,1.0,stack_break,-0.0002900000000001235,-30.50000000001235
ma3_ema9_21_50_15m_follow_pmc,short,2021-12-14 07:15:00-05:00,2021-12-14 09:15:00-05:00,1.1273799999999998,1.1282500000000002,1.0,stack_break,-0.0008700000000003705,-88.50000000003705
ma3_ema9_21_50_15m_follow_pmc,short,2021-12-15 03:45:00-05:00,2021-12-15 05:15:00-05:00,1.12587,1.1264200000000002,1.0,stack_break,-0.0005500000000002725,-56.50000000002725
ma3_ema9_21_50_15m_follow_pmc,short,2021-12-15 12:00:00-05:00,2021-12-15 12:15:00-05:00,1.12635,1.12715,1.0,stack_break,-0.0008000000000001339,-81.50000000001339
ma3_ema9_21_50_15m_follow_pmc,short,2021-12-15 13:30:00-05:00,2021-12-15 16:15:00-05:00,1.1258899999999998,1.12525,1.0,session_end,0.0006399999999997519,62.49999999997519
ma3_ema9_21_50_15m_follow_pmc,long,2021-12-16 13:30:00-05:00,2021-12-16 16:15:00-05:00,1.1339100000000002,1.13065,1.0,session_end,-0.0032600000000002627,-327.50000000002626
ma3_ema9_21_50_15m_follow_pmc,long,2021-12-17 04:45:00-05:00,2021-12-17 08:00:00-05:00,1.1331600000000002,1.1321899999999998,1.0,stack_break,-0.0009700000000003595,-98.50000000003595
ma3_ema9_21_50_15m_follow_pmc,long,2021-12-17 09:30:00-05:00,2021-12-17 09:45:00-05:00,1.13388,1.1328799999999999,1.0,stack_break,-0.001000000000000112,-101.5000000000112
ma3_ema9_21_50_15m_follow_pmc,long,2021-12-17 10:00:00-05:00,2021-12-17 10:45:00-05:00,1.1335700000000002,1.13268,1.0,stack_break,-0.0008900000000002795,-90.50000000002794
ma3_ema9_21_50_15m_follow_pmc,short,2021-12-17 11:45:00-05:00,2021-12-17 16:15:00-05:00,1.1315099999999998,1.1272300000000002,1.0,session_end,0.0042799999999996174,426.49999999996174
ma3_ema9_21_50_15m_follow_pmc,short,2021-12-20 03:00:00-05:00,2021-12-20 03:45:00-05:00,1.12441,1.125,1.0,stack_break,-0.0005900000000000905,-60.500000000009045
ma3_ema9_21_50_15m_follow_pmc,short,2021-12-21 15:30:00-05:00,2021-12-21 16:15:00-05:00,1.12717,1.12627,1.0,session_end,0.0008999999999999009,88.49999999999008
ma3_ema9_21_50_15m_follow_pmc,short,2021-12-22 04:15:00-05:00,2021-12-22 10:00:00-05:00,1.12746,1.12802,1.0,stack_break,-0.000560000000000116,-57.500000000011596
ma3_ema9_21_50_15m_follow_pmc,long,2021-12-23 03:00:00-05:00,2021-12-23 07:45:00-05:00,1.1339100000000002,1.13336,1.0,stack_break,-0.0005500000000002725,-56.50000000002725
ma3_ema9_21_50_15m_follow_pmc,short,2021-12-23 09:30:00-05:00,2021-12-23 16:15:00-05:00,1.13146,1.1307200000000002,1.0,session_end,0.0007399999999997409,72.49999999997408
ma3_ema9_21_50_15m_follow_pmc,long,2021-12-24 05:00:00-05:00,2021-12-24 12:30:00-05:00,1.1330600000000002,1.1328799999999999,1.0,stack_break,-0.00018000000000029104,-19.500000000029104
ma3_ema9_21_50_15m_follow_pmc,short,2021-12-24 13:30:00-05:00,2021-12-24 16:15:00-05:00,1.13156,1.1308500000000001,1.0,session_end,0.0007099999999997664,69.49999999997664
ma3_ema9_21_50_15m_follow_pmc,short,2021-12-27 06:00:00-05:00,2021-12-27 08:00:00-05:00,1.13146,1.1328,1.0,stack_break,-0.0013400000000001189,-135.50000000001188
ma3_ema9_21_50_15m_follow_pmc,long,2021-12-27 08:15:00-05:00,2021-12-27 09:15:00-05:00,1.1333700000000002,1.13109,1.0,stack_break,-0.002280000000000282,-229.5000000000282
ma3_ema9_21_50_15m_follow_pmc,short,2021-12-27 09:30:00-05:00,2021-12-27 15:00:00-05:00,1.13058,1.13239,1.0,stack_break,-0.0018100000000000893,-182.50000000000892
ma3_ema9_21_50_15m_follow_pmc,short,2021-12-28 03:45:00-05:00,2021-12-28 05:00:00-05:00,1.13194,1.1326200000000002,1.0,stack_break,-0.000680000000000236,-69.50000000002359
ma3_ema9_21_50_15m_follow_pmc,short,2021-12-28 08:15:00-05:00,2021-12-28 10:00:00-05:00,1.13187,1.13271,1.0,stack_break,-0.0008400000000001739,-85.5000000000174
ma3_ema9_21_50_15m_follow_pmc,long,2021-12-28 10:15:00-05:00,2021-12-28 14:30:00-05:00,1.1333300000000002,1.1314799999999998,1.0,stack_break,-0.0018500000000003514,-186.50000000003513
ma3_ema9_21_50_15m_follow_pmc,short,2021-12-28 14:45:00-05:00,2021-12-28 16:15:00-05:00,1.13089,1.12969,1.0,session_end,0.0011999999999998678,118.49999999998678
ma3_ema9_21_50_15m_follow_pmc,short,2021-12-29 03:00:00-05:00,2021-12-29 12:15:00-05:00,1.1302899999999998,1.1300000000000001,1.0,stack_break,0.0002899999999996794,27.49999999996794
ma3_ema9_21_50_15m_follow_pmc,long,2021-12-29 14:45:00-05:00,2021-12-29 16:15:00-05:00,1.13317,1.1346399999999999,1.0,session_end,0.0014699999999998603,145.49999999998602
ma3_ema9_21_50_15m_follow_pmc,short,2021-12-30 06:00:00-05:00,2021-12-30 12:15:00-05:00,1.13265,1.1326200000000002,1.0,stack_break,2.9999999999752447e-05,1.4999999999752447
ma3_ema9_21_50_15m_follow_pmc,short,2021-12-31 03:00:00-05:00,2021-12-31 06:00:00-05:00,1.13173,1.13257,1.0,stack_break,-0.0008400000000001739,-85.5000000000174
ma3_ema9_21_50_15m_follow_pmc,short,2021-12-31 06:15:00-05:00,2021-12-31 09:30:00-05:00,1.13083,1.1328,1.0,stack_break,-0.0019700000000000273,-198.50000000000273
ma3_ema9_21_50_15m_follow_pmc,long,2021-12-31 10:30:00-05:00,2021-12-31 16:15:00-05:00,1.1332900000000001,1.13689,1.0,session_end,0.0035999999999998256,358.49999999998255
ma3_ema9_21_50_15m_follow_pmc,short,2022-01-03 03:15:00-05:00,2022-01-03 10:15:00-05:00,1.13418,1.1355400000000002,1.0,stack_break,-0.00136000000000025,-137.50000000002498
ma3_ema9_21_50_15m_follow_pmc,short,2022-01-03 14:30:00-05:00,2022-01-03 16:15:00-05:00,1.1334099999999998,1.12941,1.0,session_end,0.0039999999999997815,398.4999999999782
ma3_ema9_21_50_15m_follow_pmc,short,2022-01-04 04:15:00-05:00,2022-01-04 05:45:00-05:00,1.12957,1.13046,1.0,stack_break,-0.0008900000000000574,-90.50000000000574
ma3_ema9_21_50_15m_follow_pmc,short,2022-01-04 06:45:00-05:00,2022-01-04 10:00:00-05:00,1.1294499999999998,1.13005,1.0,stack_break,-0.000600000000000156,-61.500000000015596
ma3_ema9_21_50_15m_follow_pmc,short,2022-01-04 11:30:00-05:00,2022-01-04 15:45:00-05:00,1.12878,1.1315700000000002,1.0,stack_break,-0.0027900000000002922,-280.5000000000292
ma3_ema9_21_50_15m_follow_pmc,short,2022-01-06 03:00:00-05:00,2022-01-06 03:15:00-05:00,1.13147,1.1317100000000002,1.0,stack_break,-0.00024000000000024002,-25.500000000024002
ma3_ema9_21_50_15m_follow_pmc,short,2022-01-06 04:00:00-05:00,2022-01-06 04:15:00-05:00,1.1309699999999998,1.13151,1.0,stack_break,-0.000540000000000207,-55.5000000000207
ma3_ema9_21_50_15m_follow_pmc,short,2022-01-06 05:30:00-05:00,2022-01-06 10:30:00-05:00,1.13078,1.13128,1.0,stack_break,-0.000500000000000167,-51.5000000000167
ma3_ema9_21_50_15m_follow_pmc,short,2022-01-10 05:00:00-05:00,2022-01-10 16:15:00-05:00,1.1336099999999998,1.1321,1.0,session_end,0.0015099999999996783,149.49999999996783
ma3_ema9_21_50_15m_follow_pmc,short,2022-01-11 12:45:00-05:00,2022-01-11 16:15:00-05:00,1.1331699999999998,1.13426,1.0,session_end,-0.0010900000000002574,-110.50000000002575
ma3_ema9_21_50_15m_follow_pmc,long,2022-01-12 03:00:00-05:00,2022-01-12 07:15:00-05:00,1.13697,1.1363599999999998,1.0,stack_break,-0.0006100000000002215,-62.50000000002215
ma3_ema9_21_50_15m_follow_pmc,short,2022-01-12 11:00:00-05:00,2022-01-12 13:30:00-05:00,1.1356899999999999,1.1371,1.0,stack_break,-0.0014100000000001334,-142.50000000001333
ma3_ema9_21_50_15m_follow_pmc,long,2022-01-12 14:00:00-05:00,2022-01-12 16:15:00-05:00,1.14015,1.14194,1.0,session_end,0.0017899999999999583,177.49999999999582
ma3_ema9_21_50_15m_follow_pmc,long,2022-01-13 03:00:00-05:00,2022-01-13 03:45:00-05:00,1.1444800000000002,1.1438499999999998,1.0,stack_break,-0.0006300000000003525,-64.50000000003524
ma3_ema9_21_50_15m_follow_pmc,long,2022-01-13 04:15:00-05:00,2022-01-13 07:00:00-05:00,1.1443400000000001,1.1439599999999999,1.0,stack_break,-0.000380000000000269,-39.5000000000269
ma3_ema9_21_50_15m_follow_pmc,long,2022-01-13 07:30:00-05:00,2022-01-13 16:15:00-05:00,1.1445200000000002,1.1458499999999998,1.0,session_end,0.0013299999999996093,131.49999999996092
ma3_ema9_21_50_15m_follow_pmc,long,2022-01-14 03:00:00-05:00,2022-01-14 08:15:00-05:00,1.14659,1.1461899999999998,1.0,stack_break,-0.000400000000000178,-41.5000000000178
ma3_ema9_21_50_15m_follow_pmc,long,2022-01-17 08:30:00-05:00,2022-01-17 12:00:00-05:00,1.14232,1.1410399999999998,1.0,stack_break,-0.0012800000000001699,-129.500000000017
ma3_ema9_21_50_15m_follow_pmc,long,2022-01-18 03:00:00-05:00,2022-01-18 04:00:00-05:00,1.14199,1.13963,1.0,stack_break,-0.0023600000000001398,-237.50000000001398
ma3_ema9_21_50_15m_follow_pmc,short,2022-01-18 13:30:00-05:00,2022-01-18 16:15:00-05:00,1.13659,1.1342500000000002,1.0,session_end,0.0023399999999997867,232.49999999997868
ma3_ema9_21_50_15m_follow_pmc,short,2022-01-19 03:00:00-05:00,2022-01-19 04:30:00-05:00,1.1323599999999998,1.1328500000000001,1.0,stack_break,-0.0004900000000003235,-50.50000000003235
ma3_ema9_21_50_15m_follow_pmc,short,2022-01-20 11:30:00-05:00,2022-01-20 14:15:00-05:00,1.1337899999999999,1.1354300000000002,1.0,stack_break,-0.0016400000000003079,-165.50000000003078
ma3_ema9_21_50_15m_follow_pmc,short,2022-01-20 15:15:00-05:00,2022-01-20 16:15:00-05:00,1.13418,1.1347900000000002,1.0,session_end,-0.0006100000000002215,-62.50000000002215
ma3_ema9_21_50_15m_follow_pmc,short,2022-01-24 03:00:00-05:00,2022-01-24 16:15:00-05:00,1.13337,1.1309,1.0,session_end,0.0024699999999999722,245.49999999999721
ma3_ema9_21_50_15m_follow_pmc,short,2022-01-25 03:00:00-05:00,2022-01-25 16:15:00-05:00,1.13103,1.12744,1.0,session_end,0.003589999999999982,357.4999999999982
ma3_ema9_21_50_15m_follow_pmc,short,2022-01-26 08:15:00-05:00,2022-01-26 15:00:00-05:00,1.12889,1.1288500000000001,1.0,stack_break,3.999999999981796e-05,2.499999999981796
ma3_ema9_21_50_15m_follow_pmc,short,2022-01-26 15:45:00-05:00,2022-01-26 16:15:00-05:00,1.12821,1.1283500000000002,1.0,session_end,-0.00014000000000025103,-15.500000000025103
ma3_ema9_21_50_15m_follow_pmc,short,2022-01-27 03:00:00-05:00,2022-01-27 16:15:00-05:00,1.1227699999999998,1.11517,1.0,session_end,0.007599999999999829,758.499999999983
ma3_ema9_21_50_15m_follow_pmc,short,2022-01-28 07:30:00-05:00,2022-01-28 13:45:00-05:00,1.1135,1.1144200000000002,1.0,stack_break,-0.000920000000000254,-93.5000000000254
ma3_ema9_21_50_15m_follow_pmc,long,2022-02-01 03:00:00-05:00,2022-02-01 16:00:00-05:00,1.12328,1.1245299999999998,1.0,stack_break,0.0012499999999997513,123.49999999997513
ma3_ema9_21_50_15m_follow_pmc,long,2022-02-02 03:00:00-05:00,2022-02-02 06:45:00-05:00,1.12779,1.12695,1.0,stack_break,-0.0008400000000001739,-85.5000000000174
ma3_ema9_21_50_15m_follow_pmc,long,2022-02-02 07:45:00-05:00,2022-02-02 16:00:00-05:00,1.12775,1.13049,1.0,stack_break,0.0027399999999999647,272.4999999999965
ma3_ema9_21_50_15m_follow_pmc,long,2022-02-03 14:15:00-05:00,2022-02-03 16:15:00-05:00,1.13751,1.14147,1.0,session_end,0.0039599999999999635,394.49999999999636
ma3_ema9_21_50_15m_follow_pmc,long,2022-02-04 03:00:00-05:00,2022-02-04 08:30:00-05:00,1.14592,1.14415,1.0,stack_break,-0.0017700000000000493,-178.50000000000495
ma3_ema9_21_50_15m_follow_pmc,long,2022-02-04 10:15:00-05:00,2022-02-04 13:45:00-05:00,1.1466,1.1441899999999998,1.0,stack_break,-0.0024100000000002453,-242.50000000002453
ma3_ema9_21_50_15m_follow_pmc,long,2022-02-09 03:00:00-05:00,2022-02-09 07:00:00-05:00,1.1429200000000002,1.1420299999999999,1.0,stack_break,-0.0008900000000002795,-90.50000000002794
ma3_ema9_21_50_15m_follow_pmc,long,2022-02-09 10:00:00-05:00,2022-02-09 16:15:00-05:00,1.1427500000000002,1.1426699999999999,1.0,session_end,-8.000000000030205e-05,-9.500000000030205
ma3_ema9_21_50_15m_follow_pmc,long,2022-02-10 08:45:00-05:00,2022-02-10 13:45:00-05:00,1.1427,1.1406599999999998,1.0,stack_break,-0.002040000000000264,-205.50000000002638
ma3_ema9_21_50_15m_follow_pmc,long,2022-02-15 03:15:00-05:00,2022-02-15 15:30:00-05:00,1.13195,1.1335199999999999,1.0,stack_break,0.0015699999999998493,155.49999999998494
ma3_ema9_21_50_15m_follow_pmc,long,2022-02-15 16:00:00-05:00,2022-02-15 16:15:00-05:00,1.135,1.13556,1.0,session_end,0.0005599999999998939,54.49999999998939
ma3_ema9_21_50_15m_follow_pmc,long,2022-02-16 06:30:00-05:00,2022-02-16 13:45:00-05:00,1.1356300000000001,1.13625,1.0,stack_break,0.0006199999999998429,60.49999999998429
ma3_ema9_21_50_15m_follow_pmc,long,2022-02-17 03:00:00-05:00,2022-02-17 04:15:00-05:00,1.13843,1.1331,1.0,stack_break,-0.005330000000000057,-534.5000000000057
ma3_ema9_21_50_15m_follow_pmc,long,2022-02-17 13:00:00-05:00,2022-02-17 14:15:00-05:00,1.13731,1.13625,1.0,stack_break,-0.001060000000000061,-107.50000000000608
ma3_ema9_21_50_15m_follow_pmc,long,2022-02-18 03:30:00-05:00,2022-02-18 05:45:00-05:00,1.1367,1.1361199999999998,1.0,stack_break,-0.000580000000000247,-59.5000000000247
ma3_ema9_21_50_15m_follow_pmc,long,2022-02-18 06:00:00-05:00,2022-02-18 10:45:00-05:00,1.1366500000000002,1.1366999999999998,1.0,stack_break,4.9999999999661426e-05,3.4999999999661426
ma3_ema9_21_50_15m_follow_pmc,long,2022-02-21 03:00:00-05:00,2022-02-21 10:45:00-05:00,1.1355400000000002,1.13598,1.0,stack_break,0.0004399999999997739,42.49999999997739
ma3_ema9_21_50_15m_follow_pmc,long,2022-02-22 09:45:00-05:00,2022-02-22 16:15:00-05:00,1.1334600000000001,1.13323,1.0,session_end,-0.0002300000000001745,-24.50000000001745
ma3_ema9_21_50_15m_follow_pmc,long,2022-02-23 08:45:00-05:00,2022-02-23 15:15:00-05:00,1.13392,1.13333,1.0,stack_break,-0.0005900000000000905,-60.500000000009045
ma3_ema9_21_50_15m_follow_pmc,short,2022-02-24 04:30:00-05:00,2022-02-24 16:15:00-05:00,1.12137,1.11125,1.0,session_end,0.010119999999999907,1010.4999999999907
ma3_ema9_21_50_15m_follow_pmc,short,2022-02-25 09:15:00-05:00,2022-02-25 12:45:00-05:00,1.1175799999999998,1.1208,1.0,stack_break,-0.0032200000000002227,-323.5000000000223
ma3_ema9_21_50_15m_follow_pmc,long,2022-02-25 14:15:00-05:00,2022-02-25 16:15:00-05:00,1.12366,1.1244699999999999,1.0,session_end,0.0008099999999997554,79.49999999997553
ma3_ema9_21_50_15m_follow_pmc,short,2022-02-28 03:00:00-05:00,2022-02-28 07:45:00-05:00,1.11519,1.1184100000000001,1.0,stack_break,-0.0032200000000002227,-323.5000000000223
ma3_ema9_21_50_15m_follow_pmc,short,2022-03-01 03:00:00-05:00,2022-03-01 07:15:00-05:00,1.1195499999999998,1.12081,1.0,stack_break,-0.001260000000000261,-127.50000000002609
ma3_ema9_21_50_15m_follow_pmc,long,2022-03-01 08:15:00-05:00,2022-03-01 10:30:00-05:00,1.1229900000000002,1.1175499999999998,1.0,stack_break,-0.0054400000000003335,-545.5000000000333
ma3_ema9_21_50_15m_follow_pmc,short,2022-03-01 10:45:00-05:00,2022-03-01 16:15:00-05:00,1.1168399999999998,1.11427,1.0,session_end,0.002569999999999739,255.4999999999739
ma3_ema9_21_50_15m_follow_pmc,short,2022-03-02 03:00:00-05:00,2022-03-02 12:45:00-05:00,1.11187,1.11074,1.0,stack_break,0.0011299999999998533,111.49999999998533
ma3_ema9_21_50_15m_follow_pmc,short,2022-03-02 15:00:00-05:00,2022-03-02 16:15:00-05:00,1.1079599999999998,1.10661,1.0,session_end,0.0013499999999997403,133.49999999997402
ma3_ema9_21_50_15m_follow_pmc,short,2022-03-03 03:00:00-05:00,2022-03-03 16:15:00-05:00,1.11029,1.10633,1.0,session_end,0.0039599999999999635,394.49999999999636
ma3_ema9_21_50_15m_follow_pmc,short,2022-03-04 03:00:00-05:00,2022-03-04 16:15:00-05:00,1.1036499999999998,1.0921500000000002,1.0,session_end,0.011499999999999622,1148.4999999999623
ma3_ema9_21_50_15m_follow_pmc,short,2022-03-07 03:00:00-05:00,2022-03-07 06:00:00-05:00,1.0847099999999998,1.08729,1.0,stack_break,-0.0025800000000002488,-259.5000000000249
ma3_ema9_21_50_15m_follow_pmc,short,2022-03-07 08:45:00-05:00,2022-03-07 13:00:00-05:00,1.0865399999999998,1.08982,1.0,stack_break,-0.0032800000000001717,-329.50000000001717
ma3_ema9_21_50_15m_follow_pmc,short,2022-03-08 05:30:00-05:00,2022-03-08 08:30:00-05:00,1.0858999999999999,1.0907,1.0,stack_break,-0.0048000000000001375,-481.50000000001376
ma3_ema9_21_50_15m_follow_pmc,short,2022-03-10 10:45:00-05:00,2022-03-10 13:00:00-05:00,1.1034599999999999,1.10857,1.0,stack_break,-0.00511000000000017,-512.500000000017
ma3_ema9_21_50_15m_follow_pmc,short,2022-03-10 15:15:00-05:00,2022-03-10 16:15:00-05:00,1.10154,1.1019700000000001,1.0,session_end,-0.0004300000000001525,-44.50000000001525
ma3_ema9_21_50_15m_follow_pmc,short,2022-03-11 03:30:00-05:00,2022-03-11 04:00:00-05:00,1.0991,1.09999,1.0,stack_break,-0.0008900000000000574,-90.50000000000574
ma3_ema9_21_50_15m_follow_pmc,short,2022-03-11 08:15:00-05:00,2022-03-11 11:45:00-05:00,1.09845,1.10146,1.0,stack_break,-0.003010000000000179,-302.5000000000179
ma3_ema9_21_50_15m_follow_pmc,short,2022-03-11 15:00:00-05:00,2022-03-11 16:15:00-05:00,1.09798,1.0967900000000002,1.0,session_end,0.0011899999999998023,117.49999999998023
ma3_ema9_21_50_15m_follow_pmc,short,2022-03-14 04:00:00-04:00,2022-03-14 07:00:00-04:00,1.09059,1.09192,1.0,stack_break,-0.0013300000000000534,-134.50000000000534
ma3_ema9_21_50_15m_follow_pmc,short,2022-03-14 07:30:00-04:00,2022-03-14 07:45:00-04:00,1.0912,1.09261,1.0,stack_break,-0.0014100000000001334,-142.50000000001333
ma3_ema9_21_50_15m_follow_pmc,short,2022-03-18 05:15:00-04:00,2022-03-18 16:15:00-04:00,1.1076499999999998,1.1045200000000002,1.0,session_end,0.003129999999999633,311.4999999999633
ma3_ema9_21_50_15m_follow_pmc,short,2022-03-21 04:30:00-04:00,2022-03-21 08:00:00-04:00,1.10428,1.1054000000000002,1.0,stack_break,-0.001120000000000232,-113.50000000002319
ma3_ema9_21_50_15m_follow_pmc,short,2022-03-21 11:45:00-04:00,2022-03-21 15:45:00-04:00,1.10292,1.1047900000000002,1.0,stack_break,-0.0018700000000002603,-188.50000000002603
ma3_ema9_21_50_15m_follow_pmc,short,2022-03-22 04:00:00-04:00,2022-03-22 09:00:00-04:00,1.1002299999999998,1.10078,1.0,stack_break,-0.0005500000000002725,-56.50000000002725
ma3_ema9_21_50_15m_follow_pmc,short,2022-03-23 08:45:00-04:00,2022-03-23 16:15:00-04:00,1.1013799999999998,1.10047,1.0,session_end,0.0009099999999997443,89.49999999997443
ma3_ema9_21_50_15m_follow_pmc,short,2022-03-24 04:00:00-04:00,2022-03-24 09:00:00-04:00,1.09805,1.0996400000000002,1.0,stack_break,-0.0015900000000002024,-160.50000000002024
ma3_ema9_21_50_15m_follow_pmc,short,2022-03-24 09:15:00-04:00,2022-03-24 10:00:00-04:00,1.0978899999999998,1.09935,1.0,stack_break,-0.0014600000000002389,-147.50000000002387
ma3_ema9_21_50_15m_follow_pmc,short,2022-03-24 12:45:00-04:00,2022-03-24 15:15:00-04:00,1.09757,1.09948,1.0,stack_break,-0.0019100000000000783,-192.50000000000784
ma3_ema9_21_50_15m_follow_pmc,short,2022-03-25 10:45:00-04:00,2022-03-25 15:15:00-04:00,1.10036,1.1017100000000002,1.0,stack_break,-0.0013500000000001844,-136.50000000001845
ma3_ema9_21_50_15m_follow_pmc,short,2022-03-25 15:30:00-04:00,2022-03-25 16:15:00-04:00,1.10035,1.09861,1.0,session_end,0.0017399999999998528,172.49999999998528
ma3_ema9_21_50_15m_follow_pmc,short,2022-03-28 03:00:00-04:00,2022-03-28 09:00:00-04:00,1.0953799999999998,1.09698,1.0,stack_break,-0.0016000000000002679,-161.50000000002677
ma3_ema9_21_50_15m_follow_pmc,short,2022-03-28 13:00:00-04:00,2022-03-28 15:00:00-04:00,1.0954499999999998,1.0975100000000002,1.0,stack_break,-0.002060000000000395,-207.50000000003948
ma3_ema9_21_50_15m_follow_pmc,short,2022-03-31 08:45:00-04:00,2022-03-31 16:15:00-04:00,1.1135799999999998,1.1092700000000002,1.0,session_end,0.004309999999999592,429.4999999999592
ma3_ema9_21_50_15m_follow_pmc,short,2022-04-01 03:00:00-04:00,2022-04-01 16:15:00-04:00,1.10706,1.1042900000000002,1.0,session_end,0.002769999999999717,275.4999999999717
ma3_ema9_21_50_15m_follow_pmc,short,2022-04-04 07:00:00-04:00,2022-04-04 16:15:00-04:00,1.1043699999999999,1.09911,1.0,session_end,0.00525999999999982,524.499999999982
ma3_ema9_21_50_15m_follow_pmc,short,2022-04-05 03:00:00-04:00,2022-04-05 07:15:00-04:00,1.09689,1.0979,1.0,stack_break,-0.0010100000000001774,-102.50000000001774
ma3_ema9_21_50_15m_follow_pmc,short,2022-04-05 10:45:00-04:00,2022-04-05 16:15:00-04:00,1.09645,1.0922200000000002,1.0,session_end,0.004229999999999734,421.4999999999734
ma3_ema9_21_50_15m_follow_pmc,short,2022-04-06 03:00:00-04:00,2022-04-06 08:45:00-04:00,1.0896299999999999,1.0911000000000002,1.0,stack_break,-0.0014700000000003044,-148.50000000003044
ma3_ema9_21_50_15m_follow_pmc,short,2022-04-07 08:45:00-04:00,2022-04-07 12:00:00-04:00,1.0883299999999998,1.09199,1.0,stack_break,-0.0036600000000002186,-367.5000000000219
ma3_ema9_21_50_15m_follow_pmc,short,2022-04-08 03:00:00-04:00,2022-04-08 08:30:00-04:00,1.0860999999999998,1.08739,1.0,stack_break,-0.0012900000000002354,-130.50000000002353
ma3_ema9_21_50_15m_follow_pmc,short,2022-04-08 12:30:00-04:00,2022-04-08 15:30:00-04:00,1.08595,1.08786,1.0,stack_break,-0.0019100000000000783,-192.50000000000784
ma3_ema9_21_50_15m_follow_pmc,short,2022-04-11 15:45:00-04:00,2022-04-11 16:15:00-04:00,1.08866,1.08742,1.0,session_end,0.0012399999999999078,122.49999999999079
ma3_ema9_21_50_15m_follow_pmc,short,2022-04-12 03:00:00-04:00,2022-04-12 05:00:00-04:00,1.0873,1.08816,1.0,stack_break,-0.0008600000000000829,-87.5000000000083
ma3_ema9_21_50_15m_follow_pmc,short,2022-04-12 06:15:00-04:00,2022-04-12 11:00:00-04:00,1.0870499999999998,1.0870300000000002,1.0,stack_break,1.9999999999686935e-05,0.4999999999686935
ma3_ema9_21_50_15m_follow_pmc,short,2022-04-12 11:15:00-04:00,2022-04-12 13:00:00-04:00,1.08672,1.0891000000000002,1.0,stack_break,-0.002380000000000271,-239.5000000000271
ma3_ema9_21_50_15m_follow_pmc,short,2022-04-12 15:45:00-04:00,2022-04-12 16:15:00-04:00,1.08598,1.0852600000000001,1.0,session_end,0.0007199999999998319,70.49999999998319
ma3_ema9_21_50_15m_follow_pmc,short,2022-04-13 07:15:00-04:00,2022-04-13 08:15:00-04:00,1.0824699999999998,1.08372,1.0,stack_break,-0.0012500000000001954,-126.50000000001954
ma3_ema9_21_50_15m_follow_pmc,short,2022-04-13 08:45:00-04:00,2022-04-13 09:00:00-04:00,1.0830199999999999,1.08329,1.0,stack_break,-0.0002700000000002145,-28.50000000002145
ma3_ema9_21_50_15m_follow_pmc,short,2022-04-13 09:45:00-04:00,2022-04-13 11:45:00-04:00,1.08269,1.0842500000000002,1.0,stack_break,-0.0015600000000002279,-157.5000000000228
ma3_ema9_21_50_15m_follow_pmc,short,2022-04-13 12:45:00-04:00,2022-04-13 15:00:00-04:00,1.0816899999999998,1.0837400000000001,1.0,stack_break,-0.0020500000000003293,-206.50000000003294
ma3_ema9_21_50_15m_follow_pmc,short,2022-04-14 13:00:00-04:00,2022-04-14 16:15:00-04:00,1.08788,1.07996,1.0,session_end,0.007919999999999927,790.4999999999927
ma3_ema9_21_50_15m_follow_pmc,short,2022-04-15 03:00:00-04:00,2022-04-15 08:30:00-04:00,1.0811799999999998,1.0813300000000001,1.0,stack_break,-0.00015000000000031655,-16.500000000031655
ma3_ema9_21_50_15m_follow_pmc,short,2022-04-15 11:30:00-04:00,2022-04-15 12:15:00-04:00,1.08072,1.08159,1.0,stack_break,-0.0008700000000001484,-88.50000000001484
ma3_ema9_21_50_15m_follow_pmc,short,2022-04-15 13:45:00-04:00,2022-04-15 16:15:00-04:00,1.08062,1.08064,1.0,session_end,-2.0000000000131024e-05,-3.5000000000131024
ma3_ema9_21_50_15m_follow_pmc,short,2022-04-18 03:00:00-04:00,2022-04-18 11:00:00-04:00,1.0796299999999999,1.07976,1.0,stack_break,-0.00013000000000018552,-14.500000000018552
ma3_ema9_21_50_15m_follow_pmc,short,2022-04-18 15:15:00-04:00,2022-04-18 16:15:00-04:00,1.0791099999999998,1.0785300000000002,1.0,session_end,0.0005799999999995809,56.499999999958085
ma3_ema9_21_50_15m_follow_pmc,short,2022-04-19 03:00:00-04:00,2022-04-19 07:00:00-04:00,1.0767099999999998,1.0784900000000002,1.0,stack_break,-0.0017800000000003369,-179.50000000003368
ma3_ema9_21_50_15m_follow_pmc,short,2022-04-21 03:00:00-04:00,2022-04-21 05:45:00-04:00,1.08299,1.0846500000000001,1.0,stack_break,-0.0016600000000002169,-167.50000000002169
ma3_ema9_21_50_15m_follow_pmc,short,2022-04-21 15:45:00-04:00,2022-04-21 16:15:00-04:00,1.0854499999999998,1.08409,1.0,session_end,0.0013599999999998058,134.4999999999806
ma3_ema9_21_50_15m_follow_pmc,short,2022-04-22 03:30:00-04:00,2022-04-22 04:00:00-04:00,1.0836,1.0841800000000001,1.0,stack_break,-0.000580000000000247,-59.5000000000247
ma3_ema9_21_50_15m_follow_pmc,short,2022-04-22 07:15:00-04:00,2022-04-22 12:15:00-04:00,1.08265,1.0820500000000002,1.0,stack_break,0.0005999999999997119,58.49999999997119
ma3_ema9_21_50_15m_follow_pmc,short,2022-04-22 14:15:00-04:00,2022-04-22 16:15:00-04:00,1.08055,1.07921,1.0,session_end,0.0013399999999998968,132.49999999998968
ma3_ema9_21_50_15m_follow_pmc,short,2022-04-25 03:00:00-04:00,2022-04-25 16:15:00-04:00,1.0777999999999999,1.0704,1.0,session_end,0.007399999999999851,738.4999999999851
ma3_ema9_21_50_15m_follow_pmc,short,2022-04-26 07:00:00-04:00,2022-04-26 16:15:00-04:00,1.07077,1.0661100000000001,1.0,session_end,0.0046599999999998865,464.49999999998863
ma3_ema9_21_50_15m_follow_pmc,short,2022-04-27 03:30:00-04:00,2022-04-27 05:15:00-04:00,1.0639599999999998,1.06491,1.0,stack_break,-0.0009500000000002284,-96.50000000002285
ma3_ema9_21_50_15m_follow_pmc,short,2022-04-27 06:45:00-04:00,2022-04-27 16:15:00-04:00,1.06253,1.0550000000000002,1.0,session_end,0.007529999999999815,751.4999999999815
ma3_ema9_21_50_15m_follow_pmc,short,2022-04-28 03:00:00-04:00,2022-04-28 08:00:00-04:00,1.0538999999999998,1.05489,1.0,stack_break,-0.0009900000000002684,-100.50000000002684
ma3_ema9_21_50_15m_follow_pmc,short,2022-04-28 10:15:00-04:00,2022-04-28 15:30:00-04:00,1.05212,1.05255,1.0,stack_break,-0.0004300000000001525,-44.50000000001525
ma3_ema9_21_50_15m_follow_pmc,short,2022-05-02 03:00:00-04:00,2022-05-02 07:15:00-04:00,1.0525699999999998,1.0555800000000002,1.0,stack_break,-0.0030100000000004012,-302.50000000004013
ma3_ema9_21_50_15m_follow_pmc,short,2022-05-02 09:45:00-04:00,2022-05-02 14:45:00-04:00,1.05252,1.05349,1.0,stack_break,-0.0009700000000001374,-98.50000000001374
ma3_ema9_21_50_15m_follow_pmc,short,2022-05-02 15:30:00-04:00,2022-05-02 16:15:00-04:00,1.0505,1.05217,1.0,session_end,-0.0016700000000000603,-168.50000000000603
ma3_ema9_21_50_15m_follow_pmc,short,2022-05-03 05:15:00-04:00,2022-05-03 08:15:00-04:00,1.04995,1.0521600000000002,1.0,stack_break,-0.0022100000000002673,-222.50000000002672
ma3_ema9_21_50_15m_follow_pmc,short,2022-05-03 09:15:00-04:00,2022-05-03 10:30:00-04:00,1.05005,1.05211,1.0,stack_break,-0.002060000000000173,-207.50000000001728
ma3_ema9_21_50_15m_follow_pmc,short,2022-05-03 11:15:00-04:00,2022-05-03 12:00:00-04:00,1.0503799999999999,1.05166,1.0,stack_break,-0.0012800000000001699,-129.500000000017
ma3_ema9_21_50_15m_follow_pmc,long,2022-05-03 12:15:00-04:00,2022-05-03 16:15:00-04:00,1.05438,1.0529,1.0,session_end,-0.0014800000000001479,-149.50000000001478
ma3_ema9_21_50_15m_follow_pmc,short,2022-05-04 03:15:00-04:00,2022-05-04 08:30:00-04:00,1.0519299999999998,1.0522900000000002,1.0,stack_break,-0.00036000000000036003,-37.500000000036
ma3_ema9_21_50_15m_follow_pmc,long,2022-05-04 12:45:00-04:00,2022-05-04 16:15:00-04:00,1.0541900000000002,1.0539299999999998,1.0,session_end,-0.00026000000000037105,-27.500000000037105
ma3_ema9_21_50_15m_follow_pmc,long,2022-05-05 03:00:00-04:00,2022-05-05 06:15:00-04:00,1.06274,1.06063,1.0,stack_break,-0.0021100000000000563,-212.50000000000563
ma3_ema9_21_50_15m_follow_pmc,short,2022-05-05 15:15:00-04:00,2022-05-05 16:15:00-04:00,1.0529199999999999,1.0505300000000002,1.0,session_end,0.00238999999999967,237.49999999996703
ma3_ema9_21_50_15m_follow_pmc,short,2022-05-06 03:00:00-04:00,2022-05-06 08:45:00-04:00,1.05242,1.0551100000000002,1.0,stack_break,-0.0026900000000003033,-270.50000000003035
ma3_ema9_21_50_15m_follow_pmc,long,2022-05-06 09:45:00-04:00,2022-05-06 16:15:00-04:00,1.0561200000000002,1.05714,1.0,session_end,0.0010199999999997988,100.49999999997988
ma3_ema9_21_50_15m_follow_pmc,short,2022-05-09 03:00:00-04:00,2022-05-09 10:15:00-04:00,1.05087,1.0526900000000001,1.0,stack_break,-0.0018200000000001548,-183.5000000000155
ma3_ema9_21_50_15m_follow_pmc,long,2022-05-09 12:00:00-04:00,2022-05-09 15:00:00-04:00,1.0543900000000002,1.0523399999999998,1.0,stack_break,-0.0020500000000003293,-206.50000000003294
ma3_ema9_21_50_15m_follow_pmc,long,2022-05-09 16:00:00-04:00,2022-05-09 16:15:00-04:00,1.0545600000000002,1.05568,1.0,session_end,0.0011199999999997878,110.49999999997878
ma3_ema9_21_50_15m_follow_pmc,long,2022-05-10 03:00:00-04:00,2022-05-10 07:15:00-04:00,1.05749,1.05588,1.0,stack_break,-0.0016100000000001113,-162.50000000001114
ma3_ema9_21_50_15m_follow_pmc,short,2022-05-10 10:15:00-04:00,2022-05-10 16:15:00-04:00,1.0536599999999998,1.0532100000000002,1.0,session_end,0.00044999999999961737,43.49999999996174
ma3_ema9_21_50_15m_follow_pmc,short,2022-05-11 03:00:00-04:00,2022-05-11 03:15:00-04:00,1.0528899999999999,1.0534100000000002,1.0,stack_break,-0.000520000000000298,-53.5000000000298
ma3_ema9_21_50_15m_follow_pmc,long,2022-05-11 05:45:00-04:00,2022-05-11 12:15:00-04:00,1.0547700000000002,1.05476,1.0,stack_break,-1.0000000000287557e-05,-2.5000000000287557
ma3_ema9_21_50_15m_follow_pmc,short,2022-05-11 13:15:00-04:00,2022-05-11 13:45:00-04:00,1.05178,1.05611,1.0,stack_break,-0.004330000000000167,-434.5000000000167
ma3_ema9_21_50_15m_follow_pmc,long,2022-05-11 14:15:00-04:00,2022-05-11 16:00:00-04:00,1.0560900000000002,1.0543099999999999,1.0,stack_break,-0.0017800000000003369,-179.50000000003368
ma3_ema9_21_50_15m_follow_pmc,short,2022-05-12 05:00:00-04:00,2022-05-12 16:15:00-04:00,1.05179,1.0373,1.0,session_end,0.014489999999999892,1447.499999999989
ma3_ema9_21_50_15m_follow_pmc,short,2022-05-13 10:30:00-04:00,2022-05-13 15:30:00-04:00,1.0378299999999998,1.04089,1.0,stack_break,-0.0030600000000002847,-307.5000000000285
ma3_ema9_21_50_15m_follow_pmc,short,2022-05-16 04:15:00-04:00,2022-05-16 05:30:00-04:00,1.03965,1.0405900000000001,1.0,stack_break,-0.0009400000000001629,-95.50000000001629
ma3_ema9_21_50_15m_follow_pmc,long,2022-05-17 12:00:00-04:00,2022-05-17 16:15:00-04:00,1.0552400000000002,1.0530499999999998,1.0,session_end,-0.0021900000000003583,-220.50000000003584
ma3_ema9_21_50_15m_follow_pmc,short,2022-05-18 07:00:00-04:00,2022-05-18 13:30:00-04:00,1.05209,1.0523600000000002,1.0,stack_break,-0.0002700000000002145,-28.50000000002145
ma3_ema9_21_50_15m_follow_pmc,short,2022-05-18 14:30:00-04:00,2022-05-18 16:15:00-04:00,1.0511899999999998,1.0487700000000002,1.0,session_end,0.0024199999999996447,240.49999999996447
ma3_ema9_21_50_15m_follow_pmc,short,2022-05-19 07:30:00-04:00,2022-05-19 09:00:00-04:00,1.04677,1.05048,1.0,stack_break,-0.003710000000000102,-372.50000000001023
ma3_ema9_21_50_15m_follow_pmc,long,2022-05-19 13:15:00-04:00,2022-05-19 16:15:00-04:00,1.0541600000000002,1.0583699999999998,1.0,session_end,0.004209999999999603,419.4999999999603
ma3_ema9_21_50_15m_follow_pmc,long,2022-05-20 05:45:00-04:00,2022-05-20 08:30:00-04:00,1.0576400000000001,1.0562399999999998,1.0,stack_break,-0.00140000000000029,-141.500000000029
ma3_ema9_21_50_15m_follow_pmc,long,2022-05-20 09:45:00-04:00,2022-05-20 12:15:00-04:00,1.05844,1.0567499999999999,1.0,stack_break,-0.0016900000000001913,-170.50000000001913
ma3_ema9_21_50_15m_follow_pmc,long,2022-05-23 03:00:00-04:00,2022-05-23 16:15:00-04:00,1.05922,1.0668499999999999,1.0,session_end,0.007629999999999804,761.4999999999803
ma3_ema9_21_50_15m_follow_pmc,long,2022-05-24 07:15:00-04:00,2022-05-24 16:15:00-04:00,1.0709600000000001,1.07411,1.0,session_end,0.003149999999999764,313.4999999999764
ma3_ema9_21_50_15m_follow_pmc,long,2022-05-26 03:00:00-04:00,2022-05-26 05:15:00-04:00,1.0698100000000001,1.06815,1.0,stack_break,-0.0016600000000002169,-167.50000000002169
ma3_ema9_21_50_15m_follow_pmc,long,2022-05-26 10:15:00-04:00,2022-05-26 16:15:00-04:00,1.0715400000000002,1.07269,1.0,session_end,0.0011499999999997623,113.49999999997624
ma3_ema9_21_50_15m_follow_pmc,long,2022-05-27 03:00:00-04:00,2022-05-27 07:15:00-04:00,1.0755700000000001,1.07408,1.0,stack_break,-0.0014900000000002134,-150.50000000002134
ma3_ema9_21_50_15m_follow_pmc,long,2022-05-30 03:00:00-04:00,2022-05-30 13:15:00-04:00,1.0749700000000002,1.07503,1.0,stack_break,5.999999999972694e-05,4.499999999972694
ma3_ema9_21_50_15m_follow_pmc,long,2022-05-30 14:00:00-04:00,2022-05-30 16:15:00-04:00,1.0763,1.07801,1.0,session_end,0.0017099999999998783,169.49999999998784
ma3_ema9_21_50_15m_follow_pmc,short,2022-06-01 03:00:00-04:00,2022-06-01 07:30:00-04:00,1.07178,1.07355,1.0,stack_break,-0.0017700000000000493,-178.50000000000495
ma3_ema9_21_50_15m_follow_pmc,short,2022-06-01 08:15:00-04:00,2022-06-01 08:30:00-04:00,1.0713599999999999,1.07254,1.0,stack_break,-0.001180000000000181,-119.50000000001809
ma3_ema9_21_50_15m_follow_pmc,short,2022-06-01 11:15:00-04:00,2022-06-01 13:15:00-04:00,1.0716999999999999,1.0728000000000002,1.0,stack_break,-0.001100000000000323,-111.50000000003229
ma3_ema9_21_50_15m_follow_pmc,short,2022-06-01 14:15:00-04:00,2022-06-01 16:15:00-04:00,1.0695899999999998,1.06467,1.0,session_end,0.004919999999999813,490.49999999998136
ma3_ema9_21_50_15m_follow_pmc,short,2022-06-02 03:15:00-04:00,2022-06-02 04:30:00-04:00,1.0650199999999999,1.06549,1.0,stack_break,-0.0004700000000001925,-48.50000000001925
ma3_ema9_21_50_15m_follow_pmc,long,2022-06-03 03:00:00-04:00,2022-06-03 05:15:00-04:00,1.0759500000000002,1.07453,1.0,stack_break,-0.0014200000000001989,-143.5000000000199
ma3_ema9_21_50_15m_follow_pmc,long,2022-06-03 06:30:00-04:00,2022-06-03 07:30:00-04:00,1.07565,1.0748,1.0,stack_break,-0.0008500000000000174,-86.50000000000173
ma3_ema9_21_50_15m_follow_pmc,long,2022-06-03 08:15:00-04:00,2022-06-03 09:45:00-04:00,1.0756800000000002,1.07477,1.0,stack_break,-0.0009100000000001884,-92.50000000001884
ma3_ema9_21_50_15m_follow_pmc,short,2022-06-03 12:15:00-04:00,2022-06-03 16:15:00-04:00,1.07307,1.07118,1.0,session_end,0.0018899999999999473,187.4999999999947
ma3_ema9_21_50_15m_follow_pmc,short,2022-06-06 03:00:00-04:00,2022-06-06 03:30:00-04:00,1.07228,1.0724300000000002,1.0,stack_break,-0.00015000000000031655,-16.500000000031655
ma3_ema9_21_50_15m_follow_pmc,long,2022-06-06 07:30:00-04:00,2022-06-06 11:30:00-04:00,1.0735000000000001,1.0728199999999999,1.0,stack_break,-0.000680000000000236,-69.50000000002359
ma3_ema9_21_50_15m_follow_pmc,short,2022-06-06 13:00:00-04:00,2022-06-06 16:15:00-04:00,1.0718599999999998,1.06979,1.0,session_end,0.0020699999999997942,205.49999999997942
ma3_ema9_21_50_15m_follow_pmc,short,2022-06-07 03:00:00-04:00,2022-06-07 04:45:00-04:00,1.0670099999999998,1.06999,1.0,stack_break,-0.0029800000000002047,-299.50000000002046
ma3_ema9_21_50_15m_follow_pmc,short,2022-06-07 05:00:00-04:00,2022-06-07 07:30:00-04:00,1.0679599999999998,1.06922,1.0,stack_break,-0.001260000000000261,-127.50000000002609
ma3_ema9_21_50_15m_follow_pmc,short,2022-06-07 10:15:00-04:00,2022-06-07 14:45:00-04:00,1.0677899999999998,1.0689600000000001,1.0,stack_break,-0.0011700000000003374,-118.50000000003374
ma3_ema9_21_50_15m_follow_pmc,short,2022-06-08 03:00:00-04:00,2022-06-08 10:00:00-04:00,1.0693,1.0706300000000002,1.0,stack_break,-0.0013300000000002754,-134.50000000002754
ma3_ema9_21_50_15m_follow_pmc,long,2022-06-08 12:00:00-04:00,2022-06-08 16:15:00-04:00,1.0735000000000001,1.07394,1.0,session_end,0.0004399999999997739,42.49999999997739
ma3_ema9_21_50_15m_follow_pmc,short,2022-06-09 03:00:00-04:00,2022-06-09 03:15:00-04:00,1.07192,1.07207,1.0,stack_break,-0.0001500000000000945,-16.50000000000945
ma3_ema9_21_50_15m_follow_pmc,short,2022-06-09 07:30:00-04:00,2022-06-09 10:45:00-04:00,1.0711099999999998,1.07206,1.0,stack_break,-0.0009500000000002284,-96.50000000002285
ma3_ema9_21_50_15m_follow_pmc,long,2022-06-09 12:30:00-04:00,2022-06-09 14:00:00-04:00,1.0743,1.06903,1.0,stack_break,-0.005270000000000108,-528.5000000000108
ma3_ema9_21_50_15m_follow_pmc,short,2022-06-09 14:15:00-04:00,2022-06-09 16:15:00-04:00,1.06811,1.0656,1.0,session_end,0.00250999999999979,249.49999999997902
ma3_ema9_21_50_15m_follow_pmc,short,2022-06-10 08:30:00-04:00,2022-06-10 16:15:00-04:00,1.06174,1.05214,1.0,session_end,0.009599999999999831,958.4999999999831
ma3_ema9_21_50_15m_follow_pmc,short,2022-06-13 03:00:00-04:00,2022-06-13 16:15:00-04:00,1.04873,1.0434800000000002,1.0,session_end,0.005249999999999755,523.4999999999754
ma3_ema9_21_50_15m_follow_pmc,short,2022-06-14 03:00:00-04:00,2022-06-14 03:30:00-04:00,1.0416999999999998,1.0421600000000002,1.0,stack_break,-0.000460000000000349,-47.5000000000349
ma3_ema9_21_50_15m_follow_pmc,short,2022-06-14 15:15:00-04:00,2022-06-14 16:15:00-04:00,1.04145,1.0414100000000002,1.0,session_end,3.999999999981796e-05,2.499999999981796
ma3_ema9_21_50_15m_follow_pmc,short,2022-06-15 13:30:00-04:00,2022-06-15 16:15:00-04:00,1.0407799999999998,1.0388700000000002,1.0,session_end,0.0019099999999996342,189.49999999996342
ma3_ema9_21_50_15m_follow_pmc,short,2022-06-16 06:15:00-04:00,2022-06-16 13:15:00-04:00,1.0429,1.0435500000000002,1.0,stack_break,-0.0006500000000002615,-66.50000000002615
ma3_ema9_21_50_15m_follow_pmc,short,2022-06-17 07:00:00-04:00,2022-06-17 16:15:00-04:00,1.05073,1.0469700000000002,1.0,session_end,0.0037599999999997635,374.49999999997635
ma3_ema9_21_50_15m_follow_pmc,short,2022-06-22 03:00:00-04:00,2022-06-22 09:30:00-04:00,1.05079,1.0516,1.0,stack_break,-0.0008100000000001994,-82.50000000001995
ma3_ema9_21_50_15m_follow_pmc,short,2022-06-23 07:45:00-04:00,2022-06-23 14:15:00-04:00,1.0513199999999998,1.0551400000000002,1.0,stack_break,-0.0038200000000003786,-383.50000000003786
ma3_ema9_21_50_15m_follow_pmc,short,2022-06-24 13:30:00-04:00,2022-06-24 13:45:00-04:00,1.0524099999999998,1.0535500000000002,1.0,stack_break,-0.001140000000000363,-115.5000000000363
ma3_ema9_21_50_15m_follow_pmc,short,2022-06-28 03:00:00-04:00,2022-06-28 06:45:00-04:00,1.0576699999999999,1.05949,1.0,stack_break,-0.0018200000000001548,-183.5000000000155
ma3_ema9_21_50_15m_follow_pmc,short,2022-06-28 12:15:00-04:00,2022-06-28 16:15:00-04:00,1.05687,1.05352,1.0,session_end,0.003349999999999964,333.4999999999964
ma3_ema9_21_50_15m_follow_pmc,short,2022-06-29 04:45:00-04:00,2022-06-29 10:00:00-04:00,1.05181,1.052,1.0,stack_break,-0.0001900000000001345,-20.50000000001345
ma3_ema9_21_50_15m_follow_pmc,short,2022-06-29 13:45:00-04:00,2022-06-29 16:15:00-04:00,1.04944,1.0475100000000002,1.0,session_end,0.0019299999999997652,191.49999999997652
ma3_ema9_21_50_15m_follow_pmc,short,2022-06-30 07:30:00-04:00,2022-06-30 15:00:00-04:00,1.04338,1.0424900000000001,1.0,stack_break,0.0008899999999998354,87.49999999998354
ma3_ema9_21_50_15m_follow_pmc,short,2022-07-01 04:45:00-04:00,2022-07-01 10:30:00-04:00,1.0448099999999998,1.0463900000000002,1.0,stack_break,-0.001580000000000359,-159.5000000000359
ma3_ema9_21_50_15m_follow_pmc,short,2022-07-01 11:45:00-04:00,2022-07-01 16:15:00-04:00,1.04507,1.0408700000000002,1.0,session_end,0.0041999999999997595,418.49999999997596
ma3_ema9_21_50_15m_follow_pmc,short,2022-07-05 07:45:00-04:00,2022-07-05 16:15:00-04:00,1.0382799999999999,1.0255800000000002,1.0,session_end,0.012699999999999712,1268.4999999999711
ma3_ema9_21_50_15m_follow_pmc,short,2022-07-06 04:45:00-04:00,2022-07-06 07:45:00-04:00,1.02511,1.02651,1.0,stack_break,-0.0014000000000000679,-141.5000000000068
ma3_ema9_21_50_15m_follow_pmc,short,2022-07-06 08:00:00-04:00,2022-07-06 08:30:00-04:00,1.02537,1.02627,1.0,stack_break,-0.0009000000000001229,-91.50000000001229
ma3_ema9_21_50_15m_follow_pmc,short,2022-07-06 09:00:00-04:00,2022-07-06 16:15:00-04:00,1.0242399999999998,1.0170800000000002,1.0,session_end,0.007159999999999611,714.4999999999611
ma3_ema9_21_50_15m_follow_pmc,short,2022-07-07 12:30:00-04:00,2022-07-07 16:15:00-04:00,1.0177699999999998,1.0158900000000002,1.0,session_end,0.0018799999999996597,186.49999999996598
ma3_ema9_21_50_15m_follow_pmc,short,2022-07-08 03:30:00-04:00,2022-07-08 11:30:00-04:00,1.01568,1.01438,1.0,stack_break,0.0012999999999998568,128.49999999998568
ma3_ema9_21_50_15m_follow_pmc,short,2022-07-11 03:00:00-04:00,2022-07-11 16:15:00-04:00,1.0146,1.0086400000000002,1.0,session_end,0.005959999999999743,594.4999999999743
ma3_ema9_21_50_15m_follow_pmc,short,2022-07-12 03:00:00-04:00,2022-07-12 11:30:00-04:00,1.00254,1.00354,1.0,stack_break,-0.001000000000000112,-101.5000000000112
ma3_ema9_21_50_15m_follow_pmc,short,2022-07-13 03:00:00-04:00,2022-07-13 03:45:00-04:00,1.0029499999999998,1.0038600000000002,1.0,stack_break,-0.0009100000000004105,-92.50000000004104
ma3_ema9_21_50_15m_follow_pmc,short,2022-07-13 07:45:00-04:00,2022-07-13 10:00:00-04:00,1.0012599999999998,1.00411,1.0,stack_break,-0.0028500000000002412,-286.5000000000241
ma3_ema9_21_50_15m_follow_pmc,short,2022-07-13 13:45:00-04:00,2022-07-13 15:00:00-04:00,1.00219,1.0075500000000002,1.0,stack_break,-0.0053600000000002535,-537.5000000000254
ma3_ema9_21_50_15m_follow_pmc,short,2022-07-14 03:00:00-04:00,2022-07-14 08:30:00-04:00,1.0024,1.0028400000000002,1.0,stack_break,-0.000440000000000218,-45.5000000000218
ma3_ema9_21_50_15m_follow_pmc,short,2022-07-14 08:45:00-04:00,2022-07-14 10:00:00-04:00,1.00233,1.0035500000000002,1.0,stack_break,-0.001220000000000221,-123.50000000002208
ma3_ema9_21_50_15m_follow_pmc,short,2022-07-14 11:15:00-04:00,2022-07-14 16:00:00-04:00,1.0012599999999998,1.00407,1.0,stack_break,-0.0028100000000002012,-282.5000000000201
ma3_ema9_21_50_15m_follow_pmc,short,2022-07-19 03:00:00-04:00,2022-07-19 05:45:00-04:00,1.01311,1.0147300000000001,1.0,stack_break,-0.0016200000000001769,-163.50000000001768
ma3_ema9_21_50_15m_follow_pmc,short,2022-07-20 11:00:00-04:00,2022-07-20 16:15:00-04:00,1.01789,1.02166,1.0,session_end,-0.003770000000000051,-378.5000000000051
ma3_ema9_21_50_15m_follow_pmc,short,2022-07-21 09:30:00-04:00,2022-07-21 12:30:00-04:00,1.01745,1.0237500000000002,1.0,stack_break,-0.006300000000000194,-631.5000000000194
ma3_ema9_21_50_15m_follow_pmc,short,2022-07-21 15:15:00-04:00,2022-07-21 16:15:00-04:00,1.019,1.0195500000000002,1.0,session_end,-0.0005500000000002725,-56.50000000002725
ma3_ema9_21_50_15m_follow_pmc,short,2022-07-22 03:15:00-04:00,2022-07-22 12:30:00-04:00,1.0196699999999999,1.0189000000000001,1.0,stack_break,0.0007699999999997154,75.49999999997154
ma3_ema9_21_50_15m_follow_pmc,short,2022-07-25 03:00:00-04:00,2022-07-25 03:15:00-04:00,1.02091,1.02085,1.0,stack_break,5.999999999994898e-05,4.499999999994898
ma3_ema9_21_50_15m_follow_pmc,short,2022-07-25 05:45:00-04:00,2022-07-25 09:00:00-04:00,1.01982,1.02176,1.0,stack_break,-0.0019400000000000528,-195.5000000000053
ma3_ema9_21_50_15m_follow_pmc,short,2022-07-26 07:15:00-04:00,2022-07-26 16:15:00-04:00,1.0210599999999999,1.0114400000000001,1.0,session_end,0.00961999999999974,960.499999999974
ma3_ema9_21_50_15m_follow_pmc,short,2022-07-27 14:45:00-04:00,2022-07-27 16:15:00-04:00,1.0109199999999998,1.0108700000000002,1.0,session_end,4.9999999999661426e-05,3.4999999999661426
ma3_ema9_21_50_15m_follow_pmc,short,2022-07-28 10:45:00-04:00,2022-07-28 16:15:00-04:00,1.0155999999999998,1.01631,1.0,session_end,-0.0007100000000002105,-72.50000000002105
ma3_ema9_21_50_15m_follow_pmc,short,2022-07-29 13:15:00-04:00,2022-07-29 16:15:00-04:00,1.0166,1.02014,1.0,session_end,-0.0035400000000000986,-355.5000000000099
ma3_ema9_21_50_15m_follow_pmc,long,2022-08-01 03:00:00-04:00,2022-08-01 06:00:00-04:00,1.0238800000000001,1.0220399999999998,1.0,stack_break,-0.0018400000000002859,-185.5000000000286
ma3_ema9_21_50_15m_follow_pmc,long,2022-08-01 07:30:00-04:00,2022-08-01 12:30:00-04:00,1.0230700000000001,1.0232899999999998,1.0,stack_break,0.0002199999999996649,20.49999999996649
ma3_ema9_21_50_15m_follow_pmc,long,2022-08-01 13:30:00-04:00,2022-08-01 16:15:00-04:00,1.0259200000000002,1.0269,1.0,session_end,0.0009799999999997588,96.49999999997588
ma3_ema9_21_50_15m_follow_pmc,long,2022-08-02 03:00:00-04:00,2022-08-02 06:30:00-04:00,1.02695,1.02555,1.0,stack_break,-0.0014000000000000679,-141.5000000000068
ma3_ema9_21_50_15m_follow_pmc,short,2022-08-02 14:15:00-04:00,2022-08-02 16:15:00-04:00,1.0204399999999998,1.0193500000000002,1.0,session_end,0.0010899999999995913,107.49999999995913
ma3_ema9_21_50_15m_follow_pmc,short,2022-08-03 07:00:00-04:00,2022-08-03 08:15:00-04:00,1.0164,1.0183900000000001,1.0,stack_break,-0.0019900000000001583,-200.50000000001583
ma3_ema9_21_50_15m_follow_pmc,short,2022-08-03 14:15:00-04:00,2022-08-03 16:15:00-04:00,1.01508,1.01427,1.0,session_end,0.0008099999999999774,79.49999999999774
ma3_ema9_21_50_15m_follow_pmc,short,2022-08-04 04:30:00-04:00,2022-08-04 05:30:00-04:00,1.0162799999999999,1.0166400000000002,1.0,stack_break,-0.00036000000000036003,-37.500000000036
ma3_ema9_21_50_15m_follow_pmc,short,2022-08-04 06:30:00-04:00,2022-08-04 07:15:00-04:00,1.0160399999999998,1.01712,1.0,stack_break,-0.001080000000000192,-109.50000000001918
ma3_ema9_21_50_15m_follow_pmc,long,2022-08-04 15:15:00-04:00,2022-08-04 16:15:00-04:00,1.02116,1.02193,1.0,session_end,0.0007699999999999374,75.49999999999375
ma3_ema9_21_50_15m_follow_pmc,long,2022-08-05 11:30:00-04:00,2022-08-05 12:45:00-04:00,1.0235400000000001,1.0170199999999998,1.0,stack_break,-0.006520000000000303,-653.5000000000304
ma3_ema9_21_50_15m_follow_pmc,short,2022-08-05 12:45:00-04:00,2022-08-05 16:15:00-04:00,1.0170199999999998,1.01672,1.0,session_end,0.0002999999999997449,28.49999999997449
ma3_ema9_21_50_15m_follow_pmc,long,2022-08-08 14:00:00-04:00,2022-08-08 16:15:00-04:00,1.02139,1.0206799999999998,1.0,session_end,-0.0007100000000002105,-72.50000000002105
ma3_ema9_21_50_15m_follow_pmc,short,2022-08-09 03:00:00-04:00,2022-08-09 03:45:00-04:00,1.0192199999999998,1.0196900000000002,1.0,stack_break,-0.00047000000000041453,-48.50000000004145
ma3_ema9_21_50_15m_follow_pmc,short,2022-08-09 05:00:00-04:00,2022-08-09 05:15:00-04:00,1.01927,1.0194500000000002,1.0,stack_break,-0.00018000000000029104,-19.500000000029104
ma3_ema9_21_50_15m_follow_pmc,long,2022-08-09 08:15:00-04:00,2022-08-09 15:45:00-04:00,1.02157,1.02226,1.0,stack_break,0.0006899999999998574,67.49999999998573
ma3_ema9_21_50_15m_follow_pmc,long,2022-08-10 06:00:00-04:00,2022-08-10 06:15:00-04:00,1.0216900000000002,1.0209499999999998,1.0,stack_break,-0.000740000000000407,-75.5000000000407
ma3_ema9_21_50_15m_follow_pmc,short,2022-08-10 06:45:00-04:00,2022-08-10 09:00:00-04:00,1.0205499999999998,1.02235,1.0,stack_break,-0.0018000000000002458,-181.50000000002458
ma3_ema9_21_50_15m_follow_pmc,long,2022-08-10 09:30:00-04:00,2022-08-10 16:15:00-04:00,1.0224700000000002,1.0333999999999999,1.0,session_end,0.010929999999999662,1091.4999999999661
ma3_ema9_21_50_15m_follow_pmc,long,2022-08-11 07:30:00-04:00,2022-08-11 16:15:00-04:00,1.03167,1.0336299999999998,1.0,session_end,0.0019599999999997397,194.49999999997397
ma3_ema9_21_50_15m_follow_pmc,short,2022-08-15 09:15:00-04:00,2022-08-15 16:15:00-04:00,1.0208,1.01837,1.0,session_end,0.002429999999999932,241.49999999999324
ma3_ema9_21_50_15m_follow_pmc,short,2022-08-16 05:15:00-04:00,2022-08-16 06:15:00-04:00,1.01582,1.0166700000000002,1.0,stack_break,-0.0008500000000002395,-86.50000000002395
ma3_ema9_21_50_15m_follow_pmc,short,2022-08-16 07:15:00-04:00,2022-08-16 13:30:00-04:00,1.01551,1.01522,1.0,stack_break,0.00028999999999990145,27.499999999990145
ma3_ema9_21_50_15m_follow_pmc,short,2022-08-17 08:00:00-04:00,2022-08-17 09:30:00-04:00,1.01527,1.0175500000000002,1.0,stack_break,-0.002280000000000282,-229.5000000000282
ma3_ema9_21_50_15m_follow_pmc,short,2022-08-17 12:00:00-04:00,2022-08-17 14:30:00-04:00,1.0154999999999998,1.01827,1.0,stack_break,-0.0027700000000001612,-278.50000000001614
ma3_ema9_21_50_15m_follow_pmc,short,2022-08-18 05:00:00-04:00,2022-08-18 10:30:00-04:00,1.01657,1.0174800000000002,1.0,stack_break,-0.0009100000000001884,-92.50000000001884
ma3_ema9_21_50_15m_follow_pmc,short,2022-08-18 13:30:00-04:00,2022-08-18 16:15:00-04:00,1.01593,1.0113500000000002,1.0,session_end,0.0045799999999998064,456.4999999999807
ma3_ema9_21_50_15m_follow_pmc,short,2022-08-19 03:00:00-04:00,2022-08-19 07:30:00-04:00,1.00819,1.00855,1.0,stack_break,-0.000360000000000138,-37.5000000000138
ma3_ema9_21_50_15m_follow_pmc,short,2022-08-19 10:15:00-04:00,2022-08-19 16:15:00-04:00,1.00683,1.00383,1.0,session_end,0.0029999999999998916,298.49999999998914
ma3_ema9_21_50_15m_follow_pmc,short,2022-08-22 03:00:00-04:00,2022-08-22 03:30:00-04:00,1.0029899999999998,1.00451,1.0,stack_break,-0.0015200000000001879,-153.5000000000188
ma3_ema9_21_50_15m_follow_pmc,short,2022-08-22 06:30:00-04:00,2022-08-22 16:15:00-04:00,1.00291,0.99351,1.0,session_end,0.009399999999999964,938.4999999999964
ma3_ema9_21_50_15m_follow_pmc,short,2022-08-23 03:00:00-04:00,2022-08-23 03:30:00-04:00,0.99388,0.9944,1.0,stack_break,-0.0005199999999999649,-53.49999999999649
ma3_ema9_21_50_15m_follow_pmc,short,2022-08-23 04:45:00-04:00,2022-08-23 09:30:00-04:00,0.99393,0.99351,1.0,stack_break,0.00041999999999997595,40.4999999999976
ma3_ema9_21_50_15m_follow_pmc,short,2022-08-23 09:45:00-04:00,2022-08-23 13:45:00-04:00,0.99236,0.99415,1.0,stack_break,-0.0017899999999999583,-180.49999999999582
ma3_ema9_21_50_15m_follow_pmc,short,2022-08-24 03:00:00-04:00,2022-08-24 10:00:00-04:00,0.99492,0.99516,1.0,stack_break,-0.00024000000000001798,-25.500000000001798
ma3_ema9_21_50_15m_follow_pmc,short,2022-08-24 10:15:00-04:00,2022-08-24 15:15:00-04:00,0.99455,0.99959,1.0,stack_break,-0.005039999999999933,-505.49999999999335
ma3_ema9_21_50_15m_follow_pmc,short,2022-08-25 13:00:00-04:00,2022-08-25 16:15:00-04:00,0.99689,0.99568,1.0,session_end,0.0012100000000000444,119.50000000000443
ma3_ema9_21_50_15m_follow_pmc,short,2022-08-26 03:00:00-04:00,2022-08-26 03:45:00-04:00,0.99685,0.99721,1.0,stack_break,-0.00036000000000002697,-37.5000000000027
ma3_ema9_21_50_15m_follow_pmc,short,2022-08-26 05:00:00-04:00,2022-08-26 08:30:00-04:00,0.99659,0.99793,1.0,stack_break,-0.0013400000000000079,-135.5000000000008
ma3_ema9_21_50_15m_follow_pmc,short,2022-08-29 03:00:00-04:00,2022-08-29 07:15:00-04:00,0.99275,0.99353,1.0,stack_break,-0.0007800000000000029,-79.50000000000028
ma3_ema9_21_50_15m_follow_pmc,short,2022-08-31 08:15:00-04:00,2022-08-31 13:30:00-04:00,1.00046,1.0008800000000002,1.0,stack_break,-0.000420000000000309,-43.5000000000309
ma3_ema9_21_50_15m_follow_pmc,short,2022-09-01 03:00:00-04:00,2022-09-01 08:15:00-04:00,1.0025099999999998,1.00313,1.0,stack_break,-0.000620000000000287,-63.5000000000287
ma3_ema9_21_50_15m_follow_pmc,short,2022-09-01 10:45:00-04:00,2022-09-01 16:15:00-04:00,1.0009899999999998,0.99539,1.0,session_end,0.005599999999999827,558.4999999999827
ma3_ema9_21_50_15m_follow_pmc,short,2022-09-05 03:00:00-04:00,2022-09-05 08:30:00-04:00,0.99067,0.99241,1.0,stack_break,-0.0017399999999999638,-175.4999999999964
ma3_ema9_21_50_15m_follow_pmc,short,2022-09-06 11:30:00-04:00,2022-09-06 16:15:00-04:00,0.99331,0.9910599999999999,1.0,session_end,0.0022500000000000853,223.50000000000853
ma3_ema9_21_50_15m_follow_pmc,short,2022-09-07 03:00:00-04:00,2022-09-07 05:30:00-04:00,0.98904,0.98992,1.0,stack_break,-0.0008799999999999919,-89.49999999999919
ma3_ema9_21_50_15m_follow_pmc,short,2022-09-07 12:15:00-04:00,2022-09-07 14:15:00-04:00,0.98798,0.99046,1.0,stack_break,-0.0024800000000000377,-249.50000000000378
ma3_ema9_21_50_15m_follow_pmc,short,2022-09-08 14:15:00-04:00,2022-09-08 16:15:00-04:00,0.99579,0.99595,1.0,session_end,-0.000160000000000049,-17.5000000000049
ma3_ema9_21_50_15m_follow_pmc,long,2022-09-09 03:00:00-04:00,2022-09-09 11:30:00-04:00,1.0070700000000001,1.00653,1.0,stack_break,-0.000540000000000207,-55.5000000000207
ma3_ema9_21_50_15m_follow_pmc,short,2022-09-09 15:45:00-04:00,2022-09-09 16:15:00-04:00,1.00342,1.00442,1.0,session_end,-0.001000000000000112,-101.5000000000112
ma3_ema9_21_50_15m_follow_pmc,long,2022-09-12 03:00:00-04:00,2022-09-12 13:15:00-04:00,1.0083300000000002,1.0132999999999999,1.0,stack_break,0.004969999999999697,495.4999999999697
ma3_ema9_21_50_15m_follow_pmc,long,2022-09-13 03:00:00-04:00,2022-09-13 05:00:00-04:00,1.0132700000000001,1.01216,1.0,stack_break,-0.0011100000000001664,-112.50000000001664
ma3_ema9_21_50_15m_follow_pmc,long,2022-09-13 05:30:00-04:00,2022-09-13 13:00:00-04:00,1.01357,1.0055999999999998,1.0,stack_break,-0.007970000000000255,-798.5000000000255
ma3_ema9_21_50_15m_follow_pmc,short,2022-09-13 13:15:00-04:00,2022-09-13 16:15:00-04:00,1.00342,0.99944,1.0,session_end,0.0039799999999999836,396.49999999999835
ma3_ema9_21_50_15m_follow_pmc,short,2022-09-14 07:00:00-04:00,2022-09-14 08:30:00-04:00,0.997,1.0000200000000001,1.0,stack_break,-0.0030200000000001337,-303.50000000001336
ma3_ema9_21_50_15m_follow_pmc,short,2022-09-14 14:30:00-04:00,2022-09-14 16:00:00-04:00,0.99813,1.0001200000000001,1.0,stack_break,-0.0019900000000001583,-200.50000000001583
ma3_ema9_21_50_15m_follow_pmc,short,2022-09-15 03:00:00-04:00,2022-09-15 08:30:00-04:00,0.99759,0.99766,1.0,stack_break,-7.00000000000145e-05,-8.50000000000145
ma3_ema9_21_50_15m_follow_pmc,short,2022-09-16 06:00:00-04:00,2022-09-16 14:30:00-04:00,0.9986700000000001,0.99937,1.0,stack_break,-0.0006999999999999229,-71.4999999999923
ma3_ema9_21_50_15m_follow_pmc,short,2022-09-19 04:30:00-04:00,2022-09-19 11:30:00-04:00,0.99963,1.0001000000000002,1.0,stack_break,-0.0004700000000001925,-48.50000000001925
ma3_ema9_21_50_15m_follow_pmc,long,2022-09-20 07:45:00-04:00,2022-09-20 08:30:00-04:00,1.00421,1.00053,1.0,stack_break,-0.0036800000000001276,-369.50000000001273
ma3_ema9_21_50_15m_follow_pmc,short,2022-09-20 09:15:00-04:00,2022-09-20 16:15:00-04:00,1.0008899999999998,0.9996,1.0,session_end,0.0012899999999997913,127.49999999997914
ma3_ema9_21_50_15m_follow_pmc,short,2022-09-21 03:00:00-04:00,2022-09-21 16:15:00-04:00,0.9966,0.98766,1.0,session_end,0.008940000000000059,892.5000000000059
ma3_ema9_21_50_15m_follow_pmc,short,2022-09-22 03:00:00-04:00,2022-09-22 05:45:00-04:00,0.98183,0.98328,1.0,stack_break,-0.0014500000000000624,-146.50000000000622
ma3_ema9_21_50_15m_follow_pmc,short,2022-09-22 07:00:00-04:00,2022-09-22 07:30:00-04:00,0.98228,0.9830099999999999,1.0,stack_break,-0.0007299999999998974,-74.49999999998974
ma3_ema9_21_50_15m_follow_pmc,short,2022-09-22 15:15:00-04:00,2022-09-22 16:15:00-04:00,0.98146,0.98408,1.0,session_end,-0.0026199999999999557,-263.49999999999557
ma3_ema9_21_50_15m_follow_pmc,short,2022-09-23 03:00:00-04:00,2022-09-23 16:15:00-04:00,0.9828,0.97159,1.0,session_end,0.011210000000000053,1119.5000000000052
ma3_ema9_21_50_15m_follow_pmc,short,2022-09-26 03:00:00-04:00,2022-09-26 07:30:00-04:00,0.9658100000000001,0.96775,1.0,stack_break,-0.0019399999999999418,-195.49999999999417
ma3_ema9_21_50_15m_follow_pmc,short,2022-09-26 10:45:00-04:00,2022-09-26 13:15:00-04:00,0.96523,0.96803,1.0,stack_break,-0.0027999999999999137,-281.49999999999136
ma3_ema9_21_50_15m_follow_pmc,short,2022-09-26 15:15:00-04:00,2022-09-26 16:15:00-04:00,0.96475,0.96217,1.0,session_end,0.0025800000000000267,256.5000000000027
ma3_ema9_21_50_15m_follow_pmc,short,2022-09-27 10:15:00-04:00,2022-09-27 12:15:00-04:00,0.96134,0.96422,1.0,stack_break,-0.0028799999999999937,-289.4999999999994
ma3_ema9_21_50_15m_follow_pmc,short,2022-09-27 13:30:00-04:00,2022-09-27 16:15:00-04:00,0.9627600000000001,0.96124,1.0,session_end,0.0015200000000000768,150.50000000000767
ma3_ema9_21_50_15m_follow_pmc,short,2022-09-28 03:00:00-04:00,2022-09-28 08:15:00-04:00,0.9553,0.9583,1.0,stack_break,-0.0030000000000000027,-301.5000000000003
ma3_ema9_21_50_15m_follow_pmc,short,2022-09-28 09:15:00-04:00,2022-09-28 10:30:00-04:00,0.95547,0.9579,1.0,stack_break,-0.002429999999999932,-244.49999999999324
ma3_ema9_21_50_15m_follow_pmc,short,2022-09-29 06:15:00-04:00,2022-09-29 10:00:00-04:00,0.96646,0.97034,1.0,stack_break,-0.0038799999999999946,-389.49999999999943
ma3_ema9_21_50_15m_follow_pmc,short,2022-09-30 11:15:00-04:00,2022-09-30 15:30:00-04:00,0.97636,0.9811,1.0,stack_break,-0.0047399999999999665,-475.49999999999665
ma3_ema9_21_50_15m_follow_pmc,long,2022-10-03 03:00:00-04:00,2022-10-03 04:45:00-04:00,0.98178,0.97957,1.0,stack_break,-0.0022099999999999342,-222.49999999999343
ma3_ema9_21_50_15m_follow_pmc,long,2022-10-03 06:15:00-04:00,2022-10-03 07:15:00-04:00,0.98268,0.97919,1.0,stack_break,-0.003489999999999993,-350.4999999999993
ma3_ema9_21_50_15m_follow_pmc,long,2022-10-03 07:45:00-04:00,2022-10-03 09:45:00-04:00,0.98117,0.97826,1.0,stack_break,-0.002909999999999968,-292.4999999999968
ma3_ema9_21_50_15m_follow_pmc,short,2022-10-03 10:00:00-04:00,2022-10-03 14:45:00-04:00,0.97645,0.98214,1.0,stack_break,-0.005689999999999973,-570.4999999999973
ma3_ema9_21_50_15m_follow_pmc,long,2022-10-03 15:30:00-04:00,2022-10-03 16:15:00-04:00,0.98387,0.98095,1.0,session_end,-0.0029200000000000337,-293.50000000000335
ma3_ema9_21_50_15m_follow_pmc,long,2022-10-04 03:30:00-04:00,2022-10-04 16:15:00-04:00,0.98306,0.99759,1.0,session_end,0.014529999999999932,1451.4999999999932
ma3_ema9_21_50_15m_follow_pmc,long,2022-10-05 07:00:00-04:00,2022-10-05 07:45:00-04:00,0.99951,0.99574,1.0,stack_break,-0.003770000000000051,-378.5000000000051
ma3_ema9_21_50_15m_follow_pmc,long,2022-10-06 03:00:00-04:00,2022-10-06 07:15:00-04:00,0.99127,0.98985,1.0,stack_break,-0.0014199999999999768,-143.49999999999767
ma3_ema9_21_50_15m_follow_pmc,short,2022-10-07 06:15:00-04:00,2022-10-07 08:30:00-04:00,0.97973,0.98073,1.0,stack_break,-0.0010000000000000009,-101.50000000000009
ma3_ema9_21_50_15m_follow_pmc,short,2022-10-07 12:00:00-04:00,2022-10-07 16:15:00-04:00,0.97928,0.97793,1.0,session_end,0.0013500000000000734,133.50000000000733
ma3_ema9_21_50_15m_follow_pmc,short,2022-10-10 04:15:00-04:00,2022-10-10 13:30:00-04:00,0.97363,0.9712,1.0,stack_break,0.0024300000000000432,241.50000000000432
ma3_ema9_21_50_15m_follow_pmc,short,2022-10-10 13:45:00-04:00,2022-10-10 14:45:00-04:00,0.97002,0.97298,1.0,stack_break,-0.0029599999999999627,-297.49999999999625
ma3_ema9_21_50_15m_follow_pmc,short,2022-10-10 15:30:00-04:00,2022-10-10 16:15:00-04:00,0.969,0.96999,1.0,session_end,-0.0009900000000000464,-100.50000000000463
ma3_ema9_21_50_15m_follow_pmc,short,2022-10-11 03:00:00-04:00,2022-10-11 07:30:00-04:00,0.96852,0.97051,1.0,stack_break,-0.0019899999999999363,-200.49999999999363
ma3_ema9_21_50_15m_follow_pmc,short,2022-10-12 03:00:00-04:00,2022-10-12 04:45:00-04:00,0.96849,0.97134,1.0,stack_break,-0.002850000000000019,-286.50000000000193
ma3_ema9_21_50_15m_follow_pmc,short,2022-10-12 10:15:00-04:00,2022-10-12 11:15:00-04:00,0.97066,0.97178,1.0,stack_break,-0.0011200000000000099,-113.500000000001
ma3_ema9_21_50_15m_follow_pmc,short,2022-10-12 12:00:00-04:00,2022-10-12 16:15:00-04:00,0.97081,0.96905,1.0,session_end,0.0017599999999999838,174.49999999999838
ma3_ema9_21_50_15m_follow_pmc,short,2022-10-13 04:30:00-04:00,2022-10-13 05:15:00-04:00,0.97007,0.97037,1.0,stack_break,-0.00029999999999996696,-31.499999999996696
ma3_ema9_21_50_15m_follow_pmc,short,2022-10-13 06:15:00-04:00,2022-10-13 09:00:00-04:00,0.96987,0.97045,1.0,stack_break,-0.0005800000000000249,-59.500000000002494
ma3_ema9_21_50_15m_follow_pmc,short,2022-10-13 13:15:00-04:00,2022-10-13 15:30:00-04:00,0.96594,0.97394,1.0,stack_break,-0.008000000000000007,-801.5000000000007
ma3_ema9_21_50_15m_follow_pmc,short,2022-10-14 09:00:00-04:00,2022-10-14 13:30:00-04:00,0.97543,0.97883,1.0,stack_break,-0.0033999999999999586,-341.49999999999585
ma3_ema9_21_50_15m_follow_pmc,short,2022-10-14 14:00:00-04:00,2022-10-14 15:30:00-04:00,0.97332,0.9754,1.0,stack_break,-0.002080000000000082,-209.50000000000819
ma3_ema9_21_50_15m_follow_pmc,short,2022-10-14 16:00:00-04:00,2022-10-14 16:15:00-04:00,0.97352,0.97411,1.0,session_end,-0.0005899999999999794,-60.49999999999794
ma3_ema9_21_50_15m_follow_pmc,long,2022-10-17 15:00:00-04:00,2022-10-17 16:15:00-04:00,0.98048,0.98395,1.0,session_end,0.003469999999999973,345.4999999999973
ma3_ema9_21_50_15m_follow_pmc,long,2022-10-18 04:30:00-04:00,2022-10-18 09:15:00-04:00,0.98493,0.98349,1.0,stack_break,-0.0014399999999999968,-145.4999999999997
ma3_ema9_21_50_15m_follow_pmc,short,2022-10-19 10:45:00-04:00,2022-10-19 16:15:00-04:00,0.97945,0.97743,1.0,session_end,0.0020200000000000218,200.5000000000022
ma3_ema9_21_50_15m_follow_pmc,short,2022-10-20 03:00:00-04:00,2022-10-20 05:15:00-04:00,0.97596,0.9778,1.0,stack_break,-0.0018399999999999528,-185.49999999999528
ma3_ema9_21_50_15m_follow_pmc,long,2022-10-20 11:15:00-04:00,2022-10-20 16:15:00-04:00,0.98066,0.98149,1.0,session_end,0.0008299999999999974,81.49999999999974
ma3_ema9_21_50_15m_follow_pmc,short,2022-10-21 03:00:00-04:00,2022-10-21 07:45:00-04:00,0.97765,0.97973,1.0,stack_break,-0.0020799999999999708,-209.49999999999707
ma3_ema9_21_50_15m_follow_pmc,short,2022-10-21 09:15:00-04:00,2022-10-21 14:00:00-04:00,0.97545,0.97828,1.0,stack_break,-0.002829999999999999,-284.49999999999994
ma3_ema9_21_50_15m_follow_pmc,long,2022-10-21 15:00:00-04:00,2022-10-21 16:15:00-04:00,0.9805699999999999,0.98563,1.0,session_end,0.0050600000000000644,504.5000000000064
ma3_ema9_21_50_15m_follow_pmc,long,2022-10-24 06:15:00-04:00,2022-10-24 08:15:00-04:00,0.98463,0.98297,1.0,stack_break,-0.0016599999999999948,-167.4999999999995
ma3_ema9_21_50_15m_follow_pmc,long,2022-10-24 14:00:00-04:00,2022-10-24 16:15:00-04:00,0.9855,0.98727,1.0,session_end,0.0017699999999999383,175.49999999999383
ma3_ema9_21_50_15m_follow_pmc,long,2022-10-25 03:00:00-04:00,2022-10-25 05:00:00-04:00,0.98846,0.988,1.0,stack_break,-0.00046000000000001595,-47.50000000000159
ma3_ema9_21_50_15m_follow_pmc,long,2022-10-25 13:45:00-04:00,2022-10-25 16:15:00-04:00,0.99362,0.99558,1.0,session_end,0.001960000000000073,194.50000000000728
ma3_ema9_21_50_15m_follow_pmc,long,2022-10-26 05:45:00-04:00,2022-10-26 16:15:00-04:00,0.99605,1.00697,1.0,session_end,0.01091999999999993,1090.499999999993
ma3_ema9_21_50_15m_follow_pmc,long,2022-10-27 06:00:00-04:00,2022-10-27 06:45:00-04:00,1.0082200000000001,1.00644,1.0,stack_break,-0.0017800000000001148,-179.50000000001148
ma3_ema9_21_50_15m_follow_pmc,long,2022-10-31 04:30:00-04:00,2022-10-31 06:15:00-04:00,0.99625,0.99477,1.0,stack_break,-0.0014799999999999258,-149.49999999999258
ma3_ema9_21_50_15m_follow_pmc,long,2022-11-01 04:15:00-04:00,2022-11-01 14:30:00-04:00,0.99041,0.99034,1.0,stack_break,-7.00000000000145e-05,-8.50000000000145
ma3_ema9_21_50_15m_follow_pmc,short,2022-11-01 15:30:00-04:00,2022-11-01 16:15:00-04:00,0.98716,0.98725,1.0,session_end,-8.999999999992347e-05,-10.499999999992347
ma3_ema9_21_50_15m_follow_pmc,long,2022-11-02 04:15:00-04:00,2022-11-02 06:30:00-04:00,0.98934,0.98795,1.0,stack_break,-0.0013900000000000023,-140.50000000000023
ma3_ema9_21_50_15m_follow_pmc,short,2022-11-02 06:45:00-04:00,2022-11-02 08:45:00-04:00,0.98785,0.99051,1.0,stack_break,-0.0026599999999999957,-267.49999999999955
ma3_ema9_21_50_15m_follow_pmc,long,2022-11-02 09:00:00-04:00,2022-11-02 14:30:00-04:00,0.99033,0.98838,1.0,stack_break,-0.0019500000000000073,-196.50000000000074
ma3_ema9_21_50_15m_follow_pmc,short,2022-11-02 15:15:00-04:00,2022-11-02 16:15:00-04:00,0.98699,0.9872,1.0,session_end,-0.00020999999999993246,-22.499999999993246
ma3_ema9_21_50_15m_follow_pmc,short,2022-11-03 04:00:00-04:00,2022-11-03 04:15:00-04:00,0.98259,0.98305,1.0,stack_break,-0.00046000000000001595,-47.50000000000159
ma3_ema9_21_50_15m_follow_pmc,short,2022-11-03 06:15:00-04:00,2022-11-03 15:00:00-04:00,0.9823500000000001,0.97866,1.0,stack_break,0.003690000000000082,367.5000000000082
ma3_ema9_21_50_15m_follow_pmc,long,2022-11-04 14:30:00-04:00,2022-11-04 16:15:00-04:00,0.99062,0.98946,1.0,session_end,-0.0011599999999999389,-117.49999999999389
ma3_ema9_21_50_15m_follow_pmc,long,2022-11-07 03:00:00-05:00,2022-11-07 08:00:00-05:00,0.99336,0.9929,1.0,stack_break,-0.00046000000000001595,-47.50000000000159
ma3_ema9_21_50_15m_follow_pmc,long,2022-11-07 08:30:00-05:00,2022-11-07 16:15:00-05:00,0.99526,0.99984,1.0,session_end,0.0045799999999999175,456.49999999999176
ma3_ema9_21_50_15m_follow_pmc,long,2022-11-08 15:30:00-05:00,2022-11-08 16:15:00-05:00,1.00496,1.0066599999999999,1.0,session_end,0.0016999999999998128,168.49999999998127
ma3_ema9_21_50_15m_follow_pmc,long,2022-11-09 03:00:00-05:00,2022-11-09 05:00:00-05:00,1.00798,1.0070999999999999,1.0,stack_break,-0.0008800000000002139,-89.5000000000214
ma3_ema9_21_50_15m_follow_pmc,long,2022-11-09 08:45:00-05:00,2022-11-09 09:30:00-05:00,1.00844,1.0056699999999998,1.0,stack_break,-0.0027700000000001612,-278.50000000001614
ma3_ema9_21_50_15m_follow_pmc,long,2022-11-10 06:00:00-05:00,2022-11-10 07:45:00-05:00,1.00347,1.0004,1.0,stack_break,-0.003070000000000128,-308.50000000001285
ma3_ema9_21_50_15m_follow_pmc,long,2022-11-10 14:30:00-05:00,2022-11-10 16:15:00-05:00,1.01346,1.01761,1.0,session_end,0.004149999999999876,413.4999999999876
ma3_ema9_21_50_15m_follow_pmc,long,2022-11-11 03:15:00-05:00,2022-11-11 04:30:00-05:00,1.01919,1.0179399999999998,1.0,stack_break,-0.0012500000000001954,-126.50000000001954
ma3_ema9_21_50_15m_follow_pmc,long,2022-11-11 05:00:00-05:00,2022-11-11 16:15:00-05:00,1.0187700000000002,1.03264,1.0,session_end,0.013869999999999827,1385.4999999999827
ma3_ema9_21_50_15m_follow_pmc,long,2022-11-14 08:30:00-05:00,2022-11-14 10:30:00-05:00,1.03444,1.0291899999999998,1.0,stack_break,-0.005250000000000199,-526.5000000000199
ma3_ema9_21_50_15m_follow_pmc,long,2022-11-14 16:00:00-05:00,2022-11-14 16:15:00-05:00,1.0327400000000002,1.03297,1.0,session_end,0.00022999999999973042,21.499999999973042
ma3_ema9_21_50_15m_follow_pmc,long,2022-11-15 06:45:00-05:00,2022-11-15 16:00:00-05:00,1.0336400000000001,1.03816,1.0,stack_break,0.0045199999999998575,450.49999999998573
ma3_ema9_21_50_15m_follow_pmc,long,2022-11-16 06:15:00-05:00,2022-11-16 14:15:00-05:00,1.0378,1.0392599999999999,1.0,stack_break,0.0014599999999997948,144.49999999997948
ma3_ema9_21_50_15m_follow_pmc,long,2022-11-17 09:00:00-05:00,2022-11-17 10:00:00-05:00,1.0396400000000001,1.0366399999999998,1.0,stack_break,-0.0030000000000003357,-301.5000000000336
ma3_ema9_21_50_15m_follow_pmc,long,2022-11-18 03:00:00-05:00,2022-11-18 06:45:00-05:00,1.03681,1.0365199999999999,1.0,stack_break,-0.0002900000000001235,-30.50000000001235
ma3_ema9_21_50_15m_follow_pmc,long,2022-11-18 07:15:00-05:00,2022-11-18 08:45:00-05:00,1.0377500000000002,1.03476,1.0,stack_break,-0.0029900000000002702,-300.500000000027
ma3_ema9_21_50_15m_follow_pmc,long,2022-11-18 10:00:00-05:00,2022-11-18 13:15:00-05:00,1.0390300000000001,1.03571,1.0,stack_break,-0.0033200000000002117,-333.50000000002115
ma3_ema9_21_50_15m_follow_pmc,long,2022-11-18 13:45:00-05:00,2022-11-18 14:30:00-05:00,1.0379800000000001,1.03569,1.0,stack_break,-0.0022900000000001253,-230.50000000001253
ma3_ema9_21_50_15m_follow_pmc,long,2022-11-22 03:00:00-05:00,2022-11-22 06:15:00-05:00,1.0259800000000001,1.02538,1.0,stack_break,-0.000600000000000156,-61.500000000015596
ma3_ema9_21_50_15m_follow_pmc,long,2022-11-22 08:15:00-05:00,2022-11-22 13:00:00-05:00,1.0266700000000002,1.0258399999999999,1.0,stack_break,-0.0008300000000003305,-84.50000000003305
ma3_ema9_21_50_15m_follow_pmc,long,2022-11-22 13:15:00-05:00,2022-11-22 14:15:00-05:00,1.0272700000000001,1.0261699999999998,1.0,stack_break,-0.001100000000000323,-111.50000000003229
ma3_ema9_21_50_15m_follow_pmc,long,2022-11-22 15:45:00-05:00,2022-11-22 16:15:00-05:00,1.02818,1.0283,1.0,session_end,0.00011999999999989797,10.499999999989797
ma3_ema9_21_50_15m_follow_pmc,long,2022-11-23 03:00:00-05:00,2022-11-23 09:45:00-05:00,1.0317800000000001,1.03138,1.0,stack_break,-0.000400000000000178,-41.5000000000178
ma3_ema9_21_50_15m_follow_pmc,long,2022-11-23 13:30:00-05:00,2022-11-23 16:15:00-05:00,1.03247,1.03721,1.0,session_end,0.0047399999999999665,472.49999999999665
ma3_ema9_21_50_15m_follow_pmc,long,2022-11-24 03:00:00-05:00,2022-11-24 08:15:00-05:00,1.0430400000000002,1.0413299999999999,1.0,stack_break,-0.0017100000000003224,-172.50000000003223
ma3_ema9_21_50_15m_follow_pmc,long,2022-11-24 14:15:00-05:00,2022-11-24 16:15:00-05:00,1.04262,1.0408899999999999,1.0,session_end,-0.0017300000000002314,-174.50000000002314
ma3_ema9_21_50_15m_follow_pmc,long,2022-11-25 04:00:00-05:00,2022-11-25 06:45:00-05:00,1.0415800000000002,1.0409899999999999,1.0,stack_break,-0.0005900000000003125,-60.50000000003125
ma3_ema9_21_50_15m_follow_pmc,long,2022-11-25 07:00:00-05:00,2022-11-25 10:00:00-05:00,1.0418900000000002,1.0400099999999999,1.0,stack_break,-0.0018800000000003259,-189.50000000003257
ma3_ema9_21_50_15m_follow_pmc,long,2022-11-28 09:00:00-05:00,2022-11-28 15:15:00-05:00,1.0425900000000001,1.0428,1.0,stack_break,0.00020999999999982144,19.499999999982144
ma3_ema9_21_50_15m_follow_pmc,long,2022-11-29 05:30:00-05:00,2022-11-29 08:30:00-05:00,1.0387600000000001,1.03608,1.0,stack_break,-0.0026800000000002377,-269.50000000002376
ma3_ema9_21_50_15m_follow_pmc,long,2022-11-29 09:00:00-05:00,2022-11-29 10:15:00-05:00,1.03848,1.0364799999999998,1.0,stack_break,-0.002000000000000224,-201.5000000000224
ma3_ema9_21_50_15m_follow_pmc,long,2022-11-29 10:30:00-05:00,2022-11-29 12:45:00-05:00,1.03854,1.03659,1.0,stack_break,-0.0019500000000001183,-196.50000000001182
ma3_ema9_21_50_15m_follow_pmc,long,2022-11-30 04:30:00-05:00,2022-11-30 15:45:00-05:00,1.0351400000000002,1.0337299999999998,1.0,stack_break,-0.0014100000000003554,-142.50000000003553
ma3_ema9_21_50_15m_follow_pmc,long,2022-12-01 03:00:00-05:00,2022-12-01 08:15:00-05:00,1.04254,1.0398399999999999,1.0,stack_break,-0.0027000000000001467,-271.50000000001467
ma3_ema9_21_50_15m_follow_pmc,long,2022-12-01 09:45:00-05:00,2022-12-01 10:00:00-05:00,1.04397,1.0431599999999999,1.0,stack_break,-0.0008100000000001994,-82.50000000001995
ma3_ema9_21_50_15m_follow_pmc,long,2022-12-01 10:15:00-05:00,2022-12-01 11:15:00-05:00,1.0443300000000002,1.0418699999999999,1.0,stack_break,-0.002460000000000351,-247.50000000003507
ma3_ema9_21_50_15m_follow_pmc,long,2022-12-01 12:30:00-05:00,2022-12-01 16:15:00-05:00,1.0440800000000001,1.0484499999999999,1.0,session_end,0.004369999999999763,435.4999999999763
ma3_ema9_21_50_15m_follow_pmc,long,2022-12-02 04:00:00-05:00,2022-12-02 10:30:00-05:00,1.0522500000000001,1.05182,1.0,stack_break,-0.0004300000000001525,-44.50000000001525
ma3_ema9_21_50_15m_follow_pmc,long,2022-12-02 10:45:00-05:00,2022-12-02 11:00:00-05:00,1.05274,1.05199,1.0,stack_break,-0.0007500000000000284,-76.50000000000284
ma3_ema9_21_50_15m_follow_pmc,long,2022-12-02 11:30:00-05:00,2022-12-02 13:45:00-05:00,1.0533700000000001,1.04724,1.0,stack_break,-0.006130000000000191,-614.5000000000191
ma3_ema9_21_50_15m_follow_pmc,long,2022-12-05 03:00:00-05:00,2022-12-05 07:45:00-05:00,1.05678,1.05588,1.0,stack_break,-0.0009000000000001229,-91.50000000001229
ma3_ema9_21_50_15m_follow_pmc,long,2022-12-05 12:30:00-05:00,2022-12-05 15:15:00-05:00,1.0563500000000001,1.0517599999999998,1.0,stack_break,-0.004590000000000316,-460.5000000000316
ma3_ema9_21_50_15m_follow_pmc,long,2022-12-06 12:15:00-05:00,2022-12-06 15:30:00-05:00,1.05162,1.0491,1.0,stack_break,-0.0025200000000000777,-253.5000000000078
ma3_ema9_21_50_15m_follow_pmc,long,2022-12-07 10:45:00-05:00,2022-12-07 16:15:00-05:00,1.04845,1.0504099999999998,1.0,session_end,0.0019599999999997397,194.49999999997397
ma3_ema9_21_50_15m_follow_pmc,long,2022-12-08 07:15:00-05:00,2022-12-08 10:15:00-05:00,1.05152,1.0494199999999998,1.0,stack_break,-0.002100000000000213,-211.5000000000213
ma3_ema9_21_50_15m_follow_pmc,long,2022-12-08 12:45:00-05:00,2022-12-08 16:15:00-05:00,1.05162,1.05443,1.0,session_end,0.002809999999999979,279.4999999999979
ma3_ema9_21_50_15m_follow_pmc,long,2022-12-09 03:00:00-05:00,2022-12-09 08:15:00-05:00,1.0571300000000001,1.0566499999999999,1.0,stack_break,-0.000480000000000258,-49.5000000000258
ma3_ema9_21_50_15m_follow_pmc,long,2022-12-12 09:30:00-05:00,2022-12-12 16:15:00-05:00,1.0549000000000002,1.05179,1.0,session_end,-0.003110000000000168,-312.5000000000168
ma3_ema9_21_50_15m_follow_pmc,long,2022-12-13 03:00:00-05:00,2022-12-13 04:15:00-05:00,1.0550300000000001,1.0533299999999999,1.0,stack_break,-0.0017000000000002569,-171.5000000000257
ma3_ema9_21_50_15m_follow_pmc,long,2022-12-13 06:15:00-05:00,2022-12-13 09:45:00-05:00,1.05501,1.05355,1.0,stack_break,-0.0014600000000000168,-147.50000000000168
ma3_ema9_21_50_15m_follow_pmc,long,2022-12-13 13:30:00-05:00,2022-12-13 16:15:00-05:00,1.0546000000000002,1.06392,1.0,session_end,0.009319999999999773,930.4999999999773
ma3_ema9_21_50_15m_follow_pmc,long,2022-12-14 03:00:00-05:00,2022-12-14 03:30:00-05:00,1.0628700000000002,1.06236,1.0,stack_break,-0.0005100000000002325,-52.50000000002325
ma3_ema9_21_50_15m_follow_pmc,long,2022-12-14 06:30:00-05:00,2022-12-14 08:00:00-05:00,1.06335,1.06216,1.0,stack_break,-0.0011900000000000244,-120.50000000000244
ma3_ema9_21_50_15m_follow_pmc,long,2022-12-14 08:45:00-05:00,2022-12-14 14:30:00-05:00,1.0638100000000001,1.0639599999999998,1.0,stack_break,0.0001499999999996504,13.499999999965041
ma3_ema9_21_50_15m_follow_pmc,long,2022-12-14 15:45:00-05:00,2022-12-14 16:15:00-05:00,1.06528,1.06483,1.0,session_end,-0.00045000000000006146,-46.500000000006146
ma3_ema9_21_50_15m_follow_pmc,long,2022-12-15 14:45:00-05:00,2022-12-15 16:15:00-05:00,1.07075,1.0651,1.0,session_end,-0.005650000000000155,-566.5000000000155
ma3_ema9_21_50_15m_follow_pmc,long,2022-12-16 03:00:00-05:00,2022-12-16 08:30:00-05:00,1.06563,1.06382,1.0,stack_break,-0.0018100000000000893,-182.50000000000892
ma3_ema9_21_50_15m_follow_pmc,long,2022-12-19 06:45:00-05:00,2022-12-19 11:30:00-05:00,1.06186,1.0609899999999999,1.0,stack_break,-0.0008700000000001484,-88.50000000001484
ma3_ema9_21_50_15m_follow_pmc,long,2022-12-20 03:30:00-05:00,2022-12-20 05:30:00-05:00,1.0645,1.06012,1.0,stack_break,-0.0043800000000000505,-439.50000000000506
ma3_ema9_21_50_15m_follow_pmc,long,2022-12-20 09:15:00-05:00,2022-12-20 13:30:00-05:00,1.06319,1.0598599999999998,1.0,stack_break,-0.003330000000000277,-334.50000000002774
ma3_ema9_21_50_15m_follow_pmc,long,2022-12-20 15:30:00-05:00,2022-12-20 16:15:00-05:00,1.0652700000000002,1.06365,1.0,session_end,-0.0016200000000001769,-163.50000000001768
ma3_ema9_21_50_15m_follow_pmc,long,2022-12-21 08:15:00-05:00,2022-12-21 11:00:00-05:00,1.06328,1.0615299999999999,1.0,stack_break,-0.0017500000000001403,-176.50000000001404
ma3_ema9_21_50_15m_follow_pmc,long,2022-12-21 13:30:00-05:00,2022-12-21 15:00:00-05:00,1.0636500000000002,1.0604099999999999,1.0,stack_break,-0.0032400000000003537,-325.50000000003536
ma3_ema9_21_50_15m_follow_pmc,long,2022-12-22 03:00:00-05:00,2022-12-22 09:30:00-05:00,1.0630400000000002,1.0632499999999998,1.0,stack_break,0.0002099999999995994,19.49999999995994
ma3_ema9_21_50_15m_follow_pmc,long,2022-12-22 10:15:00-05:00,2022-12-22 11:15:00-05:00,1.06461,1.0625399999999998,1.0,stack_break,-0.0020700000000002383,-208.50000000002382
ma3_ema9_21_50_15m_follow_pmc,long,2022-12-23 03:45:00-05:00,2022-12-23 09:30:00-05:00,1.06095,1.06032,1.0,stack_break,-0.0006300000000001305,-64.50000000001305
ma3_ema9_21_50_15m_follow_pmc,long,2022-12-23 10:30:00-05:00,2022-12-23 15:00:00-05:00,1.06172,1.06019,1.0,stack_break,-0.0015300000000000313,-154.50000000000313
ma3_ema9_21_50_15m_follow_pmc,long,2022-12-23 15:45:00-05:00,2022-12-23 16:15:00-05:00,1.0629600000000001,1.06141,1.0,session_end,-0.0015500000000001624,-156.50000000001623
ma3_ema9_21_50_15m_follow_pmc,long,2022-12-26 03:15:00-05:00,2022-12-26 09:00:00-05:00,1.0617800000000002,1.0615199999999998,1.0,stack_break,-0.00026000000000037105,-27.500000000037105
ma3_ema9_21_50_15m_follow_pmc,long,2022-12-26 11:45:00-05:00,2022-12-26 13:15:00-05:00,1.06254,1.0623399999999998,1.0,stack_break,-0.00020000000000020002,-21.500000000020002
ma3_ema9_21_50_15m_follow_pmc,long,2022-12-26 13:30:00-05:00,2022-12-26 15:45:00-05:00,1.06312,1.06235,1.0,stack_break,-0.0007700000000001594,-78.50000000001594
ma3_ema9_21_50_15m_follow_pmc,long,2022-12-27 03:00:00-05:00,2022-12-27 13:00:00-05:00,1.06475,1.06449,1.0,stack_break,-0.000260000000000149,-27.5000000000149
ma3_ema9_21_50_15m_follow_pmc,long,2022-12-28 06:00:00-05:00,2022-12-28 09:15:00-05:00,1.0645,1.0635999999999999,1.0,stack_break,-0.0009000000000001229,-91.50000000001229
ma3_ema9_21_50_15m_follow_pmc,long,2022-12-28 12:45:00-05:00,2022-12-28 14:15:00-05:00,1.0649600000000001,1.0638599999999998,1.0,stack_break,-0.001100000000000323,-111.50000000003229
ma3_ema9_21_50_15m_follow_pmc,long,2022-12-28 14:30:00-05:00,2022-12-28 16:15:00-05:00,1.0648000000000002,1.0616599999999998,1.0,session_end,-0.0031400000000003647,-315.5000000000365
ma3_ema9_21_50_15m_follow_pmc,long,2022-12-29 09:15:00-05:00,2022-12-29 16:15:00-05:00,1.0634800000000002,1.06628,1.0,session_end,0.0027999999999996916,278.4999999999692
ma3_ema9_21_50_15m_follow_pmc,long,2022-12-30 10:30:00-05:00,2022-12-30 14:30:00-05:00,1.06621,1.0661299999999998,1.0,stack_break,-8.000000000030205e-05,-9.500000000030205
ma3_ema9_21_50_15m_follow_pmc,long,2022-12-30 14:45:00-05:00,2022-12-30 16:15:00-05:00,1.0676700000000001,1.06733,1.0,session_end,-0.000340000000000229,-35.5000000000229
ma3_ema9_21_50_15m_follow_pmc,short,2023-01-02 08:00:00-05:00,2023-01-02 16:15:00-05:00,1.0681699999999998,1.06596,1.0,session_end,0.0022099999999998232,219.49999999998232
ma3_ema9_21_50_15m_follow_pmc,short,2023-01-03 06:30:00-05:00,2023-01-03 15:00:00-05:00,1.0665399999999998,1.0589600000000001,1.0,stack_break,0.007579999999999698,756.4999999999698
ma3_ema9_21_50_15m_follow_pmc,short,2023-01-05 13:30:00-05:00,2023-01-05 16:15:00-05:00,1.0587799999999998,1.05203,1.0,session_end,0.006749999999999812,673.4999999999811
ma3_ema9_21_50_15m_follow_pmc,short,2023-01-06 05:30:00-05:00,2023-01-06 14:15:00-05:00,1.0518699999999999,1.0537100000000001,1.0,stack_break,-0.0018400000000002859,-185.5000000000286
ma3_ema9_21_50_15m_follow_pmc,long,2023-01-09 13:45:00-05:00,2023-01-09 16:15:00-05:00,1.072,1.0739599999999998,1.0,session_end,0.0019599999999997397,194.49999999997397
ma3_ema9_21_50_15m_follow_pmc,long,2023-01-10 05:45:00-05:00,2023-01-10 07:30:00-05:00,1.07396,1.07242,1.0,stack_break,-0.0015400000000000968,-155.5000000000097
ma3_ema9_21_50_15m_follow_pmc,long,2023-01-10 08:30:00-05:00,2023-01-10 12:15:00-05:00,1.0738500000000002,1.07314,1.0,stack_break,-0.0007100000000002105,-72.50000000002105
ma3_ema9_21_50_15m_follow_pmc,long,2023-01-10 15:00:00-05:00,2023-01-10 16:15:00-05:00,1.07417,1.0727,1.0,session_end,-0.0014700000000000824,-148.50000000000824
ma3_ema9_21_50_15m_follow_pmc,long,2023-01-11 05:30:00-05:00,2023-01-11 09:15:00-05:00,1.0741,1.0727099999999998,1.0,stack_break,-0.0013900000000002244,-140.50000000002245
ma3_ema9_21_50_15m_follow_pmc,long,2023-01-11 10:30:00-05:00,2023-01-11 12:45:00-05:00,1.0746,1.0733199999999998,1.0,stack_break,-0.0012800000000001699,-129.500000000017
ma3_ema9_21_50_15m_follow_pmc,long,2023-01-11 14:00:00-05:00,2023-01-11 16:15:00-05:00,1.07501,1.07524,1.0,session_end,0.00022999999999995246,21.499999999995246
ma3_ema9_21_50_15m_follow_pmc,long,2023-01-12 03:00:00-05:00,2023-01-12 07:00:00-05:00,1.0767300000000002,1.07602,1.0,stack_break,-0.0007100000000002105,-72.50000000002105
ma3_ema9_21_50_15m_follow_pmc,long,2023-01-12 11:30:00-05:00,2023-01-12 13:45:00-05:00,1.0764900000000002,1.0738899999999998,1.0,stack_break,-0.00260000000000038,-261.50000000003797
ma3_ema9_21_50_15m_follow_pmc,long,2023-01-12 14:00:00-05:00,2023-01-12 16:15:00-05:00,1.0787600000000002,1.08045,1.0,session_end,0.0016899999999997473,167.49999999997473
ma3_ema9_21_50_15m_follow_pmc,long,2023-01-13 08:30:00-05:00,2023-01-13 11:00:00-05:00,1.0849600000000001,1.08412,1.0,stack_break,-0.0008400000000001739,-85.5000000000174
ma3_ema9_21_50_15m_follow_pmc,long,2023-01-16 03:00:00-05:00,2023-01-16 07:00:00-05:00,1.0869300000000002,1.08388,1.0,stack_break,-0.003050000000000219,-306.50000000002194
ma3_ema9_21_50_15m_follow_pmc,long,2023-01-17 05:15:00-05:00,2023-01-17 07:30:00-05:00,1.0826300000000002,1.08174,1.0,stack_break,-0.0008900000000002795,-90.50000000002794
ma3_ema9_21_50_15m_follow_pmc,long,2023-01-17 08:15:00-05:00,2023-01-17 09:45:00-05:00,1.08308,1.0818899999999998,1.0,stack_break,-0.0011900000000002464,-120.50000000002464
ma3_ema9_21_50_15m_follow_pmc,long,2023-01-17 12:45:00-05:00,2023-01-17 16:00:00-05:00,1.0843,1.07964,1.0,stack_break,-0.0046600000000001085,-467.50000000001086
ma3_ema9_21_50_15m_follow_pmc,long,2023-01-18 08:15:00-05:00,2023-01-18 16:15:00-05:00,1.08275,1.08316,1.0,session_end,0.0004099999999997994,39.49999999997994
ma3_ema9_21_50_15m_follow_pmc,long,2023-01-19 08:45:00-05:00,2023-01-19 14:00:00-05:00,1.08227,1.0806699999999998,1.0,stack_break,-0.0016000000000002679,-161.50000000002677
ma3_ema9_21_50_15m_follow_pmc,long,2023-01-20 03:00:00-05:00,2023-01-20 04:45:00-05:00,1.0839,1.08306,1.0,stack_break,-0.0008400000000001739,-85.5000000000174
ma3_ema9_21_50_15m_follow_pmc,long,2023-01-20 07:45:00-05:00,2023-01-20 12:00:00-05:00,1.0839100000000002,1.0829499999999999,1.0,stack_break,-0.000960000000000294,-97.50000000002939
ma3_ema9_21_50_15m_follow_pmc,long,2023-01-23 03:00:00-05:00,2023-01-23 11:45:00-05:00,1.08948,1.0889399999999998,1.0,stack_break,-0.000540000000000207,-55.5000000000207
ma3_ema9_21_50_15m_follow_pmc,long,2023-01-24 03:00:00-05:00,2023-01-24 09:30:00-05:00,1.08806,1.087,1.0,stack_break,-0.001060000000000061,-107.50000000000608
ma3_ema9_21_50_15m_follow_pmc,long,2023-01-25 03:00:00-05:00,2023-01-25 08:15:00-05:00,1.0898700000000001,1.0878199999999998,1.0,stack_break,-0.0020500000000003293,-206.50000000003294
ma3_ema9_21_50_15m_follow_pmc,long,2023-01-25 15:45:00-05:00,2023-01-25 16:15:00-05:00,1.0909900000000001,1.09008,1.0,session_end,-0.0009100000000001884,-92.50000000001884
ma3_ema9_21_50_15m_follow_pmc,long,2023-01-26 03:00:00-05:00,2023-01-26 04:00:00-05:00,1.0914100000000002,1.09127,1.0,stack_break,-0.00014000000000025103,-15.500000000025103
ma3_ema9_21_50_15m_follow_pmc,long,2023-01-26 05:00:00-05:00,2023-01-26 05:15:00-05:00,1.09158,1.09114,1.0,stack_break,-0.00043999999999999595,-45.499999999999595
ma3_ema9_21_50_15m_follow_pmc,long,2023-01-26 06:30:00-05:00,2023-01-26 09:15:00-05:00,1.0920100000000001,1.0904399999999999,1.0,stack_break,-0.0015700000000002934,-158.50000000002933
ma3_ema9_21_50_15m_follow_pmc,long,2023-01-27 11:15:00-05:00,2023-01-27 12:45:00-05:00,1.08902,1.0872899999999999,1.0,stack_break,-0.0017300000000002314,-174.50000000002314
ma3_ema9_21_50_15m_follow_pmc,long,2023-01-30 03:00:00-05:00,2023-01-30 03:30:00-05:00,1.0870600000000001,1.08665,1.0,stack_break,-0.0004100000000002435,-42.50000000002435
ma3_ema9_21_50_15m_follow_pmc,long,2023-01-30 04:15:00-05:00,2023-01-30 06:30:00-05:00,1.0875000000000001,1.08629,1.0,stack_break,-0.0012100000000001554,-122.50000000001555
ma3_ema9_21_50_15m_follow_pmc,long,2023-01-30 08:45:00-05:00,2023-01-30 14:45:00-05:00,1.0883900000000002,1.0884699999999998,1.0,stack_break,7.999999999963592e-05,6.499999999963592
ma3_ema9_21_50_15m_follow_pmc,long,2023-01-30 15:00:00-05:00,2023-01-30 15:15:00-05:00,1.0897800000000002,1.0891099999999998,1.0,stack_break,-0.0006700000000003925,-68.50000000003925
ma3_ema9_21_50_15m_follow_pmc,long,2023-01-31 15:00:00-05:00,2023-01-31 16:15:00-05:00,1.0846300000000002,1.0859899999999998,1.0,session_end,0.0013599999999995838,134.4999999999584
ma3_ema9_21_50_15m_follow_pmc,long,2023-02-01 04:30:00-05:00,2023-02-01 16:15:00-05:00,1.08664,1.0916,1.0,session_end,0.004959999999999853,494.49999999998533
ma3_ema9_21_50_15m_follow_pmc,long,2023-02-02 03:00:00-05:00,2023-02-02 07:30:00-05:00,1.1017800000000002,1.10076,1.0,stack_break,-0.001020000000000243,-103.5000000000243
ma3_ema9_21_50_15m_follow_pmc,long,2023-02-03 10:45:00-05:00,2023-02-03 13:45:00-05:00,1.09312,1.0857999999999999,1.0,stack_break,-0.007320000000000215,-733.5000000000215
ma3_ema9_21_50_15m_follow_pmc,short,2023-02-03 14:15:00-05:00,2023-02-03 16:15:00-05:00,1.08343,1.08556,1.0,session_end,-0.0021300000000001873,-214.50000000001873
ma3_ema9_21_50_15m_follow_pmc,short,2023-02-06 03:00:00-05:00,2023-02-06 04:45:00-05:00,1.07873,1.0797700000000001,1.0,stack_break,-0.001040000000000152,-105.50000000001519
ma3_ema9_21_50_15m_follow_pmc,short,2023-02-06 07:00:00-05:00,2023-02-06 16:15:00-05:00,1.07887,1.07305,1.0,session_end,0.005819999999999936,580.4999999999936
ma3_ema9_21_50_15m_follow_pmc,short,2023-02-07 08:00:00-05:00,2023-02-07 16:15:00-05:00,1.0727799999999998,1.06926,1.0,session_end,0.0035199999999997456,350.49999999997453
ma3_ema9_21_50_15m_follow_pmc,short,2023-02-08 15:15:00-05:00,2023-02-08 16:15:00-05:00,1.0718999999999999,1.0724200000000002,1.0,session_end,-0.000520000000000298,-53.5000000000298
ma3_ema9_21_50_15m_follow_pmc,short,2023-02-10 03:00:00-05:00,2023-02-10 07:45:00-05:00,1.0730499999999998,1.0733300000000001,1.0,stack_break,-0.00028000000000028,-29.500000000028002
ma3_ema9_21_50_15m_follow_pmc,short,2023-02-10 10:00:00-05:00,2023-02-10 16:15:00-05:00,1.0721399999999999,1.0677100000000002,1.0,session_end,0.004429999999999712,441.4999999999712
ma3_ema9_21_50_15m_follow_pmc,short,2023-02-13 03:00:00-05:00,2023-02-13 06:45:00-05:00,1.0660999999999998,1.06749,1.0,stack_break,-0.0013900000000002244,-140.50000000002245
ma3_ema9_21_50_15m_follow_pmc,short,2023-02-15 03:00:00-05:00,2023-02-15 09:30:00-05:00,1.07236,1.0728300000000002,1.0,stack_break,-0.0004700000000001925,-48.50000000001925
ma3_ema9_21_50_15m_follow_pmc,short,2023-02-15 12:15:00-05:00,2023-02-15 16:15:00-05:00,1.0711799999999998,1.06756,1.0,session_end,0.0036199999999997345,360.49999999997345
ma3_ema9_21_50_15m_follow_pmc,short,2023-02-16 13:45:00-05:00,2023-02-16 16:15:00-05:00,1.0689499999999998,1.0673400000000002,1.0,session_end,0.0016099999999996673,159.49999999996672
ma3_ema9_21_50_15m_follow_pmc,short,2023-02-17 03:00:00-05:00,2023-02-17 14:30:00-05:00,1.0651799999999998,1.06508,1.0,stack_break,9.999999999976694e-05,8.499999999976694
ma3_ema9_21_50_15m_follow_pmc,short,2023-02-20 13:30:00-05:00,2023-02-20 15:15:00-05:00,1.06738,1.0690400000000002,1.0,stack_break,-0.0016600000000002169,-167.50000000002169
ma3_ema9_21_50_15m_follow_pmc,short,2023-02-21 03:00:00-05:00,2023-02-21 08:30:00-05:00,1.06673,1.068,1.0,stack_break,-0.0012700000000001044,-128.50000000001043
ma3_ema9_21_50_15m_follow_pmc,short,2023-02-21 09:15:00-05:00,2023-02-21 15:00:00-05:00,1.06605,1.0662600000000002,1.0,stack_break,-0.00021000000000026553,-22.500000000026553
ma3_ema9_21_50_15m_follow_pmc,short,2023-02-21 15:15:00-05:00,2023-02-21 15:45:00-05:00,1.0645799999999999,1.06793,1.0,stack_break,-0.003350000000000186,-336.50000000001864
ma3_ema9_21_50_15m_follow_pmc,short,2023-02-22 08:45:00-05:00,2023-02-22 14:15:00-05:00,1.0654199999999998,1.06485,1.0,stack_break,0.0005699999999997374,55.49999999997374
ma3_ema9_21_50_15m_follow_pmc,short,2023-02-23 08:15:00-05:00,2023-02-23 13:15:00-05:00,1.0613899999999998,1.06166,1.0,stack_break,-0.0002700000000002145,-28.50000000002145
ma3_ema9_21_50_15m_follow_pmc,short,2023-02-23 15:30:00-05:00,2023-02-23 16:15:00-05:00,1.0600299999999998,1.0597400000000001,1.0,session_end,0.0002899999999996794,27.49999999996794
ma3_ema9_21_50_15m_follow_pmc,short,2023-02-24 07:15:00-05:00,2023-02-24 16:15:00-05:00,1.0594899999999998,1.05431,1.0,session_end,0.00517999999999974,516.4999999999741
ma3_ema9_21_50_15m_follow_pmc,short,2023-02-27 03:45:00-05:00,2023-02-27 08:30:00-05:00,1.05452,1.0555800000000002,1.0,stack_break,-0.001060000000000283,-107.5000000000283
ma3_ema9_21_50_15m_follow_pmc,short,2023-02-28 05:30:00-05:00,2023-02-28 08:30:00-05:00,1.0586399999999998,1.0599,1.0,stack_break,-0.001260000000000261,-127.50000000002609
ma3_ema9_21_50_15m_follow_pmc,long,2023-03-01 06:45:00-05:00,2023-03-01 16:15:00-05:00,1.0602900000000002,1.0667399999999998,1.0,session_end,0.006449999999999623,643.4999999999623
ma3_ema9_21_50_15m_follow_pmc,long,2023-03-03 04:15:00-05:00,2023-03-03 12:30:00-05:00,1.06081,1.0610099999999998,1.0,stack_break,0.00019999999999975593,18.499999999975593
ma3_ema9_21_50_15m_follow_pmc,long,2023-03-03 14:00:00-05:00,2023-03-03 15:30:00-05:00,1.06248,1.06059,1.0,stack_break,-0.0018900000000001693,-190.50000000001694
ma3_ema9_21_50_15m_follow_pmc,long,2023-03-06 03:00:00-05:00,2023-03-06 10:00:00-05:00,1.0644,1.06358,1.0,stack_break,-0.0008200000000000429,-83.50000000000429
ma3_ema9_21_50_15m_follow_pmc,long,2023-03-06 13:30:00-05:00,2023-03-06 16:15:00-05:00,1.06481,1.0676299999999999,1.0,session_end,0.0028199999999998226,280.49999999998226
ma3_ema9_21_50_15m_follow_pmc,long,2023-03-07 03:00:00-05:00,2023-03-07 06:45:00-05:00,1.0692000000000002,1.06822,1.0,stack_break,-0.000980000000000203,-99.5000000000203
ma3_ema9_21_50_15m_follow_pmc,short,2023-03-08 03:00:00-05:00,2023-03-08 08:15:00-05:00,1.0537999999999998,1.0545000000000002,1.0,stack_break,-0.000700000000000367,-71.50000000003669
ma3_ema9_21_50_15m_follow_pmc,short,2023-03-08 11:45:00-05:00,2023-03-08 13:00:00-05:00,1.0536299999999998,1.0542200000000002,1.0,stack_break,-0.0005900000000003125,-60.50000000003125
ma3_ema9_21_50_15m_follow_pmc,short,2023-03-09 03:00:00-05:00,2023-03-09 04:00:00-05:00,1.05429,1.05505,1.0,stack_break,-0.0007600000000000939,-77.5000000000094
ma3_ema9_21_50_15m_follow_pmc,long,2023-03-09 11:30:00-05:00,2023-03-09 16:15:00-05:00,1.0577800000000002,1.0567,1.0,session_end,-0.001080000000000192,-109.50000000001918
ma3_ema9_21_50_15m_follow_pmc,long,2023-03-10 03:00:00-05:00,2023-03-10 06:15:00-05:00,1.05898,1.0586099999999998,1.0,stack_break,-0.0003700000000002035,-38.50000000002035
ma3_ema9_21_50_15m_follow_pmc,long,2023-03-10 07:45:00-05:00,2023-03-10 08:30:00-05:00,1.05939,1.05795,1.0,stack_break,-0.0014400000000001079,-145.5000000000108
ma3_ema9_21_50_15m_follow_pmc,long,2023-03-10 09:15:00-05:00,2023-03-10 10:15:00-05:00,1.0593000000000001,1.05818,1.0,stack_break,-0.001120000000000232,-113.50000000002319
ma3_ema9_21_50_15m_follow_pmc,long,2023-03-10 10:45:00-05:00,2023-03-10 12:30:00-05:00,1.06,1.05856,1.0,stack_break,-0.0014400000000001079,-145.5000000000108
ma3_ema9_21_50_15m_follow_pmc,long,2023-03-10 13:15:00-05:00,2023-03-10 13:30:00-05:00,1.0594400000000002,1.0586,1.0,stack_break,-0.0008400000000001739,-85.5000000000174
ma3_ema9_21_50_15m_follow_pmc,long,2023-03-10 13:45:00-05:00,2023-03-10 16:15:00-05:00,1.0624600000000002,1.0684099999999999,1.0,session_end,0.005949999999999678,593.4999999999678
ma3_ema9_21_50_15m_follow_pmc,long,2023-03-13 04:00:00-04:00,2023-03-13 09:15:00-04:00,1.07265,1.07035,1.0,stack_break,-0.0023000000000001908,-231.50000000001907
ma3_ema9_21_50_15m_follow_pmc,long,2023-03-13 14:30:00-04:00,2023-03-13 16:15:00-04:00,1.07163,1.07323,1.0,session_end,0.0015999999999998238,158.49999999998238
ma3_ema9_21_50_15m_follow_pmc,long,2023-03-14 12:00:00-04:00,2023-03-14 16:15:00-04:00,1.07277,1.0722099999999999,1.0,session_end,-0.000560000000000116,-57.500000000011596
ma3_ema9_21_50_15m_follow_pmc,long,2023-03-15 04:00:00-04:00,2023-03-15 06:15:00-04:00,1.0752000000000002,1.0737299999999999,1.0,stack_break,-0.0014700000000003044,-148.50000000003044
ma3_ema9_21_50_15m_follow_pmc,short,2023-03-15 12:30:00-04:00,2023-03-15 16:15:00-04:00,1.0574,1.05363,1.0,session_end,0.003769999999999829,375.4999999999829
ma3_ema9_21_50_15m_follow_pmc,long,2023-03-16 05:00:00-04:00,2023-03-16 13:00:00-04:00,1.05994,1.0591599999999999,1.0,stack_break,-0.000780000000000225,-79.5000000000225
ma3_ema9_21_50_15m_follow_pmc,short,2023-03-16 14:45:00-04:00,2023-03-16 16:15:00-04:00,1.0574999999999999,1.0620800000000001,1.0,session_end,-0.0045800000000002505,-459.50000000002507
ma3_ema9_21_50_15m_follow_pmc,long,2023-03-17 04:00:00-04:00,2023-03-17 10:30:00-04:00,1.0641800000000001,1.0635,1.0,stack_break,-0.000680000000000236,-69.50000000002359
ma3_ema9_21_50_15m_follow_pmc,long,2023-03-20 11:00:00-04:00,2023-03-20 16:15:00-04:00,1.0699500000000002,1.07202,1.0,session_end,0.0020699999999997942,205.49999999997942
ma3_ema9_21_50_15m_follow_pmc,long,2023-03-21 08:30:00-04:00,2023-03-21 16:15:00-04:00,1.07315,1.07697,1.0,session_end,0.0038199999999999346,380.49999999999346
ma3_ema9_21_50_15m_follow_pmc,long,2023-03-22 04:00:00-04:00,2023-03-22 05:00:00-04:00,1.0770600000000001,1.0769199999999999,1.0,stack_break,-0.00014000000000025103,-15.500000000025103
ma3_ema9_21_50_15m_follow_pmc,long,2023-03-22 06:00:00-04:00,2023-03-22 07:00:00-04:00,1.0773100000000002,1.07663,1.0,stack_break,-0.000680000000000236,-69.50000000002359
ma3_ema9_21_50_15m_follow_pmc,long,2023-03-22 09:00:00-04:00,2023-03-22 14:30:00-04:00,1.0782,1.0779299999999998,1.0,stack_break,-0.0002700000000002145,-28.50000000002145
ma3_ema9_21_50_15m_follow_pmc,long,2023-03-22 15:00:00-04:00,2023-03-22 16:15:00-04:00,1.0787600000000002,1.07921,1.0,session_end,0.0004499999999998394,43.49999999998394
ma3_ema9_21_50_15m_follow_pmc,long,2023-03-23 04:00:00-04:00,2023-03-23 09:45:00-04:00,1.0900200000000002,1.08845,1.0,stack_break,-0.0015700000000002934,-158.50000000002933
ma3_ema9_21_50_15m_follow_pmc,long,2023-03-23 14:45:00-04:00,2023-03-23 15:00:00-04:00,1.08942,1.0882399999999999,1.0,stack_break,-0.001180000000000181,-119.50000000001809
ma3_ema9_21_50_15m_follow_pmc,long,2023-03-23 15:15:00-04:00,2023-03-23 16:15:00-04:00,1.0894300000000001,1.0888,1.0,session_end,-0.0006300000000001305,-64.50000000001305
ma3_ema9_21_50_15m_follow_pmc,long,2023-03-27 04:45:00-04:00,2023-03-27 05:00:00-04:00,1.0771000000000002,1.07655,1.0,stack_break,-0.0005500000000002725,-56.50000000002725
ma3_ema9_21_50_15m_follow_pmc,long,2023-03-27 12:00:00-04:00,2023-03-27 16:15:00-04:00,1.0776100000000002,1.0789099999999998,1.0,session_end,0.0012999999999996348,128.49999999996348
ma3_ema9_21_50_15m_follow_pmc,long,2023-03-28 03:00:00-04:00,2023-03-28 16:15:00-04:00,1.08152,1.08428,1.0,session_end,0.0027599999999998737,274.4999999999874
ma3_ema9_21_50_15m_follow_pmc,long,2023-03-29 03:00:00-04:00,2023-03-29 03:15:00-04:00,1.084,1.0837599999999998,1.0,stack_break,-0.00024000000000024002,-25.500000000024002
ma3_ema9_21_50_15m_follow_pmc,long,2023-03-29 10:15:00-04:00,2023-03-29 14:00:00-04:00,1.086,1.0843299999999998,1.0,stack_break,-0.0016700000000002824,-168.50000000002825
ma3_ema9_21_50_15m_follow_pmc,long,2023-03-30 08:00:00-04:00,2023-03-30 16:15:00-04:00,1.08553,1.0897299999999999,1.0,session_end,0.0041999999999997595,418.49999999997596
ma3_ema9_21_50_15m_follow_pmc,long,2023-03-31 03:00:00-04:00,2023-03-31 03:45:00-04:00,1.0908200000000001,1.0904099999999999,1.0,stack_break,-0.0004100000000002435,-42.50000000002435
ma3_ema9_21_50_15m_follow_pmc,short,2023-04-03 03:00:00-04:00,2023-04-03 07:15:00-04:00,1.0802299999999998,1.0816700000000001,1.0,stack_break,-0.00144000000000033,-145.500000000033
ma3_ema9_21_50_15m_follow_pmc,long,2023-04-03 09:30:00-04:00,2023-04-03 16:15:00-04:00,1.08505,1.08883,1.0,session_end,0.0037799999999998946,376.4999999999894
ma3_ema9_21_50_15m_follow_pmc,long,2023-04-04 07:00:00-04:00,2023-04-04 12:15:00-04:00,1.09047,1.08971,1.0,stack_break,-0.0007600000000000939,-77.5000000000094
ma3_ema9_21_50_15m_follow_pmc,long,2023-04-04 14:30:00-04:00,2023-04-04 16:15:00-04:00,1.09426,1.09509,1.0,session_end,0.0008299999999998864,81.49999999998863
ma3_ema9_21_50_15m_follow_pmc,long,2023-04-05 03:00:00-04:00,2023-04-05 04:30:00-04:00,1.09641,1.09541,1.0,stack_break,-0.001000000000000112,-101.5000000000112
ma3_ema9_21_50_15m_follow_pmc,long,2023-04-05 08:00:00-04:00,2023-04-05 08:15:00-04:00,1.09586,1.0946999999999998,1.0,stack_break,-0.001160000000000272,-117.5000000000272
ma3_ema9_21_50_15m_follow_pmc,long,2023-04-06 11:45:00-04:00,2023-04-06 13:30:00-04:00,1.0911600000000001,1.0888799999999998,1.0,stack_break,-0.002280000000000282,-229.5000000000282
ma3_ema9_21_50_15m_follow_pmc,long,2023-04-06 15:00:00-04:00,2023-04-06 16:15:00-04:00,1.09129,1.09266,1.0,session_end,0.0013699999999998713,135.49999999998712
ma3_ema9_21_50_15m_follow_pmc,long,2023-04-07 03:15:00-04:00,2023-04-07 04:45:00-04:00,1.09214,1.0917999999999999,1.0,stack_break,-0.000340000000000229,-35.5000000000229
ma3_ema9_21_50_15m_follow_pmc,long,2023-04-10 08:30:00-04:00,2023-04-10 11:45:00-04:00,1.0914000000000001,1.0887699999999998,1.0,stack_break,-0.0026300000000003543,-264.5000000000354
ma3_ema9_21_50_15m_follow_pmc,short,2023-04-10 14:15:00-04:00,2023-04-10 16:15:00-04:00,1.08324,1.08409,1.0,session_end,-0.0008500000000000174,-86.50000000000173
ma3_ema9_21_50_15m_follow_pmc,long,2023-04-11 03:00:00-04:00,2023-04-11 16:15:00-04:00,1.0881800000000001,1.09035,1.0,session_end,0.002169999999999783,215.49999999997831
ma3_ema9_21_50_15m_follow_pmc,long,2023-04-12 03:00:00-04:00,2023-04-12 12:15:00-04:00,1.09223,1.0921699999999999,1.0,stack_break,-6.000000000017103e-05,-7.500000000017103
ma3_ema9_21_50_15m_follow_pmc,long,2023-04-12 12:45:00-04:00,2023-04-12 16:15:00-04:00,1.09677,1.0985399999999998,1.0,session_end,0.0017699999999998273,175.49999999998272
ma3_ema9_21_50_15m_follow_pmc,long,2023-04-13 03:00:00-04:00,2023-04-13 03:30:00-04:00,1.09965,1.0983299999999998,1.0,stack_break,-0.00132000000000021,-133.50000000002098
ma3_ema9_21_50_15m_follow_pmc,long,2023-04-13 07:45:00-04:00,2023-04-13 16:15:00-04:00,1.09986,1.10526,1.0,session_end,0.005399999999999849,538.499999999985
ma3_ema9_21_50_15m_follow_pmc,long,2023-04-14 03:00:00-04:00,2023-04-14 08:30:00-04:00,1.10681,1.10561,1.0,stack_break,-0.0012000000000000899,-121.50000000000898
ma3_ema9_21_50_15m_follow_pmc,long,2023-04-18 06:00:00-04:00,2023-04-18 13:30:00-04:00,1.0941200000000002,1.0952,1.0,stack_break,0.0010799999999997478,106.49999999997479
ma3_ema9_21_50_15m_follow_pmc,long,2023-04-20 03:00:00-04:00,2023-04-20 12:30:00-04:00,1.0958700000000001,1.0938899999999998,1.0,stack_break,-0.001980000000000315,-199.5000000000315
ma3_ema9_21_50_15m_follow_pmc,long,2023-04-20 13:15:00-04:00,2023-04-20 16:15:00-04:00,1.0977000000000001,1.0969,1.0,session_end,-0.0008000000000001339,-81.50000000001339
ma3_ema9_21_50_15m_follow_pmc,long,2023-04-21 11:45:00-04:00,2023-04-21 15:00:00-04:00,1.0974000000000002,1.0960699999999999,1.0,stack_break,-0.0013300000000002754,-134.50000000002754
ma3_ema9_21_50_15m_follow_pmc,long,2023-04-21 15:30:00-04:00,2023-04-21 16:15:00-04:00,1.09752,1.09726,1.0,session_end,-0.000260000000000149,-27.5000000000149
ma3_ema9_21_50_15m_follow_pmc,long,2023-04-24 03:00:00-04:00,2023-04-24 03:15:00-04:00,1.0988300000000002,1.0980999999999999,1.0,stack_break,-0.0007300000000003415,-74.50000000003415
ma3_ema9_21_50_15m_follow_pmc,long,2023-04-24 09:00:00-04:00,2023-04-24 16:15:00-04:00,1.09929,1.1025999999999998,1.0,session_end,0.003309999999999702,329.4999999999702
ma3_ema9_21_50_15m_follow_pmc,long,2023-04-25 03:00:00-04:00,2023-04-25 05:30:00-04:00,1.1053300000000001,1.10519,1.0,stack_break,-0.00014000000000025103,-15.500000000025103
ma3_ema9_21_50_15m_follow_pmc,long,2023-04-26 07:00:00-04:00,2023-04-26 16:15:00-04:00,1.10027,1.10489,1.0,session_end,0.0046199999999998465,460.49999999998465
ma3_ema9_21_50_15m_follow_pmc,long,2023-04-27 03:00:00-04:00,2023-04-27 08:15:00-04:00,1.1052700000000002,1.10483,1.0,stack_break,-0.000440000000000218,-45.5000000000218
ma3_ema9_21_50_15m_follow_pmc,long,2023-04-27 09:15:00-04:00,2023-04-27 09:45:00-04:00,1.10528,1.10473,1.0,stack_break,-0.0005500000000000504,-56.500000000005045
ma3_ema9_21_50_15m_follow_pmc,long,2023-04-28 15:30:00-04:00,2023-04-28 16:15:00-04:00,1.10355,1.10378,1.0,session_end,0.00022999999999995246,21.499999999995246
ma3_ema9_21_50_15m_follow_pmc,short,2023-05-01 03:00:00-04:00,2023-05-01 04:45:00-04:00,1.10059,1.10135,1.0,stack_break,-0.0007600000000000939,-77.5000000000094
ma3_ema9_21_50_15m_follow_pmc,short,2023-05-01 05:15:00-04:00,2023-05-01 11:00:00-04:00,1.10052,1.1006200000000002,1.0,stack_break,-0.00010000000000021103,-11.500000000021103
ma3_ema9_21_50_15m_follow_pmc,long,2023-05-01 12:45:00-04:00,2023-05-01 14:45:00-04:00,1.10146,1.09842,1.0,stack_break,-0.0030400000000001537,-305.50000000001535
ma3_ema9_21_50_15m_follow_pmc,short,2023-05-01 15:00:00-04:00,2023-05-01 16:15:00-04:00,1.09781,1.09684,1.0,session_end,0.0009699999999999154,95.49999999999153
ma3_ema9_21_50_15m_follow_pmc,short,2023-05-02 09:15:00-04:00,2023-05-02 15:00:00-04:00,1.09733,1.0991700000000002,1.0,stack_break,-0.0018400000000002859,-185.5000000000286
ma3_ema9_21_50_15m_follow_pmc,long,2023-05-03 03:00:00-04:00,2023-05-03 16:15:00-04:00,1.1024900000000002,1.10472,1.0,session_end,0.002229999999999732,221.49999999997323
ma3_ema9_21_50_15m_follow_pmc,long,2023-05-04 03:00:00-04:00,2023-05-04 07:30:00-04:00,1.1083100000000001,1.1070399999999998,1.0,stack_break,-0.0012700000000003264,-128.50000000003263
ma3_ema9_21_50_15m_follow_pmc,short,2023-05-04 14:30:00-04:00,2023-05-04 16:15:00-04:00,1.10075,1.1011300000000002,1.0,session_end,-0.000380000000000269,-39.5000000000269
ma3_ema9_21_50_15m_follow_pmc,long,2023-05-05 03:15:00-04:00,2023-05-05 08:30:00-04:00,1.1032300000000002,1.1027399999999998,1.0,stack_break,-0.0004900000000003235,-50.50000000003235
ma3_ema9_21_50_15m_follow_pmc,short,2023-05-05 12:15:00-04:00,2023-05-05 16:00:00-04:00,1.10076,1.1020500000000002,1.0,stack_break,-0.0012900000000002354,-130.50000000002353
ma3_ema9_21_50_15m_follow_pmc,long,2023-05-08 03:00:00-04:00,2023-05-08 09:45:00-04:00,1.1036100000000002,1.1031099999999998,1.0,stack_break,-0.000500000000000389,-51.5000000000389
ma3_ema9_21_50_15m_follow_pmc,long,2023-05-08 11:00:00-04:00,2023-05-08 12:30:00-04:00,1.10474,1.1032499999999998,1.0,stack_break,-0.0014900000000002134,-150.50000000002134
ma3_ema9_21_50_15m_follow_pmc,short,2023-05-09 03:00:00-04:00,2023-05-09 06:45:00-04:00,1.09896,1.0999,1.0,stack_break,-0.0009400000000001629,-95.50000000001629
ma3_ema9_21_50_15m_follow_pmc,short,2023-05-09 07:45:00-04:00,2023-05-09 16:15:00-04:00,1.0981599999999998,1.0951700000000002,1.0,session_end,0.002989999999999604,297.49999999996044
ma3_ema9_21_50_15m_follow_pmc,short,2023-05-10 08:45:00-04:00,2023-05-10 13:00:00-04:00,1.0955499999999998,1.09931,1.0,stack_break,-0.0037600000000002076,-377.50000000002075
ma3_ema9_21_50_15m_follow_pmc,short,2023-05-11 05:15:00-04:00,2023-05-11 06:00:00-04:00,1.0975,1.0982,1.0,stack_break,-0.000700000000000145,-71.5000000000145
ma3_ema9_21_50_15m_follow_pmc,short,2023-05-11 06:15:00-04:00,2023-05-11 16:15:00-04:00,1.09771,1.09169,1.0,session_end,0.006019999999999914,600.4999999999915
ma3_ema9_21_50_15m_follow_pmc,short,2023-05-12 08:45:00-04:00,2023-05-12 16:15:00-04:00,1.09117,1.08555,1.0,session_end,0.005619999999999958,560.4999999999958
ma3_ema9_21_50_15m_follow_pmc,short,2023-05-16 07:00:00-04:00,2023-05-16 07:30:00-04:00,1.08714,1.08813,1.0,stack_break,-0.0009900000000000464,-100.50000000000463
ma3_ema9_21_50_15m_follow_pmc,short,2023-05-16 14:30:00-04:00,2023-05-16 16:15:00-04:00,1.0861699999999999,1.08651,1.0,session_end,-0.000340000000000229,-35.5000000000229
ma3_ema9_21_50_15m_follow_pmc,short,2023-05-17 04:30:00-04:00,2023-05-17 16:15:00-04:00,1.0862999999999998,1.08301,1.0,session_end,0.003289999999999793,327.4999999999793
ma3_ema9_21_50_15m_follow_pmc,short,2023-05-18 05:15:00-04:00,2023-05-18 16:15:00-04:00,1.08316,1.07782,1.0,session_end,0.0053399999999999,532.49999999999
ma3_ema9_21_50_15m_follow_pmc,short,2023-05-19 03:00:00-04:00,2023-05-19 06:30:00-04:00,1.0765799999999999,1.07831,1.0,stack_break,-0.0017300000000002314,-174.50000000002314
ma3_ema9_21_50_15m_follow_pmc,short,2023-05-22 08:45:00-04:00,2023-05-22 09:45:00-04:00,1.0800699999999999,1.0818500000000002,1.0,stack_break,-0.0017800000000003369,-179.50000000003368
ma3_ema9_21_50_15m_follow_pmc,short,2023-05-22 15:15:00-04:00,2023-05-22 16:15:00-04:00,1.0798999999999999,1.0806,1.0,session_end,-0.000700000000000145,-71.5000000000145
ma3_ema9_21_50_15m_follow_pmc,short,2023-05-23 03:00:00-04:00,2023-05-23 16:15:00-04:00,1.0806099999999998,1.0770600000000001,1.0,session_end,0.00354999999999972,353.49999999997203
ma3_ema9_21_50_15m_follow_pmc,short,2023-05-24 10:30:00-04:00,2023-05-24 12:45:00-04:00,1.0756199999999998,1.07912,1.0,stack_break,-0.0035000000000002807,-351.5000000000281
ma3_ema9_21_50_15m_follow_pmc,short,2023-05-24 14:45:00-04:00,2023-05-24 16:15:00-04:00,1.0763699999999998,1.0758500000000002,1.0,session_end,0.0005199999999996319,50.49999999996319
ma3_ema9_21_50_15m_follow_pmc,short,2023-05-25 03:00:00-04:00,2023-05-25 16:15:00-04:00,1.07429,1.07234,1.0,session_end,0.0019499999999998963,193.49999999998963
ma3_ema9_21_50_15m_follow_pmc,short,2023-05-26 15:00:00-04:00,2023-05-26 16:15:00-04:00,1.0708799999999998,1.0715400000000002,1.0,session_end,-0.000660000000000327,-67.5000000000327
ma3_ema9_21_50_15m_follow_pmc,short,2023-05-29 09:30:00-04:00,2023-05-29 16:15:00-04:00,1.0713899999999998,1.0713100000000002,1.0,session_end,7.999999999963592e-05,6.499999999963592
ma3_ema9_21_50_15m_follow_pmc,short,2023-05-30 04:30:00-04:00,2023-05-30 09:45:00-04:00,1.07059,1.07176,1.0,stack_break,-0.0011700000000001154,-118.50000000001154
ma3_ema9_21_50_15m_follow_pmc,short,2023-05-31 03:00:00-04:00,2023-05-31 12:30:00-04:00,1.07043,1.06871,1.0,stack_break,0.0017199999999999438,170.49999999999437
ma3_ema9_21_50_15m_follow_pmc,short,2023-05-31 14:30:00-04:00,2023-05-31 16:15:00-04:00,1.0663699999999998,1.0652300000000001,1.0,session_end,0.0011399999999996968,112.49999999996967
ma3_ema9_21_50_15m_follow_pmc,short,2023-06-01 06:45:00-04:00,2023-06-01 09:45:00-04:00,1.06792,1.0692000000000002,1.0,stack_break,-0.0012800000000001699,-129.500000000017
ma3_ema9_21_50_15m_follow_pmc,long,2023-06-01 10:15:00-04:00,2023-06-01 16:15:00-04:00,1.07095,1.0749799999999998,1.0,session_end,0.004029999999999756,401.4999999999756
ma3_ema9_21_50_15m_follow_pmc,long,2023-06-02 03:00:00-04:00,2023-06-02 08:30:00-04:00,1.07648,1.0762099999999999,1.0,stack_break,-0.0002700000000002145,-28.50000000002145
ma3_ema9_21_50_15m_follow_pmc,long,2023-06-02 09:00:00-04:00,2023-06-02 10:00:00-04:00,1.07711,1.0763399999999999,1.0,stack_break,-0.0007700000000001594,-78.50000000001594
ma3_ema9_21_50_15m_follow_pmc,long,2023-06-02 10:30:00-04:00,2023-06-02 12:00:00-04:00,1.07719,1.0764999999999998,1.0,stack_break,-0.0006900000000003015,-70.50000000003016
ma3_ema9_21_50_15m_follow_pmc,short,2023-06-05 06:45:00-04:00,2023-06-05 14:30:00-04:00,1.06921,1.0716100000000002,1.0,stack_break,-0.0024000000000001798,-241.50000000001796
ma3_ema9_21_50_15m_follow_pmc,long,2023-06-05 15:15:00-04:00,2023-06-05 16:15:00-04:00,1.07119,1.07185,1.0,session_end,0.0006599999999998829,64.49999999998829
ma3_ema9_21_50_15m_follow_pmc,long,2023-06-06 03:00:00-04:00,2023-06-06 08:00:00-04:00,1.0717100000000002,1.0710799999999998,1.0,stack_break,-0.0006300000000003525,-64.50000000003524
ma3_ema9_21_50_15m_follow_pmc,short,2023-06-06 10:15:00-04:00,2023-06-06 16:15:00-04:00,1.0690499999999998,1.06946,1.0,session_end,-0.0004100000000002435,-42.50000000002435
ma3_ema9_21_50_15m_follow_pmc,short,2023-06-07 04:00:00-04:00,2023-06-07 09:30:00-04:00,1.06921,1.06955,1.0,stack_break,-0.00034000000000000696,-35.500000000000696
ma3_ema9_21_50_15m_follow_pmc,long,2023-06-07 10:45:00-04:00,2023-06-07 16:00:00-04:00,1.0708300000000002,1.0700299999999998,1.0,stack_break,-0.000800000000000356,-81.5000000000356
ma3_ema9_21_50_15m_follow_pmc,long,2023-06-08 03:00:00-04:00,2023-06-08 08:00:00-04:00,1.07075,1.07076,1.0,stack_break,9.999999999843467e-06,-0.5000000000156533
ma3_ema9_21_50_15m_follow_pmc,long,2023-06-08 08:15:00-04:00,2023-06-08 16:15:00-04:00,1.07139,1.0777599999999998,1.0,session_end,0.006369999999999765,635.4999999999765
ma3_ema9_21_50_15m_follow_pmc,long,2023-06-12 08:15:00-04:00,2023-06-12 14:00:00-04:00,1.0770600000000001,1.07551,1.0,stack_break,-0.0015500000000001624,-156.50000000001623
ma3_ema9_21_50_15m_follow_pmc,long,2023-06-13 03:00:00-04:00,2023-06-13 14:30:00-04:00,1.07729,1.0783299999999998,1.0,stack_break,0.0010399999999997078,102.49999999997078
ma3_ema9_21_50_15m_follow_pmc,long,2023-06-13 15:30:00-04:00,2023-06-13 15:45:00-04:00,1.0806600000000002,1.07921,1.0,stack_break,-0.0014500000000001734,-146.50000000001734
ma3_ema9_21_50_15m_follow_pmc,long,2023-06-14 03:00:00-04:00,2023-06-14 04:15:00-04:00,1.0795400000000002,1.0789099999999998,1.0,stack_break,-0.0006300000000003525,-64.50000000003524
ma3_ema9_21_50_15m_follow_pmc,long,2023-06-14 09:15:00-04:00,2023-06-14 16:15:00-04:00,1.0802800000000001,1.0855899999999998,1.0,session_end,0.005309999999999704,529.4999999999704
ma3_ema9_21_50_15m_follow_pmc,long,2023-06-15 09:30:00-04:00,2023-06-15 16:15:00-04:00,1.0842100000000001,1.09327,1.0,session_end,0.009059999999999846,904.4999999999845
ma3_ema9_21_50_15m_follow_pmc,long,2023-06-16 06:30:00-04:00,2023-06-16 08:15:00-04:00,1.09488,1.09387,1.0,stack_break,-0.0010100000000001774,-102.50000000001774
ma3_ema9_21_50_15m_follow_pmc,long,2023-06-16 08:30:00-04:00,2023-06-16 14:45:00-04:00,1.0946900000000002,1.09368,1.0,stack_break,-0.0010100000000001774,-102.50000000001774
ma3_ema9_21_50_15m_follow_pmc,long,2023-06-20 07:00:00-04:00,2023-06-20 11:45:00-04:00,1.0926,1.0924299999999998,1.0,stack_break,-0.00017000000000022553,-18.500000000022553
ma3_ema9_21_50_15m_follow_pmc,long,2023-06-20 12:00:00-04:00,2023-06-20 12:45:00-04:00,1.09297,1.0922999999999998,1.0,stack_break,-0.0006700000000001705,-68.50000000001705
ma3_ema9_21_50_15m_follow_pmc,long,2023-06-21 08:45:00-04:00,2023-06-21 13:00:00-04:00,1.0931600000000001,1.0915599999999999,1.0,stack_break,-0.0016000000000002679,-161.50000000002677
ma3_ema9_21_50_15m_follow_pmc,long,2023-06-21 13:15:00-04:00,2023-06-21 13:45:00-04:00,1.0923100000000001,1.0916,1.0,stack_break,-0.0007100000000002105,-72.50000000002105
ma3_ema9_21_50_15m_follow_pmc,long,2023-06-21 14:15:00-04:00,2023-06-21 16:15:00-04:00,1.0924600000000002,1.0951,1.0,session_end,0.0026399999999997537,262.4999999999754
ma3_ema9_21_50_15m_follow_pmc,long,2023-06-22 03:00:00-04:00,2023-06-22 05:30:00-04:00,1.09925,1.09855,1.0,stack_break,-0.000700000000000145,-71.5000000000145
ma3_ema9_21_50_15m_follow_pmc,long,2023-06-22 08:00:00-04:00,2023-06-22 12:30:00-04:00,1.0996800000000002,1.0986999999999998,1.0,stack_break,-0.000980000000000425,-99.50000000004249
ma3_ema9_21_50_15m_follow_pmc,long,2023-06-26 03:00:00-04:00,2023-06-26 05:15:00-04:00,1.09088,1.09018,1.0,stack_break,-0.000700000000000145,-71.5000000000145
ma3_ema9_21_50_15m_follow_pmc,long,2023-06-26 05:30:00-04:00,2023-06-26 07:30:00-04:00,1.09068,1.0902999999999998,1.0,stack_break,-0.000380000000000269,-39.5000000000269
ma3_ema9_21_50_15m_follow_pmc,long,2023-06-26 11:45:00-04:00,2023-06-26 16:15:00-04:00,1.09057,1.0908399999999998,1.0,session_end,0.0002699999999997704,25.499999999977042
ma3_ema9_21_50_15m_follow_pmc,long,2023-06-27 03:00:00-04:00,2023-06-27 16:15:00-04:00,1.09217,1.09598,1.0,session_end,0.003809999999999869,379.4999999999869
ma3_ema9_21_50_15m_follow_pmc,long,2023-06-28 10:45:00-04:00,2023-06-28 11:45:00-04:00,1.0959500000000002,1.0951,1.0,stack_break,-0.0008500000000002395,-86.50000000002395
ma3_ema9_21_50_15m_follow_pmc,long,2023-06-29 10:00:00-04:00,2023-06-29 13:15:00-04:00,1.0916000000000001,1.0877,1.0,stack_break,-0.0039000000000002366,-391.50000000002365
ma3_ema9_21_50_15m_follow_pmc,long,2023-06-30 13:30:00-04:00,2023-06-30 16:15:00-04:00,1.0905900000000002,1.0918299999999999,1.0,session_end,0.0012399999999996858,122.49999999996858
ma3_ema9_21_50_15m_follow_pmc,long,2023-07-03 04:00:00-04:00,2023-07-03 06:30:00-04:00,1.0911700000000002,1.0891,1.0,stack_break,-0.0020700000000002383,-208.50000000002382
ma3_ema9_21_50_15m_follow_pmc,short,2023-07-03 07:15:00-04:00,2023-07-03 11:45:00-04:00,1.0887699999999998,1.08962,1.0,stack_break,-0.0008500000000002395,-86.50000000002395
ma3_ema9_21_50_15m_follow_pmc,long,2023-07-03 13:45:00-04:00,2023-07-03 16:15:00-04:00,1.09145,1.09167,1.0,session_end,0.00021999999999988695,20.499999999988695
ma3_ema9_21_50_15m_follow_pmc,short,2023-07-04 03:15:00-04:00,2023-07-04 07:15:00-04:00,1.0904999999999998,1.09128,1.0,stack_break,-0.000780000000000225,-79.5000000000225
ma3_ema9_21_50_15m_follow_pmc,short,2023-07-04 08:30:00-04:00,2023-07-04 14:45:00-04:00,1.0898199999999998,1.09077,1.0,stack_break,-0.0009500000000002284,-96.50000000002285
ma3_ema9_21_50_15m_follow_pmc,short,2023-07-05 03:00:00-04:00,2023-07-05 07:00:00-04:00,1.08754,1.0884900000000002,1.0,stack_break,-0.0009500000000002284,-96.50000000002285
ma3_ema9_21_50_15m_follow_pmc,short,2023-07-05 11:45:00-04:00,2023-07-05 13:00:00-04:00,1.08798,1.0898,1.0,stack_break,-0.0018200000000001548,-183.5000000000155
ma3_ema9_21_50_15m_follow_pmc,short,2023-07-05 15:15:00-04:00,2023-07-05 16:15:00-04:00,1.0873199999999998,1.0866600000000002,1.0,session_end,0.0006599999999996609,64.4999999999661
ma3_ema9_21_50_15m_follow_pmc,short,2023-07-06 03:00:00-04:00,2023-07-06 06:30:00-04:00,1.0847499999999999,1.0862200000000002,1.0,stack_break,-0.0014700000000003044,-148.50000000003044
ma3_ema9_21_50_15m_follow_pmc,short,2023-07-07 09:00:00-04:00,2023-07-07 11:00:00-04:00,1.0873899999999999,1.08952,1.0,stack_break,-0.0021300000000001873,-214.50000000001873
ma3_ema9_21_50_15m_follow_pmc,long,2023-07-07 14:00:00-04:00,2023-07-07 16:15:00-04:00,1.09152,1.0964399999999999,1.0,session_end,0.004919999999999813,490.49999999998136
ma3_ema9_21_50_15m_follow_pmc,long,2023-07-10 09:00:00-04:00,2023-07-10 12:15:00-04:00,1.09617,1.09534,1.0,stack_break,-0.0008300000000001084,-84.50000000001084
ma3_ema9_21_50_15m_follow_pmc,long,2023-07-10 14:15:00-04:00,2023-07-10 16:15:00-04:00,1.0969300000000002,1.0988099999999998,1.0,session_end,0.0018799999999996597,186.49999999996598
ma3_ema9_21_50_15m_follow_pmc,long,2023-07-11 03:00:00-04:00,2023-07-11 08:30:00-04:00,1.1016100000000002,1.1011799999999998,1.0,stack_break,-0.0004300000000003745,-44.50000000003745
ma3_ema9_21_50_15m_follow_pmc,long,2023-07-12 03:00:00-04:00,2023-07-12 08:15:00-04:00,1.10308,1.1022999999999998,1.0,stack_break,-0.000780000000000225,-79.5000000000225
ma3_ema9_21_50_15m_follow_pmc,long,2023-07-12 12:45:00-04:00,2023-07-12 16:15:00-04:00,1.1063800000000001,1.11224,1.0,session_end,0.005859999999999754,584.4999999999754
ma3_ema9_21_50_15m_follow_pmc,long,2023-07-13 03:00:00-04:00,2023-07-13 06:15:00-04:00,1.11427,1.1134499999999998,1.0,stack_break,-0.000820000000000265,-83.50000000002649
ma3_ema9_21_50_15m_follow_pmc,long,2023-07-13 07:15:00-04:00,2023-07-13 16:15:00-04:00,1.11464,1.11923,1.0,session_end,0.004589999999999872,457.4999999999872
ma3_ema9_21_50_15m_follow_pmc,long,2023-07-14 03:00:00-04:00,2023-07-14 06:15:00-04:00,1.1237000000000001,1.12231,1.0,stack_break,-0.0013900000000002244,-140.50000000002245
ma3_ema9_21_50_15m_follow_pmc,long,2023-07-14 09:15:00-04:00,2023-07-14 10:45:00-04:00,1.12338,1.12163,1.0,stack_break,-0.0017500000000001403,-176.50000000001404
ma3_ema9_21_50_15m_follow_pmc,long,2023-07-14 11:45:00-04:00,2023-07-14 12:30:00-04:00,1.1233300000000002,1.1217499999999998,1.0,stack_break,-0.001580000000000359,-159.5000000000359
ma3_ema9_21_50_15m_follow_pmc,long,2023-07-14 14:00:00-04:00,2023-07-14 16:15:00-04:00,1.12331,1.1236199999999998,1.0,session_end,0.00030999999999981043,29.499999999981043
ma3_ema9_21_50_15m_follow_pmc,long,2023-07-17 07:15:00-04:00,2023-07-17 12:30:00-04:00,1.1233000000000002,1.1232199999999999,1.0,stack_break,-8.000000000030205e-05,-9.500000000030205
ma3_ema9_21_50_15m_follow_pmc,long,2023-07-18 03:00:00-04:00,2023-07-18 09:00:00-04:00,1.12457,1.1238199999999998,1.0,stack_break,-0.0007500000000002505,-76.50000000002504
ma3_ema9_21_50_15m_follow_pmc,long,2023-07-18 11:15:00-04:00,2023-07-18 12:00:00-04:00,1.1255700000000002,1.1242999999999999,1.0,stack_break,-0.0012700000000003264,-128.50000000003263
ma3_ema9_21_50_15m_follow_pmc,long,2023-07-18 12:15:00-04:00,2023-07-18 12:30:00-04:00,1.12548,1.12448,1.0,stack_break,-0.001000000000000112,-101.5000000000112
ma3_ema9_21_50_15m_follow_pmc,long,2023-07-18 12:45:00-04:00,2023-07-18 13:00:00-04:00,1.12603,1.12289,1.0,stack_break,-0.0031400000000001427,-315.50000000001427
ma3_ema9_21_50_15m_follow_pmc,long,2023-07-19 10:00:00-04:00,2023-07-19 10:45:00-04:00,1.1235600000000001,1.1222699999999999,1.0,stack_break,-0.0012900000000002354,-130.50000000002353
ma3_ema9_21_50_15m_follow_pmc,long,2023-07-20 03:00:00-04:00,2023-07-20 06:30:00-04:00,1.1223800000000002,1.1207999999999998,1.0,stack_break,-0.001580000000000359,-159.5000000000359
ma3_ema9_21_50_15m_follow_pmc,long,2023-07-24 03:00:00-04:00,2023-07-24 03:45:00-04:00,1.1129600000000002,1.1124999999999998,1.0,stack_break,-0.000460000000000349,-47.5000000000349
ma3_ema9_21_50_15m_follow_pmc,long,2023-07-24 07:15:00-04:00,2023-07-24 07:45:00-04:00,1.1139100000000002,1.1096899999999998,1.0,stack_break,-0.004220000000000335,-423.5000000000335
ma3_ema9_21_50_15m_follow_pmc,long,2023-07-25 06:45:00-04:00,2023-07-25 08:30:00-04:00,1.1083800000000001,1.1058899999999998,1.0,stack_break,-0.0024900000000003253,-250.50000000003251
ma3_ema9_21_50_15m_follow_pmc,long,2023-07-26 06:00:00-04:00,2023-07-26 12:45:00-04:00,1.10585,1.10621,1.0,stack_break,0.00035999999999991594,34.499999999991594
ma3_ema9_21_50_15m_follow_pmc,long,2023-07-26 15:45:00-04:00,2023-07-26 16:15:00-04:00,1.10724,1.10763,1.0,session_end,0.00038999999999989043,37.49999999998904
ma3_ema9_21_50_15m_follow_pmc,long,2023-07-27 03:00:00-04:00,2023-07-27 06:30:00-04:00,1.11084,1.1092499999999998,1.0,stack_break,-0.0015900000000002024,-160.50000000002024
ma3_ema9_21_50_15m_follow_pmc,long,2023-07-27 07:15:00-04:00,2023-07-27 12:45:00-04:00,1.1102100000000001,1.1084999999999998,1.0,stack_break,-0.0017100000000003224,-172.50000000003223
ma3_ema9_21_50_15m_follow_pmc,long,2023-07-28 12:00:00-04:00,2023-07-28 16:15:00-04:00,1.10098,1.1038999999999999,1.0,session_end,0.0029199999999998116,290.4999999999812
ma3_ema9_21_50_15m_follow_pmc,long,2023-07-31 08:30:00-04:00,2023-07-31 13:45:00-04:00,1.1023200000000002,1.10222,1.0,stack_break,-0.00010000000000021103,-11.500000000021103
ma3_ema9_21_50_15m_follow_pmc,long,2023-07-31 14:00:00-04:00,2023-07-31 16:00:00-04:00,1.10427,1.1021699999999999,1.0,stack_break,-0.002100000000000213,-211.5000000000213
ma3_ema9_21_50_15m_follow_pmc,short,2023-08-01 03:00:00-04:00,2023-08-01 06:15:00-04:00,1.09825,1.09975,1.0,stack_break,-0.0015000000000000568,-151.50000000000568
ma3_ema9_21_50_15m_follow_pmc,short,2023-08-01 07:30:00-04:00,2023-08-01 16:15:00-04:00,1.0977999999999999,1.09718,1.0,session_end,0.0006199999999998429,60.49999999998429
ma3_ema9_21_50_15m_follow_pmc,short,2023-08-02 09:00:00-04:00,2023-08-02 16:15:00-04:00,1.09821,1.09389,1.0,session_end,0.0043199999999998795,430.49999999998795
ma3_ema9_21_50_15m_follow_pmc,short,2023-08-03 03:15:00-04:00,2023-08-03 11:15:00-04:00,1.0933199999999998,1.0935100000000002,1.0,stack_break,-0.00019000000000035655,-20.500000000035655
ma3_ema9_21_50_15m_follow_pmc,short,2023-08-03 14:00:00-04:00,2023-08-03 15:00:00-04:00,1.0920699999999999,1.0936700000000001,1.0,stack_break,-0.0016000000000002679,-161.50000000002677
ma3_ema9_21_50_15m_follow_pmc,short,2023-08-04 09:00:00-04:00,2023-08-04 12:45:00-04:00,1.09385,1.0973000000000002,1.0,stack_break,-0.003450000000000175,-346.5000000000175
ma3_ema9_21_50_15m_follow_pmc,long,2023-08-04 13:30:00-04:00,2023-08-04 16:15:00-04:00,1.10175,1.1035,1.0,session_end,0.0017499999999999183,173.49999999999181
ma3_ema9_21_50_15m_follow_pmc,short,2023-08-07 04:30:00-04:00,2023-08-07 13:00:00-04:00,1.0994199999999998,1.09863,1.0,stack_break,0.0007899999999998464,77.49999999998464
ma3_ema9_21_50_15m_follow_pmc,long,2023-08-07 14:45:00-04:00,2023-08-07 16:15:00-04:00,1.09996,1.0997199999999998,1.0,session_end,-0.00024000000000024002,-25.500000000024002
ma3_ema9_21_50_15m_follow_pmc,short,2023-08-08 03:00:00-04:00,2023-08-08 06:15:00-04:00,1.0986399999999998,1.0997400000000002,1.0,stack_break,-0.001100000000000323,-111.50000000003229
ma3_ema9_21_50_15m_follow_pmc,short,2023-08-08 08:00:00-04:00,2023-08-08 16:15:00-04:00,1.09781,1.09508,1.0,session_end,0.002729999999999899,271.49999999998994
ma3_ema9_21_50_15m_follow_pmc,long,2023-08-10 07:30:00-04:00,2023-08-10 15:45:00-04:00,1.1015400000000002,1.1019199999999998,1.0,stack_break,0.0003799999999996029,36.49999999996029
ma3_ema9_21_50_15m_follow_pmc,short,2023-08-11 04:45:00-04:00,2023-08-11 06:00:00-04:00,1.0984399999999999,1.09894,1.0,stack_break,-0.000500000000000167,-51.5000000000167
ma3_ema9_21_50_15m_follow_pmc,long,2023-08-11 08:00:00-04:00,2023-08-11 10:00:00-04:00,1.09972,1.09821,1.0,stack_break,-0.0015100000000001224,-152.50000000001222
ma3_ema9_21_50_15m_follow_pmc,short,2023-08-11 10:15:00-04:00,2023-08-11 11:45:00-04:00,1.09775,1.0992700000000002,1.0,stack_break,-0.0015200000000001879,-153.5000000000188
ma3_ema9_21_50_15m_follow_pmc,long,2023-08-11 12:00:00-04:00,2023-08-11 13:00:00-04:00,1.10007,1.0977599999999998,1.0,stack_break,-0.0023100000000002563,-232.50000000002564
ma3_ema9_21_50_15m_follow_pmc,short,2023-08-11 13:00:00-04:00,2023-08-11 16:15:00-04:00,1.0977599999999998,1.09589,1.0,session_end,0.0018699999999998163,185.49999999998164
ma3_ema9_21_50_15m_follow_pmc,short,2023-08-14 03:00:00-04:00,2023-08-14 07:45:00-04:00,1.0933199999999998,1.0946300000000002,1.0,stack_break,-0.0013100000000003664,-132.50000000003664
ma3_ema9_21_50_15m_follow_pmc,short,2023-08-14 12:00:00-04:00,2023-08-14 16:15:00-04:00,1.09377,1.0923500000000002,1.0,session_end,0.0014199999999997548,140.49999999997547
ma3_ema9_21_50_15m_follow_pmc,short,2023-08-15 06:00:00-04:00,2023-08-15 06:15:00-04:00,1.0907499999999999,1.0916800000000002,1.0,stack_break,-0.0009300000000003195,-94.50000000003195
ma3_ema9_21_50_15m_follow_pmc,short,2023-08-16 13:15:00-04:00,2023-08-16 16:15:00-04:00,1.08998,1.09037,1.0,session_end,-0.0003900000000001125,-40.50000000001125
ma3_ema9_21_50_15m_follow_pmc,short,2023-08-17 03:00:00-04:00,2023-08-17 06:45:00-04:00,1.0866799999999999,1.0878,1.0,stack_break,-0.001120000000000232,-113.50000000002319
ma3_ema9_21_50_15m_follow_pmc,short,2023-08-17 10:00:00-04:00,2023-08-17 10:30:00-04:00,1.0866699999999998,1.08769,1.0,stack_break,-0.001020000000000243,-103.5000000000243
ma3_ema9_21_50_15m_follow_pmc,short,2023-08-18 08:00:00-04:00,2023-08-18 14:45:00-04:00,1.0871899999999999,1.0879100000000002,1.0,stack_break,-0.000720000000000276,-73.5000000000276
ma3_ema9_21_50_15m_follow_pmc,short,2023-08-22 11:15:00-04:00,2023-08-22 16:15:00-04:00,1.0887,1.08477,1.0,session_end,0.003929999999999989,391.4999999999989
ma3_ema9_21_50_15m_follow_pmc,short,2023-08-23 08:00:00-04:00,2023-08-23 14:15:00-04:00,1.08226,1.08369,1.0,stack_break,-0.0014300000000000423,-144.50000000000423
ma3_ema9_21_50_15m_follow_pmc,short,2023-08-24 09:45:00-04:00,2023-08-24 16:15:00-04:00,1.0856,1.08258,1.0,session_end,0.0030199999999998006,300.49999999998005
ma3_ema9_21_50_15m_follow_pmc,short,2023-08-25 03:00:00-04:00,2023-08-25 09:45:00-04:00,1.07842,1.0791700000000002,1.0,stack_break,-0.0007500000000002505,-76.50000000002504
ma3_ema9_21_50_15m_follow_pmc,short,2023-08-25 15:30:00-04:00,2023-08-25 16:15:00-04:00,1.07781,1.07865,1.0,session_end,-0.0008400000000001739,-85.5000000000174
ma3_ema9_21_50_15m_follow_pmc,short,2023-08-29 08:45:00-04:00,2023-08-29 14:30:00-04:00,1.0809199999999999,1.08392,1.0,stack_break,-0.0030000000000001137,-301.50000000001137
ma3_ema9_21_50_15m_follow_pmc,short,2023-08-31 06:45:00-04:00,2023-08-31 16:15:00-04:00,1.0911899999999999,1.0839100000000002,1.0,session_end,0.007279999999999731,726.4999999999732
ma3_ema9_21_50_15m_follow_pmc,short,2023-09-01 03:45:00-04:00,2023-09-01 05:45:00-04:00,1.0841299999999998,1.08464,1.0,stack_break,-0.0005100000000002325,-52.50000000002325
ma3_ema9_21_50_15m_follow_pmc,short,2023-09-01 06:15:00-04:00,2023-09-01 07:45:00-04:00,1.08391,1.0855100000000002,1.0,stack_break,-0.0016000000000002679,-161.50000000002677
ma3_ema9_21_50_15m_follow_pmc,long,2023-09-01 09:45:00-04:00,2023-09-01 11:15:00-04:00,1.0855100000000002,1.08429,1.0,stack_break,-0.001220000000000221,-123.50000000002208
ma3_ema9_21_50_15m_follow_pmc,short,2023-09-01 12:15:00-04:00,2023-09-01 12:45:00-04:00,1.0834199999999998,1.0864600000000002,1.0,stack_break,-0.0030400000000003757,-305.5000000000376
ma3_ema9_21_50_15m_follow_pmc,long,2023-09-01 13:00:00-04:00,2023-09-01 14:30:00-04:00,1.0863500000000001,1.08337,1.0,stack_break,-0.0029800000000002047,-299.50000000002046
ma3_ema9_21_50_15m_follow_pmc,short,2023-09-01 14:45:00-04:00,2023-09-01 16:15:00-04:00,1.0814899999999998,1.0784900000000002,1.0,session_end,0.0029999999999996696,298.499999999967
ma3_ema9_21_50_15m_follow_pmc,short,2023-09-05 03:00:00-04:00,2023-09-05 16:15:00-04:00,1.07843,1.07274,1.0,session_end,0.005689999999999973,567.4999999999973
ma3_ema9_21_50_15m_follow_pmc,short,2023-09-06 03:00:00-04:00,2023-09-06 03:15:00-04:00,1.07266,1.07319,1.0,stack_break,-0.0005300000000001415,-54.50000000001415
ma3_ema9_21_50_15m_follow_pmc,short,2023-09-06 14:30:00-04:00,2023-09-06 16:15:00-04:00,1.07229,1.07126,1.0,session_end,0.0010299999999998644,101.49999999998644
ma3_ema9_21_50_15m_follow_pmc,short,2023-09-07 05:15:00-04:00,2023-09-07 16:15:00-04:00,1.07185,1.07041,1.0,session_end,0.0014399999999998858,142.49999999998857
ma3_ema9_21_50_15m_follow_pmc,short,2023-09-08 10:30:00-04:00,2023-09-08 14:00:00-04:00,1.07011,1.07152,1.0,stack_break,-0.0014100000000001334,-142.50000000001333
ma3_ema9_21_50_15m_follow_pmc,short,2023-09-12 05:30:00-04:00,2023-09-12 15:45:00-04:00,1.07399,1.07291,1.0,stack_break,0.0010799999999999699,106.49999999999699
ma3_ema9_21_50_15m_follow_pmc,short,2023-09-13 08:00:00-04:00,2023-09-13 13:45:00-04:00,1.0742299999999998,1.07509,1.0,stack_break,-0.000860000000000305,-87.5000000000305
ma3_ema9_21_50_15m_follow_pmc,short,2023-09-13 14:45:00-04:00,2023-09-13 15:15:00-04:00,1.0734199999999998,1.0738800000000002,1.0,stack_break,-0.000460000000000349,-47.5000000000349
ma3_ema9_21_50_15m_follow_pmc,short,2023-09-14 09:45:00-04:00,2023-09-14 16:15:00-04:00,1.07289,1.0660800000000001,1.0,session_end,0.006809999999999761,679.4999999999761
ma3_ema9_21_50_15m_follow_pmc,short,2023-09-15 03:00:00-04:00,2023-09-15 03:30:00-04:00,1.06425,1.0644200000000001,1.0,stack_break,-0.00017000000000022553,-18.500000000022553
ma3_ema9_21_50_15m_follow_pmc,short,2023-09-18 08:30:00-04:00,2023-09-18 10:00:00-04:00,1.0660999999999998,1.0674400000000002,1.0,stack_break,-0.001340000000000341,-135.5000000000341
ma3_ema9_21_50_15m_follow_pmc,short,2023-09-18 13:00:00-04:00,2023-09-18 14:45:00-04:00,1.0655899999999998,1.06702,1.0,stack_break,-0.0014300000000002644,-144.50000000002643
ma3_ema9_21_50_15m_follow_pmc,short,2023-09-19 05:45:00-04:00,2023-09-19 08:15:00-04:00,1.0677699999999999,1.06935,1.0,stack_break,-0.0015800000000001369,-159.5000000000137
ma3_ema9_21_50_15m_follow_pmc,short,2023-09-20 04:00:00-04:00,2023-09-20 06:45:00-04:00,1.06788,1.0688300000000002,1.0,stack_break,-0.0009500000000002284,-96.50000000002285
ma3_ema9_21_50_15m_follow_pmc,short,2023-09-20 07:45:00-04:00,2023-09-20 08:00:00-04:00,1.0680599999999998,1.06912,1.0,stack_break,-0.001060000000000283,-107.5000000000283
ma3_ema9_21_50_15m_follow_pmc,short,2023-09-21 03:00:00-04:00,2023-09-21 07:00:00-04:00,1.06206,1.0646900000000001,1.0,stack_break,-0.0026300000000001322,-264.50000000001324
ma3_ema9_21_50_15m_follow_pmc,short,2023-09-21 11:45:00-04:00,2023-09-21 14:30:00-04:00,1.0636299999999999,1.0652000000000001,1.0,stack_break,-0.0015700000000002934,-158.50000000002933
ma3_ema9_21_50_15m_follow_pmc,short,2023-09-22 03:00:00-04:00,2023-09-22 05:30:00-04:00,1.06487,1.06546,1.0,stack_break,-0.0005900000000000905,-60.500000000009045
ma3_ema9_21_50_15m_follow_pmc,short,2023-09-22 05:45:00-04:00,2023-09-22 06:00:00-04:00,1.06523,1.0654100000000002,1.0,stack_break,-0.00018000000000029104,-19.500000000029104
ma3_ema9_21_50_15m_follow_pmc,short,2023-09-22 06:15:00-04:00,2023-09-22 07:00:00-04:00,1.06483,1.066,1.0,stack_break,-0.0011700000000001154,-118.50000000001154
ma3_ema9_21_50_15m_follow_pmc,short,2023-09-22 07:30:00-04:00,2023-09-22 12:45:00-04:00,1.06269,1.0659,1.0,stack_break,-0.003210000000000157,-322.5000000000157
ma3_ema9_21_50_15m_follow_pmc,short,2023-09-25 03:00:00-04:00,2023-09-25 05:45:00-04:00,1.06466,1.0649700000000002,1.0,stack_break,-0.0003100000000002545,-32.50000000002545
ma3_ema9_21_50_15m_follow_pmc,short,2023-09-25 06:00:00-04:00,2023-09-25 16:15:00-04:00,1.0643999999999998,1.05888,1.0,session_end,0.005519999999999747,550.4999999999748
ma3_ema9_21_50_15m_follow_pmc,short,2023-09-26 03:00:00-04:00,2023-09-26 05:15:00-04:00,1.0586399999999998,1.0593100000000002,1.0,stack_break,-0.0006700000000003925,-68.50000000003925
ma3_ema9_21_50_15m_follow_pmc,short,2023-09-26 05:45:00-04:00,2023-09-26 08:45:00-04:00,1.0582099999999999,1.05966,1.0,stack_break,-0.0014500000000001734,-146.50000000001734
ma3_ema9_21_50_15m_follow_pmc,short,2023-09-26 15:30:00-04:00,2023-09-26 16:15:00-04:00,1.05801,1.0572100000000002,1.0,session_end,0.0007999999999996898,78.49999999996899
ma3_ema9_21_50_15m_follow_pmc,short,2023-09-27 03:00:00-04:00,2023-09-27 07:15:00-04:00,1.05635,1.05712,1.0,stack_break,-0.0007700000000001594,-78.50000000001594
ma3_ema9_21_50_15m_follow_pmc,short,2023-09-27 09:30:00-04:00,2023-09-27 16:15:00-04:00,1.05554,1.05091,1.0,session_end,0.004629999999999912,461.4999999999912
ma3_ema9_21_50_15m_follow_pmc,short,2023-09-28 03:00:00-04:00,2023-09-28 07:45:00-04:00,1.0499999999999998,1.0510700000000002,1.0,stack_break,-0.0010700000000003485,-108.50000000003485
ma3_ema9_21_50_15m_follow_pmc,short,2023-10-02 06:00:00-04:00,2023-10-02 07:00:00-04:00,1.0561099999999999,1.0574800000000002,1.0,stack_break,-0.0013700000000003154,-138.50000000003155
ma3_ema9_21_50_15m_follow_pmc,long,2023-10-02 07:30:00-04:00,2023-10-02 09:00:00-04:00,1.0582900000000002,1.05626,1.0,stack_break,-0.0020300000000001983,-204.50000000001984
ma3_ema9_21_50_15m_follow_pmc,short,2023-10-02 09:00:00-04:00,2023-10-02 16:15:00-04:00,1.05626,1.0499200000000002,1.0,session_end,0.00633999999999979,632.4999999999791
ma3_ema9_21_50_15m_follow_pmc,short,2023-10-03 03:00:00-04:00,2023-10-03 07:30:00-04:00,1.04669,1.04794,1.0,stack_break,-0.0012500000000001954,-126.50000000001954
ma3_ema9_21_50_15m_follow_pmc,short,2023-10-03 12:15:00-04:00,2023-10-03 16:15:00-04:00,1.0472199999999998,1.0453400000000002,1.0,session_end,0.0018799999999996597,186.49999999996598
ma3_ema9_21_50_15m_follow_pmc,short,2023-10-04 03:00:00-04:00,2023-10-04 05:45:00-04:00,1.04625,1.04718,1.0,stack_break,-0.0009300000000000974,-94.50000000000975
ma3_ema9_21_50_15m_follow_pmc,short,2023-10-04 06:45:00-04:00,2023-10-04 08:00:00-04:00,1.0453999999999999,1.0480500000000001,1.0,stack_break,-0.0026500000000002633,-266.5000000000263
ma3_ema9_21_50_15m_follow_pmc,short,2023-10-05 10:00:00-04:00,2023-10-05 11:15:00-04:00,1.0510899999999999,1.05207,1.0,stack_break,-0.000980000000000203,-99.5000000000203
ma3_ema9_21_50_15m_follow_pmc,short,2023-10-06 07:15:00-04:00,2023-10-06 07:30:00-04:00,1.0534599999999998,1.0542,1.0,stack_break,-0.000740000000000185,-75.5000000000185
ma3_ema9_21_50_15m_follow_pmc,short,2023-10-06 13:15:00-04:00,2023-10-06 15:30:00-04:00,1.0494999999999999,1.05647,1.0,stack_break,-0.006970000000000143,-698.5000000000143
ma3_ema9_21_50_15m_follow_pmc,long,2023-10-06 15:45:00-04:00,2023-10-06 16:15:00-04:00,1.0589400000000002,1.0590899999999999,1.0,session_end,0.0001499999999996504,13.499999999965041
ma3_ema9_21_50_15m_follow_pmc,short,2023-10-09 03:15:00-04:00,2023-10-09 13:45:00-04:00,1.05592,1.0547000000000002,1.0,stack_break,0.0012199999999997768,120.49999999997769
ma3_ema9_21_50_15m_follow_pmc,long,2023-10-10 03:00:00-04:00,2023-10-10 03:45:00-04:00,1.0574000000000001,1.0568799999999998,1.0,stack_break,-0.000520000000000298,-53.5000000000298
ma3_ema9_21_50_15m_follow_pmc,short,2023-10-10 07:45:00-04:00,2023-10-10 08:00:00-04:00,1.05609,1.05657,1.0,stack_break,-0.00048000000000003595,-49.500000000003595
ma3_ema9_21_50_15m_follow_pmc,long,2023-10-10 08:30:00-04:00,2023-10-10 12:30:00-04:00,1.05828,1.0579299999999998,1.0,stack_break,-0.0003500000000002945,-36.50000000002945
ma3_ema9_21_50_15m_follow_pmc,long,2023-10-10 13:00:00-04:00,2023-10-10 16:15:00-04:00,1.05889,1.06167,1.0,session_end,0.0027799999999997826,276.4999999999783
ma3_ema9_21_50_15m_follow_pmc,long,2023-10-11 03:00:00-04:00,2023-10-11 04:15:00-04:00,1.06102,1.06042,1.0,stack_break,-0.000600000000000156,-61.500000000015596
ma3_ema9_21_50_15m_follow_pmc,long,2023-10-11 07:00:00-04:00,2023-10-11 08:30:00-04:00,1.06139,1.05988,1.0,stack_break,-0.0015100000000001224,-152.50000000001222
ma3_ema9_21_50_15m_follow_pmc,long,2023-10-11 09:00:00-04:00,2023-10-11 10:30:00-04:00,1.0611700000000002,1.05981,1.0,stack_break,-0.00136000000000025,-137.50000000002498
ma3_ema9_21_50_15m_follow_pmc,long,2023-10-11 13:15:00-04:00,2023-10-11 16:15:00-04:00,1.0618400000000001,1.0610199999999999,1.0,session_end,-0.000820000000000265,-83.50000000002649
ma3_ema9_21_50_15m_follow_pmc,long,2023-10-12 03:00:00-04:00,2023-10-12 08:15:00-04:00,1.06234,1.0620699999999998,1.0,stack_break,-0.0002700000000002145,-28.50000000002145
ma3_ema9_21_50_15m_follow_pmc,short,2023-10-12 14:00:00-04:00,2023-10-12 16:15:00-04:00,1.05548,1.0556100000000002,1.0,session_end,-0.00013000000000018552,-14.500000000018552
ma3_ema9_21_50_15m_follow_pmc,short,2023-10-13 07:15:00-04:00,2023-10-13 07:45:00-04:00,1.0535999999999999,1.0548000000000002,1.0,stack_break,-0.001200000000000312,-121.50000000003119
ma3_ema9_21_50_15m_follow_pmc,short,2023-10-13 10:00:00-04:00,2023-10-13 16:15:00-04:00,1.0534999999999999,1.0500200000000002,1.0,session_end,0.0034799999999997056,346.49999999997056
ma3_ema9_21_50_15m_follow_pmc,short,2023-10-17 05:45:00-04:00,2023-10-17 10:00:00-04:00,1.05453,1.0550700000000002,1.0,stack_break,-0.000540000000000207,-55.5000000000207
ma3_ema9_21_50_15m_follow_pmc,long,2023-10-17 11:45:00-04:00,2023-10-17 14:00:00-04:00,1.05722,1.05466,1.0,stack_break,-0.0025600000000001177,-257.50000000001177
ma3_ema9_21_50_15m_follow_pmc,long,2023-10-17 14:30:00-04:00,2023-10-17 16:15:00-04:00,1.05709,1.05938,1.0,session_end,0.0022899999999999032,227.49999999999034
ma3_ema9_21_50_15m_follow_pmc,long,2023-10-18 03:00:00-04:00,2023-10-18 08:45:00-04:00,1.0574100000000002,1.0574899999999998,1.0,stack_break,7.999999999963592e-05,6.499999999963592
ma3_ema9_21_50_15m_follow_pmc,long,2023-10-18 09:00:00-04:00,2023-10-18 10:15:00-04:00,1.0583,1.0568199999999999,1.0,stack_break,-0.0014800000000001479,-149.50000000001478
ma3_ema9_21_50_15m_follow_pmc,short,2023-10-18 10:45:00-04:00,2023-10-18 16:15:00-04:00,1.05564,1.05332,1.0,session_end,0.0023199999999998777,230.49999999998778
ma3_ema9_21_50_15m_follow_pmc,short,2023-10-19 03:00:00-04:00,2023-10-19 07:15:00-04:00,1.0535899999999998,1.05421,1.0,stack_break,-0.000620000000000287,-63.5000000000287
ma3_ema9_21_50_15m_follow_pmc,long,2023-10-19 13:00:00-04:00,2023-10-19 16:15:00-04:00,1.05719,1.0576599999999998,1.0,session_end,0.0004699999999997484,45.49999999997484
ma3_ema9_21_50_15m_follow_pmc,short,2023-10-20 06:45:00-04:00,2023-10-20 08:45:00-04:00,1.05669,1.0586300000000002,1.0,stack_break,-0.0019400000000002748,-195.50000000002748
ma3_ema9_21_50_15m_follow_pmc,long,2023-10-20 09:00:00-04:00,2023-10-20 14:30:00-04:00,1.05929,1.05748,1.0,stack_break,-0.0018100000000000893,-182.50000000000892
ma3_ema9_21_50_15m_follow_pmc,long,2023-10-20 15:00:00-04:00,2023-10-20 16:15:00-04:00,1.05928,1.05907,1.0,session_end,-0.00021000000000004349,-22.50000000000435
ma3_ema9_21_50_15m_follow_pmc,long,2023-10-23 08:30:00-04:00,2023-10-23 16:15:00-04:00,1.06088,1.06449,1.0,session_end,0.003609999999999891,359.4999999999891
ma3_ema9_21_50_15m_follow_pmc,long,2023-10-24 03:00:00-04:00,2023-10-24 08:00:00-04:00,1.06855,1.06601,1.0,stack_break,-0.0025400000000002088,-255.50000000002086
ma3_ema9_21_50_15m_follow_pmc,short,2023-10-25 09:45:00-04:00,2023-10-25 15:15:00-04:00,1.05684,1.05878,1.0,stack_break,-0.0019400000000000528,-195.5000000000053
ma3_ema9_21_50_15m_follow_pmc,short,2023-10-26 03:00:00-04:00,2023-10-26 10:45:00-04:00,1.0549199999999999,1.0547000000000002,1.0,stack_break,0.0002199999999996649,20.49999999996649
ma3_ema9_21_50_15m_follow_pmc,short,2023-10-26 11:00:00-04:00,2023-10-26 13:15:00-04:00,1.05399,1.0554000000000001,1.0,stack_break,-0.0014100000000001334,-142.50000000001333
ma3_ema9_21_50_15m_follow_pmc,short,2023-10-26 15:00:00-04:00,2023-10-26 16:15:00-04:00,1.0536599999999998,1.05323,1.0,session_end,0.0004299999999997084,41.49999999997084
ma3_ema9_21_50_15m_follow_pmc,short,2023-10-27 11:45:00-04:00,2023-10-27 13:45:00-04:00,1.0540999999999998,1.0580100000000001,1.0,stack_break,-0.003910000000000302,-392.50000000003024
ma3_ema9_21_50_15m_follow_pmc,long,2023-10-27 14:00:00-04:00,2023-10-27 16:15:00-04:00,1.05834,1.0592499999999998,1.0,session_end,0.0009099999999997443,89.49999999997443
ma3_ema9_21_50_15m_follow_pmc,short,2023-10-30 04:00:00-04:00,2023-10-30 07:15:00-04:00,1.05599,1.05668,1.0,stack_break,-0.0006900000000000794,-70.50000000000794
ma3_ema9_21_50_15m_follow_pmc,short,2023-10-30 08:00:00-04:00,2023-10-30 09:30:00-04:00,1.0556299999999998,1.0576100000000002,1.0,stack_break,-0.001980000000000315,-199.5000000000315
ma3_ema9_21_50_15m_follow_pmc,long,2023-10-30 10:00:00-04:00,2023-10-30 16:15:00-04:00,1.0583600000000002,1.0618999999999998,1.0,session_end,0.0035399999999996545,352.49999999996544
ma3_ema9_21_50_15m_follow_pmc,long,2023-10-31 08:00:00-04:00,2023-10-31 13:30:00-04:00,1.0619,1.06131,1.0,stack_break,-0.0005900000000000905,-60.500000000009045
ma3_ema9_21_50_15m_follow_pmc,short,2023-11-01 04:00:00-04:00,2023-11-01 07:30:00-04:00,1.0571899999999999,1.05745,1.0,stack_break,-0.000260000000000149,-27.5000000000149
ma3_ema9_21_50_15m_follow_pmc,short,2023-11-01 07:45:00-04:00,2023-11-01 15:00:00-04:00,1.0568499999999998,1.0570400000000002,1.0,stack_break,-0.00019000000000035655,-20.500000000035655
ma3_ema9_21_50_15m_follow_pmc,short,2023-11-01 15:45:00-04:00,2023-11-01 16:15:00-04:00,1.0541399999999999,1.05377,1.0,session_end,0.0003699999999997594,35.49999999997594
ma3_ema9_21_50_15m_follow_pmc,long,2023-11-02 04:00:00-04:00,2023-11-02 16:00:00-04:00,1.05993,1.0627099999999998,1.0,stack_break,0.0027799999999997826,276.4999999999783
ma3_ema9_21_50_15m_follow_pmc,long,2023-11-03 04:00:00-04:00,2023-11-03 16:15:00-04:00,1.06268,1.07324,1.0,session_end,0.010559999999999903,1054.4999999999902
ma3_ema9_21_50_15m_follow_pmc,long,2023-11-06 03:00:00-05:00,2023-11-06 13:45:00-05:00,1.07318,1.07408,1.0,stack_break,0.0008999999999999009,88.49999999999008
ma3_ema9_21_50_15m_follow_pmc,long,2023-11-09 03:00:00-05:00,2023-11-09 06:15:00-05:00,1.0712000000000002,1.07029,1.0,stack_break,-0.0009100000000001884,-92.50000000001884
ma3_ema9_21_50_15m_follow_pmc,long,2023-11-09 15:15:00-05:00,2023-11-09 16:15:00-05:00,1.07213,1.07141,1.0,session_end,-0.0007200000000000539,-73.5000000000054
ma3_ema9_21_50_15m_follow_pmc,long,2023-11-10 11:30:00-05:00,2023-11-10 15:45:00-05:00,1.0684600000000002,1.0666799999999999,1.0,stack_break,-0.0017800000000003369,-179.50000000003368
ma3_ema9_21_50_15m_follow_pmc,long,2023-11-13 03:00:00-05:00,2023-11-13 03:15:00-05:00,1.0683500000000001,1.0681999999999998,1.0,stack_break,-0.00015000000000031655,-16.500000000031655
ma3_ema9_21_50_15m_follow_pmc,long,2023-11-13 04:30:00-05:00,2023-11-13 12:00:00-05:00,1.0687200000000001,1.06853,1.0,stack_break,-0.0001900000000001345,-20.50000000001345
ma3_ema9_21_50_15m_follow_pmc,long,2023-11-14 07:15:00-05:00,2023-11-14 16:15:00-05:00,1.06999,1.0837599999999998,1.0,session_end,0.013769999999999838,1375.4999999999839
ma3_ema9_21_50_15m_follow_pmc,long,2023-11-15 03:00:00-05:00,2023-11-15 06:45:00-05:00,1.0878400000000001,1.08716,1.0,stack_break,-0.000680000000000236,-69.50000000002359
ma3_ema9_21_50_15m_follow_pmc,long,2023-11-15 13:45:00-05:00,2023-11-15 14:00:00-05:00,1.0876000000000001,1.0840599999999998,1.0,stack_break,-0.0035400000000003207,-355.50000000003206
ma3_ema9_21_50_15m_follow_pmc,long,2023-11-16 09:30:00-05:00,2023-11-16 13:15:00-05:00,1.0858100000000002,1.08415,1.0,stack_break,-0.0016600000000002169,-167.50000000002169
ma3_ema9_21_50_15m_follow_pmc,long,2023-11-16 13:45:00-05:00,2023-11-16 16:15:00-05:00,1.0857100000000002,1.08758,1.0,session_end,0.0018699999999998163,185.49999999998164
ma3_ema9_21_50_15m_follow_pmc,long,2023-11-17 11:00:00-05:00,2023-11-17 16:15:00-05:00,1.08661,1.08882,1.0,session_end,0.0022099999999998232,219.49999999998232
ma3_ema9_21_50_15m_follow_pmc,long,2023-11-20 03:00:00-05:00,2023-11-20 07:45:00-05:00,1.0921800000000002,1.0913799999999998,1.0,stack_break,-0.000800000000000356,-81.5000000000356
ma3_ema9_21_50_15m_follow_pmc,long,2023-11-20 08:30:00-05:00,2023-11-20 16:15:00-05:00,1.09261,1.09391,1.0,session_end,0.0012999999999998568,128.49999999998568
ma3_ema9_21_50_15m_follow_pmc,long,2023-11-21 03:00:00-05:00,2023-11-21 09:00:00-05:00,1.09599,1.09473,1.0,stack_break,-0.0012600000000000389,-127.5000000000039
ma3_ema9_21_50_15m_follow_pmc,long,2023-11-21 14:45:00-05:00,2023-11-21 15:00:00-05:00,1.09569,1.09445,1.0,stack_break,-0.0012400000000001299,-125.50000000001299
ma3_ema9_21_50_15m_follow_pmc,long,2023-11-21 15:15:00-05:00,2023-11-21 15:45:00-05:00,1.09562,1.0939699999999999,1.0,stack_break,-0.0016500000000001513,-166.50000000001512
ma3_ema9_21_50_15m_follow_pmc,long,2023-11-23 03:00:00-05:00,2023-11-23 12:45:00-05:00,1.09009,1.0904299999999998,1.0,stack_break,0.0003399999999997849,32.49999999997849
ma3_ema9_21_50_15m_follow_pmc,long,2023-11-24 06:45:00-05:00,2023-11-24 16:15:00-05:00,1.0907600000000002,1.0938599999999998,1.0,session_end,0.0030999999999996586,308.49999999996584
ma3_ema9_21_50_15m_follow_pmc,long,2023-11-27 03:00:00-05:00,2023-11-27 09:15:00-05:00,1.09416,1.0942299999999998,1.0,stack_break,6.999999999979245e-05,5.499999999979245
ma3_ema9_21_50_15m_follow_pmc,long,2023-11-27 10:30:00-05:00,2023-11-27 14:15:00-05:00,1.0951700000000002,1.0940999999999999,1.0,stack_break,-0.0010700000000003485,-108.50000000003485
ma3_ema9_21_50_15m_follow_pmc,long,2023-11-28 03:00:00-05:00,2023-11-28 04:45:00-05:00,1.0959400000000001,1.0953199999999998,1.0,stack_break,-0.000620000000000287,-63.5000000000287
ma3_ema9_21_50_15m_follow_pmc,long,2023-11-28 11:30:00-05:00,2023-11-28 16:15:00-05:00,1.09559,1.0980699999999999,1.0,session_end,0.0024799999999998157,246.49999999998158
ma3_ema9_21_50_15m_follow_pmc,long,2023-11-29 03:00:00-05:00,2023-11-29 04:45:00-05:00,1.1002200000000002,1.09971,1.0,stack_break,-0.0005100000000002325,-52.50000000002325
ma3_ema9_21_50_15m_follow_pmc,long,2023-12-01 06:30:00-05:00,2023-12-01 08:30:00-05:00,1.0907,1.0898599999999998,1.0,stack_break,-0.0008400000000001739,-85.5000000000174
ma3_ema9_21_50_15m_follow_pmc,short,2023-12-01 11:00:00-05:00,2023-12-01 16:15:00-05:00,1.08859,1.0831300000000001,1.0,session_end,0.005459999999999798,544.4999999999799
ma3_ema9_21_50_15m_follow_pmc,short,2023-12-04 03:00:00-05:00,2023-12-04 03:30:00-05:00,1.0878999999999999,1.08843,1.0,stack_break,-0.0005300000000001415,-54.50000000001415
ma3_ema9_21_50_15m_follow_pmc,short,2023-12-04 04:45:00-05:00,2023-12-04 10:00:00-05:00,1.0872799999999998,1.08783,1.0,stack_break,-0.0005500000000002725,-56.50000000002725
ma3_ema9_21_50_15m_follow_pmc,short,2023-12-04 10:30:00-05:00,2023-12-04 11:45:00-05:00,1.0861599999999998,1.08783,1.0,stack_break,-0.0016700000000002824,-168.50000000002825
ma3_ema9_21_50_15m_follow_pmc,short,2023-12-04 12:30:00-05:00,2023-12-04 16:15:00-05:00,1.0863999999999998,1.08162,1.0,session_end,0.004779999999999784,476.49999999997846
ma3_ema9_21_50_15m_follow_pmc,short,2023-12-05 07:30:00-05:00,2023-12-05 10:15:00-05:00,1.08222,1.0831400000000002,1.0,stack_break,-0.000920000000000254,-93.5000000000254
ma3_ema9_21_50_15m_follow_pmc,short,2023-12-05 11:45:00-05:00,2023-12-05 16:15:00-05:00,1.0823099999999999,1.08041,1.0,session_end,0.0018999999999997907,188.49999999997908
ma3_ema9_21_50_15m_follow_pmc,short,2023-12-06 03:00:00-05:00,2023-12-06 03:45:00-05:00,1.0791199999999999,1.0796800000000002,1.0,stack_break,-0.000560000000000338,-57.5000000000338
ma3_ema9_21_50_15m_follow_pmc,short,2023-12-06 06:45:00-05:00,2023-12-06 10:30:00-05:00,1.0788099999999998,1.07936,1.0,stack_break,-0.0005500000000002725,-56.50000000002725
ma3_ema9_21_50_15m_follow_pmc,short,2023-12-06 11:30:00-05:00,2023-12-06 14:15:00-05:00,1.0787499999999999,1.07979,1.0,stack_break,-0.001040000000000152,-105.50000000001519
ma3_ema9_21_50_15m_follow_pmc,short,2023-12-07 03:00:00-05:00,2023-12-07 07:45:00-05:00,1.0765099999999999,1.0773000000000001,1.0,stack_break,-0.0007900000000002905,-80.50000000002905
ma3_ema9_21_50_15m_follow_pmc,short,2023-12-07 13:00:00-05:00,2023-12-07 14:00:00-05:00,1.07662,1.07878,1.0,stack_break,-0.002160000000000162,-217.50000000001617
ma3_ema9_21_50_15m_follow_pmc,short,2023-12-08 05:15:00-05:00,2023-12-08 11:30:00-05:00,1.07822,1.07864,1.0,stack_break,-0.00042000000000008697,-43.5000000000087
ma3_ema9_21_50_15m_follow_pmc,short,2023-12-08 11:45:00-05:00,2023-12-08 16:15:00-05:00,1.07805,1.0767200000000001,1.0,session_end,0.0013299999999998313,131.49999999998312
ma3_ema9_21_50_15m_follow_pmc,short,2023-12-11 04:30:00-05:00,2023-12-11 06:15:00-05:00,1.07619,1.07684,1.0,stack_break,-0.0006500000000000394,-66.50000000000395
ma3_ema9_21_50_15m_follow_pmc,short,2023-12-11 08:00:00-05:00,2023-12-11 10:30:00-05:00,1.07588,1.0774700000000001,1.0,stack_break,-0.0015900000000002024,-160.50000000002024
ma3_ema9_21_50_15m_follow_pmc,short,2023-12-11 13:30:00-05:00,2023-12-11 16:15:00-05:00,1.0755,1.0746200000000001,1.0,session_end,0.0008799999999997699,86.49999999997698
ma3_ema9_21_50_15m_follow_pmc,short,2023-12-13 04:00:00-05:00,2023-12-13 13:30:00-05:00,1.0787099999999998,1.0787000000000002,1.0,stack_break,9.999999999621423e-06,-0.5000000000378577
ma3_ema9_21_50_15m_follow_pmc,long,2023-12-14 03:00:00-05:00,2023-12-14 08:00:00-05:00,1.0900400000000001,1.0884399999999999,1.0,stack_break,-0.0016000000000002679,-161.50000000002677
ma3_ema9_21_50_15m_follow_pmc,long,2023-12-14 09:15:00-05:00,2023-12-14 16:15:00-05:00,1.09033,1.0993199999999999,1.0,session_end,0.008989999999999831,897.4999999999832
ma3_ema9_21_50_15m_follow_pmc,long,2023-12-15 03:00:00-05:00,2023-12-15 06:15:00-05:00,1.09966,1.09831,1.0,stack_break,-0.0013500000000001844,-136.50000000001845
ma3_ema9_21_50_15m_follow_pmc,long,2023-12-18 07:00:00-05:00,2023-12-18 11:15:00-05:00,1.09183,1.0908,1.0,stack_break,-0.0010300000000000864,-104.50000000000864
ma3_ema9_21_50_15m_follow_pmc,long,2023-12-18 13:45:00-05:00,2023-12-18 16:15:00-05:00,1.09247,1.09133,1.0,session_end,-0.001140000000000141,-115.5000000000141
ma3_ema9_21_50_15m_follow_pmc,long,2023-12-19 03:30:00-05:00,2023-12-19 16:15:00-05:00,1.09277,1.09842,1.0,session_end,0.005649999999999933,563.4999999999933
ma3_ema9_21_50_15m_follow_pmc,long,2023-12-21 11:45:00-05:00,2023-12-21 16:15:00-05:00,1.0967900000000002,1.0988099999999998,1.0,session_end,0.0020199999999996887,200.49999999996888
ma3_ema9_21_50_15m_follow_pmc,long,2023-12-22 08:00:00-05:00,2023-12-22 16:15:00-05:00,1.1001400000000001,1.10137,1.0,session_end,0.0012299999999998423,121.49999999998423
ma3_ema9_21_50_15m_follow_pmc,long,2023-12-26 03:00:00-05:00,2023-12-26 09:15:00-05:00,1.1026,1.10113,1.0,stack_break,-0.0014700000000000824,-148.50000000000824
ma3_ema9_21_50_15m_follow_pmc,long,2023-12-26 15:00:00-05:00,2023-12-26 16:15:00-05:00,1.10243,1.1026099999999999,1.0,session_end,0.00017999999999984695,16.499999999984695
ma3_ema9_21_50_15m_follow_pmc,long,2023-12-27 05:00:00-05:00,2023-12-27 16:15:00-05:00,1.1041100000000001,1.1104299999999998,1.0,session_end,0.006319999999999659,630.4999999999659
ma3_ema9_21_50_15m_follow_pmc,long,2023-12-28 03:00:00-05:00,2023-12-28 06:30:00-05:00,1.11125,1.1107399999999998,1.0,stack_break,-0.0005100000000002325,-52.50000000002325
ma3_ema9_21_50_15m_follow_pmc,long,2023-12-28 07:30:00-05:00,2023-12-28 08:45:00-05:00,1.11199,1.1109,1.0,stack_break,-0.0010900000000000354,-110.50000000000354
ma3_ema9_21_50_15m_follow_pmc,long,2023-12-28 09:00:00-05:00,2023-12-28 12:45:00-05:00,1.1115700000000002,1.11129,1.0,stack_break,-0.00028000000000028,-29.500000000028002
ma3_ema9_21_50_15m_follow_pmc,short,2024-01-02 03:00:00-05:00,2024-01-02 07:00:00-05:00,1.1022699999999999,1.1034000000000002,1.0,stack_break,-0.0011300000000002974,-114.50000000002974
ma3_ema9_21_50_15m_follow_pmc,short,2024-01-02 08:15:00-05:00,2024-01-02 08:45:00-05:00,1.1020699999999999,1.1031300000000002,1.0,stack_break,-0.001060000000000283,-107.5000000000283
ma3_ema9_21_50_15m_follow_pmc,short,2024-01-02 10:00:00-05:00,2024-01-02 16:15:00-05:00,1.1014899999999999,1.09437,1.0,session_end,0.007119999999999793,710.4999999999793
ma3_ema9_21_50_15m_follow_pmc,short,2024-01-03 09:30:00-05:00,2024-01-03 16:15:00-05:00,1.09435,1.0905200000000002,1.0,session_end,0.003829999999999778,381.49999999997783
ma3_ema9_21_50_15m_follow_pmc,short,2024-01-04 03:00:00-05:00,2024-01-04 03:45:00-05:00,1.0917899999999998,1.09285,1.0,stack_break,-0.001060000000000283,-107.5000000000283
ma3_ema9_21_50_15m_follow_pmc,short,2024-01-05 04:15:00-05:00,2024-01-05 14:45:00-05:00,1.0938899999999998,1.09498,1.0,stack_break,-0.0010900000000002574,-110.50000000002575
ma3_ema9_21_50_15m_follow_pmc,short,2024-01-08 03:45:00-05:00,2024-01-08 07:15:00-05:00,1.0936499999999998,1.0947500000000001,1.0,stack_break,-0.001100000000000323,-111.50000000003229
ma3_ema9_21_50_15m_follow_pmc,short,2024-01-08 08:45:00-05:00,2024-01-08 11:15:00-05:00,1.0932799999999998,1.09433,1.0,stack_break,-0.0010500000000002174,-106.50000000002174
ma3_ema9_21_50_15m_follow_pmc,short,2024-01-09 06:30:00-05:00,2024-01-09 14:30:00-05:00,1.0952499999999998,1.0946,1.0,stack_break,0.0006499999999998174,63.49999999998174
ma3_ema9_21_50_15m_follow_pmc,short,2024-01-09 15:45:00-05:00,2024-01-09 16:15:00-05:00,1.09337,1.0916700000000001,1.0,session_end,0.0016999999999998128,168.49999999998127
ma3_ema9_21_50_15m_follow_pmc,short,2024-01-10 06:30:00-05:00,2024-01-10 08:00:00-05:00,1.0927699999999998,1.0944,1.0,stack_break,-0.0016300000000002424,-164.50000000002424
ma3_ema9_21_50_15m_follow_pmc,short,2024-01-11 10:30:00-05:00,2024-01-11 12:00:00-05:00,1.09631,1.0980400000000001,1.0,stack_break,-0.0017300000000002314,-174.50000000002314
ma3_ema9_21_50_15m_follow_pmc,short,2024-01-11 14:15:00-05:00,2024-01-11 16:15:00-05:00,1.09357,1.09457,1.0,session_end,-0.001000000000000112,-101.5000000000112
ma3_ema9_21_50_15m_follow_pmc,short,2024-01-12 10:00:00-05:00,2024-01-12 15:00:00-05:00,1.0968,1.0979500000000002,1.0,stack_break,-0.0011500000000002064,-116.50000000002063
ma3_ema9_21_50_15m_follow_pmc,short,2024-01-15 10:00:00-05:00,2024-01-15 16:15:00-05:00,1.09462,1.0951300000000002,1.0,session_end,-0.0005100000000002325,-52.50000000002325
ma3_ema9_21_50_15m_follow_pmc,short,2024-01-16 03:00:00-05:00,2024-01-16 16:15:00-05:00,1.0923399999999999,1.0869700000000002,1.0,session_end,0.005369999999999653,535.4999999999653
ma3_ema9_21_50_15m_follow_pmc,short,2024-01-17 03:30:00-05:00,2024-01-17 08:30:00-05:00,1.0869799999999998,1.0879,1.0,stack_break,-0.000920000000000254,-93.5000000000254
ma3_ema9_21_50_15m_follow_pmc,short,2024-01-17 13:45:00-05:00,2024-01-17 16:15:00-05:00,1.08533,1.08518,1.0,session_end,0.00014999999999987246,13.499999999987246
ma3_ema9_21_50_15m_follow_pmc,short,2024-01-18 13:15:00-05:00,2024-01-18 16:15:00-05:00,1.08761,1.08519,1.0,session_end,0.0024199999999998667,240.49999999998667
ma3_ema9_21_50_15m_follow_pmc,short,2024-01-19 10:45:00-05:00,2024-01-19 11:30:00-05:00,1.0872799999999998,1.0886200000000001,1.0,stack_break,-0.001340000000000341,-135.5000000000341
ma3_ema9_21_50_15m_follow_pmc,short,2024-01-19 15:30:00-05:00,2024-01-19 16:15:00-05:00,1.0874199999999998,1.08833,1.0,session_end,-0.0009100000000001884,-92.50000000001884
ma3_ema9_21_50_15m_follow_pmc,short,2024-01-22 10:45:00-05:00,2024-01-22 16:15:00-05:00,1.0889799999999998,1.0886200000000001,1.0,session_end,0.0003599999999996939,34.49999999996939
ma3_ema9_21_50_15m_follow_pmc,short,2024-01-23 11:15:00-05:00,2024-01-23 16:15:00-05:00,1.08693,1.0834400000000002,1.0,session_end,0.003489999999999771,347.4999999999771
ma3_ema9_21_50_15m_follow_pmc,short,2024-01-25 03:00:00-05:00,2024-01-25 06:45:00-05:00,1.08754,1.0883900000000002,1.0,stack_break,-0.0008500000000002395,-86.50000000002395
ma3_ema9_21_50_15m_follow_pmc,short,2024-01-25 14:30:00-05:00,2024-01-25 16:15:00-05:00,1.08628,1.08309,1.0,session_end,0.003189999999999804,317.4999999999804
ma3_ema9_21_50_15m_follow_pmc,short,2024-01-26 05:00:00-05:00,2024-01-26 10:00:00-05:00,1.08384,1.08478,1.0,stack_break,-0.0009400000000001629,-95.50000000001629
ma3_ema9_21_50_15m_follow_pmc,short,2024-01-29 03:00:00-05:00,2024-01-29 07:45:00-05:00,1.08429,1.0848300000000002,1.0,stack_break,-0.000540000000000207,-55.5000000000207
ma3_ema9_21_50_15m_follow_pmc,short,2024-01-29 08:15:00-05:00,2024-01-29 16:15:00-05:00,1.08364,1.07976,1.0,session_end,0.0038799999999998835,386.49999999998835
ma3_ema9_21_50_15m_follow_pmc,short,2024-01-30 06:45:00-05:00,2024-01-30 10:30:00-05:00,1.0821699999999999,1.08267,1.0,stack_break,-0.000500000000000167,-51.5000000000167
ma3_ema9_21_50_15m_follow_pmc,short,2024-01-31 03:00:00-05:00,2024-01-31 09:30:00-05:00,1.08161,1.08332,1.0,stack_break,-0.0017100000000001003,-172.50000000001003
ma3_ema9_21_50_15m_follow_pmc,short,2024-02-01 06:15:00-05:00,2024-02-01 12:00:00-05:00,1.08021,1.08067,1.0,stack_break,-0.000460000000000127,-47.5000000000127
ma3_ema9_21_50_15m_follow_pmc,long,2024-02-01 14:00:00-05:00,2024-02-01 16:15:00-05:00,1.08264,1.08287,1.0,session_end,0.00022999999999995246,21.499999999995246
ma3_ema9_21_50_15m_follow_pmc,long,2024-02-02 03:00:00-05:00,2024-02-02 13:00:00-05:00,1.08745,1.0879299999999998,1.0,stack_break,0.0004799999999998139,46.49999999998139
ma3_ema9_21_50_15m_follow_pmc,short,2024-02-02 14:30:00-05:00,2024-02-02 16:15:00-05:00,1.0801399999999999,1.0803800000000001,1.0,session_end,-0.00024000000000024002,-25.500000000024002
ma3_ema9_21_50_15m_follow_pmc,short,2024-02-05 03:00:00-05:00,2024-02-05 06:30:00-05:00,1.07784,1.0781900000000002,1.0,stack_break,-0.0003500000000002945,-36.50000000002945
ma3_ema9_21_50_15m_follow_pmc,short,2024-02-05 07:30:00-05:00,2024-02-05 08:30:00-05:00,1.0773499999999998,1.0784900000000002,1.0,stack_break,-0.001140000000000363,-115.5000000000363
ma3_ema9_21_50_15m_follow_pmc,short,2024-02-05 08:45:00-05:00,2024-02-05 16:15:00-05:00,1.07727,1.0726600000000002,1.0,session_end,0.004609999999999781,459.4999999999781
ma3_ema9_21_50_15m_follow_pmc,short,2024-02-06 10:15:00-05:00,2024-02-06 15:30:00-05:00,1.07289,1.07434,1.0,stack_break,-0.0014500000000001734,-146.50000000001734
ma3_ema9_21_50_15m_follow_pmc,short,2024-02-08 11:30:00-05:00,2024-02-08 16:15:00-05:00,1.0766499999999999,1.07623,1.0,session_end,0.0004199999999998649,40.49999999998649
ma3_ema9_21_50_15m_follow_pmc,short,2024-02-09 05:15:00-05:00,2024-02-09 07:30:00-05:00,1.0770799999999998,1.07779,1.0,stack_break,-0.0007100000000002105,-72.50000000002105
ma3_ema9_21_50_15m_follow_pmc,short,2024-02-09 10:15:00-05:00,2024-02-09 14:00:00-05:00,1.0765799999999999,1.0779100000000001,1.0,stack_break,-0.0013300000000002754,-134.50000000002754
ma3_ema9_21_50_15m_follow_pmc,short,2024-02-12 09:15:00-05:00,2024-02-12 16:15:00-05:00,1.07731,1.0767900000000001,1.0,session_end,0.0005199999999998539,50.49999999998539
ma3_ema9_21_50_15m_follow_pmc,short,2024-02-13 03:00:00-05:00,2024-02-13 06:45:00-05:00,1.0763999999999998,1.0769700000000002,1.0,stack_break,-0.0005700000000004035,-58.50000000004035
ma3_ema9_21_50_15m_follow_pmc,short,2024-02-13 09:00:00-05:00,2024-02-13 09:15:00-05:00,1.07626,1.0769000000000002,1.0,stack_break,-0.000640000000000196,-65.5000000000196
ma3_ema9_21_50_15m_follow_pmc,short,2024-02-13 09:30:00-05:00,2024-02-13 10:45:00-05:00,1.0760999999999998,1.0776400000000002,1.0,stack_break,-0.001540000000000319,-155.5000000000319
ma3_ema9_21_50_15m_follow_pmc,short,2024-02-13 14:00:00-05:00,2024-02-13 16:15:00-05:00,1.0712899999999999,1.07189,1.0,session_end,-0.000600000000000156,-61.500000000015596
ma3_ema9_21_50_15m_follow_pmc,short,2024-02-14 03:00:00-05:00,2024-02-14 04:00:00-05:00,1.0709099999999998,1.0712700000000002,1.0,stack_break,-0.00036000000000036003,-37.500000000036
ma3_ema9_21_50_15m_follow_pmc,short,2024-02-14 07:45:00-05:00,2024-02-14 13:15:00-05:00,1.07052,1.0708600000000001,1.0,stack_break,-0.000340000000000229,-35.5000000000229
ma3_ema9_21_50_15m_follow_pmc,short,2024-02-16 05:45:00-05:00,2024-02-16 08:00:00-05:00,1.07592,1.07634,1.0,stack_break,-0.00042000000000008697,-43.5000000000087
ma3_ema9_21_50_15m_follow_pmc,short,2024-02-16 08:30:00-05:00,2024-02-16 08:45:00-05:00,1.0759999999999998,1.07647,1.0,stack_break,-0.0004700000000001925,-48.50000000001925
ma3_ema9_21_50_15m_follow_pmc,short,2024-02-16 14:15:00-05:00,2024-02-16 16:15:00-05:00,1.0748499999999999,1.07718,1.0,session_end,-0.0023300000000001653,-234.50000000001654
ma3_ema9_21_50_15m_follow_pmc,short,2024-02-19 11:15:00-05:00,2024-02-19 16:15:00-05:00,1.07748,1.07671,1.0,session_end,0.0007699999999999374,75.49999999999375
ma3_ema9_21_50_15m_follow_pmc,short,2024-02-20 03:00:00-05:00,2024-02-20 07:00:00-05:00,1.0763299999999998,1.0772400000000002,1.0,stack_break,-0.0009100000000004105,-92.50000000004104
ma3_ema9_21_50_15m_follow_pmc,long,2024-02-20 11:00:00-05:00,2024-02-20 16:15:00-05:00,1.0806600000000002,1.08225,1.0,session_end,0.0015899999999997583,157.49999999997584
ma3_ema9_21_50_15m_follow_pmc,long,2024-02-21 03:00:00-05:00,2024-02-21 07:00:00-05:00,1.08169,1.0808,1.0,stack_break,-0.0008900000000000574,-90.50000000000574
ma3_ema9_21_50_15m_follow_pmc,short,2024-02-21 09:15:00-05:00,2024-02-21 13:45:00-05:00,1.0797199999999998,1.08064,1.0,stack_break,-0.000920000000000254,-93.5000000000254
ma3_ema9_21_50_15m_follow_pmc,long,2024-02-21 15:15:00-05:00,2024-02-21 16:15:00-05:00,1.0813400000000002,1.08046,1.0,session_end,-0.0008800000000002139,-89.5000000000214
ma3_ema9_21_50_15m_follow_pmc,long,2024-02-22 03:00:00-05:00,2024-02-22 13:00:00-05:00,1.08247,1.08432,1.0,stack_break,0.0018499999999999073,183.49999999999073
ma3_ema9_21_50_15m_follow_pmc,long,2024-02-23 07:45:00-05:00,2024-02-23 09:30:00-05:00,1.0829300000000002,1.0819999999999999,1.0,stack_break,-0.0009300000000003195,-94.50000000003195
ma3_ema9_21_50_15m_follow_pmc,long,2024-02-23 12:45:00-05:00,2024-02-23 15:30:00-05:00,1.08348,1.08165,1.0,stack_break,-0.0018299999999999983,-184.49999999999983
ma3_ema9_21_50_15m_follow_pmc,long,2024-02-26 07:15:00-05:00,2024-02-26 16:15:00-05:00,1.0824600000000002,1.0851,1.0,session_end,0.0026399999999997537,262.4999999999754
ma3_ema9_21_50_15m_follow_pmc,long,2024-02-27 03:00:00-05:00,2024-02-27 07:00:00-05:00,1.0851600000000001,1.0849,1.0,stack_break,-0.000260000000000149,-27.5000000000149
ma3_ema9_21_50_15m_follow_pmc,long,2024-02-27 07:15:00-05:00,2024-02-27 10:30:00-05:00,1.08536,1.0843399999999999,1.0,stack_break,-0.001020000000000243,-103.5000000000243
ma3_ema9_21_50_15m_follow_pmc,long,2024-02-27 12:15:00-05:00,2024-02-27 14:00:00-05:00,1.0858400000000001,1.08452,1.0,stack_break,-0.00132000000000021,-133.50000000002098
ma3_ema9_21_50_15m_follow_pmc,short,2024-02-28 09:45:00-05:00,2024-02-28 14:15:00-05:00,1.08019,1.0825500000000001,1.0,stack_break,-0.0023600000000001398,-237.50000000001398
ma3_ema9_21_50_15m_follow_pmc,long,2024-02-29 05:15:00-05:00,2024-02-29 05:30:00-05:00,1.0837100000000002,1.08331,1.0,stack_break,-0.000400000000000178,-41.5000000000178
ma3_ema9_21_50_15m_follow_pmc,long,2024-02-29 08:30:00-05:00,2024-02-29 12:00:00-05:00,1.08423,1.08303,1.0,stack_break,-0.0012000000000000899,-121.50000000000898
ma3_ema9_21_50_15m_follow_pmc,long,2024-02-29 14:45:00-05:00,2024-02-29 16:15:00-05:00,1.0843500000000001,1.08236,1.0,session_end,-0.0019900000000001583,-200.50000000001583
ma3_ema9_21_50_15m_follow_pmc,short,2024-03-01 10:30:00-05:00,2024-03-01 11:45:00-05:00,1.0803099999999999,1.08173,1.0,stack_break,-0.0014200000000001989,-143.5000000000199
ma3_ema9_21_50_15m_follow_pmc,long,2024-03-01 12:30:00-05:00,2024-03-01 14:00:00-05:00,1.08237,1.0810799999999998,1.0,stack_break,-0.0012900000000002354,-130.50000000002353
ma3_ema9_21_50_15m_follow_pmc,long,2024-03-01 14:30:00-05:00,2024-03-01 15:00:00-05:00,1.0817400000000001,1.08052,1.0,stack_break,-0.001220000000000221,-123.50000000002208
ma3_ema9_21_50_15m_follow_pmc,long,2024-03-01 15:30:00-05:00,2024-03-01 16:15:00-05:00,1.0825900000000002,1.08341,1.0,session_end,0.0008199999999998209,80.4999999999821
ma3_ema9_21_50_15m_follow_pmc,long,2024-03-04 03:00:00-05:00,2024-03-04 13:30:00-05:00,1.0845200000000002,1.08452,1.0,stack_break,-2.220446049250313e-16,-1.5000000000222045
ma3_ema9_21_50_15m_follow_pmc,long,2024-03-04 15:00:00-05:00,2024-03-04 16:15:00-05:00,1.0854100000000002,1.0862999999999998,1.0,session_end,0.0008899999999996133,87.49999999996133
ma3_ema9_21_50_15m_follow_pmc,long,2024-03-05 15:15:00-05:00,2024-03-05 16:15:00-05:00,1.08721,1.0870199999999999,1.0,session_end,-0.0001900000000001345,-20.50000000001345
ma3_ema9_21_50_15m_follow_pmc,long,2024-03-06 07:00:00-05:00,2024-03-06 16:15:00-05:00,1.08599,1.09031,1.0,session_end,0.0043199999999998795,430.49999999998795
ma3_ema9_21_50_15m_follow_pmc,long,2024-03-07 04:30:00-05:00,2024-03-07 07:30:00-05:00,1.0901900000000002,1.0897899999999998,1.0,stack_break,-0.00040000000000040004,-41.500000000040004
ma3_ema9_21_50_15m_follow_pmc,long,2024-03-07 15:30:00-05:00,2024-03-07 16:15:00-05:00,1.0916700000000001,1.0929499999999999,1.0,session_end,0.0012799999999997258,126.49999999997257
ma3_ema9_21_50_15m_follow_pmc,long,2024-03-08 03:00:00-05:00,2024-03-08 04:00:00-05:00,1.0946900000000002,1.09459,1.0,stack_break,-0.00010000000000021103,-11.500000000021103
ma3_ema9_21_50_15m_follow_pmc,long,2024-03-08 04:30:00-05:00,2024-03-08 05:00:00-05:00,1.0949300000000002,1.0944399999999999,1.0,stack_break,-0.0004900000000003235,-50.50000000003235
ma3_ema9_21_50_15m_follow_pmc,long,2024-03-08 07:15:00-05:00,2024-03-08 07:30:00-05:00,1.0949900000000001,1.0944699999999998,1.0,stack_break,-0.000520000000000298,-53.5000000000298
ma3_ema9_21_50_15m_follow_pmc,long,2024-03-08 14:00:00-05:00,2024-03-08 16:15:00-05:00,1.0972000000000002,1.09584,1.0,session_end,-0.00136000000000025,-137.50000000002498
ma3_ema9_21_50_15m_follow_pmc,long,2024-03-11 04:00:00-04:00,2024-03-11 04:45:00-04:00,1.0944200000000002,1.09384,1.0,stack_break,-0.000580000000000247,-59.5000000000247
ma3_ema9_21_50_15m_follow_pmc,long,2024-03-11 07:30:00-04:00,2024-03-11 10:15:00-04:00,1.09443,1.0934499999999998,1.0,stack_break,-0.000980000000000203,-99.5000000000203
ma3_ema9_21_50_15m_follow_pmc,long,2024-03-11 12:15:00-04:00,2024-03-11 12:30:00-04:00,1.0941800000000002,1.0939899999999998,1.0,stack_break,-0.00019000000000035655,-20.500000000035655
ma3_ema9_21_50_15m_follow_pmc,long,2024-03-12 04:00:00-04:00,2024-03-12 08:15:00-04:00,1.09373,1.09309,1.0,stack_break,-0.000640000000000196,-65.5000000000196
ma3_ema9_21_50_15m_follow_pmc,long,2024-03-12 11:45:00-04:00,2024-03-12 12:45:00-04:00,1.0935100000000002,1.0922299999999998,1.0,stack_break,-0.001280000000000392,-129.5000000000392
ma3_ema9_21_50_15m_follow_pmc,long,2024-03-12 13:00:00-04:00,2024-03-12 13:15:00-04:00,1.09396,1.09202,1.0,stack_break,-0.0019400000000000528,-195.5000000000053
ma3_ema9_21_50_15m_follow_pmc,long,2024-03-13 04:00:00-04:00,2024-03-13 05:15:00-04:00,1.09274,1.09225,1.0,stack_break,-0.0004900000000001015,-50.50000000001015
ma3_ema9_21_50_15m_follow_pmc,long,2024-03-13 06:00:00-04:00,2024-03-13 08:00:00-04:00,1.0928900000000001,1.0924699999999998,1.0,stack_break,-0.000420000000000309,-43.5000000000309
ma3_ema9_21_50_15m_follow_pmc,long,2024-03-13 08:15:00-04:00,2024-03-13 09:45:00-04:00,1.09287,1.09209,1.0,stack_break,-0.0007800000000000029,-79.50000000000028
ma3_ema9_21_50_15m_follow_pmc,long,2024-03-13 11:00:00-04:00,2024-03-13 16:15:00-04:00,1.09336,1.0941699999999999,1.0,session_end,0.0008099999999997554,79.49999999997553
ma3_ema9_21_50_15m_follow_pmc,long,2024-03-15 10:30:00-04:00,2024-03-15 15:45:00-04:00,1.0896000000000001,1.0886399999999998,1.0,stack_break,-0.000960000000000294,-97.50000000002939
ma3_ema9_21_50_15m_follow_pmc,long,2024-03-18 04:00:00-04:00,2024-03-18 04:45:00-04:00,1.0886300000000002,1.08859,1.0,stack_break,-4.000000000026205e-05,-5.500000000026205
ma3_ema9_21_50_15m_follow_pmc,long,2024-03-18 06:30:00-04:00,2024-03-18 13:30:00-04:00,1.08894,1.08886,1.0,stack_break,-8.000000000008001e-05,-9.500000000008
ma3_ema9_21_50_15m_follow_pmc,long,2024-03-20 04:00:00-04:00,2024-03-20 08:30:00-04:00,1.0868900000000001,1.08548,1.0,stack_break,-0.0014100000000001334,-142.50000000001333
ma3_ema9_21_50_15m_follow_pmc,long,2024-03-21 04:00:00-04:00,2024-03-21 08:15:00-04:00,1.09349,1.0926399999999998,1.0,stack_break,-0.0008500000000002395,-86.50000000002395
ma3_ema9_21_50_15m_follow_pmc,long,2024-03-25 04:15:00-04:00,2024-03-25 04:30:00-04:00,1.0814100000000002,1.08117,1.0,stack_break,-0.00024000000000024002,-25.500000000024002
ma3_ema9_21_50_15m_follow_pmc,long,2024-03-25 05:30:00-04:00,2024-03-25 09:15:00-04:00,1.08149,1.0813799999999998,1.0,stack_break,-0.00011000000000027654,-12.500000000027654
ma3_ema9_21_50_15m_follow_pmc,long,2024-03-25 09:45:00-04:00,2024-03-25 16:15:00-04:00,1.0817700000000001,1.0836599999999998,1.0,session_end,0.0018899999999997252,187.49999999997252
ma3_ema9_21_50_15m_follow_pmc,long,2024-03-26 04:00:00-04:00,2024-03-26 04:30:00-04:00,1.08376,1.08375,1.0,stack_break,-1.0000000000065512e-05,-2.500000000006551
ma3_ema9_21_50_15m_follow_pmc,long,2024-03-26 05:00:00-04:00,2024-03-26 14:30:00-04:00,1.08407,1.08465,1.0,stack_break,0.0005799999999998029,56.49999999998029
ma3_ema9_21_50_15m_follow_pmc,long,2024-03-28 04:45:00-04:00,2024-03-28 07:15:00-04:00,1.08237,1.08158,1.0,stack_break,-0.0007900000000000684,-80.50000000000685
ma3_ema9_21_50_15m_follow_pmc,short,2024-03-28 07:45:00-04:00,2024-03-28 13:15:00-04:00,1.08036,1.0817700000000001,1.0,stack_break,-0.0014100000000001334,-142.50000000001333
ma3_ema9_21_50_15m_follow_pmc,short,2024-03-29 04:00:00-04:00,2024-03-29 10:15:00-04:00,1.07744,1.0782900000000002,1.0,stack_break,-0.0008500000000002395,-86.50000000002395
ma3_ema9_21_50_15m_follow_pmc,short,2024-04-01 03:45:00-04:00,2024-04-01 07:45:00-04:00,1.0785699999999998,1.07905,1.0,stack_break,-0.000480000000000258,-49.5000000000258
ma3_ema9_21_50_15m_follow_pmc,short,2024-04-01 08:15:00-04:00,2024-04-01 08:45:00-04:00,1.07835,1.07905,1.0,stack_break,-0.000700000000000145,-71.5000000000145
ma3_ema9_21_50_15m_follow_pmc,short,2024-04-01 10:15:00-04:00,2024-04-01 16:15:00-04:00,1.07856,1.0732700000000002,1.0,session_end,0.005289999999999795,527.4999999999795
ma3_ema9_21_50_15m_follow_pmc,short,2024-04-02 03:00:00-04:00,2024-04-02 08:15:00-04:00,1.0731799999999998,1.07345,1.0,stack_break,-0.0002700000000002145,-28.50000000002145
ma3_ema9_21_50_15m_follow_pmc,short,2024-04-02 08:45:00-04:00,2024-04-02 09:30:00-04:00,1.07273,1.0738500000000002,1.0,stack_break,-0.001120000000000232,-113.50000000002319
ma3_ema9_21_50_15m_follow_pmc,long,2024-04-03 14:15:00-04:00,2024-04-03 16:15:00-04:00,1.08111,1.0825699999999998,1.0,session_end,0.0014599999999997948,144.49999999997948
ma3_ema9_21_50_15m_follow_pmc,long,2024-04-04 03:00:00-04:00,2024-04-04 16:15:00-04:00,1.0844200000000002,1.08645,1.0,session_end,0.0020299999999997542,201.49999999997542
ma3_ema9_21_50_15m_follow_pmc,long,2024-04-05 12:30:00-04:00,2024-04-05 12:45:00-04:00,1.0843500000000001,1.0807,1.0,stack_break,-0.003650000000000153,-366.5000000000153
ma3_ema9_21_50_15m_follow_pmc,long,2024-04-08 03:00:00-04:00,2024-04-08 06:45:00-04:00,1.0841100000000001,1.0830899999999999,1.0,stack_break,-0.001020000000000243,-103.5000000000243
ma3_ema9_21_50_15m_follow_pmc,long,2024-04-08 13:45:00-04:00,2024-04-08 16:15:00-04:00,1.0842,1.08513,1.0,session_end,0.0009299999999998754,91.49999999998754
ma3_ema9_21_50_15m_follow_pmc,long,2024-04-09 06:30:00-04:00,2024-04-09 06:45:00-04:00,1.08596,1.0854199999999998,1.0,stack_break,-0.000540000000000207,-55.5000000000207
ma3_ema9_21_50_15m_follow_pmc,long,2024-04-09 09:30:00-04:00,2024-04-09 15:30:00-04:00,1.08609,1.08548,1.0,stack_break,-0.0006099999999999994,-62.49999999999994
ma3_ema9_21_50_15m_follow_pmc,long,2024-04-10 09:45:00-04:00,2024-04-10 12:45:00-04:00,1.0861100000000001,1.0807699999999998,1.0,stack_break,-0.0053400000000003445,-535.5000000000344
ma3_ema9_21_50_15m_follow_pmc,short,2024-04-10 13:00:00-04:00,2024-04-10 16:15:00-04:00,1.0784699999999998,1.0735700000000001,1.0,session_end,0.004899999999999682,488.4999999999682
ma3_ema9_21_50_15m_follow_pmc,short,2024-04-11 06:15:00-04:00,2024-04-11 08:45:00-04:00,1.0740999999999998,1.07471,1.0,stack_break,-0.0006100000000002215,-62.50000000002215
ma3_ema9_21_50_15m_follow_pmc,short,2024-04-11 09:30:00-04:00,2024-04-11 13:30:00-04:00,1.07375,1.0745200000000001,1.0,stack_break,-0.0007700000000001594,-78.50000000001594
ma3_ema9_21_50_15m_follow_pmc,short,2024-04-11 14:30:00-04:00,2024-04-11 16:15:00-04:00,1.07235,1.0721800000000001,1.0,session_end,0.00016999999999978144,15.499999999978144
ma3_ema9_21_50_15m_follow_pmc,short,2024-04-12 03:00:00-04:00,2024-04-12 16:15:00-04:00,1.0724999999999998,1.06464,1.0,session_end,0.007859999999999756,784.4999999999756
ma3_ema9_21_50_15m_follow_pmc,short,2024-04-15 13:45:00-04:00,2024-04-15 16:15:00-04:00,1.06435,1.06448,1.0,session_end,-0.00013000000000018552,-14.500000000018552
ma3_ema9_21_50_15m_follow_pmc,short,2024-04-16 03:00:00-04:00,2024-04-16 06:15:00-04:00,1.0607499999999999,1.06203,1.0,stack_break,-0.0012800000000001699,-129.500000000017
ma3_ema9_21_50_15m_follow_pmc,short,2024-04-16 06:30:00-04:00,2024-04-16 08:15:00-04:00,1.06111,1.0618800000000002,1.0,stack_break,-0.0007700000000001594,-78.50000000001594
ma3_ema9_21_50_15m_follow_pmc,short,2024-04-17 06:15:00-04:00,2024-04-17 07:30:00-04:00,1.0610199999999999,1.0630600000000001,1.0,stack_break,-0.002040000000000264,-205.50000000002638
ma3_ema9_21_50_15m_follow_pmc,short,2024-04-18 13:15:00-04:00,2024-04-18 16:15:00-04:00,1.06616,1.06607,1.0,session_end,8.999999999992347e-05,7.4999999999923475
ma3_ema9_21_50_15m_follow_pmc,short,2024-04-19 03:00:00-04:00,2024-04-19 04:45:00-04:00,1.06184,1.0638500000000002,1.0,stack_break,-0.0020100000000002893,-202.50000000002893
ma3_ema9_21_50_15m_follow_pmc,short,2024-04-19 06:15:00-04:00,2024-04-19 06:30:00-04:00,1.0628199999999999,1.0637,1.0,stack_break,-0.0008800000000002139,-89.5000000000214
ma3_ema9_21_50_15m_follow_pmc,short,2024-04-22 09:15:00-04:00,2024-04-22 16:15:00-04:00,1.06571,1.0649000000000002,1.0,session_end,0.0008099999999997554,79.49999999997553
ma3_ema9_21_50_15m_follow_pmc,short,2024-04-23 06:30:00-04:00,2024-04-23 07:45:00-04:00,1.06399,1.06929,1.0,stack_break,-0.005300000000000082,-531.5000000000082
ma3_ema9_21_50_15m_follow_pmc,short,2024-04-24 08:00:00-04:00,2024-04-24 14:15:00-04:00,1.0686499999999999,1.0694100000000002,1.0,stack_break,-0.000760000000000316,-77.5000000000316
ma3_ema9_21_50_15m_follow_pmc,short,2024-04-24 15:30:00-04:00,2024-04-24 16:15:00-04:00,1.0685699999999998,1.0688600000000001,1.0,session_end,-0.00029000000000034554,-30.500000000034554
ma3_ema9_21_50_15m_follow_pmc,short,2024-04-25 13:45:00-04:00,2024-04-25 16:00:00-04:00,1.06845,1.0717400000000001,1.0,stack_break,-0.003290000000000237,-330.5000000000237
ma3_ema9_21_50_15m_follow_pmc,short,2024-04-26 13:00:00-04:00,2024-04-26 16:15:00-04:00,1.0719699999999999,1.06855,1.0,session_end,0.0034199999999997566,340.49999999997567
ma3_ema9_21_50_15m_follow_pmc,short,2024-04-29 13:30:00-04:00,2024-04-29 16:00:00-04:00,1.07012,1.0719500000000002,1.0,stack_break,-0.0018300000000002203,-184.50000000002203
ma3_ema9_21_50_15m_follow_pmc,short,2024-04-30 03:00:00-04:00,2024-04-30 09:15:00-04:00,1.07033,1.07149,1.0,stack_break,-0.0011600000000000499,-117.50000000000499
ma3_ema9_21_50_15m_follow_pmc,short,2024-04-30 14:30:00-04:00,2024-04-30 14:45:00-04:00,1.07116,1.0714700000000001,1.0,stack_break,-0.0003100000000002545,-32.50000000002545
ma3_ema9_21_50_15m_follow_pmc,short,2024-04-30 15:00:00-04:00,2024-04-30 16:15:00-04:00,1.07022,1.0686200000000001,1.0,session_end,0.0015999999999998238,158.49999999998238
ma3_ema9_21_50_15m_follow_pmc,short,2024-05-01 03:00:00-04:00,2024-05-01 08:15:00-04:00,1.0656999999999999,1.0662500000000001,1.0,stack_break,-0.0005500000000002725,-56.50000000002725
ma3_ema9_21_50_15m_follow_pmc,long,2024-05-01 11:45:00-04:00,2024-05-01 16:15:00-04:00,1.06715,1.06767,1.0,session_end,0.0005199999999998539,50.49999999998539
ma3_ema9_21_50_15m_follow_pmc,long,2024-05-02 03:00:00-04:00,2024-05-02 08:45:00-04:00,1.07204,1.07056,1.0,stack_break,-0.0014800000000001479,-149.50000000001478
ma3_ema9_21_50_15m_follow_pmc,long,2024-05-03 03:00:00-04:00,2024-05-03 07:30:00-04:00,1.07339,1.07279,1.0,stack_break,-0.000600000000000156,-61.500000000015596
ma3_ema9_21_50_15m_follow_pmc,long,2024-05-03 08:30:00-04:00,2024-05-03 16:15:00-04:00,1.07416,1.07673,1.0,session_end,0.002569999999999961,255.49999999999613
ma3_ema9_21_50_15m_follow_pmc,long,2024-05-06 03:00:00-04:00,2024-05-06 04:30:00-04:00,1.07671,1.07622,1.0,stack_break,-0.0004900000000001015,-50.50000000001015
ma3_ema9_21_50_15m_follow_pmc,long,2024-05-06 07:45:00-04:00,2024-05-06 08:15:00-04:00,1.0768300000000002,1.0759299999999998,1.0,stack_break,-0.000900000000000345,-91.5000000000345
ma3_ema9_21_50_15m_follow_pmc,long,2024-05-06 08:30:00-04:00,2024-05-06 16:15:00-04:00,1.07677,1.07778,1.0,session_end,0.0010099999999999554,99.49999999999554
ma3_ema9_21_50_15m_follow_pmc,long,2024-05-07 13:00:00-04:00,2024-05-07 16:15:00-04:00,1.0777500000000002,1.0766699999999998,1.0,session_end,-0.001080000000000414,-109.5000000000414
ma3_ema9_21_50_15m_follow_pmc,long,2024-05-08 14:15:00-04:00,2024-05-08 16:15:00-04:00,1.07528,1.07538,1.0,session_end,9.999999999998899e-05,8.499999999998899
ma3_ema9_21_50_15m_follow_pmc,long,2024-05-09 04:00:00-04:00,2024-05-09 05:30:00-04:00,1.07481,1.0743699999999998,1.0,stack_break,-0.000440000000000218,-45.5000000000218
ma3_ema9_21_50_15m_follow_pmc,long,2024-05-09 13:45:00-04:00,2024-05-09 16:15:00-04:00,1.076,1.07706,1.0,session_end,0.0010599999999998388,104.49999999998388
ma3_ema9_21_50_15m_follow_pmc,long,2024-05-10 06:30:00-04:00,2024-05-10 07:00:00-04:00,1.07816,1.0773599999999999,1.0,stack_break,-0.0008000000000001339,-81.50000000001339
ma3_ema9_21_50_15m_follow_pmc,long,2024-05-10 07:15:00-04:00,2024-05-10 11:30:00-04:00,1.07793,1.07785,1.0,stack_break,-8.000000000008001e-05,-9.500000000008
ma3_ema9_21_50_15m_follow_pmc,long,2024-05-10 14:15:00-04:00,2024-05-10 14:30:00-04:00,1.0787000000000002,1.0772,1.0,stack_break,-0.0015000000000002789,-151.50000000002788
ma3_ema9_21_50_15m_follow_pmc,long,2024-05-13 07:45:00-04:00,2024-05-13 16:15:00-04:00,1.0776000000000001,1.07961,1.0,session_end,0.0020099999999998452,199.49999999998454
ma3_ema9_21_50_15m_follow_pmc,long,2024-05-14 10:45:00-04:00,2024-05-14 16:15:00-04:00,1.07953,1.08167,1.0,session_end,0.0021399999999998087,212.49999999998087
ma3_ema9_21_50_15m_follow_pmc,long,2024-05-15 03:00:00-04:00,2024-05-15 11:30:00-04:00,1.08247,1.0825799999999999,1.0,stack_break,0.00010999999999983245,9.499999999983245
ma3_ema9_21_50_15m_follow_pmc,long,2024-05-15 12:30:00-04:00,2024-05-15 16:15:00-04:00,1.08319,1.0856,1.0,session_end,0.002409999999999801,239.4999999999801
ma3_ema9_21_50_15m_follow_pmc,long,2024-05-16 03:00:00-04:00,2024-05-16 04:45:00-04:00,1.0886900000000002,1.0884999999999998,1.0,stack_break,-0.00019000000000035655,-20.500000000035655
ma3_ema9_21_50_15m_follow_pmc,long,2024-05-16 05:00:00-04:00,2024-05-16 05:15:00-04:00,1.08871,1.08839,1.0,stack_break,-0.000320000000000098,-33.5000000000098
ma3_ema9_21_50_15m_follow_pmc,long,2024-05-17 15:30:00-04:00,2024-05-17 16:15:00-04:00,1.08695,1.08686,1.0,session_end,-9.000000000014552e-05,-10.500000000014552
ma3_ema9_21_50_15m_follow_pmc,long,2024-05-20 03:00:00-04:00,2024-05-20 07:45:00-04:00,1.08739,1.08714,1.0,stack_break,-0.0002500000000000835,-26.50000000000835
ma3_ema9_21_50_15m_follow_pmc,long,2024-05-21 08:00:00-04:00,2024-05-21 12:45:00-04:00,1.08671,1.0857899999999998,1.0,stack_break,-0.000920000000000254,-93.5000000000254
ma3_ema9_21_50_15m_follow_pmc,long,2024-05-22 03:00:00-04:00,2024-05-22 04:00:00-04:00,1.08586,1.0853199999999998,1.0,stack_break,-0.000540000000000207,-55.5000000000207
ma3_ema9_21_50_15m_follow_pmc,long,2024-05-22 07:15:00-04:00,2024-05-22 07:45:00-04:00,1.0863600000000002,1.0851499999999998,1.0,stack_break,-0.0012100000000003774,-122.50000000003774
ma3_ema9_21_50_15m_follow_pmc,long,2024-05-23 08:45:00-04:00,2024-05-23 14:45:00-04:00,1.08431,1.08316,1.0,stack_break,-0.0011500000000002064,-116.50000000002063
ma3_ema9_21_50_15m_follow_pmc,long,2024-05-24 08:30:00-04:00,2024-05-24 16:15:00-04:00,1.0823200000000002,1.08496,1.0,session_end,0.0026399999999997537,262.4999999999754
ma3_ema9_21_50_15m_follow_pmc,long,2024-05-27 03:00:00-04:00,2024-05-27 04:45:00-04:00,1.08495,1.08479,1.0,stack_break,-0.00016000000000016001,-17.500000000016
ma3_ema9_21_50_15m_follow_pmc,long,2024-05-27 07:45:00-04:00,2024-05-27 13:00:00-04:00,1.0851000000000002,1.0848,1.0,stack_break,-0.000300000000000189,-31.5000000000189
ma3_ema9_21_50_15m_follow_pmc,long,2024-05-27 15:00:00-04:00,2024-05-27 16:15:00-04:00,1.0857400000000001,1.0858999999999999,1.0,session_end,0.00015999999999971593,14.499999999971593
ma3_ema9_21_50_15m_follow_pmc,long,2024-05-28 03:00:00-04:00,2024-05-28 09:00:00-04:00,1.0875000000000001,1.08676,1.0,stack_break,-0.000740000000000185,-75.5000000000185
ma3_ema9_21_50_15m_follow_pmc,long,2024-05-28 10:30:00-04:00,2024-05-28 14:00:00-04:00,1.0879400000000001,1.0869799999999998,1.0,stack_break,-0.000960000000000294,-97.50000000002939
ma3_ema9_21_50_15m_follow_pmc,long,2024-05-30 09:45:00-04:00,2024-05-30 16:15:00-04:00,1.0817700000000001,1.0837199999999998,1.0,session_end,0.0019499999999996742,193.49999999996743
ma3_ema9_21_50_15m_follow_pmc,long,2024-05-31 09:15:00-04:00,2024-05-31 16:15:00-04:00,1.08389,1.08442,1.0,session_end,0.0005299999999999194,51.49999999999194
ma3_ema9_21_50_15m_follow_pmc,long,2024-06-03 03:00:00-04:00,2024-06-03 06:00:00-04:00,1.08548,1.0848499999999999,1.0,stack_break,-0.0006300000000001305,-64.50000000001305
ma3_ema9_21_50_15m_follow_pmc,long,2024-06-03 07:15:00-04:00,2024-06-03 07:30:00-04:00,1.0858400000000001,1.08482,1.0,stack_break,-0.001020000000000243,-103.5000000000243
ma3_ema9_21_50_15m_follow_pmc,short,2024-06-03 08:15:00-04:00,2024-06-03 12:45:00-04:00,1.08377,1.0847600000000002,1.0,stack_break,-0.0009900000000002684,-100.50000000002684
ma3_ema9_21_50_15m_follow_pmc,long,2024-06-03 14:15:00-04:00,2024-06-03 16:15:00-04:00,1.08678,1.0889,1.0,session_end,0.0021199999999998997,210.49999999998997
ma3_ema9_21_50_15m_follow_pmc,long,2024-06-04 03:00:00-04:00,2024-06-04 06:15:00-04:00,1.09075,1.0902399999999999,1.0,stack_break,-0.0005100000000002325,-52.50000000002325
ma3_ema9_21_50_15m_follow_pmc,long,2024-06-05 03:00:00-04:00,2024-06-05 03:45:00-04:00,1.08847,1.08764,1.0,stack_break,-0.0008300000000001084,-84.50000000001084
ma3_ema9_21_50_15m_follow_pmc,long,2024-06-05 14:15:00-04:00,2024-06-05 14:30:00-04:00,1.08827,1.08635,1.0,stack_break,-0.0019200000000001438,-193.50000000001438
ma3_ema9_21_50_15m_follow_pmc,long,2024-06-06 03:00:00-04:00,2024-06-06 06:30:00-04:00,1.0895000000000001,1.08828,1.0,stack_break,-0.001220000000000221,-123.50000000002208
ma3_ema9_21_50_15m_follow_pmc,long,2024-06-06 13:45:00-04:00,2024-06-06 16:15:00-04:00,1.0883200000000002,1.08808,1.0,session_end,-0.00024000000000024002,-25.500000000024002
ma3_ema9_21_50_15m_follow_pmc,long,2024-06-07 03:00:00-04:00,2024-06-07 06:15:00-04:00,1.0898100000000002,1.0888799999999998,1.0,stack_break,-0.0009300000000003195,-94.50000000003195
ma3_ema9_21_50_15m_follow_pmc,long,2024-06-07 08:00:00-04:00,2024-06-07 08:15:00-04:00,1.08953,1.08913,1.0,stack_break,-0.000400000000000178,-41.5000000000178
ma3_ema9_21_50_15m_follow_pmc,long,2024-06-07 10:45:00-04:00,2024-06-07 11:15:00-04:00,1.0892700000000002,1.0887499999999999,1.0,stack_break,-0.000520000000000298,-53.5000000000298
ma3_ema9_21_50_15m_follow_pmc,long,2024-06-07 12:00:00-04:00,2024-06-07 12:45:00-04:00,1.0897100000000002,1.08489,1.0,stack_break,-0.0048200000000002685,-483.50000000002683
ma3_ema9_21_50_15m_follow_pmc,short,2024-06-07 13:00:00-04:00,2024-06-07 16:15:00-04:00,1.08265,1.0808200000000001,1.0,session_end,0.0018299999999997763,181.49999999997763
ma3_ema9_21_50_15m_follow_pmc,short,2024-06-10 03:00:00-04:00,2024-06-10 16:15:00-04:00,1.07689,1.0752000000000002,1.0,session_end,0.0016899999999997473,167.49999999997473
ma3_ema9_21_50_15m_follow_pmc,short,2024-06-11 09:15:00-04:00,2024-06-11 16:15:00-04:00,1.07435,1.0733300000000001,1.0,session_end,0.0010199999999997988,100.49999999997988
ma3_ema9_21_50_15m_follow_pmc,short,2024-06-12 05:00:00-04:00,2024-06-12 06:15:00-04:00,1.07368,1.07434,1.0,stack_break,-0.000660000000000105,-67.50000000001049
ma3_ema9_21_50_15m_follow_pmc,long,2024-06-12 15:15:00-04:00,2024-06-12 16:15:00-04:00,1.0846200000000001,1.08426,1.0,session_end,-0.000360000000000138,-37.5000000000138
ma3_ema9_21_50_15m_follow_pmc,short,2024-06-13 05:15:00-04:00,2024-06-13 08:00:00-04:00,1.0803299999999998,1.08153,1.0,stack_break,-0.001200000000000312,-121.50000000003119
ma3_ema9_21_50_15m_follow_pmc,short,2024-06-13 10:00:00-04:00,2024-06-13 16:15:00-04:00,1.08038,1.0753400000000002,1.0,session_end,0.005039999999999711,502.4999999999711
ma3_ema9_21_50_15m_follow_pmc,short,2024-06-14 04:30:00-04:00,2024-06-14 16:15:00-04:00,1.0737199999999998,1.06963,1.0,session_end,0.004089999999999705,407.4999999999705
ma3_ema9_21_50_15m_follow_pmc,short,2024-06-17 06:15:00-04:00,2024-06-17 08:30:00-04:00,1.06948,1.0709300000000002,1.0,stack_break,-0.0014500000000001734,-146.50000000001734
ma3_ema9_21_50_15m_follow_pmc,short,2024-06-18 05:15:00-04:00,2024-06-18 07:15:00-04:00,1.0720299999999998,1.0734100000000002,1.0,stack_break,-0.001380000000000381,-139.50000000003809
ma3_ema9_21_50_15m_follow_pmc,short,2024-06-18 08:30:00-04:00,2024-06-18 13:00:00-04:00,1.07229,1.07312,1.0,stack_break,-0.0008300000000001084,-84.50000000001084
ma3_ema9_21_50_15m_follow_pmc,short,2024-06-19 07:15:00-04:00,2024-06-19 09:00:00-04:00,1.0731799999999998,1.0741800000000001,1.0,stack_break,-0.001000000000000334,-101.5000000000334
ma3_ema9_21_50_15m_follow_pmc,short,2024-06-20 03:00:00-04:00,2024-06-20 15:00:00-04:00,1.0738899999999998,1.07301,1.0,stack_break,0.0008799999999997699,86.49999999997698
ma3_ema9_21_50_15m_follow_pmc,short,2024-06-20 15:15:00-04:00,2024-06-20 16:15:00-04:00,1.07215,1.0706900000000001,1.0,session_end,0.0014599999999997948,144.49999999997948
ma3_ema9_21_50_15m_follow_pmc,short,2024-06-21 07:45:00-04:00,2024-06-21 16:15:00-04:00,1.06784,1.0693300000000001,1.0,session_end,-0.0014900000000002134,-150.50000000002134
ma3_ema9_21_50_15m_follow_pmc,short,2024-06-24 03:00:00-04:00,2024-06-24 03:45:00-04:00,1.06887,1.06929,1.0,stack_break,-0.00042000000000008697,-43.5000000000087
ma3_ema9_21_50_15m_follow_pmc,short,2024-06-25 09:30:00-04:00,2024-06-25 16:15:00-04:00,1.0729799999999998,1.07037,1.0,session_end,0.002609999999999779,259.49999999997794
ma3_ema9_21_50_15m_follow_pmc,short,2024-06-26 03:30:00-04:00,2024-06-26 16:15:00-04:00,1.071,1.0679800000000002,1.0,session_end,0.0030199999999998006,300.49999999998005
ma3_ema9_21_50_15m_follow_pmc,short,2024-06-28 03:00:00-04:00,2024-06-28 07:30:00-04:00,1.0695899999999998,1.06956,1.0,stack_break,2.9999999999752447e-05,1.4999999999752447
ma3_ema9_21_50_15m_follow_pmc,long,2024-07-01 03:00:00-04:00,2024-07-01 10:30:00-04:00,1.0748600000000001,1.0747799999999998,1.0,stack_break,-8.000000000030205e-05,-9.500000000030205
ma3_ema9_21_50_15m_follow_pmc,long,2024-07-01 14:15:00-04:00,2024-07-01 14:30:00-04:00,1.0761500000000002,1.07466,1.0,stack_break,-0.0014900000000002134,-150.50000000002134
ma3_ema9_21_50_15m_follow_pmc,short,2024-07-01 15:15:00-04:00,2024-07-01 16:15:00-04:00,1.07289,1.07271,1.0,session_end,0.00017999999999984695,16.499999999984695
ma3_ema9_21_50_15m_follow_pmc,short,2024-07-02 03:30:00-04:00,2024-07-02 12:30:00-04:00,1.0733199999999998,1.0731300000000001,1.0,stack_break,0.00018999999999969042,17.49999999996904
ma3_ema9_21_50_15m_follow_pmc,long,2024-07-02 14:15:00-04:00,2024-07-02 16:15:00-04:00,1.07369,1.07351,1.0,session_end,-0.000180000000000069,-19.5000000000069
ma3_ema9_21_50_15m_follow_pmc,long,2024-07-03 07:30:00-04:00,2024-07-03 16:15:00-04:00,1.0754000000000001,1.07982,1.0,session_end,0.0044199999999998685,440.49999999998687
ma3_ema9_21_50_15m_follow_pmc,long,2024-07-04 03:00:00-04:00,2024-07-04 03:15:00-04:00,1.0787600000000002,1.07856,1.0,stack_break,-0.00020000000000020002,-21.500000000020002
ma3_ema9_21_50_15m_follow_pmc,long,2024-07-04 07:00:00-04:00,2024-07-04 16:15:00-04:00,1.07935,1.08097,1.0,session_end,0.0016199999999999548,160.49999999999548
ma3_ema9_21_50_15m_follow_pmc,long,2024-07-05 03:00:00-04:00,2024-07-05 12:00:00-04:00,1.0816800000000002,1.08221,1.0,stack_break,0.0005299999999996974,51.49999999996974
ma3_ema9_21_50_15m_follow_pmc,long,2024-07-05 12:45:00-04:00,2024-07-05 14:15:00-04:00,1.0835000000000001,1.08161,1.0,stack_break,-0.0018900000000001693,-190.50000000001694
ma3_ema9_21_50_15m_follow_pmc,long,2024-07-05 16:00:00-04:00,2024-07-05 16:15:00-04:00,1.08268,1.08266,1.0,session_end,-2.0000000000131024e-05,-3.5000000000131024
ma3_ema9_21_50_15m_follow_pmc,long,2024-07-08 03:00:00-04:00,2024-07-08 05:45:00-04:00,1.0828300000000002,1.08246,1.0,stack_break,-0.0003700000000002035,-38.50000000002035
ma3_ema9_21_50_15m_follow_pmc,long,2024-07-08 08:00:00-04:00,2024-07-08 11:45:00-04:00,1.08363,1.0827799999999999,1.0,stack_break,-0.0008500000000002395,-86.50000000002395
ma3_ema9_21_50_15m_follow_pmc,long,2024-07-08 12:30:00-04:00,2024-07-08 15:45:00-04:00,1.08386,1.0833199999999998,1.0,stack_break,-0.000540000000000207,-55.5000000000207
ma3_ema9_21_50_15m_follow_pmc,long,2024-07-10 03:45:00-04:00,2024-07-10 09:00:00-04:00,1.0821,1.0813,1.0,stack_break,-0.0008000000000001339,-81.50000000001339
ma3_ema9_21_50_15m_follow_pmc,long,2024-07-10 09:45:00-04:00,2024-07-10 16:15:00-04:00,1.0823,1.08211,1.0,session_end,-0.0001900000000001345,-20.50000000001345
ma3_ema9_21_50_15m_follow_pmc,long,2024-07-11 03:00:00-04:00,2024-07-11 07:00:00-04:00,1.0839,1.08331,1.0,stack_break,-0.0005900000000000905,-60.500000000009045
ma3_ema9_21_50_15m_follow_pmc,long,2024-07-11 08:00:00-04:00,2024-07-11 16:15:00-04:00,1.08397,1.08686,1.0,session_end,0.002889999999999837,287.49999999998374
ma3_ema9_21_50_15m_follow_pmc,long,2024-07-12 04:00:00-04:00,2024-07-12 07:00:00-04:00,1.08698,1.08649,1.0,stack_break,-0.0004900000000001015,-50.50000000001015
ma3_ema9_21_50_15m_follow_pmc,long,2024-07-12 08:15:00-04:00,2024-07-12 16:15:00-04:00,1.0876700000000001,1.0902999999999998,1.0,session_end,0.002629999999999688,261.4999999999688
ma3_ema9_21_50_15m_follow_pmc,long,2024-07-15 05:45:00-04:00,2024-07-15 07:00:00-04:00,1.0895700000000001,1.08899,1.0,stack_break,-0.000580000000000247,-59.5000000000247
ma3_ema9_21_50_15m_follow_pmc,long,2024-07-15 08:30:00-04:00,2024-07-15 16:15:00-04:00,1.09024,1.0909099999999998,1.0,session_end,0.0006699999999997264,65.49999999997263
ma3_ema9_21_50_15m_follow_pmc,long,2024-07-16 09:45:00-04:00,2024-07-16 13:00:00-04:00,1.0899,1.08825,1.0,stack_break,-0.0016500000000001513,-166.50000000001512
ma3_ema9_21_50_15m_follow_pmc,long,2024-07-17 03:00:00-04:00,2024-07-17 07:15:00-04:00,1.0906600000000002,1.08987,1.0,stack_break,-0.0007900000000002905,-80.50000000002905
ma3_ema9_21_50_15m_follow_pmc,long,2024-07-17 07:30:00-04:00,2024-07-17 16:15:00-04:00,1.0904800000000001,1.0932,1.0,session_end,0.0027199999999998337,270.49999999998334
ma3_ema9_21_50_15m_follow_pmc,long,2024-07-22 03:15:00-04:00,2024-07-22 05:00:00-04:00,1.0892600000000001,1.08889,1.0,stack_break,-0.0003700000000002035,-38.50000000002035
ma3_ema9_21_50_15m_follow_pmc,long,2024-07-22 10:00:00-04:00,2024-07-22 11:45:00-04:00,1.0893400000000002,1.08866,1.0,stack_break,-0.000680000000000236,-69.50000000002359
ma3_ema9_21_50_15m_follow_pmc,long,2024-07-23 03:00:00-04:00,2024-07-23 05:45:00-04:00,1.08935,1.0888099999999998,1.0,stack_break,-0.000540000000000207,-55.5000000000207
ma3_ema9_21_50_15m_follow_pmc,long,2024-07-24 13:30:00-04:00,2024-07-24 16:15:00-04:00,1.08556,1.0851099999999998,1.0,session_end,-0.0004500000000002835,-46.50000000002835
ma3_ema9_21_50_15m_follow_pmc,long,2024-07-25 09:00:00-04:00,2024-07-25 13:45:00-04:00,1.0845200000000002,1.0840299999999998,1.0,stack_break,-0.0004900000000003235,-50.50000000003235
ma3_ema9_21_50_15m_follow_pmc,long,2024-07-25 15:00:00-04:00,2024-07-25 16:15:00-04:00,1.0851300000000001,1.0858899999999998,1.0,session_end,0.0007599999999996498,74.49999999996498
ma3_ema9_21_50_15m_follow_pmc,long,2024-07-26 03:00:00-04:00,2024-07-26 06:45:00-04:00,1.0855700000000001,1.0851199999999999,1.0,stack_break,-0.0004500000000002835,-46.50000000002835
ma3_ema9_21_50_15m_follow_pmc,long,2024-07-26 10:15:00-04:00,2024-07-26 15:45:00-04:00,1.0855700000000001,1.08547,1.0,stack_break,-0.00010000000000021103,-11.500000000021103
ma3_ema9_21_50_15m_follow_pmc,long,2024-07-26 16:00:00-04:00,2024-07-26 16:15:00-04:00,1.08592,1.0856,1.0,session_end,-0.000320000000000098,-33.5000000000098
ma3_ema9_21_50_15m_follow_pmc,long,2024-07-29 03:00:00-04:00,2024-07-29 05:15:00-04:00,1.08681,1.0858999999999999,1.0,stack_break,-0.0009100000000001884,-92.50000000001884
ma3_ema9_21_50_15m_follow_pmc,long,2024-07-30 08:45:00-04:00,2024-07-30 12:30:00-04:00,1.0832000000000002,1.08209,1.0,stack_break,-0.0011100000000001664,-112.50000000001664
ma3_ema9_21_50_15m_follow_pmc,long,2024-07-31 03:00:00-04:00,2024-07-31 07:00:00-04:00,1.08277,1.0816199999999998,1.0,stack_break,-0.0011500000000002064,-116.50000000002063
ma3_ema9_21_50_15m_follow_pmc,long,2024-07-31 09:45:00-04:00,2024-07-31 15:30:00-04:00,1.0826200000000001,1.08201,1.0,stack_break,-0.0006100000000002215,-62.50000000002215
ma3_ema9_21_50_15m_follow_pmc,long,2024-08-01 03:00:00-04:00,2024-08-01 06:15:00-04:00,1.0829900000000001,1.08245,1.0,stack_break,-0.000540000000000207,-55.5000000000207
ma3_ema9_21_50_15m_follow_pmc,short,2024-08-01 07:00:00-04:00,2024-08-01 14:15:00-04:00,1.0813499999999998,1.0813700000000002,1.0,stack_break,-2.000000000035307e-05,-3.500000000035307
ma3_ema9_21_50_15m_follow_pmc,short,2024-08-01 15:30:00-04:00,2024-08-01 16:15:00-04:00,1.07866,1.07887,1.0,session_end,-0.00021000000000004349,-22.50000000000435
ma3_ema9_21_50_15m_follow_pmc,short,2024-08-02 03:00:00-04:00,2024-08-02 03:15:00-04:00,1.0787399999999998,1.07915,1.0,stack_break,-0.0004100000000002435,-42.50000000002435
ma3_ema9_21_50_15m_follow_pmc,long,2024-08-02 11:15:00-04:00,2024-08-02 16:15:00-04:00,1.0825600000000002,1.09107,1.0,session_end,0.008509999999999796,849.4999999999795
ma3_ema9_21_50_15m_follow_pmc,long,2024-08-05 03:00:00-04:00,2024-08-05 06:30:00-04:00,1.09189,1.0903299999999998,1.0,stack_break,-0.0015600000000002279,-157.5000000000228
ma3_ema9_21_50_15m_follow_pmc,long,2024-08-05 07:45:00-04:00,2024-08-05 16:15:00-04:00,1.0949600000000002,1.09564,1.0,session_end,0.0006799999999997919,66.4999999999792
ma3_ema9_21_50_15m_follow_pmc,long,2024-08-07 14:45:00-04:00,2024-08-07 16:15:00-04:00,1.09257,1.09236,1.0,session_end,-0.00021000000000004349,-22.50000000000435
ma3_ema9_21_50_15m_follow_pmc,long,2024-08-08 03:00:00-04:00,2024-08-08 10:00:00-04:00,1.09328,1.0928499999999999,1.0,stack_break,-0.0004300000000001525,-44.50000000001525
ma3_ema9_21_50_15m_follow_pmc,long,2024-08-09 03:00:00-04:00,2024-08-09 09:00:00-04:00,1.0922900000000002,1.09137,1.0,stack_break,-0.000920000000000254,-93.5000000000254
ma3_ema9_21_50_15m_follow_pmc,long,2024-08-09 14:45:00-04:00,2024-08-09 16:15:00-04:00,1.0929200000000001,1.0922599999999998,1.0,session_end,-0.000660000000000327,-67.5000000000327
ma3_ema9_21_50_15m_follow_pmc,long,2024-08-12 03:00:00-04:00,2024-08-12 03:45:00-04:00,1.0919500000000002,1.09133,1.0,stack_break,-0.000620000000000287,-63.5000000000287
ma3_ema9_21_50_15m_follow_pmc,long,2024-08-12 06:00:00-04:00,2024-08-12 13:00:00-04:00,1.0919800000000002,1.09175,1.0,stack_break,-0.0002300000000001745,-24.50000000001745
ma3_ema9_21_50_15m_follow_pmc,long,2024-08-12 13:45:00-04:00,2024-08-12 14:45:00-04:00,1.0927900000000002,1.0921599999999998,1.0,stack_break,-0.0006300000000003525,-64.50000000003524
ma3_ema9_21_50_15m_follow_pmc,long,2024-08-12 15:00:00-04:00,2024-08-12 16:15:00-04:00,1.0926200000000001,1.0925699999999998,1.0,session_end,-5.000000000032756e-05,-6.500000000032756
ma3_ema9_21_50_15m_follow_pmc,long,2024-08-13 03:00:00-04:00,2024-08-13 07:30:00-04:00,1.09355,1.09263,1.0,stack_break,-0.0009200000000000319,-93.50000000000318
ma3_ema9_21_50_15m_follow_pmc,long,2024-08-13 13:15:00-04:00,2024-08-13 16:15:00-04:00,1.09424,1.0954,1.0,session_end,0.0011599999999998278,114.49999999998278
ma3_ema9_21_50_15m_follow_pmc,long,2024-08-14 03:00:00-04:00,2024-08-14 03:30:00-04:00,1.0992000000000002,1.09906,1.0,stack_break,-0.00014000000000025103,-15.500000000025103
ma3_ema9_21_50_15m_follow_pmc,long,2024-08-14 05:30:00-04:00,2024-08-14 06:15:00-04:00,1.09949,1.0988,1.0,stack_break,-0.0006900000000000794,-70.50000000000794
ma3_ema9_21_50_15m_follow_pmc,long,2024-08-14 07:15:00-04:00,2024-08-14 16:15:00-04:00,1.09989,1.1023399999999999,1.0,session_end,0.002449999999999841,243.4999999999841
ma3_ema9_21_50_15m_follow_pmc,long,2024-08-15 12:30:00-04:00,2024-08-15 12:45:00-04:00,1.10131,1.09846,1.0,stack_break,-0.002850000000000019,-286.50000000000193
ma3_ema9_21_50_15m_follow_pmc,long,2024-08-16 06:15:00-04:00,2024-08-16 16:15:00-04:00,1.0984900000000002,1.09968,1.0,session_end,0.0011899999999998023,117.49999999998023
ma3_ema9_21_50_15m_follow_pmc,long,2024-08-19 03:00:00-04:00,2024-08-19 10:00:00-04:00,1.10304,1.10384,1.0,stack_break,0.0007999999999999119,78.49999999999119
ma3_ema9_21_50_15m_follow_pmc,long,2024-08-19 12:30:00-04:00,2024-08-19 12:45:00-04:00,1.10416,1.10371,1.0,stack_break,-0.00045000000000006146,-46.500000000006146
ma3_ema9_21_50_15m_follow_pmc,long,2024-08-19 14:15:00-04:00,2024-08-19 16:15:00-04:00,1.10463,1.10696,1.0,session_end,0.0023299999999999432,231.49999999999432
ma3_ema9_21_50_15m_follow_pmc,long,2024-08-20 07:15:00-04:00,2024-08-20 07:45:00-04:00,1.10827,1.10736,1.0,stack_break,-0.0009100000000001884,-92.50000000001884
ma3_ema9_21_50_15m_follow_pmc,long,2024-08-20 08:15:00-04:00,2024-08-20 10:15:00-04:00,1.1088300000000002,1.10754,1.0,stack_break,-0.0012900000000002354,-130.50000000002353
ma3_ema9_21_50_15m_follow_pmc,long,2024-08-20 11:15:00-04:00,2024-08-20 16:15:00-04:00,1.10836,1.11048,1.0,session_end,0.0021199999999998997,210.49999999998997
ma3_ema9_21_50_15m_follow_pmc,long,2024-08-21 07:45:00-04:00,2024-08-21 08:00:00-04:00,1.1126500000000001,1.1113899999999999,1.0,stack_break,-0.001260000000000261,-127.50000000002609
ma3_ema9_21_50_15m_follow_pmc,long,2024-08-21 10:45:00-04:00,2024-08-21 11:45:00-04:00,1.11251,1.1111499999999999,1.0,stack_break,-0.00136000000000025,-137.50000000002498
ma3_ema9_21_50_15m_follow_pmc,long,2024-08-21 13:00:00-04:00,2024-08-21 14:15:00-04:00,1.1130200000000001,1.1103399999999999,1.0,stack_break,-0.0026800000000002377,-269.50000000002376
ma3_ema9_21_50_15m_follow_pmc,long,2024-08-21 15:15:00-04:00,2024-08-21 16:15:00-04:00,1.1126900000000002,1.1141599999999998,1.0,session_end,0.0014699999999996383,145.49999999996382
ma3_ema9_21_50_15m_follow_pmc,long,2024-08-22 07:15:00-04:00,2024-08-22 08:00:00-04:00,1.1150300000000002,1.11371,1.0,stack_break,-0.00132000000000021,-133.50000000002098
ma3_ema9_21_50_15m_follow_pmc,long,2024-08-23 03:00:00-04:00,2024-08-23 08:00:00-04:00,1.1125200000000002,1.1115499999999998,1.0,stack_break,-0.0009700000000003595,-98.50000000003595
ma3_ema9_21_50_15m_follow_pmc,long,2024-08-23 14:30:00-04:00,2024-08-23 16:15:00-04:00,1.1161,1.11743,1.0,session_end,0.0013299999999998313,131.49999999998312
ma3_ema9_21_50_15m_follow_pmc,long,2024-08-26 03:00:00-04:00,2024-08-26 03:30:00-04:00,1.11922,1.11873,1.0,stack_break,-0.0004900000000001015,-50.50000000001015
ma3_ema9_21_50_15m_follow_pmc,long,2024-08-27 04:45:00-04:00,2024-08-27 07:15:00-04:00,1.1169300000000002,1.11641,1.0,stack_break,-0.000520000000000298,-53.5000000000298
ma3_ema9_21_50_15m_follow_pmc,long,2024-08-27 07:30:00-04:00,2024-08-27 08:15:00-04:00,1.11707,1.11618,1.0,stack_break,-0.0008900000000000574,-90.50000000000574
ma3_ema9_21_50_15m_follow_pmc,long,2024-08-27 08:30:00-04:00,2024-08-27 10:45:00-04:00,1.11707,1.1162299999999998,1.0,stack_break,-0.0008400000000001739,-85.5000000000174
ma3_ema9_21_50_15m_follow_pmc,long,2024-08-29 03:00:00-04:00,2024-08-29 07:30:00-04:00,1.1132000000000002,1.11177,1.0,stack_break,-0.0014300000000002644,-144.50000000002643
ma3_ema9_21_50_15m_follow_pmc,long,2024-08-30 08:30:00-04:00,2024-08-30 13:00:00-04:00,1.10874,1.1066099999999999,1.0,stack_break,-0.0021300000000001873,-214.50000000001873
ma3_ema9_21_50_15m_follow_pmc,short,2024-09-02 04:30:00-04:00,2024-09-02 06:15:00-04:00,1.10449,1.1055700000000002,1.0,stack_break,-0.001080000000000192,-109.50000000001918
ma3_ema9_21_50_15m_follow_pmc,long,2024-09-02 07:15:00-04:00,2024-09-02 12:45:00-04:00,1.1064900000000002,1.10605,1.0,stack_break,-0.000440000000000218,-45.5000000000218
ma3_ema9_21_50_15m_follow_pmc,long,2024-09-02 13:00:00-04:00,2024-09-02 16:15:00-04:00,1.1067300000000002,1.10673,1.0,session_end,-2.220446049250313e-16,-1.5000000000222045
ma3_ema9_21_50_15m_follow_pmc,short,2024-09-03 09:30:00-04:00,2024-09-03 13:45:00-04:00,1.10361,1.1063,1.0,stack_break,-0.002690000000000081,-270.50000000000813
ma3_ema9_21_50_15m_follow_pmc,short,2024-09-03 15:30:00-04:00,2024-09-03 16:15:00-04:00,1.1037199999999998,1.1043900000000002,1.0,session_end,-0.0006700000000003925,-68.50000000003925
ma3_ema9_21_50_15m_follow_pmc,long,2024-09-04 03:00:00-04:00,2024-09-04 10:15:00-04:00,1.10549,1.1051799999999998,1.0,stack_break,-0.0003100000000002545,-32.50000000002545
ma3_ema9_21_50_15m_follow_pmc,short,2024-09-04 12:45:00-04:00,2024-09-04 13:45:00-04:00,1.1043299999999998,1.1055700000000002,1.0,stack_break,-0.001240000000000352,-125.50000000003519
ma3_ema9_21_50_15m_follow_pmc,long,2024-09-04 14:00:00-04:00,2024-09-04 16:15:00-04:00,1.1054700000000002,1.1078999999999999,1.0,session_end,0.00242999999999971,241.499999999971
ma3_ema9_21_50_15m_follow_pmc,long,2024-09-05 03:00:00-04:00,2024-09-05 03:30:00-04:00,1.10833,1.1076199999999998,1.0,stack_break,-0.0007100000000002105,-72.50000000002105
ma3_ema9_21_50_15m_follow_pmc,long,2024-09-05 06:30:00-04:00,2024-09-05 14:45:00-04:00,1.10843,1.10862,1.0,stack_break,0.00018999999999991246,17.499999999991246
ma3_ema9_21_50_15m_follow_pmc,long,2024-09-06 03:00:00-04:00,2024-09-06 09:30:00-04:00,1.1111300000000002,1.1109099999999998,1.0,stack_break,-0.00022000000000033104,-23.500000000033104
ma3_ema9_21_50_15m_follow_pmc,long,2024-09-06 13:00:00-04:00,2024-09-06 13:45:00-04:00,1.11311,1.10977,1.0,stack_break,-0.0033400000000001207,-335.50000000001205
ma3_ema9_21_50_15m_follow_pmc,short,2024-09-09 10:45:00-04:00,2024-09-09 16:15:00-04:00,1.10411,1.1042900000000002,1.0,session_end,-0.00018000000000029104,-19.500000000029104
ma3_ema9_21_50_15m_follow_pmc,short,2024-09-10 03:00:00-04:00,2024-09-10 04:00:00-04:00,1.1034199999999998,1.10382,1.0,stack_break,-0.000400000000000178,-41.5000000000178
ma3_ema9_21_50_15m_follow_pmc,short,2024-09-10 09:15:00-04:00,2024-09-10 16:15:00-04:00,1.10367,1.1026500000000001,1.0,session_end,0.0010199999999997988,100.49999999997988
ma3_ema9_21_50_15m_follow_pmc,long,2024-09-11 05:00:00-04:00,2024-09-11 12:45:00-04:00,1.1046200000000002,1.10229,1.0,stack_break,-0.0023300000000001653,-234.50000000001654
ma3_ema9_21_50_15m_follow_pmc,short,2024-09-11 13:15:00-04:00,2024-09-11 16:15:00-04:00,1.10191,1.1011000000000002,1.0,session_end,0.0008099999999997554,79.49999999997553
ma3_ema9_21_50_15m_follow_pmc,short,2024-09-12 03:00:00-04:00,2024-09-12 04:15:00-04:00,1.10113,1.1014300000000001,1.0,stack_break,-0.000300000000000189,-31.5000000000189
ma3_ema9_21_50_15m_follow_pmc,short,2024-09-12 07:30:00-04:00,2024-09-12 09:00:00-04:00,1.10083,1.1021100000000001,1.0,stack_break,-0.0012800000000001699,-129.500000000017
ma3_ema9_21_50_15m_follow_pmc,long,2024-09-13 03:00:00-04:00,2024-09-13 06:45:00-04:00,1.1086,1.10767,1.0,stack_break,-0.0009300000000000974,-94.50000000000975
ma3_ema9_21_50_15m_follow_pmc,long,2024-09-13 08:15:00-04:00,2024-09-13 12:15:00-04:00,1.1091000000000002,1.10824,1.0,stack_break,-0.000860000000000305,-87.5000000000305
ma3_ema9_21_50_15m_follow_pmc,long,2024-09-13 13:15:00-04:00,2024-09-13 15:45:00-04:00,1.1094300000000001,1.10855,1.0,stack_break,-0.0008800000000002139,-89.5000000000214
ma3_ema9_21_50_15m_follow_pmc,long,2024-09-16 03:00:00-04:00,2024-09-16 16:15:00-04:00,1.10894,1.1122999999999998,1.0,session_end,0.0033599999999998076,334.4999999999808
ma3_ema9_21_50_15m_follow_pmc,long,2024-09-17 03:00:00-04:00,2024-09-17 03:30:00-04:00,1.1129,1.11258,1.0,stack_break,-0.000320000000000098,-33.5000000000098
ma3_ema9_21_50_15m_follow_pmc,long,2024-09-17 06:30:00-04:00,2024-09-17 07:30:00-04:00,1.1130600000000002,1.11171,1.0,stack_break,-0.0013500000000001844,-136.50000000001845
ma3_ema9_21_50_15m_follow_pmc,long,2024-09-17 08:00:00-04:00,2024-09-17 13:15:00-04:00,1.11339,1.1124299999999998,1.0,stack_break,-0.000960000000000294,-97.50000000002939
ma3_ema9_21_50_15m_follow_pmc,long,2024-09-18 03:00:00-04:00,2024-09-18 05:30:00-04:00,1.11264,1.11191,1.0,stack_break,-0.0007300000000001194,-74.50000000001194
ma3_ema9_21_50_15m_follow_pmc,long,2024-09-18 08:15:00-04:00,2024-09-18 12:15:00-04:00,1.1130300000000002,1.11235,1.0,stack_break,-0.000680000000000236,-69.50000000002359
ma3_ema9_21_50_15m_follow_pmc,long,2024-09-18 13:45:00-04:00,2024-09-18 14:45:00-04:00,1.11386,1.1115,1.0,stack_break,-0.0023600000000001398,-237.50000000001398
ma3_ema9_21_50_15m_follow_pmc,long,2024-09-19 06:15:00-04:00,2024-09-19 13:00:00-04:00,1.11332,1.1129499999999999,1.0,stack_break,-0.0003700000000002035,-38.50000000002035
ma3_ema9_21_50_15m_follow_pmc,long,2024-09-20 03:00:00-04:00,2024-09-20 08:45:00-04:00,1.1161500000000002,1.11588,1.0,stack_break,-0.0002700000000002145,-28.50000000002145
ma3_ema9_21_50_15m_follow_pmc,long,2024-09-20 12:45:00-04:00,2024-09-20 14:15:00-04:00,1.11722,1.1146999999999998,1.0,stack_break,-0.0025200000000002998,-253.50000000002998
ma3_ema9_21_50_15m_follow_pmc,long,2024-09-23 03:45:00-04:00,2024-09-23 07:00:00-04:00,1.11646,1.1158499999999998,1.0,stack_break,-0.0006100000000002215,-62.50000000002215
ma3_ema9_21_50_15m_follow_pmc,long,2024-09-24 08:00:00-04:00,2024-09-24 16:15:00-04:00,1.1130000000000002,1.11502,1.0,session_end,0.0020199999999996887,200.49999999996888
ma3_ema9_21_50_15m_follow_pmc,long,2024-09-25 03:00:00-04:00,2024-09-25 07:45:00-04:00,1.1194700000000002,1.11882,1.0,stack_break,-0.0006500000000002615,-66.50000000002615
ma3_ema9_21_50_15m_follow_pmc,long,2024-09-25 12:15:00-04:00,2024-09-25 15:00:00-04:00,1.1195400000000002,1.11736,1.0,stack_break,-0.002180000000000293,-219.50000000002927
ma3_ema9_21_50_15m_follow_pmc,long,2024-09-26 07:00:00-04:00,2024-09-26 08:30:00-04:00,1.1156100000000002,1.1136199999999998,1.0,stack_break,-0.0019900000000003804,-200.50000000003803
ma3_ema9_21_50_15m_follow_pmc,long,2024-09-26 10:00:00-04:00,2024-09-26 10:15:00-04:00,1.11488,1.11405,1.0,stack_break,-0.0008300000000001084,-84.50000000001084
ma3_ema9_21_50_15m_follow_pmc,long,2024-09-26 11:00:00-04:00,2024-09-26 14:15:00-04:00,1.11532,1.1140199999999998,1.0,stack_break,-0.001300000000000301,-131.5000000000301
ma3_ema9_21_50_15m_follow_pmc,long,2024-09-26 15:00:00-04:00,2024-09-26 16:15:00-04:00,1.11664,1.1179,1.0,session_end,0.0012599999999998168,124.49999999998168
ma3_ema9_21_50_15m_follow_pmc,long,2024-09-27 13:00:00-04:00,2024-09-27 16:15:00-04:00,1.1183400000000001,1.11561,1.0,session_end,-0.0027300000000001212,-274.5000000000121
ma3_ema9_21_50_15m_follow_pmc,long,2024-09-30 08:15:00-04:00,2024-09-30 13:45:00-04:00,1.11751,1.11727,1.0,stack_break,-0.00024000000000001798,-25.500000000001798
ma3_ema9_21_50_15m_follow_pmc,short,2024-10-01 04:30:00-04:00,2024-10-01 05:15:00-04:00,1.1134199999999999,1.11419,1.0,stack_break,-0.0007700000000001594,-78.50000000001594
ma3_ema9_21_50_15m_follow_pmc,short,2024-10-01 06:30:00-04:00,2024-10-01 16:15:00-04:00,1.1131099999999998,1.1069200000000001,1.0,session_end,0.006189999999999696,617.4999999999695
ma3_ema9_21_50_15m_follow_pmc,short,2024-10-02 03:00:00-04:00,2024-10-02 03:45:00-04:00,1.10645,1.1070600000000002,1.0,stack_break,-0.0006100000000002215,-62.50000000002215
ma3_ema9_21_50_15m_follow_pmc,short,2024-10-02 05:15:00-04:00,2024-10-02 08:00:00-04:00,1.10615,1.10714,1.0,stack_break,-0.0009900000000000464,-100.50000000000463
ma3_ema9_21_50_15m_follow_pmc,short,2024-10-02 12:45:00-04:00,2024-10-02 16:15:00-04:00,1.10597,1.1050600000000002,1.0,session_end,0.0009099999999997443,89.49999999997443
ma3_ema9_21_50_15m_follow_pmc,short,2024-10-03 03:00:00-04:00,2024-10-03 08:45:00-04:00,1.10364,1.10437,1.0,stack_break,-0.0007300000000001194,-74.50000000001194
ma3_ema9_21_50_15m_follow_pmc,short,2024-10-03 13:15:00-04:00,2024-10-03 14:00:00-04:00,1.10323,1.10419,1.0,stack_break,-0.0009600000000000719,-97.50000000000719
ma3_ema9_21_50_15m_follow_pmc,short,2024-10-03 14:15:00-04:00,2024-10-03 16:15:00-04:00,1.1028799999999999,1.1015700000000002,1.0,session_end,0.0013099999999997003,129.49999999997004
ma3_ema9_21_50_15m_follow_pmc,short,2024-10-04 03:30:00-04:00,2024-10-04 06:30:00-04:00,1.1026699999999998,1.10321,1.0,stack_break,-0.000540000000000207,-55.5000000000207
ma3_ema9_21_50_15m_follow_pmc,short,2024-10-04 08:30:00-04:00,2024-10-04 11:30:00-04:00,1.10258,1.1031000000000002,1.0,stack_break,-0.000520000000000298,-53.5000000000298
ma3_ema9_21_50_15m_follow_pmc,short,2024-10-04 12:45:00-04:00,2024-10-04 16:15:00-04:00,1.0977199999999998,1.0960500000000002,1.0,session_end,0.0016699999999996162,165.49999999996163
ma3_ema9_21_50_15m_follow_pmc,short,2024-10-07 04:15:00-04:00,2024-10-07 04:45:00-04:00,1.0971199999999999,1.09735,1.0,stack_break,-0.0002300000000001745,-24.50000000001745
ma3_ema9_21_50_15m_follow_pmc,short,2024-10-07 05:00:00-04:00,2024-10-07 08:45:00-04:00,1.09706,1.09749,1.0,stack_break,-0.0004300000000001525,-44.50000000001525
ma3_ema9_21_50_15m_follow_pmc,short,2024-10-07 09:30:00-04:00,2024-10-07 11:45:00-04:00,1.09642,1.0972000000000002,1.0,stack_break,-0.000780000000000225,-79.5000000000225
ma3_ema9_21_50_15m_follow_pmc,short,2024-10-08 13:30:00-04:00,2024-10-08 16:15:00-04:00,1.0977899999999998,1.09697,1.0,session_end,0.0008199999999998209,80.4999999999821
ma3_ema9_21_50_15m_follow_pmc,short,2024-10-09 03:00:00-04:00,2024-10-09 10:45:00-04:00,1.0970099999999998,1.0967300000000002,1.0,stack_break,0.0002799999999996139,26.49999999996139
ma3_ema9_21_50_15m_follow_pmc,short,2024-10-09 11:00:00-04:00,2024-10-09 11:15:00-04:00,1.09629,1.09664,1.0,stack_break,-0.0003500000000000725,-36.50000000000725
ma3_ema9_21_50_15m_follow_pmc,short,2024-10-09 11:45:00-04:00,2024-10-09 16:15:00-04:00,1.0960999999999999,1.0949200000000001,1.0,session_end,0.0011799999999997368,116.49999999997368
ma3_ema9_21_50_15m_follow_pmc,short,2024-10-10 05:15:00-04:00,2024-10-10 13:30:00-04:00,1.0940999999999999,1.0943200000000002,1.0,stack_break,-0.00022000000000033104,-23.500000000033104
ma3_ema9_21_50_15m_follow_pmc,short,2024-10-10 14:45:00-04:00,2024-10-10 16:15:00-04:00,1.09219,1.0925200000000002,1.0,session_end,-0.0003300000000001635,-34.50000000001635
ma3_ema9_21_50_15m_follow_pmc,short,2024-10-11 13:15:00-04:00,2024-10-11 13:30:00-04:00,1.0931899999999999,1.0937400000000002,1.0,stack_break,-0.0005500000000002725,-56.50000000002725
ma3_ema9_21_50_15m_follow_pmc,short,2024-10-11 13:45:00-04:00,2024-10-11 14:30:00-04:00,1.0933799999999998,1.0943100000000001,1.0,stack_break,-0.0009300000000003195,-94.50000000003195
ma3_ema9_21_50_15m_follow_pmc,short,2024-10-14 03:00:00-04:00,2024-10-14 06:30:00-04:00,1.09253,1.09297,1.0,stack_break,-0.00043999999999999595,-45.499999999999595
ma3_ema9_21_50_15m_follow_pmc,short,2024-10-14 11:15:00-04:00,2024-10-14 16:15:00-04:00,1.0922599999999998,1.09074,1.0,session_end,0.0015199999999997438,150.49999999997436
ma3_ema9_21_50_15m_follow_pmc,short,2024-10-15 03:00:00-04:00,2024-10-15 08:30:00-04:00,1.0902599999999998,1.09078,1.0,stack_break,-0.000520000000000298,-53.5000000000298
ma3_ema9_21_50_15m_follow_pmc,short,2024-10-16 05:30:00-04:00,2024-10-16 09:45:00-04:00,1.0886699999999998,1.08962,1.0,stack_break,-0.0009500000000002284,-96.50000000002285
ma3_ema9_21_50_15m_follow_pmc,short,2024-10-16 14:45:00-04:00,2024-10-16 16:15:00-04:00,1.0876299999999999,1.08729,1.0,session_end,0.0003399999999997849,32.49999999997849
ma3_ema9_21_50_15m_follow_pmc,short,2024-10-17 03:00:00-04:00,2024-10-17 10:00:00-04:00,1.08594,1.08613,1.0,stack_break,-0.0001900000000001345,-20.50000000001345
ma3_ema9_21_50_15m_follow_pmc,short,2024-10-17 13:00:00-04:00,2024-10-17 16:15:00-04:00,1.08446,1.08373,1.0,session_end,0.0007299999999998974,71.49999999998974
ma3_ema9_21_50_15m_follow_pmc,short,2024-10-21 06:45:00-04:00,2024-10-21 13:00:00-04:00,1.08551,1.08565,1.0,stack_break,-0.000140000000000029,-15.500000000002899
ma3_ema9_21_50_15m_follow_pmc,short,2024-10-21 14:15:00-04:00,2024-10-21 16:15:00-04:00,1.08455,1.08214,1.0,session_end,0.002409999999999801,239.4999999999801
ma3_ema9_21_50_15m_follow_pmc,short,2024-10-22 03:45:00-04:00,2024-10-22 04:15:00-04:00,1.08154,1.0819200000000002,1.0,stack_break,-0.000380000000000269,-39.5000000000269
ma3_ema9_21_50_15m_follow_pmc,short,2024-10-22 12:45:00-04:00,2024-10-22 16:15:00-04:00,1.0815,1.0805,1.0,session_end,0.0009999999999998899,98.49999999998899
ma3_ema9_21_50_15m_follow_pmc,short,2024-10-23 07:00:00-04:00,2024-10-23 16:00:00-04:00,1.07937,1.07816,1.0,stack_break,0.0012099999999999334,119.49999999999334
ma3_ema9_21_50_15m_follow_pmc,short,2024-10-28 04:00:00-04:00,2024-10-28 07:15:00-04:00,1.07839,1.07952,1.0,stack_break,-0.0011300000000000754,-114.50000000000753
ma3_ema9_21_50_15m_follow_pmc,short,2024-10-29 04:00:00-04:00,2024-10-29 08:30:00-04:00,1.0806699999999998,1.08153,1.0,stack_break,-0.000860000000000305,-87.5000000000305
ma3_ema9_21_50_15m_follow_pmc,short,2024-10-29 11:30:00-04:00,2024-10-29 16:15:00-04:00,1.0797899999999998,1.0801200000000002,1.0,session_end,-0.00033000000000038554,-34.500000000038554
ma3_ema9_21_50_15m_follow_pmc,short,2024-10-31 05:00:00-04:00,2024-10-31 07:45:00-04:00,1.0847799999999999,1.0855800000000002,1.0,stack_break,-0.000800000000000356,-81.5000000000356
ma3_ema9_21_50_15m_follow_pmc,short,2024-11-01 08:00:00-04:00,2024-11-01 12:45:00-04:00,1.0871899999999999,1.08827,1.0,stack_break,-0.001080000000000192,-109.50000000001918
ma3_ema9_21_50_15m_follow_pmc,long,2024-11-01 13:15:00-04:00,2024-11-01 14:45:00-04:00,1.08885,1.08602,1.0,stack_break,-0.00283000000000011,-284.500000000011
ma3_ema9_21_50_15m_follow_pmc,short,2024-11-01 15:00:00-04:00,2024-11-01 16:15:00-04:00,1.08523,1.08498,1.0,session_end,0.00024999999999986144,23.499999999986144
ma3_ema9_21_50_15m_follow_pmc,long,2024-11-04 03:00:00-05:00,2024-11-04 16:15:00-05:00,1.08922,1.0899299999999998,1.0,session_end,0.0007099999999997664,69.49999999997664
ma3_ema9_21_50_15m_follow_pmc,short,2024-11-05 03:00:00-05:00,2024-11-05 03:45:00-05:00,1.0875599999999999,1.0879400000000001,1.0,stack_break,-0.000380000000000269,-39.5000000000269
ma3_ema9_21_50_15m_follow_pmc,short,2024-11-05 04:00:00-05:00,2024-11-05 06:00:00-05:00,1.08764,1.08799,1.0,stack_break,-0.0003500000000000725,-36.50000000000725
ma3_ema9_21_50_15m_follow_pmc,long,2024-11-05 08:15:00-05:00,2024-11-05 16:15:00-05:00,1.0890300000000002,1.0901399999999999,1.0,session_end,0.0011099999999997223,109.49999999997223
ma3_ema9_21_50_15m_follow_pmc,short,2024-11-06 03:00:00-05:00,2024-11-06 16:15:00-05:00,1.0772899999999999,1.0739,1.0,session_end,0.003389999999999782,337.49999999997823
ma3_ema9_21_50_15m_follow_pmc,short,2024-11-07 03:00:00-05:00,2024-11-07 03:30:00-05:00,1.0732899999999999,1.0735100000000002,1.0,stack_break,-0.00022000000000033104,-23.500000000033104
ma3_ema9_21_50_15m_follow_pmc,short,2024-11-08 04:15:00-05:00,2024-11-08 11:45:00-05:00,1.07768,1.07948,1.0,stack_break,-0.0018000000000000238,-181.5000000000024
ma3_ema9_21_50_15m_follow_pmc,short,2024-11-08 12:45:00-05:00,2024-11-08 16:15:00-05:00,1.0768799999999998,1.07495,1.0,session_end,0.0019299999999997652,191.49999999997652
ma3_ema9_21_50_15m_follow_pmc,short,2024-11-11 04:45:00-05:00,2024-11-11 16:15:00-05:00,1.07138,1.0649600000000001,1.0,session_end,0.00641999999999987,640.499999999987
ma3_ema9_21_50_15m_follow_pmc,short,2024-11-12 03:00:00-05:00,2024-11-12 16:15:00-05:00,1.06432,1.0608700000000002,1.0,session_end,0.003449999999999731,343.4999999999731
ma3_ema9_21_50_15m_follow_pmc,short,2024-11-13 05:45:00-05:00,2024-11-13 10:00:00-05:00,1.0612199999999998,1.0624600000000002,1.0,stack_break,-0.001240000000000352,-125.50000000003519
ma3_ema9_21_50_15m_follow_pmc,short,2024-11-13 15:30:00-05:00,2024-11-13 16:15:00-05:00,1.0570599999999999,1.05919,1.0,session_end,-0.0021300000000001873,-214.50000000001873
ma3_ema9_21_50_15m_follow_pmc,short,2024-11-14 03:00:00-05:00,2024-11-14 13:30:00-05:00,1.05531,1.0540800000000001,1.0,stack_break,0.0012299999999998423,121.49999999998423
ma3_ema9_21_50_15m_follow_pmc,short,2024-11-14 14:00:00-05:00,2024-11-14 14:30:00-05:00,1.0521099999999999,1.0546300000000002,1.0,stack_break,-0.0025200000000002998,-253.50000000002998
ma3_ema9_21_50_15m_follow_pmc,short,2024-11-15 16:00:00-05:00,2024-11-15 16:15:00-05:00,1.0529099999999998,1.0534100000000002,1.0,session_end,-0.000500000000000389,-51.5000000000389
ma3_ema9_21_50_15m_follow_pmc,short,2024-11-18 04:00:00-05:00,2024-11-18 06:30:00-05:00,1.0531,1.0541800000000001,1.0,stack_break,-0.001080000000000192,-109.50000000001918
ma3_ema9_21_50_15m_follow_pmc,short,2024-11-19 09:00:00-05:00,2024-11-19 13:45:00-05:00,1.05728,1.05789,1.0,stack_break,-0.0006099999999999994,-62.49999999999994
ma3_ema9_21_50_15m_follow_pmc,short,2024-11-20 07:15:00-05:00,2024-11-20 16:15:00-05:00,1.0587,1.0525300000000002,1.0,session_end,0.006169999999999787,615.4999999999786
ma3_ema9_21_50_15m_follow_pmc,short,2024-11-21 07:45:00-05:00,2024-11-21 15:15:00-05:00,1.0530799999999998,1.0535800000000002,1.0,stack_break,-0.000500000000000389,-51.5000000000389
ma3_ema9_21_50_15m_follow_pmc,short,2024-11-22 03:00:00-05:00,2024-11-22 08:00:00-05:00,1.0469,1.04855,1.0,stack_break,-0.0016500000000001513,-166.50000000001512
ma3_ema9_21_50_15m_follow_pmc,short,2024-11-22 09:15:00-05:00,2024-11-22 16:15:00-05:00,1.04348,1.04119,1.0,session_end,0.0022899999999999032,227.49999999999034
ma3_ema9_21_50_15m_follow_pmc,short,2024-11-26 03:00:00-05:00,2024-11-26 04:30:00-05:00,1.0456999999999999,1.04824,1.0,stack_break,-0.0025400000000002088,-255.50000000002086
ma3_ema9_21_50_15m_follow_pmc,short,2024-11-27 03:30:00-05:00,2024-11-27 07:45:00-05:00,1.04788,1.04953,1.0,stack_break,-0.0016500000000001513,-166.50000000001512
ma3_ema9_21_50_15m_follow_pmc,short,2024-11-28 06:45:00-05:00,2024-11-28 11:45:00-05:00,1.0548,1.0556100000000002,1.0,stack_break,-0.0008100000000001994,-82.50000000001995
ma3_ema9_21_50_15m_follow_pmc,short,2024-11-28 13:45:00-05:00,2024-11-28 15:30:00-05:00,1.05409,1.05552,1.0,stack_break,-0.0014300000000000423,-144.50000000000423
ma3_ema9_21_50_15m_follow_pmc,short,2024-11-29 12:00:00-05:00,2024-11-29 16:15:00-05:00,1.05625,1.0557500000000002,1.0,session_end,0.0004999999999997229,48.49999999997229
ma3_ema9_21_50_15m_follow_pmc,short,2024-12-02 03:00:00-05:00,2024-12-02 11:45:00-05:00,1.05242,1.05267,1.0,stack_break,-0.0002500000000000835,-26.50000000000835
ma3_ema9_21_50_15m_follow_pmc,short,2024-12-02 13:15:00-05:00,2024-12-02 16:15:00-05:00,1.0505,1.04708,1.0,session_end,0.0034199999999999786,340.49999999999784
ma3_ema9_21_50_15m_follow_pmc,short,2024-12-03 03:00:00-05:00,2024-12-03 07:45:00-05:00,1.0490199999999998,1.0505900000000001,1.0,stack_break,-0.0015700000000002934,-158.50000000002933
ma3_ema9_21_50_15m_follow_pmc,short,2024-12-04 03:00:00-05:00,2024-12-04 05:30:00-05:00,1.0500099999999999,1.05129,1.0,stack_break,-0.0012800000000001699,-129.500000000017
ma3_ema9_21_50_15m_follow_pmc,short,2024-12-04 09:15:00-05:00,2024-12-04 15:30:00-05:00,1.0490899999999999,1.05244,1.0,stack_break,-0.003350000000000186,-336.50000000001864
ma3_ema9_21_50_15m_follow_pmc,long,2024-12-05 14:30:00-05:00,2024-12-05 16:15:00-05:00,1.05766,1.05721,1.0,session_end,-0.00045000000000006146,-46.500000000006146
ma3_ema9_21_50_15m_follow_pmc,long,2024-12-06 08:15:00-05:00,2024-12-06 15:15:00-05:00,1.0583200000000001,1.0568,1.0,stack_break,-0.0015200000000001879,-153.5000000000188
ma3_ema9_21_50_15m_follow_pmc,short,2024-12-06 16:00:00-05:00,2024-12-06 16:15:00-05:00,1.0553499999999998,1.05628,1.0,session_end,-0.0009300000000003195,-94.50000000003195
ma3_ema9_21_50_15m_follow_pmc,short,2024-12-09 03:00:00-05:00,2024-12-09 08:00:00-05:00,1.05521,1.0550300000000001,1.0,stack_break,0.00017999999999984695,16.499999999984695
ma3_ema9_21_50_15m_follow_pmc,long,2024-12-09 10:30:00-05:00,2024-12-09 16:15:00-05:00,1.05796,1.0592199999999998,1.0,session_end,0.0012599999999998168,124.49999999998168
ma3_ema9_21_50_15m_follow_pmc,short,2024-12-10 03:00:00-05:00,2024-12-10 04:15:00-05:00,1.05575,1.0558200000000002,1.0,stack_break,-7.000000000023654e-05,-8.500000000023654
ma3_ema9_21_50_15m_follow_pmc,short,2024-12-10 08:15:00-05:00,2024-12-10 16:15:00-05:00,1.05496,1.0505900000000001,1.0,session_end,0.004369999999999763,435.4999999999763
ma3_ema9_21_50_15m_follow_pmc,short,2024-12-11 05:30:00-05:00,2024-12-11 13:45:00-05:00,1.0523699999999998,1.0513400000000002,1.0,stack_break,0.0010299999999996423,101.49999999996423
ma3_ema9_21_50_15m_follow_pmc,short,2024-12-11 15:45:00-05:00,2024-12-11 16:15:00-05:00,1.0495999999999999,1.04898,1.0,session_end,0.0006199999999998429,60.49999999998429
ma3_ema9_21_50_15m_follow_pmc,short,2024-12-12 12:30:00-05:00,2024-12-12 16:15:00-05:00,1.04992,1.0474400000000001,1.0,session_end,0.0024799999999998157,246.49999999998158
ma3_ema9_21_50_15m_follow_pmc,short,2024-12-13 03:00:00-05:00,2024-12-13 08:45:00-05:00,1.04643,1.0469000000000002,1.0,stack_break,-0.0004700000000001925,-48.50000000001925
ma3_ema9_21_50_15m_follow_pmc,short,2024-12-16 11:15:00-05:00,2024-12-16 16:15:00-05:00,1.04884,1.0509300000000001,1.0,session_end,-0.0020900000000001473,-210.50000000001472
ma3_ema9_21_50_15m_follow_pmc,short,2024-12-17 06:30:00-05:00,2024-12-17 13:30:00-05:00,1.0501999999999998,1.04986,1.0,stack_break,0.0003399999999997849,32.49999999997849
ma3_ema9_21_50_15m_follow_pmc,short,2024-12-18 09:45:00-05:00,2024-12-18 12:00:00-05:00,1.04945,1.05017,1.0,stack_break,-0.0007200000000000539,-73.5000000000054
ma3_ema9_21_50_15m_follow_pmc,short,2024-12-18 12:30:00-05:00,2024-12-18 16:15:00-05:00,1.0492899999999998,1.04732,1.0,session_end,0.0019699999999998052,195.49999999998053
ma3_ema9_21_50_15m_follow_pmc,short,2024-12-19 03:00:00-05:00,2024-12-19 03:30:00-05:00,1.03758,1.0381200000000002,1.0,stack_break,-0.000540000000000207,-55.5000000000207
ma3_ema9_21_50_15m_follow_pmc,short,2024-12-19 16:00:00-05:00,2024-12-19 16:15:00-05:00,1.0387199999999999,1.03787,1.0,session_end,0.0008499999999997954,83.49999999997954
ma3_ema9_21_50_15m_follow_pmc,short,2024-12-20 03:00:00-05:00,2024-12-20 07:15:00-05:00,1.0359699999999998,1.0378800000000001,1.0,stack_break,-0.0019100000000003003,-192.50000000003004
ma3_ema9_21_50_15m_follow_pmc,short,2024-12-23 09:00:00-05:00,2024-12-23 16:15:00-05:00,1.0412,1.03939,1.0,session_end,0.0018099999999998673,179.49999999998673
ma3_ema9_21_50_15m_follow_pmc,short,2024-12-24 03:00:00-05:00,2024-12-24 09:00:00-05:00,1.0397399999999999,1.04017,1.0,stack_break,-0.0004300000000001525,-44.50000000001525
ma3_ema9_21_50_15m_follow_pmc,short,2024-12-24 09:15:00-05:00,2024-12-24 09:30:00-05:00,1.03937,1.03986,1.0,stack_break,-0.0004900000000001015,-50.50000000001015
ma3_ema9_21_50_15m_follow_pmc,short,2024-12-24 09:45:00-05:00,2024-12-24 11:30:00-05:00,1.0395899999999998,1.0403,1.0,stack_break,-0.0007100000000002105,-72.50000000002105
ma3_ema9_21_50_15m_follow_pmc,short,2024-12-26 03:00:00-05:00,2024-12-26 03:45:00-05:00,1.03968,1.04024,1.0,stack_break,-0.000560000000000116,-57.500000000011596
ma3_ema9_21_50_15m_follow_pmc,short,2024-12-26 07:15:00-05:00,2024-12-26 10:30:00-05:00,1.03978,1.04018,1.0,stack_break,-0.000400000000000178,-41.5000000000178
ma3_ema9_21_50_15m_follow_pmc,short,2024-12-26 12:45:00-05:00,2024-12-26 13:30:00-05:00,1.03931,1.0405200000000001,1.0,stack_break,-0.0012100000000001554,-122.50000000001555
ma3_ema9_21_50_15m_follow_pmc,short,2024-12-27 04:30:00-05:00,2024-12-27 08:30:00-05:00,1.0410599999999999,1.0425000000000002,1.0,stack_break,-0.00144000000000033,-145.500000000033
ma3_ema9_21_50_15m_follow_pmc,short,2024-12-30 08:45:00-05:00,2024-12-30 10:30:00-05:00,1.04199,1.0440800000000001,1.0,stack_break,-0.0020900000000001473,-210.50000000001472
ma3_ema9_21_50_15m_follow_pmc,short,2024-12-30 14:45:00-05:00,2024-12-30 16:15:00-05:00,1.03948,1.03821,1.0,session_end,0.0012699999999998823,125.49999999998823
ma3_ema9_21_50_15m_follow_pmc,short,2024-12-31 06:00:00-05:00,2024-12-31 08:00:00-05:00,1.0405399999999998,1.04119,1.0,stack_break,-0.0006500000000002615,-66.50000000002615
ma3_ema9_21_50_15m_follow_pmc,short,2024-12-31 13:30:00-05:00,2024-12-31 16:15:00-05:00,1.03893,1.03567,1.0,session_end,0.0032599999999998186,324.49999999998187
ma3_ema9_21_50_15m_follow_pmc,long,2025-01-02 08:00:00-05:00,2025-01-02 08:30:00-05:00,1.0368400000000002,1.03579,1.0,stack_break,-0.0010500000000002174,-106.50000000002174
ma3_ema9_21_50_15m_follow_pmc,short,2025-01-02 08:45:00-05:00,2025-01-02 16:15:00-05:00,1.03477,1.02739,1.0,session_end,0.007379999999999942,736.4999999999942
ma3_ema9_21_50_15m_follow_pmc,short,2025-01-03 05:30:00-05:00,2025-01-03 05:45:00-05:00,1.0265199999999999,1.02729,1.0,stack_break,-0.0007700000000001594,-78.50000000001594
ma3_ema9_21_50_15m_follow_pmc,long,2025-01-06 09:30:00-05:00,2025-01-06 16:15:00-05:00,1.03597,1.0390899999999998,1.0,session_end,0.0031199999999997896,310.49999999997897
ma3_ema9_21_50_15m_follow_pmc,long,2025-01-07 04:00:00-05:00,2025-01-07 12:45:00-05:00,1.0392700000000001,1.0403499999999999,1.0,stack_break,0.0010799999999997478,106.49999999997479
ma3_ema9_21_50_15m_follow_pmc,short,2025-01-08 07:45:00-05:00,2025-01-08 16:15:00-05:00,1.03422,1.03004,1.0,session_end,0.0041799999999998505,416.49999999998505
ma3_ema9_21_50_15m_follow_pmc,short,2025-01-09 04:45:00-05:00,2025-01-09 10:00:00-05:00,1.0308,1.0310300000000001,1.0,stack_break,-0.0002300000000001745,-24.50000000001745
ma3_ema9_21_50_15m_follow_pmc,short,2025-01-09 10:15:00-05:00,2025-01-09 10:45:00-05:00,1.03043,1.0310000000000001,1.0,stack_break,-0.0005700000000001815,-58.50000000001815
ma3_ema9_21_50_15m_follow_pmc,short,2025-01-09 11:00:00-05:00,2025-01-09 13:45:00-05:00,1.03022,1.0314500000000002,1.0,stack_break,-0.0012300000000002864,-124.50000000002865
ma3_ema9_21_50_15m_follow_pmc,short,2025-01-09 16:00:00-05:00,2025-01-09 16:15:00-05:00,1.02971,1.03003,1.0,session_end,-0.000320000000000098,-33.5000000000098
ma3_ema9_21_50_15m_follow_pmc,short,2025-01-10 04:30:00-05:00,2025-01-10 08:45:00-05:00,1.02961,1.03045,1.0,stack_break,-0.0008400000000001739,-85.5000000000174
ma3_ema9_21_50_15m_follow_pmc,short,2025-01-10 13:45:00-05:00,2025-01-10 16:15:00-05:00,1.02466,1.0249100000000002,1.0,session_end,-0.00025000000000030553,-26.500000000030553
ma3_ema9_21_50_15m_follow_pmc,short,2025-01-13 03:00:00-05:00,2025-01-13 14:30:00-05:00,1.0239099999999999,1.02069,1.0,stack_break,0.0032199999999997786,320.49999999997783
ma3_ema9_21_50_15m_follow_pmc,short,2025-01-13 15:30:00-05:00,2025-01-13 16:15:00-05:00,1.01995,1.0197500000000002,1.0,session_end,0.00019999999999975593,18.499999999975593
ma3_ema9_21_50_15m_follow_pmc,short,2025-01-16 03:00:00-05:00,2025-01-16 07:45:00-05:00,1.0290899999999998,1.0297100000000001,1.0,stack_break,-0.000620000000000287,-63.5000000000287
ma3_ema9_21_50_15m_follow_pmc,short,2025-01-16 10:15:00-05:00,2025-01-16 15:45:00-05:00,1.0285199999999999,1.0299900000000002,1.0,stack_break,-0.0014700000000003044,-148.50000000003044
ma3_ema9_21_50_15m_follow_pmc,short,2025-01-17 06:00:00-05:00,2025-01-17 09:30:00-05:00,1.02884,1.03007,1.0,stack_break,-0.0012300000000000644,-124.50000000000644
ma3_ema9_21_50_15m_follow_pmc,short,2025-01-17 14:15:00-05:00,2025-01-17 15:30:00-05:00,1.02864,1.0322600000000002,1.0,stack_break,-0.0036200000000001786,-363.50000000001785
ma3_ema9_21_50_15m_follow_pmc,long,2025-01-20 14:00:00-05:00,2025-01-20 16:15:00-05:00,1.03824,1.0396599999999998,1.0,session_end,0.0014199999999997548,140.49999999997547
ma3_ema9_21_50_15m_follow_pmc,short,2025-01-21 10:00:00-05:00,2025-01-21 14:00:00-05:00,1.0346899999999999,1.03752,1.0,stack_break,-0.00283000000000011,-284.500000000011
ma3_ema9_21_50_15m_follow_pmc,long,2025-01-21 15:30:00-05:00,2025-01-21 16:15:00-05:00,1.0389400000000002,1.03996,1.0,session_end,0.0010199999999997988,100.49999999997988
ma3_ema9_21_50_15m_follow_pmc,long,2025-01-22 04:45:00-05:00,2025-01-22 05:45:00-05:00,1.0420800000000001,1.0410499999999998,1.0,stack_break,-0.0010300000000003084,-104.50000000003084
ma3_ema9_21_50_15m_follow_pmc,long,2025-01-22 08:30:00-05:00,2025-01-22 14:30:00-05:00,1.04183,1.0417599999999998,1.0,stack_break,-7.000000000023654e-05,-8.500000000023654
ma3_ema9_21_50_15m_follow_pmc,long,2025-01-23 12:00:00-05:00,2025-01-23 12:15:00-05:00,1.04116,1.04005,1.0,stack_break,-0.0011100000000001664,-112.50000000001664
ma3_ema9_21_50_15m_follow_pmc,long,2025-01-24 03:00:00-05:00,2025-01-24 13:45:00-05:00,1.04481,1.0466,1.0,stack_break,0.0017899999999999583,177.49999999999582
ma3_ema9_21_50_15m_follow_pmc,long,2025-01-24 15:15:00-05:00,2025-01-24 16:15:00-05:00,1.0494100000000002,1.05168,1.0,session_end,0.002269999999999772,225.4999999999772
ma3_ema9_21_50_15m_follow_pmc,long,2025-01-27 10:15:00-05:00,2025-01-27 16:15:00-05:00,1.04918,1.04982,1.0,session_end,0.0006399999999999739,62.49999999999739
ma3_ema9_21_50_15m_follow_pmc,long,2025-01-29 04:00:00-05:00,2025-01-29 07:45:00-05:00,1.0438100000000001,1.04199,1.0,stack_break,-0.0018200000000001548,-183.5000000000155
ma3_ema9_21_50_15m_follow_pmc,long,2025-01-30 03:00:00-05:00,2025-01-30 05:15:00-05:00,1.04248,1.0418399999999999,1.0,stack_break,-0.000640000000000196,-65.5000000000196
ma3_ema9_21_50_15m_follow_pmc,long,2025-01-30 14:30:00-05:00,2025-01-30 16:15:00-05:00,1.0439500000000002,1.0433,1.0,session_end,-0.0006500000000002615,-66.50000000002615
ma3_ema9_21_50_15m_follow_pmc,short,2025-02-03 03:00:00-05:00,2025-02-03 07:15:00-05:00,1.0226099999999998,1.02442,1.0,stack_break,-0.0018100000000003114,-182.50000000003115
ma3_ema9_21_50_15m_follow_pmc,short,2025-02-03 07:45:00-05:00,2025-02-03 09:30:00-05:00,1.0233199999999998,1.02481,1.0,stack_break,-0.0014900000000002134,-150.50000000002134
ma3_ema9_21_50_15m_follow_pmc,short,2025-02-03 10:15:00-05:00,2025-02-03 10:30:00-05:00,1.02314,1.0242300000000002,1.0,stack_break,-0.0010900000000002574,-110.50000000002575
ma3_ema9_21_50_15m_follow_pmc,short,2025-02-04 07:00:00-05:00,2025-02-04 07:45:00-05:00,1.02959,1.03078,1.0,stack_break,-0.0011900000000000244,-120.50000000000244
ma3_ema9_21_50_15m_follow_pmc,long,2025-02-04 15:15:00-05:00,2025-02-04 16:15:00-05:00,1.03723,1.03802,1.0,session_end,0.0007899999999998464,77.49999999998464
ma3_ema9_21_50_15m_follow_pmc,long,2025-02-05 03:00:00-05:00,2025-02-05 05:15:00-05:00,1.0383900000000001,1.03771,1.0,stack_break,-0.000680000000000236,-69.50000000002359
ma3_ema9_21_50_15m_follow_pmc,long,2025-02-05 06:45:00-05:00,2025-02-05 16:15:00-05:00,1.0391700000000001,1.04209,1.0,session_end,0.0029199999999998116,290.4999999999812
ma3_ema9_21_50_15m_follow_pmc,short,2025-02-06 10:15:00-05:00,2025-02-06 15:30:00-05:00,1.0358399999999999,1.0372000000000001,1.0,stack_break,-0.00136000000000025,-137.50000000002498
ma3_ema9_21_50_15m_follow_pmc,long,2025-02-07 03:00:00-05:00,2025-02-07 04:00:00-05:00,1.03824,1.03775,1.0,stack_break,-0.0004900000000001015,-50.50000000001015
ma3_ema9_21_50_15m_follow_pmc,long,2025-02-07 08:30:00-05:00,2025-02-07 11:30:00-05:00,1.03953,1.0379399999999999,1.0,stack_break,-0.0015900000000002024,-160.50000000002024
ma3_ema9_21_50_15m_follow_pmc,short,2025-02-10 03:00:00-05:00,2025-02-10 05:00:00-05:00,1.03009,1.03149,1.0,stack_break,-0.0014000000000000679,-141.5000000000068
ma3_ema9_21_50_15m_follow_pmc,short,2025-02-10 08:30:00-05:00,2025-02-10 08:45:00-05:00,1.0308499999999998,1.03194,1.0,stack_break,-0.0010900000000002574,-110.50000000002575
ma3_ema9_21_50_15m_follow_pmc,short,2025-02-10 14:30:00-05:00,2025-02-10 16:15:00-05:00,1.0312299999999999,1.03169,1.0,session_end,-0.000460000000000127,-47.5000000000127
ma3_ema9_21_50_15m_follow_pmc,short,2025-02-11 03:00:00-05:00,2025-02-11 05:30:00-05:00,1.02961,1.03055,1.0,stack_break,-0.0009400000000001629,-95.50000000001629
ma3_ema9_21_50_15m_follow_pmc,long,2025-02-12 03:00:00-05:00,2025-02-12 05:15:00-05:00,1.0367300000000002,1.03551,1.0,stack_break,-0.001220000000000221,-123.50000000002208
ma3_ema9_21_50_15m_follow_pmc,long,2025-02-12 07:30:00-05:00,2025-02-12 13:45:00-05:00,1.0362600000000002,1.03291,1.0,stack_break,-0.003350000000000186,-336.50000000001864
ma3_ema9_21_50_15m_follow_pmc,short,2025-02-12 14:15:00-05:00,2025-02-12 16:15:00-05:00,1.0331299999999999,1.0374,1.0,session_end,-0.004270000000000218,-428.5000000000218
ma3_ema9_21_50_15m_follow_pmc,long,2025-02-13 03:00:00-05:00,2025-02-13 09:15:00-05:00,1.04055,1.0411,1.0,stack_break,0.0005499999999998284,53.49999999998284
ma3_ema9_21_50_15m_follow_pmc,long,2025-02-13 10:30:00-05:00,2025-02-13 11:00:00-05:00,1.04285,1.04196,1.0,stack_break,-0.0008900000000000574,-90.50000000000574
ma3_ema9_21_50_15m_follow_pmc,long,2025-02-14 03:00:00-05:00,2025-02-14 05:30:00-05:00,1.0456100000000002,1.0451,1.0,stack_break,-0.0005100000000002325,-52.50000000002325
ma3_ema9_21_50_15m_follow_pmc,long,2025-02-14 07:15:00-05:00,2025-02-14 12:15:00-05:00,1.0460500000000001,1.0464,1.0,stack_break,0.00034999999999985043,33.49999999998504
ma3_ema9_21_50_15m_follow_pmc,long,2025-02-14 13:30:00-05:00,2025-02-14 16:15:00-05:00,1.04794,1.0507,1.0,session_end,0.0027599999999998737,274.4999999999874
ma3_ema9_21_50_15m_follow_pmc,long,2025-02-17 03:00:00-05:00,2025-02-17 05:45:00-05:00,1.0498900000000002,1.0489099999999998,1.0,stack_break,-0.000980000000000425,-99.50000000004249
ma3_ema9_21_50_15m_follow_pmc,long,2025-02-19 06:00:00-05:00,2025-02-19 09:00:00-05:00,1.0454500000000002,1.0446399999999998,1.0,stack_break,-0.0008100000000004215,-82.50000000004215
ma3_ema9_21_50_15m_follow_pmc,long,2025-02-20 03:45:00-05:00,2025-02-20 16:15:00-05:00,1.04281,1.0471499999999998,1.0,session_end,0.0043399999999997885,432.49999999997885
ma3_ema9_21_50_15m_follow_pmc,long,2025-02-21 03:15:00-05:00,2025-02-21 06:15:00-05:00,1.0501200000000002,1.04927,1.0,stack_break,-0.0008500000000002395,-86.50000000002395
ma3_ema9_21_50_15m_follow_pmc,long,2025-02-24 03:00:00-05:00,2025-02-24 08:00:00-05:00,1.0526900000000001,1.04877,1.0,stack_break,-0.003920000000000146,-393.50000000001455
ma3_ema9_21_50_15m_follow_pmc,long,2025-02-25 05:15:00-05:00,2025-02-25 08:15:00-05:00,1.04733,1.04599,1.0,stack_break,-0.0013400000000001189,-135.50000000001188
ma3_ema9_21_50_15m_follow_pmc,long,2025-02-25 11:30:00-05:00,2025-02-25 16:15:00-05:00,1.0479,1.04975,1.0,session_end,0.0018499999999999073,183.49999999999073
ma3_ema9_21_50_15m_follow_pmc,long,2025-02-28 13:15:00-05:00,2025-02-28 16:15:00-05:00,1.0408400000000002,1.03981,1.0,session_end,-0.0010300000000003084,-104.50000000003084
ma3_ema9_21_50_15m_follow_pmc,long,2025-03-03 03:00:00-05:00,2025-03-03 07:15:00-05:00,1.04201,1.0406199999999999,1.0,stack_break,-0.0013900000000002244,-140.50000000002245
ma3_ema9_21_50_15m_follow_pmc,long,2025-03-03 10:15:00-05:00,2025-03-03 16:15:00-05:00,1.0435500000000002,1.0488099999999998,1.0,session_end,0.005259999999999598,524.4999999999599
ma3_ema9_21_50_15m_follow_pmc,long,2025-03-04 03:00:00-05:00,2025-03-04 03:15:00-05:00,1.0485000000000002,1.04796,1.0,stack_break,-0.000540000000000207,-55.5000000000207
ma3_ema9_21_50_15m_follow_pmc,long,2025-03-04 07:15:00-05:00,2025-03-04 15:45:00-05:00,1.04888,1.05137,1.0,stack_break,0.002489999999999881,247.49999999998812
ma3_ema9_21_50_15m_follow_pmc,long,2025-03-05 03:00:00-05:00,2025-03-05 03:15:00-05:00,1.06065,1.0602299999999998,1.0,stack_break,-0.000420000000000309,-43.5000000000309
ma3_ema9_21_50_15m_follow_pmc,long,2025-03-05 04:15:00-05:00,2025-03-05 16:15:00-05:00,1.0619800000000001,1.0762299999999998,1.0,session_end,0.014249999999999652,1423.4999999999652
ma3_ema9_21_50_15m_follow_pmc,long,2025-03-06 03:00:00-05:00,2025-03-06 04:30:00-05:00,1.08041,1.07876,1.0,stack_break,-0.0016500000000001513,-166.50000000001512
ma3_ema9_21_50_15m_follow_pmc,long,2025-03-06 05:15:00-05:00,2025-03-06 09:30:00-05:00,1.0803900000000002,1.0793899999999998,1.0,stack_break,-0.001000000000000334,-101.5000000000334
ma3_ema9_21_50_15m_follow_pmc,long,2025-03-06 12:45:00-05:00,2025-03-06 16:15:00-05:00,1.0802100000000001,1.08165,1.0,session_end,0.0014399999999998858,142.49999999998857
ma3_ema9_21_50_15m_follow_pmc,long,2025-03-07 04:15:00-05:00,2025-03-07 16:15:00-05:00,1.08068,1.0869799999999998,1.0,session_end,0.00629999999999975,628.499999999975
ma3_ema9_21_50_15m_follow_pmc,long,2025-03-10 11:00:00-04:00,2025-03-10 14:15:00-04:00,1.0863800000000001,1.08341,1.0,stack_break,-0.002970000000000139,-298.5000000000139
ma3_ema9_21_50_15m_follow_pmc,long,2025-03-11 04:00:00-04:00,2025-03-11 06:00:00-04:00,1.08538,1.0837899999999998,1.0,stack_break,-0.0015900000000002024,-160.50000000002024
ma3_ema9_21_50_15m_follow_pmc,long,2025-03-11 06:45:00-04:00,2025-03-11 16:15:00-04:00,1.08653,1.0925099999999999,1.0,session_end,0.005979999999999874,596.4999999999874
ma3_ema9_21_50_15m_follow_pmc,long,2025-03-12 09:45:00-04:00,2025-03-12 12:15:00-04:00,1.0923,1.08977,1.0,stack_break,-0.0025300000000001432,-254.50000000001432
ma3_ema9_21_50_15m_follow_pmc,long,2025-03-14 10:30:00-04:00,2025-03-14 16:00:00-04:00,1.08599,1.08713,1.0,stack_break,0.0011399999999999189,112.49999999999189
ma3_ema9_21_50_15m_follow_pmc,long,2025-03-17 04:00:00-04:00,2025-03-17 05:30:00-04:00,1.08861,1.08774,1.0,stack_break,-0.0008700000000001484,-88.50000000001484
ma3_ema9_21_50_15m_follow_pmc,long,2025-03-17 09:00:00-04:00,2025-03-17 16:15:00-04:00,1.0883,1.09205,1.0,session_end,0.00374999999999992,373.499999999992
ma3_ema9_21_50_15m_follow_pmc,long,2025-03-18 07:45:00-04:00,2025-03-18 12:15:00-04:00,1.09199,1.09161,1.0,stack_break,-0.00038000000000004697,-39.5000000000047
ma3_ema9_21_50_15m_follow_pmc,long,2025-03-20 04:00:00-04:00,2025-03-20 05:15:00-04:00,1.09111,1.09001,1.0,stack_break,-0.001100000000000101,-111.50000000001009
ma3_ema9_21_50_15m_follow_pmc,long,2025-03-24 04:00:00-04:00,2025-03-24 04:15:00-04:00,1.0826200000000001,1.0820599999999998,1.0,stack_break,-0.000560000000000338,-57.5000000000338
ma3_ema9_21_50_15m_follow_pmc,long,2025-03-24 06:30:00-04:00,2025-03-24 12:30:00-04:00,1.0835800000000002,1.08279,1.0,stack_break,-0.0007900000000002905,-80.50000000002905
ma3_ema9_21_50_15m_follow_pmc,long,2025-03-25 11:15:00-04:00,2025-03-25 16:15:00-04:00,1.08197,1.08022,1.0,session_end,-0.0017500000000001403,-176.50000000001404
ma3_ema9_21_50_15m_follow_pmc,long,2025-03-26 10:15:00-04:00,2025-03-26 12:45:00-04:00,1.0797800000000002,1.0788499999999999,1.0,stack_break,-0.0009300000000003195,-94.50000000003195
ma3_ema9_21_50_15m_follow_pmc,long,2025-03-27 04:00:00-04:00,2025-03-27 08:00:00-04:00,1.07759,1.0761999999999998,1.0,stack_break,-0.0013900000000002244,-140.50000000002245
ma3_ema9_21_50_15m_follow_pmc,long,2025-03-27 11:00:00-04:00,2025-03-27 16:15:00-04:00,1.07776,1.0795199999999998,1.0,session_end,0.0017599999999997618,174.49999999997618
ma3_ema9_21_50_15m_follow_pmc,long,2025-03-28 14:15:00-04:00,2025-03-28 16:15:00-04:00,1.0811300000000001,1.08255,1.0,session_end,0.0014199999999997548,140.49999999997547
ma3_ema9_21_50_15m_follow_pmc,long,2025-03-31 03:00:00-04:00,2025-03-31 07:45:00-04:00,1.08457,1.0825699999999998,1.0,stack_break,-0.002000000000000224,-201.5000000000224
ma3_ema9_21_50_15m_follow_pmc,long,2025-04-01 03:00:00-04:00,2025-04-01 05:45:00-04:00,1.0825,1.0812899999999999,1.0,stack_break,-0.0012100000000001554,-122.50000000001555
ma3_ema9_21_50_15m_follow_pmc,short,2025-04-01 06:45:00-04:00,2025-04-01 09:45:00-04:00,1.08004,1.08243,1.0,stack_break,-0.0023900000000001143,-240.50000000001143
ma3_ema9_21_50_15m_follow_pmc,short,2025-04-01 10:30:00-04:00,2025-04-01 15:15:00-04:00,1.0798599999999998,1.0810300000000002,1.0,stack_break,-0.0011700000000003374,-118.50000000003374
ma3_ema9_21_50_15m_follow_pmc,short,2025-04-02 05:30:00-04:00,2025-04-02 09:00:00-04:00,1.07886,1.07982,1.0,stack_break,-0.0009600000000000719,-97.50000000000719
ma3_ema9_21_50_15m_follow_pmc,long,2025-04-02 13:15:00-04:00,2025-04-02 16:15:00-04:00,1.0818800000000002,1.0865399999999998,1.0,session_end,0.004659999999999664,464.49999999996646
ma3_ema9_21_50_15m_follow_pmc,long,2025-04-03 03:00:00-04:00,2025-04-03 16:15:00-04:00,1.092,1.1048499999999999,1.0,session_end,0.012849999999999806,1283.4999999999807
ma3_ema9_21_50_15m_follow_pmc,long,2025-04-04 03:00:00-04:00,2025-04-04 07:15:00-04:00,1.1069,1.10554,1.0,stack_break,-0.0013600000000000279,-137.50000000000279
ma3_ema9_21_50_15m_follow_pmc,long,2025-04-07 06:15:00-04:00,2025-04-07 09:45:00-04:00,1.1017400000000002,1.0954599999999999,1.0,stack_break,-0.006280000000000285,-629.5000000000285
ma3_ema9_21_50_15m_follow_pmc,long,2025-04-08 03:00:00-04:00,2025-04-08 08:15:00-04:00,1.098,1.0924999999999998,1.0,stack_break,-0.0055000000000002824,-551.5000000000282
ma3_ema9_21_50_15m_follow_pmc,long,2025-04-09 03:00:00-04:00,2025-04-09 08:45:00-04:00,1.1013600000000001,1.10235,1.0,stack_break,0.0009899999999998244,97.49999999998244
ma3_ema9_21_50_15m_follow_pmc,long,2025-04-09 10:30:00-04:00,2025-04-09 10:45:00-04:00,1.10447,1.1027099999999999,1.0,stack_break,-0.0017600000000002058,-177.50000000002058
ma3_ema9_21_50_15m_follow_pmc,long,2025-04-09 11:00:00-04:00,2025-04-09 15:00:00-04:00,1.10453,1.10347,1.0,stack_break,-0.001060000000000061,-107.50000000000608
ma3_ema9_21_50_15m_follow_pmc,long,2025-04-09 15:45:00-04:00,2025-04-09 16:15:00-04:00,1.1060800000000002,1.10354,1.0,session_end,-0.0025400000000002088,-255.50000000002086
ma3_ema9_21_50_15m_follow_pmc,long,2025-04-10 08:00:00-04:00,2025-04-10 16:15:00-04:00,1.10108,1.1178499999999998,1.0,session_end,0.01676999999999973,1675.499999999973
ma3_ema9_21_50_15m_follow_pmc,long,2025-04-11 03:00:00-04:00,2025-04-11 06:30:00-04:00,1.1302,1.1259299999999999,1.0,stack_break,-0.004270000000000218,-428.5000000000218
ma3_ema9_21_50_15m_follow_pmc,long,2025-04-11 07:30:00-04:00,2025-04-11 12:15:00-04:00,1.1331,1.13329,1.0,stack_break,0.00018999999999991246,17.499999999991246
ma3_ema9_21_50_15m_follow_pmc,long,2025-04-11 12:30:00-04:00,2025-04-11 15:30:00-04:00,1.1360800000000002,1.13259,1.0,stack_break,-0.003490000000000215,-350.5000000000215
ma3_ema9_21_50_15m_follow_pmc,long,2025-04-14 03:00:00-04:00,2025-04-14 11:00:00-04:00,1.13822,1.13845,1.0,stack_break,0.00022999999999995246,21.499999999995246
ma3_ema9_21_50_15m_follow_pmc,long,2025-04-14 12:00:00-04:00,2025-04-14 12:30:00-04:00,1.1395700000000002,1.13719,1.0,stack_break,-0.002380000000000271,-239.5000000000271
ma3_ema9_21_50_15m_follow_pmc,long,2025-04-15 05:45:00-04:00,2025-04-15 07:00:00-04:00,1.13568,1.13383,1.0,stack_break,-0.0018500000000001293,-186.50000000001293
ma3_ema9_21_50_15m_follow_pmc,long,2025-04-15 08:45:00-04:00,2025-04-15 09:00:00-04:00,1.13544,1.13451,1.0,stack_break,-0.0009300000000000974,-94.50000000000975
ma3_ema9_21_50_15m_follow_pmc,long,2025-04-16 03:00:00-04:00,2025-04-16 12:30:00-04:00,1.13318,1.13527,1.0,stack_break,0.0020899999999999253,207.49999999999253
ma3_ema9_21_50_15m_follow_pmc,long,2025-04-16 14:00:00-04:00,2025-04-16 16:15:00-04:00,1.1363500000000002,1.1382599999999998,1.0,session_end,0.0019099999999996342,189.49999999996342
ma3_ema9_21_50_15m_follow_pmc,long,2025-04-18 03:00:00-04:00,2025-04-18 05:30:00-04:00,1.13718,1.1368699999999998,1.0,stack_break,-0.0003100000000002545,-32.50000000002545
ma3_ema9_21_50_15m_follow_pmc,long,2025-04-18 10:45:00-04:00,2025-04-18 16:15:00-04:00,1.13735,1.1390399999999998,1.0,session_end,0.0016899999999997473,167.49999999997473
ma3_ema9_21_50_15m_follow_pmc,long,2025-04-21 03:00:00-04:00,2025-04-21 13:45:00-04:00,1.15084,1.15086,1.0,stack_break,1.999999999990898e-05,0.49999999999089795
ma3_ema9_21_50_15m_follow_pmc,long,2025-04-22 03:45:00-04:00,2025-04-22 07:15:00-04:00,1.15354,1.15017,1.0,stack_break,-0.003370000000000095,-338.5000000000095
ma3_ema9_21_50_15m_follow_pmc,long,2025-04-23 10:00:00-04:00,2025-04-23 14:00:00-04:00,1.14297,1.1384699999999999,1.0,stack_break,-0.0045000000000001705,-451.50000000001705
ma3_ema9_21_50_15m_follow_pmc,long,2025-04-24 07:30:00-04:00,2025-04-24 15:30:00-04:00,1.1364500000000002,1.1365699999999999,1.0,stack_break,0.00011999999999967592,10.499999999967592
ma3_ema9_21_50_15m_follow_pmc,long,2025-04-25 15:00:00-04:00,2025-04-25 16:15:00-04:00,1.13711,1.13798,1.0,session_end,0.0008699999999999264,85.49999999999264
ma3_ema9_21_50_15m_follow_pmc,long,2025-04-28 05:30:00-04:00,2025-04-28 07:15:00-04:00,1.13788,1.1334899999999999,1.0,stack_break,-0.004390000000000116,-440.5000000000116
ma3_ema9_21_50_15m_follow_pmc,long,2025-04-28 14:15:00-04:00,2025-04-28 16:15:00-04:00,1.13656,1.1386399999999999,1.0,session_end,0.0020799999999998597,206.49999999998596
ma3_ema9_21_50_15m_follow_pmc,long,2025-04-29 14:15:00-04:00,2025-04-29 16:15:00-04:00,1.1411900000000001,1.13956,1.0,session_end,-0.0016300000000002424,-164.50000000002424
ma3_ema9_21_50_15m_follow_pmc,short,2025-05-01 03:00:00-04:00,2025-05-01 08:30:00-04:00,1.13113,1.1323,1.0,stack_break,-0.0011700000000001154,-118.50000000001154
ma3_ema9_21_50_15m_follow_pmc,long,2025-05-01 11:45:00-04:00,2025-05-01 14:00:00-04:00,1.13376,1.13113,1.0,stack_break,-0.0026300000000001322,-264.50000000001324
ma3_ema9_21_50_15m_follow_pmc,short,2025-05-01 14:00:00-04:00,2025-05-01 16:15:00-04:00,1.13113,1.12758,1.0,session_end,0.003549999999999942,353.4999999999942
ma3_ema9_21_50_15m_follow_pmc,long,2025-05-02 06:45:00-04:00,2025-05-02 13:15:00-04:00,1.1327800000000001,1.1320299999999999,1.0,stack_break,-0.0007500000000002505,-76.50000000002504
ma3_ema9_21_50_15m_follow_pmc,long,2025-05-02 13:30:00-04:00,2025-05-02 16:15:00-04:00,1.13349,1.1328999999999998,1.0,session_end,-0.0005900000000003125,-60.50000000003125
ma3_ema9_21_50_15m_follow_pmc,long,2025-05-05 03:00:00-04:00,2025-05-05 07:30:00-04:00,1.1342700000000001,1.1324299999999998,1.0,stack_break,-0.0018400000000002859,-185.5000000000286
ma3_ema9_21_50_15m_follow_pmc,long,2025-05-05 09:45:00-04:00,2025-05-05 15:30:00-04:00,1.1341400000000001,1.1330699999999998,1.0,stack_break,-0.0010700000000003485,-108.50000000003485
ma3_ema9_21_50_15m_follow_pmc,short,2025-05-06 03:00:00-04:00,2025-05-06 03:45:00-04:00,1.13065,1.1314000000000002,1.0,stack_break,-0.0007500000000002505,-76.50000000002504
ma3_ema9_21_50_15m_follow_pmc,long,2025-05-06 06:45:00-04:00,2025-05-06 10:15:00-04:00,1.1323,1.13099,1.0,stack_break,-0.0013100000000001444,-132.50000000001444
ma3_ema9_21_50_15m_follow_pmc,long,2025-05-06 11:45:00-04:00,2025-05-06 16:15:00-04:00,1.13288,1.13428,1.0,session_end,0.0013999999999998458,138.4999999999846
ma3_ema9_21_50_15m_follow_pmc,long,2025-05-07 06:00:00-04:00,2025-05-07 13:45:00-04:00,1.13561,1.1358499999999998,1.0,stack_break,0.00023999999999979593,22.499999999979593
ma3_ema9_21_50_15m_follow_pmc,long,2025-05-07 14:15:00-04:00,2025-05-07 14:30:00-04:00,1.13663,1.13544,1.0,stack_break,-0.0011900000000000244,-120.50000000000244
ma3_ema9_21_50_15m_follow_pmc,long,2025-05-07 15:00:00-04:00,2025-05-07 15:45:00-04:00,1.1366200000000002,1.13451,1.0,stack_break,-0.0021100000000002783,-212.50000000002782
ma3_ema9_21_50_15m_follow_pmc,short,2025-05-08 05:30:00-04:00,2025-05-08 12:30:00-04:00,1.13025,1.13097,1.0,stack_break,-0.0007200000000000539,-73.5000000000054
ma3_ema9_21_50_15m_follow_pmc,short,2025-05-08 15:15:00-04:00,2025-05-08 16:15:00-04:00,1.1275,1.12488,1.0,session_end,0.0026199999999998447,260.4999999999845
ma3_ema9_21_50_15m_follow_pmc,short,2025-05-09 03:00:00-04:00,2025-05-09 04:30:00-04:00,1.12127,1.1228200000000002,1.0,stack_break,-0.0015500000000001624,-156.50000000001623
ma3_ema9_21_50_15m_follow_pmc,short,2025-05-12 03:00:00-04:00,2025-05-12 16:15:00-04:00,1.1232799999999998,1.1108,1.0,session_end,0.012479999999999825,1246.4999999999825
ma3_ema9_21_50_15m_follow_pmc,short,2025-05-15 15:00:00-04:00,2025-05-15 16:15:00-04:00,1.11777,1.11881,1.0,session_end,-0.001040000000000152,-105.50000000001519
ma3_ema9_21_50_15m_follow_pmc,short,2025-05-16 12:30:00-04:00,2025-05-16 16:15:00-04:00,1.1190399999999998,1.1142400000000001,1.0,session_end,0.004799999999999693,478.49999999996936
ma3_ema9_21_50_15m_follow_pmc,short,2025-05-20 13:00:00-04:00,2025-05-20 14:45:00-04:00,1.1230099999999998,1.1263100000000001,1.0,stack_break,-0.0033000000000003027,-331.50000000003024
ma3_ema9_21_50_15m_follow_pmc,long,2025-05-21 03:00:00-04:00,2025-05-21 09:45:00-04:00,1.1324800000000002,1.1315199999999999,1.0,stack_break,-0.000960000000000294,-97.50000000002939
ma3_ema9_21_50_15m_follow_pmc,long,2025-05-21 10:00:00-04:00,2025-05-21 12:45:00-04:00,1.1332300000000002,1.1323899999999998,1.0,stack_break,-0.000840000000000396,-85.50000000003959
ma3_ema9_21_50_15m_follow_pmc,long,2025-05-21 14:15:00-04:00,2025-05-21 16:15:00-04:00,1.1337300000000001,1.1341299999999999,1.0,session_end,0.0003999999999997339,38.49999999997339
ma3_ema9_21_50_15m_follow_pmc,long,2025-05-22 03:00:00-04:00,2025-05-22 05:00:00-04:00,1.1343800000000002,1.13302,1.0,stack_break,-0.00136000000000025,-137.50000000002498
ma3_ema9_21_50_15m_follow_pmc,long,2025-05-22 06:30:00-04:00,2025-05-22 07:00:00-04:00,1.1338400000000002,1.1327099999999999,1.0,stack_break,-0.0011300000000002974,-114.50000000002974
ma3_ema9_21_50_15m_follow_pmc,short,2025-05-22 07:30:00-04:00,2025-05-22 16:15:00-04:00,1.13167,1.12793,1.0,session_end,0.0037399999999998546,372.49999999998545
ma3_ema9_21_50_15m_follow_pmc,long,2025-05-23 06:15:00-04:00,2025-05-23 12:30:00-04:00,1.1324100000000001,1.13082,1.0,stack_break,-0.0015900000000002024,-160.50000000002024
ma3_ema9_21_50_15m_follow_pmc,long,2025-05-23 13:00:00-04:00,2025-05-23 13:30:00-04:00,1.13491,1.13268,1.0,stack_break,-0.0022300000000001763,-224.50000000001762
ma3_ema9_21_50_15m_follow_pmc,long,2025-05-23 15:15:00-04:00,2025-05-23 16:15:00-04:00,1.1344400000000001,1.1346699999999998,1.0,session_end,0.00022999999999973042,21.499999999973042
ma3_ema9_21_50_15m_follow_pmc,long,2025-05-26 03:00:00-04:00,2025-05-26 08:00:00-04:00,1.14114,1.1395899999999999,1.0,stack_break,-0.0015500000000001624,-156.50000000001623
ma3_ema9_21_50_15m_follow_pmc,long,2025-05-27 03:00:00-04:00,2025-05-27 05:00:00-04:00,1.1400000000000001,1.1383299999999998,1.0,stack_break,-0.0016700000000002824,-168.50000000002825
ma3_ema9_21_50_15m_follow_pmc,short,2025-05-28 03:00:00-04:00,2025-05-28 08:00:00-04:00,1.1313099999999998,1.1324800000000002,1.0,stack_break,-0.0011700000000003374,-118.50000000003374
ma3_ema9_21_50_15m_follow_pmc,long,2025-05-28 10:30:00-04:00,2025-05-28 12:30:00-04:00,1.13378,1.13112,1.0,stack_break,-0.0026600000000001067,-267.5000000000107
ma3_ema9_21_50_15m_follow_pmc,short,2025-05-28 12:30:00-04:00,2025-05-28 16:15:00-04:00,1.13112,1.12857,1.0,session_end,0.00254999999999983,253.499999999983
ma3_ema9_21_50_15m_follow_pmc,short,2025-05-29 03:00:00-04:00,2025-05-29 06:45:00-04:00,1.12546,1.12707,1.0,stack_break,-0.0016100000000001113,-162.50000000001114
ma3_ema9_21_50_15m_follow_pmc,long,2025-05-29 13:00:00-04:00,2025-05-29 16:15:00-04:00,1.1326200000000002,1.1367699999999998,1.0,session_end,0.004149999999999654,413.4999999999654
ma3_ema9_21_50_15m_follow_pmc,short,2025-05-30 14:00:00-04:00,2025-05-30 15:15:00-04:00,1.1318199999999998,1.13515,1.0,stack_break,-0.003330000000000277,-334.50000000002774
ma3_ema9_21_50_15m_follow_pmc,long,2025-06-02 03:00:00-04:00,2025-06-02 04:30:00-04:00,1.137,1.1360899999999998,1.0,stack_break,-0.0009100000000001884,-92.50000000001884
ma3_ema9_21_50_15m_follow_pmc,long,2025-06-02 04:45:00-04:00,2025-06-02 05:00:00-04:00,1.1364,1.1361199999999998,1.0,stack_break,-0.00028000000000028,-29.500000000028002
ma3_ema9_21_50_15m_follow_pmc,long,2025-06-02 05:15:00-04:00,2025-06-02 16:15:00-04:00,1.13667,1.1428099999999999,1.0,session_end,0.006139999999999812,612.4999999999812
ma3_ema9_21_50_15m_follow_pmc,long,2025-06-04 08:45:00-04:00,2025-06-04 16:15:00-04:00,1.13931,1.14211,1.0,session_end,0.0027999999999999137,278.49999999999136
ma3_ema9_21_50_15m_follow_pmc,long,2025-06-05 09:45:00-04:00,2025-06-05 10:00:00-04:00,1.1418400000000002,1.14113,1.0,stack_break,-0.0007100000000002105,-72.50000000002105
ma3_ema9_21_50_15m_follow_pmc,long,2025-06-05 10:15:00-04:00,2025-06-05 16:15:00-04:00,1.14188,1.1434099999999998,1.0,session_end,0.0015299999999998093,151.49999999998093
ma3_ema9_21_50_15m_follow_pmc,long,2025-06-09 03:00:00-04:00,2025-06-09 11:45:00-04:00,1.1421000000000001,1.1416499999999998,1.0,stack_break,-0.0004500000000002835,-46.50000000002835
ma3_ema9_21_50_15m_follow_pmc,long,2025-06-10 11:15:00-04:00,2025-06-10 16:15:00-04:00,1.1424,1.14228,1.0,session_end,-0.00012000000000012001,-13.500000000012001
ma3_ema9_21_50_15m_follow_pmc,long,2025-06-11 09:15:00-04:00,2025-06-11 16:15:00-04:00,1.14321,1.14879,1.0,session_end,0.005579999999999918,556.4999999999918
ma3_ema9_21_50_15m_follow_pmc,long,2025-06-12 03:00:00-04:00,2025-06-12 16:00:00-04:00,1.15142,1.15733,1.0,stack_break,0.00590999999999986,589.499999999986
ma3_ema9_21_50_15m_follow_pmc,long,2025-06-16 05:45:00-04:00,2025-06-16 16:15:00-04:00,1.15581,1.1583199999999998,1.0,session_end,0.00250999999999979,249.49999999997902
ma3_ema9_21_50_15m_follow_pmc,long,2025-06-17 11:30:00-04:00,2025-06-17 14:15:00-04:00,1.1572900000000002,1.1558599999999999,1.0,stack_break,-0.0014300000000002644,-144.50000000002643
ma3_ema9_21_50_15m_follow_pmc,long,2025-06-18 07:00:00-04:00,2025-06-18 10:15:00-04:00,1.1508,1.15028,1.0,stack_break,-0.000520000000000076,-53.500000000007596
ma3_ema9_21_50_15m_follow_pmc,long,2025-06-18 10:30:00-04:00,2025-06-18 10:45:00-04:00,1.1508,1.1501899999999998,1.0,stack_break,-0.0006100000000002215,-62.50000000002215
ma3_ema9_21_50_15m_follow_pmc,long,2025-06-18 12:45:00-04:00,2025-06-18 13:45:00-04:00,1.1510500000000001,1.15001,1.0,stack_break,-0.001040000000000152,-105.50000000001519
ma3_ema9_21_50_15m_follow_pmc,long,2025-06-18 15:30:00-04:00,2025-06-18 16:15:00-04:00,1.15151,1.1521499999999998,1.0,session_end,0.0006399999999997519,62.49999999997519
ma3_ema9_21_50_15m_follow_pmc,long,2025-06-19 12:00:00-04:00,2025-06-19 15:00:00-04:00,1.1480700000000001,1.14665,1.0,stack_break,-0.0014200000000001989,-143.5000000000199
ma3_ema9_21_50_15m_follow_pmc,long,2025-06-20 03:00:00-04:00,2025-06-20 07:45:00-04:00,1.15186,1.1516899999999999,1.0,stack_break,-0.00017000000000022553,-18.500000000022553
ma3_ema9_21_50_15m_follow_pmc,long,2025-06-20 09:30:00-04:00,2025-06-20 12:15:00-04:00,1.1526,1.1517899999999999,1.0,stack_break,-0.0008100000000001994,-82.50000000001995
ma3_ema9_21_50_15m_follow_pmc,long,2025-06-20 16:00:00-04:00,2025-06-20 16:15:00-04:00,1.15233,1.1521499999999998,1.0,session_end,-0.00018000000000029104,-19.500000000029104
ma3_ema9_21_50_15m_follow_pmc,long,2025-06-23 07:15:00-04:00,2025-06-23 08:00:00-04:00,1.1513600000000002,1.14953,1.0,stack_break,-0.0018300000000002203,-184.50000000002203
ma3_ema9_21_50_15m_follow_pmc,long,2025-06-23 15:00:00-04:00,2025-06-23 16:15:00-04:00,1.1533000000000002,1.15376,1.0,session_end,0.0004599999999996829,44.49999999996829
ma3_ema9_21_50_15m_follow_pmc,long,2025-06-24 03:00:00-04:00,2025-06-24 08:15:00-04:00,1.15979,1.1592399999999998,1.0,stack_break,-0.0005500000000002725,-56.50000000002725
ma3_ema9_21_50_15m_follow_pmc,long,2025-06-24 10:00:00-04:00,2025-06-24 11:00:00-04:00,1.16152,1.1594099999999998,1.0,stack_break,-0.0021100000000002783,-212.50000000002782
ma3_ema9_21_50_15m_follow_pmc,long,2025-06-24 11:30:00-04:00,2025-06-24 13:30:00-04:00,1.16052,1.1589099999999999,1.0,stack_break,-0.0016100000000001113,-162.50000000001114
ma3_ema9_21_50_15m_follow_pmc,long,2025-06-24 14:45:00-04:00,2025-06-24 16:15:00-04:00,1.1632300000000002,1.16092,1.0,session_end,-0.0023100000000002563,-232.50000000002564
ma3_ema9_21_50_15m_follow_pmc,long,2025-06-25 03:00:00-04:00,2025-06-25 04:30:00-04:00,1.16216,1.1614099999999998,1.0,stack_break,-0.0007500000000002505,-76.50000000002504
ma3_ema9_21_50_15m_follow_pmc,long,2025-06-25 15:45:00-04:00,2025-06-25 16:15:00-04:00,1.16243,1.1624299999999999,1.0,session_end,-2.220446049250313e-16,-1.5000000000222045
ma3_ema9_21_50_15m_follow_pmc,long,2025-06-26 03:00:00-04:00,2025-06-26 06:45:00-04:00,1.1689500000000002,1.1678799999999998,1.0,stack_break,-0.0010700000000003485,-108.50000000003485
ma3_ema9_21_50_15m_follow_pmc,long,2025-06-26 07:00:00-04:00,2025-06-26 12:15:00-04:00,1.1686500000000002,1.1693799999999999,1.0,stack_break,0.0007299999999996754,71.49999999996754
ma3_ema9_21_50_15m_follow_pmc,long,2025-06-26 13:45:00-04:00,2025-06-26 15:45:00-04:00,1.1718000000000002,1.17007,1.0,stack_break,-0.0017300000000002314,-174.50000000002314
ma3_ema9_21_50_15m_follow_pmc,long,2025-06-27 07:30:00-04:00,2025-06-27 16:15:00-04:00,1.1721300000000001,1.1721899999999998,1.0,session_end,5.999999999972694e-05,4.499999999972694
ma3_ema9_21_50_15m_follow_pmc,long,2025-06-30 03:00:00-04:00,2025-06-30 03:15:00-04:00,1.17229,1.1717099999999998,1.0,stack_break,-0.000580000000000247,-59.5000000000247
ma3_ema9_21_50_15m_follow_pmc,long,2025-06-30 05:15:00-04:00,2025-06-30 08:45:00-04:00,1.1732200000000002,1.1719199999999999,1.0,stack_break,-0.001300000000000301,-131.5000000000301
ma3_ema9_21_50_15m_follow_pmc,long,2025-06-30 15:00:00-04:00,2025-06-30 16:15:00-04:00,1.17484,1.1767699999999999,1.0,session_end,0.0019299999999997652,191.49999999997652
ma3_ema9_21_50_15m_follow_pmc,long,2025-07-01 03:15:00-04:00,2025-07-01 06:00:00-04:00,1.1788,1.17818,1.0,stack_break,-0.0006200000000000649,-63.500000000006494
ma3_ema9_21_50_15m_follow_pmc,long,2025-07-01 09:00:00-04:00,2025-07-01 14:00:00-04:00,1.1795900000000001,1.1795499999999999,1.0,stack_break,-4.000000000026205e-05,-5.500000000026205
ma3_ema9_21_50_15m_follow_pmc,short,2025-07-01 16:00:00-04:00,2025-07-01 16:15:00-04:00,1.17732,1.17738,1.0,session_end,-6.000000000017103e-05,-7.500000000017103
ma3_ema9_21_50_15m_follow_pmc,short,2025-07-02 07:00:00-04:00,2025-07-02 15:45:00-04:00,1.1779,1.1782800000000002,1.0,stack_break,-0.000380000000000269,-39.5000000000269
ma3_ema9_21_50_15m_follow_pmc,long,2025-07-03 03:00:00-04:00,2025-07-03 03:30:00-04:00,1.17998,1.1797799999999998,1.0,stack_break,-0.00020000000000020002,-21.500000000020002
ma3_ema9_21_50_15m_follow_pmc,long,2025-07-03 07:15:00-04:00,2025-07-03 09:45:00-04:00,1.1801700000000002,1.17889,1.0,stack_break,-0.0012800000000001699,-129.500000000017
ma3_ema9_21_50_15m_follow_pmc,short,2025-07-03 12:15:00-04:00,2025-07-03 16:15:00-04:00,1.1785299999999999,1.17574,1.0,session_end,0.002789999999999848,277.4999999999848
ma3_ema9_21_50_15m_follow_pmc,short,2025-07-07 03:00:00-04:00,2025-07-07 15:00:00-04:00,1.1769699999999998,1.17442,1.0,stack_break,0.00254999999999983,253.499999999983
ma3_ema9_21_50_15m_follow_pmc,short,2025-07-08 12:00:00-04:00,2025-07-08 16:15:00-04:00,1.1729999999999998,1.1706100000000002,1.0,session_end,0.00238999999999967,237.49999999996703
ma3_ema9_21_50_15m_follow_pmc,short,2025-07-09 03:00:00-04:00,2025-07-09 07:00:00-04:00,1.17058,1.17198,1.0,stack_break,-0.0014000000000000679,-141.5000000000068
ma3_ema9_21_50_15m_follow_pmc,short,2025-07-09 08:15:00-04:00,2025-07-09 13:45:00-04:00,1.1706999999999999,1.17144,1.0,stack_break,-0.000740000000000185,-75.5000000000185
ma3_ema9_21_50_15m_follow_pmc,short,2025-07-09 14:00:00-04:00,2025-07-09 14:30:00-04:00,1.1705899999999998,1.17206,1.0,stack_break,-0.0014700000000003044,-148.50000000003044
ma3_ema9_21_50_15m_follow_pmc,short,2025-07-10 11:45:00-04:00,2025-07-10 16:15:00-04:00,1.1715799999999998,1.16856,1.0,session_end,0.0030199999999998006,300.49999999998005
ma3_ema9_21_50_15m_follow_pmc,short,2025-07-11 03:00:00-04:00,2025-07-11 07:30:00-04:00,1.16743,1.16924,1.0,stack_break,-0.0018100000000000893,-182.50000000000892
ma3_ema9_21_50_15m_follow_pmc,short,2025-07-14 03:15:00-04:00,2025-07-14 08:15:00-04:00,1.1673,1.16853,1.0,stack_break,-0.0012300000000000644,-124.50000000000644
ma3_ema9_21_50_15m_follow_pmc,short,2025-07-15 13:00:00-04:00,2025-07-15 16:15:00-04:00,1.1670299999999998,1.16192,1.0,session_end,0.005109999999999726,509.4999999999726
ma3_ema9_21_50_15m_follow_pmc,short,2025-07-16 11:45:00-04:00,2025-07-16 15:45:00-04:00,1.16099,1.1721000000000001,1.0,stack_break,-0.011110000000000175,-1112.5000000000175
ma3_ema9_21_50_15m_follow_pmc,short,2025-07-17 03:00:00-04:00,2025-07-17 16:00:00-04:00,1.16201,1.1598400000000002,1.0,stack_break,0.002169999999999783,215.49999999997831
ma3_ema9_21_50_15m_follow_pmc,short,2025-07-21 03:00:00-04:00,2025-07-21 05:00:00-04:00,1.1617899999999999,1.1627200000000002,1.0,stack_break,-0.0009300000000003195,-94.50000000003195
ma3_ema9_21_50_15m_follow_pmc,short,2025-07-23 10:30:00-04:00,2025-07-23 15:30:00-04:00,1.17296,1.17405,1.0,stack_break,-0.0010900000000000354,-110.50000000000354
ma3_ema9_21_50_15m_follow_pmc,short,2025-07-24 09:15:00-04:00,2025-07-24 14:15:00-04:00,1.17566,1.17734,1.0,stack_break,-0.0016800000000001258,-169.5000000000126
ma3_ema9_21_50_15m_follow_pmc,short,2025-07-25 03:00:00-04:00,2025-07-25 06:45:00-04:00,1.17346,1.17503,1.0,stack_break,-0.0015700000000000713,-158.50000000000713
ma3_ema9_21_50_15m_follow_pmc,short,2025-07-25 09:30:00-04:00,2025-07-25 15:45:00-04:00,1.17366,1.17347,1.0,stack_break,0.00018999999999991246,17.499999999991246
ma3_ema9_21_50_15m_follow_pmc,short,2025-07-28 06:45:00-04:00,2025-07-28 16:15:00-04:00,1.1717499999999998,1.1609500000000001,1.0,session_end,0.010799999999999699,1078.49999999997
ma3_ema9_21_50_15m_follow_pmc,short,2025-07-29 03:45:00-04:00,2025-07-29 10:00:00-04:00,1.15896,1.1584800000000002,1.0,stack_break,0.0004799999999998139,46.49999999998139
ma3_ema9_21_50_15m_follow_pmc,short,2025-07-29 11:45:00-04:00,2025-07-29 16:15:00-04:00,1.15617,1.15371,1.0,session_end,0.0024599999999999067,244.49999999999068
ma3_ema9_21_50_15m_follow_pmc,short,2025-07-30 07:00:00-04:00,2025-07-30 07:30:00-04:00,1.1553399999999998,1.15615,1.0,stack_break,-0.0008100000000001994,-82.50000000001995
ma3_ema9_21_50_15m_follow_pmc,short,2025-07-30 09:45:00-04:00,2025-07-30 16:15:00-04:00,1.1549399999999999,1.14701,1.0,session_end,0.00792999999999977,791.499999999977
ma3_ema9_21_50_15m_follow_pmc,short,2025-07-31 03:00:00-04:00,2025-07-31 05:30:00-04:00,1.1422199999999998,1.1438100000000002,1.0,stack_break,-0.0015900000000004244,-160.50000000004243
ma3_ema9_21_50_15m_follow_pmc,short,2025-07-31 10:45:00-04:00,2025-07-31 12:00:00-04:00,1.1424999999999998,1.1444200000000002,1.0,stack_break,-0.0019200000000003659,-193.50000000003658
ma3_ema9_21_50_15m_follow_pmc,short,2025-07-31 13:15:00-04:00,2025-07-31 15:30:00-04:00,1.1428999999999998,1.1446800000000001,1.0,stack_break,-0.0017800000000003369,-179.50000000003368
ma3_ema9_21_50_15m_follow_pmc,short,2025-08-01 03:00:00-04:00,2025-08-01 05:45:00-04:00,1.1406599999999998,1.1422100000000002,1.0,stack_break,-0.0015500000000003844,-156.50000000003843
ma3_ema9_21_50_15m_follow_pmc,long,2025-08-01 06:45:00-04:00,2025-08-01 08:30:00-04:00,1.1433900000000001,1.14123,1.0,stack_break,-0.002160000000000162,-217.50000000001617
ma3_ema9_21_50_15m_follow_pmc,short,2025-08-01 08:45:00-04:00,2025-08-01 12:45:00-04:00,1.1418199999999998,1.14538,1.0,stack_break,-0.0035600000000002296,-357.50000000002296
ma3_ema9_21_50_15m_follow_pmc,long,2025-08-01 13:00:00-04:00,2025-08-01 16:15:00-04:00,1.15317,1.15543,1.0,session_end,0.0022599999999999287,224.49999999999287
ma3_ema9_21_50_15m_follow_pmc,long,2025-08-04 03:00:00-04:00,2025-08-04 06:15:00-04:00,1.15751,1.1568299999999998,1.0,stack_break,-0.000680000000000236,-69.50000000002359
ma3_ema9_21_50_15m_follow_pmc,long,2025-08-04 06:30:00-04:00,2025-08-04 06:45:00-04:00,1.1578700000000002,1.1566999999999998,1.0,stack_break,-0.0011700000000003374,-118.50000000003374
ma3_ema9_21_50_15m_follow_pmc,long,2025-08-04 11:30:00-04:00,2025-08-04 15:45:00-04:00,1.1582700000000001,1.15641,1.0,stack_break,-0.0018600000000001948,-187.5000000000195
ma3_ema9_21_50_15m_follow_pmc,long,2025-08-05 15:45:00-04:00,2025-08-05 16:15:00-04:00,1.1579300000000001,1.1579,1.0,session_end,-3.0000000000196536e-05,-4.500000000019654
ma3_ema9_21_50_15m_follow_pmc,long,2025-08-06 04:00:00-04:00,2025-08-06 16:15:00-04:00,1.1576600000000001,1.1643899999999998,1.0,session_end,0.006729999999999681,671.499999999968
ma3_ema9_21_50_15m_follow_pmc,long,2025-08-07 03:00:00-04:00,2025-08-07 10:45:00-04:00,1.1656900000000001,1.16651,1.0,stack_break,0.0008199999999998209,80.4999999999821
ma3_ema9_21_50_15m_follow_pmc,long,2025-08-08 15:30:00-04:00,2025-08-08 16:15:00-04:00,1.1660400000000002,1.1659599999999999,1.0,session_end,-8.000000000030205e-05,-9.500000000030205
ma3_ema9_21_50_15m_follow_pmc,long,2025-08-11 03:00:00-04:00,2025-08-11 07:45:00-04:00,1.16663,1.16526,1.0,stack_break,-0.0013700000000000934,-138.50000000000932
ma3_ema9_21_50_15m_follow_pmc,long,2025-08-12 04:00:00-04:00,2025-08-12 06:30:00-04:00,1.16222,1.16129,1.0,stack_break,-0.0009300000000000974,-94.50000000000975
ma3_ema9_21_50_15m_follow_pmc,long,2025-08-12 13:15:00-04:00,2025-08-12 16:15:00-04:00,1.16408,1.16719,1.0,session_end,0.003109999999999946,309.4999999999946
ma3_ema9_21_50_15m_follow_pmc,long,2025-08-13 03:00:00-04:00,2025-08-13 13:15:00-04:00,1.16822,1.16997,1.0,stack_break,0.0017499999999999183,173.49999999999181
ma3_ema9_21_50_15m_follow_pmc,long,2025-08-13 14:45:00-04:00,2025-08-13 16:15:00-04:00,1.17223,1.1712799999999999,1.0,session_end,-0.0009500000000002284,-96.50000000002285
ma3_ema9_21_50_15m_follow_pmc,long,2025-08-15 04:30:00-04:00,2025-08-15 16:15:00-04:00,1.16619,1.1704299999999999,1.0,session_end,0.0042399999999997995,422.49999999997993
ma3_ema9_21_50_15m_follow_pmc,long,2025-08-18 04:45:00-04:00,2025-08-18 06:45:00-04:00,1.1706100000000002,1.1697899999999999,1.0,stack_break,-0.000820000000000265,-83.50000000002649
ma3_ema9_21_50_15m_follow_pmc,long,2025-08-19 08:00:00-04:00,2025-08-19 14:00:00-04:00,1.1679700000000002,1.1673699999999998,1.0,stack_break,-0.000600000000000378,-61.5000000000378
ma3_ema9_21_50_15m_follow_pmc,long,2025-08-20 10:45:00-04:00,2025-08-20 16:15:00-04:00,1.1655600000000002,1.1648299999999998,1.0,session_end,-0.0007300000000003415,-74.50000000003415
ma3_ema9_21_50_15m_follow_pmc,long,2025-08-21 09:30:00-04:00,2025-08-21 12:00:00-04:00,1.1660000000000001,1.16424,1.0,stack_break,-0.0017600000000002058,-177.50000000002058
ma3_ema9_21_50_15m_follow_pmc,long,2025-08-22 13:15:00-04:00,2025-08-22 16:15:00-04:00,1.16093,1.17122,1.0,session_end,0.01028999999999991,1027.4999999999911
ma3_ema9_21_50_15m_follow_pmc,long,2025-08-25 05:15:00-04:00,2025-08-25 05:30:00-04:00,1.17056,1.1701199999999998,1.0,stack_break,-0.000440000000000218,-45.5000000000218
ma3_ema9_21_50_15m_follow_pmc,long,2025-08-25 06:30:00-04:00,2025-08-25 08:45:00-04:00,1.1712200000000001,1.1702899999999998,1.0,stack_break,-0.0009300000000003195,-94.50000000003195
ma3_ema9_21_50_15m_follow_pmc,long,2025-08-26 11:45:00-04:00,2025-08-26 16:15:00-04:00,1.1644800000000002,1.1656399999999998,1.0,session_end,0.0011599999999996058,114.49999999996058
ma3_ema9_21_50_15m_follow_pmc,long,2025-08-28 03:00:00-04:00,2025-08-28 05:00:00-04:00,1.1650800000000001,1.1640599999999999,1.0,stack_break,-0.001020000000000243,-103.5000000000243
ma3_ema9_21_50_15m_follow_pmc,long,2025-08-28 09:30:00-04:00,2025-08-28 16:15:00-04:00,1.1648900000000002,1.16715,1.0,session_end,0.0022599999999997067,224.49999999997067
ma3_ema9_21_50_15m_follow_pmc,long,2025-08-29 09:00:00-04:00,2025-08-29 11:15:00-04:00,1.16869,1.1666299999999998,1.0,stack_break,-0.002060000000000173,-207.50000000001728
ma3_ema9_21_50_15m_follow_pmc,long,2025-08-29 14:45:00-04:00,2025-08-29 16:15:00-04:00,1.1689100000000001,1.1694499999999999,1.0,session_end,0.0005399999999997629,52.49999999997629
ma3_ema9_21_50_15m_follow_pmc,long,2025-09-01 03:00:00-04:00,2025-09-01 12:30:00-04:00,1.17059,1.1712799999999999,1.0,stack_break,0.0006899999999998574,67.49999999998573
ma3_ema9_21_50_15m_follow_pmc,short,2025-09-02 07:30:00-04:00,2025-09-02 14:30:00-04:00,1.16834,1.1678700000000002,1.0,stack_break,0.0004699999999997484,45.49999999997484
ma3_ema9_21_50_15m_follow_pmc,short,2025-09-03 03:00:00-04:00,2025-09-03 06:45:00-04:00,1.16282,1.1637300000000002,1.0,stack_break,-0.0009100000000001884,-92.50000000001884
ma3_ema9_21_50_15m_follow_pmc,short,2025-09-03 07:45:00-04:00,2025-09-03 08:30:00-04:00,1.1621599999999999,1.1648500000000002,1.0,stack_break,-0.0026900000000003033,-270.50000000003035
ma3_ema9_21_50_15m_follow_pmc,short,2025-09-04 03:00:00-04:00,2025-09-04 16:15:00-04:00,1.16526,1.1648,1.0,session_end,0.00045999999999990493,44.49999999999049
ma3_ema9_21_50_15m_follow_pmc,long,2025-09-05 10:45:00-04:00,2025-09-05 16:15:00-04:00,1.16938,1.1758199999999999,1.0,session_end,0.006439999999999779,642.499999999978
ma3_ema9_21_50_15m_follow_pmc,long,2025-09-08 05:45:00-04:00,2025-09-08 16:15:00-04:00,1.1719400000000002,1.1750099999999999,1.0,session_end,0.003069999999999684,305.4999999999684
ma3_ema9_21_50_15m_follow_pmc,long,2025-09-09 03:00:00-04:00,2025-09-09 07:00:00-04:00,1.17737,1.1758799999999998,1.0,stack_break,-0.0014900000000002134,-150.50000000002134
ma3_ema9_21_50_15m_follow_pmc,long,2025-09-10 14:15:00-04:00,2025-09-10 16:15:00-04:00,1.17229,1.1714699999999998,1.0,session_end,-0.000820000000000265,-83.50000000002649
ma3_ema9_21_50_15m_follow_pmc,short,2025-09-11 06:15:00-04:00,2025-09-11 13:00:00-04:00,1.1688999999999998,1.1704100000000002,1.0,stack_break,-0.0015100000000003444,-152.50000000003445
ma3_ema9_21_50_15m_follow_pmc,long,2025-09-11 13:30:00-04:00,2025-09-11 16:15:00-04:00,1.1725,1.1730299999999998,1.0,session_end,0.0005299999999996974,51.49999999996974
ma3_ema9_21_50_15m_follow_pmc,long,2025-09-12 07:15:00-04:00,2025-09-12 09:15:00-04:00,1.1743100000000002,1.17174,1.0,stack_break,-0.0025700000000001832,-258.5000000000183
ma3_ema9_21_50_15m_follow_pmc,long,2025-09-12 11:15:00-04:00,2025-09-12 12:00:00-04:00,1.17344,1.1723199999999998,1.0,stack_break,-0.001120000000000232,-113.50000000002319
ma3_ema9_21_50_15m_follow_pmc,long,2025-09-15 04:00:00-04:00,2025-09-15 06:30:00-04:00,1.17321,1.1725299999999999,1.0,stack_break,-0.000680000000000236,-69.50000000002359
ma3_ema9_21_50_15m_follow_pmc,long,2025-09-15 07:45:00-04:00,2025-09-15 16:15:00-04:00,1.17384,1.1771299999999998,1.0,session_end,0.003289999999999793,327.4999999999793
ma3_ema9_21_50_15m_follow_pmc,long,2025-09-16 03:00:00-04:00,2025-09-16 16:15:00-04:00,1.1773600000000002,1.1846599999999998,1.0,session_end,0.00729999999999964,728.499999999964
ma3_ema9_21_50_15m_follow_pmc,long,2025-09-18 09:45:00-04:00,2025-09-18 12:45:00-04:00,1.1840000000000002,1.1807299999999998,1.0,stack_break,-0.003270000000000328,-328.5000000000328
ma3_ema9_21_50_15m_follow_pmc,long,2025-09-22 08:30:00-04:00,2025-09-22 16:15:00-04:00,1.17642,1.1772399999999998,1.0,session_end,0.0008199999999998209,80.4999999999821
ma3_ema9_21_50_15m_follow_pmc,long,2025-09-23 03:00:00-04:00,2025-09-23 04:45:00-04:00,1.18052,1.1798899999999999,1.0,stack_break,-0.0006300000000001305,-64.50000000001305
ma3_ema9_21_50_15m_follow_pmc,long,2025-09-23 09:30:00-04:00,2025-09-23 11:00:00-04:00,1.18076,1.17923,1.0,stack_break,-0.0015300000000000313,-154.50000000000313
ma3_ema9_21_50_15m_follow_pmc,long,2025-09-23 14:15:00-04:00,2025-09-23 15:30:00-04:00,1.1803700000000001,1.17906,1.0,stack_break,-0.0013100000000001444,-132.50000000001444
ma3_ema9_21_50_15m_follow_pmc,long,2025-09-25 04:30:00-04:00,2025-09-25 06:15:00-04:00,1.17503,1.1740199999999998,1.0,stack_break,-0.0010100000000001774,-102.50000000001774
ma3_ema9_21_50_15m_follow_pmc,short,2025-09-25 14:15:00-04:00,2025-09-25 16:15:00-04:00,1.16831,1.16735,1.0,session_end,0.0009599999999998499,94.499999999985
ma3_ema9_21_50_15m_follow_pmc,short,2025-09-26 08:15:00-04:00,2025-09-26 08:30:00-04:00,1.16713,1.1679700000000002,1.0,stack_break,-0.0008400000000001739,-85.5000000000174
ma3_ema9_21_50_15m_follow_pmc,short,2025-09-26 11:00:00-04:00,2025-09-26 13:15:00-04:00,1.16664,1.1686,1.0,stack_break,-0.001960000000000184,-197.5000000000184
ma3_ema9_21_50_15m_follow_pmc,long,2025-09-26 13:30:00-04:00,2025-09-26 16:15:00-04:00,1.16907,1.16906,1.0,session_end,-1.0000000000065512e-05,-2.500000000006551
ma3_ema9_21_50_15m_follow_pmc,long,2025-09-29 03:00:00-04:00,2025-09-29 09:00:00-04:00,1.17266,1.1719,1.0,stack_break,-0.0007600000000000939,-77.5000000000094
ma3_ema9_21_50_15m_follow_pmc,long,2025-09-29 13:00:00-04:00,2025-09-29 16:15:00-04:00,1.1737300000000002,1.1728999999999998,1.0,session_end,-0.0008300000000003305,-84.50000000003305
ma3_ema9_21_50_15m_follow_pmc,long,2025-09-30 05:45:00-04:00,2025-09-30 13:00:00-04:00,1.1732500000000001,1.17349,1.0,stack_break,0.00023999999999979593,22.499999999979593
ma3_ema9_21_50_15m_follow_pmc,long,2025-09-30 15:00:00-04:00,2025-09-30 15:30:00-04:00,1.17493,1.1731699999999998,1.0,stack_break,-0.0017600000000002058,-177.50000000002058
ma3_ema9_21_50_15m_follow_pmc,long,2025-10-01 04:45:00-04:00,2025-10-01 09:45:00-04:00,1.17476,1.1743,1.0,stack_break,-0.000460000000000127,-47.5000000000127
ma3_ema9_21_50_15m_follow_pmc,short,2025-10-01 10:45:00-04:00,2025-10-01 13:00:00-04:00,1.17163,1.1757900000000001,1.0,stack_break,-0.004160000000000164,-417.50000000001637
ma3_ema9_21_50_15m_follow_pmc,long,2025-10-01 13:30:00-04:00,2025-10-01 15:45:00-04:00,1.1751500000000001,1.1726699999999999,1.0,stack_break,-0.0024800000000002598,-249.50000000002598
ma3_ema9_21_50_15m_follow_pmc,short,2025-10-01 16:00:00-04:00,2025-10-01 16:15:00-04:00,1.17299,1.1719600000000001,1.0,session_end,0.0010299999999998644,101.49999999998644
ma3_ema9_21_50_15m_follow_pmc,long,2025-10-02 03:45:00-04:00,2025-10-02 04:00:00-04:00,1.17361,1.1733399999999998,1.0,stack_break,-0.0002700000000002145,-28.50000000002145
ma3_ema9_21_50_15m_follow_pmc,short,2025-10-02 05:00:00-04:00,2025-10-02 05:15:00-04:00,1.1731099999999999,1.1736700000000002,1.0,stack_break,-0.000560000000000338,-57.5000000000338
ma3_ema9_21_50_15m_follow_pmc,short,2025-10-02 05:30:00-04:00,2025-10-02 06:15:00-04:00,1.17308,1.17391,1.0,stack_break,-0.0008300000000001084,-84.50000000001084
ma3_ema9_21_50_15m_follow_pmc,long,2025-10-02 06:30:00-04:00,2025-10-02 13:15:00-04:00,1.1741100000000002,1.1736399999999998,1.0,stack_break,-0.00047000000000041453,-48.50000000004145
ma3_ema9_21_50_15m_follow_pmc,short,2025-10-02 14:15:00-04:00,2025-10-02 16:15:00-04:00,1.17186,1.1696700000000002,1.0,session_end,0.002189999999999692,217.49999999996922
ma3_ema9_21_50_15m_follow_pmc,short,2025-10-03 05:15:00-04:00,2025-10-03 07:00:00-04:00,1.1716799999999998,1.1726500000000002,1.0,stack_break,-0.0009700000000003595,-98.50000000003595
ma3_ema9_21_50_15m_follow_pmc,long,2025-10-03 08:30:00-04:00,2025-10-03 16:15:00-04:00,1.1737700000000002,1.1745899999999998,1.0,session_end,0.0008199999999995988,80.49999999995988
ma3_ema9_21_50_15m_follow_pmc,short,2025-10-06 05:30:00-04:00,2025-10-06 13:30:00-04:00,1.1716199999999999,1.16937,1.0,stack_break,0.0022499999999998632,223.49999999998633
ma3_ema9_21_50_15m_follow_pmc,short,2025-10-07 03:30:00-04:00,2025-10-07 16:00:00-04:00,1.17038,1.1678300000000001,1.0,stack_break,0.00254999999999983,253.499999999983
ma3_ema9_21_50_15m_follow_pmc,short,2025-10-08 03:00:00-04:00,2025-10-08 08:45:00-04:00,1.16241,1.1625100000000002,1.0,stack_break,-0.00010000000000021103,-11.500000000021103
ma3_ema9_21_50_15m_follow_pmc,short,2025-10-08 09:15:00-04:00,2025-10-08 11:00:00-04:00,1.1614,1.16301,1.0,stack_break,-0.0016100000000001113,-162.50000000001114
ma3_ema9_21_50_15m_follow_pmc,short,2025-10-08 15:30:00-04:00,2025-10-08 16:15:00-04:00,1.1613799999999999,1.16056,1.0,session_end,0.0008199999999998209,80.4999999999821
ma3_ema9_21_50_15m_follow_pmc,short,2025-10-09 07:45:00-04:00,2025-10-09 16:15:00-04:00,1.1615099999999998,1.1562700000000001,1.0,session_end,0.005239999999999689,522.499999999969
ma3_ema9_21_50_15m_follow_pmc,short,2025-10-10 07:15:00-04:00,2025-10-10 07:30:00-04:00,1.1567299999999998,1.1573200000000001,1.0,stack_break,-0.0005900000000003125,-60.50000000003125
ma3_ema9_21_50_15m_follow_pmc,short,2025-10-10 12:15:00-04:00,2025-10-10 15:15:00-04:00,1.1561499999999998,1.15825,1.0,stack_break,-0.002100000000000213,-211.5000000000213
ma3_ema9_21_50_15m_follow_pmc,short,2025-10-13 09:00:00-04:00,2025-10-13 16:15:00-04:00,1.15852,1.1575000000000002,1.0,session_end,0.0010199999999997988,100.49999999997988
ma3_ema9_21_50_15m_follow_pmc,short,2025-10-14 07:45:00-04:00,2025-10-14 13:45:00-04:00,1.1557899999999999,1.1574300000000002,1.0,stack_break,-0.0016400000000003079,-165.50000000003078
ma3_ema9_21_50_15m_follow_pmc,short,2025-10-17 11:45:00-04:00,2025-10-17 16:15:00-04:00,1.1684599999999998,1.1670200000000002,1.0,session_end,0.0014399999999996638,142.49999999996638
ma3_ema9_21_50_15m_follow_pmc,short,2025-10-20 07:15:00-04:00,2025-10-20 15:45:00-04:00,1.1657499999999998,1.16623,1.0,stack_break,-0.000480000000000258,-49.5000000000258
ma3_ema9_21_50_15m_follow_pmc,short,2025-10-21 03:00:00-04:00,2025-10-21 16:15:00-04:00,1.16356,1.1621100000000002,1.0,session_end,0.0014499999999997293,143.49999999997294
ma3_ema9_21_50_15m_follow_pmc,short,2025-10-22 08:00:00-04:00,2025-10-22 14:45:00-04:00,1.16038,1.16036,1.0,stack_break,1.999999999990898e-05,0.49999999999089795
ma3_ema9_21_50_15m_follow_pmc,short,2025-10-23 03:00:00-04:00,2025-10-23 08:45:00-04:00,1.1595099999999998,1.1604,1.0,stack_break,-0.0008900000000002795,-90.50000000002794
ma3_ema9_21_50_15m_follow_pmc,short,2025-10-23 09:15:00-04:00,2025-10-23 13:15:00-04:00,1.15956,1.16012,1.0,stack_break,-0.000560000000000116,-57.500000000011596
ma3_ema9_21_50_15m_follow_pmc,short,2025-10-24 04:30:00-04:00,2025-10-24 07:45:00-04:00,1.1606999999999998,1.1619000000000002,1.0,stack_break,-0.001200000000000312,-121.50000000003119
ma3_ema9_21_50_15m_follow_pmc,short,2025-10-24 09:45:00-04:00,2025-10-24 10:30:00-04:00,1.1606699999999999,1.16145,1.0,stack_break,-0.000780000000000225,-79.5000000000225
ma3_ema9_21_50_15m_follow_pmc,short,2025-10-27 05:30:00-04:00,2025-10-27 09:30:00-04:00,1.16217,1.1629800000000001,1.0,stack_break,-0.0008100000000001994,-82.50000000001995
ma3_ema9_21_50_15m_follow_pmc,short,2025-10-28 13:15:00-04:00,2025-10-28 15:15:00-04:00,1.1637799999999998,1.1664500000000002,1.0,stack_break,-0.0026700000000003943,-268.50000000003945
ma3_ema9_21_50_15m_follow_pmc,short,2025-10-29 04:00:00-04:00,2025-10-29 10:30:00-04:00,1.16374,1.1641700000000001,1.0,stack_break,-0.0004300000000001525,-44.50000000001525
ma3_ema9_21_50_15m_follow_pmc,short,2025-10-29 13:15:00-04:00,2025-10-29 13:30:00-04:00,1.16333,1.16392,1.0,stack_break,-0.0005900000000000905,-60.500000000009045
ma3_ema9_21_50_15m_follow_pmc,short,2025-10-30 08:30:00-04:00,2025-10-30 16:15:00-04:00,1.16086,1.1564800000000002,1.0,session_end,0.0043799999999998285,436.49999999998283
ma3_ema9_21_50_15m_follow_pmc,short,2025-10-31 04:00:00-04:00,2025-10-31 05:00:00-04:00,1.15685,1.15735,1.0,stack_break,-0.000500000000000167,-51.5000000000167
ma3_ema9_21_50_15m_follow_pmc,short,2025-10-31 05:45:00-04:00,2025-10-31 06:45:00-04:00,1.1566999999999998,1.15727,1.0,stack_break,-0.0005700000000001815,-58.50000000001815
ma3_ema9_21_50_15m_follow_pmc,short,2025-10-31 07:15:00-04:00,2025-10-31 09:45:00-04:00,1.1561299999999999,1.1570200000000002,1.0,stack_break,-0.0008900000000002795,-90.50000000002794
ma3_ema9_21_50_15m_follow_pmc,short,2025-10-31 12:15:00-04:00,2025-10-31 16:15:00-04:00,1.15641,1.1542800000000002,1.0,session_end,0.002129999999999743,211.4999999999743
ma3_ema9_21_50_15m_follow_pmc,short,2025-11-03 03:00:00-05:00,2025-11-03 03:15:00-05:00,1.1530399999999998,1.1532300000000002,1.0,stack_break,-0.00019000000000035655,-20.500000000035655
ma3_ema9_21_50_15m_follow_pmc,short,2025-11-03 08:45:00-05:00,2025-11-03 16:15:00-05:00,1.1524599999999998,1.15263,1.0,session_end,-0.00017000000000022553,-18.500000000022553
ma3_ema9_21_50_15m_follow_pmc,short,2025-11-04 03:00:00-05:00,2025-11-04 05:00:00-05:00,1.15072,1.15152,1.0,stack_break,-0.0008000000000001339,-81.50000000001339
ma3_ema9_21_50_15m_follow_pmc,short,2025-11-04 05:15:00-05:00,2025-11-04 06:30:00-05:00,1.1508699999999998,1.15164,1.0,stack_break,-0.0007700000000001594,-78.50000000001594
ma3_ema9_21_50_15m_follow_pmc,short,2025-11-04 10:15:00-05:00,2025-11-04 16:15:00-05:00,1.15008,1.1492,1.0,session_end,0.0008799999999999919,86.49999999999919
ma3_ema9_21_50_15m_follow_pmc,short,2025-11-05 10:00:00-05:00,2025-11-05 12:30:00-05:00,1.14834,1.14914,1.0,stack_break,-0.0008000000000001339,-81.50000000001339
ma3_ema9_21_50_15m_follow_pmc,short,2025-11-05 14:00:00-05:00,2025-11-05 16:15:00-05:00,1.1480499999999998,1.1478300000000001,1.0,session_end,0.0002199999999996649,20.49999999996649
ma3_ema9_21_50_15m_follow_pmc,long,2025-11-06 14:00:00-05:00,2025-11-06 16:15:00-05:00,1.1541100000000002,1.1536899999999999,1.0,session_end,-0.000420000000000309,-43.5000000000309
ma3_ema9_21_50_15m_follow_pmc,short,2025-11-07 06:30:00-05:00,2025-11-07 10:15:00-05:00,1.1534,1.15379,1.0,stack_break,-0.0003900000000001125,-40.50000000001125
ma3_ema9_21_50_15m_follow_pmc,long,2025-11-07 10:45:00-05:00,2025-11-07 16:15:00-05:00,1.1549,1.15726,1.0,session_end,0.0023599999999999177,234.49999999999176
ma3_ema9_21_50_15m_follow_pmc,long,2025-11-10 06:15:00-05:00,2025-11-10 11:30:00-05:00,1.15625,1.15581,1.0,stack_break,-0.00043999999999999595,-45.499999999999595
ma3_ema9_21_50_15m_follow_pmc,long,2025-11-10 12:45:00-05:00,2025-11-10 15:00:00-05:00,1.15738,1.1561199999999998,1.0,stack_break,-0.001260000000000261,-127.50000000002609
ma3_ema9_21_50_15m_follow_pmc,long,2025-11-11 06:15:00-05:00,2025-11-11 07:15:00-05:00,1.15626,1.1551099999999999,1.0,stack_break,-0.0011500000000002064,-116.50000000002063
ma3_ema9_21_50_15m_follow_pmc,long,2025-11-11 08:45:00-05:00,2025-11-11 09:15:00-05:00,1.1564,1.1554,1.0,stack_break,-0.001000000000000112,-101.5000000000112
ma3_ema9_21_50_15m_follow_pmc,long,2025-11-11 09:45:00-05:00,2025-11-11 16:15:00-05:00,1.1564500000000002,1.15933,1.0,session_end,0.0028799999999997716,286.49999999997715
ma3_ema9_21_50_15m_follow_pmc,long,2025-11-12 09:00:00-05:00,2025-11-12 09:15:00-05:00,1.15823,1.15756,1.0,stack_break,-0.0006700000000001705,-68.50000000001705
ma3_ema9_21_50_15m_follow_pmc,long,2025-11-13 03:15:00-05:00,2025-11-13 06:00:00-05:00,1.1590200000000002,1.15831,1.0,stack_break,-0.0007100000000002105,-72.50000000002105
ma3_ema9_21_50_15m_follow_pmc,long,2025-11-13 07:45:00-05:00,2025-11-13 16:15:00-05:00,1.1594600000000002,1.16373,1.0,session_end,0.004269999999999774,425.4999999999774
ma3_ema9_21_50_15m_follow_pmc,long,2025-11-14 03:00:00-05:00,2025-11-14 08:30:00-05:00,1.16351,1.16265,1.0,stack_break,-0.0008600000000000829,-87.5000000000083
ma3_ema9_21_50_15m_follow_pmc,long,2025-11-14 13:45:00-05:00,2025-11-14 15:30:00-05:00,1.1644500000000002,1.16224,1.0,stack_break,-0.0022100000000002673,-222.50000000002672
ma3_ema9_21_50_15m_follow_pmc,long,2025-11-18 05:15:00-05:00,2025-11-18 09:30:00-05:00,1.1599400000000002,1.15919,1.0,stack_break,-0.0007500000000002505,-76.50000000002504
ma3_ema9_21_50_15m_follow_pmc,long,2025-11-18 15:00:00-05:00,2025-11-18 16:15:00-05:00,1.15962,1.1581,1.0,session_end,-0.0015200000000001879,-153.5000000000188
ma3_ema9_21_50_15m_follow_pmc,long,2025-11-19 06:30:00-05:00,2025-11-19 09:00:00-05:00,1.1589900000000002,1.1577,1.0,stack_break,-0.0012900000000002354,-130.50000000002353
ma3_ema9_21_50_15m_follow_pmc,short,2025-11-20 03:00:00-05:00,2025-11-20 09:45:00-05:00,1.1518199999999998,1.1525100000000001,1.0,stack_break,-0.0006900000000003015,-70.50000000003016
ma3_ema9_21_50_15m_follow_pmc,short,2025-11-20 12:15:00-05:00,2025-11-20 14:15:00-05:00,1.15126,1.1530900000000002,1.0,stack_break,-0.0018300000000002203,-184.50000000002203
ma3_ema9_21_50_15m_follow_pmc,long,2025-11-20 15:00:00-05:00,2025-11-20 16:15:00-05:00,1.15405,1.15286,1.0,session_end,-0.0011900000000000244,-120.50000000000244
ma3_ema9_21_50_15m_follow_pmc,long,2025-11-21 04:30:00-05:00,2025-11-21 10:00:00-05:00,1.1542100000000002,1.1532799999999999,1.0,stack_break,-0.0009300000000003195,-94.50000000003195
ma3_ema9_21_50_15m_follow_pmc,short,2025-11-21 10:45:00-05:00,2025-11-21 16:15:00-05:00,1.15176,1.15023,1.0,session_end,0.0015299999999998093,151.49999999998093
ma3_ema9_21_50_15m_follow_pmc,long,2025-11-24 10:30:00-05:00,2025-11-24 15:00:00-05:00,1.15381,1.15258,1.0,stack_break,-0.0012300000000000644,-124.50000000000644
ma3_ema9_21_50_15m_follow_pmc,short,2025-11-25 04:15:00-05:00,2025-11-25 07:45:00-05:00,1.1516899999999999,1.1527500000000002,1.0,stack_break,-0.001060000000000283,-107.5000000000283
ma3_ema9_21_50_15m_follow_pmc,long,2025-11-25 10:30:00-05:00,2025-11-25 16:15:00-05:00,1.15386,1.1562599999999998,1.0,session_end,0.0023999999999997357,238.49999999997357
ma3_ema9_21_50_15m_follow_pmc,long,2025-11-26 03:00:00-05:00,2025-11-26 08:30:00-05:00,1.1582700000000001,1.1577499999999998,1.0,stack_break,-0.000520000000000298,-53.5000000000298
ma3_ema9_21_50_15m_follow_pmc,long,2025-11-26 16:00:00-05:00,2025-11-26 16:15:00-05:00,1.1586200000000002,1.15906,1.0,session_end,0.0004399999999997739,42.49999999997739
ma3_ema9_21_50_15m_follow_pmc,long,2025-11-27 03:00:00-05:00,2025-11-27 05:30:00-05:00,1.1613200000000001,1.1601,1.0,stack_break,-0.001220000000000221,-123.50000000002208
ma3_ema9_21_50_15m_follow_pmc,long,2025-11-27 05:45:00-05:00,2025-11-27 06:45:00-05:00,1.16046,1.1594499999999999,1.0,stack_break,-0.0010100000000001774,-102.50000000001774
ma3_ema9_21_50_15m_follow_pmc,long,2025-11-27 16:00:00-05:00,2025-11-27 16:15:00-05:00,1.15962,1.1594,1.0,session_end,-0.000220000000000109,-23.5000000000109
ma3_ema9_21_50_15m_follow_pmc,long,2025-12-01 07:45:00-05:00,2025-12-01 16:15:00-05:00,1.1609900000000002,1.1628299999999998,1.0,session_end,0.0018399999999996197,182.49999999996197
ma3_ema9_21_50_15m_follow_pmc,long,2025-12-02 13:15:00-05:00,2025-12-02 15:45:00-05:00,1.1618300000000001,1.16037,1.0,stack_break,-0.0014600000000002389,-147.50000000002387
ma3_ema9_21_50_15m_follow_pmc,long,2025-12-03 03:00:00-05:00,2025-12-03 16:15:00-05:00,1.16379,1.1660199999999998,1.0,session_end,0.002229999999999732,221.49999999997323
ma3_ema9_21_50_15m_follow_pmc,long,2025-12-04 09:00:00-05:00,2025-12-04 13:45:00-05:00,1.1677700000000002,1.1659,1.0,stack_break,-0.0018700000000002603,-188.50000000002603
ma3_ema9_21_50_15m_follow_pmc,long,2025-12-04 16:00:00-05:00,2025-12-04 16:15:00-05:00,1.16741,1.16723,1.0,session_end,-0.000180000000000069,-19.5000000000069
ma3_ema9_21_50_15m_follow_pmc,long,2025-12-05 06:45:00-05:00,2025-12-05 09:45:00-05:00,1.16572,1.16499,1.0,stack_break,-0.0007300000000001194,-74.50000000001194
ma3_ema9_21_50_15m_follow_pmc,long,2025-12-08 03:00:00-05:00,2025-12-08 09:30:00-05:00,1.16524,1.1650299999999998,1.0,stack_break,-0.00021000000000026553,-22.500000000026553
ma3_ema9_21_50_15m_follow_pmc,long,2025-12-09 03:00:00-05:00,2025-12-09 07:30:00-05:00,1.16456,1.1639899999999999,1.0,stack_break,-0.0005700000000001815,-58.50000000001815
ma3_ema9_21_50_15m_follow_pmc,long,2025-12-09 09:15:00-05:00,2025-12-09 11:30:00-05:00,1.1645500000000002,1.16377,1.0,stack_break,-0.000780000000000225,-79.5000000000225
ma3_ema9_21_50_15m_follow_pmc,long,2025-12-10 07:15:00-05:00,2025-12-10 11:15:00-05:00,1.16355,1.1634099999999998,1.0,stack_break,-0.00014000000000025103,-15.500000000025103
ma3_ema9_21_50_15m_follow_pmc,long,2025-12-10 13:00:00-05:00,2025-12-10 13:30:00-05:00,1.16412,1.1631399999999998,1.0,stack_break,-0.000980000000000203,-99.5000000000203
ma3_ema9_21_50_15m_follow_pmc,long,2025-12-10 14:15:00-05:00,2025-12-10 16:15:00-05:00,1.1640100000000002,1.16428,1.0,session_end,0.0002699999999997704,25.499999999977042
ma3_ema9_21_50_15m_follow_pmc,long,2025-12-11 03:00:00-05:00,2025-12-11 04:30:00-05:00,1.16995,1.16889,1.0,stack_break,-0.001060000000000061,-107.50000000000608
ma3_ema9_21_50_15m_follow_pmc,long,2025-12-11 08:00:00-05:00,2025-12-11 16:15:00-05:00,1.1699300000000001,1.1755799999999998,1.0,session_end,0.005649999999999711,563.4999999999711
ma3_ema9_21_50_15m_follow_pmc,long,2025-12-12 07:15:00-05:00,2025-12-12 09:15:00-05:00,1.1740000000000002,1.17285,1.0,stack_break,-0.0011500000000002064,-116.50000000002063
ma3_ema9_21_50_15m_follow_pmc,long,2025-12-15 03:00:00-05:00,2025-12-15 04:15:00-05:00,1.1743800000000002,1.17329,1.0,stack_break,-0.0010900000000002574,-110.50000000002575
ma3_ema9_21_50_15m_follow_pmc,long,2025-12-15 10:15:00-05:00,2025-12-15 16:15:00-05:00,1.1744,1.1761199999999998,1.0,session_end,0.0017199999999997218,170.49999999997218
ma3_ema9_21_50_15m_follow_pmc,long,2025-12-16 03:00:00-05:00,2025-12-16 04:30:00-05:00,1.17555,1.1749699999999998,1.0,stack_break,-0.000580000000000247,-59.5000000000247
ma3_ema9_21_50_15m_follow_pmc,long,2025-12-16 08:30:00-05:00,2025-12-16 16:15:00-05:00,1.17558,1.1768299999999998,1.0,session_end,0.0012499999999997513,123.49999999997513
ma3_ema9_21_50_15m_follow_pmc,long,2025-12-17 15:30:00-05:00,2025-12-17 16:15:00-05:00,1.1749900000000002,1.1753799999999999,1.0,session_end,0.0003899999999996684,37.49999999996684
ma3_ema9_21_50_15m_follow_pmc,long,2025-12-18 05:30:00-05:00,2025-12-18 08:15:00-05:00,1.17446,1.17322,1.0,stack_break,-0.0012400000000001299,-125.50000000001299
ma3_ema9_21_50_15m_follow_pmc,long,2025-12-19 15:00:00-05:00,2025-12-19 16:15:00-05:00,1.17344,1.1709299999999998,1.0,session_end,-0.0025100000000002343,-252.50000000002342
ma3_ema9_21_50_15m_follow_pmc,long,2025-12-22 05:00:00-05:00,2025-12-22 16:15:00-05:00,1.1720300000000001,1.17618,1.0,session_end,0.004149999999999876,413.4999999999876
ma3_ema9_21_50_15m_follow_pmc,long,2025-12-23 03:00:00-05:00,2025-12-23 14:15:00-05:00,1.1777600000000001,1.17735,1.0,stack_break,-0.0004100000000002435,-42.50000000002435
ma3_ema9_21_50_15m_follow_pmc,long,2025-12-24 03:00:00-05:00,2025-12-24 04:00:00-05:00,1.18015,1.1786999999999999,1.0,stack_break,-0.0014500000000001734,-146.50000000001734
ma3_ema9_21_50_15m_follow_pmc,long,2025-12-24 06:15:00-05:00,2025-12-24 08:00:00-05:00,1.1800700000000002,1.17881,1.0,stack_break,-0.001260000000000261,-127.50000000002609
ma3_ema9_21_50_15m_follow_pmc,long,2025-12-24 09:45:00-05:00,2025-12-24 12:00:00-05:00,1.17968,1.1791699999999998,1.0,stack_break,-0.0005100000000002325,-52.50000000002325
ma3_ema9_21_50_15m_follow_pmc,long,2025-12-26 03:00:00-05:00,2025-12-26 05:15:00-05:00,1.1792900000000002,1.17818,1.0,stack_break,-0.0011100000000001664,-112.50000000001664
ma3_ema9_21_50_15m_follow_pmc,long,2025-12-26 06:30:00-05:00,2025-12-26 06:45:00-05:00,1.17863,1.17837,1.0,stack_break,-0.000260000000000149,-27.5000000000149
ma3_ema9_21_50_15m_follow_pmc,long,2025-12-26 13:45:00-05:00,2025-12-26 16:15:00-05:00,1.1792200000000002,1.1777499999999999,1.0,session_end,-0.0014700000000003044,-148.50000000003044
ma3_ema9_21_50_15m_follow_pmc,long,2025-12-29 03:00:00-05:00,2025-12-29 03:45:00-05:00,1.17772,1.1771299999999998,1.0,stack_break,-0.0005900000000003125,-60.50000000003125
ma3_ema9_21_50_15m_follow_pmc,long,2025-12-29 09:45:00-05:00,2025-12-29 11:30:00-05:00,1.1780300000000001,1.17587,1.0,stack_break,-0.002160000000000162,-217.50000000001617
ma3_ema9_21_50_15m_follow_pmc,long,2025-12-29 15:15:00-05:00,2025-12-29 16:15:00-05:00,1.1785,1.1765299999999999,1.0,session_end,-0.0019700000000002493,-198.50000000002493
ma3_ema9_21_50_15m_follow_pmc,long,2025-12-30 03:00:00-05:00,2025-12-30 08:00:00-05:00,1.17745,1.17674,1.0,stack_break,-0.0007100000000002105,-72.50000000002105
ma3_ema9_21_50_15m_follow_pmc,long,2025-12-30 11:00:00-05:00,2025-12-30 12:00:00-05:00,1.17761,1.17682,1.0,stack_break,-0.0007900000000000684,-80.50000000000685
ma3_ema9_21_50_15m_follow_pmc,long,2025-12-31 13:00:00-05:00,2025-12-31 15:00:00-05:00,1.17541,1.17323,1.0,stack_break,-0.0021800000000000708,-219.50000000000708
ma3_ema9_21_50_15m_follow_pmc,long,2026-01-02 03:00:00-05:00,2026-01-02 06:15:00-05:00,1.1760400000000002,1.1750099999999999,1.0,stack_break,-0.0010300000000003084,-104.50000000003084
ma3_ema9_21_50_15m_follow_pmc,short,2026-01-02 08:00:00-05:00,2026-01-02 15:30:00-05:00,1.17346,1.1734900000000001,1.0,stack_break,-3.0000000000196536e-05,-4.500000000019654
ma3_ema9_21_50_15m_follow_pmc,short,2026-01-05 03:00:00-05:00,2026-01-05 15:30:00-05:00,1.16841,1.1694600000000002,1.0,stack_break,-0.0010500000000002174,-106.50000000002174
ma3_ema9_21_50_15m_follow_pmc,short,2026-01-06 11:00:00-05:00,2026-01-06 16:15:00-05:00,1.17116,1.16979,1.0,session_end,0.0013699999999998713,135.49999999998712
ma3_ema9_21_50_15m_follow_pmc,short,2026-01-07 05:45:00-05:00,2026-01-07 07:15:00-05:00,1.1691099999999999,1.16964,1.0,stack_break,-0.0005300000000001415,-54.50000000001415
ma3_ema9_21_50_15m_follow_pmc,short,2026-01-07 07:30:00-05:00,2026-01-07 11:45:00-05:00,1.1691999999999998,1.16913,1.0,stack_break,6.999999999979245e-05,5.499999999979245
ma3_ema9_21_50_15m_follow_pmc,short,2026-01-07 12:00:00-05:00,2026-01-07 12:15:00-05:00,1.1685699999999999,1.1690500000000001,1.0,stack_break,-0.000480000000000258,-49.5000000000258
ma3_ema9_21_50_15m_follow_pmc,short,2026-01-07 12:30:00-05:00,2026-01-07 14:15:00-05:00,1.1683,1.1694,1.0,stack_break,-0.001100000000000101,-111.50000000001009
ma3_ema9_21_50_15m_follow_pmc,short,2026-01-08 03:00:00-05:00,2026-01-08 03:30:00-05:00,1.16794,1.1681300000000001,1.0,stack_break,-0.0001900000000001345,-20.50000000001345
ma3_ema9_21_50_15m_follow_pmc,short,2026-01-08 08:30:00-05:00,2026-01-08 11:15:00-05:00,1.16736,1.16796,1.0,stack_break,-0.000600000000000156,-61.500000000015596
ma3_ema9_21_50_15m_follow_pmc,short,2026-01-08 11:45:00-05:00,2026-01-08 12:00:00-05:00,1.1674799999999999,1.1678600000000001,1.0,stack_break,-0.000380000000000269,-39.5000000000269
ma3_ema9_21_50_15m_follow_pmc,short,2026-01-08 12:15:00-05:00,2026-01-08 16:15:00-05:00,1.1675499999999999,1.1666,1.0,session_end,0.0009499999999997844,93.49999999997843
ma3_ema9_21_50_15m_follow_pmc,short,2026-01-09 03:00:00-05:00,2026-01-09 04:00:00-05:00,1.1651999999999998,1.1657700000000002,1.0,stack_break,-0.0005700000000004035,-58.50000000004035
ma3_ema9_21_50_15m_follow_pmc,short,2026-01-09 05:45:00-05:00,2026-01-09 14:00:00-05:00,1.1650399999999999,1.1658300000000001,1.0,stack_break,-0.0007900000000002905,-80.50000000002905
ma3_ema9_21_50_15m_follow_pmc,short,2026-01-09 14:45:00-05:00,2026-01-09 16:15:00-05:00,1.1639,1.16415,1.0,session_end,-0.0002500000000000835,-26.50000000000835
ma3_ema9_21_50_15m_follow_pmc,short,2026-01-13 03:00:00-05:00,2026-01-13 05:45:00-05:00,1.16584,1.1666800000000002,1.0,stack_break,-0.0008400000000001739,-85.5000000000174
ma3_ema9_21_50_15m_follow_pmc,short,2026-01-13 06:30:00-05:00,2026-01-13 08:30:00-05:00,1.16576,1.1665800000000002,1.0,stack_break,-0.000820000000000265,-83.50000000002649
ma3_ema9_21_50_15m_follow_pmc,short,2026-01-13 13:15:00-05:00,2026-01-13 14:30:00-05:00,1.16543,1.1669,1.0,stack_break,-0.0014700000000000824,-148.50000000000824
ma3_ema9_21_50_15m_follow_pmc,short,2026-01-13 15:15:00-05:00,2026-01-13 16:15:00-05:00,1.16618,1.16544,1.0,session_end,0.0007399999999999629,72.49999999999629
ma3_ema9_21_50_15m_follow_pmc,short,2026-01-14 03:00:00-05:00,2026-01-14 04:00:00-05:00,1.164,1.16477,1.0,stack_break,-0.0007700000000001594,-78.50000000001594
ma3_ema9_21_50_15m_follow_pmc,short,2026-01-14 06:15:00-05:00,2026-01-14 06:30:00-05:00,1.1641,1.16457,1.0,stack_break,-0.0004700000000001925,-48.50000000001925
ma3_ema9_21_50_15m_follow_pmc,short,2026-01-15 03:00:00-05:00,2026-01-15 10:30:00-05:00,1.1638,1.16362,1.0,stack_break,0.00017999999999984695,16.499999999984695
ma3_ema9_21_50_15m_follow_pmc,short,2026-01-15 12:15:00-05:00,2026-01-15 16:15:00-05:00,1.1631099999999999,1.1602100000000002,1.0,session_end,0.0028999999999996806,288.49999999996805
ma3_ema9_21_50_15m_follow_pmc,short,2026-01-16 06:30:00-05:00,2026-01-16 07:30:00-05:00,1.1608299999999998,1.1613900000000001,1.0,stack_break,-0.000560000000000338,-57.5000000000338
ma3_ema9_21_50_15m_follow_pmc,short,2026-01-21 06:00:00-05:00,2026-01-21 12:30:00-05:00,1.17167,1.17212,1.0,stack_break,-0.00045000000000006146,-46.500000000006146
ma3_ema9_21_50_15m_follow_pmc,short,2026-01-22 07:30:00-05:00,2026-01-22 07:45:00-05:00,1.16852,1.16907,1.0,stack_break,-0.0005500000000000504,-56.500000000005045
ma3_ema9_21_50_15m_follow_pmc,short,2026-01-22 09:00:00-05:00,2026-01-22 09:30:00-05:00,1.1684599999999998,1.1690600000000002,1.0,stack_break,-0.000600000000000378,-61.5000000000378
ma3_ema9_21_50_15m_follow_pmc,long,2026-01-23 05:30:00-05:00,2026-01-23 07:00:00-05:00,1.1751900000000002,1.17447,1.0,stack_break,-0.000720000000000276,-73.5000000000276
ma3_ema9_21_50_15m_follow_pmc,short,2026-01-23 09:30:00-05:00,2026-01-23 13:15:00-05:00,1.1736199999999999,1.1744100000000002,1.0,stack_break,-0.0007900000000002905,-80.50000000002905
ma3_ema9_21_50_15m_follow_pmc,long,2026-01-23 15:30:00-05:00,2026-01-23 16:15:00-05:00,1.17487,1.17573,1.0,session_end,0.0008599999999998609,84.49999999998609
ma3_ema9_21_50_15m_follow_pmc,long,2026-01-26 03:00:00-05:00,2026-01-26 07:15:00-05:00,1.1871500000000001,1.1851699999999998,1.0,stack_break,-0.001980000000000315,-199.5000000000315
ma3_ema9_21_50_15m_follow_pmc,long,2026-01-26 10:15:00-05:00,2026-01-26 12:15:00-05:00,1.1865100000000002,1.1853799999999999,1.0,stack_break,-0.0011300000000002974,-114.50000000002974
ma3_ema9_21_50_15m_follow_pmc,long,2026-01-26 14:45:00-05:00,2026-01-26 16:15:00-05:00,1.1868200000000002,1.1895399999999998,1.0,session_end,0.0027199999999996116,270.4999999999612
ma3_ema9_21_50_15m_follow_pmc,long,2026-01-27 03:00:00-05:00,2026-01-27 04:45:00-05:00,1.1897300000000002,1.18733,1.0,stack_break,-0.0024000000000001798,-241.50000000001796
ma3_ema9_21_50_15m_follow_pmc,long,2026-01-27 11:15:00-05:00,2026-01-27 16:15:00-05:00,1.1889,1.19519,1.0,session_end,0.006289999999999907,627.4999999999907
ma3_ema9_21_50_15m_follow_pmc,long,2026-01-28 07:30:00-05:00,2026-01-28 08:00:00-05:00,1.20256,1.1988899999999998,1.0,stack_break,-0.003670000000000284,-368.5000000000284
ma3_ema9_21_50_15m_follow_pmc,long,2026-01-29 03:00:00-05:00,2026-01-29 09:00:00-05:00,1.19731,1.1965599999999998,1.0,stack_break,-0.0007500000000002505,-76.50000000002504
ma3_ema9_21_50_15m_follow_pmc,short,2026-02-02 13:15:00-05:00,2026-02-02 16:15:00-05:00,1.1845899999999998,1.1793300000000002,1.0,session_end,0.005259999999999598,524.4999999999599
ma3_ema9_21_50_15m_follow_pmc,short,2026-02-03 10:15:00-05:00,2026-02-03 16:00:00-05:00,1.17933,1.1805800000000002,1.0,stack_break,-0.0012500000000001954,-126.50000000001954
ma3_ema9_21_50_15m_follow_pmc,short,2026-02-04 11:15:00-05:00,2026-02-04 16:15:00-05:00,1.18132,1.17974,1.0,session_end,0.0015799999999999148,156.49999999999147
ma3_ema9_21_50_15m_follow_pmc,short,2026-02-05 03:00:00-05:00,2026-02-05 07:45:00-05:00,1.1791399999999999,1.17988,1.0,stack_break,-0.000740000000000185,-75.5000000000185
ma3_ema9_21_50_15m_follow_pmc,short,2026-02-05 10:00:00-05:00,2026-02-05 12:45:00-05:00,1.1786999999999999,1.1799700000000002,1.0,stack_break,-0.0012700000000003264,-128.50000000003263
ma3_ema9_21_50_15m_follow_pmc,long,2026-02-09 07:00:00-05:00,2026-02-09 16:15:00-05:00,1.1855900000000001,1.19153,1.0,session_end,0.005939999999999834,592.4999999999834
ma3_ema9_21_50_15m_follow_pmc,long,2026-02-10 03:15:00-05:00,2026-02-10 05:30:00-05:00,1.19147,1.1906999999999999,1.0,stack_break,-0.0007700000000001594,-78.50000000001594
ma3_ema9_21_50_15m_follow_pmc,long,2026-02-10 09:00:00-05:00,2026-02-10 12:00:00-05:00,1.19147,1.1900799999999998,1.0,stack_break,-0.0013900000000002244,-140.50000000002245
ma3_ema9_21_50_15m_follow_pmc,long,2026-02-10 14:45:00-05:00,2026-02-10 16:00:00-05:00,1.1923400000000002,1.18997,1.0,stack_break,-0.0023700000000002053,-238.50000000002052
ma3_ema9_21_50_15m_follow_pmc,long,2026-02-11 03:15:00-05:00,2026-02-11 12:15:00-05:00,1.19094,1.1907699999999999,1.0,stack_break,-0.00017000000000022553,-18.500000000022553
ma3_ema9_21_50_15m_follow_pmc,short,2026-02-11 13:45:00-05:00,2026-02-11 16:15:00-05:00,1.1844999999999999,1.1857700000000002,1.0,session_end,-0.0012700000000003264,-128.50000000003263
ma3_ema9_21_50_15m_follow_pmc,long,2026-02-12 10:00:00-05:00,2026-02-12 13:30:00-05:00,1.1888,1.1872699999999998,1.0,stack_break,-0.0015300000000002534,-154.50000000002535
ma3_ema9_21_50_15m_follow_pmc,long,2026-02-12 14:15:00-05:00,2026-02-12 16:15:00-05:00,1.18859,1.18854,1.0,session_end,-5.0000000000105516e-05,-6.500000000010552
ma3_ema9_21_50_15m_follow_pmc,short,2026-02-13 07:45:00-05:00,2026-02-13 10:00:00-05:00,1.1846999999999999,1.1865500000000002,1.0,stack_break,-0.0018500000000003514,-186.50000000003513
ma3_ema9_21_50_15m_follow_pmc,long,2026-02-13 14:30:00-05:00,2026-02-13 16:15:00-05:00,1.1868800000000002,1.1848599999999998,1.0,session_end,-0.002020000000000355,-203.50000000003547
ma3_ema9_21_50_15m_follow_pmc,short,2026-02-17 03:00:00-05:00,2026-02-17 09:45:00-05:00,1.1840099999999998,1.18486,1.0,stack_break,-0.0008500000000002395,-86.50000000002395
ma3_ema9_21_50_15m_follow_pmc,short,2026-02-17 12:15:00-05:00,2026-02-17 16:15:00-05:00,1.18291,1.1812900000000002,1.0,session_end,0.0016199999999997328,160.49999999997328
ma3_ema9_21_50_15m_follow_pmc,short,2026-02-18 07:30:00-05:00,2026-02-18 13:00:00-05:00,1.1836799999999998,1.18419,1.0,stack_break,-0.0005100000000002325,-52.50000000002325
ma3_ema9_21_50_15m_follow_pmc,short,2026-02-18 14:15:00-05:00,2026-02-18 16:15:00-05:00,1.1824299999999999,1.1821300000000001,1.0,session_end,0.0002999999999997449,28.49999999997449
ma3_ema9_21_50_15m_follow_pmc,short,2026-02-19 04:30:00-05:00,2026-02-19 06:30:00-05:00,1.1786899999999998,1.17944,1.0,stack_break,-0.0007500000000002505,-76.50000000002504
ma3_ema9_21_50_15m_follow_pmc,short,2026-02-19 11:15:00-05:00,2026-02-19 16:15:00-05:00,1.17879,1.17633,1.0,session_end,0.0024599999999999067,244.49999999999068
ma3_ema9_21_50_15m_follow_pmc,short,2026-02-20 03:00:00-05:00,2026-02-20 09:15:00-05:00,1.1754699999999998,1.1761700000000002,1.0,stack_break,-0.000700000000000367,-71.50000000003669
ma3_ema9_21_50_15m_follow_pmc,short,2026-02-23 11:15:00-05:00,2026-02-23 15:15:00-05:00,1.17966,1.18079,1.0,stack_break,-0.0011300000000000754,-114.50000000000753
ma3_ema9_21_50_15m_follow_pmc,short,2026-02-24 03:00:00-05:00,2026-02-24 08:45:00-05:00,1.1781199999999998,1.17894,1.0,stack_break,-0.000820000000000265,-83.50000000002649
ma3_ema9_21_50_15m_follow_pmc,short,2026-02-24 12:30:00-05:00,2026-02-24 16:15:00-05:00,1.17752,1.1773,1.0,session_end,0.00021999999999988695,20.499999999988695
ma3_ema9_21_50_15m_follow_pmc,short,2026-02-25 11:45:00-05:00,2026-02-25 15:30:00-05:00,1.1771399999999999,1.1800400000000002,1.0,stack_break,-0.0029000000000003467,-291.5000000000347
ma3_ema9_21_50_15m_follow_pmc,short,2026-02-26 09:45:00-05:00,2026-02-26 13:30:00-05:00,1.1800599999999999,1.18164,1.0,stack_break,-0.0015800000000001369,-159.5000000000137
ma3_ema9_21_50_15m_follow_pmc,short,2026-02-26 15:45:00-05:00,2026-02-26 16:15:00-05:00,1.17821,1.1799600000000001,1.0,session_end,-0.0017500000000001403,-176.50000000001404
ma3_ema9_21_50_15m_follow_pmc,short,2026-02-27 03:00:00-05:00,2026-02-27 03:15:00-05:00,1.1795699999999998,1.1801400000000002,1.0,stack_break,-0.0005700000000004035,-58.50000000004035
ma3_ema9_21_50_15m_follow_pmc,short,2026-02-27 13:45:00-05:00,2026-02-27 15:45:00-05:00,1.1796099999999998,1.18103,1.0,stack_break,-0.0014200000000001989,-143.5000000000199
ma3_ema9_21_50_15m_follow_pmc,short,2026-03-02 03:00:00-05:00,2026-03-02 03:30:00-05:00,1.17868,1.17917,1.0,stack_break,-0.0004900000000001015,-50.50000000001015
ma3_ema9_21_50_15m_follow_pmc,short,2026-03-02 05:30:00-05:00,2026-03-02 16:15:00-05:00,1.17743,1.1679700000000002,1.0,session_end,0.009459999999999802,944.4999999999802
ma3_ema9_21_50_15m_follow_pmc,short,2026-03-03 03:30:00-05:00,2026-03-03 16:15:00-05:00,1.16912,1.1574900000000001,1.0,session_end,0.011629999999999807,1161.4999999999807
ma3_ema9_21_50_15m_follow_pmc,short,2026-03-04 03:00:00-05:00,2026-03-04 04:30:00-05:00,1.15986,1.1609800000000001,1.0,stack_break,-0.001120000000000232,-113.50000000002319
ma3_ema9_21_50_15m_follow_pmc,short,2026-03-04 05:00:00-05:00,2026-03-04 07:00:00-05:00,1.15957,1.1615900000000001,1.0,stack_break,-0.002020000000000133,-203.50000000001327
ma3_ema9_21_50_15m_follow_pmc,short,2026-03-05 03:45:00-05:00,2026-03-05 09:45:00-05:00,1.16109,1.16236,1.0,stack_break,-0.0012700000000001044,-128.50000000001043
ma3_ema9_21_50_15m_follow_pmc,short,2026-03-05 12:30:00-05:00,2026-03-05 12:45:00-05:00,1.1609399999999999,1.16191,1.0,stack_break,-0.0009700000000001374,-98.50000000001374
ma3_ema9_21_50_15m_follow_pmc,short,2026-03-05 14:00:00-05:00,2026-03-05 16:15:00-05:00,1.1597099999999998,1.1581800000000002,1.0,session_end,0.0015299999999995872,151.49999999995873
ma3_ema9_21_50_15m_follow_pmc,short,2026-03-06 09:30:00-05:00,2026-03-06 16:00:00-05:00,1.15892,1.1581400000000002,1.0,stack_break,0.0007799999999997809,76.49999999997809
ma3_ema9_21_50_15m_follow_pmc,short,2026-03-09 04:00:00-04:00,2026-03-09 05:45:00-04:00,1.15137,1.15572,1.0,stack_break,-0.004350000000000076,-436.5000000000076
ma3_ema9_21_50_15m_follow_pmc,short,2026-03-09 09:15:00-04:00,2026-03-09 09:45:00-04:00,1.1534099999999998,1.1548100000000001,1.0,stack_break,-0.00140000000000029,-141.500000000029
ma3_ema9_21_50_15m_follow_pmc,short,2026-03-11 09:00:00-04:00,2026-03-11 16:15:00-04:00,1.1605999999999999,1.1567,1.0,session_end,0.0038999999999997925,388.49999999997925
ma3_ema9_21_50_15m_follow_pmc,short,2026-03-12 04:00:00-04:00,2026-03-12 07:00:00-04:00,1.15383,1.1549900000000002,1.0,stack_break,-0.001160000000000272,-117.5000000000272
ma3_ema9_21_50_15m_follow_pmc,short,2026-03-12 12:45:00-04:00,2026-03-12 16:15:00-04:00,1.1538,1.1523,1.0,session_end,0.0014999999999998348,148.4999999999835
ma3_ema9_21_50_15m_follow_pmc,short,2026-03-13 04:00:00-04:00,2026-03-13 13:00:00-04:00,1.15076,1.1487,1.0,stack_break,0.0020599999999999508,204.49999999999508
ma3_ema9_21_50_15m_follow_pmc,short,2026-03-13 15:15:00-04:00,2026-03-13 16:15:00-04:00,1.1454199999999999,1.1442400000000001,1.0,session_end,0.0011799999999997368,116.49999999997368
ma3_ema9_21_50_15m_follow_pmc,short,2026-03-16 06:00:00-04:00,2026-03-16 09:30:00-04:00,1.14357,1.1447100000000001,1.0,stack_break,-0.001140000000000141,-115.5000000000141
ma3_ema9_21_50_15m_follow_pmc,short,2026-03-17 06:30:00-04:00,2026-03-17 08:45:00-04:00,1.1469099999999999,1.14971,1.0,stack_break,-0.0028000000000001357,-281.5000000000136
ma3_ema9_21_50_15m_follow_pmc,short,2026-03-18 09:00:00-04:00,2026-03-18 10:30:00-04:00,1.1524599999999998,1.1543,1.0,stack_break,-0.0018400000000002859,-185.5000000000286
ma3_ema9_21_50_15m_follow_pmc,short,2026-03-18 13:00:00-04:00,2026-03-18 16:15:00-04:00,1.15157,1.1512900000000001,1.0,session_end,0.00027999999999983594,26.499999999983594
ma3_ema9_21_50_15m_follow_pmc,short,2026-03-19 05:00:00-04:00,2026-03-19 10:30:00-04:00,1.1468299999999998,1.14727,1.0,stack_break,-0.000440000000000218,-45.5000000000218
ma3_ema9_21_50_15m_follow_pmc,short,2026-03-20 14:30:00-04:00,2026-03-20 16:15:00-04:00,1.1536899999999999,1.1545,1.0,session_end,-0.0008100000000001994,-82.50000000001995
ma3_ema9_21_50_15m_follow_pmc,short,2026-03-23 04:00:00-04:00,2026-03-23 11:45:00-04:00,1.1547599999999998,1.15764,1.0,stack_break,-0.0028800000000002157,-289.5000000000216
ma3_ema9_21_50_15m_follow_pmc,short,2026-03-24 04:00:00-04:00,2026-03-24 07:30:00-04:00,1.1582,1.1611600000000002,1.0,stack_break,-0.0029600000000002957,-297.50000000002956
ma3_ema9_21_50_15m_follow_pmc,short,2026-03-24 09:45:00-04:00,2026-03-24 10:00:00-04:00,1.15854,1.15948,1.0,stack_break,-0.0009400000000001629,-95.50000000001629
ma3_ema9_21_50_15m_follow_pmc,short,2026-03-24 11:00:00-04:00,2026-03-24 11:15:00-04:00,1.15895,1.1593600000000002,1.0,stack_break,-0.0004100000000002435,-42.50000000002435
ma3_ema9_21_50_15m_follow_pmc,short,2026-03-24 13:00:00-04:00,2026-03-24 15:45:00-04:00,1.15841,1.1595700000000002,1.0,stack_break,-0.001160000000000272,-117.5000000000272
ma3_ema9_21_50_15m_follow_pmc,short,2026-03-25 06:30:00-04:00,2026-03-25 08:45:00-04:00,1.15895,1.16128,1.0,stack_break,-0.0023300000000001653,-234.50000000001654
ma3_ema9_21_50_15m_follow_pmc,short,2026-03-25 10:45:00-04:00,2026-03-25 11:15:00-04:00,1.15976,1.1606100000000001,1.0,stack_break,-0.0008500000000002395,-86.50000000002395
ma3_ema9_21_50_15m_follow_pmc,short,2026-03-25 13:15:00-04:00,2026-03-25 16:15:00-04:00,1.1593799999999999,1.1571,1.0,session_end,0.0022799999999998377,226.49999999998377
ma3_ema9_21_50_15m_follow_pmc,short,2026-03-26 06:30:00-04:00,2026-03-26 16:15:00-04:00,1.1553099999999998,1.1542000000000001,1.0,session_end,0.0011099999999997223,109.49999999997223
ma3_ema9_21_50_15m_follow_pmc,short,2026-03-27 07:30:00-04:00,2026-03-27 14:15:00-04:00,1.1530099999999999,1.15263,1.0,stack_break,0.0003799999999998249,36.49999999998249
ma3_ema9_21_50_15m_follow_pmc,short,2026-03-30 08:00:00-04:00,2026-03-30 16:15:00-04:00,1.14973,1.1453900000000001,1.0,session_end,0.0043399999999997885,432.49999999997885
