week_monday,side,entry_ts,exit_ts,entry,exit,stop,target,dd30_px,dd50_px,dd30_exit,dd30_ts,dd50_exit,dd50_ts,cut_30,cut_50,monday_high,monday_low,R,pnl_usd,result,exit_reason,trade_num_in_week,contracts,is_reverse_fade,parent_entry_ts
2003-05-12,short,2003-05-13 00:30:00-04:00,2003-05-16 19:00:00-04:00,1.15133,1.15635,1.16137,1.1312499999999999,1.154342,1.15635,1.154342,2003-05-13 05:30:00-04:00,1.15635,2003-05-16 19:00:00-04:00,2,1,1.16229,1.15225,0.010040000000000049,-1108.9000000000053,loss,dd_cut+flat_at_50,1,3,0,
2003-05-12,long,2003-05-16 19:00:00-04:00,2003-05-16 20:45:00-04:00,1.15635,1.15705,1.14631,1.17643,nan,nan,nan,,nan,,0,0,1.16229,1.15225,0.010040000000000049,68.4999999999923,win,reverse_fade+week_end,1,1,1,2003-05-13 00:30:00-04:00
2003-05-19,short,2003-05-20 08:45:00-04:00,2003-05-20 14:00:00-04:00,1.16156,1.1673,1.1730399999999999,1.1386,1.165004,1.1673,1.165004,2003-05-20 11:15:00-04:00,1.1673,2003-05-20 14:00:00-04:00,2,1,1.17353,1.16205,0.011479999999999935,-1267.3000000000084,loss,dd_cut+flat_at_50,1,3,0,
2003-05-19,long,2003-05-20 14:00:00-04:00,2003-05-23 20:45:00-04:00,1.1673,1.18236,1.15582,1.1902599999999999,nan,nan,nan,,nan,,0,0,1.17353,1.16205,0.011479999999999935,1504.5000000000073,win,reverse_fade+week_end,1,1,1,2003-05-20 08:45:00-04:00
2003-05-19,long,2003-05-23 09:00:00-04:00,2003-05-23 20:45:00-04:00,1.17446,1.18236,1.1629800000000001,1.19742,1.171016,1.16872,nan,,nan,,0,0,1.17353,1.16205,0.011479999999999935,2365.5000000000055,win,week_end,2,3,0,
2003-05-26,long,2003-05-27 01:00:00-04:00,2003-05-27 06:00:00-04:00,1.18758,1.1836350000000002,1.1796900000000001,1.20336,1.185213,1.1836350000000002,1.185213,2003-05-27 05:15:00-04:00,1.1836350000000002,2003-05-27 06:00:00-04:00,2,1,1.18744,1.17955,0.007889999999999953,-872.399999999988,loss,dd_cut+flat_at_50,1,3,0,
2003-05-26,short,2003-05-27 06:00:00-04:00,2003-05-27 11:30:00-04:00,1.1836350000000002,1.1915250000000002,1.1915250000000002,1.1678550000000003,nan,nan,nan,,nan,,0,0,1.18744,1.17955,0.007889999999999953,-790.4999999999952,loss,reverse_fade+stop,1,1,1,2003-05-27 01:00:00-04:00
2003-05-26,long,2003-05-27 08:00:00-04:00,2003-05-27 20:00:00-04:00,1.18783,1.183885,1.17994,1.2036099999999998,1.185463,1.183885,1.185463,2003-05-27 08:30:00-04:00,1.183885,2003-05-27 20:00:00-04:00,2,1,1.18744,1.17955,0.007889999999999953,-872.399999999988,loss,dd_cut+flat_at_50,2,3,0,
2003-05-26,short,2003-05-27 20:00:00-04:00,2003-05-30 20:45:00-04:00,1.183885,1.17661,1.191775,1.1681050000000002,nan,nan,nan,,nan,,0,0,1.18744,1.17955,0.007889999999999953,726.0000000000142,win,reverse_fade+week_end,2,1,1,2003-05-27 08:00:00-04:00
2003-06-02,long,2003-06-03 08:45:00-04:00,2003-06-03 11:00:00-04:00,1.17694,1.1711050000000003,1.1652700000000003,1.2002799999999998,1.1734390000000001,1.1711050000000003,1.1734390000000001,2003-06-03 10:30:00-04:00,1.1711050000000003,2003-06-03 11:00:00-04:00,2,1,1.17671,1.16504,0.011669999999999847,-1288.1999999999766,loss,dd_cut+flat_at_50,1,3,0,
2003-06-02,short,2003-06-03 11:00:00-04:00,2003-06-05 14:00:00-04:00,1.1711050000000003,1.1827750000000001,1.1827750000000001,1.1477650000000006,nan,nan,nan,,nan,,0,0,1.17671,1.16504,0.011669999999999847,-1168.4999999999848,loss,reverse_fade+stop,1,1,1,2003-06-03 08:45:00-04:00
2003-06-02,short,2003-06-04 21:00:00-04:00,2003-06-05 12:00:00-04:00,1.16448,1.170315,1.1761499999999998,1.1411400000000003,1.167981,1.170315,1.167981,2003-06-05 09:15:00-04:00,1.170315,2003-06-05 12:00:00-04:00,2,1,1.17671,1.16504,0.011669999999999847,-1288.1999999999987,loss,dd_cut+flat_at_50,2,3,0,
2003-06-02,long,2003-06-05 12:00:00-04:00,2003-06-06 20:45:00-04:00,1.170315,1.16971,1.1586450000000001,1.1936549999999997,nan,nan,nan,,nan,,0,0,1.17671,1.16504,0.011669999999999847,-61.99999999999667,loss,reverse_fade+week_end,2,1,1,2003-06-04 21:00:00-04:00
2003-06-09,long,2003-06-12 08:45:00-04:00,2003-06-12 10:15:00-04:00,1.17982,1.17333,1.16684,1.20578,1.175926,1.17333,1.175926,2003-06-12 09:15:00-04:00,1.17333,2003-06-12 10:15:00-04:00,2,1,1.17846,1.16548,0.012979999999999992,-1432.3000000000234,loss,dd_cut+flat_at_50,1,3,0,
2003-06-09,short,2003-06-12 10:15:00-04:00,2003-06-13 18:30:00-04:00,1.17333,1.18631,1.18631,1.14737,nan,nan,nan,,nan,,0,0,1.17846,1.16548,0.012979999999999992,-1299.499999999999,loss,reverse_fade+stop,1,1,1,2003-06-12 08:45:00-04:00
2003-06-09,long,2003-06-13 14:00:00-04:00,2003-06-13 20:45:00-04:00,1.17855,1.186,1.16557,1.20451,1.174656,1.17206,nan,,nan,,0,0,1.17846,1.16548,0.012979999999999992,2230.4999999999873,win,week_end,2,3,0,
2003-06-16,short,2003-06-17 12:00:00-04:00,2003-06-20 17:00:00-04:00,1.18053,1.1577699999999997,1.1919100000000002,1.1577699999999997,1.183944,1.18622,nan,,nan,,0,0,1.19263,1.18125,0.011380000000000168,6823.500000000101,win,target,1,3,0,
2003-06-16,short,2003-06-20 17:15:00-04:00,2003-06-20 20:45:00-04:00,1.15781,1.1601,1.1691900000000002,1.1350499999999997,1.161224,1.1635,1.161224,2003-06-20 17:30:00-04:00,nan,,2,0,1.19263,1.18125,0.011380000000000168,-916.299999999996,loss,dd_cut+week_end,2,3,0,
2003-06-23,short,2003-06-24 16:45:00-04:00,2003-06-25 12:15:00-04:00,1.14942,1.1542150000000002,1.15901,1.1302400000000001,1.1522970000000001,1.1542150000000002,1.1522970000000001,2003-06-25 05:30:00-04:00,1.1542150000000002,2003-06-25 12:15:00-04:00,2,1,1.16028,1.15069,0.009589999999999987,-1059.4000000000142,loss,dd_cut+flat_at_50,1,3,0,
2003-06-23,long,2003-06-25 12:15:00-04:00,2003-06-26 12:00:00-04:00,1.1542150000000002,1.1446250000000002,1.1446250000000002,1.1733950000000002,nan,nan,nan,,nan,,0,0,1.16028,1.15069,0.009589999999999987,-960.4999999999987,loss,reverse_fade+stop,1,1,1,2003-06-24 16:45:00-04:00
2003-06-23,long,2003-06-25 17:00:00-04:00,2003-06-25 19:00:00-04:00,1.16142,1.156625,1.15183,1.1805999999999999,1.1585429999999999,1.156625,1.1585429999999999,2003-06-25 19:00:00-04:00,1.156625,2003-06-25 19:00:00-04:00,2,1,1.16028,1.15069,0.009589999999999987,-1059.399999999992,loss,dd_cut+flat_at_50,2,3,0,
2003-06-23,short,2003-06-25 19:00:00-04:00,2003-06-27 20:45:00-04:00,1.156625,1.14224,1.166215,1.137445,nan,nan,nan,,nan,,0,0,1.16028,1.15069,0.009589999999999987,1437.0000000000093,win,reverse_fade+week_end,2,1,1,2003-06-25 17:00:00-04:00
2003-06-30,long,2003-07-01 08:00:00-04:00,2003-07-03 09:00:00-04:00,1.15327,1.14649,1.13971,1.18039,1.149202,1.14649,1.149202,2003-07-03 08:15:00-04:00,1.14649,2003-07-03 09:00:00-04:00,2,1,1.1532,1.13964,0.013560000000000016,-1496.0999999999929,loss,dd_cut+flat_at_50,1,3,0,
2003-06-30,short,2003-07-03 09:00:00-04:00,2003-07-04 20:45:00-04:00,1.14649,1.14862,1.16005,1.11937,nan,nan,nan,,nan,,0,0,1.1532,1.13964,0.013560000000000016,-214.49999999999653,loss,reverse_fade+week_end,1,1,1,2003-07-01 08:00:00-04:00
2003-07-07,short,2003-07-08 09:00:00-04:00,2003-07-10 16:15:00-04:00,1.12912,1.137185,1.1452499999999999,1.09686,1.133959,1.137185,1.133959,2003-07-08 14:15:00-04:00,1.137185,2003-07-10 16:15:00-04:00,2,1,1.14693,1.1308,0.016129999999999978,-1778.8000000000065,loss,dd_cut+flat_at_50,1,3,0,
2003-07-07,long,2003-07-10 16:15:00-04:00,2003-07-11 20:45:00-04:00,1.137185,1.1296,1.121055,1.1694449999999998,nan,nan,nan,,nan,,0,0,1.14693,1.1308,0.016129999999999978,-759.9999999999953,loss,reverse_fade+week_end,1,1,1,2003-07-08 09:00:00-04:00
2003-07-07,short,2003-07-11 04:00:00-04:00,2003-07-11 20:45:00-04:00,1.13069,1.1296,1.14682,1.09843,1.135529,1.138755,nan,,nan,,0,0,1.14693,1.1308,0.016129999999999978,322.50000000001063,win,week_end,2,3,0,
2003-07-14,long,2003-07-15 14:00:00-04:00,2003-07-15 15:00:00-04:00,1.13128,1.12798,1.1246800000000001,1.14448,1.1293000000000002,1.12798,1.1293000000000002,2003-07-15 15:00:00-04:00,1.12798,2003-07-15 15:00:00-04:00,2,1,1.1307,1.1241,0.006599999999999939,-730.4999999999823,loss,dd_cut+flat_at_50,1,3,0,
2003-07-14,short,2003-07-15 15:00:00-04:00,2003-07-16 00:15:00-04:00,1.12798,1.11478,1.13458,1.11478,nan,nan,nan,,nan,,0,0,1.1307,1.1241,0.006599999999999939,1318.499999999988,win,reverse_fade+target,1,1,1,2003-07-15 14:00:00-04:00
2003-07-14,short,2003-07-15 15:45:00-04:00,2003-07-18 17:00:00-04:00,1.12391,1.1272099999999998,1.13051,1.11071,1.12589,1.1272099999999998,1.12589,2003-07-18 00:30:00-04:00,1.1272099999999998,2003-07-18 17:00:00-04:00,2,1,1.1307,1.1241,0.006599999999999939,-730.5000000000043,loss,dd_cut+flat_at_50,2,3,0,
2003-07-14,long,2003-07-18 17:00:00-04:00,2003-07-18 20:45:00-04:00,1.1272099999999998,1.12716,1.1206099999999999,1.1404099999999997,nan,nan,nan,,nan,,0,0,1.1307,1.1241,0.006599999999999939,-6.499999999988347,loss,reverse_fade+week_end,2,1,1,2003-07-15 15:45:00-04:00
2003-07-21,long,2003-07-22 09:00:00-04:00,2003-07-25 20:45:00-04:00,1.13618,1.15049,1.12459,1.15936,1.132703,1.130385,1.132703,2003-07-22 16:15:00-04:00,nan,,2,0,1.1356,1.12401,0.01158999999999999,731.1000000000141,win,dd_cut+week_end,1,3,0,
2003-07-28,long,2003-07-29 07:45:00-04:00,2003-07-29 10:30:00-04:00,1.15185,1.148545,1.14524,1.16507,1.149867,1.148545,1.149867,2003-07-29 09:15:00-04:00,1.148545,2003-07-29 10:30:00-04:00,2,1,1.15172,1.14511,0.006610000000000005,-731.6000000000249,loss,dd_cut+flat_at_50,1,3,0,
2003-07-28,short,2003-07-29 10:30:00-04:00,2003-07-30 15:30:00-04:00,1.148545,1.135325,1.155155,1.135325,nan,nan,nan,,nan,,0,0,1.15172,1.14511,0.006610000000000005,1320.500000000001,win,reverse_fade+target,1,1,1,2003-07-29 07:45:00-04:00
2003-07-28,short,2003-07-29 21:00:00-04:00,2003-07-31 10:15:00-04:00,1.14388,1.13066,1.15049,1.13066,1.145863,1.147185,1.145863,2003-07-29 21:30:00-04:00,nan,,2,0,1.15172,1.14511,0.006610000000000005,920.8999999999874,win,dd_cut+target,2,3,0,
2003-08-04,long,2003-08-05 20:00:00-04:00,2003-08-06 18:45:00-04:00,1.13857,1.13272,1.12687,1.1619700000000002,1.1350600000000002,1.13272,1.1350600000000002,2003-08-06 17:00:00-04:00,1.13272,2003-08-06 18:45:00-04:00,2,1,1.13734,1.12564,0.011700000000000044,-1291.4999999999936,loss,dd_cut+flat_at_50,1,3,0,
2003-08-04,short,2003-08-06 18:45:00-04:00,2003-08-08 20:45:00-04:00,1.13272,1.13053,1.14442,1.1093199999999999,nan,nan,nan,,nan,,0,0,1.13734,1.12564,0.011700000000000044,217.49999999999142,win,reverse_fade+week_end,1,1,1,2003-08-05 20:00:00-04:00
2003-08-04,long,2003-08-07 13:00:00-04:00,2003-08-08 12:00:00-04:00,1.13753,1.1316799999999998,1.1258299999999999,1.16093,1.13402,1.1316799999999998,1.13402,2003-08-08 07:30:00-04:00,1.1316799999999998,2003-08-08 12:00:00-04:00,2,1,1.13734,1.12564,0.011700000000000044,-1291.4999999999936,loss,dd_cut+flat_at_50,2,3,0,
2003-08-04,short,2003-08-08 12:00:00-04:00,2003-08-08 20:45:00-04:00,1.1316799999999998,1.13053,1.1433799999999998,1.1082799999999997,nan,nan,nan,,nan,,0,0,1.13734,1.12564,0.011700000000000044,113.49999999997624,win,reverse_fade+week_end,2,1,1,2003-08-07 13:00:00-04:00
2003-08-11,short,2003-08-13 01:00:00-04:00,2003-08-13 15:45:00-04:00,1.12515,1.131015,1.1368800000000001,1.10169,1.1286690000000001,1.131015,1.1286690000000001,2003-08-13 14:00:00-04:00,1.131015,2003-08-13 15:45:00-04:00,2,1,1.13788,1.12615,0.011730000000000018,-1294.8000000000109,loss,dd_cut+flat_at_50,1,3,0,
2003-08-11,long,2003-08-13 15:45:00-04:00,2003-08-15 20:45:00-04:00,1.131015,1.12633,1.119285,1.1544750000000001,nan,nan,nan,,nan,,0,0,1.13788,1.12615,0.011730000000000018,-470.000000000005,loss,reverse_fade+week_end,1,1,1,2003-08-13 01:00:00-04:00
2003-08-11,short,2003-08-14 12:30:00-04:00,2003-08-15 20:45:00-04:00,1.12598,1.12633,1.13771,1.10252,1.129499,1.131845,1.129499,2003-08-14 20:15:00-04:00,nan,,2,0,1.13788,1.12615,0.011730000000000018,-743.3000000000172,loss,dd_cut+week_end,2,3,0,
2003-08-18,short,2003-08-19 01:45:00-04:00,2003-08-22 20:45:00-04:00,1.11197,1.08731,1.12648,1.0829499999999999,1.116323,1.119225,nan,,nan,,0,0,1.12672,1.11221,0.014510000000000023,7393.499999999971,win,week_end,1,3,0,
2003-08-25,long,2003-08-27 11:30:00-04:00,2003-08-27 22:00:00-04:00,1.09225,1.0862699999999998,1.08029,1.1161699999999999,1.088662,1.0862699999999998,1.088662,2003-08-27 14:30:00-04:00,1.0862699999999998,2003-08-27 22:00:00-04:00,2,1,1.09169,1.07973,0.01195999999999997,-1320.0999999999945,loss,dd_cut+flat_at_50,1,3,0,
2003-08-25,short,2003-08-27 22:00:00-04:00,2003-08-29 14:45:00-04:00,1.0862699999999998,1.0982299999999998,1.0982299999999998,1.06235,nan,nan,nan,,nan,,0,0,1.09169,1.07973,0.01195999999999997,-1197.499999999997,loss,reverse_fade+stop,1,1,1,2003-08-27 11:30:00-04:00
2003-08-25,long,2003-08-29 11:45:00-04:00,2003-08-29 20:45:00-04:00,1.09227,1.09817,1.08031,1.11619,1.0886820000000001,1.08629,nan,,nan,,0,0,1.09169,1.07973,0.01195999999999997,1765.5000000000048,win,week_end,2,3,0,
2003-09-01,short,2003-09-02 00:45:00-04:00,2003-09-02 19:15:00-04:00,1.09386,1.0811,1.10024,1.0811,1.095774,1.09705,nan,,nan,,0,0,1.10125,1.09487,0.006380000000000052,3823.5000000000314,win,target,1,3,0,
2003-09-01,short,2003-09-02 19:30:00-04:00,2003-09-03 15:15:00-04:00,1.08082,1.08401,1.0872,1.0680599999999998,1.0827339999999999,1.08401,1.0827339999999999,2003-09-03 14:30:00-04:00,1.08401,2003-09-03 15:15:00-04:00,2,1,1.10125,1.09487,0.006380000000000052,-706.2999999999969,loss,dd_cut+flat_at_50,2,3,0,
2003-09-01,long,2003-09-03 15:15:00-04:00,2003-09-05 05:30:00-04:00,1.08401,1.09677,1.0776299999999999,1.09677,nan,nan,nan,,nan,,0,0,1.10125,1.09487,0.006380000000000052,1274.5000000000105,win,reverse_fade+target,2,1,1,2003-09-02 19:30:00-04:00
2003-09-08,long,2003-09-09 10:15:00-04:00,2003-09-12 13:45:00-04:00,1.11333,1.13001,1.10499,1.13001,1.110828,1.10916,1.110828,2003-09-09 11:00:00-04:00,nan,,2,0,1.11282,1.10448,0.008340000000000014,1163.100000000002,win,dd_cut+target,1,3,0,
2003-09-08,long,2003-09-12 14:00:00-04:00,2003-09-12 20:45:00-04:00,1.12971,1.12883,1.12137,1.14639,1.127208,1.12554,nan,,nan,,0,0,1.11282,1.10448,0.008340000000000014,-268.49999999999756,loss,week_end,2,3,0,
2003-09-15,long,2003-09-16 05:15:00-04:00,2003-09-16 06:15:00-04:00,1.13093,1.1275249999999999,1.12412,1.14455,1.128887,1.1275249999999999,1.128887,2003-09-16 06:15:00-04:00,1.1275249999999999,2003-09-16 06:15:00-04:00,2,1,1.13082,1.12401,0.006809999999999983,-753.6000000000137,loss,dd_cut+flat_at_50,1,3,0,
2003-09-15,short,2003-09-16 06:15:00-04:00,2003-09-17 05:15:00-04:00,1.1275249999999999,1.113905,1.1343349999999999,1.113905,nan,nan,nan,,nan,,0,0,1.13082,1.12401,0.006809999999999983,1360.4999999999966,win,reverse_fade+target,1,1,1,2003-09-16 05:15:00-04:00
2003-09-15,short,2003-09-16 10:00:00-04:00,2003-09-17 17:30:00-04:00,1.12276,1.1261649999999999,1.12957,1.10914,1.124803,1.1261649999999999,1.124803,2003-09-17 16:15:00-04:00,1.1261649999999999,2003-09-17 17:30:00-04:00,2,1,1.13082,1.12401,0.006809999999999983,-753.5999999999915,loss,dd_cut+flat_at_50,2,3,0,
2003-09-15,long,2003-09-17 17:30:00-04:00,2003-09-19 20:45:00-04:00,1.1261649999999999,1.13762,1.1193549999999999,1.1397849999999998,nan,nan,nan,,nan,,0,0,1.13082,1.12401,0.006809999999999983,1144.0000000000216,win,reverse_fade+week_end,2,1,1,2003-09-16 10:00:00-04:00
2003-09-22,long,2003-09-23 08:15:00-04:00,2003-09-23 11:15:00-04:00,1.15079,1.146255,1.14172,1.1689299999999998,1.148069,1.146255,1.148069,2003-09-23 09:15:00-04:00,1.146255,2003-09-23 11:15:00-04:00,2,1,1.15031,1.14124,0.009069999999999911,-1002.1999999999903,loss,dd_cut+flat_at_50,1,3,0,
2003-09-22,short,2003-09-23 11:15:00-04:00,2003-09-26 20:45:00-04:00,1.146255,1.14577,1.155325,1.1281150000000002,nan,nan,nan,,nan,,0,0,1.15031,1.14124,0.009069999999999911,47.00000000000687,win,reverse_fade+week_end,1,1,1,2003-09-23 08:15:00-04:00
2003-09-22,long,2003-09-25 14:15:00-04:00,2003-09-25 21:45:00-04:00,1.15121,1.146675,1.1421400000000002,1.16935,1.148489,1.146675,1.148489,2003-09-25 15:45:00-04:00,1.146675,2003-09-25 21:45:00-04:00,2,1,1.15031,1.14124,0.009069999999999911,-1002.1999999999903,loss,dd_cut+flat_at_50,2,3,0,
2003-09-22,short,2003-09-25 21:45:00-04:00,2003-09-26 20:45:00-04:00,1.146675,1.14577,1.155745,1.1285350000000003,nan,nan,nan,,nan,,0,0,1.15031,1.14124,0.009069999999999911,89.00000000001558,win,reverse_fade+week_end,2,1,1,2003-09-25 14:15:00-04:00
2003-09-29,long,2003-09-30 06:30:00-04:00,2003-10-03 20:45:00-04:00,1.16432,1.1578,1.13993,1.2130999999999998,1.157003,1.152125,1.157003,2003-10-03 16:45:00-04:00,nan,,2,0,1.16366,1.13927,0.024389999999999912,-2119.9000000000115,loss,dd_cut+week_end,1,3,0,
2003-10-06,long,2003-10-07 06:30:00-04:00,2003-10-10 20:45:00-04:00,1.17333,1.17928,1.1542999999999999,1.2113900000000002,1.167621,1.163815,nan,,nan,,0,0,1.17212,1.15309,0.019030000000000102,1780.5000000000364,win,week_end,1,3,0,
2003-10-13,short,2003-10-14 04:00:00-04:00,2003-10-14 15:00:00-04:00,1.16202,1.170025,1.1780300000000001,1.13,1.1668230000000002,1.170025,1.1668230000000002,2003-10-14 14:00:00-04:00,1.170025,2003-10-14 15:00:00-04:00,2,1,1.18113,1.16512,0.01601000000000008,-1765.6000000000265,loss,dd_cut+flat_at_50,1,3,0,
2003-10-13,long,2003-10-14 15:00:00-04:00,2003-10-17 20:45:00-04:00,1.170025,1.16782,1.154015,1.2020450000000003,nan,nan,nan,,nan,,0,0,1.18113,1.16512,0.01601000000000008,-222.00000000000125,loss,reverse_fade+week_end,1,1,1,2003-10-14 04:00:00-04:00
2003-10-13,short,2003-10-15 12:30:00-04:00,2003-10-17 20:45:00-04:00,1.16308,1.16782,1.17909,1.1310599999999997,1.167883,1.171085,1.167883,2003-10-16 13:30:00-04:00,nan,,2,0,1.18113,1.16512,0.01601000000000008,-1439.1000000000413,loss,dd_cut+week_end,2,3,0,
2003-10-20,long,2003-10-22 06:30:00-04:00,2003-10-24 20:45:00-04:00,1.17054,1.17767,1.1607999999999998,1.19002,1.1676179999999998,1.16567,1.1676179999999998,2003-10-22 09:15:00-04:00,nan,,2,0,1.16974,1.16,0.009740000000000082,124.09999999998979,win,dd_cut+week_end,1,3,0,
2003-10-27,short,2003-10-28 00:45:00-05:00,2003-10-30 12:30:00-05:00,1.17107,1.174245,1.1774200000000001,1.15837,1.172975,1.174245,1.172975,2003-10-28 08:45:00-05:00,1.174245,2003-10-30 12:30:00-05:00,2,1,1.17805,1.1717,0.006350000000000078,-703.0000000000018,loss,dd_cut+flat_at_50,1,3,0,
2003-10-27,long,2003-10-30 12:30:00-05:00,2003-10-30 14:15:00-05:00,1.174245,1.167895,1.167895,1.1869450000000001,nan,nan,nan,,nan,,0,0,1.17805,1.1717,0.006350000000000078,-636.5000000000077,loss,reverse_fade+stop,1,1,1,2003-10-28 00:45:00-05:00
2003-10-27,short,2003-10-30 13:15:00-05:00,2003-10-31 18:30:00-05:00,1.17036,1.15766,1.1767100000000001,1.15766,1.1722650000000001,1.1735350000000002,1.1722650000000001,2003-10-30 13:45:00-05:00,nan,,2,0,1.17805,1.1717,0.006350000000000078,884.5000000000064,win,dd_cut+target,2,3,0,
2003-11-03,short,2003-11-05 14:15:00-05:00,2003-11-07 16:45:00-05:00,1.14201,1.1515749999999998,1.1611399999999998,1.1037500000000002,1.147749,1.1515749999999998,1.147749,2003-11-05 15:45:00-05:00,1.1515749999999998,2003-11-07 16:45:00-05:00,2,1,1.16177,1.14264,0.01912999999999987,-2108.79999999997,loss,dd_cut+flat_at_50,1,3,0,
2003-11-03,long,2003-11-07 16:45:00-05:00,2003-11-07 21:45:00-05:00,1.1515749999999998,1.15269,1.132445,1.1898349999999995,nan,nan,nan,,nan,,0,0,1.16177,1.14264,0.01912999999999987,110.00000000001992,win,reverse_fade+week_end,1,1,1,2003-11-05 14:15:00-05:00
2003-11-10,long,2003-11-12 02:45:00-05:00,2003-11-13 22:00:00-05:00,1.15554,1.17392,1.14635,1.17392,1.152783,1.150945,nan,,nan,,0,0,1.15337,1.14418,0.009190000000000031,5509.500000000019,win,target,1,3,0,
2003-11-10,long,2003-11-13 22:15:00-05:00,2003-11-14 21:45:00-05:00,1.17334,1.17732,1.16415,1.1917200000000001,1.1705830000000002,1.168745,nan,,nan,,0,0,1.15337,1.14418,0.009190000000000031,1189.4999999999618,win,week_end,2,3,0,
2003-11-17,long,2003-11-18 15:00:00-05:00,2003-11-21 21:45:00-05:00,1.18743,1.19126,1.17503,1.21223,1.18371,1.18123,nan,,nan,,0,0,1.18474,1.17234,0.012399999999999967,1144.5,win,week_end,1,3,0,
2003-11-24,long,2003-11-26 15:45:00-05:00,2003-11-28 21:45:00-05:00,1.19184,1.19902,1.17561,1.2243,1.186971,1.183725,nan,,nan,,0,0,1.19167,1.17544,0.016229999999999967,2149.499999999989,win,week_end,1,3,0,
2003-12-01,long,2003-12-02 15:15:00-05:00,2003-12-05 21:45:00-05:00,1.2047,1.21634,1.19432,1.2254600000000002,1.201586,1.19951,nan,,nan,,0,0,1.20392,1.19354,0.010380000000000056,3487.499999999962,win,week_end,1,3,0,
2003-12-08,long,2003-12-09 08:15:00-05:00,2003-12-09 15:30:00-05:00,1.22389,1.2193399999999999,1.21479,1.2420899999999997,1.22116,1.2193399999999999,1.22116,2003-12-09 15:15:00-05:00,1.2193399999999999,2003-12-09 15:30:00-05:00,2,1,1.22376,1.21466,0.009099999999999886,-1005.4999999999852,loss,dd_cut+flat_at_50,1,3,0,
2003-12-08,short,2003-12-09 15:30:00-05:00,2003-12-12 16:45:00-05:00,1.2193399999999999,1.2284399999999998,1.2284399999999998,1.20114,nan,nan,nan,,nan,,0,0,1.22376,1.21466,0.009099999999999886,-911.4999999999886,loss,reverse_fade+stop,1,1,1,2003-12-09 08:15:00-05:00
2003-12-08,long,2003-12-09 19:15:00-05:00,2003-12-10 05:45:00-05:00,1.22505,1.2205,1.21595,1.2432499999999997,1.22232,1.2205,1.22232,2003-12-10 01:15:00-05:00,1.2205,2003-12-10 05:45:00-05:00,2,1,1.22376,1.21466,0.009099999999999886,-1005.4999999999852,loss,dd_cut+flat_at_50,2,3,0,
2003-12-08,short,2003-12-10 05:45:00-05:00,2003-12-12 17:00:00-05:00,1.2205,1.2295999999999998,1.2295999999999998,1.2023000000000001,nan,nan,nan,,nan,,0,0,1.22376,1.21466,0.009099999999999886,-911.4999999999886,loss,reverse_fade+stop,2,1,1,2003-12-09 19:15:00-05:00
2003-12-15,long,2003-12-16 04:00:00-05:00,2003-12-19 21:45:00-05:00,1.23321,1.23713,1.21799,1.26365,1.2286439999999998,1.2256,nan,,nan,,0,0,1.23216,1.21694,0.015220000000000011,1171.5000000000437,win,week_end,1,3,0,
2003-12-22,long,2003-12-24 15:45:00-05:00,2003-12-26 21:45:00-05:00,1.24494,1.24246,1.2354399999999999,1.26394,1.24209,1.24019,1.24209,2003-12-26 19:30:00-05:00,nan,,2,0,1.24447,1.23497,0.009500000000000064,-822.5000000000076,loss,dd_cut+week_end,1,3,0,
2003-12-29,long,2003-12-30 14:15:00-05:00,2004-01-01 07:00:00-05:00,1.25113,1.2469000000000001,1.24267,1.2680500000000003,1.248592,1.2469000000000001,1.248592,2004-01-01 07:00:00-05:00,1.2469000000000001,2004-01-01 07:00:00-05:00,2,1,1.25058,1.24212,0.008460000000000134,-935.1000000000258,loss,dd_cut+flat_at_50,1,3,0,
2003-12-29,short,2004-01-01 07:00:00-05:00,2004-01-01 07:15:00-05:00,1.2469000000000001,1.2553600000000003,1.2553600000000003,1.2299799999999999,nan,nan,nan,,nan,,0,0,1.25058,1.24212,0.008460000000000134,-847.5000000000134,loss,reverse_fade+stop,1,1,1,2003-12-30 14:15:00-05:00
2003-12-29,long,2004-01-01 07:15:00-05:00,2004-01-01 18:15:00-05:00,1.2581,1.25387,1.2496399999999999,1.2750200000000003,1.2555619999999998,1.25387,1.2555619999999998,2004-01-01 18:00:00-05:00,1.25387,2004-01-01 18:15:00-05:00,2,1,1.25058,1.24212,0.008460000000000134,-935.1000000000258,loss,dd_cut+flat_at_50,2,3,0,
2003-12-29,short,2004-01-01 18:15:00-05:00,2004-01-02 10:00:00-05:00,1.25387,1.2623300000000002,1.2623300000000002,1.2369499999999998,nan,nan,nan,,nan,,0,0,1.25058,1.24212,0.008460000000000134,-847.5000000000134,loss,reverse_fade+stop,2,1,1,2004-01-01 07:15:00-05:00
2004-01-05,long,2004-01-06 06:30:00-05:00,2004-01-07 08:30:00-05:00,1.26984,1.2666600000000001,1.2634800000000002,1.28256,1.267932,1.2666600000000001,1.267932,2004-01-07 08:30:00-05:00,1.2666600000000001,2004-01-07 08:30:00-05:00,2,1,1.26924,1.26288,0.006359999999999921,-704.1000000000003,loss,dd_cut+flat_at_50,1,3,0,
2004-01-05,short,2004-01-07 08:30:00-05:00,2004-01-08 13:45:00-05:00,1.2666600000000001,1.27302,1.27302,1.2539400000000003,nan,nan,nan,,nan,,0,0,1.26924,1.26288,0.006359999999999921,-637.4999999999922,loss,reverse_fade+stop,1,1,1,2004-01-06 06:30:00-05:00
2004-01-05,long,2004-01-07 14:00:00-05:00,2004-01-07 16:45:00-05:00,1.26966,1.26648,1.2633,1.2823799999999999,1.267752,1.26648,1.267752,2004-01-07 14:45:00-05:00,1.26648,2004-01-07 16:45:00-05:00,2,1,1.26924,1.26288,0.006359999999999921,-704.1000000000003,loss,dd_cut+flat_at_50,2,3,0,
2004-01-05,short,2004-01-07 16:45:00-05:00,2004-01-08 13:45:00-05:00,1.26648,1.27284,1.27284,1.2537600000000002,nan,nan,nan,,nan,,0,0,1.26924,1.26288,0.006359999999999921,-637.4999999999922,loss,reverse_fade+stop,2,1,1,2004-01-07 14:00:00-05:00
2004-01-12,short,2004-01-13 00:15:00-05:00,2004-01-16 15:30:00-05:00,1.27238,1.2393800000000001,1.28888,1.2393800000000001,1.27733,1.28063,1.27733,2004-01-13 08:45:00-05:00,nan,,2,0,1.28956,1.27306,0.01649999999999996,2305.49999999999,win,dd_cut+target,1,3,0,
2004-01-12,short,2004-01-16 15:45:00-05:00,2004-01-16 21:45:00-05:00,1.23908,1.23936,1.25558,1.20608,1.24403,1.2473299999999998,nan,,nan,,0,0,1.28956,1.27306,0.01649999999999996,-88.5000000000174,loss,week_end,2,3,0,
2004-01-19,long,2004-01-20 12:00:00-05:00,2004-01-22 09:45:00-05:00,1.25296,1.2710199999999998,1.2439300000000002,1.2710199999999998,1.250251,1.2484450000000002,1.250251,2004-01-20 14:00:00-05:00,nan,,2,0,1.24226,1.23323,0.009029999999999871,1259.6999999999598,win,dd_cut+target,1,3,0,
2004-01-19,long,2004-01-22 10:00:00-05:00,2004-01-22 14:45:00-05:00,1.2714,1.2668850000000003,1.2623700000000002,1.2894599999999998,1.268691,1.2668850000000003,1.268691,2004-01-22 14:30:00-05:00,1.2668850000000003,2004-01-22 14:45:00-05:00,2,1,1.24226,1.23323,0.009029999999999871,-997.799999999997,loss,dd_cut+flat_at_50,2,3,0,
2004-01-19,short,2004-01-22 14:45:00-05:00,2004-01-23 07:45:00-05:00,1.2668850000000003,1.2759150000000001,1.2759150000000001,1.2488250000000005,nan,nan,nan,,nan,,0,0,1.24226,1.23323,0.009029999999999871,-904.4999999999872,loss,reverse_fade+stop,2,1,1,2004-01-22 10:00:00-05:00
2004-01-26,short,2004-01-27 03:00:00-05:00,2004-01-27 12:30:00-05:00,1.24479,1.252555,1.26032,1.21373,1.249449,1.252555,1.249449,2004-01-27 11:30:00-05:00,1.252555,2004-01-27 12:30:00-05:00,2,1,1.26095,1.24542,0.015530000000000044,-1712.7999999999959,loss,dd_cut+flat_at_50,1,3,0,
2004-01-26,long,2004-01-27 12:30:00-05:00,2004-01-29 15:45:00-05:00,1.252555,1.237025,1.237025,1.2836150000000002,nan,nan,nan,,nan,,0,0,1.26095,1.24542,0.015530000000000044,-1554.5000000000043,loss,reverse_fade+stop,1,1,1,2004-01-27 03:00:00-05:00
2004-01-26,long,2004-01-27 15:45:00-05:00,2004-01-28 19:15:00-05:00,1.26146,1.253695,1.24593,1.2925200000000001,1.256801,1.253695,1.256801,2004-01-28 12:30:00-05:00,1.253695,2004-01-28 19:15:00-05:00,2,1,1.26095,1.24542,0.015530000000000044,-1712.7999999999959,loss,dd_cut+flat_at_50,2,3,0,
2004-01-26,short,2004-01-28 19:15:00-05:00,2004-01-30 21:45:00-05:00,1.253695,1.24731,1.269225,1.222635,nan,nan,nan,,nan,,0,0,1.26095,1.24542,0.015530000000000044,637.0000000000085,win,reverse_fade+week_end,2,1,1,2004-01-27 15:45:00-05:00
2004-02-02,long,2004-02-03 06:45:00-05:00,2004-02-06 13:45:00-05:00,1.24915,1.2673499999999998,1.24005,1.2673499999999998,1.24642,1.2446000000000002,nan,,nan,,0,0,1.24792,1.23882,0.009099999999999886,5455.499999999932,win,target,1,3,0,
2004-02-02,long,2004-02-06 14:00:00-05:00,2004-02-06 21:45:00-05:00,1.26522,1.27,1.2561200000000001,1.2834199999999998,1.2624900000000001,1.2606700000000002,nan,,nan,,0,0,1.24792,1.23882,0.009099999999999886,1429.5000000000018,win,week_end,2,3,0,
2004-02-09,long,2004-02-10 07:15:00-05:00,2004-02-10 15:15:00-05:00,1.27694,1.2711999999999999,1.26546,1.2998999999999998,1.273496,1.2711999999999999,1.273496,2004-02-10 14:15:00-05:00,1.2711999999999999,2004-02-10 15:15:00-05:00,2,1,1.27589,1.26441,0.011479999999999935,-1267.3000000000084,loss,dd_cut+flat_at_50,1,3,0,
2004-02-09,short,2004-02-10 15:15:00-05:00,2004-02-11 16:45:00-05:00,1.2711999999999999,1.2826799999999998,1.2826799999999998,1.24824,nan,nan,nan,,nan,,0,0,1.27589,1.26441,0.011479999999999935,-1149.4999999999934,loss,reverse_fade+stop,1,1,1,2004-02-10 07:15:00-05:00
2004-02-09,long,2004-02-11 16:15:00-05:00,2004-02-13 16:15:00-05:00,1.27924,1.2734999999999999,1.26776,1.3021999999999998,1.275796,1.2734999999999999,1.275796,2004-02-13 16:15:00-05:00,1.2734999999999999,2004-02-13 16:15:00-05:00,2,1,1.27589,1.26441,0.011479999999999935,-1267.3000000000084,loss,dd_cut+flat_at_50,2,3,0,
2004-02-09,short,2004-02-13 16:15:00-05:00,2004-02-13 21:45:00-05:00,1.2734999999999999,1.27305,1.2849799999999998,1.25054,nan,nan,nan,,nan,,0,0,1.27589,1.26441,0.011479999999999935,43.49999999998394,win,reverse_fade+week_end,2,1,1,2004-02-11 16:15:00-05:00
2004-02-16,long,2004-02-17 07:00:00-05:00,2004-02-18 18:00:00-05:00,1.28017,1.276515,1.27286,1.2947899999999999,1.2779770000000001,1.276515,1.2779770000000001,2004-02-18 17:30:00-05:00,1.276515,2004-02-18 18:00:00-05:00,2,1,1.2787,1.27139,0.007309999999999928,-808.5999999999742,loss,dd_cut+flat_at_50,1,3,0,
2004-02-16,short,2004-02-18 18:00:00-05:00,2004-02-20 15:00:00-05:00,1.276515,1.2618950000000002,1.283825,1.2618950000000002,nan,nan,nan,,nan,,0,0,1.2787,1.27139,0.007309999999999928,1460.4999999999854,win,reverse_fade+target,1,1,1,2004-02-17 07:00:00-05:00
2004-02-16,short,2004-02-18 19:00:00-05:00,2004-02-19 00:30:00-05:00,1.26903,1.272685,1.27634,1.2544100000000002,1.271223,1.272685,1.271223,2004-02-18 19:15:00-05:00,1.272685,2004-02-19 00:30:00-05:00,2,1,1.2787,1.27139,0.007309999999999928,-808.5999999999742,loss,dd_cut+flat_at_50,2,3,0,
2004-02-16,long,2004-02-19 00:30:00-05:00,2004-02-19 14:00:00-05:00,1.272685,1.2653750000000001,1.2653750000000001,1.287305,nan,nan,nan,,nan,,0,0,1.2787,1.27139,0.007309999999999928,-732.4999999999927,loss,reverse_fade+stop,2,1,1,2004-02-18 19:00:00-05:00
2004-02-23,long,2004-02-24 10:45:00-05:00,2004-02-25 16:00:00-05:00,1.26026,1.25307,1.2458799999999999,1.28902,1.255946,1.25307,1.255946,2004-02-25 15:15:00-05:00,1.25307,2004-02-25 16:00:00-05:00,2,1,1.25932,1.24494,0.01438000000000006,-1586.2999999999888,loss,dd_cut+flat_at_50,1,3,0,
2004-02-23,short,2004-02-25 16:00:00-05:00,2004-02-27 21:45:00-05:00,1.25307,1.24887,1.26745,1.2243099999999998,nan,nan,nan,,nan,,0,0,1.25932,1.24494,0.01438000000000006,418.4999999999982,win,reverse_fade+week_end,1,1,1,2004-02-24 10:45:00-05:00
2004-02-23,short,2004-02-26 08:30:00-05:00,2004-02-27 21:45:00-05:00,1.24365,1.24887,1.25803,1.2148899999999998,1.2479639999999999,1.25084,1.2479639999999999,2004-02-27 14:45:00-05:00,nan,,2,0,1.25932,1.24494,0.01438000000000006,-1389.299999999986,loss,dd_cut+week_end,2,3,0,
2004-03-01,short,2004-03-02 07:00:00-05:00,2004-03-03 00:00:00-05:00,1.24063,1.2169699999999999,1.25246,1.2169699999999999,1.244179,1.2465449999999998,nan,,nan,,0,0,1.25398,1.24215,0.011830000000000007,7093.500000000004,win,target,1,3,0,
2004-03-01,short,2004-03-03 00:15:00-05:00,2004-03-04 08:15:00-05:00,1.2168,1.222715,1.22863,1.19314,1.2203490000000001,1.222715,1.2203490000000001,2004-03-03 00:45:00-05:00,1.222715,2004-03-04 08:15:00-05:00,2,1,1.25398,1.24215,0.011830000000000007,-1305.7999999999943,loss,dd_cut+flat_at_50,2,3,0,
2004-03-01,long,2004-03-04 08:15:00-05:00,2004-03-05 21:45:00-05:00,1.222715,1.23642,1.210885,1.246375,nan,nan,nan,,nan,,0,0,1.25398,1.24215,0.011830000000000007,1369.0000000000077,win,reverse_fade+week_end,2,1,1,2004-03-03 00:15:00-05:00
2004-03-08,long,2004-03-09 01:00:00-05:00,2004-03-09 09:45:00-05:00,1.24244,1.2380849999999999,1.23373,1.25986,1.239827,1.2380849999999999,1.239827,2004-03-09 09:45:00-05:00,1.2380849999999999,2004-03-09 09:45:00-05:00,2,1,1.2423,1.23359,0.008709999999999996,-962.600000000006,loss,dd_cut+flat_at_50,1,3,0,
2004-03-08,short,2004-03-09 09:45:00-05:00,2004-03-10 16:00:00-05:00,1.2380849999999999,1.220665,1.2467949999999999,1.220665,nan,nan,nan,,nan,,0,0,1.2423,1.23359,0.008709999999999996,1740.499999999999,win,reverse_fade+target,1,1,1,2004-03-09 01:00:00-05:00
2004-03-08,long,2004-03-09 16:45:00-05:00,2004-03-09 18:15:00-05:00,1.24345,1.2390949999999998,1.23474,1.26087,1.240837,1.2390949999999998,1.240837,2004-03-09 18:00:00-05:00,1.2390949999999998,2004-03-09 18:15:00-05:00,2,1,1.2423,1.23359,0.008709999999999996,-962.600000000006,loss,dd_cut+flat_at_50,2,3,0,
2004-03-08,short,2004-03-09 18:15:00-05:00,2004-03-10 15:15:00-05:00,1.2390949999999998,1.2216749999999998,1.2478049999999998,1.2216749999999998,nan,nan,nan,,nan,,0,0,1.2423,1.23359,0.008709999999999996,1740.499999999999,win,reverse_fade+target,2,1,1,2004-03-09 16:45:00-05:00
2004-03-15,long,2004-03-16 07:30:00-05:00,2004-03-16 16:45:00-05:00,1.23185,1.2261449999999998,1.2204399999999997,1.2546700000000002,1.228427,1.2261449999999998,1.228427,2004-03-16 16:30:00-05:00,1.2261449999999998,2004-03-16 16:45:00-05:00,2,1,1.23154,1.22013,0.011410000000000142,-1259.599999999998,loss,dd_cut+flat_at_50,1,3,0,
2004-03-15,short,2004-03-16 16:45:00-05:00,2004-03-18 15:45:00-05:00,1.2261449999999998,1.237555,1.237555,1.2033249999999995,nan,nan,nan,,nan,,0,0,1.23154,1.22013,0.011410000000000142,-1142.5000000000143,loss,reverse_fade+stop,1,1,1,2004-03-16 07:30:00-05:00
2004-03-15,short,2004-03-17 15:15:00-05:00,2004-03-17 18:30:00-05:00,1.21927,1.2249750000000001,1.2306800000000002,1.1964499999999998,1.222693,1.2249750000000001,1.222693,2004-03-17 17:00:00-05:00,1.2249750000000001,2004-03-17 18:30:00-05:00,2,1,1.23154,1.22013,0.011410000000000142,-1259.599999999998,loss,dd_cut+flat_at_50,2,3,0,
2004-03-15,long,2004-03-17 18:30:00-05:00,2004-03-19 21:45:00-05:00,1.2249750000000001,1.22829,1.213565,1.2477950000000004,nan,nan,nan,,nan,,0,0,1.23154,1.22013,0.011410000000000142,329.9999999999957,win,reverse_fade+week_end,2,1,1,2004-03-17 15:15:00-05:00
2004-03-22,short,2004-03-24 12:30:00-05:00,2004-03-26 21:45:00-05:00,1.21932,1.21272,1.23726,1.1834399999999998,1.224702,1.2282899999999999,nan,,nan,,0,0,1.23983,1.22189,0.017940000000000067,1975.4999999999818,win,week_end,1,3,0,
2004-03-29,long,2004-03-30 01:00:00-05:00,2004-04-02 14:15:00-05:00,1.21821,1.2126649999999999,1.20712,1.24039,1.214883,1.2126649999999999,1.214883,2004-04-02 14:15:00-05:00,1.2126649999999999,2004-04-02 14:15:00-05:00,2,1,1.21668,1.20559,0.011090000000000044,-1224.4000000000292,loss,dd_cut+flat_at_50,1,3,0,
2004-03-29,short,2004-04-02 14:15:00-05:00,2004-04-02 21:45:00-05:00,1.2126649999999999,1.21305,1.223755,1.1904849999999998,nan,nan,nan,,nan,,0,0,1.21668,1.20559,0.011090000000000044,-40.00000000000797,loss,reverse_fade+week_end,1,1,1,2004-03-30 01:00:00-05:00
2004-04-05,long,2004-04-06 21:45:00-04:00,2004-04-07 05:15:00-04:00,1.21392,1.206645,1.19937,1.2430200000000002,1.2095550000000002,1.206645,1.2095550000000002,2004-04-07 00:45:00-04:00,1.206645,2004-04-07 05:15:00-04:00,2,1,1.21263,1.19808,0.014550000000000063,-1605.0000000000045,loss,dd_cut+flat_at_50,1,3,0,
2004-04-05,short,2004-04-07 05:15:00-04:00,2004-04-08 05:00:00-04:00,1.206645,1.221195,1.221195,1.1775449999999998,nan,nan,nan,,nan,,0,0,1.21263,1.19808,0.014550000000000063,-1456.5000000000064,loss,reverse_fade+stop,1,1,1,2004-04-06 21:45:00-04:00
2004-04-05,long,2004-04-07 14:30:00-04:00,2004-04-08 12:30:00-04:00,1.21558,1.2083050000000002,1.20103,1.2446800000000002,1.2112150000000002,1.2083050000000002,1.2112150000000002,2004-04-08 11:30:00-04:00,1.2083050000000002,2004-04-08 12:30:00-04:00,2,1,1.21263,1.19808,0.014550000000000063,-1604.9999999999825,loss,dd_cut+flat_at_50,2,3,0,
2004-04-05,short,2004-04-08 12:30:00-04:00,2004-04-09 20:45:00-04:00,1.2083050000000002,1.20858,1.2228550000000002,1.179205,nan,nan,nan,,nan,,0,0,1.21263,1.19808,0.014550000000000063,-28.999999999980318,loss,reverse_fade+week_end,2,1,1,2004-04-07 14:30:00-04:00
2004-04-12,short,2004-04-13 06:00:00-04:00,2004-04-13 12:30:00-04:00,1.203,1.1936800000000003,1.20766,1.1936800000000003,1.204398,1.20533,nan,,nan,,0,0,1.20956,1.2049,0.0046599999999998865,2791.499999999932,win,target,1,3,0,
2004-04-12,short,2004-04-13 12:45:00-04:00,2004-04-13 19:30:00-04:00,1.1928,1.19513,1.19746,1.1834800000000003,1.194198,1.19513,1.194198,2004-04-13 13:00:00-04:00,1.19513,2004-04-13 19:30:00-04:00,2,1,1.20956,1.2049,0.0046599999999998865,-517.0999999999964,loss,dd_cut+flat_at_50,2,3,0,
2004-04-12,long,2004-04-13 19:30:00-04:00,2004-04-14 05:15:00-04:00,1.19513,1.1904700000000001,1.1904700000000001,1.2044499999999998,nan,nan,nan,,nan,,0,0,1.20956,1.2049,0.0046599999999998865,-467.49999999998863,loss,reverse_fade+stop,2,1,1,2004-04-13 12:45:00-04:00
2004-04-19,short,2004-04-20 06:00:00-04:00,2004-04-23 20:45:00-04:00,1.19322,1.18415,1.20126,1.1771399999999999,1.195632,1.1972399999999999,nan,,nan,,0,0,1.20756,1.19952,0.008040000000000047,2716.4999999999736,win,week_end,1,3,0,
2004-04-26,long,2004-04-27 06:45:00-04:00,2004-04-28 17:15:00-04:00,1.18852,1.182185,1.17585,1.21386,1.184719,1.182185,1.184719,2004-04-28 14:15:00-04:00,1.182185,2004-04-28 17:15:00-04:00,2,1,1.1884,1.17573,0.012669999999999959,-1398.1999999999866,loss,dd_cut+flat_at_50,1,3,0,
2004-04-26,short,2004-04-28 17:15:00-04:00,2004-04-29 13:45:00-04:00,1.182185,1.194855,1.194855,1.1568450000000001,nan,nan,nan,,nan,,0,0,1.1884,1.17573,0.012669999999999959,-1268.499999999996,loss,reverse_fade+stop,1,1,1,2004-04-27 06:45:00-04:00
2004-04-26,long,2004-04-29 13:00:00-04:00,2004-04-30 20:45:00-04:00,1.19126,1.1977,1.17859,1.2166,1.187459,1.184925,nan,,nan,,0,0,1.1884,1.17573,0.012669999999999959,1927.5000000000005,win,week_end,2,3,0,
2004-05-03,long,2004-05-04 08:30:00-04:00,2004-05-05 09:15:00-04:00,1.20172,1.2166200000000003,1.1942699999999997,1.2166200000000003,1.199485,1.1979949999999997,nan,,nan,,0,0,1.19934,1.19189,0.007450000000000179,4465.500000000107,win,target,1,3,0,
2004-05-03,long,2004-05-05 09:30:00-04:00,2004-05-05 12:00:00-04:00,1.21622,1.212495,1.20877,1.2311200000000004,1.213985,1.212495,1.213985,2004-05-05 11:30:00-04:00,1.212495,2004-05-05 12:00:00-04:00,2,1,1.19934,1.19189,0.007450000000000179,-823.9999999999952,loss,dd_cut+flat_at_50,2,3,0,
2004-05-03,short,2004-05-05 12:00:00-04:00,2004-05-07 12:30:00-04:00,1.212495,1.1975949999999997,1.2199450000000003,1.1975949999999997,nan,nan,nan,,nan,,0,0,1.19934,1.19189,0.007450000000000179,1488.5000000000357,win,reverse_fade+target,2,1,1,2004-05-05 09:30:00-04:00
2004-05-10,long,2004-05-11 07:30:00-04:00,2004-05-11 08:30:00-04:00,1.1886,1.18519,1.18178,1.2022400000000002,1.186554,1.18519,1.186554,2004-05-11 08:00:00-04:00,1.18519,2004-05-11 08:30:00-04:00,2,1,1.18785,1.18103,0.006820000000000048,-754.700000000012,loss,dd_cut+flat_at_50,1,3,0,
2004-05-10,short,2004-05-11 08:30:00-04:00,2004-05-12 12:45:00-04:00,1.18519,1.19201,1.19201,1.1715499999999999,nan,nan,nan,,nan,,0,0,1.18785,1.18103,0.006820000000000048,-683.5000000000048,loss,reverse_fade+stop,1,1,1,2004-05-11 07:30:00-04:00
2004-05-10,short,2004-05-11 11:15:00-04:00,2004-05-11 12:45:00-04:00,1.17934,1.18275,1.18616,1.1657,1.181386,1.18275,1.181386,2004-05-11 12:30:00-04:00,1.18275,2004-05-11 12:45:00-04:00,2,1,1.18785,1.18103,0.006820000000000048,-754.6999999999898,loss,dd_cut+flat_at_50,2,3,0,
2004-05-10,long,2004-05-11 12:45:00-04:00,2004-05-14 20:45:00-04:00,1.18275,1.18825,1.17593,1.19639,nan,nan,nan,,nan,,0,0,1.18785,1.18103,0.006820000000000048,548.500000000006,win,reverse_fade+week_end,2,1,1,2004-05-11 11:15:00-04:00
2004-05-24,long,2004-05-25 05:30:00-04:00,2004-05-27 12:45:00-04:00,1.20327,1.2214099999999999,1.1942000000000002,1.2214099999999999,1.200549,1.198735,nan,,nan,,0,0,1.20231,1.19324,0.009069999999999911,5437.499999999947,win,target,1,3,0,
2004-05-24,long,2004-05-27 13:00:00-04:00,2004-05-28 20:45:00-04:00,1.22455,1.22118,1.2154800000000001,1.2426899999999999,1.221829,1.220015,1.221829,2004-05-28 14:00:00-04:00,nan,,2,0,1.20231,1.19324,0.009069999999999911,-885.7000000000041,loss,dd_cut+week_end,2,3,0,
2004-05-31,short,2004-06-01 00:45:00-04:00,2004-06-01 04:30:00-04:00,1.21652,1.2197200000000001,1.22292,1.2037200000000001,1.21844,1.2197200000000001,1.21844,2004-06-01 02:00:00-04:00,1.2197200000000001,2004-06-01 04:30:00-04:00,2,1,1.22362,1.21722,0.006399999999999961,-708.4999999999935,loss,dd_cut+flat_at_50,1,3,0,
2004-05-31,long,2004-06-01 04:30:00-04:00,2004-06-04 20:45:00-04:00,1.2197200000000001,1.22817,1.2133200000000002,1.23252,nan,nan,nan,,nan,,0,0,1.22362,1.21722,0.006399999999999961,843.4999999999847,win,reverse_fade+week_end,1,1,1,2004-06-01 00:45:00-04:00
2004-05-31,long,2004-06-01 06:15:00-04:00,2004-06-01 13:45:00-04:00,1.22463,1.2214300000000002,1.2182300000000001,1.23743,1.2227100000000002,1.2214300000000002,1.2227100000000002,2004-06-01 07:15:00-04:00,1.2214300000000002,2004-06-01 13:45:00-04:00,2,1,1.22362,1.21722,0.006399999999999961,-708.4999999999714,loss,dd_cut+flat_at_50,2,3,0,
2004-05-31,short,2004-06-01 13:45:00-04:00,2004-06-02 05:45:00-04:00,1.2214300000000002,1.2278300000000002,1.2278300000000002,1.2086300000000003,nan,nan,nan,,nan,,0,0,1.22362,1.21722,0.006399999999999961,-641.4999999999961,loss,reverse_fade+stop,2,1,1,2004-06-01 06:15:00-04:00
2004-06-07,short,2004-06-08 00:45:00-04:00,2004-06-08 04:00:00-04:00,1.2291,1.2310050000000001,1.2329100000000002,1.22148,1.2302430000000002,1.2310050000000001,1.2302430000000002,2004-06-08 02:30:00-04:00,1.2310050000000001,2004-06-08 04:00:00-04:00,2,1,1.23373,1.22992,0.003810000000000091,-423.60000000002776,loss,dd_cut+flat_at_50,1,3,0,
2004-06-07,long,2004-06-08 04:00:00-04:00,2004-06-08 13:15:00-04:00,1.2310050000000001,1.227195,1.227195,1.2386250000000003,nan,nan,nan,,nan,,0,0,1.23373,1.22992,0.003810000000000091,-382.5000000000091,loss,reverse_fade+stop,1,1,1,2004-06-08 00:45:00-04:00
2004-06-07,long,2004-06-08 06:00:00-04:00,2004-06-08 07:00:00-04:00,1.23459,1.232685,1.23078,1.2422100000000003,1.233447,1.232685,1.233447,2004-06-08 06:15:00-04:00,1.232685,2004-06-08 07:00:00-04:00,2,1,1.23373,1.22992,0.003810000000000091,-423.60000000002776,loss,dd_cut+flat_at_50,2,3,0,
2004-06-07,short,2004-06-08 07:00:00-04:00,2004-06-08 16:30:00-04:00,1.232685,1.2250649999999998,1.2364950000000001,1.2250649999999998,nan,nan,nan,,nan,,0,0,1.23373,1.22992,0.003810000000000091,760.5000000000182,win,reverse_fade+target,2,1,1,2004-06-08 06:00:00-04:00
2004-06-14,long,2004-06-15 16:00:00-04:00,2004-06-16 10:15:00-04:00,1.21387,1.2070699999999999,1.20027,1.2410700000000001,1.20979,1.2070699999999999,1.20979,2004-06-16 09:15:00-04:00,1.2070699999999999,2004-06-16 10:15:00-04:00,2,1,1.20872,1.19512,0.013600000000000056,-1500.5000000000305,loss,dd_cut+flat_at_50,1,3,0,
2004-06-14,short,2004-06-16 10:15:00-04:00,2004-06-18 20:45:00-04:00,1.2070699999999999,1.21343,1.22067,1.1798699999999998,nan,nan,nan,,nan,,0,0,1.20872,1.19512,0.013600000000000056,-637.5000000000143,loss,reverse_fade+week_end,1,1,1,2004-06-15 16:00:00-04:00
2004-06-14,long,2004-06-18 13:30:00-04:00,2004-06-18 20:45:00-04:00,1.21097,1.21343,1.19737,1.2381700000000002,1.20689,1.20417,nan,,nan,,0,0,1.20872,1.19512,0.013600000000000056,733.499999999972,win,week_end,2,3,0,
2004-06-21,short,2004-06-22 09:00:00-04:00,2004-06-22 14:30:00-04:00,1.20734,1.2108,1.2142600000000001,1.1935,1.209416,1.2108,1.209416,2004-06-22 11:00:00-04:00,1.2108,2004-06-22 14:30:00-04:00,2,1,1.21441,1.20749,0.006920000000000037,-765.6999999999953,loss,dd_cut+flat_at_50,1,3,0,
2004-06-21,long,2004-06-22 14:30:00-04:00,2004-06-24 01:30:00-04:00,1.2108,1.20388,1.20388,1.2246400000000002,nan,nan,nan,,nan,,0,0,1.21441,1.20749,0.006920000000000037,-693.5000000000038,loss,reverse_fade+stop,1,1,1,2004-06-22 09:00:00-04:00
2004-06-21,long,2004-06-23 04:30:00-04:00,2004-06-23 09:45:00-04:00,1.21457,1.21111,1.20765,1.22841,1.212494,1.21111,1.212494,2004-06-23 08:45:00-04:00,1.21111,2004-06-23 09:45:00-04:00,2,1,1.21441,1.20749,0.006920000000000037,-765.6999999999953,loss,dd_cut+flat_at_50,2,3,0,
2004-06-21,short,2004-06-23 09:45:00-04:00,2004-06-24 13:45:00-04:00,1.21111,1.21803,1.21803,1.1972699999999998,nan,nan,nan,,nan,,0,0,1.21441,1.20749,0.006920000000000037,-693.5000000000038,loss,reverse_fade+stop,2,1,1,2004-06-23 04:30:00-04:00
2004-06-28,short,2004-06-29 14:00:00-04:00,2004-06-30 13:15:00-04:00,1.21206,1.217355,1.22265,1.1908799999999997,1.215237,1.217355,1.215237,2004-06-30 10:30:00-04:00,1.217355,2004-06-30 13:15:00-04:00,2,1,1.22268,1.21209,0.0105900000000001,-1169.4000000000021,loss,dd_cut+flat_at_50,1,3,0,
2004-06-28,long,2004-06-30 13:15:00-04:00,2004-07-02 20:45:00-04:00,1.217355,1.23105,1.2067649999999999,1.2385350000000002,nan,nan,nan,,nan,,0,0,1.22268,1.21209,0.0105900000000001,1368.0000000000014,win,reverse_fade+week_end,1,1,1,2004-06-29 14:00:00-04:00
2004-06-28,long,2004-07-02 12:15:00-04:00,2004-07-02 20:45:00-04:00,1.22453,1.23105,1.2139399999999998,1.24571,1.221353,1.2192349999999998,nan,,nan,,0,0,1.22268,1.21209,0.0105900000000001,1951.5000000000246,win,week_end,2,3,0,
2004-07-05,long,2004-07-07 05:45:00-04:00,2004-07-09 20:45:00-04:00,1.23624,1.24104,1.22974,1.24924,1.23429,1.23299,1.23429,2004-07-07 07:00:00-04:00,nan,,2,0,1.23304,1.22654,0.00649999999999995,85.50000000001228,win,dd_cut+week_end,1,3,0,
2004-07-12,short,2004-07-13 00:45:00-04:00,2004-07-14 12:30:00-04:00,1.23669,1.239465,1.24224,1.2255900000000002,1.238355,1.239465,1.238355,2004-07-13 01:15:00-04:00,1.239465,2004-07-14 12:30:00-04:00,2,1,1.2435,1.23795,0.005549999999999944,-615.0000000000027,loss,dd_cut+flat_at_50,1,3,0,
2004-07-12,long,2004-07-14 12:30:00-04:00,2004-07-15 07:00:00-04:00,1.239465,1.233915,1.233915,1.250565,nan,nan,nan,,nan,,0,0,1.2435,1.23795,0.005549999999999944,-556.4999999999944,loss,reverse_fade+stop,1,1,1,2004-07-13 00:45:00-04:00
2004-07-12,short,2004-07-14 15:00:00-04:00,2004-07-16 13:00:00-04:00,1.23769,1.240465,1.24324,1.22659,1.239355,1.240465,1.239355,2004-07-14 16:00:00-04:00,1.240465,2004-07-16 13:00:00-04:00,2,1,1.2435,1.23795,0.005549999999999944,-615.0000000000027,loss,dd_cut+flat_at_50,2,3,0,
2004-07-12,long,2004-07-16 13:00:00-04:00,2004-07-16 20:45:00-04:00,1.240465,1.24518,1.234915,1.2515649999999998,nan,nan,nan,,nan,,0,0,1.2435,1.23795,0.005549999999999944,470.0000000000025,win,reverse_fade+week_end,2,1,1,2004-07-14 15:00:00-04:00
2004-07-19,short,2004-07-20 11:00:00-04:00,2004-07-21 14:00:00-04:00,1.23892,1.22624,1.24526,1.22624,1.240822,1.2420900000000001,nan,,nan,,0,0,1.24609,1.23975,0.006340000000000012,3799.5000000000073,win,target,1,3,0,
2004-07-19,short,2004-07-21 14:15:00-04:00,2004-07-22 13:30:00-04:00,1.2255,1.2286700000000002,1.23184,1.21282,1.227402,1.2286700000000002,1.227402,2004-07-21 21:30:00-04:00,1.2286700000000002,2004-07-22 13:30:00-04:00,2,1,1.24609,1.23975,0.006340000000000012,-701.9000000000258,loss,dd_cut+flat_at_50,2,3,0,
2004-07-19,long,2004-07-22 13:30:00-04:00,2004-07-23 06:15:00-04:00,1.2286700000000002,1.2223300000000001,1.2223300000000001,1.2413500000000002,nan,nan,nan,,nan,,0,0,1.24609,1.23975,0.006340000000000012,-635.5000000000013,loss,reverse_fade+stop,2,1,1,2004-07-21 14:15:00-04:00
2004-07-26,long,2004-07-27 08:30:00-04:00,2004-07-27 14:00:00-04:00,1.21725,1.21302,1.20879,1.2341699999999998,1.214712,1.21302,1.214712,2004-07-27 13:15:00-04:00,1.21302,2004-07-27 14:00:00-04:00,2,1,1.21699,1.20853,0.008459999999999912,-935.0999999999815,loss,dd_cut+flat_at_50,1,3,0,
2004-07-26,short,2004-07-27 14:00:00-04:00,2004-07-30 20:45:00-04:00,1.21302,1.20165,1.22148,1.1961000000000002,nan,nan,nan,,nan,,0,0,1.21699,1.20853,0.008459999999999912,1135.499999999988,win,reverse_fade+week_end,1,1,1,2004-07-27 08:30:00-04:00
2004-07-26,short,2004-07-27 14:15:00-04:00,2004-07-30 20:45:00-04:00,1.20791,1.20165,1.21637,1.1909900000000002,1.210448,1.21214,1.210448,2004-07-30 12:30:00-04:00,nan,,2,0,1.21699,1.20853,0.008459999999999912,113.90000000000737,win,dd_cut+week_end,2,3,0,
2004-08-02,short,2004-08-03 05:30:00-04:00,2004-08-03 13:30:00-04:00,1.20095,1.20495,1.20895,1.18495,1.20335,1.20495,1.20335,2004-08-03 12:30:00-04:00,1.20495,2004-08-03 13:30:00-04:00,2,1,1.20928,1.20128,0.008000000000000007,-884.4999999999918,loss,dd_cut+flat_at_50,1,3,0,
2004-08-02,long,2004-08-03 13:30:00-04:00,2004-08-04 12:15:00-04:00,1.20495,1.19695,1.19695,1.22095,nan,nan,nan,,nan,,0,0,1.20928,1.20128,0.008000000000000007,-801.5000000000007,loss,reverse_fade+stop,1,1,1,2004-08-03 05:30:00-04:00
2004-08-02,short,2004-08-04 08:15:00-04:00,2004-08-04 14:30:00-04:00,1.20026,1.20426,1.2082600000000001,1.18426,1.20266,1.20426,1.20266,2004-08-04 14:30:00-04:00,1.20426,2004-08-04 14:30:00-04:00,2,1,1.20928,1.20128,0.008000000000000007,-884.4999999999918,loss,dd_cut+flat_at_50,2,3,0,
2004-08-02,long,2004-08-04 14:30:00-04:00,2004-08-06 12:30:00-04:00,1.20426,1.2202600000000001,1.19626,1.2202600000000001,nan,nan,nan,,nan,,0,0,1.20928,1.20128,0.008000000000000007,1598.5000000000014,win,reverse_fade+target,2,1,1,2004-08-04 08:15:00-04:00
2004-08-09,long,2004-08-10 13:45:00-04:00,2004-08-10 18:15:00-04:00,1.22965,1.227445,1.2252399999999999,1.23847,1.228327,1.227445,1.228327,2004-08-10 18:15:00-04:00,1.227445,2004-08-10 18:15:00-04:00,2,1,1.22885,1.22444,0.004410000000000025,-489.5999999999939,loss,dd_cut+flat_at_50,1,3,0,
2004-08-09,short,2004-08-10 18:15:00-04:00,2004-08-13 06:30:00-04:00,1.227445,1.2186249999999998,1.231855,1.2186249999999998,nan,nan,nan,,nan,,0,0,1.22885,1.22444,0.004410000000000025,880.500000000005,win,reverse_fade+target,1,1,1,2004-08-10 13:45:00-04:00
2004-08-09,short,2004-08-10 18:45:00-04:00,2004-08-12 07:00:00-04:00,1.22299,1.225195,1.2274,1.21417,1.224313,1.225195,1.224313,2004-08-10 19:00:00-04:00,1.225195,2004-08-12 07:00:00-04:00,2,1,1.22885,1.22444,0.004410000000000025,-489.5999999999939,loss,dd_cut+flat_at_50,2,3,0,
2004-08-09,long,2004-08-12 07:00:00-04:00,2004-08-13 06:15:00-04:00,1.225195,1.220785,1.220785,1.234015,nan,nan,nan,,nan,,0,0,1.22885,1.22444,0.004410000000000025,-442.5000000000025,loss,reverse_fade+stop,2,1,1,2004-08-10 18:45:00-04:00
2004-08-16,short,2004-08-18 14:00:00-04:00,2004-08-18 17:00:00-04:00,1.22977,1.2328800000000002,1.2359900000000001,1.2173299999999998,1.231636,1.2328800000000002,1.231636,2004-08-18 16:15:00-04:00,1.2328800000000002,2004-08-18 17:00:00-04:00,2,1,1.2378,1.23158,0.006220000000000114,-688.7000000000014,loss,dd_cut+flat_at_50,1,3,0,
2004-08-16,long,2004-08-18 17:00:00-04:00,2004-08-20 20:45:00-04:00,1.2328800000000002,1.23153,1.22666,1.2453200000000004,nan,nan,nan,,nan,,0,0,1.2378,1.23158,0.006220000000000114,-136.50000000001845,loss,reverse_fade+week_end,1,1,1,2004-08-18 14:00:00-04:00
2004-08-16,short,2004-08-20 11:15:00-04:00,2004-08-20 20:45:00-04:00,1.2306,1.23153,1.23682,1.2181599999999997,1.232466,1.2337099999999999,1.232466,2004-08-20 14:30:00-04:00,nan,,2,0,1.2378,1.23158,0.006220000000000114,-470.7000000000388,loss,dd_cut+week_end,2,3,0,
2004-08-23,short,2004-08-24 12:15:00-04:00,2004-08-27 20:45:00-04:00,1.21032,1.20074,1.2287400000000002,1.1734799999999999,1.215846,1.2195300000000002,nan,,nan,,0,0,1.2314,1.21298,0.018420000000000103,2869.500000000043,win,week_end,1,3,0,
2004-08-30,long,2004-08-31 01:30:00-04:00,2004-09-03 20:45:00-04:00,1.20737,1.20558,1.19916,1.2237900000000002,1.204907,1.203265,1.204907,2004-09-03 15:30:00-04:00,nan,,2,0,1.2067,1.19849,0.00821000000000005,-676.1000000000166,loss,dd_cut+week_end,1,3,0,
2004-09-06,long,2004-09-07 08:00:00-04:00,2004-09-07 12:30:00-04:00,1.20807,1.2064,1.20473,1.2147499999999998,1.207068,1.2064,1.207068,2004-09-07 12:15:00-04:00,1.2064,2004-09-07 12:30:00-04:00,2,1,1.20783,1.20449,0.0033399999999998986,-371.8999999999955,loss,dd_cut+flat_at_50,1,3,0,
2004-09-06,short,2004-09-07 12:30:00-04:00,2004-09-07 15:45:00-04:00,1.2064,1.2097399999999998,1.2097399999999998,1.1997200000000001,nan,nan,nan,,nan,,0,0,1.20783,1.20449,0.0033399999999998986,-335.4999999999899,loss,reverse_fade+stop,1,1,1,2004-09-07 08:00:00-04:00
2004-09-06,long,2004-09-07 15:00:00-04:00,2004-09-08 10:00:00-04:00,1.20784,1.2061700000000002,1.2045000000000001,1.2145199999999998,1.206838,1.2061700000000002,1.206838,2004-09-08 05:45:00-04:00,1.2061700000000002,2004-09-08 10:00:00-04:00,2,1,1.20783,1.20449,0.0033399999999998986,-371.89999999997326,loss,dd_cut+flat_at_50,2,3,0,
2004-09-06,short,2004-09-08 10:00:00-04:00,2004-09-08 14:30:00-04:00,1.2061700000000002,1.20951,1.20951,1.1994900000000004,nan,nan,nan,,nan,,0,0,1.20783,1.20449,0.0033399999999998986,-335.4999999999899,loss,reverse_fade+stop,2,1,1,2004-09-07 15:00:00-04:00
2004-09-13,long,2004-09-14 15:15:00-04:00,2004-09-14 16:00:00-04:00,1.22875,1.2255,1.22225,1.24175,1.2268000000000001,1.2255,1.2268000000000001,2004-09-14 15:45:00-04:00,1.2255,2004-09-14 16:00:00-04:00,2,1,1.22865,1.22215,0.00649999999999995,-719.4999999999768,loss,dd_cut+flat_at_50,1,3,0,
2004-09-13,short,2004-09-14 16:00:00-04:00,2004-09-16 13:30:00-04:00,1.2255,1.2125000000000001,1.232,1.2125000000000001,nan,nan,nan,,nan,,0,0,1.22865,1.22215,0.00649999999999995,1298.49999999999,win,reverse_fade+target,1,1,1,2004-09-14 15:15:00-04:00
2004-09-13,short,2004-09-15 12:30:00-04:00,2004-09-17 20:45:00-04:00,1.2205,1.21846,1.2269999999999999,1.2075,1.2224499999999998,1.22375,nan,,nan,,0,0,1.22865,1.22215,0.00649999999999995,607.4999999999459,win,week_end,2,3,0,
2004-09-20,long,2004-09-21 09:00:00-04:00,2004-09-21 18:15:00-04:00,1.22057,1.2320099999999998,1.21485,1.2320099999999998,1.2188539999999999,1.2177099999999998,nan,,nan,,0,0,1.21784,1.21212,0.005719999999999947,3427.4999999999686,win,target,1,3,0,
2004-09-20,long,2004-09-21 18:30:00-04:00,2004-09-22 10:00:00-04:00,1.23131,1.22845,1.22559,1.2427499999999998,1.2295939999999999,1.22845,1.2295939999999999,2004-09-22 07:30:00-04:00,1.22845,2004-09-22 10:00:00-04:00,2,1,1.21784,1.21212,0.005719999999999947,-633.6999999999964,loss,dd_cut+flat_at_50,2,3,0,
2004-09-20,short,2004-09-22 10:00:00-04:00,2004-09-24 12:30:00-04:00,1.22845,1.23417,1.23417,1.2170100000000001,nan,nan,nan,,nan,,0,0,1.21784,1.21212,0.005719999999999947,-573.4999999999948,loss,reverse_fade+stop,2,1,1,2004-09-21 18:30:00-04:00
2004-09-27,long,2004-09-28 11:15:00-04:00,2004-10-01 20:45:00-04:00,1.2319,1.24135,1.22499,1.24572,1.229827,1.228445,1.229827,2004-09-28 15:45:00-04:00,nan,,2,0,1.2314,1.22449,0.006909999999999972,525.8999999999975,win,dd_cut+week_end,1,3,0,
2004-10-04,short,2004-10-06 13:00:00-04:00,2004-10-08 05:30:00-04:00,1.22503,1.23176,1.2384899999999999,1.1981100000000005,1.229068,1.23176,1.229068,2004-10-06 14:15:00-04:00,1.23176,2004-10-08 05:30:00-04:00,2,1,1.23907,1.22561,0.013459999999999805,-1485.0999999999874,loss,dd_cut+flat_at_50,1,3,0,
2004-10-04,long,2004-10-08 05:30:00-04:00,2004-10-08 20:45:00-04:00,1.23176,1.24062,1.2183000000000002,1.2586799999999996,nan,nan,nan,,nan,,0,0,1.23907,1.22561,0.013459999999999805,884.500000000009,win,reverse_fade+week_end,1,1,1,2004-10-06 13:00:00-04:00
2004-10-04,long,2004-10-08 12:45:00-04:00,2004-10-08 20:45:00-04:00,1.2394,1.24062,1.2259400000000003,1.2663199999999997,1.235362,1.2326700000000002,nan,,nan,,0,0,1.23907,1.22561,0.013459999999999805,361.49999999999966,win,week_end,2,3,0,
2004-10-11,short,2004-10-12 00:45:00-04:00,2004-10-13 11:45:00-04:00,1.23596,1.2262399999999998,1.24082,1.2262399999999998,1.237418,1.2383899999999999,nan,,nan,,0,0,1.24157,1.23671,0.0048600000000000865,2911.500000000052,win,target,1,3,0,
2004-10-11,short,2004-10-13 12:00:00-04:00,2004-10-13 17:30:00-04:00,1.22648,1.22891,1.23134,1.2167599999999998,1.227938,1.22891,1.227938,2004-10-13 17:30:00-04:00,1.22891,2004-10-13 17:30:00-04:00,2,1,1.24157,1.23671,0.0048600000000000865,-539.0999999999851,loss,dd_cut+flat_at_50,2,3,0,
2004-10-11,long,2004-10-13 17:30:00-04:00,2004-10-14 12:30:00-04:00,1.22891,1.2386300000000001,1.2240499999999999,1.2386300000000001,nan,nan,nan,,nan,,0,0,1.24157,1.23671,0.0048600000000000865,970.5000000000173,win,reverse_fade+target,2,1,1,2004-10-13 12:00:00-04:00
2004-10-18,short,2004-10-19 01:15:00-04:00,2004-10-19 09:00:00-04:00,1.24553,1.2492100000000002,1.25289,1.23081,1.247738,1.2492100000000002,1.247738,2004-10-19 08:15:00-04:00,1.2492100000000002,2004-10-19 09:00:00-04:00,2,1,1.25328,1.24592,0.007360000000000033,-814.1000000000103,loss,dd_cut+flat_at_50,1,3,0,
2004-10-18,long,2004-10-19 09:00:00-04:00,2004-10-21 08:15:00-04:00,1.2492100000000002,1.2639300000000002,1.2418500000000001,1.2639300000000002,nan,nan,nan,,nan,,0,0,1.25328,1.24592,0.007360000000000033,1470.5000000000066,win,reverse_fade+target,1,1,1,2004-10-19 01:15:00-04:00
2004-10-18,long,2004-10-20 07:15:00-04:00,2004-10-22 20:45:00-04:00,1.25439,1.26812,1.2470299999999999,1.26911,1.252182,1.2507099999999998,nan,,nan,,0,0,1.25328,1.24592,0.007360000000000033,4114.500000000006,win,week_end,2,3,0,
2004-10-25,long,2004-10-26 02:30:00-04:00,2004-10-26 08:00:00-04:00,1.28329,1.2785000000000002,1.2737100000000001,1.3024499999999999,1.280416,1.2785000000000002,1.280416,2004-10-26 06:00:00-04:00,1.2785000000000002,2004-10-26 08:00:00-04:00,2,1,1.28276,1.27318,0.009579999999999922,-1058.2999999999936,loss,dd_cut+flat_at_50,1,3,0,
2004-10-25,short,2004-10-26 08:00:00-04:00,2004-10-29 20:45:00-04:00,1.2785000000000002,1.27942,1.2880800000000001,1.2593400000000003,nan,nan,nan,,nan,,0,0,1.28276,1.27318,0.009579999999999922,-93.49999999998099,loss,reverse_fade+week_end,1,1,1,2004-10-26 02:30:00-04:00
2004-10-25,short,2004-10-27 01:45:00-04:00,2004-10-27 10:15:00-04:00,1.27307,1.27786,1.2826499999999998,1.25391,1.275944,1.27786,1.275944,2004-10-27 05:00:00-04:00,1.27786,2004-10-27 10:15:00-04:00,2,1,1.28276,1.27318,0.009579999999999922,-1058.3000000000159,loss,dd_cut+flat_at_50,2,3,0,
2004-10-25,long,2004-10-27 10:15:00-04:00,2004-10-28 00:30:00-04:00,1.27786,1.26828,1.26828,1.2970199999999998,nan,nan,nan,,nan,,0,0,1.28276,1.27318,0.009579999999999922,-959.4999999999922,loss,reverse_fade+stop,2,1,1,2004-10-27 01:45:00-04:00
2004-11-01,short,2004-11-02 07:30:00-05:00,2004-11-03 13:15:00-05:00,1.27069,1.276135,1.28158,1.2489100000000004,1.273957,1.276135,1.273957,2004-11-02 21:45:00-05:00,1.276135,2004-11-03 13:15:00-05:00,2,1,1.28253,1.27164,0.010889999999999844,-1202.3999999999742,loss,dd_cut+flat_at_50,1,3,0,
2004-11-01,long,2004-11-03 13:15:00-05:00,2004-11-05 21:45:00-05:00,1.276135,1.29607,1.2652450000000002,1.2979149999999997,nan,nan,nan,,nan,,0,0,1.28253,1.27164,0.010889999999999844,1992.0000000000036,win,reverse_fade+week_end,1,1,1,2004-11-02 07:30:00-05:00
2004-11-01,long,2004-11-04 10:30:00-05:00,2004-11-05 13:30:00-05:00,1.28422,1.278775,1.27333,1.3059999999999996,1.280953,1.278775,1.280953,2004-11-05 13:30:00-05:00,1.278775,2004-11-05 13:30:00-05:00,2,1,1.28253,1.27164,0.010889999999999844,-1202.3999999999742,loss,dd_cut+flat_at_50,2,3,0,
2004-11-01,short,2004-11-05 13:30:00-05:00,2004-11-05 15:00:00-05:00,1.278775,1.2896649999999998,1.2896649999999998,1.2569950000000003,nan,nan,nan,,nan,,0,0,1.28253,1.27164,0.010889999999999844,-1090.4999999999845,loss,reverse_fade+stop,2,1,1,2004-11-04 10:30:00-05:00
2004-11-08,short,2004-11-09 00:45:00-05:00,2004-11-10 10:00:00-05:00,1.28998,1.29408,1.29818,1.27358,1.2924399999999998,1.29408,1.2924399999999998,2004-11-09 02:30:00-05:00,1.29408,2004-11-10 10:00:00-05:00,2,1,1.29841,1.29021,0.008199999999999985,-906.4999999999807,loss,dd_cut+flat_at_50,1,3,0,
2004-11-08,long,2004-11-10 10:00:00-05:00,2004-11-10 15:15:00-05:00,1.29408,1.28588,1.28588,1.3104799999999999,nan,nan,nan,,nan,,0,0,1.29841,1.29021,0.008199999999999985,-821.4999999999985,loss,reverse_fade+stop,1,1,1,2004-11-09 00:45:00-05:00
2004-11-08,short,2004-11-10 23:00:00-05:00,2004-11-12 07:45:00-05:00,1.28859,1.29269,1.2967899999999999,1.27219,1.2910499999999998,1.29269,1.2910499999999998,2004-11-11 16:45:00-05:00,1.29269,2004-11-12 07:45:00-05:00,2,1,1.29841,1.29021,0.008199999999999985,-906.4999999999807,loss,dd_cut+flat_at_50,2,3,0,
2004-11-08,long,2004-11-12 07:45:00-05:00,2004-11-12 21:45:00-05:00,1.29269,1.29712,1.28449,1.3090899999999999,nan,nan,nan,,nan,,0,0,1.29841,1.29021,0.008199999999999985,441.5000000000156,win,reverse_fade+week_end,2,1,1,2004-11-10 23:00:00-05:00
2004-11-15,long,2004-11-17 09:30:00-05:00,2004-11-18 17:00:00-05:00,1.30003,1.295955,1.29188,1.3163300000000002,1.297585,1.295955,1.297585,2004-11-18 16:15:00-05:00,1.295955,2004-11-18 17:00:00-05:00,2,1,1.29969,1.29154,0.008150000000000102,-901.0000000000111,loss,dd_cut+flat_at_50,1,3,0,
2004-11-15,short,2004-11-18 17:00:00-05:00,2004-11-19 13:30:00-05:00,1.295955,1.304105,1.304105,1.2796549999999998,nan,nan,nan,,nan,,0,0,1.29969,1.29154,0.008150000000000102,-816.5000000000101,loss,reverse_fade+stop,1,1,1,2004-11-17 09:30:00-05:00
2004-11-15,long,2004-11-19 10:30:00-05:00,2004-11-19 21:45:00-05:00,1.30088,1.30199,1.29273,1.3171800000000002,1.298435,1.296805,nan,,nan,,0,0,1.29969,1.29154,0.008150000000000102,328.4999999999833,win,week_end,2,3,0,
2004-11-22,short,2004-11-23 01:00:00-05:00,2004-11-23 10:30:00-05:00,1.30109,1.3030150000000003,1.3049400000000002,1.2933899999999998,1.302245,1.3030150000000003,1.302245,2004-11-23 10:15:00-05:00,1.3030150000000003,2004-11-23 10:30:00-05:00,2,1,1.30505,1.3012,0.003850000000000131,-428.00000000002103,loss,dd_cut+flat_at_50,1,3,0,
2004-11-22,long,2004-11-23 10:30:00-05:00,2004-11-24 06:45:00-05:00,1.3030150000000003,1.3107150000000005,1.2991650000000001,1.3107150000000005,nan,nan,nan,,nan,,0,0,1.30505,1.3012,0.003850000000000131,768.5000000000263,win,reverse_fade+target,1,1,1,2004-11-23 01:00:00-05:00
2004-11-22,long,2004-11-23 11:00:00-05:00,2004-11-23 11:15:00-05:00,1.3064,1.304475,1.3025499999999999,1.3141000000000003,1.305245,1.304475,1.305245,2004-11-23 11:15:00-05:00,1.304475,2004-11-23 11:15:00-05:00,2,1,1.30505,1.3012,0.003850000000000131,-427.99999999999886,loss,dd_cut+flat_at_50,2,3,0,
2004-11-22,short,2004-11-23 11:15:00-05:00,2004-11-23 12:30:00-05:00,1.304475,1.3083250000000002,1.3083250000000002,1.2967749999999998,nan,nan,nan,,nan,,0,0,1.30505,1.3012,0.003850000000000131,-386.50000000001313,loss,reverse_fade+stop,2,1,1,2004-11-23 11:00:00-05:00
2004-11-29,long,2004-11-30 14:15:00-05:00,2004-11-30 16:00:00-05:00,1.33152,1.32776,1.324,1.34656,1.329264,1.32776,1.329264,2004-11-30 15:45:00-05:00,1.32776,2004-11-30 16:00:00-05:00,2,1,1.33033,1.32281,0.007519999999999971,-831.7000000000057,loss,dd_cut+flat_at_50,1,3,0,
2004-11-29,short,2004-11-30 16:00:00-05:00,2004-12-01 21:15:00-05:00,1.32776,1.33528,1.33528,1.31272,nan,nan,nan,,nan,,0,0,1.33033,1.32281,0.007519999999999971,-753.4999999999972,loss,reverse_fade+stop,1,1,1,2004-11-30 14:15:00-05:00
2004-11-29,long,2004-12-01 00:15:00-05:00,2004-12-02 16:00:00-05:00,1.33054,1.32678,1.32302,1.34558,1.328284,1.32678,1.328284,2004-12-01 09:15:00-05:00,1.32678,2004-12-02 16:00:00-05:00,2,1,1.33033,1.32281,0.007519999999999971,-831.7000000000057,loss,dd_cut+flat_at_50,2,3,0,
2004-11-29,short,2004-12-02 16:00:00-05:00,2004-12-03 13:30:00-05:00,1.32678,1.3343,1.3343,1.3117400000000001,nan,nan,nan,,nan,,0,0,1.33033,1.32281,0.007519999999999971,-753.4999999999972,loss,reverse_fade+stop,2,1,1,2004-12-01 00:15:00-05:00
2004-12-06,long,2004-12-07 11:00:00-05:00,2004-12-07 15:00:00-05:00,1.34613,1.34275,1.33937,1.3596500000000002,1.344102,1.34275,1.344102,2004-12-07 14:15:00-05:00,1.34275,2004-12-07 15:00:00-05:00,2,1,1.34538,1.33862,0.006760000000000099,-748.100000000022,loss,dd_cut+flat_at_50,1,3,0,
2004-12-06,short,2004-12-07 15:00:00-05:00,2004-12-08 08:15:00-05:00,1.34275,1.32923,1.3495100000000002,1.32923,nan,nan,nan,,nan,,0,0,1.34538,1.33862,0.006760000000000099,1350.5000000000198,win,reverse_fade+target,1,1,1,2004-12-07 11:00:00-05:00
2004-12-06,short,2004-12-08 08:00:00-05:00,2004-12-08 22:45:00-05:00,1.33237,1.33575,1.3391300000000002,1.3188499999999999,1.3343980000000002,1.33575,1.3343980000000002,2004-12-08 22:30:00-05:00,1.33575,2004-12-08 22:45:00-05:00,2,1,1.34538,1.33862,0.006760000000000099,-748.100000000022,loss,dd_cut+flat_at_50,2,3,0,
2004-12-06,long,2004-12-08 22:45:00-05:00,2004-12-09 04:00:00-05:00,1.33575,1.32899,1.32899,1.3492700000000002,nan,nan,nan,,nan,,0,0,1.34538,1.33862,0.006760000000000099,-677.5000000000099,loss,reverse_fade+stop,2,1,1,2004-12-08 08:00:00-05:00
2004-12-13,long,2004-12-14 11:30:00-05:00,2004-12-14 16:15:00-05:00,1.33266,1.3271,1.32154,1.3549,1.329324,1.3271,1.329324,2004-12-14 13:15:00-05:00,1.3271,2004-12-14 16:15:00-05:00,2,1,1.33247,1.32135,0.011120000000000019,-1227.700000000002,loss,dd_cut+flat_at_50,1,3,0,
2004-12-13,short,2004-12-14 16:15:00-05:00,2004-12-15 12:45:00-05:00,1.3271,1.33822,1.33822,1.30486,nan,nan,nan,,nan,,0,0,1.33247,1.32135,0.011120000000000019,-1113.5000000000018,loss,reverse_fade+stop,1,1,1,2004-12-14 11:30:00-05:00
2004-12-13,long,2004-12-15 10:00:00-05:00,2004-12-16 15:30:00-05:00,1.33346,1.3279,1.32234,1.3557000000000001,1.330124,1.3279,1.330124,2004-12-16 14:15:00-05:00,1.3279,2004-12-16 15:30:00-05:00,2,1,1.33247,1.32135,0.011120000000000019,-1227.700000000002,loss,dd_cut+flat_at_50,2,3,0,
2004-12-13,short,2004-12-16 15:30:00-05:00,2004-12-17 21:45:00-05:00,1.3279,1.33049,1.33902,1.30566,nan,nan,nan,,nan,,0,0,1.33247,1.32135,0.011120000000000019,-260.49999999998704,loss,reverse_fade+week_end,2,1,1,2004-12-15 10:00:00-05:00
2004-12-20,long,2004-12-23 03:30:00-05:00,2004-12-24 21:45:00-05:00,1.34256,1.3529,1.33131,1.36506,1.339185,1.336935,nan,,nan,,0,0,1.3407,1.32945,0.011249999999999982,3097.5000000000045,win,week_end,1,3,0,
2004-12-27,long,2004-12-28 13:30:00-05:00,2004-12-28 23:30:00-05:00,1.36375,1.35743,1.35111,1.38903,1.359958,1.35743,1.359958,2004-12-28 15:45:00-05:00,1.35743,2004-12-28 23:30:00-05:00,2,1,1.36374,1.3511,0.012639999999999985,-1394.9000000000137,loss,dd_cut+flat_at_50,1,3,0,
2004-12-27,short,2004-12-28 23:30:00-05:00,2004-12-31 21:45:00-05:00,1.35743,1.35523,1.37007,1.33215,nan,nan,nan,,nan,,0,0,1.36374,1.3511,0.012639999999999985,218.49999999999798,win,reverse_fade+week_end,1,1,1,2004-12-28 13:30:00-05:00
2004-12-27,long,2004-12-29 08:15:00-05:00,2004-12-29 14:00:00-05:00,1.36416,1.35784,1.35152,1.38944,1.360368,1.35784,1.360368,2004-12-29 11:30:00-05:00,1.35784,2004-12-29 14:00:00-05:00,2,1,1.36374,1.3511,0.012639999999999985,-1394.9000000000137,loss,dd_cut+flat_at_50,2,3,0,
2004-12-27,short,2004-12-29 14:00:00-05:00,2004-12-31 21:45:00-05:00,1.35784,1.35523,1.37048,1.33256,nan,nan,nan,,nan,,0,0,1.36374,1.3511,0.012639999999999985,259.5000000000001,win,reverse_fade+week_end,2,1,1,2004-12-29 08:15:00-05:00
2005-01-03,short,2005-01-04 09:45:00-05:00,2005-01-07 21:45:00-05:00,1.33644,1.30505,1.35565,1.2980200000000002,1.342203,1.3460450000000002,nan,,nan,,0,0,1.35777,1.33856,0.01920999999999995,9412.500000000007,win,week_end,1,3,0,
2005-01-10,long,2005-01-11 01:30:00-05:00,2005-01-12 01:15:00-05:00,1.31212,1.308865,1.30561,1.32514,1.3101669999999999,1.308865,1.3101669999999999,2005-01-11 22:00:00-05:00,1.308865,2005-01-12 01:15:00-05:00,2,1,1.31203,1.30552,0.006510000000000016,-720.6000000000195,loss,dd_cut+flat_at_50,1,3,0,
2005-01-10,short,2005-01-12 01:15:00-05:00,2005-01-12 12:45:00-05:00,1.308865,1.315375,1.315375,1.295845,nan,nan,nan,,nan,,0,0,1.31203,1.30552,0.006510000000000016,-652.5000000000016,loss,reverse_fade+stop,1,1,1,2005-01-11 01:30:00-05:00
2005-01-10,long,2005-01-12 07:00:00-05:00,2005-01-12 08:30:00-05:00,1.31206,1.308805,1.30555,1.32508,1.310107,1.308805,1.310107,2005-01-12 07:15:00-05:00,1.308805,2005-01-12 08:30:00-05:00,2,1,1.31203,1.30552,0.006510000000000016,-720.6000000000195,loss,dd_cut+flat_at_50,2,3,0,
2005-01-10,short,2005-01-12 08:30:00-05:00,2005-01-12 12:45:00-05:00,1.308805,1.315315,1.315315,1.295785,nan,nan,nan,,nan,,0,0,1.31203,1.30552,0.006510000000000016,-652.5000000000016,loss,reverse_fade+stop,2,1,1,2005-01-12 07:00:00-05:00
2005-01-17,short,2005-01-18 00:45:00-05:00,2005-01-19 08:30:00-05:00,1.30291,1.30755,1.31219,1.28435,1.305694,1.30755,1.305694,2005-01-18 11:00:00-05:00,1.30755,2005-01-19 08:30:00-05:00,2,1,1.3126,1.30332,0.009279999999999955,-1025.2999999999772,loss,dd_cut+flat_at_50,1,3,0,
2005-01-17,long,2005-01-19 08:30:00-05:00,2005-01-19 19:00:00-05:00,1.30755,1.29827,1.29827,1.32611,nan,nan,nan,,nan,,0,0,1.3126,1.30332,0.009279999999999955,-929.4999999999955,loss,reverse_fade+stop,1,1,1,2005-01-18 00:45:00-05:00
2005-01-17,short,2005-01-19 15:45:00-05:00,2005-01-21 21:45:00-05:00,1.30304,1.30373,1.31232,1.28448,1.3058239999999999,1.30768,1.3058239999999999,2005-01-21 17:30:00-05:00,nan,,2,0,1.3126,1.30332,0.009279999999999955,-630.2999999999874,loss,dd_cut+week_end,2,3,0,
2005-01-24,short,2005-01-25 01:30:00-05:00,2005-01-25 08:15:00-05:00,1.30196,1.305455,1.30895,1.28798,1.304057,1.305455,1.304057,2005-01-25 05:30:00-05:00,1.305455,2005-01-25 08:15:00-05:00,2,1,1.30966,1.30267,0.006990000000000052,-773.4000000000058,loss,dd_cut+flat_at_50,1,3,0,
2005-01-24,long,2005-01-25 08:15:00-05:00,2005-01-25 15:15:00-05:00,1.305455,1.298465,1.298465,1.3194350000000001,nan,nan,nan,,nan,,0,0,1.30966,1.30267,0.006990000000000052,-700.5000000000052,loss,reverse_fade+stop,1,1,1,2005-01-25 01:30:00-05:00
2005-01-24,short,2005-01-25 12:45:00-05:00,2005-01-26 14:00:00-05:00,1.30223,1.305725,1.30922,1.28825,1.304327,1.305725,1.304327,2005-01-26 13:45:00-05:00,1.305725,2005-01-26 14:00:00-05:00,2,1,1.30966,1.30267,0.006990000000000052,-773.4000000000058,loss,dd_cut+flat_at_50,2,3,0,
2005-01-24,long,2005-01-26 14:00:00-05:00,2005-01-28 15:15:00-05:00,1.305725,1.298735,1.298735,1.3197050000000001,nan,nan,nan,,nan,,0,0,1.30966,1.30267,0.006990000000000052,-700.5000000000052,loss,reverse_fade+stop,2,1,1,2005-01-25 12:45:00-05:00
2005-01-31,long,2005-02-02 00:45:00-05:00,2005-02-02 16:15:00-05:00,1.30605,1.3019699999999998,1.29789,1.3223699999999998,1.303602,1.3019699999999998,1.303602,2005-02-02 15:30:00-05:00,1.3019699999999998,2005-02-02 16:15:00-05:00,2,1,1.30568,1.29752,0.008159999999999945,-902.1000000000095,loss,dd_cut+flat_at_50,1,3,0,
2005-01-31,short,2005-02-02 16:15:00-05:00,2005-02-04 19:00:00-05:00,1.3019699999999998,1.28565,1.3101299999999998,1.28565,nan,nan,nan,,nan,,0,0,1.30568,1.29752,0.008159999999999945,1630.499999999989,win,reverse_fade+target,1,1,1,2005-02-02 00:45:00-05:00
2005-01-31,short,2005-02-03 13:45:00-05:00,2005-02-04 13:30:00-05:00,1.29453,1.29861,1.30269,1.27821,1.296978,1.29861,1.296978,2005-02-03 15:00:00-05:00,1.29861,2005-02-04 13:30:00-05:00,2,1,1.30568,1.29752,0.008159999999999945,-902.1000000000095,loss,dd_cut+flat_at_50,2,3,0,
2005-01-31,long,2005-02-04 13:30:00-05:00,2005-02-04 17:00:00-05:00,1.29861,1.29045,1.29045,1.31493,nan,nan,nan,,nan,,0,0,1.30568,1.29752,0.008159999999999945,-817.4999999999945,loss,reverse_fade+stop,2,1,1,2005-02-03 13:45:00-05:00
2005-02-07,long,2005-02-11 15:00:00-05:00,2005-02-11 21:45:00-05:00,1.28821,1.2862,1.27505,1.3145300000000002,1.284262,1.28163,nan,,nan,,0,0,1.28627,1.27311,0.01316000000000006,-607.5000000000202,loss,week_end,1,3,0,
2005-02-14,long,2005-02-15 13:00:00-05:00,2005-02-15 14:45:00-05:00,1.30136,1.295855,1.29035,1.32338,1.298057,1.295855,1.298057,2005-02-15 14:30:00-05:00,1.295855,2005-02-15 14:45:00-05:00,2,1,1.29877,1.28776,0.011009999999999964,-1215.6000000000204,loss,dd_cut+flat_at_50,1,3,0,
2005-02-14,short,2005-02-15 14:45:00-05:00,2005-02-17 10:00:00-05:00,1.295855,1.306865,1.306865,1.273835,nan,nan,nan,,nan,,0,0,1.29877,1.28776,0.011009999999999964,-1102.4999999999964,loss,reverse_fade+stop,1,1,1,2005-02-15 13:00:00-05:00
2005-02-14,long,2005-02-15 16:15:00-05:00,2005-02-18 21:45:00-05:00,1.29883,1.30699,1.28782,1.3208499999999999,1.2955269999999999,1.2933249999999998,nan,,nan,,0,0,1.29877,1.28776,0.011009999999999964,2443.50000000005,win,week_end,2,3,0,
2005-02-21,long,2005-02-22 02:45:00-05:00,2005-02-22 03:00:00-05:00,1.31055,1.308245,1.30594,1.31977,1.3091670000000002,1.308245,1.3091670000000002,2005-02-22 03:00:00-05:00,1.308245,2005-02-22 03:00:00-05:00,2,1,1.30764,1.30303,0.004610000000000003,-511.5999999999825,loss,dd_cut+flat_at_50,1,3,0,
2005-02-21,short,2005-02-22 03:00:00-05:00,2005-02-22 03:15:00-05:00,1.308245,1.312855,1.312855,1.299025,nan,nan,nan,,nan,,0,0,1.30764,1.30303,0.004610000000000003,-462.5000000000003,loss,reverse_fade+stop,1,1,1,2005-02-22 02:45:00-05:00
2005-02-21,long,2005-02-22 03:15:00-05:00,2005-02-22 03:30:00-05:00,1.31543,1.313125,1.31082,1.32465,1.3140470000000002,1.313125,1.3140470000000002,2005-02-22 03:30:00-05:00,1.313125,2005-02-22 03:30:00-05:00,2,1,1.30764,1.30303,0.004610000000000003,-511.5999999999825,loss,dd_cut+flat_at_50,2,3,0,
2005-02-21,short,2005-02-22 03:30:00-05:00,2005-02-22 07:45:00-05:00,1.313125,1.317735,1.317735,1.303905,nan,nan,nan,,nan,,0,0,1.30764,1.30303,0.004610000000000003,-462.5000000000003,loss,reverse_fade+stop,2,1,1,2005-02-22 03:15:00-05:00
2005-02-28,short,2005-03-01 01:45:00-05:00,2005-03-04 15:30:00-05:00,1.3201,1.323685,1.32727,1.3057600000000003,1.322251,1.323685,1.322251,2005-03-01 12:45:00-05:00,1.323685,2005-03-04 15:30:00-05:00,2,1,1.32777,1.3206,0.007169999999999899,-793.1999999999978,loss,dd_cut+flat_at_50,1,3,0,
2005-02-28,long,2005-03-04 15:30:00-05:00,2005-03-04 21:45:00-05:00,1.323685,1.32335,1.316515,1.3380249999999998,nan,nan,nan,,nan,,0,0,1.32777,1.3206,0.007169999999999899,-34.99999999999742,loss,reverse_fade+week_end,1,1,1,2005-03-01 01:45:00-05:00
2005-03-07,long,2005-03-08 08:30:00-05:00,2005-03-09 17:30:00-05:00,1.32522,1.33918,1.31824,1.33918,1.323126,1.32173,1.323126,2005-03-08 10:00:00-05:00,nan,,2,0,1.32461,1.31763,0.006979999999999986,972.6999999999892,win,dd_cut+target,1,3,0,
2005-03-07,long,2005-03-09 17:45:00-05:00,2005-03-09 23:45:00-05:00,1.34058,1.3370900000000001,1.3336000000000001,1.35454,1.338486,1.3370900000000001,1.338486,2005-03-09 20:30:00-05:00,1.3370900000000001,2005-03-09 23:45:00-05:00,2,1,1.32461,1.31763,0.006979999999999986,-772.3000000000073,loss,dd_cut+flat_at_50,2,3,0,
2005-03-07,short,2005-03-09 23:45:00-05:00,2005-03-10 02:15:00-05:00,1.3370900000000001,1.34407,1.34407,1.3231300000000001,nan,nan,nan,,nan,,0,0,1.32461,1.31763,0.006979999999999986,-699.4999999999986,loss,reverse_fade+stop,2,1,1,2005-03-09 17:45:00-05:00
2005-03-14,short,2005-03-15 16:00:00-05:00,2005-03-16 11:45:00-05:00,1.32999,1.3370600000000001,1.34413,1.30171,1.334232,1.3370600000000001,1.334232,2005-03-16 07:30:00-05:00,1.3370600000000001,2005-03-16 11:45:00-05:00,2,1,1.34759,1.33345,0.014140000000000041,-1559.900000000029,loss,dd_cut+flat_at_50,1,3,0,
2005-03-14,long,2005-03-16 11:45:00-05:00,2005-03-18 21:45:00-05:00,1.3370600000000001,1.33216,1.32292,1.3653400000000002,nan,nan,nan,,nan,,0,0,1.34759,1.33345,0.014140000000000041,-491.5000000000126,loss,reverse_fade+week_end,1,1,1,2005-03-15 16:00:00-05:00
2005-03-14,short,2005-03-18 08:45:00-05:00,2005-03-18 21:45:00-05:00,1.33149,1.33216,1.34563,1.30321,1.3357320000000001,1.3385600000000002,nan,,nan,,0,0,1.34759,1.33345,0.014140000000000041,-205.49999999998454,loss,week_end,2,3,0,
2005-03-21,short,2005-03-22 19:15:00-05:00,2005-03-25 21:45:00-05:00,1.31335,1.29536,1.33101,1.27803,1.318648,1.32218,nan,,nan,,0,0,1.33159,1.31393,0.01766000000000001,5392.499999999985,win,week_end,1,3,0,
2005-03-28,long,2005-03-30 07:00:00-05:00,2005-03-30 20:30:00-05:00,1.29651,1.291445,1.28638,1.31677,1.293471,1.291445,1.293471,2005-03-30 09:45:00-05:00,1.291445,2005-03-30 20:30:00-05:00,2,1,1.29549,1.28536,0.010129999999999972,-1118.8000000000125,loss,dd_cut+flat_at_50,1,3,0,
2005-03-28,short,2005-03-30 20:30:00-05:00,2005-03-31 14:30:00-05:00,1.291445,1.301575,1.301575,1.271185,nan,nan,nan,,nan,,0,0,1.29549,1.28536,0.010129999999999972,-1014.4999999999973,loss,reverse_fade+stop,1,1,1,2005-03-30 07:00:00-05:00
2005-03-28,long,2005-03-31 10:30:00-05:00,2005-04-01 15:00:00-05:00,1.29627,1.2912050000000002,1.28614,1.31653,1.293231,1.2912050000000002,1.293231,2005-04-01 15:00:00-05:00,1.2912050000000002,2005-04-01 15:00:00-05:00,2,1,1.29549,1.28536,0.010129999999999972,-1118.7999999999902,loss,dd_cut+flat_at_50,2,3,0,
2005-03-28,short,2005-04-01 15:00:00-05:00,2005-04-01 21:45:00-05:00,1.2912050000000002,1.2908,1.3013350000000001,1.2709450000000002,nan,nan,nan,,nan,,0,0,1.29549,1.28536,0.010129999999999972,39.000000000021075,win,reverse_fade+week_end,2,1,1,2005-03-31 10:30:00-05:00
2005-04-04,short,2005-04-05 02:45:00-04:00,2005-04-05 13:30:00-04:00,1.28162,1.28588,1.2901399999999998,1.2645800000000003,1.284176,1.28588,1.284176,2005-04-05 12:30:00-04:00,1.28588,2005-04-05 13:30:00-04:00,2,1,1.29022,1.2817,0.008519999999999861,-941.6999999999936,loss,dd_cut+flat_at_50,1,3,0,
2005-04-04,long,2005-04-05 13:30:00-04:00,2005-04-08 20:45:00-04:00,1.28588,1.293,1.27736,1.3029199999999996,nan,nan,nan,,nan,,0,0,1.29022,1.2817,0.008519999999999861,710.5000000000015,win,reverse_fade+week_end,1,1,1,2005-04-05 02:45:00-04:00
2005-04-04,long,2005-04-07 05:45:00-04:00,2005-04-07 17:15:00-04:00,1.29122,1.28696,1.2827000000000002,1.3082599999999998,1.288664,1.28696,1.288664,2005-04-07 17:00:00-04:00,1.28696,2005-04-07 17:15:00-04:00,2,1,1.29022,1.2817,0.008519999999999861,-941.6999999999936,loss,dd_cut+flat_at_50,2,3,0,
2005-04-04,short,2005-04-07 17:15:00-04:00,2005-04-08 20:45:00-04:00,1.28696,1.293,1.29548,1.2699200000000004,nan,nan,nan,,nan,,0,0,1.29022,1.2817,0.008519999999999861,-605.4999999999824,loss,reverse_fade+week_end,2,1,1,2005-04-07 05:45:00-04:00
2005-04-11,short,2005-04-12 13:15:00-04:00,2005-04-13 07:30:00-04:00,1.28917,1.29413,1.2990899999999999,1.26933,1.2921459999999998,1.29413,1.2921459999999998,2005-04-12 18:45:00-04:00,1.29413,2005-04-13 07:30:00-04:00,2,1,1.30019,1.29027,0.009919999999999929,-1095.6999999999812,loss,dd_cut+flat_at_50,1,3,0,
2005-04-11,long,2005-04-13 07:30:00-04:00,2005-04-14 09:45:00-04:00,1.29413,1.28421,1.28421,1.3139699999999999,nan,nan,nan,,nan,,0,0,1.30019,1.29027,0.009919999999999929,-993.4999999999928,loss,reverse_fade+stop,1,1,1,2005-04-12 13:15:00-04:00
2005-04-11,short,2005-04-13 12:45:00-04:00,2005-04-15 14:15:00-04:00,1.2878,1.29276,1.29772,1.2679600000000002,1.2907760000000001,1.29276,1.2907760000000001,2005-04-13 15:00:00-04:00,1.29276,2005-04-15 14:15:00-04:00,2,1,1.30019,1.29027,0.009919999999999929,-1095.7000000000032,loss,dd_cut+flat_at_50,2,3,0,
2005-04-11,long,2005-04-15 14:15:00-04:00,2005-04-15 20:45:00-04:00,1.29276,1.29206,1.28284,1.3125999999999998,nan,nan,nan,,nan,,0,0,1.30019,1.29027,0.009919999999999929,-71.4999999999923,loss,reverse_fade+week_end,2,1,1,2005-04-13 12:45:00-04:00
2005-04-18,long,2005-04-19 14:30:00-04:00,2005-04-22 20:45:00-04:00,1.3045,1.30608,1.28758,1.33834,1.299424,1.29604,1.299424,2005-04-20 13:00:00-04:00,nan,,2,0,1.30417,1.28725,0.016920000000000046,-861.7000000000246,loss,dd_cut+week_end,1,3,0,
2005-04-25,short,2005-04-26 14:15:00-04:00,2005-04-29 20:45:00-04:00,1.29537,1.28685,1.3044499999999999,1.27721,1.2980939999999999,1.29991,1.2980939999999999,2005-04-26 20:00:00-04:00,nan,,2,0,1.30448,1.2954,0.009079999999999977,302.6999999999964,win,dd_cut+week_end,1,3,0,
2005-05-02,short,2005-05-03 01:45:00-04:00,2005-05-03 06:45:00-04:00,1.28321,1.28508,1.28695,1.2757299999999998,1.284332,1.28508,1.284332,2005-05-03 06:00:00-04:00,1.28508,2005-05-03 06:45:00-04:00,2,1,1.2873,1.28356,0.0037400000000000766,-415.9000000000173,loss,dd_cut+flat_at_50,1,3,0,
2005-05-02,long,2005-05-03 06:45:00-04:00,2005-05-04 01:30:00-04:00,1.28508,1.2925600000000002,1.28134,1.2925600000000002,nan,nan,nan,,nan,,0,0,1.2873,1.28356,0.0037400000000000766,746.5000000000153,win,reverse_fade+target,1,1,1,2005-05-03 01:45:00-04:00
2005-05-02,long,2005-05-03 09:00:00-04:00,2005-05-03 11:00:00-04:00,1.28738,1.28551,1.28364,1.2948600000000001,1.286258,1.28551,1.286258,2005-05-03 09:30:00-04:00,1.28551,2005-05-03 11:00:00-04:00,2,1,1.2873,1.28356,0.0037400000000000766,-415.9000000000173,loss,dd_cut+flat_at_50,2,3,0,
2005-05-02,short,2005-05-03 11:00:00-04:00,2005-05-03 13:45:00-04:00,1.28551,1.28925,1.28925,1.2780299999999998,nan,nan,nan,,nan,,0,0,1.2873,1.28356,0.0037400000000000766,-375.5000000000077,loss,reverse_fade+stop,2,1,1,2005-05-03 09:00:00-04:00
2005-05-09,long,2005-05-10 14:45:00-04:00,2005-05-11 12:30:00-04:00,1.2877,1.283425,1.27915,1.3048000000000002,1.2851350000000001,1.283425,1.2851350000000001,2005-05-11 12:30:00-04:00,1.283425,2005-05-11 12:30:00-04:00,2,1,1.28742,1.27887,0.008550000000000058,-944.9999999999886,loss,dd_cut+flat_at_50,1,3,0,
2005-05-09,short,2005-05-11 12:30:00-04:00,2005-05-12 21:15:00-04:00,1.283425,1.266325,1.291975,1.266325,nan,nan,nan,,nan,,0,0,1.28742,1.27887,0.008550000000000058,1708.5000000000116,win,reverse_fade+target,1,1,1,2005-05-10 14:45:00-04:00
2005-05-09,short,2005-05-11 18:15:00-04:00,2005-05-13 12:30:00-04:00,1.27885,1.26175,1.2874,1.26175,1.281415,1.283125,1.281415,2005-05-11 21:00:00-04:00,nan,,2,0,1.28742,1.27887,0.008550000000000058,1192.500000000026,win,dd_cut+target,2,3,0,
2005-05-16,long,2005-05-17 08:45:00-04:00,2005-05-17 12:30:00-04:00,1.26566,1.2613349999999999,1.25701,1.28296,1.263065,1.2613349999999999,1.263065,2005-05-17 11:30:00-04:00,1.2613349999999999,2005-05-17 12:30:00-04:00,2,1,1.26468,1.25603,0.008650000000000047,-955.999999999994,loss,dd_cut+flat_at_50,1,3,0,
2005-05-16,short,2005-05-17 12:30:00-04:00,2005-05-20 20:45:00-04:00,1.2613349999999999,1.25549,1.269985,1.2440349999999998,nan,nan,nan,,nan,,0,0,1.26468,1.25603,0.008650000000000047,582.9999999999878,win,reverse_fade+week_end,1,1,1,2005-05-17 08:45:00-04:00
2005-05-16,long,2005-05-18 12:45:00-04:00,2005-05-18 13:30:00-04:00,1.26509,1.2607650000000001,1.25644,1.2823900000000001,1.262495,1.2607650000000001,1.262495,2005-05-18 13:15:00-04:00,1.2607650000000001,2005-05-18 13:30:00-04:00,2,1,1.26468,1.25603,0.008650000000000047,-956.0000000000163,loss,dd_cut+flat_at_50,2,3,0,
2005-05-16,short,2005-05-18 13:30:00-04:00,2005-05-20 20:45:00-04:00,1.2607650000000001,1.25549,1.2694150000000002,1.243465,nan,nan,nan,,nan,,0,0,1.26468,1.25603,0.008650000000000047,526.0000000000141,win,reverse_fade+week_end,2,1,1,2005-05-18 12:45:00-04:00
2005-05-23,long,2005-05-24 10:15:00-04:00,2005-05-24 17:00:00-04:00,1.25982,1.2567499999999998,1.25368,1.2721,1.257978,1.2567499999999998,1.257978,2005-05-24 14:30:00-04:00,1.2567499999999998,2005-05-24 17:00:00-04:00,2,1,1.25953,1.25339,0.006140000000000034,-679.8999999999927,loss,dd_cut+flat_at_50,1,3,0,
2005-05-23,short,2005-05-24 17:00:00-04:00,2005-05-27 20:45:00-04:00,1.2567499999999998,1.25802,1.2628899999999998,1.2444699999999997,nan,nan,nan,,nan,,0,0,1.25953,1.25339,0.006140000000000034,-128.50000000001043,loss,reverse_fade+week_end,1,1,1,2005-05-24 10:15:00-04:00
2005-05-23,long,2005-05-25 15:00:00-04:00,2005-05-26 04:30:00-04:00,1.26047,1.2574,1.25433,1.27275,1.2586279999999999,1.2574,1.2586279999999999,2005-05-25 23:15:00-04:00,1.2574,2005-05-26 04:30:00-04:00,2,1,1.25953,1.25339,0.006140000000000034,-679.9000000000149,loss,dd_cut+flat_at_50,2,3,0,
2005-05-23,short,2005-05-26 04:30:00-04:00,2005-05-27 20:45:00-04:00,1.2574,1.25802,1.26354,1.24512,nan,nan,nan,,nan,,0,0,1.25953,1.25339,0.006140000000000034,-63.49999999998429,loss,reverse_fade+week_end,2,1,1,2005-05-25 15:00:00-04:00
2005-05-30,short,2005-05-31 01:00:00-04:00,2005-06-01 09:30:00-04:00,1.24283,1.22533,1.2515800000000001,1.22533,1.2454550000000002,1.2472050000000001,nan,,nan,,0,0,1.25441,1.24566,0.008750000000000036,5245.500000000021,win,target,1,3,0,
2005-05-30,short,2005-06-01 09:45:00-04:00,2005-06-03 05:45:00-04:00,1.22612,1.2304950000000001,1.2348700000000001,1.20862,1.2287450000000002,1.2304950000000001,1.2287450000000002,2005-06-02 09:00:00-04:00,1.2304950000000001,2005-06-03 05:45:00-04:00,2,1,1.25441,1.24566,0.008750000000000036,-967.0000000000216,loss,dd_cut+flat_at_50,2,3,0,
2005-05-30,long,2005-06-03 05:45:00-04:00,2005-06-03 16:00:00-04:00,1.2304950000000001,1.221745,1.221745,1.2479950000000002,nan,nan,nan,,nan,,0,0,1.25441,1.24566,0.008750000000000036,-876.5000000000035,loss,reverse_fade+stop,2,1,1,2005-06-01 09:45:00-04:00
2005-06-06,long,2005-06-07 06:15:00-04:00,2005-06-07 13:45:00-04:00,1.23023,1.226505,1.22278,1.2451299999999998,1.227995,1.226505,1.227995,2005-06-07 07:00:00-04:00,1.226505,2005-06-07 13:45:00-04:00,2,1,1.22919,1.22174,0.007449999999999957,-823.9999999999952,loss,dd_cut+flat_at_50,1,3,0,
2005-06-06,short,2005-06-07 13:45:00-04:00,2005-06-08 15:45:00-04:00,1.226505,1.233955,1.233955,1.211605,nan,nan,nan,,nan,,0,0,1.22919,1.22174,0.007449999999999957,-746.4999999999957,loss,reverse_fade+stop,1,1,1,2005-06-07 06:15:00-04:00
2005-06-06,long,2005-06-08 00:45:00-04:00,2005-06-08 17:15:00-04:00,1.22931,1.225585,1.22186,1.2442099999999998,1.227075,1.225585,1.227075,2005-06-08 17:00:00-04:00,1.225585,2005-06-08 17:15:00-04:00,2,1,1.22919,1.22174,0.007449999999999957,-823.9999999999952,loss,dd_cut+flat_at_50,2,3,0,
2005-06-06,short,2005-06-08 17:15:00-04:00,2005-06-10 18:30:00-04:00,1.225585,1.210685,1.2330349999999999,1.210685,nan,nan,nan,,nan,,0,0,1.22919,1.22174,0.007449999999999957,1488.4999999999914,win,reverse_fade+target,2,1,1,2005-06-08 00:45:00-04:00
2005-06-13,long,2005-06-14 00:00:00-04:00,2005-06-14 13:00:00-04:00,1.21203,1.207425,1.20282,1.2304499999999998,1.2092669999999999,1.207425,1.2092669999999999,2005-06-14 13:00:00-04:00,1.207425,2005-06-14 13:00:00-04:00,2,1,1.21183,1.20262,0.00920999999999994,-1017.6000000000113,loss,dd_cut+flat_at_50,1,3,0,
2005-06-13,short,2005-06-14 13:00:00-04:00,2005-06-17 10:15:00-04:00,1.207425,1.216635,1.216635,1.189005,nan,nan,nan,,nan,,0,0,1.21183,1.20262,0.00920999999999994,-922.4999999999941,loss,reverse_fade+stop,1,1,1,2005-06-14 00:00:00-04:00
2005-06-13,short,2005-06-14 16:00:00-04:00,2005-06-15 13:00:00-04:00,1.2026,1.2072049999999999,1.2118099999999998,1.18418,1.205363,1.2072049999999999,1.205363,2005-06-14 17:15:00-04:00,1.2072049999999999,2005-06-15 13:00:00-04:00,2,1,1.21183,1.20262,0.00920999999999994,-1017.6000000000113,loss,dd_cut+flat_at_50,2,3,0,
2005-06-13,long,2005-06-15 13:00:00-04:00,2005-06-17 18:00:00-04:00,1.2072049999999999,1.2256249999999997,1.197995,1.2256249999999997,nan,nan,nan,,nan,,0,0,1.21183,1.20262,0.00920999999999994,1840.4999999999882,win,reverse_fade+target,2,1,1,2005-06-14 16:00:00-04:00
2005-06-20,short,2005-06-21 08:00:00-04:00,2005-06-21 18:15:00-04:00,1.20988,1.2170450000000002,1.22421,1.1812200000000002,1.2141790000000001,1.2170450000000002,1.2141790000000001,2005-06-21 14:45:00-04:00,1.2170450000000002,2005-06-21 18:15:00-04:00,2,1,1.22648,1.21215,0.014329999999999954,-1580.8000000000193,loss,dd_cut+flat_at_50,1,3,0,
2005-06-20,long,2005-06-21 18:15:00-04:00,2005-06-23 12:30:00-04:00,1.2170450000000002,1.2027150000000002,1.2027150000000002,1.245705,nan,nan,nan,,nan,,0,0,1.22648,1.21215,0.014329999999999954,-1434.4999999999955,loss,reverse_fade+stop,1,1,1,2005-06-21 08:00:00-04:00
2005-06-20,short,2005-06-22 11:00:00-04:00,2005-06-24 20:45:00-04:00,1.21124,1.20893,1.22557,1.1825800000000002,1.2155390000000001,1.2184050000000002,nan,,nan,,0,0,1.22648,1.21215,0.014329999999999954,688.5000000000102,win,week_end,2,3,0,
2005-06-27,short,2005-06-28 07:15:00-04:00,2005-07-01 14:30:00-04:00,1.21115,1.1978099999999996,1.2178200000000001,1.1978099999999996,1.213151,1.214485,nan,,nan,,0,0,1.21836,1.21169,0.006670000000000176,3997.5000000001055,win,target,1,3,0,
2005-06-27,short,2005-07-01 14:45:00-04:00,2005-07-01 20:45:00-04:00,1.19665,1.19526,1.2033200000000002,1.1833099999999996,1.1986510000000001,1.199985,nan,,nan,,0,0,1.21836,1.21169,0.006670000000000176,412.5000000000007,win,week_end,2,3,0,
2005-07-04,short,2005-07-05 06:30:00-04:00,2005-07-05 08:15:00-04:00,1.18692,1.190145,1.19337,1.1740199999999998,1.188855,1.190145,1.188855,2005-07-05 08:15:00-04:00,1.190145,2005-07-05 08:15:00-04:00,2,1,1.19479,1.18834,0.006450000000000067,-714.0000000000073,loss,dd_cut+flat_at_50,1,3,0,
2005-07-04,long,2005-07-05 08:15:00-04:00,2005-07-07 09:15:00-04:00,1.190145,1.2030450000000001,1.183695,1.2030450000000001,nan,nan,nan,,nan,,0,0,1.19479,1.18834,0.006450000000000067,1288.5000000000134,win,reverse_fade+target,1,1,1,2005-07-05 06:30:00-04:00
2005-07-04,short,2005-07-05 11:30:00-04:00,2005-07-05 12:45:00-04:00,1.18743,1.190655,1.19388,1.1745299999999999,1.189365,1.190655,1.189365,2005-07-05 12:15:00-04:00,1.190655,2005-07-05 12:45:00-04:00,2,1,1.19479,1.18834,0.006450000000000067,-714.0000000000073,loss,dd_cut+flat_at_50,2,3,0,
2005-07-04,long,2005-07-05 12:45:00-04:00,2005-07-07 09:15:00-04:00,1.190655,1.2035550000000002,1.184205,1.2035550000000002,nan,nan,nan,,nan,,0,0,1.19479,1.18834,0.006450000000000067,1288.5000000000134,win,reverse_fade+target,2,1,1,2005-07-05 11:30:00-04:00
2005-07-11,long,2005-07-12 01:30:00-04:00,2005-07-15 12:30:00-04:00,1.21002,1.20358,1.19714,1.23578,1.206156,1.20358,1.206156,2005-07-13 22:30:00-04:00,1.20358,2005-07-15 12:30:00-04:00,2,1,1.20839,1.19551,0.012880000000000003,-1421.300000000018,loss,dd_cut+flat_at_50,1,3,0,
2005-07-11,short,2005-07-15 12:30:00-04:00,2005-07-15 20:45:00-04:00,1.20358,1.20292,1.21646,1.17782,nan,nan,nan,,nan,,0,0,1.20839,1.19551,0.012880000000000003,64.50000000001049,win,reverse_fade+week_end,1,1,1,2005-07-12 01:30:00-04:00
2005-07-18,short,2005-07-19 04:00:00-04:00,2005-07-20 01:00:00-04:00,1.20325,1.2058200000000001,1.20839,1.1929699999999996,1.2047919999999999,1.2058200000000001,1.2047919999999999,2005-07-20 00:30:00-04:00,1.2058200000000001,2005-07-20 01:00:00-04:00,2,1,1.20869,1.20355,0.0051400000000001445,-569.9000000000048,loss,dd_cut+flat_at_50,1,3,0,
2005-07-18,long,2005-07-20 01:00:00-04:00,2005-07-20 18:15:00-04:00,1.2058200000000001,1.2161000000000004,1.20068,1.2161000000000004,nan,nan,nan,,nan,,0,0,1.20869,1.20355,0.0051400000000001445,1026.5000000000289,win,reverse_fade+target,1,1,1,2005-07-19 04:00:00-04:00
2005-07-18,long,2005-07-20 04:30:00-04:00,2005-07-20 06:00:00-04:00,1.20901,1.2064399999999997,1.2038699999999998,1.2192900000000002,1.207468,1.2064399999999997,1.207468,2005-07-20 05:00:00-04:00,1.2064399999999997,2005-07-20 06:00:00-04:00,2,1,1.20869,1.20355,0.0051400000000001445,-569.9000000000048,loss,dd_cut+flat_at_50,2,3,0,
2005-07-18,short,2005-07-20 06:00:00-04:00,2005-07-20 17:30:00-04:00,1.2064399999999997,1.2115799999999999,1.2115799999999999,1.1961599999999994,nan,nan,nan,,nan,,0,0,1.20869,1.20355,0.0051400000000001445,-515.5000000000144,loss,reverse_fade+stop,2,1,1,2005-07-20 04:30:00-04:00
2005-07-25,short,2005-07-26 08:30:00-04:00,2005-07-27 13:00:00-04:00,1.2015,1.204585,1.20767,1.18916,1.203351,1.204585,1.203351,2005-07-26 14:30:00-04:00,1.204585,2005-07-27 13:00:00-04:00,2,1,1.20859,1.20242,0.006170000000000009,-683.2000000000098,loss,dd_cut+flat_at_50,1,3,0,
2005-07-25,long,2005-07-27 13:00:00-04:00,2005-07-29 20:45:00-04:00,1.204585,1.2116,1.198415,1.216925,nan,nan,nan,,nan,,0,0,1.20859,1.20242,0.006170000000000009,699.9999999999993,win,reverse_fade+week_end,1,1,1,2005-07-26 08:30:00-04:00
2005-07-25,short,2005-07-27 13:30:00-04:00,2005-07-27 15:45:00-04:00,1.2023,1.205385,1.20847,1.18996,1.204151,1.205385,1.204151,2005-07-27 14:00:00-04:00,1.205385,2005-07-27 15:45:00-04:00,2,1,1.20859,1.20242,0.006170000000000009,-683.2000000000098,loss,dd_cut+flat_at_50,2,3,0,
2005-07-25,long,2005-07-27 15:45:00-04:00,2005-07-29 20:45:00-04:00,1.205385,1.2116,1.199215,1.217725,nan,nan,nan,,nan,,0,0,1.20859,1.20242,0.006170000000000009,620.0000000000082,win,reverse_fade+week_end,2,1,1,2005-07-27 13:30:00-04:00
2005-08-01,long,2005-08-03 09:00:00-04:00,2005-08-05 20:45:00-04:00,1.22748,1.23523,1.21488,1.2526799999999998,1.2237,1.22118,nan,,nan,,0,0,1.22453,1.21193,0.012599999999999945,2320.5000000000437,win,week_end,1,3,0,
2005-08-08,long,2005-08-09 01:45:00-04:00,2005-08-09 03:15:00-04:00,1.23918,1.2353349999999998,1.2314899999999998,1.2545600000000003,1.236873,1.2353349999999998,1.236873,2005-08-09 02:15:00-04:00,1.2353349999999998,2005-08-09 03:15:00-04:00,2,1,1.23883,1.23114,0.007690000000000197,-850.4000000000217,loss,dd_cut+flat_at_50,1,3,0,
2005-08-08,short,2005-08-09 03:15:00-04:00,2005-08-11 13:00:00-04:00,1.2353349999999998,1.243025,1.243025,1.2199549999999995,nan,nan,nan,,nan,,0,0,1.23883,1.23114,0.007690000000000197,-770.5000000000197,loss,reverse_fade+stop,1,1,1,2005-08-09 01:45:00-04:00
2005-08-08,long,2005-08-09 05:45:00-04:00,2005-08-09 08:00:00-04:00,1.24069,1.236845,1.2329999999999999,1.2560700000000005,1.238383,1.236845,1.238383,2005-08-09 07:30:00-04:00,1.236845,2005-08-09 08:00:00-04:00,2,1,1.23883,1.23114,0.007690000000000197,-850.4000000000217,loss,dd_cut+flat_at_50,2,3,0,
2005-08-08,short,2005-08-09 08:00:00-04:00,2005-08-11 13:30:00-04:00,1.236845,1.2445350000000002,1.2445350000000002,1.2214649999999996,nan,nan,nan,,nan,,0,0,1.23883,1.23114,0.007690000000000197,-770.5000000000197,loss,reverse_fade+stop,2,1,1,2005-08-09 05:45:00-04:00
2005-08-15,short,2005-08-16 00:30:00-04:00,2005-08-19 20:45:00-04:00,1.234,1.21455,1.24504,1.21192,1.237312,1.23952,nan,,nan,,0,0,1.24528,1.23424,0.011039999999999939,5830.499999999991,win,week_end,1,3,0,
2005-08-22,long,2005-08-23 07:45:00-04:00,2005-08-23 12:45:00-04:00,1.2248,1.2205650000000001,1.2163300000000001,1.24174,1.2222590000000002,1.2205650000000001,1.2222590000000002,2005-08-23 08:15:00-04:00,1.2205650000000001,2005-08-23 12:45:00-04:00,2,1,1.22418,1.21571,0.008469999999999978,-936.1999999999798,loss,dd_cut+flat_at_50,1,3,0,
2005-08-22,short,2005-08-23 12:45:00-04:00,2005-08-25 00:45:00-04:00,1.2205650000000001,1.229035,1.229035,1.2036250000000002,nan,nan,nan,,nan,,0,0,1.22418,1.21571,0.008469999999999978,-848.4999999999977,loss,reverse_fade+stop,1,1,1,2005-08-23 07:45:00-04:00
2005-08-22,long,2005-08-24 13:00:00-04:00,2005-08-24 15:30:00-04:00,1.22711,1.222875,1.21864,1.2440499999999999,1.224569,1.222875,1.224569,2005-08-24 15:00:00-04:00,1.222875,2005-08-24 15:30:00-04:00,2,1,1.22418,1.21571,0.008469999999999978,-936.1999999999798,loss,dd_cut+flat_at_50,2,3,0,
2005-08-22,short,2005-08-24 15:30:00-04:00,2005-08-25 04:00:00-04:00,1.222875,1.231345,1.231345,1.205935,nan,nan,nan,,nan,,0,0,1.22418,1.21571,0.008469999999999978,-848.4999999999977,loss,reverse_fade+stop,2,1,1,2005-08-24 13:00:00-04:00
2005-08-29,short,2005-08-30 02:30:00-04:00,2005-08-31 14:15:00-04:00,1.22104,1.2275299999999998,1.23402,1.19508,1.224934,1.2275299999999998,1.224934,2005-08-31 14:00:00-04:00,1.2275299999999998,2005-08-31 14:15:00-04:00,2,1,1.23448,1.2215,0.012979999999999992,-1432.3000000000013,loss,dd_cut+flat_at_50,1,3,0,
2005-08-29,long,2005-08-31 14:15:00-04:00,2005-09-02 07:30:00-04:00,1.2275299999999998,1.2534899999999998,1.2145499999999998,1.2534899999999998,nan,nan,nan,,nan,,0,0,1.23448,1.2215,0.012979999999999992,2594.499999999998,win,reverse_fade+target,1,1,1,2005-08-30 02:30:00-04:00
2005-08-29,long,2005-09-01 07:45:00-04:00,2005-09-02 20:45:00-04:00,1.23455,1.25277,1.22157,1.26051,1.230656,1.2280600000000002,nan,,nan,,0,0,1.23448,1.2215,0.012979999999999992,5461.499999999971,win,week_end,2,3,0,
2005-09-05,short,2005-09-06 00:45:00-04:00,2005-09-07 07:15:00-04:00,1.24836,1.2524699999999998,1.2565799999999998,1.2319200000000001,1.250826,1.2524699999999998,1.250826,2005-09-06 05:45:00-04:00,1.2524699999999998,2005-09-07 07:15:00-04:00,2,1,1.2583,1.25008,0.008219999999999894,-908.6999999999995,loss,dd_cut+flat_at_50,1,3,0,
2005-09-05,long,2005-09-07 07:15:00-04:00,2005-09-07 13:00:00-04:00,1.2524699999999998,1.2442499999999999,1.2442499999999999,1.2689099999999995,nan,nan,nan,,nan,,0,0,1.2583,1.25008,0.008219999999999894,-823.4999999999894,loss,reverse_fade+stop,1,1,1,2005-09-06 00:45:00-04:00
2005-09-05,short,2005-09-07 08:30:00-04:00,2005-09-09 20:45:00-04:00,1.24881,1.24064,1.2570299999999999,1.2323700000000002,1.2512759999999998,1.25292,nan,,nan,,0,0,1.2583,1.25008,0.008219999999999894,2446.500000000003,win,week_end,2,3,0,
2005-09-12,short,2005-09-13 09:45:00-04:00,2005-09-16 20:45:00-04:00,1.2263,1.22364,1.24095,1.1969999999999998,1.2306949999999999,1.233625,1.2306949999999999,2005-09-14 11:45:00-04:00,nan,,2,0,1.24129,1.22664,0.014650000000000052,-617.4999999999968,loss,dd_cut+week_end,1,3,0,
2005-09-19,long,2005-09-20 06:15:00-04:00,2005-09-20 09:00:00-04:00,1.21806,1.21423,1.2104,1.23338,1.215762,1.21423,1.215762,2005-09-20 06:45:00-04:00,1.21423,2005-09-20 09:00:00-04:00,2,1,1.21733,1.20967,0.00766,-847.0999999999822,loss,dd_cut+flat_at_50,1,3,0,
2005-09-19,short,2005-09-20 09:00:00-04:00,2005-09-21 08:15:00-04:00,1.21423,1.22189,1.22189,1.19891,nan,nan,nan,,nan,,0,0,1.21733,1.20967,0.00766,-767.5,loss,reverse_fade+stop,1,1,1,2005-09-20 06:15:00-04:00
2005-09-19,long,2005-09-20 15:45:00-04:00,2005-09-20 18:15:00-04:00,1.21744,1.21361,1.20978,1.23276,1.2151420000000002,1.21361,1.2151420000000002,2005-09-20 18:15:00-04:00,1.21361,2005-09-20 18:15:00-04:00,2,1,1.21733,1.20967,0.00766,-847.0999999999822,loss,dd_cut+flat_at_50,2,3,0,
2005-09-19,short,2005-09-20 18:15:00-04:00,2005-09-21 05:30:00-04:00,1.21361,1.22127,1.22127,1.19829,nan,nan,nan,,nan,,0,0,1.21733,1.20967,0.00766,-767.5,loss,reverse_fade+stop,2,1,1,2005-09-20 15:45:00-04:00
2005-09-26,short,2005-09-27 06:00:00-04:00,2005-09-27 08:15:00-04:00,1.2003,1.20372,1.2071399999999999,1.18662,1.2023519999999999,1.20372,1.2023519999999999,2005-09-27 08:00:00-04:00,1.20372,2005-09-27 08:15:00-04:00,2,1,1.20786,1.20102,0.006839999999999957,-756.8999999999864,loss,dd_cut+flat_at_50,1,3,0,
2005-09-26,long,2005-09-27 08:15:00-04:00,2005-09-30 20:45:00-04:00,1.20372,1.20236,1.19688,1.2173999999999998,nan,nan,nan,,nan,,0,0,1.20786,1.20102,0.006839999999999957,-137.4999999999806,loss,reverse_fade+week_end,1,1,1,2005-09-27 06:00:00-04:00
2005-09-26,short,2005-09-27 11:30:00-04:00,2005-09-28 16:15:00-04:00,1.2008,1.20422,1.20764,1.1871200000000002,1.202852,1.20422,1.202852,2005-09-28 00:15:00-04:00,1.20422,2005-09-28 16:15:00-04:00,2,1,1.20786,1.20102,0.006839999999999957,-756.8999999999864,loss,dd_cut+flat_at_50,2,3,0,
2005-09-26,long,2005-09-28 16:15:00-04:00,2005-09-30 20:45:00-04:00,1.20422,1.20236,1.19738,1.2179,nan,nan,nan,,nan,,0,0,1.20786,1.20102,0.006839999999999957,-187.49999999999727,loss,reverse_fade+week_end,2,1,1,2005-09-27 11:30:00-04:00
2005-10-03,long,2005-10-06 07:00:00-04:00,2005-10-07 20:45:00-04:00,1.20663,1.21262,1.1935900000000002,1.23271,1.2027180000000002,1.20011,nan,,nan,,0,0,1.20289,1.18985,0.01303999999999994,1792.4999999999818,win,week_end,1,3,0,
2005-10-10,short,2005-10-11 00:45:00-04:00,2005-10-14 15:15:00-04:00,1.20285,1.208475,1.2141,1.18035,1.2062249999999999,1.208475,1.2062249999999999,2005-10-14 14:30:00-04:00,1.208475,2005-10-14 15:15:00-04:00,2,1,1.21517,1.20392,0.011249999999999982,-1241.9999999999802,loss,dd_cut+flat_at_50,1,3,0,
2005-10-10,long,2005-10-14 15:15:00-04:00,2005-10-14 20:45:00-04:00,1.208475,1.20713,1.197225,1.230975,nan,nan,nan,,nan,,0,0,1.21517,1.20392,0.011249999999999982,-135.99999999999295,loss,reverse_fade+week_end,1,1,1,2005-10-11 00:45:00-04:00
2005-10-17,short,2005-10-18 00:15:00-04:00,2005-10-21 00:00:00-04:00,1.1984,1.2047599999999998,1.21112,1.1729599999999998,1.202216,1.2047599999999998,1.202216,2005-10-20 19:45:00-04:00,1.2047599999999998,2005-10-21 00:00:00-04:00,2,1,1.21184,1.19912,0.012720000000000065,-1403.7000000000005,loss,dd_cut+flat_at_50,1,3,0,
2005-10-17,long,2005-10-21 00:00:00-04:00,2005-10-21 20:45:00-04:00,1.2047599999999998,1.19532,1.1920399999999998,1.2302,nan,nan,nan,,nan,,0,0,1.21184,1.19912,0.012720000000000065,-945.4999999999893,loss,reverse_fade+week_end,1,1,1,2005-10-18 00:15:00-04:00
2005-10-17,short,2005-10-21 15:15:00-04:00,2005-10-21 20:45:00-04:00,1.19635,1.19532,1.20907,1.17091,1.200166,1.2027100000000002,nan,,nan,,0,0,1.21184,1.19912,0.012720000000000065,304.5000000000259,win,week_end,2,3,0,
2005-10-24,long,2005-10-25 09:30:00-04:00,2005-10-28 20:45:00-04:00,1.20261,1.20661,1.1925000000000001,1.2228299999999996,1.1995770000000001,1.197555,nan,,nan,,0,0,1.20196,1.19185,0.010109999999999841,1195.500000000001,win,week_end,1,3,0,
2005-10-31,short,2005-11-03 17:00:00-05:00,2005-11-04 21:45:00-05:00,1.19548,1.18098,1.20757,1.1713000000000002,1.1991070000000001,1.2015250000000002,1.1991070000000001,2005-11-04 14:00:00-05:00,nan,,2,0,1.20877,1.19668,0.012089999999999934,720.1000000000085,win,dd_cut+week_end,1,3,0,
2005-11-07,short,2005-11-08 00:45:00-05:00,2005-11-08 18:45:00-05:00,1.17628,1.179,1.18172,1.1653999999999998,1.177912,1.179,1.177912,2005-11-08 17:00:00-05:00,1.179,2005-11-08 18:45:00-05:00,2,1,1.18297,1.17753,0.005440000000000111,-602.9000000000211,loss,dd_cut+flat_at_50,1,3,0,
2005-11-07,long,2005-11-08 18:45:00-05:00,2005-11-09 11:15:00-05:00,1.179,1.17356,1.17356,1.1898800000000003,nan,nan,nan,,nan,,0,0,1.18297,1.17753,0.005440000000000111,-545.5000000000111,loss,reverse_fade+stop,1,1,1,2005-11-08 00:45:00-05:00
2005-11-07,short,2005-11-08 19:00:00-05:00,2005-11-11 21:45:00-05:00,1.17749,1.17306,1.18293,1.1666099999999997,1.179122,1.18021,1.179122,2005-11-10 13:30:00-05:00,nan,,2,0,1.18297,1.17753,0.005440000000000111,112.09999999997785,win,dd_cut+week_end,2,3,0,
2005-11-14,short,2005-11-15 11:30:00-05:00,2005-11-15 16:30:00-05:00,1.16569,1.1713,1.17691,1.1432499999999999,1.1690559999999999,1.1713,1.1690559999999999,2005-11-15 14:45:00-05:00,1.1713,2005-11-15 16:30:00-05:00,2,1,1.17716,1.16594,0.011220000000000008,-1238.7000000000075,loss,dd_cut+flat_at_50,1,3,0,
2005-11-14,long,2005-11-15 16:30:00-05:00,2005-11-18 21:45:00-05:00,1.1713,1.17707,1.16008,1.19374,nan,nan,nan,,nan,,0,0,1.17716,1.16594,0.011220000000000008,575.5000000000052,win,reverse_fade+week_end,1,1,1,2005-11-15 11:30:00-05:00
2005-11-14,short,2005-11-16 14:30:00-05:00,2005-11-17 14:45:00-05:00,1.16511,1.1707200000000002,1.17633,1.14267,1.168476,1.1707200000000002,1.168476,2005-11-16 16:15:00-05:00,1.1707200000000002,2005-11-17 14:45:00-05:00,2,1,1.17716,1.16594,0.011220000000000008,-1238.7000000000075,loss,dd_cut+flat_at_50,2,3,0,
2005-11-14,long,2005-11-17 14:45:00-05:00,2005-11-18 21:45:00-05:00,1.1707200000000002,1.17707,1.1595000000000002,1.1931600000000002,nan,nan,nan,,nan,,0,0,1.17716,1.16594,0.011220000000000008,633.4999999999856,win,reverse_fade+week_end,2,1,1,2005-11-16 14:30:00-05:00
2005-11-21,short,2005-11-22 08:30:00-05:00,2005-11-22 19:00:00-05:00,1.17064,1.17658,1.18252,1.1468799999999997,1.174204,1.17658,1.174204,2005-11-22 17:00:00-05:00,1.17658,2005-11-22 19:00:00-05:00,2,1,1.18357,1.17169,0.011880000000000113,-1311.3000000000302,loss,dd_cut+flat_at_50,1,3,0,
2005-11-21,long,2005-11-22 19:00:00-05:00,2005-11-25 21:45:00-05:00,1.17658,1.17192,1.1646999999999998,1.2003400000000002,nan,nan,nan,,nan,,0,0,1.18357,1.17169,0.011880000000000113,-467.49999999998863,loss,reverse_fade+week_end,1,1,1,2005-11-22 08:30:00-05:00
2005-11-21,long,2005-11-23 06:00:00-05:00,2005-11-23 09:15:00-05:00,1.18564,1.1797,1.17376,1.2094000000000003,1.182076,1.1797,1.182076,2005-11-23 07:15:00-05:00,1.1797,2005-11-23 09:15:00-05:00,2,1,1.18357,1.17169,0.011880000000000113,-1311.3000000000302,loss,dd_cut+flat_at_50,2,3,0,
2005-11-21,short,2005-11-23 09:15:00-05:00,2005-11-25 21:45:00-05:00,1.1797,1.17192,1.19158,1.1559399999999997,nan,nan,nan,,nan,,0,0,1.18357,1.17169,0.011880000000000113,776.4999999999898,win,reverse_fade+week_end,2,1,1,2005-11-23 06:00:00-05:00
2005-11-28,short,2005-12-02 14:45:00-05:00,2005-12-02 21:45:00-05:00,1.16638,1.17134,1.18847,1.1222,1.173007,1.177425,nan,,nan,,0,0,1.19005,1.16796,0.022089999999999943,-1492.5000000000227,loss,week_end,1,3,0,
2005-12-05,long,2005-12-08 15:15:00-05:00,2005-12-09 09:00:00-05:00,1.18315,1.1765349999999999,1.1699199999999998,1.20961,1.1791809999999998,1.1765349999999999,1.1791809999999998,2005-12-09 00:30:00-05:00,1.1765349999999999,2005-12-09 09:00:00-05:00,2,1,1.18188,1.16865,0.013230000000000075,-1459.800000000026,loss,dd_cut+flat_at_50,1,3,0,
2005-12-05,short,2005-12-09 09:00:00-05:00,2005-12-09 21:45:00-05:00,1.1765349999999999,1.18122,1.189765,1.1500749999999997,nan,nan,nan,,nan,,0,0,1.18188,1.16865,0.013230000000000075,-470.000000000005,loss,reverse_fade+week_end,1,1,1,2005-12-08 15:15:00-05:00
2005-12-05,long,2005-12-09 15:00:00-05:00,2005-12-09 21:45:00-05:00,1.1823,1.18122,1.1690699999999998,1.20876,1.1783309999999998,1.1756849999999999,nan,,nan,,0,0,1.18188,1.16865,0.013230000000000075,-328.49999999999096,loss,week_end,2,3,0,
2005-12-12,long,2005-12-14 01:30:00-05:00,2005-12-16 21:45:00-05:00,1.19845,1.20102,1.1790900000000002,1.2371699999999997,1.192642,1.18877,nan,,nan,,0,0,1.19813,1.17877,0.019359999999999822,766.4999999999884,win,week_end,1,3,0,
2005-12-19,short,2005-12-20 04:30:00-05:00,2005-12-20 06:15:00-05:00,1.19626,1.199345,1.20243,1.18392,1.1981110000000001,1.199345,1.1981110000000001,2005-12-20 04:45:00-05:00,1.199345,2005-12-20 06:15:00-05:00,2,1,1.20358,1.19741,0.006170000000000009,-683.2000000000098,loss,dd_cut+flat_at_50,1,3,0,
2005-12-19,long,2005-12-20 06:15:00-05:00,2005-12-20 13:45:00-05:00,1.199345,1.193175,1.193175,1.2116850000000001,nan,nan,nan,,nan,,0,0,1.20358,1.19741,0.006170000000000009,-618.5000000000009,loss,reverse_fade+stop,1,1,1,2005-12-20 04:30:00-05:00
2005-12-19,short,2005-12-20 09:00:00-05:00,2005-12-20 17:00:00-05:00,1.19662,1.18428,1.20279,1.18428,1.198471,1.199705,nan,,nan,,0,0,1.20358,1.19741,0.006170000000000009,3697.5000000000055,win,target,2,3,0,
2005-12-26,short,2005-12-27 21:45:00-05:00,2005-12-28 06:15:00-05:00,1.18224,1.185605,1.18897,1.1687799999999997,1.184259,1.185605,1.184259,2005-12-27 23:45:00-05:00,1.185605,2005-12-28 06:15:00-05:00,2,1,1.18934,1.18261,0.006730000000000125,-744.8000000000048,loss,dd_cut+flat_at_50,1,3,0,
2005-12-26,long,2005-12-28 06:15:00-05:00,2005-12-30 13:30:00-05:00,1.185605,1.178875,1.178875,1.1990650000000003,nan,nan,nan,,nan,,0,0,1.18934,1.18261,0.006730000000000125,-674.5000000000125,loss,reverse_fade+stop,1,1,1,2005-12-27 21:45:00-05:00
2005-12-26,long,2005-12-28 12:00:00-05:00,2005-12-28 16:45:00-05:00,1.19171,1.188345,1.18498,1.2051700000000003,1.189691,1.188345,1.189691,2005-12-28 16:45:00-05:00,1.188345,2005-12-28 16:45:00-05:00,2,1,1.18934,1.18261,0.006730000000000125,-744.8000000000048,loss,dd_cut+flat_at_50,2,3,0,
2005-12-26,short,2005-12-28 16:45:00-05:00,2005-12-30 21:45:00-05:00,1.188345,1.18439,1.195075,1.1748849999999997,nan,nan,nan,,nan,,0,0,1.18934,1.18261,0.006730000000000125,393.99999999999307,win,reverse_fade+week_end,2,1,1,2005-12-28 12:00:00-05:00
2006-01-02,long,2006-01-03 09:00:00-05:00,2006-01-03 15:00:00-05:00,1.18607,1.19347,1.18237,1.19347,1.18496,1.1842199999999998,nan,,nan,,0,0,1.18458,1.18088,0.0037000000000000366,2215.500000000022,win,target,1,3,0,
2006-01-02,long,2006-01-03 15:15:00-05:00,2006-01-04 00:15:00-05:00,1.1959,1.2033,1.1922,1.2033,1.19479,1.1940499999999998,1.19479,2006-01-03 15:30:00-05:00,nan,,2,0,1.18458,1.18088,0.0037000000000000366,513.5000000000184,win,dd_cut+target,2,3,0,
2006-01-09,short,2006-01-10 04:15:00-05:00,2006-01-10 10:00:00-05:00,1.20529,1.21022,1.21515,1.18557,1.208248,1.21022,1.208248,2006-01-10 08:30:00-05:00,1.21022,2006-01-10 10:00:00-05:00,2,1,1.21519,1.20533,0.00985999999999998,-1089.1000000000133,loss,dd_cut+flat_at_50,1,3,0,
2006-01-09,long,2006-01-10 10:00:00-05:00,2006-01-13 21:45:00-05:00,1.21022,1.21397,1.20036,1.22994,nan,nan,nan,,nan,,0,0,1.21519,1.20533,0.00985999999999998,373.499999999992,win,reverse_fade+week_end,1,1,1,2006-01-10 04:15:00-05:00
2006-01-09,short,2006-01-10 13:30:00-05:00,2006-01-11 12:30:00-05:00,1.20457,1.2094999999999998,1.21443,1.18485,1.207528,1.2094999999999998,1.207528,2006-01-10 15:00:00-05:00,1.2094999999999998,2006-01-11 12:30:00-05:00,2,1,1.21519,1.20533,0.00985999999999998,-1089.099999999991,loss,dd_cut+flat_at_50,2,3,0,
2006-01-09,long,2006-01-11 12:30:00-05:00,2006-01-13 21:45:00-05:00,1.2094999999999998,1.21397,1.1996399999999998,1.2292199999999998,nan,nan,nan,,nan,,0,0,1.21519,1.20533,0.00985999999999998,445.5000000000196,win,reverse_fade+week_end,2,1,1,2006-01-10 13:30:00-05:00
2006-01-16,short,2006-01-17 00:45:00-05:00,2006-01-17 04:30:00-05:00,1.20807,1.211315,1.21456,1.1950899999999998,1.2100170000000001,1.211315,1.2100170000000001,2006-01-17 02:00:00-05:00,1.211315,2006-01-17 04:30:00-05:00,2,1,1.21689,1.2104,0.006490000000000107,-718.4000000000228,loss,dd_cut+flat_at_50,1,3,0,
2006-01-16,long,2006-01-17 04:30:00-05:00,2006-01-20 08:30:00-05:00,1.211315,1.2048249999999998,1.2048249999999998,1.2242950000000001,nan,nan,nan,,nan,,0,0,1.21689,1.2104,0.006490000000000107,-650.5000000000107,loss,reverse_fade+stop,1,1,1,2006-01-17 00:45:00-05:00
2006-01-16,short,2006-01-17 15:00:00-05:00,2006-01-17 18:30:00-05:00,1.20551,1.208755,1.2120000000000002,1.1925299999999999,1.2074570000000002,1.208755,1.2074570000000002,2006-01-17 16:00:00-05:00,1.208755,2006-01-17 18:30:00-05:00,2,1,1.21689,1.2104,0.006490000000000107,-718.4000000000228,loss,dd_cut+flat_at_50,2,3,0,
2006-01-16,long,2006-01-17 18:30:00-05:00,2006-01-20 21:45:00-05:00,1.208755,1.21337,1.202265,1.2217350000000002,nan,nan,nan,,nan,,0,0,1.21689,1.2104,0.006490000000000107,460.0000000000036,win,reverse_fade+week_end,2,1,1,2006-01-17 15:00:00-05:00
2006-01-23,short,2006-01-27 16:00:00-05:00,2006-01-27 21:45:00-05:00,1.21153,1.209,1.2273800000000001,1.1798299999999997,1.216285,1.219455,nan,,nan,,0,0,1.23188,1.21603,0.015850000000000142,754.4999999999764,win,week_end,1,3,0,
2006-01-30,long,2006-01-31 12:00:00-05:00,2006-02-01 11:30:00-05:00,1.21158,1.2090800000000002,1.2065800000000002,1.2215799999999999,1.21008,1.2090800000000002,1.21008,2006-02-01 11:00:00-05:00,1.2090800000000002,2006-02-01 11:30:00-05:00,2,1,1.21132,1.20632,0.004999999999999893,-554.500000000006,loss,dd_cut+flat_at_50,1,3,0,
2006-01-30,short,2006-02-01 11:30:00-05:00,2006-02-03 14:00:00-05:00,1.2090800000000002,1.1990800000000004,1.21408,1.1990800000000004,nan,nan,nan,,nan,,0,0,1.21132,1.20632,0.004999999999999893,998.4999999999786,win,reverse_fade+target,1,1,1,2006-01-31 12:00:00-05:00
2006-01-30,short,2006-02-01 19:15:00-05:00,2006-02-02 15:00:00-05:00,1.20533,1.20783,1.21033,1.1953300000000002,1.20683,1.20783,1.20683,2006-02-02 00:00:00-05:00,1.20783,2006-02-02 15:00:00-05:00,2,1,1.21132,1.20632,0.004999999999999893,-554.500000000006,loss,dd_cut+flat_at_50,2,3,0,
2006-01-30,long,2006-02-02 15:00:00-05:00,2006-02-03 13:30:00-05:00,1.20783,1.20283,1.20283,1.2178299999999997,nan,nan,nan,,nan,,0,0,1.21132,1.20632,0.004999999999999893,-501.4999999999893,loss,reverse_fade+stop,2,1,1,2006-02-01 19:15:00-05:00
2006-02-06,short,2006-02-08 16:00:00-05:00,2006-02-09 00:45:00-05:00,1.19319,1.1982,1.20321,1.1731500000000001,1.196196,1.1982,1.196196,2006-02-08 21:30:00-05:00,1.1982,2006-02-09 00:45:00-05:00,2,1,1.2045,1.19448,0.010019999999999918,-1106.7000000000087,loss,dd_cut+flat_at_50,1,3,0,
2006-02-06,long,2006-02-09 00:45:00-05:00,2006-02-10 21:45:00-05:00,1.1982,1.19,1.18818,1.2182399999999998,nan,nan,nan,,nan,,0,0,1.2045,1.19448,0.010019999999999918,-821.4999999999985,loss,reverse_fade+week_end,1,1,1,2006-02-08 16:00:00-05:00
2006-02-06,short,2006-02-10 15:45:00-05:00,2006-02-10 21:45:00-05:00,1.19095,1.19,1.2009699999999999,1.1709100000000001,1.193956,1.19596,nan,,nan,,0,0,1.2045,1.19448,0.010019999999999918,280.50000000000193,win,week_end,2,3,0,
2006-02-13,short,2006-02-14 13:30:00-05:00,2006-02-14 14:30:00-05:00,1.1862,1.18818,1.1901599999999999,1.17828,1.1873879999999999,1.18818,1.1873879999999999,2006-02-14 13:45:00-05:00,1.18818,2006-02-14 14:30:00-05:00,2,1,1.19179,1.18783,0.0039599999999999635,-440.10000000000264,loss,dd_cut+flat_at_50,1,3,0,
2006-02-13,long,2006-02-14 14:30:00-05:00,2006-02-17 21:45:00-05:00,1.18818,1.19355,1.18422,1.1961,nan,nan,nan,,nan,,0,0,1.19179,1.18783,0.0039599999999999635,535.5000000000097,win,reverse_fade+week_end,1,1,1,2006-02-14 13:30:00-05:00
2006-02-13,short,2006-02-14 15:15:00-05:00,2006-02-14 16:15:00-05:00,1.18763,1.18961,1.19159,1.17971,1.188818,1.18961,1.188818,2006-02-14 16:15:00-05:00,1.18961,2006-02-14 16:15:00-05:00,2,1,1.19179,1.18783,0.0039599999999999635,-440.10000000000264,loss,dd_cut+flat_at_50,2,3,0,
2006-02-13,long,2006-02-14 16:15:00-05:00,2006-02-16 11:15:00-05:00,1.18961,1.18565,1.18565,1.19753,nan,nan,nan,,nan,,0,0,1.19179,1.18783,0.0039599999999999635,-397.49999999999636,loss,reverse_fade+stop,2,1,1,2006-02-14 15:15:00-05:00
2006-02-20,short,2006-02-21 01:15:00-05:00,2006-02-23 10:15:00-05:00,1.19219,1.194655,1.1971200000000002,1.1823299999999999,1.193669,1.194655,1.193669,2006-02-23 09:15:00-05:00,1.194655,2006-02-23 10:15:00-05:00,2,1,1.19726,1.19233,0.004930000000000101,-546.7999999999955,loss,dd_cut+flat_at_50,1,3,0,
2006-02-20,long,2006-02-23 10:15:00-05:00,2006-02-24 08:00:00-05:00,1.194655,1.189725,1.189725,1.2045150000000002,nan,nan,nan,,nan,,0,0,1.19726,1.19233,0.004930000000000101,-494.5000000000101,loss,reverse_fade+stop,1,1,1,2006-02-21 01:15:00-05:00
2006-02-20,short,2006-02-23 14:45:00-05:00,2006-02-24 21:45:00-05:00,1.19193,1.18752,1.19686,1.1820699999999997,1.193409,1.194395,nan,,nan,,0,0,1.19726,1.19233,0.004930000000000101,1318.5000000000075,win,week_end,2,3,0,
2006-02-27,long,2006-02-28 10:00:00-05:00,2006-03-02 15:00:00-05:00,1.18787,1.19803,1.18279,1.19803,1.186346,1.18533,nan,,nan,,0,0,1.18762,1.18254,0.005079999999999973,3043.499999999984,win,target,1,3,0,
2006-02-27,long,2006-03-02 15:15:00-05:00,2006-03-03 21:45:00-05:00,1.19885,1.20399,1.19377,1.20901,1.197326,1.19631,nan,,nan,,0,0,1.18762,1.18254,0.005079999999999973,1537.4999999999768,win,week_end,2,3,0,
2006-03-06,short,2006-03-07 00:45:00-05:00,2006-03-10 21:45:00-05:00,1.19855,1.19055,1.2087,1.1782499999999998,1.201595,1.2036250000000002,nan,,nan,,0,0,1.2091,1.19895,0.010150000000000103,2395.500000000002,win,week_end,1,3,0,
2006-03-13,long,2006-03-14 00:30:00-05:00,2006-03-14 11:00:00-05:00,1.19735,1.1946849999999998,1.1920199999999999,1.20801,1.195751,1.1946849999999998,1.195751,2006-03-14 01:15:00-05:00,1.1946849999999998,2006-03-14 11:00:00-05:00,2,1,1.19672,1.19139,0.005330000000000057,-590.7999999999952,loss,dd_cut+flat_at_50,1,3,0,
2006-03-13,short,2006-03-14 11:00:00-05:00,2006-03-14 15:00:00-05:00,1.1946849999999998,1.2000149999999998,1.2000149999999998,1.1840249999999997,nan,nan,nan,,nan,,0,0,1.19672,1.19139,0.005330000000000057,-534.5000000000057,loss,reverse_fade+stop,1,1,1,2006-03-14 00:30:00-05:00
2006-03-13,long,2006-03-14 14:45:00-05:00,2006-03-16 13:30:00-05:00,1.19838,1.2090400000000001,1.19305,1.2090400000000001,1.196781,1.1957149999999999,nan,,nan,,0,0,1.19672,1.19139,0.005330000000000057,3193.500000000034,win,target,2,3,0,
2006-03-20,short,2006-03-21 00:15:00-05:00,2006-03-21 13:30:00-05:00,1.21339,1.215785,1.2181799999999998,1.2038100000000003,1.2148269999999999,1.215785,1.2148269999999999,2006-03-21 01:30:00-05:00,1.215785,2006-03-21 13:30:00-05:00,2,1,1.21948,1.21469,0.00478999999999985,-531.3999999999746,loss,dd_cut+flat_at_50,1,3,0,
2006-03-20,long,2006-03-21 13:30:00-05:00,2006-03-21 14:30:00-05:00,1.215785,1.210995,1.210995,1.2253649999999996,nan,nan,nan,,nan,,0,0,1.21948,1.21469,0.00478999999999985,-480.499999999985,loss,reverse_fade+stop,1,1,1,2006-03-21 00:15:00-05:00
2006-03-20,short,2006-03-21 14:00:00-05:00,2006-03-23 15:00:00-05:00,1.21245,1.2028700000000003,1.2172399999999999,1.2028700000000003,1.213887,1.214845,nan,,nan,,0,0,1.21948,1.21469,0.00478999999999985,2869.49999999991,win,target,2,3,0,
2006-03-27,short,2006-03-28 03:45:00-05:00,2006-03-28 07:45:00-05:00,1.19986,1.20265,1.20544,1.1886999999999996,1.2015339999999999,1.20265,1.2015339999999999,2006-03-28 06:45:00-05:00,1.20265,2006-03-28 07:45:00-05:00,2,1,1.20561,1.20003,0.00558000000000014,-618.2999999999977,loss,dd_cut+flat_at_50,1,3,0,
2006-03-27,long,2006-03-28 07:45:00-05:00,2006-03-30 14:30:00-05:00,1.20265,1.2138100000000003,1.1970699999999999,1.2138100000000003,nan,nan,nan,,nan,,0,0,1.20561,1.20003,0.00558000000000014,1114.5000000000282,win,reverse_fade+target,1,1,1,2006-03-28 03:45:00-05:00
2006-03-27,long,2006-03-28 11:00:00-05:00,2006-03-28 19:15:00-05:00,1.20572,1.2029299999999998,1.2001399999999998,1.2168800000000002,1.204046,1.2029299999999998,1.204046,2006-03-28 19:15:00-05:00,1.2029299999999998,2006-03-28 19:15:00-05:00,2,1,1.20561,1.20003,0.00558000000000014,-618.2999999999977,loss,dd_cut+flat_at_50,2,3,0,
2006-03-27,short,2006-03-28 19:15:00-05:00,2006-03-30 11:15:00-05:00,1.2029299999999998,1.20851,1.20851,1.1917699999999996,nan,nan,nan,,nan,,0,0,1.20561,1.20003,0.00558000000000014,-559.5000000000141,loss,reverse_fade+stop,2,1,1,2006-03-28 11:00:00-05:00
2006-04-03,long,2006-04-04 04:30:00-04:00,2006-04-07 19:00:00-04:00,1.21522,1.209375,1.20353,1.2386,1.211713,1.209375,1.211713,2006-04-07 14:15:00-04:00,1.209375,2006-04-07 19:00:00-04:00,2,1,1.21499,1.2033,0.011689999999999978,-1290.3999999999733,loss,dd_cut+flat_at_50,1,3,0,
2006-04-03,short,2006-04-07 19:00:00-04:00,2006-04-07 20:45:00-04:00,1.209375,1.2091,1.221065,1.1859950000000001,nan,nan,nan,,nan,,0,0,1.21499,1.2033,0.011689999999999978,26.000000000002522,win,reverse_fade+week_end,1,1,1,2006-04-04 04:30:00-04:00
2006-04-10,long,2006-04-11 06:00:00-04:00,2006-04-11 10:15:00-04:00,1.21295,1.210315,1.20768,1.2234899999999997,1.211369,1.210315,1.211369,2006-04-11 10:00:00-04:00,1.210315,2006-04-11 10:15:00-04:00,2,1,1.21278,1.20751,0.005269999999999886,-584.2000000000053,loss,dd_cut+flat_at_50,1,3,0,
2006-04-10,short,2006-04-11 10:15:00-04:00,2006-04-11 23:45:00-04:00,1.210315,1.215585,1.215585,1.1997750000000003,nan,nan,nan,,nan,,0,0,1.21278,1.20751,0.005269999999999886,-528.4999999999886,loss,reverse_fade+stop,1,1,1,2006-04-11 06:00:00-04:00
2006-04-10,long,2006-04-11 13:45:00-04:00,2006-04-12 12:30:00-04:00,1.21314,1.2105050000000002,1.2078700000000002,1.2236799999999999,1.211559,1.2105050000000002,1.211559,2006-04-11 15:30:00-04:00,1.2105050000000002,2006-04-12 12:30:00-04:00,2,1,1.21278,1.20751,0.005269999999999886,-584.2000000000053,loss,dd_cut+flat_at_50,2,3,0,
2006-04-10,short,2006-04-12 12:30:00-04:00,2006-04-14 20:45:00-04:00,1.2105050000000002,1.21056,1.215775,1.1999650000000004,nan,nan,nan,,nan,,0,0,1.21278,1.20751,0.005269999999999886,-6.999999999991623,loss,reverse_fade+week_end,2,1,1,2006-04-11 13:45:00-04:00
2006-04-17,long,2006-04-18 12:45:00-04:00,2006-04-21 20:45:00-04:00,1.22931,1.234,1.21403,1.2598699999999998,1.224726,1.22167,nan,,nan,,0,0,1.22853,1.21325,0.01527999999999996,1402.500000000025,win,week_end,1,3,0,
2006-04-24,long,2006-04-25 12:00:00-04:00,2006-04-25 14:00:00-04:00,1.24212,1.2381199999999999,1.2341199999999999,1.25812,1.23972,1.2381199999999999,1.23972,2006-04-25 14:00:00-04:00,1.2381199999999999,2006-04-25 14:00:00-04:00,2,1,1.24126,1.23326,0.008000000000000007,-884.4999999999918,loss,dd_cut+flat_at_50,1,3,0,
2006-04-24,short,2006-04-25 14:00:00-04:00,2006-04-26 15:45:00-04:00,1.2381199999999999,1.24612,1.24612,1.2221199999999999,nan,nan,nan,,nan,,0,0,1.24126,1.23326,0.008000000000000007,-801.5000000000007,loss,reverse_fade+stop,1,1,1,2006-04-25 12:00:00-04:00
2006-04-24,long,2006-04-25 15:00:00-04:00,2006-04-28 14:30:00-04:00,1.24187,1.25787,1.23387,1.25787,1.23947,1.23787,1.23947,2006-04-25 15:30:00-04:00,nan,,2,0,1.24126,1.23326,0.008000000000000007,1115.5000000000098,win,dd_cut+target,2,3,0,
2006-05-01,long,2006-05-04 15:30:00-04:00,2006-05-05 20:45:00-04:00,1.26876,1.27237,1.2554800000000002,1.29532,1.2647760000000001,1.2621200000000001,nan,,nan,,0,0,1.26873,1.25545,0.013279999999999959,1078.4999999999673,win,week_end,1,3,0,
2006-05-08,short,2006-05-09 00:15:00-04:00,2006-05-09 13:45:00-04:00,1.26894,1.2735400000000001,1.27814,1.2505399999999998,1.2717,1.2735400000000001,1.2717,2006-05-09 13:00:00-04:00,1.2735400000000001,2006-05-09 13:45:00-04:00,2,1,1.27838,1.26918,0.009200000000000097,-1016.500000000035,loss,dd_cut+flat_at_50,1,3,0,
2006-05-08,long,2006-05-09 13:45:00-04:00,2006-05-12 09:30:00-04:00,1.2735400000000001,1.2919400000000003,1.26434,1.2919400000000003,nan,nan,nan,,nan,,0,0,1.27838,1.26918,0.009200000000000097,1838.5000000000193,win,reverse_fade+target,1,1,1,2006-05-09 00:15:00-04:00
2006-05-08,long,2006-05-10 07:00:00-04:00,2006-05-11 01:00:00-04:00,1.27875,1.2741500000000001,1.26955,1.2971500000000002,1.27599,1.2741500000000001,1.27599,2006-05-10 18:15:00-04:00,1.2741500000000001,2006-05-11 01:00:00-04:00,2,1,1.27838,1.26918,0.009200000000000097,-1016.5000000000128,loss,dd_cut+flat_at_50,2,3,0,
2006-05-08,short,2006-05-11 01:00:00-04:00,2006-05-11 14:45:00-04:00,1.2741500000000001,1.2833500000000002,1.2833500000000002,1.25575,nan,nan,nan,,nan,,0,0,1.27838,1.26918,0.009200000000000097,-921.5000000000097,loss,reverse_fade+stop,2,1,1,2006-05-10 07:00:00-04:00
2006-05-15,short,2006-05-17 15:00:00-04:00,2006-05-18 21:15:00-04:00,1.27743,1.2861500000000001,1.29487,1.2425500000000003,1.282662,1.2861500000000001,1.282662,2006-05-18 13:30:00-04:00,1.2861500000000001,2006-05-18 21:15:00-04:00,2,1,1.29497,1.27753,0.0174399999999999,-1922.899999999987,loss,dd_cut+flat_at_50,1,3,0,
2006-05-15,long,2006-05-18 21:15:00-04:00,2006-05-19 20:45:00-04:00,1.2861500000000001,1.27732,1.2687100000000002,1.32103,nan,nan,nan,,nan,,0,0,1.29497,1.27753,0.0174399999999999,-884.5000000000116,loss,reverse_fade+week_end,1,1,1,2006-05-17 15:00:00-04:00
2006-05-15,short,2006-05-19 07:30:00-04:00,2006-05-19 20:45:00-04:00,1.27662,1.27732,1.29406,1.2417400000000003,1.281852,1.2853400000000001,nan,,nan,,0,0,1.29497,1.27753,0.0174399999999999,-214.4999999999769,loss,week_end,2,3,0,
2006-05-29,long,2006-05-30 02:00:00-04:00,2006-05-30 06:00:00-04:00,1.27685,1.2837299999999998,1.2734100000000002,1.2837299999999998,1.2758180000000001,1.27513,nan,,nan,,0,0,1.27663,1.27319,0.0034399999999998876,2059.4999999999327,win,target,1,3,0,
2006-05-29,long,2006-05-30 06:15:00-04:00,2006-05-30 12:15:00-04:00,1.28337,1.28165,1.27993,1.2902499999999997,1.282338,1.28165,1.282338,2006-05-30 12:15:00-04:00,1.28165,2006-05-30 12:15:00-04:00,2,1,1.27663,1.27319,0.0034399999999998876,-382.8999999999787,loss,dd_cut+flat_at_50,2,3,0,
2006-05-29,short,2006-05-30 12:15:00-04:00,2006-05-30 13:15:00-04:00,1.28165,1.2850899999999998,1.2850899999999998,1.2747700000000002,nan,nan,nan,,nan,,0,0,1.27663,1.27319,0.0034399999999998876,-345.49999999998875,loss,reverse_fade+stop,2,1,1,2006-05-30 06:15:00-04:00
2006-06-05,short,2006-06-06 01:00:00-04:00,2006-06-06 07:00:00-04:00,1.28884,1.29309,1.2973400000000002,1.2718399999999996,1.29139,1.29309,1.29139,2006-06-06 06:15:00-04:00,1.29309,2006-06-06 07:00:00-04:00,2,1,1.29767,1.28917,0.008500000000000174,-939.5000000000191,loss,dd_cut+flat_at_50,1,3,0,
2006-06-05,long,2006-06-06 07:00:00-04:00,2006-06-06 12:00:00-04:00,1.29309,1.28459,1.28459,1.3100900000000004,nan,nan,nan,,nan,,0,0,1.29767,1.28917,0.008500000000000174,-851.5000000000174,loss,reverse_fade+stop,1,1,1,2006-06-06 01:00:00-04:00
2006-06-05,short,2006-06-06 09:30:00-04:00,2006-06-08 12:00:00-04:00,1.28881,1.2718099999999997,1.2973100000000002,1.2718099999999997,1.29136,1.29306,nan,,nan,,0,0,1.29767,1.28917,0.008500000000000174,5095.500000000105,win,target,2,3,0,
2006-06-12,short,2006-06-13 06:45:00-04:00,2006-06-13 13:45:00-04:00,1.25654,1.2606799999999998,1.2648199999999998,1.2399800000000003,1.259024,1.2606799999999998,1.259024,2006-06-13 09:45:00-04:00,1.2606799999999998,2006-06-13 13:45:00-04:00,2,1,1.2649,1.25662,0.008279999999999843,-915.2999999999672,loss,dd_cut+flat_at_50,1,3,0,
2006-06-12,long,2006-06-13 13:45:00-04:00,2006-06-13 21:00:00-04:00,1.2606799999999998,1.2524,1.2524,1.2772399999999995,nan,nan,nan,,nan,,0,0,1.2649,1.25662,0.008279999999999843,-829.4999999999843,loss,reverse_fade+stop,1,1,1,2006-06-13 06:45:00-04:00
2006-06-12,short,2006-06-13 14:45:00-04:00,2006-06-14 13:15:00-04:00,1.25605,1.2601900000000001,1.26433,1.2394900000000004,1.258534,1.2601900000000001,1.258534,2006-06-14 06:45:00-04:00,1.2601900000000001,2006-06-14 13:15:00-04:00,2,1,1.2649,1.25662,0.008279999999999843,-915.2999999999894,loss,dd_cut+flat_at_50,2,3,0,
2006-06-12,long,2006-06-14 13:15:00-04:00,2006-06-16 20:45:00-04:00,1.2601900000000001,1.26366,1.2519100000000003,1.2767499999999998,nan,nan,nan,,nan,,0,0,1.2649,1.25662,0.008279999999999843,345.4999999999862,win,reverse_fade+week_end,2,1,1,2006-06-13 14:45:00-04:00
2006-06-19,short,2006-06-20 12:00:00-04:00,2006-06-20 16:15:00-04:00,1.25435,1.2585899999999999,1.26283,1.2373900000000004,1.256894,1.2585899999999999,1.256894,2006-06-20 13:45:00-04:00,1.2585899999999999,2006-06-20 16:15:00-04:00,2,1,1.26351,1.25503,0.008479999999999821,-937.2999999999558,loss,dd_cut+flat_at_50,1,3,0,
2006-06-19,long,2006-06-20 16:15:00-04:00,2006-06-23 12:00:00-04:00,1.2585899999999999,1.25011,1.25011,1.2755499999999995,nan,nan,nan,,nan,,0,0,1.26351,1.25503,0.008479999999999821,-849.4999999999822,loss,reverse_fade+stop,1,1,1,2006-06-20 12:00:00-04:00
2006-06-19,long,2006-06-21 12:45:00-04:00,2006-06-22 10:45:00-04:00,1.26352,1.25928,1.2550400000000002,1.2804799999999996,1.260976,1.25928,1.260976,2006-06-22 10:15:00-04:00,1.25928,2006-06-22 10:45:00-04:00,2,1,1.26351,1.25503,0.008479999999999821,-937.2999999999781,loss,dd_cut+flat_at_50,2,3,0,
2006-06-19,short,2006-06-22 10:45:00-04:00,2006-06-23 20:45:00-04:00,1.25928,1.25004,1.2677599999999998,1.2423200000000003,nan,nan,nan,,nan,,0,0,1.26351,1.25503,0.008479999999999821,922.4999999999915,win,reverse_fade+week_end,2,1,1,2006-06-21 12:45:00-04:00
2006-06-26,long,2006-06-27 00:30:00-04:00,2006-06-28 07:00:00-04:00,1.26085,1.2556150000000001,1.25038,1.28179,1.257709,1.2556150000000001,1.257709,2006-06-27 08:15:00-04:00,1.2556150000000001,2006-06-28 07:00:00-04:00,2,1,1.26066,1.25019,0.01046999999999998,-1156.1999999999998,loss,dd_cut+flat_at_50,1,3,0,
2006-06-26,short,2006-06-28 07:00:00-04:00,2006-06-29 18:45:00-04:00,1.2556150000000001,1.2660850000000001,1.2660850000000001,1.2346750000000002,nan,nan,nan,,nan,,0,0,1.26066,1.25019,0.01046999999999998,-1048.499999999998,loss,reverse_fade+stop,1,1,1,2006-06-27 00:30:00-04:00
2006-06-26,long,2006-06-29 18:15:00-04:00,2006-06-30 20:45:00-04:00,1.26133,1.27895,1.25086,1.28227,1.258189,1.2560950000000002,nan,,nan,,0,0,1.26066,1.25019,0.01046999999999998,5281.499999999991,win,week_end,2,3,0,
2006-07-03,long,2006-07-05 05:30:00-04:00,2006-07-05 06:30:00-04:00,1.28204,1.279105,1.27617,1.2937800000000002,1.2802790000000002,1.279105,1.2802790000000002,2006-07-05 06:15:00-04:00,1.279105,2006-07-05 06:30:00-04:00,2,1,1.28196,1.27609,0.005870000000000042,-650.1999999999935,loss,dd_cut+flat_at_50,1,3,0,
2006-07-03,short,2006-07-05 06:30:00-04:00,2006-07-07 12:30:00-04:00,1.279105,1.284975,1.284975,1.2673649999999999,nan,nan,nan,,nan,,0,0,1.28196,1.27609,0.005870000000000042,-588.5000000000042,loss,reverse_fade+stop,1,1,1,2006-07-05 05:30:00-04:00
2006-07-03,short,2006-07-05 16:00:00-04:00,2006-07-06 12:30:00-04:00,1.27231,1.275245,1.27818,1.26057,1.2740710000000002,1.275245,1.2740710000000002,2006-07-06 06:30:00-04:00,1.275245,2006-07-06 12:30:00-04:00,2,1,1.28196,1.27609,0.005870000000000042,-650.2000000000157,loss,dd_cut+flat_at_50,2,3,0,
2006-07-03,long,2006-07-06 12:30:00-04:00,2006-07-07 20:45:00-04:00,1.275245,1.28067,1.269375,1.286985,nan,nan,nan,,nan,,0,0,1.28196,1.27609,0.005870000000000042,541.0000000000014,win,reverse_fade+week_end,2,1,1,2006-07-05 16:00:00-04:00
2006-07-10,short,2006-07-11 06:45:00-04:00,2006-07-11 09:00:00-04:00,1.27044,1.2748750000000002,1.2793100000000002,1.2526999999999997,1.273101,1.2748750000000002,1.273101,2006-07-11 07:30:00-04:00,1.2748750000000002,2006-07-11 09:00:00-04:00,2,1,1.28092,1.27205,0.008870000000000156,-980.2000000000238,loss,dd_cut+flat_at_50,1,3,0,
2006-07-10,long,2006-07-11 09:00:00-04:00,2006-07-14 06:15:00-04:00,1.2748750000000002,1.266005,1.266005,1.2926150000000005,nan,nan,nan,,nan,,0,0,1.28092,1.27205,0.008870000000000156,-888.5000000000156,loss,reverse_fade+stop,1,1,1,2006-07-11 06:45:00-04:00
2006-07-10,short,2006-07-11 13:00:00-04:00,2006-07-11 17:15:00-04:00,1.27141,1.275845,1.28028,1.2536699999999996,1.274071,1.275845,1.274071,2006-07-11 13:15:00-04:00,1.275845,2006-07-11 17:15:00-04:00,2,1,1.28092,1.27205,0.008870000000000156,-980.2000000000016,loss,dd_cut+flat_at_50,2,3,0,
2006-07-10,long,2006-07-11 17:15:00-04:00,2006-07-13 15:15:00-04:00,1.275845,1.2669749999999997,1.2669749999999997,1.2935850000000002,nan,nan,nan,,nan,,0,0,1.28092,1.27205,0.008870000000000156,-888.5000000000156,loss,reverse_fade+stop,2,1,1,2006-07-11 13:00:00-04:00
2006-07-17,short,2006-07-18 09:15:00-04:00,2006-07-19 14:30:00-04:00,1.25071,1.25735,1.26399,1.22415,1.254694,1.25735,1.254694,2006-07-18 10:30:00-04:00,1.25735,2006-07-19 14:30:00-04:00,2,1,1.26404,1.25076,0.013279999999999959,-1465.2999999999954,loss,dd_cut+flat_at_50,1,3,0,
2006-07-17,long,2006-07-19 14:30:00-04:00,2006-07-21 20:45:00-04:00,1.25735,1.26886,1.24407,1.2839099999999999,nan,nan,nan,,nan,,0,0,1.26404,1.25076,0.013279999999999959,1149.5000000000132,win,reverse_fade+week_end,1,1,1,2006-07-18 09:15:00-04:00
2006-07-17,long,2006-07-20 12:00:00-04:00,2006-07-21 20:45:00-04:00,1.26406,1.26886,1.25078,1.2906199999999999,1.260076,1.25742,nan,,nan,,0,0,1.26404,1.25076,0.013279999999999959,1435.5000000000414,win,week_end,2,3,0,
2006-07-24,short,2006-07-25 15:00:00-04:00,2006-07-26 16:15:00-04:00,1.25992,1.2641399999999998,1.26836,1.24304,1.262452,1.2641399999999998,1.262452,2006-07-26 15:45:00-04:00,1.2641399999999998,2006-07-26 16:15:00-04:00,2,1,1.26929,1.26085,0.008440000000000003,-932.8999999999849,loss,dd_cut+flat_at_50,1,3,0,
2006-07-24,long,2006-07-26 16:15:00-04:00,2006-07-28 20:45:00-04:00,1.2641399999999998,1.27571,1.2556999999999998,1.2810199999999998,nan,nan,nan,,nan,,0,0,1.26929,1.26085,0.008440000000000003,1155.500000000008,win,reverse_fade+week_end,1,1,1,2006-07-25 15:00:00-04:00
2006-07-24,long,2006-07-26 18:45:00-04:00,2006-07-28 20:45:00-04:00,1.2696,1.27571,1.26116,1.28648,1.267068,1.26538,1.267068,2006-07-28 10:45:00-04:00,nan,,2,0,1.26929,1.26085,0.008440000000000003,100.09999999998797,win,dd_cut+week_end,2,3,0,
2006-07-31,short,2006-08-01 06:00:00-04:00,2006-08-01 10:00:00-04:00,1.27287,1.2749799999999998,1.2770899999999998,1.2644300000000002,1.274136,1.2749799999999998,1.274136,2006-08-01 08:30:00-04:00,1.2749799999999998,2006-08-01 10:00:00-04:00,2,1,1.27813,1.27391,0.0042199999999998905,-468.6999999999813,loss,dd_cut+flat_at_50,1,3,0,
2006-07-31,long,2006-08-01 10:00:00-04:00,2006-08-04 12:30:00-04:00,1.2749799999999998,1.2834199999999996,1.27076,1.2834199999999996,nan,nan,nan,,nan,,0,0,1.27813,1.27391,0.0042199999999998905,842.4999999999781,win,reverse_fade+target,1,1,1,2006-08-01 06:00:00-04:00
2006-07-31,long,2006-08-01 16:00:00-04:00,2006-08-02 15:00:00-04:00,1.28056,1.2784499999999999,1.27634,1.2889999999999997,1.279294,1.2784499999999999,1.279294,2006-08-02 09:15:00-04:00,1.2784499999999999,2006-08-02 15:00:00-04:00,2,1,1.27813,1.27391,0.0042199999999998905,-468.7000000000035,loss,dd_cut+flat_at_50,2,3,0,
2006-07-31,short,2006-08-02 15:00:00-04:00,2006-08-03 12:30:00-04:00,1.2784499999999999,1.2826699999999998,1.2826699999999998,1.27001,nan,nan,nan,,nan,,0,0,1.27813,1.27391,0.0042199999999998905,-423.49999999998903,loss,reverse_fade+stop,2,1,1,2006-08-01 16:00:00-04:00
2006-08-07,short,2006-08-08 22:45:00-04:00,2006-08-09 05:45:00-04:00,1.27668,1.28077,1.2848600000000001,1.2603199999999999,1.279134,1.28077,1.279134,2006-08-08 23:30:00-04:00,1.28077,2006-08-09 05:45:00-04:00,2,1,1.28861,1.28043,0.008180000000000076,-904.299999999984,loss,dd_cut+flat_at_50,1,3,0,
2006-08-07,long,2006-08-09 05:45:00-04:00,2006-08-11 12:30:00-04:00,1.28077,1.2725899999999999,1.2725899999999999,1.2971300000000001,nan,nan,nan,,nan,,0,0,1.28861,1.28043,0.008180000000000076,-819.5000000000076,loss,reverse_fade+stop,1,1,1,2006-08-08 22:45:00-04:00
2006-08-07,long,2006-08-09 10:30:00-04:00,2006-08-09 20:00:00-04:00,1.28939,1.2852999999999999,1.28121,1.3057500000000002,1.286936,1.2852999999999999,1.286936,2006-08-09 13:30:00-04:00,1.2852999999999999,2006-08-09 20:00:00-04:00,2,1,1.28861,1.28043,0.008180000000000076,-904.3000000000061,loss,dd_cut+flat_at_50,2,3,0,
2006-08-07,short,2006-08-09 20:00:00-04:00,2006-08-11 20:45:00-04:00,1.2852999999999999,1.27195,1.29348,1.2689399999999997,nan,nan,nan,,nan,,0,0,1.28861,1.28043,0.008180000000000076,1333.4999999999973,win,reverse_fade+week_end,2,1,1,2006-08-09 10:30:00-04:00
2006-08-14,long,2006-08-15 12:45:00-04:00,2006-08-17 11:45:00-04:00,1.27725,1.2884099999999998,1.27167,1.2884099999999998,1.275576,1.27446,nan,,nan,,0,0,1.27602,1.27044,0.005579999999999918,3343.499999999951,win,target,1,3,0,
2006-08-14,long,2006-08-17 12:00:00-04:00,2006-08-17 16:15:00-04:00,1.28775,1.2849599999999999,1.28217,1.2989099999999998,1.286076,1.2849599999999999,1.286076,2006-08-17 12:30:00-04:00,1.2849599999999999,2006-08-17 16:15:00-04:00,2,1,1.27602,1.27044,0.005579999999999918,-618.2999999999977,loss,dd_cut+flat_at_50,2,3,0,
2006-08-14,short,2006-08-17 16:15:00-04:00,2006-08-18 20:45:00-04:00,1.2849599999999999,1.28234,1.2905399999999998,1.2738,nan,nan,nan,,nan,,0,0,1.27602,1.27044,0.005579999999999918,260.4999999999845,win,reverse_fade+week_end,2,1,1,2006-08-17 12:00:00-04:00
2006-08-21,short,2006-08-22 10:00:00-04:00,2006-08-25 20:45:00-04:00,1.28312,1.27486,1.2937299999999998,1.2619000000000005,1.286303,1.288425,nan,,nan,,0,0,1.29374,1.28313,0.010609999999999786,2473.49999999998,win,week_end,1,3,0,
2006-08-28,long,2006-08-29 04:00:00-04:00,2006-08-29 14:00:00-04:00,1.28194,1.278815,1.27569,1.2944400000000003,1.280065,1.278815,1.280065,2006-08-29 12:15:00-04:00,1.278815,2006-08-29 14:00:00-04:00,2,1,1.28183,1.27558,0.006250000000000089,-692.0000000000186,loss,dd_cut+flat_at_50,1,3,0,
2006-08-28,short,2006-08-29 14:00:00-04:00,2006-08-31 07:15:00-04:00,1.278815,1.2850650000000001,1.2850650000000001,1.2663149999999999,nan,nan,nan,,nan,,0,0,1.28183,1.27558,0.006250000000000089,-626.5000000000089,loss,reverse_fade+stop,1,1,1,2006-08-29 04:00:00-04:00
2006-08-28,short,2006-08-29 14:45:00-04:00,2006-08-29 18:00:00-04:00,1.27544,1.278565,1.28169,1.2629399999999997,1.277315,1.278565,1.277315,2006-08-29 17:30:00-04:00,1.278565,2006-08-29 18:00:00-04:00,2,1,1.28183,1.27558,0.006250000000000089,-692.0000000000186,loss,dd_cut+flat_at_50,2,3,0,
2006-08-28,long,2006-08-29 18:00:00-04:00,2006-09-01 20:45:00-04:00,1.278565,1.2833,1.2723149999999999,1.2910650000000001,nan,nan,nan,,nan,,0,0,1.28183,1.27558,0.006250000000000089,472.0000000000156,win,reverse_fade+week_end,2,1,1,2006-08-29 14:45:00-04:00
2006-09-04,short,2006-09-05 12:00:00-04:00,2006-09-05 22:30:00-04:00,1.28069,1.28247,1.2842500000000001,1.27357,1.2817580000000002,1.28247,1.2817580000000002,2006-09-05 12:30:00-04:00,1.28247,2006-09-05 22:30:00-04:00,2,1,1.28737,1.28381,0.0035600000000000076,-396.1000000000031,loss,dd_cut+flat_at_50,1,3,0,
2006-09-04,long,2006-09-05 22:30:00-04:00,2006-09-06 12:00:00-04:00,1.28247,1.27891,1.27891,1.28959,nan,nan,nan,,nan,,0,0,1.28737,1.28381,0.0035600000000000076,-357.50000000000074,loss,reverse_fade+stop,1,1,1,2006-09-05 12:00:00-04:00
2006-09-04,short,2006-09-06 05:00:00-04:00,2006-09-06 07:45:00-04:00,1.28117,1.28295,1.28473,1.27405,1.282238,1.28295,1.282238,2006-09-06 07:00:00-04:00,1.28295,2006-09-06 07:45:00-04:00,2,1,1.28737,1.28381,0.0035600000000000076,-396.10000000002526,loss,dd_cut+flat_at_50,2,3,0,
2006-09-04,long,2006-09-06 07:45:00-04:00,2006-09-06 11:15:00-04:00,1.28295,1.27939,1.27939,1.29007,nan,nan,nan,,nan,,0,0,1.28737,1.28381,0.0035600000000000076,-357.50000000000074,loss,reverse_fade+stop,2,1,1,2006-09-06 05:00:00-04:00
2006-09-11,long,2006-09-14 14:45:00-04:00,2006-09-15 08:00:00-04:00,1.27489,1.270365,1.26584,1.29299,1.272175,1.270365,1.272175,2006-09-14 18:45:00-04:00,1.270365,2006-09-15 08:00:00-04:00,2,1,1.27376,1.26471,0.009050000000000002,-1000.0000000000158,loss,dd_cut+flat_at_50,1,3,0,
2006-09-11,short,2006-09-15 08:00:00-04:00,2006-09-15 20:45:00-04:00,1.270365,1.26612,1.279415,1.252265,nan,nan,nan,,nan,,0,0,1.27376,1.26471,0.009050000000000002,423.00000000000546,win,reverse_fade+week_end,1,1,1,2006-09-14 14:45:00-04:00
2006-09-11,short,2006-09-15 13:30:00-04:00,2006-09-15 20:45:00-04:00,1.26336,1.26612,1.27241,1.24526,1.266075,1.2678850000000002,1.266075,2006-09-15 19:15:00-04:00,nan,,2,0,1.27376,1.26471,0.009050000000000002,-823.4999999999919,loss,dd_cut+week_end,2,3,0,
2006-09-18,long,2006-09-19 00:15:00-04:00,2006-09-19 08:00:00-04:00,1.27106,1.267315,1.26357,1.28604,1.2688130000000002,1.267315,1.2688130000000002,2006-09-19 07:30:00-04:00,1.267315,2006-09-19 08:00:00-04:00,2,1,1.27095,1.26346,0.007489999999999997,-828.3999999999885,loss,dd_cut+flat_at_50,1,3,0,
2006-09-18,short,2006-09-19 08:00:00-04:00,2006-09-21 16:00:00-04:00,1.267315,1.274805,1.274805,1.252335,nan,nan,nan,,nan,,0,0,1.27095,1.26346,0.007489999999999997,-750.4999999999997,loss,reverse_fade+stop,1,1,1,2006-09-19 00:15:00-04:00
2006-09-18,long,2006-09-21 10:00:00-04:00,2006-09-22 20:45:00-04:00,1.27243,1.27815,1.26494,1.28741,1.2701829999999998,1.268685,nan,,nan,,0,0,1.27095,1.26346,0.007489999999999997,1711.4999999999843,win,week_end,2,3,0,
2006-09-25,short,2006-09-26 09:00:00-04:00,2006-09-29 20:45:00-04:00,1.27142,1.26705,1.28022,1.2538200000000002,1.27406,1.27582,nan,,nan,,0,0,1.28183,1.27303,0.008799999999999919,1306.4999999999955,win,week_end,1,3,0,
2006-10-02,long,2006-10-03 06:30:00-04:00,2006-10-04 01:45:00-04:00,1.27606,1.27125,1.26644,1.2953,1.273174,1.27125,1.273174,2006-10-03 11:30:00-04:00,1.27125,2006-10-04 01:45:00-04:00,2,1,1.27566,1.26604,0.009619999999999962,-1062.6999999999869,loss,dd_cut+flat_at_50,1,3,0,
2006-10-02,short,2006-10-04 01:45:00-04:00,2006-10-06 20:45:00-04:00,1.27125,1.25959,1.28087,1.25201,nan,nan,nan,,nan,,0,0,1.27566,1.26604,0.009619999999999962,1164.5000000000005,win,reverse_fade+week_end,1,1,1,2006-10-03 06:30:00-04:00
2006-10-02,short,2006-10-06 12:30:00-04:00,2006-10-06 20:45:00-04:00,1.26399,1.25959,1.27361,1.24475,1.266876,1.2688,nan,,nan,,0,0,1.27566,1.26604,0.009619999999999962,1315.499999999988,win,week_end,2,3,0,
2006-10-09,short,2006-10-10 08:15:00-04:00,2006-10-10 08:30:00-04:00,1.25713,1.2586650000000001,1.2602,1.2509900000000003,1.258051,1.2586650000000001,1.258051,2006-10-10 08:30:00-04:00,1.2586650000000001,2006-10-10 08:30:00-04:00,2,1,1.26124,1.25817,0.003069999999999906,-342.19999999999635,loss,dd_cut+flat_at_50,1,3,0,
2006-10-09,long,2006-10-10 08:30:00-04:00,2006-10-10 09:00:00-04:00,1.2586650000000001,1.2555950000000002,1.2555950000000002,1.264805,nan,nan,nan,,nan,,0,0,1.26124,1.25817,0.003069999999999906,-308.4999999999906,loss,reverse_fade+stop,1,1,1,2006-10-10 08:15:00-04:00
2006-10-09,short,2006-10-10 08:45:00-04:00,2006-10-11 18:30:00-04:00,1.25655,1.2504100000000002,1.25962,1.2504100000000002,1.257471,1.258085,nan,,nan,,0,0,1.26124,1.25817,0.003069999999999906,1837.4999999999436,win,target,2,3,0,
2006-10-16,long,2006-10-17 00:30:00-04:00,2006-10-17 12:30:00-04:00,1.2542,1.251455,1.24871,1.26518,1.252553,1.251455,1.252553,2006-10-17 06:00:00-04:00,1.251455,2006-10-17 12:30:00-04:00,2,1,1.25412,1.24863,0.005489999999999995,-608.3999999999905,loss,dd_cut+flat_at_50,1,3,0,
2006-10-16,short,2006-10-17 12:30:00-04:00,2006-10-19 09:00:00-04:00,1.251455,1.256945,1.256945,1.240475,nan,nan,nan,,nan,,0,0,1.25412,1.24863,0.005489999999999995,-550.4999999999995,loss,reverse_fade+stop,1,1,1,2006-10-17 00:30:00-04:00
2006-10-16,long,2006-10-18 11:15:00-04:00,2006-10-18 13:00:00-04:00,1.25414,1.251395,1.24865,1.26512,1.252493,1.251395,1.252493,2006-10-18 12:45:00-04:00,1.251395,2006-10-18 13:00:00-04:00,2,1,1.25412,1.24863,0.005489999999999995,-608.3999999999905,loss,dd_cut+flat_at_50,2,3,0,
2006-10-16,short,2006-10-18 13:00:00-04:00,2006-10-19 09:00:00-04:00,1.251395,1.256885,1.256885,1.240415,nan,nan,nan,,nan,,0,0,1.25412,1.24863,0.005489999999999995,-550.4999999999995,loss,reverse_fade+stop,2,1,1,2006-10-18 11:15:00-04:00
2006-10-23,short,2006-10-24 05:45:00-04:00,2006-10-24 17:30:00-04:00,1.25312,1.2574,1.26168,1.2360000000000002,1.255688,1.2574,1.255688,2006-10-24 15:00:00-04:00,1.2574,2006-10-24 17:30:00-04:00,2,1,1.26209,1.25353,0.008559999999999901,-946.0999999999868,loss,dd_cut+flat_at_50,1,3,0,
2006-10-23,long,2006-10-24 17:30:00-04:00,2006-10-27 13:00:00-04:00,1.2574,1.2745199999999999,1.2488400000000002,1.2745199999999999,nan,nan,nan,,nan,,0,0,1.26209,1.25353,0.008559999999999901,1710.4999999999802,win,reverse_fade+target,1,1,1,2006-10-24 05:45:00-04:00
2006-10-23,long,2006-10-26 05:00:00-04:00,2006-10-27 20:45:00-04:00,1.26288,1.27383,1.25432,1.2799999999999998,1.260312,1.2586,nan,,nan,,0,0,1.26209,1.25353,0.008559999999999901,3280.5000000000045,win,week_end,2,3,0,
2006-10-30,short,2006-10-31 10:00:00-05:00,2006-10-31 13:15:00-05:00,1.26915,1.270875,1.2726,1.26225,1.270185,1.270875,1.270185,2006-10-31 13:15:00-05:00,1.270875,2006-10-31 13:15:00-05:00,2,1,1.27341,1.26996,0.003449999999999953,-383.9999999999771,loss,dd_cut+flat_at_50,1,3,0,
2006-10-30,long,2006-10-31 13:15:00-05:00,2006-10-31 15:30:00-05:00,1.270875,1.2777749999999999,1.267425,1.2777749999999999,nan,nan,nan,,nan,,0,0,1.27341,1.26996,0.003449999999999953,688.4999999999907,win,reverse_fade+target,1,1,1,2006-10-31 10:00:00-05:00
2006-10-30,long,2006-10-31 15:00:00-05:00,2006-11-02 01:15:00-05:00,1.27551,1.273785,1.27206,1.2824099999999998,1.274475,1.273785,1.274475,2006-11-01 07:45:00-05:00,1.273785,2006-11-02 01:15:00-05:00,2,1,1.27341,1.26996,0.003449999999999953,-383.9999999999771,loss,dd_cut+flat_at_50,2,3,0,
2006-10-30,short,2006-11-02 01:15:00-05:00,2006-11-02 11:45:00-05:00,1.273785,1.277235,1.277235,1.266885,nan,nan,nan,,nan,,0,0,1.27341,1.26996,0.003449999999999953,-346.49999999999534,loss,reverse_fade+stop,2,1,1,2006-10-31 15:00:00-05:00
2006-11-06,long,2006-11-07 01:15:00-05:00,2006-11-09 16:15:00-05:00,1.27351,1.2822300000000002,1.2691499999999998,1.2822300000000002,1.2722019999999998,1.2713299999999998,nan,,nan,,0,0,1.27326,1.2689,0.0043600000000001415,2611.500000000085,win,target,1,3,0,
2006-11-06,long,2006-11-09 16:30:00-05:00,2006-11-10 21:45:00-05:00,1.28341,1.28366,1.2790499999999998,1.2921300000000002,1.2821019999999999,1.2812299999999999,1.2821019999999999,2006-11-09 19:45:00-05:00,nan,,2,0,1.27326,1.2689,0.0043600000000001415,-241.100000000009,loss,dd_cut+week_end,2,3,0,
2006-11-13,short,2006-11-15 10:45:00-05:00,2006-11-15 19:00:00-05:00,1.27827,1.282435,1.2866,1.2616100000000001,1.280769,1.282435,1.280769,2006-11-15 15:00:00-05:00,1.282435,2006-11-15 19:00:00-05:00,2,1,1.28768,1.27935,0.008329999999999949,-920.8000000000033,loss,dd_cut+flat_at_50,1,3,0,
2006-11-13,long,2006-11-15 19:00:00-05:00,2006-11-17 21:45:00-05:00,1.282435,1.28251,1.274105,1.2990949999999999,nan,nan,nan,,nan,,0,0,1.28768,1.27935,0.008329999999999949,6.000000000004725,win,reverse_fade+week_end,1,1,1,2006-11-15 10:45:00-05:00
2006-11-13,short,2006-11-16 17:00:00-05:00,2006-11-17 15:00:00-05:00,1.27847,1.282635,1.2868,1.26181,1.280969,1.282635,1.280969,2006-11-17 15:00:00-05:00,1.282635,2006-11-17 15:00:00-05:00,2,1,1.28768,1.27935,0.008329999999999949,-920.8000000000033,loss,dd_cut+flat_at_50,2,3,0,
2006-11-13,long,2006-11-17 15:00:00-05:00,2006-11-17 21:45:00-05:00,1.282635,1.28251,1.274305,1.2992949999999999,nan,nan,nan,,nan,,0,0,1.28768,1.27935,0.008329999999999949,-13.999999999993072,loss,reverse_fade+week_end,2,1,1,2006-11-16 17:00:00-05:00
2006-11-20,short,2006-11-21 14:00:00-05:00,2006-11-21 15:30:00-05:00,1.28009,1.282535,1.28498,1.2703099999999998,1.281557,1.282535,1.281557,2006-11-21 15:00:00-05:00,1.282535,2006-11-21 15:30:00-05:00,2,1,1.28499,1.2801,0.004890000000000061,-542.4000000000244,loss,dd_cut+flat_at_50,1,3,0,
2006-11-20,long,2006-11-21 15:30:00-05:00,2006-11-22 13:30:00-05:00,1.282535,1.292315,1.277645,1.292315,nan,nan,nan,,nan,,0,0,1.28499,1.2801,0.004890000000000061,976.5000000000122,win,reverse_fade+target,1,1,1,2006-11-21 14:00:00-05:00
2006-11-20,long,2006-11-22 01:30:00-05:00,2006-11-22 15:15:00-05:00,1.28505,1.2948300000000001,1.28016,1.2948300000000001,1.283583,1.282605,nan,,nan,,0,0,1.28499,1.2801,0.004890000000000061,2929.5000000000364,win,target,2,3,0,
2006-11-27,long,2006-11-28 08:00:00-05:00,2006-12-01 15:00:00-05:00,1.31568,1.32986,1.30859,1.32986,1.313553,1.312135,1.313553,2006-11-28 08:45:00-05:00,nan,,2,0,1.31565,1.30856,0.007090000000000041,988.1000000000101,win,dd_cut+target,1,3,0,
2006-11-27,long,2006-12-01 15:15:00-05:00,2006-12-01 21:45:00-05:00,1.333,1.33339,1.32591,1.34718,1.330873,1.3294549999999998,1.330873,2006-12-01 16:30:00-05:00,nan,,2,0,1.31565,1.30856,0.007090000000000041,-390.89999999998673,loss,dd_cut+week_end,2,3,0,
2006-12-04,short,2006-12-06 09:30:00-05:00,2006-12-06 15:00:00-05:00,1.3266,1.33023,1.33386,1.31208,1.328778,1.33023,1.328778,2006-12-06 11:45:00-05:00,1.33023,2006-12-06 15:00:00-05:00,2,1,1.33541,1.32815,0.007260000000000044,-803.1000000000049,loss,dd_cut+flat_at_50,1,3,0,
2006-12-04,long,2006-12-06 15:00:00-05:00,2006-12-08 16:45:00-05:00,1.33023,1.32297,1.32297,1.3447500000000001,nan,nan,nan,,nan,,0,0,1.33541,1.32815,0.007260000000000044,-727.5000000000044,loss,reverse_fade+stop,1,1,1,2006-12-06 09:30:00-05:00
2006-12-04,short,2006-12-06 20:00:00-05:00,2006-12-07 07:15:00-05:00,1.32804,1.3316700000000001,1.3353000000000002,1.31352,1.3302180000000001,1.3316700000000001,1.3302180000000001,2006-12-07 04:45:00-05:00,1.3316700000000001,2006-12-07 07:15:00-05:00,2,1,1.33541,1.32815,0.007260000000000044,-803.1000000000049,loss,dd_cut+flat_at_50,2,3,0,
2006-12-04,long,2006-12-07 07:15:00-05:00,2006-12-08 13:30:00-05:00,1.3316700000000001,1.32441,1.32441,1.3461900000000002,nan,nan,nan,,nan,,0,0,1.33541,1.32815,0.007260000000000044,-727.5000000000044,loss,reverse_fade+stop,2,1,1,2006-12-06 20:00:00-05:00
2006-12-11,long,2006-12-12 03:30:00-05:00,2006-12-13 18:00:00-05:00,1.32623,1.319595,1.31296,1.3527700000000003,1.322249,1.319595,1.322249,2006-12-12 13:30:00-05:00,1.319595,2006-12-13 18:00:00-05:00,2,1,1.32614,1.31287,0.013270000000000115,-1464.199999999997,loss,dd_cut+flat_at_50,1,3,0,
2006-12-11,short,2006-12-13 18:00:00-05:00,2006-12-15 21:45:00-05:00,1.319595,1.30785,1.3328650000000002,1.2930549999999998,nan,nan,nan,,nan,,0,0,1.32614,1.31287,0.013270000000000115,1173.0000000000116,win,reverse_fade+week_end,1,1,1,2006-12-12 03:30:00-05:00
2006-12-11,short,2006-12-15 09:15:00-05:00,2006-12-15 13:30:00-05:00,1.31116,1.3177950000000003,1.3244300000000002,1.2846199999999999,1.3151410000000001,1.3177950000000003,1.3151410000000001,2006-12-15 13:30:00-05:00,1.3177950000000003,2006-12-15 13:30:00-05:00,2,1,1.32614,1.31287,0.013270000000000115,-1464.2000000000194,loss,dd_cut+flat_at_50,2,3,0,
2006-12-11,long,2006-12-15 13:30:00-05:00,2006-12-15 21:45:00-05:00,1.3177950000000003,1.30785,1.3045250000000002,1.3443350000000005,nan,nan,nan,,nan,,0,0,1.32614,1.31287,0.013270000000000115,-996.0000000000315,loss,reverse_fade+week_end,2,1,1,2006-12-15 09:15:00-05:00
2006-12-18,long,2006-12-19 07:45:00-05:00,2006-12-22 21:45:00-05:00,1.31192,1.31247,1.30549,1.3247799999999998,1.309991,1.308705,nan,,nan,,0,0,1.31165,1.30522,0.006429999999999936,160.50000000001512,win,week_end,1,3,0,
2006-12-25,short,2006-12-26 17:45:00-05:00,2006-12-27 02:30:00-05:00,1.30926,1.3126300000000002,1.3160000000000003,1.2957799999999997,1.311282,1.3126300000000002,1.311282,2006-12-27 00:45:00-05:00,1.3126300000000002,2006-12-27 02:30:00-05:00,2,1,1.31648,1.30974,0.00674000000000019,-745.9000000000032,loss,dd_cut+flat_at_50,1,3,0,
2006-12-25,long,2006-12-27 02:30:00-05:00,2006-12-29 21:45:00-05:00,1.3126300000000002,1.3192,1.30589,1.3261100000000006,nan,nan,nan,,nan,,0,0,1.31648,1.30974,0.00674000000000019,655.4999999999743,win,reverse_fade+week_end,1,1,1,2006-12-26 17:45:00-05:00
2006-12-25,long,2006-12-27 12:45:00-05:00,2006-12-27 14:00:00-05:00,1.31726,1.31389,1.31052,1.3307400000000005,1.3152380000000001,1.31389,1.3152380000000001,2006-12-27 13:15:00-05:00,1.31389,2006-12-27 14:00:00-05:00,2,1,1.31648,1.30974,0.00674000000000019,-745.9000000000032,loss,dd_cut+flat_at_50,2,3,0,
2006-12-25,short,2006-12-27 14:00:00-05:00,2006-12-29 21:45:00-05:00,1.31389,1.3192,1.3206300000000002,1.3004099999999996,nan,nan,nan,,nan,,0,0,1.31648,1.30974,0.00674000000000019,-532.4999999999926,loss,reverse_fade+week_end,2,1,1,2006-12-27 12:45:00-05:00
2007-01-01,long,2007-01-02 00:15:00-05:00,2007-01-03 15:00:00-05:00,1.32251,1.31988,1.31725,1.3330300000000002,1.320932,1.31988,1.320932,2007-01-03 15:00:00-05:00,1.31988,2007-01-03 15:00:00-05:00,2,1,1.32176,1.3165,0.005260000000000042,-583.1000000000291,loss,dd_cut+flat_at_50,1,3,0,
2007-01-01,short,2007-01-03 15:00:00-05:00,2007-01-04 10:45:00-05:00,1.31988,1.3093599999999999,1.32514,1.3093599999999999,nan,nan,nan,,nan,,0,0,1.32176,1.3165,0.005260000000000042,1050.5000000000084,win,reverse_fade+target,1,1,1,2007-01-02 00:15:00-05:00
2007-01-01,short,2007-01-03 17:15:00-05:00,2007-01-05 13:30:00-05:00,1.31564,1.3051199999999998,1.3209,1.3051199999999998,1.317218,1.31827,1.317218,2007-01-03 19:00:00-05:00,nan,,2,0,1.32176,1.3165,0.005260000000000042,731.8999999999926,win,dd_cut+target,2,3,0,
2007-01-08,long,2007-01-09 00:00:00-05:00,2007-01-09 12:30:00-05:00,1.30414,1.300805,1.2974700000000001,1.31748,1.3021390000000002,1.300805,1.3021390000000002,2007-01-09 11:30:00-05:00,1.300805,2007-01-09 12:30:00-05:00,2,1,1.30389,1.29722,0.006669999999999954,-738.1999999999928,loss,dd_cut+flat_at_50,1,3,0,
2007-01-08,short,2007-01-09 12:30:00-05:00,2007-01-12 13:30:00-05:00,1.300805,1.287465,1.307475,1.287465,nan,nan,nan,,nan,,0,0,1.30389,1.29722,0.006669999999999954,1332.4999999999907,win,reverse_fade+target,1,1,1,2007-01-09 00:00:00-05:00
2007-01-08,short,2007-01-10 00:15:00-05:00,2007-01-10 07:45:00-05:00,1.29623,1.2995649999999999,1.3029,1.28289,1.298231,1.2995649999999999,1.298231,2007-01-10 05:45:00-05:00,1.2995649999999999,2007-01-10 07:45:00-05:00,2,1,1.30389,1.29722,0.006669999999999954,-738.1999999999705,loss,dd_cut+flat_at_50,2,3,0,
2007-01-08,long,2007-01-10 07:45:00-05:00,2007-01-10 17:45:00-05:00,1.2995649999999999,1.292895,1.292895,1.3129049999999998,nan,nan,nan,,nan,,0,0,1.30389,1.29722,0.006669999999999954,-668.4999999999953,loss,reverse_fade+stop,2,1,1,2007-01-10 00:15:00-05:00
2007-01-15,long,2007-01-16 07:00:00-05:00,2007-01-16 14:15:00-05:00,1.29576,1.293615,1.29147,1.3043400000000003,1.294473,1.293615,1.294473,2007-01-16 13:15:00-05:00,1.293615,2007-01-16 14:15:00-05:00,2,1,1.2955,1.29121,0.004290000000000127,-476.40000000001396,loss,dd_cut+flat_at_50,1,3,0,
2007-01-15,short,2007-01-16 14:15:00-05:00,2007-01-19 02:00:00-05:00,1.293615,1.297905,1.297905,1.2850349999999997,nan,nan,nan,,nan,,0,0,1.2955,1.29121,0.004290000000000127,-430.50000000001273,loss,reverse_fade+stop,1,1,1,2007-01-16 07:00:00-05:00
2007-01-15,short,2007-01-16 20:45:00-05:00,2007-01-17 06:15:00-05:00,1.29112,1.293265,1.2954100000000002,1.2825399999999998,1.292407,1.293265,1.292407,2007-01-17 02:45:00-05:00,1.293265,2007-01-17 06:15:00-05:00,2,1,1.2955,1.29121,0.004290000000000127,-476.40000000001396,loss,dd_cut+flat_at_50,2,3,0,
2007-01-15,long,2007-01-17 06:15:00-05:00,2007-01-19 21:45:00-05:00,1.293265,1.29536,1.288975,1.3018450000000004,nan,nan,nan,,nan,,0,0,1.2955,1.29121,0.004290000000000127,207.9999999999958,win,reverse_fade+week_end,2,1,1,2007-01-16 20:45:00-05:00
2007-01-22,long,2007-01-23 08:00:00-05:00,2007-01-24 15:15:00-05:00,1.29822,1.29538,1.29254,1.3095799999999997,1.296516,1.29538,1.296516,2007-01-24 15:15:00-05:00,1.29538,2007-01-24 15:15:00-05:00,2,1,1.29769,1.29201,0.005679999999999907,-629.2999999999809,loss,dd_cut+flat_at_50,1,3,0,
2007-01-22,short,2007-01-24 15:15:00-05:00,2007-01-26 21:45:00-05:00,1.29538,1.29144,1.3010599999999999,1.2840200000000002,nan,nan,nan,,nan,,0,0,1.29769,1.29201,0.005679999999999907,392.50000000000546,win,reverse_fade+week_end,1,1,1,2007-01-23 08:00:00-05:00
2007-01-22,long,2007-01-25 07:45:00-05:00,2007-01-25 19:00:00-05:00,1.2983,1.29546,1.29262,1.3096599999999998,1.296596,1.29546,1.296596,2007-01-25 09:45:00-05:00,1.29546,2007-01-25 19:00:00-05:00,2,1,1.29769,1.29201,0.005679999999999907,-629.2999999999809,loss,dd_cut+flat_at_50,2,3,0,
2007-01-22,short,2007-01-25 19:00:00-05:00,2007-01-26 21:45:00-05:00,1.29546,1.29144,1.30114,1.2841000000000002,nan,nan,nan,,nan,,0,0,1.29769,1.29201,0.005679999999999907,400.5000000000135,win,reverse_fade+week_end,2,1,1,2007-01-25 07:45:00-05:00
2007-01-29,long,2007-01-30 03:00:00-05:00,2007-01-31 09:15:00-05:00,1.2967,1.293165,1.2896299999999998,1.3108400000000002,1.294579,1.293165,1.294579,2007-01-30 16:15:00-05:00,1.293165,2007-01-31 09:15:00-05:00,2,1,1.29655,1.28948,0.007070000000000132,-782.2000000000145,loss,dd_cut+flat_at_50,1,3,0,
2007-01-29,short,2007-01-31 09:15:00-05:00,2007-01-31 15:30:00-05:00,1.293165,1.300235,1.300235,1.2790249999999996,nan,nan,nan,,nan,,0,0,1.29655,1.28948,0.007070000000000132,-708.5000000000132,loss,reverse_fade+stop,1,1,1,2007-01-30 03:00:00-05:00
2007-01-29,long,2007-01-31 15:00:00-05:00,2007-02-02 21:45:00-05:00,1.29733,1.29562,1.29026,1.3114700000000004,1.295209,1.293795,1.295209,2007-02-02 17:45:00-05:00,nan,,2,0,1.29655,1.28948,0.007070000000000132,-599.7000000000179,loss,dd_cut+week_end,2,3,0,
2007-02-05,long,2007-02-06 16:45:00-05:00,2007-02-09 21:45:00-05:00,1.29661,1.30047,1.29136,1.30711,1.295035,1.2939850000000002,nan,,nan,,0,0,1.29651,1.29126,0.005249999999999977,1153.4999999999923,win,week_end,1,3,0,
2007-02-12,long,2007-02-13 22:15:00-05:00,2007-02-16 21:45:00-05:00,1.30365,1.31356,1.29396,1.32303,1.300743,1.298805,nan,,nan,,0,0,1.30359,1.2939,0.009689999999999976,2968.5000000000255,win,week_end,1,3,0,
2007-02-19,long,2007-02-20 01:15:00-05:00,2007-02-20 08:15:00-05:00,1.31619,1.314145,1.3120999999999998,1.3243700000000003,1.3149629999999999,1.314145,1.3149629999999999,2007-02-20 08:00:00-05:00,1.314145,2007-02-20 08:15:00-05:00,2,1,1.3161,1.31201,0.004090000000000149,-454.4000000000253,loss,dd_cut+flat_at_50,1,3,0,
2007-02-19,short,2007-02-20 08:15:00-05:00,2007-02-23 15:15:00-05:00,1.314145,1.318235,1.318235,1.3059649999999996,nan,nan,nan,,nan,,0,0,1.3161,1.31201,0.004090000000000149,-410.5000000000149,loss,reverse_fade+stop,1,1,1,2007-02-20 01:15:00-05:00
2007-02-19,long,2007-02-21 07:15:00-05:00,2007-02-21 09:30:00-05:00,1.31612,1.3140749999999999,1.3120299999999998,1.3243000000000003,1.3148929999999999,1.3140749999999999,1.3148929999999999,2007-02-21 07:45:00-05:00,1.3140749999999999,2007-02-21 09:30:00-05:00,2,1,1.3161,1.31201,0.004090000000000149,-454.4000000000253,loss,dd_cut+flat_at_50,2,3,0,
2007-02-19,short,2007-02-21 09:30:00-05:00,2007-02-23 15:15:00-05:00,1.3140749999999999,1.318165,1.318165,1.3058949999999996,nan,nan,nan,,nan,,0,0,1.3161,1.31201,0.004090000000000149,-410.5000000000149,loss,reverse_fade+stop,2,1,1,2007-02-21 07:15:00-05:00
2007-02-26,long,2007-02-27 08:15:00-05:00,2007-02-28 08:15:00-05:00,1.32154,1.31914,1.31674,1.3311399999999998,1.3201,1.31914,1.3201,2007-02-27 11:15:00-05:00,1.31914,2007-02-28 08:15:00-05:00,2,1,1.31971,1.31491,0.0047999999999999154,-532.4999999999729,loss,dd_cut+flat_at_50,1,3,0,
2007-02-26,short,2007-02-28 08:15:00-05:00,2007-03-02 21:45:00-05:00,1.31914,1.31882,1.32394,1.3095400000000001,nan,nan,nan,,nan,,0,0,1.31971,1.31491,0.0047999999999999154,30.499999999987594,win,reverse_fade+week_end,1,1,1,2007-02-27 08:15:00-05:00
2007-02-26,long,2007-02-28 08:45:00-05:00,2007-03-01 15:15:00-05:00,1.31978,1.31738,1.31498,1.3293799999999998,1.31834,1.31738,1.31834,2007-02-28 09:45:00-05:00,1.31738,2007-03-01 15:15:00-05:00,2,1,1.31971,1.31491,0.0047999999999999154,-532.4999999999729,loss,dd_cut+flat_at_50,2,3,0,
2007-02-26,short,2007-03-01 15:15:00-05:00,2007-03-02 21:45:00-05:00,1.31738,1.31882,1.32218,1.3077800000000002,nan,nan,nan,,nan,,0,0,1.31971,1.31491,0.0047999999999999154,-145.5000000000108,loss,reverse_fade+week_end,2,1,1,2007-02-28 08:45:00-05:00
2007-03-12,long,2007-03-13 12:45:00-04:00,2007-03-16 20:45:00-04:00,1.3204,1.33106,1.31102,1.33916,1.317586,1.3157100000000002,nan,,nan,,0,0,1.31992,1.31054,0.009379999999999944,3193.4999999999673,win,week_end,1,3,0,
2007-03-19,long,2007-03-21 18:15:00-04:00,2007-03-22 16:30:00-04:00,1.33544,1.333135,1.33083,1.34466,1.334057,1.333135,1.334057,2007-03-22 16:30:00-04:00,1.333135,2007-03-22 16:30:00-04:00,2,1,1.33241,1.3278,0.004610000000000003,-511.5999999999825,loss,dd_cut+flat_at_50,1,3,0,
2007-03-19,short,2007-03-22 16:30:00-04:00,2007-03-23 20:45:00-04:00,1.333135,1.32789,1.337745,1.323915,nan,nan,nan,,nan,,0,0,1.33241,1.3278,0.004610000000000003,522.9999999999944,win,reverse_fade+week_end,1,1,1,2007-03-21 18:15:00-04:00
2007-03-19,long,2007-03-22 16:45:00-04:00,2007-03-23 09:00:00-04:00,1.33284,1.330535,1.32823,1.34206,1.3314570000000001,1.330535,1.3314570000000001,2007-03-22 17:15:00-04:00,1.330535,2007-03-23 09:00:00-04:00,2,1,1.33241,1.3278,0.004610000000000003,-511.5999999999825,loss,dd_cut+flat_at_50,2,3,0,
2007-03-19,short,2007-03-23 09:00:00-04:00,2007-03-23 20:45:00-04:00,1.330535,1.32789,1.335145,1.321315,nan,nan,nan,,nan,,0,0,1.33241,1.3278,0.004610000000000003,263.00000000000085,win,reverse_fade+week_end,2,1,1,2007-03-22 16:45:00-04:00
2007-03-26,long,2007-03-28 03:00:00-04:00,2007-03-28 03:15:00-04:00,1.3353,1.330695,1.32609,1.3537199999999998,1.3325369999999999,1.330695,1.3325369999999999,2007-03-28 03:15:00-04:00,1.330695,2007-03-28 03:15:00-04:00,2,1,1.33455,1.32534,0.00920999999999994,-1017.6000000000113,loss,dd_cut+flat_at_50,1,3,0,
2007-03-26,short,2007-03-28 03:15:00-04:00,2007-03-30 20:45:00-04:00,1.330695,1.3353,1.339905,1.312275,nan,nan,nan,,nan,,0,0,1.33455,1.32534,0.00920999999999994,-461.99999999999704,loss,reverse_fade+week_end,1,1,1,2007-03-28 03:00:00-04:00
2007-03-26,long,2007-03-28 04:00:00-04:00,2007-03-28 04:30:00-04:00,1.33501,1.330405,1.3258,1.35343,1.332247,1.330405,1.332247,2007-03-28 04:15:00-04:00,1.330405,2007-03-28 04:30:00-04:00,2,1,1.33455,1.32534,0.00920999999999994,-1017.6000000000113,loss,dd_cut+flat_at_50,2,3,0,
2007-03-26,short,2007-03-28 04:30:00-04:00,2007-03-30 15:45:00-04:00,1.330405,1.339615,1.339615,1.3119850000000002,nan,nan,nan,,nan,,0,0,1.33455,1.32534,0.00920999999999994,-922.4999999999941,loss,reverse_fade+stop,2,1,1,2007-03-28 04:00:00-04:00
2007-04-02,short,2007-04-03 17:45:00-04:00,2007-04-04 07:30:00-04:00,1.33285,1.3353000000000002,1.33775,1.3230500000000003,1.33432,1.3353000000000002,1.33432,2007-04-04 05:00:00-04:00,1.3353000000000002,2007-04-04 07:30:00-04:00,2,1,1.33802,1.33312,0.004899999999999904,-543.4999999999784,loss,dd_cut+flat_at_50,1,3,0,
2007-04-02,long,2007-04-04 07:30:00-04:00,2007-04-06 20:45:00-04:00,1.3353000000000002,1.3378,1.3304000000000002,1.3451,nan,nan,nan,,nan,,0,0,1.33802,1.33312,0.004899999999999904,248.49999999999466,win,reverse_fade+week_end,1,1,1,2007-04-03 17:45:00-04:00
2007-04-02,long,2007-04-05 12:15:00-04:00,2007-04-06 20:45:00-04:00,1.33805,1.3378,1.33315,1.3478499999999998,1.33658,1.3356,1.33658,2007-04-06 14:00:00-04:00,nan,,2,0,1.33802,1.33312,0.004899999999999904,-323.49999999995816,loss,dd_cut+week_end,2,3,0,
2007-04-09,long,2007-04-10 01:00:00-04:00,2007-04-12 01:30:00-04:00,1.33815,1.34595,1.33425,1.34595,1.33698,1.3361999999999998,nan,,nan,,0,0,1.3379,1.334,0.0039000000000000146,2335.500000000009,win,target,1,3,0,
2007-04-09,long,2007-04-12 01:45:00-04:00,2007-04-13 09:45:00-04:00,1.3457,1.3535,1.3417999999999999,1.3535,1.3445299999999998,1.34375,1.3445299999999998,2007-04-12 08:45:00-04:00,nan,,2,0,1.3379,1.334,0.0039000000000000146,541.4999999999799,win,dd_cut+target,2,3,0,
2007-04-16,long,2007-04-17 12:30:00-04:00,2007-04-20 20:45:00-04:00,1.35755,1.3588,1.35276,1.3671300000000002,1.3561130000000001,1.3551549999999999,1.3561130000000001,2007-04-17 16:15:00-04:00,nan,,2,0,1.357,1.35221,0.004790000000000072,-166.8999999999848,loss,dd_cut+week_end,1,3,0,
2007-04-23,long,2007-04-24 14:00:00-04:00,2007-04-27 20:45:00-04:00,1.3607,1.3652,1.3544500000000002,1.3731999999999998,1.358825,1.3575750000000002,1.358825,2007-04-26 12:30:00-04:00,nan,,2,0,1.36025,1.354,0.006249999999999867,70.49999999998062,win,dd_cut+week_end,1,3,0,
2007-04-30,short,2007-05-02 03:00:00-04:00,2007-05-04 20:45:00-04:00,1.35855,1.35893,1.3674799999999998,1.3406900000000002,1.3612289999999998,1.3630149999999999,1.3612289999999998,2007-05-03 06:00:00-04:00,nan,,2,0,1.36777,1.35884,0.008929999999999882,-578.2999999999798,loss,dd_cut+week_end,1,3,0,
2007-05-07,short,2007-05-08 08:00:00-04:00,2007-05-10 12:45:00-04:00,1.3587,1.3515400000000002,1.36228,1.3515400000000002,1.359774,1.36049,nan,,nan,,0,0,1.36255,1.35897,0.0035799999999999166,2143.49999999995,win,target,1,3,0,
2007-05-07,short,2007-05-10 13:00:00-04:00,2007-05-11 14:45:00-04:00,1.35077,1.35256,1.35435,1.3436100000000002,1.351844,1.35256,1.351844,2007-05-11 14:30:00-04:00,1.35256,2007-05-11 14:45:00-04:00,2,1,1.36255,1.35897,0.0035799999999999166,-398.2999999999997,loss,dd_cut+flat_at_50,2,3,0,
2007-05-07,long,2007-05-11 14:45:00-04:00,2007-05-11 20:45:00-04:00,1.35256,1.35222,1.34898,1.3597199999999998,nan,nan,nan,,nan,,0,0,1.36255,1.35897,0.0035799999999999166,-35.500000000000696,loss,reverse_fade+week_end,2,1,1,2007-05-10 13:00:00-04:00
2007-05-14,long,2007-05-15 16:00:00-04:00,2007-05-15 19:00:00-04:00,1.36033,1.3586550000000002,1.35698,1.36703,1.3593250000000001,1.3586550000000002,1.3593250000000001,2007-05-15 17:30:00-04:00,1.3586550000000002,2007-05-15 19:00:00-04:00,2,1,1.3557,1.35235,0.003349999999999964,-372.99999999997164,loss,dd_cut+flat_at_50,1,3,0,
2007-05-14,short,2007-05-15 19:00:00-04:00,2007-05-16 15:45:00-04:00,1.3586550000000002,1.3519550000000002,1.3620050000000001,1.3519550000000002,nan,nan,nan,,nan,,0,0,1.3557,1.35235,0.003349999999999964,668.4999999999928,win,reverse_fade+target,1,1,1,2007-05-15 16:00:00-04:00
2007-05-14,long,2007-05-15 19:15:00-04:00,2007-05-16 12:00:00-04:00,1.35884,1.3571650000000002,1.35549,1.36554,1.3578350000000001,1.3571650000000002,1.3578350000000001,2007-05-16 11:45:00-04:00,1.3571650000000002,2007-05-16 12:00:00-04:00,2,1,1.3557,1.35235,0.003349999999999964,-372.99999999997164,loss,dd_cut+flat_at_50,2,3,0,
2007-05-14,short,2007-05-16 12:00:00-04:00,2007-05-16 16:00:00-04:00,1.3571650000000002,1.3504650000000002,1.3605150000000001,1.3504650000000002,nan,nan,nan,,nan,,0,0,1.3557,1.35235,0.003349999999999964,668.4999999999928,win,reverse_fade+target,2,1,1,2007-05-15 19:15:00-04:00
2007-05-21,short,2007-05-23 07:45:00-04:00,2007-05-23 11:30:00-04:00,1.34252,1.3467949999999997,1.3510699999999998,1.3254200000000003,1.3450849999999999,1.3467949999999997,1.3450849999999999,2007-05-23 10:45:00-04:00,1.3467949999999997,2007-05-23 11:30:00-04:00,2,1,1.35214,1.34359,0.008549999999999836,-944.9999999999663,loss,dd_cut+flat_at_50,1,3,0,
2007-05-21,long,2007-05-23 11:30:00-04:00,2007-05-25 20:45:00-04:00,1.3467949999999997,1.3438,1.338245,1.3638949999999994,nan,nan,nan,,nan,,0,0,1.35214,1.34359,0.008549999999999836,-300.9999999999637,loss,reverse_fade+week_end,1,1,1,2007-05-23 07:45:00-04:00
2007-05-21,short,2007-05-24 07:45:00-04:00,2007-05-25 20:45:00-04:00,1.34341,1.3438,1.3519599999999998,1.3263100000000003,1.345975,1.3476849999999998,1.345975,2007-05-25 14:00:00-04:00,nan,,2,0,1.35214,1.34359,0.008549999999999836,-556.4999999999969,loss,dd_cut+week_end,2,3,0,
2007-05-28,short,2007-05-29 01:15:00-04:00,2007-05-29 07:30:00-04:00,1.344,1.34477,1.3455400000000002,1.34092,1.344462,1.34477,1.344462,2007-05-29 05:30:00-04:00,1.34477,2007-05-29 07:30:00-04:00,2,1,1.34579,1.34425,0.0015400000000000968,-173.89999999998622,loss,dd_cut+flat_at_50,1,3,0,
2007-05-28,long,2007-05-29 07:30:00-04:00,2007-05-29 09:00:00-04:00,1.34477,1.3478500000000002,1.34323,1.3478500000000002,nan,nan,nan,,nan,,0,0,1.34579,1.34425,0.0015400000000000968,306.5000000000194,win,reverse_fade+target,1,1,1,2007-05-29 01:15:00-04:00
2007-05-28,long,2007-05-29 08:00:00-04:00,2007-05-29 09:00:00-04:00,1.34624,1.3493200000000003,1.3447,1.3493200000000003,1.3457780000000001,1.3454700000000002,nan,,nan,,0,0,1.34579,1.34425,0.0015400000000000968,919.5000000000582,win,target,2,3,0,
2007-06-04,long,2007-06-05 03:15:00-04:00,2007-06-07 10:15:00-04:00,1.34985,1.3465449999999999,1.34324,1.36307,1.347867,1.3465449999999999,1.347867,2007-06-07 10:15:00-04:00,1.3465449999999999,2007-06-07 10:15:00-04:00,2,1,1.34978,1.34317,0.006610000000000005,-731.6000000000249,loss,dd_cut+flat_at_50,1,3,0,
2007-06-04,short,2007-06-07 10:15:00-04:00,2007-06-08 10:00:00-04:00,1.3465449999999999,1.3333249999999999,1.3531549999999999,1.3333249999999999,nan,nan,nan,,nan,,0,0,1.34978,1.34317,0.006610000000000005,1320.500000000001,win,reverse_fade+target,1,1,1,2007-06-05 03:15:00-04:00
2007-06-04,short,2007-06-07 16:45:00-04:00,2007-06-08 20:45:00-04:00,1.34256,1.33708,1.34917,1.32934,1.344543,1.3458649999999999,nan,,nan,,0,0,1.34978,1.34317,0.006610000000000005,1639.4999999999789,win,week_end,2,3,0,
2007-06-11,short,2007-06-12 13:15:00-04:00,2007-06-13 09:00:00-04:00,1.33276,1.32714,1.33557,1.32714,1.3336029999999999,1.334165,nan,,nan,,0,0,1.33606,1.33325,0.002809999999999979,1681.4999999999873,win,target,1,3,0,
2007-06-11,short,2007-06-13 09:15:00-04:00,2007-06-13 12:15:00-04:00,1.32769,1.3290950000000001,1.3305,1.32207,1.328533,1.3290950000000001,1.328533,2007-06-13 12:00:00-04:00,1.3290950000000001,2007-06-13 12:15:00-04:00,2,1,1.33606,1.33325,0.002809999999999979,-313.5999999999955,loss,dd_cut+flat_at_50,2,3,0,
2007-06-11,long,2007-06-13 12:15:00-04:00,2007-06-15 13:15:00-04:00,1.3290950000000001,1.334715,1.3262850000000002,1.334715,nan,nan,nan,,nan,,0,0,1.33606,1.33325,0.002809999999999979,560.4999999999958,win,reverse_fade+target,2,1,1,2007-06-13 09:15:00-04:00
2007-06-18,long,2007-06-19 00:15:00-04:00,2007-06-19 07:45:00-04:00,1.34247,1.34069,1.33891,1.34959,1.341402,1.34069,1.341402,2007-06-19 07:00:00-04:00,1.34069,2007-06-19 07:45:00-04:00,2,1,1.34178,1.33822,0.0035600000000000076,-396.10000000002526,loss,dd_cut+flat_at_50,1,3,0,
2007-06-18,short,2007-06-19 07:45:00-04:00,2007-06-22 12:15:00-04:00,1.34069,1.34425,1.34425,1.33357,nan,nan,nan,,nan,,0,0,1.34178,1.33822,0.0035600000000000076,-357.50000000000074,loss,reverse_fade+stop,1,1,1,2007-06-19 00:15:00-04:00
2007-06-18,long,2007-06-19 16:00:00-04:00,2007-06-20 20:00:00-04:00,1.34183,1.3400500000000002,1.33827,1.34895,1.340762,1.3400500000000002,1.340762,2007-06-20 19:15:00-04:00,1.3400500000000002,2007-06-20 20:00:00-04:00,2,1,1.34178,1.33822,0.0035600000000000076,-396.1000000000031,loss,dd_cut+flat_at_50,2,3,0,
2007-06-18,short,2007-06-20 20:00:00-04:00,2007-06-22 11:45:00-04:00,1.3400500000000002,1.3436100000000002,1.3436100000000002,1.3329300000000002,nan,nan,nan,,nan,,0,0,1.34178,1.33822,0.0035600000000000076,-357.50000000000074,loss,reverse_fade+stop,2,1,1,2007-06-19 16:00:00-04:00
2007-06-25,long,2007-06-26 12:30:00-04:00,2007-06-26 14:00:00-04:00,1.34739,1.345715,1.34404,1.3540900000000005,1.346385,1.345715,1.346385,2007-06-26 13:00:00-04:00,1.345715,2007-06-26 14:00:00-04:00,2,1,1.34719,1.34384,0.003350000000000186,-373.00000000003826,loss,dd_cut+flat_at_50,1,3,0,
2007-06-25,short,2007-06-26 14:00:00-04:00,2007-06-29 10:00:00-04:00,1.345715,1.3490650000000002,1.3490650000000002,1.3390149999999996,nan,nan,nan,,nan,,0,0,1.34719,1.34384,0.003350000000000186,-336.50000000001864,loss,reverse_fade+stop,1,1,1,2007-06-26 12:30:00-04:00
2007-06-25,short,2007-06-27 06:00:00-04:00,2007-06-27 12:30:00-04:00,1.34343,1.345105,1.34678,1.3367299999999995,1.344435,1.345105,1.344435,2007-06-27 11:00:00-04:00,1.345105,2007-06-27 12:30:00-04:00,2,1,1.34719,1.34384,0.003350000000000186,-373.00000000003826,loss,dd_cut+flat_at_50,2,3,0,
2007-06-25,long,2007-06-27 12:30:00-04:00,2007-06-29 13:00:00-04:00,1.345105,1.3518050000000004,1.3417549999999998,1.3518050000000004,nan,nan,nan,,nan,,0,0,1.34719,1.34384,0.003350000000000186,668.5000000000373,win,reverse_fade+target,2,1,1,2007-06-27 06:00:00-04:00
2007-07-02,long,2007-07-05 07:45:00-04:00,2007-07-05 14:15:00-04:00,1.36402,1.3584399999999999,1.35286,1.3863400000000001,1.360672,1.3584399999999999,1.360672,2007-07-05 13:30:00-04:00,1.3584399999999999,2007-07-05 14:15:00-04:00,2,1,1.36374,1.35258,0.011160000000000059,-1232.0999999999954,loss,dd_cut+flat_at_50,1,3,0,
2007-07-02,short,2007-07-05 14:15:00-04:00,2007-07-06 20:45:00-04:00,1.3584399999999999,1.36253,1.3696,1.3361199999999998,nan,nan,nan,,nan,,0,0,1.36374,1.35258,0.011160000000000059,-410.5000000000149,loss,reverse_fade+week_end,1,1,1,2007-07-05 07:45:00-04:00
2007-07-09,short,2007-07-10 04:45:00-04:00,2007-07-10 07:00:00-04:00,1.36076,1.36219,1.36362,1.3550399999999998,1.361618,1.36219,1.361618,2007-07-10 07:00:00-04:00,1.36219,2007-07-10 07:00:00-04:00,2,1,1.36372,1.36086,0.0028600000000000847,-319.10000000000935,loss,dd_cut+flat_at_50,1,3,0,
2007-07-09,long,2007-07-10 07:00:00-04:00,2007-07-10 13:15:00-04:00,1.36219,1.3679100000000002,1.35933,1.3679100000000002,nan,nan,nan,,nan,,0,0,1.36372,1.36086,0.0028600000000000847,570.5000000000169,win,reverse_fade+target,1,1,1,2007-07-10 04:45:00-04:00
2007-07-09,long,2007-07-10 08:15:00-04:00,2007-07-10 13:45:00-04:00,1.36466,1.3703800000000002,1.3618,1.3703800000000002,1.363802,1.36323,nan,,nan,,0,0,1.36372,1.36086,0.0028600000000000847,1711.500000000051,win,target,2,3,0,
2007-07-16,long,2007-07-18 00:15:00-04:00,2007-07-18 07:30:00-04:00,1.38162,1.37954,1.3774600000000001,1.38994,1.3803720000000002,1.37954,1.3803720000000002,2007-07-18 01:15:00-04:00,1.37954,2007-07-18 07:30:00-04:00,2,1,1.38019,1.37603,0.0041599999999999415,-462.0999999999914,loss,dd_cut+flat_at_50,1,3,0,
2007-07-16,short,2007-07-18 07:30:00-04:00,2007-07-20 14:30:00-04:00,1.37954,1.3837,1.3837,1.37122,nan,nan,nan,,nan,,0,0,1.38019,1.37603,0.0041599999999999415,-417.49999999999415,loss,reverse_fade+stop,1,1,1,2007-07-18 00:15:00-04:00
2007-07-16,long,2007-07-18 14:30:00-04:00,2007-07-20 07:30:00-04:00,1.38055,1.37847,1.37639,1.3888699999999998,1.379302,1.37847,1.379302,2007-07-18 18:45:00-04:00,1.37847,2007-07-20 07:30:00-04:00,2,1,1.38019,1.37603,0.0041599999999999415,-462.0999999999691,loss,dd_cut+flat_at_50,2,3,0,
2007-07-16,short,2007-07-20 07:30:00-04:00,2007-07-20 14:15:00-04:00,1.37847,1.38263,1.38263,1.3701500000000002,nan,nan,nan,,nan,,0,0,1.38019,1.37603,0.0041599999999999415,-417.49999999999415,loss,reverse_fade+stop,2,1,1,2007-07-18 14:30:00-04:00
2007-07-23,short,2007-07-25 07:15:00-04:00,2007-07-27 08:45:00-04:00,1.37804,1.3672399999999998,1.38344,1.3672399999999998,1.3796599999999999,1.3807399999999999,nan,,nan,,0,0,1.38452,1.37912,0.005400000000000071,3235.5000000000427,win,target,1,3,0,
2007-07-23,short,2007-07-27 09:00:00-04:00,2007-07-27 20:45:00-04:00,1.36626,1.36306,1.37166,1.3554599999999999,1.36788,1.36896,nan,,nan,,0,0,1.38452,1.37912,0.005400000000000071,955.5000000000275,win,week_end,2,3,0,
2007-07-30,long,2007-08-03 13:30:00-04:00,2007-08-03 20:45:00-04:00,1.3737,1.37698,1.3627099999999999,1.39568,1.3704029999999998,1.368205,nan,,nan,,0,0,1.37274,1.36175,0.010990000000000055,979.5000000000515,win,week_end,1,3,0,
2007-08-06,short,2007-08-07 13:00:00-04:00,2007-08-08 12:30:00-04:00,1.37723,1.38034,1.38345,1.3647899999999997,1.379096,1.38034,1.379096,2007-08-08 12:00:00-04:00,1.38034,2007-08-08 12:30:00-04:00,2,1,1.38386,1.37764,0.006220000000000114,-688.7000000000237,loss,dd_cut+flat_at_50,1,3,0,
2007-08-06,long,2007-08-08 12:30:00-04:00,2007-08-09 10:30:00-04:00,1.38034,1.3741199999999998,1.3741199999999998,1.3927800000000001,nan,nan,nan,,nan,,0,0,1.38386,1.37764,0.006220000000000114,-623.5000000000115,loss,reverse_fade+stop,1,1,1,2007-08-07 13:00:00-04:00
2007-08-06,short,2007-08-09 07:15:00-04:00,2007-08-10 05:30:00-04:00,1.37742,1.3649799999999999,1.3836400000000002,1.3649799999999999,1.379286,1.3805300000000003,nan,,nan,,0,0,1.38386,1.37764,0.006220000000000114,3727.500000000069,win,target,2,3,0,
2007-08-13,short,2007-08-14 06:45:00-04:00,2007-08-16 10:30:00-04:00,1.35968,1.3373399999999998,1.3708500000000001,1.3373399999999998,1.363031,1.365265,nan,,nan,,0,0,1.37091,1.35974,0.011170000000000124,6697.500000000075,win,target,1,3,0,
2007-08-13,short,2007-08-16 10:45:00-04:00,2007-08-17 09:00:00-04:00,1.33961,1.345195,1.35078,1.3172699999999997,1.342961,1.345195,1.342961,2007-08-16 12:30:00-04:00,1.345195,2007-08-17 09:00:00-04:00,2,1,1.37091,1.35974,0.011170000000000124,-1233.2000000000157,loss,dd_cut+flat_at_50,2,3,0,
2007-08-13,long,2007-08-17 09:00:00-04:00,2007-08-17 20:45:00-04:00,1.345195,1.34721,1.3340249999999998,1.3675350000000002,nan,nan,nan,,nan,,0,0,1.37091,1.35974,0.011170000000000124,200.00000000001,win,reverse_fade+week_end,2,1,1,2007-08-16 10:45:00-04:00
2007-08-20,short,2007-08-21 09:15:00-04:00,2007-08-21 10:15:00-04:00,1.3457,1.3482149999999997,1.3507299999999998,1.3356400000000002,1.3472089999999999,1.3482149999999997,1.3472089999999999,2007-08-21 09:30:00-04:00,1.3482149999999997,2007-08-21 10:15:00-04:00,2,1,1.35076,1.34573,0.005029999999999868,-557.7999999999788,loss,dd_cut+flat_at_50,1,3,0,
2007-08-20,long,2007-08-21 10:15:00-04:00,2007-08-23 10:15:00-04:00,1.3482149999999997,1.3582749999999995,1.3431849999999999,1.3582749999999995,nan,nan,nan,,nan,,0,0,1.35076,1.34573,0.005029999999999868,1004.4999999999736,win,reverse_fade+target,1,1,1,2007-08-21 09:15:00-04:00
2007-08-20,long,2007-08-21 11:15:00-04:00,2007-08-21 12:15:00-04:00,1.35138,1.348865,1.3463500000000002,1.3614399999999998,1.349871,1.348865,1.349871,2007-08-21 11:45:00-04:00,1.348865,2007-08-21 12:15:00-04:00,2,1,1.35076,1.34573,0.005029999999999868,-557.8000000000011,loss,dd_cut+flat_at_50,2,3,0,
2007-08-20,short,2007-08-21 12:15:00-04:00,2007-08-22 15:15:00-04:00,1.348865,1.3538949999999998,1.3538949999999998,1.3388050000000002,nan,nan,nan,,nan,,0,0,1.35076,1.34573,0.005029999999999868,-504.4999999999868,loss,reverse_fade+stop,2,1,1,2007-08-21 11:15:00-04:00
2007-08-27,short,2007-08-28 00:45:00-04:00,2007-08-28 09:45:00-04:00,1.36254,1.365285,1.36803,1.35156,1.364187,1.365285,1.364187,2007-08-28 07:15:00-04:00,1.365285,2007-08-28 09:45:00-04:00,2,1,1.36852,1.36303,0.005489999999999995,-608.3999999999905,loss,dd_cut+flat_at_50,1,3,0,
2007-08-27,long,2007-08-28 09:45:00-04:00,2007-08-28 20:15:00-04:00,1.365285,1.359795,1.359795,1.376265,nan,nan,nan,,nan,,0,0,1.36852,1.36303,0.005489999999999995,-550.4999999999995,loss,reverse_fade+stop,1,1,1,2007-08-28 00:45:00-04:00
2007-08-27,short,2007-08-28 15:00:00-04:00,2007-08-29 13:15:00-04:00,1.36245,1.365195,1.36794,1.35147,1.364097,1.365195,1.364097,2007-08-29 13:00:00-04:00,1.365195,2007-08-29 13:15:00-04:00,2,1,1.36852,1.36303,0.005489999999999995,-608.3999999999905,loss,dd_cut+flat_at_50,2,3,0,
2007-08-27,long,2007-08-29 13:15:00-04:00,2007-08-30 10:15:00-04:00,1.365195,1.359705,1.359705,1.376175,nan,nan,nan,,nan,,0,0,1.36852,1.36303,0.005489999999999995,-550.4999999999995,loss,reverse_fade+stop,2,1,1,2007-08-28 15:00:00-04:00
2007-09-03,short,2007-09-04 07:45:00-04:00,2007-09-05 00:00:00-04:00,1.35985,1.36247,1.36509,1.3493700000000002,1.361422,1.36247,1.361422,2007-09-04 18:15:00-04:00,1.36247,2007-09-05 00:00:00-04:00,2,1,1.36541,1.36017,0.005239999999999911,-580.899999999988,loss,dd_cut+flat_at_50,1,3,0,
2007-09-03,long,2007-09-05 00:00:00-04:00,2007-09-05 04:30:00-04:00,1.36247,1.3572300000000002,1.3572300000000002,1.37295,nan,nan,nan,,nan,,0,0,1.36541,1.36017,0.005239999999999911,-525.4999999999911,loss,reverse_fade+stop,1,1,1,2007-09-04 07:45:00-04:00
2007-09-03,short,2007-09-05 04:30:00-04:00,2007-09-05 14:00:00-04:00,1.35819,1.3608099999999999,1.36343,1.3477100000000002,1.359762,1.3608099999999999,1.359762,2007-09-05 08:45:00-04:00,1.3608099999999999,2007-09-05 14:00:00-04:00,2,1,1.36541,1.36017,0.005239999999999911,-580.8999999999658,loss,dd_cut+flat_at_50,2,3,0,
2007-09-03,long,2007-09-05 14:00:00-04:00,2007-09-07 12:30:00-04:00,1.3608099999999999,1.3712899999999997,1.35557,1.3712899999999997,nan,nan,nan,,nan,,0,0,1.36541,1.36017,0.005239999999999911,1046.4999999999823,win,reverse_fade+target,2,1,1,2007-09-05 04:30:00-04:00
2007-09-10,long,2007-09-11 10:00:00-04:00,2007-09-13 08:00:00-04:00,1.38146,1.3914399999999996,1.37647,1.3914399999999996,1.379963,1.378965,nan,,nan,,0,0,1.38143,1.37644,0.004989999999999828,2989.4999999998968,win,target,1,3,0,
2007-09-10,long,2007-09-13 08:15:00-04:00,2007-09-13 10:30:00-04:00,1.39125,1.3887550000000002,1.3862600000000003,1.4012299999999998,1.3897530000000002,1.3887550000000002,1.3897530000000002,2007-09-13 09:45:00-04:00,1.3887550000000002,2007-09-13 10:30:00-04:00,2,1,1.38143,1.37644,0.004989999999999828,-553.3999999999633,loss,dd_cut+flat_at_50,2,3,0,
2007-09-10,short,2007-09-13 10:30:00-04:00,2007-09-14 20:45:00-04:00,1.3887550000000002,1.38728,1.393745,1.3787750000000005,nan,nan,nan,,nan,,0,0,1.38143,1.37644,0.004989999999999828,146.0000000000115,win,reverse_fade+week_end,2,1,1,2007-09-13 08:15:00-04:00
2007-09-17,short,2007-09-18 06:15:00-04:00,2007-09-18 07:30:00-04:00,1.38342,1.385545,1.38767,1.3749200000000004,1.384695,1.385545,1.384695,2007-09-18 06:45:00-04:00,1.385545,2007-09-18 07:30:00-04:00,2,1,1.38899,1.38474,0.004249999999999865,-471.99999999997624,loss,dd_cut+flat_at_50,1,3,0,
2007-09-17,long,2007-09-18 07:30:00-04:00,2007-09-18 18:15:00-04:00,1.385545,1.3940449999999998,1.3812950000000002,1.3940449999999998,nan,nan,nan,,nan,,0,0,1.38899,1.38474,0.004249999999999865,848.4999999999729,win,reverse_fade+target,1,1,1,2007-09-18 06:15:00-04:00
2007-09-17,long,2007-09-18 18:15:00-04:00,2007-09-20 06:30:00-04:00,1.39373,1.4022299999999996,1.38948,1.4022299999999996,1.392455,1.391605,nan,,nan,,0,0,1.38899,1.38474,0.004249999999999865,2545.499999999919,win,target,2,3,0,
2007-09-24,short,2007-09-25 07:00:00-04:00,2007-09-25 08:45:00-04:00,1.40615,1.4093499999999999,1.41255,1.39335,1.40807,1.4093499999999999,1.40807,2007-09-25 08:15:00-04:00,1.4093499999999999,2007-09-25 08:45:00-04:00,2,1,1.41293,1.40653,0.006399999999999961,-708.4999999999714,loss,dd_cut+flat_at_50,1,3,0,
2007-09-24,long,2007-09-25 08:45:00-04:00,2007-09-28 14:30:00-04:00,1.4093499999999999,1.4221499999999998,1.40295,1.4221499999999998,nan,nan,nan,,nan,,0,0,1.41293,1.40653,0.006399999999999961,1278.4999999999923,win,reverse_fade+target,1,1,1,2007-09-25 07:00:00-04:00
2007-09-24,long,2007-09-25 13:30:00-04:00,2007-09-28 17:30:00-04:00,1.41322,1.4260199999999998,1.40682,1.4260199999999998,1.4113,1.4100199999999998,1.4113,2007-09-26 08:30:00-04:00,nan,,2,0,1.41293,1.40653,0.006399999999999961,891.500000000008,win,dd_cut+target,2,3,0,
2007-10-01,short,2007-10-02 06:00:00-04:00,2007-10-04 12:45:00-04:00,1.42042,1.4068999999999998,1.4271800000000001,1.4068999999999998,1.4224480000000002,1.4238,nan,,nan,,0,0,1.42751,1.42075,0.006760000000000099,4051.500000000059,win,target,1,3,0,
2007-10-01,short,2007-10-04 13:00:00-04:00,2007-10-04 14:00:00-04:00,1.40793,1.4113099999999998,1.41469,1.3944099999999997,1.409958,1.4113099999999998,1.409958,2007-10-04 14:00:00-04:00,1.4113099999999998,2007-10-04 14:00:00-04:00,2,1,1.42751,1.42075,0.006760000000000099,-748.100000000022,loss,dd_cut+flat_at_50,2,3,0,
2007-10-01,long,2007-10-04 14:00:00-04:00,2007-10-05 12:30:00-04:00,1.4113099999999998,1.4045499999999997,1.4045499999999997,1.42483,nan,nan,nan,,nan,,0,0,1.42751,1.42075,0.006760000000000099,-677.5000000000099,loss,reverse_fade+stop,2,1,1,2007-10-04 13:00:00-04:00
2007-10-08,short,2007-10-09 02:30:00-04:00,2007-10-09 14:45:00-04:00,1.40319,1.40902,1.41485,1.37987,1.406688,1.40902,1.406688,2007-10-09 14:15:00-04:00,1.40902,2007-10-09 14:45:00-04:00,2,1,1.41487,1.40321,0.011660000000000004,-1287.1000000000004,loss,dd_cut+flat_at_50,1,3,0,
2007-10-08,long,2007-10-09 14:45:00-04:00,2007-10-12 20:45:00-04:00,1.40902,1.41763,1.39736,1.43234,nan,nan,nan,,nan,,0,0,1.41487,1.40321,0.011660000000000004,859.5000000000007,win,reverse_fade+week_end,1,1,1,2007-10-09 02:30:00-04:00
2007-10-08,long,2007-10-10 12:15:00-04:00,2007-10-12 20:45:00-04:00,1.41574,1.41763,1.40408,1.43906,1.412242,1.40991,1.412242,2007-10-10 18:00:00-04:00,nan,,2,0,1.41487,1.40321,0.011660000000000004,-515.1000000000056,loss,dd_cut+week_end,2,3,0,
2007-10-15,short,2007-10-16 10:15:00-04:00,2007-10-17 12:00:00-04:00,1.41551,1.4198600000000001,1.4242100000000002,1.3981099999999997,1.41812,1.4198600000000001,1.41812,2007-10-16 13:00:00-04:00,1.4198600000000001,2007-10-17 12:00:00-04:00,2,1,1.42429,1.41559,0.008700000000000152,-961.5000000000078,loss,dd_cut+flat_at_50,1,3,0,
2007-10-15,long,2007-10-17 12:00:00-04:00,2007-10-19 20:45:00-04:00,1.4198600000000001,1.42985,1.41116,1.4372600000000004,nan,nan,nan,,nan,,0,0,1.42429,1.41559,0.008700000000000152,997.4999999999943,win,reverse_fade+week_end,1,1,1,2007-10-16 10:15:00-04:00
2007-10-15,long,2007-10-18 06:45:00-04:00,2007-10-19 20:45:00-04:00,1.42509,1.42985,1.4163899999999998,1.4424900000000003,1.42248,1.42074,nan,,nan,,0,0,1.42429,1.41559,0.008700000000000152,1423.5000000000293,win,week_end,2,3,0,
2007-10-22,long,2007-10-26 06:15:00-04:00,2007-10-26 20:45:00-04:00,1.43583,1.43908,1.41377,1.4799499999999999,1.429212,1.4247999999999998,nan,,nan,,0,0,1.43437,1.41231,0.02205999999999997,970.4999999999925,win,week_end,1,3,0,
2007-10-29,long,2007-10-30 21:45:00-04:00,2007-11-01 11:15:00-04:00,1.44383,1.44063,1.43743,1.4566299999999999,1.44191,1.44063,1.44191,2007-10-31 12:30:00-04:00,1.44063,2007-11-01 11:15:00-04:00,2,1,1.44378,1.43738,0.006399999999999961,-708.4999999999714,loss,dd_cut+flat_at_50,1,3,0,
2007-10-29,short,2007-11-01 11:15:00-04:00,2007-11-01 16:30:00-04:00,1.44063,1.44703,1.44703,1.4278300000000002,nan,nan,nan,,nan,,0,0,1.44378,1.43738,0.006399999999999961,-641.4999999999961,loss,reverse_fade+stop,1,1,1,2007-10-30 21:45:00-04:00
2007-10-29,long,2007-11-01 16:00:00-04:00,2007-11-01 21:00:00-04:00,1.44477,1.44157,1.4383700000000001,1.45757,1.4428500000000002,1.44157,1.4428500000000002,2007-11-01 19:45:00-04:00,1.44157,2007-11-01 21:00:00-04:00,2,1,1.44378,1.43738,0.006399999999999961,-708.4999999999935,loss,dd_cut+flat_at_50,2,3,0,
2007-10-29,short,2007-11-01 21:00:00-04:00,2007-11-02 09:00:00-04:00,1.44157,1.44797,1.44797,1.42877,nan,nan,nan,,nan,,0,0,1.44378,1.43738,0.006399999999999961,-641.4999999999961,loss,reverse_fade+stop,2,1,1,2007-11-01 16:00:00-04:00
2007-11-05,long,2007-11-06 07:30:00-05:00,2007-11-07 02:15:00-05:00,1.4512,1.4649800000000002,1.44431,1.4649800000000002,1.449133,1.447755,nan,,nan,,0,0,1.45095,1.44406,0.006890000000000063,4129.500000000037,win,target,1,3,0,
2007-11-05,long,2007-11-07 02:30:00-05:00,2007-11-09 21:45:00-05:00,1.46319,1.46725,1.4563,1.4769700000000001,1.461123,1.4597449999999998,1.461123,2007-11-07 02:45:00-05:00,nan,,2,0,1.45095,1.44406,0.006890000000000063,-11.900000000012994,loss,dd_cut+week_end,2,3,0,
2007-11-12,long,2007-11-14 06:00:00-05:00,2007-11-16 08:15:00-05:00,1.46661,1.45929,1.45197,1.49589,1.462218,1.45929,1.462218,2007-11-15 10:15:00-05:00,1.45929,2007-11-16 08:15:00-05:00,2,1,1.46632,1.45168,0.014639999999999986,-1614.8999999999896,loss,dd_cut+flat_at_50,1,3,0,
2007-11-12,short,2007-11-16 08:15:00-05:00,2007-11-16 21:45:00-05:00,1.45929,1.46584,1.47393,1.43001,nan,nan,nan,,nan,,0,0,1.46632,1.45168,0.014639999999999986,-656.5000000000056,loss,reverse_fade+week_end,1,1,1,2007-11-14 06:00:00-05:00
2007-11-12,long,2007-11-16 17:30:00-05:00,2007-11-16 21:45:00-05:00,1.46637,1.46584,1.45173,1.49565,1.461978,1.45905,nan,,nan,,0,0,1.46632,1.45168,0.014639999999999986,-163.49999999997584,loss,week_end,2,3,0,
2007-11-19,long,2007-11-20 07:15:00-05:00,2007-11-21 06:30:00-05:00,1.47106,1.4853399999999999,1.46392,1.4853399999999999,1.468918,1.4674900000000002,nan,,nan,,0,0,1.46884,1.4617,0.007139999999999924,4279.4999999999545,win,target,1,3,0,
2007-11-19,long,2007-11-21 06:45:00-05:00,2007-11-21 08:00:00-05:00,1.48328,1.4797099999999999,1.47614,1.4975599999999998,1.481138,1.4797099999999999,1.481138,2007-11-21 07:45:00-05:00,1.4797099999999999,2007-11-21 08:00:00-05:00,2,1,1.46884,1.4617,0.007139999999999924,-789.8999999999805,loss,dd_cut+flat_at_50,2,3,0,
2007-11-19,short,2007-11-21 08:00:00-05:00,2007-11-21 20:15:00-05:00,1.4797099999999999,1.4868499999999998,1.4868499999999998,1.46543,nan,nan,nan,,nan,,0,0,1.46884,1.4617,0.007139999999999924,-715.4999999999924,loss,reverse_fade+stop,2,1,1,2007-11-21 06:45:00-05:00
2007-11-26,long,2007-11-27 13:15:00-05:00,2007-11-27 16:00:00-05:00,1.48956,1.4852699999999999,1.48098,1.50672,1.486986,1.4852699999999999,1.486986,2007-11-27 14:00:00-05:00,1.4852699999999999,2007-11-27 16:00:00-05:00,2,1,1.48869,1.48011,0.008580000000000032,-948.3000000000279,loss,dd_cut+flat_at_50,1,3,0,
2007-11-26,short,2007-11-27 16:00:00-05:00,2007-11-30 15:45:00-05:00,1.4852699999999999,1.4681099999999998,1.49385,1.4681099999999998,nan,nan,nan,,nan,,0,0,1.48869,1.48011,0.008580000000000032,1714.5000000000064,win,reverse_fade+target,1,1,1,2007-11-27 13:15:00-05:00
2007-11-26,short,2007-11-28 07:30:00-05:00,2007-11-28 19:30:00-05:00,1.47818,1.4824700000000002,1.48676,1.46102,1.4807540000000001,1.4824700000000002,1.4807540000000001,2007-11-28 19:00:00-05:00,1.4824700000000002,2007-11-28 19:30:00-05:00,2,1,1.48869,1.48011,0.008580000000000032,-948.3000000000279,loss,dd_cut+flat_at_50,2,3,0,
2007-11-26,long,2007-11-28 19:30:00-05:00,2007-11-29 08:30:00-05:00,1.4824700000000002,1.4738900000000001,1.4738900000000001,1.4996300000000002,nan,nan,nan,,nan,,0,0,1.48869,1.48011,0.008580000000000032,-859.5000000000032,loss,reverse_fade+stop,2,1,1,2007-11-28 07:30:00-05:00
2007-12-03,long,2007-12-04 11:00:00-05:00,2007-12-05 13:30:00-05:00,1.47159,1.467105,1.46262,1.4895299999999998,1.468899,1.467105,1.468899,2007-12-05 13:15:00-05:00,1.467105,2007-12-05 13:30:00-05:00,2,1,1.47077,1.4618,0.008969999999999922,-991.1999999999848,loss,dd_cut+flat_at_50,1,3,0,
2007-12-03,short,2007-12-05 13:30:00-05:00,2007-12-07 21:45:00-05:00,1.467105,1.46534,1.476075,1.4491650000000003,nan,nan,nan,,nan,,0,0,1.47077,1.4618,0.008969999999999922,175.00000000000165,win,reverse_fade+week_end,1,1,1,2007-12-04 11:00:00-05:00
2007-12-03,short,2007-12-05 19:45:00-05:00,2007-12-07 13:30:00-05:00,1.46147,1.4659550000000001,1.47044,1.4435300000000002,1.464161,1.4659550000000001,1.464161,2007-12-06 16:45:00-05:00,1.4659550000000001,2007-12-07 13:30:00-05:00,2,1,1.47077,1.4618,0.008969999999999922,-991.2000000000071,loss,dd_cut+flat_at_50,2,3,0,
2007-12-03,long,2007-12-07 13:30:00-05:00,2007-12-07 21:45:00-05:00,1.4659550000000001,1.46534,1.4569850000000002,1.483895,nan,nan,nan,,nan,,0,0,1.47077,1.4618,0.008969999999999922,-63.00000000000322,loss,reverse_fade+week_end,2,1,1,2007-12-05 19:45:00-05:00
2007-12-10,long,2007-12-11 07:00:00-05:00,2007-12-11 10:15:00-05:00,1.47383,1.468855,1.46388,1.4937299999999998,1.470845,1.468855,1.470845,2007-12-11 08:00:00-05:00,1.468855,2007-12-11 10:15:00-05:00,2,1,1.47356,1.46361,0.009949999999999903,-1098.9999999999982,loss,dd_cut+flat_at_50,1,3,0,
2007-12-10,short,2007-12-11 10:15:00-05:00,2007-12-14 11:15:00-05:00,1.468855,1.4489550000000002,1.478805,1.4489550000000002,nan,nan,nan,,nan,,0,0,1.47356,1.46361,0.009949999999999903,1988.4999999999807,win,reverse_fade+target,1,1,1,2007-12-11 07:00:00-05:00
2007-12-10,short,2007-12-13 15:15:00-05:00,2007-12-14 19:00:00-05:00,1.46119,1.4412900000000002,1.47114,1.4412900000000002,1.464175,1.466165,1.464175,2007-12-14 05:45:00-05:00,nan,,2,0,1.47356,1.46361,0.009949999999999903,1388.4999999999777,win,dd_cut+target,2,3,0,
2007-12-17,short,2007-12-20 11:00:00-05:00,2007-12-21 06:30:00-05:00,1.43135,1.43759,1.44383,1.4063899999999998,1.4350939999999999,1.43759,1.4350939999999999,2007-12-20 13:00:00-05:00,1.43759,2007-12-21 06:30:00-05:00,2,1,1.44521,1.43273,0.012480000000000047,-1377.299999999996,loss,dd_cut+flat_at_50,1,3,0,
2007-12-17,long,2007-12-21 06:30:00-05:00,2007-12-21 21:45:00-05:00,1.43759,1.43772,1.4251099999999999,1.46255,nan,nan,nan,,nan,,0,0,1.44521,1.43273,0.012480000000000047,11.500000000018552,win,reverse_fade+week_end,1,1,1,2007-12-20 11:00:00-05:00
2007-12-24,long,2007-12-26 06:30:00-05:00,2007-12-26 15:15:00-05:00,1.44143,1.45017,1.43706,1.45017,1.440119,1.439245,nan,,nan,,0,0,1.44129,1.43692,0.004369999999999985,2617.499999999991,win,target,1,3,0,
2007-12-24,long,2007-12-26 15:30:00-05:00,2007-12-27 00:15:00-05:00,1.44945,1.4472649999999998,1.44508,1.4581899999999999,1.4481389999999998,1.4472649999999998,1.4481389999999998,2007-12-26 22:15:00-05:00,1.4472649999999998,2007-12-27 00:15:00-05:00,2,1,1.44129,1.43692,0.004369999999999985,-485.2000000000228,loss,dd_cut+flat_at_50,2,3,0,
2007-12-24,short,2007-12-27 00:15:00-05:00,2007-12-27 06:00:00-05:00,1.4472649999999998,1.4516349999999998,1.4516349999999998,1.4385249999999998,nan,nan,nan,,nan,,0,0,1.44129,1.43692,0.004369999999999985,-438.4999999999985,loss,reverse_fade+stop,2,1,1,2007-12-26 15:30:00-05:00
2007-12-31,long,2008-01-03 10:45:00-05:00,2008-01-04 21:45:00-05:00,1.47619,1.47397,1.45779,1.5129899999999998,1.47067,1.46699,1.47067,2008-01-03 13:30:00-05:00,nan,,2,0,1.47491,1.45651,0.018399999999999972,-1330.4999999999827,loss,dd_cut+week_end,1,3,0,
2008-01-07,short,2008-01-09 15:30:00-05:00,2008-01-10 14:15:00-05:00,1.46535,1.4700349999999998,1.4747199999999998,1.4466100000000002,1.4681609999999998,1.4700349999999998,1.4681609999999998,2008-01-10 08:15:00-05:00,1.4700349999999998,2008-01-10 14:15:00-05:00,2,1,1.47494,1.46557,0.009369999999999878,-1035.199999999962,loss,dd_cut+flat_at_50,1,3,0,
2008-01-07,long,2008-01-10 14:15:00-05:00,2008-01-11 21:45:00-05:00,1.4700349999999998,1.47717,1.4606649999999999,1.4887749999999995,nan,nan,nan,,nan,,0,0,1.47494,1.46557,0.009369999999999878,712.0000000000335,win,reverse_fade+week_end,1,1,1,2008-01-09 15:30:00-05:00
2008-01-07,long,2008-01-10 17:15:00-05:00,2008-01-11 21:45:00-05:00,1.47808,1.47717,1.4687100000000002,1.4968199999999998,1.4752690000000002,1.473395,nan,,nan,,0,0,1.47494,1.46557,0.009369999999999878,-277.49999999998994,loss,week_end,2,3,0,
2008-01-14,short,2008-01-15 22:00:00-05:00,2008-01-16 03:00:00-05:00,1.4778,1.483875,1.48995,1.4534999999999998,1.4814450000000001,1.483875,1.4814450000000001,2008-01-16 02:00:00-05:00,1.483875,2008-01-16 03:00:00-05:00,2,1,1.49146,1.47931,0.012150000000000105,-1341.0000000000293,loss,dd_cut+flat_at_50,1,3,0,
2008-01-14,long,2008-01-16 03:00:00-05:00,2008-01-16 15:45:00-05:00,1.483875,1.471725,1.471725,1.5081750000000003,nan,nan,nan,,nan,,0,0,1.49146,1.47931,0.012150000000000105,-1216.5000000000105,loss,reverse_fade+stop,1,1,1,2008-01-15 22:00:00-05:00
2008-01-14,short,2008-01-16 10:30:00-05:00,2008-01-18 21:45:00-05:00,1.47802,1.46168,1.49017,1.4537199999999997,1.481665,1.484095,1.481665,2008-01-16 14:30:00-05:00,nan,,2,0,1.49146,1.47931,0.012150000000000105,900.4999999999559,win,dd_cut+week_end,2,3,0,
2008-01-21,short,2008-01-22 00:45:00-05:00,2008-01-22 10:30:00-05:00,1.44013,1.44959,1.45905,1.4022899999999998,1.445806,1.44959,1.445806,2008-01-22 08:45:00-05:00,1.44959,2008-01-22 10:30:00-05:00,2,1,1.45977,1.44085,0.018920000000000048,-2085.7000000000053,loss,dd_cut+flat_at_50,1,3,0,
2008-01-21,long,2008-01-22 10:30:00-05:00,2008-01-25 21:45:00-05:00,1.44959,1.46807,1.4306699999999999,1.48743,nan,nan,nan,,nan,,0,0,1.45977,1.44085,0.018920000000000048,1846.5000000000052,win,reverse_fade+week_end,1,1,1,2008-01-22 00:45:00-05:00
2008-01-21,long,2008-01-22 15:15:00-05:00,2008-01-23 13:30:00-05:00,1.46289,1.45343,1.44397,1.5007300000000001,1.457214,1.45343,1.457214,2008-01-23 09:30:00-05:00,1.45343,2008-01-23 13:30:00-05:00,2,1,1.45977,1.44085,0.018920000000000048,-2085.7000000000053,loss,dd_cut+flat_at_50,2,3,0,
2008-01-21,short,2008-01-23 13:30:00-05:00,2008-01-24 14:30:00-05:00,1.45343,1.47235,1.47235,1.41559,nan,nan,nan,,nan,,0,0,1.45977,1.44085,0.018920000000000048,-1893.5000000000048,loss,reverse_fade+stop,2,1,1,2008-01-22 15:15:00-05:00
2008-01-28,long,2008-01-30 10:00:00-05:00,2008-02-01 21:45:00-05:00,1.48143,1.47995,1.46754,1.50921,1.477263,1.474485,1.477263,2008-01-30 13:15:00-05:00,nan,,2,0,1.47977,1.46588,0.013889999999999958,-985.899999999999,loss,dd_cut+week_end,1,3,0,
2008-02-04,short,2008-02-05 08:15:00-05:00,2008-02-05 12:00:00-05:00,1.47783,1.46597,1.48376,1.46597,1.479609,1.480795,nan,,nan,,0,0,1.48482,1.47889,0.005929999999999991,3553.4999999999945,win,target,1,3,0,
2008-02-04,short,2008-02-05 12:15:00-05:00,2008-02-07 12:45:00-05:00,1.46728,1.45542,1.47321,1.45542,1.469059,1.4702449999999998,1.469059,2008-02-05 13:45:00-05:00,nan,,2,0,1.48482,1.47889,0.005929999999999991,825.7000000000032,win,dd_cut+target,2,3,0,
2008-02-11,long,2008-02-12 14:15:00-05:00,2008-02-13 07:30:00-05:00,1.45934,1.4543500000000003,1.4493600000000002,1.4792999999999998,1.4563460000000001,1.4543500000000003,1.4563460000000001,2008-02-13 01:00:00-05:00,1.4543500000000003,2008-02-13 07:30:00-05:00,2,1,1.45786,1.44788,0.009979999999999878,-1102.299999999971,loss,dd_cut+flat_at_50,1,3,0,
2008-02-11,short,2008-02-13 07:30:00-05:00,2008-02-14 16:00:00-05:00,1.4543500000000003,1.4643300000000001,1.4643300000000001,1.4343900000000005,nan,nan,nan,,nan,,0,0,1.45786,1.44788,0.009979999999999878,-999.4999999999878,loss,reverse_fade+stop,1,1,1,2008-02-12 14:15:00-05:00
2008-02-11,long,2008-02-13 10:45:00-05:00,2008-02-13 14:15:00-05:00,1.45925,1.45426,1.44927,1.4792099999999997,1.456256,1.45426,1.456256,2008-02-13 14:00:00-05:00,1.45426,2008-02-13 14:15:00-05:00,2,1,1.45786,1.44788,0.009979999999999878,-1102.299999999971,loss,dd_cut+flat_at_50,2,3,0,
2008-02-11,short,2008-02-13 14:15:00-05:00,2008-02-14 16:00:00-05:00,1.45426,1.46424,1.46424,1.4343000000000004,nan,nan,nan,,nan,,0,0,1.45786,1.44788,0.009979999999999878,-999.4999999999878,loss,reverse_fade+stop,2,1,1,2008-02-13 10:45:00-05:00
2008-02-18,long,2008-02-19 05:45:00-05:00,2008-02-20 12:00:00-05:00,1.46965,1.46555,1.46145,1.4860499999999999,1.46719,1.46555,1.46719,2008-02-20 11:45:00-05:00,1.46555,2008-02-20 12:00:00-05:00,2,1,1.46901,1.46081,0.008199999999999985,-906.4999999999807,loss,dd_cut+flat_at_50,1,3,0,
2008-02-18,short,2008-02-20 12:00:00-05:00,2008-02-21 07:00:00-05:00,1.46555,1.47375,1.47375,1.44915,nan,nan,nan,,nan,,0,0,1.46901,1.46081,0.008199999999999985,-821.4999999999985,loss,reverse_fade+stop,1,1,1,2008-02-19 05:45:00-05:00
2008-02-18,long,2008-02-20 17:45:00-05:00,2008-02-22 13:00:00-05:00,1.46913,1.48553,1.46093,1.48553,1.4666700000000001,1.46503,nan,,nan,,0,0,1.46901,1.46081,0.008199999999999985,4915.499999999991,win,target,2,3,0,
2008-02-25,short,2008-02-26 07:45:00-05:00,2008-02-26 09:00:00-05:00,1.47841,1.481065,1.48372,1.4677900000000002,1.480003,1.481065,1.480003,2008-02-26 08:30:00-05:00,1.481065,2008-02-26 09:00:00-05:00,2,1,1.4844,1.47909,0.005309999999999926,-588.5999999999985,loss,dd_cut+flat_at_50,1,3,0,
2008-02-25,long,2008-02-26 09:00:00-05:00,2008-02-26 17:30:00-05:00,1.481065,1.491685,1.4757550000000001,1.491685,nan,nan,nan,,nan,,0,0,1.4844,1.47909,0.005309999999999926,1060.4999999999852,win,reverse_fade+target,1,1,1,2008-02-26 07:45:00-05:00
2008-02-25,long,2008-02-26 09:15:00-05:00,2008-02-26 19:30:00-05:00,1.48447,1.4950899999999998,1.47916,1.4950899999999998,1.482877,1.481815,nan,,nan,,0,0,1.4844,1.47909,0.005309999999999926,3181.4999999999554,win,target,2,3,0,
2008-03-03,short,2008-03-05 08:00:00-05:00,2008-03-05 13:15:00-05:00,1.51545,1.52135,1.5272499999999998,1.4918500000000003,1.5189899999999998,1.52135,1.5189899999999998,2008-03-05 10:15:00-05:00,1.52135,2008-03-05 13:15:00-05:00,2,1,1.52734,1.51554,0.01179999999999981,-1302.4999999999768,loss,dd_cut+flat_at_50,1,3,0,
2008-03-03,long,2008-03-05 13:15:00-05:00,2008-03-07 13:30:00-05:00,1.52135,1.5449499999999996,1.5095500000000002,1.5449499999999996,nan,nan,nan,,nan,,0,0,1.52734,1.51554,0.01179999999999981,2358.4999999999623,win,reverse_fade+target,1,1,1,2008-03-05 08:00:00-05:00
2008-03-03,long,2008-03-05 16:15:00-05:00,2008-03-07 21:45:00-05:00,1.52789,1.5354,1.5160900000000002,1.5514899999999996,1.52435,1.5219900000000002,nan,,nan,,0,0,1.52734,1.51554,0.01179999999999981,2248.500000000038,win,week_end,2,3,0,
2008-03-10,long,2008-03-11 09:30:00-04:00,2008-03-11 12:45:00-04:00,1.54024,1.535805,1.5313700000000001,1.55798,1.537579,1.535805,1.537579,2008-03-11 12:45:00-04:00,1.535805,2008-03-11 12:45:00-04:00,2,1,1.54003,1.53116,0.008869999999999933,-980.2000000000016,loss,dd_cut+flat_at_50,1,3,0,
2008-03-10,short,2008-03-11 12:45:00-04:00,2008-03-12 10:00:00-04:00,1.535805,1.544675,1.544675,1.5180650000000002,nan,nan,nan,,nan,,0,0,1.54003,1.53116,0.008869999999999933,-888.4999999999934,loss,reverse_fade+stop,1,1,1,2008-03-11 09:30:00-04:00
2008-03-10,long,2008-03-12 10:00:00-04:00,2008-03-13 20:30:00-04:00,1.54515,1.56289,1.53628,1.56289,1.542489,1.540715,nan,,nan,,0,0,1.54003,1.53116,0.008869999999999933,5317.49999999996,win,target,2,3,0,
2008-03-17,short,2008-03-18 21:00:00-04:00,2008-03-19 08:30:00-04:00,1.56224,1.57305,1.58386,1.5190000000000001,1.568726,1.57305,1.568726,2008-03-19 03:45:00-04:00,1.57305,2008-03-19 08:30:00-04:00,2,1,1.59021,1.56859,0.021619999999999973,-2382.699999999997,loss,dd_cut+flat_at_50,1,3,0,
2008-03-17,long,2008-03-19 08:30:00-04:00,2008-03-20 09:15:00-04:00,1.57305,1.55143,1.55143,1.61629,nan,nan,nan,,nan,,0,0,1.59021,1.56859,0.021619999999999973,-2163.4999999999973,loss,reverse_fade+stop,1,1,1,2008-03-18 21:00:00-04:00
2008-03-17,short,2008-03-19 13:15:00-04:00,2008-03-21 20:45:00-04:00,1.56821,1.54269,1.58983,1.5249700000000002,1.574696,1.57902,nan,,nan,,0,0,1.59021,1.56859,0.021619999999999973,7651.500000000063,win,week_end,2,3,0,
2008-03-24,long,2008-03-25 02:00:00-04:00,2008-03-26 09:15:00-04:00,1.54738,1.5706200000000003,1.5357599999999998,1.5706200000000003,1.5438939999999999,1.5415699999999999,nan,,nan,,0,0,1.54543,1.53381,0.011620000000000186,6967.500000000112,win,target,1,3,0,
2008-03-24,long,2008-03-26 13:00:00-04:00,2008-03-28 20:45:00-04:00,1.57077,1.57918,1.5591499999999998,1.5940100000000004,1.567284,1.56496,nan,,nan,,0,0,1.54543,1.53381,0.011620000000000186,2518.5000000000086,win,week_end,2,3,0,
2008-03-31,short,2008-04-01 05:30:00-04:00,2008-04-04 20:45:00-04:00,1.57283,1.57352,1.5881299999999998,1.5422300000000002,1.5774199999999998,1.5804799999999999,nan,,nan,,0,0,1.58974,1.57444,0.01529999999999987,-211.50000000002382,loss,week_end,1,3,0,
2008-04-07,long,2008-04-08 00:00:00-04:00,2008-04-08 06:15:00-04:00,1.57766,1.572355,1.56705,1.59888,1.5744770000000001,1.572355,1.5744770000000001,2008-04-08 03:30:00-04:00,1.572355,2008-04-08 06:15:00-04:00,2,1,1.57308,1.56247,0.010610000000000008,-1171.5999999999985,loss,dd_cut+flat_at_50,1,3,0,
2008-04-07,short,2008-04-08 06:15:00-04:00,2008-04-09 16:45:00-04:00,1.572355,1.582965,1.582965,1.551135,nan,nan,nan,,nan,,0,0,1.57308,1.56247,0.010610000000000008,-1062.500000000001,loss,reverse_fade+stop,1,1,1,2008-04-08 00:00:00-04:00
2008-04-07,long,2008-04-08 06:30:00-04:00,2008-04-08 12:30:00-04:00,1.5732,1.567895,1.56259,1.59442,1.570017,1.567895,1.570017,2008-04-08 11:30:00-04:00,1.567895,2008-04-08 12:30:00-04:00,2,1,1.57308,1.56247,0.010610000000000008,-1171.5999999999765,loss,dd_cut+flat_at_50,2,3,0,
2008-04-07,short,2008-04-08 12:30:00-04:00,2008-04-09 15:15:00-04:00,1.567895,1.578505,1.578505,1.546675,nan,nan,nan,,nan,,0,0,1.57308,1.56247,0.010610000000000008,-1062.500000000001,loss,reverse_fade+stop,2,1,1,2008-04-08 06:30:00-04:00
2008-04-14,long,2008-04-16 09:00:00-04:00,2008-04-18 11:45:00-04:00,1.58935,1.578435,1.56752,1.63301,1.5828010000000001,1.578435,1.5828010000000001,2008-04-18 10:30:00-04:00,1.578435,2008-04-18 11:45:00-04:00,2,1,1.58867,1.56684,0.021830000000000016,-2405.799999999984,loss,dd_cut+flat_at_50,1,3,0,
2008-04-14,short,2008-04-18 11:45:00-04:00,2008-04-18 20:45:00-04:00,1.578435,1.5812,1.600265,1.534775,nan,nan,nan,,nan,,0,0,1.58867,1.56684,0.021830000000000016,-277.9999999999906,loss,reverse_fade+week_end,1,1,1,2008-04-16 09:00:00-04:00
2008-04-21,long,2008-04-22 08:45:00-04:00,2008-04-23 14:00:00-04:00,1.59478,1.5869,1.57902,1.6263,1.590052,1.5869,1.590052,2008-04-22 13:30:00-04:00,1.5869,2008-04-23 14:00:00-04:00,2,1,1.59466,1.5789,0.015759999999999996,-1738.100000000024,loss,dd_cut+flat_at_50,1,3,0,
2008-04-21,short,2008-04-23 14:00:00-04:00,2008-04-25 08:15:00-04:00,1.5869,1.55538,1.60266,1.55538,nan,nan,nan,,nan,,0,0,1.59466,1.5789,0.015759999999999996,3150.499999999999,win,reverse_fade+target,1,1,1,2008-04-22 08:45:00-04:00
2008-04-21,short,2008-04-24 08:00:00-04:00,2008-04-25 20:45:00-04:00,1.57664,1.56276,1.5924,1.54512,1.581368,1.58452,nan,,nan,,0,0,1.59466,1.5789,0.015759999999999996,4159.500000000035,win,week_end,2,3,0,
2008-04-28,short,2008-04-29 07:00:00-04:00,2008-04-30 18:45:00-04:00,1.55778,1.5628799999999998,1.56798,1.53738,1.56084,1.5628799999999998,1.56084,2008-04-29 14:15:00-04:00,1.5628799999999998,2008-04-30 18:45:00-04:00,2,1,1.56924,1.55904,0.010199999999999987,-1126.5000000000007,loss,dd_cut+flat_at_50,1,3,0,
2008-04-28,long,2008-04-30 18:45:00-04:00,2008-05-01 07:45:00-04:00,1.5628799999999998,1.5526799999999998,1.5526799999999998,1.5832799999999998,nan,nan,nan,,nan,,0,0,1.56924,1.55904,0.010199999999999987,-1021.4999999999986,loss,reverse_fade+stop,1,1,1,2008-04-29 07:00:00-04:00
2008-04-28,short,2008-05-01 07:15:00-04:00,2008-05-02 12:30:00-04:00,1.55693,1.53653,1.56713,1.53653,1.55999,1.56203,nan,,nan,,0,0,1.56924,1.55904,0.010199999999999987,6115.499999999992,win,target,2,3,0,
2008-05-05,long,2008-05-06 01:00:00-04:00,2008-05-06 07:00:00-04:00,1.55251,1.54769,1.54287,1.5717900000000002,1.549618,1.54769,1.549618,2008-05-06 06:30:00-04:00,1.54769,2008-05-06 07:00:00-04:00,2,1,1.55196,1.54232,0.009640000000000093,-1064.9000000000278,loss,dd_cut+flat_at_50,1,3,0,
2008-05-05,short,2008-05-06 07:00:00-04:00,2008-05-06 14:00:00-04:00,1.54769,1.55733,1.55733,1.5284099999999998,nan,nan,nan,,nan,,0,0,1.55196,1.54232,0.009640000000000093,-965.5000000000093,loss,reverse_fade+stop,1,1,1,2008-05-06 01:00:00-04:00
2008-05-05,long,2008-05-06 09:45:00-04:00,2008-05-07 05:45:00-04:00,1.55205,1.5472299999999999,1.5424099999999998,1.5713300000000001,1.5491579999999998,1.5472299999999999,1.5491579999999998,2008-05-07 02:00:00-04:00,1.5472299999999999,2008-05-07 05:45:00-04:00,2,1,1.55196,1.54232,0.009640000000000093,-1064.9000000000278,loss,dd_cut+flat_at_50,2,3,0,
2008-05-05,short,2008-05-07 05:45:00-04:00,2008-05-09 20:45:00-04:00,1.5472299999999999,1.54811,1.55687,1.5279499999999997,nan,nan,nan,,nan,,0,0,1.55196,1.54232,0.009640000000000093,-89.5000000000214,loss,reverse_fade+week_end,2,1,1,2008-05-06 09:45:00-04:00
2008-05-12,long,2008-05-16 15:00:00-04:00,2008-05-16 20:45:00-04:00,1.55753,1.55748,1.53681,1.5989700000000002,1.551314,1.54717,nan,,nan,,0,0,1.55699,1.53627,0.02072000000000007,-19.500000000031655,loss,week_end,1,3,0,
2008-05-19,long,2008-05-20 09:15:00-04:00,2008-05-23 20:45:00-04:00,1.56421,1.57578,1.54899,1.5946500000000001,1.559644,1.5566,nan,,nan,,0,0,1.56333,1.54811,0.015220000000000011,3466.4999999999577,win,week_end,1,3,0,
2008-05-26,long,2008-05-27 00:30:00-04:00,2008-05-27 06:15:00-04:00,1.57978,1.577185,1.57459,1.59016,1.578223,1.577185,1.578223,2008-05-27 00:45:00-04:00,1.577185,2008-05-27 06:15:00-04:00,2,1,1.5791,1.57391,0.005190000000000028,-575.3999999999965,loss,dd_cut+flat_at_50,1,3,0,
2008-05-26,short,2008-05-27 06:15:00-04:00,2008-05-28 01:00:00-04:00,1.577185,1.566805,1.582375,1.566805,nan,nan,nan,,nan,,0,0,1.5791,1.57391,0.005190000000000028,1036.5000000000057,win,reverse_fade+target,1,1,1,2008-05-27 00:30:00-04:00
2008-05-26,short,2008-05-27 07:30:00-04:00,2008-05-27 08:30:00-04:00,1.57383,1.576425,1.57902,1.56345,1.575387,1.576425,1.575387,2008-05-27 08:00:00-04:00,1.576425,2008-05-27 08:30:00-04:00,2,1,1.5791,1.57391,0.005190000000000028,-575.3999999999965,loss,dd_cut+flat_at_50,2,3,0,
2008-05-26,long,2008-05-27 08:30:00-04:00,2008-05-27 13:15:00-04:00,1.576425,1.571235,1.571235,1.586805,nan,nan,nan,,nan,,0,0,1.5791,1.57391,0.005190000000000028,-520.5000000000028,loss,reverse_fade+stop,2,1,1,2008-05-27 07:30:00-04:00
2008-06-02,long,2008-06-03 08:15:00-04:00,2008-06-03 13:00:00-04:00,1.55967,1.55449,1.54931,1.5803899999999997,1.556562,1.55449,1.556562,2008-06-03 13:00:00-04:00,1.55449,2008-06-03 13:00:00-04:00,2,1,1.55881,1.54845,0.010359999999999925,-1144.099999999974,loss,dd_cut+flat_at_50,1,3,0,
2008-06-02,short,2008-06-03 13:00:00-04:00,2008-06-06 12:30:00-04:00,1.55449,1.5648499999999999,1.5648499999999999,1.53377,nan,nan,nan,,nan,,0,0,1.55881,1.54845,0.010359999999999925,-1037.4999999999925,loss,reverse_fade+stop,1,1,1,2008-06-03 08:15:00-04:00
2008-06-02,short,2008-06-03 13:15:00-04:00,2008-06-05 13:15:00-04:00,1.54628,1.55146,1.55664,1.5255600000000002,1.549388,1.55146,1.549388,2008-06-05 13:00:00-04:00,1.55146,2008-06-05 13:15:00-04:00,2,1,1.55881,1.54845,0.010359999999999925,-1144.099999999974,loss,dd_cut+flat_at_50,2,3,0,
2008-06-02,long,2008-06-05 13:15:00-04:00,2008-06-06 14:45:00-04:00,1.55146,1.57218,1.5411000000000001,1.57218,nan,nan,nan,,nan,,0,0,1.55881,1.54845,0.010359999999999925,2070.499999999985,win,reverse_fade+target,2,1,1,2008-06-03 13:15:00-04:00
2008-06-09,short,2008-06-10 00:15:00-04:00,2008-06-13 20:45:00-04:00,1.55746,1.5377,1.58018,1.5120200000000004,1.564276,1.56882,nan,,nan,,0,0,1.58432,1.5616,0.02271999999999985,5923.5,win,week_end,1,3,0,
2008-06-16,long,2008-06-17 01:30:00-04:00,2008-06-20 20:45:00-04:00,1.55224,1.56028,1.53469,1.58734,1.546975,1.543465,1.546975,2008-06-17 09:00:00-04:00,nan,,2,0,1.55188,1.53433,0.017549999999999955,-253.50000000003251,loss,dd_cut+week_end,1,3,0,
2008-06-23,long,2008-06-25 18:15:00-04:00,2008-06-27 20:45:00-04:00,1.56446,1.57906,1.54839,1.5966,1.559639,1.556425,nan,,nan,,0,0,1.56268,1.54661,0.01607000000000003,4375.499999999984,win,week_end,1,3,0,
2008-06-30,long,2008-07-02 12:30:00-04:00,2008-07-03 12:45:00-04:00,1.58377,1.5783299999999998,1.57289,1.60553,1.580506,1.5783299999999998,1.580506,2008-07-03 12:30:00-04:00,1.5783299999999998,2008-07-03 12:45:00-04:00,2,1,1.58359,1.57271,0.01088,-1201.299999999998,loss,dd_cut+flat_at_50,1,3,0,
2008-06-30,short,2008-07-03 12:45:00-04:00,2008-07-04 20:45:00-04:00,1.5783299999999998,1.57029,1.5892099999999998,1.5565699999999998,nan,nan,nan,,nan,,0,0,1.58359,1.57271,0.01088,802.4999999999825,win,reverse_fade+week_end,1,1,1,2008-07-02 12:30:00-04:00
2008-06-30,short,2008-07-03 14:15:00-04:00,2008-07-04 20:45:00-04:00,1.57265,1.57029,1.58353,1.55089,1.575914,1.57809,nan,,nan,,0,0,1.58359,1.57271,0.01088,703.500000000042,win,week_end,2,3,0,
2008-07-07,long,2008-07-10 14:00:00-04:00,2008-07-11 20:45:00-04:00,1.57563,1.59368,1.5610200000000003,1.6048499999999997,1.571247,1.5683250000000002,nan,,nan,,0,0,1.57533,1.56072,0.01460999999999979,5410.49999999997,win,week_end,1,3,0,
2008-07-14,long,2008-07-15 03:00:00-04:00,2008-07-15 18:30:00-04:00,1.59395,1.5891600000000001,1.58437,1.6131099999999998,1.591076,1.5891600000000001,1.591076,2008-07-15 15:15:00-04:00,1.5891600000000001,2008-07-15 18:30:00-04:00,2,1,1.5935,1.58392,0.009579999999999922,-1058.2999999999936,loss,dd_cut+flat_at_50,1,3,0,
2008-07-14,short,2008-07-15 18:30:00-04:00,2008-07-18 20:45:00-04:00,1.5891600000000001,1.58448,1.59874,1.5700000000000003,nan,nan,nan,,nan,,0,0,1.5935,1.58392,0.009579999999999922,466.50000000000176,win,reverse_fade+week_end,1,1,1,2008-07-15 03:00:00-04:00
2008-07-14,long,2008-07-16 10:45:00-04:00,2008-07-16 12:00:00-04:00,1.59375,1.5889600000000002,1.58417,1.6129099999999998,1.590876,1.5889600000000002,1.590876,2008-07-16 11:15:00-04:00,1.5889600000000002,2008-07-16 12:00:00-04:00,2,1,1.5935,1.58392,0.009579999999999922,-1058.2999999999936,loss,dd_cut+flat_at_50,2,3,0,
2008-07-14,short,2008-07-16 12:00:00-04:00,2008-07-18 20:45:00-04:00,1.5889600000000002,1.58448,1.59854,1.5698000000000003,nan,nan,nan,,nan,,0,0,1.5935,1.58392,0.009579999999999922,446.500000000004,win,reverse_fade+week_end,2,1,1,2008-07-16 10:45:00-04:00
2008-07-21,long,2008-07-22 01:00:00-04:00,2008-07-22 12:30:00-04:00,1.5932,1.588115,1.58303,1.61354,1.590149,1.588115,1.590149,2008-07-22 12:15:00-04:00,1.588115,2008-07-22 12:30:00-04:00,2,1,1.59313,1.58296,0.010170000000000012,-1123.1999999999837,loss,dd_cut+flat_at_50,1,3,0,
2008-07-21,short,2008-07-22 12:30:00-04:00,2008-07-23 18:00:00-04:00,1.588115,1.567775,1.598285,1.567775,nan,nan,nan,,nan,,0,0,1.59313,1.58296,0.010170000000000012,2032.5000000000025,win,reverse_fade+target,1,1,1,2008-07-22 01:00:00-04:00
2008-07-21,short,2008-07-22 15:00:00-04:00,2008-07-25 20:45:00-04:00,1.58176,1.57043,1.59193,1.56142,1.584811,1.586845,nan,,nan,,0,0,1.59313,1.58296,0.010170000000000012,3394.500000000018,win,week_end,2,3,0,
2008-07-28,short,2008-07-29 13:30:00-04:00,2008-08-01 20:45:00-04:00,1.56734,1.55609,1.57608,1.54986,1.5699619999999999,1.57171,nan,,nan,,0,0,1.57683,1.56809,0.00873999999999997,3370.4999999999945,win,week_end,1,3,0,
2008-08-04,short,2008-08-05 00:00:00-04:00,2008-08-06 15:30:00-04:00,1.55521,1.5396100000000004,1.5630099999999998,1.5396100000000004,1.55755,1.55911,nan,,nan,,0,0,1.56306,1.55526,0.007799999999999807,4675.499999999884,win,target,1,3,0,
2008-08-04,short,2008-08-06 15:45:00-04:00,2008-08-07 06:00:00-04:00,1.54064,1.54454,1.5484399999999998,1.5250400000000004,1.54298,1.54454,1.54298,2008-08-06 16:45:00-04:00,1.54454,2008-08-07 06:00:00-04:00,2,1,1.56306,1.55526,0.007799999999999807,-862.5000000000032,loss,dd_cut+flat_at_50,2,3,0,
2008-08-04,long,2008-08-07 06:00:00-04:00,2008-08-07 14:00:00-04:00,1.54454,1.5367400000000002,1.5367400000000002,1.5601399999999996,nan,nan,nan,,nan,,0,0,1.56306,1.55526,0.007799999999999807,-781.4999999999807,loss,reverse_fade+stop,2,1,1,2008-08-06 15:45:00-04:00
2008-08-11,short,2008-08-12 01:00:00-04:00,2008-08-13 07:15:00-04:00,1.4868,1.497045,1.50729,1.4458199999999997,1.492947,1.497045,1.492947,2008-08-12 12:15:00-04:00,1.497045,2008-08-13 07:15:00-04:00,2,1,1.50835,1.48786,0.02049000000000012,-2258.4000000000306,loss,dd_cut+flat_at_50,1,3,0,
2008-08-11,long,2008-08-13 07:15:00-04:00,2008-08-14 23:15:00-04:00,1.497045,1.4765549999999998,1.4765549999999998,1.5380250000000002,nan,nan,nan,,nan,,0,0,1.50835,1.48786,0.02049000000000012,-2050.500000000012,loss,reverse_fade+stop,1,1,1,2008-08-12 01:00:00-04:00
2008-08-11,short,2008-08-13 10:15:00-04:00,2008-08-15 20:45:00-04:00,1.48741,1.46856,1.5079,1.4464299999999997,1.493557,1.497655,1.493557,2008-08-13 17:30:00-04:00,nan,,2,0,1.50835,1.48786,0.02049000000000012,651.0999999999563,win,dd_cut+week_end,2,3,0,
2008-08-18,short,2008-08-19 05:45:00-04:00,2008-08-19 14:45:00-04:00,1.46601,1.471105,1.4762000000000002,1.4456299999999997,1.4690670000000001,1.471105,1.4690670000000001,2008-08-19 09:00:00-04:00,1.471105,2008-08-19 14:45:00-04:00,2,1,1.47679,1.4666,0.010190000000000143,-1125.4000000000246,loss,dd_cut+flat_at_50,1,3,0,
2008-08-18,long,2008-08-19 14:45:00-04:00,2008-08-22 20:45:00-04:00,1.471105,1.47909,1.460915,1.4914850000000004,nan,nan,nan,,nan,,0,0,1.47679,1.4666,0.010190000000000143,796.9999999999909,win,reverse_fade+week_end,1,1,1,2008-08-19 05:45:00-04:00
2008-08-18,long,2008-08-19 16:00:00-04:00,2008-08-20 09:15:00-04:00,1.47709,1.471995,1.4668999999999999,1.4974700000000003,1.474033,1.471995,1.474033,2008-08-20 06:30:00-04:00,1.471995,2008-08-20 09:15:00-04:00,2,1,1.47679,1.4666,0.010190000000000143,-1125.4000000000246,loss,dd_cut+flat_at_50,2,3,0,
2008-08-18,short,2008-08-20 09:15:00-04:00,2008-08-21 06:45:00-04:00,1.471995,1.482185,1.482185,1.4516149999999997,nan,nan,nan,,nan,,0,0,1.47679,1.4666,0.010190000000000143,-1020.5000000000143,loss,reverse_fade+stop,2,1,1,2008-08-19 16:00:00-04:00
2008-08-25,short,2008-08-26 05:15:00-04:00,2008-08-27 03:45:00-04:00,1.46822,1.47395,1.47968,1.4453,1.4716580000000001,1.47395,1.4716580000000001,2008-08-27 01:00:00-04:00,1.47395,2008-08-27 03:45:00-04:00,2,1,1.48067,1.46921,0.011460000000000026,-1265.1000000000117,loss,dd_cut+flat_at_50,1,3,0,
2008-08-25,long,2008-08-27 03:45:00-04:00,2008-08-29 20:45:00-04:00,1.47395,1.46714,1.46249,1.4968700000000001,nan,nan,nan,,nan,,0,0,1.48067,1.46921,0.011460000000000026,-682.4999999999983,loss,reverse_fade+week_end,1,1,1,2008-08-26 05:15:00-04:00
2008-08-25,short,2008-08-27 06:45:00-04:00,2008-08-27 10:15:00-04:00,1.46823,1.47396,1.47969,1.4453099999999999,1.471668,1.47396,1.471668,2008-08-27 07:30:00-04:00,1.47396,2008-08-27 10:15:00-04:00,2,1,1.48067,1.46921,0.011460000000000026,-1265.1000000000117,loss,dd_cut+flat_at_50,2,3,0,
2008-08-25,long,2008-08-27 10:15:00-04:00,2008-08-29 20:45:00-04:00,1.47396,1.46714,1.4625,1.49688,nan,nan,nan,,nan,,0,0,1.48067,1.46921,0.011460000000000026,-683.4999999999826,loss,reverse_fade+week_end,2,1,1,2008-08-27 06:45:00-04:00
2008-09-01,short,2008-09-02 06:15:00-04:00,2008-09-04 21:15:00-04:00,1.45522,1.4254999999999998,1.47008,1.4254999999999998,1.459678,1.46265,nan,,nan,,0,0,1.47029,1.45543,0.014860000000000095,8911.500000000058,win,target,1,3,0,
2008-09-01,short,2008-09-04 21:30:00-04:00,2008-09-05 12:45:00-04:00,1.42546,1.43289,1.44032,1.3957399999999998,1.429918,1.43289,1.429918,2008-09-05 05:00:00-04:00,1.43289,2008-09-05 12:45:00-04:00,2,1,1.47029,1.45543,0.014860000000000095,-1639.1000000000195,loss,dd_cut+flat_at_50,2,3,0,
2008-09-01,long,2008-09-05 12:45:00-04:00,2008-09-05 20:45:00-04:00,1.43289,1.42666,1.41803,1.4626100000000002,nan,nan,nan,,nan,,0,0,1.47029,1.45543,0.014860000000000095,-624.4999999999958,loss,reverse_fade+week_end,2,1,1,2008-09-04 21:30:00-04:00
2008-09-08,short,2008-09-10 15:00:00-04:00,2008-09-12 20:45:00-04:00,1.40485,1.42204,1.44249,1.3295699999999997,1.416142,1.42367,1.416142,2008-09-12 14:45:00-04:00,nan,,2,0,1.4428,1.40516,0.03764000000000012,-3981.9000000000196,loss,dd_cut+week_end,1,3,0,
2008-09-15,long,2008-09-18 10:00:00-04:00,2008-09-18 19:00:00-04:00,1.45212,1.432115,1.41211,1.5321400000000003,1.440117,1.432115,1.440117,2008-09-18 13:30:00-04:00,1.432115,2008-09-18 19:00:00-04:00,2,1,1.44821,1.4082,0.0400100000000001,-4405.600000000002,loss,dd_cut+flat_at_50,1,3,0,
2008-09-15,short,2008-09-18 19:00:00-04:00,2008-09-19 20:45:00-04:00,1.432115,1.44646,1.4721250000000001,1.3520949999999998,nan,nan,nan,,nan,,0,0,1.44821,1.4082,0.0400100000000001,-1436.0000000000052,loss,reverse_fade+week_end,1,1,1,2008-09-18 10:00:00-04:00
2008-09-15,long,2008-09-19 20:00:00-04:00,2008-09-19 20:45:00-04:00,1.44907,1.44646,1.40906,1.5290900000000003,1.437067,1.429065,nan,,nan,,0,0,1.44821,1.4082,0.0400100000000001,-787.5000000000003,loss,week_end,2,3,0,
2008-09-29,short,2008-09-30 12:30:00-04:00,2008-10-03 13:15:00-04:00,1.42649,1.37301,1.45323,1.37301,1.434512,1.43986,nan,,nan,,0,0,1.45675,1.43001,0.026739999999999986,16039.499999999993,win,target,1,3,0,
2008-09-29,short,2008-10-03 13:30:00-04:00,2008-10-03 18:00:00-04:00,1.37495,1.3883199999999998,1.4016899999999999,1.32147,1.3829719999999999,1.3883199999999998,1.3829719999999999,2008-10-03 15:30:00-04:00,1.3883199999999998,2008-10-03 18:00:00-04:00,2,1,1.45675,1.43001,0.026739999999999986,-2945.899999999983,loss,dd_cut+flat_at_50,2,3,0,
2008-09-29,long,2008-10-03 18:00:00-04:00,2008-10-03 20:45:00-04:00,1.3883199999999998,1.37705,1.3615799999999998,1.4417999999999997,nan,nan,nan,,nan,,0,0,1.45675,1.43001,0.026739999999999986,-1128.4999999999668,loss,reverse_fade+week_end,2,1,1,2008-10-03 13:30:00-04:00
2008-10-06,long,2008-10-07 13:00:00-04:00,2008-10-07 17:45:00-04:00,1.3681,1.3567500000000001,1.3454000000000002,1.4135,1.3612900000000001,1.3567500000000001,1.3612900000000001,2008-10-07 15:00:00-04:00,1.3567500000000001,2008-10-07 17:45:00-04:00,2,1,1.367,1.3443,0.022699999999999942,-2501.4999999999936,loss,dd_cut+flat_at_50,1,3,0,
2008-10-06,short,2008-10-07 17:45:00-04:00,2008-10-10 20:45:00-04:00,1.3567500000000001,1.34091,1.37945,1.3113500000000002,nan,nan,nan,,nan,,0,0,1.367,1.3443,0.022699999999999942,1582.5000000000077,win,reverse_fade+week_end,1,1,1,2008-10-07 13:00:00-04:00
2008-10-06,long,2008-10-08 13:30:00-04:00,2008-10-09 23:30:00-04:00,1.36783,1.3564800000000001,1.3451300000000002,1.41323,1.3610200000000001,1.3564800000000001,1.3610200000000001,2008-10-08 23:45:00-04:00,1.3564800000000001,2008-10-09 23:30:00-04:00,2,1,1.367,1.3443,0.022699999999999942,-2501.4999999999936,loss,dd_cut+flat_at_50,2,3,0,
2008-10-06,short,2008-10-09 23:30:00-04:00,2008-10-10 20:45:00-04:00,1.3564800000000001,1.34091,1.37918,1.3110800000000002,nan,nan,nan,,nan,,0,0,1.367,1.3443,0.022699999999999942,1555.5000000000084,win,reverse_fade+week_end,2,1,1,2008-10-08 13:30:00-04:00
2008-10-13,long,2008-10-14 03:45:00-04:00,2008-10-14 23:30:00-04:00,1.36806,1.356575,1.3450900000000001,1.414,1.361169,1.356575,1.361169,2008-10-14 14:45:00-04:00,1.356575,2008-10-14 23:30:00-04:00,2,1,1.36795,1.34498,0.022969999999999935,-2531.199999999993,loss,dd_cut+flat_at_50,1,3,0,
2008-10-13,short,2008-10-14 23:30:00-04:00,2008-10-17 20:45:00-04:00,1.356575,1.34052,1.379545,1.3106350000000002,nan,nan,nan,,nan,,0,0,1.36795,1.34498,0.022969999999999935,1604.0000000000152,win,reverse_fade+week_end,1,1,1,2008-10-14 03:45:00-04:00
2008-10-13,short,2008-10-15 21:15:00-04:00,2008-10-17 20:45:00-04:00,1.3449,1.34052,1.36787,1.2989600000000001,1.351791,1.356385,1.351791,2008-10-16 11:15:00-04:00,nan,,2,0,1.36795,1.34498,0.022969999999999935,-944.6999999999912,loss,dd_cut+week_end,2,3,0,
2008-10-20,short,2008-10-21 06:30:00-04:00,2008-10-22 04:15:00-04:00,1.32793,1.2793700000000003,1.35221,1.2793700000000003,1.3352140000000001,1.3400699999999999,nan,,nan,,0,0,1.35299,1.32871,0.024279999999999857,14563.499999999916,win,target,1,3,0,
2008-10-20,short,2008-10-22 04:30:00-04:00,2008-10-22 10:00:00-04:00,1.28138,1.29352,1.3056599999999998,1.2328200000000002,1.2886639999999998,1.29352,1.2886639999999998,2008-10-22 07:00:00-04:00,1.29352,2008-10-22 10:00:00-04:00,2,1,1.35299,1.32871,0.024279999999999857,-2675.299999999973,loss,dd_cut+flat_at_50,2,3,0,
2008-10-20,long,2008-10-22 10:00:00-04:00,2008-10-24 06:45:00-04:00,1.29352,1.2692400000000001,1.2692400000000001,1.3420799999999997,nan,nan,nan,,nan,,0,0,1.35299,1.32871,0.024279999999999857,-2429.499999999986,loss,reverse_fade+stop,2,1,1,2008-10-22 04:30:00-04:00
2008-10-27,long,2008-10-28 19:45:00-04:00,2008-10-31 20:45:00-04:00,1.26985,1.27245,1.2354199999999997,1.3387100000000003,1.259521,1.2526349999999997,nan,,nan,,0,0,1.26774,1.23331,0.03443000000000018,775.5000000000474,win,week_end,1,3,0,
2008-11-03,short,2008-11-04 01:15:00-05:00,2008-11-04 09:45:00-05:00,1.25565,1.2718249999999998,1.2879999999999998,1.1909500000000002,1.265355,1.2718249999999998,1.265355,2008-11-04 07:30:00-05:00,1.2718249999999998,2008-11-04 09:45:00-05:00,2,1,1.28985,1.2575,0.03234999999999988,-3562.999999999998,loss,dd_cut+flat_at_50,1,3,0,
2008-11-03,long,2008-11-04 09:45:00-05:00,2008-11-07 21:45:00-05:00,1.2718249999999998,1.2716,1.2394749999999999,1.3365249999999995,nan,nan,nan,,nan,,0,0,1.28985,1.2575,0.03234999999999988,-23.999999999969766,loss,reverse_fade+week_end,1,1,1,2008-11-04 01:15:00-05:00
2008-11-03,long,2008-11-04 15:30:00-05:00,2008-11-06 12:45:00-05:00,1.2944,1.278225,1.2620500000000001,1.3590999999999998,1.2846950000000001,1.278225,1.2846950000000001,2008-11-05 04:15:00-05:00,1.278225,2008-11-06 12:45:00-05:00,2,1,1.28985,1.2575,0.03234999999999988,-3562.9999999999754,loss,dd_cut+flat_at_50,2,3,0,
2008-11-03,short,2008-11-06 12:45:00-05:00,2008-11-07 21:45:00-05:00,1.278225,1.2716,1.3105749999999998,1.2135250000000002,nan,nan,nan,,nan,,0,0,1.28985,1.2575,0.03234999999999988,660.9999999999881,win,reverse_fade+week_end,2,1,1,2008-11-04 15:30:00-05:00
2008-11-10,short,2008-11-11 00:30:00-05:00,2008-11-13 20:45:00-05:00,1.26975,1.280225,1.2907,1.2278499999999999,1.276035,1.280225,1.276035,2008-11-11 04:00:00-05:00,1.280225,2008-11-13 20:45:00-05:00,2,1,1.2927,1.27175,0.020950000000000024,-2309.00000000002,loss,dd_cut+flat_at_50,1,3,0,
2008-11-10,long,2008-11-13 20:45:00-05:00,2008-11-14 21:15:00-05:00,1.280225,1.259275,1.259275,1.322125,nan,nan,nan,,nan,,0,0,1.2927,1.27175,0.020950000000000024,-2096.5000000000023,loss,reverse_fade+stop,1,1,1,2008-11-11 00:30:00-05:00
2008-11-10,short,2008-11-14 07:45:00-05:00,2008-11-14 21:45:00-05:00,1.27075,1.26025,1.2917,1.22885,1.2770350000000001,1.281225,1.2770350000000001,2008-11-14 19:15:00-05:00,nan,,2,0,1.2927,1.27175,0.020950000000000024,-211.50000000002365,loss,dd_cut+week_end,2,3,0,
2008-11-17,long,2008-11-19 14:30:00-05:00,2008-11-19 15:45:00-05:00,1.27715,1.26565,1.25415,1.3231499999999998,1.27025,1.26565,1.27025,2008-11-19 15:30:00-05:00,1.26565,2008-11-19 15:45:00-05:00,2,1,1.27415,1.25115,0.02299999999999991,-2534.499999999988,loss,dd_cut+flat_at_50,1,3,0,
2008-11-17,short,2008-11-19 15:45:00-05:00,2008-11-21 21:45:00-05:00,1.26565,1.25855,1.2886499999999999,1.2196500000000001,nan,nan,nan,,nan,,0,0,1.27415,1.25115,0.02299999999999991,708.4999999999884,win,reverse_fade+week_end,1,1,1,2008-11-19 14:30:00-05:00
2008-11-17,short,2008-11-19 21:30:00-05:00,2008-11-21 10:00:00-05:00,1.25015,1.26165,1.27315,1.2041500000000003,1.25705,1.26165,1.25705,2008-11-20 14:15:00-05:00,1.26165,2008-11-21 10:00:00-05:00,2,1,1.27415,1.25115,0.02299999999999991,-2534.4999999999654,loss,dd_cut+flat_at_50,2,3,0,
2008-11-17,long,2008-11-21 10:00:00-05:00,2008-11-21 21:45:00-05:00,1.26165,1.25855,1.23865,1.3076499999999998,nan,nan,nan,,nan,,0,0,1.27415,1.25115,0.02299999999999991,-311.49999999998806,loss,reverse_fade+week_end,2,1,1,2008-11-19 21:30:00-05:00
2008-11-24,long,2008-11-25 13:30:00-05:00,2008-11-28 11:45:00-05:00,1.29945,1.2797999999999998,1.2601499999999999,1.3780500000000002,1.28766,1.2797999999999998,1.28766,2008-11-26 16:00:00-05:00,1.2797999999999998,2008-11-28 11:45:00-05:00,2,1,1.296,1.2567,0.03930000000000011,-4327.500000000011,loss,dd_cut+flat_at_50,1,3,0,
2008-11-24,short,2008-11-28 11:45:00-05:00,2008-11-28 21:45:00-05:00,1.2797999999999998,1.2689,1.3191,1.2011999999999996,nan,nan,nan,,nan,,0,0,1.296,1.2567,0.03930000000000011,1088.499999999991,win,reverse_fade+week_end,1,1,1,2008-11-25 13:30:00-05:00
2008-12-01,short,2008-12-02 08:00:00-05:00,2008-12-02 09:45:00-05:00,1.257,1.263125,1.26925,1.2324999999999997,1.260675,1.263125,1.260675,2008-12-02 09:15:00-05:00,1.263125,2008-12-02 09:45:00-05:00,2,1,1.27035,1.2581,0.012250000000000094,-1352.0000000000348,loss,dd_cut+flat_at_50,1,3,0,
2008-12-01,long,2008-12-02 09:45:00-05:00,2008-12-05 21:45:00-05:00,1.263125,1.27198,1.250875,1.2876250000000002,nan,nan,nan,,nan,,0,0,1.27035,1.2581,0.012250000000000094,884.0000000000057,win,reverse_fade+week_end,1,1,1,2008-12-02 08:00:00-05:00
2008-12-01,long,2008-12-02 12:45:00-05:00,2008-12-03 08:45:00-05:00,1.2705,1.2643749999999998,1.2582499999999999,1.2950000000000002,1.2668249999999999,1.2643749999999998,1.2668249999999999,2008-12-02 19:15:00-05:00,1.2643749999999998,2008-12-03 08:45:00-05:00,2,1,1.27035,1.2581,0.012250000000000094,-1352.0000000000348,loss,dd_cut+flat_at_50,2,3,0,
2008-12-01,short,2008-12-03 08:45:00-05:00,2008-12-04 16:15:00-05:00,1.2643749999999998,1.276625,1.276625,1.2398749999999996,nan,nan,nan,,nan,,0,0,1.27035,1.2581,0.012250000000000094,-1226.5000000000093,loss,reverse_fade+stop,2,1,1,2008-12-02 12:45:00-05:00
2008-12-08,long,2008-12-09 17:00:00-05:00,2008-12-12 21:45:00-05:00,1.2979,1.33682,1.2738,1.3461,1.29067,1.28585,1.29067,2008-12-09 19:00:00-05:00,nan,,2,0,1.29675,1.27265,0.02410000000000001,2441.499999999971,win,dd_cut+week_end,1,3,0,
2008-12-15,long,2008-12-16 04:30:00-05:00,2008-12-17 15:00:00-05:00,1.37265,1.43185,1.3430499999999999,1.43185,1.36377,1.35785,1.36377,2008-12-16 09:45:00-05:00,nan,,2,0,1.3726,1.343,0.02960000000000007,4139.500000000015,win,dd_cut+target,1,3,0,
2008-12-15,long,2008-12-17 15:15:00-05:00,2008-12-18 17:15:00-05:00,1.43388,1.4190800000000001,1.40428,1.4930800000000002,1.425,1.4190800000000001,1.425,2008-12-18 16:15:00-05:00,1.4190800000000001,2008-12-18 17:15:00-05:00,2,1,1.3726,1.343,0.02960000000000007,-3260.4999999999923,loss,dd_cut+flat_at_50,2,3,0,
2008-12-15,short,2008-12-18 17:15:00-05:00,2008-12-19 21:45:00-05:00,1.4190800000000001,1.3911,1.4486800000000002,1.35988,nan,nan,nan,,nan,,0,0,1.3726,1.343,0.02960000000000007,2796.5000000000114,win,reverse_fade+week_end,2,1,1,2008-12-17 15:15:00-05:00
2008-12-29,short,2008-12-31 13:15:00-05:00,2009-01-02 21:45:00-05:00,1.38515,1.39185,1.42975,1.2959500000000002,1.39853,1.40745,1.39853,2008-12-31 14:30:00-05:00,nan,,2,0,1.43625,1.39165,0.04459999999999997,-3350.4999999999823,loss,dd_cut+week_end,1,3,0,
2009-01-05,short,2009-01-06 04:30:00-05:00,2009-01-07 13:45:00-05:00,1.35355,1.3741249999999998,1.3946999999999998,1.2712500000000004,1.365895,1.3741249999999998,1.365895,2009-01-07 13:15:00-05:00,1.3741249999999998,2009-01-07 13:45:00-05:00,2,1,1.3961,1.35495,0.0411499999999998,-4530.999999999989,loss,dd_cut+flat_at_50,1,3,0,
2009-01-05,long,2009-01-07 13:45:00-05:00,2009-01-09 21:45:00-05:00,1.3741249999999998,1.34672,1.332975,1.4564249999999994,nan,nan,nan,,nan,,0,0,1.3961,1.35495,0.0411499999999998,-2741.99999999999,loss,reverse_fade+week_end,1,1,1,2009-01-06 04:30:00-05:00
2009-01-05,short,2009-01-09 14:15:00-05:00,2009-01-09 21:45:00-05:00,1.35365,1.34672,1.3947999999999998,1.2713500000000004,1.3659949999999998,1.374225,nan,,nan,,0,0,1.3961,1.35495,0.0411499999999998,2074.500000000031,win,week_end,2,3,0,
2009-01-12,short,2009-01-13 05:30:00-05:00,2009-01-16 21:45:00-05:00,1.32775,1.3264,1.34292,1.2974100000000002,1.332301,1.335335,1.332301,2009-01-13 10:30:00-05:00,nan,,2,0,1.34455,1.32938,0.015169999999999906,-779.6999999999981,loss,dd_cut+week_end,1,3,0,
2009-01-19,short,2009-01-20 00:15:00-05:00,2009-01-23 21:45:00-05:00,1.3056,1.29725,1.338,1.2408000000000001,1.31532,1.3218,nan,,nan,,0,0,1.33805,1.30565,0.032399999999999984,2500.5000000000236,win,week_end,1,3,0,
2009-01-26,long,2009-01-27 02:45:00-05:00,2009-01-29 07:00:00-05:00,1.3245,1.3057750000000001,1.28705,1.3994,1.313265,1.3057750000000001,1.313265,2009-01-27 15:00:00-05:00,1.3057750000000001,2009-01-29 07:00:00-05:00,2,1,1.32355,1.2861,0.03744999999999998,-4124.000000000009,loss,dd_cut+flat_at_50,1,3,0,
2009-01-26,short,2009-01-29 07:00:00-05:00,2009-01-30 21:45:00-05:00,1.3057750000000001,1.28105,1.3432250000000001,1.2308750000000002,nan,nan,nan,,nan,,0,0,1.32355,1.2861,0.03744999999999998,2471.000000000011,win,reverse_fade+week_end,1,1,1,2009-01-27 02:45:00-05:00
2009-01-26,short,2009-01-30 09:30:00-05:00,2009-01-30 21:45:00-05:00,1.28385,1.28105,1.3213,1.20895,1.2950849999999998,1.302575,nan,,nan,,0,0,1.32355,1.2861,0.03744999999999998,835.4999999999741,win,week_end,2,3,0,
2009-02-02,long,2009-02-03 03:45:00-05:00,2009-02-03 09:15:00-05:00,1.2903,1.28065,1.2710000000000001,1.3288999999999997,1.28451,1.28065,1.28451,2009-02-03 05:30:00-05:00,1.28065,2009-02-03 09:15:00-05:00,2,1,1.28985,1.27055,0.019299999999999873,-2127.499999999986,loss,dd_cut+flat_at_50,1,3,0,
2009-02-02,short,2009-02-03 09:15:00-05:00,2009-02-03 16:00:00-05:00,1.28065,1.29995,1.29995,1.2420500000000003,nan,nan,nan,,nan,,0,0,1.28985,1.27055,0.019299999999999873,-1931.4999999999873,loss,reverse_fade+stop,1,1,1,2009-02-03 03:45:00-05:00
2009-02-02,long,2009-02-03 14:00:00-05:00,2009-02-04 12:30:00-05:00,1.2923,1.28265,1.2730000000000001,1.3308999999999997,1.28651,1.28265,1.28651,2009-02-04 11:15:00-05:00,1.28265,2009-02-04 12:30:00-05:00,2,1,1.28985,1.27055,0.019299999999999873,-2127.499999999986,loss,dd_cut+flat_at_50,2,3,0,
2009-02-02,short,2009-02-04 12:30:00-05:00,2009-02-06 21:45:00-05:00,1.28265,1.2938,1.30195,1.2440500000000003,nan,nan,nan,,nan,,0,0,1.28985,1.27055,0.019299999999999873,-1116.4999999999993,loss,reverse_fade+week_end,2,1,1,2009-02-03 14:00:00-05:00
2009-02-09,short,2009-02-10 01:00:00-05:00,2009-02-10 10:30:00-05:00,1.2845,1.295525,1.30655,1.2403999999999997,1.291115,1.295525,1.291115,2009-02-10 08:00:00-05:00,1.295525,2009-02-10 10:30:00-05:00,2,1,1.30925,1.2872,0.022050000000000125,-2430.0000000000136,loss,dd_cut+flat_at_50,1,3,0,
2009-02-09,long,2009-02-10 10:30:00-05:00,2009-02-12 14:30:00-05:00,1.295525,1.273475,1.273475,1.3396250000000003,nan,nan,nan,,nan,,0,0,1.30925,1.2872,0.022050000000000125,-2206.5000000000127,loss,reverse_fade+stop,1,1,1,2009-02-10 01:00:00-05:00
2009-02-09,short,2009-02-11 02:45:00-05:00,2009-02-11 08:45:00-05:00,1.28705,1.298075,1.3091000000000002,1.2429499999999998,1.293665,1.298075,1.293665,2009-02-11 06:45:00-05:00,1.298075,2009-02-11 08:45:00-05:00,2,1,1.30925,1.2872,0.022050000000000125,-2430.0000000000136,loss,dd_cut+flat_at_50,2,3,0,
2009-02-09,long,2009-02-11 08:45:00-05:00,2009-02-12 14:15:00-05:00,1.298075,1.276025,1.276025,1.3421750000000003,nan,nan,nan,,nan,,0,0,1.30925,1.2872,0.022050000000000125,-2206.5000000000127,loss,reverse_fade+stop,2,1,1,2009-02-11 02:45:00-05:00
2009-02-16,short,2009-02-17 01:00:00-05:00,2009-02-19 14:00:00-05:00,1.2687,1.2736,1.2785,1.2490999999999999,1.2716399999999999,1.2736,1.2716399999999999,2009-02-19 13:00:00-05:00,1.2736,2009-02-19 14:00:00-05:00,2,1,1.28245,1.27265,0.009800000000000031,-1082.5000000000011,loss,dd_cut+flat_at_50,1,3,0,
2009-02-16,long,2009-02-19 14:00:00-05:00,2009-02-20 00:45:00-05:00,1.2736,1.2638,1.2638,1.2932000000000001,nan,nan,nan,,nan,,0,0,1.28245,1.27265,0.009800000000000031,-981.5000000000031,loss,reverse_fade+stop,1,1,1,2009-02-17 01:00:00-05:00
2009-02-16,short,2009-02-19 15:00:00-05:00,2009-02-20 17:00:00-05:00,1.2713,1.2762000000000002,1.2811000000000001,1.2517,1.27424,1.2762000000000002,1.27424,2009-02-20 17:00:00-05:00,1.2762000000000002,2009-02-20 17:00:00-05:00,2,1,1.28245,1.27265,0.009800000000000031,-1082.5000000000011,loss,dd_cut+flat_at_50,2,3,0,
2009-02-16,long,2009-02-20 17:00:00-05:00,2009-02-20 21:45:00-05:00,1.2762000000000002,1.2825,1.2664000000000002,1.2958000000000003,nan,nan,nan,,nan,,0,0,1.28245,1.27265,0.009800000000000031,628.499999999975,win,reverse_fade+week_end,2,1,1,2009-02-19 15:00:00-05:00
2009-02-23,short,2009-02-27 08:00:00-05:00,2009-02-27 21:45:00-05:00,1.26585,1.2669,1.2985499999999999,1.20045,1.2756599999999998,1.2822,nan,,nan,,0,0,1.29915,1.26645,0.03269999999999995,-319.49999999999864,loss,week_end,1,3,0,
2009-03-02,long,2009-03-03 06:00:00-05:00,2009-03-03 11:15:00-05:00,1.2657,1.261025,1.2563499999999999,1.2844000000000004,1.2628949999999999,1.261025,1.2628949999999999,2009-03-03 07:30:00-05:00,1.261025,2009-03-03 11:15:00-05:00,2,1,1.2632,1.25385,0.009350000000000191,-1033.000000000032,loss,dd_cut+flat_at_50,1,3,0,
2009-03-02,short,2009-03-03 11:15:00-05:00,2009-03-06 07:00:00-05:00,1.261025,1.2703750000000003,1.2703750000000003,1.2423249999999997,nan,nan,nan,,nan,,0,0,1.2632,1.25385,0.009350000000000191,-936.5000000000191,loss,reverse_fade+stop,1,1,1,2009-03-03 06:00:00-05:00
2009-03-02,long,2009-03-03 13:30:00-05:00,2009-03-03 14:45:00-05:00,1.2638,1.259125,1.2544499999999998,1.2825000000000004,1.2609949999999999,1.259125,1.2609949999999999,2009-03-03 14:30:00-05:00,1.259125,2009-03-03 14:45:00-05:00,2,1,1.2632,1.25385,0.009350000000000191,-1033.000000000032,loss,dd_cut+flat_at_50,2,3,0,
2009-03-02,short,2009-03-03 14:45:00-05:00,2009-03-06 07:00:00-05:00,1.259125,1.2684750000000002,1.2684750000000002,1.2404249999999997,nan,nan,nan,,nan,,0,0,1.2632,1.25385,0.009350000000000191,-936.5000000000191,loss,reverse_fade+stop,2,1,1,2009-03-03 13:30:00-05:00
2009-03-09,long,2009-03-10 12:00:00-04:00,2009-03-10 18:00:00-04:00,1.27365,1.2651,1.2565499999999998,1.3078500000000002,1.2685199999999999,1.2651,1.2685199999999999,2009-03-10 17:45:00-04:00,1.2651,2009-03-10 18:00:00-04:00,2,1,1.27265,1.25555,0.017100000000000115,-1885.5000000000214,loss,dd_cut+flat_at_50,1,3,0,
2009-03-09,short,2009-03-10 18:00:00-04:00,2009-03-11 19:15:00-04:00,1.2651,1.2822,1.2822,1.2308999999999997,nan,nan,nan,,nan,,0,0,1.27265,1.25555,0.017100000000000115,-1711.5000000000116,loss,reverse_fade+stop,1,1,1,2009-03-10 12:00:00-04:00
2009-03-09,long,2009-03-11 00:15:00-04:00,2009-03-11 04:00:00-04:00,1.27315,1.2646,1.2560499999999999,1.3073500000000002,1.26802,1.2646,1.26802,2009-03-11 03:30:00-04:00,1.2646,2009-03-11 04:00:00-04:00,2,1,1.27265,1.25555,0.017100000000000115,-1885.5000000000214,loss,dd_cut+flat_at_50,2,3,0,
2009-03-09,short,2009-03-11 04:00:00-04:00,2009-03-11 19:00:00-04:00,1.2646,1.2817,1.2817,1.2303999999999997,nan,nan,nan,,nan,,0,0,1.27265,1.25555,0.017100000000000115,-1711.5000000000116,loss,reverse_fade+stop,2,1,1,2009-03-11 00:15:00-04:00
2009-03-16,long,2009-03-18 12:15:00-04:00,2009-03-18 19:00:00-04:00,1.30765,1.34845,1.28725,1.34845,1.30153,1.29745,nan,,nan,,0,0,1.3071,1.2867,0.020399999999999974,12235.499999999984,win,target,1,3,0,
2009-03-16,long,2009-03-18 19:15:00-04:00,2009-03-20 20:45:00-04:00,1.3446,1.35795,1.3242,1.3854,1.3384800000000001,1.3344,nan,,nan,,0,0,1.3071,1.2867,0.020399999999999974,4000.499999999992,win,week_end,2,3,0,
2009-03-23,short,2009-03-24 18:15:00-04:00,2009-03-25 14:00:00-04:00,1.3484,1.3609499999999999,1.3735,1.2982000000000002,1.35593,1.3609499999999999,1.35593,2009-03-25 13:45:00-04:00,1.3609499999999999,2009-03-25 14:00:00-04:00,2,1,1.3736,1.3485,0.0250999999999999,-2765.499999999991,loss,dd_cut+flat_at_50,1,3,0,
2009-03-23,long,2009-03-25 14:00:00-04:00,2009-03-27 11:30:00-04:00,1.3609499999999999,1.33585,1.33585,1.4111499999999997,nan,nan,nan,,nan,,0,0,1.3736,1.3485,0.0250999999999999,-2511.49999999999,loss,reverse_fade+stop,1,1,1,2009-03-24 18:15:00-04:00
2009-03-23,short,2009-03-27 09:30:00-04:00,2009-03-27 20:45:00-04:00,1.3463,1.3287,1.3714,1.2961000000000003,1.35383,1.35885,nan,,nan,,0,0,1.3736,1.3485,0.0250999999999999,5275.500000000018,win,week_end,2,3,0,
2009-03-30,long,2009-03-31 08:00:00-04:00,2009-04-01 00:45:00-04:00,1.3284,1.3202,1.312,1.3612,1.32348,1.3202,1.32348,2009-03-31 16:45:00-04:00,1.3202,2009-04-01 00:45:00-04:00,2,1,1.328,1.3116,0.01639999999999997,-1808.5000000000055,loss,dd_cut+flat_at_50,1,3,0,
2009-03-30,short,2009-04-01 00:45:00-04:00,2009-04-02 10:30:00-04:00,1.3202,1.3366,1.3366,1.2874,nan,nan,nan,,nan,,0,0,1.328,1.3116,0.01639999999999997,-1641.499999999997,loss,reverse_fade+stop,1,1,1,2009-03-31 08:00:00-04:00
2009-03-30,long,2009-04-02 06:00:00-04:00,2009-04-03 20:45:00-04:00,1.3297,1.34835,1.3133000000000001,1.3625,1.32478,1.3215000000000001,nan,,nan,,0,0,1.328,1.3116,0.01639999999999997,5590.49999999995,win,week_end,2,3,0,
2009-04-06,short,2009-04-07 09:00:00-04:00,2009-04-10 20:45:00-04:00,1.3281,1.31845,1.35405,1.2762000000000002,1.335885,1.341075,nan,,nan,,0,0,1.35815,1.3322,0.025949999999999918,2890.5000000000473,win,week_end,1,3,0,
2009-04-13,short,2009-04-17 02:30:00-04:00,2009-04-17 20:45:00-04:00,1.3126,1.3043,1.33905,1.2596999999999998,1.320535,1.325825,nan,,nan,,0,0,1.33915,1.3127,0.026450000000000085,2485.4999999999923,win,week_end,1,3,0,
2009-04-20,long,2009-04-22 14:15:00-04:00,2009-04-24 13:15:00-04:00,1.3028,1.3282000000000003,1.2900999999999998,1.3282000000000003,1.2989899999999999,1.2964499999999999,1.2989899999999999,2009-04-22 16:30:00-04:00,nan,,2,0,1.3018,1.2891,0.012700000000000156,1773.5000000000127,win,dd_cut+target,1,3,0,
2009-04-20,long,2009-04-24 13:30:00-04:00,2009-04-24 20:45:00-04:00,1.3274,1.32395,1.3146999999999998,1.3528000000000002,1.3235899999999998,1.3210499999999998,1.3235899999999998,2009-04-24 18:00:00-04:00,nan,,2,0,1.3018,1.2891,0.012700000000000156,-1111.5000000000136,loss,dd_cut+week_end,2,3,0,
2009-04-27,short,2009-04-28 04:00:00-04:00,2009-04-28 16:45:00-04:00,1.2996,1.3106,1.3216,1.2556,1.3062,1.3106,1.3062,2009-04-28 13:00:00-04:00,1.3106,2009-04-28 16:45:00-04:00,2,1,1.32185,1.29985,0.02200000000000002,-2424.4999999999777,loss,dd_cut+flat_at_50,1,3,0,
2009-04-27,long,2009-04-28 16:45:00-04:00,2009-05-01 20:45:00-04:00,1.3106,1.32705,1.2886,1.3546,nan,nan,nan,,nan,,0,0,1.32185,1.29985,0.02200000000000002,1643.5000000000075,win,reverse_fade+week_end,1,1,1,2009-04-28 04:00:00-04:00
2009-04-27,long,2009-04-29 08:45:00-04:00,2009-05-01 20:45:00-04:00,1.3222,1.32705,1.3002,1.3662,1.3156,1.3112,nan,,nan,,0,0,1.32185,1.29985,0.02200000000000002,1450.5000000000064,win,week_end,2,3,0,
2009-05-04,long,2009-05-07 13:30:00-04:00,2009-05-08 02:00:00-04:00,1.34637,1.335095,1.32382,1.3914700000000002,1.3396050000000002,1.335095,1.3396050000000002,2009-05-07 14:15:00-04:00,1.335095,2009-05-08 02:00:00-04:00,2,1,1.34375,1.3212,0.02255000000000007,-2484.9999999999964,loss,dd_cut+flat_at_50,1,3,0,
2009-05-04,short,2009-05-08 02:00:00-04:00,2009-05-08 17:45:00-04:00,1.335095,1.357645,1.357645,1.2899949999999998,nan,nan,nan,,nan,,0,0,1.34375,1.3212,0.02255000000000007,-2256.500000000007,loss,reverse_fade+stop,1,1,1,2009-05-07 13:30:00-04:00
2009-05-04,long,2009-05-08 12:30:00-04:00,2009-05-08 20:45:00-04:00,1.3479,1.3639,1.32535,1.3930000000000002,1.341135,1.3366250000000002,nan,,nan,,0,0,1.34375,1.3212,0.02255000000000007,4795.499999999938,win,week_end,2,3,0,
2009-05-11,long,2009-05-12 09:00:00-04:00,2009-05-12 16:00:00-04:00,1.36695,1.36145,1.35595,1.3889500000000004,1.36365,1.36145,1.36365,2009-05-12 10:15:00-04:00,1.36145,2009-05-12 16:00:00-04:00,2,1,1.3667,1.3557,0.01100000000000012,-1214.5000000000223,loss,dd_cut+flat_at_50,1,3,0,
2009-05-11,short,2009-05-12 16:00:00-04:00,2009-05-15 20:45:00-04:00,1.36145,1.34945,1.3724500000000002,1.3394499999999998,nan,nan,nan,,nan,,0,0,1.3667,1.3557,0.01100000000000012,1198.5000000000011,win,reverse_fade+week_end,1,1,1,2009-05-12 09:00:00-04:00
2009-05-11,long,2009-05-12 23:15:00-04:00,2009-05-13 12:00:00-04:00,1.36755,1.36205,1.35655,1.3895500000000003,1.36425,1.36205,1.36425,2009-05-13 10:00:00-04:00,1.36205,2009-05-13 12:00:00-04:00,2,1,1.3667,1.3557,0.01100000000000012,-1214.5000000000223,loss,dd_cut+flat_at_50,2,3,0,
2009-05-11,short,2009-05-13 12:00:00-04:00,2009-05-15 20:45:00-04:00,1.36205,1.34945,1.37305,1.3400499999999997,nan,nan,nan,,nan,,0,0,1.3667,1.3557,0.01100000000000012,1258.4999999999945,win,reverse_fade+week_end,2,1,1,2009-05-12 23:15:00-04:00
2009-05-18,long,2009-05-19 03:45:00-04:00,2009-05-21 16:30:00-04:00,1.35695,1.3849500000000001,1.34295,1.3849500000000001,1.3527500000000001,1.3499500000000002,nan,,nan,,0,0,1.3563,1.3423,0.014000000000000012,8395.500000000007,win,target,1,3,0,
2009-05-18,long,2009-05-21 16:45:00-04:00,2009-05-22 20:45:00-04:00,1.3893,1.39955,1.3753,1.4173,1.3851,1.3822999999999999,nan,,nan,,0,0,1.3563,1.3423,0.014000000000000012,3070.500000000028,win,week_end,2,3,0,
2009-05-25,short,2009-05-26 06:45:00-04:00,2009-05-26 14:15:00-04:00,1.39455,1.39805,1.4015499999999999,1.3805500000000002,1.39665,1.39805,1.39665,2009-05-26 14:00:00-04:00,1.39805,2009-05-26 14:15:00-04:00,2,1,1.40275,1.39575,0.006999999999999895,-774.5000000000041,loss,dd_cut+flat_at_50,1,3,0,
2009-05-25,long,2009-05-26 14:15:00-04:00,2009-05-27 11:15:00-04:00,1.39805,1.3910500000000001,1.3910500000000001,1.4120499999999998,nan,nan,nan,,nan,,0,0,1.40275,1.39575,0.006999999999999895,-701.4999999999895,loss,reverse_fade+stop,1,1,1,2009-05-26 06:45:00-04:00
2009-05-25,short,2009-05-27 09:30:00-04:00,2009-05-27 13:15:00-04:00,1.39565,1.3991500000000001,1.40265,1.3816500000000003,1.39775,1.3991500000000001,1.39775,2009-05-27 13:15:00-04:00,1.3991500000000001,2009-05-27 13:15:00-04:00,2,1,1.40275,1.39575,0.006999999999999895,-774.5000000000041,loss,dd_cut+flat_at_50,2,3,0,
2009-05-25,long,2009-05-27 13:15:00-04:00,2009-05-27 14:00:00-04:00,1.3991500000000001,1.3921500000000002,1.3921500000000002,1.41315,nan,nan,nan,,nan,,0,0,1.40275,1.39575,0.006999999999999895,-701.4999999999895,loss,reverse_fade+stop,2,1,1,2009-05-27 09:30:00-04:00
2009-06-01,long,2009-06-02 11:30:00-04:00,2009-06-03 09:15:00-04:00,1.42675,1.4194,1.4120499999999998,1.4561500000000003,1.42234,1.4194,1.42234,2009-06-02 12:15:00-04:00,1.4194,2009-06-03 09:15:00-04:00,2,1,1.4246,1.4099,0.014700000000000157,-1621.5000000000018,loss,dd_cut+flat_at_50,1,3,0,
2009-06-01,short,2009-06-03 09:15:00-04:00,2009-06-05 20:45:00-04:00,1.4194,1.3965,1.4341000000000002,1.3899999999999997,nan,nan,nan,,nan,,0,0,1.4246,1.4099,0.014700000000000157,2288.499999999992,win,reverse_fade+week_end,1,1,1,2009-06-02 11:30:00-04:00
2009-06-01,long,2009-06-03 10:30:00-04:00,2009-06-03 11:30:00-04:00,1.42655,1.4192,1.4118499999999998,1.4559500000000003,1.42214,1.4192,1.42214,2009-06-03 11:15:00-04:00,1.4192,2009-06-03 11:30:00-04:00,2,1,1.4246,1.4099,0.014700000000000157,-1621.5000000000018,loss,dd_cut+flat_at_50,2,3,0,
2009-06-01,short,2009-06-03 11:30:00-04:00,2009-06-05 20:45:00-04:00,1.4192,1.3965,1.4339000000000002,1.3897999999999997,nan,nan,nan,,nan,,0,0,1.4246,1.4099,0.014700000000000157,2268.499999999994,win,reverse_fade+week_end,2,1,1,2009-06-03 10:30:00-04:00
2009-06-08,long,2009-06-09 14:30:00-04:00,2009-06-10 18:00:00-04:00,1.4016,1.39175,1.3819000000000001,1.4409999999999996,1.39569,1.39175,1.39569,2009-06-10 15:15:00-04:00,1.39175,2009-06-10 18:00:00-04:00,2,1,1.4002,1.3805,0.01969999999999983,-2171.4999999999636,loss,dd_cut+flat_at_50,1,3,0,
2009-06-08,short,2009-06-10 18:00:00-04:00,2009-06-11 17:00:00-04:00,1.39175,1.4114499999999999,1.4114499999999999,1.3523500000000004,nan,nan,nan,,nan,,0,0,1.4002,1.3805,0.01969999999999983,-1971.499999999983,loss,reverse_fade+stop,1,1,1,2009-06-09 14:30:00-04:00
2009-06-08,long,2009-06-11 02:00:00-04:00,2009-06-12 20:45:00-04:00,1.403,1.4015,1.3833000000000002,1.4423999999999997,1.3970900000000002,1.39315,1.3970900000000002,2009-06-11 12:00:00-04:00,nan,,2,0,1.4002,1.3805,0.01969999999999983,-1336.4999999999777,loss,dd_cut+week_end,2,3,0,
2009-06-15,short,2009-06-16 00:15:00-04:00,2009-06-16 07:15:00-04:00,1.37492,1.3861149999999998,1.3973099999999998,1.33014,1.381637,1.3861149999999998,1.381637,2009-06-16 02:45:00-04:00,1.3861149999999998,2009-06-16 07:15:00-04:00,2,1,1.39814,1.37575,0.02238999999999991,-2467.4000000000015,loss,dd_cut+flat_at_50,1,3,0,
2009-06-15,long,2009-06-16 07:15:00-04:00,2009-06-19 20:45:00-04:00,1.3861149999999998,1.3938,1.3637249999999999,1.4308949999999996,nan,nan,nan,,nan,,0,0,1.39814,1.37575,0.02238999999999991,767.0000000000164,win,reverse_fade+week_end,1,1,1,2009-06-16 00:15:00-04:00
2009-06-15,long,2009-06-19 15:45:00-04:00,2009-06-19 20:45:00-04:00,1.3996,1.3938,1.37721,1.4443799999999998,1.3928829999999999,1.3884050000000001,nan,,nan,,0,0,1.39814,1.37575,0.02238999999999991,-1744.5000000000082,loss,week_end,2,3,0,
2009-06-22,long,2009-06-23 10:15:00-04:00,2009-06-24 18:30:00-04:00,1.3946,1.389125,1.38365,1.4165,1.391315,1.389125,1.391315,2009-06-24 18:30:00-04:00,1.389125,2009-06-24 18:30:00-04:00,2,1,1.39355,1.3826,0.010950000000000015,-1209.0000000000082,loss,dd_cut+flat_at_50,1,3,0,
2009-06-22,short,2009-06-24 18:30:00-04:00,2009-06-25 17:15:00-04:00,1.389125,1.400075,1.400075,1.367225,nan,nan,nan,,nan,,0,0,1.39355,1.3826,0.010950000000000015,-1096.5000000000016,loss,reverse_fade+stop,1,1,1,2009-06-23 10:15:00-04:00
2009-06-22,long,2009-06-24 19:45:00-04:00,2009-06-26 20:45:00-04:00,1.3942,1.4053,1.38325,1.4161000000000001,1.3909150000000001,1.388725,1.3909150000000001,2009-06-25 12:30:00-04:00,nan,,2,0,1.39355,1.3826,0.010950000000000015,448.4999999999924,win,dd_cut+week_end,2,3,0,
2009-06-29,long,2009-06-30 00:00:00-04:00,2009-06-30 21:00:00-04:00,1.4098,1.4096799999999998,1.40956,1.41028,1.4097279999999999,1.4096799999999998,1.4097279999999999,2009-06-30 00:45:00-04:00,1.4096799999999998,2009-06-30 21:00:00-04:00,2,1,1.40703,1.40679,0.00024000000000001798,-30.900000000026402,loss,dd_cut+flat_at_50,1,3,0,
2009-06-29,short,2009-06-30 21:00:00-04:00,2009-07-01 00:00:00-04:00,1.4096799999999998,1.4091999999999998,1.4099199999999998,1.4091999999999998,nan,nan,nan,,nan,,0,0,1.40703,1.40679,0.00024000000000001798,46.500000000003595,win,reverse_fade+target,1,1,1,2009-06-30 00:00:00-04:00
2009-06-29,long,2009-06-30 21:15:00-04:00,2009-07-01 00:00:00-04:00,1.4098,1.4096799999999998,1.40956,1.41028,1.4097279999999999,1.4096799999999998,1.4097279999999999,2009-07-01 00:00:00-04:00,1.4096799999999998,2009-07-01 00:00:00-04:00,2,1,1.40703,1.40679,0.00024000000000001798,-30.900000000026402,loss,dd_cut+flat_at_50,2,3,0,
2009-06-29,short,2009-07-01 00:00:00-04:00,2009-07-01 00:15:00-04:00,1.4096799999999998,1.4091999999999998,1.4099199999999998,1.4091999999999998,nan,nan,nan,,nan,,0,0,1.40703,1.40679,0.00024000000000001798,46.500000000003595,win,reverse_fade+target,2,1,1,2009-06-30 21:15:00-04:00
2009-07-06,long,2009-07-07 10:45:00-04:00,2009-07-07 15:45:00-04:00,1.40115,1.3950099999999999,1.3888699999999998,1.42571,1.3974659999999999,1.3950099999999999,1.3974659999999999,2009-07-07 14:00:00-04:00,1.3950099999999999,2009-07-07 15:45:00-04:00,2,1,1.39977,1.38749,0.012280000000000069,-1355.3000000000075,loss,dd_cut+flat_at_50,1,3,0,
2009-07-06,short,2009-07-07 15:45:00-04:00,2009-07-10 20:45:00-04:00,1.3950099999999999,1.39351,1.40729,1.3704499999999997,nan,nan,nan,,nan,,0,0,1.39977,1.38749,0.012280000000000069,148.4999999999835,win,reverse_fade+week_end,1,1,1,2009-07-07 10:45:00-04:00
2009-07-06,short,2009-07-08 06:15:00-04:00,2009-07-08 09:30:00-04:00,1.38647,1.3926100000000001,1.3987500000000002,1.36191,1.3901540000000001,1.3926100000000001,1.3901540000000001,2009-07-08 06:45:00-04:00,1.3926100000000001,2009-07-08 09:30:00-04:00,2,1,1.39977,1.38749,0.012280000000000069,-1355.3000000000075,loss,dd_cut+flat_at_50,2,3,0,
2009-07-06,long,2009-07-08 09:30:00-04:00,2009-07-10 20:45:00-04:00,1.3926100000000001,1.39351,1.38033,1.4171700000000003,nan,nan,nan,,nan,,0,0,1.39977,1.38749,0.012280000000000069,88.49999999999008,win,reverse_fade+week_end,2,1,1,2009-07-08 06:15:00-04:00
2009-07-13,long,2009-07-14 06:15:00-04:00,2009-07-14 12:30:00-04:00,1.40136,1.39588,1.3904,1.4232799999999997,1.398072,1.39588,1.398072,2009-07-14 06:45:00-04:00,1.39588,2009-07-14 12:30:00-04:00,2,1,1.40038,1.38942,0.010959999999999859,-1210.0999999999844,loss,dd_cut+flat_at_50,1,3,0,
2009-07-13,short,2009-07-14 12:30:00-04:00,2009-07-15 06:45:00-04:00,1.39588,1.4068399999999999,1.4068399999999999,1.3739600000000003,nan,nan,nan,,nan,,0,0,1.40038,1.38942,0.010959999999999859,-1097.499999999986,loss,reverse_fade+stop,1,1,1,2009-07-14 06:15:00-04:00
2009-07-13,long,2009-07-15 06:00:00-04:00,2009-07-17 20:45:00-04:00,1.40279,1.40986,1.3918300000000001,1.4247099999999997,1.399502,1.39731,nan,,nan,,0,0,1.40038,1.38942,0.010959999999999859,2116.499999999973,win,week_end,2,3,0,
2009-07-20,long,2009-07-21 13:00:00-04:00,2009-07-21 15:45:00-04:00,1.42637,1.4201199999999998,1.4138699999999997,1.4513700000000003,1.4226199999999998,1.4201199999999998,1.4226199999999998,2009-07-21 14:00:00-04:00,1.4201199999999998,2009-07-21 15:45:00-04:00,2,1,1.42494,1.41244,0.012500000000000178,-1379.5000000000373,loss,dd_cut+flat_at_50,1,3,0,
2009-07-20,short,2009-07-21 15:45:00-04:00,2009-07-24 20:45:00-04:00,1.4201199999999998,1.42006,1.43262,1.3951199999999995,nan,nan,nan,,nan,,0,0,1.42494,1.41244,0.012500000000000178,4.499999999972694,win,reverse_fade+week_end,1,1,1,2009-07-21 13:00:00-04:00
2009-07-20,long,2009-07-23 06:15:00-04:00,2009-07-23 10:45:00-04:00,1.42629,1.42004,1.4137899999999999,1.4512900000000004,1.42254,1.42004,1.42254,2009-07-23 08:00:00-04:00,1.42004,2009-07-23 10:45:00-04:00,2,1,1.42494,1.41244,0.012500000000000178,-1379.5000000000373,loss,dd_cut+flat_at_50,2,3,0,
2009-07-20,short,2009-07-23 10:45:00-04:00,2009-07-24 20:45:00-04:00,1.42004,1.42006,1.4325400000000001,1.3950399999999996,nan,nan,nan,,nan,,0,0,1.42494,1.41244,0.012500000000000178,-3.5000000000131024,loss,reverse_fade+week_end,2,1,1,2009-07-23 06:15:00-04:00
2009-07-27,short,2009-07-28 14:00:00-04:00,2009-07-31 15:15:00-04:00,1.41646,1.422835,1.42921,1.39096,1.420285,1.422835,1.420285,2009-07-31 15:15:00-04:00,1.422835,2009-07-31 15:15:00-04:00,2,1,1.42967,1.41692,0.012750000000000039,-1406.9999999999955,loss,dd_cut+flat_at_50,1,3,0,
2009-07-27,long,2009-07-31 15:15:00-04:00,2009-07-31 20:45:00-04:00,1.422835,1.42555,1.410085,1.4483350000000002,nan,nan,nan,,nan,,0,0,1.42967,1.41692,0.012750000000000039,270.0000000000023,win,reverse_fade+week_end,1,1,1,2009-07-28 14:00:00-04:00
2009-08-03,long,2009-08-05 18:30:00-04:00,2009-08-07 12:30:00-04:00,1.44445,1.432355,1.42026,1.4928299999999999,1.437193,1.432355,1.437193,2009-08-06 10:00:00-04:00,1.432355,2009-08-07 12:30:00-04:00,2,1,1.44444,1.42025,0.024189999999999934,-2665.4000000000106,loss,dd_cut+flat_at_50,1,3,0,
2009-08-03,short,2009-08-07 12:30:00-04:00,2009-08-07 20:45:00-04:00,1.432355,1.41804,1.456545,1.3839750000000002,nan,nan,nan,,nan,,0,0,1.44444,1.42025,0.024189999999999934,1430.0000000000077,win,reverse_fade+week_end,1,1,1,2009-08-05 18:30:00-04:00
2009-08-03,short,2009-08-07 15:45:00-04:00,2009-08-07 20:45:00-04:00,1.41782,1.41804,1.44201,1.3694400000000002,1.4250770000000001,1.429915,nan,,nan,,0,0,1.44444,1.42025,0.024189999999999934,-70.4999999999661,loss,week_end,2,3,0,
2009-08-10,short,2009-08-12 07:00:00-04:00,2009-08-12 10:00:00-04:00,1.40974,1.415555,1.42137,1.38648,1.413229,1.415555,1.413229,2009-08-12 09:00:00-04:00,1.415555,2009-08-12 10:00:00-04:00,2,1,1.42177,1.41014,0.01163000000000003,-1283.8000000000054,loss,dd_cut+flat_at_50,1,3,0,
2009-08-10,long,2009-08-12 10:00:00-04:00,2009-08-14 20:45:00-04:00,1.415555,1.42011,1.4039249999999999,1.438815,nan,nan,nan,,nan,,0,0,1.42177,1.41014,0.01163000000000003,454.0000000000087,win,reverse_fade+week_end,1,1,1,2009-08-12 07:00:00-04:00
2009-08-10,long,2009-08-12 15:30:00-04:00,2009-08-12 18:15:00-04:00,1.42208,1.416265,1.41045,1.44534,1.418591,1.416265,1.418591,2009-08-12 18:15:00-04:00,1.416265,2009-08-12 18:15:00-04:00,2,1,1.42177,1.41014,0.01163000000000003,-1283.8000000000054,loss,dd_cut+flat_at_50,2,3,0,
2009-08-10,short,2009-08-12 18:15:00-04:00,2009-08-13 09:15:00-04:00,1.416265,1.4278950000000001,1.4278950000000001,1.393005,nan,nan,nan,,nan,,0,0,1.42177,1.41014,0.01163000000000003,-1164.500000000003,loss,reverse_fade+stop,2,1,1,2009-08-12 15:30:00-04:00
2009-08-17,long,2009-08-19 14:00:00-04:00,2009-08-21 20:45:00-04:00,1.41696,1.43247,1.40442,1.44204,1.413198,1.41069,nan,,nan,,0,0,1.41694,1.4044,0.012539999999999996,4648.4999999999745,win,week_end,1,3,0,
2009-08-24,short,2009-08-26 11:15:00-04:00,2009-08-27 18:00:00-04:00,1.42713,1.4311150000000001,1.4351,1.41119,1.429521,1.4311150000000001,1.429521,2009-08-27 18:00:00-04:00,1.4311150000000001,2009-08-27 18:00:00-04:00,2,1,1.43572,1.42775,0.007970000000000033,-881.2000000000191,loss,dd_cut+flat_at_50,1,3,0,
2009-08-24,long,2009-08-27 18:00:00-04:00,2009-08-28 20:45:00-04:00,1.4311150000000001,1.43013,1.423145,1.4470550000000002,nan,nan,nan,,nan,,0,0,1.43572,1.42775,0.007970000000000033,-100.00000000002356,loss,reverse_fade+week_end,1,1,1,2009-08-26 11:15:00-04:00
2009-08-24,long,2009-08-27 18:15:00-04:00,2009-08-27 20:30:00-04:00,1.43836,1.4343750000000002,1.43039,1.4543000000000001,1.435969,1.4343750000000002,1.435969,2009-08-27 19:15:00-04:00,1.4343750000000002,2009-08-27 20:30:00-04:00,2,1,1.43572,1.42775,0.007970000000000033,-881.1999999999969,loss,dd_cut+flat_at_50,2,3,0,
2009-08-24,short,2009-08-27 20:30:00-04:00,2009-08-28 20:45:00-04:00,1.4343750000000002,1.43013,1.4423450000000002,1.4184350000000001,nan,nan,nan,,nan,,0,0,1.43572,1.42775,0.007970000000000033,423.0000000000276,win,reverse_fade+week_end,2,1,1,2009-08-27 18:15:00-04:00
2009-08-31,short,2009-09-01 15:15:00-04:00,2009-09-03 06:45:00-04:00,1.42377,1.4295399999999998,1.4353099999999999,1.4006900000000002,1.427232,1.4295399999999998,1.427232,2009-09-02 16:30:00-04:00,1.4295399999999998,2009-09-03 06:45:00-04:00,2,1,1.43685,1.42531,0.011539999999999884,-1273.8999999999983,loss,dd_cut+flat_at_50,1,3,0,
2009-08-31,long,2009-09-03 06:45:00-04:00,2009-09-04 20:45:00-04:00,1.4295399999999998,1.42928,1.418,1.4526199999999996,nan,nan,nan,,nan,,0,0,1.43685,1.42531,0.011539999999999884,-27.49999999997049,loss,reverse_fade+week_end,1,1,1,2009-09-01 15:15:00-04:00
2009-08-31,short,2009-09-03 17:30:00-04:00,2009-09-04 16:00:00-04:00,1.42485,1.4306199999999998,1.4363899999999998,1.4017700000000002,1.428312,1.4306199999999998,1.428312,2009-09-04 06:45:00-04:00,1.4306199999999998,2009-09-04 16:00:00-04:00,2,1,1.43685,1.42531,0.011539999999999884,-1273.8999999999983,loss,dd_cut+flat_at_50,2,3,0,
2009-08-31,long,2009-09-04 16:00:00-04:00,2009-09-04 20:45:00-04:00,1.4306199999999998,1.42928,1.41908,1.4536999999999995,nan,nan,nan,,nan,,0,0,1.43685,1.42531,0.011539999999999884,-135.49999999996749,loss,reverse_fade+week_end,2,1,1,2009-09-03 17:30:00-04:00
2009-09-07,long,2009-09-08 06:15:00-04:00,2009-09-08 09:45:00-04:00,1.43686,1.44642,1.43208,1.44642,1.435426,1.4344700000000001,nan,,nan,,0,0,1.4362,1.43142,0.0047800000000000065,2863.5000000000036,win,target,1,3,0,
2009-09-07,long,2009-09-08 10:00:00-04:00,2009-09-09 13:00:00-04:00,1.44775,1.45731,1.44297,1.45731,1.4463160000000002,1.44536,1.4463160000000002,2009-09-08 11:15:00-04:00,nan,,2,0,1.4362,1.43142,0.0047800000000000065,664.7000000000141,win,dd_cut+target,2,3,0,
2009-09-14,long,2009-09-15 17:30:00-04:00,2009-09-18 20:45:00-04:00,1.46663,1.47084,1.4526800000000002,1.49453,1.4624450000000002,1.4596550000000001,nan,,nan,,0,0,1.46516,1.45121,0.013949999999999907,1258.4999999999475,win,week_end,1,3,0,
2009-09-21,long,2009-09-22 01:15:00-04:00,2009-09-24 17:30:00-04:00,1.47138,1.4661849999999998,1.46099,1.4921599999999997,1.4682629999999999,1.4661849999999998,1.4682629999999999,2009-09-24 14:30:00-04:00,1.4661849999999998,2009-09-24 17:30:00-04:00,2,1,1.47121,1.46082,0.0103899999999999,-1147.4000000000133,loss,dd_cut+flat_at_50,1,3,0,
2009-09-21,short,2009-09-24 17:30:00-04:00,2009-09-25 20:45:00-04:00,1.4661849999999998,1.46859,1.4765749999999997,1.445405,nan,nan,nan,,nan,,0,0,1.47121,1.46082,0.0103899999999999,-242.00000000002126,loss,reverse_fade+week_end,1,1,1,2009-09-22 01:15:00-04:00
2009-09-21,long,2009-09-25 10:00:00-04:00,2009-09-25 12:15:00-04:00,1.47167,1.466475,1.4612800000000001,1.4924499999999998,1.468553,1.466475,1.468553,2009-09-25 11:00:00-04:00,1.466475,2009-09-25 12:15:00-04:00,2,1,1.47121,1.46082,0.0103899999999999,-1147.4000000000133,loss,dd_cut+flat_at_50,2,3,0,
2009-09-21,short,2009-09-25 12:15:00-04:00,2009-09-25 20:45:00-04:00,1.466475,1.46859,1.4768649999999999,1.4456950000000002,nan,nan,nan,,nan,,0,0,1.47121,1.46082,0.0103899999999999,-213.0000000000089,loss,reverse_fade+week_end,2,1,1,2009-09-25 10:00:00-04:00
2009-09-28,short,2009-09-29 10:30:00-04:00,2009-09-30 02:45:00-04:00,1.45534,1.4629250000000003,1.4705100000000002,1.4249999999999998,1.459891,1.4629250000000003,1.459891,2009-09-30 00:15:00-04:00,1.4629250000000003,2009-09-30 02:45:00-04:00,2,1,1.4711,1.45593,0.015170000000000128,-1673.2000000000119,loss,dd_cut+flat_at_50,1,3,0,
2009-09-28,long,2009-09-30 02:45:00-04:00,2009-10-02 20:45:00-04:00,1.4629250000000003,1.45743,1.4477550000000001,1.4932650000000005,nan,nan,nan,,nan,,0,0,1.4711,1.45593,0.015170000000000128,-551.000000000025,loss,reverse_fade+week_end,1,1,1,2009-09-29 10:30:00-04:00
2009-09-28,short,2009-10-01 06:00:00-04:00,2009-10-02 14:00:00-04:00,1.45548,1.4630650000000003,1.4706500000000002,1.4251399999999999,1.460031,1.4630650000000003,1.460031,2009-10-01 07:30:00-04:00,1.4630650000000003,2009-10-02 14:00:00-04:00,2,1,1.4711,1.45593,0.015170000000000128,-1673.2000000000119,loss,dd_cut+flat_at_50,2,3,0,
2009-09-28,long,2009-10-02 14:00:00-04:00,2009-10-02 20:45:00-04:00,1.4630650000000003,1.45743,1.4478950000000002,1.4934050000000005,nan,nan,nan,,nan,,0,0,1.4711,1.45593,0.015170000000000128,-565.0000000000279,loss,reverse_fade+week_end,2,1,1,2009-10-01 06:00:00-04:00
2009-10-05,long,2009-10-06 01:00:00-04:00,2009-10-09 20:45:00-04:00,1.46805,1.4729,1.46028,1.4835900000000002,1.465719,1.464165,1.465719,2009-10-07 13:45:00-04:00,nan,,2,0,1.46685,1.45908,0.007770000000000055,14.299999999985516,win,dd_cut+week_end,1,3,0,
2009-10-12,long,2009-10-13 10:00:00-04:00,2009-10-16 20:45:00-04:00,1.48131,1.49032,1.46755,1.50883,1.477182,1.47443,nan,,nan,,0,0,1.48127,1.46751,0.013759999999999994,2698.5000000000555,win,week_end,1,3,0,
2009-10-19,long,2009-10-20 01:30:00-04:00,2009-10-20 15:30:00-04:00,1.49852,1.49102,1.48352,1.5285200000000003,1.4940200000000001,1.49102,1.4940200000000001,2009-10-20 13:30:00-04:00,1.49102,2009-10-20 15:30:00-04:00,2,1,1.49801,1.48301,0.015000000000000124,-1654.499999999996,loss,dd_cut+flat_at_50,1,3,0,
2009-10-19,short,2009-10-20 15:30:00-04:00,2009-10-23 20:45:00-04:00,1.49102,1.50057,1.5060200000000001,1.4610199999999998,nan,nan,nan,,nan,,0,0,1.49801,1.48301,0.015000000000000124,-956.4999999999948,loss,reverse_fade+week_end,1,1,1,2009-10-20 01:30:00-04:00
2009-10-19,long,2009-10-21 13:30:00-04:00,2009-10-23 20:45:00-04:00,1.49939,1.50057,1.4843899999999999,1.5293900000000002,1.49489,1.49189,1.49489,2009-10-22 08:30:00-04:00,nan,,2,0,1.49801,1.48301,0.015000000000000124,-786.4999999999937,loss,dd_cut+week_end,2,3,0,
2009-10-26,short,2009-10-27 14:00:00-04:00,2009-10-30 20:45:00-04:00,1.4809,1.47177,1.5027000000000001,1.4373,1.48744,1.4918,nan,,nan,,0,0,1.506,1.4842,0.02180000000000004,2734.500000000025,win,week_end,1,3,0,
2009-11-02,short,2009-11-03 09:45:00-05:00,2009-11-04 08:00:00-05:00,1.46864,1.47568,1.48272,1.4404799999999998,1.472864,1.47568,1.472864,2009-11-03 19:00:00-05:00,1.47568,2009-11-04 08:00:00-05:00,2,1,1.48445,1.47037,0.014080000000000092,-1553.3000000000168,loss,dd_cut+flat_at_50,1,3,0,
2009-11-02,long,2009-11-04 08:00:00-05:00,2009-11-06 21:45:00-05:00,1.47568,1.48454,1.4616,1.5038400000000003,nan,nan,nan,,nan,,0,0,1.48445,1.47037,0.014080000000000092,884.4999999999868,win,reverse_fade+week_end,1,1,1,2009-11-03 09:45:00-05:00
2009-11-02,long,2009-11-04 19:00:00-05:00,2009-11-06 21:45:00-05:00,1.48532,1.48454,1.4712399999999999,1.5134800000000002,1.481096,1.4782799999999998,1.481096,2009-11-05 07:15:00-05:00,nan,,2,0,1.48445,1.47037,0.014080000000000092,-927.3000000000013,loss,dd_cut+week_end,2,3,0,
2009-11-09,long,2009-11-11 08:00:00-05:00,2009-11-12 09:00:00-05:00,1.50249,1.494005,1.4855200000000002,1.53643,1.4973990000000001,1.494005,1.4973990000000001,2009-11-11 16:00:00-05:00,1.494005,2009-11-12 09:00:00-05:00,2,1,1.50197,1.485,0.01696999999999993,-1871.199999999999,loss,dd_cut+flat_at_50,1,3,0,
2009-11-09,short,2009-11-12 09:00:00-05:00,2009-11-13 21:45:00-05:00,1.494005,1.48991,1.510975,1.4600650000000002,nan,nan,nan,,nan,,0,0,1.50197,1.485,0.01696999999999993,407.99999999999596,win,reverse_fade+week_end,1,1,1,2009-11-11 08:00:00-05:00
2009-11-09,short,2009-11-12 20:15:00-05:00,2009-11-13 17:30:00-05:00,1.48414,1.4926249999999999,1.50111,1.4502000000000002,1.489231,1.4926249999999999,1.489231,2009-11-13 08:15:00-05:00,1.4926249999999999,2009-11-13 17:30:00-05:00,2,1,1.50197,1.485,0.01696999999999993,-1871.1999999999766,loss,dd_cut+flat_at_50,2,3,0,
2009-11-09,long,2009-11-13 17:30:00-05:00,2009-11-13 21:45:00-05:00,1.4926249999999999,1.48991,1.475655,1.5265649999999997,nan,nan,nan,,nan,,0,0,1.50197,1.485,0.01696999999999993,-272.9999999999801,loss,reverse_fade+week_end,2,1,1,2009-11-12 20:15:00-05:00
2009-11-16,short,2009-11-17 12:00:00-05:00,2009-11-18 09:30:00-05:00,1.48696,1.493675,1.50039,1.4601000000000004,1.490989,1.493675,1.490989,2009-11-18 08:30:00-05:00,1.493675,2009-11-18 09:30:00-05:00,2,1,1.50148,1.48805,0.013429999999999831,-1481.7999999999702,loss,dd_cut+flat_at_50,1,3,0,
2009-11-16,long,2009-11-18 09:30:00-05:00,2009-11-20 12:30:00-05:00,1.493675,1.4802450000000003,1.4802450000000003,1.5205349999999997,nan,nan,nan,,nan,,0,0,1.50148,1.48805,0.013429999999999831,-1344.4999999999832,loss,reverse_fade+stop,1,1,1,2009-11-17 12:00:00-05:00
2009-11-16,short,2009-11-19 08:00:00-05:00,2009-11-19 20:30:00-05:00,1.48568,1.4923949999999997,1.4991099999999997,1.4588200000000002,1.489709,1.4923949999999997,1.489709,2009-11-19 16:45:00-05:00,1.4923949999999997,2009-11-19 20:30:00-05:00,2,1,1.50148,1.48805,0.013429999999999831,-1481.7999999999925,loss,dd_cut+flat_at_50,2,3,0,
2009-11-16,long,2009-11-19 20:30:00-05:00,2009-11-20 21:45:00-05:00,1.4923949999999997,1.48595,1.4789649999999999,1.5192549999999994,nan,nan,nan,,nan,,0,0,1.50148,1.48805,0.013429999999999831,-645.999999999959,loss,reverse_fade+week_end,2,1,1,2009-11-19 08:00:00-05:00
2009-11-23,long,2009-11-25 06:45:00-05:00,2009-11-27 02:00:00-05:00,1.49992,1.4933049999999999,1.4866899999999998,1.52638,1.4959509999999998,1.4933049999999999,1.4959509999999998,2009-11-26 16:15:00-05:00,1.4933049999999999,2009-11-27 02:00:00-05:00,2,1,1.49977,1.48654,0.013230000000000075,-1459.800000000026,loss,dd_cut+flat_at_50,1,3,0,
2009-11-23,short,2009-11-27 02:00:00-05:00,2009-11-27 21:45:00-05:00,1.4933049999999999,1.49853,1.506535,1.4668449999999997,nan,nan,nan,,nan,,0,0,1.49977,1.48654,0.013230000000000075,-524.0000000000035,loss,reverse_fade+week_end,1,1,1,2009-11-25 06:45:00-05:00
2009-11-23,short,2009-11-27 07:15:00-05:00,2009-11-27 13:00:00-05:00,1.48605,1.4926650000000001,1.4992800000000002,1.45959,1.4900190000000002,1.4926650000000001,1.4900190000000002,2009-11-27 09:30:00-05:00,1.4926650000000001,2009-11-27 13:00:00-05:00,2,1,1.49977,1.48654,0.013230000000000075,-1459.800000000026,loss,dd_cut+flat_at_50,2,3,0,
2009-11-23,long,2009-11-27 13:00:00-05:00,2009-11-27 21:45:00-05:00,1.4926650000000001,1.49853,1.479435,1.5191250000000003,nan,nan,nan,,nan,,0,0,1.49977,1.48654,0.013230000000000075,584.9999999999787,win,reverse_fade+week_end,2,1,1,2009-11-27 07:15:00-05:00
2009-11-30,long,2009-12-01 13:15:00-05:00,2009-12-04 13:30:00-05:00,1.50835,1.502735,1.49712,1.5308100000000002,1.5049810000000001,1.502735,1.5049810000000001,2009-12-02 16:00:00-05:00,1.502735,2009-12-04 13:30:00-05:00,2,1,1.50825,1.49702,0.011230000000000073,-1239.8000000000059,loss,dd_cut+flat_at_50,1,3,0,
2009-11-30,short,2009-12-04 13:30:00-05:00,2009-12-04 21:45:00-05:00,1.502735,1.48547,1.513965,1.4802749999999998,nan,nan,nan,,nan,,0,0,1.50825,1.49702,0.011230000000000073,1724.9999999999864,win,reverse_fade+week_end,1,1,1,2009-12-01 13:15:00-05:00
2009-11-30,short,2009-12-04 13:45:00-05:00,2009-12-04 21:45:00-05:00,1.49427,1.48547,1.5055,1.4718099999999998,1.497639,1.499885,nan,,nan,,0,0,1.50825,1.49702,0.011230000000000073,2635.499999999976,win,week_end,2,3,0,
2009-12-07,short,2009-12-08 13:15:00-05:00,2009-12-11 21:45:00-05:00,1.47374,1.46112,1.4888100000000002,1.4435999999999998,1.478261,1.4812750000000001,nan,,nan,,0,0,1.49042,1.47535,0.015070000000000139,3781.5000000000227,win,week_end,1,3,0,
2009-12-14,short,2009-12-15 08:00:00-05:00,2009-12-17 02:45:00-05:00,1.45925,1.44313,1.46731,1.44313,1.461668,1.46328,nan,,nan,,0,0,1.46848,1.46042,0.008059999999999956,4831.499999999974,win,target,1,3,0,
2009-12-14,short,2009-12-17 03:00:00-05:00,2009-12-18 21:45:00-05:00,1.43896,1.43364,1.44702,1.42284,1.441378,1.44299,1.441378,2009-12-17 03:15:00-05:00,nan,,2,0,1.46848,1.46042,0.008059999999999956,43.899999999992815,win,dd_cut+week_end,2,3,0,
2009-12-21,short,2009-12-22 15:45:00-05:00,2009-12-23 12:45:00-05:00,1.423,1.428455,1.43391,1.40118,1.4262730000000001,1.428455,1.4262730000000001,2009-12-22 17:30:00-05:00,1.428455,2009-12-23 12:45:00-05:00,2,1,1.43727,1.42636,0.010909999999999975,-1204.600000000015,loss,dd_cut+flat_at_50,1,3,0,
2009-12-21,long,2009-12-23 12:45:00-05:00,2009-12-25 21:45:00-05:00,1.428455,1.43772,1.417545,1.450275,nan,nan,nan,,nan,,0,0,1.43727,1.42636,0.010909999999999975,925.0000000000078,win,reverse_fade+week_end,1,1,1,2009-12-22 15:45:00-05:00
2009-12-21,long,2009-12-24 09:30:00-05:00,2009-12-25 21:45:00-05:00,1.4377,1.43772,1.42679,1.45952,1.434427,1.432245,nan,,nan,,0,0,1.43727,1.42636,0.010909999999999975,1.5000000000393072,win,week_end,2,3,0,
2009-12-28,long,2009-12-29 07:45:00-05:00,2009-12-29 16:00:00-05:00,1.44153,1.438365,1.4351999999999998,1.4541900000000003,1.4396309999999999,1.438365,1.4396309999999999,2009-12-29 16:00:00-05:00,1.438365,2009-12-29 16:00:00-05:00,2,1,1.44138,1.43505,0.006330000000000169,-700.8000000000275,loss,dd_cut+flat_at_50,1,3,0,
2009-12-28,short,2009-12-29 16:00:00-05:00,2010-01-01 21:45:00-05:00,1.438365,1.43335,1.444695,1.4257049999999996,nan,nan,nan,,nan,,0,0,1.44138,1.43505,0.006330000000000169,499.99999999999915,win,reverse_fade+week_end,1,1,1,2009-12-29 07:45:00-05:00
2009-12-28,short,2009-12-29 16:30:00-05:00,2009-12-31 06:30:00-05:00,1.43434,1.437505,1.4406700000000001,1.4216799999999996,1.436239,1.437505,1.436239,2009-12-29 17:15:00-05:00,1.437505,2009-12-31 06:30:00-05:00,2,1,1.44138,1.43505,0.006330000000000169,-700.8000000000275,loss,dd_cut+flat_at_50,2,3,0,
2009-12-28,long,2009-12-31 06:30:00-05:00,2009-12-31 15:30:00-05:00,1.437505,1.4311749999999999,1.4311749999999999,1.4501650000000004,nan,nan,nan,,nan,,0,0,1.44138,1.43505,0.006330000000000169,-634.5000000000168,loss,reverse_fade+stop,2,1,1,2009-12-29 16:30:00-05:00
2010-01-04,long,2010-01-05 05:45:00-05:00,2010-01-05 18:30:00-05:00,1.44614,1.4361549999999998,1.42617,1.48608,1.440149,1.4361549999999998,1.440149,2010-01-05 11:15:00-05:00,1.4361549999999998,2010-01-05 18:30:00-05:00,2,1,1.44556,1.42559,0.019970000000000043,-2201.2000000000294,loss,dd_cut+flat_at_50,1,3,0,
2010-01-04,short,2010-01-05 18:30:00-05:00,2010-01-08 21:45:00-05:00,1.4361549999999998,1.44083,1.456125,1.3962149999999998,nan,nan,nan,,nan,,0,0,1.44556,1.42559,0.019970000000000043,-469.0000000000207,loss,reverse_fade+week_end,1,1,1,2010-01-05 05:45:00-05:00
2010-01-11,short,2010-01-12 02:30:00-05:00,2010-01-12 06:15:00-05:00,1.44583,1.4504549999999998,1.45508,1.42733,1.448605,1.4504549999999998,1.448605,2010-01-12 02:45:00-05:00,1.4504549999999998,2010-01-12 06:15:00-05:00,2,1,1.45539,1.44614,0.00924999999999998,-1021.9999999999824,loss,dd_cut+flat_at_50,1,3,0,
2010-01-11,long,2010-01-12 06:15:00-05:00,2010-01-15 02:15:00-05:00,1.4504549999999998,1.4412049999999998,1.4412049999999998,1.4689549999999998,nan,nan,nan,,nan,,0,0,1.45539,1.44614,0.00924999999999998,-926.4999999999981,loss,reverse_fade+stop,1,1,1,2010-01-12 02:30:00-05:00
2010-01-11,long,2010-01-13 12:00:00-05:00,2010-01-13 15:00:00-05:00,1.45677,1.4521449999999998,1.44752,1.4752699999999999,1.453995,1.4521449999999998,1.453995,2010-01-13 15:00:00-05:00,1.4521449999999998,2010-01-13 15:00:00-05:00,2,1,1.45539,1.44614,0.00924999999999998,-1022.0000000000045,loss,dd_cut+flat_at_50,2,3,0,
2010-01-11,short,2010-01-13 15:00:00-05:00,2010-01-15 19:45:00-05:00,1.4521449999999998,1.4336449999999998,1.4613949999999998,1.4336449999999998,nan,nan,nan,,nan,,0,0,1.45539,1.44614,0.00924999999999998,1848.4999999999961,win,reverse_fade+target,2,1,1,2010-01-13 12:00:00-05:00
2010-01-18,long,2010-01-19 00:00:00-05:00,2010-01-19 09:30:00-05:00,1.44075,1.4370249999999998,1.4332999999999998,1.4556500000000003,1.438515,1.4370249999999998,1.438515,2010-01-19 03:00:00-05:00,1.4370249999999998,2010-01-19 09:30:00-05:00,2,1,1.4407,1.43325,0.007450000000000179,-824.0000000000174,loss,dd_cut+flat_at_50,1,3,0,
2010-01-18,short,2010-01-19 09:30:00-05:00,2010-01-20 01:15:00-05:00,1.4370249999999998,1.4221249999999994,1.444475,1.4221249999999994,nan,nan,nan,,nan,,0,0,1.4407,1.43325,0.007450000000000179,1488.5000000000357,win,reverse_fade+target,1,1,1,2010-01-19 00:00:00-05:00
2010-01-18,short,2010-01-19 10:00:00-05:00,2010-01-20 05:30:00-05:00,1.43289,1.4179899999999996,1.4403400000000002,1.4179899999999996,1.435125,1.4366150000000002,nan,,nan,,0,0,1.4407,1.43325,0.007450000000000179,4465.500000000107,win,target,2,3,0,
2010-01-25,short,2010-01-26 03:15:00-05:00,2010-01-28 01:45:00-05:00,1.41164,1.39782,1.41855,1.39782,1.413713,1.415095,nan,,nan,,0,0,1.41939,1.41248,0.006909999999999972,4141.499999999983,win,target,1,3,0,
2010-01-25,short,2010-01-28 02:00:00-05:00,2010-01-28 02:45:00-05:00,1.39722,1.400675,1.4041299999999999,1.3834,1.399293,1.400675,1.399293,2010-01-28 02:45:00-05:00,1.400675,2010-01-28 02:45:00-05:00,2,1,1.41939,1.41248,0.006909999999999972,-764.599999999997,loss,dd_cut+flat_at_50,2,3,0,
2010-01-25,long,2010-01-28 02:45:00-05:00,2010-01-29 00:15:00-05:00,1.400675,1.393765,1.393765,1.4144949999999998,nan,nan,nan,,nan,,0,0,1.41939,1.41248,0.006909999999999972,-692.4999999999972,loss,reverse_fade+stop,2,1,1,2010-01-28 02:00:00-05:00
2010-02-01,long,2010-02-02 07:30:00-05:00,2010-02-03 15:45:00-05:00,1.39466,1.390335,1.3860100000000002,1.4119599999999997,1.392065,1.390335,1.392065,2010-02-02 08:00:00-05:00,1.390335,2010-02-03 15:45:00-05:00,2,1,1.39366,1.38501,0.008649999999999824,-955.9999999999718,loss,dd_cut+flat_at_50,1,3,0,
2010-02-01,short,2010-02-03 15:45:00-05:00,2010-02-04 16:30:00-05:00,1.390335,1.3730350000000004,1.398985,1.3730350000000004,nan,nan,nan,,nan,,0,0,1.39366,1.38501,0.008649999999999824,1728.499999999965,win,reverse_fade+target,1,1,1,2010-02-02 07:30:00-05:00
2010-02-01,short,2010-02-04 08:45:00-05:00,2010-02-05 01:00:00-05:00,1.38488,1.3675800000000005,1.39353,1.3675800000000005,1.387475,1.389205,nan,,nan,,0,0,1.39366,1.38501,0.008649999999999824,5185.4999999998945,win,target,2,3,0,
2010-02-08,long,2010-02-09 06:45:00-05:00,2010-02-10 15:15:00-05:00,1.3723,1.367635,1.36297,1.3909600000000002,1.369501,1.367635,1.369501,2010-02-09 11:00:00-05:00,1.367635,2010-02-10 15:15:00-05:00,2,1,1.37128,1.36195,0.00933000000000006,-1030.8000000000134,loss,dd_cut+flat_at_50,1,3,0,
2010-02-08,short,2010-02-10 15:15:00-05:00,2010-02-11 00:30:00-05:00,1.367635,1.376965,1.376965,1.3489749999999998,nan,nan,nan,,nan,,0,0,1.37128,1.36195,0.00933000000000006,-934.500000000006,loss,reverse_fade+stop,1,1,1,2010-02-09 06:45:00-05:00
2010-02-08,long,2010-02-11 00:00:00-05:00,2010-02-11 13:30:00-05:00,1.37505,1.3703850000000002,1.36572,1.3937100000000002,1.372251,1.3703850000000002,1.372251,2010-02-11 11:15:00-05:00,1.3703850000000002,2010-02-11 13:30:00-05:00,2,1,1.37128,1.36195,0.00933000000000006,-1030.799999999991,loss,dd_cut+flat_at_50,2,3,0,
2010-02-08,short,2010-02-11 13:30:00-05:00,2010-02-12 21:45:00-05:00,1.3703850000000002,1.36305,1.3797150000000002,1.351725,nan,nan,nan,,nan,,0,0,1.37128,1.36195,0.00933000000000006,732.0000000000091,win,reverse_fade+week_end,2,1,1,2010-02-11 00:00:00-05:00
2010-02-15,long,2010-02-16 04:30:00-05:00,2010-02-16 16:30:00-05:00,1.36407,1.37519,1.3585099999999999,1.37519,1.362402,1.36129,nan,,nan,,0,0,1.36323,1.35767,0.005560000000000009,3331.5000000000055,win,target,1,3,0,
2010-02-15,long,2010-02-16 16:45:00-05:00,2010-02-17 11:15:00-05:00,1.37409,1.37131,1.36853,1.38521,1.372422,1.37131,1.372422,2010-02-17 10:45:00-05:00,1.37131,2010-02-17 11:15:00-05:00,2,1,1.36323,1.35767,0.005560000000000009,-616.100000000001,loss,dd_cut+flat_at_50,2,3,0,
2010-02-15,short,2010-02-17 11:15:00-05:00,2010-02-17 16:30:00-05:00,1.37131,1.36019,1.37687,1.36019,nan,nan,nan,,nan,,0,0,1.36323,1.35767,0.005560000000000009,1110.5000000000018,win,reverse_fade+target,2,1,1,2010-02-16 16:45:00-05:00
2010-02-22,long,2010-02-23 07:00:00-05:00,2010-02-23 10:15:00-05:00,1.36562,1.3615650000000001,1.35751,1.3818400000000002,1.363187,1.3615650000000001,1.363187,2010-02-23 10:00:00-05:00,1.3615650000000001,2010-02-23 10:15:00-05:00,2,1,1.36534,1.35723,0.008110000000000062,-896.6000000000179,loss,dd_cut+flat_at_50,1,3,0,
2010-02-22,short,2010-02-23 10:15:00-05:00,2010-02-25 04:15:00-05:00,1.3615650000000001,1.345345,1.3696750000000002,1.345345,nan,nan,nan,,nan,,0,0,1.36534,1.35723,0.008110000000000062,1620.5000000000123,win,reverse_fade+target,1,1,1,2010-02-23 07:00:00-05:00
2010-02-22,short,2010-02-23 11:30:00-05:00,2010-02-24 15:30:00-05:00,1.3568,1.360855,1.36491,1.3405799999999999,1.3592330000000001,1.360855,1.3592330000000001,2010-02-24 15:00:00-05:00,1.360855,2010-02-24 15:30:00-05:00,2,1,1.36534,1.35723,0.008110000000000062,-896.6000000000179,loss,dd_cut+flat_at_50,2,3,0,
2010-02-22,long,2010-02-24 15:30:00-05:00,2010-02-24 19:30:00-05:00,1.360855,1.3527449999999999,1.3527449999999999,1.377075,nan,nan,nan,,nan,,0,0,1.36534,1.35723,0.008110000000000062,-812.5000000000061,loss,reverse_fade+stop,2,1,1,2010-02-23 11:30:00-05:00
2010-03-01,long,2010-03-03 11:30:00-05:00,2010-03-04 16:30:00-05:00,1.36582,1.3560750000000001,1.34633,1.4048,1.359973,1.3560750000000001,1.359973,2010-03-04 15:15:00-05:00,1.3560750000000001,2010-03-04 16:30:00-05:00,2,1,1.36538,1.34589,0.019490000000000007,-2148.3999999999764,loss,dd_cut+flat_at_50,1,3,0,
2010-03-01,short,2010-03-04 16:30:00-05:00,2010-03-05 21:45:00-05:00,1.3560750000000001,1.36222,1.3755650000000001,1.3170950000000001,nan,nan,nan,,nan,,0,0,1.36538,1.34589,0.019490000000000007,-615.9999999999845,loss,reverse_fade+week_end,1,1,1,2010-03-03 11:30:00-05:00
2010-03-08,short,2010-03-09 08:45:00-05:00,2010-03-10 15:45:00-05:00,1.35949,1.36449,1.36949,1.33949,1.3624900000000002,1.36449,1.3624900000000002,2010-03-10 14:15:00-05:00,1.36449,2010-03-10 15:45:00-05:00,2,1,1.37038,1.36038,0.010000000000000009,-1104.500000000012,loss,dd_cut+flat_at_50,1,3,0,
2010-03-08,long,2010-03-10 15:45:00-05:00,2010-03-12 21:45:00-05:00,1.36449,1.37653,1.35449,1.38449,nan,nan,nan,,nan,,0,0,1.37038,1.36038,0.010000000000000009,1202.500000000005,win,reverse_fade+week_end,1,1,1,2010-03-09 08:45:00-05:00
2010-03-08,long,2010-03-12 06:45:00-05:00,2010-03-12 21:45:00-05:00,1.37045,1.37653,1.36045,1.39045,1.3674499999999998,1.36545,nan,,nan,,0,0,1.37038,1.36038,0.010000000000000009,1819.5000000000255,win,week_end,2,3,0,
2010-03-15,long,2010-03-16 19:45:00-04:00,2010-03-18 04:45:00-04:00,1.37756,1.3707799999999999,1.3639999999999999,1.40468,1.373492,1.3707799999999999,1.373492,2010-03-17 15:00:00-04:00,1.3707799999999999,2010-03-18 04:45:00-04:00,2,1,1.37738,1.36382,0.013560000000000016,-1496.0999999999929,loss,dd_cut+flat_at_50,1,3,0,
2010-03-15,short,2010-03-18 04:45:00-04:00,2010-03-19 20:45:00-04:00,1.3707799999999999,1.35287,1.38434,1.3436599999999999,nan,nan,nan,,nan,,0,0,1.37738,1.36382,0.013560000000000016,1789.499999999987,win,reverse_fade+week_end,1,1,1,2010-03-16 19:45:00-04:00
2010-03-15,short,2010-03-18 15:00:00-04:00,2010-03-19 20:45:00-04:00,1.36304,1.35287,1.3766,1.33592,1.367108,1.36982,nan,,nan,,0,0,1.37738,1.36382,0.013560000000000016,3046.5000000000036,win,week_end,2,3,0,
2010-03-22,short,2010-03-24 01:15:00-04:00,2010-03-26 20:45:00-04:00,1.34556,1.34081,1.3562800000000002,1.32412,1.3487760000000002,1.3509200000000001,nan,,nan,,0,0,1.35678,1.34606,0.010720000000000063,1420.5000000000095,win,week_end,1,3,0,
2010-03-29,long,2010-03-30 06:00:00-04:00,2010-03-30 09:30:00-04:00,1.35071,1.3462,1.34169,1.3687500000000001,1.348004,1.3462,1.348004,2010-03-30 08:15:00-04:00,1.3462,2010-03-30 09:30:00-04:00,2,1,1.35051,1.34149,0.009020000000000028,-996.700000000021,loss,dd_cut+flat_at_50,1,3,0,
2010-03-29,short,2010-03-30 09:30:00-04:00,2010-04-01 00:15:00-04:00,1.3462,1.35522,1.35522,1.32816,nan,nan,nan,,nan,,0,0,1.35051,1.34149,0.009020000000000028,-903.5000000000028,loss,reverse_fade+stop,1,1,1,2010-03-30 06:00:00-04:00
2010-03-29,short,2010-03-30 15:00:00-04:00,2010-03-31 08:00:00-04:00,1.34023,1.34474,1.34925,1.32219,1.3429360000000001,1.34474,1.3429360000000001,2010-03-30 23:45:00-04:00,1.34474,2010-03-31 08:00:00-04:00,2,1,1.35051,1.34149,0.009020000000000028,-996.700000000021,loss,dd_cut+flat_at_50,2,3,0,
2010-03-29,long,2010-03-31 08:00:00-04:00,2010-04-02 20:45:00-04:00,1.34474,1.35012,1.33572,1.36278,nan,nan,nan,,nan,,0,0,1.35051,1.34149,0.009020000000000028,536.4999999999941,win,reverse_fade+week_end,2,1,1,2010-03-30 15:00:00-04:00
2010-04-05,short,2010-04-06 00:15:00-04:00,2010-04-08 07:45:00-04:00,1.34546,1.3291000000000004,1.35364,1.3291000000000004,1.347914,1.34955,nan,,nan,,0,0,1.3538,1.34562,0.008179999999999854,4903.499999999913,win,target,1,3,0,
2010-04-05,short,2010-04-08 08:00:00-04:00,2010-04-08 12:45:00-04:00,1.32865,1.33274,1.33683,1.3122900000000004,1.331104,1.33274,1.331104,2010-04-08 09:45:00-04:00,1.33274,2010-04-08 12:45:00-04:00,2,1,1.3538,1.34562,0.008179999999999854,-904.299999999984,loss,dd_cut+flat_at_50,2,3,0,
2010-04-05,long,2010-04-08 12:45:00-04:00,2010-04-09 15:15:00-04:00,1.33274,1.3490999999999997,1.3245600000000002,1.3490999999999997,nan,nan,nan,,nan,,0,0,1.3538,1.34562,0.008179999999999854,1634.499999999971,win,reverse_fade+target,2,1,1,2010-04-08 08:00:00-04:00
2010-04-12,short,2010-04-13 09:30:00-04:00,2010-04-13 13:00:00-04:00,1.35616,1.3625,1.36884,1.3308,1.359964,1.3625,1.359964,2010-04-13 10:45:00-04:00,1.3625,2010-04-13 13:00:00-04:00,2,1,1.36905,1.35637,0.012680000000000025,-1399.299999999985,loss,dd_cut+flat_at_50,1,3,0,
2010-04-12,long,2010-04-13 13:00:00-04:00,2010-04-16 13:00:00-04:00,1.3625,1.34982,1.34982,1.38786,nan,nan,nan,,nan,,0,0,1.36905,1.35637,0.012680000000000025,-1269.5000000000025,loss,reverse_fade+stop,1,1,1,2010-04-13 09:30:00-04:00
2010-04-12,short,2010-04-13 14:15:00-04:00,2010-04-14 00:15:00-04:00,1.35631,1.36265,1.36899,1.3309499999999999,1.3601139999999998,1.36265,1.3601139999999998,2010-04-13 20:15:00-04:00,1.36265,2010-04-14 00:15:00-04:00,2,1,1.36905,1.35637,0.012680000000000025,-1399.299999999985,loss,dd_cut+flat_at_50,2,3,0,
2010-04-12,long,2010-04-14 00:15:00-04:00,2010-04-16 13:00:00-04:00,1.36265,1.34997,1.34997,1.38801,nan,nan,nan,,nan,,0,0,1.36905,1.35637,0.012680000000000025,-1269.5000000000025,loss,reverse_fade+stop,2,1,1,2010-04-13 14:15:00-04:00
2010-04-19,long,2010-04-20 09:00:00-04:00,2010-04-20 13:30:00-04:00,1.35015,1.34604,1.3419299999999998,1.3665900000000002,1.3476839999999999,1.34604,1.3476839999999999,2010-04-20 12:15:00-04:00,1.34604,2010-04-20 13:30:00-04:00,2,1,1.34946,1.34124,0.008220000000000116,-908.7000000000216,loss,dd_cut+flat_at_50,1,3,0,
2010-04-19,short,2010-04-20 13:30:00-04:00,2010-04-22 13:30:00-04:00,1.34604,1.3295999999999997,1.35426,1.3295999999999997,nan,nan,nan,,nan,,0,0,1.34946,1.34124,0.008220000000000116,1642.5000000000232,win,reverse_fade+target,1,1,1,2010-04-20 09:00:00-04:00
2010-04-19,short,2010-04-21 00:15:00-04:00,2010-04-22 23:00:00-04:00,1.34085,1.3244099999999999,1.3490700000000002,1.3244099999999999,1.3433160000000002,1.3449600000000002,1.3433160000000002,2010-04-21 05:45:00-04:00,nan,,2,0,1.34946,1.34124,0.008220000000000116,1146.3000000000075,win,dd_cut+target,2,3,0,
2010-04-26,short,2010-04-27 11:45:00-04:00,2010-04-30 20:45:00-04:00,1.32862,1.32926,1.3410099999999998,1.30384,1.3323369999999999,1.3348149999999999,1.3323369999999999,2010-04-27 14:30:00-04:00,nan,,2,0,1.34131,1.32892,0.012389999999999901,-811.9000000000136,loss,dd_cut+week_end,1,3,0,
2010-05-03,short,2010-05-04 08:30:00-04:00,2010-05-05 13:00:00-04:00,1.31322,1.2805600000000001,1.32955,1.2805600000000001,1.318119,1.321385,nan,,nan,,0,0,1.33131,1.31498,0.016329999999999956,9793.499999999973,win,target,1,3,0,
2010-05-03,short,2010-05-05 13:15:00-04:00,2010-05-05 16:00:00-04:00,1.28173,1.289895,1.29806,1.2490700000000001,1.286629,1.289895,1.286629,2010-05-05 14:00:00-04:00,1.289895,2010-05-05 16:00:00-04:00,2,1,1.33131,1.31498,0.016329999999999956,-1800.7999999999952,loss,dd_cut+flat_at_50,2,3,0,
2010-05-03,long,2010-05-05 16:00:00-04:00,2010-05-06 11:45:00-04:00,1.289895,1.273565,1.273565,1.322555,nan,nan,nan,,nan,,0,0,1.33131,1.31498,0.016329999999999956,-1634.4999999999955,loss,reverse_fade+stop,2,1,1,2010-05-05 13:15:00-04:00
2010-05-10,short,2010-05-11 04:00:00-04:00,2010-05-14 20:45:00-04:00,1.27153,1.23583,1.30865,1.19729,1.282666,1.2900900000000002,nan,,nan,,0,0,1.30918,1.27206,0.03712000000000004,10705.500000000018,win,week_end,1,3,0,
2010-05-17,long,2010-05-18 08:15:00-04:00,2010-05-18 16:45:00-04:00,1.24236,1.233555,1.2247499999999998,1.2775800000000002,1.2370769999999998,1.233555,1.2370769999999998,2010-05-18 09:30:00-04:00,1.233555,2010-05-18 16:45:00-04:00,2,1,1.24134,1.22373,0.017610000000000126,-1941.600000000025,loss,dd_cut+flat_at_50,1,3,0,
2010-05-17,short,2010-05-18 16:45:00-04:00,2010-05-20 18:00:00-04:00,1.233555,1.251165,1.251165,1.1983349999999997,nan,nan,nan,,nan,,0,0,1.24134,1.22373,0.017610000000000126,-1762.5000000000125,loss,reverse_fade+stop,1,1,1,2010-05-18 08:15:00-04:00
2010-05-17,short,2010-05-18 18:45:00-04:00,2010-05-19 12:45:00-04:00,1.22046,1.2292650000000003,1.2380700000000002,1.1852399999999998,1.225743,1.2292650000000003,1.225743,2010-05-19 12:00:00-04:00,1.2292650000000003,2010-05-19 12:45:00-04:00,2,1,1.24134,1.22373,0.017610000000000126,-1941.6000000000026,loss,dd_cut+flat_at_50,2,3,0,
2010-05-17,long,2010-05-19 12:45:00-04:00,2010-05-21 04:00:00-04:00,1.2292650000000003,1.2644850000000005,1.2116550000000001,1.2644850000000005,nan,nan,nan,,nan,,0,0,1.24134,1.22373,0.017610000000000126,3520.500000000025,win,reverse_fade+target,2,1,1,2010-05-18 18:45:00-04:00
2010-05-24,short,2010-05-25 00:15:00-04:00,2010-05-28 08:30:00-04:00,1.23213,1.24255,1.25297,1.19045,1.2383819999999999,1.24255,1.2383819999999999,2010-05-25 21:15:00-04:00,1.24255,2010-05-28 08:30:00-04:00,2,1,1.25374,1.2329,0.02083999999999997,-2296.899999999994,loss,dd_cut+flat_at_50,1,3,0,
2010-05-24,long,2010-05-28 08:30:00-04:00,2010-05-28 20:45:00-04:00,1.24255,1.22697,1.22171,1.28423,nan,nan,nan,,nan,,0,0,1.25374,1.2329,0.02083999999999997,-1559.500000000015,loss,reverse_fade+week_end,1,1,1,2010-05-25 00:15:00-04:00
2010-05-24,short,2010-05-28 13:30:00-04:00,2010-05-28 20:45:00-04:00,1.23275,1.22697,1.25359,1.19107,1.239002,1.24317,nan,,nan,,0,0,1.25374,1.2329,0.02083999999999997,1729.5000000000355,win,week_end,2,3,0,
2010-05-31,short,2010-06-01 00:00:00-04:00,2010-06-01 08:45:00-04:00,1.22632,1.2125800000000002,1.23319,1.2125800000000002,1.2283810000000002,1.229755,1.2283810000000002,2010-06-01 05:30:00-04:00,nan,,2,0,1.23335,1.22648,0.006869999999999932,957.2999999999682,win,dd_cut+target,1,3,0,
2010-05-31,short,2010-06-01 09:00:00-04:00,2010-06-01 11:00:00-04:00,1.21307,1.2165050000000002,1.21994,1.1993300000000002,1.215131,1.2165050000000002,1.215131,2010-06-01 11:00:00-04:00,1.2165050000000002,2010-06-01 11:00:00-04:00,2,1,1.23335,1.22648,0.006869999999999932,-760.1999999999814,loss,dd_cut+flat_at_50,2,3,0,
2010-05-31,long,2010-06-01 11:00:00-04:00,2010-06-01 14:15:00-04:00,1.2165050000000002,1.230245,1.2096350000000002,1.230245,nan,nan,nan,,nan,,0,0,1.23335,1.22648,0.006869999999999932,1372.4999999999864,win,reverse_fade+target,2,1,1,2010-06-01 09:00:00-04:00
2010-06-07,long,2010-06-08 15:45:00-04:00,2010-06-08 17:30:00-04:00,1.19918,1.1933699999999998,1.18756,1.2224199999999998,1.195694,1.1933699999999998,1.195694,2010-06-08 16:15:00-04:00,1.1933699999999998,2010-06-08 17:30:00-04:00,2,1,1.19908,1.18746,0.011619999999999964,-1282.6999999999848,loss,dd_cut+flat_at_50,1,3,0,
2010-06-07,short,2010-06-08 17:30:00-04:00,2010-06-09 14:45:00-04:00,1.1933699999999998,1.2049899999999998,1.2049899999999998,1.17013,nan,nan,nan,,nan,,0,0,1.19908,1.18746,0.011619999999999964,-1163.4999999999964,loss,reverse_fade+stop,1,1,1,2010-06-08 15:45:00-04:00
2010-06-07,long,2010-06-09 11:45:00-04:00,2010-06-11 20:45:00-04:00,1.19967,1.21095,1.18805,1.22291,1.1961840000000001,1.19386,1.1961840000000001,2010-06-10 00:15:00-04:00,nan,,2,0,1.19908,1.18746,0.011619999999999964,426.3000000000201,win,dd_cut+week_end,2,3,0,
2010-06-14,long,2010-06-15 14:30:00-04:00,2010-06-18 20:45:00-04:00,1.23032,1.23882,1.21631,1.2583400000000002,1.2261170000000001,1.223315,1.2261170000000001,2010-06-16 12:00:00-04:00,nan,,2,0,1.22997,1.21596,0.014010000000000078,4.900000000003843,win,dd_cut+week_end,1,3,0,
2010-06-21,short,2010-06-22 02:00:00-04:00,2010-06-24 16:00:00-04:00,1.22962,1.2378749999999998,1.24613,1.1965999999999999,1.234573,1.2378749999999998,1.234573,2010-06-24 03:15:00-04:00,1.2378749999999998,2010-06-24 16:00:00-04:00,2,1,1.24659,1.23008,0.016510000000000025,-1820.5999999999872,loss,dd_cut+flat_at_50,1,3,0,
2010-06-21,long,2010-06-24 16:00:00-04:00,2010-06-25 20:45:00-04:00,1.2378749999999998,1.23671,1.2213649999999998,1.2708949999999999,nan,nan,nan,,nan,,0,0,1.24659,1.23008,0.016510000000000025,-117.99999999998606,loss,reverse_fade+week_end,1,1,1,2010-06-22 02:00:00-04:00
2010-06-21,short,2010-06-25 08:45:00-04:00,2010-06-25 17:30:00-04:00,1.22875,1.237005,1.24526,1.19573,1.233703,1.237005,1.233703,2010-06-25 16:00:00-04:00,1.237005,2010-06-25 17:30:00-04:00,2,1,1.24659,1.23008,0.016510000000000025,-1820.5999999999872,loss,dd_cut+flat_at_50,2,3,0,
2010-06-21,long,2010-06-25 17:30:00-04:00,2010-06-25 20:45:00-04:00,1.237005,1.23671,1.2204949999999999,1.270025,nan,nan,nan,,nan,,0,0,1.24659,1.23008,0.016510000000000025,-30.99999999999342,loss,reverse_fade+week_end,2,1,1,2010-06-25 08:45:00-04:00
2010-06-28,short,2010-06-29 03:30:00-04:00,2010-07-01 10:15:00-04:00,1.22629,1.2330050000000001,1.2397200000000002,1.19943,1.2303190000000002,1.2330050000000001,1.2303190000000002,2010-06-30 10:15:00-04:00,1.2330050000000001,2010-07-01 10:15:00-04:00,2,1,1.23974,1.22631,0.013430000000000053,-1481.8000000000147,loss,dd_cut+flat_at_50,1,3,0,
2010-06-28,long,2010-07-01 10:15:00-04:00,2010-07-02 12:30:00-04:00,1.2330050000000001,1.2598650000000002,1.219575,1.2598650000000002,nan,nan,nan,,nan,,0,0,1.23974,1.22631,0.013430000000000053,2684.5000000000105,win,reverse_fade+target,1,1,1,2010-06-29 03:30:00-04:00
2010-06-28,long,2010-07-01 13:30:00-04:00,2010-07-02 20:45:00-04:00,1.2408,1.25624,1.2273699999999999,1.26766,1.2367709999999998,1.2340849999999999,nan,,nan,,0,0,1.23974,1.22631,0.013430000000000053,4627.500000000036,win,week_end,2,3,0,
2010-07-05,short,2010-07-06 00:00:00-04:00,2010-07-06 02:45:00-04:00,1.24892,1.2517399999999999,1.25456,1.2376400000000003,1.250612,1.2517399999999999,1.250612,2010-07-06 01:45:00-04:00,1.2517399999999999,2010-07-06 02:45:00-04:00,2,1,1.25568,1.25004,0.005639999999999867,-624.8999999999876,loss,dd_cut+flat_at_50,1,3,0,
2010-07-05,long,2010-07-06 02:45:00-04:00,2010-07-06 14:00:00-04:00,1.2517399999999999,1.2630199999999996,1.2461,1.2630199999999996,nan,nan,nan,,nan,,0,0,1.25568,1.25004,0.005639999999999867,1126.4999999999734,win,reverse_fade+target,1,1,1,2010-07-06 00:00:00-04:00
2010-07-05,long,2010-07-06 06:00:00-04:00,2010-07-08 01:30:00-04:00,1.25599,1.2672699999999997,1.25035,1.2672699999999997,1.254298,1.25317,nan,,nan,,0,0,1.25568,1.25004,0.005639999999999867,3379.49999999992,win,target,2,3,0,
2010-07-12,short,2010-07-13 07:15:00-04:00,2010-07-13 09:45:00-04:00,1.25413,1.258945,1.26376,1.23487,1.2570189999999999,1.258945,1.2570189999999999,2010-07-13 09:30:00-04:00,1.258945,2010-07-13 09:45:00-04:00,2,1,1.2644,1.25477,0.009630000000000027,-1063.7999999999852,loss,dd_cut+flat_at_50,1,3,0,
2010-07-12,long,2010-07-13 09:45:00-04:00,2010-07-15 08:30:00-04:00,1.258945,1.278205,1.249315,1.278205,nan,nan,nan,,nan,,0,0,1.2644,1.25477,0.009630000000000027,1924.5000000000055,win,reverse_fade+target,1,1,1,2010-07-13 07:15:00-04:00
2010-07-12,long,2010-07-13 14:00:00-04:00,2010-07-15 12:45:00-04:00,1.26645,1.2857100000000001,1.25682,1.2857100000000001,1.2635610000000002,1.261635,nan,,nan,,0,0,1.2644,1.25477,0.009630000000000027,5773.500000000016,win,target,2,3,0,
2010-07-19,long,2010-07-20 06:00:00-04:00,2010-07-20 09:30:00-04:00,1.30008,1.293915,1.28775,1.3247399999999998,1.296381,1.293915,1.296381,2010-07-20 07:30:00-04:00,1.293915,2010-07-20 09:30:00-04:00,2,1,1.29908,1.28675,0.012329999999999952,-1360.799999999977,loss,dd_cut+flat_at_50,1,3,0,
2010-07-19,short,2010-07-20 09:30:00-04:00,2010-07-23 20:45:00-04:00,1.293915,1.29075,1.3062449999999999,1.269255,nan,nan,nan,,nan,,0,0,1.29908,1.28675,0.012329999999999952,314.99999999998624,win,reverse_fade+week_end,1,1,1,2010-07-20 06:00:00-04:00
2010-07-19,short,2010-07-21 09:15:00-04:00,2010-07-22 14:15:00-04:00,1.28516,1.291325,1.29749,1.2605000000000002,1.288859,1.291325,1.288859,2010-07-22 13:45:00-04:00,1.291325,2010-07-22 14:15:00-04:00,2,1,1.29908,1.28675,0.012329999999999952,-1360.799999999977,loss,dd_cut+flat_at_50,2,3,0,
2010-07-19,long,2010-07-22 14:15:00-04:00,2010-07-23 20:45:00-04:00,1.291325,1.29075,1.278995,1.315985,nan,nan,nan,,nan,,0,0,1.29908,1.28675,0.012329999999999952,-58.99999999999922,loss,reverse_fade+week_end,2,1,1,2010-07-21 09:15:00-04:00
2010-07-26,long,2010-07-27 02:00:00-04:00,2010-07-27 15:00:00-04:00,1.30134,1.295325,1.28931,1.3254,1.297731,1.295325,1.297731,2010-07-27 07:15:00-04:00,1.295325,2010-07-27 15:00:00-04:00,2,1,1.30055,1.28852,0.012029999999999985,-1327.799999999983,loss,dd_cut+flat_at_50,1,3,0,
2010-07-26,short,2010-07-27 15:00:00-04:00,2010-07-29 08:15:00-04:00,1.295325,1.307355,1.307355,1.271265,nan,nan,nan,,nan,,0,0,1.30055,1.28852,0.012029999999999985,-1204.4999999999984,loss,reverse_fade+stop,1,1,1,2010-07-27 02:00:00-04:00
2010-07-26,long,2010-07-28 05:30:00-04:00,2010-07-30 20:45:00-04:00,1.30116,1.30484,1.28913,1.32522,1.2975510000000001,1.2951450000000002,1.2975510000000001,2010-07-28 12:45:00-04:00,nan,,2,0,1.30055,1.28852,0.012029999999999985,-358.30000000000416,loss,dd_cut+week_end,2,3,0,
2010-08-02,long,2010-08-03 07:30:00-04:00,2010-08-04 14:30:00-04:00,1.32127,1.31423,1.30719,1.3494299999999997,1.317046,1.31423,1.317046,2010-08-04 14:00:00-04:00,1.31423,2010-08-04 14:30:00-04:00,2,1,1.31937,1.30529,0.01407999999999987,-1553.2999999999947,loss,dd_cut+flat_at_50,1,3,0,
2010-08-02,short,2010-08-04 14:30:00-04:00,2010-08-06 13:30:00-04:00,1.31423,1.3283099999999999,1.3283099999999999,1.2860700000000003,nan,nan,nan,,nan,,0,0,1.31937,1.30529,0.01407999999999987,-1409.499999999987,loss,reverse_fade+stop,1,1,1,2010-08-03 07:30:00-04:00
2010-08-02,long,2010-08-05 09:15:00-04:00,2010-08-06 20:45:00-04:00,1.31938,1.32753,1.3053000000000001,1.3475399999999997,1.315156,1.31234,1.315156,2010-08-05 14:45:00-04:00,nan,,2,0,1.31937,1.30529,0.01407999999999987,-34.29999999999097,loss,dd_cut+week_end,2,3,0,
2010-08-09,short,2010-08-10 00:45:00-04:00,2010-08-11 11:00:00-04:00,1.31902,1.29882,1.32912,1.29882,1.3220500000000002,1.32407,1.3220500000000002,2010-08-10 18:30:00-04:00,nan,,2,0,1.3307,1.3206,0.010099999999999998,1409.4999999999818,win,dd_cut+target,1,3,0,
2010-08-09,short,2010-08-11 11:15:00-04:00,2010-08-12 10:00:00-04:00,1.30044,1.28024,1.31054,1.28024,1.3034700000000001,1.30549,nan,,nan,,0,0,1.3307,1.3206,0.010099999999999998,6055.499999999998,win,target,2,3,0,
2010-08-16,long,2010-08-17 07:30:00-04:00,2010-08-18 23:45:00-04:00,1.28725,1.280345,1.27344,1.3148700000000002,1.283107,1.280345,1.283107,2010-08-18 06:00:00-04:00,1.280345,2010-08-18 23:45:00-04:00,2,1,1.28699,1.27318,0.0138100000000001,-1523.5999999999954,loss,dd_cut+flat_at_50,1,3,0,
2010-08-16,short,2010-08-18 23:45:00-04:00,2010-08-20 20:45:00-04:00,1.280345,1.27075,1.2941550000000002,1.2527249999999999,nan,nan,nan,,nan,,0,0,1.28699,1.27318,0.0138100000000001,958.000000000002,win,reverse_fade+week_end,1,1,1,2010-08-17 07:30:00-04:00
2010-08-16,long,2010-08-19 12:45:00-04:00,2010-08-19 16:00:00-04:00,1.28864,1.2817349999999998,1.27483,1.3162600000000002,1.284497,1.2817349999999998,1.284497,2010-08-19 15:45:00-04:00,1.2817349999999998,2010-08-19 16:00:00-04:00,2,1,1.28699,1.27318,0.0138100000000001,-1523.6000000000176,loss,dd_cut+flat_at_50,2,3,0,
2010-08-16,short,2010-08-19 16:00:00-04:00,2010-08-20 20:45:00-04:00,1.2817349999999998,1.27075,1.295545,1.2541149999999996,nan,nan,nan,,nan,,0,0,1.28699,1.27318,0.0138100000000001,1096.99999999998,win,reverse_fade+week_end,2,1,1,2010-08-19 12:45:00-04:00
2010-08-23,short,2010-08-24 07:15:00-04:00,2010-08-24 14:00:00-04:00,1.26138,1.26681,1.27224,1.2396599999999998,1.264638,1.26681,1.264638,2010-08-24 14:00:00-04:00,1.26681,2010-08-24 14:00:00-04:00,2,1,1.27296,1.2621,0.010860000000000092,-1199.1000000000013,loss,dd_cut+flat_at_50,1,3,0,
2010-08-23,long,2010-08-24 14:00:00-04:00,2010-08-27 20:45:00-04:00,1.26681,1.27595,1.25595,1.2885300000000002,nan,nan,nan,,nan,,0,0,1.27296,1.2621,0.010860000000000092,912.4999999999926,win,reverse_fade+week_end,1,1,1,2010-08-24 07:15:00-04:00
2010-08-23,short,2010-08-24 21:30:00-04:00,2010-08-25 07:45:00-04:00,1.26205,1.26748,1.27291,1.2403299999999997,1.2653079999999999,1.26748,1.2653079999999999,2010-08-25 00:30:00-04:00,1.26748,2010-08-25 07:45:00-04:00,2,1,1.27296,1.2621,0.010860000000000092,-1199.1000000000013,loss,dd_cut+flat_at_50,2,3,0,
2010-08-23,long,2010-08-25 07:45:00-04:00,2010-08-27 20:45:00-04:00,1.26748,1.27595,1.2566199999999998,1.2892000000000001,nan,nan,nan,,nan,,0,0,1.27296,1.2621,0.010860000000000092,845.4999999999977,win,reverse_fade+week_end,2,1,1,2010-08-24 21:30:00-04:00
2010-08-30,short,2010-08-31 00:00:00-04:00,2010-08-31 08:30:00-04:00,1.26376,1.26878,1.2738,1.24368,1.266772,1.26878,1.266772,2010-08-31 08:15:00-04:00,1.26878,2010-08-31 08:30:00-04:00,2,1,1.27548,1.26544,0.010040000000000049,-1108.9000000000053,loss,dd_cut+flat_at_50,1,3,0,
2010-08-30,long,2010-08-31 08:30:00-04:00,2010-09-03 17:00:00-04:00,1.26878,1.2888600000000001,1.25874,1.2888600000000001,nan,nan,nan,,nan,,0,0,1.27548,1.26544,0.010040000000000049,2006.5000000000098,win,reverse_fade+target,1,1,1,2010-08-31 00:00:00-04:00
2010-08-30,long,2010-09-01 08:45:00-04:00,2010-09-03 20:45:00-04:00,1.27668,1.28945,1.26664,1.2967600000000001,1.273668,1.27166,nan,,nan,,0,0,1.27548,1.26544,0.010040000000000049,3826.4999999999845,win,week_end,2,3,0,
2010-09-06,short,2010-09-07 02:30:00-04:00,2010-09-10 20:45:00-04:00,1.27959,1.26801,1.29142,1.25593,1.283139,1.2855050000000001,nan,,nan,,0,0,1.29176,1.27993,0.011830000000000007,3469.499999999977,win,week_end,1,3,0,
2010-09-13,long,2010-09-14 07:15:00-04:00,2010-09-14 09:45:00-04:00,1.28945,1.28275,1.2760500000000001,1.3162499999999997,1.28543,1.28275,1.28543,2010-09-14 09:00:00-04:00,1.28275,2010-09-14 09:45:00-04:00,2,1,1.28917,1.27577,0.013399999999999856,-1478.4999999999754,loss,dd_cut+flat_at_50,1,3,0,
2010-09-13,short,2010-09-14 09:45:00-04:00,2010-09-14 14:30:00-04:00,1.28275,1.29615,1.29615,1.2559500000000003,nan,nan,nan,,nan,,0,0,1.28917,1.27577,0.013399999999999856,-1341.4999999999857,loss,reverse_fade+stop,1,1,1,2010-09-14 07:15:00-04:00
2010-09-13,long,2010-09-14 14:00:00-04:00,2010-09-17 20:45:00-04:00,1.2897,1.30474,1.2763000000000002,1.3164999999999998,1.2856800000000002,1.2830000000000001,nan,,nan,,0,0,1.28917,1.27577,0.013399999999999856,4507.499999999983,win,week_end,2,3,0,
2010-09-20,long,2010-09-21 08:30:00-04:00,2010-09-22 00:30:00-04:00,1.3129,1.3307000000000002,1.3039999999999998,1.3307000000000002,1.31023,1.30845,nan,,nan,,0,0,1.31203,1.30313,0.00890000000000013,5335.500000000078,win,target,1,3,0,
2010-09-20,long,2010-09-22 00:45:00-04:00,2010-09-24 15:00:00-04:00,1.3305,1.3483000000000003,1.3215999999999999,1.3483000000000003,1.32783,1.32605,1.32783,2010-09-22 06:00:00-04:00,nan,,2,0,1.31203,1.30313,0.00890000000000013,1241.500000000036,win,dd_cut+target,2,3,0,
2010-09-27,short,2010-09-28 06:45:00-04:00,2010-09-28 09:30:00-04:00,1.34036,1.344505,1.3486500000000001,1.3237799999999997,1.3428470000000001,1.344505,1.3428470000000001,2010-09-28 09:15:00-04:00,1.344505,2010-09-28 09:30:00-04:00,2,1,1.35061,1.34232,0.00829000000000013,-916.4000000000322,loss,dd_cut+flat_at_50,1,3,0,
2010-09-27,long,2010-09-28 09:30:00-04:00,2010-09-29 06:45:00-04:00,1.344505,1.3610850000000003,1.336215,1.3610850000000003,nan,nan,nan,,nan,,0,0,1.35061,1.34232,0.00829000000000013,1656.5000000000261,win,reverse_fade+target,1,1,1,2010-09-28 06:45:00-04:00
2010-09-27,long,2010-09-28 14:15:00-04:00,2010-10-01 08:15:00-04:00,1.35241,1.3689900000000002,1.3441199999999998,1.3689900000000002,1.3499229999999998,1.3482649999999998,nan,,nan,,0,0,1.35061,1.34232,0.00829000000000013,4969.500000000078,win,target,2,3,0,
2010-10-04,long,2010-10-05 12:15:00-04:00,2010-10-08 20:45:00-04:00,1.3792,1.39353,1.3648799999999999,1.4078400000000002,1.374904,1.37204,nan,,nan,,0,0,1.37844,1.36412,0.01432000000000011,4294.499999999986,win,week_end,1,3,0,
2010-10-11,short,2010-10-12 01:00:00-04:00,2010-10-12 18:15:00-04:00,1.38526,1.392485,1.39971,1.3563599999999998,1.389595,1.392485,1.389595,2010-10-12 18:00:00-04:00,1.392485,2010-10-12 18:15:00-04:00,2,1,1.39982,1.38537,0.014450000000000074,-1593.999999999999,loss,dd_cut+flat_at_50,1,3,0,
2010-10-11,long,2010-10-12 18:15:00-04:00,2010-10-15 20:45:00-04:00,1.392485,1.39742,1.378035,1.4213850000000001,nan,nan,nan,,nan,,0,0,1.39982,1.38537,0.014450000000000074,492.00000000001336,win,reverse_fade+week_end,1,1,1,2010-10-12 01:00:00-04:00
2010-10-11,long,2010-10-14 00:00:00-04:00,2010-10-15 16:00:00-04:00,1.40429,1.397065,1.38984,1.4331900000000002,1.399955,1.397065,1.399955,2010-10-15 14:00:00-04:00,1.397065,2010-10-15 16:00:00-04:00,2,1,1.39982,1.38537,0.014450000000000074,-1593.999999999999,loss,dd_cut+flat_at_50,2,3,0,
2010-10-11,short,2010-10-15 16:00:00-04:00,2010-10-15 20:45:00-04:00,1.397065,1.39742,1.411515,1.3681649999999999,nan,nan,nan,,nan,,0,0,1.39982,1.38537,0.014450000000000074,-37.00000000001052,loss,reverse_fade+week_end,2,1,1,2010-10-14 00:00:00-04:00
2010-10-18,short,2010-10-19 13:00:00-04:00,2010-10-20 13:45:00-04:00,1.38169,1.3902200000000002,1.3987500000000002,1.34757,1.386808,1.3902200000000002,1.386808,2010-10-20 12:00:00-04:00,1.3902200000000002,2010-10-20 13:45:00-04:00,2,1,1.39984,1.38278,0.017060000000000075,-1881.1000000000063,loss,dd_cut+flat_at_50,1,3,0,
2010-10-18,long,2010-10-20 13:45:00-04:00,2010-10-22 20:45:00-04:00,1.3902200000000002,1.39522,1.3731600000000002,1.4243400000000004,nan,nan,nan,,nan,,0,0,1.39984,1.38278,0.017060000000000075,498.49999999996714,win,reverse_fade+week_end,1,1,1,2010-10-19 13:00:00-04:00
2010-10-18,long,2010-10-21 08:00:00-04:00,2010-10-21 16:30:00-04:00,1.40293,1.3944,1.38587,1.4370500000000002,1.397812,1.3944,1.397812,2010-10-21 12:45:00-04:00,1.3944,2010-10-21 16:30:00-04:00,2,1,1.39984,1.38278,0.017060000000000075,-1881.099999999984,loss,dd_cut+flat_at_50,2,3,0,
2010-10-18,short,2010-10-21 16:30:00-04:00,2010-10-22 20:45:00-04:00,1.3944,1.39522,1.4114600000000002,1.36028,nan,nan,nan,,nan,,0,0,1.39984,1.38278,0.017060000000000075,-83.4999999999821,loss,reverse_fade+week_end,2,1,1,2010-10-21 08:00:00-04:00
2010-10-25,short,2010-10-26 12:15:00-04:00,2010-10-29 20:45:00-04:00,1.38859,1.39451,1.40597,1.35383,1.393804,1.3972799999999999,1.393804,2010-10-28 15:30:00-04:00,nan,,2,0,1.40794,1.39056,0.01737999999999995,-1639.300000000003,loss,dd_cut+week_end,1,3,0,
2010-11-01,long,2010-11-02 12:15:00-04:00,2010-11-05 20:45:00-04:00,1.40279,1.40296,1.38789,1.4325899999999998,1.39832,1.39534,nan,,nan,,0,0,1.4011,1.3862,0.014899999999999913,46.500000000001044,win,week_end,1,3,0,
2010-11-08,short,2010-11-09 00:15:00-05:00,2010-11-09 12:00:00-05:00,1.38544,1.3966699999999999,1.4079,1.3405200000000002,1.392178,1.3966699999999999,1.392178,2010-11-09 10:00:00-05:00,1.3966699999999999,2010-11-09 12:00:00-05:00,2,1,1.40825,1.38579,0.022459999999999924,-2475.0999999999676,loss,dd_cut+flat_at_50,1,3,0,
2010-11-08,long,2010-11-09 12:00:00-05:00,2010-11-10 00:15:00-05:00,1.3966699999999999,1.37421,1.37421,1.4415899999999997,nan,nan,nan,,nan,,0,0,1.40825,1.38579,0.022459999999999924,-2247.4999999999923,loss,reverse_fade+stop,1,1,1,2010-11-09 00:15:00-05:00
2010-11-08,short,2010-11-09 17:45:00-05:00,2010-11-12 21:45:00-05:00,1.38484,1.36895,1.4073,1.3399200000000002,1.391578,1.39607,nan,,nan,,0,0,1.40825,1.38579,0.022459999999999924,4762.500000000055,win,week_end,2,3,0,
2010-11-15,short,2010-11-16 15:30:00-05:00,2010-11-18 09:00:00-05:00,1.35542,1.3647550000000002,1.3740900000000003,1.3180799999999997,1.361021,1.3647550000000002,1.361021,2010-11-18 07:15:00-05:00,1.3647550000000002,2010-11-18 09:00:00-05:00,2,1,1.37498,1.35631,0.018670000000000186,-2058.2000000000025,loss,dd_cut+flat_at_50,1,3,0,
2010-11-15,long,2010-11-18 09:00:00-05:00,2010-11-19 21:45:00-05:00,1.3647550000000002,1.36716,1.346085,1.4020950000000005,nan,nan,nan,,nan,,0,0,1.37498,1.35631,0.018670000000000186,238.99999999997684,win,reverse_fade+week_end,1,1,1,2010-11-16 15:30:00-05:00
2010-11-22,short,2010-11-23 01:00:00-05:00,2010-11-26 21:45:00-05:00,1.35675,1.32395,1.3777,1.3148499999999999,1.363035,1.367225,nan,,nan,,0,0,1.37859,1.35764,0.020950000000000024,9835.499999999982,win,week_end,1,3,0,
2010-11-29,short,2010-11-30 08:45:00-05:00,2010-12-01 16:45:00-05:00,1.30399,1.315795,1.3276,1.2567700000000002,1.311073,1.315795,1.311073,2010-12-01 10:45:00-05:00,1.315795,2010-12-01 16:45:00-05:00,2,1,1.32999,1.30638,0.02360999999999991,-2601.5999999999967,loss,dd_cut+flat_at_50,1,3,0,
2010-11-29,long,2010-12-01 16:45:00-05:00,2010-12-03 21:45:00-05:00,1.315795,1.34135,1.2921850000000001,1.3630149999999999,nan,nan,nan,,nan,,0,0,1.32999,1.30638,0.02360999999999991,2553.9999999999995,win,reverse_fade+week_end,1,1,1,2010-11-30 08:45:00-05:00
2010-11-29,long,2010-12-03 13:30:00-05:00,2010-12-03 21:45:00-05:00,1.33328,1.34135,1.3096700000000001,1.3804999999999998,1.326197,1.321475,nan,,nan,,0,0,1.32999,1.30638,0.02360999999999991,2416.5000000000064,win,week_end,2,3,0,
2010-12-06,short,2010-12-08 02:30:00-05:00,2010-12-10 21:45:00-05:00,1.32359,1.32218,1.3410000000000002,1.2887699999999997,1.328813,1.3322950000000002,1.328813,2010-12-09 01:00:00-05:00,nan,,2,0,1.342,1.32459,0.017410000000000148,-908.0999999999823,loss,dd_cut+week_end,1,3,0,
2010-12-13,long,2010-12-14 07:45:00-05:00,2010-12-15 06:00:00-05:00,1.34542,1.33288,1.32034,1.39558,1.337896,1.33288,1.337896,2010-12-14 14:45:00-05:00,1.33288,2010-12-15 06:00:00-05:00,2,1,1.34329,1.31821,0.02507999999999999,-2763.3000000000166,loss,dd_cut+flat_at_50,1,3,0,
2010-12-13,short,2010-12-15 06:00:00-05:00,2010-12-17 21:45:00-05:00,1.33288,1.31864,1.35796,1.28272,nan,nan,nan,,nan,,0,0,1.34329,1.31821,0.02507999999999999,1422.500000000003,win,reverse_fade+week_end,1,1,1,2010-12-14 07:45:00-05:00
2010-12-13,short,2010-12-17 15:30:00-05:00,2010-12-17 21:45:00-05:00,1.31428,1.31864,1.3393599999999999,1.26412,1.321804,1.3268199999999999,nan,,nan,,0,0,1.34329,1.31821,0.02507999999999999,-1312.5000000000425,loss,week_end,2,3,0,
2010-12-20,long,2010-12-21 01:45:00-05:00,2010-12-21 08:15:00-05:00,1.31832,1.31391,1.3095,1.3359599999999996,1.315674,1.31391,1.315674,2010-12-21 08:00:00-05:00,1.31391,2010-12-21 08:15:00-05:00,2,1,1.31825,1.30943,0.008819999999999828,-974.6999999999878,loss,dd_cut+flat_at_50,1,3,0,
2010-12-20,short,2010-12-21 08:15:00-05:00,2010-12-24 21:45:00-05:00,1.31391,1.31188,1.3227299999999997,1.2962700000000003,nan,nan,nan,,nan,,0,0,1.31825,1.30943,0.008819999999999828,201.4999999999976,win,reverse_fade+week_end,1,1,1,2010-12-21 01:45:00-05:00
2010-12-20,long,2010-12-21 13:15:00-05:00,2010-12-21 15:00:00-05:00,1.3185,1.3140900000000002,1.3096800000000002,1.3361399999999997,1.315854,1.3140900000000002,1.315854,2010-12-21 14:00:00-05:00,1.3140900000000002,2010-12-21 15:00:00-05:00,2,1,1.31825,1.30943,0.008819999999999828,-974.6999999999655,loss,dd_cut+flat_at_50,2,3,0,
2010-12-20,short,2010-12-21 15:00:00-05:00,2010-12-24 21:45:00-05:00,1.3140900000000002,1.31188,1.32291,1.2964500000000005,nan,nan,nan,,nan,,0,0,1.31825,1.30943,0.008819999999999828,219.50000000002672,win,reverse_fade+week_end,2,1,1,2010-12-21 13:15:00-05:00
2010-12-27,long,2010-12-28 00:00:00-05:00,2010-12-28 14:45:00-05:00,1.31959,1.314085,1.30858,1.34161,1.316287,1.314085,1.316287,2010-12-28 14:45:00-05:00,1.314085,2010-12-28 14:45:00-05:00,2,1,1.31884,1.30783,0.011009999999999964,-1215.6000000000204,loss,dd_cut+flat_at_50,1,3,0,
2010-12-27,short,2010-12-28 14:45:00-05:00,2010-12-30 01:00:00-05:00,1.314085,1.325095,1.325095,1.292065,nan,nan,nan,,nan,,0,0,1.31884,1.30783,0.011009999999999964,-1102.4999999999964,loss,reverse_fade+stop,1,1,1,2010-12-28 00:00:00-05:00
2010-12-27,long,2010-12-29 17:45:00-05:00,2010-12-31 15:45:00-05:00,1.31886,1.3408799999999998,1.30785,1.3408799999999998,1.3155569999999999,1.313355,nan,,nan,,0,0,1.31884,1.30783,0.011009999999999964,6601.499999999978,win,target,2,3,0,
2011-01-03,long,2011-01-04 09:45:00-05:00,2011-01-04 15:45:00-05:00,1.33997,1.332735,1.3255000000000001,1.36891,1.3356290000000002,1.332735,1.3356290000000002,2011-01-04 15:00:00-05:00,1.332735,2011-01-04 15:45:00-05:00,2,1,1.33947,1.325,0.014469999999999983,-1596.1999999999957,loss,dd_cut+flat_at_50,1,3,0,
2011-01-03,short,2011-01-04 15:45:00-05:00,2011-01-06 15:45:00-05:00,1.332735,1.303795,1.347205,1.303795,nan,nan,nan,,nan,,0,0,1.33947,1.325,0.014469999999999983,2892.4999999999964,win,reverse_fade+target,1,1,1,2011-01-04 09:45:00-05:00
2011-01-03,short,2011-01-05 08:30:00-05:00,2011-01-07 13:15:00-05:00,1.32404,1.2951000000000001,1.33851,1.2951000000000001,1.328381,1.3312750000000002,nan,,nan,,0,0,1.33947,1.325,0.014469999999999983,8677.499999999989,win,target,2,3,0,
2011-01-10,long,2011-01-11 12:00:00-05:00,2011-01-11 14:45:00-05:00,1.29689,1.2922950000000002,1.2877,1.3152700000000002,1.294133,1.2922950000000002,1.294133,2011-01-11 14:30:00-05:00,1.2922950000000002,2011-01-11 14:45:00-05:00,2,1,1.29658,1.28739,0.009190000000000031,-1015.4000000000145,loss,dd_cut+flat_at_50,1,3,0,
2011-01-10,short,2011-01-11 14:45:00-05:00,2011-01-12 02:00:00-05:00,1.2922950000000002,1.3014850000000002,1.3014850000000002,1.2739150000000001,nan,nan,nan,,nan,,0,0,1.29658,1.28739,0.009190000000000031,-920.5000000000032,loss,reverse_fade+stop,1,1,1,2011-01-11 12:00:00-05:00
2011-01-10,long,2011-01-11 16:15:00-05:00,2011-01-13 09:15:00-05:00,1.2973,1.31568,1.2881099999999999,1.31568,1.294543,1.2927049999999998,1.294543,2011-01-11 18:45:00-05:00,nan,,2,0,1.29658,1.28739,0.009190000000000031,1282.1000000000267,win,dd_cut+target,2,3,0,
2011-01-17,long,2011-01-18 08:45:00-05:00,2011-01-21 21:45:00-05:00,1.33834,1.36204,1.3248400000000002,1.3653399999999998,1.3342900000000002,1.3315900000000003,nan,,nan,,0,0,1.33791,1.32441,0.013499999999999845,7105.499999999949,win,week_end,1,3,0,
2011-01-24,long,2011-01-25 20:15:00-05:00,2011-01-28 15:30:00-05:00,1.37029,1.3630650000000002,1.3558400000000002,1.3991899999999997,1.365955,1.3630650000000002,1.365955,2011-01-26 07:30:00-05:00,1.3630650000000002,2011-01-28 15:30:00-05:00,2,1,1.36852,1.35407,0.014449999999999852,-1593.999999999977,loss,dd_cut+flat_at_50,1,3,0,
2011-01-24,short,2011-01-28 15:30:00-05:00,2011-01-28 21:45:00-05:00,1.3630650000000002,1.36099,1.377515,1.3341650000000005,nan,nan,nan,,nan,,0,0,1.36852,1.35407,0.014449999999999852,206.00000000002711,win,reverse_fade+week_end,1,1,1,2011-01-25 20:15:00-05:00
2011-01-31,long,2011-02-01 07:15:00-05:00,2011-02-03 14:00:00-05:00,1.37426,1.3658000000000001,1.35734,1.4081000000000001,1.369184,1.3658000000000001,1.369184,2011-02-03 13:45:00-05:00,1.3658000000000001,2011-02-03 14:00:00-05:00,2,1,1.37391,1.35699,0.016920000000000046,-1865.7000000000073,loss,dd_cut+flat_at_50,1,3,0,
2011-01-31,short,2011-02-03 14:00:00-05:00,2011-02-04 21:45:00-05:00,1.3658000000000001,1.35798,1.3827200000000002,1.33196,nan,nan,nan,,nan,,0,0,1.37391,1.35699,0.016920000000000046,780.500000000016,win,reverse_fade+week_end,1,1,1,2011-02-01 07:15:00-05:00
2011-01-31,short,2011-02-04 14:45:00-05:00,2011-02-04 21:45:00-05:00,1.35529,1.35798,1.3722100000000002,1.32145,1.3603660000000002,1.36375,nan,,nan,,0,0,1.37391,1.35699,0.016920000000000046,-811.4999999999577,loss,week_end,2,3,0,
2011-02-07,long,2011-02-08 05:00:00-05:00,2011-02-11 01:45:00-05:00,1.36273,1.356815,1.3509,1.38639,1.359181,1.356815,1.359181,2011-02-10 13:30:00-05:00,1.356815,2011-02-11 01:45:00-05:00,2,1,1.36262,1.35079,0.011830000000000007,-1305.7999999999943,loss,dd_cut+flat_at_50,1,3,0,
2011-02-07,short,2011-02-11 01:45:00-05:00,2011-02-11 21:45:00-05:00,1.356815,1.35504,1.3686450000000001,1.333155,nan,nan,nan,,nan,,0,0,1.36262,1.35079,0.011830000000000007,176.0000000000082,win,reverse_fade+week_end,1,1,1,2011-02-08 05:00:00-05:00
2011-02-07,short,2011-02-11 17:00:00-05:00,2011-02-11 21:45:00-05:00,1.35028,1.35504,1.36211,1.32662,1.353829,1.356195,1.353829,2011-02-11 19:15:00-05:00,nan,,2,0,1.36262,1.35079,0.011830000000000007,-1190.3000000000147,loss,dd_cut+week_end,2,3,0,
2011-02-14,long,2011-02-16 06:45:00-05:00,2011-02-16 13:15:00-05:00,1.35629,1.34978,1.34327,1.38233,1.352384,1.34978,1.352384,2011-02-16 10:45:00-05:00,1.34978,2011-02-16 13:15:00-05:00,2,1,1.35582,1.3428,0.013020000000000032,-1436.6999999999946,loss,dd_cut+flat_at_50,1,3,0,
2011-02-14,short,2011-02-16 13:15:00-05:00,2011-02-18 13:00:00-05:00,1.34978,1.3628,1.3628,1.32374,nan,nan,nan,,nan,,0,0,1.35582,1.3428,0.013020000000000032,-1303.5000000000032,loss,reverse_fade+stop,1,1,1,2011-02-16 06:45:00-05:00
2011-02-14,long,2011-02-16 17:00:00-05:00,2011-02-18 21:45:00-05:00,1.35737,1.36921,1.34435,1.38341,1.353464,1.35086,nan,,nan,,0,0,1.35582,1.3428,0.013020000000000032,3547.500000000022,win,week_end,2,3,0,
2011-02-21,short,2011-02-22 00:30:00-05:00,2011-02-22 11:45:00-05:00,1.3634,1.366655,1.36991,1.35038,1.365353,1.366655,1.365353,2011-02-22 11:45:00-05:00,1.366655,2011-02-22 11:45:00-05:00,2,1,1.37122,1.36471,0.006510000000000016,-720.6000000000195,loss,dd_cut+flat_at_50,1,3,0,
2011-02-21,long,2011-02-22 11:45:00-05:00,2011-02-24 09:30:00-05:00,1.366655,1.379675,1.360145,1.379675,nan,nan,nan,,nan,,0,0,1.37122,1.36471,0.006510000000000016,1300.5000000000032,win,reverse_fade+target,1,1,1,2011-02-22 00:30:00-05:00
2011-02-21,long,2011-02-23 06:45:00-05:00,2011-02-25 21:45:00-05:00,1.37158,1.37529,1.36507,1.3846,1.369627,1.368325,1.369627,2011-02-23 09:45:00-05:00,nan,,2,0,1.37122,1.36471,0.006510000000000016,-24.100000000030718,loss,dd_cut+week_end,2,3,0,
2011-02-28,long,2011-03-02 14:30:00-05:00,2011-03-04 21:45:00-05:00,1.38582,1.39863,1.37149,1.41448,1.381521,1.3786550000000002,nan,,nan,,0,0,1.38544,1.37111,0.014329999999999954,3838.4999999999964,win,week_end,1,3,0,
2011-03-07,short,2011-03-08 07:30:00-05:00,2011-03-10 19:00:00-05:00,1.39511,1.3790700000000002,1.40313,1.3790700000000002,1.397516,1.39912,nan,,nan,,0,0,1.40356,1.39554,0.008019999999999916,4807.499999999949,win,target,1,3,0,
2011-03-07,short,2011-03-10 19:15:00-05:00,2011-03-11 08:00:00-05:00,1.37965,1.38366,1.38767,1.3636100000000002,1.382056,1.38366,1.382056,2011-03-11 02:00:00-05:00,1.38366,2011-03-11 08:00:00-05:00,2,1,1.40356,1.39554,0.008019999999999916,-886.6999999999664,loss,dd_cut+flat_at_50,2,3,0,
2011-03-07,long,2011-03-11 08:00:00-05:00,2011-03-11 10:15:00-05:00,1.38366,1.37564,1.37564,1.3996999999999997,nan,nan,nan,,nan,,0,0,1.40356,1.39554,0.008019999999999916,-803.4999999999916,loss,reverse_fade+stop,2,1,1,2011-03-10 19:15:00-05:00
2011-03-14,short,2011-03-15 09:15:00-04:00,2011-03-15 13:45:00-04:00,1.38819,1.39311,1.39803,1.36851,1.391142,1.39311,1.391142,2011-03-15 13:30:00-04:00,1.39311,2011-03-15 13:45:00-04:00,2,1,1.40028,1.39044,0.009840000000000071,-1086.9000000000167,loss,dd_cut+flat_at_50,1,3,0,
2011-03-14,long,2011-03-15 13:45:00-04:00,2011-03-18 11:00:00-04:00,1.39311,1.4127900000000002,1.38327,1.4127900000000002,nan,nan,nan,,nan,,0,0,1.40028,1.39044,0.009840000000000071,1966.500000000014,win,reverse_fade+target,1,1,1,2011-03-15 09:15:00-04:00
2011-03-14,long,2011-03-15 19:00:00-04:00,2011-03-16 01:00:00-04:00,1.40127,1.39635,1.39143,1.4209500000000002,1.398318,1.39635,1.398318,2011-03-15 22:00:00-04:00,1.39635,2011-03-16 01:00:00-04:00,2,1,1.40028,1.39044,0.009840000000000071,-1086.9000000000167,loss,dd_cut+flat_at_50,2,3,0,
2011-03-14,short,2011-03-16 01:00:00-04:00,2011-03-18 01:30:00-04:00,1.39635,1.40619,1.40619,1.3766699999999998,nan,nan,nan,,nan,,0,0,1.40028,1.39044,0.009840000000000071,-985.500000000007,loss,reverse_fade+stop,2,1,1,2011-03-15 19:00:00-04:00
2011-03-21,long,2011-03-22 08:15:00-04:00,2011-03-22 13:45:00-04:00,1.42408,1.41912,1.41416,1.4439199999999999,1.4211040000000001,1.41912,1.4211040000000001,2011-03-22 12:45:00-04:00,1.41912,2011-03-22 13:45:00-04:00,2,1,1.42388,1.41396,0.009919999999999929,-1095.6999999999812,loss,dd_cut+flat_at_50,1,3,0,
2011-03-21,short,2011-03-22 13:45:00-04:00,2011-03-25 20:45:00-04:00,1.41912,1.40869,1.4290399999999999,1.39928,nan,nan,nan,,nan,,0,0,1.42388,1.41396,0.009919999999999929,1041.4999999999939,win,reverse_fade+week_end,1,1,1,2011-03-22 08:15:00-04:00
2011-03-21,short,2011-03-23 12:30:00-04:00,2011-03-24 14:30:00-04:00,1.41271,1.4176699999999998,1.4226299999999998,1.39287,1.415686,1.4176699999999998,1.415686,2011-03-23 14:30:00-04:00,1.4176699999999998,2011-03-24 14:30:00-04:00,2,1,1.42388,1.41396,0.009919999999999929,-1095.7000000000032,loss,dd_cut+flat_at_50,2,3,0,
2011-03-21,long,2011-03-24 14:30:00-04:00,2011-03-25 16:30:00-04:00,1.4176699999999998,1.4077499999999998,1.4077499999999998,1.4375099999999996,nan,nan,nan,,nan,,0,0,1.42388,1.41396,0.009919999999999929,-993.4999999999928,loss,reverse_fade+stop,2,1,1,2011-03-23 12:30:00-04:00
2011-03-28,long,2011-03-29 05:45:00-04:00,2011-03-29 11:15:00-04:00,1.41167,1.40723,1.40279,1.42943,1.409006,1.40723,1.409006,2011-03-29 10:30:00-04:00,1.40723,2011-03-29 11:15:00-04:00,2,1,1.4115,1.40262,0.008879999999999999,-981.3,loss,dd_cut+flat_at_50,1,3,0,
2011-03-28,short,2011-03-29 11:15:00-04:00,2011-03-31 05:15:00-04:00,1.40723,1.41611,1.41611,1.38947,nan,nan,nan,,nan,,0,0,1.4115,1.40262,0.008879999999999999,-889.4999999999999,loss,reverse_fade+stop,1,1,1,2011-03-29 05:45:00-04:00
2011-03-28,long,2011-03-29 23:30:00-04:00,2011-03-30 02:15:00-04:00,1.41199,1.40755,1.40311,1.42975,1.409326,1.40755,1.409326,2011-03-30 01:45:00-04:00,1.40755,2011-03-30 02:15:00-04:00,2,1,1.4115,1.40262,0.008879999999999999,-981.3,loss,dd_cut+flat_at_50,2,3,0,
2011-03-28,short,2011-03-30 02:15:00-04:00,2011-03-31 05:15:00-04:00,1.40755,1.41643,1.41643,1.38979,nan,nan,nan,,nan,,0,0,1.4115,1.40262,0.008879999999999999,-889.4999999999999,loss,reverse_fade+stop,2,1,1,2011-03-29 23:30:00-04:00
2011-04-04,short,2011-04-05 04:15:00-04:00,2011-04-05 15:30:00-04:00,1.41891,1.4227049999999999,1.4264999999999999,1.40373,1.421187,1.4227049999999999,1.421187,2011-04-05 15:00:00-04:00,1.4227049999999999,2011-04-05 15:30:00-04:00,2,1,1.42678,1.41919,0.007589999999999986,-839.4000000000162,loss,dd_cut+flat_at_50,1,3,0,
2011-04-04,long,2011-04-05 15:30:00-04:00,2011-04-08 03:30:00-04:00,1.4227049999999999,1.4378849999999999,1.415115,1.4378849999999999,nan,nan,nan,,nan,,0,0,1.42678,1.41919,0.007589999999999986,1516.499999999997,win,reverse_fade+target,1,1,1,2011-04-05 04:15:00-04:00
2011-04-04,long,2011-04-06 06:00:00-04:00,2011-04-08 13:00:00-04:00,1.42701,1.4421899999999999,1.41942,1.4421899999999999,1.4247329999999998,1.423215,1.4247329999999998,2011-04-07 13:00:00-04:00,nan,,2,0,1.42678,1.41919,0.007589999999999986,1058.0999999999801,win,dd_cut+target,2,3,0,
2011-04-11,short,2011-04-12 00:15:00-04:00,2011-04-12 08:00:00-04:00,1.44071,1.44367,1.44663,1.4288699999999996,1.442486,1.44367,1.442486,2011-04-12 07:30:00-04:00,1.44367,2011-04-12 08:00:00-04:00,2,1,1.44799,1.44207,0.005920000000000147,-655.7000000000073,loss,dd_cut+flat_at_50,1,3,0,
2011-04-11,long,2011-04-12 08:00:00-04:00,2011-04-14 11:00:00-04:00,1.44367,1.4377499999999999,1.4377499999999999,1.4555100000000003,nan,nan,nan,,nan,,0,0,1.44799,1.44207,0.005920000000000147,-593.5000000000148,loss,reverse_fade+stop,1,1,1,2011-04-12 00:15:00-04:00
2011-04-11,long,2011-04-12 12:15:00-04:00,2011-04-12 15:00:00-04:00,1.44926,1.4463,1.4433399999999998,1.4611000000000003,1.447484,1.4463,1.447484,2011-04-12 15:00:00-04:00,1.4463,2011-04-12 15:00:00-04:00,2,1,1.44799,1.44207,0.005920000000000147,-655.7000000000073,loss,dd_cut+flat_at_50,2,3,0,
2011-04-11,short,2011-04-12 15:00:00-04:00,2011-04-15 20:45:00-04:00,1.4463,1.44274,1.45222,1.4344599999999996,nan,nan,nan,,nan,,0,0,1.44799,1.44207,0.005920000000000147,354.50000000000074,win,reverse_fade+week_end,2,1,1,2011-04-12 12:15:00-04:00
2011-04-18,long,2011-04-20 06:15:00-04:00,2011-04-22 20:45:00-04:00,1.44072,1.45602,1.41642,1.48932,1.43343,1.4285700000000001,nan,,nan,,0,0,1.44036,1.41606,0.02429999999999999,4585.500000000027,win,week_end,1,3,0,
2011-04-25,short,2011-04-26 00:30:00-04:00,2011-04-26 06:30:00-04:00,1.45121,1.4563000000000001,1.4613900000000002,1.43085,1.4542640000000002,1.4563000000000001,1.4542640000000002,2011-04-26 02:00:00-04:00,1.4563000000000001,2011-04-26 06:30:00-04:00,2,1,1.46268,1.4525,0.010180000000000078,-1124.3000000000263,loss,dd_cut+flat_at_50,1,3,0,
2011-04-25,long,2011-04-26 06:30:00-04:00,2011-04-27 19:30:00-04:00,1.4563000000000001,1.4766600000000003,1.44612,1.4766600000000003,nan,nan,nan,,nan,,0,0,1.46268,1.4525,0.010180000000000078,2034.5000000000155,win,reverse_fade+target,1,1,1,2011-04-26 00:30:00-04:00
2011-04-25,long,2011-04-26 09:00:00-04:00,2011-04-28 01:00:00-04:00,1.46402,1.4843800000000003,1.45384,1.4843800000000003,1.460966,1.45893,1.460966,2011-04-26 10:00:00-04:00,nan,,2,0,1.46268,1.4525,0.010180000000000078,1420.699999999993,win,dd_cut+target,2,3,0,
2011-05-02,short,2011-05-03 08:00:00-04:00,2011-05-03 13:00:00-04:00,1.47597,1.4829050000000001,1.48984,1.44823,1.480131,1.4829050000000001,1.480131,2011-05-03 08:45:00-04:00,1.4829050000000001,2011-05-03 13:00:00-04:00,2,1,1.49015,1.47628,0.013870000000000049,-1530.2000000000298,loss,dd_cut+flat_at_50,1,3,0,
2011-05-02,long,2011-05-03 13:00:00-04:00,2011-05-05 12:45:00-04:00,1.4829050000000001,1.469035,1.469035,1.5106450000000002,nan,nan,nan,,nan,,0,0,1.49015,1.47628,0.013870000000000049,-1388.500000000005,loss,reverse_fade+stop,1,1,1,2011-05-03 08:00:00-04:00
2011-05-02,long,2011-05-04 12:15:00-04:00,2011-05-04 16:15:00-04:00,1.49065,1.4837150000000001,1.47678,1.5183900000000001,1.486489,1.4837150000000001,1.486489,2011-05-04 15:15:00-04:00,1.4837150000000001,2011-05-04 16:15:00-04:00,2,1,1.49015,1.47628,0.013870000000000049,-1530.2000000000075,loss,dd_cut+flat_at_50,2,3,0,
2011-05-02,short,2011-05-04 16:15:00-04:00,2011-05-05 17:30:00-04:00,1.4837150000000001,1.455975,1.4975850000000002,1.455975,nan,nan,nan,,nan,,0,0,1.49015,1.47628,0.013870000000000049,2772.50000000001,win,reverse_fade+target,2,1,1,2011-05-04 12:15:00-04:00
2011-05-09,short,2011-05-11 16:15:00-04:00,2011-05-13 07:30:00-04:00,1.4208,1.430055,1.43931,1.38378,1.426353,1.430055,1.426353,2011-05-12 17:15:00-04:00,1.430055,2011-05-13 07:30:00-04:00,2,1,1.44408,1.42557,0.018510000000000026,-2040.5999999999851,loss,dd_cut+flat_at_50,1,3,0,
2011-05-09,long,2011-05-13 07:30:00-04:00,2011-05-13 16:00:00-04:00,1.430055,1.411545,1.411545,1.4670750000000001,nan,nan,nan,,nan,,0,0,1.44408,1.42557,0.018510000000000026,-1852.5000000000027,loss,reverse_fade+stop,1,1,1,2011-05-11 16:15:00-04:00
2011-05-09,short,2011-05-13 13:15:00-04:00,2011-05-13 20:45:00-04:00,1.42529,1.41163,1.4438,1.38827,1.4308429999999999,1.434545,nan,,nan,,0,0,1.44408,1.42557,0.018510000000000026,4093.5000000000014,win,week_end,2,3,0,
2011-05-16,long,2011-05-17 22:45:00-04:00,2011-05-20 14:00:00-04:00,1.42677,1.41696,1.4071500000000001,1.46601,1.420884,1.41696,1.420884,2011-05-18 12:30:00-04:00,1.41696,2011-05-20 14:00:00-04:00,2,1,1.42442,1.4048,0.01961999999999997,-2162.700000000021,loss,dd_cut+flat_at_50,1,3,0,
2011-05-16,short,2011-05-20 14:00:00-04:00,2011-05-20 20:45:00-04:00,1.41696,1.41561,1.43658,1.37772,nan,nan,nan,,nan,,0,0,1.42442,1.4048,0.01961999999999997,133.49999999999625,win,reverse_fade+week_end,1,1,1,2011-05-17 22:45:00-04:00
2011-05-23,long,2011-05-26 00:45:00-04:00,2011-05-27 20:45:00-04:00,1.41426,1.43163,1.3977400000000002,1.4472999999999998,1.4093040000000001,1.4060000000000001,1.4093040000000001,2011-05-26 14:45:00-04:00,nan,,2,0,1.41346,1.39694,0.016519999999999868,741.2999999999965,win,dd_cut+week_end,1,3,0,
2011-05-30,long,2011-05-31 00:15:00-04:00,2011-06-01 19:45:00-04:00,1.43735,1.4326599999999998,1.42797,1.4561099999999998,1.434536,1.4326599999999998,1.434536,2011-06-01 19:30:00-04:00,1.4326599999999998,2011-06-01 19:45:00-04:00,2,1,1.43505,1.42567,0.009379999999999944,-1036.299999999983,loss,dd_cut+flat_at_50,1,3,0,
2011-05-30,short,2011-06-01 19:45:00-04:00,2011-06-02 09:15:00-04:00,1.4326599999999998,1.4420399999999998,1.4420399999999998,1.4139,nan,nan,nan,,nan,,0,0,1.43505,1.42567,0.009379999999999944,-939.4999999999944,loss,reverse_fade+stop,1,1,1,2011-05-31 00:15:00-04:00
2011-05-30,long,2011-06-02 00:45:00-04:00,2011-06-03 13:45:00-04:00,1.43556,1.4543199999999998,1.42618,1.4543199999999998,1.4327459999999999,1.43087,nan,,nan,,0,0,1.43505,1.42567,0.009379999999999944,5623.499999999966,win,target,2,3,0,
2011-06-06,long,2011-06-07 07:45:00-04:00,2011-06-08 12:00:00-04:00,1.46589,1.460875,1.45586,1.4859499999999999,1.4628809999999999,1.460875,1.4628809999999999,2011-06-08 10:30:00-04:00,1.460875,2011-06-08 12:00:00-04:00,2,1,1.46576,1.45573,0.010029999999999983,-1107.800000000007,loss,dd_cut+flat_at_50,1,3,0,
2011-06-06,short,2011-06-08 12:00:00-04:00,2011-06-10 13:45:00-04:00,1.460875,1.440815,1.470905,1.440815,nan,nan,nan,,nan,,0,0,1.46576,1.45573,0.010029999999999983,2004.4999999999966,win,reverse_fade+target,1,1,1,2011-06-07 07:45:00-04:00
2011-06-06,short,2011-06-09 12:45:00-04:00,2011-06-10 17:30:00-04:00,1.45331,1.4332500000000001,1.46334,1.4332500000000001,1.4563190000000001,1.458325,nan,,nan,,0,0,1.46576,1.45573,0.010029999999999983,6013.49999999999,win,target,2,3,0,
2011-06-13,long,2011-06-14 03:30:00-04:00,2011-06-15 06:30:00-04:00,1.44341,1.43803,1.43265,1.4649300000000003,1.440182,1.43803,1.440182,2011-06-15 06:15:00-04:00,1.43803,2011-06-15 06:30:00-04:00,2,1,1.44299,1.43223,0.010760000000000103,-1188.100000000018,loss,dd_cut+flat_at_50,1,3,0,
2011-06-13,short,2011-06-15 06:30:00-04:00,2011-06-15 17:15:00-04:00,1.43803,1.4165099999999997,1.44879,1.4165099999999997,nan,nan,nan,,nan,,0,0,1.44299,1.43223,0.010760000000000103,2150.5000000000205,win,reverse_fade+target,1,1,1,2011-06-14 03:30:00-04:00
2011-06-13,short,2011-06-15 09:15:00-04:00,2011-06-16 05:30:00-04:00,1.4321,1.4105799999999997,1.44286,1.4105799999999997,1.435328,1.4374799999999999,nan,,nan,,0,0,1.44299,1.43223,0.010760000000000103,6451.500000000062,win,target,2,3,0,
2011-06-20,long,2011-06-21 12:45:00-04:00,2011-06-23 01:45:00-04:00,1.4386,1.42908,1.41956,1.4766800000000004,1.4328880000000002,1.42908,1.4328880000000002,2011-06-22 22:00:00-04:00,1.42908,2011-06-23 01:45:00-04:00,2,1,1.43816,1.41912,0.019040000000000168,-2098.9000000000074,loss,dd_cut+flat_at_50,1,3,0,
2011-06-20,short,2011-06-23 01:45:00-04:00,2011-06-24 20:45:00-04:00,1.42908,1.41888,1.44812,1.3909999999999996,nan,nan,nan,,nan,,0,0,1.43816,1.41912,0.019040000000000168,1018.4999999999986,win,reverse_fade+week_end,1,1,1,2011-06-21 12:45:00-04:00
2011-06-20,short,2011-06-23 12:15:00-04:00,2011-06-24 08:45:00-04:00,1.41875,1.42827,1.4377900000000001,1.3806699999999996,1.4244620000000001,1.42827,1.4244620000000001,2011-06-23 19:00:00-04:00,1.42827,2011-06-24 08:45:00-04:00,2,1,1.43816,1.41912,0.019040000000000168,-2098.9000000000296,loss,dd_cut+flat_at_50,2,3,0,
2011-06-20,long,2011-06-24 08:45:00-04:00,2011-06-24 20:45:00-04:00,1.42827,1.41888,1.4092299999999998,1.4663500000000003,nan,nan,nan,,nan,,0,0,1.43816,1.41912,0.019040000000000168,-940.5000000000009,loss,reverse_fade+week_end,2,1,1,2011-06-23 12:15:00-04:00
2011-06-27,long,2011-06-28 14:00:00-04:00,2011-07-01 20:45:00-04:00,1.43557,1.45254,1.4132,1.48031,1.428859,1.424385,nan,,nan,,0,0,1.43262,1.41025,0.02237,5086.499999999979,win,week_end,1,3,0,
2011-07-04,short,2011-07-05 01:30:00-04:00,2011-07-06 09:15:00-04:00,1.44923,1.4348100000000001,1.45644,1.4348100000000001,1.451393,1.4528349999999999,nan,,nan,,0,0,1.45674,1.44953,0.007209999999999939,4321.499999999964,win,target,1,3,0,
2011-07-04,short,2011-07-06 09:30:00-04:00,2011-07-08 20:45:00-04:00,1.43503,1.42634,1.44224,1.4206100000000002,1.437193,1.438635,1.437193,2011-07-07 15:00:00-04:00,nan,,2,0,1.45674,1.44953,0.007209999999999939,431.90000000002567,win,dd_cut+week_end,2,3,0,
2011-07-11,short,2011-07-12 02:00:00-04:00,2011-07-13 08:15:00-04:00,1.39533,1.4073799999999999,1.41943,1.34713,1.40256,1.4073799999999999,1.40256,2011-07-12 17:00:00-04:00,1.4073799999999999,2011-07-13 08:15:00-04:00,2,1,1.42273,1.39863,0.02410000000000001,-2655.500000000003,loss,dd_cut+flat_at_50,1,3,0,
2011-07-11,long,2011-07-13 08:15:00-04:00,2011-07-15 20:45:00-04:00,1.4073799999999999,1.41542,1.3832799999999998,1.4555799999999999,nan,nan,nan,,nan,,0,0,1.42273,1.39863,0.02410000000000001,802.5000000000047,win,reverse_fade+week_end,1,1,1,2011-07-12 02:00:00-04:00
2011-07-11,long,2011-07-13 22:45:00-04:00,2011-07-15 07:15:00-04:00,1.42292,1.41087,1.39882,1.47112,1.41569,1.41087,1.41569,2011-07-14 14:45:00-04:00,1.41087,2011-07-15 07:15:00-04:00,2,1,1.42273,1.39863,0.02410000000000001,-2655.500000000003,loss,dd_cut+flat_at_50,2,3,0,
2011-07-11,short,2011-07-15 07:15:00-04:00,2011-07-15 20:45:00-04:00,1.41087,1.41542,1.43497,1.36267,nan,nan,nan,,nan,,0,0,1.42273,1.39863,0.02410000000000001,-456.4999999999832,loss,reverse_fade+week_end,2,1,1,2011-07-13 22:45:00-04:00
2011-07-18,long,2011-07-19 07:15:00-04:00,2011-07-21 14:15:00-04:00,1.41477,1.4390500000000002,1.40263,1.4390500000000002,1.4111280000000002,1.4087,1.4111280000000002,2011-07-19 18:15:00-04:00,nan,,2,0,1.41354,1.4014,0.01214000000000004,1695.100000000023,win,dd_cut+target,1,3,0,
2011-07-18,long,2011-07-21 14:30:00-04:00,2011-07-22 20:45:00-04:00,1.438,1.43564,1.42586,1.46228,1.434358,1.43193,1.434358,2011-07-22 13:30:00-04:00,nan,,2,0,1.41354,1.4014,0.01214000000000004,-968.8999999999764,loss,dd_cut+week_end,2,3,0,
2011-07-25,long,2011-07-26 01:45:00-04:00,2011-07-27 14:45:00-04:00,1.44227,1.438215,1.4341599999999999,1.45849,1.4398369999999998,1.438215,1.4398369999999998,2011-07-27 14:45:00-04:00,1.438215,2011-07-27 14:45:00-04:00,2,1,1.4406,1.43249,0.008110000000000062,-896.6000000000179,loss,dd_cut+flat_at_50,1,3,0,
2011-07-25,short,2011-07-27 14:45:00-04:00,2011-07-29 20:45:00-04:00,1.438215,1.43962,1.446325,1.421995,nan,nan,nan,,nan,,0,0,1.4406,1.43249,0.008110000000000062,-141.99999999998786,loss,reverse_fade+week_end,1,1,1,2011-07-26 01:45:00-04:00
2011-07-25,short,2011-07-28 10:00:00-04:00,2011-07-28 15:15:00-04:00,1.42755,1.4316050000000002,1.4356600000000002,1.41133,1.429983,1.4316050000000002,1.429983,2011-07-28 10:45:00-04:00,1.4316050000000002,2011-07-28 15:15:00-04:00,2,1,1.4406,1.43249,0.008110000000000062,-896.5999999999957,loss,dd_cut+flat_at_50,2,3,0,
2011-07-25,long,2011-07-28 15:15:00-04:00,2011-07-29 10:45:00-04:00,1.4316050000000002,1.4234950000000002,1.4234950000000002,1.4478250000000004,nan,nan,nan,,nan,,0,0,1.4406,1.43249,0.008110000000000062,-812.5000000000061,loss,reverse_fade+stop,2,1,1,2011-07-28 10:00:00-04:00
2011-08-01,short,2011-08-02 07:00:00-04:00,2011-08-03 09:00:00-04:00,1.41691,1.4302599999999999,1.4436099999999998,1.36351,1.42492,1.4302599999999999,1.42492,2011-08-02 13:45:00-04:00,1.4302599999999999,2011-08-03 09:00:00-04:00,2,1,1.44526,1.41856,0.026699999999999946,-2941.500000000012,loss,dd_cut+flat_at_50,1,3,0,
2011-08-01,long,2011-08-03 09:00:00-04:00,2011-08-05 20:45:00-04:00,1.4302599999999999,1.42763,1.40356,1.4836599999999998,nan,nan,nan,,nan,,0,0,1.44526,1.41856,0.026699999999999946,-264.499999999991,loss,reverse_fade+week_end,1,1,1,2011-08-02 07:00:00-04:00
2011-08-01,short,2011-08-04 12:30:00-04:00,2011-08-05 20:45:00-04:00,1.41719,1.42763,1.44389,1.36379,1.4252,1.43054,1.4252,2011-08-05 16:30:00-04:00,nan,,2,0,1.44526,1.41856,0.026699999999999946,-2650.500000000015,loss,dd_cut+week_end,2,3,0,
2011-08-08,short,2011-08-10 22:30:00-04:00,2011-08-11 06:30:00-04:00,1.41275,1.426315,1.43988,1.3584899999999998,1.420889,1.426315,1.420889,2011-08-11 01:45:00-04:00,1.426315,2011-08-11 06:30:00-04:00,2,1,1.44015,1.41302,0.0271300000000001,-2988.8000000000284,loss,dd_cut+flat_at_50,1,3,0,
2011-08-08,long,2011-08-11 06:30:00-04:00,2011-08-12 20:45:00-04:00,1.426315,1.42485,1.399185,1.4805750000000002,nan,nan,nan,,nan,,0,0,1.44015,1.41302,0.0271300000000001,-148.00000000000495,loss,reverse_fade+week_end,1,1,1,2011-08-10 22:30:00-04:00
2011-08-15,long,2011-08-17 11:15:00-04:00,2011-08-18 09:15:00-04:00,1.44835,1.4379,1.4274499999999999,1.4901500000000003,1.44208,1.4379,1.44208,2011-08-18 00:00:00-04:00,1.4379,2011-08-18 09:15:00-04:00,2,1,1.44727,1.42637,0.02090000000000014,-2303.5000000000064,loss,dd_cut+flat_at_50,1,3,0,
2011-08-15,short,2011-08-18 09:15:00-04:00,2011-08-19 20:45:00-04:00,1.4379,1.43961,1.4588,1.3960999999999997,nan,nan,nan,,nan,,0,0,1.44727,1.42637,0.02090000000000014,-172.50000000001003,loss,reverse_fade+week_end,1,1,1,2011-08-17 11:15:00-04:00
2011-08-22,long,2011-08-23 07:30:00-04:00,2011-08-23 13:30:00-04:00,1.44368,1.43933,1.43498,1.4610800000000004,1.44107,1.43933,1.44107,2011-08-23 13:30:00-04:00,1.43933,2011-08-23 13:30:00-04:00,2,1,1.44341,1.43471,0.008700000000000152,-961.5000000000078,loss,dd_cut+flat_at_50,1,3,0,
2011-08-22,short,2011-08-23 13:30:00-04:00,2011-08-24 14:00:00-04:00,1.43933,1.4480300000000002,1.4480300000000002,1.4219299999999997,nan,nan,nan,,nan,,0,0,1.44341,1.43471,0.008700000000000152,-871.5000000000152,loss,reverse_fade+stop,1,1,1,2011-08-23 07:30:00-04:00
2011-08-22,long,2011-08-23 19:00:00-04:00,2011-08-24 02:45:00-04:00,1.44416,1.43981,1.43546,1.4615600000000004,1.44155,1.43981,1.44155,2011-08-24 00:45:00-04:00,1.43981,2011-08-24 02:45:00-04:00,2,1,1.44341,1.43471,0.008700000000000152,-961.5000000000078,loss,dd_cut+flat_at_50,2,3,0,
2011-08-22,short,2011-08-24 02:45:00-04:00,2011-08-26 16:15:00-04:00,1.43981,1.4485100000000002,1.4485100000000002,1.4224099999999997,nan,nan,nan,,nan,,0,0,1.44341,1.43471,0.008700000000000152,-871.5000000000152,loss,reverse_fade+stop,2,1,1,2011-08-23 19:00:00-04:00
2011-08-29,short,2011-08-30 08:15:00-04:00,2011-09-01 09:00:00-04:00,1.44492,1.42846,1.45315,1.42846,1.447389,1.4490349999999999,nan,,nan,,0,0,1.45483,1.4466,0.00822999999999996,4933.499999999975,win,target,1,3,0,
2011-08-29,short,2011-09-01 09:15:00-04:00,2011-09-02 20:45:00-04:00,1.42751,1.42046,1.43574,1.4110500000000001,1.4299790000000001,1.431625,1.4299790000000001,2011-09-01 12:45:00-04:00,nan,,2,0,1.45483,1.4466,0.00822999999999996,206.69999999998925,win,dd_cut+week_end,2,3,0,
2011-09-05,short,2011-09-06 05:00:00-04:00,2011-09-06 07:15:00-04:00,1.40512,1.410845,1.4165699999999999,1.38222,1.408555,1.410845,1.408555,2011-09-06 06:45:00-04:00,1.410845,2011-09-06 07:15:00-04:00,2,1,1.4173,1.40585,0.01144999999999996,-1264.0000000000132,loss,dd_cut+flat_at_50,1,3,0,
2011-09-05,long,2011-09-06 07:15:00-04:00,2011-09-06 15:00:00-04:00,1.410845,1.399395,1.399395,1.4337449999999998,nan,nan,nan,,nan,,0,0,1.4173,1.40585,0.01144999999999996,-1146.499999999996,loss,reverse_fade+stop,1,1,1,2011-09-06 05:00:00-04:00
2011-09-05,long,2011-09-06 08:00:00-04:00,2011-09-06 08:45:00-04:00,1.42166,1.415935,1.41021,1.4445599999999998,1.4182249999999998,1.415935,1.4182249999999998,2011-09-06 08:15:00-04:00,1.415935,2011-09-06 08:45:00-04:00,2,1,1.4173,1.40585,0.01144999999999996,-1264.0000000000132,loss,dd_cut+flat_at_50,2,3,0,
2011-09-05,short,2011-09-06 08:45:00-04:00,2011-09-08 16:30:00-04:00,1.415935,1.393035,1.427385,1.393035,nan,nan,nan,,nan,,0,0,1.4173,1.40585,0.01144999999999996,2288.499999999992,win,reverse_fade+target,2,1,1,2011-09-06 08:00:00-04:00
2011-09-12,long,2011-09-13 06:15:00-04:00,2011-09-13 07:45:00-04:00,1.36904,1.3597000000000001,1.3503600000000002,1.4063999999999997,1.363436,1.3597000000000001,1.363436,2011-09-13 07:00:00-04:00,1.3597000000000001,2011-09-13 07:45:00-04:00,2,1,1.36902,1.35034,0.018679999999999808,-2059.299999999979,loss,dd_cut+flat_at_50,1,3,0,
2011-09-12,short,2011-09-13 07:45:00-04:00,2011-09-15 08:30:00-04:00,1.3597000000000001,1.37838,1.37838,1.3223400000000005,nan,nan,nan,,nan,,0,0,1.36902,1.35034,0.018679999999999808,-1869.499999999981,loss,reverse_fade+stop,1,1,1,2011-09-13 06:15:00-04:00
2011-09-12,long,2011-09-13 13:45:00-04:00,2011-09-14 06:15:00-04:00,1.36992,1.3605800000000001,1.3512400000000002,1.4072799999999996,1.364316,1.3605800000000001,1.364316,2011-09-14 03:00:00-04:00,1.3605800000000001,2011-09-14 06:15:00-04:00,2,1,1.36902,1.35034,0.018679999999999808,-2059.299999999979,loss,dd_cut+flat_at_50,2,3,0,
2011-09-12,short,2011-09-14 06:15:00-04:00,2011-09-15 09:30:00-04:00,1.3605800000000001,1.37926,1.37926,1.3232200000000005,nan,nan,nan,,nan,,0,0,1.36902,1.35034,0.018679999999999808,-1869.499999999981,loss,reverse_fade+stop,2,1,1,2011-09-13 13:45:00-04:00
2011-09-19,long,2011-09-21 15:45:00-04:00,2011-09-21 18:45:00-04:00,1.37225,1.3655650000000001,1.35888,1.3989899999999997,1.368239,1.3655650000000001,1.368239,2011-09-21 18:30:00-04:00,1.3655650000000001,2011-09-21 18:45:00-04:00,2,1,1.37204,1.35867,0.013369999999999882,-1475.1999999999803,loss,dd_cut+flat_at_50,1,3,0,
2011-09-19,short,2011-09-21 18:45:00-04:00,2011-09-22 12:45:00-04:00,1.3655650000000001,1.3388250000000004,1.378935,1.3388250000000004,nan,nan,nan,,nan,,0,0,1.37204,1.35867,0.013369999999999882,2672.4999999999764,win,reverse_fade+target,1,1,1,2011-09-21 15:45:00-04:00
2011-09-19,short,2011-09-21 20:15:00-04:00,2011-09-23 20:45:00-04:00,1.35678,1.34978,1.37015,1.3300400000000003,1.360791,1.3634650000000001,nan,,nan,,0,0,1.37204,1.35867,0.013369999999999882,2095.500000000035,win,week_end,2,3,0,
2011-09-26,long,2011-09-27 02:30:00-04:00,2011-09-30 13:00:00-04:00,1.35597,1.3468899999999997,1.3378099999999997,1.3922900000000002,1.3505219999999998,1.3468899999999997,1.3505219999999998,2011-09-27 07:45:00-04:00,1.3468899999999997,2011-09-30 13:00:00-04:00,2,1,1.35468,1.33652,0.018160000000000176,-2002.1000000000436,loss,dd_cut+flat_at_50,1,3,0,
2011-09-26,short,2011-09-30 13:00:00-04:00,2011-09-30 20:45:00-04:00,1.3468899999999997,1.33849,1.3650499999999999,1.3105699999999993,nan,nan,nan,,nan,,0,0,1.35468,1.33652,0.018160000000000176,838.4999999999741,win,reverse_fade+week_end,1,1,1,2011-09-27 02:30:00-04:00
2011-10-03,short,2011-10-04 07:45:00-04:00,2011-10-04 14:30:00-04:00,1.31572,1.3265799999999999,1.33744,1.27228,1.322236,1.3265799999999999,1.322236,2011-10-04 14:00:00-04:00,1.3265799999999999,2011-10-04 14:30:00-04:00,2,1,1.33811,1.31639,0.02171999999999996,-2393.6999999999803,loss,dd_cut+flat_at_50,1,3,0,
2011-10-03,long,2011-10-04 14:30:00-04:00,2011-10-07 20:45:00-04:00,1.3265799999999999,1.33775,1.30486,1.3700199999999998,nan,nan,nan,,nan,,0,0,1.33811,1.31639,0.02171999999999996,1115.5000000000125,win,reverse_fade+week_end,1,1,1,2011-10-04 07:45:00-04:00
2011-10-03,long,2011-10-06 08:30:00-04:00,2011-10-06 11:45:00-04:00,1.33832,1.3274599999999999,1.3166,1.3817599999999999,1.331804,1.3274599999999999,1.331804,2011-10-06 11:00:00-04:00,1.3274599999999999,2011-10-06 11:45:00-04:00,2,1,1.33811,1.31639,0.02171999999999996,-2393.7000000000025,loss,dd_cut+flat_at_50,2,3,0,
2011-10-03,short,2011-10-06 11:45:00-04:00,2011-10-07 12:30:00-04:00,1.3274599999999999,1.3491799999999998,1.3491799999999998,1.28402,nan,nan,nan,,nan,,0,0,1.33811,1.31639,0.02171999999999996,-2173.4999999999964,loss,reverse_fade+stop,2,1,1,2011-10-06 08:30:00-04:00
2011-10-10,long,2011-10-12 08:00:00-04:00,2011-10-14 20:45:00-04:00,1.37231,1.38808,1.34198,1.4329699999999999,1.363211,1.357145,nan,,nan,,0,0,1.36973,1.3394,0.030329999999999968,4726.500000000018,win,week_end,1,3,0,
2011-10-17,short,2011-10-18 07:00:00-04:00,2011-10-18 19:00:00-04:00,1.37094,1.3804349999999999,1.3899299999999999,1.3329600000000004,1.376637,1.3804349999999999,1.376637,2011-10-18 19:00:00-04:00,1.3804349999999999,2011-10-18 19:00:00-04:00,2,1,1.39139,1.3724,0.01898999999999984,-2093.3999999999933,loss,dd_cut+flat_at_50,1,3,0,
2011-10-17,long,2011-10-18 19:00:00-04:00,2011-10-21 20:45:00-04:00,1.3804349999999999,1.38944,1.361445,1.4184149999999995,nan,nan,nan,,nan,,0,0,1.39139,1.3724,0.01898999999999984,899.0000000000152,win,reverse_fade+week_end,1,1,1,2011-10-18 07:00:00-04:00
2011-10-17,short,2011-10-20 03:00:00-04:00,2011-10-20 09:30:00-04:00,1.37135,1.3808449999999999,1.39034,1.3333700000000004,1.3770470000000001,1.3808449999999999,1.3770470000000001,2011-10-20 09:15:00-04:00,1.3808449999999999,2011-10-20 09:30:00-04:00,2,1,1.39139,1.3724,0.01898999999999984,-2093.3999999999933,loss,dd_cut+flat_at_50,2,3,0,
2011-10-17,long,2011-10-20 09:30:00-04:00,2011-10-21 20:45:00-04:00,1.3808449999999999,1.38944,1.361855,1.4188249999999996,nan,nan,nan,,nan,,0,0,1.39139,1.3724,0.01898999999999984,858.0000000000131,win,reverse_fade+week_end,2,1,1,2011-10-20 03:00:00-04:00
2011-10-24,long,2011-10-26 13:15:00-04:00,2011-10-26 14:00:00-04:00,1.39567,1.388985,1.3822999999999999,1.4224100000000002,1.391659,1.388985,1.391659,2011-10-26 13:30:00-04:00,1.388985,2011-10-26 14:00:00-04:00,2,1,1.39561,1.38224,0.013370000000000104,-1475.2000000000025,loss,dd_cut+flat_at_50,1,3,0,
2011-10-24,short,2011-10-26 14:00:00-04:00,2011-10-27 07:00:00-04:00,1.388985,1.402355,1.402355,1.3622449999999997,nan,nan,nan,,nan,,0,0,1.39561,1.38224,0.013370000000000104,-1338.5000000000105,loss,reverse_fade+stop,1,1,1,2011-10-26 13:15:00-04:00
2011-10-24,short,2011-10-26 14:45:00-04:00,2011-10-26 17:45:00-04:00,1.38199,1.388675,1.3953600000000002,1.3552499999999998,1.386001,1.388675,1.386001,2011-10-26 17:30:00-04:00,1.388675,2011-10-26 17:45:00-04:00,2,1,1.39561,1.38224,0.013370000000000104,-1475.2000000000025,loss,dd_cut+flat_at_50,2,3,0,
2011-10-24,long,2011-10-26 17:45:00-04:00,2011-10-27 15:00:00-04:00,1.388675,1.4154150000000003,1.375305,1.4154150000000003,nan,nan,nan,,nan,,0,0,1.39561,1.38224,0.013370000000000104,2672.500000000021,win,reverse_fade+target,2,1,1,2011-10-26 14:45:00-04:00
2011-10-31,short,2011-11-01 01:00:00-04:00,2011-11-04 20:45:00-04:00,1.38177,1.37897,1.41587,1.31357,1.392,1.39882,nan,,nan,,0,0,1.41695,1.38285,0.03410000000000002,835.4999999999741,win,week_end,1,3,0,
2011-11-07,long,2011-11-08 14:15:00-05:00,2011-11-09 09:00:00-05:00,1.38113,1.3746299999999998,1.3681299999999998,1.4071300000000002,1.37723,1.3746299999999998,1.37723,2011-11-08 18:00:00-05:00,1.3746299999999998,2011-11-09 09:00:00-05:00,2,1,1.38108,1.36808,0.013000000000000123,-1434.5000000000202,loss,dd_cut+flat_at_50,1,3,0,
2011-11-07,short,2011-11-09 09:00:00-05:00,2011-11-10 07:00:00-05:00,1.3746299999999998,1.3486299999999996,1.38763,1.3486299999999996,nan,nan,nan,,nan,,0,0,1.38108,1.36808,0.013000000000000123,2598.5000000000246,win,reverse_fade+target,1,1,1,2011-11-08 14:15:00-05:00
2011-11-07,short,2011-11-09 10:15:00-05:00,2011-11-11 15:45:00-05:00,1.36764,1.3741400000000001,1.38064,1.3416399999999997,1.37154,1.3741400000000001,1.37154,2011-11-11 15:30:00-05:00,1.3741400000000001,2011-11-11 15:45:00-05:00,2,1,1.38108,1.36808,0.013000000000000123,-1434.5000000000202,loss,dd_cut+flat_at_50,2,3,0,
2011-11-07,long,2011-11-11 15:45:00-05:00,2011-11-11 21:45:00-05:00,1.3741400000000001,1.3747,1.36114,1.4001400000000004,nan,nan,nan,,nan,,0,0,1.38108,1.36808,0.013000000000000123,54.49999999998939,win,reverse_fade+week_end,2,1,1,2011-11-09 10:15:00-05:00
2011-11-14,short,2011-11-15 06:15:00-05:00,2011-11-18 21:45:00-05:00,1.35831,1.35238,1.3780999999999999,1.31873,1.364247,1.368205,nan,,nan,,0,0,1.37889,1.3591,0.019789999999999974,1774.4999999999973,win,week_end,1,3,0,
2011-11-21,long,2011-11-22 08:30:00-05:00,2011-11-22 13:45:00-05:00,1.3546,1.34916,1.34372,1.37636,1.351336,1.34916,1.351336,2011-11-22 09:15:00-05:00,1.34916,2011-11-22 13:45:00-05:00,2,1,1.35401,1.34313,0.01088,-1201.299999999998,loss,dd_cut+flat_at_50,1,3,0,
2011-11-21,short,2011-11-22 13:45:00-05:00,2011-11-25 08:45:00-05:00,1.34916,1.3274,1.36004,1.3274,nan,nan,nan,,nan,,0,0,1.35401,1.34313,0.01088,2174.5,win,reverse_fade+target,1,1,1,2011-11-22 08:30:00-05:00
2011-11-21,short,2011-11-23 10:00:00-05:00,2011-11-25 21:45:00-05:00,1.34068,1.32349,1.35156,1.31892,1.343944,1.34612,nan,,nan,,0,0,1.35401,1.34313,0.01088,5152.500000000012,win,week_end,2,3,0,
2011-11-28,long,2011-11-29 10:15:00-05:00,2011-11-29 12:00:00-05:00,1.34132,1.335165,1.32901,1.3659400000000002,1.3376270000000001,1.335165,1.3376270000000001,2011-11-29 11:45:00-05:00,1.335165,2011-11-29 12:00:00-05:00,2,1,1.33981,1.3275,0.012310000000000043,-1358.6000000000026,loss,dd_cut+flat_at_50,1,3,0,
2011-11-28,short,2011-11-29 12:00:00-05:00,2011-11-30 13:00:00-05:00,1.335165,1.347475,1.347475,1.3105449999999998,nan,nan,nan,,nan,,0,0,1.33981,1.3275,0.012310000000000043,-1232.5000000000043,loss,reverse_fade+stop,1,1,1,2011-11-29 10:15:00-05:00
2011-11-28,short,2011-11-30 07:15:00-05:00,2011-11-30 11:30:00-05:00,1.32691,1.333065,1.33922,1.30229,1.330603,1.333065,1.330603,2011-11-30 11:00:00-05:00,1.333065,2011-11-30 11:30:00-05:00,2,1,1.33981,1.3275,0.012310000000000043,-1358.5999999999804,loss,dd_cut+flat_at_50,2,3,0,
2011-11-28,long,2011-11-30 11:30:00-05:00,2011-12-02 21:45:00-05:00,1.333065,1.33915,1.320755,1.357685,nan,nan,nan,,nan,,0,0,1.33981,1.3275,0.012310000000000043,607.0000000000118,win,reverse_fade+week_end,2,1,1,2011-11-30 07:15:00-05:00
2011-12-05,short,2011-12-06 01:30:00-05:00,2011-12-06 11:00:00-05:00,1.33622,1.341695,1.34717,1.31432,1.339505,1.341695,1.339505,2011-12-06 10:30:00-05:00,1.341695,2011-12-06 11:00:00-05:00,2,1,1.34856,1.33761,0.010950000000000015,-1209.0000000000082,loss,dd_cut+flat_at_50,1,3,0,
2011-12-05,long,2011-12-06 11:00:00-05:00,2011-12-08 15:15:00-05:00,1.341695,1.330745,1.330745,1.3635950000000001,nan,nan,nan,,nan,,0,0,1.34856,1.33761,0.010950000000000015,-1096.5000000000016,loss,reverse_fade+stop,1,1,1,2011-12-06 01:30:00-05:00
2011-12-05,short,2011-12-06 13:45:00-05:00,2011-12-07 02:15:00-05:00,1.33668,1.342155,1.34763,1.31478,1.339965,1.342155,1.339965,2011-12-06 15:30:00-05:00,1.342155,2011-12-07 02:15:00-05:00,2,1,1.34856,1.33761,0.010950000000000015,-1208.9999999999861,loss,dd_cut+flat_at_50,2,3,0,
2011-12-05,long,2011-12-07 02:15:00-05:00,2011-12-08 15:15:00-05:00,1.342155,1.331205,1.331205,1.364055,nan,nan,nan,,nan,,0,0,1.34856,1.33761,0.010950000000000015,-1096.5000000000016,loss,reverse_fade+stop,2,1,1,2011-12-06 13:45:00-05:00
2011-12-12,short,2011-12-13 15:15:00-05:00,2011-12-16 21:45:00-05:00,1.31569,1.30443,1.33734,1.2723900000000001,1.322185,1.326515,nan,,nan,,0,0,1.33771,1.31606,0.021649999999999947,3373.5000000000146,win,week_end,1,3,0,
2011-12-19,long,2011-12-20 09:30:00-05:00,2011-12-21 10:15:00-05:00,1.30414,1.3157800000000004,1.29832,1.3157800000000004,1.302394,1.3012299999999999,nan,,nan,,0,0,1.30407,1.29825,0.005820000000000158,3487.5000000000946,win,target,1,3,0,
2011-12-19,long,2011-12-21 10:30:00-05:00,2011-12-21 10:45:00-05:00,1.31422,1.3113099999999998,1.3083999999999998,1.3258600000000003,1.312474,1.3113099999999998,1.312474,2011-12-21 10:45:00-05:00,1.3113099999999998,2011-12-21 10:45:00-05:00,2,1,1.30407,1.29825,0.005820000000000158,-644.7000000000241,loss,dd_cut+flat_at_50,2,3,0,
2011-12-19,short,2011-12-21 10:45:00-05:00,2011-12-23 21:45:00-05:00,1.3113099999999998,1.30477,1.31713,1.2996699999999994,nan,nan,nan,,nan,,0,0,1.30407,1.29825,0.005820000000000158,652.4999999999768,win,reverse_fade+week_end,2,1,1,2011-12-21 10:30:00-05:00
2011-12-26,short,2011-12-28 14:15:00-05:00,2011-12-28 16:30:00-05:00,1.30137,1.2932099999999997,1.30545,1.2932099999999997,1.302594,1.30341,nan,,nan,,0,0,1.30814,1.30406,0.0040800000000000836,2443.50000000005,win,target,1,3,0,
2011-12-26,short,2011-12-28 16:45:00-05:00,2011-12-28 18:30:00-05:00,1.29233,1.29437,1.29641,1.2841699999999998,1.293554,1.29437,1.293554,2011-12-28 17:15:00-05:00,1.29437,2011-12-28 18:30:00-05:00,2,1,1.30814,1.30406,0.0040800000000000836,-453.30000000002696,loss,dd_cut+flat_at_50,2,3,0,
2011-12-26,long,2011-12-28 18:30:00-05:00,2011-12-29 00:00:00-05:00,1.29437,1.29029,1.29029,1.3025300000000002,nan,nan,nan,,nan,,0,0,1.30814,1.30406,0.0040800000000000836,-409.50000000000836,loss,reverse_fade+stop,2,1,1,2011-12-28 16:45:00-05:00
2012-01-02,long,2012-01-03 01:30:00-05:00,2012-01-03 15:15:00-05:00,1.29698,1.3062999999999998,1.2923200000000001,1.3062999999999998,1.295582,1.29465,nan,,nan,,0,0,1.29639,1.29173,0.0046599999999998865,2791.499999999932,win,target,1,3,0,
2012-01-02,long,2012-01-03 15:30:00-05:00,2012-01-04 03:00:00-05:00,1.30463,1.3023,1.29997,1.3139499999999997,1.303232,1.3023,1.303232,2012-01-04 02:30:00-05:00,1.3023,2012-01-04 03:00:00-05:00,2,1,1.29639,1.29173,0.0046599999999998865,-517.0999999999964,loss,dd_cut+flat_at_50,2,3,0,
2012-01-02,short,2012-01-04 03:00:00-05:00,2012-01-04 08:00:00-05:00,1.3023,1.30696,1.30696,1.2929800000000002,nan,nan,nan,,nan,,0,0,1.29639,1.29173,0.0046599999999998865,-467.49999999998863,loss,reverse_fade+stop,2,1,1,2012-01-03 15:30:00-05:00
2012-01-09,long,2012-01-10 05:00:00-05:00,2012-01-11 01:00:00-05:00,1.27887,1.2734649999999998,1.26806,1.30049,1.275627,1.2734649999999998,1.275627,2012-01-10 08:00:00-05:00,1.2734649999999998,2012-01-11 01:00:00-05:00,2,1,1.2785,1.26769,0.010809999999999986,-1193.5999999999874,loss,dd_cut+flat_at_50,1,3,0,
2012-01-09,short,2012-01-11 01:00:00-05:00,2012-01-12 17:30:00-05:00,1.2734649999999998,1.2842749999999998,1.2842749999999998,1.2518449999999999,nan,nan,nan,,nan,,0,0,1.2785,1.26769,0.010809999999999986,-1082.4999999999986,loss,reverse_fade+stop,1,1,1,2012-01-10 05:00:00-05:00
2012-01-09,long,2012-01-11 09:15:00-05:00,2012-01-11 11:15:00-05:00,1.27853,1.2731249999999998,1.26772,1.30015,1.275287,1.2731249999999998,1.275287,2012-01-11 10:30:00-05:00,1.2731249999999998,2012-01-11 11:15:00-05:00,2,1,1.2785,1.26769,0.010809999999999986,-1193.5999999999874,loss,dd_cut+flat_at_50,2,3,0,
2012-01-09,short,2012-01-11 11:15:00-05:00,2012-01-12 17:30:00-05:00,1.2731249999999998,1.2839349999999998,1.2839349999999998,1.2515049999999999,nan,nan,nan,,nan,,0,0,1.2785,1.26769,0.010809999999999986,-1082.4999999999986,loss,reverse_fade+stop,2,1,1,2012-01-11 09:15:00-05:00
2012-01-16,long,2012-01-17 01:45:00-05:00,2012-01-18 10:15:00-05:00,1.27143,1.2836499999999997,1.2653200000000002,1.2836499999999997,1.269597,1.2683750000000003,nan,,nan,,0,0,1.26873,1.26262,0.006109999999999838,3661.4999999999027,win,target,1,3,0,
2012-01-16,long,2012-01-18 10:30:00-05:00,2012-01-18 12:00:00-05:00,1.28209,1.279035,1.2759800000000001,1.2943099999999996,1.280257,1.279035,1.280257,2012-01-18 11:15:00-05:00,1.279035,2012-01-18 12:00:00-05:00,2,1,1.26873,1.26262,0.006109999999999838,-676.5999999999976,loss,dd_cut+flat_at_50,2,3,0,
2012-01-16,short,2012-01-18 12:00:00-05:00,2012-01-18 17:15:00-05:00,1.279035,1.2851449999999998,1.2851449999999998,1.2668150000000002,nan,nan,nan,,nan,,0,0,1.26873,1.26262,0.006109999999999838,-612.4999999999837,loss,reverse_fade+stop,2,1,1,2012-01-18 10:30:00-05:00
2012-01-23,long,2012-01-25 18:00:00-05:00,2012-01-27 21:45:00-05:00,1.30733,1.32158,1.2903800000000003,1.3412299999999997,1.302245,1.298855,nan,,nan,,0,0,1.30523,1.28828,0.0169499999999998,4270.499999999963,win,week_end,1,3,0,
2012-01-30,short,2012-01-31 16:00:00-05:00,2012-02-01 09:45:00-05:00,1.30692,1.31345,1.3199800000000002,1.2808,1.3108380000000002,1.31345,1.3108380000000002,2012-02-01 09:15:00-05:00,1.31345,2012-02-01 09:45:00-05:00,2,1,1.32097,1.30791,0.013060000000000072,-1441.1000000000101,loss,dd_cut+flat_at_50,1,3,0,
2012-01-30,long,2012-02-01 09:45:00-05:00,2012-02-03 21:45:00-05:00,1.31345,1.31563,1.30039,1.3395700000000001,nan,nan,nan,,nan,,0,0,1.32097,1.30791,0.013060000000000072,216.50000000000708,win,reverse_fade+week_end,1,1,1,2012-01-31 16:00:00-05:00
2012-02-06,long,2012-02-07 07:30:00-05:00,2012-02-07 12:15:00-05:00,1.31566,1.30999,1.3043200000000001,1.3383399999999999,1.3122580000000001,1.30999,1.3122580000000001,2012-02-07 09:00:00-05:00,1.30999,2012-02-07 12:15:00-05:00,2,1,1.31411,1.30277,0.011339999999999906,-1251.8999999999874,loss,dd_cut+flat_at_50,1,3,0,
2012-02-06,short,2012-02-07 12:15:00-05:00,2012-02-07 15:15:00-05:00,1.30999,1.32133,1.32133,1.2873100000000002,nan,nan,nan,,nan,,0,0,1.31411,1.30277,0.011339999999999906,-1135.4999999999907,loss,reverse_fade+stop,1,1,1,2012-02-07 07:30:00-05:00
2012-02-06,long,2012-02-07 14:00:00-05:00,2012-02-10 21:45:00-05:00,1.31749,1.31961,1.3061500000000001,1.3401699999999999,1.3140880000000001,1.31182,nan,,nan,,0,0,1.31411,1.30277,0.011339999999999906,631.4999999999699,win,week_end,2,3,0,
2012-02-13,short,2012-02-14 06:15:00-05:00,2012-02-14 10:15:00-05:00,1.31353,1.3202450000000001,1.3269600000000001,1.28667,1.3175590000000001,1.3202450000000001,1.3175590000000001,2012-02-14 09:15:00-05:00,1.3202450000000001,2012-02-14 10:15:00-05:00,2,1,1.32826,1.31483,0.013430000000000053,-1481.8000000000147,loss,dd_cut+flat_at_50,1,3,0,
2012-02-13,long,2012-02-14 10:15:00-05:00,2012-02-15 15:15:00-05:00,1.3202450000000001,1.306815,1.306815,1.3471050000000002,nan,nan,nan,,nan,,0,0,1.32826,1.31483,0.013430000000000053,-1344.5000000000052,loss,reverse_fade+stop,1,1,1,2012-02-14 06:15:00-05:00
2012-02-13,short,2012-02-14 13:30:00-05:00,2012-02-17 21:45:00-05:00,1.31456,1.31425,1.32799,1.2876999999999998,1.318589,1.321275,1.318589,2012-02-15 07:15:00-05:00,nan,,2,0,1.32826,1.31483,0.013430000000000053,-779.3000000000087,loss,dd_cut+week_end,2,3,0,
2012-02-20,long,2012-02-21 03:00:00-05:00,2012-02-21 07:30:00-05:00,1.32895,1.324235,1.31952,1.3478100000000002,1.326121,1.324235,1.326121,2012-02-21 03:45:00-05:00,1.324235,2012-02-21 07:30:00-05:00,2,1,1.32766,1.31823,0.00943000000000005,-1041.7999999999965,loss,dd_cut+flat_at_50,1,3,0,
2012-02-20,short,2012-02-21 07:30:00-05:00,2012-02-23 09:30:00-05:00,1.324235,1.333665,1.333665,1.305375,nan,nan,nan,,nan,,0,0,1.32766,1.31823,0.00943000000000005,-944.500000000005,loss,reverse_fade+stop,1,1,1,2012-02-21 03:00:00-05:00
2012-02-20,long,2012-02-21 09:00:00-05:00,2012-02-21 10:00:00-05:00,1.32803,1.323315,1.3186,1.3468900000000001,1.325201,1.323315,1.325201,2012-02-21 09:45:00-05:00,1.323315,2012-02-21 10:00:00-05:00,2,1,1.32766,1.31823,0.00943000000000005,-1041.7999999999965,loss,dd_cut+flat_at_50,2,3,0,
2012-02-20,short,2012-02-21 10:00:00-05:00,2012-02-23 09:30:00-05:00,1.323315,1.332745,1.332745,1.304455,nan,nan,nan,,nan,,0,0,1.32766,1.31823,0.00943000000000005,-944.500000000005,loss,reverse_fade+stop,2,1,1,2012-02-21 09:00:00-05:00
2012-02-27,long,2012-02-28 21:00:00-05:00,2012-02-29 15:00:00-05:00,1.3469,1.3418100000000002,1.3367200000000001,1.3672599999999997,1.343846,1.3418100000000002,1.343846,2012-02-29 10:30:00-05:00,1.3418100000000002,2012-02-29 15:00:00-05:00,2,1,1.34676,1.33658,0.010179999999999856,-1124.2999999999597,loss,dd_cut+flat_at_50,1,3,0,
2012-02-27,short,2012-02-29 15:00:00-05:00,2012-03-02 12:00:00-05:00,1.3418100000000002,1.3214500000000005,1.35199,1.3214500000000005,nan,nan,nan,,nan,,0,0,1.34676,1.33658,0.010179999999999856,2034.4999999999711,win,reverse_fade+target,1,1,1,2012-02-28 21:00:00-05:00
2012-02-27,short,2012-02-29 16:15:00-05:00,2012-03-02 21:45:00-05:00,1.33524,1.32003,1.3454199999999998,1.3148800000000003,1.3382939999999999,1.3403299999999998,nan,,nan,,0,0,1.34676,1.33658,0.010179999999999856,4558.499999999984,win,week_end,2,3,0,
2012-03-05,short,2012-03-06 10:15:00-05:00,2012-03-08 05:30:00-05:00,1.31393,1.317875,1.32182,1.2981500000000001,1.316297,1.317875,1.316297,2012-03-07 10:15:00-05:00,1.317875,2012-03-08 05:30:00-05:00,2,1,1.32386,1.31597,0.007889999999999953,-872.399999999988,loss,dd_cut+flat_at_50,1,3,0,
2012-03-05,long,2012-03-08 05:30:00-05:00,2012-03-09 16:15:00-05:00,1.317875,1.309985,1.309985,1.3336549999999998,nan,nan,nan,,nan,,0,0,1.32386,1.31597,0.007889999999999953,-790.4999999999952,loss,reverse_fade+stop,1,1,1,2012-03-06 10:15:00-05:00
2012-03-05,long,2012-03-08 11:45:00-05:00,2012-03-09 12:45:00-05:00,1.3242,1.320255,1.31631,1.33998,1.321833,1.320255,1.321833,2012-03-09 07:45:00-05:00,1.320255,2012-03-09 12:45:00-05:00,2,1,1.32386,1.31597,0.007889999999999953,-872.4000000000103,loss,dd_cut+flat_at_50,2,3,0,
2012-03-05,short,2012-03-09 12:45:00-05:00,2012-03-09 21:45:00-05:00,1.320255,1.31227,1.328145,1.304475,nan,nan,nan,,nan,,0,0,1.32386,1.31597,0.007889999999999953,796.9999999999909,win,reverse_fade+week_end,2,1,1,2012-03-08 11:45:00-05:00
2012-03-12,long,2012-03-13 02:00:00-04:00,2012-03-13 08:30:00-04:00,1.31786,1.31318,1.3085,1.33658,1.315052,1.31318,1.315052,2012-03-13 08:00:00-04:00,1.31318,2012-03-13 08:30:00-04:00,2,1,1.31724,1.30788,0.009360000000000035,-1034.099999999986,loss,dd_cut+flat_at_50,1,3,0,
2012-03-12,short,2012-03-13 08:30:00-04:00,2012-03-16 20:45:00-04:00,1.31318,1.31732,1.32254,1.29446,nan,nan,nan,,nan,,0,0,1.31724,1.30788,0.009360000000000035,-415.50000000000324,loss,reverse_fade+week_end,1,1,1,2012-03-13 02:00:00-04:00
2012-03-12,short,2012-03-13 12:45:00-04:00,2012-03-13 15:30:00-04:00,1.30605,1.31073,1.31541,1.2873299999999999,1.3088579999999999,1.31073,1.3088579999999999,2012-03-13 15:00:00-04:00,1.31073,2012-03-13 15:30:00-04:00,2,1,1.31724,1.30788,0.009360000000000035,-1034.099999999986,loss,dd_cut+flat_at_50,2,3,0,
2012-03-12,long,2012-03-13 15:30:00-04:00,2012-03-14 15:45:00-04:00,1.31073,1.30137,1.30137,1.32945,nan,nan,nan,,nan,,0,0,1.31724,1.30788,0.009360000000000035,-937.5000000000035,loss,reverse_fade+stop,2,1,1,2012-03-13 12:45:00-04:00
2012-03-19,long,2012-03-21 00:45:00-04:00,2012-03-21 14:45:00-04:00,1.32642,1.320365,1.31431,1.3506399999999996,1.322787,1.320365,1.322787,2012-03-21 12:15:00-04:00,1.320365,2012-03-21 14:45:00-04:00,2,1,1.32628,1.31417,0.012109999999999843,-1336.5999999999917,loss,dd_cut+flat_at_50,1,3,0,
2012-03-19,short,2012-03-21 14:45:00-04:00,2012-03-23 20:45:00-04:00,1.320365,1.32684,1.3324749999999999,1.2961450000000003,nan,nan,nan,,nan,,0,0,1.32628,1.31417,0.012109999999999843,-649.0000000000009,loss,reverse_fade+week_end,1,1,1,2012-03-21 00:45:00-04:00
2012-03-19,long,2012-03-23 08:30:00-04:00,2012-03-23 20:45:00-04:00,1.32748,1.32684,1.3153700000000002,1.3516999999999997,1.323847,1.321425,1.323847,2012-03-23 11:15:00-04:00,nan,,2,0,1.32628,1.31417,0.012109999999999843,-795.0999999999968,loss,dd_cut+week_end,2,3,0,
2012-03-26,long,2012-03-27 09:00:00-04:00,2012-03-28 14:15:00-04:00,1.33815,1.32938,1.3206099999999998,1.3732300000000002,1.3328879999999999,1.32938,1.3328879999999999,2012-03-27 12:15:00-04:00,1.32938,2012-03-28 14:15:00-04:00,2,1,1.33674,1.3192,0.01754000000000011,-1933.9000000000146,loss,dd_cut+flat_at_50,1,3,0,
2012-03-26,short,2012-03-28 14:15:00-04:00,2012-03-30 20:45:00-04:00,1.32938,1.33405,1.3469200000000001,1.2942999999999998,nan,nan,nan,,nan,,0,0,1.33674,1.3192,0.01754000000000011,-468.4999999999952,loss,reverse_fade+week_end,1,1,1,2012-03-27 09:00:00-04:00
2012-04-02,short,2012-04-03 18:00:00-04:00,2012-04-05 09:45:00-04:00,1.32668,1.3061599999999998,1.3369400000000002,1.3061599999999998,1.3297580000000002,1.3318100000000002,nan,,nan,,0,0,1.33803,1.32777,0.010260000000000158,6151.500000000095,win,target,1,3,0,
2012-04-02,short,2012-04-05 10:00:00-04:00,2012-04-06 20:45:00-04:00,1.30659,1.30964,1.31685,1.2860699999999996,1.309668,1.31172,1.309668,2012-04-06 12:30:00-04:00,nan,,2,0,1.33803,1.32777,0.010260000000000158,-925.100000000027,loss,dd_cut+week_end,2,3,0,
2012-04-09,long,2012-04-10 01:45:00-04:00,2012-04-10 07:15:00-04:00,1.31367,1.3086849999999999,1.3036999999999999,1.33361,1.310679,1.3086849999999999,1.310679,2012-04-10 06:45:00-04:00,1.3086849999999999,2012-04-10 07:15:00-04:00,2,1,1.31334,1.30337,0.009970000000000034,-1101.1999999999948,loss,dd_cut+flat_at_50,1,3,0,
2012-04-09,short,2012-04-10 07:15:00-04:00,2012-04-12 17:00:00-04:00,1.3086849999999999,1.318655,1.318655,1.2887449999999998,nan,nan,nan,,nan,,0,0,1.31334,1.30337,0.009970000000000034,-998.5000000000034,loss,reverse_fade+stop,1,1,1,2012-04-10 01:45:00-04:00
2012-04-09,long,2012-04-11 09:45:00-04:00,2012-04-13 14:15:00-04:00,1.31378,1.308795,1.30381,1.33372,1.310789,1.308795,1.310789,2012-04-11 15:00:00-04:00,1.308795,2012-04-13 14:15:00-04:00,2,1,1.31334,1.30337,0.009970000000000034,-1101.1999999999948,loss,dd_cut+flat_at_50,2,3,0,
2012-04-09,short,2012-04-13 14:15:00-04:00,2012-04-13 20:45:00-04:00,1.308795,1.30755,1.318765,1.2888549999999999,nan,nan,nan,,nan,,0,0,1.31334,1.30337,0.009970000000000034,122.99999999999406,win,reverse_fade+week_end,2,1,1,2012-04-11 09:45:00-04:00
2012-04-16,long,2012-04-19 08:15:00-04:00,2012-04-19 11:30:00-04:00,1.3149,1.3073649999999999,1.2998299999999998,1.3450400000000002,1.310379,1.3073649999999999,1.310379,2012-04-19 11:15:00-04:00,1.3073649999999999,2012-04-19 11:30:00-04:00,2,1,1.31465,1.29958,0.015070000000000139,-1662.2000000000064,loss,dd_cut+flat_at_50,1,3,0,
2012-04-16,short,2012-04-19 11:30:00-04:00,2012-04-20 14:30:00-04:00,1.3073649999999999,1.322435,1.322435,1.2772249999999996,nan,nan,nan,,nan,,0,0,1.31465,1.29958,0.015070000000000139,-1508.5000000000139,loss,reverse_fade+stop,1,1,1,2012-04-19 08:15:00-04:00
2012-04-16,long,2012-04-20 05:30:00-04:00,2012-04-20 20:45:00-04:00,1.31521,1.32159,1.3001399999999999,1.3453500000000003,1.310689,1.307675,nan,,nan,,0,0,1.31465,1.29958,0.015070000000000139,1909.5000000000157,win,week_end,2,3,0,
2012-04-23,long,2012-04-25 07:00:00-04:00,2012-04-27 07:00:00-04:00,1.32121,1.3159299999999998,1.3106499999999999,1.3423300000000002,1.318042,1.3159299999999998,1.318042,2012-04-25 18:00:00-04:00,1.3159299999999998,2012-04-27 07:00:00-04:00,2,1,1.32101,1.31045,0.010560000000000125,-1166.1000000000295,loss,dd_cut+flat_at_50,1,3,0,
2012-04-23,short,2012-04-27 07:00:00-04:00,2012-04-27 12:45:00-04:00,1.3159299999999998,1.32649,1.32649,1.2948099999999996,nan,nan,nan,,nan,,0,0,1.32101,1.31045,0.010560000000000125,-1057.5000000000125,loss,reverse_fade+stop,1,1,1,2012-04-25 07:00:00-04:00
2012-04-23,long,2012-04-27 09:00:00-04:00,2012-04-27 20:45:00-04:00,1.32182,1.32535,1.3112599999999999,1.3429400000000002,1.318652,1.3165399999999998,nan,,nan,,0,0,1.32101,1.31045,0.010560000000000125,1054.50000000001,win,week_end,2,3,0,
2012-04-30,long,2012-05-01 08:00:00-04:00,2012-05-01 14:00:00-04:00,1.32688,1.3239550000000002,1.3210300000000001,1.3385799999999999,1.325125,1.3239550000000002,1.325125,2012-05-01 09:45:00-04:00,1.3239550000000002,2012-05-01 14:00:00-04:00,2,1,1.32663,1.32078,0.005849999999999911,-647.9999999999746,loss,dd_cut+flat_at_50,1,3,0,
2012-04-30,short,2012-05-01 14:00:00-04:00,2012-05-03 12:00:00-04:00,1.3239550000000002,1.3122550000000004,1.3298050000000001,1.3122550000000004,nan,nan,nan,,nan,,0,0,1.32663,1.32078,0.005849999999999911,1168.4999999999823,win,reverse_fade+target,1,1,1,2012-05-01 08:00:00-04:00
2012-04-30,short,2012-05-02 07:30:00-04:00,2012-05-04 20:45:00-04:00,1.3191,1.30824,1.3249499999999999,1.3074000000000001,1.320855,1.322025,nan,,nan,,0,0,1.32663,1.32078,0.005849999999999911,3253.499999999961,win,week_end,2,3,0,
2012-05-07,short,2012-05-09 12:00:00-04:00,2012-05-11 20:45:00-04:00,1.29511,1.29153,1.30555,1.27423,1.298242,1.30033,nan,,nan,,0,0,1.30652,1.29608,0.010440000000000005,1069.499999999975,win,week_end,1,3,0,
2012-05-14,short,2012-05-15 12:45:00-04:00,2012-05-18 20:45:00-04:00,1.28035,1.27826,1.28927,1.2625100000000005,1.283026,1.28481,nan,,nan,,0,0,1.29042,1.2815,0.008919999999999817,622.5000000000441,win,week_end,1,3,0,
2012-05-21,short,2012-05-22 17:15:00-04:00,2012-05-24 08:00:00-04:00,1.2723,1.25258,1.28216,1.25258,1.275258,1.2772299999999999,nan,,nan,,0,0,1.28236,1.2725,0.00985999999999998,5911.499999999987,win,target,1,3,0,
2012-05-21,short,2012-05-24 08:15:00-04:00,2012-05-24 13:00:00-04:00,1.255,1.2599299999999998,1.2648599999999999,1.23528,1.257958,1.2599299999999998,1.257958,2012-05-24 10:15:00-04:00,1.2599299999999998,2012-05-24 13:00:00-04:00,2,1,1.28236,1.2725,0.00985999999999998,-1089.099999999991,loss,dd_cut+flat_at_50,2,3,0,
2012-05-21,long,2012-05-24 13:00:00-04:00,2012-05-25 13:15:00-04:00,1.2599299999999998,1.2500699999999998,1.2500699999999998,1.2796499999999997,nan,nan,nan,,nan,,0,0,1.28236,1.2725,0.00985999999999998,-987.499999999998,loss,reverse_fade+stop,2,1,1,2012-05-24 08:15:00-04:00
2012-05-28,short,2012-05-29 15:30:00-04:00,2012-06-01 20:45:00-04:00,1.24912,1.24328,1.25992,1.2275200000000002,1.25236,1.2545199999999999,nan,,nan,,0,0,1.2624,1.2516,0.01079999999999992,1747.50000000002,win,week_end,1,3,0,
2012-06-04,long,2012-06-05 00:00:00-04:00,2012-06-05 07:15:00-04:00,1.25323,1.246175,1.2391200000000002,1.2814499999999998,1.2489970000000001,1.246175,1.2489970000000001,2012-06-05 07:00:00-04:00,1.246175,2012-06-05 07:15:00-04:00,2,1,1.25267,1.23856,0.014109999999999845,-1556.5999999999894,loss,dd_cut+flat_at_50,1,3,0,
2012-06-04,short,2012-06-05 07:15:00-04:00,2012-06-07 12:15:00-04:00,1.246175,1.2602849999999999,1.2602849999999999,1.2179550000000003,nan,nan,nan,,nan,,0,0,1.25267,1.23856,0.014109999999999845,-1412.4999999999845,loss,reverse_fade+stop,1,1,1,2012-06-05 00:00:00-04:00
2012-06-04,long,2012-06-06 15:45:00-04:00,2012-06-08 08:00:00-04:00,1.25338,1.2463250000000001,1.23927,1.2815999999999996,1.249147,1.2463250000000001,1.249147,2012-06-08 06:15:00-04:00,1.2463250000000001,2012-06-08 08:00:00-04:00,2,1,1.25267,1.23856,0.014109999999999845,-1556.5999999999674,loss,dd_cut+flat_at_50,2,3,0,
2012-06-04,short,2012-06-08 08:00:00-04:00,2012-06-08 20:45:00-04:00,1.2463250000000001,1.25159,1.260435,1.2181050000000004,nan,nan,nan,,nan,,0,0,1.25267,1.23856,0.014109999999999845,-527.9999999999853,loss,reverse_fade+week_end,2,1,1,2012-06-06 15:45:00-04:00
2012-06-11,long,2012-06-15 18:15:00-04:00,2012-06-15 20:45:00-04:00,1.26523,1.26381,1.24554,1.30461,1.2593230000000002,1.255385,nan,,nan,,0,0,1.26469,1.245,0.019689999999999985,-430.499999999993,loss,week_end,1,3,0,
2012-06-18,short,2012-06-21 16:15:00-04:00,2012-06-22 20:45:00-04:00,1.25575,1.25669,1.27255,1.2221499999999996,1.26079,1.2641499999999999,nan,,nan,,0,0,1.27272,1.25592,0.016800000000000148,-286.5000000000489,loss,week_end,1,3,0,
2012-06-25,short,2012-06-26 12:15:00-04:00,2012-06-26 13:30:00-04:00,1.24588,1.2495450000000001,1.2532100000000002,1.23122,1.2480790000000002,1.2495450000000001,1.2480790000000002,2012-06-26 13:30:00-04:00,1.2495450000000001,2012-06-26 13:30:00-04:00,2,1,1.25442,1.24709,0.007330000000000059,-810.8000000000154,loss,dd_cut+flat_at_50,1,3,0,
2012-06-25,long,2012-06-26 13:30:00-04:00,2012-06-28 08:00:00-04:00,1.2495450000000001,1.242215,1.242215,1.2642050000000002,nan,nan,nan,,nan,,0,0,1.25442,1.24709,0.007330000000000059,-734.5000000000059,loss,reverse_fade+stop,1,1,1,2012-06-26 12:15:00-04:00
2012-06-25,short,2012-06-26 15:00:00-04:00,2012-06-26 16:00:00-04:00,1.24616,1.249825,1.25349,1.2314999999999998,1.248359,1.249825,1.248359,2012-06-26 16:00:00-04:00,1.249825,2012-06-26 16:00:00-04:00,2,1,1.25442,1.24709,0.007330000000000059,-810.8000000000154,loss,dd_cut+flat_at_50,2,3,0,
2012-06-25,long,2012-06-26 16:00:00-04:00,2012-06-28 08:00:00-04:00,1.249825,1.242495,1.242495,1.264485,nan,nan,nan,,nan,,0,0,1.25442,1.24709,0.007330000000000059,-734.5000000000059,loss,reverse_fade+stop,2,1,1,2012-06-26 15:00:00-04:00
2012-07-02,short,2012-07-03 12:15:00-04:00,2012-07-03 15:30:00-04:00,1.25667,1.261635,1.2666,1.23681,1.259649,1.261635,1.259649,2012-07-03 14:30:00-04:00,1.261635,2012-07-03 15:30:00-04:00,2,1,1.26672,1.25679,0.009929999999999994,-1096.8000000000238,loss,dd_cut+flat_at_50,1,3,0,
2012-07-02,long,2012-07-03 15:30:00-04:00,2012-07-04 14:45:00-04:00,1.261635,1.251705,1.251705,1.281495,nan,nan,nan,,nan,,0,0,1.26672,1.25679,0.009929999999999994,-994.4999999999994,loss,reverse_fade+stop,1,1,1,2012-07-03 12:15:00-04:00
2012-07-02,short,2012-07-04 10:00:00-04:00,2012-07-05 13:30:00-04:00,1.25645,1.23659,1.26638,1.23659,1.2594290000000001,1.261415,nan,,nan,,0,0,1.26672,1.25679,0.009929999999999994,5953.499999999996,win,target,2,3,0,
2012-07-09,long,2012-07-10 09:30:00-04:00,2012-07-10 11:45:00-04:00,1.2331,1.23041,1.2277200000000001,1.24386,1.231486,1.23041,1.231486,2012-07-10 10:15:00-04:00,1.23041,2012-07-10 11:45:00-04:00,2,1,1.23227,1.22689,0.00537999999999994,-596.300000000009,loss,dd_cut+flat_at_50,1,3,0,
2012-07-09,short,2012-07-10 11:45:00-04:00,2012-07-12 10:15:00-04:00,1.23041,1.2196500000000001,1.23579,1.2196500000000001,nan,nan,nan,,nan,,0,0,1.23227,1.22689,0.00537999999999994,1074.4999999999882,win,reverse_fade+target,1,1,1,2012-07-10 09:30:00-04:00
2012-07-09,short,2012-07-10 14:00:00-04:00,2012-07-11 08:45:00-04:00,1.22579,1.2284799999999998,1.2311699999999999,1.21503,1.227404,1.2284799999999998,1.227404,2012-07-11 07:15:00-04:00,1.2284799999999998,2012-07-11 08:45:00-04:00,2,1,1.23227,1.22689,0.00537999999999994,-596.2999999999868,loss,dd_cut+flat_at_50,2,3,0,
2012-07-09,long,2012-07-11 08:45:00-04:00,2012-07-11 15:00:00-04:00,1.2284799999999998,1.2230999999999999,1.2230999999999999,1.2392399999999997,nan,nan,nan,,nan,,0,0,1.23227,1.22689,0.00537999999999994,-539.4999999999941,loss,reverse_fade+stop,2,1,1,2012-07-10 14:00:00-04:00
2012-07-16,long,2012-07-17 01:15:00-04:00,2012-07-17 14:00:00-04:00,1.23062,1.224925,1.21923,1.2534,1.227203,1.224925,1.227203,2012-07-17 12:15:00-04:00,1.224925,2012-07-17 14:00:00-04:00,2,1,1.22894,1.21755,0.011390000000000011,-1257.4000000000012,loss,dd_cut+flat_at_50,1,3,0,
2012-07-16,short,2012-07-17 14:00:00-04:00,2012-07-20 20:45:00-04:00,1.224925,1.21563,1.236315,1.202145,nan,nan,nan,,nan,,0,0,1.22894,1.21755,0.011390000000000011,928.0000000000053,win,reverse_fade+week_end,1,1,1,2012-07-17 01:15:00-04:00
2012-07-16,long,2012-07-17 20:00:00-04:00,2012-07-18 09:30:00-04:00,1.22958,1.223885,1.2181899999999999,1.25236,1.226163,1.223885,1.226163,2012-07-18 09:00:00-04:00,1.223885,2012-07-18 09:30:00-04:00,2,1,1.22894,1.21755,0.011390000000000011,-1257.4000000000012,loss,dd_cut+flat_at_50,2,3,0,
2012-07-16,short,2012-07-18 09:30:00-04:00,2012-07-20 20:45:00-04:00,1.223885,1.21563,1.235275,1.2011049999999999,nan,nan,nan,,nan,,0,0,1.22894,1.21755,0.011390000000000011,823.9999999999901,win,reverse_fade+week_end,2,1,1,2012-07-17 20:00:00-04:00
2012-07-23,short,2012-07-24 15:30:00-04:00,2012-07-25 07:00:00-04:00,1.20605,1.2098400000000002,1.2136300000000002,1.1908899999999998,1.2083240000000002,1.2098400000000002,1.2083240000000002,2012-07-25 07:00:00-04:00,1.2098400000000002,2012-07-25 07:00:00-04:00,2,1,1.21442,1.20684,0.007580000000000142,-838.30000000004,loss,dd_cut+flat_at_50,1,3,0,
2012-07-23,long,2012-07-25 07:00:00-04:00,2012-07-26 11:00:00-04:00,1.2098400000000002,1.2250000000000005,1.20226,1.2250000000000005,nan,nan,nan,,nan,,0,0,1.21442,1.20684,0.007580000000000142,1514.5000000000284,win,reverse_fade+target,1,1,1,2012-07-24 15:30:00-04:00
2012-07-23,long,2012-07-25 09:30:00-04:00,2012-07-26 12:30:00-04:00,1.21446,1.2296200000000004,1.20688,1.2296200000000004,1.212186,1.21067,1.212186,2012-07-25 10:00:00-04:00,nan,,2,0,1.21442,1.20684,0.007580000000000142,1056.7000000000066,win,dd_cut+target,2,3,0,
2012-07-30,long,2012-07-31 12:30:00-04:00,2012-07-31 13:15:00-04:00,1.2313,1.227255,1.2232100000000001,1.24748,1.228873,1.227255,1.228873,2012-07-31 13:00:00-04:00,1.227255,2012-07-31 13:15:00-04:00,2,1,1.23055,1.22246,0.00808999999999993,-894.399999999999,loss,dd_cut+flat_at_50,1,3,0,
2012-07-30,short,2012-07-31 13:15:00-04:00,2012-08-02 12:30:00-04:00,1.227255,1.235345,1.235345,1.2110750000000001,nan,nan,nan,,nan,,0,0,1.23055,1.22246,0.00808999999999993,-810.4999999999931,loss,reverse_fade+stop,1,1,1,2012-07-31 12:30:00-04:00
2012-07-30,long,2012-07-31 14:30:00-04:00,2012-08-01 18:15:00-04:00,1.23071,1.2266650000000001,1.22262,1.2468899999999998,1.228283,1.2266650000000001,1.228283,2012-08-01 01:00:00-04:00,1.2266650000000001,2012-08-01 18:15:00-04:00,2,1,1.23055,1.22246,0.00808999999999993,-894.3999999999769,loss,dd_cut+flat_at_50,2,3,0,
2012-07-30,short,2012-08-01 18:15:00-04:00,2012-08-02 12:30:00-04:00,1.2266650000000001,1.234755,1.234755,1.2104850000000003,nan,nan,nan,,nan,,0,0,1.23055,1.22246,0.00808999999999993,-810.4999999999931,loss,reverse_fade+stop,2,1,1,2012-07-31 14:30:00-04:00
2012-08-06,long,2012-08-07 12:00:00-04:00,2012-08-07 21:00:00-04:00,1.24363,1.2392349999999999,1.23484,1.2612100000000002,1.240993,1.2392349999999999,1.240993,2012-08-07 18:00:00-04:00,1.2392349999999999,2012-08-07 21:00:00-04:00,2,1,1.24292,1.23413,0.008790000000000076,-971.400000000015,loss,dd_cut+flat_at_50,1,3,0,
2012-08-06,short,2012-08-07 21:00:00-04:00,2012-08-10 20:45:00-04:00,1.2392349999999999,1.22894,1.248025,1.2216549999999997,nan,nan,nan,,nan,,0,0,1.24292,1.23413,0.008790000000000076,1027.9999999999943,win,reverse_fade+week_end,1,1,1,2012-08-07 12:00:00-04:00
2012-08-06,short,2012-08-08 12:00:00-04:00,2012-08-09 01:30:00-04:00,1.23366,1.2380550000000001,1.24245,1.2160799999999998,1.236297,1.2380550000000001,1.236297,2012-08-08 15:00:00-04:00,1.2380550000000001,2012-08-09 01:30:00-04:00,2,1,1.24292,1.23413,0.008790000000000076,-971.400000000015,loss,dd_cut+flat_at_50,2,3,0,
2012-08-06,long,2012-08-09 01:30:00-04:00,2012-08-09 13:00:00-04:00,1.2380550000000001,1.229265,1.229265,1.2556350000000003,nan,nan,nan,,nan,,0,0,1.24292,1.23413,0.008790000000000076,-880.5000000000075,loss,reverse_fade+stop,2,1,1,2012-08-08 12:00:00-04:00
2012-08-13,long,2012-08-14 07:15:00-04:00,2012-08-14 14:30:00-04:00,1.23793,1.23227,1.22661,1.26057,1.234534,1.23227,1.234534,2012-08-14 11:30:00-04:00,1.23227,2012-08-14 14:30:00-04:00,2,1,1.23732,1.226,0.011319999999999997,-1249.6999999999907,loss,dd_cut+flat_at_50,1,3,0,
2012-08-13,short,2012-08-14 14:30:00-04:00,2012-08-17 20:45:00-04:00,1.23227,1.23308,1.24359,1.20963,nan,nan,nan,,nan,,0,0,1.23732,1.226,0.011319999999999997,-82.49999999999774,loss,reverse_fade+week_end,1,1,1,2012-08-14 07:15:00-04:00
2012-08-20,long,2012-08-21 06:15:00-04:00,2012-08-22 18:15:00-04:00,1.23719,1.2519300000000002,1.22982,1.2519300000000002,1.234979,1.233505,nan,,nan,,0,0,1.23685,1.22948,0.007370000000000099,4417.500000000059,win,target,1,3,0,
2012-08-20,long,2012-08-22 18:30:00-04:00,2012-08-24 12:45:00-04:00,1.25222,1.248535,1.24485,1.2669600000000003,1.2500090000000001,1.248535,1.2500090000000001,2012-08-24 11:30:00-04:00,1.248535,2012-08-24 12:45:00-04:00,2,1,1.23685,1.22948,0.007370000000000099,-815.2000000000087,loss,dd_cut+flat_at_50,2,3,0,
2012-08-20,short,2012-08-24 12:45:00-04:00,2012-08-24 15:15:00-04:00,1.248535,1.255905,1.255905,1.2337949999999998,nan,nan,nan,,nan,,0,0,1.23685,1.22948,0.007370000000000099,-738.5000000000099,loss,reverse_fade+stop,2,1,1,2012-08-22 18:30:00-04:00
2012-08-27,short,2012-08-28 00:45:00-04:00,2012-08-28 07:45:00-04:00,1.24836,1.2506249999999999,1.2528899999999998,1.2393,1.2497189999999998,1.2506249999999999,1.2497189999999998,2012-08-28 07:45:00-04:00,1.2506249999999999,2012-08-28 07:45:00-04:00,2,1,1.25351,1.24898,0.004529999999999923,-502.79999999997375,loss,dd_cut+flat_at_50,1,3,0,
2012-08-27,long,2012-08-28 07:45:00-04:00,2012-08-31 12:00:00-04:00,1.2506249999999999,1.2596849999999997,1.246095,1.2596849999999997,nan,nan,nan,,nan,,0,0,1.25351,1.24898,0.004529999999999923,904.4999999999845,win,reverse_fade+target,1,1,1,2012-08-28 00:45:00-04:00
2012-08-27,long,2012-08-28 09:00:00-04:00,2012-08-29 14:15:00-04:00,1.25431,1.252045,1.2497800000000001,1.2633699999999999,1.2529510000000001,1.252045,1.2529510000000001,2012-08-29 13:45:00-04:00,1.252045,2012-08-29 14:15:00-04:00,2,1,1.25351,1.24898,0.004529999999999923,-502.79999999997375,loss,dd_cut+flat_at_50,2,3,0,
2012-08-27,short,2012-08-29 14:15:00-04:00,2012-08-31 09:30:00-04:00,1.252045,1.256575,1.256575,1.2429850000000002,nan,nan,nan,,nan,,0,0,1.25351,1.24898,0.004529999999999923,-454.49999999999227,loss,reverse_fade+stop,2,1,1,2012-08-28 09:00:00-04:00
2012-09-03,long,2012-09-04 01:45:00-04:00,2012-09-04 10:45:00-04:00,1.26115,1.25869,1.25623,1.27099,1.259674,1.25869,1.259674,2012-09-04 10:15:00-04:00,1.25869,2012-09-04 10:45:00-04:00,2,1,1.26091,1.25599,0.0049200000000000355,-545.6999999999973,loss,dd_cut+flat_at_50,1,3,0,
2012-09-03,short,2012-09-04 10:45:00-04:00,2012-09-06 11:45:00-04:00,1.25869,1.2636100000000001,1.2636100000000001,1.24885,nan,nan,nan,,nan,,0,0,1.26091,1.25599,0.0049200000000000355,-493.5000000000035,loss,reverse_fade+stop,1,1,1,2012-09-04 01:45:00-04:00
2012-09-03,short,2012-09-04 23:00:00-04:00,2012-09-05 12:00:00-04:00,1.25579,1.2582499999999999,1.26071,1.24595,1.257266,1.2582499999999999,1.257266,2012-09-05 12:00:00-04:00,1.2582499999999999,2012-09-05 12:00:00-04:00,2,1,1.26091,1.25599,0.0049200000000000355,-545.6999999999973,loss,dd_cut+flat_at_50,2,3,0,
2012-09-03,long,2012-09-05 12:00:00-04:00,2012-09-07 07:30:00-04:00,1.2582499999999999,1.26809,1.2533299999999998,1.26809,nan,nan,nan,,nan,,0,0,1.26091,1.25599,0.0049200000000000355,982.500000000007,win,reverse_fade+target,2,1,1,2012-09-04 23:00:00-04:00
2012-09-10,long,2012-09-11 06:45:00-04:00,2012-09-11 11:30:00-04:00,1.28037,1.2779449999999999,1.27552,1.29007,1.278915,1.2779449999999999,1.278915,2012-09-11 08:15:00-04:00,1.2779449999999999,2012-09-11 11:30:00-04:00,2,1,1.28031,1.27546,0.004850000000000021,-538.000000000009,loss,dd_cut+flat_at_50,1,3,0,
2012-09-10,short,2012-09-11 11:30:00-04:00,2012-09-11 13:00:00-04:00,1.2779449999999999,1.282795,1.282795,1.2682449999999998,nan,nan,nan,,nan,,0,0,1.28031,1.27546,0.004850000000000021,-486.5000000000021,loss,reverse_fade+stop,1,1,1,2012-09-11 06:45:00-04:00
2012-09-10,long,2012-09-11 12:45:00-04:00,2012-09-12 09:45:00-04:00,1.28109,1.29079,1.27624,1.29079,1.279635,1.2786650000000002,nan,,nan,,0,0,1.28031,1.27546,0.004850000000000021,2905.5000000000127,win,target,2,3,0,
2012-09-17,short,2012-09-18 07:30:00-04:00,2012-09-21 20:45:00-04:00,1.3077,1.29792,1.3163,1.2905000000000002,1.3102800000000001,1.312,nan,,nan,,0,0,1.31694,1.30834,0.008599999999999941,2929.5000000000364,win,week_end,1,3,0,
2012-09-24,short,2012-09-26 04:00:00-04:00,2012-09-27 17:30:00-04:00,1.2868,1.291255,1.29571,1.26898,1.2894729999999999,1.291255,1.2894729999999999,2012-09-27 05:30:00-04:00,1.291255,2012-09-27 17:30:00-04:00,2,1,1.29795,1.28904,0.008909999999999973,-984.5999999999949,loss,dd_cut+flat_at_50,1,3,0,
2012-09-24,long,2012-09-27 17:30:00-04:00,2012-09-28 20:45:00-04:00,1.291255,1.28591,1.282345,1.309075,nan,nan,nan,,nan,,0,0,1.29795,1.28904,0.008909999999999973,-535.9999999999933,loss,reverse_fade+week_end,1,1,1,2012-09-26 04:00:00-04:00
2012-09-24,short,2012-09-28 14:00:00-04:00,2012-09-28 20:45:00-04:00,1.2881,1.28591,1.29701,1.27028,1.290773,1.2925550000000001,nan,,nan,,0,0,1.29795,1.28904,0.008909999999999973,652.4999999999743,win,week_end,2,3,0,
2012-10-01,long,2012-10-02 13:15:00-04:00,2012-10-05 20:45:00-04:00,1.29421,1.30344,1.28089,1.32085,1.2902140000000002,1.28755,1.2902140000000002,2012-10-03 01:00:00-04:00,nan,,2,0,1.29381,1.28049,0.013319999999999999,119.30000000000723,win,dd_cut+week_end,1,3,0,
2012-10-08,short,2012-10-09 07:30:00-04:00,2012-10-12 07:15:00-04:00,1.2926,1.296535,1.30047,1.2768599999999999,1.294961,1.296535,1.294961,2012-10-09 11:30:00-04:00,1.296535,2012-10-12 07:15:00-04:00,2,1,1.30158,1.29371,0.007870000000000044,-870.2000000000137,loss,dd_cut+flat_at_50,1,3,0,
2012-10-08,long,2012-10-12 07:15:00-04:00,2012-10-12 20:45:00-04:00,1.296535,1.29522,1.288665,1.312275,nan,nan,nan,,nan,,0,0,1.30158,1.29371,0.007870000000000044,-132.9999999999955,loss,reverse_fade+week_end,1,1,1,2012-10-09 07:30:00-04:00
2012-10-15,long,2012-10-16 06:00:00-04:00,2012-10-19 20:45:00-04:00,1.2987,1.30188,1.28989,1.31632,1.296057,1.294295,nan,,nan,,0,0,1.29786,1.28905,0.008809999999999985,949.4999999999882,win,week_end,1,3,0,
2012-10-22,short,2012-10-23 10:30:00-04:00,2012-10-26 20:45:00-04:00,1.30063,1.29403,1.30694,1.2880099999999999,1.3025229999999999,1.303785,nan,,nan,,0,0,1.3083,1.30199,0.006310000000000038,1975.4999999999818,win,week_end,1,3,0,
2012-10-29,long,2012-10-30 08:00:00-04:00,2012-11-02 05:30:00-04:00,1.29458,1.292035,1.28949,1.3047600000000001,1.293053,1.292035,1.293053,2012-11-01 07:30:00-04:00,1.292035,2012-11-02 05:30:00-04:00,2,1,1.29359,1.2885,0.005090000000000039,-564.4000000000132,loss,dd_cut+flat_at_50,1,3,0,
2012-10-29,short,2012-11-02 05:30:00-04:00,2012-11-02 20:45:00-04:00,1.292035,1.28349,1.297125,1.281855,nan,nan,nan,,nan,,0,0,1.29359,1.2885,0.005090000000000039,853.0000000000025,win,reverse_fade+week_end,1,1,1,2012-10-30 08:00:00-04:00
2012-10-29,short,2012-11-02 08:45:00-04:00,2012-11-02 20:45:00-04:00,1.2877,1.28349,1.29279,1.27752,1.2892270000000001,1.290245,1.2892270000000001,2012-11-02 10:15:00-04:00,nan,,2,0,1.29359,1.2885,0.005090000000000039,111.09999999999349,win,dd_cut+week_end,2,3,0,
2012-11-05,long,2012-11-07 04:00:00-05:00,2012-11-07 11:00:00-05:00,1.28591,1.2821550000000002,1.2784000000000002,1.30093,1.283657,1.2821550000000002,1.283657,2012-11-07 09:15:00-05:00,1.2821550000000002,2012-11-07 11:00:00-05:00,2,1,1.28425,1.27674,0.007509999999999906,-830.6000000000074,loss,dd_cut+flat_at_50,1,3,0,
2012-11-05,short,2012-11-07 11:00:00-05:00,2012-11-09 21:45:00-05:00,1.2821550000000002,1.27109,1.289665,1.2671350000000003,nan,nan,nan,,nan,,0,0,1.28425,1.27674,0.007509999999999906,1105.0000000000102,win,reverse_fade+week_end,1,1,1,2012-11-07 04:00:00-05:00
2012-11-05,short,2012-11-07 12:15:00-05:00,2012-11-09 21:45:00-05:00,1.27577,1.27109,1.28328,1.2607500000000003,1.2780230000000001,1.279525,1.2780230000000001,2012-11-09 03:00:00-05:00,nan,,2,0,1.28425,1.27674,0.007509999999999906,12.899999999989689,win,dd_cut+week_end,2,3,0,
2012-11-12,short,2012-11-13 01:00:00-05:00,2012-11-13 11:30:00-05:00,1.26958,1.271645,1.27371,1.26132,1.270819,1.271645,1.270819,2012-11-13 11:30:00-05:00,1.271645,2012-11-13 11:30:00-05:00,2,1,1.27388,1.26975,0.004129999999999967,-458.7999999999964,loss,dd_cut+flat_at_50,1,3,0,
2012-11-12,long,2012-11-13 11:30:00-05:00,2012-11-13 14:00:00-05:00,1.271645,1.267515,1.267515,1.2799049999999998,nan,nan,nan,,nan,,0,0,1.27388,1.26975,0.004129999999999967,-414.4999999999967,loss,reverse_fade+stop,1,1,1,2012-11-13 01:00:00-05:00
2012-11-12,short,2012-11-13 13:00:00-05:00,2012-11-13 16:00:00-05:00,1.26955,1.271615,1.27368,1.26129,1.270789,1.271615,1.270789,2012-11-13 15:45:00-05:00,1.271615,2012-11-13 16:00:00-05:00,2,1,1.27388,1.26975,0.004129999999999967,-458.7999999999964,loss,dd_cut+flat_at_50,2,3,0,
2012-11-12,long,2012-11-13 16:00:00-05:00,2012-11-15 15:15:00-05:00,1.271615,1.2798749999999999,1.267485,1.2798749999999999,nan,nan,nan,,nan,,0,0,1.27388,1.26975,0.004129999999999967,824.4999999999934,win,reverse_fade+target,2,1,1,2012-11-13 13:00:00-05:00
2012-11-19,long,2012-11-21 14:00:00-05:00,2012-11-23 17:00:00-05:00,1.2822,1.2970199999999998,1.27479,1.2970199999999998,1.2799770000000001,1.278495,nan,,nan,,0,0,1.28196,1.27455,0.007409999999999917,4441.49999999995,win,target,1,3,0,
2012-11-19,long,2012-11-23 17:15:00-05:00,2012-11-23 21:45:00-05:00,1.2986,1.29736,1.29119,1.3134199999999998,1.2963770000000001,1.294895,nan,,nan,,0,0,1.28196,1.27455,0.007409999999999917,-376.4999999999724,loss,week_end,2,3,0,
2012-11-26,short,2012-11-27 14:00:00-05:00,2012-11-29 08:30:00-05:00,1.29411,1.297225,1.30034,1.2816500000000002,1.295979,1.297225,1.295979,2012-11-28 22:15:00-05:00,1.297225,2012-11-29 08:30:00-05:00,2,1,1.30063,1.2944,0.006229999999999958,-689.7999999999777,loss,dd_cut+flat_at_50,1,3,0,
2012-11-26,long,2012-11-29 08:30:00-05:00,2012-11-30 21:45:00-05:00,1.297225,1.2986,1.2909950000000001,1.309685,nan,nan,nan,,nan,,0,0,1.30063,1.2944,0.006229999999999958,135.9999999999904,win,reverse_fade+week_end,1,1,1,2012-11-27 14:00:00-05:00
2012-11-26,long,2012-11-30 07:00:00-05:00,2012-11-30 12:45:00-05:00,1.30215,1.299035,1.29592,1.3146099999999998,1.300281,1.299035,1.300281,2012-11-30 09:30:00-05:00,1.299035,2012-11-30 12:45:00-05:00,2,1,1.30063,1.2944,0.006229999999999958,-689.7999999999777,loss,dd_cut+flat_at_50,2,3,0,
2012-11-26,short,2012-11-30 12:45:00-05:00,2012-11-30 21:45:00-05:00,1.299035,1.2986,1.305265,1.286575,nan,nan,nan,,nan,,0,0,1.30063,1.2944,0.006229999999999958,41.99999999999632,win,reverse_fade+week_end,2,1,1,2012-11-30 07:00:00-05:00
2012-12-03,long,2012-12-04 08:30:00-05:00,2012-12-06 13:45:00-05:00,1.30794,1.3038150000000002,1.29969,1.3244400000000003,1.305465,1.3038150000000002,1.305465,2012-12-06 01:00:00-05:00,1.3038150000000002,2012-12-06 13:45:00-05:00,2,1,1.30756,1.29931,0.00825000000000009,-911.9999999999944,loss,dd_cut+flat_at_50,1,3,0,
2012-12-03,short,2012-12-06 13:45:00-05:00,2012-12-07 21:45:00-05:00,1.3038150000000002,1.29253,1.3120650000000003,1.287315,nan,nan,nan,,nan,,0,0,1.30756,1.29931,0.00825000000000009,1127.0000000000211,win,reverse_fade+week_end,1,1,1,2012-12-04 08:30:00-05:00
2012-12-03,short,2012-12-06 15:00:00-05:00,2012-12-07 21:45:00-05:00,1.29812,1.29253,1.30637,1.2816199999999998,1.300595,1.302245,nan,,nan,,0,0,1.30756,1.29931,0.00825000000000009,1672.4999999999952,win,week_end,2,3,0,
2012-12-10,long,2012-12-11 04:15:00-05:00,2012-12-12 17:30:00-05:00,1.29554,1.30768,1.28947,1.30768,1.2937189999999998,1.2925049999999998,nan,,nan,,0,0,1.29463,1.28856,0.00607000000000002,3637.500000000012,win,target,1,3,0,
2012-12-10,long,2012-12-12 17:45:00-05:00,2012-12-13 01:45:00-05:00,1.30877,1.3057349999999999,1.3027,1.32091,1.306949,1.3057349999999999,1.306949,2012-12-12 20:00:00-05:00,1.3057349999999999,2012-12-13 01:45:00-05:00,2,1,1.29463,1.28856,0.00607000000000002,-672.2000000000266,loss,dd_cut+flat_at_50,2,3,0,
2012-12-10,short,2012-12-13 01:45:00-05:00,2012-12-14 16:00:00-05:00,1.3057349999999999,1.3118049999999999,1.3118049999999999,1.2935949999999998,nan,nan,nan,,nan,,0,0,1.29463,1.28856,0.00607000000000002,-608.5000000000019,loss,reverse_fade+stop,2,1,1,2012-12-12 17:45:00-05:00
2012-12-17,long,2012-12-18 10:00:00-05:00,2012-12-19 02:45:00-05:00,1.31814,1.3250800000000003,1.31467,1.3250800000000003,1.317099,1.316405,nan,,nan,,0,0,1.31786,1.31439,0.003470000000000084,2077.5000000000505,win,target,1,3,0,
2012-12-17,long,2012-12-19 03:00:00-05:00,2012-12-19 08:00:00-05:00,1.32476,1.323025,1.3212899999999999,1.3317,1.3237189999999999,1.323025,1.3237189999999999,2012-12-19 07:15:00-05:00,1.323025,2012-12-19 08:00:00-05:00,2,1,1.31786,1.31439,0.003470000000000084,-386.2000000000181,loss,dd_cut+flat_at_50,2,3,0,
2012-12-17,short,2012-12-19 08:00:00-05:00,2012-12-19 09:15:00-05:00,1.323025,1.326495,1.326495,1.3160849999999997,nan,nan,nan,,nan,,0,0,1.31786,1.31439,0.003470000000000084,-348.5000000000084,loss,reverse_fade+stop,2,1,1,2012-12-19 03:00:00-05:00
2012-12-24,long,2012-12-26 14:45:00-05:00,2012-12-26 16:00:00-05:00,1.32488,1.321765,1.31865,1.33734,1.3230110000000002,1.321765,1.3230110000000002,2012-12-26 15:45:00-05:00,1.321765,2012-12-26 16:00:00-05:00,2,1,1.32335,1.31712,0.006229999999999958,-689.7999999999777,loss,dd_cut+flat_at_50,1,3,0,
2012-12-24,short,2012-12-26 16:00:00-05:00,2012-12-27 12:30:00-05:00,1.321765,1.327995,1.327995,1.3093050000000002,nan,nan,nan,,nan,,0,0,1.32335,1.31712,0.006229999999999958,-624.4999999999958,loss,reverse_fade+stop,1,1,1,2012-12-26 14:45:00-05:00
2012-12-24,long,2012-12-27 00:00:00-05:00,2012-12-27 17:15:00-05:00,1.32393,1.320815,1.3177,1.33639,1.3220610000000002,1.320815,1.3220610000000002,2012-12-27 15:30:00-05:00,1.320815,2012-12-27 17:15:00-05:00,2,1,1.32335,1.31712,0.006229999999999958,-689.7999999999777,loss,dd_cut+flat_at_50,2,3,0,
2012-12-24,short,2012-12-27 17:15:00-05:00,2012-12-28 21:45:00-05:00,1.320815,1.3214,1.327045,1.3083550000000002,nan,nan,nan,,nan,,0,0,1.32335,1.31712,0.006229999999999958,-59.999999999983565,loss,reverse_fade+week_end,2,1,1,2012-12-27 00:00:00-05:00
2012-12-31,long,2013-01-02 01:30:00-05:00,2013-01-02 16:00:00-05:00,1.32521,1.32218,1.31915,1.33733,1.3233920000000001,1.32218,1.3233920000000001,2013-01-02 10:30:00-05:00,1.32218,2013-01-02 16:00:00-05:00,2,1,1.32344,1.31738,0.006059999999999954,-671.0999999999839,loss,dd_cut+flat_at_50,1,3,0,
2012-12-31,short,2013-01-02 16:00:00-05:00,2013-01-03 10:30:00-05:00,1.32218,1.31006,1.3282399999999999,1.31006,nan,nan,nan,,nan,,0,0,1.32344,1.31738,0.006059999999999954,1210.499999999991,win,reverse_fade+target,1,1,1,2013-01-02 01:30:00-05:00
2012-12-31,short,2013-01-02 17:15:00-05:00,2013-01-03 21:15:00-05:00,1.31689,1.30477,1.3229499999999998,1.30477,1.318708,1.3199199999999998,1.318708,2013-01-02 21:00:00-05:00,nan,,2,0,1.32344,1.31738,0.006059999999999954,843.8999999999714,win,dd_cut+target,2,3,0,
2013-01-07,long,2013-01-08 02:30:00-05:00,2013-01-08 13:30:00-05:00,1.31292,1.3073700000000001,1.30182,1.3351200000000003,1.30959,1.3073700000000001,1.30959,2013-01-08 12:45:00-05:00,1.3073700000000001,2013-01-08 13:30:00-05:00,2,1,1.31275,1.30165,0.01110000000000011,-1225.5000000000055,loss,dd_cut+flat_at_50,1,3,0,
2013-01-07,short,2013-01-08 13:30:00-05:00,2013-01-10 13:45:00-05:00,1.3073700000000001,1.3184700000000003,1.3184700000000003,1.28517,nan,nan,nan,,nan,,0,0,1.31275,1.30165,0.01110000000000011,-1111.500000000011,loss,reverse_fade+stop,1,1,1,2013-01-08 02:30:00-05:00
2013-01-07,long,2013-01-10 13:30:00-05:00,2013-01-11 21:45:00-05:00,1.31461,1.33424,1.30351,1.3368100000000003,1.31128,1.3090600000000001,nan,,nan,,0,0,1.31275,1.30165,0.01110000000000011,5884.500000000011,win,week_end,2,3,0,
2013-01-14,short,2013-01-15 12:00:00-05:00,2013-01-17 10:00:00-05:00,1.3327,1.3361049999999999,1.33951,1.31908,1.334743,1.3361049999999999,1.334743,2013-01-15 15:00:00-05:00,1.3361049999999999,2013-01-17 10:00:00-05:00,2,1,1.34037,1.33356,0.006809999999999983,-753.5999999999915,loss,dd_cut+flat_at_50,1,3,0,
2013-01-14,long,2013-01-17 10:00:00-05:00,2013-01-18 15:45:00-05:00,1.3361049999999999,1.329295,1.329295,1.3497249999999998,nan,nan,nan,,nan,,0,0,1.34037,1.33356,0.006809999999999983,-682.4999999999983,loss,reverse_fade+stop,1,1,1,2013-01-15 12:00:00-05:00
2013-01-14,short,2013-01-18 12:45:00-05:00,2013-01-18 21:45:00-05:00,1.33242,1.3318,1.33923,1.3188,1.334463,1.3358249999999998,nan,,nan,,0,0,1.34037,1.33356,0.006809999999999983,181.49999999995288,win,week_end,2,3,0,
2013-01-21,long,2013-01-22 04:00:00-05:00,2013-01-22 09:00:00-05:00,1.33476,1.3331549999999999,1.3315499999999998,1.3411800000000003,1.333797,1.3331549999999999,1.333797,2013-01-22 04:15:00-05:00,1.3331549999999999,2013-01-22 09:00:00-05:00,2,1,1.33319,1.32998,0.003210000000000157,-357.6000000000173,loss,dd_cut+flat_at_50,1,3,0,
2013-01-21,short,2013-01-22 09:00:00-05:00,2013-01-22 09:15:00-05:00,1.3331549999999999,1.3267349999999996,1.336365,1.3267349999999996,nan,nan,nan,,nan,,0,0,1.33319,1.32998,0.003210000000000157,640.5000000000314,win,reverse_fade+target,1,1,1,2013-01-22 04:00:00-05:00
2013-01-21,short,2013-01-22 09:15:00-05:00,2013-01-22 10:00:00-05:00,1.32983,1.3314350000000001,1.3330400000000002,1.3234099999999998,1.3307930000000001,1.3314350000000001,1.3307930000000001,2013-01-22 09:45:00-05:00,1.3314350000000001,2013-01-22 10:00:00-05:00,2,1,1.33319,1.32998,0.003210000000000157,-357.6000000000173,loss,dd_cut+flat_at_50,2,3,0,
2013-01-21,long,2013-01-22 10:00:00-05:00,2013-01-22 15:30:00-05:00,1.3314350000000001,1.328225,1.328225,1.3378550000000005,nan,nan,nan,,nan,,0,0,1.33319,1.32998,0.003210000000000157,-322.5000000000157,loss,reverse_fade+stop,2,1,1,2013-01-22 09:15:00-05:00
2013-01-28,short,2013-01-29 11:00:00-05:00,2013-01-29 12:30:00-05:00,1.34166,1.344265,1.34687,1.3312400000000002,1.343223,1.344265,1.343223,2013-01-29 11:15:00-05:00,1.344265,2013-01-29 12:30:00-05:00,2,1,1.34765,1.34244,0.005209999999999937,-577.5999999999931,loss,dd_cut+flat_at_50,1,3,0,
2013-01-28,long,2013-01-29 12:30:00-05:00,2013-01-30 10:45:00-05:00,1.344265,1.354685,1.339055,1.354685,nan,nan,nan,,nan,,0,0,1.34765,1.34244,0.005209999999999937,1040.4999999999873,win,reverse_fade+target,1,1,1,2013-01-29 11:00:00-05:00
2013-01-28,long,2013-01-29 14:30:00-05:00,2013-01-30 19:15:00-05:00,1.34806,1.35848,1.34285,1.35848,1.346497,1.345455,1.346497,2013-01-29 16:30:00-05:00,nan,,2,0,1.34765,1.34244,0.005209999999999937,724.899999999991,win,dd_cut+target,2,3,0,
2013-02-04,short,2013-02-05 00:45:00-05:00,2013-02-05 16:15:00-05:00,1.34951,1.357,1.36449,1.31955,1.354004,1.357,1.354004,2013-02-05 09:00:00-05:00,1.357,2013-02-05 16:15:00-05:00,2,1,1.36486,1.34988,0.014979999999999993,-1652.2999999999993,loss,dd_cut+flat_at_50,1,3,0,
2013-02-04,long,2013-02-05 16:15:00-05:00,2013-02-07 14:45:00-05:00,1.357,1.34202,1.34202,1.38696,nan,nan,nan,,nan,,0,0,1.36486,1.34988,0.014979999999999993,-1499.4999999999993,loss,reverse_fade+stop,1,1,1,2013-02-05 00:45:00-05:00
2013-02-04,short,2013-02-06 13:45:00-05:00,2013-02-07 08:15:00-05:00,1.34968,1.35717,1.36466,1.31972,1.354174,1.35717,1.354174,2013-02-06 15:45:00-05:00,1.35717,2013-02-07 08:15:00-05:00,2,1,1.36486,1.34988,0.014979999999999993,-1652.2999999999993,loss,dd_cut+flat_at_50,2,3,0,
2013-02-04,long,2013-02-07 08:15:00-05:00,2013-02-07 14:45:00-05:00,1.35717,1.34219,1.34219,1.38713,nan,nan,nan,,nan,,0,0,1.36486,1.34988,0.014979999999999993,-1499.4999999999993,loss,reverse_fade+stop,2,1,1,2013-02-06 13:45:00-05:00
2013-02-11,long,2013-02-12 10:45:00-05:00,2013-02-14 07:15:00-05:00,1.34357,1.340055,1.33654,1.3576299999999997,1.341461,1.340055,1.341461,2013-02-12 13:45:00-05:00,1.340055,2013-02-14 07:15:00-05:00,2,1,1.34273,1.3357,0.00702999999999987,-777.7999999999768,loss,dd_cut+flat_at_50,1,3,0,
2013-02-11,short,2013-02-14 07:15:00-05:00,2013-02-15 21:45:00-05:00,1.340055,1.33618,1.3470849999999999,1.3259950000000003,nan,nan,nan,,nan,,0,0,1.34273,1.3357,0.00702999999999987,386.0000000000073,win,reverse_fade+week_end,1,1,1,2013-02-12 10:45:00-05:00
2013-02-11,short,2013-02-14 10:00:00-05:00,2013-02-15 06:30:00-05:00,1.33437,1.337885,1.3414,1.3203100000000003,1.336479,1.337885,1.336479,2013-02-14 22:00:00-05:00,1.337885,2013-02-15 06:30:00-05:00,2,1,1.34273,1.3357,0.00702999999999987,-777.7999999999768,loss,dd_cut+flat_at_50,2,3,0,
2013-02-11,long,2013-02-15 06:30:00-05:00,2013-02-15 12:15:00-05:00,1.337885,1.3308550000000001,1.3308550000000001,1.3519449999999997,nan,nan,nan,,nan,,0,0,1.34273,1.3357,0.00702999999999987,-704.4999999999869,loss,reverse_fade+stop,2,1,1,2013-02-14 10:00:00-05:00
2013-02-18,long,2013-02-19 16:30:00-05:00,2013-02-20 16:00:00-05:00,1.33834,1.335455,1.3325700000000003,1.3498799999999997,1.3366090000000002,1.335455,1.3366090000000002,2013-02-20 12:15:00-05:00,1.335455,2013-02-20 16:00:00-05:00,2,1,1.33787,1.3321,0.005769999999999831,-639.199999999988,loss,dd_cut+flat_at_50,1,3,0,
2013-02-18,short,2013-02-20 16:00:00-05:00,2013-02-21 05:45:00-05:00,1.335455,1.3239150000000004,1.341225,1.3239150000000004,nan,nan,nan,,nan,,0,0,1.33787,1.3321,0.005769999999999831,1152.4999999999661,win,reverse_fade+target,1,1,1,2013-02-19 16:30:00-05:00
2013-02-18,short,2013-02-20 19:00:00-05:00,2013-02-21 10:30:00-05:00,1.3293,1.3177600000000003,1.3350699999999998,1.3177600000000003,1.3310309999999999,1.332185,nan,,nan,,0,0,1.33787,1.3321,0.005769999999999831,3457.499999999898,win,target,2,3,0,
2013-02-25,short,2013-02-26 04:30:00-05:00,2013-03-01 21:45:00-05:00,1.30385,1.30178,1.3308499999999999,1.2498500000000001,1.31195,1.3173499999999998,1.31195,2013-02-27 10:00:00-05:00,nan,,2,0,1.33171,1.30471,0.026999999999999913,-1417.4999999999977,loss,dd_cut+week_end,1,3,0,
2013-03-04,long,2013-03-05 05:30:00-05:00,2013-03-05 15:30:00-05:00,1.3041,1.301175,1.29825,1.3158000000000003,1.302345,1.301175,1.302345,2013-03-05 10:45:00-05:00,1.301175,2013-03-05 15:30:00-05:00,2,1,1.30404,1.29819,0.005850000000000133,-647.9999999999968,loss,dd_cut+flat_at_50,1,3,0,
2013-03-04,short,2013-03-05 15:30:00-05:00,2013-03-07 13:45:00-05:00,1.301175,1.307025,1.307025,1.2894749999999997,nan,nan,nan,,nan,,0,0,1.30404,1.29819,0.005850000000000133,-586.5000000000133,loss,reverse_fade+stop,1,1,1,2013-03-05 05:30:00-05:00
2013-03-04,long,2013-03-05 21:00:00-05:00,2013-03-06 14:30:00-05:00,1.30428,1.301355,1.29843,1.3159800000000004,1.3025250000000002,1.301355,1.3025250000000002,2013-03-06 10:15:00-05:00,1.301355,2013-03-06 14:30:00-05:00,2,1,1.30404,1.29819,0.005850000000000133,-647.9999999999968,loss,dd_cut+flat_at_50,2,3,0,
2013-03-04,short,2013-03-06 14:30:00-05:00,2013-03-07 13:45:00-05:00,1.301355,1.3072050000000002,1.3072050000000002,1.2896549999999998,nan,nan,nan,,nan,,0,0,1.30404,1.29819,0.005850000000000133,-586.5000000000133,loss,reverse_fade+stop,2,1,1,2013-03-05 21:00:00-05:00
2013-03-11,long,2013-03-13 07:30:00-04:00,2013-03-13 08:45:00-04:00,1.3056,1.30214,1.29868,1.3194400000000002,1.3035240000000001,1.30214,1.3035240000000001,2013-03-13 08:30:00-04:00,1.30214,2013-03-13 08:45:00-04:00,2,1,1.30529,1.29837,0.006920000000000037,-765.6999999999953,loss,dd_cut+flat_at_50,1,3,0,
2013-03-11,short,2013-03-13 08:45:00-04:00,2013-03-15 12:30:00-04:00,1.30214,1.3090600000000001,1.3090600000000001,1.2883,nan,nan,nan,,nan,,0,0,1.30529,1.29837,0.006920000000000037,-693.5000000000038,loss,reverse_fade+stop,1,1,1,2013-03-13 07:30:00-04:00
2013-03-11,short,2013-03-13 12:30:00-04:00,2013-03-14 16:45:00-04:00,1.29728,1.30074,1.3042,1.28344,1.299356,1.30074,1.299356,2013-03-14 16:15:00-04:00,1.30074,2013-03-14 16:45:00-04:00,2,1,1.30529,1.29837,0.006920000000000037,-765.6999999999953,loss,dd_cut+flat_at_50,2,3,0,
2013-03-11,long,2013-03-14 16:45:00-04:00,2013-03-15 20:45:00-04:00,1.30074,1.30743,1.29382,1.31458,nan,nan,nan,,nan,,0,0,1.30529,1.29837,0.006920000000000037,667.5000000000085,win,reverse_fade+week_end,2,1,1,2013-03-13 12:30:00-04:00
2013-03-18,short,2013-03-19 16:30:00-04:00,2013-03-20 12:00:00-04:00,1.28769,1.2933050000000001,1.29892,1.2652299999999999,1.291059,1.2933050000000001,1.291059,2013-03-20 08:15:00-04:00,1.2933050000000001,2013-03-20 12:00:00-04:00,2,1,1.2994,1.28817,0.011230000000000073,-1239.8000000000059,loss,dd_cut+flat_at_50,1,3,0,
2013-03-18,long,2013-03-20 12:00:00-04:00,2013-03-22 20:45:00-04:00,1.2933050000000001,1.29881,1.282075,1.3157650000000003,nan,nan,nan,,nan,,0,0,1.2994,1.28817,0.011230000000000073,548.9999999999872,win,reverse_fade+week_end,1,1,1,2013-03-19 16:30:00-04:00
2013-03-18,long,2013-03-22 15:15:00-04:00,2013-03-22 20:45:00-04:00,1.30021,1.29881,1.28898,1.3226700000000002,1.2968410000000001,1.2945950000000002,nan,,nan,,0,0,1.2994,1.28817,0.011230000000000073,-424.50000000002035,loss,week_end,2,3,0,
2013-03-25,short,2013-03-27 07:30:00-04:00,2013-03-29 20:45:00-04:00,1.28308,1.28184,1.3044499999999999,1.2403400000000002,1.289491,1.293765,nan,,nan,,0,0,1.30479,1.28342,0.02136999999999989,367.4999999999724,win,week_end,1,3,0,
2013-04-01,long,2013-04-02 00:30:00-04:00,2013-04-02 13:15:00-04:00,1.28682,1.2820550000000002,1.2772900000000003,1.3058799999999997,1.2839610000000001,1.2820550000000002,1.2839610000000001,2013-04-02 08:00:00-04:00,1.2820550000000002,2013-04-02 13:15:00-04:00,2,1,1.28666,1.27713,0.009529999999999816,-1052.7999999999797,loss,dd_cut+flat_at_50,1,3,0,
2013-04-01,short,2013-04-02 13:15:00-04:00,2013-04-04 17:15:00-04:00,1.2820550000000002,1.291585,1.291585,1.2629950000000005,nan,nan,nan,,nan,,0,0,1.28666,1.27713,0.009529999999999816,-954.4999999999816,loss,reverse_fade+stop,1,1,1,2013-04-02 00:30:00-04:00
2013-04-01,short,2013-04-04 12:30:00-04:00,2013-04-04 13:30:00-04:00,1.27625,1.281015,1.28578,1.2571900000000005,1.279109,1.281015,1.279109,2013-04-04 13:15:00-04:00,1.281015,2013-04-04 13:30:00-04:00,2,1,1.28666,1.27713,0.009529999999999816,-1052.7999999999797,loss,dd_cut+flat_at_50,2,3,0,
2013-04-01,long,2013-04-04 13:30:00-04:00,2013-04-05 12:30:00-04:00,1.281015,1.3000749999999996,1.2714850000000002,1.3000749999999996,nan,nan,nan,,nan,,0,0,1.28666,1.27713,0.009529999999999816,1904.4999999999632,win,reverse_fade+target,2,1,1,2013-04-04 12:30:00-04:00
2013-04-08,long,2013-04-09 00:00:00-04:00,2013-04-09 06:00:00-04:00,1.30633,1.30293,1.29953,1.3199299999999998,1.30429,1.30293,1.30429,2013-04-09 04:45:00-04:00,1.30293,2013-04-09 06:00:00-04:00,2,1,1.30365,1.29685,0.006799999999999917,-752.5000000000152,loss,dd_cut+flat_at_50,1,3,0,
2013-04-08,short,2013-04-09 06:00:00-04:00,2013-04-09 15:15:00-04:00,1.30293,1.3097299999999998,1.3097299999999998,1.28933,nan,nan,nan,,nan,,0,0,1.30365,1.29685,0.006799999999999917,-681.4999999999917,loss,reverse_fade+stop,1,1,1,2013-04-09 00:00:00-04:00
2013-04-08,long,2013-04-09 09:15:00-04:00,2013-04-12 20:45:00-04:00,1.30455,1.31113,1.2977500000000002,1.31815,1.30251,1.3011500000000003,nan,,nan,,0,0,1.30365,1.29685,0.006799999999999917,1969.4999999999422,win,week_end,2,3,0,
2013-04-15,long,2013-04-16 11:00:00-04:00,2013-04-17 14:00:00-04:00,1.31149,1.307215,1.30294,1.3285900000000002,1.3089250000000001,1.307215,1.3089250000000001,2013-04-17 14:00:00-04:00,1.307215,2013-04-17 14:00:00-04:00,2,1,1.31075,1.3022,0.008550000000000058,-944.9999999999886,loss,dd_cut+flat_at_50,1,3,0,
2013-04-15,short,2013-04-17 14:00:00-04:00,2013-04-19 20:45:00-04:00,1.307215,1.3051,1.315765,1.290115,nan,nan,nan,,nan,,0,0,1.31075,1.3022,0.008550000000000058,210.0000000000089,win,reverse_fade+week_end,1,1,1,2013-04-16 11:00:00-04:00
2013-04-15,short,2013-04-17 17:00:00-04:00,2013-04-18 09:45:00-04:00,1.30192,1.306195,1.31047,1.2848199999999999,1.304485,1.306195,1.304485,2013-04-17 17:30:00-04:00,1.306195,2013-04-18 09:45:00-04:00,2,1,1.31075,1.3022,0.008550000000000058,-944.9999999999886,loss,dd_cut+flat_at_50,2,3,0,
2013-04-15,long,2013-04-18 09:45:00-04:00,2013-04-19 20:45:00-04:00,1.306195,1.3051,1.297645,1.323295,nan,nan,nan,,nan,,0,0,1.31075,1.3022,0.008550000000000058,-111.00000000000682,loss,reverse_fade+week_end,2,1,1,2013-04-17 17:00:00-04:00
2013-04-22,short,2013-04-23 07:30:00-04:00,2013-04-24 10:00:00-04:00,1.29944,1.3028499999999998,1.30626,1.2857999999999998,1.301486,1.3028499999999998,1.301486,2013-04-23 13:30:00-04:00,1.3028499999999998,2013-04-24 10:00:00-04:00,2,1,1.30836,1.30154,0.006820000000000048,-754.6999999999898,loss,dd_cut+flat_at_50,1,3,0,
2013-04-22,long,2013-04-24 10:00:00-04:00,2013-04-26 20:45:00-04:00,1.3028499999999998,1.30274,1.2960299999999998,1.31649,nan,nan,nan,,nan,,0,0,1.30836,1.30154,0.006820000000000048,-12.499999999983245,loss,reverse_fade+week_end,1,1,1,2013-04-23 07:30:00-04:00
2013-04-22,short,2013-04-24 11:00:00-04:00,2013-04-25 01:15:00-04:00,1.30142,1.30483,1.30824,1.28778,1.303466,1.30483,1.303466,2013-04-25 01:00:00-04:00,1.30483,2013-04-25 01:15:00-04:00,2,1,1.30836,1.30154,0.006820000000000048,-754.6999999999898,loss,dd_cut+flat_at_50,2,3,0,
2013-04-22,long,2013-04-25 01:15:00-04:00,2013-04-26 20:45:00-04:00,1.30483,1.30274,1.2980099999999999,1.31847,nan,nan,nan,,nan,,0,0,1.30836,1.30154,0.006820000000000048,-210.49999999999253,loss,reverse_fade+week_end,2,1,1,2013-04-24 11:00:00-04:00
2013-04-29,long,2013-04-30 13:30:00-04:00,2013-05-02 13:00:00-04:00,1.31325,1.30905,1.30485,1.33005,1.31073,1.30905,1.31073,2013-05-02 13:00:00-04:00,1.30905,2013-05-02 13:00:00-04:00,2,1,1.31158,1.30318,0.008399999999999963,-928.5000000000138,loss,dd_cut+flat_at_50,1,3,0,
2013-04-29,short,2013-05-02 13:00:00-04:00,2013-05-03 20:45:00-04:00,1.30905,1.31131,1.31745,1.2922500000000001,nan,nan,nan,,nan,,0,0,1.31158,1.30318,0.008399999999999963,-227.49999999999287,loss,reverse_fade+week_end,1,1,1,2013-04-30 13:30:00-04:00
2013-04-29,long,2013-05-03 08:30:00-04:00,2013-05-03 12:30:00-04:00,1.31219,1.30799,1.30379,1.32899,1.30967,1.30799,1.30967,2013-05-03 11:45:00-04:00,1.30799,2013-05-03 12:30:00-04:00,2,1,1.31158,1.30318,0.008399999999999963,-928.5000000000138,loss,dd_cut+flat_at_50,2,3,0,
2013-04-29,short,2013-05-03 12:30:00-04:00,2013-05-03 20:45:00-04:00,1.30799,1.31131,1.31639,1.29119,nan,nan,nan,,nan,,0,0,1.31158,1.30318,0.008399999999999963,-333.499999999999,loss,reverse_fade+week_end,2,1,1,2013-05-03 08:30:00-04:00
2013-05-06,long,2013-05-08 10:00:00-04:00,2013-05-09 13:30:00-04:00,1.31409,1.30978,1.30547,1.3313300000000001,1.311504,1.30978,1.311504,2013-05-09 13:15:00-04:00,1.30978,2013-05-09 13:30:00-04:00,2,1,1.31396,1.30534,0.008620000000000072,-952.6999999999991,loss,dd_cut+flat_at_50,1,3,0,
2013-05-06,short,2013-05-09 13:30:00-04:00,2013-05-10 20:45:00-04:00,1.30978,1.29899,1.3184,1.2925399999999998,nan,nan,nan,,nan,,0,0,1.31396,1.30534,0.008620000000000072,1077.4999999999854,win,reverse_fade+week_end,1,1,1,2013-05-08 10:00:00-04:00
2013-05-06,short,2013-05-09 18:15:00-04:00,2013-05-10 20:45:00-04:00,1.30453,1.29899,1.31315,1.2872899999999998,1.307116,1.30884,nan,,nan,,0,0,1.31396,1.30534,0.008620000000000072,1657.4999999999636,win,week_end,2,3,0,
2013-05-13,short,2013-05-14 17:15:00-04:00,2013-05-17 12:30:00-04:00,1.29403,1.2829299999999997,1.2995800000000002,1.2829299999999997,1.295695,1.296805,nan,,nan,,0,0,1.2997,1.29415,0.005550000000000166,3325.5000000000996,win,target,1,3,0,
2013-05-13,short,2013-05-17 12:45:00-04:00,2013-05-17 20:45:00-04:00,1.2826,1.28381,1.2881500000000001,1.2714999999999996,1.284265,1.2853750000000002,nan,,nan,,0,0,1.2997,1.29415,0.005550000000000166,-367.49999999998,loss,week_end,2,3,0,
2013-05-20,long,2013-05-21 16:00:00-04:00,2013-05-22 15:15:00-04:00,1.29115,1.286935,1.2827199999999999,1.3080100000000003,1.288621,1.286935,1.288621,2013-05-22 14:45:00-04:00,1.286935,2013-05-22 15:15:00-04:00,2,1,1.29035,1.28192,0.00843000000000016,-931.8000000000086,loss,dd_cut+flat_at_50,1,3,0,
2013-05-20,short,2013-05-22 15:15:00-04:00,2013-05-23 15:45:00-04:00,1.286935,1.295365,1.295365,1.2700749999999996,nan,nan,nan,,nan,,0,0,1.29035,1.28192,0.00843000000000016,-844.5000000000159,loss,reverse_fade+stop,1,1,1,2013-05-21 16:00:00-04:00
2013-05-20,long,2013-05-23 12:15:00-04:00,2013-05-24 20:45:00-04:00,1.29056,1.29323,1.2821299999999998,1.3074200000000002,1.288031,1.2863449999999998,nan,,nan,,0,0,1.29035,1.28192,0.00843000000000016,796.5000000000516,win,week_end,2,3,0,
2013-05-27,short,2013-05-28 00:00:00-04:00,2013-05-28 05:15:00-04:00,1.29092,1.29255,1.29418,1.2844,1.291898,1.29255,1.291898,2013-05-28 03:15:00-04:00,1.29255,2013-05-28 05:15:00-04:00,2,1,1.29485,1.29159,0.0032600000000000406,-363.0999999999867,loss,dd_cut+flat_at_50,1,3,0,
2013-05-27,long,2013-05-28 05:15:00-04:00,2013-05-28 07:15:00-04:00,1.29255,1.28929,1.28929,1.2990700000000002,nan,nan,nan,,nan,,0,0,1.29485,1.29159,0.0032600000000000406,-327.5000000000041,loss,reverse_fade+stop,1,1,1,2013-05-28 00:00:00-04:00
2013-05-27,short,2013-05-28 06:45:00-04:00,2013-05-28 09:15:00-04:00,1.29025,1.29188,1.29351,1.2837299999999998,1.2912279999999998,1.29188,1.2912279999999998,2013-05-28 07:30:00-04:00,1.29188,2013-05-28 09:15:00-04:00,2,1,1.29485,1.29159,0.0032600000000000406,-363.0999999999867,loss,dd_cut+flat_at_50,2,3,0,
2013-05-27,long,2013-05-28 09:15:00-04:00,2013-05-28 14:00:00-04:00,1.29188,1.2886199999999999,1.2886199999999999,1.2984,nan,nan,nan,,nan,,0,0,1.29485,1.29159,0.0032600000000000406,-327.5000000000041,loss,reverse_fade+stop,2,1,1,2013-05-28 06:45:00-04:00
2013-06-03,long,2013-06-06 06:15:00-04:00,2013-06-07 20:45:00-04:00,1.31159,1.32187,1.29641,1.34195,1.307036,1.304,nan,,nan,,0,0,1.31074,1.29556,0.015179999999999971,3079.50000000002,win,week_end,1,3,0,
2013-06-10,long,2013-06-11 02:45:00-04:00,2013-06-11 13:00:00-04:00,1.32779,1.32322,1.31865,1.3460699999999999,1.325048,1.32322,1.325048,2013-06-11 12:30:00-04:00,1.32322,2013-06-11 13:00:00-04:00,2,1,1.32689,1.31775,0.009139999999999926,-1009.9000000000008,loss,dd_cut+flat_at_50,1,3,0,
2013-06-10,short,2013-06-11 13:00:00-04:00,2013-06-12 07:00:00-04:00,1.32322,1.33236,1.33236,1.3049400000000002,nan,nan,nan,,nan,,0,0,1.32689,1.31775,0.009139999999999926,-915.4999999999926,loss,reverse_fade+stop,1,1,1,2013-06-11 02:45:00-04:00
2013-06-10,long,2013-06-11 13:45:00-04:00,2013-06-14 20:45:00-04:00,1.32697,1.33467,1.31783,1.3452499999999998,1.324228,1.3224,nan,,nan,,0,0,1.32689,1.31775,0.009139999999999926,2305.500000000012,win,week_end,2,3,0,
2013-06-17,long,2013-06-18 08:15:00-04:00,2013-06-18 12:30:00-04:00,1.33868,1.335525,1.33237,1.3513000000000002,1.3367870000000002,1.335525,1.3367870000000002,2013-06-18 11:00:00-04:00,1.335525,2013-06-18 12:30:00-04:00,2,1,1.33815,1.33184,0.006310000000000038,-698.5999999999864,loss,dd_cut+flat_at_50,1,3,0,
2013-06-17,short,2013-06-18 12:30:00-04:00,2013-06-20 07:30:00-04:00,1.335525,1.322905,1.341835,1.322905,nan,nan,nan,,nan,,0,0,1.33815,1.33184,0.006310000000000038,1260.5000000000075,win,reverse_fade+target,1,1,1,2013-06-18 08:15:00-04:00
2013-06-17,long,2013-06-18 13:30:00-04:00,2013-06-19 18:00:00-04:00,1.33832,1.335165,1.33201,1.35094,1.336427,1.335165,1.336427,2013-06-19 18:00:00-04:00,1.335165,2013-06-19 18:00:00-04:00,2,1,1.33815,1.33184,0.006310000000000038,-698.5999999999864,loss,dd_cut+flat_at_50,2,3,0,
2013-06-17,short,2013-06-19 18:00:00-04:00,2013-06-20 07:45:00-04:00,1.335165,1.3225449999999999,1.341475,1.3225449999999999,nan,nan,nan,,nan,,0,0,1.33815,1.33184,0.006310000000000038,1260.5000000000075,win,reverse_fade+target,2,1,1,2013-06-18 13:30:00-04:00
2013-06-24,long,2013-06-25 06:45:00-04:00,2013-06-25 12:30:00-04:00,1.31467,1.31043,1.30619,1.33163,1.312126,1.31043,1.312126,2013-06-25 08:15:00-04:00,1.31043,2013-06-25 12:30:00-04:00,2,1,1.31438,1.3059,0.008480000000000043,-937.3000000000225,loss,dd_cut+flat_at_50,1,3,0,
2013-06-24,short,2013-06-25 12:30:00-04:00,2013-06-28 20:45:00-04:00,1.31043,1.30096,1.31891,1.29347,nan,nan,nan,,nan,,0,0,1.31438,1.3059,0.008480000000000043,945.500000000009,win,reverse_fade+week_end,1,1,1,2013-06-25 06:45:00-04:00
2013-06-24,short,2013-06-26 08:15:00-04:00,2013-06-28 12:45:00-04:00,1.3057,1.30994,1.3141800000000001,1.28874,1.3082440000000002,1.30994,1.3082440000000002,2013-06-28 12:00:00-04:00,1.30994,2013-06-28 12:45:00-04:00,2,1,1.31438,1.3059,0.008480000000000043,-937.3000000000225,loss,dd_cut+flat_at_50,2,3,0,
2013-06-24,long,2013-06-28 12:45:00-04:00,2013-06-28 14:00:00-04:00,1.30994,1.30146,1.30146,1.3269000000000002,nan,nan,nan,,nan,,0,0,1.31438,1.3059,0.008480000000000043,-849.5000000000043,loss,reverse_fade+stop,2,1,1,2013-06-26 08:15:00-04:00
2013-07-01,long,2013-07-02 06:45:00-04:00,2013-07-02 08:30:00-04:00,1.30757,1.3043999999999998,1.3012299999999999,1.32025,1.3056679999999998,1.3043999999999998,1.3056679999999998,2013-07-02 07:30:00-04:00,1.3043999999999998,2013-07-02 08:30:00-04:00,2,1,1.30708,1.30074,0.006340000000000012,-701.9000000000258,loss,dd_cut+flat_at_50,1,3,0,
2013-07-01,short,2013-07-02 08:30:00-04:00,2013-07-04 12:30:00-04:00,1.3043999999999998,1.2917199999999998,1.3107399999999998,1.2917199999999998,nan,nan,nan,,nan,,0,0,1.30708,1.30074,0.006340000000000012,1266.5000000000025,win,reverse_fade+target,1,1,1,2013-07-02 06:45:00-04:00
2013-07-01,short,2013-07-02 12:15:00-04:00,2013-07-02 14:45:00-04:00,1.30028,1.3034500000000002,1.3066200000000001,1.2876,1.3021820000000002,1.3034500000000002,1.3021820000000002,2013-07-02 14:15:00-04:00,1.3034500000000002,2013-07-02 14:45:00-04:00,2,1,1.30708,1.30074,0.006340000000000012,-701.9000000000258,loss,dd_cut+flat_at_50,2,3,0,
2013-07-01,long,2013-07-02 14:45:00-04:00,2013-07-02 18:45:00-04:00,1.3034500000000002,1.2971100000000002,1.2971100000000002,1.3161300000000002,nan,nan,nan,,nan,,0,0,1.30708,1.30074,0.006340000000000012,-635.5000000000013,loss,reverse_fade+stop,2,1,1,2013-07-02 12:15:00-04:00
2013-07-08,long,2013-07-09 06:00:00-04:00,2013-07-09 14:00:00-04:00,1.28839,1.2848799999999998,1.28137,1.30243,1.286284,1.2848799999999998,1.286284,2013-07-09 10:00:00-04:00,1.2848799999999998,2013-07-09 14:00:00-04:00,2,1,1.28819,1.28117,0.007020000000000026,-776.7000000000006,loss,dd_cut+flat_at_50,1,3,0,
2013-07-08,short,2013-07-09 14:00:00-04:00,2013-07-10 18:00:00-04:00,1.2848799999999998,1.2918999999999998,1.2918999999999998,1.2708399999999997,nan,nan,nan,,nan,,0,0,1.28819,1.28117,0.007020000000000026,-703.5000000000026,loss,reverse_fade+stop,1,1,1,2013-07-09 06:00:00-04:00
2013-07-08,short,2013-07-09 14:15:00-04:00,2013-07-10 14:30:00-04:00,1.28102,1.2845300000000002,1.28804,1.26698,1.283126,1.2845300000000002,1.283126,2013-07-10 09:00:00-04:00,1.2845300000000002,2013-07-10 14:30:00-04:00,2,1,1.28819,1.28117,0.007020000000000026,-776.7000000000006,loss,dd_cut+flat_at_50,2,3,0,
2013-07-08,long,2013-07-10 14:30:00-04:00,2013-07-10 21:00:00-04:00,1.2845300000000002,1.2985700000000002,1.2775100000000001,1.2985700000000002,nan,nan,nan,,nan,,0,0,1.28819,1.28117,0.007020000000000026,1402.5000000000052,win,reverse_fade+target,2,1,1,2013-07-09 14:15:00-04:00
2013-07-15,long,2013-07-16 05:15:00-04:00,2013-07-19 20:45:00-04:00,1.30857,1.31427,1.29996,1.32579,1.305987,1.304265,1.305987,2013-07-16 09:00:00-04:00,nan,,2,0,1.30791,1.2993,0.008610000000000007,48.9000000000035,win,dd_cut+week_end,1,3,0,
2013-07-22,long,2013-07-23 17:30:00-04:00,2013-07-24 17:15:00-04:00,1.32181,1.318115,1.31442,1.33659,1.319593,1.318115,1.319593,2013-07-24 06:15:00-04:00,1.318115,2013-07-24 17:15:00-04:00,2,1,1.32179,1.3144,0.007390000000000008,-817.399999999983,loss,dd_cut+flat_at_50,1,3,0,
2013-07-22,short,2013-07-24 17:15:00-04:00,2013-07-25 18:00:00-04:00,1.318115,1.325505,1.325505,1.303335,nan,nan,nan,,nan,,0,0,1.32179,1.3144,0.007390000000000008,-740.5000000000008,loss,reverse_fade+stop,1,1,1,2013-07-23 17:30:00-04:00
2013-07-22,long,2013-07-25 07:45:00-04:00,2013-07-25 08:30:00-04:00,1.32282,1.319125,1.31543,1.3376000000000001,1.3206030000000002,1.319125,1.3206030000000002,2013-07-25 08:15:00-04:00,1.319125,2013-07-25 08:30:00-04:00,2,1,1.32179,1.3144,0.007390000000000008,-817.399999999983,loss,dd_cut+flat_at_50,2,3,0,
2013-07-22,short,2013-07-25 08:30:00-04:00,2013-07-25 19:00:00-04:00,1.319125,1.326515,1.326515,1.304345,nan,nan,nan,,nan,,0,0,1.32179,1.3144,0.007390000000000008,-740.5000000000008,loss,reverse_fade+stop,2,1,1,2013-07-25 07:45:00-04:00
2013-07-29,short,2013-07-31 12:30:00-04:00,2013-07-31 14:15:00-04:00,1.32311,1.3259150000000002,1.3287200000000001,1.3118899999999998,1.324793,1.3259150000000002,1.324793,2013-07-31 14:00:00-04:00,1.3259150000000002,2013-07-31 14:15:00-04:00,2,1,1.32949,1.32388,0.005610000000000115,-621.600000000037,loss,dd_cut+flat_at_50,1,3,0,
2013-07-29,long,2013-07-31 14:15:00-04:00,2013-08-01 12:30:00-04:00,1.3259150000000002,1.320305,1.320305,1.3371350000000004,nan,nan,nan,,nan,,0,0,1.32949,1.32388,0.005610000000000115,-562.5000000000115,loss,reverse_fade+stop,1,1,1,2013-07-31 12:30:00-04:00
2013-07-29,long,2013-07-31 18:15:00-04:00,2013-08-01 02:15:00-04:00,1.33022,1.3274149999999998,1.3246099999999998,1.3414400000000002,1.3285369999999999,1.3274149999999998,1.3285369999999999,2013-08-01 01:45:00-04:00,1.3274149999999998,2013-08-01 02:15:00-04:00,2,1,1.32949,1.32388,0.005610000000000115,-621.600000000037,loss,dd_cut+flat_at_50,2,3,0,
2013-07-29,short,2013-08-01 02:15:00-04:00,2013-08-02 20:45:00-04:00,1.3274149999999998,1.32805,1.333025,1.3161949999999996,nan,nan,nan,,nan,,0,0,1.32949,1.32388,0.005610000000000115,-65.00000000001631,loss,reverse_fade+week_end,2,1,1,2013-07-31 18:15:00-04:00
2013-08-05,long,2013-08-06 14:00:00-04:00,2013-08-07 08:15:00-04:00,1.33061,1.32726,1.3239100000000001,1.34401,1.3286,1.32726,1.3286,2013-08-06 16:00:00-04:00,1.32726,2013-08-07 08:15:00-04:00,2,1,1.32999,1.32329,0.006699999999999928,-741.5000000000099,loss,dd_cut+flat_at_50,1,3,0,
2013-08-05,short,2013-08-07 08:15:00-04:00,2013-08-07 17:15:00-04:00,1.32726,1.33396,1.33396,1.3138600000000002,nan,nan,nan,,nan,,0,0,1.32999,1.32329,0.006699999999999928,-671.4999999999928,loss,reverse_fade+stop,1,1,1,2013-08-06 14:00:00-04:00
2013-08-05,long,2013-08-07 10:00:00-04:00,2013-08-09 20:45:00-04:00,1.33135,1.33413,1.32465,1.34475,1.32934,1.328,1.32934,2013-08-07 10:45:00-04:00,nan,,2,0,1.32999,1.32329,0.006699999999999928,-128.50000000001302,loss,dd_cut+week_end,2,3,0,
2013-08-12,short,2013-08-13 12:30:00-04:00,2013-08-15 02:15:00-04:00,1.3265,1.32966,1.33282,1.3138600000000002,1.328396,1.32966,1.328396,2013-08-15 02:00:00-04:00,1.32966,2013-08-15 02:15:00-04:00,2,1,1.33402,1.3277,0.006319999999999881,-699.6999999999848,loss,dd_cut+flat_at_50,1,3,0,
2013-08-12,long,2013-08-15 02:15:00-04:00,2013-08-15 12:30:00-04:00,1.32966,1.3233400000000002,1.3233400000000002,1.3422999999999998,nan,nan,nan,,nan,,0,0,1.33402,1.3277,0.006319999999999881,-633.4999999999882,loss,reverse_fade+stop,1,1,1,2013-08-13 12:30:00-04:00
2013-08-12,short,2013-08-15 12:30:00-04:00,2013-08-15 17:00:00-04:00,1.32389,1.3270499999999998,1.33021,1.3112500000000002,1.325786,1.3270499999999998,1.325786,2013-08-15 15:00:00-04:00,1.3270499999999998,2013-08-15 17:00:00-04:00,2,1,1.33402,1.3277,0.006319999999999881,-699.6999999999625,loss,dd_cut+flat_at_50,2,3,0,
2013-08-12,long,2013-08-15 17:00:00-04:00,2013-08-16 20:45:00-04:00,1.3270499999999998,1.33283,1.32073,1.3396899999999996,nan,nan,nan,,nan,,0,0,1.33402,1.3277,0.006319999999999881,576.5000000000118,win,reverse_fade+week_end,2,1,1,2013-08-15 12:30:00-04:00
2013-08-19,long,2013-08-20 09:00:00-04:00,2013-08-21 18:00:00-04:00,1.33802,1.3350499999999998,1.33208,1.3499,1.336238,1.3350499999999998,1.336238,2013-08-21 15:15:00-04:00,1.3350499999999998,2013-08-21 18:00:00-04:00,2,1,1.33745,1.33151,0.005940000000000056,-657.900000000004,loss,dd_cut+flat_at_50,1,3,0,
2013-08-19,short,2013-08-21 18:00:00-04:00,2013-08-23 20:45:00-04:00,1.3350499999999998,1.33799,1.34099,1.3231699999999997,nan,nan,nan,,nan,,0,0,1.33745,1.33151,0.005940000000000056,-295.5000000000165,loss,reverse_fade+week_end,1,1,1,2013-08-20 09:00:00-04:00
2013-08-19,long,2013-08-21 18:45:00-04:00,2013-08-21 20:00:00-04:00,1.3376,1.3346299999999998,1.3316599999999998,1.34948,1.335818,1.3346299999999998,1.335818,2013-08-21 19:45:00-04:00,1.3346299999999998,2013-08-21 20:00:00-04:00,2,1,1.33745,1.33151,0.005940000000000056,-657.900000000004,loss,dd_cut+flat_at_50,2,3,0,
2013-08-19,short,2013-08-21 20:00:00-04:00,2013-08-23 14:30:00-04:00,1.3346299999999998,1.3405699999999998,1.3405699999999998,1.3227499999999996,nan,nan,nan,,nan,,0,0,1.33745,1.33151,0.005940000000000056,-595.5000000000057,loss,reverse_fade+stop,2,1,1,2013-08-21 18:45:00-04:00
2013-08-26,short,2013-08-27 08:00:00-04:00,2013-08-27 13:15:00-04:00,1.3341,1.335985,1.33787,1.3265600000000004,1.335231,1.335985,1.335231,2013-08-27 13:15:00-04:00,1.335985,2013-08-27 13:15:00-04:00,2,1,1.3394,1.33563,0.003769999999999829,-419.19999999999004,loss,dd_cut+flat_at_50,1,3,0,
2013-08-26,long,2013-08-27 13:15:00-04:00,2013-08-28 13:30:00-04:00,1.335985,1.3322150000000001,1.3322150000000001,1.3435249999999996,nan,nan,nan,,nan,,0,0,1.3394,1.33563,0.003769999999999829,-378.4999999999829,loss,reverse_fade+stop,1,1,1,2013-08-27 08:00:00-04:00
2013-08-26,long,2013-08-27 14:45:00-04:00,2013-08-28 04:45:00-04:00,1.33943,1.337545,1.33566,1.3469699999999996,1.338299,1.337545,1.338299,2013-08-27 17:00:00-04:00,1.337545,2013-08-28 04:45:00-04:00,2,1,1.3394,1.33563,0.003769999999999829,-419.19999999999004,loss,dd_cut+flat_at_50,2,3,0,
2013-08-26,short,2013-08-28 04:45:00-04:00,2013-08-29 06:30:00-04:00,1.337545,1.3300050000000003,1.3413149999999998,1.3300050000000003,nan,nan,nan,,nan,,0,0,1.3394,1.33563,0.003769999999999829,752.4999999999658,win,reverse_fade+target,2,1,1,2013-08-27 14:45:00-04:00
2013-09-02,short,2013-09-03 05:15:00-04:00,2013-09-04 15:15:00-04:00,1.31812,1.32029,1.32246,1.30944,1.3194219999999999,1.32029,1.3194219999999999,2013-09-04 14:45:00-04:00,1.32029,2013-09-04 15:15:00-04:00,2,1,1.3227,1.31836,0.0043400000000000105,-481.8999999999834,loss,dd_cut+flat_at_50,1,3,0,
2013-09-02,long,2013-09-04 15:15:00-04:00,2013-09-05 12:45:00-04:00,1.32029,1.31595,1.31595,1.32897,nan,nan,nan,,nan,,0,0,1.3227,1.31836,0.0043400000000000105,-435.500000000001,loss,reverse_fade+stop,1,1,1,2013-09-03 05:15:00-04:00
2013-09-02,short,2013-09-05 05:00:00-04:00,2013-09-05 09:30:00-04:00,1.31812,1.32029,1.32246,1.30944,1.3194219999999999,1.32029,1.3194219999999999,2013-09-05 08:30:00-04:00,1.32029,2013-09-05 09:30:00-04:00,2,1,1.3227,1.31836,0.0043400000000000105,-481.8999999999834,loss,dd_cut+flat_at_50,2,3,0,
2013-09-02,long,2013-09-05 09:30:00-04:00,2013-09-05 12:45:00-04:00,1.32029,1.31595,1.31595,1.32897,nan,nan,nan,,nan,,0,0,1.3227,1.31836,0.0043400000000000105,-435.500000000001,loss,reverse_fade+stop,2,1,1,2013-09-05 05:00:00-04:00
2013-09-09,long,2013-09-11 13:45:00-04:00,2013-09-13 20:45:00-04:00,1.32941,1.3293,1.318,1.3522299999999998,1.325987,1.323705,1.325987,2013-09-12 12:30:00-04:00,nan,,2,0,1.32806,1.31665,0.01140999999999992,-700.0999999999963,loss,dd_cut+week_end,1,3,0,
2013-09-16,short,2013-09-17 00:30:00-04:00,2013-09-17 07:00:00-04:00,1.33293,1.3356949999999999,1.33846,1.3218699999999999,1.334589,1.3356949999999999,1.334589,2013-09-17 06:15:00-04:00,1.3356949999999999,2013-09-17 07:00:00-04:00,2,1,1.33854,1.33301,0.005530000000000035,-612.8000000000061,loss,dd_cut+flat_at_50,1,3,0,
2013-09-16,long,2013-09-17 07:00:00-04:00,2013-09-18 18:00:00-04:00,1.3356949999999999,1.346755,1.3301649999999998,1.346755,nan,nan,nan,,nan,,0,0,1.33854,1.33301,0.005530000000000035,1104.500000000007,win,reverse_fade+target,1,1,1,2013-09-17 00:30:00-04:00
2013-09-16,long,2013-09-18 18:00:00-04:00,2013-09-19 08:30:00-04:00,1.3448,1.35586,1.33927,1.35586,1.343141,1.342035,nan,,nan,,0,0,1.33854,1.33301,0.005530000000000035,3313.500000000021,win,target,2,3,0,
2013-09-23,short,2013-09-24 12:00:00-04:00,2013-09-25 09:15:00-04:00,1.34723,1.3505099999999999,1.3537899999999998,1.3341100000000001,1.349198,1.3505099999999999,1.349198,2013-09-24 14:00:00-04:00,1.3505099999999999,2013-09-25 09:15:00-04:00,2,1,1.35446,1.3479,0.006559999999999899,-726.0999999999889,loss,dd_cut+flat_at_50,1,3,0,
2013-09-23,long,2013-09-25 09:15:00-04:00,2013-09-27 20:45:00-04:00,1.3505099999999999,1.3521,1.34395,1.3636299999999997,nan,nan,nan,,nan,,0,0,1.35446,1.3479,0.006559999999999899,157.50000000002024,win,reverse_fade+week_end,1,1,1,2013-09-24 12:00:00-04:00
2013-09-23,short,2013-09-26 16:00:00-04:00,2013-09-27 09:15:00-04:00,1.34759,1.35087,1.35415,1.3344700000000003,1.349558,1.35087,1.349558,2013-09-27 06:00:00-04:00,1.35087,2013-09-27 09:15:00-04:00,2,1,1.35446,1.3479,0.006559999999999899,-726.0999999999889,loss,dd_cut+flat_at_50,2,3,0,
2013-09-23,long,2013-09-27 09:15:00-04:00,2013-09-27 20:45:00-04:00,1.35087,1.3521,1.3443100000000001,1.3639899999999998,nan,nan,nan,,nan,,0,0,1.35446,1.3479,0.006559999999999899,121.50000000000644,win,reverse_fade+week_end,2,1,1,2013-09-26 16:00:00-04:00
2013-09-30,long,2013-10-01 06:30:00-04:00,2013-10-01 11:00:00-04:00,1.35749,1.35358,1.3496700000000001,1.37313,1.3551440000000001,1.35358,1.3551440000000001,2013-10-01 08:45:00-04:00,1.35358,2013-10-01 11:00:00-04:00,2,1,1.3556,1.34778,0.007819999999999938,-864.6999999999998,loss,dd_cut+flat_at_50,1,3,0,
2013-09-30,short,2013-10-01 11:00:00-04:00,2013-10-03 02:00:00-04:00,1.35358,1.3614,1.3614,1.3379400000000001,nan,nan,nan,,nan,,0,0,1.3556,1.34778,0.007819999999999938,-783.4999999999939,loss,reverse_fade+stop,1,1,1,2013-10-01 06:30:00-04:00
2013-09-30,long,2013-10-01 12:30:00-04:00,2013-10-01 14:30:00-04:00,1.35562,1.3517100000000002,1.3478,1.37126,1.353274,1.3517100000000002,1.353274,2013-10-01 14:00:00-04:00,1.3517100000000002,2013-10-01 14:30:00-04:00,2,1,1.3556,1.34778,0.007819999999999938,-864.6999999999776,loss,dd_cut+flat_at_50,2,3,0,
2013-09-30,short,2013-10-01 14:30:00-04:00,2013-10-02 13:15:00-04:00,1.3517100000000002,1.3595300000000001,1.3595300000000001,1.3360700000000003,nan,nan,nan,,nan,,0,0,1.3556,1.34778,0.007819999999999938,-783.4999999999939,loss,reverse_fade+stop,2,1,1,2013-10-01 12:30:00-04:00
2013-10-07,long,2013-10-08 13:30:00-04:00,2013-10-08 18:00:00-04:00,1.35951,1.35709,1.35467,1.36919,1.358058,1.35709,1.358058,2013-10-08 15:30:00-04:00,1.35709,2013-10-08 18:00:00-04:00,2,1,1.35909,1.35425,0.0048399999999999554,-536.9000000000107,loss,dd_cut+flat_at_50,1,3,0,
2013-10-07,short,2013-10-08 18:00:00-04:00,2013-10-11 20:45:00-04:00,1.35709,1.35406,1.3619299999999999,1.34741,nan,nan,nan,,nan,,0,0,1.35909,1.35425,0.0048399999999999554,301.4999999999866,win,reverse_fade+week_end,1,1,1,2013-10-08 13:30:00-04:00
2013-10-07,long,2013-10-08 23:00:00-04:00,2013-10-09 01:45:00-04:00,1.35952,1.3571,1.35468,1.3692,1.358068,1.3571,1.358068,2013-10-09 00:45:00-04:00,1.3571,2013-10-09 01:45:00-04:00,2,1,1.35909,1.35425,0.0048399999999999554,-536.9000000000107,loss,dd_cut+flat_at_50,2,3,0,
2013-10-07,short,2013-10-09 01:45:00-04:00,2013-10-11 20:45:00-04:00,1.3571,1.35406,1.36194,1.34742,nan,nan,nan,,nan,,0,0,1.35909,1.35425,0.0048399999999999554,302.4999999999932,win,reverse_fade+week_end,2,1,1,2013-10-08 23:00:00-04:00
2013-10-14,short,2013-10-15 08:45:00-04:00,2013-10-17 07:15:00-04:00,1.35435,1.3569749999999998,1.3596,1.34385,1.355925,1.3569749999999998,1.355925,2013-10-16 11:30:00-04:00,1.3569749999999998,2013-10-17 07:15:00-04:00,2,1,1.35975,1.3545,0.005249999999999977,-582.0000000000085,loss,dd_cut+flat_at_50,1,3,0,
2013-10-14,long,2013-10-17 07:15:00-04:00,2013-10-17 13:45:00-04:00,1.3569749999999998,1.3674749999999998,1.3517249999999998,1.3674749999999998,nan,nan,nan,,nan,,0,0,1.35975,1.3545,0.005249999999999977,1048.4999999999955,win,reverse_fade+target,1,1,1,2013-10-15 08:45:00-04:00
2013-10-14,long,2013-10-17 07:30:00-04:00,2013-10-18 20:45:00-04:00,1.36113,1.36844,1.35588,1.37163,1.3595549999999998,1.358505,nan,,nan,,0,0,1.35975,1.3545,0.005249999999999977,2188.500000000045,win,week_end,2,3,0,
2013-10-21,long,2013-10-22 12:30:00-04:00,2013-10-24 05:45:00-04:00,1.37255,1.3800500000000002,1.3687999999999998,1.3800500000000002,1.371425,1.3706749999999999,nan,,nan,,0,0,1.36884,1.36509,0.003750000000000142,2245.5000000000855,win,target,1,3,0,
2013-10-21,long,2013-10-24 06:00:00-04:00,2013-10-24 07:15:00-04:00,1.38099,1.3791149999999999,1.3772399999999998,1.3884900000000002,1.379865,1.3791149999999999,1.379865,2013-10-24 07:15:00-04:00,1.3791149999999999,2013-10-24 07:15:00-04:00,2,1,1.36884,1.36509,0.003750000000000142,-417.00000000001563,loss,dd_cut+flat_at_50,2,3,0,
2013-10-21,short,2013-10-24 07:15:00-04:00,2013-10-25 04:30:00-04:00,1.3791149999999999,1.382865,1.382865,1.3716149999999996,nan,nan,nan,,nan,,0,0,1.36884,1.36509,0.003750000000000142,-376.5000000000142,loss,reverse_fade+stop,2,1,1,2013-10-24 06:00:00-04:00
2013-10-28,short,2013-10-29 00:15:00-04:00,2013-10-29 14:15:00-04:00,1.37707,1.37919,1.38131,1.36859,1.378342,1.37919,1.378342,2013-10-29 01:15:00-04:00,1.37919,2013-10-29 14:15:00-04:00,2,1,1.38174,1.3775,0.0042400000000000215,-470.8999999999779,loss,dd_cut+flat_at_50,1,3,0,
2013-10-28,long,2013-10-29 14:15:00-04:00,2013-10-29 16:00:00-04:00,1.37919,1.37495,1.37495,1.38767,nan,nan,nan,,nan,,0,0,1.38174,1.3775,0.0042400000000000215,-425.50000000000216,loss,reverse_fade+stop,1,1,1,2013-10-29 00:15:00-04:00
2013-10-28,short,2013-10-29 16:00:00-04:00,2013-10-30 12:15:00-04:00,1.37492,1.37704,1.37916,1.3664399999999999,1.3761919999999999,1.37704,1.3761919999999999,2013-10-30 08:45:00-04:00,1.37704,2013-10-30 12:15:00-04:00,2,1,1.38174,1.3775,0.0042400000000000215,-470.90000000000015,loss,dd_cut+flat_at_50,2,3,0,
2013-10-28,long,2013-10-30 12:15:00-04:00,2013-10-30 18:00:00-04:00,1.37704,1.3728,1.3728,1.38552,nan,nan,nan,,nan,,0,0,1.38174,1.3775,0.0042400000000000215,-425.50000000000216,loss,reverse_fade+stop,2,1,1,2013-10-29 16:00:00-04:00
2013-11-04,long,2013-11-06 14:45:00-05:00,2013-11-07 12:30:00-05:00,1.35399,1.349875,1.34576,1.37045,1.351521,1.349875,1.351521,2013-11-06 18:30:00-05:00,1.349875,2013-11-07 12:30:00-05:00,2,1,1.35243,1.3442,0.00822999999999996,-909.80000000002,loss,dd_cut+flat_at_50,1,3,0,
2013-11-04,short,2013-11-07 12:30:00-05:00,2013-11-07 13:30:00-05:00,1.349875,1.333415,1.358105,1.333415,nan,nan,nan,,nan,,0,0,1.35243,1.3442,0.00822999999999996,1644.4999999999918,win,reverse_fade+target,1,1,1,2013-11-06 14:45:00-05:00
2013-11-04,short,2013-11-07 12:45:00-05:00,2013-11-07 16:15:00-05:00,1.33714,1.3412549999999999,1.34537,1.32068,1.339609,1.3412549999999999,1.339609,2013-11-07 16:00:00-05:00,1.3412549999999999,2013-11-07 16:15:00-05:00,2,1,1.35243,1.3442,0.00822999999999996,-909.7999999999977,loss,dd_cut+flat_at_50,2,3,0,
2013-11-04,long,2013-11-07 16:15:00-05:00,2013-11-08 15:15:00-05:00,1.3412549999999999,1.333025,1.333025,1.3577149999999998,nan,nan,nan,,nan,,0,0,1.35243,1.3442,0.00822999999999996,-824.4999999999959,loss,reverse_fade+stop,2,1,1,2013-11-07 12:45:00-05:00
2013-11-11,long,2013-11-12 14:00:00-05:00,2013-11-13 14:30:00-05:00,1.34353,1.340045,1.3365599999999997,1.3574700000000002,1.3414389999999998,1.340045,1.3414389999999998,2013-11-13 09:45:00-05:00,1.340045,2013-11-13 14:30:00-05:00,2,1,1.34162,1.33465,0.006970000000000143,-771.200000000009,loss,dd_cut+flat_at_50,1,3,0,
2013-11-11,short,2013-11-13 14:30:00-05:00,2013-11-13 16:45:00-05:00,1.340045,1.347015,1.347015,1.3261049999999996,nan,nan,nan,,nan,,0,0,1.34162,1.33465,0.006970000000000143,-698.5000000000143,loss,reverse_fade+stop,1,1,1,2013-11-12 14:00:00-05:00
2013-11-11,long,2013-11-13 19:00:00-05:00,2013-11-14 11:15:00-05:00,1.34575,1.3422649999999998,1.3387799999999999,1.3596900000000003,1.343659,1.3422649999999998,1.343659,2013-11-14 10:30:00-05:00,1.3422649999999998,2013-11-14 11:15:00-05:00,2,1,1.34162,1.33465,0.006970000000000143,-771.2000000000312,loss,dd_cut+flat_at_50,2,3,0,
2013-11-11,short,2013-11-14 11:15:00-05:00,2013-11-15 14:15:00-05:00,1.3422649999999998,1.349235,1.349235,1.3283249999999995,nan,nan,nan,,nan,,0,0,1.34162,1.33465,0.006970000000000143,-698.5000000000143,loss,reverse_fade+stop,2,1,1,2013-11-13 19:00:00-05:00
2013-11-18,long,2013-11-19 17:15:00-05:00,2013-11-20 15:15:00-05:00,1.35419,1.35084,1.34749,1.3675899999999999,1.35218,1.35084,1.35218,2013-11-20 09:45:00-05:00,1.35084,2013-11-20 15:15:00-05:00,2,1,1.35415,1.34745,0.006699999999999928,-741.5000000000099,loss,dd_cut+flat_at_50,1,3,0,
2013-11-18,short,2013-11-20 15:15:00-05:00,2013-11-22 21:45:00-05:00,1.35084,1.35564,1.35754,1.3374400000000002,nan,nan,nan,,nan,,0,0,1.35415,1.34745,0.006699999999999928,-481.49999999999153,loss,reverse_fade+week_end,1,1,1,2013-11-19 17:15:00-05:00
2013-11-18,short,2013-11-20 15:30:00-05:00,2013-11-22 09:00:00-05:00,1.34667,1.35002,1.35337,1.3332700000000002,1.34868,1.35002,1.34868,2013-11-22 06:30:00-05:00,1.35002,2013-11-22 09:00:00-05:00,2,1,1.35415,1.34745,0.006699999999999928,-741.5000000000099,loss,dd_cut+flat_at_50,2,3,0,
2013-11-18,long,2013-11-22 09:00:00-05:00,2013-11-22 21:45:00-05:00,1.35002,1.35564,1.34332,1.3634199999999999,nan,nan,nan,,nan,,0,0,1.35415,1.34745,0.006699999999999928,560.4999999999958,win,reverse_fade+week_end,2,1,1,2013-11-20 15:30:00-05:00
2013-11-25,long,2013-11-26 08:15:00-05:00,2013-11-26 14:00:00-05:00,1.35626,1.352945,1.34963,1.3695199999999998,1.354271,1.352945,1.354271,2013-11-26 10:15:00-05:00,1.352945,2013-11-26 14:00:00-05:00,2,1,1.35563,1.349,0.006629999999999914,-733.7999999999994,loss,dd_cut+flat_at_50,1,3,0,
2013-11-25,short,2013-11-26 14:00:00-05:00,2013-11-27 03:30:00-05:00,1.352945,1.359575,1.359575,1.3396850000000002,nan,nan,nan,,nan,,0,0,1.35563,1.349,0.006629999999999914,-664.4999999999914,loss,reverse_fade+stop,1,1,1,2013-11-26 08:15:00-05:00
2013-11-25,long,2013-11-26 15:45:00-05:00,2013-11-29 21:45:00-05:00,1.356,1.35899,1.3493700000000002,1.36926,1.354011,1.3526850000000001,nan,,nan,,0,0,1.35563,1.349,0.006629999999999914,892.4999999999478,win,week_end,2,3,0,
2013-12-02,long,2013-12-05 06:15:00-05:00,2013-12-05 09:15:00-05:00,1.36327,1.35876,1.35425,1.38131,1.3605639999999999,1.35876,1.3605639999999999,2013-12-05 08:45:00-05:00,1.35876,2013-12-05 09:15:00-05:00,2,1,1.36157,1.35255,0.009020000000000028,-996.700000000021,loss,dd_cut+flat_at_50,1,3,0,
2013-12-02,short,2013-12-05 09:15:00-05:00,2013-12-06 11:30:00-05:00,1.35876,1.36778,1.36778,1.34072,nan,nan,nan,,nan,,0,0,1.36157,1.35255,0.009020000000000028,-903.5000000000028,loss,reverse_fade+stop,1,1,1,2013-12-05 06:15:00-05:00
2013-12-02,long,2013-12-05 14:00:00-05:00,2013-12-06 21:45:00-05:00,1.36361,1.37035,1.35459,1.38165,1.360904,1.3591,nan,,nan,,0,0,1.36157,1.35255,0.009020000000000028,2017.4999999999905,win,week_end,2,3,0,
2013-12-09,long,2013-12-10 02:00:00-05:00,2013-12-13 10:00:00-05:00,1.37592,1.373345,1.37077,1.38622,1.3743750000000001,1.373345,1.3743750000000001,2013-12-10 07:15:00-05:00,1.373345,2013-12-13 10:00:00-05:00,2,1,1.37457,1.36942,0.005149999999999988,-570.9999999999809,loss,dd_cut+flat_at_50,1,3,0,
2013-12-09,short,2013-12-13 10:00:00-05:00,2013-12-13 21:45:00-05:00,1.373345,1.374,1.378495,1.363045,nan,nan,nan,,nan,,0,0,1.37457,1.36942,0.005149999999999988,-67.00000000000722,loss,reverse_fade+week_end,1,1,1,2013-12-10 02:00:00-05:00
2013-12-09,long,2013-12-13 13:45:00-05:00,2013-12-13 14:45:00-05:00,1.37511,1.372535,1.36996,1.38541,1.3735650000000001,1.372535,1.3735650000000001,2013-12-13 14:15:00-05:00,1.372535,2013-12-13 14:45:00-05:00,2,1,1.37457,1.36942,0.005149999999999988,-570.9999999999809,loss,dd_cut+flat_at_50,2,3,0,
2013-12-09,short,2013-12-13 14:45:00-05:00,2013-12-13 21:45:00-05:00,1.372535,1.374,1.377685,1.362235,nan,nan,nan,,nan,,0,0,1.37457,1.36942,0.005149999999999988,-148.00000000000495,loss,reverse_fade+week_end,2,1,1,2013-12-13 13:45:00-05:00
2013-12-16,short,2013-12-17 15:15:00-05:00,2013-12-17 18:00:00-05:00,1.37313,1.376455,1.3797799999999998,1.3598300000000003,1.375125,1.376455,1.375125,2013-12-17 16:15:00-05:00,1.376455,2013-12-17 18:00:00-05:00,2,1,1.37983,1.37318,0.006649999999999823,-735.999999999996,loss,dd_cut+flat_at_50,1,3,0,
2013-12-16,long,2013-12-17 18:00:00-05:00,2013-12-18 20:30:00-05:00,1.376455,1.3698050000000002,1.3698050000000002,1.3897549999999996,nan,nan,nan,,nan,,0,0,1.37983,1.37318,0.006649999999999823,-666.4999999999823,loss,reverse_fade+stop,1,1,1,2013-12-17 15:15:00-05:00
2013-12-16,short,2013-12-18 20:15:00-05:00,2013-12-20 21:45:00-05:00,1.37178,1.36703,1.3784299999999998,1.3584800000000004,1.373775,1.375105,nan,,nan,,0,0,1.37983,1.37318,0.006649999999999823,1420.5000000000095,win,week_end,2,3,0,
2013-12-23,short,2013-12-24 13:45:00-05:00,2013-12-26 09:00:00-05:00,1.36708,1.369285,1.37149,1.35826,1.368403,1.369285,1.368403,2013-12-24 18:15:00-05:00,1.369285,2013-12-26 09:00:00-05:00,2,1,1.37166,1.36725,0.004410000000000025,-489.5999999999939,loss,dd_cut+flat_at_50,1,3,0,
2013-12-23,long,2013-12-26 09:00:00-05:00,2013-12-27 08:15:00-05:00,1.369285,1.3781050000000001,1.364875,1.3781050000000001,nan,nan,nan,,nan,,0,0,1.37166,1.36725,0.004410000000000025,880.500000000005,win,reverse_fade+target,1,1,1,2013-12-24 13:45:00-05:00
2013-12-23,long,2013-12-27 02:15:00-05:00,2013-12-27 09:45:00-05:00,1.37173,1.38055,1.3673199999999999,1.38055,1.370407,1.3695249999999999,nan,,nan,,0,0,1.37166,1.36725,0.004410000000000025,2641.500000000015,win,target,2,3,0,
2013-12-30,short,2014-01-02 08:00:00-05:00,2014-01-03 21:45:00-05:00,1.37211,1.35874,1.3812,1.3539299999999999,1.3748369999999999,1.376655,nan,,nan,,0,0,1.38189,1.3728,0.009090000000000042,4006.4999999999645,win,week_end,1,3,0,
2014-01-06,long,2014-01-07 12:00:00-05:00,2014-01-07 15:00:00-05:00,1.3654,1.36134,1.35728,1.3816399999999998,1.362964,1.36134,1.362964,2014-01-07 13:30:00-05:00,1.36134,2014-01-07 15:00:00-05:00,2,1,1.36527,1.35715,0.008119999999999905,-897.6999999999717,loss,dd_cut+flat_at_50,1,3,0,
2014-01-06,short,2014-01-07 15:00:00-05:00,2014-01-10 21:45:00-05:00,1.36134,1.36661,1.36946,1.3451000000000002,nan,nan,nan,,nan,,0,0,1.36527,1.35715,0.008119999999999905,-528.5000000000108,loss,reverse_fade+week_end,1,1,1,2014-01-07 12:00:00-05:00
2014-01-06,short,2014-01-08 17:15:00-05:00,2014-01-09 08:30:00-05:00,1.35687,1.36093,1.36499,1.3406300000000002,1.359306,1.36093,1.359306,2014-01-09 06:00:00-05:00,1.36093,2014-01-09 08:30:00-05:00,2,1,1.36527,1.35715,0.008119999999999905,-897.6999999999717,loss,dd_cut+flat_at_50,2,3,0,
2014-01-06,long,2014-01-09 08:30:00-05:00,2014-01-10 21:45:00-05:00,1.36093,1.36661,1.35281,1.3771699999999998,nan,nan,nan,,nan,,0,0,1.36527,1.35715,0.008119999999999905,566.500000000013,win,reverse_fade+week_end,2,1,1,2014-01-08 17:15:00-05:00
2014-01-13,long,2014-01-14 08:15:00-05:00,2014-01-14 10:15:00-05:00,1.36864,1.366255,1.36387,1.3781800000000004,1.3672090000000001,1.366255,1.3672090000000001,2014-01-14 09:45:00-05:00,1.366255,2014-01-14 10:15:00-05:00,2,1,1.36847,1.3637,0.004770000000000163,-529.2000000000002,loss,dd_cut+flat_at_50,1,3,0,
2014-01-13,short,2014-01-14 10:15:00-05:00,2014-01-17 13:15:00-05:00,1.366255,1.3567149999999997,1.3710250000000002,1.3567149999999997,nan,nan,nan,,nan,,0,0,1.36847,1.3637,0.004770000000000163,952.5000000000326,win,reverse_fade+target,1,1,1,2014-01-14 08:15:00-05:00
2014-01-13,long,2014-01-14 15:30:00-05:00,2014-01-15 01:15:00-05:00,1.36854,1.366155,1.36377,1.3780800000000004,1.3671090000000001,1.366155,1.3671090000000001,2014-01-14 20:00:00-05:00,1.366155,2014-01-15 01:15:00-05:00,2,1,1.36847,1.3637,0.004770000000000163,-529.2000000000002,loss,dd_cut+flat_at_50,2,3,0,
2014-01-13,short,2014-01-15 01:15:00-05:00,2014-01-17 13:15:00-05:00,1.366155,1.3566149999999997,1.3709250000000002,1.3566149999999997,nan,nan,nan,,nan,,0,0,1.36847,1.3637,0.004770000000000163,952.5000000000326,win,reverse_fade+target,2,1,1,2014-01-14 15:30:00-05:00
2014-01-20,long,2014-01-22 00:45:00-05:00,2014-01-22 08:30:00-05:00,1.35693,1.35391,1.35089,1.36901,1.355118,1.35391,1.355118,2014-01-22 07:45:00-05:00,1.35391,2014-01-22 08:30:00-05:00,2,1,1.35679,1.35075,0.006040000000000045,-668.8999999999872,loss,dd_cut+flat_at_50,1,3,0,
2014-01-20,short,2014-01-22 08:30:00-05:00,2014-01-23 08:00:00-05:00,1.35391,1.35995,1.35995,1.3418299999999999,nan,nan,nan,,nan,,0,0,1.35679,1.35075,0.006040000000000045,-605.5000000000045,loss,reverse_fade+stop,1,1,1,2014-01-22 00:45:00-05:00
2014-01-20,long,2014-01-22 12:45:00-05:00,2014-01-22 17:00:00-05:00,1.35698,1.35396,1.35094,1.3690600000000002,1.3551680000000002,1.35396,1.3551680000000002,2014-01-22 16:45:00-05:00,1.35396,2014-01-22 17:00:00-05:00,2,1,1.35679,1.35075,0.006040000000000045,-668.8999999999872,loss,dd_cut+flat_at_50,2,3,0,
2014-01-20,short,2014-01-22 17:00:00-05:00,2014-01-23 08:00:00-05:00,1.35396,1.36,1.36,1.34188,nan,nan,nan,,nan,,0,0,1.35679,1.35075,0.006040000000000045,-605.5000000000045,loss,reverse_fade+stop,2,1,1,2014-01-22 12:45:00-05:00
2014-01-27,short,2014-01-28 09:45:00-05:00,2014-01-28 14:15:00-05:00,1.36512,1.3682949999999998,1.37147,1.3524199999999997,1.367025,1.3682949999999998,1.367025,2014-01-28 13:30:00-05:00,1.3682949999999998,2014-01-28 14:15:00-05:00,2,1,1.37166,1.36531,0.006350000000000078,-703.0000000000018,loss,dd_cut+flat_at_50,1,3,0,
2014-01-27,long,2014-01-28 14:15:00-05:00,2014-01-29 13:00:00-05:00,1.3682949999999998,1.3619449999999997,1.3619449999999997,1.380995,nan,nan,nan,,nan,,0,0,1.37166,1.36531,0.006350000000000078,-636.5000000000077,loss,reverse_fade+stop,1,1,1,2014-01-28 09:45:00-05:00
2014-01-27,short,2014-01-29 12:15:00-05:00,2014-01-29 14:15:00-05:00,1.36363,1.3668049999999998,1.36998,1.3509299999999997,1.365535,1.3668049999999998,1.365535,2014-01-29 14:00:00-05:00,1.3668049999999998,2014-01-29 14:15:00-05:00,2,1,1.37166,1.36531,0.006350000000000078,-703.0000000000018,loss,dd_cut+flat_at_50,2,3,0,
2014-01-27,long,2014-01-29 14:15:00-05:00,2014-01-30 09:00:00-05:00,1.3668049999999998,1.3604549999999997,1.3604549999999997,1.379505,nan,nan,nan,,nan,,0,0,1.37166,1.36531,0.006350000000000078,-636.5000000000077,loss,reverse_fade+stop,2,1,1,2014-01-29 12:15:00-05:00
2014-02-03,long,2014-02-04 06:00:00-05:00,2014-02-04 08:00:00-05:00,1.3536,1.35069,1.34778,1.3652399999999998,1.351854,1.35069,1.351854,2014-02-04 08:00:00-05:00,1.35069,2014-02-04 08:00:00-05:00,2,1,1.35354,1.34772,0.005819999999999936,-644.7000000000019,loss,dd_cut+flat_at_50,1,3,0,
2014-02-03,short,2014-02-04 08:00:00-05:00,2014-02-06 13:30:00-05:00,1.35069,1.3565099999999999,1.3565099999999999,1.33905,nan,nan,nan,,nan,,0,0,1.35354,1.34772,0.005819999999999936,-583.4999999999936,loss,reverse_fade+stop,1,1,1,2014-02-04 06:00:00-05:00
2014-02-03,long,2014-02-05 15:15:00-05:00,2014-02-06 12:15:00-05:00,1.35377,1.35086,1.34795,1.3654099999999998,1.352024,1.35086,1.352024,2014-02-05 16:45:00-05:00,1.35086,2014-02-06 12:15:00-05:00,2,1,1.35354,1.34772,0.005819999999999936,-644.7000000000019,loss,dd_cut+flat_at_50,2,3,0,
2014-02-03,short,2014-02-06 12:15:00-05:00,2014-02-06 13:30:00-05:00,1.35086,1.3566799999999999,1.3566799999999999,1.33922,nan,nan,nan,,nan,,0,0,1.35354,1.34772,0.005819999999999936,-583.4999999999936,loss,reverse_fade+stop,2,1,1,2014-02-05 15:15:00-05:00
2014-02-10,long,2014-02-11 00:30:00-05:00,2014-02-11 13:45:00-05:00,1.36644,1.3647900000000002,1.36314,1.3730400000000003,1.36545,1.3647900000000002,1.36545,2014-02-11 13:30:00-05:00,1.3647900000000002,2014-02-11 13:45:00-05:00,2,1,1.36514,1.36184,0.0033000000000000806,-367.50000000000216,loss,dd_cut+flat_at_50,1,3,0,
2014-02-10,short,2014-02-11 13:45:00-05:00,2014-02-12 11:45:00-05:00,1.3647900000000002,1.35819,1.3680900000000003,1.35819,nan,nan,nan,,nan,,0,0,1.36514,1.36184,0.0033000000000000806,658.5000000000161,win,reverse_fade+target,1,1,1,2014-02-11 00:30:00-05:00
2014-02-10,long,2014-02-11 15:00:00-05:00,2014-02-11 17:00:00-05:00,1.36661,1.36496,1.36331,1.3732100000000003,1.36562,1.36496,1.36562,2014-02-11 16:45:00-05:00,1.36496,2014-02-11 17:00:00-05:00,2,1,1.36514,1.36184,0.0033000000000000806,-367.5000000000244,loss,dd_cut+flat_at_50,2,3,0,
2014-02-10,short,2014-02-11 17:00:00-05:00,2014-02-12 11:45:00-05:00,1.36496,1.3583599999999998,1.36826,1.3583599999999998,nan,nan,nan,,nan,,0,0,1.36514,1.36184,0.0033000000000000806,658.5000000000161,win,reverse_fade+target,2,1,1,2014-02-11 15:00:00-05:00
2014-02-17,long,2014-02-18 10:30:00-05:00,2014-02-20 07:45:00-05:00,1.37279,1.371195,1.3696,1.37917,1.3718329999999999,1.371195,1.3718329999999999,2014-02-20 07:45:00-05:00,1.371195,2014-02-20 07:45:00-05:00,2,1,1.3724,1.36921,0.003190000000000026,-355.40000000002067,loss,dd_cut+flat_at_50,1,3,0,
2014-02-17,short,2014-02-20 07:45:00-05:00,2014-02-21 14:45:00-05:00,1.371195,1.374385,1.374385,1.364815,nan,nan,nan,,nan,,0,0,1.3724,1.36921,0.003190000000000026,-320.5000000000026,loss,reverse_fade+stop,1,1,1,2014-02-18 10:30:00-05:00
2014-02-17,short,2014-02-20 10:30:00-05:00,2014-02-20 13:00:00-05:00,1.36916,1.370755,1.37235,1.3627799999999999,1.370117,1.370755,1.370117,2014-02-20 12:00:00-05:00,1.370755,2014-02-20 13:00:00-05:00,2,1,1.3724,1.36921,0.003190000000000026,-355.40000000002067,loss,dd_cut+flat_at_50,2,3,0,
2014-02-17,long,2014-02-20 13:00:00-05:00,2014-02-21 21:45:00-05:00,1.370755,1.37375,1.367565,1.377135,nan,nan,nan,,nan,,0,0,1.3724,1.36921,0.003190000000000026,298.0000000000081,win,reverse_fade+week_end,2,1,1,2014-02-20 10:30:00-05:00
2014-02-24,short,2014-02-26 14:15:00-05:00,2014-02-27 17:00:00-05:00,1.3695,1.37263,1.3757599999999999,1.35698,1.371378,1.37263,1.371378,2014-02-27 16:15:00-05:00,1.37263,2014-02-27 17:00:00-05:00,2,1,1.3771,1.37084,0.006259999999999932,-693.100000000017,loss,dd_cut+flat_at_50,1,3,0,
2014-02-24,long,2014-02-27 17:00:00-05:00,2014-02-28 21:45:00-05:00,1.37263,1.38,1.36637,1.3851499999999999,nan,nan,nan,,nan,,0,0,1.3771,1.37084,0.006259999999999932,735.4999999999877,win,reverse_fade+week_end,1,1,1,2014-02-26 14:15:00-05:00
2014-02-24,short,2014-02-27 18:15:00-05:00,2014-02-28 10:00:00-05:00,1.37083,1.3739599999999998,1.37709,1.3583100000000001,1.372708,1.3739599999999998,1.372708,2014-02-28 09:45:00-05:00,1.3739599999999998,2014-02-28 10:00:00-05:00,2,1,1.3771,1.37084,0.006259999999999932,-693.0999999999947,loss,dd_cut+flat_at_50,2,3,0,
2014-02-24,long,2014-02-28 10:00:00-05:00,2014-02-28 21:45:00-05:00,1.3739599999999998,1.38,1.3677,1.3864799999999997,nan,nan,nan,,nan,,0,0,1.3771,1.37084,0.006259999999999932,602.5000000000045,win,reverse_fade+week_end,2,1,1,2014-02-27 18:15:00-05:00
2014-03-03,short,2014-03-04 01:30:00-05:00,2014-03-04 06:00:00-05:00,1.37245,1.375765,1.3790799999999999,1.3591900000000001,1.374439,1.375765,1.374439,2014-03-04 06:00:00-05:00,1.375765,2014-03-04 06:00:00-05:00,2,1,1.37926,1.37263,0.006629999999999914,-733.7999999999994,loss,dd_cut+flat_at_50,1,3,0,
2014-03-03,long,2014-03-04 06:00:00-05:00,2014-03-07 11:00:00-05:00,1.375765,1.3890249999999997,1.369135,1.3890249999999997,nan,nan,nan,,nan,,0,0,1.37926,1.37263,0.006629999999999914,1324.4999999999827,win,reverse_fade+target,1,1,1,2014-03-04 01:30:00-05:00
2014-03-03,short,2014-03-05 09:15:00-05:00,2014-03-06 12:00:00-05:00,1.37252,1.375835,1.3791499999999999,1.3592600000000001,1.374509,1.375835,1.374509,2014-03-05 13:15:00-05:00,1.375835,2014-03-06 12:00:00-05:00,2,1,1.37926,1.37263,0.006629999999999914,-733.7999999999994,loss,dd_cut+flat_at_50,2,3,0,
2014-03-03,long,2014-03-06 12:00:00-05:00,2014-03-07 11:00:00-05:00,1.375835,1.3890949999999997,1.369205,1.3890949999999997,nan,nan,nan,,nan,,0,0,1.37926,1.37263,0.006629999999999914,1324.4999999999827,win,reverse_fade+target,2,1,1,2014-03-05 09:15:00-05:00
2014-03-10,short,2014-03-11 07:15:00-04:00,2014-03-12 12:15:00-04:00,1.38586,1.38767,1.38948,1.3786200000000002,1.386946,1.38767,1.386946,2014-03-11 15:00:00-04:00,1.38767,2014-03-12 12:15:00-04:00,2,1,1.38978,1.38616,0.0036199999999999566,-402.6999999999708,loss,dd_cut+flat_at_50,1,3,0,
2014-03-10,long,2014-03-12 12:15:00-04:00,2014-03-13 07:45:00-04:00,1.38767,1.3949099999999999,1.38405,1.3949099999999999,nan,nan,nan,,nan,,0,0,1.38978,1.38616,0.0036199999999999566,722.4999999999914,win,reverse_fade+target,1,1,1,2014-03-11 07:15:00-04:00
2014-03-10,long,2014-03-12 15:45:00-04:00,2014-03-13 17:45:00-04:00,1.39038,1.38857,1.38676,1.3976199999999999,1.389294,1.38857,1.389294,2014-03-13 17:00:00-04:00,1.38857,2014-03-13 17:45:00-04:00,2,1,1.38978,1.38616,0.0036199999999999566,-402.6999999999708,loss,dd_cut+flat_at_50,2,3,0,
2014-03-10,short,2014-03-13 17:45:00-04:00,2014-03-14 14:00:00-04:00,1.38857,1.39219,1.39219,1.3813300000000002,nan,nan,nan,,nan,,0,0,1.38978,1.38616,0.0036199999999999566,-363.4999999999957,loss,reverse_fade+stop,2,1,1,2014-03-12 15:45:00-04:00
2014-03-17,short,2014-03-19 18:00:00-04:00,2014-03-21 20:45:00-04:00,1.3857,1.37919,1.39254,1.37202,1.3877519999999999,1.38912,nan,,nan,,0,0,1.39475,1.38791,0.006839999999999957,1948.5000000000048,win,week_end,1,3,0,
2014-03-24,short,2014-03-27 08:15:00-04:00,2014-03-28 20:45:00-04:00,1.37584,1.37504,1.38734,1.3528399999999998,1.37929,1.38159,nan,,nan,,0,0,1.38754,1.37604,0.011500000000000066,235.49999999997357,win,week_end,1,3,0,
2014-03-31,long,2014-04-01 12:30:00-04:00,2014-04-02 15:00:00-04:00,1.38077,1.376515,1.37226,1.39779,1.378217,1.376515,1.378217,2014-04-02 12:15:00-04:00,1.376515,2014-04-02 15:00:00-04:00,2,1,1.38067,1.37216,0.008510000000000018,-940.6000000000174,loss,dd_cut+flat_at_50,1,3,0,
2014-03-31,short,2014-04-02 15:00:00-04:00,2014-04-04 20:45:00-04:00,1.376515,1.37016,1.385025,1.359495,nan,nan,nan,,nan,,0,0,1.38067,1.37216,0.008510000000000018,633.9999999999889,win,reverse_fade+week_end,1,1,1,2014-04-01 12:30:00-04:00
2014-03-31,short,2014-04-03 13:00:00-04:00,2014-04-04 20:45:00-04:00,1.37202,1.37016,1.38053,1.355,1.374573,1.3762750000000001,nan,,nan,,0,0,1.38067,1.37216,0.008510000000000018,553.4999999999918,win,week_end,2,3,0,
2014-04-07,long,2014-04-08 07:15:00-04:00,2014-04-09 20:00:00-04:00,1.37566,1.38594,1.3705200000000002,1.38594,1.3741180000000002,1.3730900000000001,nan,,nan,,0,0,1.37486,1.36972,0.005139999999999922,3079.4999999999536,win,target,1,3,0,
2014-04-07,long,2014-04-09 20:15:00-04:00,2014-04-11 20:45:00-04:00,1.38514,1.38843,1.3800000000000001,1.3954199999999999,1.383598,1.38257,nan,,nan,,0,0,1.37486,1.36972,0.005139999999999922,982.5000000000045,win,week_end,2,3,0,
2014-04-14,short,2014-04-15 07:15:00-04:00,2014-04-15 14:15:00-04:00,1.38027,1.383015,1.38576,1.3692900000000001,1.381917,1.383015,1.381917,2014-04-15 14:00:00-04:00,1.383015,2014-04-15 14:15:00-04:00,2,1,1.3863,1.38081,0.005489999999999995,-608.3999999999905,loss,dd_cut+flat_at_50,1,3,0,
2014-04-14,long,2014-04-15 14:15:00-04:00,2014-04-18 20:45:00-04:00,1.383015,1.38077,1.377525,1.393995,nan,nan,nan,,nan,,0,0,1.3863,1.38081,0.005489999999999995,-226.00000000000526,loss,reverse_fade+week_end,1,1,1,2014-04-15 07:15:00-04:00
2014-04-14,short,2014-04-16 00:00:00-04:00,2014-04-16 07:30:00-04:00,1.3807,1.383445,1.38619,1.36972,1.382347,1.383445,1.382347,2014-04-16 05:30:00-04:00,1.383445,2014-04-16 07:30:00-04:00,2,1,1.3863,1.38081,0.005489999999999995,-608.3999999999905,loss,dd_cut+flat_at_50,2,3,0,
2014-04-14,long,2014-04-16 07:30:00-04:00,2014-04-18 20:45:00-04:00,1.383445,1.38077,1.377955,1.394425,nan,nan,nan,,nan,,0,0,1.3863,1.38081,0.005489999999999995,-268.9999999999983,loss,reverse_fade+week_end,2,1,1,2014-04-16 00:00:00-04:00
2014-04-21,short,2014-04-22 06:00:00-04:00,2014-04-22 08:15:00-04:00,1.37863,1.380795,1.38296,1.3699700000000001,1.379929,1.380795,1.379929,2014-04-22 06:30:00-04:00,1.380795,2014-04-22 08:15:00-04:00,2,1,1.38304,1.37871,0.004329999999999945,-480.79999999998506,loss,dd_cut+flat_at_50,1,3,0,
2014-04-21,long,2014-04-22 08:15:00-04:00,2014-04-25 20:45:00-04:00,1.380795,1.38329,1.376465,1.3894549999999999,nan,nan,nan,,nan,,0,0,1.38304,1.37871,0.004329999999999945,247.9999999999914,win,reverse_fade+week_end,1,1,1,2014-04-22 06:00:00-04:00
2014-04-21,long,2014-04-23 06:00:00-04:00,2014-04-23 07:00:00-04:00,1.38344,1.381275,1.37911,1.3921,1.382141,1.381275,1.382141,2014-04-23 06:45:00-04:00,1.381275,2014-04-23 07:00:00-04:00,2,1,1.38304,1.37871,0.004329999999999945,-480.79999999998506,loss,dd_cut+flat_at_50,2,3,0,
2014-04-21,short,2014-04-23 07:00:00-04:00,2014-04-25 20:45:00-04:00,1.381275,1.38329,1.385605,1.3726150000000001,nan,nan,nan,,nan,,0,0,1.38304,1.37871,0.004329999999999945,-202.9999999999878,loss,reverse_fade+week_end,2,1,1,2014-04-23 06:00:00-04:00
2014-04-28,short,2014-04-29 12:15:00-04:00,2014-04-30 11:00:00-04:00,1.38122,1.384455,1.3876899999999999,1.36828,1.3831609999999999,1.384455,1.3831609999999999,2014-04-30 09:15:00-04:00,1.384455,2014-04-30 11:00:00-04:00,2,1,1.38794,1.38147,0.006469999999999976,-716.200000000004,loss,dd_cut+flat_at_50,1,3,0,
2014-04-28,long,2014-04-30 11:00:00-04:00,2014-05-02 20:45:00-04:00,1.384455,1.38706,1.377985,1.397395,nan,nan,nan,,nan,,0,0,1.38794,1.38147,0.006469999999999976,258.9999999999968,win,reverse_fade+week_end,1,1,1,2014-04-29 12:15:00-04:00
2014-04-28,long,2014-05-01 06:00:00-04:00,2014-05-02 07:30:00-04:00,1.38858,1.385345,1.38211,1.4015199999999999,1.386639,1.385345,1.386639,2014-05-01 14:30:00-04:00,1.385345,2014-05-02 07:30:00-04:00,2,1,1.38794,1.38147,0.006469999999999976,-716.1999999999819,loss,dd_cut+flat_at_50,2,3,0,
2014-04-28,short,2014-05-02 07:30:00-04:00,2014-05-02 20:45:00-04:00,1.385345,1.38706,1.391815,1.372405,nan,nan,nan,,nan,,0,0,1.38794,1.38147,0.006469999999999976,-172.9999999999911,loss,reverse_fade+week_end,2,1,1,2014-05-01 06:00:00-04:00
2014-05-05,long,2014-05-06 07:15:00-04:00,2014-05-06 12:15:00-04:00,1.39071,1.39501,1.3885599999999998,1.39501,1.3900649999999999,1.3896349999999997,nan,,nan,,0,0,1.3886,1.38645,0.0021500000000000963,1285.5000000000578,win,target,1,3,0,
2014-05-05,long,2014-05-06 12:30:00-04:00,2014-05-06 13:15:00-04:00,1.39427,1.393195,1.3921199999999998,1.39857,1.393625,1.393195,1.393625,2014-05-06 13:15:00-04:00,1.393195,2014-05-06 13:15:00-04:00,2,1,1.3886,1.38645,0.0021500000000000963,-240.99999999999505,loss,dd_cut+flat_at_50,2,3,0,
2014-05-05,short,2014-05-06 13:15:00-04:00,2014-05-08 11:45:00-04:00,1.393195,1.395345,1.395345,1.3888949999999998,nan,nan,nan,,nan,,0,0,1.3886,1.38645,0.0021500000000000963,-216.50000000000963,loss,reverse_fade+stop,2,1,1,2014-05-06 12:30:00-04:00
2014-05-12,short,2014-05-13 09:00:00-04:00,2014-05-13 09:15:00-04:00,1.37432,1.3755899999999999,1.37686,1.36924,1.375082,1.3755899999999999,1.375082,2014-05-13 09:15:00-04:00,1.3755899999999999,2014-05-13 09:15:00-04:00,2,1,1.37748,1.37494,0.0025399999999999867,-283.8999999999741,loss,dd_cut+flat_at_50,1,3,0,
2014-05-12,long,2014-05-13 09:15:00-04:00,2014-05-13 10:00:00-04:00,1.3755899999999999,1.3730499999999999,1.3730499999999999,1.3806699999999998,nan,nan,nan,,nan,,0,0,1.37748,1.37494,0.0025399999999999867,-255.49999999999866,loss,reverse_fade+stop,1,1,1,2014-05-13 09:00:00-04:00
2014-05-12,short,2014-05-13 09:45:00-04:00,2014-05-13 16:15:00-04:00,1.3748,1.36972,1.37734,1.36972,1.375562,1.37607,nan,,nan,,0,0,1.37748,1.37494,0.0025399999999999867,1519.499999999992,win,target,2,3,0,
2014-05-19,short,2014-05-20 06:45:00-04:00,2014-05-21 06:45:00-04:00,1.3695,1.3712749999999998,1.3730499999999999,1.3624,1.370565,1.3712749999999998,1.370565,2014-05-20 10:00:00-04:00,1.3712749999999998,2014-05-21 06:45:00-04:00,2,1,1.37341,1.36986,0.003549999999999942,-395.0000000000048,loss,dd_cut+flat_at_50,1,3,0,
2014-05-19,long,2014-05-21 06:45:00-04:00,2014-05-21 11:00:00-04:00,1.3712749999999998,1.3677249999999999,1.3677249999999999,1.3783749999999997,nan,nan,nan,,nan,,0,0,1.37341,1.36986,0.003549999999999942,-356.4999999999942,loss,reverse_fade+stop,1,1,1,2014-05-20 06:45:00-04:00
2014-05-19,short,2014-05-21 10:30:00-04:00,2014-05-23 08:30:00-04:00,1.36947,1.36237,1.37302,1.36237,1.3705349999999998,1.371245,nan,,nan,,0,0,1.37341,1.36986,0.003549999999999942,2125.4999999999654,win,target,2,3,0,
2014-05-26,long,2014-05-27 00:00:00-04:00,2014-05-27 12:00:00-04:00,1.36573,1.363785,1.3618400000000002,1.37351,1.3645630000000002,1.363785,1.3645630000000002,2014-05-27 06:30:00-04:00,1.363785,2014-05-27 12:00:00-04:00,2,1,1.36544,1.36155,0.003889999999999949,-432.39999999999213,loss,dd_cut+flat_at_50,1,3,0,
2014-05-26,short,2014-05-27 12:00:00-04:00,2014-05-30 20:45:00-04:00,1.363785,1.36331,1.367675,1.3560050000000001,nan,nan,nan,,nan,,0,0,1.36544,1.36155,0.003889999999999949,46.00000000000032,win,reverse_fade+week_end,1,1,1,2014-05-27 00:00:00-04:00
2014-05-26,short,2014-05-27 14:45:00-04:00,2014-05-27 18:30:00-04:00,1.36138,1.3633250000000001,1.36527,1.3536000000000001,1.362547,1.3633250000000001,1.362547,2014-05-27 18:15:00-04:00,1.3633250000000001,2014-05-27 18:30:00-04:00,2,1,1.36544,1.36155,0.003889999999999949,-432.39999999999213,loss,dd_cut+flat_at_50,2,3,0,
2014-05-26,long,2014-05-27 18:30:00-04:00,2014-05-28 14:00:00-04:00,1.3633250000000001,1.3594350000000002,1.3594350000000002,1.371105,nan,nan,nan,,nan,,0,0,1.36544,1.36155,0.003889999999999949,-390.4999999999949,loss,reverse_fade+stop,2,1,1,2014-05-27 14:45:00-04:00
2014-06-02,long,2014-06-03 12:00:00-04:00,2014-06-03 14:45:00-04:00,1.36452,1.36212,1.35972,1.3741199999999998,1.36308,1.36212,1.36308,2014-06-03 14:00:00-04:00,1.36212,2014-06-03 14:45:00-04:00,2,1,1.36361,1.35881,0.0047999999999999154,-532.4999999999729,loss,dd_cut+flat_at_50,1,3,0,
2014-06-02,short,2014-06-03 14:45:00-04:00,2014-06-05 12:30:00-04:00,1.36212,1.3525200000000002,1.36692,1.3525200000000002,nan,nan,nan,,nan,,0,0,1.36361,1.35881,0.0047999999999999154,958.4999999999831,win,reverse_fade+target,1,1,1,2014-06-03 12:00:00-04:00
2014-06-02,short,2014-06-05 11:45:00-04:00,2014-06-05 13:45:00-04:00,1.35693,1.35933,1.3617299999999999,1.3473300000000001,1.3583699999999999,1.35933,1.3583699999999999,2014-06-05 13:45:00-04:00,1.35933,2014-06-05 13:45:00-04:00,2,1,1.36361,1.35881,0.0047999999999999154,-532.4999999999729,loss,dd_cut+flat_at_50,2,3,0,
2014-06-02,long,2014-06-05 13:45:00-04:00,2014-06-06 20:45:00-04:00,1.35933,1.36418,1.35453,1.3689299999999998,nan,nan,nan,,nan,,0,0,1.36361,1.35881,0.0047999999999999154,483.5000000000021,win,reverse_fade+week_end,2,1,1,2014-06-05 11:45:00-04:00
2014-06-09,short,2014-06-10 08:15:00-04:00,2014-06-13 20:45:00-04:00,1.35687,1.35354,1.36548,1.33965,1.359453,1.361175,nan,,nan,,0,0,1.36687,1.35826,0.008610000000000007,994.5000000000166,win,week_end,1,3,0,
2014-06-16,long,2014-06-17 00:15:00-04:00,2014-06-17 07:30:00-04:00,1.35864,1.35532,1.352,1.37192,1.356648,1.35532,1.356648,2014-06-17 01:45:00-04:00,1.35532,2014-06-17 07:30:00-04:00,2,1,1.35794,1.3513,0.006639999999999979,-734.8999999999977,loss,dd_cut+flat_at_50,1,3,0,
2014-06-16,short,2014-06-17 07:30:00-04:00,2014-06-19 06:45:00-04:00,1.35532,1.36196,1.36196,1.3420400000000001,nan,nan,nan,,nan,,0,0,1.35794,1.3513,0.006639999999999979,-665.499999999998,loss,reverse_fade+stop,1,1,1,2014-06-17 00:15:00-04:00
2014-06-16,long,2014-06-18 19:15:00-04:00,2014-06-20 20:45:00-04:00,1.35809,1.35992,1.35145,1.37137,1.356098,1.35477,nan,,nan,,0,0,1.35794,1.3513,0.006639999999999979,544.4999999999995,win,week_end,2,3,0,
2014-06-23,long,2014-06-24 08:15:00-04:00,2014-06-24 14:15:00-04:00,1.36144,1.35947,1.3575,1.36932,1.360258,1.35947,1.360258,2014-06-24 14:00:00-04:00,1.35947,2014-06-24 14:15:00-04:00,2,1,1.36135,1.35741,0.003940000000000055,-437.900000000006,loss,dd_cut+flat_at_50,1,3,0,
2014-06-23,short,2014-06-24 14:15:00-04:00,2014-06-25 12:30:00-04:00,1.35947,1.36341,1.36341,1.3515899999999998,nan,nan,nan,,nan,,0,0,1.36135,1.35741,0.003940000000000055,-395.50000000000546,loss,reverse_fade+stop,1,1,1,2014-06-24 08:15:00-04:00
2014-06-23,long,2014-06-25 06:30:00-04:00,2014-06-26 13:30:00-04:00,1.3614,1.35943,1.3574599999999999,1.36928,1.360218,1.35943,1.360218,2014-06-25 09:30:00-04:00,1.35943,2014-06-26 13:30:00-04:00,2,1,1.36135,1.35741,0.003940000000000055,-437.900000000006,loss,dd_cut+flat_at_50,2,3,0,
2014-06-23,short,2014-06-26 13:30:00-04:00,2014-06-27 06:45:00-04:00,1.35943,1.36337,1.36337,1.3515499999999998,nan,nan,nan,,nan,,0,0,1.36135,1.35741,0.003940000000000055,-395.50000000000546,loss,reverse_fade+stop,2,1,1,2014-06-25 06:30:00-04:00
2014-06-30,short,2014-07-03 12:30:00-04:00,2014-07-04 20:45:00-04:00,1.36112,1.35944,1.36687,1.3496200000000003,1.362845,1.363995,nan,,nan,,0,0,1.36977,1.36402,0.005749999999999922,499.50000000003774,win,week_end,1,3,0,
2014-07-07,long,2014-07-08 13:45:00-04:00,2014-07-10 14:00:00-04:00,1.36127,1.35961,1.35795,1.36791,1.360274,1.35961,1.360274,2014-07-09 11:15:00-04:00,1.35961,2014-07-10 14:00:00-04:00,2,1,1.36091,1.35759,0.0033199999999999896,-369.69999999999885,loss,dd_cut+flat_at_50,1,3,0,
2014-07-07,short,2014-07-10 14:00:00-04:00,2014-07-11 20:45:00-04:00,1.35961,1.36054,1.36293,1.35297,nan,nan,nan,,nan,,0,0,1.36091,1.35759,0.0033199999999999896,-94.50000000000975,loss,reverse_fade+week_end,1,1,1,2014-07-08 13:45:00-04:00
2014-07-07,long,2014-07-10 20:15:00-04:00,2014-07-11 13:00:00-04:00,1.36093,1.35927,1.35761,1.36757,1.359934,1.35927,1.359934,2014-07-11 00:00:00-04:00,1.35927,2014-07-11 13:00:00-04:00,2,1,1.36091,1.35759,0.0033199999999999896,-369.69999999999885,loss,dd_cut+flat_at_50,2,3,0,
2014-07-07,short,2014-07-11 13:00:00-04:00,2014-07-11 20:45:00-04:00,1.35927,1.36054,1.36259,1.35263,nan,nan,nan,,nan,,0,0,1.36091,1.35759,0.0033199999999999896,-128.50000000001043,loss,reverse_fade+week_end,2,1,1,2014-07-10 20:15:00-04:00
2014-07-14,short,2014-07-15 09:00:00-04:00,2014-07-15 11:00:00-04:00,1.35889,1.36103,1.36317,1.3503299999999998,1.360174,1.36103,1.360174,2014-07-15 10:30:00-04:00,1.36103,2014-07-15 11:00:00-04:00,2,1,1.36402,1.35974,0.0042800000000000615,-475.30000000001564,loss,dd_cut+flat_at_50,1,3,0,
2014-07-14,long,2014-07-15 11:00:00-04:00,2014-07-15 14:45:00-04:00,1.36103,1.35675,1.35675,1.36959,nan,nan,nan,,nan,,0,0,1.36402,1.35974,0.0042800000000000615,-429.50000000000614,loss,reverse_fade+stop,1,1,1,2014-07-15 09:00:00-04:00
2014-07-14,short,2014-07-15 13:45:00-04:00,2014-07-18 13:00:00-04:00,1.35924,1.3506799999999999,1.36352,1.3506799999999999,1.360524,1.36138,1.360524,2014-07-15 14:00:00-04:00,nan,,2,0,1.36402,1.35974,0.0042800000000000615,594.6999999999997,win,dd_cut+target,2,3,0,
2014-07-21,short,2014-07-22 07:30:00-04:00,2014-07-25 12:15:00-04:00,1.3509,1.3437,1.3545,1.3437,1.35198,1.3527,nan,,nan,,0,0,1.3549,1.3513,0.0036000000000000476,2155.5000000000286,win,target,1,3,0,
2014-07-21,short,2014-07-25 12:30:00-04:00,2014-07-25 20:45:00-04:00,1.34408,1.34285,1.34768,1.3368799999999998,1.34516,1.34588,nan,,nan,,0,0,1.3549,1.3513,0.0036000000000000476,364.4999999999527,win,week_end,2,3,0,
2014-07-28,short,2014-07-29 12:15:00-04:00,2014-07-30 12:30:00-04:00,1.34218,1.3388,1.34387,1.3388,1.342687,1.343025,nan,,nan,,0,0,1.34438,1.34269,0.0016899999999999693,1009.4999999999816,win,target,1,3,0,
2014-07-28,short,2014-07-30 12:45:00-04:00,2014-07-30 18:00:00-04:00,1.33765,1.338495,1.33934,1.33427,1.338157,1.338495,1.338157,2014-07-30 14:00:00-04:00,1.338495,2014-07-30 18:00:00-04:00,2,1,1.34438,1.34269,0.0016899999999999693,-190.4000000000055,loss,dd_cut+flat_at_50,2,3,0,
2014-07-28,long,2014-07-30 18:00:00-04:00,2014-08-01 12:30:00-04:00,1.338495,1.341875,1.336805,1.341875,nan,nan,nan,,nan,,0,0,1.34438,1.34269,0.0016899999999999693,336.49999999999386,win,reverse_fade+target,2,1,1,2014-07-30 12:45:00-04:00
2014-08-04,short,2014-08-05 07:30:00-04:00,2014-08-05 14:00:00-04:00,1.34093,1.33659,1.3431,1.33659,1.341581,1.342015,nan,,nan,,0,0,1.34311,1.34094,0.0021700000000000053,1297.5000000000032,win,target,1,3,0,
2014-08-04,short,2014-08-05 14:15:00-04:00,2014-08-05 19:15:00-04:00,1.3366,1.337685,1.33877,1.33226,1.337251,1.337685,1.337251,2014-08-05 18:00:00-04:00,1.337685,2014-08-05 19:15:00-04:00,2,1,1.34311,1.34094,0.0021700000000000053,-243.1999999999917,loss,dd_cut+flat_at_50,2,3,0,
2014-08-04,long,2014-08-05 19:15:00-04:00,2014-08-06 06:00:00-04:00,1.337685,1.335515,1.335515,1.342025,nan,nan,nan,,nan,,0,0,1.34311,1.34094,0.0021700000000000053,-218.5000000000005,loss,reverse_fade+stop,2,1,1,2014-08-05 14:15:00-04:00
2014-08-11,short,2014-08-12 00:15:00-04:00,2014-08-13 12:30:00-04:00,1.33798,1.339385,1.34079,1.33236,1.3388229999999999,1.339385,1.3388229999999999,2014-08-13 12:30:00-04:00,1.339385,2014-08-13 12:30:00-04:00,2,1,1.34084,1.33803,0.002809999999999979,-313.5999999999955,loss,dd_cut+flat_at_50,1,3,0,
2014-08-11,long,2014-08-13 12:30:00-04:00,2014-08-13 15:30:00-04:00,1.339385,1.336575,1.336575,1.345005,nan,nan,nan,,nan,,0,0,1.34084,1.33803,0.002809999999999979,-282.4999999999979,loss,reverse_fade+stop,1,1,1,2014-08-12 00:15:00-04:00
2014-08-11,long,2014-08-13 12:45:00-04:00,2014-08-13 13:00:00-04:00,1.34113,1.339725,1.33832,1.34675,1.340287,1.339725,1.340287,2014-08-13 13:00:00-04:00,1.339725,2014-08-13 13:00:00-04:00,2,1,1.34084,1.33803,0.002809999999999979,-313.5999999999733,loss,dd_cut+flat_at_50,2,3,0,
2014-08-11,short,2014-08-13 13:00:00-04:00,2014-08-15 20:45:00-04:00,1.339725,1.33976,1.342535,1.334105,nan,nan,nan,,nan,,0,0,1.34084,1.33803,0.002809999999999979,-5.000000000000725,loss,reverse_fade+week_end,2,1,1,2014-08-13 12:45:00-04:00
2014-08-18,short,2014-08-19 06:15:00-04:00,2014-08-20 18:15:00-04:00,1.33499,1.3257500000000002,1.3396099999999997,1.3257500000000002,1.3363759999999998,1.3373,nan,,nan,,0,0,1.33991,1.33529,0.0046199999999998465,2767.499999999908,win,target,1,3,0,
2014-08-18,short,2014-08-20 18:30:00-04:00,2014-08-21 14:45:00-04:00,1.32612,1.32843,1.3307399999999998,1.3168800000000003,1.3275059999999999,1.32843,1.3275059999999999,2014-08-21 07:30:00-04:00,1.32843,2014-08-21 14:45:00-04:00,2,1,1.33991,1.33529,0.0046199999999998465,-512.699999999981,loss,dd_cut+flat_at_50,2,3,0,
2014-08-18,long,2014-08-21 14:45:00-04:00,2014-08-22 14:00:00-04:00,1.32843,1.3238100000000002,1.3238100000000002,1.3376699999999997,nan,nan,nan,,nan,,0,0,1.33991,1.33529,0.0046199999999998465,-463.49999999998465,loss,reverse_fade+stop,2,1,1,2014-08-20 18:30:00-04:00
2014-08-25,short,2014-08-26 17:15:00-04:00,2014-08-27 14:15:00-04:00,1.31744,1.31901,1.3205799999999999,1.31116,1.318382,1.31901,1.318382,2014-08-27 07:00:00-04:00,1.31901,2014-08-27 14:15:00-04:00,2,1,1.32103,1.31789,0.0031399999999999206,-349.9000000000068,loss,dd_cut+flat_at_50,1,3,0,
2014-08-25,long,2014-08-27 14:15:00-04:00,2014-08-29 15:00:00-04:00,1.31901,1.31587,1.31587,1.3252899999999999,nan,nan,nan,,nan,,0,0,1.32103,1.31789,0.0031399999999999206,-315.49999999999204,loss,reverse_fade+stop,1,1,1,2014-08-26 17:15:00-04:00
2014-08-25,long,2014-08-28 01:45:00-04:00,2014-08-28 07:45:00-04:00,1.32151,1.31994,1.31837,1.3277899999999998,1.320568,1.31994,1.320568,2014-08-28 05:45:00-04:00,1.31994,2014-08-28 07:45:00-04:00,2,1,1.32103,1.31789,0.0031399999999999206,-349.9000000000068,loss,dd_cut+flat_at_50,2,3,0,
2014-08-25,short,2014-08-28 07:45:00-04:00,2014-08-29 17:15:00-04:00,1.31994,1.31366,1.3230799999999998,1.31366,nan,nan,nan,,nan,,0,0,1.32103,1.31789,0.0031399999999999206,626.4999999999841,win,reverse_fade+target,2,1,1,2014-08-28 01:45:00-04:00
2014-09-01,short,2014-09-02 01:30:00-04:00,2014-09-02 07:00:00-04:00,1.3118,1.31312,1.31444,1.3065200000000001,1.312592,1.31312,1.312592,2014-09-02 06:00:00-04:00,1.31312,2014-09-02 07:00:00-04:00,2,1,1.31454,1.3119,0.0026399999999999757,-294.8999999999795,loss,dd_cut+flat_at_50,1,3,0,
2014-09-01,long,2014-09-02 07:00:00-04:00,2014-09-04 11:45:00-04:00,1.31312,1.31048,1.31048,1.3184,nan,nan,nan,,nan,,0,0,1.31454,1.3119,0.0026399999999999757,-265.49999999999756,loss,reverse_fade+stop,1,1,1,2014-09-02 01:30:00-04:00
2014-09-01,short,2014-09-02 08:30:00-04:00,2014-09-02 17:30:00-04:00,1.31177,1.31309,1.31441,1.3064900000000002,1.312562,1.31309,1.312562,2014-09-02 13:00:00-04:00,1.31309,2014-09-02 17:30:00-04:00,2,1,1.31454,1.3119,0.0026399999999999757,-294.8999999999795,loss,dd_cut+flat_at_50,2,3,0,
2014-09-01,long,2014-09-02 17:30:00-04:00,2014-09-04 11:45:00-04:00,1.31309,1.3104500000000001,1.3104500000000001,1.31837,nan,nan,nan,,nan,,0,0,1.31454,1.3119,0.0026399999999999757,-265.49999999999756,loss,reverse_fade+stop,2,1,1,2014-09-02 08:30:00-04:00
2014-09-08,short,2014-09-09 03:00:00-04:00,2014-09-09 14:45:00-04:00,1.28773,1.29161,1.29549,1.27221,1.2900580000000001,1.29161,1.2900580000000001,2014-09-09 12:00:00-04:00,1.29161,2014-09-09 14:45:00-04:00,2,1,1.2959,1.28814,0.007759999999999989,-858.1000000000099,loss,dd_cut+flat_at_50,1,3,0,
2014-09-08,long,2014-09-09 14:45:00-04:00,2014-09-12 20:45:00-04:00,1.29161,1.29616,1.28385,1.30713,nan,nan,nan,,nan,,0,0,1.2959,1.28814,0.007759999999999989,453.5000000000054,win,reverse_fade+week_end,1,1,1,2014-09-09 03:00:00-04:00
2014-09-08,long,2014-09-12 16:15:00-04:00,2014-09-12 20:45:00-04:00,1.29698,1.29616,1.28922,1.3125,1.2946520000000001,1.2931,1.2946520000000001,2014-09-12 18:00:00-04:00,nan,,2,0,1.2959,1.28814,0.007759999999999989,-552.0999999999815,loss,dd_cut+week_end,2,3,0,
2014-09-15,long,2014-09-16 15:45:00-04:00,2014-09-17 06:00:00-04:00,1.29763,1.294605,1.29158,1.3097300000000003,1.295815,1.294605,1.295815,2014-09-16 17:00:00-04:00,1.294605,2014-09-17 06:00:00-04:00,2,1,1.29691,1.29086,0.006050000000000111,-670.00000000003,loss,dd_cut+flat_at_50,1,3,0,
2014-09-15,short,2014-09-17 06:00:00-04:00,2014-09-19 20:45:00-04:00,1.294605,1.28281,1.3006550000000001,1.2825049999999998,nan,nan,nan,,nan,,0,0,1.29691,1.29086,0.006050000000000111,1178.0,win,reverse_fade+week_end,1,1,1,2014-09-16 15:45:00-04:00
2014-09-15,long,2014-09-17 10:00:00-04:00,2014-09-17 15:15:00-04:00,1.29705,1.294025,1.291,1.3091500000000003,1.295235,1.294025,1.295235,2014-09-17 11:00:00-04:00,1.294025,2014-09-17 15:15:00-04:00,2,1,1.29691,1.29086,0.006050000000000111,-670.00000000003,loss,dd_cut+flat_at_50,2,3,0,
2014-09-15,short,2014-09-17 15:15:00-04:00,2014-09-19 20:45:00-04:00,1.294025,1.28281,1.300075,1.2819249999999998,nan,nan,nan,,nan,,0,0,1.29691,1.29086,0.006050000000000111,1119.9999999999975,win,reverse_fade+week_end,2,1,1,2014-09-17 10:00:00-04:00
2014-09-22,long,2014-09-23 08:00:00-04:00,2014-09-23 16:45:00-04:00,1.2871,1.284525,1.28195,1.2973999999999999,1.285555,1.284525,1.285555,2014-09-23 14:30:00-04:00,1.284525,2014-09-23 16:45:00-04:00,2,1,1.28677,1.28162,0.005149999999999988,-570.9999999999809,loss,dd_cut+flat_at_50,1,3,0,
2014-09-22,short,2014-09-23 16:45:00-04:00,2014-09-25 06:45:00-04:00,1.284525,1.274225,1.289675,1.274225,nan,nan,nan,,nan,,0,0,1.28677,1.28162,0.005149999999999988,1028.4999999999975,win,reverse_fade+target,1,1,1,2014-09-23 08:00:00-04:00
2014-09-22,short,2014-09-24 13:00:00-04:00,2014-09-25 08:00:00-04:00,1.2807,1.2704,1.28585,1.2704,1.2822449999999999,1.283275,nan,,nan,,0,0,1.28677,1.28162,0.005149999999999988,3085.4999999999927,win,target,2,3,0,
2014-09-29,short,2014-09-30 08:45:00-04:00,2014-10-02 13:15:00-04:00,1.26588,1.268435,1.27099,1.2556599999999996,1.267413,1.268435,1.267413,2014-10-02 03:00:00-04:00,1.268435,2014-10-02 13:15:00-04:00,2,1,1.27147,1.26636,0.00511000000000017,-566.6000000000099,loss,dd_cut+flat_at_50,1,3,0,
2014-09-29,long,2014-10-02 13:15:00-04:00,2014-10-02 14:00:00-04:00,1.268435,1.2633249999999998,1.2633249999999998,1.2786550000000003,nan,nan,nan,,nan,,0,0,1.27147,1.26636,0.00511000000000017,-512.500000000017,loss,reverse_fade+stop,1,1,1,2014-09-30 08:45:00-04:00
2014-09-29,short,2014-10-02 13:30:00-04:00,2014-10-02 17:30:00-04:00,1.26547,1.2680250000000002,1.2705800000000003,1.2552499999999998,1.267003,1.2680250000000002,1.267003,2014-10-02 15:45:00-04:00,1.2680250000000002,2014-10-02 17:30:00-04:00,2,1,1.27147,1.26636,0.00511000000000017,-566.6000000000099,loss,dd_cut+flat_at_50,2,3,0,
2014-09-29,long,2014-10-02 17:30:00-04:00,2014-10-03 08:30:00-04:00,1.2680250000000002,1.262915,1.262915,1.2782450000000005,nan,nan,nan,,nan,,0,0,1.27147,1.26636,0.00511000000000017,-512.500000000017,loss,reverse_fade+stop,2,1,1,2014-10-02 13:30:00-04:00
2014-10-06,long,2014-10-08 09:00:00-04:00,2014-10-10 20:45:00-04:00,1.26755,1.26268,1.2512699999999999,1.30011,1.2626659999999998,1.25941,1.2626659999999998,2014-10-10 12:15:00-04:00,nan,,2,0,1.26749,1.25121,0.016280000000000072,-1468.3000000000152,loss,dd_cut+week_end,1,3,0,
2014-10-13,long,2014-10-15 13:15:00-04:00,2014-10-16 10:00:00-04:00,1.27937,1.2726549999999999,1.2659399999999998,1.30623,1.2753409999999998,1.2726549999999999,1.2753409999999998,2014-10-15 14:00:00-04:00,1.2726549999999999,2014-10-16 10:00:00-04:00,2,1,1.27679,1.26336,0.013430000000000053,-1481.8000000000147,loss,dd_cut+flat_at_50,1,3,0,
2014-10-13,short,2014-10-16 10:00:00-04:00,2014-10-17 20:45:00-04:00,1.2726549999999999,1.27589,1.286085,1.2457949999999998,nan,nan,nan,,nan,,0,0,1.27679,1.26336,0.013430000000000053,-325.0000000000099,loss,reverse_fade+week_end,1,1,1,2014-10-15 13:15:00-04:00
2014-10-13,long,2014-10-16 14:30:00-04:00,2014-10-17 20:45:00-04:00,1.27707,1.27589,1.2636399999999999,1.30393,1.2730409999999999,1.270355,nan,,nan,,0,0,1.27679,1.26336,0.013430000000000053,-358.4999999999876,loss,week_end,2,3,0,
2014-10-20,long,2014-10-21 04:15:00-04:00,2014-10-21 09:30:00-04:00,1.28181,1.27753,1.27325,1.2989299999999997,1.279242,1.27753,1.279242,2014-10-21 09:30:00-04:00,1.27753,2014-10-21 09:30:00-04:00,2,1,1.28168,1.27312,0.008559999999999901,-946.0999999999647,loss,dd_cut+flat_at_50,1,3,0,
2014-10-20,short,2014-10-21 09:30:00-04:00,2014-10-24 20:45:00-04:00,1.27753,1.26688,1.28609,1.2604100000000003,nan,nan,nan,,nan,,0,0,1.28168,1.27312,0.008559999999999901,1063.5000000000048,win,reverse_fade+week_end,1,1,1,2014-10-21 04:15:00-04:00
2014-10-20,short,2014-10-21 14:00:00-04:00,2014-10-24 20:45:00-04:00,1.27203,1.26688,1.28059,1.2549100000000002,1.274598,1.27631,nan,,nan,,0,0,1.28168,1.27312,0.008559999999999901,1540.4999999999964,win,week_end,2,3,0,
2014-10-27,long,2014-10-28 12:30:00-04:00,2014-10-29 18:00:00-04:00,1.27453,1.2716599999999998,1.2687899999999999,1.28601,1.272808,1.2716599999999998,1.272808,2014-10-28 14:00:00-04:00,1.2716599999999998,2014-10-29 18:00:00-04:00,2,1,1.27231,1.26657,0.005740000000000078,-635.9000000000153,loss,dd_cut+flat_at_50,1,3,0,
2014-10-27,short,2014-10-29 18:00:00-04:00,2014-10-30 05:00:00-04:00,1.2716599999999998,1.2601799999999996,1.2773999999999999,1.2601799999999996,nan,nan,nan,,nan,,0,0,1.27231,1.26657,0.005740000000000078,1146.5000000000157,win,reverse_fade+target,1,1,1,2014-10-28 12:30:00-04:00
2014-10-27,short,2014-10-29 18:15:00-04:00,2014-10-31 12:45:00-04:00,1.26443,1.2529499999999998,1.27017,1.2529499999999998,1.266152,1.2673,nan,,nan,,0,0,1.27231,1.26657,0.005740000000000078,3439.5000000000473,win,target,2,3,0,
2014-11-03,long,2014-11-04 03:15:00-05:00,2014-11-05 10:00:00-05:00,1.25158,1.2479999999999998,1.2444199999999999,1.2659,1.2494319999999999,1.2479999999999998,1.2494319999999999,2014-11-05 08:45:00-05:00,1.2479999999999998,2014-11-05 10:00:00-05:00,2,1,1.25112,1.24396,0.007160000000000055,-792.1000000000216,loss,dd_cut+flat_at_50,1,3,0,
2014-11-03,short,2014-11-05 10:00:00-05:00,2014-11-07 21:45:00-05:00,1.2479999999999998,1.24533,1.2551599999999998,1.2336799999999997,nan,nan,nan,,nan,,0,0,1.25112,1.24396,0.007160000000000055,265.49999999997283,win,reverse_fade+week_end,1,1,1,2014-11-04 03:15:00-05:00
2014-11-03,long,2014-11-06 04:45:00-05:00,2014-11-06 13:30:00-05:00,1.25141,1.24783,1.2442499999999999,1.26573,1.2492619999999999,1.24783,1.2492619999999999,2014-11-06 13:30:00-05:00,1.24783,2014-11-06 13:30:00-05:00,2,1,1.25112,1.24396,0.007160000000000055,-792.0999999999995,loss,dd_cut+flat_at_50,2,3,0,
2014-11-03,short,2014-11-06 13:30:00-05:00,2014-11-07 21:45:00-05:00,1.24783,1.24533,1.25499,1.2335099999999999,nan,nan,nan,,nan,,0,0,1.25112,1.24396,0.007160000000000055,248.49999999999466,win,reverse_fade+week_end,2,1,1,2014-11-06 04:45:00-05:00
2014-11-10,short,2014-11-11 07:30:00-05:00,2014-11-11 16:15:00-05:00,1.241,1.2455500000000002,1.2501,1.2228000000000003,1.24373,1.2455500000000002,1.24373,2014-11-11 13:15:00-05:00,1.2455500000000002,2014-11-11 16:15:00-05:00,2,1,1.25091,1.24181,0.009099999999999886,-1005.4999999999852,loss,dd_cut+flat_at_50,1,3,0,
2014-11-10,long,2014-11-11 16:15:00-05:00,2014-11-14 21:45:00-05:00,1.2455500000000002,1.25249,1.2364500000000003,1.26375,nan,nan,nan,,nan,,0,0,1.25091,1.24181,0.009099999999999886,692.4999999999947,win,reverse_fade+week_end,1,1,1,2014-11-11 07:30:00-05:00
2014-11-10,short,2014-11-14 13:30:00-05:00,2014-11-14 15:00:00-05:00,1.24139,1.24594,1.2504899999999999,1.2231900000000002,1.24412,1.24594,1.24412,2014-11-14 15:00:00-05:00,1.24594,2014-11-14 15:00:00-05:00,2,1,1.25091,1.24181,0.009099999999999886,-1005.4999999999852,loss,dd_cut+flat_at_50,2,3,0,
2014-11-10,long,2014-11-14 15:00:00-05:00,2014-11-14 21:45:00-05:00,1.24594,1.25249,1.2368400000000002,1.2641399999999998,nan,nan,nan,,nan,,0,0,1.25091,1.24181,0.009099999999999886,653.5000000000056,win,reverse_fade+week_end,2,1,1,2014-11-14 13:30:00-05:00
2014-11-17,short,2014-11-21 09:45:00-05:00,2014-11-21 21:45:00-05:00,1.24384,1.23871,1.25723,1.21706,1.247857,1.2505350000000002,nan,,nan,,0,0,1.25774,1.24435,0.013390000000000013,1534.5000000000236,win,week_end,1,3,0,
2014-11-24,long,2014-11-25 15:00:00-05:00,2014-11-28 21:45:00-05:00,1.24626,1.24497,1.23896,1.2608599999999996,1.24407,1.24261,1.24407,2014-11-28 07:45:00-05:00,nan,,2,0,1.24446,1.23716,0.007299999999999862,-571.4999999999842,loss,dd_cut+week_end,1,3,0,
2014-12-01,short,2014-12-02 13:15:00-05:00,2014-12-04 16:15:00-05:00,1.24113,1.245495,1.24986,1.2236700000000003,1.243749,1.245495,1.243749,2014-12-04 16:00:00-05:00,1.245495,2014-12-04 16:15:00-05:00,2,1,1.25067,1.24194,0.008729999999999905,-964.7999999999806,loss,dd_cut+flat_at_50,1,3,0,
2014-12-01,long,2014-12-04 16:15:00-05:00,2014-12-04 17:30:00-05:00,1.245495,1.2367650000000001,1.2367650000000001,1.2629549999999998,nan,nan,nan,,nan,,0,0,1.25067,1.24194,0.008729999999999905,-874.4999999999905,loss,reverse_fade+stop,1,1,1,2014-12-02 13:15:00-05:00
2014-12-01,short,2014-12-04 17:15:00-05:00,2014-12-05 21:45:00-05:00,1.24186,1.22825,1.2505899999999999,1.2244000000000002,1.244479,1.246225,nan,,nan,,0,0,1.25067,1.24194,0.008729999999999905,4078.49999999997,win,week_end,2,3,0,
2014-12-08,long,2014-12-09 07:45:00-05:00,2014-12-12 21:45:00-05:00,1.23469,1.24595,1.22502,1.2540300000000002,1.231789,1.2298550000000001,nan,,nan,,0,0,1.23439,1.22472,0.009670000000000067,3373.4999999999472,win,week_end,1,3,0,
2014-12-15,long,2014-12-16 08:45:00-05:00,2014-12-17 10:45:00-05:00,1.24805,1.24485,1.2416500000000001,1.26085,1.2461300000000002,1.24485,1.2461300000000002,2014-12-17 08:00:00-05:00,1.24485,2014-12-17 10:45:00-05:00,2,1,1.24786,1.24146,0.006399999999999961,-708.4999999999935,loss,dd_cut+flat_at_50,1,3,0,
2014-12-15,short,2014-12-17 10:45:00-05:00,2014-12-18 07:00:00-05:00,1.24485,1.23205,1.25125,1.23205,nan,nan,nan,,nan,,0,0,1.24786,1.24146,0.006399999999999961,1278.4999999999923,win,reverse_fade+target,1,1,1,2014-12-16 08:45:00-05:00
2014-12-15,short,2014-12-17 15:15:00-05:00,2014-12-17 19:00:00-05:00,1.2412,1.2444000000000002,1.2476,1.2284000000000002,1.24312,1.2444000000000002,1.24312,2014-12-17 19:00:00-05:00,1.2444000000000002,2014-12-17 19:00:00-05:00,2,1,1.24786,1.24146,0.006399999999999961,-708.4999999999935,loss,dd_cut+flat_at_50,2,3,0,
2014-12-15,long,2014-12-17 19:00:00-05:00,2014-12-17 19:30:00-05:00,1.2444000000000002,1.2380000000000002,1.2380000000000002,1.2572,nan,nan,nan,,nan,,0,0,1.24786,1.24146,0.006399999999999961,-641.4999999999961,loss,reverse_fade+stop,2,1,1,2014-12-17 15:15:00-05:00
2014-12-22,short,2014-12-23 12:15:00-05:00,2014-12-26 21:45:00-05:00,1.22114,1.21777,1.2267299999999999,1.20996,1.2228169999999998,1.223935,1.2228169999999998,2014-12-25 07:45:00-05:00,nan,,2,0,1.22725,1.22166,0.005589999999999984,-2.8999999999983856,loss,dd_cut+week_end,1,3,0,
2014-12-29,short,2014-12-30 02:00:00-05:00,2014-12-30 08:00:00-05:00,1.21406,1.217965,1.2218699999999998,1.1984400000000002,1.216403,1.217965,1.216403,2014-12-30 07:45:00-05:00,1.217965,2014-12-30 08:00:00-05:00,2,1,1.2221,1.21429,0.007809999999999873,-863.6000000000015,loss,dd_cut+flat_at_50,1,3,0,
2014-12-29,long,2014-12-30 08:00:00-05:00,2014-12-31 15:45:00-05:00,1.217965,1.210155,1.210155,1.2335849999999997,nan,nan,nan,,nan,,0,0,1.2221,1.21429,0.007809999999999873,-782.4999999999873,loss,reverse_fade+stop,1,1,1,2014-12-30 02:00:00-05:00
2014-12-29,short,2014-12-31 13:00:00-05:00,2015-01-02 21:45:00-05:00,1.21407,1.20017,1.2218799999999999,1.1984500000000002,1.216413,1.217975,nan,,nan,,0,0,1.2221,1.21429,0.007809999999999873,4165.500000000007,win,week_end,2,3,0,
2015-01-05,short,2015-01-06 22:00:00-05:00,2015-01-09 21:45:00-05:00,1.18668,1.18406,1.1955799999999999,1.1688800000000001,1.18935,1.1911299999999998,1.18935,2015-01-07 08:00:00-05:00,nan,,2,0,1.19762,1.18872,0.008899999999999908,-276.49999999998334,loss,dd_cut+week_end,1,3,0,
2015-01-12,short,2015-01-13 12:45:00-05:00,2015-01-14 13:30:00-05:00,1.17805,1.182285,1.18652,1.16111,1.180591,1.182285,1.180591,2015-01-14 07:45:00-05:00,1.182285,2015-01-14 13:30:00-05:00,2,1,1.18708,1.17861,0.008469999999999978,-936.1999999999798,loss,dd_cut+flat_at_50,1,3,0,
2015-01-12,long,2015-01-14 13:30:00-05:00,2015-01-15 09:30:00-05:00,1.182285,1.173815,1.173815,1.199225,nan,nan,nan,,nan,,0,0,1.18708,1.17861,0.008469999999999978,-848.4999999999977,loss,reverse_fade+stop,1,1,1,2015-01-13 12:45:00-05:00
2015-01-12,short,2015-01-14 15:00:00-05:00,2015-01-15 09:30:00-05:00,1.17857,1.16163,1.1870399999999999,1.16163,1.1811109999999998,1.1828049999999999,1.1811109999999998,2015-01-14 17:00:00-05:00,nan,,2,0,1.18708,1.17861,0.008469999999999978,1181.3000000000145,win,dd_cut+target,2,3,0,
2015-01-19,short,2015-01-20 17:30:00-05:00,2015-01-21 12:45:00-05:00,1.15464,1.15901,1.16338,1.1371600000000002,1.157262,1.15901,1.157262,2015-01-21 03:15:00-05:00,1.15901,2015-01-21 12:45:00-05:00,2,1,1.16388,1.15514,0.00873999999999997,-965.899999999979,loss,dd_cut+flat_at_50,1,3,0,
2015-01-19,long,2015-01-21 12:45:00-05:00,2015-01-22 14:00:00-05:00,1.15901,1.1502700000000001,1.1502700000000001,1.17649,nan,nan,nan,,nan,,0,0,1.16388,1.15514,0.00873999999999997,-875.499999999997,loss,reverse_fade+stop,1,1,1,2015-01-20 17:30:00-05:00
2015-01-19,long,2015-01-21 14:45:00-05:00,2015-01-21 15:30:00-05:00,1.16398,1.15961,1.15524,1.18146,1.1613580000000001,1.15961,1.1613580000000001,2015-01-21 15:30:00-05:00,1.15961,2015-01-21 15:30:00-05:00,2,1,1.16388,1.15514,0.00873999999999997,-965.899999999979,loss,dd_cut+flat_at_50,2,3,0,
2015-01-19,short,2015-01-21 15:30:00-05:00,2015-01-22 15:45:00-05:00,1.15961,1.14213,1.16835,1.14213,nan,nan,nan,,nan,,0,0,1.16388,1.15514,0.00873999999999997,1746.499999999994,win,reverse_fade+target,2,1,1,2015-01-21 14:45:00-05:00
2015-01-26,long,2015-01-27 08:30:00-05:00,2015-01-30 21:45:00-05:00,1.13066,1.1285,1.11493,1.16212,1.125941,1.122795,nan,,nan,,0,0,1.12954,1.11381,0.015730000000000022,-652.4999999999819,loss,week_end,1,3,0,
2015-02-02,long,2015-02-03 13:00:00-05:00,2015-02-03 18:15:00-05:00,1.13768,1.1516600000000001,1.13069,1.1516600000000001,1.135583,1.134185,nan,,nan,,0,0,1.13621,1.12922,0.006990000000000052,4189.500000000031,win,target,1,3,0,
2015-02-02,long,2015-02-03 18:30:00-05:00,2015-02-03 22:15:00-05:00,1.15066,1.147165,1.14367,1.1646400000000001,1.148563,1.147165,1.148563,2015-02-03 18:45:00-05:00,1.147165,2015-02-03 22:15:00-05:00,2,1,1.13621,1.12922,0.006990000000000052,-773.4000000000058,loss,dd_cut+flat_at_50,2,3,0,
2015-02-02,short,2015-02-03 22:15:00-05:00,2015-02-04 21:30:00-05:00,1.147165,1.1331849999999999,1.154155,1.1331849999999999,nan,nan,nan,,nan,,0,0,1.13621,1.12922,0.006990000000000052,1396.5000000000105,win,reverse_fade+target,2,1,1,2015-02-03 18:30:00-05:00
2015-02-09,long,2015-02-12 13:30:00-05:00,2015-02-13 21:45:00-05:00,1.13654,1.13877,1.12762,1.1543800000000002,1.133864,1.1320800000000002,1.133864,2015-02-12 14:00:00-05:00,nan,,2,0,1.13595,1.12703,0.008920000000000039,-316.70000000002915,loss,dd_cut+week_end,1,3,0,
2015-02-16,long,2015-02-17 11:45:00-05:00,2015-02-17 15:15:00-05:00,1.1439,1.138415,1.13293,1.1658399999999998,1.140609,1.138415,1.140609,2015-02-17 14:30:00-05:00,1.138415,2015-02-17 15:15:00-05:00,2,1,1.1429,1.13193,0.010969999999999924,-1211.199999999983,loss,dd_cut+flat_at_50,1,3,0,
2015-02-16,short,2015-02-17 15:15:00-05:00,2015-02-20 21:45:00-05:00,1.138415,1.13773,1.1493849999999999,1.116475,nan,nan,nan,,nan,,0,0,1.1429,1.13193,0.010969999999999924,67.00000000000466,win,reverse_fade+week_end,1,1,1,2015-02-17 11:45:00-05:00
2015-02-16,long,2015-02-19 08:15:00-05:00,2015-02-19 12:00:00-05:00,1.14396,1.1384750000000001,1.1329900000000002,1.1659,1.1406690000000002,1.1384750000000001,1.1406690000000002,2015-02-19 09:45:00-05:00,1.1384750000000001,2015-02-19 12:00:00-05:00,2,1,1.1429,1.13193,0.010969999999999924,-1211.199999999983,loss,dd_cut+flat_at_50,2,3,0,
2015-02-16,short,2015-02-19 12:00:00-05:00,2015-02-20 21:45:00-05:00,1.1384750000000001,1.13773,1.149445,1.1165350000000003,nan,nan,nan,,nan,,0,0,1.1429,1.13193,0.010969999999999924,73.00000000002177,win,reverse_fade+week_end,2,1,1,2015-02-19 08:15:00-05:00
2015-02-23,short,2015-02-26 13:30:00-05:00,2015-02-27 21:45:00-05:00,1.12937,1.1197,1.13918,1.1097499999999998,1.132313,1.1342750000000001,nan,,nan,,0,0,1.13932,1.12951,0.009810000000000096,2896.50000000002,win,week_end,1,3,0,
2015-03-02,short,2015-03-03 11:45:00-05:00,2015-03-03 14:45:00-05:00,1.11584,1.1198199999999998,1.1238,1.09992,1.118228,1.1198199999999998,1.118228,2015-03-03 14:00:00-05:00,1.1198199999999998,2015-03-03 14:45:00-05:00,2,1,1.12405,1.11609,0.007959999999999967,-880.0999999999985,loss,dd_cut+flat_at_50,1,3,0,
2015-03-02,long,2015-03-03 14:45:00-05:00,2015-03-04 09:00:00-05:00,1.1198199999999998,1.1118599999999998,1.1118599999999998,1.1357399999999997,nan,nan,nan,,nan,,0,0,1.12405,1.11609,0.007959999999999967,-797.4999999999967,loss,reverse_fade+stop,1,1,1,2015-03-03 11:45:00-05:00
2015-03-02,short,2015-03-04 08:30:00-05:00,2015-03-06 09:15:00-05:00,1.11305,1.0971300000000002,1.12101,1.0971300000000002,1.1154380000000002,1.1170300000000002,nan,,nan,,0,0,1.12405,1.11609,0.007959999999999967,4771.49999999998,win,target,2,3,0,
2015-03-09,short,2015-03-10 00:15:00-04:00,2015-03-10 21:00:00-04:00,1.08276,1.06738,1.09045,1.06738,1.085067,1.086605,nan,,nan,,0,0,1.09065,1.08296,0.007689999999999975,4609.499999999985,win,target,1,3,0,
2015-03-09,short,2015-03-10 21:15:00-04:00,2015-03-11 00:00:00-04:00,1.06782,1.0716649999999999,1.07551,1.05244,1.070127,1.0716649999999999,1.070127,2015-03-10 23:15:00-04:00,1.0716649999999999,2015-03-11 00:00:00-04:00,2,1,1.09065,1.08296,0.007689999999999975,-850.3999999999994,loss,dd_cut+flat_at_50,2,3,0,
2015-03-09,long,2015-03-11 00:00:00-04:00,2015-03-11 08:15:00-04:00,1.0716649999999999,1.063975,1.063975,1.0870449999999998,nan,nan,nan,,nan,,0,0,1.09065,1.08296,0.007689999999999975,-770.4999999999975,loss,reverse_fade+stop,2,1,1,2015-03-10 21:15:00-04:00
2015-03-16,long,2015-03-17 12:00:00-04:00,2015-03-18 20:00:00-04:00,1.06224,1.08942,1.04865,1.08942,1.058163,1.0554450000000002,1.058163,2015-03-18 05:45:00-04:00,nan,,2,0,1.06193,1.04834,0.013589999999999991,1898.0999999999765,win,dd_cut+target,1,3,0,
2015-03-16,long,2015-03-18 20:15:00-04:00,2015-03-18 21:45:00-04:00,1.0915,1.084705,1.07791,1.11868,1.0874229999999998,1.084705,1.0874229999999998,2015-03-18 20:30:00-04:00,1.084705,2015-03-18 21:45:00-04:00,2,1,1.06193,1.04834,0.013589999999999991,-1499.40000000001,loss,dd_cut+flat_at_50,2,3,0,
2015-03-16,short,2015-03-18 21:45:00-04:00,2015-03-20 20:45:00-04:00,1.084705,1.0816,1.098295,1.057525,nan,nan,nan,,nan,,0,0,1.06193,1.04834,0.013589999999999991,309.00000000001353,win,reverse_fade+week_end,2,1,1,2015-03-18 20:15:00-04:00
2015-03-23,long,2015-03-24 08:15:00-04:00,2015-03-26 17:30:00-04:00,1.09729,1.0870900000000001,1.0768900000000001,1.13809,1.0911700000000002,1.0870900000000001,1.0911700000000002,2015-03-24 13:45:00-04:00,1.0870900000000001,2015-03-26 17:30:00-04:00,2,1,1.09713,1.07673,0.020399999999999974,-2248.499999999979,loss,dd_cut+flat_at_50,1,3,0,
2015-03-23,short,2015-03-26 17:30:00-04:00,2015-03-27 20:45:00-04:00,1.0870900000000001,1.08874,1.10749,1.0462900000000002,nan,nan,nan,,nan,,0,0,1.09713,1.07673,0.020399999999999974,-166.49999999999292,loss,reverse_fade+week_end,1,1,1,2015-03-24 08:15:00-04:00
2015-03-30,short,2015-03-31 03:45:00-04:00,2015-04-02 07:00:00-04:00,1.0803,1.08402,1.08774,1.0654200000000003,1.082532,1.08402,1.082532,2015-04-02 06:15:00-04:00,1.08402,2015-04-02 07:00:00-04:00,2,1,1.08842,1.08098,0.007439999999999891,-822.8999999999969,loss,dd_cut+flat_at_50,1,3,0,
2015-03-30,long,2015-04-02 07:00:00-04:00,2015-04-03 12:30:00-04:00,1.08402,1.0988999999999998,1.07658,1.0988999999999998,nan,nan,nan,,nan,,0,0,1.08842,1.08098,0.007439999999999891,1486.4999999999782,win,reverse_fade+target,1,1,1,2015-03-31 03:45:00-04:00
2015-03-30,long,2015-04-02 17:00:00-04:00,2015-04-03 20:45:00-04:00,1.08855,1.09713,1.08111,1.1034299999999997,1.086318,1.08483,nan,,nan,,0,0,1.08842,1.08098,0.007439999999999891,2569.5000000000095,win,week_end,2,3,0,
2015-04-06,short,2015-04-07 08:00:00-04:00,2015-04-09 16:15:00-04:00,1.09066,1.0655399999999997,1.10322,1.0655399999999997,1.094428,1.09694,nan,,nan,,0,0,1.10356,1.091,0.012560000000000127,7531.500000000076,win,target,1,3,0,
2015-04-06,short,2015-04-09 16:30:00-04:00,2015-04-10 20:45:00-04:00,1.06574,1.06022,1.0783,1.0406199999999997,1.069508,1.07202,nan,,nan,,0,0,1.10356,1.091,0.012560000000000127,1651.499999999991,win,week_end,2,3,0,
2015-04-13,long,2015-04-14 12:45:00-04:00,2015-04-15 08:15:00-04:00,1.06367,1.058735,1.0537999999999998,1.08341,1.060709,1.058735,1.060709,2015-04-15 07:30:00-04:00,1.058735,2015-04-15 08:15:00-04:00,2,1,1.0619,1.05203,0.009870000000000045,-1090.1999999999894,loss,dd_cut+flat_at_50,1,3,0,
2015-04-13,short,2015-04-15 08:15:00-04:00,2015-04-15 17:15:00-04:00,1.058735,1.068605,1.068605,1.038995,nan,nan,nan,,nan,,0,0,1.0619,1.05203,0.009870000000000045,-988.5000000000045,loss,reverse_fade+stop,1,1,1,2015-04-14 12:45:00-04:00
2015-04-13,long,2015-04-15 13:00:00-04:00,2015-04-17 08:45:00-04:00,1.06253,1.08227,1.05266,1.08227,1.059569,1.057595,1.059569,2015-04-15 14:30:00-04:00,nan,,2,0,1.0619,1.05203,0.009870000000000045,1377.3000000000109,win,dd_cut+target,2,3,0,
2015-04-20,short,2015-04-21 06:00:00-04:00,2015-04-21 15:00:00-04:00,1.07031,1.075615,1.08092,1.04909,1.073493,1.075615,1.073493,2015-04-21 14:30:00-04:00,1.075615,2015-04-21 15:00:00-04:00,2,1,1.08185,1.07124,0.010610000000000008,-1171.5999999999765,loss,dd_cut+flat_at_50,1,3,0,
2015-04-20,long,2015-04-21 15:00:00-04:00,2015-04-24 20:45:00-04:00,1.075615,1.08706,1.065005,1.096835,nan,nan,nan,,nan,,0,0,1.08185,1.07124,0.010610000000000008,1142.9999999999927,win,reverse_fade+week_end,1,1,1,2015-04-21 06:00:00-04:00
2015-04-20,short,2015-04-23 00:30:00-04:00,2015-04-23 11:45:00-04:00,1.07043,1.0757349999999999,1.08104,1.04921,1.073613,1.0757349999999999,1.073613,2015-04-23 08:45:00-04:00,1.0757349999999999,2015-04-23 11:45:00-04:00,2,1,1.08185,1.07124,0.010610000000000008,-1171.5999999999765,loss,dd_cut+flat_at_50,2,3,0,
2015-04-20,long,2015-04-23 11:45:00-04:00,2015-04-24 20:45:00-04:00,1.0757349999999999,1.08706,1.0651249999999999,1.096955,nan,nan,nan,,nan,,0,0,1.08185,1.07124,0.010610000000000008,1131.000000000003,win,reverse_fade+week_end,2,1,1,2015-04-23 00:30:00-04:00
2015-04-27,long,2015-04-28 10:15:00-04:00,2015-04-29 14:15:00-04:00,1.09268,1.11416,1.0819400000000001,1.11416,1.089458,1.08731,nan,,nan,,0,0,1.09266,1.08192,0.010739999999999972,6439.499999999984,win,target,1,3,0,
2015-04-27,long,2015-04-29 14:30:00-04:00,2015-05-01 20:45:00-04:00,1.11191,1.11948,1.10117,1.13339,1.108688,1.1065399999999999,1.108688,2015-04-29 18:15:00-04:00,nan,,2,0,1.09266,1.08192,0.010739999999999972,108.09999999999593,win,dd_cut+week_end,2,3,0,
2015-05-04,short,2015-05-05 06:15:00-04:00,2015-05-05 12:30:00-04:00,1.11041,1.115495,1.12058,1.0900699999999999,1.1134609999999998,1.115495,1.1134609999999998,2015-05-05 11:00:00-04:00,1.115495,2015-05-05 12:30:00-04:00,2,1,1.12245,1.11228,0.010170000000000012,-1123.1999999999837,loss,dd_cut+flat_at_50,1,3,0,
2015-05-04,long,2015-05-05 12:30:00-04:00,2015-05-06 14:00:00-04:00,1.115495,1.135835,1.105325,1.135835,nan,nan,nan,,nan,,0,0,1.12245,1.11228,0.010170000000000012,2032.5000000000025,win,reverse_fade+target,1,1,1,2015-05-05 06:15:00-04:00
2015-05-04,long,2015-05-06 03:15:00-04:00,2015-05-08 12:30:00-04:00,1.12303,1.117945,1.11286,1.14337,1.119979,1.117945,1.119979,2015-05-08 03:45:00-04:00,1.117945,2015-05-08 12:30:00-04:00,2,1,1.12245,1.11228,0.010170000000000012,-1123.1999999999837,loss,dd_cut+flat_at_50,2,3,0,
2015-05-04,short,2015-05-08 12:30:00-04:00,2015-05-08 20:45:00-04:00,1.117945,1.12015,1.128115,1.097605,nan,nan,nan,,nan,,0,0,1.12245,1.11228,0.010170000000000012,-222.00000000000125,loss,reverse_fade+week_end,2,1,1,2015-05-06 03:15:00-04:00
2015-05-11,long,2015-05-12 07:15:00-04:00,2015-05-13 15:15:00-04:00,1.12195,1.13625,1.1148,1.13625,1.119805,1.118375,nan,,nan,,0,0,1.12025,1.1131,0.00714999999999999,4285.499999999994,win,target,1,3,0,
2015-05-11,long,2015-05-13 15:30:00-04:00,2015-05-15 11:45:00-04:00,1.1371,1.1335250000000001,1.12995,1.1514,1.134955,1.1335250000000001,1.134955,2015-05-13 19:00:00-04:00,1.1335250000000001,2015-05-15 11:45:00-04:00,2,1,1.12025,1.1131,0.00714999999999999,-791.0000000000011,loss,dd_cut+flat_at_50,2,3,0,
2015-05-11,short,2015-05-15 11:45:00-04:00,2015-05-15 14:00:00-04:00,1.1335250000000001,1.140675,1.140675,1.1192250000000001,nan,nan,nan,,nan,,0,0,1.12025,1.1131,0.00714999999999999,-716.499999999999,loss,reverse_fade+stop,2,1,1,2015-05-13 15:30:00-04:00
2015-05-18,short,2015-05-19 01:45:00-04:00,2015-05-22 20:45:00-04:00,1.12941,1.10074,1.14422,1.09979,1.133853,1.136815,nan,,nan,,0,0,1.14468,1.12987,0.01480999999999999,8596.499999999993,win,week_end,1,3,0,
2015-05-25,short,2015-05-26 00:30:00-04:00,2015-05-27 12:15:00-04:00,1.09482,1.08528,1.0995899999999998,1.08528,1.0962509999999999,1.0972049999999998,nan,,nan,,0,0,1.10067,1.0959,0.004769999999999941,2857.4999999999645,win,target,1,3,0,
2015-05-25,short,2015-05-27 12:30:00-04:00,2015-05-27 13:45:00-04:00,1.08325,1.085635,1.08802,1.0737100000000002,1.084681,1.085635,1.084681,2015-05-27 13:45:00-04:00,1.085635,2015-05-27 13:45:00-04:00,2,1,1.10067,1.0959,0.004769999999999941,-529.199999999978,loss,dd_cut+flat_at_50,2,3,0,
2015-05-25,long,2015-05-27 13:45:00-04:00,2015-05-28 17:30:00-04:00,1.085635,1.0951749999999998,1.080865,1.0951749999999998,nan,nan,nan,,nan,,0,0,1.10067,1.0959,0.004769999999999941,952.4999999999882,win,reverse_fade+target,2,1,1,2015-05-27 12:30:00-04:00
2015-06-01,long,2015-06-02 07:00:00-04:00,2015-06-02 13:15:00-04:00,1.09843,1.1167700000000003,1.08926,1.1167700000000003,1.095679,1.093845,1.095679,2015-06-02 07:45:00-04:00,nan,,2,0,1.0979,1.08873,0.009170000000000122,1279.300000000035,win,dd_cut+target,1,3,0,
2015-06-01,long,2015-06-02 13:30:00-04:00,2015-06-04 08:00:00-04:00,1.11115,1.1294900000000003,1.10198,1.1294900000000003,1.1083990000000001,1.106565,1.1083990000000001,2015-06-03 12:45:00-04:00,nan,,2,0,1.0979,1.08873,0.009170000000000122,1279.300000000035,win,dd_cut+target,2,3,0,
2015-06-08,long,2015-06-09 01:30:00-04:00,2015-06-11 12:30:00-04:00,1.13246,1.12133,1.1102,1.17698,1.125782,1.12133,1.125782,2015-06-09 07:30:00-04:00,1.12133,2015-06-11 12:30:00-04:00,2,1,1.13068,1.10842,0.022259999999999946,-2453.100000000001,loss,dd_cut+flat_at_50,1,3,0,
2015-06-08,short,2015-06-11 12:30:00-04:00,2015-06-12 20:45:00-04:00,1.12133,1.12648,1.1435899999999999,1.07681,nan,nan,nan,,nan,,0,0,1.13068,1.10842,0.022259999999999946,-516.4999999999987,loss,reverse_fade+week_end,1,1,1,2015-06-09 01:30:00-04:00
2015-06-15,long,2015-06-16 06:45:00-04:00,2015-06-16 08:30:00-04:00,1.13153,1.126265,1.121,1.1525899999999998,1.128371,1.126265,1.128371,2015-06-16 07:30:00-04:00,1.126265,2015-06-16 08:30:00-04:00,2,1,1.12944,1.11891,0.010529999999999928,-1162.7999999999677,loss,dd_cut+flat_at_50,1,3,0,
2015-06-15,short,2015-06-16 08:30:00-04:00,2015-06-17 23:45:00-04:00,1.126265,1.136795,1.136795,1.1052050000000002,nan,nan,nan,,nan,,0,0,1.12944,1.11891,0.010529999999999928,-1054.4999999999927,loss,reverse_fade+stop,1,1,1,2015-06-16 06:45:00-04:00
2015-06-15,long,2015-06-17 18:00:00-04:00,2015-06-19 20:45:00-04:00,1.13062,1.13487,1.12009,1.1516799999999998,1.127461,1.1253549999999999,nan,,nan,,0,0,1.12944,1.11891,0.010529999999999928,1270.5000000000261,win,week_end,2,3,0,
2015-06-22,short,2015-06-23 02:15:00-04:00,2015-06-26 20:45:00-04:00,1.13033,1.11625,1.14015,1.1106900000000002,1.133276,1.13524,nan,,nan,,0,0,1.14102,1.1312,0.00981999999999994,4219.500000000028,win,week_end,1,3,0,
2015-07-06,short,2015-07-07 08:15:00-04:00,2015-07-07 19:15:00-04:00,1.09829,1.10338,1.10847,1.0779299999999998,1.101344,1.10338,1.101344,2015-07-07 19:15:00-04:00,1.10338,2015-07-07 19:15:00-04:00,2,1,1.10954,1.09936,0.010180000000000078,-1124.3000000000263,loss,dd_cut+flat_at_50,1,3,0,
2015-07-06,long,2015-07-07 19:15:00-04:00,2015-07-10 20:45:00-04:00,1.10338,1.11519,1.0932,1.1237400000000002,nan,nan,nan,,nan,,0,0,1.10954,1.09936,0.010180000000000078,1179.4999999999877,win,reverse_fade+week_end,1,1,1,2015-07-07 08:15:00-04:00
2015-07-06,short,2015-07-07 21:15:00-04:00,2015-07-08 07:45:00-04:00,1.09904,1.10413,1.10922,1.0786799999999999,1.1020940000000001,1.10413,1.1020940000000001,2015-07-08 06:30:00-04:00,1.10413,2015-07-08 07:45:00-04:00,2,1,1.10954,1.09936,0.010180000000000078,-1124.3000000000263,loss,dd_cut+flat_at_50,2,3,0,
2015-07-06,long,2015-07-08 07:45:00-04:00,2015-07-10 20:45:00-04:00,1.10413,1.11519,1.09395,1.1244900000000002,nan,nan,nan,,nan,,0,0,1.10954,1.09936,0.010180000000000078,1104.4999999999848,win,reverse_fade+week_end,2,1,1,2015-07-07 21:15:00-04:00
2015-07-13,short,2015-07-14 00:30:00-04:00,2015-07-17 20:45:00-04:00,1.09779,1.08279,1.11937,1.0546300000000002,1.1042640000000001,1.10858,1.1042640000000001,2015-07-14 09:45:00-04:00,nan,,2,0,1.11968,1.0981,0.021579999999999933,200.69999999999436,win,dd_cut+week_end,1,3,0,
2015-07-20,long,2015-07-21 11:45:00-04:00,2015-07-23 07:30:00-04:00,1.08725,1.0995700000000004,1.0810899999999999,1.0995700000000004,1.085402,1.0841699999999999,nan,,nan,,0,0,1.08702,1.08086,0.006160000000000165,3691.500000000099,win,target,1,3,0,
2015-07-20,long,2015-07-23 07:45:00-04:00,2015-07-23 13:00:00-04:00,1.09852,1.09544,1.0923599999999998,1.1108400000000003,1.0966719999999999,1.09544,1.0966719999999999,2015-07-23 12:45:00-04:00,1.09544,2015-07-23 13:00:00-04:00,2,1,1.08702,1.08086,0.006160000000000165,-682.1000000000115,loss,dd_cut+flat_at_50,2,3,0,
2015-07-20,short,2015-07-23 13:00:00-04:00,2015-07-24 20:45:00-04:00,1.09544,1.09812,1.1016000000000001,1.0831199999999996,nan,nan,nan,,nan,,0,0,1.08702,1.08086,0.006160000000000165,-269.5000000000016,loss,reverse_fade+week_end,2,1,1,2015-07-23 07:45:00-04:00
2015-07-27,short,2015-07-30 00:00:00-04:00,2015-07-31 12:30:00-04:00,1.09666,1.1045699999999998,1.11248,1.06502,1.1014059999999999,1.1045699999999998,1.1014059999999999,2015-07-31 12:30:00-04:00,1.1045699999999998,2015-07-31 12:30:00-04:00,2,1,1.11292,1.0971,0.015819999999999945,-1744.6999999999696,loss,dd_cut+flat_at_50,1,3,0,
2015-07-27,long,2015-07-31 12:30:00-04:00,2015-07-31 20:45:00-04:00,1.1045699999999998,1.0983,1.0887499999999999,1.1362099999999997,nan,nan,nan,,nan,,0,0,1.11292,1.0971,0.015819999999999945,-628.4999999999776,loss,reverse_fade+week_end,1,1,1,2015-07-30 00:00:00-04:00
2015-07-27,short,2015-07-31 18:45:00-04:00,2015-07-31 20:45:00-04:00,1.09648,1.0983,1.1122999999999998,1.06484,1.1012259999999998,1.10439,nan,,nan,,0,0,1.11292,1.0971,0.015819999999999945,-550.5000000000465,loss,week_end,2,3,0,
2015-08-03,short,2015-08-04 00:00:00-04:00,2015-08-04 06:00:00-04:00,1.09365,1.0963699999999998,1.09909,1.0827700000000002,1.095282,1.0963699999999998,1.095282,2015-08-04 05:30:00-04:00,1.0963699999999998,2015-08-04 06:00:00-04:00,2,1,1.09957,1.09413,0.005439999999999889,-602.899999999999,loss,dd_cut+flat_at_50,1,3,0,
2015-08-03,long,2015-08-04 06:00:00-04:00,2015-08-04 18:00:00-04:00,1.0963699999999998,1.09093,1.09093,1.1072499999999996,nan,nan,nan,,nan,,0,0,1.09957,1.09413,0.005439999999999889,-545.499999999989,loss,reverse_fade+stop,1,1,1,2015-08-04 00:00:00-04:00
2015-08-03,short,2015-08-04 17:30:00-04:00,2015-08-07 12:15:00-04:00,1.09321,1.09593,1.09865,1.0823300000000002,1.0948419999999999,1.09593,1.0948419999999999,2015-08-07 07:30:00-04:00,1.09593,2015-08-07 12:15:00-04:00,2,1,1.09957,1.09413,0.005439999999999889,-602.8999999999767,loss,dd_cut+flat_at_50,2,3,0,
2015-08-03,long,2015-08-07 12:15:00-04:00,2015-08-07 12:30:00-04:00,1.09593,1.0904900000000002,1.0904900000000002,1.1068099999999998,nan,nan,nan,,nan,,0,0,1.09957,1.09413,0.005439999999999889,-545.499999999989,loss,reverse_fade+stop,2,1,1,2015-08-04 17:30:00-04:00
2015-08-10,long,2015-08-11 08:00:00-04:00,2015-08-14 20:45:00-04:00,1.1042,1.11079,1.0926000000000002,1.1273999999999997,1.1007200000000001,1.0984000000000003,nan,,nan,,0,0,1.10414,1.09254,0.011599999999999833,1972.4999999999623,win,week_end,1,3,0,
2015-08-17,short,2015-08-18 04:30:00-04:00,2015-08-18 07:45:00-04:00,1.10555,1.1088550000000001,1.11216,1.09233,1.107533,1.1088550000000001,1.107533,2015-08-18 07:00:00-04:00,1.1088550000000001,2015-08-18 07:45:00-04:00,2,1,1.11249,1.10588,0.006610000000000005,-731.6000000000249,loss,dd_cut+flat_at_50,1,3,0,
2015-08-17,long,2015-08-18 07:45:00-04:00,2015-08-18 13:15:00-04:00,1.1088550000000001,1.1022450000000001,1.1022450000000001,1.1220750000000002,nan,nan,nan,,nan,,0,0,1.11249,1.10588,0.006610000000000005,-662.5000000000005,loss,reverse_fade+stop,1,1,1,2015-08-18 04:30:00-04:00
2015-08-17,short,2015-08-18 10:30:00-04:00,2015-08-19 17:45:00-04:00,1.10583,1.1091350000000002,1.11244,1.09261,1.1078130000000002,1.1091350000000002,1.1078130000000002,2015-08-19 17:30:00-04:00,1.1091350000000002,2015-08-19 17:45:00-04:00,2,1,1.11249,1.10588,0.006610000000000005,-731.6000000000249,loss,dd_cut+flat_at_50,2,3,0,
2015-08-17,long,2015-08-19 17:45:00-04:00,2015-08-20 20:00:00-04:00,1.1091350000000002,1.1223550000000002,1.1025250000000002,1.1223550000000002,nan,nan,nan,,nan,,0,0,1.11249,1.10588,0.006610000000000005,1320.500000000001,win,reverse_fade+target,2,1,1,2015-08-18 10:30:00-04:00
2015-08-24,short,2015-08-26 14:00:00-04:00,2015-08-28 20:45:00-04:00,1.13689,1.118,1.17136,1.06795,1.147231,1.154125,nan,,nan,,0,0,1.17139,1.13692,0.03447,5662.499999999955,win,week_end,1,3,0,
2015-08-31,long,2015-09-01 02:00:00-04:00,2015-09-02 13:15:00-04:00,1.127,1.1228950000000002,1.1187900000000002,1.1434199999999997,1.1245370000000001,1.1228950000000002,1.1245370000000001,2015-09-01 11:45:00-04:00,1.1228950000000002,2015-09-02 13:15:00-04:00,2,1,1.12624,1.11803,0.008209999999999829,-907.5999999999567,loss,dd_cut+flat_at_50,1,3,0,
2015-08-31,short,2015-09-02 13:15:00-04:00,2015-09-04 20:45:00-04:00,1.1228950000000002,1.11499,1.131105,1.1064750000000005,nan,nan,nan,,nan,,0,0,1.12624,1.11803,0.008209999999999829,789.0000000000273,win,reverse_fade+week_end,1,1,1,2015-09-01 02:00:00-04:00
2015-08-31,short,2015-09-03 12:30:00-04:00,2015-09-04 12:30:00-04:00,1.11414,1.118245,1.1223499999999997,1.0977200000000003,1.1166029999999998,1.118245,1.1166029999999998,2015-09-04 12:30:00-04:00,1.118245,2015-09-04 12:30:00-04:00,2,1,1.12624,1.11803,0.008209999999999829,-907.5999999999789,loss,dd_cut+flat_at_50,2,3,0,
2015-08-31,long,2015-09-04 12:30:00-04:00,2015-09-04 12:45:00-04:00,1.118245,1.110035,1.110035,1.1346649999999996,nan,nan,nan,,nan,,0,0,1.12624,1.11803,0.008209999999999829,-822.4999999999828,loss,reverse_fade+stop,2,1,1,2015-09-03 12:30:00-04:00
2015-09-07,long,2015-09-08 03:30:00-04:00,2015-09-08 09:30:00-04:00,1.11941,1.1165850000000002,1.11376,1.1307099999999999,1.117715,1.1165850000000002,1.117715,2015-09-08 07:00:00-04:00,1.1165850000000002,2015-09-08 09:30:00-04:00,2,1,1.11778,1.11213,0.005649999999999933,-625.9999999999859,loss,dd_cut+flat_at_50,1,3,0,
2015-09-07,short,2015-09-08 09:30:00-04:00,2015-09-09 21:45:00-04:00,1.1165850000000002,1.122235,1.122235,1.1052850000000003,nan,nan,nan,,nan,,0,0,1.11778,1.11213,0.005649999999999933,-566.4999999999933,loss,reverse_fade+stop,1,1,1,2015-09-08 03:30:00-04:00
2015-09-07,long,2015-09-08 13:15:00-04:00,2015-09-09 06:00:00-04:00,1.11796,1.115135,1.1123100000000001,1.12926,1.116265,1.115135,1.116265,2015-09-09 04:45:00-04:00,1.115135,2015-09-09 06:00:00-04:00,2,1,1.11778,1.11213,0.005649999999999933,-626.0000000000082,loss,dd_cut+flat_at_50,2,3,0,
2015-09-07,short,2015-09-09 06:00:00-04:00,2015-09-09 19:45:00-04:00,1.115135,1.120785,1.120785,1.1038350000000001,nan,nan,nan,,nan,,0,0,1.11778,1.11213,0.005649999999999933,-566.4999999999933,loss,reverse_fade+stop,2,1,1,2015-09-08 13:15:00-04:00
2015-09-14,short,2015-09-15 14:45:00-04:00,2015-09-16 16:30:00-04:00,1.12736,1.13185,1.1363400000000001,1.1093999999999995,1.130054,1.13185,1.130054,2015-09-16 14:00:00-04:00,1.13185,2015-09-16 16:30:00-04:00,2,1,1.13732,1.12834,0.00898000000000021,-992.3000000000054,loss,dd_cut+flat_at_50,1,3,0,
2015-09-14,long,2015-09-16 16:30:00-04:00,2015-09-18 20:45:00-04:00,1.13185,1.12974,1.1228699999999998,1.1498100000000004,nan,nan,nan,,nan,,0,0,1.13732,1.12834,0.00898000000000021,-212.50000000000563,loss,reverse_fade+week_end,1,1,1,2015-09-15 14:45:00-04:00
2015-09-14,long,2015-09-17 18:00:00-04:00,2015-09-18 15:00:00-04:00,1.14109,1.1365999999999998,1.1321099999999997,1.1590500000000004,1.138396,1.1365999999999998,1.138396,2015-09-17 18:15:00-04:00,1.1365999999999998,2015-09-18 15:00:00-04:00,2,1,1.13732,1.12834,0.00898000000000021,-992.3000000000054,loss,dd_cut+flat_at_50,2,3,0,
2015-09-14,short,2015-09-18 15:00:00-04:00,2015-09-18 20:45:00-04:00,1.1365999999999998,1.12974,1.14558,1.1186399999999994,nan,nan,nan,,nan,,0,0,1.13732,1.12834,0.00898000000000021,684.4999999999866,win,reverse_fade+week_end,2,1,1,2015-09-17 18:00:00-04:00
2015-09-21,short,2015-09-22 06:00:00-04:00,2015-09-24 11:00:00-04:00,1.11635,1.1237849999999998,1.13122,1.08661,1.120811,1.1237849999999998,1.120811,2015-09-23 18:45:00-04:00,1.1237849999999998,2015-09-24 11:00:00-04:00,2,1,1.13299,1.11812,0.014869999999999939,-1640.1999999999953,loss,dd_cut+flat_at_50,1,3,0,
2015-09-21,long,2015-09-24 11:00:00-04:00,2015-09-25 20:45:00-04:00,1.1237849999999998,1.11922,1.1089149999999999,1.1535249999999997,nan,nan,nan,,nan,,0,0,1.13299,1.11812,0.014869999999999939,-457.99999999997084,loss,reverse_fade+week_end,1,1,1,2015-09-22 06:00:00-04:00
2015-09-21,short,2015-09-24 21:15:00-04:00,2015-09-25 20:45:00-04:00,1.11781,1.11922,1.13268,1.08807,1.122271,1.125245,nan,,nan,,0,0,1.13299,1.11812,0.014869999999999939,-427.50000000004,loss,week_end,2,3,0,
2015-09-28,long,2015-09-29 00:00:00-04:00,2015-09-29 12:15:00-04:00,1.12513,1.120085,1.1150399999999998,1.1453100000000003,1.1221029999999999,1.120085,1.1221029999999999,2015-09-29 08:45:00-04:00,1.120085,2015-09-29 12:15:00-04:00,2,1,1.12477,1.11468,0.010090000000000154,-1114.4000000000192,loss,dd_cut+flat_at_50,1,3,0,
2015-09-28,short,2015-09-29 12:15:00-04:00,2015-10-02 12:30:00-04:00,1.120085,1.1301750000000002,1.1301750000000002,1.0999049999999997,nan,nan,nan,,nan,,0,0,1.12477,1.11468,0.010090000000000154,-1010.5000000000155,loss,reverse_fade+stop,1,1,1,2015-09-29 00:00:00-04:00
2015-09-28,long,2015-09-29 16:15:00-04:00,2015-09-30 10:00:00-04:00,1.12547,1.120425,1.1153799999999998,1.1456500000000003,1.1224429999999999,1.120425,1.1224429999999999,2015-09-30 06:45:00-04:00,1.120425,2015-09-30 10:00:00-04:00,2,1,1.12477,1.11468,0.010090000000000154,-1114.4000000000192,loss,dd_cut+flat_at_50,2,3,0,
2015-09-28,short,2015-09-30 10:00:00-04:00,2015-10-02 12:30:00-04:00,1.120425,1.1305150000000002,1.1305150000000002,1.1002449999999997,nan,nan,nan,,nan,,0,0,1.12477,1.11468,0.010090000000000154,-1010.5000000000155,loss,reverse_fade+stop,2,1,1,2015-09-29 16:15:00-04:00
2015-10-05,long,2015-10-08 07:15:00-04:00,2015-10-08 12:00:00-04:00,1.13041,1.12462,1.11883,1.1535699999999998,1.126936,1.12462,1.126936,2015-10-08 12:00:00-04:00,1.12462,2015-10-08 12:00:00-04:00,2,1,1.12892,1.11734,0.011579999999999924,-1278.2999999999915,loss,dd_cut+flat_at_50,1,3,0,
2015-10-05,short,2015-10-08 12:00:00-04:00,2015-10-09 10:45:00-04:00,1.12462,1.1361999999999999,1.1361999999999999,1.10146,nan,nan,nan,,nan,,0,0,1.12892,1.11734,0.011579999999999924,-1159.4999999999923,loss,reverse_fade+stop,1,1,1,2015-10-08 07:15:00-04:00
2015-10-05,long,2015-10-08 17:00:00-04:00,2015-10-09 20:45:00-04:00,1.12975,1.13571,1.11817,1.1529099999999999,1.126276,1.12396,nan,,nan,,0,0,1.12892,1.11734,0.011579999999999924,1783.4999999999898,win,week_end,2,3,0,
2015-10-12,short,2015-10-13 00:15:00-04:00,2015-10-13 04:45:00-04:00,1.1346,1.1368550000000002,1.13911,1.12558,1.135953,1.1368550000000002,1.135953,2015-10-13 02:45:00-04:00,1.1368550000000002,2015-10-13 04:45:00-04:00,2,1,1.13968,1.13517,0.004510000000000014,-500.59999999999934,loss,dd_cut+flat_at_50,1,3,0,
2015-10-12,long,2015-10-13 04:45:00-04:00,2015-10-14 18:00:00-04:00,1.1368550000000002,1.1458750000000002,1.1323450000000002,1.1458750000000002,nan,nan,nan,,nan,,0,0,1.13968,1.13517,0.004510000000000014,900.5000000000028,win,reverse_fade+target,1,1,1,2015-10-13 00:15:00-04:00
2015-10-12,long,2015-10-13 07:30:00-04:00,2015-10-13 08:30:00-04:00,1.13996,1.137705,1.13545,1.1489800000000001,1.1386070000000001,1.137705,1.1386070000000001,2015-10-13 08:30:00-04:00,1.137705,2015-10-13 08:30:00-04:00,2,1,1.13968,1.13517,0.004510000000000014,-500.59999999999934,loss,dd_cut+flat_at_50,2,3,0,
2015-10-12,short,2015-10-13 08:30:00-04:00,2015-10-14 07:15:00-04:00,1.137705,1.142215,1.142215,1.128685,nan,nan,nan,,nan,,0,0,1.13968,1.13517,0.004510000000000014,-452.5000000000014,loss,reverse_fade+stop,2,1,1,2015-10-13 07:30:00-04:00
2015-10-19,long,2015-10-20 10:00:00-04:00,2015-10-20 14:30:00-04:00,1.13812,1.134465,1.1308099999999999,1.1527400000000003,1.135927,1.134465,1.135927,2015-10-20 12:30:00-04:00,1.134465,2015-10-20 14:30:00-04:00,2,1,1.13789,1.13058,0.00731000000000015,-808.6000000000187,loss,dd_cut+flat_at_50,1,3,0,
2015-10-19,short,2015-10-20 14:30:00-04:00,2015-10-22 12:45:00-04:00,1.134465,1.1198449999999998,1.1417750000000002,1.1198449999999998,nan,nan,nan,,nan,,0,0,1.13789,1.13058,0.00731000000000015,1460.50000000003,win,reverse_fade+target,1,1,1,2015-10-20 10:00:00-04:00
2015-10-19,short,2015-10-22 12:15:00-04:00,2015-10-22 21:30:00-04:00,1.12422,1.1095999999999997,1.1315300000000001,1.1095999999999997,1.126413,1.127875,1.126413,2015-10-22 12:30:00-04:00,nan,,2,0,1.13789,1.13058,0.00731000000000015,1018.9000000000077,win,dd_cut+target,2,3,0,
2015-10-26,long,2015-10-28 11:15:00-04:00,2015-10-28 18:00:00-04:00,1.10693,1.103715,1.1005,1.1197899999999998,1.105001,1.103715,1.105001,2015-10-28 18:00:00-04:00,1.103715,2015-10-28 18:00:00-04:00,2,1,1.10682,1.10039,0.006429999999999936,-711.8000000000108,loss,dd_cut+flat_at_50,1,3,0,
2015-10-26,short,2015-10-28 18:00:00-04:00,2015-10-28 18:30:00-04:00,1.103715,1.0908550000000001,1.110145,1.0908550000000001,nan,nan,nan,,nan,,0,0,1.10682,1.10039,0.006429999999999936,1284.4999999999873,win,reverse_fade+target,1,1,1,2015-10-28 11:15:00-04:00
2015-10-26,short,2015-10-28 18:15:00-04:00,2015-10-29 09:15:00-04:00,1.09347,1.096685,1.0998999999999999,1.08061,1.095399,1.096685,1.095399,2015-10-29 09:00:00-04:00,1.096685,2015-10-29 09:15:00-04:00,2,1,1.10682,1.10039,0.006429999999999936,-711.8000000000108,loss,dd_cut+flat_at_50,2,3,0,
2015-10-26,long,2015-10-29 09:15:00-04:00,2015-10-30 20:45:00-04:00,1.096685,1.10033,1.090255,1.1095449999999998,nan,nan,nan,,nan,,0,0,1.10682,1.10039,0.006429999999999936,363.00000000001205,win,reverse_fade+week_end,2,1,1,2015-10-28 18:15:00-04:00
2015-11-02,short,2015-11-03 08:45:00-05:00,2015-11-04 14:15:00-05:00,1.09947,1.0890099999999998,1.1047,1.0890099999999998,1.1010389999999999,1.102085,nan,,nan,,0,0,1.10525,1.10002,0.005230000000000068,3133.500000000041,win,target,1,3,0,
2015-11-02,short,2015-11-04 14:30:00-05:00,2015-11-06 13:30:00-05:00,1.08877,1.0783099999999999,1.094,1.0783099999999999,1.090339,1.091385,nan,,nan,,0,0,1.10525,1.10002,0.005230000000000068,3133.500000000041,win,target,2,3,0,
2015-11-09,short,2015-11-10 12:45:00-05:00,2015-11-10 23:30:00-05:00,1.07011,1.0732749999999998,1.0764399999999998,1.05745,1.072009,1.0732749999999998,1.072009,2015-11-10 18:15:00-05:00,1.0732749999999998,2015-11-10 23:30:00-05:00,2,1,1.07899,1.07266,0.006329999999999947,-700.8000000000052,loss,dd_cut+flat_at_50,1,3,0,
2015-11-09,long,2015-11-10 23:30:00-05:00,2015-11-13 21:45:00-05:00,1.0732749999999998,1.07701,1.0669449999999998,1.0859349999999997,nan,nan,nan,,nan,,0,0,1.07899,1.07266,0.006329999999999947,372.0000000000266,win,reverse_fade+week_end,1,1,1,2015-11-10 12:45:00-05:00
2015-11-09,short,2015-11-11 11:15:00-05:00,2015-11-11 15:00:00-05:00,1.07202,1.0751849999999998,1.07835,1.05936,1.073919,1.0751849999999998,1.073919,2015-11-11 14:00:00-05:00,1.0751849999999998,2015-11-11 15:00:00-05:00,2,1,1.07899,1.07266,0.006329999999999947,-700.8000000000052,loss,dd_cut+flat_at_50,2,3,0,
2015-11-09,long,2015-11-11 15:00:00-05:00,2015-11-13 21:45:00-05:00,1.0751849999999998,1.07701,1.0688549999999999,1.0878449999999997,nan,nan,nan,,nan,,0,0,1.07899,1.07266,0.006329999999999947,181.00000000001876,win,reverse_fade+week_end,2,1,1,2015-11-11 11:15:00-05:00
2015-11-16,short,2015-11-17 01:00:00-05:00,2015-11-19 01:45:00-05:00,1.06692,1.0710950000000001,1.0752700000000002,1.05022,1.069425,1.0710950000000001,1.069425,2015-11-19 01:30:00-05:00,1.0710950000000001,2015-11-19 01:45:00-05:00,2,1,1.0758,1.06745,0.00835000000000008,-922.9999999999999,loss,dd_cut+flat_at_50,1,3,0,
2015-11-16,long,2015-11-19 01:45:00-05:00,2015-11-20 21:45:00-05:00,1.0710950000000001,1.0645,1.062745,1.0877950000000003,nan,nan,nan,,nan,,0,0,1.0758,1.06745,0.00835000000000008,-661.0000000000128,loss,reverse_fade+week_end,1,1,1,2015-11-17 01:00:00-05:00
2015-11-16,short,2015-11-19 07:45:00-05:00,2015-11-19 11:45:00-05:00,1.0674,1.071575,1.07575,1.0506999999999997,1.0699049999999999,1.071575,1.0699049999999999,2015-11-19 09:30:00-05:00,1.071575,2015-11-19 11:45:00-05:00,2,1,1.0758,1.06745,0.00835000000000008,-922.9999999999999,loss,dd_cut+flat_at_50,2,3,0,
2015-11-16,long,2015-11-19 11:45:00-05:00,2015-11-20 21:45:00-05:00,1.071575,1.0645,1.0632249999999999,1.088275,nan,nan,nan,,nan,,0,0,1.0758,1.06745,0.00835000000000008,-708.9999999999942,loss,reverse_fade+week_end,2,1,1,2015-11-19 07:45:00-05:00
2015-11-23,long,2015-11-24 08:45:00-05:00,2015-11-25 09:15:00-05:00,1.06599,1.062785,1.0595800000000002,1.0788099999999996,1.064067,1.062785,1.064067,2015-11-24 10:00:00-05:00,1.062785,2015-11-25 09:15:00-05:00,2,1,1.06567,1.05926,0.006409999999999805,-709.5999999999697,loss,dd_cut+flat_at_50,1,3,0,
2015-11-23,short,2015-11-25 09:15:00-05:00,2015-11-27 21:45:00-05:00,1.062785,1.05923,1.069195,1.0499650000000005,nan,nan,nan,,nan,,0,0,1.06567,1.05926,0.006409999999999805,354.00000000001967,win,reverse_fade+week_end,1,1,1,2015-11-24 08:45:00-05:00
2015-11-23,short,2015-11-25 11:00:00-05:00,2015-11-25 16:15:00-05:00,1.05832,1.0615249999999998,1.0647299999999997,1.0455000000000003,1.0602429999999998,1.0615249999999998,1.0602429999999998,2015-11-25 16:00:00-05:00,1.0615249999999998,2015-11-25 16:15:00-05:00,2,1,1.06567,1.05926,0.006409999999999805,-709.5999999999697,loss,dd_cut+flat_at_50,2,3,0,
2015-11-23,long,2015-11-25 16:15:00-05:00,2015-11-27 21:45:00-05:00,1.0615249999999998,1.05923,1.055115,1.0743449999999994,nan,nan,nan,,nan,,0,0,1.06567,1.05926,0.006409999999999805,-230.9999999999936,loss,reverse_fade+week_end,2,1,1,2015-11-25 11:00:00-05:00
2015-11-30,long,2015-12-01 08:45:00-05:00,2015-12-01 10:00:00-05:00,1.06067,1.058815,1.05696,1.0680900000000002,1.0595569999999999,1.058815,1.0595569999999999,2015-12-01 09:30:00-05:00,1.058815,2015-12-01 10:00:00-05:00,2,1,1.0595,1.05579,0.003710000000000102,-412.6000000000223,loss,dd_cut+flat_at_50,1,3,0,
2015-11-30,short,2015-12-01 10:00:00-05:00,2015-12-01 14:15:00-05:00,1.058815,1.0625250000000002,1.0625250000000002,1.0513949999999999,nan,nan,nan,,nan,,0,0,1.0595,1.05579,0.003710000000000102,-372.50000000001023,loss,reverse_fade+stop,1,1,1,2015-12-01 08:45:00-05:00
2015-11-30,long,2015-12-01 12:15:00-05:00,2015-12-02 13:30:00-05:00,1.0599,1.058045,1.05619,1.0673200000000003,1.0587870000000001,1.058045,1.0587870000000001,2015-12-02 10:15:00-05:00,1.058045,2015-12-02 13:30:00-05:00,2,1,1.0595,1.05579,0.003710000000000102,-412.60000000000014,loss,dd_cut+flat_at_50,2,3,0,
2015-11-30,short,2015-12-02 13:30:00-05:00,2015-12-02 19:00:00-05:00,1.058045,1.061755,1.061755,1.0506249999999997,nan,nan,nan,,nan,,0,0,1.0595,1.05579,0.003710000000000102,-372.50000000001023,loss,reverse_fade+stop,2,1,1,2015-12-01 12:15:00-05:00
2015-12-07,long,2015-12-08 13:30:00-05:00,2015-12-11 21:45:00-05:00,1.08881,1.09928,1.0803,1.10583,1.086257,1.084555,nan,,nan,,0,0,1.08811,1.0796,0.008510000000000018,3136.4999999999936,win,week_end,1,3,0,
2015-12-14,long,2015-12-15 07:30:00-05:00,2015-12-15 11:45:00-05:00,1.10542,1.10027,1.0951199999999999,1.1260200000000005,1.10233,1.10027,1.10233,2015-12-15 08:45:00-05:00,1.10027,2015-12-15 11:45:00-05:00,2,1,1.10485,1.09455,0.010300000000000198,-1137.5000000000061,loss,dd_cut+flat_at_50,1,3,0,
2015-12-14,short,2015-12-15 11:45:00-05:00,2015-12-18 21:45:00-05:00,1.10027,1.08632,1.1105700000000003,1.0796699999999997,nan,nan,nan,,nan,,0,0,1.10485,1.09455,0.010300000000000198,1393.500000000013,win,reverse_fade+week_end,1,1,1,2015-12-15 07:30:00-05:00
2015-12-14,short,2015-12-15 15:15:00-05:00,2015-12-16 19:30:00-05:00,1.09362,1.09877,1.1039200000000002,1.0730199999999996,1.09671,1.09877,1.09671,2015-12-16 18:30:00-05:00,1.09877,2015-12-16 19:30:00-05:00,2,1,1.10485,1.09455,0.010300000000000198,-1137.5000000000061,loss,dd_cut+flat_at_50,2,3,0,
2015-12-14,long,2015-12-16 19:30:00-05:00,2015-12-16 23:00:00-05:00,1.09877,1.0884699999999998,1.0884699999999998,1.1193700000000004,nan,nan,nan,,nan,,0,0,1.10485,1.09455,0.010300000000000198,-1031.5000000000198,loss,reverse_fade+stop,2,1,1,2015-12-15 15:15:00-05:00
2015-12-21,long,2015-12-22 11:45:00-05:00,2015-12-23 14:15:00-05:00,1.09434,1.08979,1.08524,1.1125400000000003,1.09161,1.08979,1.09161,2015-12-23 08:30:00-05:00,1.08979,2015-12-23 14:15:00-05:00,2,1,1.09389,1.08479,0.009100000000000108,-1005.5000000000296,loss,dd_cut+flat_at_50,1,3,0,
2015-12-21,short,2015-12-23 14:15:00-05:00,2015-12-25 07:45:00-05:00,1.08979,1.09646,1.0988900000000001,1.0715899999999998,nan,nan,nan,,nan,,0,0,1.09389,1.08479,0.009100000000000108,-668.4999999999953,loss,reverse_fade+week_end,1,1,1,2015-12-22 11:45:00-05:00
2015-12-21,long,2015-12-24 07:15:00-05:00,2015-12-25 07:45:00-05:00,1.09412,1.09646,1.0850199999999999,1.1123200000000002,1.0913899999999999,1.08957,nan,,nan,,0,0,1.09389,1.08479,0.009100000000000108,697.5000000000026,win,week_end,2,3,0,
2015-12-28,short,2015-12-29 13:00:00-05:00,2015-12-31 14:15:00-05:00,1.09514,1.0878600000000003,1.0987799999999999,1.0878600000000003,1.0962319999999999,1.09696,nan,,nan,,0,0,1.09923,1.09559,0.0036399999999998656,2179.4999999999195,win,target,1,3,0,
2015-12-28,short,2015-12-31 14:30:00-05:00,2015-12-31 21:45:00-05:00,1.0883,1.08564,1.09194,1.0810200000000003,1.089392,1.09012,1.089392,2015-12-31 15:30:00-05:00,nan,,2,0,1.09923,1.09559,0.0036399999999998656,43.100000000036516,win,dd_cut+week_end,2,3,0,
2016-01-04,short,2016-01-05 09:30:00-05:00,2016-01-07 09:15:00-05:00,1.07798,1.0862349999999998,1.09449,1.0449599999999999,1.082933,1.0862349999999998,1.082933,2016-01-07 05:45:00-05:00,1.0862349999999998,2016-01-07 09:15:00-05:00,2,1,1.09463,1.07812,0.016510000000000025,-1820.5999999999872,loss,dd_cut+flat_at_50,1,3,0,
2016-01-04,long,2016-01-07 09:15:00-05:00,2016-01-08 21:45:00-05:00,1.0862349999999998,1.09235,1.0697249999999998,1.1192549999999999,nan,nan,nan,,nan,,0,0,1.09463,1.07812,0.016510000000000025,610.0000000000092,win,reverse_fade+week_end,1,1,1,2016-01-05 09:30:00-05:00
2016-01-11,short,2016-01-12 11:30:00-05:00,2016-01-14 04:30:00-05:00,1.08476,1.089635,1.09451,1.0652599999999997,1.087685,1.089635,1.087685,2016-01-12 19:15:00-05:00,1.089635,2016-01-14 04:30:00-05:00,2,1,1.09454,1.08479,0.009750000000000147,-1077.0000000000095,loss,dd_cut+flat_at_50,1,3,0,
2016-01-11,long,2016-01-14 04:30:00-05:00,2016-01-15 21:45:00-05:00,1.089635,1.0915,1.0798849999999998,1.1091350000000002,nan,nan,nan,,nan,,0,0,1.09454,1.08479,0.009750000000000147,185.00000000000057,win,reverse_fade+week_end,1,1,1,2016-01-12 11:30:00-05:00
2016-01-11,short,2016-01-14 15:45:00-05:00,2016-01-15 04:15:00-05:00,1.08398,1.0888550000000001,1.09373,1.0644799999999996,1.086905,1.0888550000000001,1.086905,2016-01-14 17:15:00-05:00,1.0888550000000001,2016-01-15 04:15:00-05:00,2,1,1.09454,1.08479,0.009750000000000147,-1077.0000000000318,loss,dd_cut+flat_at_50,2,3,0,
2016-01-11,long,2016-01-15 04:15:00-05:00,2016-01-15 21:45:00-05:00,1.0888550000000001,1.0915,1.079105,1.1083550000000004,nan,nan,nan,,nan,,0,0,1.09454,1.08479,0.009750000000000147,262.9999999999786,win,reverse_fade+week_end,2,1,1,2016-01-14 15:45:00-05:00
2016-01-18,short,2016-01-19 07:00:00-05:00,2016-01-19 14:30:00-05:00,1.0866,1.08934,1.0920800000000002,1.0756399999999997,1.088244,1.08934,1.088244,2016-01-19 08:45:00-05:00,1.08934,2016-01-19 14:30:00-05:00,2,1,1.09237,1.08689,0.005480000000000151,-607.2999999999922,loss,dd_cut+flat_at_50,1,3,0,
2016-01-18,long,2016-01-19 14:30:00-05:00,2016-01-21 13:30:00-05:00,1.08934,1.0838599999999998,1.0838599999999998,1.1003000000000003,nan,nan,nan,,nan,,0,0,1.09237,1.08689,0.005480000000000151,-549.5000000000151,loss,reverse_fade+stop,1,1,1,2016-01-19 07:00:00-05:00
2016-01-18,long,2016-01-19 17:30:00-05:00,2016-01-20 13:15:00-05:00,1.09244,1.0897000000000001,1.08696,1.1034000000000004,1.090796,1.0897000000000001,1.090796,2016-01-19 20:45:00-05:00,1.0897000000000001,2016-01-20 13:15:00-05:00,2,1,1.09237,1.08689,0.005480000000000151,-607.2999999999922,loss,dd_cut+flat_at_50,2,3,0,
2016-01-18,short,2016-01-20 13:15:00-05:00,2016-01-21 13:30:00-05:00,1.0897000000000001,1.0787399999999998,1.0951800000000003,1.0787399999999998,nan,nan,nan,,nan,,0,0,1.09237,1.08689,0.005480000000000151,1094.5000000000302,win,reverse_fade+target,2,1,1,2016-01-19 17:30:00-05:00
2016-01-25,long,2016-01-26 07:15:00-05:00,2016-01-26 09:15:00-05:00,1.08681,1.08346,1.08011,1.1002100000000004,1.0848,1.08346,1.0848,2016-01-26 08:45:00-05:00,1.08346,2016-01-26 09:15:00-05:00,2,1,1.08569,1.07899,0.00670000000000015,-741.5000000000099,loss,dd_cut+flat_at_50,1,3,0,
2016-01-25,short,2016-01-26 09:15:00-05:00,2016-01-27 13:15:00-05:00,1.08346,1.0901600000000002,1.0901600000000002,1.0700599999999998,nan,nan,nan,,nan,,0,0,1.08569,1.07899,0.00670000000000015,-671.500000000015,loss,reverse_fade+stop,1,1,1,2016-01-26 07:15:00-05:00
2016-01-25,long,2016-01-26 20:00:00-05:00,2016-01-29 15:15:00-05:00,1.08572,1.08237,1.0790199999999999,1.0991200000000003,1.08371,1.08237,1.08371,2016-01-29 14:30:00-05:00,1.08237,2016-01-29 15:15:00-05:00,2,1,1.08569,1.07899,0.00670000000000015,-741.5000000000099,loss,dd_cut+flat_at_50,2,3,0,
2016-01-25,short,2016-01-29 15:15:00-05:00,2016-01-29 21:45:00-05:00,1.08237,1.083,1.0890700000000002,1.0689699999999998,nan,nan,nan,,nan,,0,0,1.08569,1.07899,0.00670000000000015,-64.49999999999085,loss,reverse_fade+week_end,2,1,1,2016-01-26 20:00:00-05:00
2016-02-01,long,2016-02-02 04:30:00-05:00,2016-02-03 18:00:00-05:00,1.0919,1.1096200000000003,1.08304,1.1096200000000003,1.089242,1.0874700000000002,1.089242,2016-02-02 15:45:00-05:00,nan,,2,0,1.09128,1.08242,0.00886000000000009,1235.9000000000083,win,dd_cut+target,1,3,0,
2016-02-01,long,2016-02-03 18:15:00-05:00,2016-02-05 21:45:00-05:00,1.10942,1.11561,1.10056,1.1271400000000003,1.106762,1.10499,nan,,nan,,0,0,1.09128,1.08242,0.00886000000000009,1852.4999999999754,win,week_end,2,3,0,
2016-02-08,long,2016-02-09 02:30:00-05:00,2016-02-12 21:45:00-05:00,1.12191,1.12532,1.1089699999999998,1.1477900000000003,1.1180279999999998,1.11544,1.1180279999999998,2016-02-09 07:30:00-05:00,nan,,2,0,1.12159,1.10865,0.012940000000000174,-439.9000000000191,loss,dd_cut+week_end,1,3,0,
2016-02-15,short,2016-02-16 18:15:00-05:00,2016-02-19 21:45:00-05:00,1.11271,1.11284,1.1238000000000001,1.09053,1.1160370000000002,1.118255,1.1160370000000002,2016-02-17 04:00:00-05:00,nan,,2,0,1.12389,1.1128,0.011090000000000044,-682.9000000000124,loss,dd_cut+week_end,1,3,0,
2016-02-22,short,2016-02-23 09:15:00-05:00,2016-02-26 03:00:00-05:00,1.1001,1.10613,1.11216,1.0759800000000002,1.103718,1.10613,1.103718,2016-02-23 15:45:00-05:00,1.10613,2016-02-26 03:00:00-05:00,2,1,1.11238,1.10032,0.01205999999999996,-1331.0999999999776,loss,dd_cut+flat_at_50,1,3,0,
2016-02-22,long,2016-02-26 03:00:00-05:00,2016-02-26 15:45:00-05:00,1.10613,1.09407,1.09407,1.13025,nan,nan,nan,,nan,,0,0,1.11238,1.10032,0.01205999999999996,-1207.499999999996,loss,reverse_fade+stop,1,1,1,2016-02-23 09:15:00-05:00
2016-02-22,short,2016-02-26 13:30:00-05:00,2016-02-26 21:45:00-05:00,1.0984,1.093,1.11046,1.0742800000000001,1.102018,1.10443,nan,,nan,,0,0,1.11238,1.10032,0.01205999999999996,1615.5000000000214,win,week_end,2,3,0,
2016-02-29,short,2016-03-01 11:15:00-05:00,2016-03-03 13:00:00-05:00,1.08584,1.0909999999999997,1.0961599999999998,1.0652000000000001,1.088936,1.0909999999999997,1.088936,2016-03-03 12:15:00-05:00,1.0909999999999997,2016-03-03 13:00:00-05:00,2,1,1.09625,1.08593,0.010319999999999885,-1139.6999999999807,loss,dd_cut+flat_at_50,1,3,0,
2016-02-29,long,2016-03-03 13:00:00-05:00,2016-03-04 21:45:00-05:00,1.0909999999999997,1.10055,1.0806799999999999,1.1116399999999995,nan,nan,nan,,nan,,0,0,1.09625,1.08593,0.010319999999999885,953.5000000000169,win,reverse_fade+week_end,1,1,1,2016-03-01 11:15:00-05:00
2016-02-29,long,2016-03-03 18:45:00-05:00,2016-03-04 13:30:00-05:00,1.09678,1.0916200000000003,1.0864600000000002,1.1174199999999999,1.093684,1.0916200000000003,1.093684,2016-03-04 02:30:00-05:00,1.0916200000000003,2016-03-04 13:30:00-05:00,2,1,1.09625,1.08593,0.010319999999999885,-1139.6999999999807,loss,dd_cut+flat_at_50,2,3,0,
2016-02-29,short,2016-03-04 13:30:00-05:00,2016-03-04 14:00:00-05:00,1.0916200000000003,1.1019400000000001,1.1019400000000001,1.0709800000000005,nan,nan,nan,,nan,,0,0,1.09625,1.08593,0.010319999999999885,-1033.4999999999884,loss,reverse_fade+stop,2,1,1,2016-03-03 18:45:00-05:00
2016-03-07,long,2016-03-08 07:15:00-05:00,2016-03-09 01:30:00-05:00,1.10273,1.09844,1.0941500000000002,1.1198899999999996,1.1001560000000001,1.09844,1.1001560000000001,2016-03-08 18:15:00-05:00,1.09844,2016-03-09 01:30:00-05:00,2,1,1.10258,1.094,0.00857999999999981,-948.2999999999613,loss,dd_cut+flat_at_50,1,3,0,
2016-03-07,short,2016-03-09 01:30:00-05:00,2016-03-10 14:00:00-05:00,1.09844,1.10702,1.10702,1.0812800000000005,nan,nan,nan,,nan,,0,0,1.10258,1.094,0.00857999999999981,-859.499999999981,loss,reverse_fade+stop,1,1,1,2016-03-08 07:15:00-05:00
2016-03-07,long,2016-03-09 17:15:00-05:00,2016-03-09 23:45:00-05:00,1.10276,1.09847,1.0941800000000002,1.1199199999999996,1.100186,1.09847,1.100186,2016-03-09 19:45:00-05:00,1.09847,2016-03-09 23:45:00-05:00,2,1,1.10258,1.094,0.00857999999999981,-948.2999999999613,loss,dd_cut+flat_at_50,2,3,0,
2016-03-07,short,2016-03-09 23:45:00-05:00,2016-03-10 14:00:00-05:00,1.09847,1.1070499999999999,1.1070499999999999,1.0813100000000004,nan,nan,nan,,nan,,0,0,1.10258,1.094,0.00857999999999981,-859.499999999981,loss,reverse_fade+stop,2,1,1,2016-03-09 17:15:00-05:00
2016-03-14,short,2016-03-15 09:45:00-04:00,2016-03-15 12:30:00-04:00,1.10734,1.111775,1.11621,1.0896000000000001,1.110001,1.111775,1.110001,2016-03-15 12:00:00-04:00,1.111775,2016-03-15 12:30:00-04:00,2,1,1.11666,1.10779,0.008869999999999933,-980.2000000000016,loss,dd_cut+flat_at_50,1,3,0,
2016-03-14,long,2016-03-15 12:30:00-04:00,2016-03-17 08:30:00-04:00,1.111775,1.1295149999999998,1.102905,1.1295149999999998,nan,nan,nan,,nan,,0,0,1.11666,1.10779,0.008869999999999933,1772.4999999999868,win,reverse_fade+target,1,1,1,2016-03-15 09:45:00-04:00
2016-03-14,short,2016-03-16 13:00:00-04:00,2016-03-16 18:00:00-04:00,1.10638,1.1108149999999999,1.1152499999999999,1.08864,1.109041,1.1108149999999999,1.109041,2016-03-16 17:45:00-04:00,1.1108149999999999,2016-03-16 18:00:00-04:00,2,1,1.11666,1.10779,0.008869999999999933,-980.2000000000016,loss,dd_cut+flat_at_50,2,3,0,
2016-03-14,long,2016-03-16 18:00:00-04:00,2016-03-17 08:30:00-04:00,1.1108149999999999,1.1285549999999998,1.101945,1.1285549999999998,nan,nan,nan,,nan,,0,0,1.11666,1.10779,0.008869999999999933,1772.4999999999868,win,reverse_fade+target,2,1,1,2016-03-16 13:00:00-04:00
2016-03-21,short,2016-03-22 08:00:00-04:00,2016-03-25 20:45:00-04:00,1.12274,1.11624,1.12792,1.1123800000000001,1.1242940000000001,1.12533,nan,,nan,,0,0,1.12848,1.1233,0.005179999999999962,1945.5000000000518,win,week_end,1,3,0,
2016-03-28,long,2016-03-29 16:15:00-04:00,2016-03-31 10:15:00-04:00,1.12485,1.13821,1.1181699999999999,1.13821,1.122846,1.1215099999999998,nan,,nan,,0,0,1.12198,1.1153,0.006680000000000019,4003.500000000012,win,target,1,3,0,
2016-03-28,long,2016-03-31 10:30:00-04:00,2016-04-01 14:00:00-04:00,1.13801,1.1346699999999998,1.13133,1.15137,1.136006,1.1346699999999998,1.136006,2016-04-01 14:00:00-04:00,1.1346699999999998,2016-04-01 14:00:00-04:00,2,1,1.12198,1.1153,0.006680000000000019,-739.299999999991,loss,dd_cut+flat_at_50,2,3,0,
2016-03-28,short,2016-04-01 14:00:00-04:00,2016-04-01 20:45:00-04:00,1.1346699999999998,1.13899,1.1413499999999999,1.1213099999999998,nan,nan,nan,,nan,,0,0,1.12198,1.1153,0.006680000000000019,-433.5000000000102,loss,reverse_fade+week_end,2,1,1,2016-03-31 10:30:00-04:00
2016-04-04,short,2016-04-05 07:00:00-04:00,2016-04-05 12:30:00-04:00,1.13539,1.138145,1.1409,1.1243699999999996,1.137043,1.138145,1.137043,2016-04-05 08:30:00-04:00,1.138145,2016-04-05 12:30:00-04:00,2,1,1.14125,1.13574,0.005510000000000126,-610.6000000000316,loss,dd_cut+flat_at_50,1,3,0,
2016-04-04,long,2016-04-05 12:30:00-04:00,2016-04-08 20:45:00-04:00,1.138145,1.1395,1.1326349999999998,1.1491650000000002,nan,nan,nan,,nan,,0,0,1.14125,1.13574,0.005510000000000126,133.99999999999952,win,reverse_fade+week_end,1,1,1,2016-04-05 07:00:00-04:00
2016-04-04,short,2016-04-06 06:15:00-04:00,2016-04-06 13:15:00-04:00,1.13551,1.138265,1.1410200000000001,1.1244899999999998,1.1371630000000001,1.138265,1.1371630000000001,2016-04-06 12:45:00-04:00,1.138265,2016-04-06 13:15:00-04:00,2,1,1.14125,1.13574,0.005510000000000126,-610.6000000000316,loss,dd_cut+flat_at_50,2,3,0,
2016-04-04,long,2016-04-06 13:15:00-04:00,2016-04-08 20:45:00-04:00,1.138265,1.1395,1.132755,1.1492850000000003,nan,nan,nan,,nan,,0,0,1.14125,1.13574,0.005510000000000126,121.99999999998751,win,reverse_fade+week_end,2,1,1,2016-04-06 06:15:00-04:00
2016-04-11,long,2016-04-12 08:15:00-04:00,2016-04-12 10:45:00-04:00,1.14533,1.1415799999999998,1.13783,1.16033,1.1430799999999999,1.1415799999999998,1.1430799999999999,2016-04-12 09:00:00-04:00,1.1415799999999998,2016-04-12 10:45:00-04:00,2,1,1.14473,1.13723,0.007500000000000062,-829.5000000000313,loss,dd_cut+flat_at_50,1,3,0,
2016-04-11,short,2016-04-12 10:45:00-04:00,2016-04-14 00:30:00-04:00,1.1415799999999998,1.1265799999999997,1.1490799999999999,1.1265799999999997,nan,nan,nan,,nan,,0,0,1.14473,1.13723,0.007500000000000062,1498.5000000000125,win,reverse_fade+target,1,1,1,2016-04-12 08:15:00-04:00
2016-04-11,short,2016-04-12 13:45:00-04:00,2016-04-15 20:45:00-04:00,1.13707,1.12823,1.14457,1.12207,1.13932,1.1408200000000002,1.13932,2016-04-12 15:15:00-04:00,nan,,2,0,1.14473,1.13723,0.007500000000000062,429.49999999997885,win,dd_cut+week_end,2,3,0,
2016-04-18,long,2016-04-19 06:15:00-04:00,2016-04-20 17:30:00-04:00,1.13334,1.13042,1.1275,1.1450200000000001,1.131588,1.13042,1.131588,2016-04-19 08:00:00-04:00,1.13042,2016-04-20 17:30:00-04:00,2,1,1.13321,1.12737,0.005840000000000067,-646.8999999999985,loss,dd_cut+flat_at_50,1,3,0,
2016-04-18,short,2016-04-20 17:30:00-04:00,2016-04-21 12:15:00-04:00,1.13042,1.13626,1.13626,1.1187399999999998,nan,nan,nan,,nan,,0,0,1.13321,1.12737,0.005840000000000067,-585.5000000000067,loss,reverse_fade+stop,1,1,1,2016-04-19 06:15:00-04:00
2016-04-18,long,2016-04-21 12:00:00-04:00,2016-04-21 12:30:00-04:00,1.1355,1.13258,1.1296599999999999,1.14718,1.133748,1.13258,1.133748,2016-04-21 12:30:00-04:00,1.13258,2016-04-21 12:30:00-04:00,2,1,1.13321,1.12737,0.005840000000000067,-646.8999999999985,loss,dd_cut+flat_at_50,2,3,0,
2016-04-18,short,2016-04-21 12:30:00-04:00,2016-04-21 12:45:00-04:00,1.13258,1.13842,1.13842,1.1208999999999998,nan,nan,nan,,nan,,0,0,1.13321,1.12737,0.005840000000000067,-585.5000000000067,loss,reverse_fade+stop,2,1,1,2016-04-21 12:00:00-04:00
2016-04-25,long,2016-04-26 07:45:00-04:00,2016-04-29 04:30:00-04:00,1.12822,1.13914,1.12276,1.13914,1.126582,1.12549,nan,,nan,,0,0,1.12781,1.12235,0.00546000000000002,3271.5000000000123,win,target,1,3,0,
2016-04-25,long,2016-04-29 04:45:00-04:00,2016-04-29 20:45:00-04:00,1.13938,1.14503,1.13392,1.1503,1.137742,1.13665,1.137742,2016-04-29 08:15:00-04:00,nan,,2,0,1.12781,1.12235,0.00546000000000002,232.89999999998764,win,dd_cut+week_end,2,3,0,
2016-05-02,long,2016-05-03 00:15:00-04:00,2016-05-03 21:45:00-04:00,1.15372,1.14933,1.14494,1.17128,1.151086,1.14933,1.151086,2016-05-03 15:00:00-04:00,1.14933,2016-05-03 21:45:00-04:00,2,1,1.1536,1.14482,0.00878000000000001,-970.3000000000167,loss,dd_cut+flat_at_50,1,3,0,
2016-05-02,short,2016-05-03 21:45:00-04:00,2016-05-06 20:45:00-04:00,1.14933,1.14021,1.15811,1.13177,nan,nan,nan,,nan,,0,0,1.1536,1.14482,0.00878000000000001,910.5000000000017,win,reverse_fade+week_end,1,1,1,2016-05-03 00:15:00-04:00
2016-05-02,short,2016-05-05 08:15:00-04:00,2016-05-06 20:45:00-04:00,1.14442,1.14021,1.1532,1.12686,1.147054,1.14881,1.147054,2016-05-06 12:30:00-04:00,nan,,2,0,1.1536,1.14482,0.00878000000000001,-110.30000000000035,loss,dd_cut+week_end,2,3,0,
2016-05-09,short,2016-05-10 02:30:00-04:00,2016-05-10 07:15:00-04:00,1.13734,1.13957,1.1418000000000001,1.1284199999999998,1.138678,1.13957,1.138678,2016-05-10 06:15:00-04:00,1.13957,2016-05-10 07:15:00-04:00,2,1,1.14199,1.13753,0.0044600000000001305,-495.10000000000775,loss,dd_cut+flat_at_50,1,3,0,
2016-05-09,long,2016-05-10 07:15:00-04:00,2016-05-13 06:15:00-04:00,1.13957,1.1351099999999998,1.1351099999999998,1.1484900000000002,nan,nan,nan,,nan,,0,0,1.14199,1.13753,0.0044600000000001305,-447.5000000000131,loss,reverse_fade+stop,1,1,1,2016-05-10 02:30:00-04:00
2016-05-09,short,2016-05-10 10:45:00-04:00,2016-05-10 12:15:00-04:00,1.13625,1.13848,1.1407100000000001,1.1273299999999997,1.137588,1.13848,1.137588,2016-05-10 11:15:00-04:00,1.13848,2016-05-10 12:15:00-04:00,2,1,1.14199,1.13753,0.0044600000000001305,-495.10000000000775,loss,dd_cut+flat_at_50,2,3,0,
2016-05-09,long,2016-05-10 12:15:00-04:00,2016-05-13 07:00:00-04:00,1.13848,1.1340199999999998,1.1340199999999998,1.1474000000000002,nan,nan,nan,,nan,,0,0,1.14199,1.13753,0.0044600000000001305,-447.5000000000131,loss,reverse_fade+stop,2,1,1,2016-05-10 10:45:00-04:00
2016-05-16,short,2016-05-18 01:45:00-04:00,2016-05-19 04:45:00-04:00,1.12913,1.12127,1.13306,1.12127,1.130309,1.131095,nan,,nan,,0,0,1.13422,1.13029,0.003929999999999989,2353.4999999999936,win,target,1,3,0,
2016-05-16,short,2016-05-19 05:00:00-04:00,2016-05-20 13:00:00-04:00,1.12174,1.123705,1.12567,1.11388,1.122919,1.123705,1.122919,2016-05-19 07:45:00-04:00,1.123705,2016-05-20 13:00:00-04:00,2,1,1.13422,1.13029,0.003929999999999989,-436.8000000000077,loss,dd_cut+flat_at_50,2,3,0,
2016-05-16,long,2016-05-20 13:00:00-04:00,2016-05-20 20:45:00-04:00,1.123705,1.12222,1.119775,1.131565,nan,nan,nan,,nan,,0,0,1.13422,1.13029,0.003929999999999989,-149.99999999999585,loss,reverse_fade+week_end,2,1,1,2016-05-19 05:00:00-04:00
2016-05-23,short,2016-05-24 07:45:00-04:00,2016-05-26 13:00:00-04:00,1.11824,1.1210049999999998,1.12377,1.1071799999999998,1.119899,1.1210049999999998,1.119899,2016-05-26 12:45:00-04:00,1.1210049999999998,2016-05-26 13:00:00-04:00,2,1,1.12428,1.11875,0.005530000000000035,-612.8000000000061,loss,dd_cut+flat_at_50,1,3,0,
2016-05-23,long,2016-05-26 13:00:00-04:00,2016-05-27 12:45:00-04:00,1.1210049999999998,1.1154749999999998,1.1154749999999998,1.1320649999999999,nan,nan,nan,,nan,,0,0,1.12428,1.11875,0.005530000000000035,-554.5000000000035,loss,reverse_fade+stop,1,1,1,2016-05-24 07:45:00-04:00
2016-05-23,short,2016-05-26 14:45:00-04:00,2016-05-27 20:45:00-04:00,1.11843,1.11116,1.12396,1.10737,1.1200890000000001,1.1211950000000002,nan,,nan,,0,0,1.12428,1.11875,0.005530000000000035,2176.5000000000327,win,week_end,2,3,0,
2016-05-30,long,2016-05-31 00:15:00-04:00,2016-05-31 07:00:00-04:00,1.11503,1.112445,1.1098599999999998,1.1253700000000002,1.1134789999999999,1.112445,1.1134789999999999,2016-05-31 04:30:00-04:00,1.112445,2016-05-31 07:00:00-04:00,2,1,1.11495,1.10978,0.005170000000000119,-573.200000000022,loss,dd_cut+flat_at_50,1,3,0,
2016-05-30,short,2016-05-31 07:00:00-04:00,2016-06-01 11:45:00-04:00,1.112445,1.117615,1.117615,1.1021049999999997,nan,nan,nan,,nan,,0,0,1.11495,1.10978,0.005170000000000119,-518.5000000000119,loss,reverse_fade+stop,1,1,1,2016-05-31 00:15:00-04:00
2016-05-30,long,2016-05-31 10:00:00-04:00,2016-05-31 15:00:00-04:00,1.11514,1.112555,1.10997,1.1254800000000003,1.113589,1.112555,1.113589,2016-05-31 14:45:00-04:00,1.112555,2016-05-31 15:00:00-04:00,2,1,1.11495,1.10978,0.005170000000000119,-573.200000000022,loss,dd_cut+flat_at_50,2,3,0,
2016-05-30,short,2016-05-31 15:00:00-04:00,2016-06-01 11:45:00-04:00,1.112555,1.117725,1.117725,1.1022149999999997,nan,nan,nan,,nan,,0,0,1.11495,1.10978,0.005170000000000119,-518.5000000000119,loss,reverse_fade+stop,2,1,1,2016-05-31 10:00:00-04:00
2016-06-06,long,2016-06-08 13:15:00-04:00,2016-06-09 08:15:00-04:00,1.13992,1.136605,1.1332900000000001,1.1531799999999999,1.137931,1.136605,1.137931,2016-06-09 07:45:00-04:00,1.136605,2016-06-09 08:15:00-04:00,2,1,1.13926,1.13263,0.006629999999999914,-733.7999999999994,loss,dd_cut+flat_at_50,1,3,0,
2016-06-06,short,2016-06-09 08:15:00-04:00,2016-06-10 20:45:00-04:00,1.136605,1.12498,1.143235,1.1233450000000003,nan,nan,nan,,nan,,0,0,1.13926,1.13263,0.006629999999999914,1160.9999999999995,win,reverse_fade+week_end,1,1,1,2016-06-08 13:15:00-04:00
2016-06-06,short,2016-06-09 12:45:00-04:00,2016-06-10 20:45:00-04:00,1.13262,1.12498,1.1392499999999999,1.1193600000000001,1.134609,1.135935,nan,,nan,,0,0,1.13926,1.13263,0.006629999999999914,2287.499999999961,win,week_end,2,3,0,
2016-06-13,short,2016-06-14 09:00:00-04:00,2016-06-15 17:45:00-04:00,1.12222,1.125745,1.12927,1.10812,1.124335,1.125745,1.124335,2016-06-15 15:00:00-04:00,1.125745,2016-06-15 17:45:00-04:00,2,1,1.13028,1.12323,0.007050000000000001,-780.0000000000178,loss,dd_cut+flat_at_50,1,3,0,
2016-06-13,long,2016-06-15 17:45:00-04:00,2016-06-16 11:00:00-04:00,1.125745,1.118695,1.118695,1.139845,nan,nan,nan,,nan,,0,0,1.13028,1.12323,0.007050000000000001,-706.5000000000001,loss,reverse_fade+stop,1,1,1,2016-06-14 09:00:00-04:00
2016-06-13,short,2016-06-16 10:00:00-04:00,2016-06-16 23:45:00-04:00,1.12222,1.125745,1.12927,1.10812,1.124335,1.125745,1.124335,2016-06-16 17:30:00-04:00,1.125745,2016-06-16 23:45:00-04:00,2,1,1.13028,1.12323,0.007050000000000001,-780.0000000000178,loss,dd_cut+flat_at_50,2,3,0,
2016-06-13,long,2016-06-16 23:45:00-04:00,2016-06-17 20:45:00-04:00,1.125745,1.12732,1.118695,1.139845,nan,nan,nan,,nan,,0,0,1.13028,1.12323,0.007050000000000001,156.0000000000104,win,reverse_fade+week_end,2,1,1,2016-06-16 10:00:00-04:00
2016-06-20,short,2016-06-21 12:30:00-04:00,2016-06-22 21:30:00-04:00,1.13019,1.13421,1.1382299999999999,1.1141100000000004,1.1326019999999999,1.13421,1.1326019999999999,2016-06-22 14:00:00-04:00,1.13421,2016-06-22 21:30:00-04:00,2,1,1.13824,1.1302,0.008039999999999825,-888.899999999963,loss,dd_cut+flat_at_50,1,3,0,
2016-06-20,long,2016-06-22 21:30:00-04:00,2016-06-24 01:00:00-04:00,1.13421,1.1261700000000001,1.1261700000000001,1.1502899999999996,nan,nan,nan,,nan,,0,0,1.13824,1.1302,0.008039999999999825,-805.4999999999825,loss,reverse_fade+stop,1,1,1,2016-06-21 12:30:00-04:00
2016-06-20,long,2016-06-23 09:45:00-04:00,2016-06-23 15:00:00-04:00,1.13855,1.13453,1.1305100000000001,1.1546299999999996,1.136138,1.13453,1.136138,2016-06-23 14:30:00-04:00,1.13453,2016-06-23 15:00:00-04:00,2,1,1.13824,1.1302,0.008039999999999825,-888.899999999963,loss,dd_cut+flat_at_50,2,3,0,
2016-06-20,short,2016-06-23 15:00:00-04:00,2016-06-23 21:00:00-04:00,1.13453,1.1425699999999999,1.1425699999999999,1.1184500000000004,nan,nan,nan,,nan,,0,0,1.13824,1.1302,0.008039999999999825,-805.4999999999825,loss,reverse_fade+stop,2,1,1,2016-06-23 09:45:00-04:00
2016-06-27,long,2016-06-28 09:45:00-04:00,2016-06-28 15:30:00-04:00,1.10927,1.1036299999999999,1.0979899999999998,1.1318300000000003,1.105886,1.1036299999999999,1.105886,2016-06-28 13:15:00-04:00,1.1036299999999999,2016-06-28 15:30:00-04:00,2,1,1.10837,1.09709,0.011280000000000179,-1245.3000000000197,loss,dd_cut+flat_at_50,1,3,0,
2016-06-27,short,2016-06-28 15:30:00-04:00,2016-06-30 10:30:00-04:00,1.1036299999999999,1.11491,1.11491,1.0810699999999995,nan,nan,nan,,nan,,0,0,1.10837,1.09709,0.011280000000000179,-1129.500000000018,loss,reverse_fade+stop,1,1,1,2016-06-28 09:45:00-04:00
2016-06-27,long,2016-06-29 07:00:00-04:00,2016-06-30 16:00:00-04:00,1.10875,1.1031099999999998,1.0974699999999997,1.1313100000000003,1.1053659999999998,1.1031099999999998,1.1053659999999998,2016-06-29 09:30:00-04:00,1.1031099999999998,2016-06-30 16:00:00-04:00,2,1,1.10837,1.09709,0.011280000000000179,-1245.3000000000197,loss,dd_cut+flat_at_50,2,3,0,
2016-06-27,short,2016-06-30 16:00:00-04:00,2016-07-01 12:30:00-04:00,1.1031099999999998,1.11439,1.11439,1.0805499999999995,nan,nan,nan,,nan,,0,0,1.10837,1.09709,0.011280000000000179,-1129.500000000018,loss,reverse_fade+stop,2,1,1,2016-06-29 07:00:00-04:00
2016-07-04,long,2016-07-05 07:15:00-04:00,2016-07-05 08:45:00-04:00,1.11618,1.1131,1.11002,1.1284999999999998,1.1143319999999999,1.1131,1.1143319999999999,2016-07-05 08:15:00-04:00,1.1131,2016-07-05 08:45:00-04:00,2,1,1.11595,1.10979,0.006159999999999943,-682.1000000000115,loss,dd_cut+flat_at_50,1,3,0,
2016-07-04,short,2016-07-05 08:45:00-04:00,2016-07-08 12:30:00-04:00,1.1131,1.10078,1.11926,1.10078,nan,nan,nan,,nan,,0,0,1.11595,1.10979,0.006159999999999943,1230.4999999999886,win,reverse_fade+target,1,1,1,2016-07-05 07:15:00-04:00
2016-07-04,short,2016-07-05 15:15:00-04:00,2016-07-08 20:45:00-04:00,1.10974,1.10497,1.1159,1.09742,1.111588,1.11282,1.111588,2016-07-08 13:00:00-04:00,nan,,2,0,1.11595,1.10979,0.006159999999999943,102.89999999997974,win,dd_cut+week_end,2,3,0,
2016-07-11,long,2016-07-12 01:45:00-04:00,2016-07-13 07:00:00-04:00,1.1077,1.104765,1.1018299999999999,1.11944,1.1059389999999998,1.104765,1.1059389999999998,2016-07-12 23:45:00-04:00,1.104765,2016-07-13 07:00:00-04:00,2,1,1.10746,1.10159,0.005870000000000042,-650.2000000000157,loss,dd_cut+flat_at_50,1,3,0,
2016-07-11,short,2016-07-13 07:00:00-04:00,2016-07-13 14:15:00-04:00,1.104765,1.110635,1.110635,1.093025,nan,nan,nan,,nan,,0,0,1.10746,1.10159,0.005870000000000042,-588.5000000000042,loss,reverse_fade+stop,1,1,1,2016-07-12 01:45:00-04:00
2016-07-11,long,2016-07-13 09:30:00-04:00,2016-07-15 20:30:00-04:00,1.10762,1.104685,1.10175,1.1193600000000001,1.1058590000000001,1.104685,1.1058590000000001,2016-07-15 15:45:00-04:00,1.104685,2016-07-15 20:30:00-04:00,2,1,1.10746,1.10159,0.005870000000000042,-650.1999999999935,loss,dd_cut+flat_at_50,2,3,0,
2016-07-11,short,2016-07-15 20:30:00-04:00,2016-07-15 20:45:00-04:00,1.104685,1.10295,1.110555,1.0929449999999998,nan,nan,nan,,nan,,0,0,1.10746,1.10159,0.005870000000000042,171.999999999982,win,reverse_fade+week_end,2,1,1,2016-07-13 09:30:00-04:00
2016-07-18,short,2016-07-19 11:45:00-04:00,2016-07-21 12:30:00-04:00,1.10318,1.10551,1.10784,1.0938600000000003,1.104578,1.10551,1.104578,2016-07-21 06:30:00-04:00,1.10551,2016-07-21 12:30:00-04:00,2,1,1.10842,1.10376,0.0046599999999998865,-517.0999999999964,loss,dd_cut+flat_at_50,1,3,0,
2016-07-18,long,2016-07-21 12:30:00-04:00,2016-07-21 13:30:00-04:00,1.10551,1.10085,1.10085,1.1148299999999998,nan,nan,nan,,nan,,0,0,1.10842,1.10376,0.0046599999999998865,-467.49999999998863,loss,reverse_fade+stop,1,1,1,2016-07-19 11:45:00-04:00
2016-07-18,short,2016-07-21 13:00:00-04:00,2016-07-22 20:45:00-04:00,1.1033,1.09754,1.1079599999999998,1.0939800000000002,1.104698,1.10563,nan,,nan,,0,0,1.10842,1.10376,0.0046599999999998865,1723.4999999999964,win,week_end,2,3,0,
2016-07-25,long,2016-07-26 04:45:00-04:00,2016-07-26 14:45:00-04:00,1.10047,1.0981300000000003,1.0957900000000003,1.1098299999999997,1.099066,1.0981300000000003,1.099066,2016-07-26 12:15:00-04:00,1.0981300000000003,2016-07-26 14:45:00-04:00,2,1,1.09987,1.09519,0.0046799999999997954,-519.2999999999709,loss,dd_cut+flat_at_50,1,3,0,
2016-07-25,short,2016-07-26 14:45:00-04:00,2016-07-27 19:00:00-04:00,1.0981300000000003,1.10281,1.10281,1.0887700000000007,nan,nan,nan,,nan,,0,0,1.09987,1.09519,0.0046799999999997954,-469.49999999997954,loss,reverse_fade+stop,1,1,1,2016-07-26 04:45:00-04:00
2016-07-25,long,2016-07-27 04:30:00-04:00,2016-07-27 18:00:00-04:00,1.10008,1.09774,1.0954000000000002,1.1094399999999995,1.098676,1.09774,1.098676,2016-07-27 14:45:00-04:00,1.09774,2016-07-27 18:00:00-04:00,2,1,1.09987,1.09519,0.0046799999999997954,-519.299999999993,loss,dd_cut+flat_at_50,2,3,0,
2016-07-25,short,2016-07-27 18:00:00-04:00,2016-07-27 19:00:00-04:00,1.09774,1.1024199999999997,1.1024199999999997,1.0883800000000003,nan,nan,nan,,nan,,0,0,1.09987,1.09519,0.0046799999999997954,-469.49999999997954,loss,reverse_fade+stop,2,1,1,2016-07-27 04:30:00-04:00
2016-08-01,long,2016-08-02 06:00:00-04:00,2016-08-03 14:00:00-04:00,1.11825,1.11694,1.1156300000000001,1.1234899999999997,1.117464,1.11694,1.117464,2016-08-03 14:00:00-04:00,1.11694,2016-08-03 14:00:00-04:00,2,1,1.11814,1.11552,0.0026199999999998447,-292.6999999999829,loss,dd_cut+flat_at_50,1,3,0,
2016-08-01,short,2016-08-03 14:00:00-04:00,2016-08-04 11:30:00-04:00,1.11694,1.1117000000000004,1.1195599999999999,1.1117000000000004,nan,nan,nan,,nan,,0,0,1.11814,1.11552,0.0026199999999998447,522.499999999969,win,reverse_fade+target,1,1,1,2016-08-02 06:00:00-04:00
2016-08-01,short,2016-08-03 17:45:00-04:00,2016-08-05 11:00:00-04:00,1.11436,1.11567,1.1169799999999999,1.1091200000000003,1.115146,1.11567,1.115146,2016-08-03 23:45:00-04:00,1.11567,2016-08-05 11:00:00-04:00,2,1,1.11814,1.11552,0.0026199999999998447,-292.6999999999829,loss,dd_cut+flat_at_50,2,3,0,
2016-08-01,long,2016-08-05 11:00:00-04:00,2016-08-05 12:30:00-04:00,1.11567,1.11305,1.11305,1.1209099999999996,nan,nan,nan,,nan,,0,0,1.11814,1.11552,0.0026199999999998447,-263.4999999999845,loss,reverse_fade+stop,2,1,1,2016-08-03 17:45:00-04:00
2016-08-08,short,2016-08-09 07:00:00-04:00,2016-08-09 08:30:00-04:00,1.10717,1.10881,1.11045,1.10061,1.1081539999999999,1.10881,1.1081539999999999,2016-08-09 08:15:00-04:00,1.10881,2016-08-09 08:30:00-04:00,2,1,1.11049,1.10721,0.0032799999999999496,-365.29999999998336,loss,dd_cut+flat_at_50,1,3,0,
2016-08-08,long,2016-08-09 08:30:00-04:00,2016-08-10 02:00:00-04:00,1.10881,1.11537,1.1055300000000001,1.11537,nan,nan,nan,,nan,,0,0,1.11049,1.10721,0.0032799999999999496,654.4999999999899,win,reverse_fade+target,1,1,1,2016-08-09 07:00:00-04:00
2016-08-08,long,2016-08-09 14:00:00-04:00,2016-08-10 09:15:00-04:00,1.11142,1.11798,1.1081400000000001,1.11798,1.110436,1.1097800000000002,1.110436,2016-08-09 16:45:00-04:00,nan,,2,0,1.11049,1.10721,0.0032799999999999496,454.6999999999707,win,dd_cut+target,2,3,0,
2016-08-15,long,2016-08-16 05:00:00-04:00,2016-08-16 12:15:00-04:00,1.12041,1.1303299999999996,1.11545,1.1303299999999996,1.118922,1.1179299999999999,nan,,nan,,0,0,1.12034,1.11538,0.004959999999999853,2971.499999999912,win,target,1,3,0,
2016-08-15,long,2016-08-16 12:30:00-04:00,2016-08-16 13:30:00-04:00,1.12771,1.1252300000000002,1.1227500000000001,1.1376299999999997,1.126222,1.1252300000000002,1.126222,2016-08-16 12:45:00-04:00,1.1252300000000002,2016-08-16 13:30:00-04:00,2,1,1.12034,1.11538,0.004959999999999853,-550.0999999999683,loss,dd_cut+flat_at_50,2,3,0,
2016-08-15,short,2016-08-16 13:30:00-04:00,2016-08-17 18:00:00-04:00,1.1252300000000002,1.13019,1.13019,1.1153100000000005,nan,nan,nan,,nan,,0,0,1.12034,1.11538,0.004959999999999853,-497.49999999998533,loss,reverse_fade+stop,2,1,1,2016-08-16 12:30:00-04:00
2016-08-22,long,2016-08-23 01:45:00-04:00,2016-08-23 23:45:00-04:00,1.13316,1.13018,1.1272,1.1450799999999999,1.131372,1.13018,1.131372,2016-08-23 15:30:00-04:00,1.13018,2016-08-23 23:45:00-04:00,2,1,1.13306,1.1271,0.005959999999999965,-660.0999999999784,loss,dd_cut+flat_at_50,1,3,0,
2016-08-22,short,2016-08-23 23:45:00-04:00,2016-08-26 19:00:00-04:00,1.13018,1.11826,1.13614,1.11826,nan,nan,nan,,nan,,0,0,1.13306,1.1271,0.005959999999999965,1190.4999999999932,win,reverse_fade+target,1,1,1,2016-08-23 01:45:00-04:00
2016-08-22,short,2016-08-24 11:30:00-04:00,2016-08-25 08:45:00-04:00,1.12609,1.12907,1.13205,1.11417,1.127878,1.12907,1.127878,2016-08-25 07:45:00-04:00,1.12907,2016-08-25 08:45:00-04:00,2,1,1.13306,1.1271,0.005959999999999965,-660.0999999999784,loss,dd_cut+flat_at_50,2,3,0,
2016-08-22,long,2016-08-25 08:45:00-04:00,2016-08-26 15:45:00-04:00,1.12907,1.12311,1.12311,1.14099,nan,nan,nan,,nan,,0,0,1.13306,1.1271,0.005959999999999965,-597.4999999999966,loss,reverse_fade+stop,2,1,1,2016-08-24 11:30:00-04:00
2016-08-29,short,2016-08-30 12:30:00-04:00,2016-09-01 14:15:00-04:00,1.11569,1.1181750000000001,1.1206600000000002,1.1057499999999998,1.1171810000000002,1.1181750000000001,1.1171810000000002,2016-09-01 14:00:00-04:00,1.1181750000000001,2016-09-01 14:15:00-04:00,2,1,1.12077,1.1158,0.004970000000000141,-551.2000000000332,loss,dd_cut+flat_at_50,1,3,0,
2016-08-29,long,2016-09-01 14:15:00-04:00,2016-09-02 20:45:00-04:00,1.1181750000000001,1.11539,1.113205,1.1281150000000004,nan,nan,nan,,nan,,0,0,1.12077,1.1158,0.004970000000000141,-280.00000000000375,loss,reverse_fade+week_end,1,1,1,2016-08-30 12:30:00-04:00
2016-08-29,long,2016-09-02 12:30:00-04:00,2016-09-02 13:00:00-04:00,1.12255,1.1200649999999999,1.1175799999999998,1.1324900000000002,1.1210589999999998,1.1200649999999999,1.1210589999999998,2016-09-02 12:45:00-04:00,1.1200649999999999,2016-09-02 13:00:00-04:00,2,1,1.12077,1.1158,0.004970000000000141,-551.2000000000332,loss,dd_cut+flat_at_50,2,3,0,
2016-08-29,short,2016-09-02 13:00:00-04:00,2016-09-02 20:45:00-04:00,1.1200649999999999,1.11539,1.125035,1.1101249999999996,nan,nan,nan,,nan,,0,0,1.12077,1.1158,0.004970000000000141,465.99999999997624,win,reverse_fade+week_end,2,1,1,2016-09-02 12:30:00-04:00
2016-09-05,long,2016-09-06 14:00:00-04:00,2016-09-08 10:15:00-04:00,1.12127,1.1298499999999998,1.11698,1.1298499999999998,1.119983,1.119125,nan,,nan,,0,0,1.11824,1.11395,0.004289999999999905,2569.499999999943,win,target,1,3,0,
2016-09-05,long,2016-09-08 10:30:00-04:00,2016-09-08 14:00:00-04:00,1.12929,1.127145,1.125,1.1378699999999997,1.1280029999999999,1.127145,1.1280029999999999,2016-09-08 12:30:00-04:00,1.127145,2016-09-08 14:00:00-04:00,2,1,1.11824,1.11395,0.004289999999999905,-476.39999999999173,loss,dd_cut+flat_at_50,2,3,0,
2016-09-05,short,2016-09-08 14:00:00-04:00,2016-09-09 20:45:00-04:00,1.127145,1.12318,1.131435,1.1185650000000003,nan,nan,nan,,nan,,0,0,1.11824,1.11395,0.004289999999999905,394.99999999999966,win,reverse_fade+week_end,2,1,1,2016-09-08 10:30:00-04:00
2016-09-12,long,2016-09-14 15:45:00-04:00,2016-09-15 02:00:00-04:00,1.12702,1.1241149999999998,1.1212099999999998,1.13864,1.1252769999999999,1.1241149999999998,1.1252769999999999,2016-09-14 16:45:00-04:00,1.1241149999999998,2016-09-15 02:00:00-04:00,2,1,1.12684,1.12103,0.005810000000000093,-643.6000000000258,loss,dd_cut+flat_at_50,1,3,0,
2016-09-12,short,2016-09-15 02:00:00-04:00,2016-09-16 20:45:00-04:00,1.1241149999999998,1.11509,1.1299249999999998,1.1124949999999996,nan,nan,nan,,nan,,0,0,1.12684,1.12103,0.005810000000000093,900.9999999999839,win,reverse_fade+week_end,1,1,1,2016-09-14 15:45:00-04:00
2016-09-12,short,2016-09-16 12:30:00-04:00,2016-09-16 20:45:00-04:00,1.12018,1.11509,1.12599,1.1085599999999998,1.121923,1.123085,nan,,nan,,0,0,1.12684,1.12103,0.005810000000000093,1522.5000000000116,win,week_end,2,3,0,
2016-09-19,long,2016-09-20 06:45:00-04:00,2016-09-20 10:30:00-04:00,1.12006,1.117705,1.11535,1.12948,1.1186470000000002,1.117705,1.1186470000000002,2016-09-20 08:30:00-04:00,1.117705,2016-09-20 10:30:00-04:00,2,1,1.11978,1.11507,0.004709999999999992,-522.599999999988,loss,dd_cut+flat_at_50,1,3,0,
2016-09-19,short,2016-09-20 10:30:00-04:00,2016-09-22 06:00:00-04:00,1.117705,1.122415,1.122415,1.108285,nan,nan,nan,,nan,,0,0,1.11978,1.11507,0.004709999999999992,-472.4999999999992,loss,reverse_fade+stop,1,1,1,2016-09-20 06:45:00-04:00
2016-09-19,short,2016-09-20 20:45:00-04:00,2016-09-21 18:00:00-04:00,1.11503,1.117385,1.11974,1.10561,1.1164429999999999,1.117385,1.1164429999999999,2016-09-21 15:45:00-04:00,1.117385,2016-09-21 18:00:00-04:00,2,1,1.11978,1.11507,0.004709999999999992,-522.599999999988,loss,dd_cut+flat_at_50,2,3,0,
2016-09-19,long,2016-09-21 18:00:00-04:00,2016-09-23 20:45:00-04:00,1.117385,1.12237,1.112675,1.126805,nan,nan,nan,,nan,,0,0,1.11978,1.11507,0.004709999999999992,497.0000000000017,win,reverse_fade+week_end,2,1,1,2016-09-20 20:45:00-04:00
2016-09-26,short,2016-09-27 12:00:00-04:00,2016-09-29 16:15:00-04:00,1.12196,1.1248650000000002,1.1277700000000002,1.1103399999999999,1.1237030000000001,1.1248650000000002,1.1237030000000001,2016-09-29 14:15:00-04:00,1.1248650000000002,2016-09-29 16:15:00-04:00,2,1,1.12792,1.12211,0.005810000000000093,-643.6000000000258,loss,dd_cut+flat_at_50,1,3,0,
2016-09-26,long,2016-09-29 16:15:00-04:00,2016-09-30 07:15:00-04:00,1.1248650000000002,1.1190550000000001,1.1190550000000001,1.1364850000000004,nan,nan,nan,,nan,,0,0,1.12792,1.12211,0.005810000000000093,-582.5000000000093,loss,reverse_fade+stop,1,1,1,2016-09-27 12:00:00-04:00
2016-09-26,short,2016-09-29 17:00:00-04:00,2016-09-30 15:00:00-04:00,1.12139,1.124295,1.1272000000000002,1.10977,1.1231330000000002,1.124295,1.1231330000000002,2016-09-30 14:45:00-04:00,1.124295,2016-09-30 15:00:00-04:00,2,1,1.12792,1.12211,0.005810000000000093,-643.6000000000035,loss,dd_cut+flat_at_50,2,3,0,
2016-09-26,long,2016-09-30 15:00:00-04:00,2016-09-30 20:45:00-04:00,1.124295,1.12392,1.118485,1.1359150000000002,nan,nan,nan,,nan,,0,0,1.12792,1.12211,0.005810000000000093,-39.00000000000142,loss,reverse_fade+week_end,2,1,1,2016-09-29 17:00:00-04:00
2016-10-03,short,2016-10-04 01:30:00-04:00,2016-10-04 15:45:00-04:00,1.12045,1.1222699999999999,1.12409,1.1131699999999998,1.121542,1.1222699999999999,1.121542,2016-10-04 15:45:00-04:00,1.1222699999999999,2016-10-04 15:45:00-04:00,2,1,1.12416,1.12052,0.0036400000000000876,-404.90000000001186,loss,dd_cut+flat_at_50,1,3,0,
2016-10-03,long,2016-10-04 15:45:00-04:00,2016-10-04 16:00:00-04:00,1.1222699999999999,1.1186299999999998,1.1186299999999998,1.12955,nan,nan,nan,,nan,,0,0,1.12416,1.12052,0.0036400000000000876,-365.50000000000875,loss,reverse_fade+stop,1,1,1,2016-10-04 01:30:00-04:00
2016-10-03,short,2016-10-04 16:00:00-04:00,2016-10-04 17:00:00-04:00,1.11846,1.1202800000000002,1.1221,1.1111799999999998,1.119552,1.1202800000000002,1.119552,2016-10-04 16:15:00-04:00,1.1202800000000002,2016-10-04 17:00:00-04:00,2,1,1.12416,1.12052,0.0036400000000000876,-404.9000000000341,loss,dd_cut+flat_at_50,2,3,0,
2016-10-03,long,2016-10-04 17:00:00-04:00,2016-10-06 14:45:00-04:00,1.1202800000000002,1.11664,1.11664,1.1275600000000003,nan,nan,nan,,nan,,0,0,1.12416,1.12052,0.0036400000000000876,-365.50000000000875,loss,reverse_fade+stop,2,1,1,2016-10-04 16:00:00-04:00
2016-10-10,short,2016-10-11 01:30:00-04:00,2016-10-13 08:15:00-04:00,1.11282,1.0990399999999998,1.11971,1.0990399999999998,1.114887,1.1162649999999998,nan,,nan,,0,0,1.12003,1.11314,0.006890000000000063,4129.500000000037,win,target,1,3,0,
2016-10-10,short,2016-10-13 08:30:00-04:00,2016-10-13 10:00:00-04:00,1.09923,1.102675,1.10612,1.0854499999999998,1.101297,1.102675,1.101297,2016-10-13 09:15:00-04:00,1.102675,2016-10-13 10:00:00-04:00,2,1,1.12003,1.11314,0.006890000000000063,-762.4000000000224,loss,dd_cut+flat_at_50,2,3,0,
2016-10-10,long,2016-10-13 10:00:00-04:00,2016-10-14 20:45:00-04:00,1.102675,1.09715,1.095785,1.1164550000000002,nan,nan,nan,,nan,,0,0,1.12003,1.11314,0.006890000000000063,-554.0000000000002,loss,reverse_fade+week_end,2,1,1,2016-10-13 08:30:00-04:00
2016-10-17,long,2016-10-18 00:00:00-04:00,2016-10-18 12:45:00-04:00,1.1015,1.0989849999999999,1.0964699999999998,1.11156,1.099991,1.0989849999999999,1.099991,2016-10-18 11:30:00-04:00,1.0989849999999999,2016-10-18 12:45:00-04:00,2,1,1.10141,1.09638,0.00503000000000009,-557.8000000000011,loss,dd_cut+flat_at_50,1,3,0,
2016-10-17,short,2016-10-18 12:45:00-04:00,2016-10-21 07:30:00-04:00,1.0989849999999999,1.0889249999999997,1.104015,1.0889249999999997,nan,nan,nan,,nan,,0,0,1.10141,1.09638,0.00503000000000009,1004.500000000018,win,reverse_fade+target,1,1,1,2016-10-18 00:00:00-04:00
2016-10-17,short,2016-10-19 13:30:00-04:00,2016-10-20 11:15:00-04:00,1.09621,1.098725,1.10124,1.0861499999999997,1.097719,1.098725,1.097719,2016-10-19 22:15:00-04:00,1.098725,2016-10-20 11:15:00-04:00,2,1,1.10141,1.09638,0.00503000000000009,-557.8000000000011,loss,dd_cut+flat_at_50,2,3,0,
2016-10-17,long,2016-10-20 11:15:00-04:00,2016-10-20 13:15:00-04:00,1.098725,1.0936949999999999,1.0936949999999999,1.1087850000000001,nan,nan,nan,,nan,,0,0,1.10141,1.09638,0.00503000000000009,-504.500000000009,loss,reverse_fade+stop,2,1,1,2016-10-19 13:30:00-04:00
2016-10-24,short,2016-10-25 12:45:00-04:00,2016-10-25 15:15:00-04:00,1.0858,1.0878,1.0898,1.0778,1.0870000000000002,1.0878,1.0870000000000002,2016-10-25 15:00:00-04:00,1.0878,2016-10-25 15:15:00-04:00,2,1,1.08996,1.08596,0.0040000000000000036,-444.50000000001813,loss,dd_cut+flat_at_50,1,3,0,
2016-10-24,long,2016-10-25 15:15:00-04:00,2016-10-28 17:00:00-04:00,1.0878,1.0958,1.0838,1.0958,nan,nan,nan,,nan,,0,0,1.08996,1.08596,0.0040000000000000036,798.5000000000007,win,reverse_fade+target,1,1,1,2016-10-25 12:45:00-04:00
2016-10-24,long,2016-10-25 18:15:00-04:00,2016-10-26 00:45:00-04:00,1.08999,1.08799,1.08599,1.09799,1.08879,1.08799,1.08879,2016-10-25 18:45:00-04:00,1.08799,2016-10-26 00:45:00-04:00,2,1,1.08996,1.08596,0.0040000000000000036,-444.50000000001813,loss,dd_cut+flat_at_50,2,3,0,
2016-10-24,short,2016-10-26 00:45:00-04:00,2016-10-26 08:00:00-04:00,1.08799,1.09199,1.09199,1.07999,nan,nan,nan,,nan,,0,0,1.08996,1.08596,0.0040000000000000036,-401.50000000000034,loss,reverse_fade+stop,2,1,1,2016-10-25 18:15:00-04:00
2016-10-31,long,2016-11-01 07:45:00-04:00,2016-11-02 08:00:00-04:00,1.0985,1.10784,1.09383,1.10784,1.097099,1.096165,nan,,nan,,0,0,1.09826,1.09359,0.004669999999999952,2797.4999999999714,win,target,1,3,0,
2016-10-31,long,2016-11-02 08:15:00-04:00,2016-11-03 11:45:00-04:00,1.1092,1.106865,1.10453,1.1185399999999999,1.107799,1.106865,1.107799,2016-11-02 09:15:00-04:00,1.106865,2016-11-03 11:45:00-04:00,2,1,1.09826,1.09359,0.004669999999999952,-518.1999999999947,loss,dd_cut+flat_at_50,2,3,0,
2016-10-31,short,2016-11-03 11:45:00-04:00,2016-11-03 18:00:00-04:00,1.106865,1.111535,1.111535,1.097525,nan,nan,nan,,nan,,0,0,1.09826,1.09359,0.004669999999999952,-468.4999999999952,loss,reverse_fade+stop,2,1,1,2016-11-02 08:15:00-04:00
2016-11-07,short,2016-11-08 17:00:00-05:00,2016-11-09 02:00:00-05:00,1.10255,1.1066949999999998,1.1108399999999998,1.08597,1.1050369999999998,1.1066949999999998,1.1050369999999998,2016-11-09 00:00:00-05:00,1.1066949999999998,2016-11-09 02:00:00-05:00,2,1,1.11103,1.10274,0.008289999999999909,-916.3999999999655,loss,dd_cut+flat_at_50,1,3,0,
2016-11-07,long,2016-11-09 02:00:00-05:00,2016-11-09 04:00:00-05:00,1.1066949999999998,1.1232749999999996,1.0984049999999999,1.1232749999999996,nan,nan,nan,,nan,,0,0,1.11103,1.10274,0.008289999999999909,1656.4999999999818,win,reverse_fade+target,1,1,1,2016-11-08 17:00:00-05:00
2016-11-07,long,2016-11-09 02:15:00-05:00,2016-11-09 05:00:00-05:00,1.113,1.1295799999999998,1.10471,1.1295799999999998,1.110513,1.1088550000000001,nan,,nan,,0,0,1.11103,1.10274,0.008289999999999909,4969.499999999945,win,target,2,3,0,
2016-11-14,short,2016-11-16 07:45:00-05:00,2016-11-18 21:45:00-05:00,1.07054,1.05866,1.0822100000000001,1.0472,1.074041,1.076375,1.074041,2016-11-17 12:15:00-05:00,nan,,2,0,1.08258,1.07091,0.01167000000000007,483.3000000000161,win,dd_cut+week_end,1,3,0,
2016-11-21,long,2016-11-22 09:15:00-05:00,2016-11-22 12:30:00-05:00,1.06529,1.0619800000000001,1.05867,1.0785300000000002,1.063304,1.0619800000000001,1.063304,2016-11-22 10:15:00-05:00,1.0619800000000001,2016-11-22 12:30:00-05:00,2,1,1.06491,1.05829,0.00662000000000007,-732.7000000000011,loss,dd_cut+flat_at_50,1,3,0,
2016-11-21,short,2016-11-22 12:30:00-05:00,2016-11-25 21:45:00-05:00,1.0619800000000001,1.05901,1.0686000000000002,1.04874,nan,nan,nan,,nan,,0,0,1.06491,1.05829,0.00662000000000007,295.5000000000139,win,reverse_fade+week_end,1,1,1,2016-11-22 09:15:00-05:00
2016-11-21,short,2016-11-23 13:30:00-05:00,2016-11-25 07:00:00-05:00,1.05676,1.06007,1.06338,1.0435199999999998,1.058746,1.06007,1.058746,2016-11-25 07:00:00-05:00,1.06007,2016-11-25 07:00:00-05:00,2,1,1.06491,1.05829,0.00662000000000007,-732.7000000000232,loss,dd_cut+flat_at_50,2,3,0,
2016-11-21,long,2016-11-25 07:00:00-05:00,2016-11-25 21:45:00-05:00,1.06007,1.05901,1.05345,1.0733100000000002,nan,nan,nan,,nan,,0,0,1.06491,1.05829,0.00662000000000007,-107.50000000000608,loss,reverse_fade+week_end,2,1,1,2016-11-23 13:30:00-05:00
2016-11-28,long,2016-12-02 05:00:00-05:00,2016-12-02 13:45:00-05:00,1.06866,1.06256,1.05646,1.09306,1.065,1.06256,1.065,2016-12-02 09:45:00-05:00,1.06256,2016-12-02 13:45:00-05:00,2,1,1.06856,1.05636,0.012199999999999989,-1346.4999999999986,loss,dd_cut+flat_at_50,1,3,0,
2016-11-28,short,2016-12-02 13:45:00-05:00,2016-12-02 21:45:00-05:00,1.06256,1.06632,1.07476,1.03816,nan,nan,nan,,nan,,0,0,1.06856,1.05636,0.012199999999999989,-377.4999999999986,loss,reverse_fade+week_end,1,1,1,2016-12-02 05:00:00-05:00
2016-12-05,long,2016-12-08 09:15:00-05:00,2016-12-08 13:30:00-05:00,1.07976,1.066815,1.0538699999999999,1.1315400000000004,1.071993,1.066815,1.071993,2016-12-08 13:30:00-05:00,1.066815,2016-12-08 13:30:00-05:00,2,1,1.07963,1.05374,0.02589000000000019,-2852.400000000014,loss,dd_cut+flat_at_50,1,3,0,
2016-12-05,short,2016-12-08 13:30:00-05:00,2016-12-09 21:45:00-05:00,1.066815,1.05591,1.0927050000000003,1.0150349999999997,nan,nan,nan,,nan,,0,0,1.07963,1.05374,0.02589000000000019,1089.0000000000164,win,reverse_fade+week_end,1,1,1,2016-12-08 09:15:00-05:00
2016-12-05,short,2016-12-09 15:45:00-05:00,2016-12-09 21:45:00-05:00,1.05348,1.05591,1.0793700000000002,1.0016999999999996,1.061247,1.0664250000000002,nan,,nan,,0,0,1.07963,1.05374,0.02589000000000019,-733.4999999999798,loss,week_end,2,3,0,
2016-12-12,long,2016-12-14 07:00:00-05:00,2016-12-14 19:00:00-05:00,1.06538,1.059065,1.05275,1.0906399999999998,1.061591,1.059065,1.061591,2016-12-14 08:30:00-05:00,1.059065,2016-12-14 19:00:00-05:00,2,1,1.06517,1.05254,0.012629999999999919,-1393.8000000000156,loss,dd_cut+flat_at_50,1,3,0,
2016-12-12,short,2016-12-14 19:00:00-05:00,2016-12-16 21:45:00-05:00,1.059065,1.04483,1.0716949999999998,1.033805,nan,nan,nan,,nan,,0,0,1.06517,1.05254,0.012629999999999919,1421.9999999999998,win,reverse_fade+week_end,1,1,1,2016-12-14 07:00:00-05:00
2016-12-12,short,2016-12-14 20:30:00-05:00,2016-12-16 21:45:00-05:00,1.052,1.04483,1.06463,1.0267400000000002,1.055789,1.058315,nan,,nan,,0,0,1.06517,1.05254,0.012629999999999919,2146.5000000000364,win,week_end,2,3,0,
2016-12-19,short,2016-12-20 06:00:00-05:00,2016-12-21 12:00:00-05:00,1.03839,1.042745,1.0471,1.02097,1.041003,1.042745,1.041003,2016-12-21 02:15:00-05:00,1.042745,2016-12-21 12:00:00-05:00,2,1,1.04795,1.03924,0.008709999999999996,-962.600000000006,loss,dd_cut+flat_at_50,1,3,0,
2016-12-19,long,2016-12-21 12:00:00-05:00,2016-12-23 21:45:00-05:00,1.042745,1.04532,1.034035,1.060165,nan,nan,nan,,nan,,0,0,1.04795,1.03924,0.008709999999999996,255.99999999999937,win,reverse_fade+week_end,1,1,1,2016-12-20 06:00:00-05:00
2016-12-26,short,2016-12-27 01:45:00-05:00,2016-12-27 06:00:00-05:00,1.04342,1.04478,1.04614,1.03798,1.044236,1.04478,1.044236,2016-12-27 05:45:00-05:00,1.04478,2016-12-27 06:00:00-05:00,2,1,1.04674,1.04402,0.0027200000000000557,-303.69999999998834,loss,dd_cut+flat_at_50,1,3,0,
2016-12-26,long,2016-12-27 06:00:00-05:00,2016-12-28 11:15:00-05:00,1.04478,1.04206,1.04206,1.0502200000000002,nan,nan,nan,,nan,,0,0,1.04674,1.04402,0.0027200000000000557,-273.50000000000557,loss,reverse_fade+stop,1,1,1,2016-12-27 01:45:00-05:00
2016-12-26,long,2016-12-28 01:00:00-05:00,2016-12-28 08:00:00-05:00,1.04695,1.04559,1.04423,1.0523900000000002,1.0461340000000001,1.04559,1.0461340000000001,2016-12-28 08:00:00-05:00,1.04559,2016-12-28 08:00:00-05:00,2,1,1.04674,1.04402,0.0027200000000000557,-303.69999999998834,loss,dd_cut+flat_at_50,2,3,0,
2016-12-26,short,2016-12-28 08:00:00-05:00,2016-12-28 12:00:00-05:00,1.04559,1.04015,1.04831,1.04015,nan,nan,nan,,nan,,0,0,1.04674,1.04402,0.0027200000000000557,542.5000000000111,win,reverse_fade+target,2,1,1,2016-12-28 01:00:00-05:00
2017-01-02,short,2017-01-03 08:15:00-05:00,2017-01-04 15:00:00-05:00,1.04324,1.047035,1.05083,1.02806,1.045517,1.047035,1.045517,2017-01-04 14:45:00-05:00,1.047035,2017-01-04 15:00:00-05:00,2,1,1.0526,1.04501,0.007589999999999986,-839.4000000000162,loss,dd_cut+flat_at_50,1,3,0,
2017-01-02,long,2017-01-04 15:00:00-05:00,2017-01-06 21:45:00-05:00,1.047035,1.0529,1.039445,1.062215,nan,nan,nan,,nan,,0,0,1.0526,1.04501,0.007589999999999986,585.0000000000009,win,reverse_fade+week_end,1,1,1,2017-01-03 08:15:00-05:00
2017-01-02,long,2017-01-05 00:15:00-05:00,2017-01-05 10:45:00-05:00,1.05273,1.048935,1.04514,1.06791,1.0504529999999999,1.048935,1.0504529999999999,2017-01-05 09:15:00-05:00,1.048935,2017-01-05 10:45:00-05:00,2,1,1.0526,1.04501,0.007589999999999986,-839.4000000000162,loss,dd_cut+flat_at_50,2,3,0,
2017-01-02,short,2017-01-05 10:45:00-05:00,2017-01-05 15:15:00-05:00,1.048935,1.056525,1.056525,1.033755,nan,nan,nan,,nan,,0,0,1.0526,1.04501,0.007589999999999986,-760.4999999999985,loss,reverse_fade+stop,2,1,1,2017-01-05 00:15:00-05:00
2017-01-09,long,2017-01-10 00:00:00-05:00,2017-01-10 17:30:00-05:00,1.05903,1.0551249999999999,1.05122,1.0746499999999997,1.056687,1.0551249999999999,1.056687,2017-01-10 12:30:00-05:00,1.0551249999999999,2017-01-10 17:30:00-05:00,2,1,1.0589,1.05109,0.007809999999999873,-863.6000000000015,loss,dd_cut+flat_at_50,1,3,0,
2017-01-09,short,2017-01-10 17:30:00-05:00,2017-01-12 06:45:00-05:00,1.0551249999999999,1.0629349999999997,1.0629349999999997,1.0395050000000001,nan,nan,nan,,nan,,0,0,1.0589,1.05109,0.007809999999999873,-782.4999999999873,loss,reverse_fade+stop,1,1,1,2017-01-10 00:00:00-05:00
2017-01-09,short,2017-01-11 12:00:00-05:00,2017-01-11 17:15:00-05:00,1.05029,1.054195,1.0580999999999998,1.0346700000000002,1.052633,1.054195,1.052633,2017-01-11 16:30:00-05:00,1.054195,2017-01-11 17:15:00-05:00,2,1,1.0589,1.05109,0.007809999999999873,-863.6000000000015,loss,dd_cut+flat_at_50,2,3,0,
2017-01-09,long,2017-01-11 17:15:00-05:00,2017-01-13 21:45:00-05:00,1.054195,1.0642,1.0463850000000001,1.0698149999999997,nan,nan,nan,,nan,,0,0,1.0589,1.05109,0.007809999999999873,999.0000000000042,win,reverse_fade+week_end,2,1,1,2017-01-11 12:00:00-05:00
2017-01-16,long,2017-01-17 04:00:00-05:00,2017-01-19 13:30:00-05:00,1.06353,1.060775,1.0580200000000002,1.07455,1.0618770000000002,1.060775,1.0618770000000002,2017-01-19 13:30:00-05:00,1.060775,2017-01-19 13:30:00-05:00,2,1,1.06344,1.05793,0.005509999999999904,-610.5999999999872,loss,dd_cut+flat_at_50,1,3,0,
2017-01-16,short,2017-01-19 13:30:00-05:00,2017-01-19 20:00:00-05:00,1.060775,1.066285,1.066285,1.0497550000000002,nan,nan,nan,,nan,,0,0,1.06344,1.05793,0.005509999999999904,-552.4999999999903,loss,reverse_fade+stop,1,1,1,2017-01-17 04:00:00-05:00
2017-01-16,long,2017-01-19 18:15:00-05:00,2017-01-20 21:45:00-05:00,1.06368,1.0699,1.05817,1.0746999999999998,1.062027,1.0609250000000001,nan,,nan,,0,0,1.06344,1.05793,0.005509999999999904,1861.5000000000346,win,week_end,2,3,0,
2017-01-23,short,2017-01-26 13:00:00-05:00,2017-01-27 21:45:00-05:00,1.07003,1.06958,1.0766900000000001,1.0567099999999998,1.072028,1.07336,1.072028,2017-01-27 14:00:00-05:00,nan,,2,0,1.07729,1.07063,0.00666000000000011,-359.09999999998274,loss,dd_cut+week_end,1,3,0,
2017-01-30,long,2017-01-31 11:45:00-05:00,2017-02-03 21:45:00-05:00,1.07505,1.07818,1.0630600000000001,1.09903,1.071453,1.069055,1.071453,2017-02-03 13:30:00-05:00,nan,,2,0,1.07402,1.06203,0.011989999999999945,-410.9000000000289,loss,dd_cut+week_end,1,3,0,
2017-02-06,short,2017-02-07 06:00:00-05:00,2017-02-10 21:45:00-05:00,1.07022,1.06397,1.0785,1.0536599999999998,1.0727039999999999,1.07436,nan,,nan,,0,0,1.07887,1.07059,0.008280000000000065,1870.49999999996,win,week_end,1,3,0,
2017-02-13,short,2017-02-14 02:00:00-05:00,2017-02-14 08:15:00-05:00,1.05916,1.0624850000000001,1.0658100000000001,1.04586,1.061155,1.0624850000000001,1.061155,2017-02-14 04:45:00-05:00,1.0624850000000001,2017-02-14 08:15:00-05:00,2,1,1.06585,1.0592,0.006650000000000045,-735.999999999996,loss,dd_cut+flat_at_50,1,3,0,
2017-02-13,long,2017-02-14 08:15:00-05:00,2017-02-15 08:30:00-05:00,1.0624850000000001,1.055835,1.055835,1.0757850000000002,nan,nan,nan,,nan,,0,0,1.06585,1.0592,0.006650000000000045,-666.5000000000044,loss,reverse_fade+stop,1,1,1,2017-02-14 02:00:00-05:00
2017-02-13,short,2017-02-14 15:15:00-05:00,2017-02-16 00:15:00-05:00,1.05799,1.061315,1.06464,1.04469,1.059985,1.061315,1.059985,2017-02-15 16:30:00-05:00,1.061315,2017-02-16 00:15:00-05:00,2,1,1.06585,1.0592,0.006650000000000045,-735.999999999996,loss,dd_cut+flat_at_50,2,3,0,
2017-02-13,long,2017-02-16 00:15:00-05:00,2017-02-17 21:45:00-05:00,1.061315,1.06114,1.054665,1.074615,nan,nan,nan,,nan,,0,0,1.06585,1.0592,0.006650000000000045,-19.000000000003624,loss,reverse_fade+week_end,2,1,1,2017-02-14 15:15:00-05:00
2017-02-20,short,2017-02-21 00:30:00-05:00,2017-02-21 10:15:00-05:00,1.0593,1.0539399999999999,1.06198,1.0539399999999999,1.060104,1.0606399999999998,nan,,nan,,0,0,1.06299,1.06031,0.0026800000000000157,1603.5000000000095,win,target,1,3,0,
2017-02-20,short,2017-02-21 10:30:00-05:00,2017-02-21 16:30:00-05:00,1.05371,1.05505,1.05639,1.04835,1.054514,1.05505,1.054514,2017-02-21 11:45:00-05:00,1.05505,2017-02-21 16:30:00-05:00,2,1,1.06299,1.06031,0.0026800000000000157,-299.30000000001723,loss,dd_cut+flat_at_50,2,3,0,
2017-02-20,long,2017-02-21 16:30:00-05:00,2017-02-22 06:30:00-05:00,1.05505,1.05237,1.05237,1.06041,nan,nan,nan,,nan,,0,0,1.06299,1.06031,0.0026800000000000157,-269.5000000000016,loss,reverse_fade+stop,2,1,1,2017-02-21 10:30:00-05:00
2017-02-27,short,2017-03-01 07:00:00-05:00,2017-03-03 18:00:00-05:00,1.05424,1.058195,1.06215,1.0384200000000003,1.056613,1.058195,1.056613,2017-03-01 16:30:00-05:00,1.058195,2017-03-03 18:00:00-05:00,2,1,1.06306,1.05515,0.007909999999999862,-874.5999999999848,loss,dd_cut+flat_at_50,1,3,0,
2017-02-27,long,2017-03-03 18:00:00-05:00,2017-03-03 21:45:00-05:00,1.058195,1.06203,1.0502850000000001,1.0740149999999997,nan,nan,nan,,nan,,0,0,1.06306,1.05515,0.007909999999999862,382.0000000000033,win,reverse_fade+week_end,1,1,1,2017-03-01 07:00:00-05:00
2017-03-06,short,2017-03-07 00:30:00-05:00,2017-03-09 14:00:00-05:00,1.05739,1.06065,1.0639100000000001,1.04435,1.0593460000000001,1.06065,1.0593460000000001,2017-03-07 07:15:00-05:00,1.06065,2017-03-09 14:00:00-05:00,2,1,1.06399,1.05747,0.006520000000000081,-721.7000000000178,loss,dd_cut+flat_at_50,1,3,0,
2017-03-06,long,2017-03-09 14:00:00-05:00,2017-03-10 21:45:00-05:00,1.06065,1.06728,1.05413,1.0736900000000003,nan,nan,nan,,nan,,0,0,1.06399,1.05747,0.006520000000000081,661.4999999999914,win,reverse_fade+week_end,1,1,1,2017-03-07 00:30:00-05:00
2017-03-06,short,2017-03-09 16:00:00-05:00,2017-03-10 08:00:00-05:00,1.05703,1.06029,1.06355,1.0439899999999998,1.058986,1.06029,1.058986,2017-03-09 18:15:00-05:00,1.06029,2017-03-10 08:00:00-05:00,2,1,1.06399,1.05747,0.006520000000000081,-721.7000000000178,loss,dd_cut+flat_at_50,2,3,0,
2017-03-06,long,2017-03-10 08:00:00-05:00,2017-03-10 21:45:00-05:00,1.06029,1.06728,1.0537699999999999,1.0733300000000001,nan,nan,nan,,nan,,0,0,1.06399,1.05747,0.006520000000000081,697.5000000000052,win,reverse_fade+week_end,2,1,1,2017-03-09 16:00:00-05:00
2017-03-13,short,2017-03-14 06:30:00-04:00,2017-03-15 18:00:00-04:00,1.06435,1.0678199999999998,1.0712899999999999,1.05047,1.0664319999999998,1.0678199999999998,1.0664319999999998,2017-03-15 18:00:00-04:00,1.0678199999999998,2017-03-15 18:00:00-04:00,2,1,1.07142,1.06448,0.006939999999999946,-767.8999999999696,loss,dd_cut+flat_at_50,1,3,0,
2017-03-13,long,2017-03-15 18:00:00-04:00,2017-03-17 20:45:00-04:00,1.0678199999999998,1.07382,1.0608799999999998,1.0816999999999997,nan,nan,nan,,nan,,0,0,1.07142,1.06448,0.006939999999999946,598.5000000000227,win,reverse_fade+week_end,1,1,1,2017-03-14 06:30:00-04:00
2017-03-13,long,2017-03-15 20:00:00-04:00,2017-03-17 20:45:00-04:00,1.07347,1.07382,1.06653,1.0873499999999998,1.071388,1.0699999999999998,1.071388,2017-03-16 08:30:00-04:00,nan,,2,0,1.07142,1.06448,0.006939999999999946,-385.8999999999762,loss,dd_cut+week_end,2,3,0,
2017-03-20,long,2017-03-21 07:00:00-04:00,2017-03-24 20:45:00-04:00,1.07855,1.07969,1.07273,1.0901899999999998,1.0768039999999999,1.07564,1.0768039999999999,2017-03-23 10:30:00-04:00,nan,,2,0,1.07772,1.0719,0.005819999999999936,-239.69999999999095,loss,dd_cut+week_end,1,3,0,
2017-03-27,short,2017-03-28 16:45:00-04:00,2017-03-30 17:00:00-04:00,1.08332,1.0696999999999997,1.0901300000000003,1.0696999999999997,1.085363,1.0867250000000002,nan,,nan,,0,0,1.09058,1.08377,0.006810000000000205,4081.500000000123,win,target,1,3,0,
2017-03-27,short,2017-03-30 17:15:00-04:00,2017-03-31 20:45:00-04:00,1.06914,1.06528,1.0759500000000002,1.0555199999999996,1.071183,1.072545,nan,,nan,,0,0,1.09058,1.08377,0.006810000000000205,1153.4999999999923,win,week_end,2,3,0,
2017-04-03,short,2017-04-04 10:30:00-04:00,2017-04-04 14:45:00-04:00,1.06416,1.06609,1.06802,1.05644,1.065318,1.06609,1.065318,2017-04-04 11:45:00-04:00,1.06609,2017-04-04 14:45:00-04:00,2,1,1.06809,1.06423,0.0038599999999999746,-429.0999999999972,loss,dd_cut+flat_at_50,1,3,0,
2017-04-03,long,2017-04-04 14:45:00-04:00,2017-04-07 12:45:00-04:00,1.06609,1.06223,1.06223,1.07381,nan,nan,nan,,nan,,0,0,1.06809,1.06423,0.0038599999999999746,-387.49999999999744,loss,reverse_fade+stop,1,1,1,2017-04-04 10:30:00-04:00
2017-04-03,long,2017-04-05 00:00:00-04:00,2017-04-05 12:15:00-04:00,1.06813,1.0662,1.06427,1.07585,1.066972,1.0662,1.066972,2017-04-05 06:00:00-04:00,1.0662,2017-04-05 12:15:00-04:00,2,1,1.06809,1.06423,0.0038599999999999746,-429.0999999999972,loss,dd_cut+flat_at_50,2,3,0,
2017-04-03,short,2017-04-05 12:15:00-04:00,2017-04-07 17:45:00-04:00,1.0662,1.05848,1.07006,1.05848,nan,nan,nan,,nan,,0,0,1.06809,1.06423,0.0038599999999999746,770.4999999999949,win,reverse_fade+target,2,1,1,2017-04-05 00:00:00-04:00
2017-04-10,long,2017-04-11 09:15:00-04:00,2017-04-12 17:30:00-04:00,1.06081,1.05898,1.05715,1.06813,1.059712,1.05898,1.059712,2017-04-12 02:45:00-04:00,1.05898,2017-04-12 17:30:00-04:00,2,1,1.06064,1.05698,0.0036599999999999966,-407.1000000000085,loss,dd_cut+flat_at_50,1,3,0,
2017-04-10,short,2017-04-12 17:30:00-04:00,2017-04-12 19:15:00-04:00,1.05898,1.06264,1.06264,1.05166,nan,nan,nan,,nan,,0,0,1.06064,1.05698,0.0036599999999999966,-367.49999999999966,loss,reverse_fade+stop,1,1,1,2017-04-11 09:15:00-04:00
2017-04-10,long,2017-04-12 19:00:00-04:00,2017-04-14 20:45:00-04:00,1.06198,1.06105,1.05832,1.0693,1.0608819999999999,1.06015,1.0608819999999999,2017-04-14 05:45:00-04:00,nan,,2,0,1.06064,1.05698,0.0036599999999999966,-317.0999999999962,loss,dd_cut+week_end,2,3,0,
2017-04-17,long,2017-04-18 11:00:00-04:00,2017-04-21 20:45:00-04:00,1.0671,1.07237,1.06092,1.0794599999999996,1.065246,1.0640100000000001,nan,,nan,,0,0,1.06703,1.06085,0.006179999999999852,1576.5000000000323,win,week_end,1,3,0,
2017-04-24,long,2017-04-25 06:45:00-04:00,2017-04-27 13:30:00-04:00,1.08827,1.0854350000000001,1.0826000000000002,1.0996099999999998,1.0865690000000001,1.0854350000000001,1.0865690000000001,2017-04-26 15:30:00-04:00,1.0854350000000001,2017-04-27 13:30:00-04:00,2,1,1.08774,1.08207,0.005669999999999842,-628.1999999999825,loss,dd_cut+flat_at_50,1,3,0,
2017-04-24,short,2017-04-27 13:30:00-04:00,2017-04-28 09:00:00-04:00,1.0854350000000001,1.091105,1.091105,1.0740950000000005,nan,nan,nan,,nan,,0,0,1.08774,1.08207,0.005669999999999842,-568.4999999999842,loss,reverse_fade+stop,1,1,1,2017-04-25 06:45:00-04:00
2017-04-24,long,2017-04-27 17:00:00-04:00,2017-04-28 20:45:00-04:00,1.08805,1.08961,1.0823800000000001,1.0993899999999996,1.086349,1.085215,1.086349,2017-04-27 23:15:00-04:00,nan,,2,0,1.08774,1.08207,0.005669999999999842,-188.69999999998993,loss,dd_cut+week_end,2,3,0,
2017-05-01,long,2017-05-02 18:30:00-04:00,2017-05-03 09:00:00-04:00,1.09279,1.090795,1.0888,1.1007699999999998,1.091593,1.090795,1.091593,2017-05-03 06:30:00-04:00,1.090795,2017-05-03 09:00:00-04:00,2,1,1.09239,1.0884,0.003989999999999938,-443.3999999999754,loss,dd_cut+flat_at_50,1,3,0,
2017-05-01,short,2017-05-03 09:00:00-04:00,2017-05-04 14:30:00-04:00,1.090795,1.094785,1.094785,1.082815,nan,nan,nan,,nan,,0,0,1.09239,1.0884,0.003989999999999938,-400.4999999999938,loss,reverse_fade+stop,1,1,1,2017-05-02 18:30:00-04:00
2017-05-01,short,2017-05-03 21:00:00-04:00,2017-05-04 07:45:00-04:00,1.08837,1.090365,1.09236,1.0803900000000002,1.089567,1.090365,1.089567,2017-05-04 03:45:00-04:00,1.090365,2017-05-04 07:45:00-04:00,2,1,1.09239,1.0884,0.003989999999999938,-443.3999999999754,loss,dd_cut+flat_at_50,2,3,0,
2017-05-01,long,2017-05-04 07:45:00-04:00,2017-05-04 19:15:00-04:00,1.090365,1.098345,1.086375,1.098345,nan,nan,nan,,nan,,0,0,1.09239,1.0884,0.003989999999999938,796.4999999999876,win,reverse_fade+target,2,1,1,2017-05-03 21:00:00-04:00
2017-05-08,short,2017-05-09 06:15:00-04:00,2017-05-12 20:45:00-04:00,1.09036,1.0931,1.0984,1.07428,1.092772,1.0943800000000001,1.092772,2017-05-12 15:30:00-04:00,nan,,2,0,1.09968,1.09164,0.008040000000000047,-760.9000000000126,loss,dd_cut+week_end,1,3,0,
2017-05-15,long,2017-05-16 04:45:00-04:00,2017-05-17 13:45:00-04:00,1.09917,1.11253,1.09249,1.11253,1.097166,1.0958299999999999,nan,,nan,,0,0,1.09893,1.09225,0.006680000000000019,4003.500000000012,win,target,1,3,0,
2017-05-15,long,2017-05-17 14:00:00-04:00,2017-05-18 17:30:00-04:00,1.11367,1.1103299999999998,1.10699,1.12703,1.111666,1.1103299999999998,1.111666,2017-05-18 09:30:00-04:00,1.1103299999999998,2017-05-18 17:30:00-04:00,2,1,1.09893,1.09225,0.006680000000000019,-739.299999999991,loss,dd_cut+flat_at_50,2,3,0,
2017-05-15,short,2017-05-18 17:30:00-04:00,2017-05-19 11:00:00-04:00,1.1103299999999998,1.1170099999999998,1.1170099999999998,1.0969699999999998,nan,nan,nan,,nan,,0,0,1.09893,1.09225,0.006680000000000019,-669.5000000000019,loss,reverse_fade+stop,2,1,1,2017-05-17 14:00:00-04:00
2017-05-29,short,2017-05-30 01:00:00-04:00,2017-05-30 09:15:00-04:00,1.11274,1.1158450000000002,1.1189500000000001,1.10032,1.114603,1.1158450000000002,1.114603,2017-05-30 08:00:00-04:00,1.1158450000000002,2017-05-30 09:15:00-04:00,2,1,1.11898,1.11277,0.006210000000000049,-687.6000000000031,loss,dd_cut+flat_at_50,1,3,0,
2017-05-29,long,2017-05-30 09:15:00-04:00,2017-06-02 19:15:00-04:00,1.1158450000000002,1.1282650000000003,1.1096350000000001,1.1282650000000003,nan,nan,nan,,nan,,0,0,1.11898,1.11277,0.006210000000000049,1240.5000000000098,win,reverse_fade+target,1,1,1,2017-05-30 01:00:00-04:00
2017-05-29,long,2017-05-30 13:45:00-04:00,2017-06-02 20:45:00-04:00,1.11906,1.12825,1.11285,1.13148,1.117197,1.115955,1.117197,2017-05-30 16:45:00-04:00,nan,,2,0,1.11898,1.11277,0.006210000000000049,541.9000000000135,win,dd_cut+week_end,2,3,0,
2017-06-05,long,2017-06-06 17:00:00-04:00,2017-06-07 07:15:00-04:00,1.12811,1.1258949999999999,1.12368,1.1369699999999998,1.126781,1.1258949999999999,1.126781,2017-06-07 00:00:00-04:00,1.1258949999999999,2017-06-07 07:15:00-04:00,2,1,1.12785,1.12342,0.004429999999999934,-491.7999999999905,loss,dd_cut+flat_at_50,1,3,0,
2017-06-05,short,2017-06-07 07:15:00-04:00,2017-06-09 08:30:00-04:00,1.1258949999999999,1.117035,1.1303249999999998,1.117035,nan,nan,nan,,nan,,0,0,1.12785,1.12342,0.004429999999999934,884.4999999999868,win,reverse_fade+target,1,1,1,2017-06-06 17:00:00-04:00
2017-06-05,short,2017-06-07 10:00:00-04:00,2017-06-07 13:45:00-04:00,1.12265,1.1248649999999998,1.1270799999999999,1.11379,1.1239789999999998,1.1248649999999998,1.1239789999999998,2017-06-07 13:45:00-04:00,1.1248649999999998,2017-06-07 13:45:00-04:00,2,1,1.12785,1.12342,0.004429999999999934,-491.79999999996835,loss,dd_cut+flat_at_50,2,3,0,
2017-06-05,long,2017-06-07 13:45:00-04:00,2017-06-08 12:30:00-04:00,1.1248649999999998,1.1204349999999998,1.1204349999999998,1.1337249999999996,nan,nan,nan,,nan,,0,0,1.12785,1.12342,0.004429999999999934,-444.4999999999934,loss,reverse_fade+stop,2,1,1,2017-06-07 10:00:00-04:00
2017-06-12,short,2017-06-13 01:15:00-04:00,2017-06-13 07:30:00-04:00,1.11903,1.121045,1.12306,1.11097,1.120239,1.121045,1.120239,2017-06-13 07:15:00-04:00,1.121045,2017-06-13 07:30:00-04:00,2,1,1.12321,1.11918,0.004029999999999978,-447.80000000001314,loss,dd_cut+flat_at_50,1,3,0,
2017-06-12,long,2017-06-13 07:30:00-04:00,2017-06-14 14:00:00-04:00,1.121045,1.129105,1.117015,1.129105,nan,nan,nan,,nan,,0,0,1.12321,1.11918,0.004029999999999978,804.4999999999956,win,reverse_fade+target,1,1,1,2017-06-13 01:15:00-04:00
2017-06-12,long,2017-06-14 13:00:00-04:00,2017-06-14 18:15:00-04:00,1.12701,1.1249950000000002,1.12298,1.13507,1.125801,1.1249950000000002,1.125801,2017-06-14 18:00:00-04:00,1.1249950000000002,2017-06-14 18:15:00-04:00,2,1,1.12321,1.11918,0.004029999999999978,-447.799999999991,loss,dd_cut+flat_at_50,2,3,0,
2017-06-12,short,2017-06-14 18:15:00-04:00,2017-06-15 09:30:00-04:00,1.1249950000000002,1.1169350000000002,1.1290250000000002,1.1169350000000002,nan,nan,nan,,nan,,0,0,1.12321,1.11918,0.004029999999999978,804.4999999999956,win,reverse_fade+target,2,1,1,2017-06-14 13:00:00-04:00
2017-06-19,short,2017-06-20 13:45:00-04:00,2017-06-22 05:30:00-04:00,1.11363,1.117225,1.12082,1.0992499999999998,1.1157869999999999,1.117225,1.1157869999999999,2017-06-21 18:30:00-04:00,1.117225,2017-06-22 05:30:00-04:00,2,1,1.12128,1.11409,0.00719000000000003,-795.3999999999944,loss,dd_cut+flat_at_50,1,3,0,
2017-06-19,long,2017-06-22 05:30:00-04:00,2017-06-23 20:45:00-04:00,1.117225,1.11918,1.1100349999999999,1.131605,nan,nan,nan,,nan,,0,0,1.12128,1.11409,0.00719000000000003,194.00000000001512,win,reverse_fade+week_end,1,1,1,2017-06-20 13:45:00-04:00
2017-06-26,long,2017-06-27 08:00:00-04:00,2017-06-27 15:45:00-04:00,1.12351,1.13313,1.1187,1.13313,1.122067,1.121105,nan,,nan,,0,0,1.12198,1.11717,0.004809999999999981,2881.499999999988,win,target,1,3,0,
2017-06-26,long,2017-06-27 16:00:00-04:00,2017-06-28 12:15:00-04:00,1.13207,1.129665,1.12726,1.1416899999999999,1.1306269999999998,1.129665,1.1306269999999998,2017-06-27 16:45:00-04:00,1.129665,2017-06-28 12:15:00-04:00,2,1,1.12198,1.11717,0.004809999999999981,-533.6000000000156,loss,dd_cut+flat_at_50,2,3,0,
2017-06-26,short,2017-06-28 12:15:00-04:00,2017-06-28 13:30:00-04:00,1.129665,1.134475,1.134475,1.120045,nan,nan,nan,,nan,,0,0,1.12198,1.11717,0.004809999999999981,-482.49999999999807,loss,reverse_fade+stop,2,1,1,2017-06-27 16:00:00-04:00
2017-07-03,short,2017-07-04 05:30:00-04:00,2017-07-06 11:45:00-04:00,1.13461,1.1381,1.1415899999999999,1.12065,1.136704,1.1381,1.136704,2017-07-04 06:45:00-04:00,1.1381,2017-07-06 11:45:00-04:00,2,1,1.14248,1.1355,0.006979999999999986,-772.3000000000073,loss,dd_cut+flat_at_50,1,3,0,
2017-07-03,long,2017-07-06 11:45:00-04:00,2017-07-07 20:45:00-04:00,1.1381,1.13996,1.13112,1.1520599999999999,nan,nan,nan,,nan,,0,0,1.14248,1.1355,0.006979999999999986,184.5000000000195,win,reverse_fade+week_end,1,1,1,2017-07-04 05:30:00-04:00
2017-07-10,long,2017-07-11 14:45:00-04:00,2017-07-12 14:15:00-04:00,1.14194,1.1401249999999998,1.13831,1.1492,1.140851,1.1401249999999998,1.140851,2017-07-12 14:00:00-04:00,1.1401249999999998,2017-07-12 14:15:00-04:00,2,1,1.1418,1.13817,0.003630000000000022,-403.7999999999913,loss,dd_cut+flat_at_50,1,3,0,
2017-07-10,short,2017-07-12 14:15:00-04:00,2017-07-13 02:45:00-04:00,1.1401249999999998,1.1437549999999999,1.1437549999999999,1.1328649999999998,nan,nan,nan,,nan,,0,0,1.1418,1.13817,0.003630000000000022,-364.5000000000022,loss,reverse_fade+stop,1,1,1,2017-07-11 14:45:00-04:00
2017-07-10,long,2017-07-12 14:45:00-04:00,2017-07-13 08:45:00-04:00,1.14188,1.1400649999999999,1.13825,1.14914,1.140791,1.1400649999999999,1.140791,2017-07-13 08:00:00-04:00,1.1400649999999999,2017-07-13 08:45:00-04:00,2,1,1.1418,1.13817,0.003630000000000022,-403.7999999999913,loss,dd_cut+flat_at_50,2,3,0,
2017-07-10,short,2017-07-13 08:45:00-04:00,2017-07-14 12:30:00-04:00,1.1400649999999999,1.143695,1.143695,1.1328049999999998,nan,nan,nan,,nan,,0,0,1.1418,1.13817,0.003630000000000022,-364.5000000000022,loss,reverse_fade+stop,2,1,1,2017-07-12 14:45:00-04:00
2017-07-17,long,2017-07-18 01:00:00-04:00,2017-07-20 11:15:00-04:00,1.15209,1.14948,1.14687,1.16253,1.150524,1.14948,1.150524,2017-07-20 05:45:00-04:00,1.14948,2017-07-20 11:15:00-04:00,2,1,1.1487,1.14348,0.005220000000000002,-578.6999999999914,loss,dd_cut+flat_at_50,1,3,0,
2017-07-17,short,2017-07-20 11:15:00-04:00,2017-07-20 12:45:00-04:00,1.14948,1.1547,1.1547,1.13904,nan,nan,nan,,nan,,0,0,1.1487,1.14348,0.005220000000000002,-523.5000000000002,loss,reverse_fade+stop,1,1,1,2017-07-18 01:00:00-04:00
2017-07-17,long,2017-07-20 11:30:00-04:00,2017-07-20 14:15:00-04:00,1.14963,1.16007,1.14441,1.16007,1.148064,1.14702,1.148064,2017-07-20 11:45:00-04:00,nan,,2,0,1.1487,1.14348,0.005220000000000002,726.3000000000092,win,dd_cut+target,2,3,0,
2017-07-24,long,2017-07-25 12:00:00-04:00,2017-07-25 14:45:00-04:00,1.16935,1.1664349999999999,1.1635199999999999,1.18101,1.1676009999999999,1.1664349999999999,1.1676009999999999,2017-07-25 14:30:00-04:00,1.1664349999999999,2017-07-25 14:45:00-04:00,2,1,1.16842,1.16259,0.005830000000000002,-645.8000000000002,loss,dd_cut+flat_at_50,1,3,0,
2017-07-24,short,2017-07-25 14:45:00-04:00,2017-07-26 19:00:00-04:00,1.1664349999999999,1.172265,1.172265,1.1547749999999999,nan,nan,nan,,nan,,0,0,1.16842,1.16259,0.005830000000000002,-584.5000000000002,loss,reverse_fade+stop,1,1,1,2017-07-25 12:00:00-04:00
2017-07-24,short,2017-07-26 08:30:00-04:00,2017-07-26 13:00:00-04:00,1.16243,1.165345,1.16826,1.15077,1.164179,1.165345,1.164179,2017-07-26 10:15:00-04:00,1.165345,2017-07-26 13:00:00-04:00,2,1,1.16842,1.16259,0.005830000000000002,-645.8000000000002,loss,dd_cut+flat_at_50,2,3,0,
2017-07-24,long,2017-07-26 13:00:00-04:00,2017-07-27 03:30:00-04:00,1.165345,1.177005,1.159515,1.177005,nan,nan,nan,,nan,,0,0,1.16842,1.16259,0.005830000000000002,1164.5000000000005,win,reverse_fade+target,2,1,1,2017-07-26 08:30:00-04:00
2017-07-31,long,2017-08-02 08:15:00-04:00,2017-08-04 13:45:00-04:00,1.18597,1.1798549999999999,1.17374,1.21043,1.182301,1.1798549999999999,1.182301,2017-08-02 11:30:00-04:00,1.1798549999999999,2017-08-04 13:45:00-04:00,2,1,1.18454,1.17231,0.012229999999999963,-1349.7999999999938,loss,dd_cut+flat_at_50,1,3,0,
2017-07-31,short,2017-08-04 13:45:00-04:00,2017-08-04 20:45:00-04:00,1.1798549999999999,1.1773,1.1920849999999998,1.155395,nan,nan,nan,,nan,,0,0,1.18454,1.17231,0.012229999999999963,253.9999999999863,win,reverse_fade+week_end,1,1,1,2017-08-02 08:15:00-04:00
2017-08-07,long,2017-08-08 01:30:00-04:00,2017-08-08 14:00:00-04:00,1.18166,1.17979,1.1779199999999999,1.18914,1.1805379999999999,1.17979,1.1805379999999999,2017-08-08 05:45:00-04:00,1.17979,2017-08-08 14:00:00-04:00,2,1,1.1814,1.17766,0.0037400000000000766,-415.9000000000173,loss,dd_cut+flat_at_50,1,3,0,
2017-08-07,short,2017-08-08 14:00:00-04:00,2017-08-08 15:45:00-04:00,1.17979,1.1723099999999997,1.18353,1.1723099999999997,nan,nan,nan,,nan,,0,0,1.1814,1.17766,0.0037400000000000766,746.5000000000153,win,reverse_fade+target,1,1,1,2017-08-08 01:30:00-04:00
2017-08-07,short,2017-08-08 14:15:00-04:00,2017-08-08 17:30:00-04:00,1.1749,1.17677,1.1786400000000001,1.16742,1.1760220000000001,1.17677,1.1760220000000001,2017-08-08 17:00:00-04:00,1.17677,2017-08-08 17:30:00-04:00,2,1,1.1814,1.17766,0.0037400000000000766,-415.9000000000173,loss,dd_cut+flat_at_50,2,3,0,
2017-08-07,long,2017-08-08 17:30:00-04:00,2017-08-09 01:45:00-04:00,1.17677,1.17303,1.17303,1.1842500000000002,nan,nan,nan,,nan,,0,0,1.1814,1.17766,0.0037400000000000766,-375.5000000000077,loss,reverse_fade+stop,2,1,1,2017-08-08 14:15:00-04:00
2017-08-14,short,2017-08-15 05:45:00-04:00,2017-08-18 20:45:00-04:00,1.17605,1.17591,1.1830500000000002,1.1620499999999998,1.17815,1.17955,1.17815,2017-08-17 01:15:00-04:00,nan,,2,0,1.18382,1.17682,0.007000000000000117,-410.4999999999953,loss,dd_cut+week_end,1,3,0,
2017-08-21,long,2017-08-25 14:00:00-04:00,2017-08-25 20:45:00-04:00,1.1853,1.19219,1.17561,1.20468,1.182393,1.180455,nan,,nan,,0,0,1.1828,1.17311,0.009689999999999976,2062.5000000000186,win,week_end,1,3,0,
2017-08-28,long,2017-08-29 06:15:00-04:00,2017-08-29 20:00:00-04:00,1.19869,1.1952450000000001,1.1918000000000002,1.2124699999999997,1.196623,1.1952450000000001,1.196623,2017-08-29 20:00:00-04:00,1.1952450000000001,2017-08-29 20:00:00-04:00,2,1,1.19857,1.19168,0.006889999999999841,-762.4000000000003,loss,dd_cut+flat_at_50,1,3,0,
2017-08-28,short,2017-08-29 20:00:00-04:00,2017-09-01 20:45:00-04:00,1.1952450000000001,1.18597,1.202135,1.1814650000000004,nan,nan,nan,,nan,,0,0,1.19857,1.19168,0.006889999999999841,926.0000000000144,win,reverse_fade+week_end,1,1,1,2017-08-29 06:15:00-04:00
2017-08-28,short,2017-08-30 12:00:00-04:00,2017-09-01 12:30:00-04:00,1.19167,1.195115,1.1985599999999998,1.1778900000000003,1.193737,1.195115,1.193737,2017-08-30 13:30:00-04:00,1.195115,2017-09-01 12:30:00-04:00,2,1,1.19857,1.19168,0.006889999999999841,-762.4000000000003,loss,dd_cut+flat_at_50,2,3,0,
2017-08-28,long,2017-09-01 12:30:00-04:00,2017-09-01 13:30:00-04:00,1.195115,1.188225,1.188225,1.2088949999999996,nan,nan,nan,,nan,,0,0,1.19857,1.19168,0.006889999999999841,-690.4999999999841,loss,reverse_fade+stop,2,1,1,2017-08-30 12:00:00-04:00
2017-09-04,long,2017-09-06 07:00:00-04:00,2017-09-07 12:30:00-04:00,1.19275,1.2015900000000002,1.1883299999999999,1.2015900000000002,1.191424,1.19054,1.191424,2017-09-06 14:15:00-04:00,nan,,2,0,1.19218,1.18776,0.0044200000000000905,614.3000000000304,win,dd_cut+target,1,3,0,
2017-09-04,long,2017-09-07 12:45:00-04:00,2017-09-07 13:00:00-04:00,1.20419,1.20198,1.19977,1.2130300000000003,1.2028640000000002,1.20198,1.2028640000000002,2017-09-07 13:00:00-04:00,1.20198,2017-09-07 13:00:00-04:00,2,1,1.19218,1.18776,0.0044200000000000905,-490.6999999999922,loss,dd_cut+flat_at_50,2,3,0,
2017-09-04,short,2017-09-07 13:00:00-04:00,2017-09-08 02:45:00-04:00,1.20198,1.2064000000000001,1.2064000000000001,1.1931399999999999,nan,nan,nan,,nan,,0,0,1.19218,1.18776,0.0044200000000000905,-443.50000000000904,loss,reverse_fade+stop,2,1,1,2017-09-07 12:45:00-04:00
2017-09-11,short,2017-09-12 00:45:00-04:00,2017-09-13 01:45:00-04:00,1.19469,1.198785,1.20288,1.1783100000000002,1.197147,1.198785,1.197147,2017-09-12 06:15:00-04:00,1.198785,2017-09-13 01:45:00-04:00,2,1,1.20295,1.19476,0.00818999999999992,-905.3999999999822,loss,dd_cut+flat_at_50,1,3,0,
2017-09-11,long,2017-09-13 01:45:00-04:00,2017-09-13 14:30:00-04:00,1.198785,1.190595,1.190595,1.2151649999999998,nan,nan,nan,,nan,,0,0,1.20295,1.19476,0.00818999999999992,-820.4999999999919,loss,reverse_fade+stop,1,1,1,2017-09-12 00:45:00-04:00
2017-09-11,short,2017-09-13 13:45:00-04:00,2017-09-15 12:30:00-04:00,1.19377,1.197865,1.20196,1.1773900000000002,1.196227,1.197865,1.196227,2017-09-15 11:30:00-04:00,1.197865,2017-09-15 12:30:00-04:00,2,1,1.20295,1.19476,0.00818999999999992,-905.3999999999822,loss,dd_cut+flat_at_50,2,3,0,
2017-09-11,long,2017-09-15 12:30:00-04:00,2017-09-15 20:45:00-04:00,1.197865,1.19447,1.189675,1.2142449999999998,nan,nan,nan,,nan,,0,0,1.20295,1.19476,0.00818999999999992,-341.0000000000037,loss,reverse_fade+week_end,2,1,1,2017-09-13 13:45:00-04:00
2017-09-18,long,2017-09-19 01:00:00-04:00,2017-09-20 18:00:00-04:00,1.1971,1.19439,1.19168,1.20794,1.1954740000000001,1.19439,1.1954740000000001,2017-09-19 11:15:00-04:00,1.19439,2017-09-20 18:00:00-04:00,2,1,1.19692,1.1915,0.00541999999999998,-600.69999999998,loss,dd_cut+flat_at_50,1,3,0,
2017-09-18,short,2017-09-20 18:00:00-04:00,2017-09-22 07:45:00-04:00,1.19439,1.19981,1.19981,1.18355,nan,nan,nan,,nan,,0,0,1.19692,1.1915,0.00541999999999998,-543.4999999999981,loss,reverse_fade+stop,1,1,1,2017-09-19 01:00:00-04:00
2017-09-18,short,2017-09-20 18:15:00-04:00,2017-09-21 15:15:00-04:00,1.19032,1.19303,1.19574,1.17948,1.191946,1.19303,1.191946,2017-09-21 12:15:00-04:00,1.19303,2017-09-21 15:15:00-04:00,2,1,1.19692,1.1915,0.00541999999999998,-600.69999999998,loss,dd_cut+flat_at_50,2,3,0,
2017-09-18,long,2017-09-21 15:15:00-04:00,2017-09-22 20:45:00-04:00,1.19303,1.19466,1.18761,1.20387,nan,nan,nan,,nan,,0,0,1.19692,1.1915,0.00541999999999998,161.50000000000205,win,reverse_fade+week_end,2,1,1,2017-09-20 18:15:00-04:00
2017-09-25,short,2017-09-26 07:30:00-04:00,2017-09-29 20:45:00-04:00,1.18313,1.18137,1.1935900000000002,1.1622099999999997,1.186268,1.18836,nan,,nan,,0,0,1.19365,1.18319,0.010460000000000136,523.4999999999951,win,week_end,1,3,0,
2017-10-02,short,2017-10-03 00:45:00-04:00,2017-10-03 10:45:00-04:00,1.17197,1.17586,1.1797499999999999,1.1564100000000002,1.174304,1.17586,1.174304,2017-10-03 07:45:00-04:00,1.17586,2017-10-03 10:45:00-04:00,2,1,1.18079,1.17301,0.007779999999999898,-860.3000000000065,loss,dd_cut+flat_at_50,1,3,0,
2017-10-02,long,2017-10-03 10:45:00-04:00,2017-10-06 12:30:00-04:00,1.17586,1.16808,1.16808,1.1914199999999997,nan,nan,nan,,nan,,0,0,1.18079,1.17301,0.007779999999999898,-779.4999999999898,loss,reverse_fade+stop,1,1,1,2017-10-03 00:45:00-04:00
2017-10-02,short,2017-10-05 13:15:00-04:00,2017-10-06 20:45:00-04:00,1.17195,1.17299,1.17973,1.1563900000000003,1.174284,1.17584,nan,,nan,,0,0,1.18079,1.17301,0.007779999999999898,-316.49999999997897,loss,week_end,2,3,0,
2017-10-09,long,2017-10-10 01:00:00-04:00,2017-10-11 08:00:00-04:00,1.17615,1.18347,1.17249,1.18347,1.175052,1.17432,nan,,nan,,0,0,1.17561,1.17195,0.0036599999999999966,2191.499999999998,win,target,1,3,0,
2017-10-09,long,2017-10-11 08:15:00-04:00,2017-10-11 09:00:00-04:00,1.18359,1.18176,1.17993,1.19091,1.1824919999999999,1.18176,1.1824919999999999,2017-10-11 09:00:00-04:00,1.18176,2017-10-11 09:00:00-04:00,2,1,1.17561,1.17195,0.0036599999999999966,-407.1000000000085,loss,dd_cut+flat_at_50,2,3,0,
2017-10-09,short,2017-10-11 09:00:00-04:00,2017-10-11 13:30:00-04:00,1.18176,1.18542,1.18542,1.17444,nan,nan,nan,,nan,,0,0,1.17561,1.17195,0.0036599999999999966,-367.49999999999966,loss,reverse_fade+stop,2,1,1,2017-10-11 08:15:00-04:00
2017-10-16,short,2017-10-17 01:30:00-04:00,2017-10-18 18:15:00-04:00,1.17771,1.179665,1.18162,1.1698900000000003,1.178883,1.179665,1.178883,2017-10-18 16:15:00-04:00,1.179665,2017-10-18 18:15:00-04:00,2,1,1.18196,1.17805,0.003909999999999858,-434.5999999999666,loss,dd_cut+flat_at_50,1,3,0,
2017-10-16,long,2017-10-18 18:15:00-04:00,2017-10-20 20:45:00-04:00,1.179665,1.17817,1.175755,1.1874849999999997,nan,nan,nan,,nan,,0,0,1.18196,1.17805,0.003909999999999858,-151.00000000000242,loss,reverse_fade+week_end,1,1,1,2017-10-17 01:30:00-04:00
2017-10-16,long,2017-10-19 06:45:00-04:00,2017-10-19 08:00:00-04:00,1.18214,1.180185,1.17823,1.1899599999999997,1.180967,1.180185,1.180967,2017-10-19 07:15:00-04:00,1.180185,2017-10-19 08:00:00-04:00,2,1,1.18196,1.17805,0.003909999999999858,-434.5999999999666,loss,dd_cut+flat_at_50,2,3,0,
2017-10-16,short,2017-10-19 08:00:00-04:00,2017-10-19 12:15:00-04:00,1.180185,1.184095,1.184095,1.1723650000000003,nan,nan,nan,,nan,,0,0,1.18196,1.17805,0.003909999999999858,-392.4999999999858,loss,reverse_fade+stop,2,1,1,2017-10-19 06:45:00-04:00
2017-10-23,long,2017-10-24 18:45:00-04:00,2017-10-24 19:45:00-04:00,1.17853,1.17591,1.1732900000000002,1.18901,1.1769580000000002,1.17591,1.1769580000000002,2017-10-24 19:00:00-04:00,1.17591,2017-10-24 19:45:00-04:00,2,1,1.17774,1.1725,0.005239999999999911,-580.899999999988,loss,dd_cut+flat_at_50,1,3,0,
2017-10-23,short,2017-10-24 19:45:00-04:00,2017-10-25 14:15:00-04:00,1.17591,1.18115,1.18115,1.1654300000000002,nan,nan,nan,,nan,,0,0,1.17774,1.1725,0.005239999999999911,-525.4999999999911,loss,reverse_fade+stop,1,1,1,2017-10-24 18:45:00-04:00
2017-10-23,long,2017-10-25 11:30:00-04:00,2017-10-26 12:00:00-04:00,1.17784,1.17522,1.1726,1.1883199999999998,1.176268,1.17522,1.176268,2017-10-26 11:45:00-04:00,1.17522,2017-10-26 12:00:00-04:00,2,1,1.17774,1.1725,0.005239999999999911,-580.899999999988,loss,dd_cut+flat_at_50,2,3,0,
2017-10-23,short,2017-10-26 12:00:00-04:00,2017-10-26 19:45:00-04:00,1.17522,1.16474,1.1804599999999998,1.16474,nan,nan,nan,,nan,,0,0,1.17774,1.1725,0.005239999999999911,1046.4999999999823,win,reverse_fade+target,2,1,1,2017-10-25 11:30:00-04:00
2017-10-30,long,2017-10-31 15:15:00-04:00,2017-11-01 05:30:00-04:00,1.16582,1.162805,1.1597899999999999,1.1778800000000005,1.164011,1.162805,1.164011,2017-10-31 16:15:00-04:00,1.162805,2017-11-01 05:30:00-04:00,2,1,1.16579,1.15976,0.006030000000000202,-667.8000000000333,loss,dd_cut+flat_at_50,1,3,0,
2017-10-30,short,2017-11-01 05:30:00-04:00,2017-11-03 12:30:00-04:00,1.162805,1.1688350000000003,1.1688350000000003,1.1507449999999997,nan,nan,nan,,nan,,0,0,1.16579,1.15976,0.006030000000000202,-604.5000000000202,loss,reverse_fade+stop,1,1,1,2017-10-31 15:15:00-04:00
2017-10-30,long,2017-11-02 01:30:00-04:00,2017-11-02 08:00:00-04:00,1.16687,1.1638549999999999,1.1608399999999999,1.1789300000000005,1.1650610000000001,1.1638549999999999,1.1650610000000001,2017-11-02 03:15:00-04:00,1.1638549999999999,2017-11-02 08:00:00-04:00,2,1,1.16579,1.15976,0.006030000000000202,-667.8000000000111,loss,dd_cut+flat_at_50,2,3,0,
2017-10-30,short,2017-11-02 08:00:00-04:00,2017-11-03 20:45:00-04:00,1.1638549999999999,1.1606,1.169885,1.1517949999999995,nan,nan,nan,,nan,,0,0,1.16579,1.15976,0.006030000000000202,323.99999999997857,win,reverse_fade+week_end,2,1,1,2017-11-02 01:30:00-04:00
2017-11-06,short,2017-11-07 08:30:00-05:00,2017-11-07 15:30:00-05:00,1.15673,1.1589200000000002,1.16111,1.14797,1.158044,1.1589200000000002,1.158044,2017-11-07 14:45:00-05:00,1.1589200000000002,2017-11-07 15:30:00-05:00,2,1,1.1624,1.15802,0.0043800000000000505,-486.3000000000211,loss,dd_cut+flat_at_50,1,3,0,
2017-11-06,long,2017-11-07 15:30:00-05:00,2017-11-10 15:30:00-05:00,1.1589200000000002,1.1676800000000003,1.1545400000000001,1.1676800000000003,nan,nan,nan,,nan,,0,0,1.1624,1.15802,0.0043800000000000505,874.5000000000101,win,reverse_fade+target,1,1,1,2017-11-07 08:30:00-05:00
2017-11-06,short,2017-11-07 15:45:00-05:00,2017-11-07 23:15:00-05:00,1.1575,1.1596899999999999,1.16188,1.1487399999999999,1.158814,1.1596899999999999,1.158814,2017-11-07 19:45:00-05:00,1.1596899999999999,2017-11-07 23:15:00-05:00,2,1,1.1624,1.15802,0.0043800000000000505,-486.2999999999989,loss,dd_cut+flat_at_50,2,3,0,
2017-11-06,long,2017-11-07 23:15:00-05:00,2017-11-10 21:45:00-05:00,1.1596899999999999,1.16638,1.1553099999999998,1.16845,nan,nan,nan,,nan,,0,0,1.1624,1.15802,0.0043800000000000505,667.5000000000085,win,reverse_fade+week_end,2,1,1,2017-11-07 15:45:00-05:00
2017-11-13,long,2017-11-14 05:15:00-05:00,2017-11-14 13:30:00-05:00,1.16755,1.1751100000000003,1.16377,1.1751100000000003,1.1664160000000001,1.16566,nan,,nan,,0,0,1.16751,1.16373,0.0037800000000001166,2263.50000000007,win,target,1,3,0,
2017-11-13,long,2017-11-14 13:45:00-05:00,2017-11-15 08:00:00-05:00,1.17518,1.1827400000000001,1.1713999999999998,1.1827400000000001,1.174046,1.1732899999999997,nan,,nan,,0,0,1.16751,1.16373,0.0037800000000001166,2263.50000000007,win,target,2,3,0,
2017-11-20,short,2017-11-21 12:00:00-05:00,2017-11-22 08:00:00-05:00,1.17208,1.17626,1.18044,1.1553600000000002,1.174588,1.17626,1.174588,2017-11-21 16:30:00-05:00,1.17626,2017-11-22 08:00:00-05:00,2,1,1.18085,1.17249,0.008359999999999923,-924.0999999999982,loss,dd_cut+flat_at_50,1,3,0,
2017-11-20,long,2017-11-22 08:00:00-05:00,2017-11-24 15:45:00-05:00,1.17626,1.19298,1.1679000000000002,1.19298,nan,nan,nan,,nan,,0,0,1.18085,1.17249,0.008359999999999923,1670.4999999999845,win,reverse_fade+target,1,1,1,2017-11-21 12:00:00-05:00
2017-11-20,long,2017-11-22 19:00:00-05:00,2017-11-24 21:45:00-05:00,1.18098,1.19286,1.17262,1.1976999999999998,1.178472,1.1768,nan,,nan,,0,0,1.18085,1.17249,0.008359999999999923,3559.500000000034,win,week_end,2,3,0,
2017-11-27,short,2017-11-28 07:45:00-05:00,2017-11-30 15:30:00-05:00,1.18882,1.1923599999999999,1.1959,1.17466,1.190944,1.1923599999999999,1.190944,2017-11-28 08:15:00-05:00,1.1923599999999999,2017-11-30 15:30:00-05:00,2,1,1.19611,1.18903,0.007079999999999975,-783.2999999999906,loss,dd_cut+flat_at_50,1,3,0,
2017-11-27,long,2017-11-30 15:30:00-05:00,2017-12-01 15:00:00-05:00,1.1923599999999999,1.18528,1.18528,1.2065199999999998,nan,nan,nan,,nan,,0,0,1.19611,1.18903,0.007079999999999975,-709.4999999999975,loss,reverse_fade+stop,1,1,1,2017-11-28 07:45:00-05:00
2017-11-27,short,2017-11-30 17:00:00-05:00,2017-12-01 05:45:00-05:00,1.18887,1.1924100000000002,1.19595,1.1747100000000001,1.190994,1.1924100000000002,1.190994,2017-11-30 18:30:00-05:00,1.1924100000000002,2017-12-01 05:45:00-05:00,2,1,1.19611,1.18903,0.007079999999999975,-783.3000000000129,loss,dd_cut+flat_at_50,2,3,0,
2017-11-27,long,2017-12-01 05:45:00-05:00,2017-12-01 15:00:00-05:00,1.1924100000000002,1.1853300000000002,1.1853300000000002,1.2065700000000001,nan,nan,nan,,nan,,0,0,1.19611,1.18903,0.007079999999999975,-709.4999999999975,loss,reverse_fade+stop,2,1,1,2017-11-30 17:00:00-05:00
2017-12-04,short,2017-12-05 14:00:00-05:00,2017-12-05 15:15:00-05:00,1.1817,1.18417,1.1866400000000001,1.1718199999999996,1.183182,1.18417,1.183182,2017-12-05 14:30:00-05:00,1.18417,2017-12-05 15:15:00-05:00,2,1,1.18785,1.18291,0.0049400000000001665,-547.899999999994,loss,dd_cut+flat_at_50,1,3,0,
2017-12-04,long,2017-12-05 15:15:00-05:00,2017-12-06 14:45:00-05:00,1.18417,1.1792299999999998,1.1792299999999998,1.1940500000000003,nan,nan,nan,,nan,,0,0,1.18785,1.18291,0.0049400000000001665,-495.50000000001666,loss,reverse_fade+stop,1,1,1,2017-12-05 14:00:00-05:00
2017-12-04,short,2017-12-05 15:30:00-05:00,2017-12-08 21:45:00-05:00,1.18247,1.1772,1.18741,1.1725899999999996,1.183952,1.18494,1.183952,2017-12-06 03:45:00-05:00,nan,,2,0,1.18785,1.18291,0.0049400000000001665,226.09999999999195,win,dd_cut+week_end,2,3,0,
2017-12-11,short,2017-12-12 13:30:00-05:00,2017-12-13 18:45:00-05:00,1.17546,1.1778499999999998,1.18024,1.1659,1.1768939999999999,1.1778499999999998,1.1768939999999999,2017-12-13 13:45:00-05:00,1.1778499999999998,2017-12-13 18:45:00-05:00,2,1,1.18117,1.17639,0.0047800000000000065,-530.2999999999763,loss,dd_cut+flat_at_50,1,3,0,
2017-12-11,long,2017-12-13 18:45:00-05:00,2017-12-15 21:45:00-05:00,1.1778499999999998,1.17492,1.1730699999999998,1.1874099999999999,nan,nan,nan,,nan,,0,0,1.18117,1.17639,0.0047800000000000065,-294.4999999999877,loss,reverse_fade+week_end,1,1,1,2017-12-12 13:30:00-05:00
2017-12-11,long,2017-12-13 19:45:00-05:00,2017-12-14 14:45:00-05:00,1.18204,1.17965,1.17726,1.1916,1.180606,1.17965,1.180606,2017-12-14 14:00:00-05:00,1.17965,2017-12-14 14:45:00-05:00,2,1,1.18117,1.17639,0.0047800000000000065,-530.2999999999763,loss,dd_cut+flat_at_50,2,3,0,
2017-12-11,short,2017-12-14 14:45:00-05:00,2017-12-15 21:45:00-05:00,1.17965,1.17492,1.18443,1.17009,nan,nan,nan,,nan,,0,0,1.18117,1.17639,0.0047800000000000065,471.5000000000123,win,reverse_fade+week_end,2,1,1,2017-12-13 19:45:00-05:00
2017-12-18,long,2017-12-19 18:00:00-05:00,2017-12-22 21:45:00-05:00,1.18369,1.18607,1.17447,1.20213,1.1809239999999999,1.17908,nan,,nan,,0,0,1.18342,1.1742,0.009220000000000006,709.5000000000147,win,week_end,1,3,0,
2017-12-25,long,2017-12-26 14:45:00-05:00,2017-12-26 21:45:00-05:00,1.18771,1.186025,1.1843400000000002,1.1944499999999998,1.1866990000000002,1.186025,1.1866990000000002,2017-12-26 15:15:00-05:00,1.186025,2017-12-26 21:45:00-05:00,2,1,1.18766,1.18429,0.003369999999999873,-375.1999999999683,loss,dd_cut+flat_at_50,1,3,0,
2017-12-25,short,2017-12-26 21:45:00-05:00,2017-12-27 11:30:00-05:00,1.186025,1.189395,1.189395,1.1792850000000004,nan,nan,nan,,nan,,0,0,1.18766,1.18429,0.003369999999999873,-338.4999999999873,loss,reverse_fade+stop,1,1,1,2017-12-26 14:45:00-05:00
2017-12-25,long,2017-12-27 05:30:00-05:00,2017-12-28 13:45:00-05:00,1.18798,1.1947199999999998,1.1846100000000002,1.1947199999999998,1.1869690000000002,1.186295,1.1869690000000002,2017-12-27 07:30:00-05:00,nan,,2,0,1.18766,1.18429,0.003369999999999873,467.3,win,dd_cut+target,2,3,0,
2018-01-01,long,2018-01-02 01:00:00-05:00,2018-01-02 02:00:00-05:00,1.20218,1.2013850000000001,1.20059,1.20536,1.201703,1.2013850000000001,1.201703,2018-01-02 01:45:00-05:00,1.2013850000000001,2018-01-02 02:00:00-05:00,2,1,1.20166,1.20007,0.0015899999999999803,-179.40000000000006,loss,dd_cut+flat_at_50,1,3,0,
2018-01-01,short,2018-01-02 02:00:00-05:00,2018-01-02 06:45:00-05:00,1.2013850000000001,1.2029750000000001,1.2029750000000001,1.1982050000000002,nan,nan,nan,,nan,,0,0,1.20166,1.20007,0.0015899999999999803,-160.49999999999804,loss,reverse_fade+stop,1,1,1,2018-01-02 01:00:00-05:00
2018-01-01,long,2018-01-02 03:15:00-05:00,2018-01-02 03:45:00-05:00,1.20202,1.201225,1.20043,1.2052,1.201543,1.201225,1.201543,2018-01-02 03:45:00-05:00,1.201225,2018-01-02 03:45:00-05:00,2,1,1.20166,1.20007,0.0015899999999999803,-179.40000000002226,loss,dd_cut+flat_at_50,2,3,0,
2018-01-01,short,2018-01-02 03:45:00-05:00,2018-01-02 06:00:00-05:00,1.201225,1.202815,1.202815,1.198045,nan,nan,nan,,nan,,0,0,1.20166,1.20007,0.0015899999999999803,-160.49999999999804,loss,reverse_fade+stop,2,1,1,2018-01-02 03:15:00-05:00
2018-01-08,short,2018-01-09 06:30:00-05:00,2018-01-10 11:00:00-05:00,1.19542,1.2002249999999999,1.2050299999999998,1.1762000000000001,1.198303,1.2002249999999999,1.198303,2018-01-10 10:30:00-05:00,1.2002249999999999,2018-01-10 11:00:00-05:00,2,1,1.20521,1.1956,0.009609999999999896,-1061.5999999999885,loss,dd_cut+flat_at_50,1,3,0,
2018-01-08,long,2018-01-10 11:00:00-05:00,2018-01-12 21:00:00-05:00,1.2002249999999999,1.2194449999999997,1.190615,1.2194449999999997,nan,nan,nan,,nan,,0,0,1.20521,1.1956,0.009609999999999896,1920.4999999999793,win,reverse_fade+target,1,1,1,2018-01-09 06:30:00-05:00
2018-01-08,short,2018-01-10 17:00:00-05:00,2018-01-11 12:45:00-05:00,1.19525,1.2000549999999999,1.2048599999999998,1.1760300000000001,1.198133,1.2000549999999999,1.198133,2018-01-11 12:30:00-05:00,1.2000549999999999,2018-01-11 12:45:00-05:00,2,1,1.20521,1.1956,0.009609999999999896,-1061.5999999999885,loss,dd_cut+flat_at_50,2,3,0,
2018-01-08,long,2018-01-11 12:45:00-05:00,2018-01-12 21:00:00-05:00,1.2000549999999999,1.2192749999999997,1.190445,1.2192749999999997,nan,nan,nan,,nan,,0,0,1.20521,1.1956,0.009609999999999896,1920.4999999999793,win,reverse_fade+target,2,1,1,2018-01-10 17:00:00-05:00
2018-01-15,long,2018-01-17 00:45:00-05:00,2018-01-17 04:45:00-05:00,1.2303,1.22486,1.21942,1.25206,1.227036,1.22486,1.227036,2018-01-17 02:45:00-05:00,1.22486,2018-01-17 04:45:00-05:00,2,1,1.22964,1.21876,0.01088,-1201.2999999999756,loss,dd_cut+flat_at_50,1,3,0,
2018-01-15,short,2018-01-17 04:45:00-05:00,2018-01-19 21:45:00-05:00,1.22486,1.22145,1.23574,1.2031,nan,nan,nan,,nan,,0,0,1.22964,1.21876,0.01088,339.50000000001353,win,reverse_fade+week_end,1,1,1,2018-01-17 00:45:00-05:00
2018-01-15,short,2018-01-17 22:00:00-05:00,2018-01-18 11:30:00-05:00,1.21872,1.22416,1.2296,1.19696,1.221984,1.22416,1.221984,2018-01-18 10:15:00-05:00,1.22416,2018-01-18 11:30:00-05:00,2,1,1.22964,1.21876,0.01088,-1201.2999999999756,loss,dd_cut+flat_at_50,2,3,0,
2018-01-15,long,2018-01-18 11:30:00-05:00,2018-01-19 21:45:00-05:00,1.22416,1.22145,1.21328,1.24592,nan,nan,nan,,nan,,0,0,1.22964,1.21876,0.01088,-272.49999999999903,loss,reverse_fade+week_end,2,1,1,2018-01-17 22:00:00-05:00
2018-01-22,long,2018-01-23 00:30:00-05:00,2018-01-23 07:00:00-05:00,1.22694,1.2242799999999998,1.22162,1.23758,1.225344,1.2242799999999998,1.225344,2018-01-23 02:15:00-05:00,1.2242799999999998,2018-01-23 07:00:00-05:00,2,1,1.2267,1.22138,0.005319999999999991,-589.6999999999969,loss,dd_cut+flat_at_50,1,3,0,
2018-01-22,short,2018-01-23 07:00:00-05:00,2018-01-23 15:30:00-05:00,1.2242799999999998,1.2295999999999998,1.2295999999999998,1.2136399999999998,nan,nan,nan,,nan,,0,0,1.2267,1.22138,0.005319999999999991,-533.4999999999991,loss,reverse_fade+stop,1,1,1,2018-01-23 00:30:00-05:00
2018-01-22,long,2018-01-23 14:45:00-05:00,2018-01-24 14:30:00-05:00,1.22782,1.23846,1.2225,1.23846,1.226224,1.2251599999999998,nan,,nan,,0,0,1.2267,1.22138,0.005319999999999991,3187.4999999999945,win,target,2,3,0,
2018-01-29,long,2018-01-30 11:15:00-05:00,2018-01-30 16:30:00-05:00,1.24342,1.238645,1.23387,1.2625199999999999,1.240555,1.238645,1.240555,2018-01-30 13:00:00-05:00,1.238645,2018-01-30 16:30:00-05:00,2,1,1.24322,1.23367,0.009549999999999947,-1054.9999999999764,loss,dd_cut+flat_at_50,1,3,0,
2018-01-29,short,2018-01-30 16:30:00-05:00,2018-02-01 16:00:00-05:00,1.238645,1.248195,1.248195,1.219545,nan,nan,nan,,nan,,0,0,1.24322,1.23367,0.009549999999999947,-956.4999999999948,loss,reverse_fade+stop,1,1,1,2018-01-30 11:15:00-05:00
2018-01-29,long,2018-01-31 05:45:00-05:00,2018-01-31 19:15:00-05:00,1.24369,1.238915,1.23414,1.2627899999999999,1.240825,1.238915,1.240825,2018-01-31 17:45:00-05:00,1.238915,2018-01-31 19:15:00-05:00,2,1,1.24322,1.23367,0.009549999999999947,-1054.9999999999764,loss,dd_cut+flat_at_50,2,3,0,
2018-01-29,short,2018-01-31 19:15:00-05:00,2018-02-01 16:00:00-05:00,1.238915,1.248465,1.248465,1.219815,nan,nan,nan,,nan,,0,0,1.24322,1.23367,0.009549999999999947,-956.4999999999948,loss,reverse_fade+stop,2,1,1,2018-01-31 05:45:00-05:00
2018-02-05,short,2018-02-06 02:00:00-05:00,2018-02-06 08:00:00-05:00,1.23625,1.24186,1.24747,1.21381,1.239616,1.24186,1.239616,2018-02-06 07:15:00-05:00,1.24186,2018-02-06 08:00:00-05:00,2,1,1.24748,1.23626,0.011220000000000008,-1238.6999999999853,loss,dd_cut+flat_at_50,1,3,0,
2018-02-05,long,2018-02-06 08:00:00-05:00,2018-02-07 15:30:00-05:00,1.24186,1.23064,1.23064,1.2643,nan,nan,nan,,nan,,0,0,1.24748,1.23626,0.011220000000000008,-1123.5000000000007,loss,reverse_fade+stop,1,1,1,2018-02-06 02:00:00-05:00
2018-02-05,short,2018-02-06 12:00:00-05:00,2018-02-09 21:45:00-05:00,1.23619,1.2251,1.24741,1.2137499999999999,1.2395559999999999,1.2418,1.2395559999999999,2018-02-06 17:15:00-05:00,nan,,2,0,1.24748,1.23626,0.011220000000000008,431.2999999999862,win,dd_cut+week_end,2,3,0,
2018-02-12,long,2018-02-13 05:30:00-05:00,2018-02-14 20:15:00-05:00,1.23086,1.24528,1.2236500000000001,1.24528,1.2286970000000002,1.227255,1.2286970000000002,2018-02-14 13:30:00-05:00,nan,,2,0,1.23071,1.2235,0.007209999999999939,1004.9000000000048,win,dd_cut+target,1,3,0,
2018-02-12,long,2018-02-14 20:30:00-05:00,2018-02-16 18:45:00-05:00,1.24496,1.241355,1.2377500000000001,1.25938,1.2427970000000002,1.241355,1.2427970000000002,2018-02-16 18:45:00-05:00,1.241355,2018-02-16 18:45:00-05:00,2,1,1.23071,1.2235,0.007209999999999939,-797.599999999991,loss,dd_cut+flat_at_50,2,3,0,
2018-02-12,short,2018-02-16 18:45:00-05:00,2018-02-16 21:45:00-05:00,1.241355,1.24041,1.248565,1.226935,nan,nan,nan,,nan,,0,0,1.23071,1.2235,0.007209999999999939,92.99999999999736,win,reverse_fade+week_end,2,1,1,2018-02-14 20:30:00-05:00
2018-02-19,short,2018-02-20 07:30:00-05:00,2018-02-23 21:45:00-05:00,1.23631,1.22937,1.2429,1.2231300000000003,1.238287,1.239605,nan,,nan,,0,0,1.24349,1.2369,0.006589999999999874,2077.499999999984,win,week_end,1,3,0,
2018-02-26,short,2018-02-27 14:45:00-05:00,2018-03-02 11:00:00-05:00,1.22736,1.23123,1.2351,1.2118799999999998,1.229682,1.23123,1.229682,2018-03-02 10:30:00-05:00,1.23123,2018-03-02 11:00:00-05:00,2,1,1.2355,1.22776,0.00774000000000008,-855.899999999991,loss,dd_cut+flat_at_50,1,3,0,
2018-02-26,long,2018-03-02 11:00:00-05:00,2018-03-02 21:45:00-05:00,1.23123,1.23186,1.22349,1.2467100000000002,nan,nan,nan,,nan,,0,0,1.2355,1.22776,0.00774000000000008,61.49999999999084,win,reverse_fade+week_end,1,1,1,2018-02-27 14:45:00-05:00
2018-03-05,long,2018-03-06 00:45:00-05:00,2018-03-08 16:45:00-05:00,1.23498,1.230985,1.22699,1.2509599999999998,1.232583,1.230985,1.232583,2018-03-08 15:45:00-05:00,1.230985,2018-03-08 16:45:00-05:00,2,1,1.23487,1.22688,0.007989999999999942,-883.3999999999936,loss,dd_cut+flat_at_50,1,3,0,
2018-03-05,short,2018-03-08 16:45:00-05:00,2018-03-09 21:45:00-05:00,1.230985,1.23041,1.238975,1.2150050000000001,nan,nan,nan,,nan,,0,0,1.23487,1.22688,0.007989999999999942,55.99999999999922,win,reverse_fade+week_end,1,1,1,2018-03-06 00:45:00-05:00
2018-03-12,long,2018-03-13 12:30:00-04:00,2018-03-15 12:30:00-04:00,1.23669,1.23393,1.23117,1.24773,1.2350340000000002,1.23393,1.2350340000000002,2018-03-13 14:15:00-04:00,1.23393,2018-03-15 12:30:00-04:00,2,1,1.23455,1.22903,0.005519999999999969,-611.6999999999855,loss,dd_cut+flat_at_50,1,3,0,
2018-03-12,short,2018-03-15 12:30:00-04:00,2018-03-16 20:45:00-04:00,1.23393,1.22889,1.23945,1.22289,nan,nan,nan,,nan,,0,0,1.23455,1.22903,0.005519999999999969,502.49999999999335,win,reverse_fade+week_end,1,1,1,2018-03-13 12:30:00-04:00
2018-03-12,short,2018-03-16 14:00:00-04:00,2018-03-16 20:45:00-04:00,1.22807,1.22889,1.23359,1.21703,1.2297259999999999,1.23083,nan,,nan,,0,0,1.23455,1.22903,0.005519999999999969,-250.50000000001288,loss,week_end,2,3,0,
2018-03-19,short,2018-03-20 16:45:00-04:00,2018-03-21 18:00:00-04:00,1.22539,1.2304249999999999,1.23546,1.20525,1.228411,1.2304249999999999,1.228411,2018-03-21 08:15:00-04:00,1.2304249999999999,2018-03-21 18:00:00-04:00,2,1,1.23586,1.22579,0.010070000000000023,-1112.1999999999782,loss,dd_cut+flat_at_50,1,3,0,
2018-03-19,long,2018-03-21 18:00:00-04:00,2018-03-23 20:45:00-04:00,1.2304249999999999,1.23522,1.2203549999999999,1.250565,nan,nan,nan,,nan,,0,0,1.23586,1.22579,0.010070000000000023,478.00000000001046,win,reverse_fade+week_end,1,1,1,2018-03-20 16:45:00-04:00
2018-03-19,long,2018-03-22 00:00:00-04:00,2018-03-22 10:45:00-04:00,1.23601,1.230975,1.22594,1.25615,1.2329890000000001,1.230975,1.2329890000000001,2018-03-22 09:45:00-04:00,1.230975,2018-03-22 10:45:00-04:00,2,1,1.23586,1.22579,0.010070000000000023,-1112.2000000000003,loss,dd_cut+flat_at_50,2,3,0,
2018-03-19,short,2018-03-22 10:45:00-04:00,2018-03-23 20:45:00-04:00,1.230975,1.23522,1.241045,1.2108349999999999,nan,nan,nan,,nan,,0,0,1.23586,1.22579,0.010070000000000023,-426.00000000000546,loss,reverse_fade+week_end,2,1,1,2018-03-22 00:00:00-04:00
2018-03-26,long,2018-03-27 06:30:00-04:00,2018-03-27 09:30:00-04:00,1.24728,1.24179,1.2363,1.26924,1.243986,1.24179,1.243986,2018-03-27 08:00:00-04:00,1.24179,2018-03-27 09:30:00-04:00,2,1,1.24615,1.23517,0.01097999999999999,-1212.299999999981,loss,dd_cut+flat_at_50,1,3,0,
2018-03-26,short,2018-03-27 09:30:00-04:00,2018-03-30 20:45:00-04:00,1.24179,1.232,1.25277,1.21983,nan,nan,nan,,nan,,0,0,1.24615,1.23517,0.01097999999999999,977.4999999999966,win,reverse_fade+week_end,1,1,1,2018-03-27 06:30:00-04:00
2018-03-26,short,2018-03-28 13:30:00-04:00,2018-03-30 20:45:00-04:00,1.23472,1.232,1.2457,1.21276,1.238014,1.24021,nan,,nan,,0,0,1.24615,1.23517,0.01097999999999999,811.5000000000167,win,week_end,2,3,0,
2018-04-02,short,2018-04-03 13:00:00-04:00,2018-04-04 08:00:00-04:00,1.2277,1.230845,1.2339900000000001,1.2151199999999998,1.229587,1.230845,1.229587,2018-04-04 08:00:00-04:00,1.230845,2018-04-04 08:00:00-04:00,2,1,1.23449,1.2282,0.006290000000000129,-696.3999999999897,loss,dd_cut+flat_at_50,1,3,0,
2018-04-02,long,2018-04-04 08:00:00-04:00,2018-04-05 12:15:00-04:00,1.230845,1.2245549999999998,1.2245549999999998,1.2434250000000002,nan,nan,nan,,nan,,0,0,1.23449,1.2282,0.006290000000000129,-630.5000000000128,loss,reverse_fade+stop,1,1,1,2018-04-03 13:00:00-04:00
2018-04-02,short,2018-04-04 09:45:00-04:00,2018-04-04 14:15:00-04:00,1.22772,1.230865,1.23401,1.2151399999999997,1.229607,1.230865,1.229607,2018-04-04 12:45:00-04:00,1.230865,2018-04-04 14:15:00-04:00,2,1,1.23449,1.2282,0.006290000000000129,-696.4000000000119,loss,dd_cut+flat_at_50,2,3,0,
2018-04-02,long,2018-04-04 14:15:00-04:00,2018-04-05 12:15:00-04:00,1.230865,1.224575,1.224575,1.2434450000000004,nan,nan,nan,,nan,,0,0,1.23449,1.2282,0.006290000000000129,-630.5000000000128,loss,reverse_fade+stop,2,1,1,2018-04-04 09:45:00-04:00
2018-04-09,long,2018-04-10 11:30:00-04:00,2018-04-10 15:15:00-04:00,1.23664,1.23311,1.2295800000000001,1.2507599999999996,1.2345220000000001,1.23311,1.2345220000000001,2018-04-10 12:45:00-04:00,1.23311,2018-04-10 15:15:00-04:00,2,1,1.23308,1.22602,0.007059999999999844,-781.0999999999717,loss,dd_cut+flat_at_50,1,3,0,
2018-04-09,short,2018-04-10 15:15:00-04:00,2018-04-13 20:45:00-04:00,1.23311,1.23282,1.2401699999999998,1.2189900000000002,nan,nan,nan,,nan,,0,0,1.23308,1.22602,0.007059999999999844,27.499999999990145,win,reverse_fade+week_end,1,1,1,2018-04-10 11:30:00-04:00
2018-04-09,long,2018-04-10 15:30:00-04:00,2018-04-13 20:45:00-04:00,1.23334,1.23282,1.2262800000000003,1.2474599999999998,1.2312220000000003,1.22981,1.2312220000000003,2018-04-12 12:15:00-04:00,nan,,2,0,1.23308,1.22602,0.007059999999999844,-480.09999999997603,loss,dd_cut+week_end,2,3,0,
2018-04-16,long,2018-04-17 06:15:00-04:00,2018-04-17 12:00:00-04:00,1.23948,1.235965,1.23245,1.2535399999999997,1.237371,1.235965,1.237371,2018-04-17 09:45:00-04:00,1.235965,2018-04-17 12:00:00-04:00,2,1,1.23945,1.23242,0.00702999999999987,-777.7999999999768,loss,dd_cut+flat_at_50,1,3,0,
2018-04-16,short,2018-04-17 12:00:00-04:00,2018-04-20 20:45:00-04:00,1.235965,1.22846,1.2429949999999999,1.2219050000000002,nan,nan,nan,,nan,,0,0,1.23945,1.23242,0.00702999999999987,748.9999999999873,win,reverse_fade+week_end,1,1,1,2018-04-17 06:15:00-04:00
2018-04-16,long,2018-04-19 07:15:00-04:00,2018-04-19 08:30:00-04:00,1.23985,1.236335,1.23282,1.2539099999999996,1.237741,1.236335,1.237741,2018-04-19 08:30:00-04:00,1.236335,2018-04-19 08:30:00-04:00,2,1,1.23945,1.23242,0.00702999999999987,-777.7999999999768,loss,dd_cut+flat_at_50,2,3,0,
2018-04-16,short,2018-04-19 08:30:00-04:00,2018-04-20 20:45:00-04:00,1.236335,1.22846,1.2433649999999998,1.2222750000000002,nan,nan,nan,,nan,,0,0,1.23945,1.23242,0.00702999999999987,785.9999999999854,win,reverse_fade+week_end,2,1,1,2018-04-19 07:15:00-04:00
2018-04-23,short,2018-04-24 01:00:00-04:00,2018-04-24 16:45:00-04:00,1.21924,1.2238250000000002,1.22841,1.2009000000000003,1.221991,1.2238250000000002,1.221991,2018-04-24 06:15:00-04:00,1.2238250000000002,2018-04-24 16:45:00-04:00,2,1,1.22894,1.21977,0.0091699999999999,-1013.1999999999957,loss,dd_cut+flat_at_50,1,3,0,
2018-04-23,long,2018-04-24 16:45:00-04:00,2018-04-26 12:30:00-04:00,1.2238250000000002,1.2146550000000003,1.2146550000000003,1.242165,nan,nan,nan,,nan,,0,0,1.22894,1.21977,0.0091699999999999,-918.49999999999,loss,reverse_fade+stop,1,1,1,2018-04-24 01:00:00-04:00
2018-04-23,short,2018-04-25 07:15:00-04:00,2018-04-27 20:45:00-04:00,1.21944,1.21291,1.22861,1.2011000000000003,1.222191,1.2240250000000001,nan,,nan,,0,0,1.22894,1.21977,0.0091699999999999,1954.500000000044,win,week_end,2,3,0,
2018-04-30,short,2018-05-01 06:15:00-04:00,2018-05-04 13:15:00-04:00,1.20604,1.19118,1.21347,1.19118,1.208269,1.209755,nan,,nan,,0,0,1.21386,1.20643,0.007430000000000048,4453.500000000029,win,target,1,3,0,
2018-04-30,short,2018-05-04 13:30:00-04:00,2018-05-04 16:45:00-04:00,1.19244,1.196155,1.19987,1.1775799999999998,1.194669,1.196155,1.194669,2018-05-04 14:00:00-04:00,1.196155,2018-05-04 16:45:00-04:00,2,1,1.21386,1.20643,0.007430000000000048,-821.8000000000208,loss,dd_cut+flat_at_50,2,3,0,
2018-04-30,long,2018-05-04 16:45:00-04:00,2018-05-04 20:45:00-04:00,1.196155,1.1955,1.188725,1.2110150000000002,nan,nan,nan,,nan,,0,0,1.21386,1.20643,0.007430000000000048,-67.00000000000722,loss,reverse_fade+week_end,2,1,1,2018-05-04 13:30:00-04:00
2018-05-07,short,2018-05-08 08:15:00-04:00,2018-05-10 12:45:00-04:00,1.18942,1.1934399999999998,1.1974599999999997,1.1733400000000003,1.1918319999999998,1.1934399999999998,1.1918319999999998,2018-05-10 12:30:00-04:00,1.1934399999999998,2018-05-10 12:45:00-04:00,2,1,1.19779,1.18975,0.008039999999999825,-888.899999999963,loss,dd_cut+flat_at_50,1,3,0,
2018-05-07,long,2018-05-10 12:45:00-04:00,2018-05-11 20:45:00-04:00,1.1934399999999998,1.19395,1.1854,1.2095199999999995,nan,nan,nan,,nan,,0,0,1.19779,1.18975,0.008039999999999825,49.50000000002325,win,reverse_fade+week_end,1,1,1,2018-05-08 08:15:00-04:00
2018-05-07,short,2018-05-10 14:15:00-04:00,2018-05-10 17:15:00-04:00,1.18904,1.19306,1.19708,1.1729600000000004,1.191452,1.19306,1.191452,2018-05-10 16:30:00-04:00,1.19306,2018-05-10 17:15:00-04:00,2,1,1.19779,1.18975,0.008039999999999825,-888.899999999963,loss,dd_cut+flat_at_50,2,3,0,
2018-05-07,long,2018-05-10 17:15:00-04:00,2018-05-11 20:45:00-04:00,1.19306,1.19395,1.1850200000000002,1.2091399999999997,nan,nan,nan,,nan,,0,0,1.19779,1.18975,0.008039999999999825,87.50000000000574,win,reverse_fade+week_end,2,1,1,2018-05-10 14:15:00-04:00
2018-05-14,short,2018-05-15 04:15:00-04:00,2018-05-16 11:30:00-04:00,1.19228,1.17772,1.19956,1.17772,1.194464,1.19592,nan,,nan,,0,0,1.19959,1.19231,0.007279999999999953,4363.499999999972,win,target,1,3,0,
2018-05-14,short,2018-05-16 11:45:00-04:00,2018-05-17 02:00:00-04:00,1.17868,1.1823199999999998,1.18596,1.16412,1.180864,1.1823199999999998,1.180864,2018-05-16 14:00:00-04:00,1.1823199999999998,2018-05-17 02:00:00-04:00,2,1,1.19959,1.19231,0.007279999999999953,-805.2999999999793,loss,dd_cut+flat_at_50,2,3,0,
2018-05-14,long,2018-05-17 02:00:00-04:00,2018-05-18 14:00:00-04:00,1.1823199999999998,1.1750399999999999,1.1750399999999999,1.1968799999999997,nan,nan,nan,,nan,,0,0,1.19959,1.19231,0.007279999999999953,-729.4999999999953,loss,reverse_fade+stop,2,1,1,2018-05-16 11:45:00-04:00
2018-05-21,long,2018-05-22 07:30:00-04:00,2018-05-23 01:30:00-04:00,1.18064,1.1766,1.17256,1.1967999999999996,1.178216,1.1766,1.178216,2018-05-22 12:45:00-04:00,1.1766,2018-05-23 01:30:00-04:00,2,1,1.17973,1.17165,0.008079999999999865,-893.2999999999785,loss,dd_cut+flat_at_50,1,3,0,
2018-05-21,short,2018-05-23 01:30:00-04:00,2018-05-25 20:45:00-04:00,1.1766,1.16478,1.18468,1.1604400000000004,nan,nan,nan,,nan,,0,0,1.17973,1.17165,0.008079999999999865,1180.5000000000164,win,reverse_fade+week_end,1,1,1,2018-05-22 07:30:00-04:00
2018-05-21,short,2018-05-23 07:30:00-04:00,2018-05-25 20:45:00-04:00,1.17148,1.16478,1.17956,1.1553200000000003,1.173904,1.1755200000000001,1.173904,2018-05-23 09:00:00-04:00,nan,,2,0,1.17973,1.17165,0.008079999999999865,180.7000000000187,win,dd_cut+week_end,2,3,0,
2018-05-28,short,2018-05-29 06:15:00-04:00,2018-05-30 15:30:00-04:00,1.16059,1.1666400000000001,1.17269,1.13639,1.16422,1.1666400000000001,1.16422,2018-05-30 12:00:00-04:00,1.1666400000000001,2018-05-30 15:30:00-04:00,2,1,1.17283,1.16073,0.0121,-1335.5000000000155,loss,dd_cut+flat_at_50,1,3,0,
2018-05-28,long,2018-05-30 15:30:00-04:00,2018-06-01 20:45:00-04:00,1.1666400000000001,1.16584,1.1545400000000001,1.1908400000000001,nan,nan,nan,,nan,,0,0,1.17283,1.16073,0.0121,-81.50000000001339,loss,reverse_fade+week_end,1,1,1,2018-05-29 06:15:00-04:00
2018-06-04,short,2018-06-05 12:15:00-04:00,2018-06-05 16:00:00-04:00,1.1666,1.17047,1.17434,1.1511200000000004,1.168922,1.17047,1.168922,2018-06-05 16:00:00-04:00,1.17047,2018-06-05 16:00:00-04:00,2,1,1.17444,1.1667,0.007739999999999858,-855.8999999999688,loss,dd_cut+flat_at_50,1,3,0,
2018-06-04,long,2018-06-05 16:00:00-04:00,2018-06-08 20:45:00-04:00,1.17047,1.17666,1.16273,1.1859499999999996,nan,nan,nan,,nan,,0,0,1.17444,1.1667,0.007739999999999858,617.500000000014,win,reverse_fade+week_end,1,1,1,2018-06-05 12:15:00-04:00
2018-06-04,long,2018-06-06 07:00:00-04:00,2018-06-08 20:45:00-04:00,1.17529,1.17666,1.16755,1.1907699999999997,1.172968,1.17142,1.172968,2018-06-08 11:00:00-04:00,nan,,2,0,1.17444,1.1667,0.007739999999999858,-331.8999999999777,loss,dd_cut+week_end,2,3,0,
2018-06-11,short,2018-06-12 00:00:00-04:00,2018-06-12 07:00:00-04:00,1.17528,1.1777300000000002,1.1801800000000002,1.1654799999999998,1.1767500000000002,1.1777300000000002,1.1767500000000002,2018-06-12 02:45:00-04:00,1.1777300000000002,2018-06-12 07:00:00-04:00,2,1,1.18205,1.17715,0.0049000000000001265,-543.5000000000227,loss,dd_cut+flat_at_50,1,3,0,
2018-06-11,long,2018-06-12 07:00:00-04:00,2018-06-13 18:30:00-04:00,1.1777300000000002,1.17283,1.17283,1.1875300000000004,nan,nan,nan,,nan,,0,0,1.18205,1.17715,0.0049000000000001265,-491.5000000000126,loss,reverse_fade+stop,1,1,1,2018-06-12 00:00:00-04:00
2018-06-11,short,2018-06-12 17:00:00-04:00,2018-06-13 13:00:00-04:00,1.17519,1.17764,1.18009,1.1653899999999997,1.17666,1.17764,1.17666,2018-06-13 10:15:00-04:00,1.17764,2018-06-13 13:00:00-04:00,2,1,1.18205,1.17715,0.0049000000000001265,-543.5000000000227,loss,dd_cut+flat_at_50,2,3,0,
2018-06-11,long,2018-06-13 13:00:00-04:00,2018-06-13 18:30:00-04:00,1.17764,1.17274,1.17274,1.1874400000000003,nan,nan,nan,,nan,,0,0,1.18205,1.17715,0.0049000000000001265,-491.5000000000126,loss,reverse_fade+stop,2,1,1,2018-06-12 17:00:00-04:00
2018-06-18,long,2018-06-19 03:15:00-04:00,2018-06-19 06:15:00-04:00,1.1643,1.160515,1.15673,1.1794399999999996,1.162029,1.160515,1.162029,2018-06-19 05:45:00-04:00,1.160515,2018-06-19 06:15:00-04:00,2,1,1.1641,1.15653,0.007569999999999855,-837.1999999999751,loss,dd_cut+flat_at_50,1,3,0,
2018-06-18,short,2018-06-19 06:15:00-04:00,2018-06-22 20:45:00-04:00,1.160515,1.16561,1.1680849999999998,1.1453750000000003,nan,nan,nan,,nan,,0,0,1.1641,1.15653,0.007569999999999855,-511.00000000000716,loss,reverse_fade+week_end,1,1,1,2018-06-19 03:15:00-04:00
2018-06-18,short,2018-06-19 08:15:00-04:00,2018-06-19 23:15:00-04:00,1.15565,1.159435,1.16322,1.1405100000000004,1.157921,1.159435,1.157921,2018-06-19 15:15:00-04:00,1.159435,2018-06-19 23:15:00-04:00,2,1,1.1641,1.15653,0.007569999999999855,-837.1999999999751,loss,dd_cut+flat_at_50,2,3,0,
2018-06-18,long,2018-06-19 23:15:00-04:00,2018-06-21 08:45:00-04:00,1.159435,1.1518650000000001,1.1518650000000001,1.1745749999999997,nan,nan,nan,,nan,,0,0,1.1641,1.15653,0.007569999999999855,-758.4999999999854,loss,reverse_fade+stop,2,1,1,2018-06-19 08:15:00-04:00
2018-06-25,long,2018-06-26 02:15:00-04:00,2018-06-26 08:15:00-04:00,1.17158,1.16736,1.16314,1.18846,1.169048,1.16736,1.169048,2018-06-26 07:00:00-04:00,1.16736,2018-06-26 08:15:00-04:00,2,1,1.1713,1.16286,0.008440000000000003,-932.900000000007,loss,dd_cut+flat_at_50,1,3,0,
2018-06-25,short,2018-06-26 08:15:00-04:00,2018-06-29 20:45:00-04:00,1.16736,1.16847,1.1758,1.15048,nan,nan,nan,,nan,,0,0,1.1713,1.16286,0.008440000000000003,-112.49999999999443,loss,reverse_fade+week_end,1,1,1,2018-06-26 02:15:00-04:00
2018-06-25,short,2018-06-27 08:45:00-04:00,2018-06-29 14:45:00-04:00,1.16276,1.1669800000000001,1.1712,1.14588,1.165292,1.1669800000000001,1.165292,2018-06-29 04:15:00-04:00,1.1669800000000001,2018-06-29 14:45:00-04:00,2,1,1.1713,1.16286,0.008440000000000003,-932.900000000007,loss,dd_cut+flat_at_50,2,3,0,
2018-06-25,long,2018-06-29 14:45:00-04:00,2018-06-29 20:45:00-04:00,1.1669800000000001,1.16847,1.1585400000000001,1.1838600000000001,nan,nan,nan,,nan,,0,0,1.1713,1.16286,0.008440000000000003,147.49999999997692,win,reverse_fade+week_end,2,1,1,2018-06-27 08:45:00-04:00
2018-07-02,long,2018-07-04 06:45:00-04:00,2018-07-04 09:30:00-04:00,1.16797,1.16358,1.15919,1.18553,1.165336,1.16358,1.165336,2018-07-04 07:45:00-04:00,1.16358,2018-07-04 09:30:00-04:00,2,1,1.16789,1.15911,0.00878000000000001,-970.2999999999945,loss,dd_cut+flat_at_50,1,3,0,
2018-07-02,short,2018-07-04 09:30:00-04:00,2018-07-06 06:45:00-04:00,1.16358,1.17236,1.17236,1.14602,nan,nan,nan,,nan,,0,0,1.16789,1.15911,0.00878000000000001,-879.500000000001,loss,reverse_fade+stop,1,1,1,2018-07-04 06:45:00-04:00
2018-07-02,long,2018-07-05 05:45:00-04:00,2018-07-06 20:45:00-04:00,1.16935,1.17444,1.1605699999999999,1.18691,1.1667159999999999,1.1649599999999998,nan,,nan,,0,0,1.16789,1.15911,0.00878000000000001,1522.5000000000116,win,week_end,2,3,0,
2018-07-09,short,2018-07-10 08:30:00-04:00,2018-07-11 13:00:00-04:00,1.17263,1.1755300000000002,1.17843,1.16103,1.1743700000000001,1.1755300000000002,1.1743700000000001,2018-07-10 17:30:00-04:00,1.1755300000000002,2018-07-11 13:00:00-04:00,2,1,1.17906,1.17326,0.005800000000000027,-642.5000000000274,loss,dd_cut+flat_at_50,1,3,0,
2018-07-09,long,2018-07-11 13:00:00-04:00,2018-07-11 16:45:00-04:00,1.1755300000000002,1.1697300000000002,1.1697300000000002,1.1871300000000002,nan,nan,nan,,nan,,0,0,1.17906,1.17326,0.005800000000000027,-581.5000000000027,loss,reverse_fade+stop,1,1,1,2018-07-10 08:30:00-04:00
2018-07-09,short,2018-07-11 14:30:00-04:00,2018-07-13 08:30:00-04:00,1.17312,1.1615199999999999,1.17892,1.1615199999999999,1.17486,1.1760199999999998,nan,,nan,,0,0,1.17906,1.17326,0.005800000000000027,3475.5000000000164,win,target,2,3,0,
2018-07-16,long,2018-07-17 06:15:00-04:00,2018-07-17 11:45:00-04:00,1.17308,1.1705949999999998,1.1681099999999998,1.1830200000000002,1.1715889999999998,1.1705949999999998,1.1715889999999998,2018-07-17 11:00:00-04:00,1.1705949999999998,2018-07-17 11:45:00-04:00,2,1,1.17253,1.16756,0.004970000000000141,-551.2000000000332,loss,dd_cut+flat_at_50,1,3,0,
2018-07-16,short,2018-07-17 11:45:00-04:00,2018-07-18 11:45:00-04:00,1.1705949999999998,1.1606549999999995,1.175565,1.1606549999999995,nan,nan,nan,,nan,,0,0,1.17253,1.16756,0.004970000000000141,992.5000000000282,win,reverse_fade+target,1,1,1,2018-07-17 06:15:00-04:00
2018-07-16,short,2018-07-17 15:45:00-04:00,2018-07-20 12:30:00-04:00,1.16619,1.1686750000000001,1.1711600000000002,1.1562499999999998,1.1676810000000002,1.1686750000000001,1.1676810000000002,2018-07-19 17:15:00-04:00,1.1686750000000001,2018-07-20 12:30:00-04:00,2,1,1.17253,1.16756,0.004970000000000141,-551.2000000000332,loss,dd_cut+flat_at_50,2,3,0,
2018-07-16,long,2018-07-20 12:30:00-04:00,2018-07-20 20:45:00-04:00,1.1686750000000001,1.17196,1.163705,1.1786150000000004,nan,nan,nan,,nan,,0,0,1.17253,1.16756,0.004970000000000141,326.999999999976,win,reverse_fade+week_end,2,1,1,2018-07-17 15:45:00-04:00
2018-07-23,short,2018-07-24 04:30:00-04:00,2018-07-24 10:45:00-04:00,1.16791,1.1712150000000001,1.17452,1.15469,1.169893,1.1712150000000001,1.169893,2018-07-24 07:30:00-04:00,1.1712150000000001,2018-07-24 10:45:00-04:00,2,1,1.17497,1.16836,0.006610000000000005,-731.6000000000249,loss,dd_cut+flat_at_50,1,3,0,
2018-07-23,long,2018-07-24 10:45:00-04:00,2018-07-26 18:15:00-04:00,1.1712150000000001,1.1646050000000001,1.1646050000000001,1.1844350000000001,nan,nan,nan,,nan,,0,0,1.17497,1.16836,0.006610000000000005,-662.5000000000005,loss,reverse_fade+stop,1,1,1,2018-07-24 04:30:00-04:00
2018-07-23,short,2018-07-24 15:45:00-04:00,2018-07-25 19:30:00-04:00,1.16828,1.1715849999999999,1.17489,1.15506,1.170263,1.1715849999999999,1.170263,2018-07-25 09:15:00-04:00,1.1715849999999999,2018-07-25 19:30:00-04:00,2,1,1.17497,1.16836,0.006610000000000005,-731.6000000000028,loss,dd_cut+flat_at_50,2,3,0,
2018-07-23,long,2018-07-25 19:30:00-04:00,2018-07-26 16:00:00-04:00,1.1715849999999999,1.1649749999999999,1.1649749999999999,1.1848049999999999,nan,nan,nan,,nan,,0,0,1.17497,1.16836,0.006610000000000005,-662.5000000000005,loss,reverse_fade+stop,2,1,1,2018-07-24 15:45:00-04:00
2018-07-30,long,2018-07-31 06:45:00-04:00,2018-07-31 20:45:00-04:00,1.17234,1.1688049999999999,1.16527,1.1864799999999998,1.170219,1.1688049999999999,1.170219,2018-07-31 13:45:00-04:00,1.1688049999999999,2018-07-31 20:45:00-04:00,2,1,1.17186,1.16479,0.00706999999999991,-782.2000000000145,loss,dd_cut+flat_at_50,1,3,0,
2018-07-30,short,2018-07-31 20:45:00-04:00,2018-08-03 20:45:00-04:00,1.1688049999999999,1.1567,1.1758749999999998,1.154665,nan,nan,nan,,nan,,0,0,1.17186,1.16479,0.00706999999999991,1208.9999999999811,win,reverse_fade+week_end,1,1,1,2018-07-31 06:45:00-04:00
2018-07-30,short,2018-08-02 04:15:00-04:00,2018-08-03 20:45:00-04:00,1.16477,1.1567,1.17184,1.1506300000000003,1.1668910000000001,1.1683050000000001,nan,,nan,,0,0,1.17186,1.16479,0.00706999999999991,2416.5000000000064,win,week_end,2,3,0,
2018-08-06,long,2018-08-07 06:15:00-04:00,2018-08-09 17:00:00-04:00,1.1572,1.1551900000000002,1.15318,1.1652399999999998,1.155994,1.1551900000000002,1.155994,2018-08-09 16:00:00-04:00,1.1551900000000002,2018-08-09 17:00:00-04:00,2,1,1.15702,1.153,0.0040199999999999125,-446.6999999999926,loss,dd_cut+flat_at_50,1,3,0,
2018-08-06,short,2018-08-09 17:00:00-04:00,2018-08-10 05:00:00-04:00,1.1551900000000002,1.1471500000000003,1.15921,1.1471500000000003,nan,nan,nan,,nan,,0,0,1.15702,1.153,0.0040199999999999125,802.4999999999825,win,reverse_fade+target,1,1,1,2018-08-07 06:15:00-04:00
2018-08-06,short,2018-08-09 19:30:00-04:00,2018-08-10 05:15:00-04:00,1.15287,1.1448300000000002,1.15689,1.1448300000000002,1.154076,1.15488,nan,,nan,,0,0,1.15702,1.153,0.0040199999999999125,2407.4999999999472,win,target,2,3,0,
2018-08-13,short,2018-08-14 15:15:00-04:00,2018-08-16 05:15:00-04:00,1.13575,1.139145,1.1425400000000001,1.12217,1.137787,1.139145,1.137787,2018-08-16 02:00:00-04:00,1.139145,2018-08-16 05:15:00-04:00,2,1,1.14328,1.13649,0.006790000000000074,-751.4000000000169,loss,dd_cut+flat_at_50,1,3,0,
2018-08-13,long,2018-08-16 05:15:00-04:00,2018-08-17 20:45:00-04:00,1.139145,1.14379,1.132355,1.1527250000000002,nan,nan,nan,,nan,,0,0,1.14328,1.13649,0.006790000000000074,463.000000000001,win,reverse_fade+week_end,1,1,1,2018-08-14 15:15:00-04:00
2018-08-13,short,2018-08-16 10:45:00-04:00,2018-08-16 13:45:00-04:00,1.13637,1.1397650000000001,1.1431600000000002,1.12279,1.1384070000000002,1.1397650000000001,1.1384070000000002,2018-08-16 12:30:00-04:00,1.1397650000000001,2018-08-16 13:45:00-04:00,2,1,1.14328,1.13649,0.006790000000000074,-751.4000000000169,loss,dd_cut+flat_at_50,2,3,0,
2018-08-13,long,2018-08-16 13:45:00-04:00,2018-08-17 20:45:00-04:00,1.1397650000000001,1.14379,1.132975,1.1533450000000003,nan,nan,nan,,nan,,0,0,1.14328,1.13649,0.006790000000000074,400.99999999999454,win,reverse_fade+week_end,2,1,1,2018-08-16 10:45:00-04:00
2018-08-20,long,2018-08-21 00:00:00-04:00,2018-08-24 20:45:00-04:00,1.1497,1.16205,1.13981,1.1694799999999999,1.146733,1.144755,nan,,nan,,0,0,1.14931,1.13942,0.009889999999999954,3700.5000000000255,win,week_end,1,3,0,
2018-08-27,long,2018-08-28 00:30:00-04:00,2018-08-30 13:30:00-04:00,1.16951,1.1645500000000002,1.1595900000000001,1.18935,1.166534,1.1645500000000002,1.166534,2018-08-28 05:15:00-04:00,1.1645500000000002,2018-08-30 13:30:00-04:00,2,1,1.16935,1.15943,0.009919999999999929,-1095.7000000000032,loss,dd_cut+flat_at_50,1,3,0,
2018-08-27,short,2018-08-30 13:30:00-04:00,2018-08-31 20:45:00-04:00,1.1645500000000002,1.15997,1.1744700000000001,1.1447100000000003,nan,nan,nan,,nan,,0,0,1.16935,1.15943,0.009919999999999929,456.50000000002507,win,reverse_fade+week_end,1,1,1,2018-08-28 00:30:00-04:00
2018-08-27,short,2018-08-31 16:00:00-04:00,2018-08-31 20:45:00-04:00,1.15895,1.15997,1.1688699999999999,1.13911,1.1619259999999998,1.16391,nan,,nan,,0,0,1.16935,1.15943,0.009919999999999929,-310.50000000000625,loss,week_end,2,3,0,
2018-09-03,short,2018-09-04 06:15:00-04:00,2018-09-05 01:30:00-04:00,1.15824,1.1601849999999998,1.1621299999999999,1.15046,1.1594069999999999,1.1601849999999998,1.1594069999999999,2018-09-05 01:15:00-04:00,1.1601849999999998,2018-09-05 01:30:00-04:00,2,1,1.16278,1.15889,0.003889999999999949,-432.39999999996996,loss,dd_cut+flat_at_50,1,3,0,
2018-09-03,long,2018-09-05 01:30:00-04:00,2018-09-05 07:00:00-04:00,1.1601849999999998,1.1562949999999999,1.1562949999999999,1.1679649999999997,nan,nan,nan,,nan,,0,0,1.16278,1.15889,0.003889999999999949,-390.4999999999949,loss,reverse_fade+stop,1,1,1,2018-09-04 06:15:00-04:00
2018-09-03,short,2018-09-05 05:00:00-04:00,2018-09-05 13:00:00-04:00,1.15884,1.1607850000000002,1.16273,1.1510600000000002,1.160007,1.1607850000000002,1.160007,2018-09-05 13:00:00-04:00,1.1607850000000002,2018-09-05 13:00:00-04:00,2,1,1.16278,1.15889,0.003889999999999949,-432.39999999999213,loss,dd_cut+flat_at_50,2,3,0,
2018-09-03,long,2018-09-05 13:00:00-04:00,2018-09-07 12:45:00-04:00,1.1607850000000002,1.1568950000000002,1.1568950000000002,1.168565,nan,nan,nan,,nan,,0,0,1.16278,1.15889,0.003889999999999949,-390.4999999999949,loss,reverse_fade+stop,2,1,1,2018-09-05 05:00:00-04:00
2018-09-10,long,2018-09-11 06:15:00-04:00,2018-09-11 12:00:00-04:00,1.16206,1.1575550000000001,1.1530500000000001,1.18008,1.1593570000000002,1.1575550000000001,1.1593570000000002,2018-09-11 10:00:00-04:00,1.1575550000000001,2018-09-11 12:00:00-04:00,2,1,1.16161,1.1526,0.009009999999999962,-995.5999999999781,loss,dd_cut+flat_at_50,1,3,0,
2018-09-10,short,2018-09-11 12:00:00-04:00,2018-09-13 12:30:00-04:00,1.1575550000000001,1.166565,1.166565,1.1395350000000002,nan,nan,nan,,nan,,0,0,1.16161,1.1526,0.009009999999999962,-902.4999999999962,loss,reverse_fade+stop,1,1,1,2018-09-11 06:15:00-04:00
2018-09-10,long,2018-09-12 14:00:00-04:00,2018-09-14 20:45:00-04:00,1.16176,1.16227,1.15275,1.1797799999999998,1.159057,1.157255,nan,,nan,,0,0,1.16161,1.1526,0.009009999999999962,148.50000000000313,win,week_end,2,3,0,
2018-09-17,long,2018-09-18 04:15:00-04:00,2018-09-18 16:30:00-04:00,1.1699,1.165895,1.1618899999999999,1.18592,1.167497,1.165895,1.167497,2018-09-18 07:30:00-04:00,1.165895,2018-09-18 16:30:00-04:00,2,1,1.16981,1.1618,0.008010000000000073,-885.5999999999902,loss,dd_cut+flat_at_50,1,3,0,
2018-09-17,short,2018-09-18 16:30:00-04:00,2018-09-20 11:30:00-04:00,1.165895,1.173905,1.173905,1.1498749999999998,nan,nan,nan,,nan,,0,0,1.16981,1.1618,0.008010000000000073,-802.5000000000073,loss,reverse_fade+stop,1,1,1,2018-09-18 04:15:00-04:00
2018-09-17,long,2018-09-19 07:30:00-04:00,2018-09-19 12:00:00-04:00,1.17024,1.166235,1.1622299999999999,1.18626,1.167837,1.166235,1.167837,2018-09-19 11:00:00-04:00,1.166235,2018-09-19 12:00:00-04:00,2,1,1.16981,1.1618,0.008010000000000073,-885.5999999999902,loss,dd_cut+flat_at_50,2,3,0,
2018-09-17,short,2018-09-19 12:00:00-04:00,2018-09-20 11:30:00-04:00,1.166235,1.174245,1.174245,1.1502149999999998,nan,nan,nan,,nan,,0,0,1.16981,1.1618,0.008010000000000073,-802.5000000000073,loss,reverse_fade+stop,2,1,1,2018-09-19 07:30:00-04:00
2018-09-24,short,2018-09-27 05:00:00-04:00,2018-09-28 20:45:00-04:00,1.17169,1.16019,1.18081,1.1534499999999999,1.174426,1.17625,nan,,nan,,0,0,1.18153,1.17241,0.009120000000000017,3445.4999999999527,win,week_end,1,3,0,
2018-10-01,short,2018-10-02 05:00:00-04:00,2018-10-03 02:00:00-04:00,1.15581,1.158865,1.16192,1.1435899999999999,1.157643,1.158865,1.157643,2018-10-03 02:00:00-04:00,1.158865,2018-10-03 02:00:00-04:00,2,1,1.16246,1.15635,0.00611000000000006,-676.5999999999976,loss,dd_cut+flat_at_50,1,3,0,
2018-10-01,long,2018-10-03 02:00:00-04:00,2018-10-03 14:00:00-04:00,1.158865,1.152755,1.152755,1.1710850000000002,nan,nan,nan,,nan,,0,0,1.16246,1.15635,0.00611000000000006,-612.500000000006,loss,reverse_fade+stop,1,1,1,2018-10-02 05:00:00-04:00
2018-10-01,short,2018-10-03 10:15:00-04:00,2018-10-05 20:45:00-04:00,1.15593,1.15174,1.16204,1.1437099999999998,1.1577629999999999,1.158985,nan,,nan,,0,0,1.16246,1.15635,0.00611000000000006,1252.4999999999748,win,week_end,2,3,0,
2018-10-08,short,2018-10-09 09:45:00-04:00,2018-10-09 15:30:00-04:00,1.14527,1.148755,1.15224,1.1313300000000002,1.147361,1.148755,1.147361,2018-10-09 14:15:00-04:00,1.148755,2018-10-09 15:30:00-04:00,2,1,1.15296,1.14599,0.006969999999999921,-771.200000000009,loss,dd_cut+flat_at_50,1,3,0,
2018-10-08,long,2018-10-09 15:30:00-04:00,2018-10-12 20:45:00-04:00,1.148755,1.15571,1.141785,1.1626949999999998,nan,nan,nan,,nan,,0,0,1.15296,1.14599,0.006969999999999921,694.0000000000044,win,reverse_fade+week_end,1,1,1,2018-10-09 09:45:00-04:00
2018-10-08,long,2018-10-10 14:45:00-04:00,2018-10-12 20:45:00-04:00,1.15342,1.15571,1.14645,1.1673599999999997,1.1513289999999998,1.149935,nan,,nan,,0,0,1.15296,1.14599,0.006969999999999921,682.5000000000376,win,week_end,2,3,0,
2018-10-15,long,2018-10-16 13:00:00-04:00,2018-10-16 14:00:00-04:00,1.1619,1.1587450000000001,1.1555900000000001,1.1745199999999996,1.160007,1.1587450000000001,1.160007,2018-10-16 13:45:00-04:00,1.1587450000000001,2018-10-16 14:00:00-04:00,2,1,1.16061,1.1543,0.006309999999999816,-698.5999999999642,loss,dd_cut+flat_at_50,1,3,0,
2018-10-15,short,2018-10-16 14:00:00-04:00,2018-10-18 17:15:00-04:00,1.1587450000000001,1.1461250000000005,1.165055,1.1461250000000005,nan,nan,nan,,nan,,0,0,1.16061,1.1543,0.006309999999999816,1260.4999999999632,win,reverse_fade+target,1,1,1,2018-10-16 13:00:00-04:00
2018-10-15,short,2018-10-17 11:15:00-04:00,2018-10-19 20:45:00-04:00,1.15406,1.15142,1.16037,1.1414400000000005,1.155953,1.1572149999999999,nan,,nan,,0,0,1.16061,1.1543,0.006309999999999816,787.4999999999927,win,week_end,2,3,0,
2018-10-22,short,2018-10-23 03:15:00-04:00,2018-10-26 20:45:00-04:00,1.14544,1.14021,1.1548800000000001,1.1265599999999998,1.148272,1.15016,1.148272,2018-10-23 09:45:00-04:00,nan,,2,0,1.15501,1.14557,0.009440000000000115,-47.899999999982356,loss,dd_cut+week_end,1,3,0,
2018-10-29,short,2018-10-30 10:00:00-04:00,2018-11-01 09:00:00-04:00,1.13542,1.1382050000000001,1.14099,1.1242800000000004,1.137091,1.1382050000000001,1.137091,2018-10-30 12:45:00-04:00,1.1382050000000001,2018-11-01 09:00:00-04:00,2,1,1.14163,1.13606,0.005569999999999853,-617.1999999999994,loss,dd_cut+flat_at_50,1,3,0,
2018-10-29,long,2018-11-01 09:00:00-04:00,2018-11-02 20:45:00-04:00,1.1382050000000001,1.1386,1.1326350000000003,1.1493449999999998,nan,nan,nan,,nan,,0,0,1.14163,1.13606,0.005569999999999853,37.99999999999232,win,reverse_fade+week_end,1,1,1,2018-10-30 10:00:00-04:00
2018-10-29,long,2018-11-01 17:15:00-04:00,2018-11-02 01:00:00-04:00,1.14236,1.1395750000000002,1.1367900000000002,1.1534999999999997,1.140689,1.1395750000000002,1.140689,2018-11-01 18:30:00-04:00,1.1395750000000002,2018-11-02 01:00:00-04:00,2,1,1.14163,1.13606,0.005569999999999853,-617.1999999999771,loss,dd_cut+flat_at_50,2,3,0,
2018-10-29,short,2018-11-02 01:00:00-04:00,2018-11-02 11:00:00-04:00,1.1395750000000002,1.145145,1.145145,1.1284350000000005,nan,nan,nan,,nan,,0,0,1.14163,1.13606,0.005569999999999853,-558.4999999999853,loss,reverse_fade+stop,2,1,1,2018-11-01 17:15:00-04:00
2018-11-05,long,2018-11-06 13:00:00-05:00,2018-11-08 17:45:00-05:00,1.14281,1.139265,1.13572,1.1569900000000002,1.1406830000000001,1.139265,1.1406830000000001,2018-11-06 16:45:00-05:00,1.139265,2018-11-08 17:45:00-05:00,2,1,1.14239,1.1353,0.007090000000000041,-784.4000000000111,loss,dd_cut+flat_at_50,1,3,0,
2018-11-05,short,2018-11-08 17:45:00-05:00,2018-11-09 21:45:00-05:00,1.139265,1.13342,1.146355,1.125085,nan,nan,nan,,nan,,0,0,1.14239,1.1353,0.007090000000000041,582.9999999999878,win,reverse_fade+week_end,1,1,1,2018-11-06 13:00:00-05:00
2018-11-05,short,2018-11-09 03:30:00-05:00,2018-11-09 21:45:00-05:00,1.13465,1.13342,1.14174,1.1204699999999999,1.136777,1.138195,nan,,nan,,0,0,1.14239,1.1353,0.007090000000000041,364.4999999999527,win,week_end,2,3,0,
2018-11-12,long,2018-11-14 14:45:00-05:00,2018-11-14 18:00:00-05:00,1.13337,1.127625,1.12188,1.15635,1.129923,1.127625,1.129923,2018-11-14 17:30:00-05:00,1.127625,2018-11-14 18:00:00-05:00,2,1,1.13305,1.12156,0.01149,-1268.3999999999844,loss,dd_cut+flat_at_50,1,3,0,
2018-11-12,short,2018-11-14 18:00:00-05:00,2018-11-16 13:45:00-05:00,1.127625,1.139115,1.139115,1.104645,nan,nan,nan,,nan,,0,0,1.13305,1.12156,0.01149,-1150.5,loss,reverse_fade+stop,1,1,1,2018-11-14 14:45:00-05:00
2018-11-12,long,2018-11-14 19:45:00-05:00,2018-11-15 10:00:00-05:00,1.13398,1.128235,1.12249,1.15696,1.130533,1.128235,1.130533,2018-11-14 22:00:00-05:00,1.128235,2018-11-15 10:00:00-05:00,2,1,1.13305,1.12156,0.01149,-1268.3999999999844,loss,dd_cut+flat_at_50,2,3,0,
2018-11-12,short,2018-11-15 10:00:00-05:00,2018-11-16 14:00:00-05:00,1.128235,1.139725,1.139725,1.105255,nan,nan,nan,,nan,,0,0,1.13305,1.12156,0.01149,-1150.5,loss,reverse_fade+stop,2,1,1,2018-11-14 19:45:00-05:00
2018-11-19,long,2018-11-20 08:00:00-05:00,2018-11-20 08:45:00-05:00,1.14669,1.14316,1.1396300000000001,1.1608099999999997,1.1445720000000001,1.14316,1.1445720000000001,2018-11-20 08:30:00-05:00,1.14316,2018-11-20 08:45:00-05:00,2,1,1.14644,1.13938,0.007059999999999844,-781.0999999999717,loss,dd_cut+flat_at_50,1,3,0,
2018-11-19,short,2018-11-20 08:45:00-05:00,2018-11-23 21:45:00-05:00,1.14316,1.13355,1.1502199999999998,1.1290400000000003,nan,nan,nan,,nan,,0,0,1.14644,1.13938,0.007059999999999844,959.4999999999897,win,reverse_fade+week_end,1,1,1,2018-11-20 08:00:00-05:00
2018-11-19,short,2018-11-20 15:00:00-05:00,2018-11-22 10:15:00-05:00,1.13897,1.1425,1.1460299999999999,1.1248500000000003,1.1410879999999999,1.1425,1.1410879999999999,2018-11-20 15:45:00-05:00,1.1425,2018-11-22 10:15:00-05:00,2,1,1.14644,1.13938,0.007059999999999844,-781.0999999999717,loss,dd_cut+flat_at_50,2,3,0,
2018-11-19,long,2018-11-22 10:15:00-05:00,2018-11-23 10:30:00-05:00,1.1425,1.1354400000000002,1.1354400000000002,1.1566199999999998,nan,nan,nan,,nan,,0,0,1.14644,1.13938,0.007059999999999844,-707.4999999999844,loss,reverse_fade+stop,2,1,1,2018-11-20 15:00:00-05:00
2018-11-26,short,2018-11-27 07:15:00-05:00,2018-11-28 17:00:00-05:00,1.13173,1.134665,1.1376,1.1199899999999998,1.1334909999999998,1.134665,1.1334909999999998,2018-11-27 07:30:00-05:00,1.134665,2018-11-28 17:00:00-05:00,2,1,1.13837,1.1325,0.005870000000000042,-650.1999999999935,loss,dd_cut+flat_at_50,1,3,0,
2018-11-26,long,2018-11-28 17:00:00-05:00,2018-11-30 21:45:00-05:00,1.134665,1.13164,1.128795,1.1464050000000001,nan,nan,nan,,nan,,0,0,1.13837,1.1325,0.005870000000000042,-304.00000000000557,loss,reverse_fade+week_end,1,1,1,2018-11-27 07:15:00-05:00
2018-11-26,long,2018-11-29 04:30:00-05:00,2018-11-29 10:45:00-05:00,1.13856,1.135625,1.13269,1.1503,1.136799,1.135625,1.136799,2018-11-29 09:15:00-05:00,1.135625,2018-11-29 10:45:00-05:00,2,1,1.13837,1.1325,0.005870000000000042,-650.2000000000157,loss,dd_cut+flat_at_50,2,3,0,
2018-11-26,short,2018-11-29 10:45:00-05:00,2018-11-30 21:45:00-05:00,1.135625,1.13164,1.1414950000000001,1.123885,nan,nan,nan,,nan,,0,0,1.13837,1.1325,0.005870000000000042,397.00000000001273,win,reverse_fade+week_end,2,1,1,2018-11-29 04:30:00-05:00
2018-12-03,long,2018-12-04 06:00:00-05:00,2018-12-04 16:00:00-05:00,1.13801,1.13499,1.13197,1.15009,1.136198,1.13499,1.136198,2018-12-04 15:30:00-05:00,1.13499,2018-12-04 16:00:00-05:00,2,1,1.13796,1.13192,0.006040000000000045,-668.8999999999872,loss,dd_cut+flat_at_50,1,3,0,
2018-12-03,short,2018-12-04 16:00:00-05:00,2018-12-06 15:15:00-05:00,1.13499,1.14103,1.14103,1.1229099999999999,nan,nan,nan,,nan,,0,0,1.13796,1.13192,0.006040000000000045,-605.5000000000045,loss,reverse_fade+stop,1,1,1,2018-12-04 06:00:00-05:00
2018-12-03,short,2018-12-05 05:00:00-05:00,2018-12-05 11:00:00-05:00,1.13186,1.13488,1.1379000000000001,1.11978,1.133672,1.13488,1.133672,2018-12-05 07:30:00-05:00,1.13488,2018-12-05 11:00:00-05:00,2,1,1.13796,1.13192,0.006040000000000045,-668.8999999999872,loss,dd_cut+flat_at_50,2,3,0,
2018-12-03,long,2018-12-05 11:00:00-05:00,2018-12-07 21:45:00-05:00,1.13488,1.13758,1.12884,1.1469600000000002,nan,nan,nan,,nan,,0,0,1.13796,1.13192,0.006040000000000045,268.4999999999925,win,reverse_fade+week_end,2,1,1,2018-12-05 05:00:00-05:00
2018-12-10,short,2018-12-11 15:00:00-05:00,2018-12-12 18:00:00-05:00,1.13375,1.13836,1.14297,1.11531,1.136516,1.13836,1.136516,2018-12-12 14:30:00-05:00,1.13836,2018-12-12 18:00:00-05:00,2,1,1.14426,1.13504,0.009220000000000006,-1018.7000000000096,loss,dd_cut+flat_at_50,1,3,0,
2018-12-10,long,2018-12-12 18:00:00-05:00,2018-12-14 08:45:00-05:00,1.13836,1.12914,1.12914,1.1568,nan,nan,nan,,nan,,0,0,1.14426,1.13504,0.009220000000000006,-923.5000000000006,loss,reverse_fade+stop,1,1,1,2018-12-11 15:00:00-05:00
2018-12-10,short,2018-12-13 13:30:00-05:00,2018-12-14 21:45:00-05:00,1.13458,1.13045,1.1438,1.11614,1.137346,1.13919,nan,,nan,,0,0,1.14426,1.13504,0.009220000000000006,1234.49999999999,win,week_end,2,3,0,
2018-12-17,long,2018-12-18 01:30:00-05:00,2018-12-20 09:15:00-05:00,1.13586,1.1468599999999998,1.1303600000000003,1.1468599999999998,1.1342100000000002,1.1331100000000003,1.1342100000000002,2018-12-18 05:15:00-05:00,nan,,2,0,1.13577,1.13027,0.005499999999999838,765.4999999999818,win,dd_cut+target,1,3,0,
2018-12-17,long,2018-12-20 09:30:00-05:00,2018-12-20 15:00:00-05:00,1.14686,1.14411,1.1413600000000002,1.1578599999999997,1.14521,1.14411,1.14521,2018-12-20 12:45:00-05:00,1.14411,2018-12-20 15:00:00-05:00,2,1,1.13577,1.13027,0.005499999999999838,-609.4999999999889,loss,dd_cut+flat_at_50,2,3,0,
2018-12-17,short,2018-12-20 15:00:00-05:00,2018-12-21 21:45:00-05:00,1.14411,1.13684,1.1496099999999998,1.1331100000000003,nan,nan,nan,,nan,,0,0,1.13577,1.13027,0.005499999999999838,725.4999999999887,win,reverse_fade+week_end,2,1,1,2018-12-20 09:30:00-05:00
2018-12-24,short,2018-12-26 17:45:00-05:00,2018-12-27 04:30:00-05:00,1.13556,1.138955,1.14235,1.1219799999999998,1.137597,1.138955,1.137597,2018-12-27 01:45:00-05:00,1.138955,2018-12-27 04:30:00-05:00,2,1,1.14384,1.13705,0.006790000000000074,-751.4000000000169,loss,dd_cut+flat_at_50,1,3,0,
2018-12-24,long,2018-12-27 04:30:00-05:00,2018-12-28 21:45:00-05:00,1.138955,1.14414,1.1321649999999999,1.152535,nan,nan,nan,,nan,,0,0,1.14384,1.13705,0.006790000000000074,516.9999999999995,win,reverse_fade+week_end,1,1,1,2018-12-26 17:45:00-05:00
2018-12-24,short,2018-12-27 12:45:00-05:00,2018-12-27 13:45:00-05:00,1.13678,1.140175,1.14357,1.1231999999999998,1.138817,1.140175,1.138817,2018-12-27 13:30:00-05:00,1.140175,2018-12-27 13:45:00-05:00,2,1,1.14384,1.13705,0.006790000000000074,-751.4000000000169,loss,dd_cut+flat_at_50,2,3,0,
2018-12-24,long,2018-12-27 13:45:00-05:00,2018-12-28 21:45:00-05:00,1.140175,1.14414,1.1333849999999999,1.153755,nan,nan,nan,,nan,,0,0,1.14384,1.13705,0.006790000000000074,394.99999999999966,win,reverse_fade+week_end,2,1,1,2018-12-27 12:45:00-05:00
2018-12-31,long,2019-01-02 05:30:00-05:00,2019-01-02 08:30:00-05:00,1.14693,1.144625,1.14232,1.15615,1.145547,1.144625,1.145547,2019-01-02 08:15:00-05:00,1.144625,2019-01-02 08:30:00-05:00,2,1,1.14674,1.14213,0.004610000000000003,-511.5999999999825,loss,dd_cut+flat_at_50,1,3,0,
2018-12-31,short,2019-01-02 08:30:00-05:00,2019-01-02 15:15:00-05:00,1.144625,1.135405,1.149235,1.135405,nan,nan,nan,,nan,,0,0,1.14674,1.14213,0.004610000000000003,920.5000000000006,win,reverse_fade+target,1,1,1,2019-01-02 05:30:00-05:00
2018-12-31,short,2019-01-02 12:15:00-05:00,2019-01-02 22:45:00-05:00,1.14031,1.13109,1.14492,1.13109,1.1416929999999998,1.142615,nan,,nan,,0,0,1.14674,1.14213,0.004610000000000003,2761.500000000002,win,target,2,3,0,
2019-01-07,long,2019-01-08 00:00:00-05:00,2019-01-08 02:00:00-05:00,1.14836,1.14446,1.14056,1.16396,1.14602,1.14446,1.14602,2019-01-08 01:15:00-05:00,1.14446,2019-01-08 02:00:00-05:00,2,1,1.14826,1.14046,0.007800000000000029,-862.5000000000032,loss,dd_cut+flat_at_50,1,3,0,
2019-01-07,short,2019-01-08 02:00:00-05:00,2019-01-09 14:45:00-05:00,1.14446,1.15226,1.15226,1.12886,nan,nan,nan,,nan,,0,0,1.14826,1.14046,0.007800000000000029,-781.500000000003,loss,reverse_fade+stop,1,1,1,2019-01-08 00:00:00-05:00
2019-01-07,long,2019-01-09 14:30:00-05:00,2019-01-11 14:45:00-05:00,1.15096,1.14706,1.14316,1.16656,1.14862,1.14706,1.14862,2019-01-10 18:15:00-05:00,1.14706,2019-01-11 14:45:00-05:00,2,1,1.14826,1.14046,0.007800000000000029,-862.5000000000032,loss,dd_cut+flat_at_50,2,3,0,
2019-01-07,short,2019-01-11 14:45:00-05:00,2019-01-11 21:45:00-05:00,1.14706,1.14656,1.15486,1.13146,nan,nan,nan,,nan,,0,0,1.14826,1.14046,0.007800000000000029,48.49999999999449,win,reverse_fade+week_end,2,1,1,2019-01-09 14:30:00-05:00
2019-01-14,long,2019-01-15 01:15:00-05:00,2019-01-15 08:00:00-05:00,1.14826,1.14669,1.14512,1.1545400000000003,1.147318,1.14669,1.147318,2019-01-15 06:30:00-05:00,1.14669,2019-01-15 08:00:00-05:00,2,1,1.1482,1.14506,0.0031400000000001427,-349.9000000000068,loss,dd_cut+flat_at_50,1,3,0,
2019-01-14,short,2019-01-15 08:00:00-05:00,2019-01-15 16:00:00-05:00,1.14669,1.1404099999999997,1.1498300000000001,1.1404099999999997,nan,nan,nan,,nan,,0,0,1.1482,1.14506,0.0031400000000001427,626.5000000000285,win,reverse_fade+target,1,1,1,2019-01-15 01:15:00-05:00
2019-01-14,short,2019-01-15 09:00:00-05:00,2019-01-15 14:45:00-05:00,1.14345,1.1450200000000001,1.1465900000000002,1.1371699999999998,1.144392,1.1450200000000001,1.144392,2019-01-15 14:00:00-05:00,1.1450200000000001,2019-01-15 14:45:00-05:00,2,1,1.1482,1.14506,0.0031400000000001427,-349.9000000000068,loss,dd_cut+flat_at_50,2,3,0,
2019-01-14,long,2019-01-15 14:45:00-05:00,2019-01-15 16:00:00-05:00,1.1450200000000001,1.14188,1.14188,1.1513000000000004,nan,nan,nan,,nan,,0,0,1.1482,1.14506,0.0031400000000001427,-315.50000000001427,loss,reverse_fade+stop,2,1,1,2019-01-15 09:00:00-05:00
2019-01-21,short,2019-01-22 05:15:00-05:00,2019-01-22 18:00:00-05:00,1.13561,1.1373250000000001,1.13904,1.12875,1.136639,1.1373250000000001,1.136639,2019-01-22 10:00:00-05:00,1.1373250000000001,2019-01-22 18:00:00-05:00,2,1,1.1391,1.13567,0.003430000000000044,-381.8000000000026,loss,dd_cut+flat_at_50,1,3,0,
2019-01-21,long,2019-01-22 18:00:00-05:00,2019-01-24 10:30:00-05:00,1.1373250000000001,1.133895,1.133895,1.1441850000000002,nan,nan,nan,,nan,,0,0,1.1391,1.13567,0.003430000000000044,-344.50000000000443,loss,reverse_fade+stop,1,1,1,2019-01-22 05:15:00-05:00
2019-01-21,short,2019-01-22 20:45:00-05:00,2019-01-23 06:15:00-05:00,1.13521,1.1369250000000002,1.13864,1.12835,1.136239,1.1369250000000002,1.136239,2019-01-22 21:45:00-05:00,1.1369250000000002,2019-01-23 06:15:00-05:00,2,1,1.1391,1.13567,0.003430000000000044,-381.8000000000026,loss,dd_cut+flat_at_50,2,3,0,
2019-01-21,long,2019-01-23 06:15:00-05:00,2019-01-24 11:00:00-05:00,1.1369250000000002,1.1334950000000001,1.1334950000000001,1.1437850000000003,nan,nan,nan,,nan,,0,0,1.1391,1.13567,0.003430000000000044,-344.50000000000443,loss,reverse_fade+stop,2,1,1,2019-01-22 20:45:00-05:00
2019-01-28,long,2019-01-29 08:15:00-05:00,2019-01-29 13:00:00-05:00,1.14464,1.14196,1.13928,1.1553600000000002,1.143032,1.14196,1.143032,2019-01-29 12:15:00-05:00,1.14196,2019-01-29 13:00:00-05:00,2,1,1.14436,1.139,0.005360000000000031,-594.1000000000124,loss,dd_cut+flat_at_50,1,3,0,
2019-01-28,short,2019-01-29 13:00:00-05:00,2019-01-30 19:00:00-05:00,1.14196,1.1473200000000001,1.1473200000000001,1.13124,nan,nan,nan,,nan,,0,0,1.14436,1.139,0.005360000000000031,-537.5000000000032,loss,reverse_fade+stop,1,1,1,2019-01-29 08:15:00-05:00
2019-01-28,long,2019-01-30 05:45:00-05:00,2019-01-30 14:00:00-05:00,1.14447,1.14179,1.13911,1.1551900000000002,1.142862,1.14179,1.142862,2019-01-30 07:00:00-05:00,1.14179,2019-01-30 14:00:00-05:00,2,1,1.14436,1.139,0.005360000000000031,-594.1000000000124,loss,dd_cut+flat_at_50,2,3,0,
2019-01-28,short,2019-01-30 14:00:00-05:00,2019-01-30 19:00:00-05:00,1.14179,1.1471500000000001,1.1471500000000001,1.13107,nan,nan,nan,,nan,,0,0,1.14436,1.139,0.005360000000000031,-537.5000000000032,loss,reverse_fade+stop,2,1,1,2019-01-30 05:45:00-05:00
2019-02-04,short,2019-02-05 07:30:00-05:00,2019-02-07 08:00:00-05:00,1.14233,1.1351499999999997,1.1459200000000003,1.1351499999999997,1.143407,1.1441250000000003,nan,,nan,,0,0,1.14603,1.14244,0.003590000000000204,2149.5000000001223,win,target,1,3,0,
2019-02-04,short,2019-02-07 08:15:00-05:00,2019-02-08 21:45:00-05:00,1.13513,1.13207,1.1387200000000002,1.1279499999999996,1.136207,1.1369250000000002,nan,,nan,,0,0,1.14603,1.14244,0.003590000000000204,913.5000000000188,win,week_end,2,3,0,
2019-02-11,short,2019-02-12 08:30:00-05:00,2019-02-12 12:30:00-05:00,1.12623,1.1293600000000001,1.1324900000000002,1.1137099999999998,1.128108,1.1293600000000001,1.128108,2019-02-12 10:30:00-05:00,1.1293600000000001,2019-02-12 12:30:00-05:00,2,1,1.13298,1.12672,0.006260000000000154,-693.100000000017,loss,dd_cut+flat_at_50,1,3,0,
2019-02-11,long,2019-02-12 12:30:00-05:00,2019-02-15 21:45:00-05:00,1.1293600000000001,1.12925,1.1231,1.1418800000000005,nan,nan,nan,,nan,,0,0,1.13298,1.12672,0.006260000000000154,-12.50000000000545,loss,reverse_fade+week_end,1,1,1,2019-02-12 08:30:00-05:00
2019-02-11,long,2019-02-12 18:00:00-05:00,2019-02-13 12:45:00-05:00,1.13395,1.13082,1.1276899999999999,1.1464700000000003,1.132072,1.13082,1.132072,2019-02-13 07:45:00-05:00,1.13082,2019-02-13 12:45:00-05:00,2,1,1.13298,1.12672,0.006260000000000154,-693.100000000017,loss,dd_cut+flat_at_50,2,3,0,
2019-02-11,short,2019-02-13 12:45:00-05:00,2019-02-15 21:45:00-05:00,1.13082,1.12925,1.13708,1.1182999999999996,nan,nan,nan,,nan,,0,0,1.13298,1.12672,0.006260000000000154,155.49999999998494,win,reverse_fade+week_end,2,1,1,2019-02-12 18:00:00-05:00
2019-02-18,short,2019-02-19 11:15:00-05:00,2019-02-19 14:00:00-05:00,1.12843,1.130435,1.1324400000000001,1.12041,1.129633,1.130435,1.129633,2019-02-19 13:30:00-05:00,1.130435,2019-02-19 14:00:00-05:00,2,1,1.13338,1.12937,0.004010000000000069,-445.6000000000165,loss,dd_cut+flat_at_50,1,3,0,
2019-02-18,long,2019-02-19 14:00:00-05:00,2019-02-22 21:45:00-05:00,1.130435,1.13319,1.126425,1.1384550000000002,nan,nan,nan,,nan,,0,0,1.13338,1.12937,0.004010000000000069,273.9999999999841,win,reverse_fade+week_end,1,1,1,2019-02-19 11:15:00-05:00
2019-02-18,long,2019-02-19 16:00:00-05:00,2019-02-22 21:45:00-05:00,1.13355,1.13319,1.12954,1.1415700000000002,1.132347,1.131545,1.132347,2019-02-19 17:00:00-05:00,nan,,2,0,1.13338,1.12937,0.004010000000000069,-281.10000000002685,loss,dd_cut+week_end,2,3,0,
2019-02-25,long,2019-02-26 13:45:00-05:00,2019-02-26 15:00:00-05:00,1.13722,1.1356799999999998,1.13414,1.1433799999999998,1.136296,1.1356799999999998,1.136296,2019-02-26 14:00:00-05:00,1.1356799999999998,2019-02-26 15:00:00-05:00,2,1,1.13675,1.13367,0.0030799999999999716,-343.29999999999467,loss,dd_cut+flat_at_50,1,3,0,
2019-02-25,short,2019-02-26 15:00:00-05:00,2019-02-26 19:15:00-05:00,1.1356799999999998,1.1387599999999998,1.1387599999999998,1.1295199999999999,nan,nan,nan,,nan,,0,0,1.13675,1.13367,0.0030799999999999716,-309.49999999999716,loss,reverse_fade+stop,1,1,1,2019-02-26 13:45:00-05:00
2019-02-25,long,2019-02-26 16:00:00-05:00,2019-02-28 15:30:00-05:00,1.13753,1.13599,1.13445,1.1436899999999999,1.136606,1.13599,1.136606,2019-02-26 16:15:00-05:00,1.13599,2019-02-28 15:30:00-05:00,2,1,1.13675,1.13367,0.0030799999999999716,-343.29999999997244,loss,dd_cut+flat_at_50,2,3,0,
2019-02-25,short,2019-02-28 15:30:00-05:00,2019-02-28 16:15:00-05:00,1.13599,1.13907,1.13907,1.1298300000000001,nan,nan,nan,,nan,,0,0,1.13675,1.13367,0.0030799999999999716,-309.49999999999716,loss,reverse_fade+stop,2,1,1,2019-02-26 16:00:00-05:00
2019-03-04,short,2019-03-05 15:00:00-05:00,2019-03-07 19:45:00-05:00,1.13089,1.11769,1.13749,1.11769,1.13287,1.1341899999999998,nan,,nan,,0,0,1.1375,1.1309,0.006599999999999939,3955.4999999999636,win,target,1,3,0,
2019-03-04,short,2019-03-07 20:00:00-05:00,2019-03-08 11:15:00-05:00,1.11867,1.1219700000000001,1.12527,1.1054700000000002,1.12065,1.1219700000000001,1.12065,2019-03-08 06:45:00-05:00,1.1219700000000001,2019-03-08 11:15:00-05:00,2,1,1.1375,1.1309,0.006599999999999939,-730.4999999999823,loss,dd_cut+flat_at_50,2,3,0,
2019-03-04,long,2019-03-08 11:15:00-05:00,2019-03-08 21:45:00-05:00,1.1219700000000001,1.12311,1.1153700000000002,1.13517,nan,nan,nan,,nan,,0,0,1.1375,1.1309,0.006599999999999939,112.49999999999189,win,reverse_fade+week_end,2,1,1,2019-03-07 20:00:00-05:00
2019-03-11,long,2019-03-12 08:45:00-04:00,2019-03-12 11:15:00-04:00,1.12823,1.1256249999999999,1.12302,1.1386500000000004,1.126667,1.1256249999999999,1.126667,2019-03-12 11:00:00-04:00,1.1256249999999999,2019-03-12 11:15:00-04:00,2,1,1.12738,1.12217,0.005210000000000159,-577.6000000000153,loss,dd_cut+flat_at_50,1,3,0,
2019-03-11,short,2019-03-12 11:15:00-04:00,2019-03-13 13:45:00-04:00,1.1256249999999999,1.130835,1.130835,1.1152049999999996,nan,nan,nan,,nan,,0,0,1.12738,1.12217,0.005210000000000159,-522.5000000000159,loss,reverse_fade+stop,1,1,1,2019-03-12 08:45:00-04:00
2019-03-11,long,2019-03-12 12:30:00-04:00,2019-03-15 20:45:00-04:00,1.12761,1.1324,1.1223999999999998,1.1380300000000003,1.126047,1.1250049999999998,nan,,nan,,0,0,1.12738,1.12217,0.005210000000000159,1432.5000000000216,win,week_end,2,3,0,
2019-03-18,long,2019-03-19 11:00:00-04:00,2019-03-19 14:30:00-04:00,1.13597,1.133985,1.132,1.14391,1.134779,1.133985,1.134779,2019-03-19 12:45:00-04:00,1.133985,2019-03-19 14:30:00-04:00,2,1,1.13589,1.13192,0.003970000000000029,-441.1999999999788,loss,dd_cut+flat_at_50,1,3,0,
2019-03-18,short,2019-03-19 14:30:00-04:00,2019-03-20 18:00:00-04:00,1.133985,1.137955,1.137955,1.126045,nan,nan,nan,,nan,,0,0,1.13589,1.13192,0.003970000000000029,-398.5000000000029,loss,reverse_fade+stop,1,1,1,2019-03-19 11:00:00-04:00
2019-03-18,long,2019-03-20 12:00:00-04:00,2019-03-20 18:30:00-04:00,1.13612,1.14406,1.13215,1.14406,1.134929,1.1341350000000001,1.134929,2019-03-20 15:45:00-04:00,nan,,2,0,1.13589,1.13192,0.003970000000000029,551.3000000000173,win,dd_cut+target,2,3,0,
2019-03-25,short,2019-03-26 12:45:00-04:00,2019-03-29 20:45:00-04:00,1.12876,1.12179,1.13301,1.1202599999999998,1.130035,1.1308850000000001,nan,,nan,,0,0,1.13314,1.12889,0.004250000000000087,2086.4999999999764,win,week_end,1,3,0,
2019-04-01,short,2019-04-02 04:15:00-04:00,2019-04-03 01:45:00-04:00,1.11961,1.1221800000000002,1.1247500000000001,1.1093299999999997,1.121152,1.1221800000000002,1.121152,2019-04-02 12:30:00-04:00,1.1221800000000002,2019-04-03 01:45:00-04:00,2,1,1.12498,1.11984,0.0051400000000001445,-569.9000000000048,loss,dd_cut+flat_at_50,1,3,0,
2019-04-01,long,2019-04-03 01:45:00-04:00,2019-04-05 20:45:00-04:00,1.1221800000000002,1.12142,1.11704,1.1324600000000005,nan,nan,nan,,nan,,0,0,1.12498,1.11984,0.0051400000000001445,-77.5000000000094,loss,reverse_fade+week_end,1,1,1,2019-04-02 04:15:00-04:00
2019-04-01,long,2019-04-03 09:30:00-04:00,2019-04-03 14:15:00-04:00,1.12508,1.1225100000000001,1.11994,1.1353600000000004,1.123538,1.1225100000000001,1.123538,2019-04-03 12:45:00-04:00,1.1225100000000001,2019-04-03 14:15:00-04:00,2,1,1.12498,1.11984,0.0051400000000001445,-569.900000000027,loss,dd_cut+flat_at_50,2,3,0,
2019-04-01,short,2019-04-03 14:15:00-04:00,2019-04-05 20:45:00-04:00,1.1225100000000001,1.12142,1.1276500000000003,1.1122299999999998,nan,nan,nan,,nan,,0,0,1.12498,1.11984,0.0051400000000001445,107.50000000000354,win,reverse_fade+week_end,2,1,1,2019-04-03 09:30:00-04:00
2019-04-08,long,2019-04-09 08:30:00-04:00,2019-04-10 13:00:00-04:00,1.12785,1.12487,1.12189,1.13977,1.1260620000000001,1.12487,1.1260620000000001,2019-04-10 00:30:00-04:00,1.12487,2019-04-10 13:00:00-04:00,2,1,1.12744,1.12148,0.005959999999999965,-660.0999999999784,loss,dd_cut+flat_at_50,1,3,0,
2019-04-08,short,2019-04-10 13:00:00-04:00,2019-04-12 08:30:00-04:00,1.12487,1.13083,1.13083,1.11295,nan,nan,nan,,nan,,0,0,1.12744,1.12148,0.005959999999999965,-597.4999999999966,loss,reverse_fade+stop,1,1,1,2019-04-09 08:30:00-04:00
2019-04-08,long,2019-04-10 16:45:00-04:00,2019-04-12 20:45:00-04:00,1.12754,1.12976,1.12158,1.13946,1.125752,1.12456,1.125752,2019-04-11 12:30:00-04:00,nan,,2,0,1.12744,1.12148,0.005959999999999965,-140.09999999996904,loss,dd_cut+week_end,2,3,0,
2019-04-15,short,2019-04-16 13:00:00-04:00,2019-04-17 05:30:00-04:00,1.12968,1.1308500000000001,1.13202,1.125,1.130382,1.1308500000000001,1.130382,2019-04-16 14:30:00-04:00,1.1308500000000001,2019-04-17 05:30:00-04:00,2,1,1.13209,1.12975,0.0023400000000000087,-261.9000000000076,loss,dd_cut+flat_at_50,1,3,0,
2019-04-15,long,2019-04-17 05:30:00-04:00,2019-04-18 07:30:00-04:00,1.1308500000000001,1.1285100000000001,1.1285100000000001,1.1355300000000002,nan,nan,nan,,nan,,0,0,1.13209,1.12975,0.0023400000000000087,-235.50000000000088,loss,reverse_fade+stop,1,1,1,2019-04-16 13:00:00-04:00
2019-04-15,short,2019-04-17 14:00:00-04:00,2019-04-17 14:45:00-04:00,1.12925,1.13042,1.13159,1.12457,1.129952,1.13042,1.129952,2019-04-17 14:30:00-04:00,1.13042,2019-04-17 14:45:00-04:00,2,1,1.13209,1.12975,0.0023400000000000087,-261.8999999999854,loss,dd_cut+flat_at_50,2,3,0,
2019-04-15,long,2019-04-17 14:45:00-04:00,2019-04-18 07:30:00-04:00,1.13042,1.12808,1.12808,1.1351,nan,nan,nan,,nan,,0,0,1.13209,1.12975,0.0023400000000000087,-235.50000000000088,loss,reverse_fade+stop,2,1,1,2019-04-17 14:00:00-04:00
2019-04-22,short,2019-04-23 12:30:00-04:00,2019-04-24 16:15:00-04:00,1.1232,1.1179399999999997,1.12583,1.1179399999999997,1.123989,1.1245150000000002,nan,,nan,,0,0,1.1262,1.12357,0.0026300000000001322,1573.5000000000796,win,target,1,3,0,
2019-04-22,short,2019-04-24 16:30:00-04:00,2019-04-26 20:45:00-04:00,1.11624,1.11429,1.11887,1.1109799999999996,1.117029,1.1175549999999999,1.117029,2019-04-26 14:15:00-04:00,nan,,2,0,1.1262,1.12357,0.0026300000000001322,32.69999999995949,win,dd_cut+week_end,2,3,0,
2019-04-29,long,2019-04-30 00:45:00-04:00,2019-05-03 04:30:00-04:00,1.11897,1.116875,1.11478,1.1273499999999999,1.117713,1.116875,1.117713,2019-04-30 05:45:00-04:00,1.116875,2019-05-03 04:30:00-04:00,2,1,1.11869,1.1145,0.004189999999999916,-465.4000000000085,loss,dd_cut+flat_at_50,1,3,0,
2019-04-29,short,2019-05-03 04:30:00-04:00,2019-05-03 20:45:00-04:00,1.116875,1.12007,1.121065,1.1084950000000002,nan,nan,nan,,nan,,0,0,1.11869,1.1145,0.004189999999999916,-320.9999999999837,loss,reverse_fade+week_end,1,1,1,2019-04-30 00:45:00-04:00
2019-04-29,long,2019-05-03 14:45:00-04:00,2019-05-03 20:45:00-04:00,1.1187,1.12007,1.1145100000000001,1.1270799999999999,1.117443,1.116605,nan,,nan,,0,0,1.11869,1.1145,0.004189999999999916,406.49999999996135,win,week_end,2,3,0,
2019-05-06,long,2019-05-07 04:30:00-04:00,2019-05-07 07:45:00-04:00,1.12125,1.1197400000000002,1.11823,1.1272900000000001,1.120344,1.1197400000000002,1.120344,2019-05-07 07:45:00-04:00,1.1197400000000002,2019-05-07 07:45:00-04:00,2,1,1.12092,1.1179,0.0030200000000000227,-336.7000000000047,loss,dd_cut+flat_at_50,1,3,0,
2019-05-06,short,2019-05-07 07:45:00-04:00,2019-05-09 13:45:00-04:00,1.1197400000000002,1.1227600000000002,1.1227600000000002,1.1137000000000001,nan,nan,nan,,nan,,0,0,1.12092,1.1179,0.0030200000000000227,-303.5000000000023,loss,reverse_fade+stop,1,1,1,2019-05-07 04:30:00-04:00
2019-05-06,short,2019-05-07 13:00:00-04:00,2019-05-07 21:45:00-04:00,1.11788,1.11939,1.1209,1.11184,1.118786,1.11939,1.118786,2019-05-07 14:00:00-04:00,1.11939,2019-05-07 21:45:00-04:00,2,1,1.12092,1.1179,0.0030200000000000227,-336.7000000000269,loss,dd_cut+flat_at_50,2,3,0,
2019-05-06,long,2019-05-07 21:45:00-04:00,2019-05-10 20:45:00-04:00,1.11939,1.12329,1.11637,1.1254300000000002,nan,nan,nan,,nan,,0,0,1.12092,1.1179,0.0030200000000000227,388.49999999997925,win,reverse_fade+week_end,2,1,1,2019-05-07 13:00:00-04:00
2019-05-13,short,2019-05-14 12:15:00-04:00,2019-05-17 20:45:00-04:00,1.12147,1.11563,1.12591,1.11259,1.122802,1.1236899999999999,nan,,nan,,0,0,1.12635,1.12191,0.0044399999999999995,1747.50000000002,win,week_end,1,3,0,
2019-05-20,short,2019-05-21 06:15:00-04:00,2019-05-21 12:00:00-04:00,1.11484,1.11605,1.1172600000000001,1.1099999999999999,1.115566,1.11605,1.115566,2019-05-21 07:45:00-04:00,1.11605,2019-05-21 12:00:00-04:00,2,1,1.11748,1.11506,0.0024200000000000887,-270.69999999999425,loss,dd_cut+flat_at_50,1,3,0,
2019-05-20,long,2019-05-21 12:00:00-04:00,2019-05-23 07:00:00-04:00,1.11605,1.11363,1.11363,1.1208900000000002,nan,nan,nan,,nan,,0,0,1.11748,1.11506,0.0024200000000000887,-243.50000000000887,loss,reverse_fade+stop,1,1,1,2019-05-21 06:15:00-04:00
2019-05-20,short,2019-05-21 13:30:00-04:00,2019-05-21 14:45:00-04:00,1.11499,1.1162,1.11741,1.1101499999999997,1.115716,1.1162,1.115716,2019-05-21 14:45:00-04:00,1.1162,2019-05-21 14:45:00-04:00,2,1,1.11748,1.11506,0.0024200000000000887,-270.7000000000164,loss,dd_cut+flat_at_50,2,3,0,
2019-05-20,long,2019-05-21 14:45:00-04:00,2019-05-23 07:00:00-04:00,1.1162,1.11378,1.11378,1.1210400000000003,nan,nan,nan,,nan,,0,0,1.11748,1.11506,0.0024200000000000887,-243.50000000000887,loss,reverse_fade+stop,2,1,1,2019-05-21 13:30:00-04:00
2019-05-27,short,2019-05-28 01:15:00-04:00,2019-05-28 08:45:00-04:00,1.11864,1.1192700000000002,1.1199000000000001,1.11612,1.119018,1.1192700000000002,1.119018,2019-05-28 08:30:00-04:00,1.1192700000000002,2019-05-28 08:45:00-04:00,2,1,1.11995,1.11869,0.0012600000000000389,-143.10000000001094,loss,dd_cut+flat_at_50,1,3,0,
2019-05-27,long,2019-05-28 08:45:00-04:00,2019-05-28 14:45:00-04:00,1.1192700000000002,1.1180100000000002,1.1180100000000002,1.1217900000000003,nan,nan,nan,,nan,,0,0,1.11995,1.11869,0.0012600000000000389,-127.5000000000039,loss,reverse_fade+stop,1,1,1,2019-05-28 01:15:00-04:00
2019-05-27,short,2019-05-28 10:00:00-04:00,2019-05-28 11:45:00-04:00,1.1184,1.11903,1.11966,1.11588,1.118778,1.11903,1.118778,2019-05-28 10:45:00-04:00,1.11903,2019-05-28 11:45:00-04:00,2,1,1.11995,1.11869,0.0012600000000000389,-143.09999999998874,loss,dd_cut+flat_at_50,2,3,0,
2019-05-27,long,2019-05-28 11:45:00-04:00,2019-05-28 14:45:00-04:00,1.11903,1.11777,1.11777,1.12155,nan,nan,nan,,nan,,0,0,1.11995,1.11869,0.0012600000000000389,-127.5000000000039,loss,reverse_fade+stop,2,1,1,2019-05-28 10:00:00-04:00
2019-06-03,long,2019-06-04 06:45:00-04:00,2019-06-06 11:45:00-04:00,1.12642,1.12133,1.11624,1.1467800000000001,1.1233659999999999,1.12133,1.1233659999999999,2019-06-04 12:15:00-04:00,1.12133,2019-06-06 11:45:00-04:00,2,1,1.12619,1.11601,0.010180000000000078,-1124.3000000000263,loss,dd_cut+flat_at_50,1,3,0,
2019-06-03,short,2019-06-06 11:45:00-04:00,2019-06-07 12:30:00-04:00,1.12133,1.13151,1.13151,1.1009699999999998,nan,nan,nan,,nan,,0,0,1.12619,1.11601,0.010180000000000078,-1019.5000000000077,loss,reverse_fade+stop,1,1,1,2019-06-04 06:45:00-04:00
2019-06-03,long,2019-06-06 12:00:00-04:00,2019-06-07 20:45:00-04:00,1.12657,1.13334,1.11639,1.1469300000000002,1.123516,1.12148,nan,,nan,,0,0,1.12619,1.11601,0.010180000000000078,2026.499999999983,win,week_end,2,3,0,
2019-06-10,long,2019-06-11 07:15:00-04:00,2019-06-11 08:45:00-04:00,1.13292,1.1312149999999999,1.1295099999999998,1.1397400000000002,1.131897,1.1312149999999999,1.131897,2019-06-11 07:45:00-04:00,1.1312149999999999,2019-06-11 08:45:00-04:00,2,1,1.13243,1.12902,0.003410000000000135,-379.600000000006,loss,dd_cut+flat_at_50,1,3,0,
2019-06-10,short,2019-06-11 08:45:00-04:00,2019-06-14 12:30:00-04:00,1.1312149999999999,1.1243949999999996,1.134625,1.1243949999999996,nan,nan,nan,,nan,,0,0,1.13243,1.12902,0.003410000000000135,680.5000000000271,win,reverse_fade+target,1,1,1,2019-06-11 07:15:00-04:00
2019-06-10,long,2019-06-11 16:15:00-04:00,2019-06-12 13:45:00-04:00,1.13247,1.130765,1.12906,1.1392900000000004,1.131447,1.130765,1.131447,2019-06-12 10:45:00-04:00,1.130765,2019-06-12 13:45:00-04:00,2,1,1.13243,1.12902,0.003410000000000135,-379.600000000006,loss,dd_cut+flat_at_50,2,3,0,
2019-06-10,short,2019-06-12 13:45:00-04:00,2019-06-14 12:45:00-04:00,1.130765,1.1239449999999997,1.1341750000000002,1.1239449999999997,nan,nan,nan,,nan,,0,0,1.13243,1.12902,0.003410000000000135,680.5000000000271,win,reverse_fade+target,2,1,1,2019-06-11 16:15:00-04:00
2019-06-17,short,2019-06-18 08:00:00-04:00,2019-06-19 15:00:00-04:00,1.11963,1.1217949999999999,1.1239599999999998,1.11097,1.1209289999999998,1.1217949999999999,1.1209289999999998,2019-06-18 10:45:00-04:00,1.1217949999999999,2019-06-19 15:00:00-04:00,2,1,1.1247,1.12037,0.004329999999999945,-480.79999999998506,loss,dd_cut+flat_at_50,1,3,0,
2019-06-17,long,2019-06-19 15:00:00-04:00,2019-06-20 09:45:00-04:00,1.1217949999999999,1.1304549999999998,1.117465,1.1304549999999998,nan,nan,nan,,nan,,0,0,1.1247,1.12037,0.004329999999999945,864.499999999989,win,reverse_fade+target,1,1,1,2019-06-18 08:00:00-04:00
2019-06-17,long,2019-06-20 00:15:00-04:00,2019-06-21 16:00:00-04:00,1.12497,1.13363,1.12064,1.13363,1.123671,1.122805,nan,,nan,,0,0,1.1247,1.12037,0.004329999999999945,2593.499999999967,win,target,2,3,0,
2019-06-24,long,2019-06-25 00:15:00-04:00,2019-06-25 07:30:00-04:00,1.14048,1.13891,1.13734,1.1467599999999998,1.139538,1.13891,1.139538,2019-06-25 05:45:00-04:00,1.13891,2019-06-25 07:30:00-04:00,2,1,1.14039,1.13725,0.0031399999999999206,-349.89999999998463,loss,dd_cut+flat_at_50,1,3,0,
2019-06-24,short,2019-06-25 07:30:00-04:00,2019-06-28 20:45:00-04:00,1.13891,1.13681,1.14205,1.1326300000000002,nan,nan,nan,,nan,,0,0,1.14039,1.13725,0.0031399999999999206,208.4999999999991,win,reverse_fade+week_end,1,1,1,2019-06-25 00:15:00-04:00
2019-06-24,short,2019-06-25 16:30:00-04:00,2019-06-25 17:30:00-04:00,1.13641,1.1379799999999998,1.1395499999999998,1.13013,1.137352,1.1379799999999998,1.137352,2019-06-25 17:30:00-04:00,1.1379799999999998,2019-06-25 17:30:00-04:00,2,1,1.14039,1.13725,0.0031399999999999206,-349.89999999998463,loss,dd_cut+flat_at_50,2,3,0,
2019-06-24,long,2019-06-25 17:30:00-04:00,2019-06-26 13:30:00-04:00,1.1379799999999998,1.1348399999999998,1.1348399999999998,1.1442599999999996,nan,nan,nan,,nan,,0,0,1.14039,1.13725,0.0031399999999999206,-315.49999999999204,loss,reverse_fade+stop,2,1,1,2019-06-25 16:30:00-04:00
2019-07-01,short,2019-07-02 02:30:00-04:00,2019-07-02 09:45:00-04:00,1.12767,1.131865,1.13606,1.1108899999999997,1.130187,1.131865,1.130187,2019-07-02 09:45:00-04:00,1.131865,2019-07-02 09:45:00-04:00,2,1,1.1364,1.12801,0.00839000000000012,-927.4000000000153,loss,dd_cut+flat_at_50,1,3,0,
2019-07-01,long,2019-07-02 09:45:00-04:00,2019-07-05 12:30:00-04:00,1.131865,1.1234749999999998,1.1234749999999998,1.1486450000000001,nan,nan,nan,,nan,,0,0,1.1364,1.12801,0.00839000000000012,-840.5000000000119,loss,reverse_fade+stop,1,1,1,2019-07-02 02:30:00-04:00
2019-07-01,short,2019-07-03 07:00:00-04:00,2019-07-03 14:15:00-04:00,1.12692,1.1311149999999999,1.13531,1.1101399999999997,1.129437,1.1311149999999999,1.129437,2019-07-03 10:30:00-04:00,1.1311149999999999,2019-07-03 14:15:00-04:00,2,1,1.1364,1.12801,0.00839000000000012,-927.4000000000153,loss,dd_cut+flat_at_50,2,3,0,
2019-07-01,long,2019-07-03 14:15:00-04:00,2019-07-05 13:15:00-04:00,1.1311149999999999,1.1227249999999998,1.1227249999999998,1.147895,nan,nan,nan,,nan,,0,0,1.1364,1.12801,0.00839000000000012,-840.5000000000119,loss,reverse_fade+stop,2,1,1,2019-07-03 07:00:00-04:00
2019-07-08,short,2019-07-09 08:00:00-04:00,2019-07-10 06:45:00-04:00,1.12032,1.1216949999999999,1.12307,1.11482,1.121145,1.1216949999999999,1.121145,2019-07-09 17:00:00-04:00,1.1216949999999999,2019-07-10 06:45:00-04:00,2,1,1.12344,1.12069,0.00275000000000003,-307.0000000000055,loss,dd_cut+flat_at_50,1,3,0,
2019-07-08,long,2019-07-10 06:45:00-04:00,2019-07-11 02:45:00-04:00,1.1216949999999999,1.127195,1.1189449999999999,1.127195,nan,nan,nan,,nan,,0,0,1.12344,1.12069,0.00275000000000003,548.500000000006,win,reverse_fade+target,1,1,1,2019-07-09 08:00:00-04:00
2019-07-08,long,2019-07-10 12:30:00-04:00,2019-07-12 20:45:00-04:00,1.12451,1.12698,1.1217599999999999,1.13001,1.1236849999999998,1.123135,1.1236849999999998,2019-07-10 14:00:00-04:00,nan,,2,0,1.12344,1.12069,0.00275000000000003,77.50000000000432,win,dd_cut+week_end,2,3,0,
2019-07-15,short,2019-07-16 07:00:00-04:00,2019-07-18 18:30:00-04:00,1.12531,1.12684,1.1283699999999999,1.1191900000000004,1.126228,1.12684,1.126228,2019-07-18 18:30:00-04:00,1.12684,2019-07-18 18:30:00-04:00,2,1,1.12838,1.12532,0.0030599999999998406,-341.099999999998,loss,dd_cut+flat_at_50,1,3,0,
2019-07-15,long,2019-07-18 18:30:00-04:00,2019-07-19 09:45:00-04:00,1.12684,1.1237800000000002,1.1237800000000002,1.1329599999999997,nan,nan,nan,,nan,,0,0,1.12838,1.12532,0.0030599999999998406,-307.4999999999841,loss,reverse_fade+stop,1,1,1,2019-07-16 07:00:00-04:00
2019-07-15,short,2019-07-18 22:15:00-04:00,2019-07-18 23:45:00-04:00,1.12449,1.12602,1.1275499999999998,1.1183700000000003,1.125408,1.12602,1.125408,2019-07-18 22:30:00-04:00,1.12602,2019-07-18 23:45:00-04:00,2,1,1.12838,1.12532,0.0030599999999998406,-341.099999999998,loss,dd_cut+flat_at_50,2,3,0,
2019-07-15,long,2019-07-18 23:45:00-04:00,2019-07-19 12:00:00-04:00,1.12602,1.1229600000000002,1.1229600000000002,1.1321399999999997,nan,nan,nan,,nan,,0,0,1.12838,1.12532,0.0030599999999998406,-307.4999999999841,loss,reverse_fade+stop,2,1,1,2019-07-18 22:15:00-04:00
2019-07-22,short,2019-07-23 01:00:00-04:00,2019-07-23 13:45:00-04:00,1.11961,1.1152900000000001,1.12177,1.1152900000000001,1.120258,1.12069,nan,,nan,,0,0,1.12253,1.12037,0.0021599999999999397,1291.4999999999638,win,target,1,3,0,
2019-07-22,short,2019-07-23 14:00:00-04:00,2019-07-25 11:45:00-04:00,1.11599,1.1116700000000002,1.11815,1.1116700000000002,1.116638,1.11707,nan,,nan,,0,0,1.12253,1.12037,0.0021599999999999397,1291.4999999999638,win,target,2,3,0,
2019-07-29,long,2019-07-30 11:45:00-04:00,2019-07-31 14:15:00-04:00,1.11511,1.1132050000000002,1.1113000000000002,1.1227299999999998,1.1139670000000002,1.1132050000000002,1.1139670000000002,2019-07-30 14:45:00-04:00,1.1132050000000002,2019-07-31 14:15:00-04:00,2,1,1.11509,1.11128,0.003809999999999869,-423.59999999996114,loss,dd_cut+flat_at_50,1,3,0,
2019-07-29,short,2019-07-31 14:15:00-04:00,2019-08-01 00:15:00-04:00,1.1132050000000002,1.1055850000000005,1.117015,1.1055850000000005,nan,nan,nan,,nan,,0,0,1.11509,1.11128,0.003809999999999869,760.4999999999739,win,reverse_fade+target,1,1,1,2019-07-30 11:45:00-04:00
2019-07-29,short,2019-07-31 18:15:00-04:00,2019-08-01 00:45:00-04:00,1.1111,1.1034800000000002,1.1149099999999998,1.1034800000000002,1.1122429999999999,1.1130049999999998,nan,,nan,,0,0,1.11509,1.11128,0.003809999999999869,2281.499999999922,win,target,2,3,0,
2019-08-05,long,2019-08-06 00:00:00-04:00,2019-08-06 13:00:00-04:00,1.12454,1.1175950000000001,1.1106500000000001,1.15232,1.120373,1.1175950000000001,1.120373,2019-08-06 04:00:00-04:00,1.1175950000000001,2019-08-06 13:00:00-04:00,2,1,1.12453,1.11064,0.013889999999999958,-1532.4000000000042,loss,dd_cut+flat_at_50,1,3,0,
2019-08-05,short,2019-08-06 13:00:00-04:00,2019-08-09 20:45:00-04:00,1.1175950000000001,1.11969,1.131485,1.0898150000000002,nan,nan,nan,,nan,,0,0,1.12453,1.11064,0.013889999999999958,-210.9999999999958,loss,reverse_fade+week_end,1,1,1,2019-08-06 00:00:00-04:00
2019-08-12,short,2019-08-14 13:45:00-04:00,2019-08-16 20:45:00-04:00,1.11571,1.10899,1.12258,1.1019700000000001,1.1177709999999998,1.119145,nan,,nan,,0,0,1.12306,1.11619,0.006869999999999932,2011.5000000000177,win,week_end,1,3,0,
2019-08-19,short,2019-08-20 07:15:00-04:00,2019-08-20 15:00:00-04:00,1.10759,1.1094750000000002,1.1113600000000001,1.10005,1.108721,1.1094750000000002,1.108721,2019-08-20 13:45:00-04:00,1.1094750000000002,2019-08-20 15:00:00-04:00,2,1,1.11137,1.1076,0.003770000000000051,-419.20000000001227,loss,dd_cut+flat_at_50,1,3,0,
2019-08-19,long,2019-08-20 15:00:00-04:00,2019-08-23 09:30:00-04:00,1.1094750000000002,1.1057050000000002,1.1057050000000002,1.1170150000000003,nan,nan,nan,,nan,,0,0,1.11137,1.1076,0.003770000000000051,-378.5000000000051,loss,reverse_fade+stop,1,1,1,2019-08-20 07:15:00-04:00
2019-08-19,short,2019-08-22 10:30:00-04:00,2019-08-22 13:45:00-04:00,1.10755,1.109435,1.11132,1.10001,1.108681,1.109435,1.108681,2019-08-22 13:00:00-04:00,1.109435,2019-08-22 13:45:00-04:00,2,1,1.11137,1.1076,0.003770000000000051,-419.19999999999004,loss,dd_cut+flat_at_50,2,3,0,
2019-08-19,long,2019-08-22 13:45:00-04:00,2019-08-23 09:30:00-04:00,1.109435,1.105665,1.105665,1.116975,nan,nan,nan,,nan,,0,0,1.11137,1.1076,0.003770000000000051,-378.5000000000051,loss,reverse_fade+stop,2,1,1,2019-08-22 10:30:00-04:00
2019-08-26,short,2019-08-27 15:00:00-04:00,2019-08-30 17:15:00-04:00,1.10922,1.0974800000000005,1.11509,1.0974800000000005,1.110981,1.112155,nan,,nan,,0,0,1.11529,1.10942,0.00586999999999982,3517.499999999892,win,target,1,3,0,
2019-08-26,short,2019-08-30 17:30:00-04:00,2019-08-30 20:45:00-04:00,1.09639,1.0993249999999999,1.1022599999999998,1.0846500000000003,1.0981509999999999,1.0993249999999999,1.0981509999999999,2019-08-30 19:00:00-04:00,1.0993249999999999,2019-08-30 20:45:00-04:00,2,1,1.11529,1.10942,0.00586999999999982,-650.1999999999714,loss,dd_cut+flat_at_50,2,3,0,
2019-09-02,short,2019-09-03 00:15:00-04:00,2019-09-03 14:00:00-04:00,1.09536,1.0971149999999998,1.0988699999999998,1.08834,1.0964129999999999,1.0971149999999998,1.0964129999999999,2019-09-03 14:00:00-04:00,1.0971149999999998,2019-09-03 14:00:00-04:00,2,1,1.09931,1.0958,0.003509999999999902,-390.5999999999892,loss,dd_cut+flat_at_50,1,3,0,
2019-09-02,long,2019-09-03 14:00:00-04:00,2019-09-05 07:30:00-04:00,1.0971149999999998,1.1041349999999996,1.093605,1.1041349999999996,nan,nan,nan,,nan,,0,0,1.09931,1.0958,0.003509999999999902,700.4999999999804,win,reverse_fade+target,1,1,1,2019-09-03 00:15:00-04:00
2019-09-02,long,2019-09-04 08:45:00-04:00,2019-09-05 13:30:00-04:00,1.10071,1.1077299999999999,1.0972000000000002,1.1077299999999999,1.099657,1.0989550000000001,nan,,nan,,0,0,1.09931,1.0958,0.003509999999999902,2101.4999999999413,win,target,2,3,0,
2019-09-09,short,2019-09-11 10:45:00-04:00,2019-09-12 11:45:00-04:00,1.10075,1.1033849999999998,1.10602,1.0902099999999997,1.102331,1.1033849999999998,1.102331,2019-09-12 08:00:00-04:00,1.1033849999999998,2019-09-12 11:45:00-04:00,2,1,1.1068,1.10153,0.005270000000000108,-584.2000000000053,loss,dd_cut+flat_at_50,1,3,0,
2019-09-09,long,2019-09-12 11:45:00-04:00,2019-09-12 12:00:00-04:00,1.1033849999999998,1.0981149999999997,1.0981149999999997,1.113925,nan,nan,nan,,nan,,0,0,1.1068,1.10153,0.005270000000000108,-528.5000000000108,loss,reverse_fade+stop,1,1,1,2019-09-11 10:45:00-04:00
2019-09-09,short,2019-09-12 12:00:00-04:00,2019-09-12 13:15:00-04:00,1.09625,1.0988850000000001,1.10152,1.0857099999999997,1.097831,1.0988850000000001,1.097831,2019-09-12 13:15:00-04:00,1.0988850000000001,2019-09-12 13:15:00-04:00,2,1,1.1068,1.10153,0.005270000000000108,-584.2000000000273,loss,dd_cut+flat_at_50,2,3,0,
2019-09-09,long,2019-09-12 13:15:00-04:00,2019-09-13 06:45:00-04:00,1.0988850000000001,1.1094250000000003,1.093615,1.1094250000000003,nan,nan,nan,,nan,,0,0,1.1068,1.10153,0.005270000000000108,1052.5000000000216,win,reverse_fade+target,2,1,1,2019-09-12 12:00:00-04:00
2019-09-23,short,2019-09-25 14:30:00-04:00,2019-09-27 20:45:00-04:00,1.09604,1.09367,1.1019599999999998,1.0842,1.097816,1.0989999999999998,nan,,nan,,0,0,1.10253,1.09661,0.005919999999999925,706.499999999995,win,week_end,1,3,0,
2019-09-30,short,2019-10-01 06:00:00-04:00,2019-10-01 14:00:00-04:00,1.08824,1.0913950000000001,1.0945500000000001,1.07562,1.090133,1.0913950000000001,1.090133,2019-10-01 09:30:00-04:00,1.0913950000000001,2019-10-01 14:00:00-04:00,2,1,1.09478,1.08847,0.006310000000000038,-698.5999999999864,loss,dd_cut+flat_at_50,1,3,0,
2019-09-30,long,2019-10-01 14:00:00-04:00,2019-10-04 20:45:00-04:00,1.0913950000000001,1.0976,1.085085,1.1040150000000002,nan,nan,nan,,nan,,0,0,1.09478,1.08847,0.006310000000000038,618.9999999999794,win,reverse_fade+week_end,1,1,1,2019-10-01 06:00:00-04:00
2019-09-30,long,2019-10-02 14:30:00-04:00,2019-10-04 20:45:00-04:00,1.09482,1.0976,1.0885099999999999,1.10744,1.092927,1.0916649999999999,nan,,nan,,0,0,1.09478,1.08847,0.006310000000000038,829.5000000000014,win,week_end,2,3,0,
2019-10-07,short,2019-10-08 14:30:00-04:00,2019-10-09 07:15:00-04:00,1.09571,1.097635,1.0995599999999999,1.0880100000000001,1.096865,1.097635,1.096865,2019-10-09 07:00:00-04:00,1.097635,2019-10-09 07:15:00-04:00,2,1,1.10004,1.09619,0.003849999999999909,-427.99999999999886,loss,dd_cut+flat_at_50,1,3,0,
2019-10-07,long,2019-10-09 07:15:00-04:00,2019-10-11 11:15:00-04:00,1.097635,1.1053349999999997,1.093785,1.1053349999999997,nan,nan,nan,,nan,,0,0,1.10004,1.09619,0.003849999999999909,768.4999999999818,win,reverse_fade+target,1,1,1,2019-10-08 14:30:00-04:00
2019-10-07,long,2019-10-10 06:45:00-04:00,2019-10-11 20:45:00-04:00,1.10062,1.10329,1.09677,1.1083199999999997,1.099465,1.098695,nan,,nan,,0,0,1.10004,1.09619,0.003849999999999909,796.5000000000516,win,week_end,2,3,0,
2019-10-14,short,2019-10-15 09:30:00-04:00,2019-10-15 14:15:00-04:00,1.10095,1.10244,1.10393,1.0949900000000001,1.101844,1.10244,1.101844,2019-10-15 10:15:00-04:00,1.10244,2019-10-15 14:15:00-04:00,2,1,1.10426,1.10128,0.0029799999999999827,-332.2999999999892,loss,dd_cut+flat_at_50,1,3,0,
2019-10-14,long,2019-10-15 14:15:00-04:00,2019-10-16 16:30:00-04:00,1.10244,1.1084,1.09946,1.1084,nan,nan,nan,,nan,,0,0,1.10426,1.10128,0.0029799999999999827,594.4999999999966,win,reverse_fade+target,1,1,1,2019-10-15 09:30:00-04:00
2019-10-14,long,2019-10-16 06:15:00-04:00,2019-10-16 07:30:00-04:00,1.10481,1.10332,1.10183,1.11077,1.1039160000000001,1.10332,1.1039160000000001,2019-10-16 07:15:00-04:00,1.10332,2019-10-16 07:30:00-04:00,2,1,1.10426,1.10128,0.0029799999999999827,-332.2999999999892,loss,dd_cut+flat_at_50,2,3,0,
2019-10-14,short,2019-10-16 07:30:00-04:00,2019-10-16 15:15:00-04:00,1.10332,1.1063,1.1063,1.0973600000000001,nan,nan,nan,,nan,,0,0,1.10426,1.10128,0.0029799999999999827,-299.4999999999983,loss,reverse_fade+stop,2,1,1,2019-10-16 06:15:00-04:00
2019-10-21,short,2019-10-22 08:15:00-04:00,2019-10-24 07:15:00-04:00,1.11368,1.115715,1.11775,1.10554,1.114901,1.115715,1.114901,2019-10-22 18:00:00-04:00,1.115715,2019-10-24 07:15:00-04:00,2,1,1.11793,1.11386,0.004070000000000018,-452.19999999998424,loss,dd_cut+flat_at_50,1,3,0,
2019-10-21,long,2019-10-24 07:15:00-04:00,2019-10-24 13:45:00-04:00,1.115715,1.111645,1.111645,1.123855,nan,nan,nan,,nan,,0,0,1.11793,1.11386,0.004070000000000018,-408.5000000000018,loss,reverse_fade+stop,1,1,1,2019-10-22 08:15:00-04:00
2019-10-21,short,2019-10-24 09:00:00-04:00,2019-10-24 12:45:00-04:00,1.11301,1.115045,1.11708,1.10487,1.114231,1.115045,1.114231,2019-10-24 12:45:00-04:00,1.115045,2019-10-24 12:45:00-04:00,2,1,1.11793,1.11386,0.004070000000000018,-452.19999999998424,loss,dd_cut+flat_at_50,2,3,0,
2019-10-21,long,2019-10-24 12:45:00-04:00,2019-10-24 14:15:00-04:00,1.115045,1.110975,1.110975,1.123185,nan,nan,nan,,nan,,0,0,1.11793,1.11386,0.004070000000000018,-408.5000000000018,loss,reverse_fade+stop,2,1,1,2019-10-24 09:00:00-04:00
2019-10-28,short,2019-10-29 10:15:00-04:00,2019-10-29 10:45:00-04:00,1.10753,1.109055,1.11058,1.10143,1.108445,1.109055,1.108445,2019-10-29 10:45:00-04:00,1.109055,2019-10-29 10:45:00-04:00,2,1,1.11065,1.1076,0.003049999999999997,-339.99999999999966,loss,dd_cut+flat_at_50,1,3,0,
2019-10-28,long,2019-10-29 10:45:00-04:00,2019-10-30 20:15:00-04:00,1.109055,1.115155,1.106005,1.115155,nan,nan,nan,,nan,,0,0,1.11065,1.1076,0.003049999999999997,608.4999999999994,win,reverse_fade+target,1,1,1,2019-10-29 10:15:00-04:00
2019-10-28,long,2019-10-29 14:15:00-04:00,2019-10-30 18:30:00-04:00,1.11069,1.109165,1.10764,1.11679,1.109775,1.109165,1.109775,2019-10-30 18:30:00-04:00,1.109165,2019-10-30 18:30:00-04:00,2,1,1.11065,1.1076,0.003049999999999997,-339.99999999999966,loss,dd_cut+flat_at_50,2,3,0,
2019-10-28,short,2019-10-30 18:30:00-04:00,2019-10-30 18:45:00-04:00,1.109165,1.112215,1.112215,1.103065,nan,nan,nan,,nan,,0,0,1.11065,1.1076,0.003049999999999997,-306.4999999999997,loss,reverse_fade+stop,2,1,1,2019-10-29 14:15:00-04:00
2019-11-04,short,2019-11-05 03:30:00-05:00,2019-11-08 20:45:00-05:00,1.1121,1.10214,1.11745,1.1014000000000002,1.1137050000000002,1.114775,1.1137050000000002,2019-11-05 07:45:00-05:00,nan,,2,0,1.11753,1.11218,0.005349999999999966,670.5000000000034,win,dd_cut+week_end,1,3,0,
2019-11-11,short,2019-11-12 11:30:00-05:00,2019-11-15 02:30:00-05:00,1.10144,1.1027749999999998,1.10411,1.0961,1.102241,1.1027749999999998,1.102241,2019-11-12 14:00:00-05:00,1.1027749999999998,2019-11-15 02:30:00-05:00,2,1,1.1043,1.10163,0.00266999999999995,-298.19999999999675,loss,dd_cut+flat_at_50,1,3,0,
2019-11-11,long,2019-11-15 02:30:00-05:00,2019-11-15 21:45:00-05:00,1.1027749999999998,1.10494,1.1001049999999999,1.1081149999999997,nan,nan,nan,,nan,,0,0,1.1043,1.10163,0.00266999999999995,215.00000000001944,win,reverse_fade+week_end,1,1,1,2019-11-12 11:30:00-05:00
2019-11-11,short,2019-11-15 09:15:00-05:00,2019-11-15 10:45:00-05:00,1.10152,1.102855,1.10419,1.0961800000000002,1.102321,1.102855,1.102321,2019-11-15 10:15:00-05:00,1.102855,2019-11-15 10:45:00-05:00,2,1,1.1043,1.10163,0.00266999999999995,-298.19999999999675,loss,dd_cut+flat_at_50,2,3,0,
2019-11-11,long,2019-11-15 10:45:00-05:00,2019-11-15 21:45:00-05:00,1.102855,1.10494,1.100185,1.1081949999999998,nan,nan,nan,,nan,,0,0,1.1043,1.10163,0.00266999999999995,207.00000000001145,win,reverse_fade+week_end,2,1,1,2019-11-15 09:15:00-05:00
2019-11-18,long,2019-11-21 12:45:00-05:00,2019-11-21 14:00:00-05:00,1.10907,1.10724,1.10541,1.11639,1.107972,1.10724,1.107972,2019-11-21 13:45:00-05:00,1.10724,2019-11-21 14:00:00-05:00,2,1,1.10899,1.10533,0.0036599999999999966,-407.1000000000085,loss,dd_cut+flat_at_50,1,3,0,
2019-11-18,short,2019-11-21 14:00:00-05:00,2019-11-22 21:45:00-05:00,1.10724,1.10179,1.1109,1.09992,nan,nan,nan,,nan,,0,0,1.10899,1.10533,0.0036599999999999966,543.4999999999955,win,reverse_fade+week_end,1,1,1,2019-11-21 12:45:00-05:00
2019-11-18,short,2019-11-22 09:00:00-05:00,2019-11-22 21:45:00-05:00,1.10508,1.10179,1.10874,1.09776,1.106178,1.10691,1.106178,2019-11-22 10:00:00-05:00,nan,,2,0,1.10899,1.10533,0.0036599999999999966,104.89999999999287,win,dd_cut+week_end,2,3,0,
2019-11-25,short,2019-11-27 13:30:00-05:00,2019-11-28 08:30:00-05:00,1.10015,1.10158,1.10301,1.0944299999999998,1.101008,1.10158,1.101008,2019-11-27 22:15:00-05:00,1.10158,2019-11-28 08:30:00-05:00,2,1,1.10321,1.10035,0.0028600000000000847,-319.10000000000935,loss,dd_cut+flat_at_50,1,3,0,
2019-11-25,long,2019-11-28 08:30:00-05:00,2019-11-29 13:00:00-05:00,1.10158,1.09872,1.09872,1.1073000000000002,nan,nan,nan,,nan,,0,0,1.10321,1.10035,0.0028600000000000847,-287.50000000000847,loss,reverse_fade+stop,1,1,1,2019-11-27 13:30:00-05:00
2019-11-25,short,2019-11-28 11:45:00-05:00,2019-11-29 15:30:00-05:00,1.10022,1.10165,1.10308,1.0944999999999998,1.101078,1.10165,1.101078,2019-11-28 20:30:00-05:00,1.10165,2019-11-29 15:30:00-05:00,2,1,1.10321,1.10035,0.0028600000000000847,-319.10000000000935,loss,dd_cut+flat_at_50,2,3,0,
2019-11-25,long,2019-11-29 15:30:00-05:00,2019-11-29 21:45:00-05:00,1.10165,1.1015,1.09879,1.1073700000000002,nan,nan,nan,,nan,,0,0,1.10321,1.10035,0.0028600000000000847,-16.50000000000945,loss,reverse_fade+week_end,2,1,1,2019-11-28 11:45:00-05:00
2019-12-02,long,2019-12-04 13:30:00-05:00,2019-12-06 15:30:00-05:00,1.10936,1.1049699999999998,1.10058,1.12692,1.1067259999999999,1.1049699999999998,1.1067259999999999,2019-12-04 19:15:00-05:00,1.1049699999999998,2019-12-06 15:30:00-05:00,2,1,1.10907,1.10029,0.00878000000000001,-970.3000000000167,loss,dd_cut+flat_at_50,1,3,0,
2019-12-02,short,2019-12-06 15:30:00-05:00,2019-12-06 21:45:00-05:00,1.1049699999999998,1.10543,1.1137499999999998,1.0874099999999998,nan,nan,nan,,nan,,0,0,1.10907,1.10029,0.00878000000000001,-47.5000000000127,loss,reverse_fade+week_end,1,1,1,2019-12-04 13:30:00-05:00
2019-12-09,long,2019-12-10 11:00:00-05:00,2019-12-11 19:45:00-05:00,1.10819,1.1131100000000003,1.1057299999999999,1.1131100000000003,1.1074519999999999,1.10696,1.1074519999999999,2019-12-10 12:45:00-05:00,nan,,2,0,1.10779,1.10533,0.0024600000000001288,339.90000000000026,win,dd_cut+target,1,3,0,
2019-12-09,long,2019-12-11 20:00:00-05:00,2019-12-12 09:15:00-05:00,1.11398,1.11275,1.1115199999999998,1.1189000000000002,1.1132419999999998,1.11275,1.1132419999999998,2019-12-11 21:30:00-05:00,1.11275,2019-12-12 09:15:00-05:00,2,1,1.10779,1.10533,0.0024600000000001288,-275.1000000000319,loss,dd_cut+flat_at_50,2,3,0,
2019-12-09,short,2019-12-12 09:15:00-05:00,2019-12-12 13:30:00-05:00,1.11275,1.11521,1.11521,1.1078299999999996,nan,nan,nan,,nan,,0,0,1.10779,1.10533,0.0024600000000001288,-247.50000000001288,loss,reverse_fade+stop,2,1,1,2019-12-11 20:00:00-05:00
2019-12-16,long,2019-12-17 10:45:00-05:00,2019-12-18 01:30:00-05:00,1.11595,1.11419,1.11243,1.12299,1.114894,1.11419,1.114894,2019-12-17 13:45:00-05:00,1.11419,2019-12-18 01:30:00-05:00,2,1,1.11581,1.11229,0.0035199999999999676,-391.69999999998754,loss,dd_cut+flat_at_50,1,3,0,
2019-12-16,short,2019-12-18 01:30:00-05:00,2019-12-20 17:45:00-05:00,1.11419,1.10715,1.11771,1.10715,nan,nan,nan,,nan,,0,0,1.11581,1.11229,0.0035199999999999676,702.4999999999935,win,reverse_fade+target,1,1,1,2019-12-17 10:45:00-05:00
2019-12-16,short,2019-12-18 12:15:00-05:00,2019-12-19 09:45:00-05:00,1.11213,1.11389,1.11565,1.1050900000000001,1.113186,1.11389,1.113186,2019-12-18 15:45:00-05:00,1.11389,2019-12-19 09:45:00-05:00,2,1,1.11581,1.11229,0.0035199999999999676,-391.69999999998754,loss,dd_cut+flat_at_50,2,3,0,
2019-12-16,long,2019-12-19 09:45:00-05:00,2019-12-20 11:00:00-05:00,1.11389,1.11037,1.11037,1.12093,nan,nan,nan,,nan,,0,0,1.11581,1.11229,0.0035199999999999676,-353.49999999999676,loss,reverse_fade+stop,2,1,1,2019-12-18 12:15:00-05:00
2019-12-23,long,2019-12-26 08:15:00-05:00,2019-12-26 11:00:00-05:00,1.10963,1.1083349999999998,1.1070399999999998,1.11481,1.1088529999999999,1.1083349999999998,1.1088529999999999,2019-12-26 10:00:00-05:00,1.1083349999999998,2019-12-26 11:00:00-05:00,2,1,1.10958,1.10699,0.0025900000000000922,-289.40000000001015,loss,dd_cut+flat_at_50,1,3,0,
2019-12-23,short,2019-12-26 11:00:00-05:00,2019-12-27 01:45:00-05:00,1.1083349999999998,1.110925,1.110925,1.1031549999999997,nan,nan,nan,,nan,,0,0,1.10958,1.10699,0.0025900000000000922,-260.5000000000092,loss,reverse_fade+stop,1,1,1,2019-12-26 08:15:00-05:00
2019-12-23,long,2019-12-26 13:15:00-05:00,2019-12-27 10:45:00-05:00,1.10966,1.1148400000000003,1.10707,1.1148400000000003,1.108883,1.108365,nan,,nan,,0,0,1.10958,1.10699,0.0025900000000000922,1549.5000000000553,win,target,2,3,0,
2019-12-30,long,2019-12-31 11:30:00-05:00,2020-01-02 04:45:00-05:00,1.12251,1.120505,1.1185,1.1305299999999996,1.1213069999999998,1.120505,1.1213069999999998,2019-12-31 21:45:00-05:00,1.120505,2020-01-02 04:45:00-05:00,2,1,1.12207,1.11806,0.004009999999999847,-445.5999999999943,loss,dd_cut+flat_at_50,1,3,0,
2019-12-30,short,2020-01-02 04:45:00-05:00,2020-01-03 21:45:00-05:00,1.120505,1.11548,1.124515,1.1124850000000004,nan,nan,nan,,nan,,0,0,1.12207,1.11806,0.004009999999999847,501.00000000000574,win,reverse_fade+week_end,1,1,1,2019-12-31 11:30:00-05:00
2019-12-30,short,2020-01-02 14:15:00-05:00,2020-01-02 15:45:00-05:00,1.11773,1.119735,1.1217399999999997,1.1097100000000002,1.1189329999999997,1.119735,1.1189329999999997,2020-01-02 15:45:00-05:00,1.119735,2020-01-02 15:45:00-05:00,2,1,1.12207,1.11806,0.004009999999999847,-445.59999999997206,loss,dd_cut+flat_at_50,2,3,0,
2019-12-30,long,2020-01-02 15:45:00-05:00,2020-01-03 07:15:00-05:00,1.119735,1.115725,1.115725,1.1277549999999996,nan,nan,nan,,nan,,0,0,1.12207,1.11806,0.004009999999999847,-402.4999999999847,loss,reverse_fade+stop,2,1,1,2020-01-02 14:15:00-05:00
2020-01-06,short,2020-01-07 13:45:00-05:00,2020-01-10 21:45:00-05:00,1.11561,1.11165,1.12045,1.10593,1.117062,1.11803,nan,,nan,,0,0,1.12055,1.11571,0.0048399999999999554,1183.499999999989,win,week_end,1,3,0,
2020-01-13,short,2020-01-14 13:15:00-05:00,2020-01-14 16:00:00-05:00,1.11097,1.11269,1.11441,1.1040900000000002,1.112002,1.11269,1.112002,2020-01-14 14:45:00-05:00,1.11269,2020-01-14 16:00:00-05:00,2,1,1.11469,1.11125,0.0034399999999998876,-382.8999999999787,loss,dd_cut+flat_at_50,1,3,0,
2020-01-13,long,2020-01-14 16:00:00-05:00,2020-01-17 15:30:00-05:00,1.11269,1.10925,1.10925,1.1195699999999997,nan,nan,nan,,nan,,0,0,1.11469,1.11125,0.0034399999999998876,-345.49999999998875,loss,reverse_fade+stop,1,1,1,2020-01-14 13:15:00-05:00
2020-01-13,long,2020-01-15 11:00:00-05:00,2020-01-16 15:15:00-05:00,1.115,1.11328,1.11156,1.1218799999999998,1.113968,1.11328,1.113968,2020-01-15 12:45:00-05:00,1.11328,2020-01-16 15:15:00-05:00,2,1,1.11469,1.11125,0.0034399999999998876,-382.8999999999787,loss,dd_cut+flat_at_50,2,3,0,
2020-01-13,short,2020-01-16 15:15:00-05:00,2020-01-17 21:45:00-05:00,1.11328,1.1089,1.11672,1.1064000000000003,nan,nan,nan,,nan,,0,0,1.11469,1.11125,0.0034399999999998876,436.50000000000506,win,reverse_fade+week_end,2,1,1,2020-01-15 11:00:00-05:00
2020-01-20,long,2020-01-21 10:15:00-05:00,2020-01-21 15:45:00-05:00,1.11055,1.109265,1.10798,1.1156899999999998,1.1097789999999998,1.109265,1.1097789999999998,2020-01-21 15:15:00-05:00,1.109265,2020-01-21 15:45:00-05:00,2,1,1.11023,1.10766,0.002569999999999961,-287.2000000000135,loss,dd_cut+flat_at_50,1,3,0,
2020-01-20,short,2020-01-21 15:45:00-05:00,2020-01-23 15:30:00-05:00,1.109265,1.104125,1.111835,1.104125,nan,nan,nan,,nan,,0,0,1.11023,1.10766,0.002569999999999961,512.4999999999923,win,reverse_fade+target,1,1,1,2020-01-21 10:15:00-05:00
2020-01-20,short,2020-01-22 14:45:00-05:00,2020-01-22 16:00:00-05:00,1.10733,1.108615,1.1098999999999999,1.10219,1.108101,1.108615,1.108101,2020-01-22 16:00:00-05:00,1.108615,2020-01-22 16:00:00-05:00,2,1,1.11023,1.10766,0.002569999999999961,-287.2000000000135,loss,dd_cut+flat_at_50,2,3,0,
2020-01-20,long,2020-01-22 16:00:00-05:00,2020-01-23 14:15:00-05:00,1.108615,1.106045,1.106045,1.1137549999999998,nan,nan,nan,,nan,,0,0,1.11023,1.10766,0.002569999999999961,-258.49999999999613,loss,reverse_fade+stop,2,1,1,2020-01-22 14:45:00-05:00
2020-01-27,short,2020-01-28 12:00:00-05:00,2020-01-28 20:45:00-05:00,1.10063,1.102025,1.10342,1.0950499999999999,1.101467,1.102025,1.101467,2020-01-28 19:15:00-05:00,1.102025,2020-01-28 20:45:00-05:00,2,1,1.10375,1.10096,0.00279000000000007,-311.39999999999884,loss,dd_cut+flat_at_50,1,3,0,
2020-01-27,long,2020-01-28 20:45:00-05:00,2020-01-29 13:45:00-05:00,1.102025,1.099235,1.099235,1.1076050000000002,nan,nan,nan,,nan,,0,0,1.10375,1.10096,0.00279000000000007,-280.50000000000705,loss,reverse_fade+stop,1,1,1,2020-01-28 12:00:00-05:00
2020-01-27,short,2020-01-29 07:00:00-05:00,2020-01-30 11:45:00-05:00,1.10093,1.102325,1.10372,1.0953499999999998,1.101767,1.102325,1.101767,2020-01-29 19:45:00-05:00,1.102325,2020-01-30 11:45:00-05:00,2,1,1.10375,1.10096,0.00279000000000007,-311.39999999999884,loss,dd_cut+flat_at_50,2,3,0,
2020-01-27,long,2020-01-30 11:45:00-05:00,2020-01-31 15:45:00-05:00,1.102325,1.1079050000000001,1.099535,1.1079050000000001,nan,nan,nan,,nan,,0,0,1.10375,1.10096,0.00279000000000007,556.5000000000141,win,reverse_fade+target,2,1,1,2020-01-29 07:00:00-05:00
2020-02-03,short,2020-02-04 16:15:00-05:00,2020-02-07 21:45:00-05:00,1.10353,1.09438,1.1088699999999998,1.09285,1.1051319999999998,1.1061999999999999,nan,,nan,,0,0,1.1089,1.10356,0.0053399999999999,2740.4999999999973,win,week_end,1,3,0,
2020-02-10,short,2020-02-11 07:00:00-05:00,2020-02-14 21:45:00-05:00,1.09066,1.08299,1.09564,1.0807,1.0921539999999998,1.09315,1.0921539999999998,2020-02-11 14:45:00-05:00,nan,,2,0,1.09574,1.09076,0.0049799999999999844,463.7000000000297,win,dd_cut+week_end,1,3,0,
2020-02-17,short,2020-02-18 00:45:00-05:00,2020-02-18 07:15:00-05:00,1.08258,1.0836700000000001,1.0847600000000002,1.07822,1.083234,1.0836700000000001,1.083234,2020-02-18 03:00:00-05:00,1.0836700000000001,2020-02-18 07:15:00-05:00,2,1,1.08509,1.08291,0.0021800000000000708,-244.29999999999,loss,dd_cut+flat_at_50,1,3,0,
2020-02-17,long,2020-02-18 07:15:00-05:00,2020-02-18 12:30:00-05:00,1.0836700000000001,1.08149,1.08149,1.0880300000000003,nan,nan,nan,,nan,,0,0,1.08509,1.08291,0.0021800000000000708,-219.50000000000708,loss,reverse_fade+stop,1,1,1,2020-02-18 00:45:00-05:00
2020-02-17,short,2020-02-18 08:00:00-05:00,2020-02-19 11:30:00-05:00,1.08285,1.07849,1.0850300000000002,1.07849,1.083504,1.0839400000000001,1.083504,2020-02-18 10:30:00-05:00,nan,,2,0,1.08509,1.08291,0.0021800000000000708,300.70000000002767,win,dd_cut+target,2,3,0,
2020-02-24,long,2020-02-25 16:15:00-05:00,2020-02-28 08:00:00-05:00,1.0879,1.1013,1.0812000000000002,1.1013,1.08589,1.0845500000000001,1.08589,2020-02-26 13:45:00-05:00,nan,,2,0,1.0872,1.0805,0.006699999999999928,933.4999999999723,win,dd_cut+target,1,3,0,
2020-02-24,long,2020-02-28 08:15:00-05:00,2020-02-28 11:45:00-05:00,1.10248,1.09913,1.09578,1.1158799999999998,1.1004699999999998,1.09913,1.1004699999999998,2020-02-28 11:30:00-05:00,1.09913,2020-02-28 11:45:00-05:00,2,1,1.0872,1.0805,0.006699999999999928,-741.5000000000099,loss,dd_cut+flat_at_50,2,3,0,
2020-02-24,short,2020-02-28 11:45:00-05:00,2020-02-28 21:45:00-05:00,1.09913,1.10251,1.1058299999999999,1.08573,nan,nan,nan,,nan,,0,0,1.0872,1.0805,0.006699999999999928,-339.5000000000161,loss,reverse_fade+week_end,2,1,1,2020-02-28 08:15:00-05:00
2020-03-02,long,2020-03-03 15:15:00-05:00,2020-03-04 12:45:00-05:00,1.11933,1.111915,1.1045,1.1489899999999997,1.114881,1.111915,1.114881,2020-03-03 16:15:00-05:00,1.111915,2020-03-04 12:45:00-05:00,2,1,1.11845,1.10362,0.014829999999999899,-1635.7999999999802,loss,dd_cut+flat_at_50,1,3,0,
2020-03-02,short,2020-03-04 12:45:00-05:00,2020-03-06 08:30:00-05:00,1.111915,1.1267449999999999,1.1267449999999999,1.0822550000000002,nan,nan,nan,,nan,,0,0,1.11845,1.10362,0.014829999999999899,-1484.49999999999,loss,reverse_fade+stop,1,1,1,2020-03-03 15:15:00-05:00
2020-03-02,long,2020-03-05 12:00:00-05:00,2020-03-06 21:45:00-05:00,1.11942,1.12804,1.1045900000000002,1.1490799999999999,1.1149710000000002,1.1120050000000001,nan,,nan,,0,0,1.11845,1.10362,0.014829999999999899,2581.499999999955,win,week_end,2,3,0,
2020-03-09,short,2020-03-10 05:15:00-04:00,2020-03-12 16:00:00-04:00,1.13519,1.10729,1.1491399999999998,1.10729,1.1393749999999998,1.1421649999999999,1.1393749999999998,2020-03-10 08:00:00-04:00,nan,,2,0,1.14954,1.13559,0.013949999999999907,1948.5000000000045,win,dd_cut+target,1,3,0,
2020-03-09,short,2020-03-12 16:15:00-04:00,2020-03-12 16:45:00-04:00,1.10825,1.115225,1.1221999999999999,1.0803500000000001,1.1124349999999998,1.115225,1.1124349999999998,2020-03-12 16:45:00-04:00,1.115225,2020-03-12 16:45:00-04:00,2,1,1.14954,1.13559,0.013949999999999907,-1538.999999999972,loss,dd_cut+flat_at_50,2,3,0,
2020-03-09,long,2020-03-12 16:45:00-04:00,2020-03-13 20:45:00-04:00,1.115225,1.10992,1.101275,1.1431249999999997,nan,nan,nan,,nan,,0,0,1.14954,1.13559,0.013949999999999907,-531.9999999999893,loss,reverse_fade+week_end,2,1,1,2020-03-12 16:15:00-04:00
2020-03-16,short,2020-03-17 10:15:00-04:00,2020-03-19 11:15:00-04:00,1.10619,1.0758499999999998,1.1213600000000001,1.0758499999999998,1.110741,1.113775,nan,,nan,,0,0,1.12366,1.10849,0.015170000000000128,9097.500000000076,win,target,1,3,0,
2020-03-16,short,2020-03-19 11:30:00-04:00,2020-03-19 12:45:00-04:00,1.07491,1.0824950000000002,1.0900800000000002,1.0445699999999998,1.079461,1.0824950000000002,1.079461,2020-03-19 12:45:00-04:00,1.0824950000000002,2020-03-19 12:45:00-04:00,2,1,1.12366,1.10849,0.015170000000000128,-1673.2000000000119,loss,dd_cut+flat_at_50,2,3,0,
2020-03-16,long,2020-03-19 12:45:00-04:00,2020-03-19 16:30:00-04:00,1.0824950000000002,1.067325,1.067325,1.1128350000000005,nan,nan,nan,,nan,,0,0,1.12366,1.10849,0.015170000000000128,-1518.5000000000127,loss,reverse_fade+stop,2,1,1,2020-03-19 11:30:00-04:00
2020-03-23,long,2020-03-24 06:45:00-04:00,2020-03-24 19:00:00-04:00,1.08342,1.07491,1.0664000000000002,1.1174599999999997,1.0783140000000002,1.07491,1.0783140000000002,2020-03-24 14:15:00-04:00,1.07491,2020-03-24 19:00:00-04:00,2,1,1.08279,1.06577,0.017019999999999813,-1876.6999999999684,loss,dd_cut+flat_at_50,1,3,0,
2020-03-23,short,2020-03-24 19:00:00-04:00,2020-03-26 00:30:00-04:00,1.07491,1.0919299999999998,1.0919299999999998,1.0408700000000004,nan,nan,nan,,nan,,0,0,1.08279,1.06577,0.017019999999999813,-1703.4999999999814,loss,reverse_fade+stop,1,1,1,2020-03-24 06:45:00-04:00
2020-03-23,long,2020-03-25 08:30:00-04:00,2020-03-27 20:45:00-04:00,1.08292,1.11379,1.0659000000000003,1.1169599999999997,1.077814,1.0744100000000003,nan,,nan,,0,0,1.08279,1.06577,0.017019999999999813,9256.499999999985,win,week_end,2,3,0,
2020-03-30,short,2020-03-31 01:30:00-04:00,2020-04-03 20:45:00-04:00,1.10076,1.07955,1.11359,1.0750999999999997,1.104609,1.107175,nan,,nan,,0,0,1.11383,1.101,0.012830000000000119,6358.499999999985,win,week_end,1,3,0,
2020-04-06,long,2020-04-07 05:30:00-04:00,2020-04-10 20:45:00-04:00,1.08365,1.09326,1.07694,1.09707,1.081637,1.080295,nan,,nan,,0,0,1.08354,1.07683,0.006709999999999994,2878.499999999969,win,week_end,1,3,0,
2020-04-13,long,2020-04-14 12:15:00-04:00,2020-04-15 07:45:00-04:00,1.09685,1.0930900000000001,1.08933,1.1118900000000005,1.094594,1.0930900000000001,1.094594,2020-04-15 07:30:00-04:00,1.0930900000000001,2020-04-15 07:45:00-04:00,2,1,1.09678,1.08926,0.007520000000000193,-831.7000000000057,loss,dd_cut+flat_at_50,1,3,0,
2020-04-13,short,2020-04-15 07:45:00-04:00,2020-04-17 20:45:00-04:00,1.0930900000000001,1.08711,1.1006100000000003,1.0780499999999997,nan,nan,nan,,nan,,0,0,1.09678,1.08926,0.007520000000000193,596.5000000000097,win,reverse_fade+week_end,1,1,1,2020-04-14 12:15:00-04:00
2020-04-13,short,2020-04-15 12:15:00-04:00,2020-04-15 16:45:00-04:00,1.08878,1.09254,1.0963000000000003,1.0737399999999997,1.0910360000000001,1.09254,1.0910360000000001,2020-04-15 15:15:00-04:00,1.09254,2020-04-15 16:45:00-04:00,2,1,1.09678,1.08926,0.007520000000000193,-831.7000000000057,loss,dd_cut+flat_at_50,2,3,0,
2020-04-13,long,2020-04-15 16:45:00-04:00,2020-04-16 14:45:00-04:00,1.09254,1.0850199999999999,1.0850199999999999,1.1075800000000005,nan,nan,nan,,nan,,0,0,1.09678,1.08926,0.007520000000000193,-753.5000000000193,loss,reverse_fade+stop,2,1,1,2020-04-15 12:15:00-04:00
2020-04-20,short,2020-04-21 02:00:00-04:00,2020-04-21 13:45:00-04:00,1.08377,1.08655,1.08933,1.0726499999999999,1.085438,1.08655,1.085438,2020-04-21 13:45:00-04:00,1.08655,2020-04-21 13:45:00-04:00,2,1,1.08967,1.08411,0.005560000000000009,-616.100000000001,loss,dd_cut+flat_at_50,1,3,0,
2020-04-20,long,2020-04-21 13:45:00-04:00,2020-04-22 16:45:00-04:00,1.08655,1.08099,1.08099,1.09767,nan,nan,nan,,nan,,0,0,1.08967,1.08411,0.005560000000000009,-557.5000000000009,loss,reverse_fade+stop,1,1,1,2020-04-21 02:00:00-04:00
2020-04-20,short,2020-04-22 14:15:00-04:00,2020-04-24 20:45:00-04:00,1.08382,1.08196,1.08938,1.0727,1.085488,1.0866,nan,,nan,,0,0,1.08967,1.08411,0.005560000000000009,553.4999999999918,win,week_end,2,3,0,
2020-04-27,long,2020-04-28 09:15:00-04:00,2020-04-28 13:45:00-04:00,1.08757,1.0851199999999999,1.08267,1.0973699999999997,1.0861,1.0851199999999999,1.0861,2020-04-28 13:15:00-04:00,1.0851199999999999,2020-04-28 13:45:00-04:00,2,1,1.08602,1.08112,0.004899999999999904,-543.4999999999784,loss,dd_cut+flat_at_50,1,3,0,
2020-04-27,short,2020-04-28 13:45:00-04:00,2020-04-30 14:45:00-04:00,1.0851199999999999,1.0900199999999998,1.0900199999999998,1.07532,nan,nan,nan,,nan,,0,0,1.08602,1.08112,0.004899999999999904,-491.49999999999045,loss,reverse_fade+stop,1,1,1,2020-04-28 09:15:00-04:00
2020-04-27,long,2020-04-29 07:15:00-04:00,2020-04-29 12:00:00-04:00,1.08645,1.084,1.08155,1.0962499999999997,1.0849799999999998,1.084,1.0849799999999998,2020-04-29 10:30:00-04:00,1.084,2020-04-29 12:00:00-04:00,2,1,1.08602,1.08112,0.004899999999999904,-543.5000000000006,loss,dd_cut+flat_at_50,2,3,0,
2020-04-27,short,2020-04-29 12:00:00-04:00,2020-04-30 07:00:00-04:00,1.084,1.0889,1.0889,1.0742000000000003,nan,nan,nan,,nan,,0,0,1.08602,1.08112,0.004899999999999904,-491.49999999999045,loss,reverse_fade+stop,2,1,1,2020-04-29 07:15:00-04:00
2020-05-04,short,2020-05-05 07:00:00-04:00,2020-05-05 08:00:00-04:00,1.08926,1.0925249999999997,1.0957899999999998,1.0762,1.091219,1.0925249999999997,1.091219,2020-05-05 08:00:00-04:00,1.0925249999999997,2020-05-05 08:00:00-04:00,2,1,1.09609,1.08956,0.006529999999999925,-722.7999999999939,loss,dd_cut+flat_at_50,1,3,0,
2020-05-04,long,2020-05-05 08:00:00-04:00,2020-05-05 08:45:00-04:00,1.0925249999999997,1.0859949999999998,1.0859949999999998,1.1055849999999996,nan,nan,nan,,nan,,0,0,1.09609,1.08956,0.006529999999999925,-654.4999999999925,loss,reverse_fade+stop,1,1,1,2020-05-05 07:00:00-04:00
2020-05-04,short,2020-05-05 08:30:00-04:00,2020-05-08 20:45:00-04:00,1.08642,1.08371,1.0929499999999999,1.07336,1.088379,1.0896849999999998,1.088379,2020-05-05 13:45:00-04:00,nan,,2,0,1.09609,1.08956,0.006529999999999925,-125.30000000000979,loss,dd_cut+week_end,2,3,0,
2020-05-11,short,2020-05-12 00:00:00-04:00,2020-05-12 06:45:00-04:00,1.07997,1.082465,1.0849600000000001,1.06999,1.0814670000000002,1.082465,1.0814670000000002,2020-05-12 05:15:00-04:00,1.082465,2020-05-12 06:45:00-04:00,2,1,1.08504,1.08005,0.00499000000000005,-553.4000000000077,loss,dd_cut+flat_at_50,1,3,0,
2020-05-11,long,2020-05-12 06:45:00-04:00,2020-05-15 20:45:00-04:00,1.082465,1.08183,1.077475,1.092445,nan,nan,nan,,nan,,0,0,1.08504,1.08005,0.00499000000000005,-64.99999999999412,loss,reverse_fade+week_end,1,1,1,2020-05-12 00:00:00-04:00
2020-05-11,long,2020-05-12 12:00:00-04:00,2020-05-13 07:45:00-04:00,1.08573,1.0832350000000002,1.08074,1.0957100000000002,1.084233,1.0832350000000002,1.084233,2020-05-13 07:00:00-04:00,1.0832350000000002,2020-05-13 07:45:00-04:00,2,1,1.08504,1.08005,0.00499000000000005,-553.4000000000077,loss,dd_cut+flat_at_50,2,3,0,
2020-05-11,short,2020-05-13 07:45:00-04:00,2020-05-13 13:00:00-04:00,1.0832350000000002,1.0882250000000002,1.0882250000000002,1.073255,nan,nan,nan,,nan,,0,0,1.08504,1.08005,0.00499000000000005,-500.500000000005,loss,reverse_fade+stop,2,1,1,2020-05-12 12:00:00-04:00
2020-05-18,long,2020-05-19 06:15:00-04:00,2020-05-22 20:45:00-04:00,1.0936,1.0898,1.08089,1.11902,1.0897869999999998,1.0872449999999998,1.0897869999999998,2020-05-22 08:45:00-04:00,nan,,2,0,1.0927,1.07999,0.012709999999999999,-1147.0999999999935,loss,dd_cut+week_end,1,3,0,
2020-05-25,long,2020-05-26 03:30:00-04:00,2020-05-27 09:45:00-04:00,1.09175,1.10051,1.08737,1.10051,1.090436,1.08956,nan,,nan,,0,0,1.09144,1.08706,0.0043800000000000505,2623.5000000000305,win,target,1,3,0,
2020-05-25,long,2020-05-27 10:00:00-04:00,2020-05-27 12:00:00-04:00,1.10115,1.09896,1.09677,1.1099100000000002,1.099836,1.09896,1.099836,2020-05-27 12:00:00-04:00,1.09896,2020-05-27 12:00:00-04:00,2,1,1.09144,1.08706,0.0043800000000000505,-486.3000000000211,loss,dd_cut+flat_at_50,2,3,0,
2020-05-25,short,2020-05-27 12:00:00-04:00,2020-05-28 01:45:00-04:00,1.09896,1.10334,1.10334,1.0901999999999998,nan,nan,nan,,nan,,0,0,1.09144,1.08706,0.0043800000000000505,-439.50000000000506,loss,reverse_fade+stop,2,1,1,2020-05-27 10:00:00-04:00
2020-06-01,long,2020-06-02 08:15:00-04:00,2020-06-04 11:45:00-04:00,1.11639,1.12711,1.11103,1.12711,1.114782,1.11371,nan,,nan,,0,0,1.1154,1.11004,0.005360000000000031,3211.500000000019,win,target,1,3,0,
2020-06-01,long,2020-06-04 12:00:00-04:00,2020-06-04 12:30:00-04:00,1.12497,1.12229,1.11961,1.13569,1.123362,1.12229,1.123362,2020-06-04 12:15:00-04:00,1.12229,2020-06-04 12:30:00-04:00,2,1,1.1154,1.11004,0.005360000000000031,-594.1000000000124,loss,dd_cut+flat_at_50,2,3,0,
2020-06-01,short,2020-06-04 12:30:00-04:00,2020-06-04 14:00:00-04:00,1.12229,1.12765,1.12765,1.11157,nan,nan,nan,,nan,,0,0,1.1154,1.11004,0.005360000000000031,-537.5000000000032,loss,reverse_fade+stop,2,1,1,2020-06-04 12:00:00-04:00
2020-06-08,short,2020-06-09 06:45:00-04:00,2020-06-09 12:00:00-04:00,1.12679,1.129305,1.13182,1.1167299999999998,1.128299,1.129305,1.128299,2020-06-09 10:45:00-04:00,1.129305,2020-06-09 12:00:00-04:00,2,1,1.13185,1.12682,0.00503000000000009,-557.8000000000011,loss,dd_cut+flat_at_50,1,3,0,
2020-06-08,long,2020-06-09 12:00:00-04:00,2020-06-10 18:00:00-04:00,1.129305,1.1393650000000002,1.124275,1.1393650000000002,nan,nan,nan,,nan,,0,0,1.13185,1.12682,0.00503000000000009,1004.500000000018,win,reverse_fade+target,1,1,1,2020-06-09 06:45:00-04:00
2020-06-08,long,2020-06-09 13:30:00-04:00,2020-06-11 17:45:00-04:00,1.13341,1.130895,1.12838,1.1434700000000002,1.131901,1.130895,1.131901,2020-06-11 17:30:00-04:00,1.130895,2020-06-11 17:45:00-04:00,2,1,1.13185,1.12682,0.00503000000000009,-557.8000000000011,loss,dd_cut+flat_at_50,2,3,0,
2020-06-08,short,2020-06-11 17:45:00-04:00,2020-06-12 20:45:00-04:00,1.130895,1.1255,1.135925,1.1208349999999998,nan,nan,nan,,nan,,0,0,1.13185,1.12682,0.00503000000000009,538.0000000000039,win,reverse_fade+week_end,2,1,1,2020-06-09 13:30:00-04:00
2020-06-15,long,2020-06-16 02:30:00-04:00,2020-06-16 13:00:00-04:00,1.13403,1.1284650000000003,1.1229000000000002,1.1562899999999998,1.1306910000000001,1.1284650000000003,1.1306910000000001,2020-06-16 11:30:00-04:00,1.1284650000000003,2020-06-16 13:00:00-04:00,2,1,1.1338,1.12267,0.011129999999999862,-1228.7999999999784,loss,dd_cut+flat_at_50,1,3,0,
2020-06-15,short,2020-06-16 13:00:00-04:00,2020-06-19 20:45:00-04:00,1.1284650000000003,1.11759,1.1395950000000001,1.1062050000000005,nan,nan,nan,,nan,,0,0,1.1338,1.12267,0.011129999999999862,1086.000000000019,win,reverse_fade+week_end,1,1,1,2020-06-16 02:30:00-04:00
2020-06-15,short,2020-06-17 13:45:00-04:00,2020-06-19 20:45:00-04:00,1.12201,1.11759,1.1331399999999998,1.0997500000000002,1.125349,1.1275749999999998,1.125349,2020-06-18 04:45:00-04:00,nan,,2,0,1.1338,1.12267,0.011129999999999862,-230.30000000000933,loss,dd_cut+week_end,2,3,0,
2020-06-22,long,2020-06-23 07:15:00-04:00,2020-06-25 03:45:00-04:00,1.12939,1.1240299999999999,1.1186699999999998,1.15083,1.1261739999999998,1.1240299999999999,1.1261739999999998,2020-06-24 14:00:00-04:00,1.1240299999999999,2020-06-25 03:45:00-04:00,2,1,1.12809,1.11737,0.010720000000000063,-1183.7000000000248,loss,dd_cut+flat_at_50,1,3,0,
2020-06-22,short,2020-06-25 03:45:00-04:00,2020-06-26 20:45:00-04:00,1.1240299999999999,1.1217,1.13475,1.1025899999999997,nan,nan,nan,,nan,,0,0,1.12809,1.11737,0.010720000000000063,231.49999999999432,win,reverse_fade+week_end,1,1,1,2020-06-23 07:15:00-04:00
2020-06-29,short,2020-06-30 06:00:00-04:00,2020-06-30 15:00:00-04:00,1.12188,1.1253099999999998,1.1287399999999999,1.1081600000000003,1.1239379999999999,1.1253099999999998,1.1239379999999999,2020-06-30 15:00:00-04:00,1.1253099999999998,2020-06-30 15:00:00-04:00,2,1,1.12879,1.12193,0.006859999999999866,-759.0999999999608,loss,dd_cut+flat_at_50,1,3,0,
2020-06-29,long,2020-06-30 15:00:00-04:00,2020-07-03 20:45:00-04:00,1.1253099999999998,1.12464,1.11845,1.1390299999999995,nan,nan,nan,,nan,,0,0,1.12879,1.12193,0.006859999999999866,-68.49999999997263,loss,reverse_fade+week_end,1,1,1,2020-06-30 06:00:00-04:00
2020-06-29,short,2020-07-01 04:45:00-04:00,2020-07-01 14:00:00-04:00,1.12179,1.12522,1.12865,1.1080700000000003,1.123848,1.12522,1.123848,2020-07-01 08:00:00-04:00,1.12522,2020-07-01 14:00:00-04:00,2,1,1.12879,1.12193,0.006859999999999866,-759.0999999999831,loss,dd_cut+flat_at_50,2,3,0,
2020-06-29,long,2020-07-01 14:00:00-04:00,2020-07-03 20:45:00-04:00,1.12522,1.12464,1.1183600000000002,1.1389399999999998,nan,nan,nan,,nan,,0,0,1.12879,1.12193,0.006859999999999866,-59.500000000002494,loss,reverse_fade+week_end,2,1,1,2020-07-01 04:45:00-04:00
2020-07-06,long,2020-07-09 00:00:00-04:00,2020-07-09 14:45:00-04:00,1.13456,1.1296249999999999,1.12469,1.1543,1.131599,1.1296249999999999,1.131599,2020-07-09 14:15:00-04:00,1.1296249999999999,2020-07-09 14:45:00-04:00,2,1,1.13454,1.12467,0.009870000000000045,-1090.2000000000116,loss,dd_cut+flat_at_50,1,3,0,
2020-07-06,short,2020-07-09 14:45:00-04:00,2020-07-10 20:45:00-04:00,1.1296249999999999,1.1299,1.139495,1.1098849999999998,nan,nan,nan,,nan,,0,0,1.13454,1.12467,0.009870000000000045,-29.000000000002522,loss,reverse_fade+week_end,1,1,1,2020-07-09 00:00:00-04:00
2020-07-13,long,2020-07-14 11:15:00-04:00,2020-07-17 20:45:00-04:00,1.13759,1.14269,1.13019,1.1523900000000002,1.13537,1.13389,nan,,nan,,0,0,1.13748,1.13008,0.007400000000000073,1525.4999999999648,win,week_end,1,3,0,
2020-07-20,long,2020-07-21 03:15:00-04:00,2020-07-21 04:00:00-04:00,1.1468,1.1435300000000002,1.14026,1.15988,1.144838,1.1435300000000002,1.144838,2020-07-21 03:30:00-04:00,1.1435300000000002,2020-07-21 04:00:00-04:00,2,1,1.14677,1.14023,0.00653999999999999,-723.8999999999922,loss,dd_cut+flat_at_50,1,3,0,
2020-07-20,short,2020-07-21 04:00:00-04:00,2020-07-21 16:15:00-04:00,1.1435300000000002,1.1500700000000001,1.1500700000000001,1.1304500000000002,nan,nan,nan,,nan,,0,0,1.14677,1.14023,0.00653999999999999,-655.499999999999,loss,reverse_fade+stop,1,1,1,2020-07-21 03:15:00-04:00
2020-07-20,long,2020-07-21 14:30:00-04:00,2020-07-23 15:30:00-04:00,1.14798,1.16106,1.14144,1.16106,1.146018,1.14471,nan,,nan,,0,0,1.14677,1.14023,0.00653999999999999,3919.4999999999936,win,target,2,3,0,
2020-07-27,long,2020-07-29 17:30:00-04:00,2020-07-31 20:45:00-04:00,1.17866,1.17753,1.1654700000000002,1.2050399999999997,1.174703,1.1720650000000001,1.174703,2020-07-30 07:15:00-04:00,nan,,2,0,1.17813,1.16494,0.013189999999999813,-908.9000000000052,loss,dd_cut+week_end,1,3,0,
2020-08-03,long,2020-08-04 07:15:00-04:00,2020-08-04 12:30:00-04:00,1.17943,1.1747899999999998,1.1701499999999998,1.1979900000000003,1.1766459999999999,1.1747899999999998,1.1766459999999999,2020-08-04 11:00:00-04:00,1.1747899999999998,2020-08-04 12:30:00-04:00,2,1,1.17887,1.16959,0.009280000000000177,-1025.3000000000438,loss,dd_cut+flat_at_50,1,3,0,
2020-08-03,short,2020-08-04 12:30:00-04:00,2020-08-05 08:45:00-04:00,1.1747899999999998,1.18407,1.18407,1.1562299999999994,nan,nan,nan,,nan,,0,0,1.17887,1.16959,0.009280000000000177,-929.5000000000177,loss,reverse_fade+stop,1,1,1,2020-08-04 07:15:00-04:00
2020-08-03,long,2020-08-04 19:00:00-04:00,2020-08-07 20:45:00-04:00,1.17961,1.17862,1.1703299999999999,1.1981700000000004,1.176826,1.17497,1.176826,2020-08-07 13:15:00-04:00,nan,,2,0,1.17887,1.16959,0.009280000000000177,-660.3000000000286,loss,dd_cut+week_end,2,3,0,
2020-08-10,short,2020-08-11 00:00:00-04:00,2020-08-11 08:00:00-04:00,1.17346,1.1767050000000001,1.17995,1.1604799999999997,1.1754069999999999,1.1767050000000001,1.1754069999999999,2020-08-11 04:15:00-04:00,1.1767050000000001,2020-08-11 08:00:00-04:00,2,1,1.18006,1.17357,0.006490000000000107,-718.4000000000005,loss,dd_cut+flat_at_50,1,3,0,
2020-08-10,long,2020-08-11 08:00:00-04:00,2020-08-14 20:45:00-04:00,1.1767050000000001,1.18414,1.170215,1.1896850000000003,nan,nan,nan,,nan,,0,0,1.18006,1.17357,0.006490000000000107,741.9999999999858,win,reverse_fade+week_end,1,1,1,2020-08-11 00:00:00-04:00
2020-08-10,short,2020-08-11 19:00:00-04:00,2020-08-12 09:15:00-04:00,1.1734,1.1766450000000002,1.17989,1.1604199999999998,1.175347,1.1766450000000002,1.175347,2020-08-12 08:15:00-04:00,1.1766450000000002,2020-08-12 09:15:00-04:00,2,1,1.18006,1.17357,0.006490000000000107,-718.4000000000005,loss,dd_cut+flat_at_50,2,3,0,
2020-08-10,long,2020-08-12 09:15:00-04:00,2020-08-14 20:45:00-04:00,1.1766450000000002,1.18414,1.170155,1.1896250000000004,nan,nan,nan,,nan,,0,0,1.18006,1.17357,0.006490000000000107,747.9999999999808,win,reverse_fade+week_end,2,1,1,2020-08-11 19:00:00-04:00
2020-08-17,long,2020-08-18 00:30:00-04:00,2020-08-19 18:00:00-04:00,1.18819,1.185575,1.18296,1.1986500000000002,1.1866210000000001,1.185575,1.1866210000000001,2020-08-19 16:15:00-04:00,1.185575,2020-08-19 18:00:00-04:00,2,1,1.18809,1.18286,0.005230000000000068,-579.7999999999897,loss,dd_cut+flat_at_50,1,3,0,
2020-08-17,short,2020-08-19 18:00:00-04:00,2020-08-21 20:45:00-04:00,1.185575,1.17949,1.1908050000000001,1.175115,nan,nan,nan,,nan,,0,0,1.18809,1.18286,0.005230000000000068,607.0000000000118,win,reverse_fade+week_end,1,1,1,2020-08-18 00:30:00-04:00
2020-08-17,short,2020-08-20 08:15:00-04:00,2020-08-20 09:00:00-04:00,1.1814,1.184015,1.18663,1.1709399999999999,1.182969,1.184015,1.182969,2020-08-20 08:30:00-04:00,1.184015,2020-08-20 09:00:00-04:00,2,1,1.18809,1.18286,0.005230000000000068,-579.7999999999897,loss,dd_cut+flat_at_50,2,3,0,
2020-08-17,long,2020-08-20 09:00:00-04:00,2020-08-21 10:15:00-04:00,1.184015,1.178785,1.178785,1.1944750000000002,nan,nan,nan,,nan,,0,0,1.18809,1.18286,0.005230000000000068,-524.5000000000068,loss,reverse_fade+stop,2,1,1,2020-08-20 08:15:00-04:00
2020-08-24,short,2020-08-26 12:30:00-04:00,2020-08-26 13:30:00-04:00,1.17763,1.1808999999999998,1.18417,1.16455,1.179592,1.1808999999999998,1.179592,2020-08-26 13:15:00-04:00,1.1808999999999998,2020-08-26 13:30:00-04:00,2,1,1.18495,1.17841,0.00653999999999999,-723.8999999999922,loss,dd_cut+flat_at_50,1,3,0,
2020-08-24,long,2020-08-26 13:30:00-04:00,2020-08-28 20:45:00-04:00,1.1808999999999998,1.19018,1.1743599999999998,1.1939799999999998,nan,nan,nan,,nan,,0,0,1.18495,1.17841,0.00653999999999999,926.5000000000177,win,reverse_fade+week_end,1,1,1,2020-08-26 12:30:00-04:00
2020-08-24,short,2020-08-27 14:00:00-04:00,2020-08-27 14:15:00-04:00,1.17708,1.1803499999999998,1.18362,1.164,1.179042,1.1803499999999998,1.179042,2020-08-27 14:15:00-04:00,1.1803499999999998,2020-08-27 14:15:00-04:00,2,1,1.18495,1.17841,0.00653999999999999,-723.8999999999922,loss,dd_cut+flat_at_50,2,3,0,
2020-08-24,long,2020-08-27 14:15:00-04:00,2020-08-28 20:45:00-04:00,1.1803499999999998,1.19018,1.1738099999999998,1.1934299999999998,nan,nan,nan,,nan,,0,0,1.18495,1.17841,0.00653999999999999,981.5000000000227,win,reverse_fade+week_end,2,1,1,2020-08-27 14:00:00-04:00
2020-08-31,long,2020-09-01 01:45:00-04:00,2020-09-01 17:00:00-04:00,1.19705,1.1929499999999997,1.1888499999999997,1.2134500000000004,1.1945899999999998,1.1929499999999997,1.1945899999999998,2020-09-01 14:00:00-04:00,1.1929499999999997,2020-09-01 17:00:00-04:00,2,1,1.1966,1.1884,0.008200000000000207,-906.5000000000473,loss,dd_cut+flat_at_50,1,3,0,
2020-08-31,short,2020-09-01 17:00:00-04:00,2020-09-04 20:45:00-04:00,1.1929499999999997,1.18371,1.20115,1.1765499999999993,nan,nan,nan,,nan,,0,0,1.1966,1.1884,0.008200000000000207,922.4999999999693,win,reverse_fade+week_end,1,1,1,2020-09-01 01:45:00-04:00
2020-08-31,short,2020-09-02 07:00:00-04:00,2020-09-04 20:45:00-04:00,1.18839,1.18371,1.1965900000000003,1.1719899999999996,1.1908500000000002,1.1924900000000003,nan,,nan,,0,0,1.1966,1.1884,0.008200000000000207,1399.5000000000052,win,week_end,2,3,0,
2020-09-07,short,2020-09-08 00:30:00-04:00,2020-09-08 06:00:00-04:00,1.18063,1.18248,1.18433,1.17323,1.18174,1.18248,1.18174,2020-09-08 06:00:00-04:00,1.18248,2020-09-08 06:00:00-04:00,2,1,1.18486,1.18116,0.0037000000000000366,-411.4999999999796,loss,dd_cut+flat_at_50,1,3,0,
2020-09-07,long,2020-09-08 06:00:00-04:00,2020-09-08 10:00:00-04:00,1.18248,1.17878,1.17878,1.18988,nan,nan,nan,,nan,,0,0,1.18486,1.18116,0.0037000000000000366,-371.50000000000364,loss,reverse_fade+stop,1,1,1,2020-09-08 00:30:00-04:00
2020-09-07,short,2020-09-08 07:00:00-04:00,2020-09-09 14:15:00-04:00,1.18074,1.1825899999999998,1.18444,1.1733399999999998,1.1818499999999998,1.1825899999999998,1.1818499999999998,2020-09-08 07:45:00-04:00,1.1825899999999998,2020-09-09 14:15:00-04:00,2,1,1.18486,1.18116,0.0037000000000000366,-411.4999999999796,loss,dd_cut+flat_at_50,2,3,0,
2020-09-07,long,2020-09-09 14:15:00-04:00,2020-09-10 12:45:00-04:00,1.1825899999999998,1.1899899999999999,1.1788899999999998,1.1899899999999999,nan,nan,nan,,nan,,0,0,1.18486,1.18116,0.0037000000000000366,738.5000000000073,win,reverse_fade+target,2,1,1,2020-09-08 07:00:00-04:00
2020-09-14,long,2020-09-15 03:15:00-04:00,2020-09-15 13:45:00-04:00,1.1889,1.186095,1.18329,1.2001200000000003,1.187217,1.186095,1.187217,2020-09-15 12:45:00-04:00,1.186095,2020-09-15 13:45:00-04:00,2,1,1.1888,1.18319,0.005610000000000115,-621.600000000037,loss,dd_cut+flat_at_50,1,3,0,
2020-09-14,short,2020-09-15 13:45:00-04:00,2020-09-17 03:15:00-04:00,1.186095,1.1748749999999997,1.191705,1.1748749999999997,nan,nan,nan,,nan,,0,0,1.1888,1.18319,0.005610000000000115,1120.500000000023,win,reverse_fade+target,1,1,1,2020-09-15 03:15:00-04:00
2020-09-14,short,2020-09-16 01:00:00-04:00,2020-09-16 07:30:00-04:00,1.18314,1.1859450000000002,1.1887500000000002,1.1719199999999999,1.1848230000000002,1.1859450000000002,1.1848230000000002,2020-09-16 02:30:00-04:00,1.1859450000000002,2020-09-16 07:30:00-04:00,2,1,1.1888,1.18319,0.005610000000000115,-621.600000000037,loss,dd_cut+flat_at_50,2,3,0,
2020-09-14,long,2020-09-16 07:30:00-04:00,2020-09-16 18:45:00-04:00,1.1859450000000002,1.1803350000000001,1.1803350000000001,1.1971650000000005,nan,nan,nan,,nan,,0,0,1.1888,1.18319,0.005610000000000115,-562.5000000000115,loss,reverse_fade+stop,2,1,1,2020-09-16 01:00:00-04:00
2020-09-21,short,2020-09-22 07:30:00-04:00,2020-09-25 20:45:00-04:00,1.1723,1.16277,1.1863,1.1442999999999999,1.1764999999999999,1.1793,1.1764999999999999,2020-09-22 10:45:00-04:00,nan,,2,0,1.18717,1.17317,0.014000000000000012,108.49999999998522,win,dd_cut+week_end,1,3,0,
2020-09-28,long,2020-09-29 00:00:00-04:00,2020-10-02 20:45:00-04:00,1.16819,1.17157,1.1617,1.1811700000000003,1.1662430000000001,1.164945,nan,,nan,,0,0,1.16799,1.1615,0.006490000000000107,1009.4999999999816,win,week_end,1,3,0,
2020-10-05,long,2020-10-06 12:15:00-04:00,2020-10-06 18:45:00-04:00,1.18035,1.176355,1.1723599999999998,1.1963300000000003,1.177953,1.176355,1.177953,2020-10-06 13:45:00-04:00,1.176355,2020-10-06 18:45:00-04:00,2,1,1.17975,1.17176,0.007990000000000164,-883.3999999999936,loss,dd_cut+flat_at_50,1,3,0,
2020-10-05,short,2020-10-06 18:45:00-04:00,2020-10-09 20:45:00-04:00,1.176355,1.18248,1.1843450000000002,1.1603749999999997,nan,nan,nan,,nan,,0,0,1.17975,1.17176,0.007990000000000164,-613.9999999999936,loss,reverse_fade+week_end,1,1,1,2020-10-06 12:15:00-04:00
2020-10-05,long,2020-10-09 08:45:00-04:00,2020-10-09 20:45:00-04:00,1.18016,1.18248,1.17217,1.1961400000000004,1.1777630000000001,1.1761650000000001,nan,,nan,,0,0,1.17975,1.17176,0.007990000000000164,691.4999999999634,win,week_end,2,3,0,
2020-10-12,short,2020-10-13 07:00:00-04:00,2020-10-15 08:45:00-04:00,1.1784,1.17042,1.1823899999999998,1.17042,1.1795969999999998,1.1803949999999999,1.1795969999999998,2020-10-13 08:30:00-04:00,nan,,2,0,1.18266,1.17867,0.003989999999999938,554.1000000000091,win,dd_cut+target,1,3,0,
2020-10-12,short,2020-10-15 09:00:00-04:00,2020-10-16 11:15:00-04:00,1.17092,1.172915,1.17491,1.16294,1.1721169999999999,1.172915,1.1721169999999999,2020-10-15 10:30:00-04:00,1.172915,2020-10-16 11:15:00-04:00,2,1,1.18266,1.17867,0.003989999999999938,-443.3999999999754,loss,dd_cut+flat_at_50,2,3,0,
2020-10-12,long,2020-10-16 11:15:00-04:00,2020-10-16 20:45:00-04:00,1.172915,1.17132,1.168925,1.1808949999999998,nan,nan,nan,,nan,,0,0,1.18266,1.17867,0.003989999999999938,-161.0000000000013,loss,reverse_fade+week_end,2,1,1,2020-10-15 09:00:00-04:00
2020-10-19,long,2020-10-20 09:15:00-04:00,2020-10-23 20:45:00-04:00,1.17969,1.18572,1.17064,1.19779,1.1769749999999999,1.1751649999999998,nan,,nan,,0,0,1.17936,1.17031,0.009050000000000002,1804.5000000000607,win,week_end,1,3,0,
2020-10-26,short,2020-10-27 08:00:00-04:00,2020-10-27 11:45:00-04:00,1.18026,1.18262,1.1849800000000001,1.17082,1.1816760000000002,1.18262,1.1816760000000002,2020-10-27 09:30:00-04:00,1.18262,2020-10-27 11:45:00-04:00,2,1,1.18504,1.18032,0.0047200000000000575,-523.7000000000085,loss,dd_cut+flat_at_50,1,3,0,
2020-10-26,long,2020-10-27 11:45:00-04:00,2020-10-27 22:00:00-04:00,1.18262,1.1779,1.1779,1.1920600000000001,nan,nan,nan,,nan,,0,0,1.18504,1.18032,0.0047200000000000575,-473.50000000000574,loss,reverse_fade+stop,1,1,1,2020-10-27 08:00:00-04:00
2020-10-26,short,2020-10-27 20:45:00-04:00,2020-10-29 12:00:00-04:00,1.1795,1.1700599999999999,1.18422,1.1700599999999999,1.180916,1.18186,nan,,nan,,0,0,1.18504,1.18032,0.0047200000000000575,2827.5000000000346,win,target,2,3,0,
2020-11-02,long,2020-11-03 05:15:00-05:00,2020-11-03 15:15:00-05:00,1.16569,1.17241,1.1623299999999999,1.17241,1.164682,1.1640099999999998,nan,,nan,,0,0,1.16557,1.16221,0.0033600000000000296,2011.5000000000177,win,target,1,3,0,
2020-11-02,long,2020-11-03 15:30:00-05:00,2020-11-03 18:15:00-05:00,1.17211,1.17043,1.16875,1.17883,1.1711019999999999,1.17043,1.1711019999999999,2020-11-03 17:45:00-05:00,1.17043,2020-11-03 18:15:00-05:00,2,1,1.16557,1.16221,0.0033600000000000296,-374.10000000001435,loss,dd_cut+flat_at_50,2,3,0,
2020-11-02,short,2020-11-03 18:15:00-05:00,2020-11-03 23:00:00-05:00,1.17043,1.1737900000000001,1.1737900000000001,1.16371,nan,nan,nan,,nan,,0,0,1.16557,1.16221,0.0033600000000000296,-337.50000000000296,loss,reverse_fade+stop,2,1,1,2020-11-03 15:30:00-05:00
2020-11-09,short,2020-11-10 10:00:00-05:00,2020-11-13 21:45:00-05:00,1.17945,1.1831,1.1919200000000003,1.1545099999999997,1.183191,1.1856850000000003,1.183191,2020-11-10 15:00:00-05:00,nan,,2,0,1.19199,1.17952,0.012470000000000203,-1117.699999999992,loss,dd_cut+week_end,1,3,0,
2020-11-16,long,2020-11-17 08:45:00-05:00,2020-11-18 23:45:00-05:00,1.18739,1.18465,1.18191,1.1983499999999998,1.185746,1.18465,1.185746,2020-11-17 17:00:00-05:00,1.18465,2020-11-18 23:45:00-05:00,2,1,1.18689,1.18141,0.005479999999999929,-607.2999999999922,loss,dd_cut+flat_at_50,1,3,0,
2020-11-16,short,2020-11-18 23:45:00-05:00,2020-11-20 21:45:00-05:00,1.18465,1.18544,1.19013,1.1736900000000001,nan,nan,nan,,nan,,0,0,1.18689,1.18141,0.005479999999999929,-80.50000000000685,loss,reverse_fade+week_end,1,1,1,2020-11-17 08:45:00-05:00
2020-11-16,long,2020-11-19 19:30:00-05:00,2020-11-20 21:45:00-05:00,1.18725,1.18544,1.18177,1.1982099999999998,1.185606,1.18451,1.185606,2020-11-20 09:15:00-05:00,nan,,2,0,1.18689,1.18141,0.005479999999999929,-514.2999999999824,loss,dd_cut+week_end,2,3,0,
2020-11-23,long,2020-11-25 03:30:00-05:00,2020-11-27 21:45:00-05:00,1.1907,1.1962,1.18007,1.2119600000000004,1.187511,1.1853850000000001,nan,,nan,,0,0,1.1906,1.17997,0.01063000000000014,1645.4999999999516,win,week_end,1,3,0,
2020-11-30,long,2020-12-01 15:15:00-05:00,2020-12-03 15:30:00-05:00,1.20151,1.21743,1.19355,1.21743,1.199122,1.19753,nan,,nan,,0,0,1.20032,1.19236,0.007959999999999967,4771.49999999998,win,target,1,3,0,
2020-11-30,long,2020-12-03 15:45:00-05:00,2020-12-04 20:45:00-05:00,1.21611,1.2121300000000002,1.20815,1.23203,1.213722,1.2121300000000002,1.213722,2020-12-03 18:00:00-05:00,1.2121300000000002,2020-12-04 20:45:00-05:00,2,1,1.20032,1.19236,0.007959999999999967,-880.0999999999985,loss,dd_cut+flat_at_50,2,3,0,
2020-11-30,short,2020-12-04 20:45:00-05:00,2020-12-04 21:45:00-05:00,1.2121300000000002,1.21202,1.2200900000000001,1.1962100000000002,nan,nan,nan,,nan,,0,0,1.20032,1.19236,0.007959999999999967,9.50000000000545,win,reverse_fade+week_end,2,1,1,2020-12-03 15:45:00-05:00
2020-12-07,short,2020-12-09 16:00:00-05:00,2020-12-10 13:00:00-05:00,1.20772,1.21211,1.2165,1.1901599999999999,1.210354,1.21211,1.210354,2020-12-10 09:30:00-05:00,1.21211,2020-12-10 13:00:00-05:00,2,1,1.21662,1.20784,0.00878000000000001,-970.3000000000167,loss,dd_cut+flat_at_50,1,3,0,
2020-12-07,long,2020-12-10 13:00:00-05:00,2020-12-11 21:45:00-05:00,1.21211,1.21086,1.20333,1.22967,nan,nan,nan,,nan,,0,0,1.21662,1.20784,0.00878000000000001,-126.49999999999733,loss,reverse_fade+week_end,1,1,1,2020-12-09 16:00:00-05:00
2020-12-14,long,2020-12-16 08:30:00-05:00,2020-12-16 16:30:00-05:00,1.21983,1.21677,1.2137099999999998,1.2320700000000002,1.217994,1.21677,1.217994,2020-12-16 13:30:00-05:00,1.21677,2020-12-16 16:30:00-05:00,2,1,1.21767,1.21155,0.006120000000000125,-677.699999999996,loss,dd_cut+flat_at_50,1,3,0,
2020-12-14,short,2020-12-16 16:30:00-05:00,2020-12-17 04:15:00-05:00,1.21677,1.22289,1.22289,1.2045299999999997,nan,nan,nan,,nan,,0,0,1.21767,1.21155,0.006120000000000125,-613.5000000000125,loss,reverse_fade+stop,1,1,1,2020-12-16 08:30:00-05:00
2020-12-14,long,2020-12-16 20:15:00-05:00,2020-12-18 21:45:00-05:00,1.21929,1.22559,1.2131699999999999,1.2315300000000002,1.217454,1.21623,nan,,nan,,0,0,1.21767,1.21155,0.006120000000000125,1885.4999999999918,win,week_end,2,3,0,
2020-12-21,long,2020-12-22 12:15:00-05:00,2020-12-22 15:45:00-05:00,1.2253,1.219135,1.21297,1.24996,1.2216010000000002,1.219135,1.2216010000000002,2020-12-22 14:30:00-05:00,1.219135,2020-12-22 15:45:00-05:00,2,1,1.22529,1.21296,0.012329999999999952,-1360.799999999977,loss,dd_cut+flat_at_50,1,3,0,
2020-12-21,short,2020-12-22 15:45:00-05:00,2020-12-25 07:45:00-05:00,1.219135,1.21922,1.231465,1.1944750000000002,nan,nan,nan,,nan,,0,0,1.22529,1.21296,0.012329999999999952,-9.999999999989072,loss,reverse_fade+week_end,1,1,1,2020-12-22 12:15:00-05:00
2020-12-28,long,2020-12-29 08:15:00-05:00,2020-12-31 16:45:00-05:00,1.22567,1.222215,1.21876,1.23949,1.223597,1.222215,1.223597,2020-12-29 18:00:00-05:00,1.222215,2020-12-31 16:45:00-05:00,2,1,1.22502,1.21811,0.006909999999999972,-764.599999999997,loss,dd_cut+flat_at_50,1,3,0,
2020-12-28,short,2020-12-31 16:45:00-05:00,2020-12-31 21:45:00-05:00,1.222215,1.22141,1.229125,1.208395,nan,nan,nan,,nan,,0,0,1.22502,1.21811,0.006909999999999972,78.99999999999446,win,reverse_fade+week_end,1,1,1,2020-12-29 08:15:00-05:00
2021-01-04,long,2021-01-06 06:30:00-05:00,2021-01-06 16:00:00-05:00,1.23102,1.227465,1.22391,1.24524,1.228887,1.227465,1.228887,2021-01-06 15:45:00-05:00,1.227465,2021-01-06 16:00:00-05:00,2,1,1.23096,1.22385,0.00710999999999995,-786.5999999999856,loss,dd_cut+flat_at_50,1,3,0,
2021-01-04,short,2021-01-06 16:00:00-05:00,2021-01-08 21:45:00-05:00,1.227465,1.22174,1.234575,1.2132450000000001,nan,nan,nan,,nan,,0,0,1.23096,1.22385,0.00710999999999995,570.999999999998,win,reverse_fade+week_end,1,1,1,2021-01-06 06:30:00-05:00
2021-01-04,long,2021-01-06 18:45:00-05:00,2021-01-07 09:45:00-05:00,1.23099,1.227435,1.22388,1.24521,1.228857,1.227435,1.228857,2021-01-07 09:00:00-05:00,1.227435,2021-01-07 09:45:00-05:00,2,1,1.23096,1.22385,0.00710999999999995,-786.5999999999856,loss,dd_cut+flat_at_50,2,3,0,
2021-01-04,short,2021-01-07 09:45:00-05:00,2021-01-08 21:45:00-05:00,1.227435,1.22174,1.234545,1.2132150000000002,nan,nan,nan,,nan,,0,0,1.23096,1.22385,0.00710999999999995,568.0000000000006,win,reverse_fade+week_end,2,1,1,2021-01-06 18:45:00-05:00
2021-01-11,long,2021-01-12 19:30:00-05:00,2021-01-13 11:30:00-05:00,1.22013,1.216745,1.2133599999999998,1.2336700000000003,1.2180989999999998,1.216745,1.2180989999999998,2021-01-13 10:15:00-05:00,1.216745,2021-01-13 11:30:00-05:00,2,1,1.21998,1.21321,0.006770000000000165,-749.2000000000204,loss,dd_cut+flat_at_50,1,3,0,
2021-01-11,short,2021-01-13 11:30:00-05:00,2021-01-15 21:45:00-05:00,1.216745,1.20748,1.2235150000000001,1.2032049999999996,nan,nan,nan,,nan,,0,0,1.21998,1.21321,0.006770000000000165,924.9999999999857,win,reverse_fade+week_end,1,1,1,2021-01-12 19:30:00-05:00
2021-01-11,short,2021-01-14 12:45:00-05:00,2021-01-14 17:45:00-05:00,1.21294,1.2163249999999999,1.21971,1.1993999999999996,1.214971,1.2163249999999999,1.214971,2021-01-14 16:45:00-05:00,1.2163249999999999,2021-01-14 17:45:00-05:00,2,1,1.21998,1.21321,0.006770000000000165,-749.2000000000204,loss,dd_cut+flat_at_50,2,3,0,
2021-01-11,long,2021-01-14 17:45:00-05:00,2021-01-15 14:45:00-05:00,1.2163249999999999,1.2095549999999997,1.2095549999999997,1.2298650000000002,nan,nan,nan,,nan,,0,0,1.21998,1.21321,0.006770000000000165,-678.5000000000165,loss,reverse_fade+stop,2,1,1,2021-01-14 12:45:00-05:00
2021-01-18,long,2021-01-19 00:30:00-05:00,2021-01-20 06:30:00-05:00,1.20878,1.21542,1.20546,1.21542,1.207784,1.20712,nan,,nan,,0,0,1.20867,1.20535,0.0033199999999999896,1987.4999999999939,win,target,1,3,0,
2021-01-18,long,2021-01-20 06:45:00-05:00,2021-01-20 08:45:00-05:00,1.21486,1.2132,1.21154,1.2215,1.213864,1.2132,1.213864,2021-01-20 08:30:00-05:00,1.2132,2021-01-20 08:45:00-05:00,2,1,1.20867,1.20535,0.0033199999999999896,-369.69999999999885,loss,dd_cut+flat_at_50,2,3,0,
2021-01-18,short,2021-01-20 08:45:00-05:00,2021-01-21 13:30:00-05:00,1.2132,1.21652,1.21652,1.20656,nan,nan,nan,,nan,,0,0,1.20867,1.20535,0.0033199999999999896,-333.499999999999,loss,reverse_fade+stop,2,1,1,2021-01-20 06:45:00-05:00
2021-01-25,short,2021-01-26 07:30:00-05:00,2021-01-26 12:15:00-05:00,1.21117,1.21454,1.21791,1.1976900000000001,1.213192,1.21454,1.213192,2021-01-26 08:30:00-05:00,1.21454,2021-01-26 12:15:00-05:00,2,1,1.21832,1.21158,0.006739999999999968,-745.899999999981,loss,dd_cut+flat_at_50,1,3,0,
2021-01-25,long,2021-01-26 12:15:00-05:00,2021-01-27 14:30:00-05:00,1.21454,1.2078,1.2078,1.22802,nan,nan,nan,,nan,,0,0,1.21832,1.21158,0.006739999999999968,-675.4999999999968,loss,reverse_fade+stop,1,1,1,2021-01-26 07:30:00-05:00
2021-01-25,short,2021-01-27 12:00:00-05:00,2021-01-29 12:45:00-05:00,1.21126,1.21463,1.218,1.19778,1.213282,1.21463,1.213282,2021-01-28 14:00:00-05:00,1.21463,2021-01-29 12:45:00-05:00,2,1,1.21832,1.21158,0.006739999999999968,-745.9000000000032,loss,dd_cut+flat_at_50,2,3,0,
2021-01-25,long,2021-01-29 12:45:00-05:00,2021-01-29 21:45:00-05:00,1.21463,1.21298,1.2078900000000001,1.22811,nan,nan,nan,,nan,,0,0,1.21832,1.21158,0.006739999999999968,-166.50000000001512,loss,reverse_fade+week_end,2,1,1,2021-01-27 12:00:00-05:00
2021-02-01,short,2021-02-02 10:15:00-05:00,2021-02-05 21:45:00-05:00,1.20376,1.20481,1.21179,1.1877,1.206169,1.2077749999999998,nan,,nan,,0,0,1.21363,1.2056,0.008029999999999982,-319.49999999999864,loss,week_end,1,3,0,
2021-02-08,long,2021-02-09 02:00:00-05:00,2021-02-12 21:45:00-05:00,1.20716,1.21177,1.20252,1.21644,1.205768,1.20484,nan,,nan,,0,0,1.2066,1.20196,0.0046399999999999775,1378.500000000001,win,week_end,1,3,0,
2021-02-15,long,2021-02-16 02:45:00-05:00,2021-02-16 07:15:00-05:00,1.21454,1.21312,1.2117,1.2202199999999999,1.2136879999999999,1.21312,1.2136879999999999,2021-02-16 05:15:00-05:00,1.21312,2021-02-16 07:15:00-05:00,2,1,1.21451,1.21167,0.0028399999999999537,-316.90000000001265,loss,dd_cut+flat_at_50,1,3,0,
2021-02-15,short,2021-02-16 07:15:00-05:00,2021-02-16 10:30:00-05:00,1.21312,1.21596,1.21596,1.20744,nan,nan,nan,,nan,,0,0,1.21451,1.21167,0.0028399999999999537,-285.49999999999534,loss,reverse_fade+stop,1,1,1,2021-02-16 02:45:00-05:00
2021-02-15,long,2021-02-16 08:30:00-05:00,2021-02-16 13:30:00-05:00,1.21455,1.21313,1.21171,1.22023,1.213698,1.21313,1.213698,2021-02-16 13:15:00-05:00,1.21313,2021-02-16 13:30:00-05:00,2,1,1.21451,1.21167,0.0028399999999999537,-316.90000000001265,loss,dd_cut+flat_at_50,2,3,0,
2021-02-15,short,2021-02-16 13:30:00-05:00,2021-02-17 07:15:00-05:00,1.21313,1.2074500000000001,1.21597,1.2074500000000001,nan,nan,nan,,nan,,0,0,1.21451,1.21167,0.0028399999999999537,566.4999999999907,win,reverse_fade+target,2,1,1,2021-02-16 08:30:00-05:00
2021-02-22,long,2021-02-23 00:45:00-05:00,2021-02-24 13:15:00-05:00,1.21704,1.2131299999999998,1.2092199999999997,1.2326800000000002,1.214694,1.2131299999999998,1.214694,2021-02-23 09:45:00-05:00,1.2131299999999998,2021-02-24 13:15:00-05:00,2,1,1.21693,1.20911,0.00782000000000016,-864.6999999999998,loss,dd_cut+flat_at_50,1,3,0,
2021-02-22,short,2021-02-24 13:15:00-05:00,2021-02-25 09:00:00-05:00,1.2131299999999998,1.22095,1.22095,1.1974899999999995,nan,nan,nan,,nan,,0,0,1.21693,1.20911,0.00782000000000016,-783.500000000016,loss,reverse_fade+stop,1,1,1,2021-02-23 00:45:00-05:00
2021-02-22,long,2021-02-24 21:15:00-05:00,2021-02-26 07:30:00-05:00,1.21709,1.21318,1.2092699999999998,1.2327300000000003,1.214744,1.21318,1.214744,2021-02-26 00:15:00-05:00,1.21318,2021-02-26 07:30:00-05:00,2,1,1.21693,1.20911,0.00782000000000016,-864.6999999999998,loss,dd_cut+flat_at_50,2,3,0,
2021-02-22,short,2021-02-26 07:30:00-05:00,2021-02-26 21:45:00-05:00,1.21318,1.20704,1.221,1.1975399999999996,nan,nan,nan,,nan,,0,0,1.21693,1.20911,0.00782000000000016,612.5000000000034,win,reverse_fade+week_end,2,1,1,2021-02-24 21:15:00-05:00
2021-03-01,short,2021-03-02 02:45:00-05:00,2021-03-02 15:45:00-05:00,1.20212,1.2057950000000002,1.20947,1.1874200000000001,1.204325,1.2057950000000002,1.204325,2021-03-02 14:15:00-05:00,1.2057950000000002,2021-03-02 15:45:00-05:00,2,1,1.21011,1.20276,0.007349999999999968,-813.000000000012,loss,dd_cut+flat_at_50,1,3,0,
2021-03-01,long,2021-03-02 15:45:00-05:00,2021-03-04 18:00:00-05:00,1.2057950000000002,1.1984450000000002,1.1984450000000002,1.220495,nan,nan,nan,,nan,,0,0,1.21011,1.20276,0.007349999999999968,-736.4999999999968,loss,reverse_fade+stop,1,1,1,2021-03-02 02:45:00-05:00
2021-03-01,long,2021-03-03 09:30:00-05:00,2021-03-03 11:30:00-05:00,1.21098,1.2073049999999999,1.20363,1.2256799999999999,1.208775,1.2073049999999999,1.208775,2021-03-03 10:30:00-05:00,1.2073049999999999,2021-03-03 11:30:00-05:00,2,1,1.21011,1.20276,0.007349999999999968,-813.000000000012,loss,dd_cut+flat_at_50,2,3,0,
2021-03-01,short,2021-03-03 11:30:00-05:00,2021-03-05 08:15:00-05:00,1.2073049999999999,1.192605,1.2146549999999998,1.192605,nan,nan,nan,,nan,,0,0,1.21011,1.20276,0.007349999999999968,1468.4999999999936,win,reverse_fade+target,2,1,1,2021-03-03 09:30:00-05:00
2021-03-08,short,2021-03-09 00:15:00-05:00,2021-03-09 07:45:00-05:00,1.18441,1.188805,1.1932,1.1668299999999998,1.187047,1.188805,1.187047,2021-03-09 07:15:00-05:00,1.188805,2021-03-09 07:45:00-05:00,2,1,1.19321,1.18442,0.008790000000000076,-971.3999999999928,loss,dd_cut+flat_at_50,1,3,0,
2021-03-08,long,2021-03-09 07:45:00-05:00,2021-03-12 21:45:00-05:00,1.188805,1.19476,1.1800149999999998,1.206385,nan,nan,nan,,nan,,0,0,1.19321,1.18442,0.008790000000000076,594.0000000000155,win,reverse_fade+week_end,1,1,1,2021-03-09 00:15:00-05:00
2021-03-08,long,2021-03-11 07:00:00-05:00,2021-03-12 21:45:00-05:00,1.19337,1.19476,1.18458,1.2109500000000002,1.190733,1.1889750000000001,nan,,nan,,0,0,1.19321,1.18442,0.008790000000000076,412.5000000000007,win,week_end,2,3,0,
2021-03-15,short,2021-03-16 13:45:00-04:00,2021-03-17 18:00:00-04:00,1.19025,1.19307,1.19589,1.1789700000000003,1.191942,1.19307,1.191942,2021-03-17 18:00:00-04:00,1.19307,2021-03-17 18:00:00-04:00,2,1,1.19674,1.1911,0.005639999999999867,-624.9000000000099,loss,dd_cut+flat_at_50,1,3,0,
2021-03-15,long,2021-03-17 18:00:00-04:00,2021-03-19 13:30:00-04:00,1.19307,1.1874300000000002,1.1874300000000002,1.2043499999999998,nan,nan,nan,,nan,,0,0,1.19674,1.1911,0.005639999999999867,-565.4999999999867,loss,reverse_fade+stop,1,1,1,2021-03-16 13:45:00-04:00
2021-03-15,long,2021-03-17 18:30:00-04:00,2021-03-18 07:30:00-04:00,1.19808,1.1952600000000002,1.1924400000000002,1.2093599999999998,1.196388,1.1952600000000002,1.196388,2021-03-17 19:00:00-04:00,1.1952600000000002,2021-03-18 07:30:00-04:00,2,1,1.19674,1.1911,0.005639999999999867,-624.8999999999876,loss,dd_cut+flat_at_50,2,3,0,
2021-03-15,short,2021-03-18 07:30:00-04:00,2021-03-19 20:45:00-04:00,1.1952600000000002,1.19031,1.2009,1.1839800000000005,nan,nan,nan,,nan,,0,0,1.19674,1.1911,0.005639999999999867,493.5000000000232,win,reverse_fade+week_end,2,1,1,2021-03-17 18:30:00-04:00
2021-03-22,short,2021-03-23 13:45:00-04:00,2021-03-26 20:45:00-04:00,1.18728,1.17918,1.1945199999999998,1.1728,1.189452,1.1908999999999998,nan,,nan,,0,0,1.19468,1.18744,0.007239999999999913,2425.499999999999,win,week_end,1,3,0,
2021-03-29,short,2021-03-30 06:15:00-04:00,2021-04-01 15:45:00-04:00,1.17562,1.177285,1.17895,1.1689600000000004,1.176619,1.177285,1.176619,2021-04-01 15:15:00-04:00,1.177285,2021-04-01 15:45:00-04:00,2,1,1.17939,1.17606,0.003329999999999833,-370.799999999975,loss,dd_cut+flat_at_50,1,3,0,
2021-03-29,long,2021-04-01 15:45:00-04:00,2021-04-02 20:45:00-04:00,1.177285,1.17603,1.173955,1.1839449999999996,nan,nan,nan,,nan,,0,0,1.17939,1.17606,0.003329999999999833,-127.00000000000061,loss,reverse_fade+week_end,1,1,1,2021-03-30 06:15:00-04:00
2021-03-29,short,2021-04-02 13:00:00-04:00,2021-04-02 20:45:00-04:00,1.17571,1.17603,1.1790399999999999,1.1690500000000004,1.176709,1.177375,1.176709,2021-04-02 13:30:00-04:00,nan,,2,0,1.17939,1.17606,0.003329999999999833,-236.29999999998205,loss,dd_cut+week_end,2,3,0,
2021-04-05,long,2021-04-06 07:45:00-04:00,2021-04-09 20:45:00-04:00,1.18202,1.18977,1.17387,1.1983200000000003,1.179575,1.177945,1.179575,2021-04-06 08:30:00-04:00,nan,,2,0,1.18194,1.17379,0.008150000000000102,281.4999999999863,win,dd_cut+week_end,1,3,0,
2021-04-12,long,2021-04-13 12:30:00-04:00,2021-04-16 20:45:00-04:00,1.19264,1.19805,1.18784,1.2022399999999998,1.1912,1.19024,nan,,nan,,0,0,1.1919,1.1871,0.0047999999999999154,1618.500000000041,win,week_end,1,3,0,
2021-04-19,long,2021-04-20 02:15:00-04:00,2021-04-22 18:00:00-04:00,1.205,1.1997200000000001,1.19444,1.2261200000000003,1.201832,1.1997200000000001,1.201832,2021-04-21 07:00:00-04:00,1.1997200000000001,2021-04-22 18:00:00-04:00,2,1,1.2048,1.19424,0.010560000000000125,-1166.1000000000072,loss,dd_cut+flat_at_50,1,3,0,
2021-04-19,short,2021-04-22 18:00:00-04:00,2021-04-23 20:45:00-04:00,1.1997200000000001,1.20938,1.2102800000000002,1.1785999999999999,nan,nan,nan,,nan,,0,0,1.2048,1.19424,0.010560000000000125,-967.499999999978,loss,reverse_fade+week_end,1,1,1,2021-04-20 02:15:00-04:00
2021-04-19,long,2021-04-23 07:15:00-04:00,2021-04-23 20:45:00-04:00,1.20496,1.20938,1.1944,1.2260800000000003,1.201792,1.1996799999999999,nan,,nan,,0,0,1.2048,1.19424,0.010560000000000125,1321.4999999999607,win,week_end,2,3,0,
2021-04-26,short,2021-04-27 08:00:00-04:00,2021-04-27 11:45:00-04:00,1.20591,1.2087050000000001,1.2115,1.19473,1.207587,1.2087050000000001,1.207587,2021-04-27 10:30:00-04:00,1.2087050000000001,2021-04-27 11:45:00-04:00,2,1,1.21167,1.20608,0.005589999999999984,-619.399999999996,loss,dd_cut+flat_at_50,1,3,0,
2021-04-26,long,2021-04-27 11:45:00-04:00,2021-04-30 15:00:00-04:00,1.2087050000000001,1.2031150000000002,1.2031150000000002,1.219885,nan,nan,nan,,nan,,0,0,1.21167,1.20608,0.005589999999999984,-560.4999999999984,loss,reverse_fade+stop,1,1,1,2021-04-27 08:00:00-04:00
2021-04-26,short,2021-04-28 06:45:00-04:00,2021-04-28 14:15:00-04:00,1.20593,1.2087249999999998,1.21152,1.19475,1.2076069999999999,1.2087249999999998,1.2076069999999999,2021-04-28 07:45:00-04:00,1.2087249999999998,2021-04-28 14:15:00-04:00,2,1,1.21167,1.20608,0.005589999999999984,-619.3999999999737,loss,dd_cut+flat_at_50,2,3,0,
2021-04-26,long,2021-04-28 14:15:00-04:00,2021-04-30 15:00:00-04:00,1.2087249999999998,1.2031349999999998,1.2031349999999998,1.2199049999999998,nan,nan,nan,,nan,,0,0,1.21167,1.20608,0.005589999999999984,-560.4999999999984,loss,reverse_fade+stop,2,1,1,2021-04-28 06:45:00-04:00
2021-05-03,short,2021-05-04 08:45:00-04:00,2021-05-04 15:00:00-04:00,1.20032,1.20347,1.20662,1.18772,1.20221,1.20347,1.20221,2021-05-04 12:00:00-04:00,1.20347,2021-05-04 15:00:00-04:00,2,1,1.2076,1.2013,0.006299999999999972,-697.4999999999881,loss,dd_cut+flat_at_50,1,3,0,
2021-05-03,long,2021-05-04 15:00:00-04:00,2021-05-07 15:30:00-04:00,1.20347,1.21607,1.19717,1.21607,nan,nan,nan,,nan,,0,0,1.2076,1.2013,0.006299999999999972,1258.4999999999945,win,reverse_fade+target,1,1,1,2021-05-04 08:45:00-04:00
2021-05-03,short,2021-05-04 18:45:00-04:00,2021-05-06 08:30:00-04:00,1.20111,1.2042599999999999,1.2074099999999999,1.18851,1.2029999999999998,1.2042599999999999,1.2029999999999998,2021-05-06 08:15:00-04:00,1.2042599999999999,2021-05-06 08:30:00-04:00,2,1,1.2076,1.2013,0.006299999999999972,-697.4999999999881,loss,dd_cut+flat_at_50,2,3,0,
2021-05-03,long,2021-05-06 08:30:00-04:00,2021-05-07 19:30:00-04:00,1.2042599999999999,1.2168599999999998,1.19796,1.2168599999999998,nan,nan,nan,,nan,,0,0,1.2076,1.2013,0.006299999999999972,1258.4999999999945,win,reverse_fade+target,2,1,1,2021-05-04 18:45:00-04:00
2021-05-10,short,2021-05-12 02:45:00-04:00,2021-05-12 13:00:00-04:00,1.21245,1.2150050000000001,1.21756,1.2022300000000001,1.213983,1.2150050000000001,1.213983,2021-05-12 07:30:00-04:00,1.2150050000000001,2021-05-12 13:00:00-04:00,2,1,1.21782,1.21271,0.005109999999999948,-566.6000000000099,loss,dd_cut+flat_at_50,1,3,0,
2021-05-10,long,2021-05-12 13:00:00-04:00,2021-05-12 13:15:00-04:00,1.2150050000000001,1.2098950000000002,1.2098950000000002,1.225225,nan,nan,nan,,nan,,0,0,1.21782,1.21271,0.005109999999999948,-512.4999999999948,loss,reverse_fade+stop,1,1,1,2021-05-12 02:45:00-04:00
2021-05-10,short,2021-05-12 13:15:00-04:00,2021-05-14 08:15:00-04:00,1.20937,1.211925,1.21448,1.1991500000000002,1.210903,1.211925,1.210903,2021-05-12 13:30:00-04:00,1.211925,2021-05-14 08:15:00-04:00,2,1,1.21782,1.21271,0.005109999999999948,-566.5999999999876,loss,dd_cut+flat_at_50,2,3,0,
2021-05-10,long,2021-05-14 08:15:00-04:00,2021-05-14 20:45:00-04:00,1.211925,1.2142,1.206815,1.2221449999999998,nan,nan,nan,,nan,,0,0,1.21782,1.21271,0.005109999999999948,226.0000000000027,win,reverse_fade+week_end,2,1,1,2021-05-12 13:15:00-04:00
2021-05-17,long,2021-05-18 06:00:00-04:00,2021-05-21 20:45:00-04:00,1.2177,1.21778,1.2134200000000002,1.2262599999999997,1.2164160000000002,1.21556,1.2164160000000002,2021-05-19 19:00:00-04:00,nan,,2,0,1.21687,1.21259,0.0042799999999998395,-253.29999999996016,loss,dd_cut+week_end,1,3,0,
2021-05-24,long,2021-05-25 06:15:00-04:00,2021-05-26 15:30:00-04:00,1.22299,1.220245,1.2175,1.23397,1.221343,1.220245,1.221343,2021-05-26 15:15:00-04:00,1.220245,2021-05-26 15:30:00-04:00,2,1,1.22298,1.21749,0.005489999999999995,-608.3999999999905,loss,dd_cut+flat_at_50,1,3,0,
2021-05-24,short,2021-05-26 15:30:00-04:00,2021-05-28 20:45:00-04:00,1.220245,1.21905,1.225735,1.209265,nan,nan,nan,,nan,,0,0,1.22298,1.21749,0.005489999999999995,118.00000000000571,win,reverse_fade+week_end,1,1,1,2021-05-25 06:15:00-04:00
2021-05-24,short,2021-05-28 06:00:00-04:00,2021-05-28 16:30:00-04:00,1.21746,1.220205,1.22295,1.20648,1.219107,1.220205,1.219107,2021-05-28 08:00:00-04:00,1.220205,2021-05-28 16:30:00-04:00,2,1,1.22298,1.21749,0.005489999999999995,-608.3999999999905,loss,dd_cut+flat_at_50,2,3,0,
2021-05-24,long,2021-05-28 16:30:00-04:00,2021-05-28 20:45:00-04:00,1.220205,1.21905,1.214715,1.231185,nan,nan,nan,,nan,,0,0,1.22298,1.21749,0.005489999999999995,-117.0000000000017,loss,reverse_fade+week_end,2,1,1,2021-05-28 06:00:00-04:00
2021-05-31,long,2021-06-01 07:30:00-04:00,2021-06-02 06:30:00-04:00,1.22354,1.2209850000000002,1.2184300000000001,1.23376,1.222007,1.2209850000000002,1.222007,2021-06-01 08:15:00-04:00,1.2209850000000002,2021-06-02 06:30:00-04:00,2,1,1.22343,1.21832,0.005109999999999948,-566.5999999999876,loss,dd_cut+flat_at_50,1,3,0,
2021-05-31,short,2021-06-02 06:30:00-04:00,2021-06-04 05:45:00-04:00,1.2209850000000002,1.2107650000000003,1.2260950000000002,1.2107650000000003,nan,nan,nan,,nan,,0,0,1.22343,1.21832,0.005109999999999948,1020.4999999999895,win,reverse_fade+target,1,1,1,2021-06-01 07:30:00-04:00
2021-05-31,short,2021-06-02 08:45:00-04:00,2021-06-02 14:45:00-04:00,1.21812,1.220675,1.22323,1.2079000000000002,1.219653,1.220675,1.219653,2021-06-02 13:30:00-04:00,1.220675,2021-06-02 14:45:00-04:00,2,1,1.22343,1.21832,0.005109999999999948,-566.5999999999876,loss,dd_cut+flat_at_50,2,3,0,
2021-05-31,long,2021-06-02 14:45:00-04:00,2021-06-03 13:00:00-04:00,1.220675,1.215565,1.215565,1.2308949999999999,nan,nan,nan,,nan,,0,0,1.22343,1.21832,0.005109999999999948,-512.4999999999948,loss,reverse_fade+stop,2,1,1,2021-06-02 08:45:00-04:00
2021-06-07,long,2021-06-09 13:00:00-04:00,2021-06-09 16:30:00-04:00,1.22039,1.217545,1.2147000000000001,1.23177,1.2186830000000002,1.217545,1.2186830000000002,2021-06-09 14:45:00-04:00,1.217545,2021-06-09 16:30:00-04:00,2,1,1.22017,1.21448,0.005689999999999973,-630.3999999999792,loss,dd_cut+flat_at_50,1,3,0,
2021-06-07,short,2021-06-09 16:30:00-04:00,2021-06-11 20:45:00-04:00,1.217545,1.21072,1.223235,1.2061650000000002,nan,nan,nan,,nan,,0,0,1.22017,1.21448,0.005689999999999973,681.0000000000081,win,reverse_fade+week_end,1,1,1,2021-06-09 13:00:00-04:00
2021-06-07,short,2021-06-11 11:15:00-04:00,2021-06-11 20:45:00-04:00,1.21394,1.21072,1.21963,1.20256,1.215647,1.216785,nan,,nan,,0,0,1.22017,1.21448,0.005689999999999973,961.5000000000002,win,week_end,2,3,0,
2021-06-14,long,2021-06-15 06:15:00-04:00,2021-06-15 10:45:00-04:00,1.21324,1.2114250000000002,1.20961,1.2205000000000001,1.212151,1.2114250000000002,1.212151,2021-06-15 09:00:00-04:00,1.2114250000000002,2021-06-15 10:45:00-04:00,2,1,1.21305,1.20942,0.003630000000000022,-403.80000000001354,loss,dd_cut+flat_at_50,1,3,0,
2021-06-14,short,2021-06-15 10:45:00-04:00,2021-06-16 18:00:00-04:00,1.2114250000000002,1.2041650000000002,1.2150550000000002,1.2041650000000002,nan,nan,nan,,nan,,0,0,1.21305,1.20942,0.003630000000000022,724.5000000000044,win,reverse_fade+target,1,1,1,2021-06-15 06:15:00-04:00
2021-06-14,long,2021-06-16 07:45:00-04:00,2021-06-16 11:00:00-04:00,1.21325,1.2114349999999998,1.20962,1.22051,1.212161,1.2114349999999998,1.212161,2021-06-16 09:15:00-04:00,1.2114349999999998,2021-06-16 11:00:00-04:00,2,1,1.21305,1.20942,0.003630000000000022,-403.7999999999913,loss,dd_cut+flat_at_50,2,3,0,
2021-06-14,short,2021-06-16 11:00:00-04:00,2021-06-16 18:00:00-04:00,1.2114349999999998,1.2041749999999998,1.2150649999999998,1.2041749999999998,nan,nan,nan,,nan,,0,0,1.21305,1.20942,0.003630000000000022,724.5000000000044,win,reverse_fade+target,2,1,1,2021-06-16 07:45:00-04:00
2021-06-21,long,2021-06-22 16:15:00-04:00,2021-06-25 20:45:00-04:00,1.19291,1.19347,1.18554,1.2076499999999997,1.190699,1.189225,nan,,nan,,0,0,1.19213,1.18476,0.007369999999999877,163.5000000000348,win,week_end,1,3,0,
2021-06-28,short,2021-06-29 08:45:00-04:00,2021-07-02 12:30:00-04:00,1.19012,1.1816800000000003,1.19434,1.1816800000000003,1.191386,1.19223,nan,,nan,,0,0,1.19444,1.19022,0.0042199999999998905,2527.499999999934,win,target,1,3,0,
2021-06-28,short,2021-07-02 12:45:00-04:00,2021-07-02 18:00:00-04:00,1.18473,1.1868400000000001,1.18895,1.1762900000000003,1.185996,1.1868400000000001,1.185996,2021-07-02 17:30:00-04:00,1.1868400000000001,2021-07-02 18:00:00-04:00,2,1,1.19444,1.19022,0.0042199999999998905,-468.7000000000035,loss,dd_cut+flat_at_50,2,3,0,
2021-06-28,long,2021-07-02 18:00:00-04:00,2021-07-02 20:45:00-04:00,1.1868400000000001,1.18622,1.1826200000000002,1.19528,nan,nan,nan,,nan,,0,0,1.19444,1.19022,0.0042199999999998905,-63.500000000006494,loss,reverse_fade+week_end,2,1,1,2021-07-02 12:45:00-04:00
2021-07-05,long,2021-07-06 05:45:00-04:00,2021-07-06 08:00:00-04:00,1.18826,1.186805,1.1853500000000001,1.19408,1.1873870000000002,1.186805,1.1873870000000002,2021-07-06 07:45:00-04:00,1.186805,2021-07-06 08:00:00-04:00,2,1,1.18804,1.18513,0.002909999999999968,-324.59999999997876,loss,dd_cut+flat_at_50,1,3,0,
2021-07-05,short,2021-07-06 08:00:00-04:00,2021-07-06 16:15:00-04:00,1.186805,1.1809850000000002,1.189715,1.1809850000000002,nan,nan,nan,,nan,,0,0,1.18804,1.18513,0.002909999999999968,580.4999999999936,win,reverse_fade+target,1,1,1,2021-07-06 05:45:00-04:00
2021-07-05,short,2021-07-06 08:15:00-04:00,2021-07-07 14:15:00-04:00,1.18484,1.17902,1.1877499999999999,1.17902,1.1857129999999998,1.1862949999999999,nan,,nan,,0,0,1.18804,1.18513,0.002909999999999968,1741.499999999981,win,target,2,3,0,
2021-07-12,short,2021-07-13 12:30:00-04:00,2021-07-14 19:45:00-04:00,1.1815,1.18371,1.18592,1.1726599999999998,1.182826,1.18371,1.182826,2021-07-13 14:15:00-04:00,1.18371,2021-07-14 19:45:00-04:00,2,1,1.18802,1.1836,0.0044200000000000905,-490.6999999999922,loss,dd_cut+flat_at_50,1,3,0,
2021-07-12,long,2021-07-14 19:45:00-04:00,2021-07-16 11:45:00-04:00,1.18371,1.17929,1.17929,1.1925500000000002,nan,nan,nan,,nan,,0,0,1.18802,1.1836,0.0044200000000000905,-443.50000000000904,loss,reverse_fade+stop,1,1,1,2021-07-13 12:30:00-04:00
2021-07-12,short,2021-07-14 20:45:00-04:00,2021-07-16 20:45:00-04:00,1.18355,1.18047,1.1879700000000002,1.17471,1.184876,1.1857600000000001,1.184876,2021-07-15 08:30:00-04:00,nan,,2,0,1.18802,1.1836,0.0044200000000000905,38.30000000003173,win,dd_cut+week_end,2,3,0,
2021-07-19,short,2021-07-20 13:15:00-04:00,2021-07-21 14:00:00-04:00,1.17587,1.17891,1.1819499999999998,1.1637100000000002,1.177694,1.17891,1.177694,2021-07-20 14:15:00-04:00,1.17891,2021-07-21 14:00:00-04:00,2,1,1.18244,1.17636,0.006079999999999863,-673.3000000000027,loss,dd_cut+flat_at_50,1,3,0,
2021-07-19,long,2021-07-21 14:00:00-04:00,2021-07-23 20:45:00-04:00,1.17891,1.17683,1.17283,1.1910699999999996,nan,nan,nan,,nan,,0,0,1.18244,1.17636,0.006079999999999863,-209.49999999998596,loss,reverse_fade+week_end,1,1,1,2021-07-20 13:15:00-04:00
2021-07-19,long,2021-07-22 13:15:00-04:00,2021-07-22 14:00:00-04:00,1.18282,1.17978,1.1767400000000001,1.1949799999999997,1.180996,1.17978,1.180996,2021-07-22 14:00:00-04:00,1.17978,2021-07-22 14:00:00-04:00,2,1,1.18244,1.17636,0.006079999999999863,-673.3000000000027,loss,dd_cut+flat_at_50,2,3,0,
2021-07-19,short,2021-07-22 14:00:00-04:00,2021-07-23 20:45:00-04:00,1.17978,1.17683,1.18586,1.1676200000000003,nan,nan,nan,,nan,,0,0,1.18244,1.17636,0.006079999999999863,293.5000000000008,win,reverse_fade+week_end,2,1,1,2021-07-22 13:15:00-04:00
2021-07-26,long,2021-07-27 12:45:00-04:00,2021-07-28 12:30:00-04:00,1.18186,1.17916,1.1764599999999998,1.19266,1.18024,1.17916,1.18024,2021-07-27 13:45:00-04:00,1.17916,2021-07-28 12:30:00-04:00,2,1,1.18172,1.17632,0.005400000000000071,-598.4999999999834,loss,dd_cut+flat_at_50,1,3,0,
2021-07-26,short,2021-07-28 12:30:00-04:00,2021-07-28 19:30:00-04:00,1.17916,1.18456,1.18456,1.1683599999999998,nan,nan,nan,,nan,,0,0,1.18172,1.17632,0.005400000000000071,-541.5000000000072,loss,reverse_fade+stop,1,1,1,2021-07-27 12:45:00-04:00
2021-07-26,long,2021-07-28 17:00:00-04:00,2021-07-28 18:00:00-04:00,1.18177,1.1790699999999998,1.17637,1.1925700000000001,1.18015,1.1790699999999998,1.18015,2021-07-28 18:00:00-04:00,1.1790699999999998,2021-07-28 18:00:00-04:00,2,1,1.18172,1.17632,0.005400000000000071,-598.5000000000057,loss,dd_cut+flat_at_50,2,3,0,
2021-07-26,short,2021-07-28 18:00:00-04:00,2021-07-28 19:15:00-04:00,1.1790699999999998,1.18447,1.18447,1.1682699999999997,nan,nan,nan,,nan,,0,0,1.18172,1.17632,0.005400000000000071,-541.5000000000072,loss,reverse_fade+stop,2,1,1,2021-07-28 17:00:00-04:00
2021-08-02,short,2021-08-03 15:00:00-04:00,2021-08-04 06:45:00-04:00,1.18583,1.187735,1.18964,1.1782099999999998,1.186973,1.187735,1.186973,2021-08-03 23:00:00-04:00,1.187735,2021-08-04 06:45:00-04:00,2,1,1.18968,1.18587,0.003810000000000091,-423.60000000002776,loss,dd_cut+flat_at_50,1,3,0,
2021-08-02,long,2021-08-04 06:45:00-04:00,2021-08-04 14:15:00-04:00,1.187735,1.183925,1.183925,1.1953550000000002,nan,nan,nan,,nan,,0,0,1.18968,1.18587,0.003810000000000091,-382.5000000000091,loss,reverse_fade+stop,1,1,1,2021-08-03 15:00:00-04:00
2021-08-02,short,2021-08-04 08:15:00-04:00,2021-08-04 12:15:00-04:00,1.18518,1.187085,1.18899,1.1775599999999997,1.186323,1.187085,1.186323,2021-08-04 11:15:00-04:00,1.187085,2021-08-04 12:15:00-04:00,2,1,1.18968,1.18587,0.003810000000000091,-423.60000000002776,loss,dd_cut+flat_at_50,2,3,0,
2021-08-02,long,2021-08-04 12:15:00-04:00,2021-08-04 15:00:00-04:00,1.187085,1.1832749999999999,1.1832749999999999,1.1947050000000001,nan,nan,nan,,nan,,0,0,1.18968,1.18587,0.003810000000000091,-382.5000000000091,loss,reverse_fade+stop,2,1,1,2021-08-04 08:15:00-04:00
2021-08-09,short,2021-08-10 01:45:00-04:00,2021-08-11 17:00:00-04:00,1.17326,1.174985,1.17671,1.16636,1.1742949999999999,1.174985,1.1742949999999999,2021-08-11 12:30:00-04:00,1.174985,2021-08-11 17:00:00-04:00,2,1,1.17689,1.17344,0.003449999999999953,-383.9999999999771,loss,dd_cut+flat_at_50,1,3,0,
2021-08-09,long,2021-08-11 17:00:00-04:00,2021-08-13 20:45:00-04:00,1.174985,1.17933,1.171535,1.1818849999999999,nan,nan,nan,,nan,,0,0,1.17689,1.17344,0.003449999999999953,433.0000000000043,win,reverse_fade+week_end,1,1,1,2021-08-10 01:45:00-04:00
2021-08-09,short,2021-08-12 07:15:00-04:00,2021-08-13 11:00:00-04:00,1.17343,1.175155,1.17688,1.16653,1.1744649999999999,1.175155,1.1744649999999999,2021-08-12 08:30:00-04:00,1.175155,2021-08-13 11:00:00-04:00,2,1,1.17689,1.17344,0.003449999999999953,-383.9999999999771,loss,dd_cut+flat_at_50,2,3,0,
2021-08-09,long,2021-08-13 11:00:00-04:00,2021-08-13 20:45:00-04:00,1.175155,1.17933,1.171705,1.1820549999999999,nan,nan,nan,,nan,,0,0,1.17689,1.17344,0.003449999999999953,416.000000000004,win,reverse_fade+week_end,2,1,1,2021-08-12 07:15:00-04:00
2021-08-16,short,2021-08-17 06:00:00-04:00,2021-08-17 08:15:00-04:00,1.1766,1.1782700000000002,1.1799400000000002,1.1699199999999998,1.177602,1.1782700000000002,1.177602,2021-08-17 08:00:00-04:00,1.1782700000000002,2021-08-17 08:15:00-04:00,2,1,1.18006,1.17672,0.0033400000000001207,-371.8999999999955,loss,dd_cut+flat_at_50,1,3,0,
2021-08-16,long,2021-08-17 08:15:00-04:00,2021-08-17 12:30:00-04:00,1.1782700000000002,1.17493,1.17493,1.1849500000000004,nan,nan,nan,,nan,,0,0,1.18006,1.17672,0.0033400000000001207,-335.50000000001205,loss,reverse_fade+stop,1,1,1,2021-08-17 06:00:00-04:00
2021-08-16,short,2021-08-17 10:15:00-04:00,2021-08-18 15:15:00-04:00,1.17664,1.1699599999999997,1.17998,1.1699599999999997,1.1776419999999999,1.17831,nan,,nan,,0,0,1.18006,1.17672,0.0033400000000001207,1999.5000000000723,win,target,2,3,0,
2021-08-23,long,2021-08-24 12:45:00-04:00,2021-08-27 20:45:00-04:00,1.17505,1.1791,1.1695399999999998,1.1860700000000002,1.1733969999999998,1.1722949999999999,1.1733969999999998,2021-08-25 02:15:00-04:00,nan,,2,0,1.17501,1.1695,0.005510000000000126,69.8999999999856,win,dd_cut+week_end,1,3,0,
2021-08-30,long,2021-08-31 03:15:00-04:00,2021-08-31 14:45:00-04:00,1.18147,1.18012,1.1787699999999999,1.1868700000000003,1.18066,1.18012,1.18066,2021-08-31 14:45:00-04:00,1.18012,2021-08-31 14:45:00-04:00,2,1,1.18097,1.17827,0.0027000000000001467,-301.4999999999917,loss,dd_cut+flat_at_50,1,3,0,
2021-08-30,short,2021-08-31 14:45:00-04:00,2021-09-01 12:30:00-04:00,1.18012,1.1828200000000002,1.1828200000000002,1.1747199999999998,nan,nan,nan,,nan,,0,0,1.18097,1.17827,0.0027000000000001467,-271.50000000001467,loss,reverse_fade+stop,1,1,1,2021-08-31 03:15:00-04:00
2021-08-30,long,2021-08-31 18:45:00-04:00,2021-09-01 04:45:00-04:00,1.18128,1.1799300000000001,1.17858,1.1866800000000004,1.1804700000000001,1.1799300000000001,1.1804700000000001,2021-09-01 00:30:00-04:00,1.1799300000000001,2021-09-01 04:45:00-04:00,2,1,1.18097,1.17827,0.0027000000000001467,-301.4999999999917,loss,dd_cut+flat_at_50,2,3,0,
2021-08-30,short,2021-09-01 04:45:00-04:00,2021-09-01 12:15:00-04:00,1.1799300000000001,1.1826300000000003,1.1826300000000003,1.1745299999999999,nan,nan,nan,,nan,,0,0,1.18097,1.17827,0.0027000000000001467,-271.50000000001467,loss,reverse_fade+stop,2,1,1,2021-08-31 18:45:00-04:00
2021-09-06,short,2021-09-07 12:45:00-04:00,2021-09-10 20:45:00-04:00,1.18504,1.18101,1.18804,1.1790400000000003,1.18594,1.18654,1.18594,2021-09-07 13:30:00-04:00,nan,,2,0,1.18857,1.18557,0.0029999999999998916,218.50000000003985,win,dd_cut+week_end,1,3,0,
2021-09-13,long,2021-09-14 02:30:00-04:00,2021-09-16 06:45:00-04:00,1.18171,1.1793650000000002,1.1770200000000002,1.1910899999999998,1.180303,1.1793650000000002,1.180303,2021-09-14 10:45:00-04:00,1.1793650000000002,2021-09-16 06:45:00-04:00,2,1,1.18169,1.177,0.004689999999999861,-520.3999999999692,loss,dd_cut+flat_at_50,1,3,0,
2021-09-13,short,2021-09-16 06:45:00-04:00,2021-09-17 20:45:00-04:00,1.1793650000000002,1.17239,1.184055,1.1699850000000005,nan,nan,nan,,nan,,0,0,1.18169,1.177,0.004689999999999861,696.0000000000175,win,reverse_fade+week_end,1,1,1,2021-09-14 02:30:00-04:00
2021-09-13,short,2021-09-16 09:00:00-04:00,2021-09-17 20:45:00-04:00,1.17668,1.17239,1.1813699999999998,1.1673000000000002,1.1780869999999999,1.1790249999999998,1.1780869999999999,2021-09-17 07:00:00-04:00,nan,,2,0,1.18169,1.177,0.004689999999999861,143.10000000000326,win,dd_cut+week_end,2,3,0,
2021-09-20,long,2021-09-21 01:45:00-04:00,2021-09-21 07:45:00-04:00,1.17388,1.172065,1.17025,1.18114,1.1727910000000001,1.172065,1.1727910000000001,2021-09-21 07:00:00-04:00,1.172065,2021-09-21 07:45:00-04:00,2,1,1.17364,1.17001,0.003630000000000022,-403.7999999999913,loss,dd_cut+flat_at_50,1,3,0,
2021-09-20,short,2021-09-21 07:45:00-04:00,2021-09-24 20:45:00-04:00,1.172065,1.17181,1.175695,1.1648049999999999,nan,nan,nan,,nan,,0,0,1.17364,1.17001,0.003630000000000022,23.99999999998942,win,reverse_fade+week_end,1,1,1,2021-09-21 01:45:00-04:00
2021-09-20,long,2021-09-22 14:00:00-04:00,2021-09-22 17:45:00-04:00,1.17399,1.1721750000000002,1.17036,1.1812500000000001,1.172901,1.1721750000000002,1.172901,2021-09-22 17:30:00-04:00,1.1721750000000002,2021-09-22 17:45:00-04:00,2,1,1.17364,1.17001,0.003630000000000022,-403.80000000001354,loss,dd_cut+flat_at_50,2,3,0,
2021-09-20,short,2021-09-22 17:45:00-04:00,2021-09-24 20:45:00-04:00,1.1721750000000002,1.17181,1.1758050000000002,1.1649150000000001,nan,nan,nan,,nan,,0,0,1.17364,1.17001,0.003630000000000022,35.000000000017074,win,reverse_fade+week_end,2,1,1,2021-09-22 14:00:00-04:00
2021-09-27,short,2021-09-28 06:30:00-04:00,2021-09-29 16:30:00-04:00,1.16832,1.16024,1.17236,1.16024,1.169532,1.17034,1.169532,2021-09-28 14:15:00-04:00,nan,,2,0,1.1725,1.16846,0.0040400000000000436,561.1000000000106,win,dd_cut+target,1,3,0,
2021-09-27,short,2021-09-29 16:45:00-04:00,2021-10-01 20:45:00-04:00,1.16013,1.15923,1.1641700000000001,1.15205,1.161342,1.16215,nan,,nan,,0,0,1.1725,1.16846,0.0040400000000000436,265.5000000000369,win,week_end,2,3,0,
2021-10-04,short,2021-10-05 14:00:00-04:00,2021-10-05 15:15:00-04:00,1.15861,1.1612299999999998,1.1638499999999998,1.14813,1.1601819999999998,1.1612299999999998,1.1601819999999998,2021-10-05 15:00:00-04:00,1.1612299999999998,2021-10-05 15:15:00-04:00,2,1,1.164,1.15876,0.005239999999999911,-580.8999999999658,loss,dd_cut+flat_at_50,1,3,0,
2021-10-04,long,2021-10-05 15:15:00-04:00,2021-10-06 07:45:00-04:00,1.1612299999999998,1.1559899999999999,1.1559899999999999,1.1717099999999996,nan,nan,nan,,nan,,0,0,1.164,1.15876,0.005239999999999911,-525.4999999999911,loss,reverse_fade+stop,1,1,1,2021-10-05 14:00:00-04:00
2021-10-04,short,2021-10-06 04:15:00-04:00,2021-10-08 20:45:00-04:00,1.15845,1.15721,1.16369,1.1479700000000002,1.1600219999999999,1.16107,nan,,nan,,0,0,1.164,1.15876,0.005239999999999911,367.4999999999724,win,week_end,2,3,0,
2021-10-11,short,2021-10-12 12:15:00-04:00,2021-10-13 10:15:00-04:00,1.15469,1.156635,1.1585800000000002,1.1469099999999997,1.1558570000000001,1.156635,1.1558570000000001,2021-10-13 08:30:00-04:00,1.156635,2021-10-13 10:15:00-04:00,2,1,1.15867,1.15478,0.003890000000000171,-432.4000000000366,loss,dd_cut+flat_at_50,1,3,0,
2021-10-11,long,2021-10-13 10:15:00-04:00,2021-10-15 20:45:00-04:00,1.156635,1.15983,1.152745,1.1644150000000004,nan,nan,nan,,nan,,0,0,1.15867,1.15478,0.003890000000000171,317.9999999999837,win,reverse_fade+week_end,1,1,1,2021-10-12 12:15:00-04:00
2021-10-11,short,2021-10-13 12:30:00-04:00,2021-10-13 13:30:00-04:00,1.15435,1.156295,1.1582400000000002,1.1465699999999996,1.1555170000000001,1.156295,1.1555170000000001,2021-10-13 13:15:00-04:00,1.156295,2021-10-13 13:30:00-04:00,2,1,1.15867,1.15478,0.003890000000000171,-432.4000000000366,loss,dd_cut+flat_at_50,2,3,0,
2021-10-11,long,2021-10-13 13:30:00-04:00,2021-10-15 20:45:00-04:00,1.156295,1.15983,1.152405,1.1640750000000004,nan,nan,nan,,nan,,0,0,1.15867,1.15478,0.003890000000000171,351.99999999998437,win,reverse_fade+week_end,2,1,1,2021-10-13 12:30:00-04:00
2021-10-18,long,2021-10-19 00:45:00-04:00,2021-10-22 20:45:00-04:00,1.1625,1.16395,1.15744,1.1726200000000002,1.1609820000000002,1.15997,nan,,nan,,0,0,1.16223,1.15717,0.0050600000000000644,430.49999999998545,win,week_end,1,3,0,
2021-10-25,short,2021-10-26 15:30:00-04:00,2021-10-27 12:30:00-04:00,1.15869,1.1623999999999999,1.16611,1.14385,1.160916,1.1623999999999999,1.160916,2021-10-27 07:00:00-04:00,1.1623999999999999,2021-10-27 12:30:00-04:00,2,1,1.16649,1.15907,0.007419999999999982,-820.7000000000003,loss,dd_cut+flat_at_50,1,3,0,
2021-10-25,long,2021-10-27 12:30:00-04:00,2021-10-29 15:15:00-04:00,1.1623999999999999,1.15498,1.15498,1.1772399999999998,nan,nan,nan,,nan,,0,0,1.16649,1.15907,0.007419999999999982,-743.4999999999982,loss,reverse_fade+stop,1,1,1,2021-10-26 15:30:00-04:00
2021-10-25,short,2021-10-28 08:45:00-04:00,2021-10-28 12:45:00-04:00,1.159,1.1627100000000001,1.16642,1.14416,1.161226,1.1627100000000001,1.161226,2021-10-28 11:45:00-04:00,1.1627100000000001,2021-10-28 12:45:00-04:00,2,1,1.16649,1.15907,0.007419999999999982,-820.7000000000226,loss,dd_cut+flat_at_50,2,3,0,
2021-10-25,long,2021-10-28 12:45:00-04:00,2021-10-29 15:15:00-04:00,1.1627100000000001,1.1552900000000002,1.1552900000000002,1.17755,nan,nan,nan,,nan,,0,0,1.16649,1.15907,0.007419999999999982,-743.4999999999982,loss,reverse_fade+stop,2,1,1,2021-10-28 08:45:00-04:00
2021-11-01,long,2021-11-02 07:30:00-04:00,2021-11-02 15:45:00-04:00,1.16111,1.15796,1.1548100000000001,1.17371,1.1592200000000001,1.15796,1.1592200000000001,2021-11-02 08:45:00-04:00,1.15796,2021-11-02 15:45:00-04:00,2,1,1.1609,1.1546,0.006299999999999972,-697.4999999999881,loss,dd_cut+flat_at_50,1,3,0,
2021-11-01,short,2021-11-02 15:45:00-04:00,2021-11-05 20:45:00-04:00,1.15796,1.15631,1.16426,1.1453600000000002,nan,nan,nan,,nan,,0,0,1.1609,1.1546,0.006299999999999972,163.50000000001512,win,reverse_fade+week_end,1,1,1,2021-11-02 07:30:00-04:00
2021-11-01,long,2021-11-03 18:45:00-04:00,2021-11-04 06:45:00-04:00,1.16098,1.15783,1.15468,1.1735799999999998,1.15909,1.15783,1.15909,2021-11-04 04:45:00-04:00,1.15783,2021-11-04 06:45:00-04:00,2,1,1.1609,1.1546,0.006299999999999972,-697.4999999999881,loss,dd_cut+flat_at_50,2,3,0,
2021-11-01,short,2021-11-04 06:45:00-04:00,2021-11-05 20:45:00-04:00,1.15783,1.15631,1.1641299999999999,1.14523,nan,nan,nan,,nan,,0,0,1.1609,1.1546,0.006299999999999972,150.4999999999966,win,reverse_fade+week_end,2,1,1,2021-11-03 18:45:00-04:00
2021-11-08,long,2021-11-09 04:30:00-05:00,2021-11-09 12:00:00-05:00,1.1597,1.15747,1.15524,1.1686199999999998,1.158362,1.15747,1.158362,2021-11-09 08:15:00-05:00,1.15747,2021-11-09 12:00:00-05:00,2,1,1.15949,1.15503,0.0044599999999999085,-495.10000000000775,loss,dd_cut+flat_at_50,1,3,0,
2021-11-08,short,2021-11-09 12:00:00-05:00,2021-11-10 18:00:00-05:00,1.15747,1.1485500000000002,1.16193,1.1485500000000002,nan,nan,nan,,nan,,0,0,1.15949,1.15503,0.0044599999999999085,890.4999999999817,win,reverse_fade+target,1,1,1,2021-11-09 04:30:00-05:00
2021-11-08,long,2021-11-09 14:30:00-05:00,2021-11-09 15:15:00-05:00,1.16013,1.1579000000000002,1.1556700000000002,1.16905,1.158792,1.1579000000000002,1.158792,2021-11-09 15:00:00-05:00,1.1579000000000002,2021-11-09 15:15:00-05:00,2,1,1.15949,1.15503,0.0044599999999999085,-495.10000000000775,loss,dd_cut+flat_at_50,2,3,0,
2021-11-08,short,2021-11-09 15:15:00-05:00,2021-11-10 18:00:00-05:00,1.1579000000000002,1.1489800000000003,1.16236,1.1489800000000003,nan,nan,nan,,nan,,0,0,1.15949,1.15503,0.0044599999999999085,890.4999999999817,win,reverse_fade+target,2,1,1,2021-11-09 14:30:00-05:00
2021-11-15,short,2021-11-16 10:15:00-05:00,2021-11-19 21:45:00-05:00,1.13556,1.12794,1.1463199999999998,1.1140400000000001,1.138788,1.1409399999999998,nan,,nan,,0,0,1.14638,1.13562,0.01075999999999988,2281.499999999988,win,week_end,1,3,0,
2021-11-22,short,2021-11-24 08:45:00-05:00,2021-11-26 08:15:00-05:00,1.1222,1.1251900000000001,1.1281800000000002,1.11024,1.1239940000000002,1.1251900000000001,1.1239940000000002,2021-11-26 07:00:00-05:00,1.1251900000000001,2021-11-26 08:15:00-05:00,2,1,1.12904,1.12306,0.005980000000000096,-662.3000000000195,loss,dd_cut+flat_at_50,1,3,0,
2021-11-22,long,2021-11-26 08:15:00-05:00,2021-11-26 21:45:00-05:00,1.1251900000000001,1.13071,1.11921,1.1371500000000003,nan,nan,nan,,nan,,0,0,1.12904,1.12306,0.005980000000000096,550.4999999999969,win,reverse_fade+week_end,1,1,1,2021-11-24 08:45:00-05:00
2021-11-22,long,2021-11-26 12:45:00-05:00,2021-11-26 21:45:00-05:00,1.12916,1.13071,1.1231799999999998,1.1411200000000001,1.1273659999999999,1.12617,nan,,nan,,0,0,1.12904,1.12306,0.005980000000000096,460.50000000004866,win,week_end,2,3,0,
2021-11-29,long,2021-11-30 02:15:00-05:00,2021-11-30 15:45:00-05:00,1.13011,1.12801,1.12591,1.13851,1.12885,1.12801,1.12885,2021-11-30 15:45:00-05:00,1.12801,2021-11-30 15:45:00-05:00,2,1,1.13003,1.12583,0.0041999999999999815,-466.5000000000069,loss,dd_cut+flat_at_50,1,3,0,
2021-11-29,short,2021-11-30 15:45:00-05:00,2021-11-30 19:45:00-05:00,1.12801,1.13221,1.13221,1.11961,nan,nan,nan,,nan,,0,0,1.13003,1.12583,0.0041999999999999815,-421.4999999999982,loss,reverse_fade+stop,1,1,1,2021-11-30 02:15:00-05:00
2021-11-29,long,2021-11-30 17:30:00-05:00,2021-12-03 06:45:00-05:00,1.13067,1.12857,1.12647,1.13907,1.12941,1.12857,1.12941,2021-12-03 01:00:00-05:00,1.12857,2021-12-03 06:45:00-05:00,2,1,1.13003,1.12583,0.0041999999999999815,-466.5000000000069,loss,dd_cut+flat_at_50,2,3,0,
2021-11-29,short,2021-12-03 06:45:00-05:00,2021-12-03 13:30:00-05:00,1.12857,1.13277,1.13277,1.12017,nan,nan,nan,,nan,,0,0,1.13003,1.12583,0.0041999999999999815,-421.4999999999982,loss,reverse_fade+stop,2,1,1,2021-11-30 17:30:00-05:00
2021-12-06,short,2021-12-07 09:00:00-05:00,2021-12-08 01:45:00-05:00,1.12585,1.12804,1.13023,1.11709,1.127164,1.12804,1.127164,2021-12-07 09:45:00-05:00,1.12804,2021-12-08 01:45:00-05:00,2,1,1.13101,1.12663,0.0043800000000000505,-486.2999999999989,loss,dd_cut+flat_at_50,1,3,0,
2021-12-06,long,2021-12-08 01:45:00-05:00,2021-12-10 21:45:00-05:00,1.12804,1.13146,1.1236599999999999,1.1368,nan,nan,nan,,nan,,0,0,1.13101,1.12663,0.0043800000000000505,340.49999999999784,win,reverse_fade+week_end,1,1,1,2021-12-07 09:00:00-05:00
2021-12-06,long,2021-12-08 13:45:00-05:00,2021-12-09 15:00:00-05:00,1.13162,1.1294300000000002,1.12724,1.1403800000000002,1.130306,1.1294300000000002,1.130306,2021-12-08 14:15:00-05:00,1.1294300000000002,2021-12-09 15:00:00-05:00,2,1,1.13101,1.12663,0.0043800000000000505,-486.2999999999989,loss,dd_cut+flat_at_50,2,3,0,
2021-12-06,short,2021-12-09 15:00:00-05:00,2021-12-10 21:45:00-05:00,1.1294300000000002,1.13146,1.1338100000000002,1.12067,nan,nan,nan,,nan,,0,0,1.13101,1.12663,0.0043800000000000505,-204.49999999997542,loss,reverse_fade+week_end,2,1,1,2021-12-08 13:45:00-05:00
2021-12-13,long,2021-12-14 10:00:00-05:00,2021-12-14 15:30:00-05:00,1.13143,1.12873,1.1260299999999999,1.14223,1.12981,1.12873,1.12981,2021-12-14 14:00:00-05:00,1.12873,2021-12-14 15:30:00-05:00,2,1,1.1314,1.126,0.005400000000000071,-598.4999999999834,loss,dd_cut+flat_at_50,1,3,0,
2021-12-13,short,2021-12-14 15:30:00-05:00,2021-12-16 12:45:00-05:00,1.12873,1.13413,1.13413,1.1179299999999999,nan,nan,nan,,nan,,0,0,1.1314,1.126,0.005400000000000071,-541.5000000000072,loss,reverse_fade+stop,1,1,1,2021-12-14 10:00:00-05:00
2021-12-13,short,2021-12-14 19:00:00-05:00,2021-12-15 20:15:00-05:00,1.12598,1.1286800000000001,1.13138,1.1151799999999998,1.1276,1.1286800000000001,1.1276,2021-12-15 06:45:00-05:00,1.1286800000000001,2021-12-15 20:15:00-05:00,2,1,1.1314,1.126,0.005400000000000071,-598.5000000000057,loss,dd_cut+flat_at_50,2,3,0,
2021-12-13,long,2021-12-15 20:15:00-05:00,2021-12-17 21:45:00-05:00,1.1286800000000001,1.1237,1.12328,1.1394800000000003,nan,nan,nan,,nan,,0,0,1.1314,1.126,0.005400000000000071,-499.50000000002063,loss,reverse_fade+week_end,2,1,1,2021-12-14 19:00:00-05:00
2021-12-20,long,2021-12-22 11:30:00-05:00,2021-12-24 21:45:00-05:00,1.13069,1.13102,1.1239499999999998,1.1441700000000004,1.128668,1.1273199999999999,nan,,nan,,0,0,1.13037,1.12363,0.00674000000000019,94.49999999998244,win,week_end,1,3,0,
2021-12-27,short,2021-12-28 15:00:00-05:00,2021-12-28 16:15:00-05:00,1.12956,1.1311399999999998,1.13272,1.1232399999999998,1.1305079999999998,1.1311399999999998,1.1305079999999998,2021-12-28 16:00:00-05:00,1.1311399999999998,2021-12-28 16:15:00-05:00,2,1,1.13344,1.13028,0.0031600000000000517,-352.09999999998126,loss,dd_cut+flat_at_50,1,3,0,
2021-12-27,long,2021-12-28 16:15:00-05:00,2021-12-29 09:00:00-05:00,1.1311399999999998,1.1279799999999998,1.1279799999999998,1.13746,nan,nan,nan,,nan,,0,0,1.13344,1.13028,0.0031600000000000517,-317.5000000000052,loss,reverse_fade+stop,1,1,1,2021-12-28 15:00:00-05:00
2021-12-27,short,2021-12-28 18:15:00-05:00,2021-12-29 13:30:00-05:00,1.13016,1.1317400000000002,1.13332,1.12384,1.131108,1.1317400000000002,1.131108,2021-12-28 20:45:00-05:00,1.1317400000000002,2021-12-29 13:30:00-05:00,2,1,1.13344,1.13028,0.0031600000000000517,-352.1000000000035,loss,dd_cut+flat_at_50,2,3,0,
2021-12-27,long,2021-12-29 13:30:00-05:00,2021-12-31 17:15:00-05:00,1.1317400000000002,1.1380600000000003,1.1285800000000001,1.1380600000000003,nan,nan,nan,,nan,,0,0,1.13344,1.13028,0.0031600000000000517,630.5000000000103,win,reverse_fade+target,2,1,1,2021-12-28 18:15:00-05:00
2022-01-03,short,2022-01-04 11:45:00-05:00,2022-01-05 12:15:00-05:00,1.1276,1.13239,1.13718,1.1084399999999996,1.130474,1.13239,1.130474,2022-01-04 15:15:00-05:00,1.13239,2022-01-05 12:15:00-05:00,2,1,1.13755,1.12797,0.009580000000000144,-1058.3000000000159,loss,dd_cut+flat_at_50,1,3,0,
2022-01-03,long,2022-01-05 12:15:00-05:00,2022-01-07 21:45:00-05:00,1.13239,1.13593,1.1228099999999999,1.1515500000000003,nan,nan,nan,,nan,,0,0,1.13755,1.12797,0.009580000000000144,352.5000000000099,win,reverse_fade+week_end,1,1,1,2022-01-04 11:45:00-05:00
2022-01-10,long,2022-01-11 16:00:00-05:00,2022-01-14 21:45:00-05:00,1.13597,1.1409,1.12864,1.1506299999999996,1.1337709999999999,1.1323050000000001,nan,,nan,,0,0,1.1358,1.12847,0.007329999999999837,1474.5000000000305,win,week_end,1,3,0,
2022-01-17,short,2022-01-18 09:30:00-05:00,2022-01-20 20:45:00-05:00,1.13892,1.13038,1.14319,1.13038,1.140201,1.141055,nan,,nan,,0,0,1.14344,1.13917,0.004269999999999996,2557.4999999999977,win,target,1,3,0,
2022-01-17,short,2022-01-20 21:00:00-05:00,2022-01-21 02:45:00-05:00,1.13105,1.133185,1.13532,1.1225100000000001,1.1323310000000002,1.133185,1.1323310000000002,2022-01-21 02:45:00-05:00,1.133185,2022-01-21 02:45:00-05:00,2,1,1.14344,1.13917,0.004269999999999996,-474.2000000000173,loss,dd_cut+flat_at_50,2,3,0,
2022-01-17,long,2022-01-21 02:45:00-05:00,2022-01-21 21:45:00-05:00,1.133185,1.13418,1.1289150000000001,1.141725,nan,nan,nan,,nan,,0,0,1.14344,1.13917,0.004269999999999996,97.9999999999857,win,reverse_fade+week_end,2,1,1,2022-01-20 21:00:00-05:00
2022-01-24,short,2022-01-25 09:30:00-05:00,2022-01-27 11:00:00-05:00,1.12857,1.11845,1.1336300000000001,1.11845,1.1300880000000002,1.1311,1.1300880000000002,2022-01-25 19:45:00-05:00,nan,,2,0,1.1341,1.12904,0.0050600000000000644,703.8999999999868,win,dd_cut+target,1,3,0,
2022-01-24,short,2022-01-27 11:15:00-05:00,2022-01-28 21:45:00-05:00,1.11882,1.1145,1.12388,1.1086999999999998,1.1203379999999998,1.12135,nan,,nan,,0,0,1.1341,1.12904,0.0050600000000000644,1291.4999999999638,win,week_end,2,3,0,
2022-01-31,long,2022-02-01 07:45:00-05:00,2022-02-04 10:00:00-05:00,1.12664,1.1473999999999998,1.1162600000000003,1.1473999999999998,1.123526,1.1214500000000003,1.123526,2022-02-01 16:45:00-05:00,nan,,2,0,1.12478,1.1144,0.010379999999999834,1448.6999999999546,win,dd_cut+target,1,3,0,
2022-01-31,long,2022-02-04 10:15:00-05:00,2022-02-04 14:45:00-05:00,1.14693,1.14174,1.1365500000000002,1.1676899999999997,1.1438160000000002,1.14174,1.1438160000000002,2022-02-04 13:30:00-05:00,1.14174,2022-02-04 14:45:00-05:00,2,1,1.12478,1.1144,0.010379999999999834,-1146.2999999999706,loss,dd_cut+flat_at_50,2,3,0,
2022-01-31,short,2022-02-04 14:45:00-05:00,2022-02-04 21:45:00-05:00,1.14174,1.14477,1.1521199999999998,1.1209800000000003,nan,nan,nan,,nan,,0,0,1.12478,1.1144,0.010379999999999834,-304.5000000000088,loss,reverse_fade+week_end,2,1,1,2022-02-04 10:15:00-05:00
2022-02-07,short,2022-02-08 07:00:00-05:00,2022-02-08 10:45:00-05:00,1.14053,1.1427100000000001,1.14489,1.1318100000000002,1.141838,1.1427100000000001,1.141838,2022-02-08 10:45:00-05:00,1.1427100000000001,2022-02-08 10:45:00-05:00,2,1,1.14587,1.14151,0.0043599999999999195,-484.09999999998,loss,dd_cut+flat_at_50,1,3,0,
2022-02-07,long,2022-02-08 10:45:00-05:00,2022-02-10 13:45:00-05:00,1.1427100000000001,1.1383500000000002,1.1383500000000002,1.15143,nan,nan,nan,,nan,,0,0,1.14587,1.14151,0.0043599999999999195,-437.4999999999919,loss,reverse_fade+stop,1,1,1,2022-02-08 07:00:00-05:00
2022-02-07,short,2022-02-08 13:00:00-05:00,2022-02-09 02:45:00-05:00,1.14072,1.1429,1.1450799999999999,1.1320000000000001,1.1420279999999998,1.1429,1.1420279999999998,2022-02-08 14:15:00-05:00,1.1429,2022-02-09 02:45:00-05:00,2,1,1.14587,1.14151,0.0043599999999999195,-484.09999999998,loss,dd_cut+flat_at_50,2,3,0,
2022-02-07,long,2022-02-09 02:45:00-05:00,2022-02-10 13:30:00-05:00,1.1429,1.13854,1.13854,1.1516199999999999,nan,nan,nan,,nan,,0,0,1.14587,1.14151,0.0043599999999999195,-437.4999999999919,loss,reverse_fade+stop,2,1,1,2022-02-08 13:00:00-05:00
2022-02-14,long,2022-02-16 07:30:00-05:00,2022-02-17 04:00:00-05:00,1.13737,1.1329150000000001,1.12846,1.15519,1.134697,1.1329150000000001,1.134697,2022-02-17 03:45:00-05:00,1.1329150000000001,2022-02-17 04:00:00-05:00,2,1,1.1369,1.12799,0.008909999999999973,-984.5999999999726,loss,dd_cut+flat_at_50,1,3,0,
2022-02-14,short,2022-02-17 04:00:00-05:00,2022-02-18 21:45:00-05:00,1.1329150000000001,1.13203,1.141825,1.1150950000000002,nan,nan,nan,,nan,,0,0,1.1369,1.12799,0.008909999999999973,87.00000000000247,win,reverse_fade+week_end,1,1,1,2022-02-16 07:30:00-05:00
2022-02-14,long,2022-02-17 06:15:00-05:00,2022-02-18 16:00:00-05:00,1.13716,1.132705,1.12825,1.15498,1.134487,1.132705,1.134487,2022-02-17 09:00:00-05:00,1.132705,2022-02-18 16:00:00-05:00,2,1,1.1369,1.12799,0.008909999999999973,-984.5999999999726,loss,dd_cut+flat_at_50,2,3,0,
2022-02-14,short,2022-02-18 16:00:00-05:00,2022-02-18 21:45:00-05:00,1.132705,1.13203,1.141615,1.1148850000000001,nan,nan,nan,,nan,,0,0,1.1369,1.12799,0.008909999999999973,65.99999999999812,win,reverse_fade+week_end,2,1,1,2022-02-17 06:15:00-05:00
2022-02-21,short,2022-02-22 03:30:00-05:00,2022-02-22 10:15:00-05:00,1.12939,1.1340999999999999,1.1388099999999999,1.11055,1.132216,1.1340999999999999,1.132216,2022-02-22 08:15:00-05:00,1.1340999999999999,2022-02-22 10:15:00-05:00,2,1,1.13905,1.12963,0.009419999999999984,-1040.6999999999982,loss,dd_cut+flat_at_50,1,3,0,
2022-02-21,long,2022-02-22 10:15:00-05:00,2022-02-24 03:30:00-05:00,1.1340999999999999,1.12468,1.12468,1.1529399999999999,nan,nan,nan,,nan,,0,0,1.13905,1.12963,0.009419999999999984,-943.4999999999984,loss,reverse_fade+stop,1,1,1,2022-02-22 03:30:00-05:00
2022-02-21,short,2022-02-24 00:15:00-05:00,2022-02-25 21:45:00-05:00,1.1292,1.12719,1.13862,1.11036,1.132026,1.13391,nan,,nan,,0,0,1.13905,1.12963,0.009419999999999984,598.5000000000202,win,week_end,2,3,0,
2022-02-28,short,2022-03-01 15:00:00-05:00,2022-03-04 13:30:00-05:00,1.11297,1.0921099999999997,1.1234000000000002,1.0921099999999997,1.1160990000000002,1.118185,nan,,nan,,0,0,1.12464,1.11421,0.010430000000000161,6253.500000000096,win,target,1,3,0,
2022-02-28,short,2022-03-04 13:45:00-05:00,2022-03-04 21:45:00-05:00,1.09088,1.09311,1.1013100000000002,1.0700199999999997,1.0940090000000002,1.096095,1.0940090000000002,2022-03-04 21:45:00-05:00,nan,,2,0,1.12464,1.11421,0.010430000000000161,-853.3000000000274,loss,dd_cut+week_end,2,3,0,
2022-03-07,long,2022-03-08 17:15:00-05:00,2022-03-11 21:45:00-05:00,1.09373,1.09099,1.08107,1.1190500000000003,1.0899320000000001,1.0874000000000001,1.0899320000000001,2022-03-08 21:30:00-05:00,nan,,2,0,1.09325,1.08059,0.012660000000000116,-1038.1000000000122,loss,dd_cut+week_end,1,3,0,
2022-03-14,long,2022-03-15 07:15:00-04:00,2022-03-15 16:00:00-04:00,1.09999,1.0953249999999999,1.09066,1.1186500000000001,1.097191,1.0953249999999999,1.097191,2022-03-15 15:15:00-04:00,1.0953249999999999,2022-03-15 16:00:00-04:00,2,1,1.09938,1.09005,0.00933000000000006,-1030.8000000000134,loss,dd_cut+flat_at_50,1,3,0,
2022-03-14,short,2022-03-15 16:00:00-04:00,2022-03-16 20:00:00-04:00,1.0953249999999999,1.104655,1.104655,1.0766649999999998,nan,nan,nan,,nan,,0,0,1.09938,1.09005,0.00933000000000006,-934.500000000006,loss,reverse_fade+stop,1,1,1,2022-03-15 07:15:00-04:00
2022-03-14,long,2022-03-16 09:00:00-04:00,2022-03-18 20:45:00-04:00,1.09962,1.10492,1.09029,1.1182800000000002,1.096821,1.0949550000000001,1.096821,2022-03-16 18:00:00-04:00,nan,,2,0,1.09938,1.09005,0.00933000000000006,-34.30000000001314,loss,dd_cut+week_end,2,3,0,
2022-03-21,short,2022-03-22 00:00:00-04:00,2022-03-22 13:45:00-04:00,1.10083,1.103825,1.10682,1.08885,1.102627,1.103825,1.102627,2022-03-22 12:15:00-04:00,1.103825,2022-03-22 13:45:00-04:00,2,1,1.10701,1.10102,0.00598999999999994,-663.4000000000178,loss,dd_cut+flat_at_50,1,3,0,
2022-03-21,long,2022-03-22 13:45:00-04:00,2022-03-23 11:30:00-04:00,1.103825,1.0978350000000001,1.0978350000000001,1.115805,nan,nan,nan,,nan,,0,0,1.10701,1.10102,0.00598999999999994,-600.499999999994,loss,reverse_fade+stop,1,1,1,2022-03-22 00:00:00-04:00
2022-03-21,short,2022-03-23 09:30:00-04:00,2022-03-25 01:30:00-04:00,1.09943,1.1024249999999998,1.1054199999999998,1.08745,1.101227,1.1024249999999998,1.101227,2022-03-24 00:15:00-04:00,1.1024249999999998,2022-03-25 01:30:00-04:00,2,1,1.10701,1.10102,0.00598999999999994,-663.3999999999955,loss,dd_cut+flat_at_50,2,3,0,
2022-03-21,long,2022-03-25 01:30:00-04:00,2022-03-25 20:45:00-04:00,1.1024249999999998,1.09805,1.0964349999999998,1.1144049999999996,nan,nan,nan,,nan,,0,0,1.10701,1.10102,0.00598999999999994,-438.9999999999796,loss,reverse_fade+week_end,2,1,1,2022-03-23 09:30:00-04:00
2022-03-28,long,2022-03-29 06:30:00-04:00,2022-03-29 12:15:00-04:00,1.10021,1.11119,1.09472,1.11119,1.098563,1.097465,1.098563,2022-03-29 08:45:00-04:00,nan,,2,0,1.09995,1.09446,0.005489999999999995,764.1000000000083,win,dd_cut+target,1,3,0,
2022-03-28,long,2022-03-29 12:30:00-04:00,2022-03-29 16:15:00-04:00,1.11152,1.108775,1.10603,1.1225,1.109873,1.108775,1.109873,2022-03-29 13:00:00-04:00,1.108775,2022-03-29 16:15:00-04:00,2,1,1.09995,1.09446,0.005489999999999995,-608.3999999999905,loss,dd_cut+flat_at_50,2,3,0,
2022-03-28,short,2022-03-29 16:15:00-04:00,2022-03-30 08:30:00-04:00,1.108775,1.114265,1.114265,1.097795,nan,nan,nan,,nan,,0,0,1.09995,1.09446,0.005489999999999995,-550.4999999999995,loss,reverse_fade+stop,2,1,1,2022-03-29 12:30:00-04:00
2022-04-04,short,2022-04-05 10:30:00-04:00,2022-04-08 20:45:00-04:00,1.09583,1.08744,1.10524,1.0770100000000002,1.098653,1.100535,nan,,nan,,0,0,1.10544,1.09603,0.009409999999999918,2512.500000000036,win,week_end,1,3,0,
2022-04-11,short,2022-04-12 01:00:00-04:00,2022-04-12 12:45:00-04:00,1.087,1.090025,1.09305,1.0748999999999997,1.088815,1.090025,1.088815,2022-04-12 12:30:00-04:00,1.090025,2022-04-12 12:45:00-04:00,2,1,1.09332,1.08727,0.006050000000000111,-670.00000000003,loss,dd_cut+flat_at_50,1,3,0,
2022-04-11,long,2022-04-12 12:45:00-04:00,2022-04-12 16:30:00-04:00,1.090025,1.083975,1.083975,1.1021250000000002,nan,nan,nan,,nan,,0,0,1.09332,1.08727,0.006050000000000111,-606.5000000000111,loss,reverse_fade+stop,1,1,1,2022-04-12 01:00:00-04:00
2022-04-11,short,2022-04-12 13:45:00-04:00,2022-04-14 01:45:00-04:00,1.087,1.090025,1.09305,1.0748999999999997,1.088815,1.090025,1.088815,2022-04-12 14:45:00-04:00,1.090025,2022-04-14 01:45:00-04:00,2,1,1.09332,1.08727,0.006050000000000111,-670.00000000003,loss,dd_cut+flat_at_50,2,3,0,
2022-04-11,long,2022-04-14 01:45:00-04:00,2022-04-14 13:00:00-04:00,1.090025,1.083975,1.083975,1.1021250000000002,nan,nan,nan,,nan,,0,0,1.09332,1.08727,0.006050000000000111,-606.5000000000111,loss,reverse_fade+stop,2,1,1,2022-04-12 13:45:00-04:00
2022-04-18,short,2022-04-19 02:15:00-04:00,2022-04-19 07:15:00-04:00,1.07655,1.07884,1.08113,1.0673899999999998,1.0779239999999999,1.07884,1.0779239999999999,2022-04-19 04:00:00-04:00,1.07884,2022-04-19 07:15:00-04:00,2,1,1.08156,1.07698,0.0045800000000000285,-508.30000000000985,loss,dd_cut+flat_at_50,1,3,0,
2022-04-18,long,2022-04-19 07:15:00-04:00,2022-04-21 06:30:00-04:00,1.07884,1.088,1.07426,1.088,nan,nan,nan,,nan,,0,0,1.08156,1.07698,0.0045800000000000285,914.5000000000057,win,reverse_fade+target,1,1,1,2022-04-19 02:15:00-04:00
2022-04-18,long,2022-04-20 03:15:00-04:00,2022-04-21 07:15:00-04:00,1.08182,1.09098,1.07724,1.09098,1.080446,1.07953,nan,,nan,,0,0,1.08156,1.07698,0.0045800000000000285,2743.5000000000173,win,target,2,3,0,
2022-04-25,short,2022-04-26 07:15:00-04:00,2022-04-29 20:45:00-04:00,1.06911,1.05409,1.08064,1.04605,1.072569,1.074875,nan,,nan,,0,0,1.08119,1.06966,0.01153000000000004,4501.50000000001,win,week_end,1,3,0,
2022-05-02,long,2022-05-04 18:30:00-04:00,2022-05-05 13:45:00-04:00,1.05836,1.054455,1.0505499999999999,1.0739800000000002,1.056017,1.054455,1.056017,2022-05-05 11:15:00-04:00,1.054455,2022-05-05 13:45:00-04:00,2,1,1.05682,1.04901,0.007810000000000095,-863.6000000000015,loss,dd_cut+flat_at_50,1,3,0,
2022-05-02,short,2022-05-05 13:45:00-04:00,2022-05-06 20:45:00-04:00,1.054455,1.05452,1.062265,1.0388349999999997,nan,nan,nan,,nan,,0,0,1.05682,1.04901,0.007810000000000095,-7.999999999998174,loss,reverse_fade+week_end,1,1,1,2022-05-04 18:30:00-04:00
2022-05-02,short,2022-05-06 06:45:00-04:00,2022-05-06 07:45:00-04:00,1.04862,1.0525250000000002,1.0564300000000002,1.033,1.050963,1.0525250000000002,1.050963,2022-05-06 07:15:00-04:00,1.0525250000000002,2022-05-06 07:45:00-04:00,2,1,1.05682,1.04901,0.007810000000000095,-863.6000000000015,loss,dd_cut+flat_at_50,2,3,0,
2022-05-02,long,2022-05-06 07:45:00-04:00,2022-05-06 20:45:00-04:00,1.0525250000000002,1.05452,1.044715,1.0681450000000003,nan,nan,nan,,nan,,0,0,1.05682,1.04901,0.007810000000000095,197.9999999999747,win,reverse_fade+week_end,2,1,1,2022-05-06 06:45:00-04:00
2022-05-09,short,2022-05-12 06:00:00-04:00,2022-05-13 20:45:00-04:00,1.04925,1.04116,1.05898,1.02979,1.0521690000000001,1.054115,nan,,nan,,0,0,1.05924,1.04951,0.009730000000000016,2422.499999999979,win,week_end,1,3,0,
2022-05-16,long,2022-05-17 00:00:00-04:00,2022-05-17 11:45:00-04:00,1.04465,1.05547,1.0392400000000002,1.05547,1.0430270000000001,1.0419450000000001,nan,,nan,,0,0,1.0443,1.03889,0.005409999999999915,3241.499999999949,win,target,1,3,0,
2022-05-16,long,2022-05-17 12:00:00-04:00,2022-05-18 08:00:00-04:00,1.05403,1.051325,1.04862,1.0648499999999999,1.052407,1.051325,1.052407,2022-05-17 18:30:00-04:00,1.051325,2022-05-18 08:00:00-04:00,2,1,1.0443,1.03889,0.005409999999999915,-599.5999999999817,loss,dd_cut+flat_at_50,2,3,0,
2022-05-16,short,2022-05-18 08:00:00-04:00,2022-05-19 13:45:00-04:00,1.051325,1.056735,1.056735,1.0405050000000002,nan,nan,nan,,nan,,0,0,1.0443,1.03889,0.005409999999999915,-542.4999999999915,loss,reverse_fade+stop,2,1,1,2022-05-17 12:00:00-04:00
2022-05-23,long,2022-05-24 07:00:00-04:00,2022-05-25 10:45:00-04:00,1.0723,1.06583,1.0593599999999999,1.0981800000000004,1.0684179999999999,1.06583,1.0684179999999999,2022-05-25 07:00:00-04:00,1.06583,2022-05-25 10:45:00-04:00,2,1,1.06973,1.05679,0.012940000000000174,-1427.90000000003,loss,dd_cut+flat_at_50,1,3,0,
2022-05-23,short,2022-05-25 10:45:00-04:00,2022-05-27 20:45:00-04:00,1.06583,1.07317,1.0787700000000002,1.0399499999999997,nan,nan,nan,,nan,,0,0,1.06973,1.05679,0.012940000000000174,-735.4999999999902,loss,reverse_fade+week_end,1,1,1,2022-05-24 07:00:00-04:00
2022-05-23,long,2022-05-26 00:30:00-04:00,2022-05-27 20:45:00-04:00,1.07025,1.07317,1.0573099999999998,1.0961300000000003,1.0663679999999998,1.06378,1.0663679999999998,2022-05-26 06:15:00-04:00,nan,,2,0,1.06973,1.05679,0.012940000000000174,-488.90000000002925,loss,dd_cut+week_end,2,3,0,
2022-05-30,short,2022-05-31 09:45:00-04:00,2022-06-03 00:15:00-04:00,1.07238,1.07538,1.0783800000000001,1.06038,1.0741800000000001,1.07538,1.0741800000000001,2022-05-31 18:30:00-04:00,1.07538,2022-06-03 00:15:00-04:00,2,1,1.07867,1.07267,0.006000000000000005,-664.4999999999939,loss,dd_cut+flat_at_50,1,3,0,
2022-05-30,long,2022-06-03 00:15:00-04:00,2022-06-03 20:45:00-04:00,1.07538,1.07169,1.06938,1.08738,nan,nan,nan,,nan,,0,0,1.07867,1.07267,0.006000000000000005,-370.4999999999971,loss,reverse_fade+week_end,1,1,1,2022-05-31 09:45:00-04:00
2022-05-30,short,2022-06-03 12:30:00-04:00,2022-06-03 13:15:00-04:00,1.07076,1.07376,1.07676,1.05876,1.07256,1.07376,1.07256,2022-06-03 13:00:00-04:00,1.07376,2022-06-03 13:15:00-04:00,2,1,1.07867,1.07267,0.006000000000000005,-664.5000000000161,loss,dd_cut+flat_at_50,2,3,0,
2022-05-30,long,2022-06-03 13:15:00-04:00,2022-06-03 20:45:00-04:00,1.07376,1.07169,1.06776,1.08576,nan,nan,nan,,nan,,0,0,1.07867,1.07267,0.006000000000000005,-208.50000000000162,loss,reverse_fade+week_end,2,1,1,2022-06-03 12:30:00-04:00
2022-06-06,short,2022-06-07 01:00:00-04:00,2022-06-08 10:00:00-04:00,1.06806,1.07146,1.07486,1.0544600000000002,1.0701,1.07146,1.0701,2022-06-07 08:00:00-04:00,1.07146,2022-06-08 10:00:00-04:00,2,1,1.07518,1.06838,0.006799999999999917,-752.5000000000152,loss,dd_cut+flat_at_50,1,3,0,
2022-06-06,long,2022-06-08 10:00:00-04:00,2022-06-09 14:15:00-04:00,1.07146,1.0646600000000002,1.0646600000000002,1.08506,nan,nan,nan,,nan,,0,0,1.07518,1.06838,0.006799999999999917,-681.4999999999917,loss,reverse_fade+stop,1,1,1,2022-06-07 01:00:00-04:00
2022-06-06,long,2022-06-09 12:15:00-04:00,2022-06-09 12:45:00-04:00,1.07606,1.07266,1.06926,1.0896599999999999,1.07402,1.07266,1.07402,2022-06-09 12:45:00-04:00,1.07266,2022-06-09 12:45:00-04:00,2,1,1.07518,1.06838,0.006799999999999917,-752.5000000000152,loss,dd_cut+flat_at_50,2,3,0,
2022-06-06,short,2022-06-09 12:45:00-04:00,2022-06-10 09:15:00-04:00,1.07266,1.0590600000000001,1.0794599999999999,1.0590600000000001,nan,nan,nan,,nan,,0,0,1.07518,1.06838,0.006799999999999917,1358.4999999999834,win,reverse_fade+target,2,1,1,2022-06-09 12:15:00-04:00
2022-06-13,long,2022-06-15 08:30:00-04:00,2022-06-15 11:45:00-04:00,1.05066,1.0458699999999999,1.04108,1.0698199999999998,1.0477859999999999,1.0458699999999999,1.0477859999999999,2022-06-15 09:30:00-04:00,1.0458699999999999,2022-06-15 11:45:00-04:00,2,1,1.04955,1.03997,0.009579999999999922,-1058.3000000000159,loss,dd_cut+flat_at_50,1,3,0,
2022-06-13,short,2022-06-15 11:45:00-04:00,2022-06-16 16:15:00-04:00,1.0458699999999999,1.0554499999999998,1.0554499999999998,1.02671,nan,nan,nan,,nan,,0,0,1.04955,1.03997,0.009579999999999922,-959.4999999999922,loss,reverse_fade+stop,1,1,1,2022-06-15 08:30:00-04:00
2022-06-13,short,2022-06-15 15:00:00-04:00,2022-06-15 18:30:00-04:00,1.03939,1.0441799999999999,1.04897,1.0202300000000002,1.042264,1.0441799999999999,1.042264,2022-06-15 18:00:00-04:00,1.0441799999999999,2022-06-15 18:30:00-04:00,2,1,1.04955,1.03997,0.009579999999999922,-1058.2999999999936,loss,dd_cut+flat_at_50,2,3,0,
2022-06-13,long,2022-06-15 18:30:00-04:00,2022-06-17 20:45:00-04:00,1.0441799999999999,1.04934,1.0346,1.0633399999999997,nan,nan,nan,,nan,,0,0,1.04955,1.03997,0.009579999999999922,514.5000000000053,win,reverse_fade+week_end,2,1,1,2022-06-15 15:00:00-04:00
2022-06-20,long,2022-06-21 07:15:00-04:00,2022-06-22 00:30:00-04:00,1.05468,1.05163,1.04858,1.06688,1.05285,1.05163,1.05285,2022-06-21 16:30:00-04:00,1.05163,2022-06-22 00:30:00-04:00,2,1,1.05458,1.04848,0.006099999999999994,-675.4999999999993,loss,dd_cut+flat_at_50,1,3,0,
2022-06-20,short,2022-06-22 00:30:00-04:00,2022-06-22 14:30:00-04:00,1.05163,1.05773,1.05773,1.03943,nan,nan,nan,,nan,,0,0,1.05458,1.04848,0.006099999999999994,-611.4999999999994,loss,reverse_fade+stop,1,1,1,2022-06-21 07:15:00-04:00
2022-06-20,long,2022-06-22 13:30:00-04:00,2022-06-23 07:15:00-04:00,1.0563,1.05325,1.0502,1.0685,1.05447,1.05325,1.05447,2022-06-23 07:15:00-04:00,1.05325,2022-06-23 07:15:00-04:00,2,1,1.05458,1.04848,0.006099999999999994,-675.4999999999993,loss,dd_cut+flat_at_50,2,3,0,
2022-06-20,short,2022-06-23 07:15:00-04:00,2022-06-24 20:45:00-04:00,1.05325,1.05519,1.05935,1.04105,nan,nan,nan,,nan,,0,0,1.05458,1.04848,0.006099999999999994,-195.5000000000053,loss,reverse_fade+week_end,2,1,1,2022-06-22 13:30:00-04:00
2022-06-27,short,2022-06-28 12:30:00-04:00,2022-06-30 10:15:00-04:00,1.05429,1.0413299999999999,1.06077,1.0413299999999999,1.056234,1.0575299999999999,nan,,nan,,0,0,1.0615,1.05502,0.006480000000000041,3883.5000000000246,win,target,1,3,0,
2022-06-27,short,2022-06-30 10:30:00-04:00,2022-06-30 14:45:00-04:00,1.04146,1.0447000000000002,1.04794,1.0285,1.043404,1.0447000000000002,1.043404,2022-06-30 14:45:00-04:00,1.0447000000000002,2022-06-30 14:45:00-04:00,2,1,1.0615,1.05502,0.006480000000000041,-717.3000000000023,loss,dd_cut+flat_at_50,2,3,0,
2022-06-27,long,2022-06-30 14:45:00-04:00,2022-07-01 14:00:00-04:00,1.0447000000000002,1.0382200000000001,1.0382200000000001,1.0576600000000003,nan,nan,nan,,nan,,0,0,1.0615,1.05502,0.006480000000000041,-649.5000000000041,loss,reverse_fade+stop,2,1,1,2022-06-30 10:30:00-04:00
2022-07-04,short,2022-07-05 07:00:00-04:00,2022-07-05 08:45:00-04:00,1.04029,1.03115,1.04486,1.03115,1.041661,1.0425749999999998,nan,,nan,,0,0,1.04627,1.0417,0.004569999999999963,2737.4999999999777,win,target,1,3,0,
2022-07-04,short,2022-07-05 09:00:00-04:00,2022-07-06 09:15:00-04:00,1.03167,1.0225300000000002,1.03624,1.0225300000000002,1.033041,1.0339550000000002,nan,,nan,,0,0,1.04627,1.0417,0.004569999999999963,2737.4999999999777,win,target,2,3,0,
2022-07-11,short,2022-07-12 01:00:00-04:00,2022-07-13 12:00:00-04:00,1.00131,1.0080049999999998,1.0147,0.9745299999999999,1.0053269999999999,1.0080049999999998,1.0053269999999999,2022-07-12 11:15:00-04:00,1.0080049999999998,2022-07-13 12:00:00-04:00,2,1,1.01675,1.00336,0.013390000000000013,-1477.399999999977,loss,dd_cut+flat_at_50,1,3,0,
2022-07-11,long,2022-07-13 12:00:00-04:00,2022-07-15 20:45:00-04:00,1.0080049999999998,1.00821,0.9946149999999998,1.0347849999999998,nan,nan,nan,,nan,,0,0,1.01675,1.00336,0.013390000000000013,19.000000000023277,win,reverse_fade+week_end,1,1,1,2022-07-12 01:00:00-04:00
2022-07-11,short,2022-07-13 12:30:00-04:00,2022-07-13 14:30:00-04:00,1.00065,1.007345,1.01404,0.97387,1.004667,1.007345,1.004667,2022-07-13 12:45:00-04:00,1.007345,2022-07-13 14:30:00-04:00,2,1,1.01675,1.00336,0.013390000000000013,-1477.399999999977,loss,dd_cut+flat_at_50,2,3,0,
2022-07-11,long,2022-07-13 14:30:00-04:00,2022-07-15 20:45:00-04:00,1.007345,1.00821,0.9939549999999999,1.034125,nan,nan,nan,,nan,,0,0,1.01675,1.00336,0.013390000000000013,85.00000000001157,win,reverse_fade+week_end,2,1,1,2022-07-13 12:30:00-04:00
2022-07-18,long,2022-07-19 07:30:00-04:00,2022-07-22 07:30:00-04:00,1.02104,1.0150449999999998,1.0090499999999998,1.0450200000000003,1.0174429999999999,1.0150449999999998,1.0174429999999999,2022-07-20 10:45:00-04:00,1.0150449999999998,2022-07-22 07:30:00-04:00,2,1,1.02011,1.00812,0.011990000000000167,-1323.4000000000337,loss,dd_cut+flat_at_50,1,3,0,
2022-07-18,short,2022-07-22 07:30:00-04:00,2022-07-22 20:45:00-04:00,1.0150449999999998,1.02119,1.027035,0.9910649999999994,nan,nan,nan,,nan,,0,0,1.02011,1.00812,0.011990000000000167,-616.0000000000289,loss,reverse_fade+week_end,1,1,1,2022-07-19 07:30:00-04:00
2022-07-18,long,2022-07-22 13:45:00-04:00,2022-07-22 20:45:00-04:00,1.02336,1.02119,1.0113699999999999,1.0473400000000004,1.019763,1.0173649999999999,1.019763,2022-07-22 18:30:00-04:00,nan,,2,0,1.02011,1.00812,0.011990000000000167,-940.9000000000149,loss,dd_cut+week_end,2,3,0,
2022-07-25,short,2022-07-26 09:30:00-04:00,2022-07-27 19:30:00-04:00,1.01781,1.0217800000000001,1.02575,1.0019300000000004,1.020192,1.0217800000000001,1.020192,2022-07-27 18:45:00-04:00,1.0217800000000001,2022-07-27 19:30:00-04:00,2,1,1.02578,1.01784,0.007939999999999836,-877.8999999999797,loss,dd_cut+flat_at_50,1,3,0,
2022-07-25,long,2022-07-27 19:30:00-04:00,2022-07-28 10:45:00-04:00,1.0217800000000001,1.0138400000000003,1.0138400000000003,1.0376599999999998,nan,nan,nan,,nan,,0,0,1.02578,1.01784,0.007939999999999836,-795.4999999999836,loss,reverse_fade+stop,1,1,1,2022-07-26 09:30:00-04:00
2022-07-25,short,2022-07-28 09:45:00-04:00,2022-07-28 20:15:00-04:00,1.01532,1.0192899999999998,1.0232599999999998,0.9994400000000003,1.0177019999999999,1.0192899999999998,1.0177019999999999,2022-07-28 19:00:00-04:00,1.0192899999999998,2022-07-28 20:15:00-04:00,2,1,1.02578,1.01784,0.007939999999999836,-877.8999999999576,loss,dd_cut+flat_at_50,2,3,0,
2022-07-25,long,2022-07-28 20:15:00-04:00,2022-07-29 20:45:00-04:00,1.0192899999999998,1.02248,1.01135,1.0351699999999995,nan,nan,nan,,nan,,0,0,1.02578,1.01784,0.007939999999999836,317.50000000002484,win,reverse_fade+week_end,2,1,1,2022-07-28 09:45:00-04:00
2022-08-01,long,2022-08-02 00:30:00-04:00,2022-08-02 06:15:00-04:00,1.0285,1.02512,1.02174,1.0420199999999997,1.026472,1.02512,1.026472,2022-08-02 02:00:00-04:00,1.02512,2022-08-02 06:15:00-04:00,2,1,1.02751,1.02075,0.006759999999999877,-748.0999999999776,loss,dd_cut+flat_at_50,1,3,0,
2022-08-01,short,2022-08-02 06:15:00-04:00,2022-08-05 20:45:00-04:00,1.02512,1.01825,1.03188,1.0116000000000003,nan,nan,nan,,nan,,0,0,1.02751,1.02075,0.006759999999999877,685.4999999999932,win,reverse_fade+week_end,1,1,1,2022-08-02 00:30:00-04:00
2022-08-01,short,2022-08-02 13:45:00-04:00,2022-08-04 17:45:00-04:00,1.02069,1.02407,1.02745,1.0071700000000003,1.022718,1.02407,1.022718,2022-08-04 15:15:00-04:00,1.02407,2022-08-04 17:45:00-04:00,2,1,1.02751,1.02075,0.006759999999999877,-748.0999999999776,loss,dd_cut+flat_at_50,2,3,0,
2022-08-01,long,2022-08-04 17:45:00-04:00,2022-08-05 12:30:00-04:00,1.02407,1.0173100000000002,1.0173100000000002,1.0375899999999998,nan,nan,nan,,nan,,0,0,1.02751,1.02075,0.006759999999999877,-677.4999999999877,loss,reverse_fade+stop,2,1,1,2022-08-02 13:45:00-04:00
2022-08-08,long,2022-08-09 08:00:00-04:00,2022-08-10 14:30:00-04:00,1.0223,1.03484,1.01603,1.03484,1.020419,1.019165,1.020419,2022-08-09 18:15:00-04:00,nan,,2,0,1.02217,1.0159,0.006269999999999998,873.2999999999952,win,dd_cut+target,1,3,0,
2022-08-08,long,2022-08-10 14:45:00-04:00,2022-08-10 16:15:00-04:00,1.03551,1.032375,1.02924,1.04805,1.033629,1.032375,1.033629,2022-08-10 15:30:00-04:00,1.032375,2022-08-10 16:15:00-04:00,2,1,1.02217,1.0159,0.006269999999999998,-694.1999999999931,loss,dd_cut+flat_at_50,2,3,0,
2022-08-08,short,2022-08-10 16:15:00-04:00,2022-08-12 20:45:00-04:00,1.032375,1.0259,1.038645,1.019835,nan,nan,nan,,nan,,0,0,1.02217,1.0159,0.006269999999999998,646.0000000000009,win,reverse_fade+week_end,2,1,1,2022-08-10 14:45:00-04:00
2022-08-15,short,2022-08-16 00:30:00-04:00,2022-08-19 20:45:00-04:00,1.01487,1.00326,1.02636,0.9918899999999999,1.018317,1.0206149999999998,1.018317,2022-08-16 14:15:00-04:00,nan,,2,0,1.02682,1.01533,0.01149,467.0999999999942,win,dd_cut+week_end,1,3,0,
2022-08-22,short,2022-08-23 05:15:00-04:00,2022-08-23 13:45:00-04:00,0.99225,0.9982800000000001,1.00431,0.9681299999999998,0.995868,0.9982800000000001,0.995868,2022-08-23 13:30:00-04:00,0.9982800000000001,2022-08-23 13:45:00-04:00,2,1,1.00466,0.9926,0.01206000000000007,-1331.1000000000113,loss,dd_cut+flat_at_50,1,3,0,
2022-08-22,long,2022-08-23 13:45:00-04:00,2022-08-26 20:45:00-04:00,0.9982800000000001,0.99623,0.98622,1.0224000000000002,nan,nan,nan,,nan,,0,0,1.00466,0.9926,0.01206000000000007,-206.50000000001074,loss,reverse_fade+week_end,1,1,1,2022-08-23 05:15:00-04:00
2022-08-22,short,2022-08-24 10:30:00-04:00,2022-08-24 14:45:00-04:00,0.99248,0.99851,1.00454,0.9683599999999999,0.996098,0.99851,0.996098,2022-08-24 14:45:00-04:00,0.99851,2022-08-24 14:45:00-04:00,2,1,1.00466,0.9926,0.01206000000000007,-1331.1,loss,dd_cut+flat_at_50,2,3,0,
2022-08-22,long,2022-08-24 14:45:00-04:00,2022-08-26 20:45:00-04:00,0.99851,0.99623,0.9864499999999999,1.0226300000000001,nan,nan,nan,,nan,,0,0,1.00466,0.9926,0.01206000000000007,-229.50000000000597,loss,reverse_fade+week_end,2,1,1,2022-08-24 10:30:00-04:00
2022-08-29,long,2022-08-30 08:00:00-04:00,2022-08-31 10:30:00-04:00,1.00293,0.9971800000000002,0.9914300000000001,1.02593,0.9994800000000001,0.9971800000000002,0.9994800000000001,2022-08-30 14:30:00-04:00,0.9971800000000002,2022-08-31 10:30:00-04:00,2,1,1.00291,0.99141,0.011499999999999955,-1269.4999999999827,loss,dd_cut+flat_at_50,1,3,0,
2022-08-29,short,2022-08-31 10:30:00-04:00,2022-09-02 20:45:00-04:00,0.9971800000000002,0.99515,1.00868,0.9741800000000003,nan,nan,nan,,nan,,0,0,1.00291,0.99141,0.011499999999999955,201.50000000001984,win,reverse_fade+week_end,1,1,1,2022-08-30 08:00:00-04:00
2022-08-29,long,2022-08-31 14:30:00-04:00,2022-09-01 12:15:00-04:00,1.00569,0.99994,0.99419,1.0286899999999999,1.00224,0.99994,1.00224,2022-09-01 00:30:00-04:00,0.99994,2022-09-01 12:15:00-04:00,2,1,1.00291,0.99141,0.011499999999999955,-1269.4999999999827,loss,dd_cut+flat_at_50,2,3,0,
2022-08-29,short,2022-09-01 12:15:00-04:00,2022-09-02 20:45:00-04:00,0.99994,0.99515,1.01144,0.9769400000000001,nan,nan,nan,,nan,,0,0,1.00291,0.99141,0.011499999999999955,477.5000000000072,win,reverse_fade+week_end,2,1,1,2022-08-31 14:30:00-04:00
2022-09-05,long,2022-09-06 00:00:00-04:00,2022-09-06 10:45:00-04:00,0.99592,0.9921900000000001,0.9884600000000001,1.01084,0.9936820000000001,0.9921900000000001,0.9936820000000001,2022-09-06 09:15:00-04:00,0.9921900000000001,2022-09-06 10:45:00-04:00,2,1,0.99518,0.98772,0.007459999999999911,-825.0999999999824,loss,dd_cut+flat_at_50,1,3,0,
2022-09-05,short,2022-09-06 10:45:00-04:00,2022-09-07 17:15:00-04:00,0.9921900000000001,0.99965,0.99965,0.9772700000000003,nan,nan,nan,,nan,,0,0,0.99518,0.98772,0.007459999999999911,-747.4999999999911,loss,reverse_fade+stop,1,1,1,2022-09-06 00:00:00-04:00
2022-09-05,long,2022-09-07 16:15:00-04:00,2022-09-09 07:15:00-04:00,0.99522,1.0101399999999998,0.9877600000000001,1.0101399999999998,0.992982,0.99149,nan,,nan,,0,0,0.99518,0.98772,0.007459999999999911,4471.499999999947,win,target,2,3,0,
2022-09-12,short,2022-09-13 13:00:00-04:00,2022-09-16 20:45:00-04:00,1.00102,1.00146,1.0145000000000002,0.9740599999999997,1.005064,1.0077600000000002,nan,,nan,,0,0,1.01977,1.00629,0.013480000000000159,-136.49999999999878,loss,week_end,1,3,0,
2022-09-19,long,2022-09-20 00:00:00-04:00,2022-09-20 06:00:00-04:00,1.00493,1.001605,0.9982800000000001,1.0182300000000002,1.0029350000000001,1.001605,1.0029350000000001,2022-09-20 00:45:00-04:00,1.001605,2022-09-20 06:00:00-04:00,2,1,1.00322,0.99657,0.006650000000000045,-735.999999999996,loss,dd_cut+flat_at_50,1,3,0,
2022-09-19,short,2022-09-20 06:00:00-04:00,2022-09-21 14:45:00-04:00,1.001605,0.988305,1.0082550000000001,0.988305,nan,nan,nan,,nan,,0,0,1.00322,0.99657,0.006650000000000045,1328.5000000000089,win,reverse_fade+target,1,1,1,2022-09-20 00:00:00-04:00
2022-09-19,long,2022-09-20 06:15:00-04:00,2022-09-20 08:15:00-04:00,1.0036,1.000275,0.99695,1.0169000000000001,1.001605,1.000275,1.001605,2022-09-20 08:00:00-04:00,1.000275,2022-09-20 08:15:00-04:00,2,1,1.00322,0.99657,0.006650000000000045,-735.999999999996,loss,dd_cut+flat_at_50,2,3,0,
2022-09-19,short,2022-09-20 08:15:00-04:00,2022-09-21 15:00:00-04:00,1.000275,0.9869749999999999,1.006925,0.9869749999999999,nan,nan,nan,,nan,,0,0,1.00322,0.99657,0.006650000000000045,1328.5000000000089,win,reverse_fade+target,2,1,1,2022-09-20 06:15:00-04:00
2022-09-26,short,2022-09-28 02:45:00-04:00,2022-09-28 13:45:00-04:00,0.95485,0.9623999999999999,0.96995,0.92465,0.95938,0.9623999999999999,0.95938,2022-09-28 10:00:00-04:00,0.9623999999999999,2022-09-28 13:45:00-04:00,2,1,0.97013,0.95503,0.015100000000000002,-1665.5000000000014,loss,dd_cut+flat_at_50,1,3,0,
2022-09-26,long,2022-09-28 13:45:00-04:00,2022-09-30 20:45:00-04:00,0.9623999999999999,0.98013,0.9472999999999999,0.9925999999999999,nan,nan,nan,,nan,,0,0,0.97013,0.95503,0.015100000000000002,1771.5000000000023,win,reverse_fade+week_end,1,1,1,2022-09-28 02:45:00-04:00
2022-09-26,long,2022-09-28 16:00:00-04:00,2022-09-30 20:45:00-04:00,0.97035,0.98013,0.95525,1.00055,0.96582,0.9628000000000001,0.96582,2022-09-29 05:45:00-04:00,nan,,2,0,0.97013,0.95503,0.015100000000000002,67.49999999998317,win,dd_cut+week_end,2,3,0,
2022-10-03,long,2022-10-04 06:00:00-04:00,2022-10-06 15:45:00-04:00,0.98541,0.98081,0.9762099999999999,1.00381,0.98265,0.98081,0.98265,2022-10-06 13:45:00-04:00,0.98081,2022-10-06 15:45:00-04:00,2,1,0.98445,0.97525,0.009200000000000097,-1016.5000000000018,loss,dd_cut+flat_at_50,1,3,0,
2022-10-03,short,2022-10-06 15:45:00-04:00,2022-10-07 20:45:00-04:00,0.98081,0.97388,0.9900100000000001,0.9624099999999998,nan,nan,nan,,nan,,0,0,0.98445,0.97525,0.009200000000000097,691.4999999999992,win,reverse_fade+week_end,1,1,1,2022-10-04 06:00:00-04:00
2022-10-03,short,2022-10-07 12:45:00-04:00,2022-10-07 20:45:00-04:00,0.975,0.97388,0.9842000000000001,0.9565999999999998,0.97776,0.9796,0.97776,2022-10-07 14:15:00-04:00,nan,,2,0,0.98445,0.97525,0.009200000000000097,-444.4999999999959,loss,dd_cut+week_end,2,3,0,
2022-10-10,short,2022-10-11 04:00:00-04:00,2022-10-11 07:15:00-04:00,0.96792,0.9715,0.9750800000000001,0.9535999999999999,0.970068,0.9715,0.970068,2022-10-11 06:30:00-04:00,0.9715,2022-10-11 07:15:00-04:00,2,1,0.97531,0.96815,0.007160000000000055,-792.1000000000106,loss,dd_cut+flat_at_50,1,3,0,
2022-10-10,long,2022-10-11 07:15:00-04:00,2022-10-13 12:30:00-04:00,0.9715,0.96434,0.96434,0.9858200000000001,nan,nan,nan,,nan,,0,0,0.97531,0.96815,0.007160000000000055,-717.5000000000056,loss,reverse_fade+stop,1,1,1,2022-10-11 04:00:00-04:00
2022-10-10,long,2022-10-11 15:45:00-04:00,2022-10-11 18:45:00-04:00,0.97558,0.972,0.96842,0.9899000000000001,0.973432,0.972,0.973432,2022-10-11 18:45:00-04:00,0.972,2022-10-11 18:45:00-04:00,2,1,0.97531,0.96815,0.007160000000000055,-792.1000000000106,loss,dd_cut+flat_at_50,2,3,0,
2022-10-10,short,2022-10-11 18:45:00-04:00,2022-10-13 15:30:00-04:00,0.972,0.97916,0.97916,0.9576799999999999,nan,nan,nan,,nan,,0,0,0.97531,0.96815,0.007160000000000055,-717.5000000000056,loss,reverse_fade+stop,2,1,1,2022-10-11 15:45:00-04:00
2022-10-17,long,2022-10-18 04:15:00-04:00,2022-10-19 10:15:00-04:00,0.9859,0.979285,0.97267,1.01236,0.981931,0.979285,0.981931,2022-10-18 10:45:00-04:00,0.979285,2022-10-19 10:15:00-04:00,2,1,0.9852,0.97197,0.013229999999999964,-1459.8000000000038,loss,dd_cut+flat_at_50,1,3,0,
2022-10-17,short,2022-10-19 10:15:00-04:00,2022-10-21 20:45:00-04:00,0.979285,0.98613,0.9925149999999999,0.952825,nan,nan,nan,,nan,,0,0,0.9852,0.97197,0.013229999999999964,-685.999999999999,loss,reverse_fade+week_end,1,1,1,2022-10-18 04:15:00-04:00
2022-10-17,short,2022-10-21 12:15:00-04:00,2022-10-21 13:00:00-04:00,0.97138,0.977995,0.98461,0.9449200000000001,0.975349,0.977995,0.975349,2022-10-21 12:45:00-04:00,0.977995,2022-10-21 13:00:00-04:00,2,1,0.9852,0.97197,0.013229999999999964,-1459.7999999999927,loss,dd_cut+flat_at_50,2,3,0,
2022-10-17,long,2022-10-21 13:00:00-04:00,2022-10-21 20:45:00-04:00,0.977995,0.98613,0.964765,1.0044549999999999,nan,nan,nan,,nan,,0,0,0.9852,0.97197,0.013229999999999964,812.0000000000003,win,reverse_fade+week_end,2,1,1,2022-10-21 12:15:00-04:00
2022-10-24,long,2022-10-25 00:45:00-04:00,2022-10-25 11:00:00-04:00,0.98941,0.9850700000000001,0.9807300000000001,1.00677,0.9868060000000001,0.9850700000000001,0.9868060000000001,2022-10-25 05:45:00-04:00,0.9850700000000001,2022-10-25 11:00:00-04:00,2,1,0.98935,0.98067,0.00867999999999991,-959.2999999999779,loss,dd_cut+flat_at_50,1,3,0,
2022-10-24,short,2022-10-25 11:00:00-04:00,2022-10-25 13:30:00-04:00,0.9850700000000001,0.99375,0.99375,0.9677100000000003,nan,nan,nan,,nan,,0,0,0.98935,0.98067,0.00867999999999991,-869.499999999991,loss,reverse_fade+stop,1,1,1,2022-10-25 00:45:00-04:00
2022-10-24,long,2022-10-25 13:00:00-04:00,2022-10-26 15:30:00-04:00,0.9901,1.0074599999999998,0.9814200000000001,1.0074599999999998,0.987496,0.98576,nan,,nan,,0,0,0.98935,0.98067,0.00867999999999991,5203.499999999946,win,target,2,3,0,
2022-10-31,short,2022-11-01 14:45:00-04:00,2022-11-02 18:00:00-04:00,0.98688,0.991575,0.99627,0.9681,0.9896969999999999,0.991575,0.9896969999999999,2022-11-01 16:00:00-04:00,0.991575,2022-11-02 18:00:00-04:00,2,1,0.99656,0.98717,0.00939000000000001,-1037.3999999999921,loss,dd_cut+flat_at_50,1,3,0,
2022-10-31,long,2022-11-02 18:00:00-04:00,2022-11-02 20:15:00-04:00,0.991575,0.982185,0.982185,1.0103550000000001,nan,nan,nan,,nan,,0,0,0.99656,0.98717,0.00939000000000001,-940.5000000000009,loss,reverse_fade+stop,1,1,1,2022-11-01 14:45:00-04:00
2022-10-31,short,2022-11-02 19:15:00-04:00,2022-11-04 14:00:00-04:00,0.98358,0.988275,0.99297,0.9648,0.986397,0.988275,0.986397,2022-11-04 13:00:00-04:00,0.988275,2022-11-04 14:00:00-04:00,2,1,0.99656,0.98717,0.00939000000000001,-1037.3999999999921,loss,dd_cut+flat_at_50,2,3,0,
2022-10-31,long,2022-11-04 14:00:00-04:00,2022-11-04 20:45:00-04:00,0.988275,0.9956,0.978885,1.007055,nan,nan,nan,,nan,,0,0,0.99656,0.98717,0.00939000000000001,731.0000000000026,win,reverse_fade+week_end,2,1,1,2022-11-02 19:15:00-04:00
2022-11-07,long,2022-11-08 15:00:00-05:00,2022-11-10 09:00:00-05:00,1.00424,0.998415,0.99259,1.0275400000000001,1.000745,0.998415,1.000745,2022-11-09 18:30:00-05:00,0.998415,2022-11-10 09:00:00-05:00,2,1,1.0034,0.99175,0.01165000000000005,-1286.0000000000023,loss,dd_cut+flat_at_50,1,3,0,
2022-11-07,short,2022-11-10 09:00:00-05:00,2022-11-10 13:30:00-05:00,0.998415,1.010065,1.010065,0.975115,nan,nan,nan,,nan,,0,0,1.0034,0.99175,0.01165000000000005,-1166.4999999999939,loss,reverse_fade+stop,1,1,1,2022-11-08 15:00:00-05:00
2022-11-07,long,2022-11-10 13:30:00-05:00,2022-11-11 18:15:00-05:00,1.01194,1.0352400000000002,1.0002900000000001,1.0352400000000002,1.008445,1.006115,nan,,nan,,0,0,1.0034,0.99175,0.01165000000000005,6985.50000000003,win,target,2,3,0,
2022-11-14,long,2022-11-15 07:15:00-05:00,2022-11-15 18:15:00-05:00,1.03784,1.0334850000000002,1.02913,1.05526,1.0352270000000001,1.0334850000000002,1.0352270000000001,2022-11-15 17:00:00-05:00,1.0334850000000002,2022-11-15 18:15:00-05:00,2,1,1.03584,1.02713,0.008709999999999996,-962.599999999984,loss,dd_cut+flat_at_50,1,3,0,
2022-11-14,short,2022-11-15 18:15:00-05:00,2022-11-16 09:15:00-05:00,1.0334850000000002,1.0421950000000002,1.0421950000000002,1.0160650000000002,nan,nan,nan,,nan,,0,0,1.03584,1.02713,0.008709999999999996,-872.4999999999995,loss,reverse_fade+stop,1,1,1,2022-11-15 07:15:00-05:00
2022-11-14,long,2022-11-15 19:45:00-05:00,2022-11-17 13:00:00-05:00,1.03638,1.032025,1.02767,1.0538,1.033767,1.032025,1.033767,2022-11-16 00:15:00-05:00,1.032025,2022-11-17 13:00:00-05:00,2,1,1.03584,1.02713,0.008709999999999996,-962.600000000006,loss,dd_cut+flat_at_50,2,3,0,
2022-11-14,short,2022-11-17 13:00:00-05:00,2022-11-18 21:45:00-05:00,1.032025,1.03235,1.040735,1.014605,nan,nan,nan,,nan,,0,0,1.03584,1.02713,0.008709999999999996,-34.000000000013074,loss,reverse_fade+week_end,2,1,1,2022-11-15 19:45:00-05:00
2022-11-21,long,2022-11-23 07:00:00-05:00,2022-11-25 21:45:00-05:00,1.03442,1.03926,1.02342,1.0564199999999997,1.03112,1.0289199999999998,1.03112,2022-11-23 08:45:00-05:00,nan,,2,0,1.03327,1.02227,0.010999999999999899,-180.49999999995396,loss,dd_cut+week_end,1,3,0,
2022-11-28,short,2022-11-29 19:45:00-05:00,2022-11-30 19:45:00-05:00,1.03274,1.0410750000000002,1.0494100000000002,0.9993999999999996,1.037741,1.0410750000000002,1.037741,2022-11-30 09:00:00-05:00,1.0410750000000002,2022-11-30 19:45:00-05:00,2,1,1.04967,1.033,0.016670000000000185,-1838.200000000027,loss,dd_cut+flat_at_50,1,3,0,
2022-11-28,long,2022-11-30 19:45:00-05:00,2022-12-02 21:45:00-05:00,1.0410750000000002,1.05325,1.024405,1.0744150000000006,nan,nan,nan,,nan,,0,0,1.04967,1.033,0.016670000000000185,1215.9999999999825,win,reverse_fade+week_end,1,1,1,2022-11-29 19:45:00-05:00
2022-11-28,long,2022-12-01 13:30:00-05:00,2022-12-02 21:45:00-05:00,1.04976,1.05325,1.0330899999999998,1.0831000000000004,1.044759,1.0414249999999998,1.044759,2022-12-02 13:30:00-05:00,nan,,2,0,1.04967,1.033,0.016670000000000185,-655.7000000000073,loss,dd_cut+week_end,2,3,0,
2022-12-05,short,2022-12-06 07:15:00-05:00,2022-12-07 12:45:00-05:00,1.04796,1.0537,1.05944,1.0250000000000001,1.051404,1.0537,1.051404,2022-12-06 11:30:00-05:00,1.0537,2022-12-07 12:45:00-05:00,2,1,1.05948,1.048,0.011479999999999935,-1267.3000000000084,loss,dd_cut+flat_at_50,1,3,0,
2022-12-05,long,2022-12-07 12:45:00-05:00,2022-12-09 21:45:00-05:00,1.0537,1.05316,1.0422200000000001,1.07666,nan,nan,nan,,nan,,0,0,1.05948,1.048,0.011479999999999935,-55.499999999998494,loss,reverse_fade+week_end,1,1,1,2022-12-06 07:15:00-05:00
2022-12-12,long,2022-12-13 13:30:00-05:00,2022-12-15 09:15:00-05:00,1.06433,1.0606149999999999,1.0569,1.07919,1.062101,1.0606149999999999,1.062101,2022-12-13 15:45:00-05:00,1.0606149999999999,2022-12-15 09:15:00-05:00,2,1,1.058,1.05057,0.007430000000000048,-821.8000000000208,loss,dd_cut+flat_at_50,1,3,0,
2022-12-12,short,2022-12-15 09:15:00-05:00,2022-12-15 14:00:00-05:00,1.0606149999999999,1.068045,1.068045,1.0457549999999998,nan,nan,nan,,nan,,0,0,1.058,1.05057,0.007430000000000048,-744.5000000000048,loss,reverse_fade+stop,1,1,1,2022-12-13 13:30:00-05:00
2022-12-12,long,2022-12-15 09:30:00-05:00,2022-12-16 21:45:00-05:00,1.06161,1.05839,1.05418,1.07647,1.059381,1.0578949999999998,1.059381,2022-12-15 17:00:00-05:00,nan,,2,0,1.058,1.05057,0.007430000000000048,-772.3000000000073,loss,dd_cut+week_end,2,3,0,
2022-12-19,short,2022-12-22 19:15:00-05:00,2022-12-23 07:00:00-05:00,1.05753,1.061635,1.0657400000000001,1.04111,1.0599930000000002,1.061635,1.0599930000000002,2022-12-22 20:15:00-05:00,1.061635,2022-12-23 07:00:00-05:00,2,1,1.06578,1.05757,0.00821000000000005,-907.6000000000233,loss,dd_cut+flat_at_50,1,3,0,
2022-12-19,long,2022-12-23 07:00:00-05:00,2022-12-23 21:45:00-05:00,1.061635,1.06172,1.053425,1.0780550000000002,nan,nan,nan,,nan,,0,0,1.06578,1.05757,0.00821000000000005,6.999999999989072,win,reverse_fade+week_end,1,1,1,2022-12-22 19:15:00-05:00
2022-12-26,long,2022-12-27 01:00:00-05:00,2022-12-27 13:00:00-05:00,1.0649,1.0625,1.0601,1.0744999999999998,1.06346,1.0625,1.06346,2022-12-27 12:45:00-05:00,1.0625,2022-12-27 13:00:00-05:00,2,1,1.06459,1.05979,0.0047999999999999154,-532.4999999999729,loss,dd_cut+flat_at_50,1,3,0,
2022-12-26,short,2022-12-27 13:00:00-05:00,2022-12-28 14:30:00-05:00,1.0625,1.0673,1.0673,1.0529000000000002,nan,nan,nan,,nan,,0,0,1.06459,1.05979,0.0047999999999999154,-481.49999999999153,loss,reverse_fade+stop,1,1,1,2022-12-27 01:00:00-05:00
2022-12-26,long,2022-12-27 15:15:00-05:00,2022-12-28 00:45:00-05:00,1.0649,1.0625,1.0601,1.0744999999999998,1.06346,1.0625,1.06346,2022-12-27 17:30:00-05:00,1.0625,2022-12-28 00:45:00-05:00,2,1,1.06459,1.05979,0.0047999999999999154,-532.4999999999729,loss,dd_cut+flat_at_50,2,3,0,
2022-12-26,short,2022-12-28 00:45:00-05:00,2022-12-28 14:30:00-05:00,1.0625,1.0673,1.0673,1.0529000000000002,nan,nan,nan,,nan,,0,0,1.06459,1.05979,0.0047999999999999154,-481.49999999999153,loss,reverse_fade+stop,2,1,1,2022-12-27 15:15:00-05:00
2023-01-02,short,2023-01-03 07:45:00-05:00,2023-01-06 09:15:00-05:00,1.06236,1.0506000000000002,1.0682399999999999,1.0506000000000002,1.0641239999999998,1.0653,nan,,nan,,0,0,1.07087,1.06499,0.005879999999999885,3523.499999999931,win,target,1,3,0,
2023-01-02,short,2023-01-06 09:30:00-05:00,2023-01-06 13:45:00-05:00,1.05064,1.05358,1.05652,1.0388800000000002,1.052404,1.05358,1.052404,2023-01-06 13:30:00-05:00,1.05358,2023-01-06 13:45:00-05:00,2,1,1.07087,1.06499,0.005879999999999885,-651.2999999999696,loss,dd_cut+flat_at_50,2,3,0,
2023-01-02,long,2023-01-06 13:45:00-05:00,2023-01-06 21:45:00-05:00,1.05358,1.06413,1.0477,1.0653399999999997,nan,nan,nan,,nan,,0,0,1.07087,1.06499,0.005879999999999885,1053.500000000006,win,reverse_fade+week_end,2,1,1,2023-01-06 09:30:00-05:00
2023-01-09,long,2023-01-11 14:15:00-05:00,2023-01-13 21:45:00-05:00,1.07674,1.08302,1.06582,1.0985800000000001,1.073464,1.07128,1.073464,2023-01-12 13:30:00-05:00,nan,,2,0,1.07605,1.06513,0.01092000000000004,-31.700000000004934,loss,dd_cut+week_end,1,3,0,
2023-01-16,short,2023-01-17 15:30:00-05:00,2023-01-18 07:45:00-05:00,1.07978,1.0834199999999998,1.08706,1.06522,1.081964,1.0834199999999998,1.081964,2023-01-18 07:15:00-05:00,1.0834199999999998,2023-01-18 07:45:00-05:00,2,1,1.08741,1.08013,0.007279999999999953,-805.2999999999793,loss,dd_cut+flat_at_50,1,3,0,
2023-01-16,long,2023-01-18 07:45:00-05:00,2023-01-20 21:45:00-05:00,1.0834199999999998,1.08549,1.0761399999999999,1.0979799999999997,nan,nan,nan,,nan,,0,0,1.08741,1.08013,0.007279999999999953,205.50000000002382,win,reverse_fade+week_end,1,1,1,2023-01-17 15:30:00-05:00
2023-01-16,long,2023-01-18 14:15:00-05:00,2023-01-18 15:30:00-05:00,1.08787,1.0842299999999998,1.08059,1.1024299999999998,1.085686,1.0842299999999998,1.085686,2023-01-18 14:30:00-05:00,1.0842299999999998,2023-01-18 15:30:00-05:00,2,1,1.08741,1.08013,0.007279999999999953,-805.3000000000015,loss,dd_cut+flat_at_50,2,3,0,
2023-01-16,short,2023-01-18 15:30:00-05:00,2023-01-20 21:45:00-05:00,1.0842299999999998,1.08549,1.0915099999999998,1.06967,nan,nan,nan,,nan,,0,0,1.08741,1.08013,0.007279999999999953,-127.50000000002609,loss,reverse_fade+week_end,2,1,1,2023-01-18 14:15:00-05:00
2023-01-23,short,2023-01-24 14:45:00-05:00,2023-01-24 16:15:00-05:00,1.0842,1.08823,1.09226,1.0680800000000001,1.086618,1.08823,1.086618,2023-01-24 15:30:00-05:00,1.08823,2023-01-24 16:15:00-05:00,2,1,1.09267,1.08461,0.008059999999999956,-891.100000000004,loss,dd_cut+flat_at_50,1,3,0,
2023-01-23,long,2023-01-24 16:15:00-05:00,2023-01-27 21:45:00-05:00,1.08823,1.08649,1.08017,1.10435,nan,nan,nan,,nan,,0,0,1.09267,1.08461,0.008059999999999956,-175.50000000000747,loss,reverse_fade+week_end,1,1,1,2023-01-24 14:45:00-05:00
2023-01-23,short,2023-01-27 15:45:00-05:00,2023-01-27 21:45:00-05:00,1.08385,1.08649,1.09191,1.06773,1.086268,1.08788,1.086268,2023-01-27 16:30:00-05:00,nan,,2,0,1.09267,1.08461,0.008059999999999956,-752.1000000000038,loss,dd_cut+week_end,2,3,0,
2023-01-30,short,2023-01-31 05:45:00-05:00,2023-01-31 18:30:00-05:00,1.08344,1.08718,1.09092,1.06848,1.0856839999999999,1.08718,1.0856839999999999,2023-01-31 13:30:00-05:00,1.08718,2023-01-31 18:30:00-05:00,2,1,1.09137,1.08389,0.007479999999999931,-827.2999999999902,loss,dd_cut+flat_at_50,1,3,0,
2023-01-30,long,2023-01-31 18:30:00-05:00,2023-02-01 23:00:00-05:00,1.08718,1.10214,1.0797,1.10214,nan,nan,nan,,nan,,0,0,1.09137,1.08389,0.007479999999999931,1494.4999999999861,win,reverse_fade+target,1,1,1,2023-01-31 05:45:00-05:00
2023-01-30,long,2023-02-01 15:45:00-05:00,2023-02-03 07:30:00-05:00,1.09196,1.0882200000000002,1.08448,1.10692,1.0897160000000001,1.0882200000000002,1.0897160000000001,2023-02-01 19:00:00-05:00,1.0882200000000002,2023-02-03 07:30:00-05:00,2,1,1.09137,1.08389,0.007479999999999931,-827.299999999968,loss,dd_cut+flat_at_50,2,3,0,
2023-01-30,short,2023-02-03 07:30:00-05:00,2023-02-03 21:45:00-05:00,1.0882200000000002,1.07929,1.0957000000000001,1.0732600000000003,nan,nan,nan,,nan,,0,0,1.09137,1.08389,0.007479999999999931,891.5000000000105,win,reverse_fade+week_end,2,1,1,2023-02-01 15:45:00-05:00
2023-02-06,short,2023-02-07 08:00:00-05:00,2023-02-07 17:45:00-05:00,1.07044,1.074915,1.07939,1.05254,1.073125,1.074915,1.073125,2023-02-07 09:15:00-05:00,1.074915,2023-02-07 17:45:00-05:00,2,1,1.07987,1.07092,0.008950000000000014,-989.0000000000103,loss,dd_cut+flat_at_50,1,3,0,
2023-02-06,long,2023-02-07 17:45:00-05:00,2023-02-10 21:45:00-05:00,1.074915,1.06754,1.065965,1.092815,nan,nan,nan,,nan,,0,0,1.07987,1.07092,0.008950000000000014,-739.0000000000132,loss,reverse_fade+week_end,1,1,1,2023-02-07 08:00:00-05:00
2023-02-06,short,2023-02-07 18:30:00-05:00,2023-02-08 07:45:00-05:00,1.06987,1.074345,1.0788200000000001,1.05197,1.0725550000000001,1.074345,1.0725550000000001,2023-02-07 19:30:00-05:00,1.074345,2023-02-08 07:45:00-05:00,2,1,1.07987,1.07092,0.008950000000000014,-989.0000000000103,loss,dd_cut+flat_at_50,2,3,0,
2023-02-06,long,2023-02-08 07:45:00-05:00,2023-02-10 21:45:00-05:00,1.074345,1.06754,1.065395,1.0922450000000001,nan,nan,nan,,nan,,0,0,1.07987,1.07092,0.008950000000000014,-682.0000000000172,loss,reverse_fade+week_end,2,1,1,2023-02-07 18:30:00-05:00
2023-02-13,long,2023-02-14 00:45:00-05:00,2023-02-15 13:30:00-05:00,1.07332,1.0694750000000002,1.06563,1.0887,1.071013,1.0694750000000002,1.071013,2023-02-14 14:30:00-05:00,1.0694750000000002,2023-02-15 13:30:00-05:00,2,1,1.07322,1.06553,0.007689999999999975,-850.3999999999994,loss,dd_cut+flat_at_50,1,3,0,
2023-02-13,short,2023-02-15 13:30:00-05:00,2023-02-17 21:45:00-05:00,1.0694750000000002,1.06929,1.0771650000000002,1.0540950000000002,nan,nan,nan,,nan,,0,0,1.07322,1.06553,0.007689999999999975,17.000000000010175,win,reverse_fade+week_end,1,1,1,2023-02-14 00:45:00-05:00
2023-02-13,short,2023-02-17 01:45:00-05:00,2023-02-17 17:15:00-05:00,1.06533,1.069175,1.07302,1.0499500000000002,1.0676370000000002,1.069175,1.0676370000000002,2023-02-17 15:15:00-05:00,1.069175,2023-02-17 17:15:00-05:00,2,1,1.07322,1.06553,0.007689999999999975,-850.3999999999994,loss,dd_cut+flat_at_50,2,3,0,
2023-02-13,long,2023-02-17 17:15:00-05:00,2023-02-17 21:45:00-05:00,1.069175,1.06929,1.061485,1.084555,nan,nan,nan,,nan,,0,0,1.07322,1.06553,0.007689999999999975,10.000000000008725,win,reverse_fade+week_end,2,1,1,2023-02-17 01:45:00-05:00
2023-02-20,short,2023-02-21 01:00:00-05:00,2023-02-21 08:15:00-05:00,1.06699,1.068705,1.0704200000000001,1.06013,1.068019,1.068705,1.068019,2023-02-21 08:15:00-05:00,1.068705,2023-02-21 08:15:00-05:00,2,1,1.07044,1.06701,0.003430000000000044,-381.7999999999804,loss,dd_cut+flat_at_50,1,3,0,
2023-02-20,long,2023-02-21 08:15:00-05:00,2023-02-21 09:15:00-05:00,1.068705,1.065275,1.065275,1.075565,nan,nan,nan,,nan,,0,0,1.07044,1.06701,0.003430000000000044,-344.50000000000443,loss,reverse_fade+stop,1,1,1,2023-02-21 01:00:00-05:00
2023-02-20,short,2023-02-21 08:45:00-05:00,2023-02-21 15:30:00-05:00,1.06603,1.067745,1.06946,1.05917,1.067059,1.067745,1.067059,2023-02-21 09:30:00-05:00,1.067745,2023-02-21 15:30:00-05:00,2,1,1.07044,1.06701,0.003430000000000044,-381.7999999999804,loss,dd_cut+flat_at_50,2,3,0,
2023-02-20,long,2023-02-21 15:30:00-05:00,2023-02-21 18:30:00-05:00,1.067745,1.064315,1.064315,1.074605,nan,nan,nan,,nan,,0,0,1.07044,1.06701,0.003430000000000044,-344.50000000000443,loss,reverse_fade+stop,2,1,1,2023-02-21 08:45:00-05:00
2023-02-27,long,2023-02-28 09:00:00-05:00,2023-02-28 20:00:00-05:00,1.06241,1.0580600000000002,1.0537100000000001,1.07981,1.0598,1.0580600000000002,1.0598,2023-02-28 17:15:00-05:00,1.0580600000000002,2023-02-28 20:00:00-05:00,2,1,1.06198,1.05328,0.00869999999999993,-961.4999999999857,loss,dd_cut+flat_at_50,1,3,0,
2023-02-27,short,2023-02-28 20:00:00-05:00,2023-03-01 10:45:00-05:00,1.0580600000000002,1.0667600000000002,1.0667600000000002,1.0406600000000004,nan,nan,nan,,nan,,0,0,1.06198,1.05328,0.00869999999999993,-871.499999999993,loss,reverse_fade+stop,1,1,1,2023-02-28 09:00:00-05:00
2023-02-27,long,2023-03-01 07:45:00-05:00,2023-03-02 13:30:00-05:00,1.06415,1.0598,1.05545,1.0815499999999998,1.06154,1.0598,1.06154,2023-03-02 10:45:00-05:00,1.0598,2023-03-02 13:30:00-05:00,2,1,1.06198,1.05328,0.00869999999999993,-961.4999999999857,loss,dd_cut+flat_at_50,2,3,0,
2023-02-27,short,2023-03-02 13:30:00-05:00,2023-03-03 21:45:00-05:00,1.0598,1.06337,1.0685,1.0424000000000002,nan,nan,nan,,nan,,0,0,1.06198,1.05328,0.00869999999999993,-358.4999999999851,loss,reverse_fade+week_end,2,1,1,2023-03-01 07:45:00-05:00
2023-03-06,short,2023-03-07 15:00:00-05:00,2023-03-10 13:30:00-05:00,1.05963,1.0632450000000002,1.0668600000000001,1.04517,1.0617990000000002,1.0632450000000002,1.0617990000000002,2023-03-10 13:30:00-05:00,1.0632450000000002,2023-03-10 13:30:00-05:00,2,1,1.06942,1.06219,0.00723000000000007,-799.8000000000321,loss,dd_cut+flat_at_50,1,3,0,
2023-03-06,long,2023-03-10 13:30:00-05:00,2023-03-10 21:45:00-05:00,1.0632450000000002,1.06387,1.0560150000000001,1.0777050000000004,nan,nan,nan,,nan,,0,0,1.06942,1.06219,0.00723000000000007,60.999999999987566,win,reverse_fade+week_end,1,1,1,2023-03-07 15:00:00-05:00
2023-03-06,short,2023-03-10 13:45:00-05:00,2023-03-10 14:30:00-05:00,1.06216,1.065775,1.06939,1.0476999999999999,1.064329,1.065775,1.064329,2023-03-10 14:15:00-05:00,1.065775,2023-03-10 14:30:00-05:00,2,1,1.06942,1.06219,0.00723000000000007,-799.80000000001,loss,dd_cut+flat_at_50,2,3,0,
2023-03-06,long,2023-03-10 14:30:00-05:00,2023-03-10 21:45:00-05:00,1.065775,1.06387,1.0585449999999998,1.080235,nan,nan,nan,,nan,,0,0,1.06942,1.06219,0.00723000000000007,-191.99999999998235,loss,reverse_fade+week_end,2,1,1,2023-03-10 13:45:00-05:00
2023-03-13,long,2023-03-15 02:00:00-04:00,2023-03-15 09:15:00-04:00,1.07578,1.07086,1.0659399999999999,1.09546,1.072828,1.07086,1.072828,2023-03-15 07:30:00-04:00,1.07086,2023-03-15 09:15:00-04:00,2,1,1.07484,1.065,0.009840000000000071,-1086.9000000000167,loss,dd_cut+flat_at_50,1,3,0,
2023-03-13,short,2023-03-15 09:15:00-04:00,2023-03-17 20:45:00-04:00,1.07086,1.06647,1.0807,1.0511799999999998,nan,nan,nan,,nan,,0,0,1.07484,1.065,0.009840000000000071,437.4999999999894,win,reverse_fade+week_end,1,1,1,2023-03-15 02:00:00-04:00
2023-03-13,short,2023-03-15 10:30:00-04:00,2023-03-17 20:45:00-04:00,1.06371,1.06647,1.07355,1.0440299999999998,1.066662,1.06863,1.066662,2023-03-17 07:00:00-04:00,nan,,2,0,1.07484,1.065,0.009840000000000071,-870.9000000000227,loss,dd_cut+week_end,2,3,0,
2023-03-20,long,2023-03-21 08:00:00-04:00,2023-03-24 20:45:00-04:00,1.07311,1.07566,1.06313,1.0930700000000002,1.070116,1.06812,nan,,nan,,0,0,1.07309,1.06311,0.0099800000000001,760.5000000000157,win,week_end,1,3,0,
2023-03-27,long,2023-03-28 00:00:00-04:00,2023-03-31 20:45:00-04:00,1.0809,1.08386,1.07463,1.09344,1.079019,1.0777649999999999,nan,,nan,,0,0,1.08076,1.07449,0.006269999999999998,883.5000000000222,win,week_end,1,3,0,
2023-04-03,long,2023-04-04 07:45:00-04:00,2023-04-07 20:45:00-04:00,1.0925,1.09029,1.07967,1.1181600000000003,1.088651,1.086085,1.088651,2023-04-06 01:00:00-04:00,nan,,2,0,1.09165,1.07882,0.012830000000000119,-995.3000000000028,loss,dd_cut+week_end,1,3,0,
2023-04-10,long,2023-04-11 10:30:00-04:00,2023-04-14 20:45:00-04:00,1.09173,1.09922,1.08315,1.1088900000000002,1.089156,1.08744,nan,,nan,,0,0,1.09171,1.08313,0.008580000000000032,2242.499999999999,win,week_end,1,3,0,
2023-04-24,long,2023-04-25 00:15:00-04:00,2023-04-25 11:30:00-04:00,1.10575,1.1011900000000001,1.0966300000000002,1.1239899999999996,1.1030140000000002,1.1011900000000001,1.1030140000000002,2023-04-25 07:15:00-04:00,1.1011900000000001,2023-04-25 11:30:00-04:00,2,1,1.1057,1.09658,0.009119999999999795,-1007.6999999999597,loss,dd_cut+flat_at_50,1,3,0,
2023-04-24,short,2023-04-25 11:30:00-04:00,2023-04-28 20:45:00-04:00,1.1011900000000001,1.10144,1.11031,1.0829500000000005,nan,nan,nan,,nan,,0,0,1.1057,1.09658,0.009119999999999795,-26.499999999986144,loss,reverse_fade+week_end,1,1,1,2023-04-25 00:15:00-04:00
2023-04-24,long,2023-04-26 13:15:00-04:00,2023-04-26 14:45:00-04:00,1.10875,1.10419,1.09963,1.1269899999999995,1.106014,1.10419,1.106014,2023-04-26 14:30:00-04:00,1.10419,2023-04-26 14:45:00-04:00,2,1,1.1057,1.09658,0.009119999999999795,-1007.6999999999597,loss,dd_cut+flat_at_50,2,3,0,
2023-04-24,short,2023-04-26 14:45:00-04:00,2023-04-28 20:45:00-04:00,1.10419,1.10144,1.1133099999999998,1.0859500000000004,nan,nan,nan,,nan,,0,0,1.1057,1.09658,0.009119999999999795,273.500000000003,win,reverse_fade+week_end,2,1,1,2023-04-26 13:15:00-04:00
2023-05-01,short,2023-05-02 09:15:00-04:00,2023-05-02 14:30:00-04:00,1.09551,1.09907,1.10263,1.08127,1.097646,1.09907,1.097646,2023-05-02 14:30:00-04:00,1.09907,2023-05-02 14:30:00-04:00,2,1,1.10355,1.09643,0.007120000000000015,-787.6999999999839,loss,dd_cut+flat_at_50,1,3,0,
2023-05-01,long,2023-05-02 14:30:00-04:00,2023-05-05 20:45:00-04:00,1.09907,1.10162,1.09195,1.11331,nan,nan,nan,,nan,,0,0,1.10355,1.09643,0.007120000000000015,253.50000000000523,win,reverse_fade+week_end,1,1,1,2023-05-02 09:15:00-04:00
2023-05-01,long,2023-05-03 07:15:00-04:00,2023-05-04 12:45:00-04:00,1.10385,1.10029,1.09673,1.11809,1.101714,1.10029,1.101714,2023-05-04 12:30:00-04:00,1.10029,2023-05-04 12:45:00-04:00,2,1,1.10355,1.09643,0.007120000000000015,-787.6999999999839,loss,dd_cut+flat_at_50,2,3,0,
2023-05-01,short,2023-05-04 12:45:00-04:00,2023-05-05 20:45:00-04:00,1.10029,1.10162,1.10741,1.08605,nan,nan,nan,,nan,,0,0,1.10355,1.09643,0.007120000000000015,-134.50000000000534,loss,reverse_fade+week_end,2,1,1,2023-05-03 07:15:00-04:00
2023-05-08,short,2023-05-09 00:00:00-04:00,2023-05-12 14:45:00-04:00,1.09867,1.0870299999999997,1.1044900000000002,1.0870299999999997,1.100416,1.1015800000000002,1.100416,2023-05-10 12:45:00-04:00,nan,,2,0,1.10535,1.09953,0.005820000000000158,810.3000000000266,win,dd_cut+target,1,3,0,
2023-05-08,short,2023-05-12 15:00:00-04:00,2023-05-12 20:45:00-04:00,1.08596,1.08477,1.0917800000000002,1.0743199999999997,1.087706,1.08887,nan,,nan,,0,0,1.10535,1.09953,0.005820000000000158,352.50000000000733,win,week_end,2,3,0,
2023-05-15,long,2023-05-16 08:00:00-04:00,2023-05-16 12:30:00-04:00,1.0894,1.08726,1.0851199999999999,1.09796,1.0881159999999999,1.08726,1.0881159999999999,2023-05-16 12:00:00-04:00,1.08726,2023-05-16 12:30:00-04:00,2,1,1.08908,1.0848,0.0042800000000000615,-475.30000000001564,loss,dd_cut+flat_at_50,1,3,0,
2023-05-15,short,2023-05-16 12:30:00-04:00,2023-05-18 12:45:00-04:00,1.08726,1.0786999999999998,1.09154,1.0786999999999998,nan,nan,nan,,nan,,0,0,1.08908,1.0848,0.0042800000000000615,854.5000000000123,win,reverse_fade+target,1,1,1,2023-05-16 08:00:00-04:00
2023-05-15,short,2023-05-17 07:15:00-04:00,2023-05-19 20:45:00-04:00,1.08441,1.08019,1.0886900000000002,1.07585,1.0856940000000002,1.0865500000000001,nan,,nan,,0,0,1.08908,1.0848,0.0042800000000000615,1261.5000000000337,win,week_end,2,3,0,
2023-05-22,short,2023-05-23 07:15:00-04:00,2023-05-23 08:30:00-04:00,1.07897,1.08076,1.08255,1.0718100000000002,1.080044,1.08076,1.080044,2023-05-23 07:30:00-04:00,1.08076,2023-05-23 08:30:00-04:00,2,1,1.08313,1.07955,0.0035799999999999166,-398.2999999999997,loss,dd_cut+flat_at_50,1,3,0,
2023-05-22,long,2023-05-23 08:30:00-04:00,2023-05-23 10:15:00-04:00,1.08076,1.07718,1.07718,1.0879199999999998,nan,nan,nan,,nan,,0,0,1.08313,1.07955,0.0035799999999999166,-359.49999999999164,loss,reverse_fade+stop,1,1,1,2023-05-23 07:15:00-04:00
2023-05-22,short,2023-05-23 09:15:00-04:00,2023-05-25 07:15:00-04:00,1.07902,1.0718600000000003,1.0826,1.0718600000000003,1.080094,1.08081,1.080094,2023-05-24 12:15:00-04:00,nan,,2,0,1.08313,1.07955,0.0035799999999999166,496.6999999999794,win,dd_cut+target,2,3,0,
2023-05-29,short,2023-05-30 04:15:00-04:00,2023-05-30 09:45:00-04:00,1.07052,1.07242,1.07432,1.0629199999999999,1.0716599999999998,1.07242,1.0716599999999998,2023-05-30 09:15:00-04:00,1.07242,2023-05-30 09:45:00-04:00,2,1,1.07434,1.07054,0.0038000000000000256,-422.49999999998505,loss,dd_cut+flat_at_50,1,3,0,
2023-05-29,long,2023-05-30 09:45:00-04:00,2023-05-31 05:30:00-04:00,1.07242,1.06862,1.06862,1.08002,nan,nan,nan,,nan,,0,0,1.07434,1.07054,0.0038000000000000256,-381.50000000000256,loss,reverse_fade+stop,1,1,1,2023-05-30 04:15:00-04:00
2023-05-29,long,2023-05-30 11:45:00-04:00,2023-05-30 12:45:00-04:00,1.0744,1.0725,1.0706,1.082,1.07326,1.0725,1.07326,2023-05-30 12:30:00-04:00,1.0725,2023-05-30 12:45:00-04:00,2,1,1.07434,1.07054,0.0038000000000000256,-422.49999999998505,loss,dd_cut+flat_at_50,2,3,0,
2023-05-29,short,2023-05-30 12:45:00-04:00,2023-05-31 16:00:00-04:00,1.0725,1.0649,1.0763,1.0649,nan,nan,nan,,nan,,0,0,1.07434,1.07054,0.0038000000000000256,758.5000000000051,win,reverse_fade+target,2,1,1,2023-05-30 11:45:00-04:00
2023-06-05,long,2023-06-06 02:00:00-04:00,2023-06-06 08:15:00-04:00,1.07244,1.07004,1.06764,1.0820400000000003,1.071,1.07004,1.071,2023-06-06 07:15:00-04:00,1.07004,2023-06-06 08:15:00-04:00,2,1,1.07224,1.06744,0.0048000000000001375,-532.5000000000174,loss,dd_cut+flat_at_50,1,3,0,
2023-06-05,short,2023-06-06 08:15:00-04:00,2023-06-08 12:30:00-04:00,1.07004,1.0748400000000002,1.0748400000000002,1.0604399999999998,nan,nan,nan,,nan,,0,0,1.07224,1.06744,0.0048000000000001375,-481.50000000001376,loss,reverse_fade+stop,1,1,1,2023-06-06 02:00:00-04:00
2023-06-05,short,2023-06-06 12:15:00-04:00,2023-06-06 23:45:00-04:00,1.06743,1.06983,1.0722300000000002,1.0578299999999998,1.0688700000000002,1.06983,1.0688700000000002,2023-06-06 14:45:00-04:00,1.06983,2023-06-06 23:45:00-04:00,2,1,1.07224,1.06744,0.0048000000000001375,-532.5000000000174,loss,dd_cut+flat_at_50,2,3,0,
2023-06-05,long,2023-06-06 23:45:00-04:00,2023-06-09 20:45:00-04:00,1.06983,1.07456,1.06503,1.0794300000000003,nan,nan,nan,,nan,,0,0,1.07224,1.06744,0.0048000000000001375,471.4999999999901,win,reverse_fade+week_end,2,1,1,2023-06-06 12:15:00-04:00
2023-06-12,long,2023-06-13 05:15:00-04:00,2023-06-15 14:00:00-04:00,1.07938,1.09078,1.07368,1.09078,1.07767,1.07653,1.07767,2023-06-14 05:45:00-04:00,nan,,2,0,1.079,1.0733,0.005700000000000038,793.4999999999877,win,dd_cut+target,1,3,0,
2023-06-12,long,2023-06-15 14:15:00-04:00,2023-06-16 20:45:00-04:00,1.09179,1.09376,1.08609,1.1031900000000001,1.09008,1.08894,nan,,nan,,0,0,1.079,1.0733,0.005700000000000038,586.5000000000082,win,week_end,2,3,0,
2023-06-19,short,2023-06-20 14:15:00-04:00,2023-06-20 21:30:00-04:00,1.09018,1.0921399999999999,1.0940999999999999,1.08234,1.091356,1.0921399999999999,1.091356,2023-06-20 16:45:00-04:00,1.0921399999999999,2023-06-20 21:30:00-04:00,2,1,1.09462,1.0907,0.0039199999999999235,-435.70000000000937,loss,dd_cut+flat_at_50,1,3,0,
2023-06-19,long,2023-06-20 21:30:00-04:00,2023-06-22 07:30:00-04:00,1.0921399999999999,1.0999799999999997,1.08822,1.0999799999999997,nan,nan,nan,,nan,,0,0,1.09462,1.0907,0.0039199999999999235,782.4999999999848,win,reverse_fade+target,1,1,1,2023-06-20 14:15:00-04:00
2023-06-19,long,2023-06-21 14:30:00-04:00,2023-06-23 02:00:00-04:00,1.0959,1.0939400000000001,1.0919800000000002,1.10374,1.094724,1.0939400000000001,1.094724,2023-06-21 15:00:00-04:00,1.0939400000000001,2023-06-23 02:00:00-04:00,2,1,1.09462,1.0907,0.0039199999999999235,-435.70000000000937,loss,dd_cut+flat_at_50,2,3,0,
2023-06-19,short,2023-06-23 02:00:00-04:00,2023-06-23 07:30:00-04:00,1.0939400000000001,1.0861000000000003,1.09786,1.0861000000000003,nan,nan,nan,,nan,,0,0,1.09462,1.0907,0.0039199999999999235,782.4999999999848,win,reverse_fade+target,2,1,1,2023-06-21 14:30:00-04:00
2023-06-26,long,2023-06-27 07:00:00-04:00,2023-06-28 14:00:00-04:00,1.09387,1.0922349999999998,1.0905999999999998,1.10041,1.0928889999999998,1.0922349999999998,1.0928889999999998,2023-06-27 09:15:00-04:00,1.0922349999999998,2023-06-28 14:00:00-04:00,2,1,1.092,1.08873,0.003270000000000106,-364.2000000000295,loss,dd_cut+flat_at_50,1,3,0,
2023-06-26,short,2023-06-28 14:00:00-04:00,2023-06-30 06:15:00-04:00,1.0922349999999998,1.0856949999999996,1.095505,1.0856949999999996,nan,nan,nan,,nan,,0,0,1.092,1.08873,0.003270000000000106,652.5000000000213,win,reverse_fade+target,1,1,1,2023-06-27 07:00:00-04:00
2023-06-26,long,2023-06-28 18:00:00-04:00,2023-06-29 00:30:00-04:00,1.09201,1.0903749999999999,1.0887399999999998,1.0985500000000001,1.0910289999999998,1.0903749999999999,1.0910289999999998,2023-06-29 00:00:00-04:00,1.0903749999999999,2023-06-29 00:30:00-04:00,2,1,1.092,1.08873,0.003270000000000106,-364.2000000000295,loss,dd_cut+flat_at_50,2,3,0,
2023-06-26,short,2023-06-29 00:30:00-04:00,2023-06-29 11:30:00-04:00,1.0903749999999999,1.093645,1.093645,1.0838349999999997,nan,nan,nan,,nan,,0,0,1.092,1.08873,0.003270000000000106,-328.50000000001063,loss,reverse_fade+stop,2,1,1,2023-06-28 18:00:00-04:00
2023-07-03,short,2023-07-05 05:00:00-04:00,2023-07-05 07:00:00-04:00,1.08688,1.090065,1.09325,1.07414,1.088791,1.090065,1.088791,2023-07-05 06:45:00-04:00,1.090065,2023-07-05 07:00:00-04:00,2,1,1.09339,1.08702,0.006369999999999987,-705.1999999999985,loss,dd_cut+flat_at_50,1,3,0,
2023-07-03,long,2023-07-05 07:00:00-04:00,2023-07-06 04:00:00-04:00,1.090065,1.083695,1.083695,1.102805,nan,nan,nan,,nan,,0,0,1.09339,1.08702,0.006369999999999987,-638.4999999999986,loss,reverse_fade+stop,1,1,1,2023-07-05 05:00:00-04:00
2023-07-03,short,2023-07-05 15:30:00-04:00,2023-07-06 12:00:00-04:00,1.08663,1.089815,1.093,1.07389,1.088541,1.089815,1.088541,2023-07-06 10:15:00-04:00,1.089815,2023-07-06 12:00:00-04:00,2,1,1.09339,1.08702,0.006369999999999987,-705.1999999999985,loss,dd_cut+flat_at_50,2,3,0,
2023-07-03,long,2023-07-06 12:00:00-04:00,2023-07-06 14:30:00-04:00,1.089815,1.083445,1.083445,1.102555,nan,nan,nan,,nan,,0,0,1.09339,1.08702,0.006369999999999987,-638.4999999999986,loss,reverse_fade+stop,2,1,1,2023-07-05 15:30:00-04:00
2023-07-10,long,2023-07-11 00:15:00-04:00,2023-07-12 16:30:00-04:00,1.10075,1.1132299999999995,1.09451,1.1132299999999995,1.098878,1.09763,1.098878,2023-07-11 11:45:00-04:00,nan,,2,0,1.10058,1.09434,0.006239999999999801,869.0999999999855,win,dd_cut+target,1,3,0,
2023-07-10,long,2023-07-12 16:45:00-04:00,2023-07-14 20:45:00-04:00,1.11319,1.12235,1.10695,1.1256699999999995,1.111318,1.11007,nan,,nan,,0,0,1.10058,1.09434,0.006239999999999801,2743.5000000000173,win,week_end,2,3,0,
2023-07-17,long,2023-07-18 01:15:00-04:00,2023-07-18 08:45:00-04:00,1.12545,1.12318,1.12091,1.13453,1.124088,1.12318,1.124088,2023-07-18 06:15:00-04:00,1.12318,2023-07-18 08:45:00-04:00,2,1,1.12487,1.12033,0.0045399999999999885,-503.9000000000165,loss,dd_cut+flat_at_50,1,3,0,
2023-07-17,short,2023-07-18 08:45:00-04:00,2023-07-20 14:30:00-04:00,1.12318,1.1141,1.12772,1.1141,nan,nan,nan,,nan,,0,0,1.12487,1.12033,0.0045399999999999885,906.4999999999977,win,reverse_fade+target,1,1,1,2023-07-18 01:15:00-04:00
2023-07-17,long,2023-07-18 09:45:00-04:00,2023-07-18 12:30:00-04:00,1.12488,1.12261,1.1203400000000001,1.13396,1.123518,1.12261,1.123518,2023-07-18 12:30:00-04:00,1.12261,2023-07-18 12:30:00-04:00,2,1,1.12487,1.12033,0.0045399999999999885,-503.9000000000165,loss,dd_cut+flat_at_50,2,3,0,
2023-07-17,short,2023-07-18 12:30:00-04:00,2023-07-20 15:30:00-04:00,1.12261,1.1135300000000001,1.12715,1.1135300000000001,nan,nan,nan,,nan,,0,0,1.12487,1.12033,0.0045399999999999885,906.4999999999977,win,reverse_fade+target,2,1,1,2023-07-18 09:45:00-04:00
2023-07-24,short,2023-07-25 08:00:00-04:00,2023-07-26 18:45:00-04:00,1.10595,1.1103100000000001,1.11467,1.0885099999999999,1.108566,1.1103100000000001,1.108566,2023-07-26 10:45:00-04:00,1.1103100000000001,2023-07-26 18:45:00-04:00,2,1,1.11469,1.10597,0.008720000000000061,-963.7000000000046,loss,dd_cut+flat_at_50,1,3,0,
2023-07-24,long,2023-07-26 18:45:00-04:00,2023-07-27 13:30:00-04:00,1.1103100000000001,1.10159,1.10159,1.1277500000000003,nan,nan,nan,,nan,,0,0,1.11469,1.10597,0.008720000000000061,-873.5000000000061,loss,reverse_fade+stop,1,1,1,2023-07-25 08:00:00-04:00
2023-07-24,short,2023-07-27 12:45:00-04:00,2023-07-28 20:45:00-04:00,1.1059,1.10125,1.1146200000000002,1.08846,1.108516,1.1102600000000002,nan,,nan,,0,0,1.11469,1.10597,0.008720000000000061,1390.500000000013,win,week_end,2,3,0,
2023-07-31,short,2023-08-01 00:15:00-04:00,2023-08-01 21:45:00-04:00,1.09925,1.101885,1.10452,1.0887100000000003,1.1008310000000001,1.101885,1.1008310000000001,2023-08-01 21:45:00-04:00,1.101885,2023-08-01 21:45:00-04:00,2,1,1.10458,1.09931,0.005269999999999886,-584.2000000000053,loss,dd_cut+flat_at_50,1,3,0,
2023-07-31,long,2023-08-01 21:45:00-04:00,2023-08-02 12:15:00-04:00,1.101885,1.0966150000000001,1.0966150000000001,1.1124249999999998,nan,nan,nan,,nan,,0,0,1.10458,1.09931,0.005269999999999886,-528.4999999999886,loss,reverse_fade+stop,1,1,1,2023-08-01 00:15:00-04:00
2023-07-31,short,2023-08-02 01:45:00-04:00,2023-08-04 13:00:00-04:00,1.09914,1.101775,1.10441,1.0886000000000002,1.100721,1.101775,1.100721,2023-08-04 13:00:00-04:00,1.101775,2023-08-04 13:00:00-04:00,2,1,1.10458,1.09931,0.005269999999999886,-584.2000000000053,loss,dd_cut+flat_at_50,2,3,0,
2023-07-31,long,2023-08-04 13:00:00-04:00,2023-08-04 20:45:00-04:00,1.101775,1.10029,1.096505,1.1123149999999997,nan,nan,nan,,nan,,0,0,1.10458,1.09931,0.005269999999999886,-149.99999999999585,loss,reverse_fade+week_end,2,1,1,2023-08-02 01:45:00-04:00
2023-08-07,short,2023-08-08 10:00:00-04:00,2023-08-09 08:00:00-04:00,1.09646,1.0987749999999998,1.10109,1.0872000000000002,1.097849,1.0987749999999998,1.097849,2023-08-09 05:00:00-04:00,1.0987749999999998,2023-08-09 08:00:00-04:00,2,1,1.10117,1.09654,0.004629999999999912,-513.8000000000013,loss,dd_cut+flat_at_50,1,3,0,
2023-08-07,long,2023-08-09 08:00:00-04:00,2023-08-11 20:45:00-04:00,1.0987749999999998,1.09433,1.094145,1.1080349999999997,nan,nan,nan,,nan,,0,0,1.10117,1.09654,0.004629999999999912,-445.999999999981,loss,reverse_fade+week_end,1,1,1,2023-08-08 10:00:00-04:00
2023-08-07,long,2023-08-10 08:00:00-04:00,2023-08-10 17:30:00-04:00,1.10122,1.0989050000000002,1.0965900000000002,1.11048,1.099831,1.0989050000000002,1.099831,2023-08-10 17:15:00-04:00,1.0989050000000002,2023-08-10 17:30:00-04:00,2,1,1.10117,1.09654,0.004629999999999912,-513.8000000000013,loss,dd_cut+flat_at_50,2,3,0,
2023-08-07,short,2023-08-10 17:30:00-04:00,2023-08-11 20:45:00-04:00,1.0989050000000002,1.09433,1.1035350000000002,1.0896450000000004,nan,nan,nan,,nan,,0,0,1.10117,1.09654,0.004629999999999912,456.00000000002177,win,reverse_fade+week_end,2,1,1,2023-08-10 08:00:00-04:00
2023-08-14,short,2023-08-16 19:15:00-04:00,2023-08-17 12:30:00-04:00,1.08724,1.0915050000000002,1.0957700000000001,1.0701799999999997,1.089799,1.0915050000000002,1.089799,2023-08-17 12:00:00-04:00,1.0915050000000002,2023-08-17 12:30:00-04:00,2,1,1.096,1.08747,0.008530000000000149,-942.8000000000142,loss,dd_cut+flat_at_50,1,3,0,
2023-08-14,long,2023-08-17 12:30:00-04:00,2023-08-18 20:45:00-04:00,1.0915050000000002,1.08678,1.082975,1.1085650000000005,nan,nan,nan,,nan,,0,0,1.096,1.08747,0.008530000000000149,-474.00000000000904,loss,reverse_fade+week_end,1,1,1,2023-08-16 19:15:00-04:00
2023-08-14,short,2023-08-17 15:15:00-04:00,2023-08-18 20:45:00-04:00,1.08736,1.08678,1.0958900000000003,1.0702999999999998,1.089919,1.091625,nan,,nan,,0,0,1.096,1.08747,0.008530000000000149,169.50000000000747,win,week_end,2,3,0,
2023-08-21,long,2023-08-22 03:15:00-04:00,2023-08-22 10:15:00-04:00,1.09142,1.089215,1.08701,1.10024,1.090097,1.089215,1.090097,2023-08-22 09:15:00-04:00,1.089215,2023-08-22 10:15:00-04:00,2,1,1.09136,1.08695,0.004410000000000025,-489.5999999999939,loss,dd_cut+flat_at_50,1,3,0,
2023-08-21,short,2023-08-22 10:15:00-04:00,2023-08-23 12:30:00-04:00,1.089215,1.080395,1.093625,1.080395,nan,nan,nan,,nan,,0,0,1.09136,1.08695,0.004410000000000025,880.500000000005,win,reverse_fade+target,1,1,1,2023-08-22 03:15:00-04:00
2023-08-21,short,2023-08-22 12:45:00-04:00,2023-08-25 04:30:00-04:00,1.08661,1.07779,1.09102,1.07779,1.087933,1.088815,nan,,nan,,0,0,1.09136,1.08695,0.004410000000000025,2641.500000000015,win,target,2,3,0,
2023-08-28,long,2023-08-29 00:00:00-04:00,2023-08-29 06:45:00-04:00,1.08307,1.081385,1.0796999999999999,1.0898100000000002,1.0820589999999999,1.081385,1.0820589999999999,2023-08-29 06:00:00-04:00,1.081385,2023-08-29 06:45:00-04:00,2,1,1.08298,1.07961,0.003370000000000095,-375.20000000001266,loss,dd_cut+flat_at_50,1,3,0,
2023-08-28,short,2023-08-29 06:45:00-04:00,2023-08-29 14:00:00-04:00,1.081385,1.0847550000000001,1.0847550000000001,1.0746449999999999,nan,nan,nan,,nan,,0,0,1.08298,1.07961,0.003370000000000095,-338.5000000000095,loss,reverse_fade+stop,1,1,1,2023-08-29 00:00:00-04:00
2023-08-28,short,2023-08-29 12:15:00-04:00,2023-08-29 13:45:00-04:00,1.07888,1.080565,1.0822500000000002,1.0721399999999999,1.0798910000000002,1.080565,1.0798910000000002,2023-08-29 13:45:00-04:00,1.080565,2023-08-29 13:45:00-04:00,2,1,1.08298,1.07961,0.003370000000000095,-375.20000000001266,loss,dd_cut+flat_at_50,2,3,0,
2023-08-28,long,2023-08-29 13:45:00-04:00,2023-08-29 17:00:00-04:00,1.080565,1.0873050000000002,1.077195,1.0873050000000002,nan,nan,nan,,nan,,0,0,1.08298,1.07961,0.003370000000000095,672.500000000019,win,reverse_fade+target,2,1,1,2023-08-29 12:15:00-04:00
2023-09-04,short,2023-09-05 06:15:00-04:00,2023-09-07 12:30:00-04:00,1.07677,1.06965,1.08033,1.06965,1.077838,1.07855,nan,,nan,,0,0,1.08087,1.07731,0.0035600000000000076,2131.5000000000045,win,target,1,3,0,
2023-09-04,short,2023-09-07 12:45:00-04:00,2023-09-08 00:30:00-04:00,1.06934,1.07112,1.0729,1.06222,1.070408,1.07112,1.070408,2023-09-07 13:30:00-04:00,1.07112,2023-09-08 00:30:00-04:00,2,1,1.08087,1.07731,0.0035600000000000076,-396.10000000002526,loss,dd_cut+flat_at_50,2,3,0,
2023-09-04,long,2023-09-08 00:30:00-04:00,2023-09-08 20:45:00-04:00,1.07112,1.06974,1.06756,1.07824,nan,nan,nan,,nan,,0,0,1.08087,1.07731,0.0035600000000000076,-139.5000000000159,loss,reverse_fade+week_end,2,1,1,2023-09-07 12:45:00-04:00
2023-09-11,short,2023-09-12 12:45:00-04:00,2023-09-12 16:00:00-04:00,1.07073,1.0732,1.07567,1.06085,1.072212,1.0732,1.072212,2023-09-12 15:00:00-04:00,1.0732,2023-09-12 16:00:00-04:00,2,1,1.07593,1.07099,0.0049399999999999444,-547.899999999994,loss,dd_cut+flat_at_50,1,3,0,
2023-09-11,long,2023-09-12 16:00:00-04:00,2023-09-14 12:30:00-04:00,1.0732,1.06826,1.06826,1.0830799999999998,nan,nan,nan,,nan,,0,0,1.07593,1.07099,0.0049399999999999444,-495.49999999999443,loss,reverse_fade+stop,1,1,1,2023-09-12 12:45:00-04:00
2023-09-11,long,2023-09-13 00:00:00-04:00,2023-09-13 06:15:00-04:00,1.07612,1.07365,1.07118,1.0859999999999999,1.074638,1.07365,1.074638,2023-09-13 02:30:00-04:00,1.07365,2023-09-13 06:15:00-04:00,2,1,1.07593,1.07099,0.0049399999999999444,-547.899999999994,loss,dd_cut+flat_at_50,2,3,0,
2023-09-11,short,2023-09-13 06:15:00-04:00,2023-09-14 17:30:00-04:00,1.07365,1.06377,1.07859,1.06377,nan,nan,nan,,nan,,0,0,1.07593,1.07099,0.0049399999999999444,986.4999999999889,win,reverse_fade+target,2,1,1,2023-09-13 00:00:00-04:00
2023-09-18,long,2023-09-19 10:30:00-04:00,2023-09-19 13:15:00-04:00,1.07059,1.06839,1.06619,1.0793899999999998,1.06927,1.06839,1.06927,2023-09-19 13:00:00-04:00,1.06839,2023-09-19 13:15:00-04:00,2,1,1.06986,1.06546,0.0043999999999999595,-488.49999999999557,loss,dd_cut+flat_at_50,1,3,0,
2023-09-18,short,2023-09-19 13:15:00-04:00,2023-09-20 16:15:00-04:00,1.06839,1.07279,1.07279,1.05959,nan,nan,nan,,nan,,0,0,1.06986,1.06546,0.0043999999999999595,-441.49999999999596,loss,reverse_fade+stop,1,1,1,2023-09-19 10:30:00-04:00
2023-09-18,long,2023-09-20 10:00:00-04:00,2023-09-20 18:00:00-04:00,1.07014,1.0679400000000001,1.0657400000000001,1.07894,1.06882,1.0679400000000001,1.06882,2023-09-20 18:00:00-04:00,1.0679400000000001,2023-09-20 18:00:00-04:00,2,1,1.06986,1.06546,0.0043999999999999595,-488.49999999999557,loss,dd_cut+flat_at_50,2,3,0,
2023-09-18,short,2023-09-20 18:00:00-04:00,2023-09-22 20:45:00-04:00,1.0679400000000001,1.06419,1.07234,1.0591400000000002,nan,nan,nan,,nan,,0,0,1.06986,1.06546,0.0043999999999999595,373.5000000000142,win,reverse_fade+week_end,2,1,1,2023-09-20 10:00:00-04:00
2023-09-25,short,2023-09-26 06:45:00-04:00,2023-09-29 08:30:00-04:00,1.05716,1.0611700000000002,1.06518,1.0411200000000003,1.059566,1.0611700000000002,1.059566,2023-09-26 08:15:00-04:00,1.0611700000000002,2023-09-29 08:30:00-04:00,2,1,1.06555,1.05753,0.008019999999999916,-886.6999999999886,loss,dd_cut+flat_at_50,1,3,0,
2023-09-25,long,2023-09-29 08:30:00-04:00,2023-09-29 20:45:00-04:00,1.0611700000000002,1.05694,1.0531500000000003,1.07721,nan,nan,nan,,nan,,0,0,1.06555,1.05753,0.008019999999999916,-424.5000000000178,loss,reverse_fade+week_end,1,1,1,2023-09-26 06:45:00-04:00
2023-09-25,short,2023-09-29 14:15:00-04:00,2023-09-29 20:45:00-04:00,1.05717,1.05694,1.0651899999999999,1.04113,1.0595759999999999,1.0611799999999998,nan,,nan,,0,0,1.06555,1.05753,0.008019999999999916,64.49999999998573,win,week_end,2,3,0,
2023-10-02,short,2023-10-03 00:00:00-04:00,2023-10-04 12:45:00-04:00,1.04729,1.053125,1.0589600000000001,1.02395,1.050791,1.053125,1.050791,2023-10-04 10:00:00-04:00,1.053125,2023-10-04 12:45:00-04:00,2,1,1.05919,1.04752,0.01167000000000007,-1288.1999999999987,loss,dd_cut+flat_at_50,1,3,0,
2023-10-02,long,2023-10-04 12:45:00-04:00,2023-10-06 20:45:00-04:00,1.053125,1.05828,1.041455,1.0764650000000002,nan,nan,nan,,nan,,0,0,1.05919,1.04752,0.01167000000000007,514.000000000002,win,reverse_fade+week_end,1,1,1,2023-10-03 00:00:00-04:00
2023-10-02,long,2023-10-06 15:30:00-04:00,2023-10-06 20:45:00-04:00,1.05931,1.05828,1.04764,1.0826500000000001,1.055809,1.053475,nan,,nan,,0,0,1.05919,1.04752,0.01167000000000007,-313.4999999999593,loss,week_end,2,3,0,
2023-10-09,long,2023-10-10 08:00:00-04:00,2023-10-12 13:45:00-04:00,1.0582,1.05519,1.0521800000000001,1.0702399999999999,1.056394,1.05519,1.056394,2023-10-12 13:30:00-04:00,1.05519,2023-10-12 13:45:00-04:00,2,1,1.05796,1.05194,0.006019999999999914,-666.6999999999906,loss,dd_cut+flat_at_50,1,3,0,
2023-10-09,short,2023-10-12 13:45:00-04:00,2023-10-13 20:45:00-04:00,1.05519,1.05073,1.06121,1.0431500000000002,nan,nan,nan,,nan,,0,0,1.05796,1.05194,0.006019999999999914,444.5000000000131,win,reverse_fade+week_end,1,1,1,2023-10-10 08:00:00-04:00
2023-10-09,short,2023-10-13 10:45:00-04:00,2023-10-13 20:45:00-04:00,1.05179,1.05073,1.05781,1.0397500000000002,1.053596,1.0548,1.053596,2023-10-13 12:15:00-04:00,nan,,2,0,1.05796,1.05194,0.006019999999999914,-259.6999999999888,loss,dd_cut+week_end,2,3,0,
2023-10-16,long,2023-10-17 14:00:00-04:00,2023-10-18 14:00:00-04:00,1.05702,1.054665,1.05231,1.06644,1.0556070000000002,1.054665,1.0556070000000002,2023-10-18 10:00:00-04:00,1.054665,2023-10-18 14:00:00-04:00,2,1,1.05627,1.05156,0.004709999999999992,-522.599999999988,loss,dd_cut+flat_at_50,1,3,0,
2023-10-16,short,2023-10-18 14:00:00-04:00,2023-10-19 16:00:00-04:00,1.054665,1.059375,1.059375,1.045245,nan,nan,nan,,nan,,0,0,1.05627,1.05156,0.004709999999999992,-472.4999999999992,loss,reverse_fade+stop,1,1,1,2023-10-17 14:00:00-04:00
2023-10-16,long,2023-10-19 12:15:00-04:00,2023-10-20 20:45:00-04:00,1.05659,1.05927,1.05188,1.06601,1.055177,1.0542349999999998,nan,,nan,,0,0,1.05627,1.05156,0.004709999999999992,799.5000000000048,win,week_end,2,3,0,
2023-10-23,long,2023-10-24 02:15:00-04:00,2023-10-24 10:15:00-04:00,1.06847,1.063145,1.05782,1.0897700000000001,1.065275,1.063145,1.065275,2023-10-24 08:00:00-04:00,1.063145,2023-10-24 10:15:00-04:00,2,1,1.06779,1.05714,0.010650000000000048,-1176.000000000014,loss,dd_cut+flat_at_50,1,3,0,
2023-10-23,short,2023-10-24 10:15:00-04:00,2023-10-27 20:45:00-04:00,1.063145,1.05605,1.073795,1.041845,nan,nan,nan,,nan,,0,0,1.06779,1.05714,0.010650000000000048,708.0000000000074,win,reverse_fade+week_end,1,1,1,2023-10-24 02:15:00-04:00
2023-10-23,short,2023-10-25 09:15:00-04:00,2023-10-27 20:45:00-04:00,1.05673,1.05605,1.06738,1.0354299999999999,1.059925,1.062055,nan,,nan,,0,0,1.06779,1.05714,0.010650000000000048,199.50000000000418,win,week_end,2,3,0,
2023-10-30,long,2023-10-31 08:00:00-04:00,2023-10-31 15:00:00-04:00,1.06269,1.058795,1.0549,1.0782699999999998,1.0603529999999999,1.058795,1.0603529999999999,2023-10-31 13:30:00-04:00,1.058795,2023-10-31 15:00:00-04:00,2,1,1.0625,1.05471,0.007789999999999964,-861.4000000000049,loss,dd_cut+flat_at_50,1,3,0,
2023-10-30,short,2023-10-31 15:00:00-04:00,2023-11-02 12:45:00-04:00,1.058795,1.066585,1.066585,1.043215,nan,nan,nan,,nan,,0,0,1.0625,1.05471,0.007789999999999964,-780.4999999999964,loss,reverse_fade+stop,1,1,1,2023-10-31 08:00:00-04:00
2023-10-30,short,2023-11-01 11:15:00-04:00,2023-11-01 23:00:00-04:00,1.05422,1.058115,1.06201,1.03864,1.056557,1.058115,1.056557,2023-11-01 14:30:00-04:00,1.058115,2023-11-01 23:00:00-04:00,2,1,1.0625,1.05471,0.007789999999999964,-861.4000000000049,loss,dd_cut+flat_at_50,2,3,0,
2023-10-30,long,2023-11-01 23:00:00-04:00,2023-11-03 16:15:00-04:00,1.058115,1.0736949999999998,1.050325,1.0736949999999998,nan,nan,nan,,nan,,0,0,1.0625,1.05471,0.007789999999999964,1556.4999999999927,win,reverse_fade+target,2,1,1,2023-11-01 11:15:00-04:00
2023-11-06,short,2023-11-07 00:45:00-05:00,2023-11-10 21:45:00-05:00,1.07138,1.06848,1.07551,1.06312,1.072619,1.073445,nan,,nan,,0,0,1.07562,1.07149,0.004129999999999967,865.4999999999709,win,week_end,1,3,0,
2023-11-13,long,2023-11-14 09:15:00-05:00,2023-11-14 13:30:00-05:00,1.07089,1.07911,1.0667799999999998,1.07911,1.0696569999999999,1.068835,nan,,nan,,0,0,1.07061,1.0665,0.004110000000000058,2461.5000000000346,win,target,1,3,0,
2023-11-13,long,2023-11-14 13:45:00-05:00,2023-11-14 17:45:00-05:00,1.07893,1.08715,1.0748199999999999,1.08715,1.077697,1.0768749999999998,nan,,nan,,0,0,1.07061,1.0665,0.004110000000000058,2461.5000000000346,win,target,2,3,0,
2023-11-20,long,2023-11-21 01:15:00-05:00,2023-11-21 16:15:00-05:00,1.09573,1.093015,1.0903,1.1065900000000002,1.094101,1.093015,1.094101,2023-11-21 11:15:00-05:00,1.093015,2023-11-21 16:15:00-05:00,2,1,1.09517,1.08974,0.005430000000000046,-601.8000000000228,loss,dd_cut+flat_at_50,1,3,0,
2023-11-20,short,2023-11-21 16:15:00-05:00,2023-11-24 21:45:00-05:00,1.093015,1.09341,1.0984450000000001,1.082155,nan,nan,nan,,nan,,0,0,1.09517,1.08974,0.005430000000000046,-40.99999999999232,loss,reverse_fade+week_end,1,1,1,2023-11-21 01:15:00-05:00
2023-11-20,short,2023-11-22 06:15:00-05:00,2023-11-23 08:30:00-05:00,1.08971,1.092425,1.09514,1.0788499999999999,1.091339,1.092425,1.091339,2023-11-22 07:30:00-05:00,1.092425,2023-11-23 08:30:00-05:00,2,1,1.09517,1.08974,0.005430000000000046,-601.8000000000228,loss,dd_cut+flat_at_50,2,3,0,
2023-11-20,long,2023-11-23 08:30:00-05:00,2023-11-24 21:45:00-05:00,1.092425,1.09341,1.086995,1.103285,nan,nan,nan,,nan,,0,0,1.09517,1.08974,0.005430000000000046,97.00000000000136,win,reverse_fade+week_end,2,1,1,2023-11-22 06:15:00-05:00
2023-11-27,long,2023-11-28 01:00:00-05:00,2023-11-28 07:15:00-05:00,1.0961,1.094395,1.0926900000000002,1.10292,1.095077,1.094395,1.095077,2023-11-28 05:30:00-05:00,1.094395,2023-11-28 07:15:00-05:00,2,1,1.09592,1.09251,0.003409999999999913,-379.600000000006,loss,dd_cut+flat_at_50,1,3,0,
2023-11-27,short,2023-11-28 07:15:00-05:00,2023-11-28 14:15:00-05:00,1.094395,1.097805,1.097805,1.0875750000000002,nan,nan,nan,,nan,,0,0,1.09592,1.09251,0.003409999999999913,-342.4999999999913,loss,reverse_fade+stop,1,1,1,2023-11-28 01:00:00-05:00
2023-11-27,long,2023-11-28 13:15:00-05:00,2023-11-30 07:45:00-05:00,1.09599,1.0942850000000002,1.09258,1.1028099999999998,1.094967,1.0942850000000002,1.094967,2023-11-30 07:45:00-05:00,1.0942850000000002,2023-11-30 07:45:00-05:00,2,1,1.09592,1.09251,0.003409999999999913,-379.59999999998377,loss,dd_cut+flat_at_50,2,3,0,
2023-11-27,short,2023-11-30 07:45:00-05:00,2023-12-01 13:00:00-05:00,1.0942850000000002,1.0874650000000003,1.097695,1.0874650000000003,nan,nan,nan,,nan,,0,0,1.09592,1.09251,0.003409999999999913,680.4999999999826,win,reverse_fade+target,2,1,1,2023-11-28 13:15:00-05:00
2023-12-04,short,2023-12-05 16:00:00-05:00,2023-12-08 21:45:00-05:00,1.08026,1.07592,1.0885099999999999,1.0637600000000003,1.082735,1.084385,nan,,nan,,0,0,1.08865,1.0804,0.008249999999999869,1297.5000000000032,win,week_end,1,3,0,
2023-12-11,long,2023-12-12 09:00:00-05:00,2023-12-13 19:15:00-05:00,1.07835,1.08583,1.0746099999999998,1.08583,1.0772279999999999,1.0764799999999999,1.0772279999999999,2023-12-12 14:30:00-05:00,nan,,2,0,1.07789,1.07415,0.0037400000000000766,519.1000000000018,win,dd_cut+target,1,3,0,
2023-12-11,long,2023-12-13 19:30:00-05:00,2023-12-13 20:15:00-05:00,1.08867,1.0868,1.08493,1.0961500000000002,1.087548,1.0868,1.087548,2023-12-13 20:15:00-05:00,1.0868,2023-12-13 20:15:00-05:00,2,1,1.07789,1.07415,0.0037400000000000766,-415.9000000000173,loss,dd_cut+flat_at_50,2,3,0,
2023-12-11,short,2023-12-13 20:15:00-05:00,2023-12-14 03:00:00-05:00,1.0868,1.09054,1.09054,1.0793199999999998,nan,nan,nan,,nan,,0,0,1.07789,1.07415,0.0037400000000000766,-375.5000000000077,loss,reverse_fade+stop,2,1,1,2023-12-13 19:30:00-05:00
2023-12-18,long,2023-12-19 07:00:00-05:00,2023-12-21 21:30:00-05:00,1.09347,1.1009099999999998,1.08975,1.1009099999999998,1.092354,1.09161,nan,,nan,,0,0,1.09311,1.08939,0.0037199999999999456,2227.4999999999673,win,target,1,3,0,
2023-12-18,long,2023-12-21 21:45:00-05:00,2023-12-22 21:45:00-05:00,1.10109,1.10135,1.09737,1.1085299999999998,1.099974,1.09923,1.099974,2023-12-21 22:00:00-05:00,nan,,2,0,1.09311,1.08939,0.0037199999999999456,-201.69999999996406,loss,dd_cut+week_end,2,3,0,
2023-12-25,long,2023-12-26 02:15:00-05:00,2023-12-26 09:15:00-05:00,1.10253,1.101045,1.0995599999999999,1.1084700000000003,1.101639,1.101045,1.101639,2023-12-26 08:45:00-05:00,1.101045,2023-12-26 09:15:00-05:00,2,1,1.1023,1.09933,0.002970000000000139,-331.1999999999909,loss,dd_cut+flat_at_50,1,3,0,
2023-12-25,short,2023-12-26 09:15:00-05:00,2023-12-26 19:15:00-05:00,1.101045,1.1040150000000002,1.1040150000000002,1.0951049999999998,nan,nan,nan,,nan,,0,0,1.1023,1.09933,0.002970000000000139,-298.5000000000139,loss,reverse_fade+stop,1,1,1,2023-12-26 02:15:00-05:00
2023-12-25,long,2023-12-26 14:30:00-05:00,2023-12-27 14:30:00-05:00,1.10235,1.1082900000000002,1.0993799999999998,1.1082900000000002,1.101459,1.1008649999999998,nan,,nan,,0,0,1.1023,1.09933,0.002970000000000139,1777.5000000000837,win,target,2,3,0,
2024-01-01,short,2024-01-02 00:15:00-05:00,2024-01-02 01:00:00-05:00,1.10346,1.1039150000000002,1.10437,1.1016400000000002,1.103733,1.1039150000000002,1.103733,2024-01-02 00:45:00-05:00,1.1039150000000002,2024-01-02 01:00:00-05:00,2,1,1.10447,1.10356,0.0009099999999999664,-104.60000000000296,loss,dd_cut+flat_at_50,1,3,0,
2024-01-01,long,2024-01-02 01:00:00-05:00,2024-01-02 02:15:00-05:00,1.1039150000000002,1.1030050000000002,1.1030050000000002,1.1057350000000001,nan,nan,nan,,nan,,0,0,1.10447,1.10356,0.0009099999999999664,-92.49999999999665,loss,reverse_fade+stop,1,1,1,2024-01-02 00:15:00-05:00
2024-01-01,short,2024-01-02 01:45:00-05:00,2024-01-02 04:45:00-05:00,1.10348,1.10166,1.10439,1.10166,1.103753,1.1039349999999999,nan,,nan,,0,0,1.10447,1.10356,0.0009099999999999664,541.4999999999799,win,target,2,3,0,
2024-01-08,short,2024-01-09 15:45:00-05:00,2024-01-10 09:00:00-05:00,1.09178,1.09459,1.0974,1.08054,1.093466,1.09459,1.093466,2024-01-09 16:45:00-05:00,1.09459,2024-01-10 09:00:00-05:00,2,1,1.09788,1.09226,0.005619999999999958,-622.7000000000132,loss,dd_cut+flat_at_50,1,3,0,
2024-01-08,long,2024-01-10 09:00:00-05:00,2024-01-12 21:45:00-05:00,1.09459,1.09483,1.08897,1.1058299999999999,nan,nan,nan,,nan,,0,0,1.09788,1.09226,0.005619999999999958,22.500000000001798,win,reverse_fade+week_end,1,1,1,2024-01-09 15:45:00-05:00
2024-01-08,long,2024-01-11 02:00:00-05:00,2024-01-11 13:30:00-05:00,1.09801,1.0952,1.09239,1.1092499999999998,1.0963239999999999,1.0952,1.0963239999999999,2024-01-11 09:30:00-05:00,1.0952,2024-01-11 13:30:00-05:00,2,1,1.09788,1.09226,0.005619999999999958,-622.7000000000132,loss,dd_cut+flat_at_50,2,3,0,
2024-01-08,short,2024-01-11 13:30:00-05:00,2024-01-12 21:45:00-05:00,1.0952,1.09483,1.10082,1.08396,nan,nan,nan,,nan,,0,0,1.09788,1.09226,0.005619999999999958,35.499999999998145,win,reverse_fade+week_end,2,1,1,2024-01-11 02:00:00-05:00
2024-01-15,short,2024-01-16 00:30:00-05:00,2024-01-16 16:00:00-05:00,1.0932,1.0864000000000003,1.0965999999999998,1.0864000000000003,1.09422,1.0949,nan,,nan,,0,0,1.09675,1.09335,0.0033999999999998476,2035.4999999999086,win,target,1,3,0,
2024-01-15,short,2024-01-16 16:15:00-05:00,2024-01-18 06:00:00-05:00,1.08883,1.0905299999999998,1.0922299999999998,1.0820300000000003,1.08985,1.0905299999999998,1.08985,2024-01-18 01:00:00-05:00,1.0905299999999998,2024-01-18 06:00:00-05:00,2,1,1.09675,1.09335,0.0033999999999998476,-378.49999999998545,loss,dd_cut+flat_at_50,2,3,0,
2024-01-15,long,2024-01-18 06:00:00-05:00,2024-01-18 13:00:00-05:00,1.0905299999999998,1.08713,1.08713,1.0973299999999995,nan,nan,nan,,nan,,0,0,1.09675,1.09335,0.0033999999999998476,-341.49999999998477,loss,reverse_fade+stop,2,1,1,2024-01-16 16:15:00-05:00
2024-01-22,long,2024-01-23 06:45:00-05:00,2024-01-23 08:30:00-05:00,1.09139,1.08976,1.08813,1.0979100000000002,1.0904120000000002,1.08976,1.0904120000000002,2024-01-23 07:30:00-05:00,1.08976,2024-01-23 08:30:00-05:00,2,1,1.09094,1.08768,0.0032600000000000406,-363.0999999999867,loss,dd_cut+flat_at_50,1,3,0,
2024-01-22,short,2024-01-23 08:30:00-05:00,2024-01-23 15:30:00-05:00,1.08976,1.08324,1.09302,1.08324,nan,nan,nan,,nan,,0,0,1.09094,1.08768,0.0032600000000000406,650.5000000000082,win,reverse_fade+target,1,1,1,2024-01-23 06:45:00-05:00
2024-01-22,short,2024-01-23 10:45:00-05:00,2024-01-24 09:15:00-05:00,1.08694,1.08857,1.0902,1.08042,1.087918,1.08857,1.087918,2024-01-24 07:45:00-05:00,1.08857,2024-01-24 09:15:00-05:00,2,1,1.09094,1.08768,0.0032600000000000406,-363.0999999999867,loss,dd_cut+flat_at_50,2,3,0,
2024-01-22,long,2024-01-24 09:15:00-05:00,2024-01-25 14:30:00-05:00,1.08857,1.08531,1.08531,1.0950900000000001,nan,nan,nan,,nan,,0,0,1.09094,1.08768,0.0032600000000000406,-327.5000000000041,loss,reverse_fade+stop,2,1,1,2024-01-23 10:45:00-05:00
2024-01-29,long,2024-01-30 14:15:00-05:00,2024-01-31 02:00:00-05:00,1.08502,1.08231,1.0796000000000001,1.09586,1.0833940000000002,1.08231,1.0833940000000002,2024-01-30 15:00:00-05:00,1.08231,2024-01-31 02:00:00-05:00,2,1,1.085,1.07958,0.00541999999999998,-600.69999999998,loss,dd_cut+flat_at_50,1,3,0,
2024-01-29,short,2024-01-31 02:00:00-05:00,2024-01-31 14:30:00-05:00,1.08231,1.08773,1.08773,1.0714700000000001,nan,nan,nan,,nan,,0,0,1.085,1.07958,0.00541999999999998,-543.4999999999981,loss,reverse_fade+stop,1,1,1,2024-01-30 14:15:00-05:00
2024-01-29,long,2024-01-31 13:30:00-05:00,2024-01-31 19:00:00-05:00,1.08543,1.08272,1.08001,1.0962699999999999,1.083804,1.08272,1.083804,2024-01-31 19:00:00-05:00,1.08272,2024-01-31 19:00:00-05:00,2,1,1.085,1.07958,0.00541999999999998,-600.69999999998,loss,dd_cut+flat_at_50,2,3,0,
2024-01-29,short,2024-01-31 19:00:00-05:00,2024-02-02 05:30:00-05:00,1.08272,1.0881399999999999,1.0881399999999999,1.07188,nan,nan,nan,,nan,,0,0,1.085,1.07958,0.00541999999999998,-543.4999999999981,loss,reverse_fade+stop,2,1,1,2024-01-31 13:30:00-05:00
2024-02-05,long,2024-02-08 07:00:00-05:00,2024-02-08 12:30:00-05:00,1.07865,1.0755000000000001,1.0723500000000001,1.09125,1.0767600000000002,1.0755000000000001,1.0767600000000002,2024-02-08 11:00:00-05:00,1.0755000000000001,2024-02-08 12:30:00-05:00,2,1,1.07861,1.07231,0.006299999999999972,-697.4999999999881,loss,dd_cut+flat_at_50,1,3,0,
2024-02-05,short,2024-02-08 12:30:00-05:00,2024-02-09 21:45:00-05:00,1.0755000000000001,1.07821,1.0818,1.0629000000000002,nan,nan,nan,,nan,,0,0,1.07861,1.07231,0.006299999999999972,-272.4999999999768,loss,reverse_fade+week_end,1,1,1,2024-02-08 07:00:00-05:00
2024-02-05,long,2024-02-09 15:00:00-05:00,2024-02-09 21:45:00-05:00,1.07865,1.07821,1.0723500000000001,1.09125,1.0767600000000002,1.0755000000000001,nan,,nan,,0,0,1.07861,1.07231,0.006299999999999972,-136.5000000000654,loss,week_end,2,3,0,
2024-02-12,short,2024-02-13 13:30:00-05:00,2024-02-15 12:15:00-05:00,1.07173,1.0742099999999999,1.07669,1.0618100000000004,1.073218,1.0742099999999999,1.073218,2024-02-14 16:45:00-05:00,1.0742099999999999,2024-02-15 12:15:00-05:00,2,1,1.08055,1.07559,0.004959999999999853,-550.0999999999683,loss,dd_cut+flat_at_50,1,3,0,
2024-02-12,long,2024-02-15 12:15:00-05:00,2024-02-16 21:45:00-05:00,1.0742099999999999,1.07749,1.06925,1.0841299999999996,nan,nan,nan,,nan,,0,0,1.08055,1.07559,0.004959999999999853,326.50000000001717,win,reverse_fade+week_end,1,1,1,2024-02-13 13:30:00-05:00
2024-02-12,short,2024-02-15 12:30:00-05:00,2024-02-15 13:30:00-05:00,1.07459,1.07707,1.0795499999999998,1.0646700000000002,1.0760779999999999,1.07707,1.0760779999999999,2024-02-15 13:30:00-05:00,1.07707,2024-02-15 13:30:00-05:00,2,1,1.08055,1.07559,0.004959999999999853,-550.0999999999906,loss,dd_cut+flat_at_50,2,3,0,
2024-02-12,long,2024-02-15 13:30:00-05:00,2024-02-16 21:45:00-05:00,1.07707,1.07749,1.0721100000000001,1.0869899999999997,nan,nan,nan,,nan,,0,0,1.08055,1.07559,0.004959999999999853,40.5000000000087,win,reverse_fade+week_end,2,1,1,2024-02-15 12:30:00-05:00
2024-02-19,long,2024-02-20 09:30:00-05:00,2024-02-22 07:15:00-05:00,1.07954,1.0849999999999997,1.07681,1.0849999999999997,1.078721,1.0781749999999999,nan,,nan,,0,0,1.07894,1.07621,0.002729999999999899,1633.4999999999395,win,target,1,3,0,
2024-02-19,long,2024-02-22 07:30:00-05:00,2024-02-22 13:15:00-05:00,1.08527,1.0839050000000001,1.08254,1.0907299999999998,1.084451,1.0839050000000001,1.084451,2024-02-22 12:30:00-05:00,1.0839050000000001,2024-02-22 13:15:00-05:00,2,1,1.07894,1.07621,0.002729999999999899,-304.7999999999645,loss,dd_cut+flat_at_50,2,3,0,
2024-02-19,short,2024-02-22 13:15:00-05:00,2024-02-23 21:45:00-05:00,1.0839050000000001,1.08174,1.086635,1.0784450000000003,nan,nan,nan,,nan,,0,0,1.07894,1.07621,0.002729999999999899,215.00000000001944,win,reverse_fade+week_end,2,1,1,2024-02-22 07:30:00-05:00
2024-02-26,long,2024-02-27 07:15:00-05:00,2024-02-27 14:30:00-05:00,1.08614,1.0837850000000002,1.0814300000000001,1.09556,1.084727,1.0837850000000002,1.084727,2024-02-27 10:00:00-05:00,1.0837850000000002,2024-02-27 14:30:00-05:00,2,1,1.08597,1.08126,0.004709999999999992,-522.6000000000103,loss,dd_cut+flat_at_50,1,3,0,
2024-02-26,short,2024-02-27 14:30:00-05:00,2024-03-01 21:45:00-05:00,1.0837850000000002,1.08368,1.0884950000000002,1.0743650000000002,nan,nan,nan,,nan,,0,0,1.08597,1.08126,0.004709999999999992,9.000000000024379,win,reverse_fade+week_end,1,1,1,2024-02-27 07:15:00-05:00
2024-02-26,short,2024-02-28 08:45:00-05:00,2024-02-28 14:00:00-05:00,1.0809,1.0832549999999999,1.08561,1.07148,1.082313,1.0832549999999999,1.082313,2024-02-28 13:45:00-05:00,1.0832549999999999,2024-02-28 14:00:00-05:00,2,1,1.08597,1.08126,0.004709999999999992,-522.6000000000103,loss,dd_cut+flat_at_50,2,3,0,
2024-02-26,long,2024-02-28 14:00:00-05:00,2024-03-01 21:45:00-05:00,1.0832549999999999,1.08368,1.0785449999999999,1.0926749999999998,nan,nan,nan,,nan,,0,0,1.08597,1.08126,0.004709999999999992,41.00000000001197,win,reverse_fade+week_end,2,1,1,2024-02-28 08:45:00-05:00
2024-03-04,long,2024-03-05 15:00:00-05:00,2024-03-05 18:15:00-05:00,1.08694,1.08549,1.08404,1.0927400000000003,1.0860699999999999,1.08549,1.0860699999999999,2024-03-05 16:30:00-05:00,1.08549,2024-03-05 18:15:00-05:00,2,1,1.08667,1.08377,0.0029000000000001247,-323.5000000000248,loss,dd_cut+flat_at_50,1,3,0,
2024-03-04,short,2024-03-05 18:15:00-05:00,2024-03-06 13:45:00-05:00,1.08549,1.0883900000000002,1.0883900000000002,1.0796899999999998,nan,nan,nan,,nan,,0,0,1.08667,1.08377,0.0029000000000001247,-291.50000000001245,loss,reverse_fade+stop,1,1,1,2024-03-05 15:00:00-05:00
2024-03-04,long,2024-03-06 08:00:00-05:00,2024-03-07 15:30:00-05:00,1.08673,1.0925300000000002,1.0838299999999998,1.0925300000000002,1.0858599999999998,1.08528,nan,,nan,,0,0,1.08667,1.08377,0.0029000000000001247,1735.5000000000746,win,target,2,3,0,
2024-03-11,short,2024-03-12 13:30:00-04:00,2024-03-12 18:30:00-04:00,1.09061,1.092285,1.09396,1.0839100000000002,1.091615,1.092285,1.091615,2024-03-12 14:15:00-04:00,1.092285,2024-03-12 18:30:00-04:00,2,1,1.0948,1.09145,0.003349999999999964,-372.99999999997164,loss,dd_cut+flat_at_50,1,3,0,
2024-03-11,long,2024-03-12 18:30:00-04:00,2024-03-14 15:00:00-04:00,1.092285,1.088935,1.088935,1.0989849999999999,nan,nan,nan,,nan,,0,0,1.0948,1.09145,0.003349999999999964,-336.4999999999964,loss,reverse_fade+stop,1,1,1,2024-03-12 13:30:00-04:00
2024-03-11,long,2024-03-13 16:45:00-04:00,2024-03-14 07:30:00-04:00,1.0949,1.093225,1.09155,1.1016,1.093895,1.093225,1.093895,2024-03-14 04:30:00-04:00,1.093225,2024-03-14 07:30:00-04:00,2,1,1.0948,1.09145,0.003349999999999964,-372.99999999999386,loss,dd_cut+flat_at_50,2,3,0,
2024-03-11,short,2024-03-14 07:30:00-04:00,2024-03-15 20:45:00-04:00,1.093225,1.08869,1.0965749999999999,1.086525,nan,nan,nan,,nan,,0,0,1.0948,1.09145,0.003349999999999964,451.99999999999557,win,reverse_fade+week_end,2,1,1,2024-03-13 16:45:00-04:00
2024-03-18,short,2024-03-19 05:30:00-04:00,2024-03-20 18:00:00-04:00,1.08658,1.08858,1.09058,1.07858,1.0877800000000002,1.08858,1.0877800000000002,2024-03-20 18:00:00-04:00,1.08858,2024-03-20 18:00:00-04:00,2,1,1.09061,1.08661,0.0040000000000000036,-444.50000000001813,loss,dd_cut+flat_at_50,1,3,0,
2024-03-18,long,2024-03-20 18:00:00-04:00,2024-03-22 02:30:00-04:00,1.08858,1.08458,1.08458,1.09658,nan,nan,nan,,nan,,0,0,1.09061,1.08661,0.0040000000000000036,-401.50000000000034,loss,reverse_fade+stop,1,1,1,2024-03-19 05:30:00-04:00
2024-03-18,long,2024-03-20 18:45:00-04:00,2024-03-21 08:30:00-04:00,1.09144,1.08944,1.08744,1.09944,1.0902399999999999,1.08944,1.0902399999999999,2024-03-20 19:15:00-04:00,1.08944,2024-03-21 08:30:00-04:00,2,1,1.09061,1.08661,0.0040000000000000036,-444.50000000001813,loss,dd_cut+flat_at_50,2,3,0,
2024-03-18,short,2024-03-21 08:30:00-04:00,2024-03-22 08:15:00-04:00,1.08944,1.08144,1.09344,1.08144,nan,nan,nan,,nan,,0,0,1.09061,1.08661,0.0040000000000000036,798.5000000000007,win,reverse_fade+target,2,1,1,2024-03-20 18:45:00-04:00
2024-03-25,long,2024-03-26 00:45:00-04:00,2024-03-27 01:30:00-04:00,1.08426,1.082245,1.0802299999999998,1.0923200000000004,1.083051,1.082245,1.083051,2024-03-26 15:45:00-04:00,1.082245,2024-03-27 01:30:00-04:00,2,1,1.08424,1.08021,0.0040300000000002,-447.80000000001314,loss,dd_cut+flat_at_50,1,3,0,
2024-03-25,short,2024-03-27 01:30:00-04:00,2024-03-29 20:45:00-04:00,1.082245,1.07898,1.086275,1.0741849999999995,nan,nan,nan,,nan,,0,0,1.08424,1.08021,0.0040300000000002,324.9999999999851,win,reverse_fade+week_end,1,1,1,2024-03-26 00:45:00-04:00
2024-03-25,short,2024-03-28 07:45:00-04:00,2024-03-29 20:45:00-04:00,1.08007,1.07898,1.0841000000000003,1.0720099999999997,1.081279,1.0820850000000002,1.081279,2024-03-28 13:00:00-04:00,nan,,2,0,1.08424,1.08021,0.0040300000000002,-137.2999999999996,loss,dd_cut+week_end,2,3,0,
2024-04-01,short,2024-04-02 02:00:00-04:00,2024-04-02 13:30:00-04:00,1.07302,1.07641,1.0798,1.05946,1.0750540000000002,1.07641,1.0750540000000002,2024-04-02 11:45:00-04:00,1.07641,2024-04-02 13:30:00-04:00,2,1,1.07987,1.07309,0.006780000000000008,-750.3000000000186,loss,dd_cut+flat_at_50,1,3,0,
2024-04-01,long,2024-04-02 13:30:00-04:00,2024-04-05 20:45:00-04:00,1.07641,1.08352,1.06963,1.08997,nan,nan,nan,,nan,,0,0,1.07987,1.07309,0.006780000000000008,709.499999999995,win,reverse_fade+week_end,1,1,1,2024-04-02 02:00:00-04:00
2024-04-01,long,2024-04-03 14:00:00-04:00,2024-04-05 20:45:00-04:00,1.08059,1.08352,1.07381,1.09415,1.0785559999999998,1.0772,nan,,nan,,0,0,1.07987,1.07309,0.006780000000000008,874.5000000000297,win,week_end,2,3,0,
2024-04-08,long,2024-04-09 09:15:00-04:00,2024-04-10 12:30:00-04:00,1.0864,1.08427,1.0821399999999999,1.0949200000000003,1.085122,1.08427,1.085122,2024-04-09 17:15:00-04:00,1.08427,2024-04-10 12:30:00-04:00,2,1,1.08634,1.08208,0.0042600000000001526,-473.100000000019,loss,dd_cut+flat_at_50,1,3,0,
2024-04-08,short,2024-04-10 12:30:00-04:00,2024-04-10 13:45:00-04:00,1.08427,1.0757499999999998,1.0885300000000002,1.0757499999999998,nan,nan,nan,,nan,,0,0,1.08634,1.08208,0.0042600000000001526,850.5000000000305,win,reverse_fade+target,1,1,1,2024-04-09 09:15:00-04:00
2024-04-08,short,2024-04-10 12:45:00-04:00,2024-04-12 06:30:00-04:00,1.07807,1.0695499999999998,1.0823300000000002,1.0695499999999998,1.0793480000000002,1.0802,nan,,nan,,0,0,1.08634,1.08208,0.0042600000000001526,2551.5000000000914,win,target,2,3,0,
2024-04-15,short,2024-04-16 00:45:00-04:00,2024-04-16 11:45:00-04:00,1.06183,1.064075,1.0663200000000002,1.0528499999999998,1.063177,1.064075,1.063177,2024-04-16 09:00:00-04:00,1.064075,2024-04-16 11:45:00-04:00,2,1,1.06651,1.06202,0.004490000000000105,-498.4000000000027,loss,dd_cut+flat_at_50,1,3,0,
2024-04-15,long,2024-04-16 11:45:00-04:00,2024-04-19 20:45:00-04:00,1.064075,1.06526,1.059585,1.0730550000000003,nan,nan,nan,,nan,,0,0,1.06651,1.06202,0.004490000000000105,116.99999999999916,win,reverse_fade+week_end,1,1,1,2024-04-16 00:45:00-04:00
2024-04-15,short,2024-04-16 17:15:00-04:00,2024-04-17 06:45:00-04:00,1.06138,1.063625,1.06587,1.0523999999999998,1.062727,1.063625,1.062727,2024-04-16 18:00:00-04:00,1.063625,2024-04-17 06:45:00-04:00,2,1,1.06651,1.06202,0.004490000000000105,-498.4000000000027,loss,dd_cut+flat_at_50,2,3,0,
2024-04-15,long,2024-04-17 06:45:00-04:00,2024-04-19 20:45:00-04:00,1.063625,1.06526,1.059135,1.0726050000000003,nan,nan,nan,,nan,,0,0,1.06651,1.06202,0.004490000000000105,162.00000000000531,win,reverse_fade+week_end,2,1,1,2024-04-16 17:15:00-04:00
2024-04-22,long,2024-04-23 07:30:00-04:00,2024-04-23 09:45:00-04:00,1.06815,1.065815,1.06348,1.0774899999999998,1.066749,1.065815,1.066749,2024-04-23 09:00:00-04:00,1.065815,2024-04-23 09:45:00-04:00,2,1,1.06706,1.06239,0.004669999999999952,-518.1999999999947,loss,dd_cut+flat_at_50,1,3,0,
2024-04-22,short,2024-04-23 09:45:00-04:00,2024-04-23 13:45:00-04:00,1.065815,1.070485,1.070485,1.056475,nan,nan,nan,,nan,,0,0,1.06706,1.06239,0.004669999999999952,-468.4999999999952,loss,reverse_fade+stop,1,1,1,2024-04-23 07:30:00-04:00
2024-04-22,long,2024-04-23 11:45:00-04:00,2024-04-26 20:45:00-04:00,1.06745,1.06911,1.06278,1.07679,1.066049,1.065115,1.066049,2024-04-23 13:30:00-04:00,nan,,2,0,1.06706,1.06239,0.004669999999999952,-118.6999999999976,loss,dd_cut+week_end,2,3,0,
2024-04-29,short,2024-04-30 15:30:00-04:00,2024-05-01 18:30:00-04:00,1.06857,1.070745,1.0729199999999999,1.0598700000000003,1.069875,1.070745,1.069875,2024-05-01 18:30:00-04:00,1.070745,2024-05-01 18:30:00-04:00,2,1,1.07337,1.06902,0.004349999999999854,-482.99999999998175,loss,dd_cut+flat_at_50,1,3,0,
2024-04-29,long,2024-05-01 18:30:00-04:00,2024-05-03 12:30:00-04:00,1.070745,1.0794449999999998,1.0663950000000002,1.0794449999999998,nan,nan,nan,,nan,,0,0,1.07337,1.06902,0.004349999999999854,868.4999999999708,win,reverse_fade+target,1,1,1,2024-04-30 15:30:00-04:00
2024-04-29,short,2024-05-01 19:45:00-04:00,2024-05-01 20:15:00-04:00,1.06895,1.0711249999999999,1.0733,1.0602500000000004,1.070255,1.0711249999999999,1.070255,2024-05-01 20:15:00-04:00,1.0711249999999999,2024-05-01 20:15:00-04:00,2,1,1.07337,1.06902,0.004349999999999854,-482.9999999999595,loss,dd_cut+flat_at_50,2,3,0,
2024-04-29,long,2024-05-01 20:15:00-04:00,2024-05-03 12:30:00-04:00,1.0711249999999999,1.0798249999999996,1.066775,1.0798249999999996,nan,nan,nan,,nan,,0,0,1.07337,1.06902,0.004349999999999854,868.4999999999708,win,reverse_fade+target,2,1,1,2024-05-01 19:45:00-04:00
2024-05-06,short,2024-05-07 18:00:00-04:00,2024-05-09 14:15:00-04:00,1.07548,1.0772499999999998,1.0790199999999999,1.0684000000000002,1.0765419999999999,1.0772499999999998,1.0765419999999999,2024-05-09 13:45:00-04:00,1.0772499999999998,2024-05-09 14:15:00-04:00,2,1,1.07907,1.07553,0.0035399999999998766,-393.899999999962,loss,dd_cut+flat_at_50,1,3,0,
2024-05-06,long,2024-05-09 14:15:00-04:00,2024-05-10 20:45:00-04:00,1.0772499999999998,1.07694,1.07371,1.0843299999999996,nan,nan,nan,,nan,,0,0,1.07907,1.07553,0.0035399999999998766,-32.49999999998104,loss,reverse_fade+week_end,1,1,1,2024-05-07 18:00:00-04:00
2024-05-13,long,2024-05-14 13:00:00-04:00,2024-05-17 20:45:00-04:00,1.08198,1.08674,1.07788,1.09018,1.0807499999999999,1.07993,nan,,nan,,0,0,1.08068,1.07658,0.0040999999999999925,1423.5000000000293,win,week_end,1,3,0,
2024-05-20,short,2024-05-21 02:00:00-04:00,2024-05-21 08:45:00-04:00,1.08519,1.08671,1.0882300000000003,1.0791099999999998,1.0861020000000001,1.08671,1.0861020000000001,2024-05-21 05:45:00-04:00,1.08671,2024-05-21 08:45:00-04:00,2,1,1.08844,1.0854,0.0030400000000001537,-338.90000000000134,loss,dd_cut+flat_at_50,1,3,0,
2024-05-20,long,2024-05-21 08:45:00-04:00,2024-05-22 11:00:00-04:00,1.08671,1.08367,1.08367,1.0927900000000004,nan,nan,nan,,nan,,0,0,1.08844,1.0854,0.0030400000000001537,-305.50000000001535,loss,reverse_fade+stop,1,1,1,2024-05-21 02:00:00-04:00
2024-05-20,short,2024-05-21 13:30:00-04:00,2024-05-24 20:45:00-04:00,1.08535,1.0846,1.0883900000000002,1.0792699999999997,1.086262,1.0868700000000002,1.086262,2024-05-22 02:00:00-04:00,nan,,2,0,1.08844,1.0854,0.0030400000000001537,-111.90000000000194,loss,dd_cut+week_end,2,3,0,
2024-05-27,long,2024-05-28 01:15:00-04:00,2024-05-28 22:30:00-04:00,1.08677,1.0854249999999999,1.08408,1.0921500000000002,1.085963,1.0854249999999999,1.085963,2024-05-28 14:00:00-04:00,1.0854249999999999,2024-05-28 22:30:00-04:00,2,1,1.08674,1.08405,0.002690000000000081,-300.4000000000156,loss,dd_cut+flat_at_50,1,3,0,
2024-05-27,short,2024-05-28 22:30:00-04:00,2024-05-29 19:45:00-04:00,1.0854249999999999,1.0800449999999997,1.088115,1.0800449999999997,nan,nan,nan,,nan,,0,0,1.08674,1.08405,0.002690000000000081,536.5000000000163,win,reverse_fade+target,1,1,1,2024-05-28 01:15:00-04:00
2024-05-27,short,2024-05-29 08:00:00-04:00,2024-05-29 09:30:00-04:00,1.08369,1.085035,1.0863800000000001,1.0783099999999999,1.084497,1.085035,1.084497,2024-05-29 09:15:00-04:00,1.085035,2024-05-29 09:30:00-04:00,2,1,1.08674,1.08405,0.002690000000000081,-300.3999999999934,loss,dd_cut+flat_at_50,2,3,0,
2024-05-27,long,2024-05-29 09:30:00-04:00,2024-05-29 14:15:00-04:00,1.085035,1.082345,1.082345,1.0904150000000001,nan,nan,nan,,nan,,0,0,1.08674,1.08405,0.002690000000000081,-270.50000000000813,loss,reverse_fade+stop,2,1,1,2024-05-29 08:00:00-04:00
2024-06-03,long,2024-06-04 00:00:00-04:00,2024-06-04 09:00:00-04:00,1.09129,1.08719,1.08309,1.10769,1.0888300000000002,1.08719,1.0888300000000002,2024-06-04 07:15:00-04:00,1.08719,2024-06-04 09:00:00-04:00,2,1,1.09098,1.08278,0.008199999999999985,-906.4999999999807,loss,dd_cut+flat_at_50,1,3,0,
2024-06-03,short,2024-06-04 09:00:00-04:00,2024-06-07 20:45:00-04:00,1.08719,1.08017,1.09539,1.0707900000000001,nan,nan,nan,,nan,,0,0,1.09098,1.08278,0.008199999999999985,700.5000000000026,win,reverse_fade+week_end,1,1,1,2024-06-04 00:00:00-04:00
2024-06-03,short,2024-06-07 13:00:00-04:00,2024-06-07 20:45:00-04:00,1.08265,1.08017,1.0908499999999999,1.06625,1.0851099999999998,1.0867499999999999,nan,,nan,,0,0,1.09098,1.08278,0.008199999999999985,739.4999999999447,win,week_end,2,3,0,
2024-06-10,short,2024-06-11 11:00:00-04:00,2024-06-12 08:30:00-04:00,1.07287,1.0753050000000002,1.0777400000000001,1.0631299999999997,1.074331,1.0753050000000002,1.074331,2024-06-11 18:15:00-04:00,1.0753050000000002,2024-06-12 08:30:00-04:00,2,1,1.07814,1.07327,0.004870000000000152,-540.2000000000056,loss,dd_cut+flat_at_50,1,3,0,
2024-06-10,long,2024-06-12 08:30:00-04:00,2024-06-12 15:00:00-04:00,1.0753050000000002,1.0850450000000005,1.070435,1.0850450000000005,nan,nan,nan,,nan,,0,0,1.07814,1.07327,0.004870000000000152,972.5000000000304,win,reverse_fade+target,1,1,1,2024-06-11 11:00:00-04:00
2024-06-10,long,2024-06-12 12:30:00-04:00,2024-06-13 11:00:00-04:00,1.0815,1.079065,1.0766299999999998,1.0912400000000002,1.0800389999999997,1.079065,1.0800389999999997,2024-06-13 10:00:00-04:00,1.079065,2024-06-13 11:00:00-04:00,2,1,1.07814,1.07327,0.004870000000000152,-540.2000000000278,loss,dd_cut+flat_at_50,2,3,0,
2024-06-10,short,2024-06-13 11:00:00-04:00,2024-06-14 08:30:00-04:00,1.079065,1.0693249999999996,1.083935,1.0693249999999996,nan,nan,nan,,nan,,0,0,1.07814,1.07327,0.004870000000000152,972.5000000000304,win,reverse_fade+target,2,1,1,2024-06-12 12:30:00-04:00
2024-06-17,long,2024-06-18 13:45:00-04:00,2024-06-20 08:00:00-04:00,1.07484,1.072105,1.06937,1.0857800000000002,1.073199,1.072105,1.073199,2024-06-19 06:30:00-04:00,1.072105,2024-06-20 08:00:00-04:00,2,1,1.0741,1.06863,0.005470000000000086,-606.1999999999939,loss,dd_cut+flat_at_50,1,3,0,
2024-06-17,short,2024-06-20 08:00:00-04:00,2024-06-21 20:45:00-04:00,1.072105,1.06918,1.0775750000000002,1.061165,nan,nan,nan,,nan,,0,0,1.0741,1.06863,0.005470000000000086,291.00000000000665,win,reverse_fade+week_end,1,1,1,2024-06-18 13:45:00-04:00
2024-06-17,short,2024-06-21 07:30:00-04:00,2024-06-21 20:45:00-04:00,1.06799,1.06918,1.07346,1.0570499999999998,1.069631,1.070725,1.069631,2024-06-21 09:45:00-04:00,nan,,2,0,1.0741,1.06863,0.005470000000000086,-451.7000000000032,loss,dd_cut+week_end,2,3,0,
2024-06-24,short,2024-06-26 10:15:00-04:00,2024-06-27 12:30:00-04:00,1.06828,1.0714099999999998,1.0745399999999998,1.05576,1.070158,1.0714099999999998,1.070158,2024-06-27 10:45:00-04:00,1.0714099999999998,2024-06-27 12:30:00-04:00,2,1,1.07463,1.06837,0.006259999999999932,-693.0999999999947,loss,dd_cut+flat_at_50,1,3,0,
2024-06-24,long,2024-06-27 12:30:00-04:00,2024-06-28 20:45:00-04:00,1.0714099999999998,1.07119,1.0651499999999998,1.0839299999999996,nan,nan,nan,,nan,,0,0,1.07463,1.06837,0.006259999999999932,-23.49999999996649,loss,reverse_fade+week_end,1,1,1,2024-06-26 10:15:00-04:00
2024-07-01,short,2024-07-02 07:15:00-04:00,2024-07-02 13:30:00-04:00,1.07161,1.07444,1.07727,1.06029,1.073308,1.07444,1.073308,2024-07-02 12:15:00-04:00,1.07444,2024-07-02 13:30:00-04:00,2,1,1.07763,1.07197,0.005659999999999998,-627.1000000000065,loss,dd_cut+flat_at_50,1,3,0,
2024-07-01,long,2024-07-02 13:30:00-04:00,2024-07-05 20:45:00-04:00,1.07444,1.0837,1.06878,1.08576,nan,nan,nan,,nan,,0,0,1.07763,1.07197,0.005659999999999998,924.5000000000045,win,reverse_fade+week_end,1,1,1,2024-07-02 07:15:00-04:00
2024-07-01,long,2024-07-03 13:00:00-04:00,2024-07-05 20:45:00-04:00,1.07796,1.0837,1.0723,1.08928,1.076262,1.0751300000000001,nan,,nan,,0,0,1.07763,1.07197,0.005659999999999998,1717.5000000000236,win,week_end,2,3,0,
2024-07-08,short,2024-07-09 11:30:00-04:00,2024-07-10 13:00:00-04:00,1.08133,1.0828499999999999,1.0843699999999998,1.07525,1.082242,1.0828499999999999,1.082242,2024-07-09 13:30:00-04:00,1.0828499999999999,2024-07-10 13:00:00-04:00,2,1,1.0845,1.08146,0.0030399999999999316,-338.90000000000134,loss,dd_cut+flat_at_50,1,3,0,
2024-07-08,long,2024-07-10 13:00:00-04:00,2024-07-11 12:30:00-04:00,1.0828499999999999,1.0889299999999997,1.07981,1.0889299999999997,nan,nan,nan,,nan,,0,0,1.0845,1.08146,0.0030399999999999316,606.4999999999864,win,reverse_fade+target,1,1,1,2024-07-09 11:30:00-04:00
2024-07-08,long,2024-07-11 08:45:00-04:00,2024-07-12 14:45:00-04:00,1.08473,1.0908099999999998,1.08169,1.0908099999999998,1.083818,1.08321,nan,,nan,,0,0,1.0845,1.08146,0.0030399999999999316,1819.499999999959,win,target,2,3,0,
2024-07-15,long,2024-07-17 08:30:00-04:00,2024-07-18 13:30:00-04:00,1.09324,1.0912950000000001,1.08935,1.1010199999999999,1.092073,1.0912950000000001,1.092073,2024-07-18 13:00:00-04:00,1.0912950000000001,2024-07-18 13:30:00-04:00,2,1,1.09222,1.08833,0.003889999999999949,-432.39999999996996,loss,dd_cut+flat_at_50,1,3,0,
2024-07-15,short,2024-07-18 13:30:00-04:00,2024-07-19 20:45:00-04:00,1.0912950000000001,1.08779,1.095185,1.0835150000000002,nan,nan,nan,,nan,,0,0,1.09222,1.08833,0.003889999999999949,349.00000000000915,win,reverse_fade+week_end,1,1,1,2024-07-17 08:30:00-04:00
2024-07-15,short,2024-07-19 07:00:00-04:00,2024-07-19 20:45:00-04:00,1.08823,1.08779,1.09212,1.0804500000000001,1.089397,1.090175,1.089397,2024-07-19 12:00:00-04:00,nan,,2,0,1.09222,1.08833,0.003889999999999949,-193.899999999984,loss,dd_cut+week_end,2,3,0,
2024-07-22,short,2024-07-23 08:00:00-04:00,2024-07-26 20:45:00-04:00,1.08727,1.08547,1.08995,1.08191,1.088074,1.08861,1.088074,2024-07-23 08:30:00-04:00,nan,,2,0,1.08998,1.0873,0.0026800000000000157,14.699999999997004,win,dd_cut+week_end,1,3,0,
2024-07-29,short,2024-07-30 12:45:00-04:00,2024-07-31 11:00:00-04:00,1.08019,1.08355,1.08691,1.0667499999999999,1.082206,1.08355,1.082206,2024-07-31 01:00:00-04:00,1.08355,2024-07-31 11:00:00-04:00,2,1,1.087,1.08028,0.006720000000000059,-743.7000000000065,loss,dd_cut+flat_at_50,1,3,0,
2024-07-29,long,2024-07-31 11:00:00-04:00,2024-08-02 20:45:00-04:00,1.08355,1.09098,1.07683,1.0969900000000001,nan,nan,nan,,nan,,0,0,1.087,1.08028,0.006720000000000059,741.5000000000048,win,reverse_fade+week_end,1,1,1,2024-07-30 12:45:00-04:00
2024-07-29,short,2024-08-01 07:45:00-04:00,2024-08-02 11:15:00-04:00,1.08009,1.08345,1.08681,1.0666499999999999,1.082106,1.08345,1.082106,2024-08-02 09:00:00-04:00,1.08345,2024-08-02 11:15:00-04:00,2,1,1.087,1.08028,0.006720000000000059,-743.7000000000065,loss,dd_cut+flat_at_50,2,3,0,
2024-07-29,long,2024-08-02 11:15:00-04:00,2024-08-02 20:45:00-04:00,1.08345,1.09098,1.07673,1.0968900000000001,nan,nan,nan,,nan,,0,0,1.087,1.08028,0.006720000000000059,751.5000000000036,win,reverse_fade+week_end,2,1,1,2024-08-01 07:45:00-04:00
2024-08-05,short,2024-08-08 13:30:00-04:00,2024-08-09 20:45:00-04:00,1.08863,1.09167,1.1002800000000001,1.0653299999999997,1.092125,1.094455,1.092125,2024-08-09 02:15:00-04:00,nan,,2,0,1.10088,1.08923,0.01165000000000016,-1007.4999999999984,loss,dd_cut+week_end,1,3,0,
2024-08-12,long,2024-08-13 05:00:00-04:00,2024-08-13 07:15:00-04:00,1.09408,1.092695,1.0913099999999998,1.0996200000000003,1.093249,1.092695,1.093249,2024-08-13 07:00:00-04:00,1.092695,2024-08-13 07:15:00-04:00,2,1,1.09393,1.09116,0.0027700000000001612,-309.2000000000022,loss,dd_cut+flat_at_50,1,3,0,
2024-08-12,short,2024-08-13 07:15:00-04:00,2024-08-13 13:30:00-04:00,1.092695,1.0954650000000001,1.0954650000000001,1.0871549999999996,nan,nan,nan,,nan,,0,0,1.09393,1.09116,0.0027700000000001612,-278.50000000001614,loss,reverse_fade+stop,1,1,1,2024-08-13 05:00:00-04:00
2024-08-12,long,2024-08-13 12:30:00-04:00,2024-08-13 18:30:00-04:00,1.09397,1.0995100000000004,1.0912,1.0995100000000004,1.093139,1.0925850000000001,nan,,nan,,0,0,1.09393,1.09116,0.0027700000000001612,1657.5000000000969,win,target,2,3,0,
2024-08-19,long,2024-08-20 12:45:00-04:00,2024-08-23 20:45:00-04:00,1.10983,1.1191,1.10339,1.12271,1.107898,1.10661,nan,,nan,,0,0,1.10875,1.10231,0.006440000000000001,2776.499999999967,win,week_end,1,3,0,
2024-08-26,short,2024-08-28 05:15:00-04:00,2024-08-30 20:45:00-04:00,1.11462,1.10456,1.11977,1.10432,1.1161649999999999,1.117195,nan,,nan,,0,0,1.12015,1.115,0.005149999999999988,3013.4999999999873,win,week_end,1,3,0,
2024-09-02,short,2024-09-03 09:00:00-04:00,2024-09-03 13:00:00-04:00,1.10362,1.10539,1.1071600000000001,1.0965399999999998,1.1046820000000002,1.10539,1.1046820000000002,2024-09-03 12:30:00-04:00,1.10539,2024-09-03 13:00:00-04:00,2,1,1.10773,1.10419,0.0035400000000000986,-393.9000000000286,loss,dd_cut+flat_at_50,1,3,0,
2024-09-02,long,2024-09-03 13:00:00-04:00,2024-09-06 12:30:00-04:00,1.10539,1.1124700000000003,1.10185,1.1124700000000003,nan,nan,nan,,nan,,0,0,1.10773,1.10419,0.0035400000000000986,706.5000000000198,win,reverse_fade+target,1,1,1,2024-09-03 09:00:00-04:00
2024-09-02,short,2024-09-03 14:15:00-04:00,2024-09-04 04:45:00-04:00,1.10388,1.10565,1.10742,1.0967999999999998,1.104942,1.10565,1.104942,2024-09-03 14:30:00-04:00,1.10565,2024-09-04 04:45:00-04:00,2,1,1.10773,1.10419,0.0035400000000000986,-393.9000000000286,loss,dd_cut+flat_at_50,2,3,0,
2024-09-02,long,2024-09-04 04:45:00-04:00,2024-09-06 12:30:00-04:00,1.10565,1.1127300000000002,1.10211,1.1127300000000002,nan,nan,nan,,nan,,0,0,1.10773,1.10419,0.0035400000000000986,706.5000000000198,win,reverse_fade+target,2,1,1,2024-09-03 14:15:00-04:00
2024-09-09,short,2024-09-10 00:00:00-04:00,2024-09-12 18:30:00-04:00,1.10326,1.1061549999999998,1.1090499999999999,1.09168,1.104997,1.1061549999999998,1.104997,2024-09-11 05:15:00-04:00,1.1061549999999998,2024-09-12 18:30:00-04:00,2,1,1.1091,1.10331,0.005789999999999962,-641.4000000000069,loss,dd_cut+flat_at_50,1,3,0,
2024-09-09,long,2024-09-12 18:30:00-04:00,2024-09-13 20:45:00-04:00,1.1061549999999998,1.10732,1.1003649999999998,1.1177349999999997,nan,nan,nan,,nan,,0,0,1.1091,1.10331,0.005789999999999962,115.00000000003047,win,reverse_fade+week_end,1,1,1,2024-09-10 00:00:00-04:00
2024-09-09,long,2024-09-13 07:45:00-04:00,2024-09-13 20:45:00-04:00,1.10924,1.10732,1.10345,1.12082,1.107503,1.1063450000000001,1.107503,2024-09-13 20:15:00-04:00,nan,,2,0,1.1091,1.10331,0.005789999999999962,-543.9000000000121,loss,dd_cut+week_end,2,3,0,
2024-09-16,long,2024-09-17 08:30:00-04:00,2024-09-17 13:45:00-04:00,1.1139,1.111365,1.10883,1.1240399999999997,1.112379,1.111365,1.112379,2024-09-17 12:30:00-04:00,1.111365,2024-09-17 13:45:00-04:00,2,1,1.11374,1.10867,0.005069999999999908,-562.1999999999721,loss,dd_cut+flat_at_50,1,3,0,
2024-09-16,short,2024-09-17 13:45:00-04:00,2024-09-18 18:00:00-04:00,1.111365,1.1164349999999998,1.1164349999999998,1.1012250000000001,nan,nan,nan,,nan,,0,0,1.11374,1.10867,0.005069999999999908,-508.4999999999908,loss,reverse_fade+stop,1,1,1,2024-09-17 08:30:00-04:00
2024-09-16,long,2024-09-18 09:45:00-04:00,2024-09-18 14:30:00-04:00,1.11381,1.111275,1.10874,1.1239499999999998,1.112289,1.111275,1.112289,2024-09-18 11:30:00-04:00,1.111275,2024-09-18 14:30:00-04:00,2,1,1.11374,1.10867,0.005069999999999908,-562.1999999999721,loss,dd_cut+flat_at_50,2,3,0,
2024-09-16,short,2024-09-18 14:30:00-04:00,2024-09-18 18:00:00-04:00,1.111275,1.116345,1.116345,1.1011350000000002,nan,nan,nan,,nan,,0,0,1.11374,1.10867,0.005069999999999908,-508.4999999999908,loss,reverse_fade+stop,2,1,1,2024-09-18 09:45:00-04:00
2024-09-23,long,2024-09-24 19:00:00-04:00,2024-09-25 17:00:00-04:00,1.11711,1.112905,1.1087,1.13393,1.114587,1.112905,1.114587,2024-09-25 15:45:00-04:00,1.112905,2024-09-25 17:00:00-04:00,2,1,1.11672,1.10831,0.008410000000000029,-929.600000000012,loss,dd_cut+flat_at_50,1,3,0,
2024-09-23,short,2024-09-25 17:00:00-04:00,2024-09-27 20:45:00-04:00,1.112905,1.11619,1.121315,1.096085,nan,nan,nan,,nan,,0,0,1.11672,1.10831,0.008410000000000029,-329.99999999999824,loss,reverse_fade+week_end,1,1,1,2024-09-24 19:00:00-04:00
2024-09-23,long,2024-09-26 15:00:00-04:00,2024-09-27 07:15:00-04:00,1.11692,1.112715,1.1085099999999999,1.13374,1.1143969999999999,1.112715,1.1143969999999999,2024-09-27 06:45:00-04:00,1.112715,2024-09-27 07:15:00-04:00,2,1,1.11672,1.10831,0.008410000000000029,-929.600000000012,loss,dd_cut+flat_at_50,2,3,0,
2024-09-23,short,2024-09-27 07:15:00-04:00,2024-09-27 20:45:00-04:00,1.112715,1.11619,1.121125,1.0958949999999998,nan,nan,nan,,nan,,0,0,1.11672,1.10831,0.008410000000000029,-349.0000000000117,loss,reverse_fade+week_end,2,1,1,2024-09-26 15:00:00-04:00
2024-09-30,short,2024-10-01 07:00:00-04:00,2024-10-04 20:45:00-04:00,1.11133,1.09739,1.12086,1.0922699999999999,1.1141889999999999,1.116095,nan,,nan,,0,0,1.12089,1.11136,0.009530000000000038,4177.499999999953,win,week_end,1,3,0,
2024-10-07,long,2024-10-08 06:30:00-04:00,2024-10-08 12:45:00-04:00,1.09877,1.09714,1.09551,1.10529,1.097792,1.09714,1.097792,2024-10-08 12:30:00-04:00,1.09714,2024-10-08 12:45:00-04:00,2,1,1.09868,1.09542,0.0032600000000000406,-363.0999999999867,loss,dd_cut+flat_at_50,1,3,0,
2024-10-07,short,2024-10-08 12:45:00-04:00,2024-10-10 16:45:00-04:00,1.09714,1.09062,1.1004,1.09062,nan,nan,nan,,nan,,0,0,1.09868,1.09542,0.0032600000000000406,650.5000000000082,win,reverse_fade+target,1,1,1,2024-10-08 06:30:00-04:00
2024-10-07,short,2024-10-09 07:00:00-04:00,2024-10-09 10:00:00-04:00,1.09514,1.09677,1.0984,1.08862,1.096118,1.09677,1.096118,2024-10-09 07:30:00-04:00,1.09677,2024-10-09 10:00:00-04:00,2,1,1.09868,1.09542,0.0032600000000000406,-363.0999999999867,loss,dd_cut+flat_at_50,2,3,0,
2024-10-07,long,2024-10-09 10:00:00-04:00,2024-10-10 07:00:00-04:00,1.09677,1.09351,1.09351,1.10329,nan,nan,nan,,nan,,0,0,1.09868,1.09542,0.0032600000000000406,-327.5000000000041,loss,reverse_fade+stop,2,1,1,2024-10-09 07:00:00-04:00
2024-10-14,short,2024-10-15 07:00:00-04:00,2024-10-15 08:45:00-04:00,1.08866,1.091085,1.09351,1.07896,1.090115,1.091085,1.090115,2024-10-15 08:00:00-04:00,1.091085,2024-10-15 08:45:00-04:00,2,1,1.09366,1.08881,0.004850000000000021,-538.000000000009,loss,dd_cut+flat_at_50,1,3,0,
2024-10-14,long,2024-10-15 08:45:00-04:00,2024-10-16 17:30:00-04:00,1.091085,1.086235,1.086235,1.1007850000000001,nan,nan,nan,,nan,,0,0,1.09366,1.08881,0.004850000000000021,-486.5000000000021,loss,reverse_fade+stop,1,1,1,2024-10-15 07:00:00-04:00
2024-10-14,short,2024-10-15 17:00:00-04:00,2024-10-18 20:45:00-04:00,1.08874,1.08655,1.09359,1.07904,1.090195,1.0911650000000002,nan,,nan,,0,0,1.09366,1.08881,0.004850000000000021,652.5000000000409,win,week_end,2,3,0,
2024-10-21,short,2024-10-22 13:30:00-04:00,2024-10-25 08:15:00-04:00,1.08023,1.083115,1.086,1.06869,1.081961,1.083115,1.081961,2024-10-24 17:15:00-04:00,1.083115,2024-10-25 08:15:00-04:00,2,1,1.08688,1.08111,0.005770000000000053,-639.199999999988,loss,dd_cut+flat_at_50,1,3,0,
2024-10-21,long,2024-10-25 08:15:00-04:00,2024-10-25 20:45:00-04:00,1.083115,1.07945,1.077345,1.0946550000000002,nan,nan,nan,,nan,,0,0,1.08688,1.08111,0.005770000000000053,-368.00000000000296,loss,reverse_fade+week_end,1,1,1,2024-10-22 13:30:00-04:00
2024-10-21,short,2024-10-25 16:00:00-04:00,2024-10-25 20:45:00-04:00,1.08086,1.07945,1.08663,1.0693199999999998,1.0825909999999999,1.083745,nan,,nan,,0,0,1.08688,1.08111,0.005770000000000053,418.4999999999734,win,week_end,2,3,0,
2024-10-28,short,2024-10-29 12:30:00-04:00,2024-10-29 14:00:00-04:00,1.0777,1.0799850000000002,1.08227,1.0685600000000002,1.0790710000000001,1.0799850000000002,1.0790710000000001,2024-10-29 13:45:00-04:00,1.0799850000000002,2024-10-29 14:00:00-04:00,2,1,1.08276,1.07819,0.004569999999999963,-507.20000000001147,loss,dd_cut+flat_at_50,1,3,0,
2024-10-28,long,2024-10-29 14:00:00-04:00,2024-11-01 12:30:00-04:00,1.0799850000000002,1.0891250000000001,1.0754150000000002,1.0891250000000001,nan,nan,nan,,nan,,0,0,1.08276,1.07819,0.004569999999999963,912.4999999999926,win,reverse_fade+target,1,1,1,2024-10-29 12:30:00-04:00
2024-10-28,long,2024-10-30 08:00:00-04:00,2024-10-30 12:15:00-04:00,1.08379,1.081505,1.07922,1.09293,1.082419,1.081505,1.082419,2024-10-30 11:45:00-04:00,1.081505,2024-10-30 12:15:00-04:00,2,1,1.08276,1.07819,0.004569999999999963,-507.20000000001147,loss,dd_cut+flat_at_50,2,3,0,
2024-10-28,short,2024-10-30 12:15:00-04:00,2024-10-30 15:30:00-04:00,1.081505,1.086075,1.086075,1.072365,nan,nan,nan,,nan,,0,0,1.08276,1.07819,0.004569999999999963,-458.4999999999963,loss,reverse_fade+stop,2,1,1,2024-10-30 08:00:00-04:00
2024-11-04,long,2024-11-05 16:15:00-05:00,2024-11-06 00:00:00-05:00,1.09151,1.08927,1.08703,1.10047,1.090166,1.08927,1.090166,2024-11-06 00:00:00-05:00,1.08927,2024-11-06 00:00:00-05:00,2,1,1.09147,1.08699,0.0044800000000000395,-497.30000000000433,loss,dd_cut+flat_at_50,1,3,0,
2024-11-04,short,2024-11-06 00:00:00-05:00,2024-11-06 02:15:00-05:00,1.08927,1.0803099999999999,1.09375,1.0803099999999999,nan,nan,nan,,nan,,0,0,1.09147,1.08699,0.0044800000000000395,894.500000000008,win,reverse_fade+target,1,1,1,2024-11-05 16:15:00-05:00
2024-11-04,short,2024-11-06 00:30:00-05:00,2024-11-06 03:00:00-05:00,1.08506,1.0760999999999998,1.08954,1.0760999999999998,1.086404,1.0873,nan,,nan,,0,0,1.09147,1.08699,0.0044800000000000395,2683.5000000000236,win,target,2,3,0,
2024-11-11,short,2024-11-12 08:15:00-05:00,2024-11-15 21:45:00-05:00,1.06195,1.05394,1.07186,1.0421299999999998,1.064923,1.066905,1.064923,2024-11-13 13:30:00-05:00,nan,,2,0,1.07277,1.06286,0.009910000000000085,201.89999999996223,win,dd_cut+week_end,1,3,0,
2024-11-18,long,2024-11-20 00:15:00-05:00,2024-11-20 08:00:00-05:00,1.0608,1.0569549999999999,1.05311,1.07618,1.058493,1.0569549999999999,1.058493,2024-11-20 06:00:00-05:00,1.0569549999999999,2024-11-20 08:00:00-05:00,2,1,1.06071,1.05302,0.007689999999999975,-850.4000000000217,loss,dd_cut+flat_at_50,1,3,0,
2024-11-18,short,2024-11-20 08:00:00-05:00,2024-11-22 09:00:00-05:00,1.0569549999999999,1.041575,1.0646449999999998,1.041575,nan,nan,nan,,nan,,0,0,1.06071,1.05302,0.007689999999999975,1536.499999999995,win,reverse_fade+target,1,1,1,2024-11-20 00:15:00-05:00
2024-11-18,short,2024-11-20 14:45:00-05:00,2024-11-22 09:00:00-05:00,1.05249,1.03711,1.06018,1.03711,1.054797,1.0563349999999998,1.054797,2024-11-21 01:15:00-05:00,nan,,2,0,1.06071,1.05302,0.007689999999999975,1072.099999999983,win,dd_cut+target,2,3,0,
2024-11-25,short,2024-11-26 00:00:00-05:00,2024-11-26 03:45:00-05:00,1.04327,1.0476449999999997,1.0520199999999997,1.0257700000000003,1.0458949999999998,1.0476449999999997,1.0458949999999998,2024-11-26 01:30:00-05:00,1.0476449999999997,2024-11-26 03:45:00-05:00,2,1,1.05303,1.04428,0.008749999999999813,-966.999999999955,loss,dd_cut+flat_at_50,1,3,0,
2024-11-25,long,2024-11-26 03:45:00-05:00,2024-11-29 21:45:00-05:00,1.0476449999999997,1.05748,1.038895,1.0651449999999993,nan,nan,nan,,nan,,0,0,1.05303,1.04428,0.008749999999999813,982.000000000026,win,reverse_fade+week_end,1,1,1,2024-11-26 00:00:00-05:00
2024-11-25,long,2024-11-26 12:15:00-05:00,2024-11-26 15:15:00-05:00,1.05313,1.0487549999999999,1.04438,1.0706299999999995,1.050505,1.0487549999999999,1.050505,2024-11-26 13:15:00-05:00,1.0487549999999999,2024-11-26 15:15:00-05:00,2,1,1.05303,1.04428,0.008749999999999813,-966.9999999999773,loss,dd_cut+flat_at_50,2,3,0,
2024-11-25,short,2024-11-26 15:15:00-05:00,2024-11-27 14:00:00-05:00,1.0487549999999999,1.0575049999999997,1.0575049999999997,1.0312550000000003,nan,nan,nan,,nan,,0,0,1.05303,1.04428,0.008749999999999813,-876.4999999999814,loss,reverse_fade+stop,2,1,1,2024-11-26 12:15:00-05:00
2024-12-02,long,2024-12-05 13:30:00-05:00,2024-12-06 21:45:00-05:00,1.05503,1.05673,1.04647,1.0721499999999997,1.052462,1.0507499999999999,nan,,nan,,0,0,1.05463,1.04607,0.008559999999999901,505.5000000000104,win,week_end,1,3,0,
2024-12-09,short,2024-12-10 09:00:00-05:00,2024-12-13 21:45:00-05:00,1.05316,1.05017,1.0594000000000001,1.04068,1.0550320000000002,1.05628,nan,,nan,,0,0,1.05944,1.0532,0.006240000000000023,892.5000000000146,win,week_end,1,3,0,
2024-12-16,long,2024-12-17 00:45:00-05:00,2024-12-17 05:45:00-05:00,1.05287,1.05036,1.04785,1.06291,1.051364,1.05036,1.051364,2024-12-17 03:45:00-05:00,1.05036,2024-12-17 05:45:00-05:00,2,1,1.05247,1.04745,0.0050200000000000244,-556.7000000000027,loss,dd_cut+flat_at_50,1,3,0,
2024-12-16,short,2024-12-17 05:45:00-05:00,2024-12-18 19:30:00-05:00,1.05036,1.04032,1.05538,1.04032,nan,nan,nan,,nan,,0,0,1.05247,1.04745,0.0050200000000000244,1002.5000000000049,win,reverse_fade+target,1,1,1,2024-12-17 00:45:00-05:00
2024-12-16,short,2024-12-18 15:45:00-05:00,2024-12-18 19:45:00-05:00,1.04738,1.03734,1.0524,1.03734,1.048886,1.04989,1.048886,2024-12-18 18:30:00-05:00,nan,,2,0,1.05247,1.04745,0.0050200000000000244,698.3000000000034,win,dd_cut+target,2,3,0,
2024-12-30,short,2024-12-31 15:30:00-05:00,2025-01-03 21:45:00-05:00,1.03645,1.03066,1.0451100000000002,1.0191299999999999,1.0390480000000002,1.0407800000000003,nan,,nan,,0,0,1.04583,1.03717,0.008660000000000112,1732.5000000000553,win,week_end,1,3,0,
2025-01-06,short,2025-01-08 11:30:00-05:00,2025-01-10 21:45:00-05:00,1.0285,1.024,1.04262,1.0002599999999997,1.032736,1.03556,nan,,nan,,0,0,1.04367,1.02955,0.014120000000000132,1345.4999999999845,win,week_end,1,3,0,
2025-01-13,long,2025-01-14 15:30:00-05:00,2025-01-17 21:45:00-05:00,1.02891,1.0271,1.0188899999999999,1.0489500000000003,1.025904,1.0238999999999998,1.025904,2025-01-15 16:30:00-05:00,nan,,2,0,1.02774,1.01772,0.01002000000000014,-786.7000000000216,loss,dd_cut+week_end,1,3,0,
2025-01-20,long,2025-01-22 09:30:00-05:00,2025-01-24 21:45:00-05:00,1.0436,1.04919,1.028,1.0748000000000002,1.03892,1.0358,1.03892,2025-01-23 15:15:00-05:00,nan,,2,0,1.04342,1.02782,0.015600000000000058,-381.5000000000051,loss,dd_cut+week_end,1,3,0,
2025-01-27,short,2025-01-28 04:15:00-05:00,2025-01-31 21:45:00-05:00,1.04281,1.03602,1.05328,1.02187,1.045951,1.0480450000000001,1.045951,2025-01-30 13:45:00-05:00,nan,,2,0,1.0533,1.04283,0.01046999999999998,46.29999999999529,win,dd_cut+week_end,1,3,0,
2025-02-03,long,2025-02-04 14:00:00-05:00,2025-02-07 21:45:00-05:00,1.03533,1.0326,1.0213300000000003,1.0633299999999997,1.03113,1.0283300000000002,1.03113,2025-02-07 17:15:00-05:00,nan,,2,0,1.03503,1.02103,0.01399999999999979,-1117.5000000000084,loss,dd_cut+week_end,1,3,0,
2025-02-10,short,2025-02-11 02:30:00-05:00,2025-02-11 08:30:00-05:00,1.02964,1.0315450000000002,1.0334500000000002,1.02202,1.0307830000000002,1.0315450000000002,1.0307830000000002,2025-02-11 06:15:00-05:00,1.0315450000000002,2025-02-11 08:30:00-05:00,2,1,1.03363,1.02982,0.003810000000000091,-423.60000000002776,loss,dd_cut+flat_at_50,1,3,0,
2025-02-10,long,2025-02-11 08:30:00-05:00,2025-02-12 16:45:00-05:00,1.0315450000000002,1.0391650000000003,1.027735,1.0391650000000003,nan,nan,nan,,nan,,0,0,1.03363,1.02982,0.003810000000000091,760.5000000000182,win,reverse_fade+target,1,1,1,2025-02-11 02:30:00-05:00
2025-02-10,long,2025-02-11 15:15:00-05:00,2025-02-12 13:30:00-05:00,1.0341,1.032195,1.03029,1.0417200000000002,1.032957,1.032195,1.032957,2025-02-12 13:30:00-05:00,1.032195,2025-02-12 13:30:00-05:00,2,1,1.03363,1.02982,0.003810000000000091,-423.60000000002776,loss,dd_cut+flat_at_50,2,3,0,
2025-02-10,short,2025-02-12 13:30:00-05:00,2025-02-12 15:15:00-05:00,1.032195,1.036005,1.036005,1.0245749999999998,nan,nan,nan,,nan,,0,0,1.03363,1.02982,0.003810000000000091,-382.5000000000091,loss,reverse_fade+stop,2,1,1,2025-02-11 15:15:00-05:00
2025-02-17,short,2025-02-18 01:15:00-05:00,2025-02-20 17:15:00-05:00,1.04645,1.0484250000000002,1.0504000000000002,1.0385499999999999,1.047635,1.0484250000000002,1.047635,2025-02-20 16:30:00-05:00,1.0484250000000002,2025-02-20 17:15:00-05:00,2,1,1.05062,1.04667,0.00395000000000012,-439.0000000000043,loss,dd_cut+flat_at_50,1,3,0,
2025-02-17,long,2025-02-20 17:15:00-05:00,2025-02-21 21:45:00-05:00,1.0484250000000002,1.0457,1.044475,1.0563250000000004,nan,nan,nan,,nan,,0,0,1.05062,1.04667,0.00395000000000012,-274.00000000000887,loss,reverse_fade+week_end,1,1,1,2025-02-18 01:15:00-05:00
2025-02-17,short,2025-02-21 10:45:00-05:00,2025-02-21 14:45:00-05:00,1.04651,1.0484850000000001,1.0504600000000002,1.0386099999999998,1.047695,1.0484850000000001,1.047695,2025-02-21 13:45:00-05:00,1.0484850000000001,2025-02-21 14:45:00-05:00,2,1,1.05062,1.04667,0.00395000000000012,-439.0000000000043,loss,dd_cut+flat_at_50,2,3,0,
2025-02-17,long,2025-02-21 14:45:00-05:00,2025-02-21 21:45:00-05:00,1.0484850000000001,1.0457,1.044535,1.0563850000000004,nan,nan,nan,,nan,,0,0,1.05062,1.04667,0.00395000000000012,-280.00000000000375,loss,reverse_fade+week_end,2,1,1,2025-02-21 10:45:00-05:00
2025-02-24,short,2025-02-27 13:45:00-05:00,2025-02-28 21:45:00-05:00,1.04232,1.03747,1.04987,1.0272199999999996,1.0445849999999999,1.046095,nan,,nan,,0,0,1.05282,1.04527,0.007550000000000168,1450.5000000000064,win,week_end,1,3,0,
2025-03-03,long,2025-03-04 08:15:00-05:00,2025-03-05 14:15:00-05:00,1.05169,1.07475,1.04016,1.07475,1.048231,1.045925,nan,,nan,,0,0,1.05036,1.03883,0.01153000000000004,6913.500000000025,win,target,1,3,0,
2025-03-03,long,2025-03-05 14:30:00-05:00,2025-03-07 21:45:00-05:00,1.07618,1.08292,1.0646499999999999,1.09924,1.0727209999999998,1.070415,nan,,nan,,0,0,1.05036,1.03883,0.01153000000000004,2017.5000000000568,win,week_end,2,3,0,
2025-03-10,long,2025-03-11 07:15:00-04:00,2025-03-13 12:30:00-04:00,1.08755,1.084085,1.0806200000000001,1.1014099999999998,1.085471,1.084085,1.085471,2025-03-13 11:45:00-04:00,1.084085,2025-03-13 12:30:00-04:00,2,1,1.08744,1.08051,0.006929999999999881,-766.7999999999936,loss,dd_cut+flat_at_50,1,3,0,
2025-03-10,short,2025-03-13 12:30:00-04:00,2025-03-14 10:45:00-04:00,1.084085,1.0910149999999998,1.0910149999999998,1.0702250000000002,nan,nan,nan,,nan,,0,0,1.08744,1.08051,0.006929999999999881,-694.4999999999881,loss,reverse_fade+stop,1,1,1,2025-03-11 07:15:00-04:00
2025-03-10,long,2025-03-14 10:30:00-04:00,2025-03-14 20:45:00-04:00,1.08898,1.08765,1.0820500000000002,1.1028399999999998,1.0869010000000001,1.085515,1.0869010000000001,2025-03-14 14:00:00-04:00,nan,,2,0,1.08744,1.08051,0.006929999999999881,-553.2999999999938,loss,dd_cut+week_end,2,3,0,
2025-03-17,long,2025-03-18 07:45:00-04:00,2025-03-18 12:30:00-04:00,1.09349,1.09043,1.0873700000000002,1.1057299999999999,1.0916540000000001,1.09043,1.0916540000000001,2025-03-18 11:45:00-04:00,1.09043,2025-03-18 12:30:00-04:00,2,1,1.09297,1.08685,0.006119999999999903,-677.699999999996,loss,dd_cut+flat_at_50,1,3,0,
2025-03-17,short,2025-03-18 12:30:00-04:00,2025-03-21 20:45:00-04:00,1.09043,1.08121,1.09655,1.0781900000000002,nan,nan,nan,,nan,,0,0,1.09297,1.08685,0.006119999999999903,920.5000000000006,win,reverse_fade+week_end,1,1,1,2025-03-18 07:45:00-04:00
2025-03-17,long,2025-03-18 15:30:00-04:00,2025-03-19 07:30:00-04:00,1.09326,1.0901999999999998,1.08714,1.1054999999999997,1.091424,1.0901999999999998,1.091424,2025-03-19 07:00:00-04:00,1.0901999999999998,2025-03-19 07:30:00-04:00,2,1,1.09297,1.08685,0.006119999999999903,-677.699999999996,loss,dd_cut+flat_at_50,2,3,0,
2025-03-17,short,2025-03-19 07:30:00-04:00,2025-03-21 20:45:00-04:00,1.0901999999999998,1.08121,1.0963199999999997,1.07796,nan,nan,nan,,nan,,0,0,1.09297,1.08685,0.006119999999999903,897.4999999999832,win,reverse_fade+week_end,2,1,1,2025-03-18 15:30:00-04:00
2025-03-24,short,2025-03-25 08:00:00-04:00,2025-03-25 10:15:00-04:00,1.07805,1.08188,1.08571,1.06273,1.0803479999999999,1.08188,1.0803479999999999,2025-03-25 09:45:00-04:00,1.08188,2025-03-25 10:15:00-04:00,2,1,1.08579,1.07813,0.00766,-847.0999999999822,loss,dd_cut+flat_at_50,1,3,0,
2025-03-24,long,2025-03-25 10:15:00-04:00,2025-03-26 21:15:00-04:00,1.08188,1.07422,1.07422,1.0972,nan,nan,nan,,nan,,0,0,1.08579,1.07813,0.00766,-767.5,loss,reverse_fade+stop,1,1,1,2025-03-25 08:00:00-04:00
2025-03-24,short,2025-03-26 13:15:00-04:00,2025-03-27 15:30:00-04:00,1.07705,1.08088,1.08471,1.06173,1.079348,1.08088,1.079348,2025-03-26 14:15:00-04:00,1.08088,2025-03-27 15:30:00-04:00,2,1,1.08579,1.07813,0.00766,-847.0999999999822,loss,dd_cut+flat_at_50,2,3,0,
2025-03-24,long,2025-03-27 15:30:00-04:00,2025-03-28 20:45:00-04:00,1.08088,1.08237,1.07322,1.0962,nan,nan,nan,,nan,,0,0,1.08579,1.07813,0.00766,147.49999999999915,win,reverse_fade+week_end,2,1,1,2025-03-26 13:15:00-04:00
2025-03-31,short,2025-04-01 11:30:00-04:00,2025-04-02 12:45:00-04:00,1.07823,1.0815000000000001,1.0847700000000002,1.0651499999999996,1.080192,1.0815000000000001,1.080192,2025-04-01 14:00:00-04:00,1.0815000000000001,2025-04-02 12:45:00-04:00,2,1,1.08492,1.07838,0.006540000000000212,-723.9000000000144,loss,dd_cut+flat_at_50,1,3,0,
2025-03-31,long,2025-04-02 12:45:00-04:00,2025-04-03 05:30:00-04:00,1.0815000000000001,1.0945800000000006,1.07496,1.0945800000000006,nan,nan,nan,,nan,,0,0,1.08492,1.07838,0.006540000000000212,1306.5000000000425,win,reverse_fade+target,1,1,1,2025-04-01 11:30:00-04:00
2025-03-31,long,2025-04-02 14:45:00-04:00,2025-04-02 20:15:00-04:00,1.08582,1.08255,1.0792799999999998,1.0989000000000004,1.083858,1.08255,1.083858,2025-04-02 20:00:00-04:00,1.08255,2025-04-02 20:15:00-04:00,2,1,1.08492,1.07838,0.006540000000000212,-723.9000000000144,loss,dd_cut+flat_at_50,2,3,0,
2025-03-31,short,2025-04-02 20:15:00-04:00,2025-04-02 23:30:00-04:00,1.08255,1.0890900000000001,1.0890900000000001,1.0694699999999995,nan,nan,nan,,nan,,0,0,1.08492,1.07838,0.006540000000000212,-655.5000000000213,loss,reverse_fade+stop,2,1,1,2025-04-02 14:45:00-04:00
2025-04-07,short,2025-04-08 14:30:00-04:00,2025-04-08 19:00:00-04:00,1.08951,1.096965,1.10442,1.05969,1.093983,1.096965,1.093983,2025-04-08 17:00:00-04:00,1.096965,2025-04-08 19:00:00-04:00,2,1,1.10498,1.09007,0.014909999999999979,-1644.599999999989,loss,dd_cut+flat_at_50,1,3,0,
2025-04-07,long,2025-04-08 19:00:00-04:00,2025-04-11 00:00:00-04:00,1.096965,1.126785,1.082055,1.126785,nan,nan,nan,,nan,,0,0,1.10498,1.09007,0.014909999999999979,2980.499999999996,win,reverse_fade+target,1,1,1,2025-04-08 14:30:00-04:00
2025-04-07,long,2025-04-09 04:15:00-04:00,2025-04-09 17:15:00-04:00,1.10616,1.098705,1.09125,1.13598,1.101687,1.098705,1.101687,2025-04-09 07:45:00-04:00,1.098705,2025-04-09 17:15:00-04:00,2,1,1.10498,1.09007,0.014909999999999979,-1644.599999999989,loss,dd_cut+flat_at_50,2,3,0,
2025-04-07,short,2025-04-09 17:15:00-04:00,2025-04-10 14:00:00-04:00,1.098705,1.113615,1.113615,1.068885,nan,nan,nan,,nan,,0,0,1.10498,1.09007,0.014909999999999979,-1492.499999999998,loss,reverse_fade+stop,2,1,1,2025-04-09 04:15:00-04:00
2025-04-14,short,2025-04-15 14:00:00-04:00,2025-04-16 05:30:00-04:00,1.12897,1.13541,1.14185,1.10321,1.1328340000000001,1.13541,1.1328340000000001,2025-04-15 14:45:00-04:00,1.13541,2025-04-16 05:30:00-04:00,2,1,1.14244,1.12956,0.012880000000000003,-1421.300000000018,loss,dd_cut+flat_at_50,1,3,0,
2025-04-14,long,2025-04-16 05:30:00-04:00,2025-04-18 20:45:00-04:00,1.13541,1.13901,1.12253,1.16117,nan,nan,nan,,nan,,0,0,1.14244,1.12956,0.012880000000000003,358.5000000000048,win,reverse_fade+week_end,1,1,1,2025-04-15 14:00:00-04:00
2025-04-21,short,2025-04-22 16:30:00-04:00,2025-04-25 20:45:00-04:00,1.14458,1.13628,1.15699,1.1197599999999999,1.1483029999999999,1.150785,nan,,nan,,0,0,1.15729,1.14488,0.012410000000000032,2485.4999999999923,win,week_end,1,3,0,
2025-04-28,short,2025-04-30 20:00:00-04:00,2025-05-02 13:30:00-04:00,1.13213,1.13691,1.14169,1.11301,1.1349980000000002,1.13691,1.1349980000000002,2025-05-02 09:30:00-04:00,1.13691,2025-05-02 13:30:00-04:00,2,1,1.14248,1.13292,0.009560000000000013,-1056.1000000000192,loss,dd_cut+flat_at_50,1,3,0,
2025-04-28,long,2025-05-02 13:30:00-04:00,2025-05-02 20:45:00-04:00,1.13691,1.12946,1.12735,1.1560300000000001,nan,nan,nan,,nan,,0,0,1.14248,1.13292,0.009560000000000013,-746.5000000000178,loss,reverse_fade+week_end,1,1,1,2025-04-30 20:00:00-04:00
2025-04-28,short,2025-05-02 15:45:00-04:00,2025-05-02 20:45:00-04:00,1.13287,1.12946,1.14243,1.11375,1.1357380000000001,1.13765,nan,,nan,,0,0,1.14248,1.13292,0.009560000000000013,1018.5000000000406,win,week_end,2,3,0,
2025-05-05,short,2025-05-06 00:15:00-04:00,2025-05-06 04:15:00-04:00,1.12867,1.132055,1.13544,1.1151300000000002,1.130701,1.132055,1.130701,2025-05-06 02:00:00-04:00,1.132055,2025-05-06 04:15:00-04:00,2,1,1.13646,1.12969,0.006769999999999943,-749.199999999976,loss,dd_cut+flat_at_50,1,3,0,
2025-05-05,long,2025-05-06 04:15:00-04:00,2025-05-08 15:45:00-04:00,1.132055,1.125285,1.125285,1.145595,nan,nan,nan,,nan,,0,0,1.13646,1.12969,0.006769999999999943,-678.4999999999943,loss,reverse_fade+stop,1,1,1,2025-05-06 00:15:00-04:00
2025-05-05,long,2025-05-06 17:15:00-04:00,2025-05-06 22:00:00-04:00,1.13666,1.133275,1.12989,1.1502,1.134629,1.133275,1.134629,2025-05-06 22:00:00-04:00,1.133275,2025-05-06 22:00:00-04:00,2,1,1.13646,1.12969,0.006769999999999943,-749.199999999976,loss,dd_cut+flat_at_50,2,3,0,
2025-05-05,short,2025-05-06 22:00:00-04:00,2025-05-09 02:00:00-04:00,1.133275,1.1197350000000001,1.140045,1.1197350000000001,nan,nan,nan,,nan,,0,0,1.13646,1.12969,0.006769999999999943,1352.4999999999886,win,reverse_fade+target,2,1,1,2025-05-06 17:15:00-04:00
2025-05-12,long,2025-05-14 09:00:00-04:00,2025-05-16 14:30:00-04:00,1.12478,1.115905,1.10703,1.1602799999999998,1.1194549999999999,1.115905,1.1194549999999999,2025-05-14 16:30:00-04:00,1.115905,2025-05-16 14:30:00-04:00,2,1,1.12426,1.10651,0.017749999999999932,-1957.0000000000014,loss,dd_cut+flat_at_50,1,3,0,
2025-05-12,short,2025-05-16 14:30:00-04:00,2025-05-16 20:45:00-04:00,1.115905,1.11612,1.1336549999999999,1.080405,nan,nan,nan,,nan,,0,0,1.12426,1.10651,0.017749999999999932,-23.000000000007624,loss,reverse_fade+week_end,1,1,1,2025-05-14 09:00:00-04:00
2025-05-19,long,2025-05-20 23:45:00-04:00,2025-05-23 20:45:00-04:00,1.12881,1.13592,1.1172300000000002,1.15197,1.1253360000000001,1.1230200000000001,nan,,nan,,0,0,1.12879,1.11721,0.011579999999999924,2128.499999999985,win,week_end,1,3,0,
2025-05-26,short,2025-05-27 06:45:00-04:00,2025-05-28 23:30:00-04:00,1.1365,1.1265599999999998,1.1414700000000002,1.1265599999999998,1.1379910000000002,1.1389850000000001,nan,,nan,,0,0,1.14185,1.13688,0.004970000000000141,2977.5000000000846,win,target,1,3,0,
2025-05-26,short,2025-05-28 23:45:00-04:00,2025-05-29 02:45:00-04:00,1.12296,1.125445,1.12793,1.1130199999999997,1.124451,1.125445,1.124451,2025-05-29 00:00:00-04:00,1.125445,2025-05-29 02:45:00-04:00,2,1,1.14185,1.13688,0.004970000000000141,-551.2000000000332,loss,dd_cut+flat_at_50,2,3,0,
2025-05-26,long,2025-05-29 02:45:00-04:00,2025-05-29 13:00:00-04:00,1.125445,1.1353850000000003,1.1204749999999999,1.1353850000000003,nan,nan,nan,,nan,,0,0,1.14185,1.13688,0.004970000000000141,992.5000000000282,win,reverse_fade+target,2,1,1,2025-05-28 23:45:00-04:00
2025-06-02,long,2025-06-05 13:00:00-04:00,2025-06-06 12:00:00-04:00,1.14604,1.1409699999999998,1.1359,1.16632,1.142998,1.1409699999999998,1.142998,2025-06-06 06:15:00-04:00,1.1409699999999998,2025-06-06 12:00:00-04:00,2,1,1.14538,1.13524,0.010140000000000038,-1119.9000000000108,loss,dd_cut+flat_at_50,1,3,0,
2025-06-02,short,2025-06-06 12:00:00-04:00,2025-06-06 20:45:00-04:00,1.1409699999999998,1.13935,1.1511099999999999,1.1206899999999997,nan,nan,nan,,nan,,0,0,1.14538,1.13524,0.010140000000000038,160.49999999997328,win,reverse_fade+week_end,1,1,1,2025-06-05 13:00:00-04:00
2025-06-09,short,2025-06-10 07:00:00-04:00,2025-06-10 08:00:00-04:00,1.13779,1.140425,1.14306,1.1272500000000003,1.1393710000000001,1.140425,1.1393710000000001,2025-06-10 07:30:00-04:00,1.140425,2025-06-10 08:00:00-04:00,2,1,1.14391,1.13864,0.005269999999999886,-584.2000000000053,loss,dd_cut+flat_at_50,1,3,0,
2025-06-09,long,2025-06-10 08:00:00-04:00,2025-06-11 23:00:00-04:00,1.140425,1.1509649999999998,1.1351550000000001,1.1509649999999998,nan,nan,nan,,nan,,0,0,1.14391,1.13864,0.005269999999999886,1052.4999999999773,win,reverse_fade+target,1,1,1,2025-06-10 07:00:00-04:00
2025-06-09,long,2025-06-10 13:00:00-04:00,2025-06-11 01:45:00-04:00,1.14407,1.141435,1.1388,1.1546099999999997,1.1424889999999999,1.141435,1.1424889999999999,2025-06-10 14:45:00-04:00,1.141435,2025-06-11 01:45:00-04:00,2,1,1.14391,1.13864,0.005269999999999886,-584.2000000000053,loss,dd_cut+flat_at_50,2,3,0,
2025-06-09,short,2025-06-11 01:45:00-04:00,2025-06-11 12:30:00-04:00,1.141435,1.1467049999999999,1.1467049999999999,1.1308950000000002,nan,nan,nan,,nan,,0,0,1.14391,1.13864,0.005269999999999886,-528.4999999999886,loss,reverse_fade+stop,2,1,1,2025-06-10 13:00:00-04:00
2025-06-16,short,2025-06-17 14:30:00-04:00,2025-06-20 20:45:00-04:00,1.15113,1.15189,1.16022,1.13295,1.153857,1.155675,1.153857,2025-06-17 16:00:00-04:00,nan,,2,0,1.16147,1.15238,0.009090000000000042,-625.8999999999942,loss,dd_cut+week_end,1,3,0,
2025-06-23,long,2025-06-24 04:30:00-04:00,2025-06-27 20:45:00-04:00,1.16083,1.17162,1.14534,1.19181,1.156183,1.153085,nan,,nan,,0,0,1.16082,1.14533,0.015490000000000004,3232.500000000023,win,week_end,1,3,0,
2025-06-30,long,2025-07-01 00:00:00-04:00,2025-07-02 11:45:00-04:00,1.17938,1.17522,1.17106,1.1960200000000003,1.176884,1.17522,1.176884,2025-07-01 07:00:00-04:00,1.17522,2025-07-02 11:45:00-04:00,2,1,1.17907,1.17075,0.008320000000000105,-919.7000000000271,loss,dd_cut+flat_at_50,1,3,0,
2025-06-30,short,2025-07-02 11:45:00-04:00,2025-07-04 20:45:00-04:00,1.17522,1.17719,1.18354,1.1585799999999997,nan,nan,nan,,nan,,0,0,1.17907,1.17075,0.008320000000000105,-198.50000000000273,loss,reverse_fade+week_end,1,1,1,2025-07-01 00:00:00-04:00
2025-06-30,long,2025-07-02 17:00:00-04:00,2025-07-03 12:30:00-04:00,1.17984,1.1756799999999998,1.17152,1.1964800000000002,1.177344,1.1756799999999998,1.177344,2025-07-03 12:30:00-04:00,1.1756799999999998,2025-07-03 12:30:00-04:00,2,1,1.17907,1.17075,0.008320000000000105,-919.7000000000271,loss,dd_cut+flat_at_50,2,3,0,
2025-06-30,short,2025-07-03 12:30:00-04:00,2025-07-04 20:45:00-04:00,1.1756799999999998,1.17719,1.184,1.1590399999999996,nan,nan,nan,,nan,,0,0,1.17907,1.17075,0.008320000000000105,-152.50000000001222,loss,reverse_fade+week_end,2,1,1,2025-07-02 17:00:00-04:00
2025-07-07,short,2025-07-10 14:15:00-04:00,2025-07-11 20:45:00-04:00,1.16678,1.16852,1.1771099999999999,1.14612,1.169879,1.171945,1.169879,2025-07-10 19:45:00-04:00,nan,,2,0,1.17901,1.16868,0.01032999999999995,-798.3000000000001,loss,dd_cut+week_end,1,3,0,
2025-07-14,short,2025-07-15 13:30:00-04:00,2025-07-16 15:15:00-04:00,1.16479,1.1669749999999999,1.16916,1.15605,1.166101,1.1669749999999999,1.166101,2025-07-16 15:15:00-04:00,1.1669749999999999,2025-07-16 15:15:00-04:00,2,1,1.16978,1.16541,0.004369999999999985,-485.2000000000006,loss,dd_cut+flat_at_50,1,3,0,
2025-07-14,long,2025-07-16 15:15:00-04:00,2025-07-16 15:45:00-04:00,1.1669749999999999,1.1626049999999999,1.1626049999999999,1.1757149999999998,nan,nan,nan,,nan,,0,0,1.16978,1.16541,0.004369999999999985,-438.4999999999985,loss,reverse_fade+stop,1,1,1,2025-07-15 13:30:00-04:00
2025-07-14,short,2025-07-16 15:45:00-04:00,2025-07-16 16:00:00-04:00,1.16286,1.165045,1.16723,1.15412,1.164171,1.165045,1.164171,2025-07-16 16:00:00-04:00,1.165045,2025-07-16 16:00:00-04:00,2,1,1.16978,1.16541,0.004369999999999985,-485.2000000000228,loss,dd_cut+flat_at_50,2,3,0,
2025-07-14,long,2025-07-16 16:00:00-04:00,2025-07-17 06:15:00-04:00,1.165045,1.1606750000000001,1.1606750000000001,1.173785,nan,nan,nan,,nan,,0,0,1.16978,1.16541,0.004369999999999985,-438.4999999999985,loss,reverse_fade+stop,2,1,1,2025-07-16 15:45:00-04:00
2025-07-21,long,2025-07-22 14:45:00-04:00,2025-07-25 20:45:00-04:00,1.17224,1.17396,1.1620300000000001,1.1926599999999996,1.169177,1.167135,nan,,nan,,0,0,1.17166,1.16145,0.01020999999999983,511.4999999999831,win,week_end,1,3,0,
2025-07-28,short,2025-07-29 00:45:00-04:00,2025-08-01 20:45:00-04:00,1.15848,1.1583,1.17698,1.12148,1.16403,1.16773,nan,,nan,,0,0,1.177,1.1585,0.01849999999999996,49.499999999954085,win,week_end,1,3,0,
2025-08-04,short,2025-08-05 05:30:00-04:00,2025-08-05 15:00:00-04:00,1.15485,1.1568,1.15875,1.14705,1.1560199999999998,1.1568,1.1560199999999998,2025-08-05 06:15:00-04:00,1.1568,2025-08-05 15:00:00-04:00,2,1,1.15887,1.15497,0.0039000000000000146,-433.4999999999905,loss,dd_cut+flat_at_50,1,3,0,
2025-08-04,long,2025-08-05 15:00:00-04:00,2025-08-06 15:45:00-04:00,1.1568,1.1646,1.1529,1.1646,nan,nan,nan,,nan,,0,0,1.15887,1.15497,0.0039000000000000146,778.500000000003,win,reverse_fade+target,1,1,1,2025-08-05 05:30:00-04:00
2025-08-04,long,2025-08-06 10:00:00-04:00,2025-08-07 07:30:00-04:00,1.16045,1.16825,1.15655,1.16825,1.1592799999999999,1.1585,1.1592799999999999,2025-08-06 10:30:00-04:00,nan,,2,0,1.15887,1.15497,0.0039000000000000146,541.4999999999799,win,dd_cut+target,2,3,0,
2025-08-11,long,2025-08-12 15:15:00-04:00,2025-08-14 14:00:00-04:00,1.16852,1.16425,1.15998,1.1856,1.165958,1.16425,1.165958,2025-08-14 12:30:00-04:00,1.16425,2025-08-14 14:00:00-04:00,2,1,1.16754,1.159,0.008539999999999992,-943.8999999999903,loss,dd_cut+flat_at_50,1,3,0,
2025-08-11,short,2025-08-14 14:00:00-04:00,2025-08-15 20:45:00-04:00,1.16425,1.17026,1.17279,1.14717,nan,nan,nan,,nan,,0,0,1.16754,1.159,0.008539999999999992,-602.500000000007,loss,reverse_fade+week_end,1,1,1,2025-08-12 15:15:00-04:00
2025-08-11,long,2025-08-15 07:00:00-04:00,2025-08-15 20:45:00-04:00,1.1676,1.17026,1.15906,1.18468,1.165038,1.16333,nan,,nan,,0,0,1.16754,1.159,0.008539999999999992,793.5000000000321,win,week_end,2,3,0,
2025-08-18,short,2025-08-19 01:15:00-04:00,2025-08-19 06:45:00-04:00,1.1643,1.1670249999999998,1.1697499999999998,1.1534,1.165935,1.1670249999999998,1.165935,2025-08-19 04:15:00-04:00,1.1670249999999998,2025-08-19 06:45:00-04:00,2,1,1.17106,1.16561,0.005449999999999955,-603.9999999999973,loss,dd_cut+flat_at_50,1,3,0,
2025-08-18,long,2025-08-19 06:45:00-04:00,2025-08-21 13:45:00-04:00,1.1670249999999998,1.1615749999999998,1.1615749999999998,1.1779249999999997,nan,nan,nan,,nan,,0,0,1.17106,1.16561,0.005449999999999955,-546.4999999999955,loss,reverse_fade+stop,1,1,1,2025-08-19 01:15:00-04:00
2025-08-18,short,2025-08-19 16:15:00-04:00,2025-08-22 14:00:00-04:00,1.1655,1.168225,1.17095,1.1546,1.167135,1.168225,1.167135,2025-08-20 12:45:00-04:00,1.168225,2025-08-22 14:00:00-04:00,2,1,1.17106,1.16561,0.005449999999999955,-604.0000000000196,loss,dd_cut+flat_at_50,2,3,0,
2025-08-18,long,2025-08-22 14:00:00-04:00,2025-08-22 20:45:00-04:00,1.168225,1.17148,1.1627750000000001,1.179125,nan,nan,nan,,nan,,0,0,1.17106,1.16561,0.005449999999999955,324.0000000000008,win,reverse_fade+week_end,2,1,1,2025-08-19 16:15:00-04:00
2025-08-25,short,2025-08-27 07:30:00-04:00,2025-08-28 10:15:00-04:00,1.16012,1.166,1.17188,1.1366,1.163648,1.166,1.163648,2025-08-27 16:45:00-04:00,1.166,2025-08-28 10:15:00-04:00,2,1,1.17204,1.16028,0.011759999999999993,-1298.0999999999835,loss,dd_cut+flat_at_50,1,3,0,
2025-08-25,long,2025-08-28 10:15:00-04:00,2025-08-29 20:45:00-04:00,1.166,1.16826,1.15424,1.18952,nan,nan,nan,,nan,,0,0,1.17204,1.16028,0.011759999999999993,224.50000000001506,win,reverse_fade+week_end,1,1,1,2025-08-27 07:30:00-04:00
2025-09-01,short,2025-09-02 05:15:00-04:00,2025-09-05 12:30:00-04:00,1.16877,1.1711850000000001,1.1736000000000002,1.1591099999999999,1.1702190000000001,1.1711850000000001,1.1702190000000001,2025-09-02 06:30:00-04:00,1.1711850000000001,2025-09-05 12:30:00-04:00,2,1,1.17362,1.16879,0.004830000000000112,-535.8000000000123,loss,dd_cut+flat_at_50,1,3,0,
2025-09-01,long,2025-09-05 12:30:00-04:00,2025-09-05 20:45:00-04:00,1.1711850000000001,1.17141,1.166355,1.1808450000000004,nan,nan,nan,,nan,,0,0,1.17362,1.16879,0.004830000000000112,20.99999999999197,win,reverse_fade+week_end,1,1,1,2025-09-02 05:15:00-04:00
2025-09-01,long,2025-09-05 13:45:00-04:00,2025-09-05 14:30:00-04:00,1.17487,1.172455,1.17004,1.1845300000000003,1.173421,1.172455,1.173421,2025-09-05 14:15:00-04:00,1.172455,2025-09-05 14:30:00-04:00,2,1,1.17362,1.16879,0.004830000000000112,-535.8000000000123,loss,dd_cut+flat_at_50,2,3,0,
2025-09-01,short,2025-09-05 14:30:00-04:00,2025-09-05 20:45:00-04:00,1.172455,1.17141,1.1772850000000001,1.1627949999999998,nan,nan,nan,,nan,,0,0,1.17362,1.16879,0.004830000000000112,102.99999999999626,win,reverse_fade+week_end,2,1,1,2025-09-05 13:45:00-04:00
2025-09-08,long,2025-09-09 01:45:00-04:00,2025-09-09 12:00:00-04:00,1.17749,1.17408,1.1706699999999999,1.19113,1.175444,1.17408,1.175444,2025-09-09 07:30:00-04:00,1.17408,2025-09-09 12:00:00-04:00,2,1,1.17728,1.17046,0.006820000000000048,-754.6999999999898,loss,dd_cut+flat_at_50,1,3,0,
2025-09-08,short,2025-09-09 12:00:00-04:00,2025-09-12 20:45:00-04:00,1.17408,1.17301,1.1809,1.16044,nan,nan,nan,,nan,,0,0,1.17728,1.17046,0.006820000000000048,105.49999999999044,win,reverse_fade+week_end,1,1,1,2025-09-09 01:45:00-04:00
2025-09-08,short,2025-09-09 23:15:00-04:00,2025-09-11 13:00:00-04:00,1.17007,1.17348,1.17689,1.1564299999999998,1.172116,1.17348,1.172116,2025-09-10 12:30:00-04:00,1.17348,2025-09-11 13:00:00-04:00,2,1,1.17728,1.17046,0.006820000000000048,-754.700000000012,loss,dd_cut+flat_at_50,2,3,0,
2025-09-08,long,2025-09-11 13:00:00-04:00,2025-09-12 20:45:00-04:00,1.17348,1.17301,1.16666,1.1871200000000002,nan,nan,nan,,nan,,0,0,1.17728,1.17046,0.006820000000000048,-48.499999999997044,loss,reverse_fade+week_end,2,1,1,2025-09-09 23:15:00-04:00
2025-09-15,long,2025-09-16 02:45:00-04:00,2025-09-17 18:00:00-04:00,1.17764,1.1893200000000002,1.1718,1.1893200000000002,1.175888,1.17472,nan,,nan,,0,0,1.17744,1.1716,0.005840000000000067,3499.50000000004,win,target,1,3,0,
2025-09-15,long,2025-09-17 18:15:00-04:00,2025-09-17 18:30:00-04:00,1.18886,1.18594,1.18302,1.2005400000000002,1.187108,1.18594,1.187108,2025-09-17 18:30:00-04:00,1.18594,2025-09-17 18:30:00-04:00,2,1,1.17744,1.1716,0.005840000000000067,-646.8999999999985,loss,dd_cut+flat_at_50,2,3,0,
2025-09-15,short,2025-09-17 18:30:00-04:00,2025-09-19 11:45:00-04:00,1.18594,1.1742599999999999,1.19178,1.1742599999999999,nan,nan,nan,,nan,,0,0,1.17744,1.1716,0.005840000000000067,1166.5000000000134,win,reverse_fade+target,2,1,1,2025-09-17 18:15:00-04:00
2025-09-22,long,2025-09-23 00:30:00-04:00,2025-09-24 09:30:00-04:00,1.18045,1.1765750000000001,1.1727,1.1959499999999998,1.178125,1.1765750000000001,1.178125,2025-09-23 07:15:00-04:00,1.1765750000000001,2025-09-24 09:30:00-04:00,2,1,1.18037,1.17262,0.007749999999999924,-856.9999999999673,loss,dd_cut+flat_at_50,1,3,0,
2025-09-22,short,2025-09-24 09:30:00-04:00,2025-09-26 20:45:00-04:00,1.1765750000000001,1.17005,1.184325,1.1610750000000003,nan,nan,nan,,nan,,0,0,1.18037,1.17262,0.007749999999999924,651.0000000000114,win,reverse_fade+week_end,1,1,1,2025-09-23 00:30:00-04:00
2025-09-22,short,2025-09-25 12:30:00-04:00,2025-09-26 20:45:00-04:00,1.17016,1.17005,1.17791,1.1546600000000002,1.172485,1.174035,nan,,nan,,0,0,1.18037,1.17262,0.007749999999999924,28.50000000001635,win,week_end,2,3,0,
2025-09-29,long,2025-09-30 08:30:00-04:00,2025-09-30 13:00:00-04:00,1.17573,1.1732299999999998,1.1707299999999998,1.1857300000000002,1.1742299999999999,1.1732299999999998,1.1742299999999999,2025-09-30 10:00:00-04:00,1.1732299999999998,2025-09-30 13:00:00-04:00,2,1,1.17544,1.17044,0.0050000000000001155,-554.5000000000282,loss,dd_cut+flat_at_50,1,3,0,
2025-09-29,short,2025-09-30 13:00:00-04:00,2025-10-03 20:45:00-04:00,1.1732299999999998,1.17382,1.1782299999999999,1.1632299999999995,nan,nan,nan,,nan,,0,0,1.17544,1.17044,0.0050000000000001155,-60.50000000003125,loss,reverse_fade+week_end,1,1,1,2025-09-30 08:30:00-04:00
2025-09-29,long,2025-10-01 04:45:00-04:00,2025-10-01 09:45:00-04:00,1.17579,1.1732899999999997,1.1707899999999998,1.1857900000000001,1.1742899999999998,1.1732899999999997,1.1742899999999998,2025-10-01 07:30:00-04:00,1.1732899999999997,2025-10-01 09:45:00-04:00,2,1,1.17544,1.17044,0.0050000000000001155,-554.5000000000282,loss,dd_cut+flat_at_50,2,3,0,
2025-09-29,short,2025-10-01 09:45:00-04:00,2025-10-03 20:45:00-04:00,1.1732899999999997,1.17382,1.1782899999999998,1.1632899999999995,nan,nan,nan,,nan,,0,0,1.17544,1.17044,0.0050000000000001155,-54.50000000003635,loss,reverse_fade+week_end,2,1,1,2025-10-01 04:45:00-04:00
2025-10-06,short,2025-10-07 19:30:00-04:00,2025-10-10 20:45:00-04:00,1.16497,1.16149,1.1728800000000001,1.14915,1.167343,1.1689250000000002,nan,,nan,,0,0,1.17307,1.16516,0.007910000000000084,1039.5000000000448,win,week_end,1,3,0,
2025-10-13,short,2025-10-14 00:15:00-04:00,2025-10-14 04:45:00-04:00,1.15556,1.1591749999999998,1.16279,1.1410999999999998,1.157729,1.1591749999999998,1.157729,2025-10-14 03:30:00-04:00,1.1591749999999998,2025-10-14 04:45:00-04:00,2,1,1.16297,1.15574,0.00723000000000007,-799.80000000001,loss,dd_cut+flat_at_50,1,3,0,
2025-10-13,long,2025-10-14 04:45:00-04:00,2025-10-17 20:45:00-04:00,1.1591749999999998,1.16509,1.1519449999999998,1.173635,nan,nan,nan,,nan,,0,0,1.16297,1.15574,0.00723000000000007,590.0000000000115,win,reverse_fade+week_end,1,1,1,2025-10-14 00:15:00-04:00
2025-10-13,short,2025-10-14 07:30:00-04:00,2025-10-14 13:30:00-04:00,1.15438,1.157995,1.16161,1.1399199999999998,1.156549,1.157995,1.156549,2025-10-14 13:00:00-04:00,1.157995,2025-10-14 13:30:00-04:00,2,1,1.16297,1.15574,0.00723000000000007,-799.8000000000321,loss,dd_cut+flat_at_50,2,3,0,
2025-10-13,long,2025-10-14 13:30:00-04:00,2025-10-17 05:45:00-04:00,1.157995,1.1724550000000002,1.150765,1.1724550000000002,nan,nan,nan,,nan,,0,0,1.16297,1.15574,0.00723000000000007,1444.5000000000139,win,reverse_fade+target,2,1,1,2025-10-14 07:30:00-04:00
2025-10-20,short,2025-10-21 02:30:00-04:00,2025-10-24 20:45:00-04:00,1.16358,1.16266,1.16729,1.1561600000000003,1.164693,1.165435,1.164693,2025-10-24 12:30:00-04:00,nan,,2,0,1.16753,1.16382,0.00370999999999988,-135.09999999998075,loss,dd_cut+week_end,1,3,0,
2025-10-27,long,2025-10-28 00:15:00-04:00,2025-10-28 12:45:00-04:00,1.16565,1.163795,1.16194,1.1730700000000003,1.1645370000000002,1.163795,1.1645370000000002,2025-10-28 09:00:00-04:00,1.163795,2025-10-28 12:45:00-04:00,2,1,1.16547,1.16176,0.003710000000000102,-412.60000000000014,loss,dd_cut+flat_at_50,1,3,0,
2025-10-27,short,2025-10-28 12:45:00-04:00,2025-10-30 12:45:00-04:00,1.163795,1.1563749999999997,1.167505,1.1563749999999997,nan,nan,nan,,nan,,0,0,1.16547,1.16176,0.003710000000000102,740.5000000000205,win,reverse_fade+target,1,1,1,2025-10-28 00:15:00-04:00
2025-10-27,long,2025-10-28 14:15:00-04:00,2025-10-29 04:00:00-04:00,1.16554,1.163685,1.16183,1.1729600000000002,1.1644269999999999,1.163685,1.1644269999999999,2025-10-29 02:15:00-04:00,1.163685,2025-10-29 04:00:00-04:00,2,1,1.16547,1.16176,0.003710000000000102,-412.6000000000223,loss,dd_cut+flat_at_50,2,3,0,
2025-10-27,short,2025-10-29 04:00:00-04:00,2025-10-30 12:45:00-04:00,1.163685,1.1562649999999999,1.1673950000000002,1.1562649999999999,nan,nan,nan,,nan,,0,0,1.16547,1.16176,0.003710000000000102,740.5000000000205,win,reverse_fade+target,2,1,1,2025-10-28 14:15:00-04:00
2025-11-03,short,2025-11-04 01:00:00-05:00,2025-11-04 06:15:00-05:00,1.15048,1.152295,1.15411,1.14322,1.1515689999999998,1.152295,1.1515689999999998,2025-11-04 03:15:00-05:00,1.152295,2025-11-04 06:15:00-05:00,2,1,1.15413,1.1505,0.003630000000000022,-403.7999999999913,loss,dd_cut+flat_at_50,1,3,0,
2025-11-03,long,2025-11-04 06:15:00-05:00,2025-11-04 12:15:00-05:00,1.152295,1.148665,1.148665,1.1595550000000001,nan,nan,nan,,nan,,0,0,1.15413,1.1505,0.003630000000000022,-364.5000000000022,loss,reverse_fade+stop,1,1,1,2025-11-04 01:00:00-05:00
2025-11-03,short,2025-11-04 09:45:00-05:00,2025-11-06 08:45:00-05:00,1.1501,1.1519149999999998,1.15373,1.1428399999999999,1.151189,1.1519149999999998,1.151189,2025-11-06 06:00:00-05:00,1.1519149999999998,2025-11-06 08:45:00-05:00,2,1,1.15413,1.1505,0.003630000000000022,-403.80000000001354,loss,dd_cut+flat_at_50,2,3,0,
2025-11-03,long,2025-11-06 08:45:00-05:00,2025-11-07 21:45:00-05:00,1.1519149999999998,1.15656,1.1482849999999998,1.1591749999999998,nan,nan,nan,,nan,,0,0,1.15413,1.1505,0.003630000000000022,463.00000000002325,win,reverse_fade+week_end,2,1,1,2025-11-04 09:45:00-05:00
2025-11-10,long,2025-11-11 13:15:00-05:00,2025-11-12 04:15:00-05:00,1.15949,1.15739,1.15529,1.1678899999999999,1.1582299999999999,1.15739,1.1582299999999999,2025-11-11 21:15:00-05:00,1.15739,2025-11-12 04:15:00-05:00,2,1,1.15829,1.15409,0.0041999999999999815,-466.5000000000069,loss,dd_cut+flat_at_50,1,3,0,
2025-11-10,short,2025-11-12 04:15:00-05:00,2025-11-13 08:00:00-05:00,1.15739,1.16159,1.16159,1.14899,nan,nan,nan,,nan,,0,0,1.15829,1.15409,0.0041999999999999815,-421.4999999999982,loss,reverse_fade+stop,1,1,1,2025-11-11 13:15:00-05:00
2025-11-10,long,2025-11-12 07:00:00-05:00,2025-11-12 14:00:00-05:00,1.15856,1.15646,1.15436,1.16696,1.1573,1.15646,1.1573,2025-11-12 09:15:00-05:00,1.15646,2025-11-12 14:00:00-05:00,2,1,1.15829,1.15409,0.0041999999999999815,-466.5000000000069,loss,dd_cut+flat_at_50,2,3,0,
2025-11-10,short,2025-11-12 14:00:00-05:00,2025-11-13 07:45:00-05:00,1.15646,1.16066,1.16066,1.14806,nan,nan,nan,,nan,,0,0,1.15829,1.15409,0.0041999999999999815,-421.4999999999982,loss,reverse_fade+stop,2,1,1,2025-11-12 07:00:00-05:00
2025-11-17,short,2025-11-18 10:15:00-05:00,2025-11-18 13:15:00-05:00,1.15807,1.159725,1.1613799999999999,1.15145,1.159063,1.159725,1.159063,2025-11-18 12:00:00-05:00,1.159725,2025-11-18 13:15:00-05:00,2,1,1.16149,1.15818,0.003309999999999924,-368.60000000000053,loss,dd_cut+flat_at_50,1,3,0,
2025-11-17,long,2025-11-18 13:15:00-05:00,2025-11-19 14:00:00-05:00,1.159725,1.156415,1.156415,1.1663449999999997,nan,nan,nan,,nan,,0,0,1.16149,1.15818,0.003309999999999924,-332.4999999999924,loss,reverse_fade+stop,1,1,1,2025-11-18 10:15:00-05:00
2025-11-17,short,2025-11-18 16:00:00-05:00,2025-11-19 07:30:00-05:00,1.1577,1.159355,1.1610099999999999,1.15108,1.158693,1.159355,1.158693,2025-11-19 05:30:00-05:00,1.159355,2025-11-19 07:30:00-05:00,2,1,1.16149,1.15818,0.003309999999999924,-368.60000000000053,loss,dd_cut+flat_at_50,2,3,0,
2025-11-17,long,2025-11-19 07:30:00-05:00,2025-11-19 14:15:00-05:00,1.159355,1.156045,1.156045,1.1659749999999998,nan,nan,nan,,nan,,0,0,1.16149,1.15818,0.003309999999999924,-332.4999999999924,loss,reverse_fade+stop,2,1,1,2025-11-18 16:00:00-05:00
2025-11-24,long,2025-11-25 13:15:00-05:00,2025-11-28 21:45:00-05:00,1.15523,1.15973,1.15038,1.16493,1.153775,1.1528049999999999,nan,,nan,,0,0,1.15503,1.15018,0.004850000000000021,1345.4999999999845,win,week_end,1,3,0,
2025-12-01,long,2025-12-03 10:00:00-05:00,2025-12-05 21:45:00-05:00,1.16548,1.16388,1.1591900000000002,1.1780599999999999,1.163593,1.1623350000000001,1.163593,2025-12-05 16:00:00-05:00,nan,,2,0,1.16522,1.15893,0.006289999999999907,-541.899999999999,loss,dd_cut+week_end,1,3,0,
2025-12-08,long,2025-12-10 19:45:00-05:00,2025-12-12 21:45:00-05:00,1.16782,1.17396,1.16227,1.1789200000000004,1.166155,1.165045,nan,,nan,,0,0,1.16718,1.16163,0.005550000000000166,1837.4999999999436,win,week_end,1,3,0,
2025-12-15,long,2025-12-16 12:45:00-05:00,2025-12-16 18:00:00-05:00,1.17778,1.1756600000000001,1.17354,1.18626,1.176508,1.1756600000000001,1.176508,2025-12-16 13:30:00-05:00,1.1756600000000001,2025-12-16 18:00:00-05:00,2,1,1.17688,1.17264,0.0042400000000000215,-470.8999999999779,loss,dd_cut+flat_at_50,1,3,0,
2025-12-15,short,2025-12-16 18:00:00-05:00,2025-12-19 21:45:00-05:00,1.1756600000000001,1.17103,1.1799000000000002,1.16718,nan,nan,nan,,nan,,0,0,1.17688,1.17264,0.0042400000000000215,461.5000000000134,win,reverse_fade+week_end,1,1,1,2025-12-16 12:45:00-05:00
2025-12-15,short,2025-12-17 06:00:00-05:00,2025-12-17 15:00:00-05:00,1.17237,1.17449,1.17661,1.1638899999999999,1.1736419999999999,1.17449,1.1736419999999999,2025-12-17 14:00:00-05:00,1.17449,2025-12-17 15:00:00-05:00,2,1,1.17688,1.17264,0.0042400000000000215,-470.90000000000015,loss,dd_cut+flat_at_50,2,3,0,
2025-12-15,long,2025-12-17 15:00:00-05:00,2025-12-19 13:15:00-05:00,1.17449,1.17025,1.17025,1.18297,nan,nan,nan,,nan,,0,0,1.17688,1.17264,0.0042400000000000215,-425.50000000000216,loss,reverse_fade+stop,2,1,1,2025-12-17 06:00:00-05:00
2025-12-22,long,2025-12-23 01:00:00-05:00,2025-12-26 21:45:00-05:00,1.17703,1.1768,1.17103,1.18903,1.17523,1.1740300000000001,nan,,nan,,0,0,1.17693,1.17093,0.006000000000000005,-73.49999999998573,loss,week_end,1,3,0,
2025-12-29,short,2025-12-30 15:30:00-05:00,2026-01-02 21:45:00-05:00,1.17473,1.17199,1.1787,1.16679,1.175921,1.1767150000000002,1.175921,2025-12-30 15:45:00-05:00,nan,,2,0,1.1789,1.17493,0.003970000000000029,31.300000000008055,win,dd_cut+week_end,1,3,0,
2026-01-05,long,2026-01-06 02:45:00-05:00,2026-01-06 12:30:00-05:00,1.17371,1.17022,1.16673,1.18767,1.171616,1.17022,1.171616,2026-01-06 09:15:00-05:00,1.17022,2026-01-06 12:30:00-05:00,2,1,1.17286,1.16588,0.006979999999999986,-772.3000000000073,loss,dd_cut+flat_at_50,1,3,0,
2026-01-05,short,2026-01-06 12:30:00-05:00,2026-01-09 21:45:00-05:00,1.17022,1.16298,1.1772,1.15626,nan,nan,nan,,nan,,0,0,1.17286,1.16588,0.006979999999999986,722.5000000000135,win,reverse_fade+week_end,1,1,1,2026-01-06 02:45:00-05:00
2026-01-05,short,2026-01-08 14:15:00-05:00,2026-01-09 21:45:00-05:00,1.16585,1.16298,1.17283,1.15189,1.167944,1.16934,nan,,nan,,0,0,1.17286,1.16588,0.006979999999999986,856.500000000045,win,week_end,2,3,0,
2026-01-12,short,2026-01-15 13:15:00-05:00,2026-01-16 21:45:00-05:00,1.16191,1.1595,1.16959,1.1465500000000002,1.1642139999999999,1.16575,nan,,nan,,0,0,1.16984,1.16216,0.007679999999999909,718.500000000007,win,week_end,1,3,0,
2026-01-19,long,2026-01-20 03:15:00-05:00,2026-01-20 13:30:00-05:00,1.16553,1.17441,1.16109,1.17441,1.1641979999999998,1.16331,nan,,nan,,0,0,1.16487,1.16043,0.0044399999999999995,2659.4999999999995,win,target,1,3,0,
2026-01-19,long,2026-01-20 13:45:00-05:00,2026-01-20 20:00:00-05:00,1.17334,1.1711200000000002,1.1689,1.18222,1.172008,1.1711200000000002,1.172008,2026-01-20 14:30:00-05:00,1.1711200000000002,2026-01-20 20:00:00-05:00,2,1,1.16487,1.16043,0.0044399999999999995,-492.900000000011,loss,dd_cut+flat_at_50,2,3,0,
2026-01-19,short,2026-01-20 20:00:00-05:00,2026-01-22 21:45:00-05:00,1.1711200000000002,1.1755600000000002,1.1755600000000002,1.1622400000000002,nan,nan,nan,,nan,,0,0,1.16487,1.16043,0.0044399999999999995,-445.49999999999994,loss,reverse_fade+stop,2,1,1,2026-01-20 13:45:00-05:00
2026-01-26,long,2026-01-27 12:15:00-05:00,2026-01-27 20:45:00-05:00,1.19169,1.20613,1.18447,1.20613,1.189524,1.1880799999999998,nan,,nan,,0,0,1.19069,1.18347,0.007220000000000004,4327.500000000003,win,target,1,3,0,
2026-01-26,long,2026-01-27 21:00:00-05:00,2026-01-28 01:15:00-05:00,1.20398,1.20037,1.19676,1.21842,1.2018140000000002,1.20037,1.2018140000000002,2026-01-27 23:45:00-05:00,1.20037,2026-01-28 01:15:00-05:00,2,1,1.19069,1.18347,0.007220000000000004,-798.6999999999894,loss,dd_cut+flat_at_50,2,3,0,
2026-01-26,short,2026-01-28 01:15:00-05:00,2026-01-30 18:15:00-05:00,1.20037,1.18593,1.20759,1.18593,nan,nan,nan,,nan,,0,0,1.19069,1.18347,0.007220000000000004,1442.500000000001,win,reverse_fade+target,2,1,1,2026-01-27 21:00:00-05:00
2026-02-02,short,2026-02-05 21:30:00-05:00,2026-02-06 14:30:00-05:00,1.17755,1.182495,1.18744,1.1577700000000002,1.180517,1.182495,1.180517,2026-02-06 13:30:00-05:00,1.182495,2026-02-06 14:30:00-05:00,2,1,1.18747,1.17758,0.009889999999999954,-1092.399999999986,loss,dd_cut+flat_at_50,1,3,0,
2026-02-02,long,2026-02-06 14:30:00-05:00,2026-02-06 21:45:00-05:00,1.182495,1.18115,1.1726050000000001,1.202275,nan,nan,nan,,nan,,0,0,1.18747,1.17758,0.009889999999999954,-136.00000000001518,loss,reverse_fade+week_end,1,1,1,2026-02-05 21:30:00-05:00
2026-02-16,short,2026-02-17 00:30:00-05:00,2026-02-17 21:30:00-05:00,1.18425,1.1854550000000001,1.18666,1.17943,1.184973,1.1854550000000001,1.184973,2026-02-17 18:30:00-05:00,1.1854550000000001,2026-02-17 21:30:00-05:00,2,1,1.18703,1.18462,0.0024100000000000232,-269.6000000000181,loss,dd_cut+flat_at_50,1,3,0,
2026-02-16,long,2026-02-17 21:30:00-05:00,2026-02-18 08:30:00-05:00,1.1854550000000001,1.1830450000000001,1.1830450000000001,1.1902750000000002,nan,nan,nan,,nan,,0,0,1.18703,1.18462,0.0024100000000000232,-242.50000000000233,loss,reverse_fade+stop,1,1,1,2026-02-17 00:30:00-05:00
2026-02-16,short,2026-02-18 01:00:00-05:00,2026-02-18 18:15:00-05:00,1.18445,1.17963,1.18686,1.17963,1.185173,1.1856550000000001,nan,,nan,,0,0,1.18703,1.18462,0.0024100000000000232,1441.500000000014,win,target,2,3,0,
2026-02-23,short,2026-02-24 01:15:00-05:00,2026-02-25 05:30:00-05:00,1.17737,1.18037,1.18337,1.16537,1.17917,1.18037,1.17917,2026-02-24 09:30:00-05:00,1.18037,2026-02-25 05:30:00-05:00,2,1,1.18344,1.17744,0.006000000000000005,-664.4999999999939,loss,dd_cut+flat_at_50,1,3,0,
2026-02-23,long,2026-02-25 05:30:00-05:00,2026-02-27 21:45:00-05:00,1.18037,1.18122,1.17437,1.19237,nan,nan,nan,,nan,,0,0,1.18344,1.17744,0.006000000000000005,83.50000000000173,win,reverse_fade+week_end,1,1,1,2026-02-24 01:15:00-05:00
2026-02-23,short,2026-02-25 11:15:00-05:00,2026-02-25 15:45:00-05:00,1.17715,1.1801499999999998,1.18315,1.16515,1.17895,1.1801499999999998,1.17895,2026-02-25 13:15:00-05:00,1.1801499999999998,2026-02-25 15:45:00-05:00,2,1,1.18344,1.17744,0.006000000000000005,-664.4999999999939,loss,dd_cut+flat_at_50,2,3,0,
2026-02-23,long,2026-02-25 15:45:00-05:00,2026-02-27 21:45:00-05:00,1.1801499999999998,1.18122,1.1741499999999998,1.1921499999999998,nan,nan,nan,,nan,,0,0,1.18344,1.17744,0.006000000000000005,105.50000000001265,win,reverse_fade+week_end,2,1,1,2026-02-25 11:15:00-05:00
2026-03-02,short,2026-03-03 05:30:00-05:00,2026-03-06 21:45:00-05:00,1.16692,1.1617,1.17933,1.1421,1.1706429999999999,1.173125,nan,,nan,,0,0,1.17958,1.16717,0.012410000000000032,1561.5000000000007,win,week_end,1,3,0,
2026-03-09,long,2026-03-10 07:30:00-04:00,2026-03-11 12:45:00-04:00,1.16523,1.158305,1.15138,1.1929299999999998,1.161075,1.158305,1.161075,2026-03-10 19:30:00-04:00,1.158305,2026-03-11 12:45:00-04:00,2,1,1.16454,1.15069,0.013849999999999918,-1527.9999999999889,loss,dd_cut+flat_at_50,1,3,0,
2026-03-09,short,2026-03-11 12:45:00-04:00,2026-03-13 20:45:00-04:00,1.158305,1.14161,1.1721549999999998,1.130605,nan,nan,nan,,nan,,0,0,1.16454,1.15069,0.013849999999999918,1667.9999999999905,win,reverse_fade+week_end,1,1,1,2026-03-10 07:30:00-04:00
2026-03-09,short,2026-03-13 04:00:00-04:00,2026-03-13 20:45:00-04:00,1.15061,1.14161,1.1644599999999998,1.12291,1.1547649999999998,1.1575349999999998,nan,,nan,,0,0,1.16454,1.15069,0.013849999999999918,2695.499999999969,win,week_end,2,3,0,
2026-03-16,long,2026-03-17 13:00:00-04:00,2026-03-18 18:45:00-04:00,1.15338,1.1478350000000002,1.14229,1.1755600000000002,1.150053,1.1478350000000002,1.150053,2026-03-18 13:00:00-04:00,1.1478350000000002,2026-03-18 18:45:00-04:00,2,1,1.15248,1.14139,0.011090000000000044,-1224.4000000000071,loss,dd_cut+flat_at_50,1,3,0,
2026-03-16,short,2026-03-18 18:45:00-04:00,2026-03-19 19:00:00-04:00,1.1478350000000002,1.1589250000000002,1.1589250000000002,1.125655,nan,nan,nan,,nan,,0,0,1.15248,1.14139,0.011090000000000044,-1110.5000000000043,loss,reverse_fade+stop,1,1,1,2026-03-17 13:00:00-04:00
2026-03-16,long,2026-03-19 15:00:00-04:00,2026-03-20 20:45:00-04:00,1.15301,1.15694,1.14192,1.1751900000000002,1.149683,1.147465,nan,,nan,,0,0,1.15248,1.14139,0.011090000000000044,1174.4999999999968,win,week_end,2,3,0,
